instance,n,Q,horizon,solver,cost,templates,max_m,seconds,K_full_tour,K_allocated,max_layer_used,layer_iterations,eff_K,revived_arcs,revived_starts,revived_improving,gap_vs_first
Instances/Instances 1/a280_01.gt,279,100.0,86400.0,PTVRP,16387.0,72,2,0.0065,,,,,,,,,
Instances/Instances 1/a280_02.gt,279,200.0,86400.0,PTVRP,8816.0,36,2,0.0077,,,,,,,,,
Instances/Instances 1/a280_03.gt,279,500.0,86400.0,PTVRP,4897.0,15,1,0.0062,,,,,,,,,
Instances/Instances 1/a280_04.gt,279,1000.0,86400.0,PTVRP,3722.0,9,1,0.006,,,,,,,,,
Instances/Instances 1/a280_05.gt,279,2000.0,86400.0,PTVRP,3176.0,4,1,0.0052,,,,,,,,,
Instances/Instances 1/a280_06.gt,279,5000.0,86400.0,PTVRP,2855.0,2,1,0.0083,,,,,,,,,
Instances/Instances 1/a280_07.gt,279,10000.0,86400.0,PTVRP,2835.0,1,1,0.0075,,,,,,,,,
Instances/Instances 1/a280_08.gt,279,20000.0,86400.0,PTVRP,2835.0,1,1,0.0072,,,,,,,,,
Instances/Instances 1/a280_09.gt,279,50000.0,86400.0,PTVRP,2835.0,1,1,0.0067,,,,,,,,,
Instances/Instances 1/a280_10.gt,279,100000.0,86400.0,PTVRP,2835.0,1,1,0.0069,,,,,,,,,
Instances/Instances 1/ar9152_01.gt,9151,100.0,86400.0,PTVRP,28717346.0,1467,5,0.0184,,,,,,,,,
Instances/Instances 1/ar9152_02.gt,9151,200.0,86400.0,PTVRP,14570814.0,978,5,0.0205,,,,,,,,,
Instances/Instances 1/ar9152_03.gt,9151,500.0,86400.0,PTVRP,6223523.0,476,2,0.0212,,,,,,,,,
Instances/Instances 1/ar9152_04.gt,9151,1000.0,86400.0,PTVRP,3468503.0,239,2,0.0246,,,,,,,,,
Instances/Instances 1/ar9152_05.gt,9151,2000.0,86400.0,PTVRP,2131437.0,123,1,0.0297,,,,,,,,,
Instances/Instances 1/ar9152_06.gt,9151,5000.0,86400.0,PTVRP,1329482.0,51,1,0.0345,,,,,,,,,
Instances/Instances 1/ar9152_07.gt,9151,10000.0,86400.0,PTVRP,1090437.0,27,1,0.0429,,,,,,,,,
Instances/Instances 1/ar9152_08.gt,9151,20000.0,86400.0,PTVRP,986552.0,15,1,0.0577,,,,,,,,,
Instances/Instances 1/ar9152_09.gt,9151,50000.0,86400.0,PTVRP,970633.0,13,1,0.0683,,,,,,,,,
Instances/Instances 1/ar9152_10.gt,9151,100000.0,86400.0,PTVRP,970633.0,13,1,0.0715,,,,,,,,,
Instances/Instances 1/berlin52_01.gt,51,100.0,86400.0,PTVRP,14644.0,14,1,0.0074,,,,,,,,,
Instances/Instances 1/berlin52_02.gt,51,200.0,86400.0,PTVRP,11269.0,8,1,0.0067,,,,,,,,,
Instances/Instances 1/berlin52_03.gt,51,500.0,86400.0,PTVRP,8619.0,4,1,0.0072,,,,,,,,,
Instances/Instances 1/berlin52_04.gt,51,1000.0,86400.0,PTVRP,7852.0,2,1,0.0077,,,,,,,,,
Instances/Instances 1/berlin52_05.gt,51,2000.0,86400.0,PTVRP,7803.0,1,1,0.0087,,,,,,,,,
Instances/Instances 1/berlin52_06.gt,51,5000.0,86400.0,PTVRP,7803.0,1,1,0.0076,,,,,,,,,
Instances/Instances 1/berlin52_07.gt,51,10000.0,86400.0,PTVRP,7803.0,1,1,0.0061,,,,,,,,,
Instances/Instances 1/berlin52_08.gt,51,20000.0,86400.0,PTVRP,7803.0,1,1,0.006,,,,,,,,,
Instances/Instances 1/berlin52_09.gt,51,50000.0,86400.0,PTVRP,7803.0,1,1,0.0072,,,,,,,,,
Instances/Instances 1/berlin52_10.gt,51,100000.0,86400.0,PTVRP,7803.0,1,1,0.0073,,,,,,,,,
Instances/Instances 1/bier127_01.gt,126,100.0,86400.0,PTVRP,328886.0,35,2,0.0063,,,,,,,,,
Instances/Instances 1/bier127_02.gt,126,200.0,86400.0,PTVRP,214093.0,20,1,0.0072,,,,,,,,,
Instances/Instances 1/bier127_03.gt,126,500.0,86400.0,PTVRP,147478.0,8,1,0.0061,,,,,,,,,
Instances/Instances 1/bier127_04.gt,126,1000.0,86400.0,PTVRP,129773.0,4,1,0.0056,,,,,,,,,
Instances/Instances 1/bier127_05.gt,126,2000.0,86400.0,PTVRP,126048.0,2,1,0.0054,,,,,,,,,
Instances/Instances 1/bier127_06.gt,126,5000.0,86400.0,PTVRP,126048.0,2,1,0.0055,,,,,,,,,
Instances/Instances 1/bier127_07.gt,126,10000.0,86400.0,PTVRP,126048.0,2,1,0.007,,,,,,,,,
Instances/Instances 1/bier127_08.gt,126,20000.0,86400.0,PTVRP,126048.0,2,1,0.0066,,,,,,,,,
Instances/Instances 1/bier127_09.gt,126,50000.0,86400.0,PTVRP,126048.0,2,1,0.0062,,,,,,,,,
Instances/Instances 1/bier127_10.gt,126,100000.0,86400.0,PTVRP,126048.0,2,1,0.0074,,,,,,,,,
Instances/Instances 1/bm33708_01.gt,33707,100.0,86400.0,PTVRP,54311911.0,4710,7,0.0625,,,,,,,,,
Instances/Instances 1/bm33708_02.gt,33707,200.0,86400.0,PTVRP,27566313.0,3312,4,0.0659,,,,,,,,,
Instances/Instances 1/bm33708_03.gt,33707,500.0,86400.0,PTVRP,11486555.0,1721,2,0.0841,,,,,,,,,
Instances/Instances 1/bm33708_04.gt,33707,1000.0,86400.0,PTVRP,6132031.0,878,1,0.1098,,,,,,,,,
Instances/Instances 1/bm33708_05.gt,33707,2000.0,86400.0,PTVRP,3523882.0,437,1,0.1364,,,,,,,,,
Instances/Instances 1/bm33708_06.gt,33707,5000.0,86400.0,PTVRP,1962016.0,178,1,0.2007,,,,,,,,,
Instances/Instances 1/bm33708_07.gt,33707,10000.0,86400.0,PTVRP,1448460.0,90,1,0.2599,,,,,,,,,
Instances/Instances 1/bm33708_08.gt,33707,20000.0,86400.0,PTVRP,1194002.0,47,1,0.3446,,,,,,,,,
Instances/Instances 1/bm33708_09.gt,33707,50000.0,86400.0,PTVRP,1051830.0,20,1,0.5953,,,,,,,,,
Instances/Instances 1/bm33708_10.gt,33707,100000.0,86400.0,PTVRP,1025973.0,15,1,0.732,,,,,,,,,
Instances/Instances 1/brd14051_01.gt,14050,100.0,86400.0,PTVRP,16950869.0,2180,6,0.0291,,,,,,,,,
Instances/Instances 1/brd14051_02.gt,14050,200.0,86400.0,PTVRP,8596446.0,1486,4,0.0306,,,,,,,,,
Instances/Instances 1/brd14051_03.gt,14050,500.0,86400.0,PTVRP,3646827.0,737,2,0.04,,,,,,,,,
Instances/Instances 1/brd14051_04.gt,14050,1000.0,86400.0,PTVRP,2040540.0,368,1,0.0481,,,,,,,,,
Instances/Instances 1/brd14051_05.gt,14050,2000.0,86400.0,PTVRP,1236617.0,184,1,0.0546,,,,,,,,,
Instances/Instances 1/brd14051_06.gt,14050,5000.0,86400.0,PTVRP,768899.0,76,1,0.0756,,,,,,,,,
Instances/Instances 1/brd14051_07.gt,14050,10000.0,86400.0,PTVRP,613871.0,40,1,0.0988,,,,,,,,,
Instances/Instances 1/brd14051_08.gt,14050,20000.0,86400.0,PTVRP,535568.0,20,1,0.1369,,,,,,,,,
Instances/Instances 1/brd14051_09.gt,14050,50000.0,86400.0,PTVRP,494413.0,9,1,0.1941,,,,,,,,,
Instances/Instances 1/brd14051_10.gt,14050,100000.0,86400.0,PTVRP,487545.0,7,1,0.2288,,,,,,,,,
Instances/Instances 1/ca4663_01.gt,4662,100.0,86400.0,PTVRP,NO SOLUTION,,,0.012,,,,,,,,,
Instances/Instances 1/ca4663_02.gt,4662,200.0,86400.0,PTVRP,NO SOLUTION,,,0.0096,,,,,,,,,
Instances/Instances 1/ca4663_03.gt,4662,500.0,86400.0,PTVRP,NO SOLUTION,,,0.0089,,,,,,,,,
Instances/Instances 1/ca4663_04.gt,4662,1000.0,86400.0,PTVRP,NO SOLUTION,,,0.0095,,,,,,,,,
Instances/Instances 1/ca4663_05.gt,4662,2000.0,86400.0,PTVRP,NO SOLUTION,,,0.0102,,,,,,,,,
Instances/Instances 1/ca4663_06.gt,4662,5000.0,86400.0,PTVRP,NO SOLUTION,,,0.0117,,,,,,,,,
Instances/Instances 1/ca4663_07.gt,4662,10000.0,86400.0,PTVRP,NO SOLUTION,,,0.0161,,,,,,,,,
Instances/Instances 1/ca4663_08.gt,4662,20000.0,86400.0,PTVRP,NO SOLUTION,,,0.0153,,,,,,,,,
Instances/Instances 1/ca4663_09.gt,4662,50000.0,86400.0,PTVRP,NO SOLUTION,,,0.0171,,,,,,,,,
Instances/Instances 1/ca4663_10.gt,4662,100000.0,86400.0,PTVRP,NO SOLUTION,,,0.0141,,,,,,,,,
Instances/Instances 1/ch130_01.gt,129,100.0,86400.0,PTVRP,23377.0,36,2,0.0035,,,,,,,,,
Instances/Instances 1/ch130_02.gt,129,200.0,86400.0,PTVRP,14025.0,20,1,0.0033,,,,,,,,,
Instances/Instances 1/ch130_03.gt,129,500.0,86400.0,PTVRP,9031.0,8,1,0.0045,,,,,,,,,
Instances/Instances 1/ch130_04.gt,129,1000.0,86400.0,PTVRP,7424.0,5,1,0.0054,,,,,,,,,
Instances/Instances 1/ch130_05.gt,129,2000.0,86400.0,PTVRP,6533.0,2,1,0.005,,,,,,,,,
Instances/Instances 1/ch130_06.gt,129,5000.0,86400.0,PTVRP,6291.0,1,1,0.0042,,,,,,,,,
Instances/Instances 1/ch130_07.gt,129,10000.0,86400.0,PTVRP,6291.0,1,1,0.0047,,,,,,,,,
Instances/Instances 1/ch130_08.gt,129,20000.0,86400.0,PTVRP,6291.0,1,1,0.0053,,,,,,,,,
Instances/Instances 1/ch130_09.gt,129,50000.0,86400.0,PTVRP,6291.0,1,1,0.0059,,,,,,,,,
Instances/Instances 1/ch130_10.gt,129,100000.0,86400.0,PTVRP,6291.0,1,1,0.0037,,,,,,,,,
Instances/Instances 1/ch150_01.gt,149,100.0,86400.0,PTVRP,28985.0,44,2,0.0052,,,,,,,,,
Instances/Instances 1/ch150_02.gt,149,200.0,86400.0,PTVRP,15615.0,21,1,0.0052,,,,,,,,,
Instances/Instances 1/ch150_03.gt,149,500.0,86400.0,PTVRP,9611.0,9,1,0.0056,,,,,,,,,
Instances/Instances 1/ch150_04.gt,149,1000.0,86400.0,PTVRP,8060.0,5,1,0.005,,,,,,,,,
Instances/Instances 1/ch150_05.gt,149,2000.0,86400.0,PTVRP,7467.0,3,1,0.004,,,,,,,,,
Instances/Instances 1/ch150_06.gt,149,5000.0,86400.0,PTVRP,7281.0,1,1,0.0048,,,,,,,,,
Instances/Instances 1/ch150_07.gt,149,10000.0,86400.0,PTVRP,7281.0,1,1,0.0051,,,,,,,,,
Instances/Instances 1/ch150_08.gt,149,20000.0,86400.0,PTVRP,7281.0,1,1,0.0051,,,,,,,,,
Instances/Instances 1/ch150_09.gt,149,50000.0,86400.0,PTVRP,7281.0,1,1,0.004,,,,,,,,,
Instances/Instances 1/ch150_10.gt,149,100000.0,86400.0,PTVRP,7281.0,1,1,0.0058,,,,,,,,,
Instances/Instances 1/ch71009_01.gt,71008,100.0,86400.0,PTVRP,314697654.0,10228,6,0.1019,,,,,,,,,
Instances/Instances 1/ch71009_02.gt,71008,200.0,86400.0,PTVRP,157714607.0,6667,5,0.1156,,,,,,,,,
Instances/Instances 1/ch71009_03.gt,71008,500.0,86400.0,PTVRP,64684308.0,3536,3,0.1417,,,,,,,,,
Instances/Instances 1/ch71009_04.gt,71008,1000.0,86400.0,PTVRP,34256373.0,1837,2,0.14,,,,,,,,,
Instances/Instances 1/ch71009_05.gt,71008,2000.0,86400.0,PTVRP,19367843.0,923,1,0.168,,,,,,,,,
Instances/Instances 1/ch71009_06.gt,71008,5000.0,86400.0,PTVRP,10872483.0,375,1,0.2634,,,,,,,,,
Instances/Instances 1/ch71009_07.gt,71008,10000.0,86400.0,PTVRP,8261810.0,204,1,0.3527,,,,,,,,,
Instances/Instances 1/ch71009_08.gt,71008,20000.0,86400.0,PTVRP,7108473.0,120,1,0.5015,,,,,,,,,
Instances/Instances 1/ch71009_09.gt,71008,50000.0,86400.0,PTVRP,6671779.0,84,1,0.7031,,,,,,,,,
Instances/Instances 1/ch71009_10.gt,71008,100000.0,86400.0,PTVRP,6650715.0,82,1,0.7495,,,,,,,,,
Instances/Instances 1/d1291_01.gt,1290,100.0,86400.0,PTVRP,768417.0,261,5,0.0079,,,,,,,,,
Instances/Instances 1/d1291_02.gt,1290,200.0,86400.0,PTVRP,367546.0,158,3,0.0061,,,,,,,,,
Instances/Instances 1/d1291_03.gt,1290,500.0,86400.0,PTVRP,178154.0,70,1,0.0076,,,,,,,,,
Instances/Instances 1/d1291_04.gt,1290,1000.0,86400.0,PTVRP,110025.0,35,1,0.008,,,,,,,,,
Instances/Instances 1/d1291_05.gt,1290,2000.0,86400.0,PTVRP,78610.0,18,1,0.0095,,,,,,,,,
Instances/Instances 1/d1291_06.gt,1290,5000.0,86400.0,PTVRP,61167.0,8,1,0.0101,,,,,,,,,
Instances/Instances 1/d1291_07.gt,1290,10000.0,86400.0,PTVRP,56230.0,5,1,0.0107,,,,,,,,,
Instances/Instances 1/d1291_08.gt,1290,20000.0,86400.0,PTVRP,53710.0,2,1,0.0121,,,,,,,,,
Instances/Instances 1/d1291_09.gt,1290,50000.0,86400.0,PTVRP,53688.0,1,1,0.0131,,,,,,,,,
Instances/Instances 1/d1291_10.gt,1290,100000.0,86400.0,PTVRP,53688.0,1,1,0.0116,,,,,,,,,
Instances/Instances 1/d15112_01.gt,15111,100.0,86400.0,PTVRP,53788704.0,2388,5,0.0243,,,,,,,,,
Instances/Instances 1/d15112_02.gt,15111,200.0,86400.0,PTVRP,27647861.0,1647,4,0.0253,,,,,,,,,
Instances/Instances 1/d15112_03.gt,15111,500.0,86400.0,PTVRP,11626925.0,784,2,0.0286,,,,,,,,,
Instances/Instances 1/d15112_04.gt,15111,1000.0,86400.0,PTVRP,6549550.0,399,1,0.0339,,,,,,,,,
Instances/Instances 1/d15112_05.gt,15111,2000.0,86400.0,PTVRP,3986206.0,197,1,0.0417,,,,,,,,,
Instances/Instances 1/d15112_06.gt,15111,5000.0,86400.0,PTVRP,2517833.0,82,1,0.0473,,,,,,,,,
Instances/Instances 1/d15112_07.gt,15111,10000.0,86400.0,PTVRP,2016391.0,41,1,0.0577,,,,,,,,,
Instances/Instances 1/d15112_08.gt,15111,20000.0,86400.0,PTVRP,1832536.0,24,1,0.0876,,,,,,,,,
Instances/Instances 1/d15112_09.gt,15111,50000.0,86400.0,PTVRP,1819674.0,24,1,0.095,,,,,,,,,
Instances/Instances 1/d15112_10.gt,15111,100000.0,86400.0,PTVRP,1819674.0,24,1,0.0936,,,,,,,,,
Instances/Instances 1/d1655_01.gt,1654,100.0,86400.0,PTVRP,920931.0,323,4,0.0085,,,,,,,,,
Instances/Instances 1/d1655_02.gt,1654,200.0,86400.0,PTVRP,497810.0,213,2,0.0082,,,,,,,,,
Instances/Instances 1/d1655_03.gt,1654,500.0,86400.0,PTVRP,221226.0,87,1,0.0093,,,,,,,,,
Instances/Instances 1/d1655_04.gt,1654,1000.0,86400.0,PTVRP,139737.0,45,1,0.0101,,,,,,,,,
Instances/Instances 1/d1655_05.gt,1654,2000.0,86400.0,PTVRP,97963.0,24,1,0.0121,,,,,,,,,
Instances/Instances 1/d1655_06.gt,1654,5000.0,86400.0,PTVRP,74780.0,11,1,0.0113,,,,,,,,,
Instances/Instances 1/d1655_07.gt,1654,10000.0,86400.0,PTVRP,67599.0,5,1,0.0149,,,,,,,,,
Instances/Instances 1/d1655_08.gt,1654,20000.0,86400.0,PTVRP,66176.0,3,1,0.0151,,,,,,,,,
Instances/Instances 1/d1655_09.gt,1654,50000.0,86400.0,PTVRP,65597.0,1,1,0.0142,,,,,,,,,
Instances/Instances 1/d1655_10.gt,1654,100000.0,86400.0,PTVRP,65597.0,1,1,0.0167,,,,,,,,,
Instances/Instances 1/d18512_01.gt,18511,100.0,86400.0,PTVRP,24130075.0,2865,6,0.0364,,,,,,,,,
Instances/Instances 1/d18512_02.gt,18511,200.0,86400.0,PTVRP,12188367.0,1995,3,0.0382,,,,,,,,,
Instances/Instances 1/d18512_03.gt,18511,500.0,86400.0,PTVRP,5222711.0,960,2,0.0521,,,,,,,,,
Instances/Instances 1/d18512_04.gt,18511,1000.0,86400.0,PTVRP,2876916.0,483,1,0.0539,,,,,,,,,
Instances/Instances 1/d18512_05.gt,18511,2000.0,86400.0,PTVRP,1743333.0,242,1,0.0719,,,,,,,,,
Instances/Instances 1/d18512_06.gt,18511,5000.0,86400.0,PTVRP,1070282.0,99,1,0.0973,,,,,,,,,
Instances/Instances 1/d18512_07.gt,18511,10000.0,86400.0,PTVRP,848838.0,51,1,0.1274,,,,,,,,,
Instances/Instances 1/d18512_08.gt,18511,20000.0,86400.0,PTVRP,741916.0,26,1,0.1608,,,,,,,,,
Instances/Instances 1/d18512_09.gt,18511,50000.0,86400.0,PTVRP,677542.0,11,1,0.2567,,,,,,,,,
Instances/Instances 1/d18512_10.gt,18511,100000.0,86400.0,PTVRP,672457.0,9,1,0.3014,,,,,,,,,
Instances/Instances 1/d198_01.gt,197,100.0,86400.0,PTVRP,87758.0,48,2,0.0053,,,,,,,,,
Instances/Instances 1/d198_02.gt,197,200.0,86400.0,PTVRP,50344.0,28,1,0.0064,,,,,,,,,
Instances/Instances 1/d198_03.gt,197,500.0,86400.0,PTVRP,28510.0,12,1,0.0042,,,,,,,,,
Instances/Instances 1/d198_04.gt,197,1000.0,86400.0,PTVRP,20609.0,6,1,0.0043,,,,,,,,,
Instances/Instances 1/d198_05.gt,197,2000.0,86400.0,PTVRP,17770.0,3,1,0.0041,,,,,,,,,
Instances/Instances 1/d198_06.gt,197,5000.0,86400.0,PTVRP,17527.0,1,1,0.0045,,,,,,,,,
Instances/Instances 1/d198_07.gt,197,10000.0,86400.0,PTVRP,17527.0,1,1,0.0056,,,,,,,,,
Instances/Instances 1/d198_08.gt,197,20000.0,86400.0,PTVRP,17527.0,1,1,0.0043,,,,,,,,,
Instances/Instances 1/d198_09.gt,197,50000.0,86400.0,PTVRP,17527.0,1,1,0.005,,,,,,,,,
Instances/Instances 1/d198_10.gt,197,100000.0,86400.0,PTVRP,17527.0,1,1,0.0055,,,,,,,,,
Instances/Instances 1/d2103_01.gt,2102,100.0,86400.0,PTVRP,1406040.0,385,4,0.0092,,,,,,,,,
Instances/Instances 1/d2103_02.gt,2102,200.0,86400.0,PTVRP,723617.0,260,3,0.011,,,,,,,,,
Instances/Instances 1/d2103_03.gt,2102,500.0,86400.0,PTVRP,332914.0,114,1,0.0112,,,,,,,,,
Instances/Instances 1/d2103_04.gt,2102,1000.0,86400.0,PTVRP,199704.0,56,1,0.0122,,,,,,,,,
Instances/Instances 1/d2103_05.gt,2102,2000.0,86400.0,PTVRP,132584.0,31,1,0.0125,,,,,,,,,
Instances/Instances 1/d2103_06.gt,2102,5000.0,86400.0,PTVRP,100628.0,11,1,0.0139,,,,,,,,,
Instances/Instances 1/d2103_07.gt,2102,10000.0,86400.0,PTVRP,91251.0,6,1,0.0163,,,,,,,,,
Instances/Instances 1/d2103_08.gt,2102,20000.0,86400.0,PTVRP,86881.0,3,1,0.0194,,,,,,,,,
Instances/Instances 1/d2103_09.gt,2102,50000.0,86400.0,PTVRP,84458.0,2,1,0.0213,,,,,,,,,
Instances/Instances 1/d2103_10.gt,2102,100000.0,86400.0,PTVRP,84457.0,1,1,0.0219,,,,,,,,,
Instances/Instances 1/d493_01.gt,492,100.0,86400.0,PTVRP,218874.0,121,3,0.0058,,,,,,,,,
Instances/Instances 1/d493_02.gt,492,200.0,86400.0,PTVRP,117917.0,63,2,0.0043,,,,,,,,,
Instances/Instances 1/d493_03.gt,492,500.0,86400.0,PTVRP,66689.0,27,1,0.0062,,,,,,,,,
Instances/Instances 1/d493_04.gt,492,1000.0,86400.0,PTVRP,50395.0,14,1,0.006,,,,,,,,,
Instances/Instances 1/d493_05.gt,492,2000.0,86400.0,PTVRP,42464.0,7,1,0.0045,,,,,,,,,
Instances/Instances 1/d493_06.gt,492,5000.0,86400.0,PTVRP,38646.0,4,1,0.0064,,,,,,,,,
Instances/Instances 1/d493_07.gt,492,10000.0,86400.0,PTVRP,37916.0,2,1,0.0059,,,,,,,,,
Instances/Instances 1/d493_08.gt,492,20000.0,86400.0,PTVRP,37734.0,1,1,0.0057,,,,,,,,,
Instances/Instances 1/d493_09.gt,492,50000.0,86400.0,PTVRP,37734.0,1,1,0.0054,,,,,,,,,
Instances/Instances 1/d493_10.gt,492,100000.0,86400.0,PTVRP,37734.0,1,1,0.0055,,,,,,,,,
Instances/Instances 1/d657_01.gt,656,100.0,86400.0,PTVRP,374201.0,152,2,0.0054,,,,,,,,,
Instances/Instances 1/d657_02.gt,656,200.0,86400.0,PTVRP,209715.0,90,2,0.005,,,,,,,,,
Instances/Instances 1/d657_03.gt,656,500.0,86400.0,PTVRP,109006.0,36,1,0.0047,,,,,,,,,
Instances/Instances 1/d657_04.gt,656,1000.0,86400.0,PTVRP,78389.0,19,1,0.0055,,,,,,,,,
Instances/Instances 1/d657_05.gt,656,2000.0,86400.0,PTVRP,62326.0,10,1,0.0057,,,,,,,,,
Instances/Instances 1/d657_06.gt,656,5000.0,86400.0,PTVRP,53349.0,4,1,0.0063,,,,,,,,,
Instances/Instances 1/d657_07.gt,656,10000.0,86400.0,PTVRP,52507.0,2,1,0.0065,,,,,,,,,
Instances/Instances 1/d657_08.gt,656,20000.0,86400.0,PTVRP,52008.0,1,1,0.0067,,,,,,,,,
Instances/Instances 1/d657_09.gt,656,50000.0,86400.0,PTVRP,52008.0,1,1,0.0058,,,,,,,,,
Instances/Instances 1/d657_10.gt,656,100000.0,86400.0,PTVRP,52008.0,1,1,0.006,,,,,,,,,
Instances/Instances 1/dj38_01.gt,37,100.0,86400.0,PTVRP,17501.0,12,2,0.0038,,,,,,,,,
Instances/Instances 1/dj38_02.gt,37,200.0,86400.0,PTVRP,11667.0,6,1,0.0039,,,,,,,,,
Instances/Instances 1/dj38_03.gt,37,500.0,86400.0,PTVRP,8402.0,3,1,0.0045,,,,,,,,,
Instances/Instances 1/dj38_04.gt,37,1000.0,86400.0,PTVRP,8048.0,1,1,0.004,,,,,,,,,
Instances/Instances 1/dj38_05.gt,37,2000.0,86400.0,PTVRP,8048.0,1,1,0.0094,,,,,,,,,
Instances/Instances 1/dj38_06.gt,37,5000.0,86400.0,PTVRP,8048.0,1,1,0.0039,,,,,,,,,
Instances/Instances 1/dj38_07.gt,37,10000.0,86400.0,PTVRP,8048.0,1,1,0.004,,,,,,,,,
Instances/Instances 1/dj38_08.gt,37,20000.0,86400.0,PTVRP,8048.0,1,1,0.0036,,,,,,,,,
Instances/Instances 1/dj38_09.gt,37,50000.0,86400.0,PTVRP,8048.0,1,1,0.0035,,,,,,,,,
Instances/Instances 1/dj38_10.gt,37,100000.0,86400.0,PTVRP,8048.0,1,1,0.0042,,,,,,,,,
Instances/Instances 1/eg7146_01.gt,7145,100.0,86400.0,PTVRP,5872828.0,1076,6,0.0177,,,,,,,,,
Instances/Instances 1/eg7146_02.gt,7145,200.0,86400.0,PTVRP,2972502.0,770,4,0.0204,,,,,,,,,
Instances/Instances 1/eg7146_03.gt,7145,500.0,86400.0,PTVRP,1281035.0,373,2,0.0257,,,,,,,,,
Instances/Instances 1/eg7146_04.gt,7145,1000.0,86400.0,PTVRP,708528.0,186,1,0.0302,,,,,,,,,
Instances/Instances 1/eg7146_05.gt,7145,2000.0,86400.0,PTVRP,437580.0,95,1,0.0362,,,,,,,,,
Instances/Instances 1/eg7146_06.gt,7145,5000.0,86400.0,PTVRP,273169.0,38,1,0.0545,,,,,,,,,
Instances/Instances 1/eg7146_07.gt,7145,10000.0,86400.0,PTVRP,222770.0,20,1,0.0675,,,,,,,,,
Instances/Instances 1/eg7146_08.gt,7145,20000.0,86400.0,PTVRP,200051.0,10,1,0.0853,,,,,,,,,
Instances/Instances 1/eg7146_09.gt,7145,50000.0,86400.0,PTVRP,186570.0,5,1,0.1134,,,,,,,,,
Instances/Instances 1/eg7146_10.gt,7145,100000.0,86400.0,PTVRP,184251.0,3,1,0.1509,,,,,,,,,
Instances/Instances 1/ei8246_01.gt,8245,100.0,86400.0,PTVRP,6036095.0,1384,6,0.0202,,,,,,,,,
Instances/Instances 1/ei8246_02.gt,8245,200.0,86400.0,PTVRP,3075949.0,917,3,0.0244,,,,,,,,,
Instances/Instances 1/ei8246_03.gt,8245,500.0,86400.0,PTVRP,1324735.0,436,2,0.0294,,,,,,,,,
Instances/Instances 1/ei8246_04.gt,8245,1000.0,86400.0,PTVRP,752179.0,218,1,0.0322,,,,,,,,,
Instances/Instances 1/ei8246_05.gt,8245,2000.0,86400.0,PTVRP,473280.0,110,1,0.0422,,,,,,,,,
Instances/Instances 1/ei8246_06.gt,8245,5000.0,86400.0,PTVRP,305629.0,45,1,0.0613,,,,,,,,,
Instances/Instances 1/ei8246_07.gt,8245,10000.0,86400.0,PTVRP,252631.0,24,1,0.1006,,,,,,,,,
Instances/Instances 1/ei8246_08.gt,8245,20000.0,86400.0,PTVRP,228782.0,13,1,0.1007,,,,,,,,,
Instances/Instances 1/ei8246_09.gt,8245,50000.0,86400.0,PTVRP,214769.0,6,1,0.1113,,,,,,,,,
Instances/Instances 1/ei8246_10.gt,8245,100000.0,86400.0,PTVRP,211535.0,4,1,0.1642,,,,,,,,,
Instances/Instances 1/eil101_01.gt,100,100.0,86400.0,PTVRP,1941.0,30,2,0.0047,,,,,,,,,
Instances/Instances 1/eil101_02.gt,100,200.0,86400.0,PTVRP,1166.0,15,1,0.0039,,,,,,,,,
Instances/Instances 1/eil101_03.gt,100,500.0,86400.0,PTVRP,827.0,6,1,0.0042,,,,,,,,,
Instances/Instances 1/eil101_04.gt,100,1000.0,86400.0,PTVRP,701.0,3,1,0.0051,,,,,,,,,
Instances/Instances 1/eil101_05.gt,100,2000.0,86400.0,PTVRP,664.0,2,1,0.0046,,,,,,,,,
Instances/Instances 1/eil101_06.gt,100,5000.0,86400.0,PTVRP,652.0,1,1,0.0038,,,,,,,,,
Instances/Instances 1/eil101_07.gt,100,10000.0,86400.0,PTVRP,652.0,1,1,0.0046,,,,,,,,,
Instances/Instances 1/eil101_08.gt,100,20000.0,86400.0,PTVRP,652.0,1,1,0.0047,,,,,,,,,
Instances/Instances 1/eil101_09.gt,100,50000.0,86400.0,PTVRP,652.0,1,1,0.0037,,,,,,,,,
Instances/Instances 1/eil101_10.gt,100,100000.0,86400.0,PTVRP,652.0,1,1,0.0042,,,,,,,,,
Instances/Instances 1/eil51_01.gt,50,100.0,86400.0,PTVRP,941.0,15,1,0.0036,,,,,,,,,
Instances/Instances 1/eil51_02.gt,50,200.0,86400.0,PTVRP,664.0,7,1,0.0038,,,,,,,,,
Instances/Instances 1/eil51_03.gt,50,500.0,86400.0,PTVRP,490.0,3,1,0.0037,,,,,,,,,
Instances/Instances 1/eil51_04.gt,50,1000.0,86400.0,PTVRP,474.0,2,1,0.0038,,,,,,,,,
Instances/Instances 1/eil51_05.gt,50,2000.0,86400.0,PTVRP,442.0,1,1,0.005,,,,,,,,,
Instances/Instances 1/eil51_06.gt,50,5000.0,86400.0,PTVRP,442.0,1,1,0.0032,,,,,,,,,
Instances/Instances 1/eil51_07.gt,50,10000.0,86400.0,PTVRP,442.0,1,1,0.0031,,,,,,,,,
Instances/Instances 1/eil51_08.gt,50,20000.0,86400.0,PTVRP,442.0,1,1,0.0036,,,,,,,,,
Instances/Instances 1/eil51_09.gt,50,50000.0,86400.0,PTVRP,442.0,1,1,0.0036,,,,,,,,,
Instances/Instances 1/eil51_10.gt,50,100000.0,86400.0,PTVRP,442.0,1,1,0.0035,,,,,,,,,
Instances/Instances 1/eil76_01.gt,75,100.0,86400.0,PTVRP,1401.0,23,1,0.0045,,,,,,,,,
Instances/Instances 1/eil76_02.gt,75,200.0,86400.0,PTVRP,931.0,12,1,0.0035,,,,,,,,,
Instances/Instances 1/eil76_03.gt,75,500.0,86400.0,PTVRP,664.0,5,1,0.0041,,,,,,,,,
Instances/Instances 1/eil76_04.gt,75,1000.0,86400.0,PTVRP,600.0,3,1,0.0036,,,,,,,,,
Instances/Instances 1/eil76_05.gt,75,2000.0,86400.0,PTVRP,573.0,1,1,0.0034,,,,,,,,,
Instances/Instances 1/eil76_06.gt,75,5000.0,86400.0,PTVRP,573.0,1,1,0.0039,,,,,,,,,
Instances/Instances 1/eil76_07.gt,75,10000.0,86400.0,PTVRP,573.0,1,1,0.0032,,,,,,,,,
Instances/Instances 1/eil76_08.gt,75,20000.0,86400.0,PTVRP,573.0,1,1,0.003,,,,,,,,,
Instances/Instances 1/eil76_09.gt,75,50000.0,86400.0,PTVRP,573.0,1,1,0.0032,,,,,,,,,
Instances/Instances 1/eil76_10.gt,75,100000.0,86400.0,PTVRP,573.0,1,1,0.003,,,,,,,,,
Instances/Instances 1/fi10639_01.gt,10638,100.0,86400.0,PTVRP,17282915.0,1662,6,0.0182,,,,,,,,,
Instances/Instances 1/fi10639_02.gt,10638,200.0,86400.0,PTVRP,8893028.0,1158,3,0.0207,,,,,,,,,
Instances/Instances 1/fi10639_03.gt,10638,500.0,86400.0,PTVRP,3763490.0,557,2,0.0237,,,,,,,,,
Instances/Instances 1/fi10639_04.gt,10638,1000.0,86400.0,PTVRP,2108169.0,277,1,0.0284,,,,,,,,,
Instances/Instances 1/fi10639_05.gt,10638,2000.0,86400.0,PTVRP,1303908.0,140,1,0.0367,,,,,,,,,
Instances/Instances 1/fi10639_06.gt,10638,5000.0,86400.0,PTVRP,820119.0,58,1,0.0489,,,,,,,,,
Instances/Instances 1/fi10639_07.gt,10638,10000.0,86400.0,PTVRP,660140.0,30,1,0.0663,,,,,,,,,
Instances/Instances 1/fi10639_08.gt,10638,20000.0,86400.0,PTVRP,585300.0,14,1,0.0726,,,,,,,,,
Instances/Instances 1/fi10639_09.gt,10638,50000.0,86400.0,PTVRP,551822.0,8,1,0.1214,,,,,,,,,
Instances/Instances 1/fi10639_10.gt,10638,100000.0,86400.0,PTVRP,551822.0,8,1,0.1244,,,,,,,,,
Instances/Instances 1/fl1400_01.gt,1399,100.0,86400.0,PTVRP,727206.0,162,6,0.0073,,,,,,,,,
Instances/Instances 1/fl1400_02.gt,1399,200.0,86400.0,PTVRP,369796.0,132,3,0.0064,,,,,,,,,
Instances/Instances 1/fl1400_03.gt,1399,500.0,86400.0,PTVRP,163619.0,73,2,0.0085,,,,,,,,,
Instances/Instances 1/fl1400_04.gt,1399,1000.0,86400.0,PTVRP,90227.0,37,2,0.0086,,,,,,,,,
Instances/Instances 1/fl1400_05.gt,1399,2000.0,86400.0,PTVRP,53314.0,19,1,0.0093,,,,,,,,,
Instances/Instances 1/fl1400_06.gt,1399,5000.0,86400.0,PTVRP,32739.0,8,1,0.011,,,,,,,,,
Instances/Instances 1/fl1400_07.gt,1399,10000.0,86400.0,PTVRP,25452.0,4,1,0.0112,,,,,,,,,
Instances/Instances 1/fl1400_08.gt,1399,20000.0,86400.0,PTVRP,22330.0,2,1,0.0113,,,,,,,,,
Instances/Instances 1/fl1400_09.gt,1399,50000.0,86400.0,PTVRP,22250.0,1,1,0.0106,,,,,,,,,
Instances/Instances 1/fl1400_10.gt,1399,100000.0,86400.0,PTVRP,22250.0,1,1,0.0126,,,,,,,,,
Instances/Instances 1/fl1577_01.gt,1576,100.0,86400.0,PTVRP,534844.0,262,6,0.0094,,,,,,,,,
Instances/Instances 1/fl1577_02.gt,1576,200.0,86400.0,PTVRP,278030.0,186,3,0.0073,,,,,,,,,
Instances/Instances 1/fl1577_03.gt,1576,500.0,86400.0,PTVRP,120347.0,85,1,0.0082,,,,,,,,,
Instances/Instances 1/fl1577_04.gt,1576,1000.0,86400.0,PTVRP,69180.0,43,1,0.0097,,,,,,,,,
Instances/Instances 1/fl1577_05.gt,1576,2000.0,86400.0,PTVRP,45021.0,22,1,0.0104,,,,,,,,,
Instances/Instances 1/fl1577_06.gt,1576,5000.0,86400.0,PTVRP,30431.0,10,1,0.0125,,,,,,,,,
Instances/Instances 1/fl1577_07.gt,1576,10000.0,86400.0,PTVRP,25235.0,5,1,0.0142,,,,,,,,,
Instances/Instances 1/fl1577_08.gt,1576,20000.0,86400.0,PTVRP,23781.0,3,1,0.0148,,,,,,,,,
Instances/Instances 1/fl1577_09.gt,1576,50000.0,86400.0,PTVRP,23697.0,1,1,0.0126,,,,,,,,,
Instances/Instances 1/fl1577_10.gt,1576,100000.0,86400.0,PTVRP,23697.0,1,1,0.0125,,,,,,,,,
Instances/Instances 1/fl3795_01.gt,3794,100.0,86400.0,PTVRP,1406061.0,540,6,0.0154,,,,,,,,,
Instances/Instances 1/fl3795_02.gt,3794,200.0,86400.0,PTVRP,714398.0,374,4,0.0143,,,,,,,,,
Instances/Instances 1/fl3795_03.gt,3794,500.0,86400.0,PTVRP,292849.0,192,2,0.0182,,,,,,,,,
Instances/Instances 1/fl3795_04.gt,3794,1000.0,86400.0,PTVRP,159179.0,100,1,0.0253,,,,,,,,,
Instances/Instances 1/fl3795_05.gt,3794,2000.0,86400.0,PTVRP,93815.0,51,1,0.0296,,,,,,,,,
Instances/Instances 1/fl3795_06.gt,3794,5000.0,86400.0,PTVRP,51747.0,21,1,0.0552,,,,,,,,,
Instances/Instances 1/fl3795_07.gt,3794,10000.0,86400.0,PTVRP,40046.0,11,1,0.0503,,,,,,,,,
Instances/Instances 1/fl3795_08.gt,3794,20000.0,86400.0,PTVRP,34168.0,6,1,0.0572,,,,,,,,,
Instances/Instances 1/fl3795_09.gt,3794,50000.0,86400.0,PTVRP,30739.0,3,1,0.0592,,,,,,,,,
Instances/Instances 1/fl3795_10.gt,3794,100000.0,86400.0,PTVRP,30708.0,1,1,0.064,,,,,,,,,
Instances/Instances 1/fl417_01.gt,416,100.0,86400.0,PTVRP,228870.0,69,5,0.0035,,,,,,,,,
Instances/Instances 1/fl417_02.gt,416,200.0,86400.0,PTVRP,110050.0,48,2,0.0043,,,,,,,,,
Instances/Instances 1/fl417_03.gt,416,500.0,86400.0,PTVRP,52409.0,24,1,0.0036,,,,,,,,,
Instances/Instances 1/fl417_04.gt,416,1000.0,86400.0,PTVRP,30091.0,12,1,0.0044,,,,,,,,,
Instances/Instances 1/fl417_05.gt,416,2000.0,86400.0,PTVRP,22180.0,7,1,0.0039,,,,,,,,,
Instances/Instances 1/fl417_06.gt,416,5000.0,86400.0,PTVRP,14735.0,3,1,0.0054,,,,,,,,,
Instances/Instances 1/fl417_07.gt,416,10000.0,86400.0,PTVRP,13776.0,2,1,0.0042,,,,,,,,,
Instances/Instances 1/fl417_08.gt,416,20000.0,86400.0,PTVRP,13750.0,1,1,0.0044,,,,,,,,,
Instances/Instances 1/fl417_09.gt,416,50000.0,86400.0,PTVRP,13750.0,1,1,0.0036,,,,,,,,,
Instances/Instances 1/fl417_10.gt,416,100000.0,86400.0,PTVRP,13750.0,1,1,0.0038,,,,,,,,,
Instances/Instances 1/fnl4461_01.gt,4460,100.0,86400.0,PTVRP,3582667.0,834,4,0.011,,,,,,,,,
Instances/Instances 1/fnl4461_02.gt,4460,200.0,86400.0,PTVRP,1837638.0,545,3,0.0113,,,,,,,,,
Instances/Instances 1/fnl4461_03.gt,4460,500.0,86400.0,PTVRP,823101.0,240,1,0.0123,,,,,,,,,
Instances/Instances 1/fnl4461_04.gt,4460,1000.0,86400.0,PTVRP,493280.0,121,1,0.0153,,,,,,,,,
Instances/Instances 1/fnl4461_05.gt,4460,2000.0,86400.0,PTVRP,328926.0,60,1,0.0179,,,,,,,,,
Instances/Instances 1/fnl4461_06.gt,4460,5000.0,86400.0,PTVRP,236264.0,26,1,0.0232,,,,,,,,,
Instances/Instances 1/fnl4461_07.gt,4460,10000.0,86400.0,PTVRP,205790.0,13,1,0.0288,,,,,,,,,
Instances/Instances 1/fnl4461_08.gt,4460,20000.0,86400.0,PTVRP,193945.0,8,1,0.0344,,,,,,,,,
Instances/Instances 1/fnl4461_09.gt,4460,50000.0,86400.0,PTVRP,187221.0,4,1,0.0533,,,,,,,,,
Instances/Instances 1/fnl4461_10.gt,4460,100000.0,86400.0,PTVRP,187145.0,3,1,0.0575,,,,,,,,,
Instances/Instances 1/gil262_01.gt,261,100.0,86400.0,PTVRP,13466.0,63,2,0.0045,,,,,,,,,
Instances/Instances 1/gil262_02.gt,261,200.0,86400.0,PTVRP,7175.0,35,1,0.0039,,,,,,,,,
Instances/Instances 1/gil262_03.gt,261,500.0,86400.0,PTVRP,4196.0,14,1,0.0035,,,,,,,,,
Instances/Instances 1/gil262_04.gt,261,1000.0,86400.0,PTVRP,3287.0,8,1,0.0046,,,,,,,,,
Instances/Instances 1/gil262_05.gt,261,2000.0,86400.0,PTVRP,2873.0,4,1,0.0038,,,,,,,,,
Instances/Instances 1/gil262_06.gt,261,5000.0,86400.0,PTVRP,2667.0,2,1,0.0037,,,,,,,,,
Instances/Instances 1/gil262_07.gt,261,10000.0,86400.0,PTVRP,2645.0,1,1,0.0034,,,,,,,,,
Instances/Instances 1/gil262_08.gt,261,20000.0,86400.0,PTVRP,2645.0,1,1,0.0037,,,,,,,,,
Instances/Instances 1/gil262_09.gt,261,50000.0,86400.0,PTVRP,2645.0,1,1,0.0049,,,,,,,,,
Instances/Instances 1/gil262_10.gt,261,100000.0,86400.0,PTVRP,2645.0,1,1,0.0046,,,,,,,,,
Instances/Instances 1/gr9882_01.gt,9881,100.0,86400.0,PTVRP,11487691.0,1457,6,0.0197,,,,,,,,,
Instances/Instances 1/gr9882_02.gt,9881,200.0,86400.0,PTVRP,5868339.0,1038,3,0.0211,,,,,,,,,
Instances/Instances 1/gr9882_03.gt,9881,500.0,86400.0,PTVRP,2464249.0,510,2,0.0246,,,,,,,,,
Instances/Instances 1/gr9882_04.gt,9881,1000.0,86400.0,PTVRP,1376698.0,260,1,0.0314,,,,,,,,,
Instances/Instances 1/gr9882_05.gt,9881,2000.0,86400.0,PTVRP,824838.0,130,1,0.0399,,,,,,,,,
Instances/Instances 1/gr9882_06.gt,9881,5000.0,86400.0,PTVRP,501483.0,52,1,0.0577,,,,,,,,,
Instances/Instances 1/gr9882_07.gt,9881,10000.0,86400.0,PTVRP,399596.0,27,1,0.0763,,,,,,,,,
Instances/Instances 1/gr9882_08.gt,9881,20000.0,86400.0,PTVRP,343807.0,14,1,0.1046,,,,,,,,,
Instances/Instances 1/gr9882_09.gt,9881,50000.0,86400.0,PTVRP,317771.0,6,1,0.1432,,,,,,,,,
Instances/Instances 1/gr9882_10.gt,9881,100000.0,86400.0,PTVRP,313501.0,5,1,0.1849,,,,,,,,,
Instances/Instances 1/ho14473_01.gt,14472,100.0,86400.0,PTVRP,8450979.0,2011,7,0.0487,,,,,,,,,
Instances/Instances 1/ho14473_02.gt,14472,200.0,86400.0,PTVRP,4354156.0,1459,5,0.0435,,,,,,,,,
Instances/Instances 1/ho14473_03.gt,14472,500.0,86400.0,PTVRP,1807631.0,749,3,0.0572,,,,,,,,,
Instances/Instances 1/ho14473_04.gt,14472,1000.0,86400.0,PTVRP,974659.0,377,1,0.067,,,,,,,,,
Instances/Instances 1/ho14473_05.gt,14472,2000.0,86400.0,PTVRP,570975.0,189,1,0.0912,,,,,,,,,
Instances/Instances 1/ho14473_06.gt,14472,5000.0,86400.0,PTVRP,331612.0,78,1,0.1507,,,,,,,,,
Instances/Instances 1/ho14473_07.gt,14472,10000.0,86400.0,PTVRP,248892.0,40,1,0.1888,,,,,,,,,
Instances/Instances 1/ho14473_08.gt,14472,20000.0,86400.0,PTVRP,210554.0,21,1,0.2447,,,,,,,,,
Instances/Instances 1/ho14473_09.gt,14472,50000.0,86400.0,PTVRP,187851.0,9,1,0.3213,,,,,,,,,
Instances/Instances 1/ho14473_10.gt,14472,100000.0,86400.0,PTVRP,181545.0,4,1,0.4351,,,,,,,,,
Instances/Instances 1/it16862_01.gt,16861,100.0,86400.0,PTVRP,27987539.0,2424,6,0.063,,,,,,,,,
Instances/Instances 1/it16862_02.gt,16861,200.0,86400.0,PTVRP,14072619.0,1701,4,0.0329,,,,,,,,,
Instances/Instances 1/it16862_03.gt,16861,500.0,86400.0,PTVRP,5921913.0,886,2,0.0384,,,,,,,,,
Instances/Instances 1/it16862_04.gt,16861,1000.0,86400.0,PTVRP,3150614.0,439,2,0.046,,,,,,,,,
Instances/Instances 1/it16862_05.gt,16861,2000.0,86400.0,PTVRP,1841830.0,220,1,0.0602,,,,,,,,,
Instances/Instances 1/it16862_06.gt,16861,5000.0,86400.0,PTVRP,1060736.0,89,1,0.0875,,,,,,,,,
Instances/Instances 1/it16862_07.gt,16861,10000.0,86400.0,PTVRP,799388.0,46,1,0.1183,,,,,,,,,
Instances/Instances 1/it16862_08.gt,16861,20000.0,86400.0,PTVRP,675310.0,24,1,0.1518,,,,,,,,,
Instances/Instances 1/it16862_09.gt,16861,50000.0,86400.0,PTVRP,599939.0,10,1,0.2307,,,,,,,,,
Instances/Instances 1/it16862_10.gt,16861,100000.0,86400.0,PTVRP,592244.0,8,1,0.2967,,,,,,,,,
Instances/Instances 1/ja9847_01.gt,9846,100.0,86400.0,PTVRP,27648638.0,1468,6,0.0174,,,,,,,,,
Instances/Instances 1/ja9847_02.gt,9846,200.0,86400.0,PTVRP,13847756.0,969,4,0.0193,,,,,,,,,
Instances/Instances 1/ja9847_03.gt,9846,500.0,86400.0,PTVRP,5809604.0,493,2,0.0289,,,,,,,,,
Instances/Instances 1/ja9847_04.gt,9846,1000.0,86400.0,PTVRP,3142417.0,260,1,0.0245,,,,,,,,,
Instances/Instances 1/ja9847_05.gt,9846,2000.0,86400.0,PTVRP,1777436.0,127,1,0.0309,,,,,,,,,
Instances/Instances 1/ja9847_06.gt,9846,5000.0,86400.0,PTVRP,1002457.0,53,1,0.0447,,,,,,,,,
Instances/Instances 1/ja9847_07.gt,9846,10000.0,86400.0,PTVRP,755860.0,27,1,0.0564,,,,,,,,,
Instances/Instances 1/ja9847_08.gt,9846,20000.0,86400.0,PTVRP,619091.0,14,1,0.0648,,,,,,,,,
Instances/Instances 1/ja9847_09.gt,9846,50000.0,86400.0,PTVRP,573619.0,8,1,0.1117,,,,,,,,,
Instances/Instances 1/ja9847_10.gt,9846,100000.0,86400.0,PTVRP,573619.0,8,1,0.1091,,,,,,,,,
Instances/Instances 1/kroA100_01.gt,99,100.0,86400.0,PTVRP,86834.0,25,2,0.0038,,,,,,,,,
Instances/Instances 1/kroA100_02.gt,99,200.0,86400.0,PTVRP,50084.0,13,1,0.0034,,,,,,,,,
Instances/Instances 1/kroA100_03.gt,99,500.0,86400.0,PTVRP,32654.0,7,1,0.03,,,,,,,,,
Instances/Instances 1/kroA100_04.gt,99,1000.0,86400.0,PTVRP,25740.0,4,1,0.0095,,,,,,,,,
Instances/Instances 1/kroA100_05.gt,99,2000.0,86400.0,PTVRP,23670.0,2,1,0.004,,,,,,,,,
Instances/Instances 1/kroA100_06.gt,99,5000.0,86400.0,PTVRP,22624.0,1,1,0.0031,,,,,,,,,
Instances/Instances 1/kroA100_07.gt,99,10000.0,86400.0,PTVRP,22624.0,1,1,0.0033,,,,,,,,,
Instances/Instances 1/kroA100_08.gt,99,20000.0,86400.0,PTVRP,22624.0,1,1,0.0034,,,,,,,,,
Instances/Instances 1/kroA100_09.gt,99,50000.0,86400.0,PTVRP,22624.0,1,1,0.0029,,,,,,,,,
Instances/Instances 1/kroA100_10.gt,99,100000.0,86400.0,PTVRP,22624.0,1,1,0.0033,,,,,,,,,
Instances/Instances 1/kroA150_01.gt,149,100.0,86400.0,PTVRP,128307.0,39,2,0.004,,,,,,,,,
Instances/Instances 1/kroA150_02.gt,149,200.0,86400.0,PTVRP,72363.0,21,1,0.0034,,,,,,,,,
Instances/Instances 1/kroA150_03.gt,149,500.0,86400.0,PTVRP,40115.0,8,1,0.0033,,,,,,,,,
Instances/Instances 1/kroA150_04.gt,149,1000.0,86400.0,PTVRP,33898.0,5,1,0.004,,,,,,,,,
Instances/Instances 1/kroA150_05.gt,149,2000.0,86400.0,PTVRP,28781.0,2,1,0.0039,,,,,,,,,
Instances/Instances 1/kroA150_06.gt,149,5000.0,86400.0,PTVRP,27630.0,1,1,0.0038,,,,,,,,,
Instances/Instances 1/kroA150_07.gt,149,10000.0,86400.0,PTVRP,27630.0,1,1,0.0033,,,,,,,,,
Instances/Instances 1/kroA150_08.gt,149,20000.0,86400.0,PTVRP,27630.0,1,1,0.0034,,,,,,,,,
Instances/Instances 1/kroA150_09.gt,149,50000.0,86400.0,PTVRP,27630.0,1,1,0.004,,,,,,,,,
Instances/Instances 1/kroA150_10.gt,149,100000.0,86400.0,PTVRP,27630.0,1,1,0.0041,,,,,,,,,
Instances/Instances 1/kroA200_01.gt,199,100.0,86400.0,PTVRP,168343.0,50,2,0.0039,,,,,,,,,
Instances/Instances 1/kroA200_02.gt,199,200.0,86400.0,PTVRP,88322.0,27,1,0.0034,,,,,,,,,
Instances/Instances 1/kroA200_03.gt,199,500.0,86400.0,PTVRP,53593.0,12,1,0.0032,,,,,,,,,
Instances/Instances 1/kroA200_04.gt,199,1000.0,86400.0,PTVRP,40258.0,8,1,0.0037,,,,,,,,,
Instances/Instances 1/kroA200_05.gt,199,2000.0,86400.0,PTVRP,33244.0,3,1,0.0034,,,,,,,,,
Instances/Instances 1/kroA200_06.gt,199,5000.0,86400.0,PTVRP,30958.0,2,1,0.0039,,,,,,,,,
Instances/Instances 1/kroA200_07.gt,199,10000.0,86400.0,PTVRP,30902.0,1,1,0.0035,,,,,,,,,
Instances/Instances 1/kroA200_08.gt,199,20000.0,86400.0,PTVRP,30902.0,1,1,0.0038,,,,,,,,,
Instances/Instances 1/kroA200_09.gt,199,50000.0,86400.0,PTVRP,30902.0,1,1,0.0032,,,,,,,,,
Instances/Instances 1/kroA200_10.gt,199,100000.0,86400.0,PTVRP,30902.0,1,1,0.0037,,,,,,,,,
Instances/Instances 1/kroB100_01.gt,99,100.0,86400.0,PTVRP,86708.0,28,2,0.0033,,,,,,,,,
Instances/Instances 1/kroB100_02.gt,99,200.0,86400.0,PTVRP,51033.0,15,1,0.0047,,,,,,,,,
Instances/Instances 1/kroB100_03.gt,99,500.0,86400.0,PTVRP,31663.0,6,1,0.0033,,,,,,,,,
Instances/Instances 1/kroB100_04.gt,99,1000.0,86400.0,PTVRP,26294.0,4,1,0.0036,,,,,,,,,
Instances/Instances 1/kroB100_05.gt,99,2000.0,86400.0,PTVRP,24490.0,2,1,0.0031,,,,,,,,,
Instances/Instances 1/kroB100_06.gt,99,5000.0,86400.0,PTVRP,24472.0,1,1,0.0035,,,,,,,,,
Instances/Instances 1/kroB100_07.gt,99,10000.0,86400.0,PTVRP,24472.0,1,1,0.0031,,,,,,,,,
Instances/Instances 1/kroB100_08.gt,99,20000.0,86400.0,PTVRP,24472.0,1,1,0.0029,,,,,,,,,
Instances/Instances 1/kroB100_09.gt,99,50000.0,86400.0,PTVRP,24472.0,1,1,0.0029,,,,,,,,,
Instances/Instances 1/kroB100_10.gt,99,100000.0,86400.0,PTVRP,24472.0,1,1,0.0038,,,,,,,,,
Instances/Instances 1/kroB150_01.gt,149,100.0,86400.0,PTVRP,133262.0,42,2,0.0032,,,,,,,,,
Instances/Instances 1/kroB150_02.gt,149,200.0,86400.0,PTVRP,72209.0,19,1,0.0032,,,,,,,,,
Instances/Instances 1/kroB150_03.gt,149,500.0,86400.0,PTVRP,43866.0,9,1,0.0031,,,,,,,,,
Instances/Instances 1/kroB150_04.gt,149,1000.0,86400.0,PTVRP,33533.0,5,1,0.0038,,,,,,,,,
Instances/Instances 1/kroB150_05.gt,149,2000.0,86400.0,PTVRP,28883.0,3,1,0.0037,,,,,,,,,
Instances/Instances 1/kroB150_06.gt,149,5000.0,86400.0,PTVRP,27979.0,1,1,0.0039,,,,,,,,,
Instances/Instances 1/kroB150_07.gt,149,10000.0,86400.0,PTVRP,27979.0,1,1,0.0048,,,,,,,,,
Instances/Instances 1/kroB150_08.gt,149,20000.0,86400.0,PTVRP,27979.0,1,1,0.0065,,,,,,,,,
Instances/Instances 1/kroB150_09.gt,149,50000.0,86400.0,PTVRP,27979.0,1,1,0.0031,,,,,,,,,
Instances/Instances 1/kroB150_10.gt,149,100000.0,86400.0,PTVRP,27979.0,1,1,0.0039,,,,,,,,,
Instances/Instances 1/kroB200_01.gt,199,100.0,86400.0,PTVRP,163688.0,56,2,0.0048,,,,,,,,,
Instances/Instances 1/kroB200_02.gt,199,200.0,86400.0,PTVRP,85498.0,27,1,0.0038,,,,,,,,,
Instances/Instances 1/kroB200_03.gt,199,500.0,86400.0,PTVRP,55153.0,13,1,0.004,,,,,,,,,
Instances/Instances 1/kroB200_04.gt,199,1000.0,86400.0,PTVRP,40240.0,6,1,0.0031,,,,,,,,,
Instances/Instances 1/kroB200_05.gt,199,2000.0,86400.0,PTVRP,33729.0,3,1,0.0036,,,,,,,,,
Instances/Instances 1/kroB200_06.gt,199,5000.0,86400.0,PTVRP,31786.0,2,1,0.0037,,,,,,,,,
Instances/Instances 1/kroB200_07.gt,199,10000.0,86400.0,PTVRP,31768.0,1,1,0.003,,,,,,,,,
Instances/Instances 1/kroB200_08.gt,199,20000.0,86400.0,PTVRP,31768.0,1,1,0.0036,,,,,,,,,
Instances/Instances 1/kroB200_09.gt,199,50000.0,86400.0,PTVRP,31768.0,1,1,0.0034,,,,,,,,,
Instances/Instances 1/kroB200_10.gt,199,100000.0,86400.0,PTVRP,31768.0,1,1,0.0041,,,,,,,,,
Instances/Instances 1/kroC100_01.gt,99,100.0,86400.0,PTVRP,90576.0,28,2,0.0032,,,,,,,,,
Instances/Instances 1/kroC100_02.gt,99,200.0,86400.0,PTVRP,51395.0,14,1,0.0034,,,,,,,,,
Instances/Instances 1/kroC100_03.gt,99,500.0,86400.0,PTVRP,31936.0,6,1,0.0034,,,,,,,,,
Instances/Instances 1/kroC100_04.gt,99,1000.0,86400.0,PTVRP,25737.0,4,1,0.0037,,,,,,,,,
Instances/Instances 1/kroC100_05.gt,99,2000.0,86400.0,PTVRP,23764.0,2,1,0.004,,,,,,,,,
Instances/Instances 1/kroC100_06.gt,99,5000.0,86400.0,PTVRP,22713.0,1,1,0.0037,,,,,,,,,
Instances/Instances 1/kroC100_07.gt,99,10000.0,86400.0,PTVRP,22713.0,1,1,0.0034,,,,,,,,,
Instances/Instances 1/kroC100_08.gt,99,20000.0,86400.0,PTVRP,22713.0,1,1,0.0038,,,,,,,,,
Instances/Instances 1/kroC100_09.gt,99,50000.0,86400.0,PTVRP,22713.0,1,1,0.0031,,,,,,,,,
Instances/Instances 1/kroC100_10.gt,99,100000.0,86400.0,PTVRP,22713.0,1,1,0.0035,,,,,,,,,
Instances/Instances 1/kroD100_01.gt,99,100.0,86400.0,PTVRP,82273.0,28,2,0.0037,,,,,,,,,
Instances/Instances 1/kroD100_02.gt,99,200.0,86400.0,PTVRP,49618.0,15,1,0.0037,,,,,,,,,
Instances/Instances 1/kroD100_03.gt,99,500.0,86400.0,PTVRP,31926.0,6,1,0.0039,,,,,,,,,
Instances/Instances 1/kroD100_04.gt,99,1000.0,86400.0,PTVRP,24890.0,4,1,0.0032,,,,,,,,,
Instances/Instances 1/kroD100_05.gt,99,2000.0,86400.0,PTVRP,23833.0,2,1,0.0039,,,,,,,,,
Instances/Instances 1/kroD100_06.gt,99,5000.0,86400.0,PTVRP,23792.0,1,1,0.0034,,,,,,,,,
Instances/Instances 1/kroD100_07.gt,99,10000.0,86400.0,PTVRP,23792.0,1,1,0.0037,,,,,,,,,
Instances/Instances 1/kroD100_08.gt,99,20000.0,86400.0,PTVRP,23792.0,1,1,0.0041,,,,,,,,,
Instances/Instances 1/kroD100_09.gt,99,50000.0,86400.0,PTVRP,23792.0,1,1,0.0036,,,,,,,,,
Instances/Instances 1/kroD100_10.gt,99,100000.0,86400.0,PTVRP,23792.0,1,1,0.0031,,,,,,,,,
Instances/Instances 1/kroE100_01.gt,99,100.0,86400.0,PTVRP,86110.0,27,2,0.0034,,,,,,,,,
Instances/Instances 1/kroE100_02.gt,99,200.0,86400.0,PTVRP,53184.0,14,1,0.003,,,,,,,,,
Instances/Instances 1/kroE100_03.gt,99,500.0,86400.0,PTVRP,33160.0,6,1,0.003,,,,,,,,,
Instances/Instances 1/kroE100_04.gt,99,1000.0,86400.0,PTVRP,26063.0,3,1,0.0034,,,,,,,,,
Instances/Instances 1/kroE100_05.gt,99,2000.0,86400.0,PTVRP,25287.0,2,1,0.0051,,,,,,,,,
Instances/Instances 1/kroE100_06.gt,99,5000.0,86400.0,PTVRP,24552.0,1,1,0.0041,,,,,,,,,
Instances/Instances 1/kroE100_07.gt,99,10000.0,86400.0,PTVRP,24552.0,1,1,0.0036,,,,,,,,,
Instances/Instances 1/kroE100_08.gt,99,20000.0,86400.0,PTVRP,24552.0,1,1,0.0036,,,,,,,,,
Instances/Instances 1/kroE100_09.gt,99,50000.0,86400.0,PTVRP,24552.0,1,1,0.0038,,,,,,,,,
Instances/Instances 1/kroE100_10.gt,99,100000.0,86400.0,PTVRP,24552.0,1,1,0.0031,,,,,,,,,
Instances/Instances 1/kz9976_01.gt,9975,100.0,86400.0,PTVRP,53922029.0,1712,5,0.0175,,,,,,,,,
Instances/Instances 1/kz9976_02.gt,9975,200.0,86400.0,PTVRP,26996117.0,1048,4,0.0148,,,,,,,,,
Instances/Instances 1/kz9976_03.gt,9975,500.0,86400.0,PTVRP,11392172.0,517,2,0.0165,,,,,,,,,
Instances/Instances 1/kz9976_04.gt,9975,1000.0,86400.0,PTVRP,6041162.0,260,1,0.0224,,,,,,,,,
Instances/Instances 1/kz9976_05.gt,9975,2000.0,86400.0,PTVRP,3572025.0,133,1,0.0249,,,,,,,,,
Instances/Instances 1/kz9976_06.gt,9975,5000.0,86400.0,PTVRP,2020775.0,52,1,0.0305,,,,,,,,,
Instances/Instances 1/kz9976_07.gt,9975,10000.0,86400.0,PTVRP,1523406.0,27,1,0.0414,,,,,,,,,
Instances/Instances 1/kz9976_08.gt,9975,20000.0,86400.0,PTVRP,1339347.0,18,1,0.0532,,,,,,,,,
Instances/Instances 1/kz9976_09.gt,9975,50000.0,86400.0,PTVRP,1338578.0,18,1,0.0536,,,,,,,,,
Instances/Instances 1/kz9976_10.gt,9975,100000.0,86400.0,PTVRP,1338578.0,18,1,0.0666,,,,,,,,,
Instances/Instances 1/lin105_01.gt,104,100.0,86400.0,PTVRP,60512.0,30,2,0.004,,,,,,,,,
Instances/Instances 1/lin105_02.gt,104,200.0,86400.0,PTVRP,38095.0,15,2,0.003,,,,,,,,,
Instances/Instances 1/lin105_03.gt,104,500.0,86400.0,PTVRP,21949.0,6,1,0.0043,,,,,,,,,
Instances/Instances 1/lin105_04.gt,104,1000.0,86400.0,PTVRP,18166.0,3,1,0.004,,,,,,,,,
Instances/Instances 1/lin105_05.gt,104,2000.0,86400.0,PTVRP,17033.0,2,1,0.0029,,,,,,,,,
Instances/Instances 1/lin105_06.gt,104,5000.0,86400.0,PTVRP,17033.0,1,1,0.0038,,,,,,,,,
Instances/Instances 1/lin105_07.gt,104,10000.0,86400.0,PTVRP,17033.0,1,1,0.0048,,,,,,,,,
Instances/Instances 1/lin105_08.gt,104,20000.0,86400.0,PTVRP,17033.0,1,1,0.0043,,,,,,,,,
Instances/Instances 1/lin105_09.gt,104,50000.0,86400.0,PTVRP,17033.0,1,1,0.0038,,,,,,,,,
Instances/Instances 1/lin105_10.gt,104,100000.0,86400.0,PTVRP,17033.0,1,1,0.0032,,,,,,,,,
Instances/Instances 1/lin318_01.gt,317,100.0,86400.0,PTVRP,270492.0,76,2,0.0043,,,,,,,,,
Instances/Instances 1/lin318_02.gt,317,200.0,86400.0,PTVRP,144461.0,42,1,0.0036,,,,,,,,,
Instances/Instances 1/lin318_03.gt,317,500.0,86400.0,PTVRP,82401.0,19,1,0.0033,,,,,,,,,
Instances/Instances 1/lin318_04.gt,317,1000.0,86400.0,PTVRP,60046.0,10,1,0.0051,,,,,,,,,
Instances/Instances 1/lin318_05.gt,317,2000.0,86400.0,PTVRP,51204.0,5,1,0.0042,,,,,,,,,
Instances/Instances 1/lin318_06.gt,317,5000.0,86400.0,PTVRP,46049.0,2,1,0.0051,,,,,,,,,
Instances/Instances 1/lin318_07.gt,317,10000.0,86400.0,PTVRP,46049.0,1,1,0.0037,,,,,,,,,
Instances/Instances 1/lin318_08.gt,317,20000.0,86400.0,PTVRP,46049.0,1,1,0.004,,,,,,,,,
Instances/Instances 1/lin318_09.gt,317,50000.0,86400.0,PTVRP,46049.0,1,1,0.004,,,,,,,,,
Instances/Instances 1/lin318_10.gt,317,100000.0,86400.0,PTVRP,46049.0,1,1,0.0043,,,,,,,,,
Instances/Instances 1/linhp318_01.gt,317,100.0,86400.0,PTVRP,281713.0,86,2,0.0039,,,,,,,,,
Instances/Instances 1/linhp318_02.gt,317,200.0,86400.0,PTVRP,153902.0,46,1,0.0044,,,,,,,,,
Instances/Instances 1/linhp318_03.gt,317,500.0,86400.0,PTVRP,84379.0,20,1,0.0043,,,,,,,,,
Instances/Instances 1/linhp318_04.gt,317,1000.0,86400.0,PTVRP,60788.0,10,1,0.0043,,,,,,,,,
Instances/Instances 1/linhp318_05.gt,317,2000.0,86400.0,PTVRP,49996.0,5,1,0.0047,,,,,,,,,
Instances/Instances 1/linhp318_06.gt,317,5000.0,86400.0,PTVRP,46168.0,2,1,0.0047,,,,,,,,,
Instances/Instances 1/linhp318_07.gt,317,10000.0,86400.0,PTVRP,46168.0,1,1,0.0042,,,,,,,,,
Instances/Instances 1/linhp318_08.gt,317,20000.0,86400.0,PTVRP,46168.0,1,1,0.0045,,,,,,,,,
Instances/Instances 1/linhp318_09.gt,317,50000.0,86400.0,PTVRP,46168.0,1,1,0.0055,,,,,,,,,
Instances/Instances 1/linhp318_10.gt,317,100000.0,86400.0,PTVRP,46168.0,1,1,0.0041,,,,,,,,,
Instances/Instances 1/lu980_01.gt,979,100.0,86400.0,PTVRP,136841.0,206,3,0.0079,,,,,,,,,
Instances/Instances 1/lu980_02.gt,979,200.0,86400.0,PTVRP,68580.0,127,2,0.007,,,,,,,,,
Instances/Instances 1/lu980_03.gt,979,500.0,86400.0,PTVRP,34251.0,54,1,0.0063,,,,,,,,,
Instances/Instances 1/lu980_04.gt,979,1000.0,86400.0,PTVRP,22180.0,27,1,0.0077,,,,,,,,,
Instances/Instances 1/lu980_05.gt,979,2000.0,86400.0,PTVRP,16388.0,15,1,0.0077,,,,,,,,,
Instances/Instances 1/lu980_06.gt,979,5000.0,86400.0,PTVRP,13150.0,6,1,0.0081,,,,,,,,,
Instances/Instances 1/lu980_07.gt,979,10000.0,86400.0,PTVRP,12225.0,3,1,0.0072,,,,,,,,,
Instances/Instances 1/lu980_08.gt,979,20000.0,86400.0,PTVRP,11920.0,2,1,0.0094,,,,,,,,,
Instances/Instances 1/lu980_09.gt,979,50000.0,86400.0,PTVRP,11919.0,1,1,0.0082,,,,,,,,,
Instances/Instances 1/lu980_10.gt,979,100000.0,86400.0,PTVRP,11919.0,1,1,0.0078,,,,,,,,,
Instances/Instances 1/mo14185_01.gt,14184,100.0,86400.0,PTVRP,19646765.0,1992,6,0.0255,,,,,,,,,
Instances/Instances 1/mo14185_02.gt,14184,200.0,86400.0,PTVRP,9961714.0,1434,4,0.0279,,,,,,,,,
Instances/Instances 1/mo14185_03.gt,14184,500.0,86400.0,PTVRP,4148566.0,723,2,0.0344,,,,,,,,,
Instances/Instances 1/mo14185_04.gt,14184,1000.0,86400.0,PTVRP,2271048.0,372,1,0.0433,,,,,,,,,
Instances/Instances 1/mo14185_05.gt,14184,2000.0,86400.0,PTVRP,1342638.0,189,1,0.0649,,,,,,,,,
Instances/Instances 1/mo14185_06.gt,14184,5000.0,86400.0,PTVRP,784414.0,75,1,0.0773,,,,,,,,,
Instances/Instances 1/mo14185_07.gt,14184,10000.0,86400.0,PTVRP,603241.0,40,1,0.1632,,,,,,,,,
Instances/Instances 1/mo14185_08.gt,14184,20000.0,86400.0,PTVRP,514688.0,20,1,0.1582,,,,,,,,,
Instances/Instances 1/mo14185_09.gt,14184,50000.0,86400.0,PTVRP,463398.0,9,1,0.1988,,,,,,,,,
Instances/Instances 1/mo14185_10.gt,14184,100000.0,86400.0,PTVRP,455029.0,7,1,0.2616,,,,,,,,,
Instances/Instances 1/mu1979_01.gt,1978,100.0,86400.0,PTVRP,2177670.0,311,7,0.006,,,,,,,,,
Instances/Instances 1/mu1979_02.gt,1978,200.0,86400.0,PTVRP,1127695.0,231,4,0.0074,,,,,,,,,
Instances/Instances 1/mu1979_03.gt,1978,500.0,86400.0,PTVRP,503808.0,107,2,0.0072,,,,,,,,,
Instances/Instances 1/mu1979_04.gt,1978,1000.0,86400.0,PTVRP,281013.0,52,1,0.008,,,,,,,,,
Instances/Instances 1/mu1979_05.gt,1978,2000.0,86400.0,PTVRP,185137.0,27,1,0.011,,,,,,,,,
Instances/Instances 1/mu1979_06.gt,1978,5000.0,86400.0,PTVRP,125279.0,12,1,0.0119,,,,,,,,,
Instances/Instances 1/mu1979_07.gt,1978,10000.0,86400.0,PTVRP,109386.0,6,1,0.0156,,,,,,,,,
Instances/Instances 1/mu1979_08.gt,1978,20000.0,86400.0,PTVRP,101983.0,4,1,0.0171,,,,,,,,,
Instances/Instances 1/mu1979_09.gt,1978,50000.0,86400.0,PTVRP,101151.0,2,1,0.0174,,,,,,,,,
Instances/Instances 1/mu1979_10.gt,1978,100000.0,86400.0,PTVRP,101151.0,2,1,0.0178,,,,,,,,,
Instances/Instances 1/nrw1379_01.gt,1378,100.0,86400.0,PTVRP,626327.0,300,3,0.0064,,,,,,,,,
Instances/Instances 1/nrw1379_02.gt,1378,200.0,86400.0,PTVRP,331275.0,184,2,0.0054,,,,,,,,,
Instances/Instances 1/nrw1379_03.gt,1378,500.0,86400.0,PTVRP,165379.0,75,1,0.0066,,,,,,,,,
Instances/Instances 1/nrw1379_04.gt,1378,1000.0,86400.0,PTVRP,108128.0,39,1,0.0062,,,,,,,,,
Instances/Instances 1/nrw1379_05.gt,1378,2000.0,86400.0,PTVRP,80183.0,20,1,0.0077,,,,,,,,,
Instances/Instances 1/nrw1379_06.gt,1378,5000.0,86400.0,PTVRP,64536.0,9,1,0.0083,,,,,,,,,
Instances/Instances 1/nrw1379_07.gt,1378,10000.0,86400.0,PTVRP,60155.0,4,1,0.0108,,,,,,,,,
Instances/Instances 1/nrw1379_08.gt,1378,20000.0,86400.0,PTVRP,59232.0,2,1,0.0112,,,,,,,,,
Instances/Instances 1/nrw1379_09.gt,1378,50000.0,86400.0,PTVRP,58840.0,1,1,0.0104,,,,,,,,,
Instances/Instances 1/nrw1379_10.gt,1378,100000.0,86400.0,PTVRP,58840.0,1,1,0.0115,,,,,,,,,
Instances/Instances 1/nu3496_01.gt,3495,100.0,86400.0,PTVRP,2096506.0,618,5,0.0098,,,,,,,,,
Instances/Instances 1/nu3496_02.gt,3495,200.0,86400.0,PTVRP,1083302.0,412,3,0.012,,,,,,,,,
Instances/Instances 1/nu3496_03.gt,3495,500.0,86400.0,PTVRP,477097.0,185,1,0.0133,,,,,,,,,
Instances/Instances 1/nu3496_04.gt,3495,1000.0,86400.0,PTVRP,283052.0,94,1,0.0137,,,,,,,,,
Instances/Instances 1/nu3496_05.gt,3495,2000.0,86400.0,PTVRP,187401.0,48,1,0.0166,,,,,,,,,
Instances/Instances 1/nu3496_06.gt,3495,5000.0,86400.0,PTVRP,127127.0,20,1,0.0212,,,,,,,,,
Instances/Instances 1/nu3496_07.gt,3495,10000.0,86400.0,PTVRP,110055.0,11,1,0.027,,,,,,,,,
Instances/Instances 1/nu3496_08.gt,3495,20000.0,86400.0,PTVRP,100794.0,6,1,0.0329,,,,,,,,,
Instances/Instances 1/nu3496_09.gt,3495,50000.0,86400.0,PTVRP,97414.0,2,1,0.0407,,,,,,,,,
Instances/Instances 1/nu3496_10.gt,3495,100000.0,86400.0,PTVRP,97408.0,2,1,0.0477,,,,,,,,,
Instances/Instances 1/p654_01.gt,653,100.0,86400.0,PTVRP,894357.0,92,6,0.0041,,,,,,,,,
Instances/Instances 1/p654_02.gt,653,200.0,86400.0,PTVRP,444127.0,71,2,0.0048,,,,,,,,,
Instances/Instances 1/p654_03.gt,653,500.0,86400.0,PTVRP,207237.0,33,2,0.0043,,,,,,,,,
Instances/Instances 1/p654_04.gt,653,1000.0,86400.0,PTVRP,116082.0,18,1,0.0047,,,,,,,,,
Instances/Instances 1/p654_05.gt,653,2000.0,86400.0,PTVRP,74787.0,9,1,0.0047,,,,,,,,,
Instances/Instances 1/p654_06.gt,653,5000.0,86400.0,PTVRP,47469.0,4,1,0.0055,,,,,,,,,
Instances/Instances 1/p654_07.gt,653,10000.0,86400.0,PTVRP,40143.0,2,1,0.0051,,,,,,,,,
Instances/Instances 1/p654_08.gt,653,20000.0,86400.0,PTVRP,39899.0,1,1,0.0065,,,,,,,,,
Instances/Instances 1/p654_09.gt,653,50000.0,86400.0,PTVRP,39899.0,1,1,0.0053,,,,,,,,,
Instances/Instances 1/p654_10.gt,653,100000.0,86400.0,PTVRP,39899.0,1,1,0.0051,,,,,,,,,
Instances/Instances 1/pcb1173_01.gt,1172,100.0,86400.0,PTVRP,614012.0,264,3,0.0054,,,,,,,,,
Instances/Instances 1/pcb1173_02.gt,1172,200.0,86400.0,PTVRP,329516.0,155,2,0.0049,,,,,,,,,
Instances/Instances 1/pcb1173_03.gt,1172,500.0,86400.0,PTVRP,160266.0,64,1,0.0052,,,,,,,,,
Instances/Instances 1/pcb1173_04.gt,1172,1000.0,86400.0,PTVRP,104941.0,32,1,0.0065,,,,,,,,,
Instances/Instances 1/pcb1173_05.gt,1172,2000.0,86400.0,PTVRP,78742.0,18,1,0.0079,,,,,,,,,
Instances/Instances 1/pcb1173_06.gt,1172,5000.0,86400.0,PTVRP,64331.0,7,1,0.0076,,,,,,,,,
Instances/Instances 1/pcb1173_07.gt,1172,10000.0,86400.0,PTVRP,61295.0,4,1,0.0088,,,,,,,,,
Instances/Instances 1/pcb1173_08.gt,1172,20000.0,86400.0,PTVRP,59749.0,2,1,0.0085,,,,,,,,,
Instances/Instances 1/pcb1173_09.gt,1172,50000.0,86400.0,PTVRP,59707.0,1,1,0.009,,,,,,,,,
Instances/Instances 1/pcb1173_10.gt,1172,100000.0,86400.0,PTVRP,59707.0,1,1,0.0084,,,,,,,,,
Instances/Instances 1/pcb3038_01.gt,3037,100.0,86400.0,PTVRP,2291713.0,573,4,0.0086,,,,,,,,,
Instances/Instances 1/pcb3038_02.gt,3037,200.0,86400.0,PTVRP,1201573.0,381,2,0.0087,,,,,,,,,
Instances/Instances 1/pcb3038_03.gt,3037,500.0,86400.0,PTVRP,544419.0,161,1,0.0094,,,,,,,,,
Instances/Instances 1/pcb3038_04.gt,3037,1000.0,86400.0,PTVRP,333787.0,82,1,0.0108,,,,,,,,,
Instances/Instances 1/pcb3038_05.gt,3037,2000.0,86400.0,PTVRP,230461.0,42,1,0.0433,,,,,,,,,
Instances/Instances 1/pcb3038_06.gt,3037,5000.0,86400.0,PTVRP,171682.0,18,1,0.0174,,,,,,,,,
Instances/Instances 1/pcb3038_07.gt,3037,10000.0,86400.0,PTVRP,152925.0,9,1,0.0214,,,,,,,,,
Instances/Instances 1/pcb3038_08.gt,3037,20000.0,86400.0,PTVRP,144169.0,5,1,0.0218,,,,,,,,,
Instances/Instances 1/pcb3038_09.gt,3037,50000.0,86400.0,PTVRP,142509.0,3,1,0.0334,,,,,,,,,
Instances/Instances 1/pcb3038_10.gt,3037,100000.0,86400.0,PTVRP,142509.0,3,1,0.033,,,,,,,,,
Instances/Instances 1/pcb442_01.gt,441,100.0,86400.0,PTVRP,343207.0,112,3,0.0054,,,,,,,,,
Instances/Instances 1/pcb442_02.gt,441,200.0,86400.0,PTVRP,195366.0,59,2,0.005,,,,,,,,,
Instances/Instances 1/pcb442_03.gt,441,500.0,86400.0,PTVRP,103872.0,25,1,0.0041,,,,,,,,,
Instances/Instances 1/pcb442_04.gt,441,1000.0,86400.0,PTVRP,76065.0,12,1,0.0045,,,,,,,,,
Instances/Instances 1/pcb442_05.gt,441,2000.0,86400.0,PTVRP,62444.0,7,1,0.0051,,,,,,,,,
Instances/Instances 1/pcb442_06.gt,441,5000.0,86400.0,PTVRP,56982.0,3,1,0.0055,,,,,,,,,
Instances/Instances 1/pcb442_07.gt,441,10000.0,86400.0,PTVRP,55551.0,2,1,0.005,,,,,,,,,
Instances/Instances 1/pcb442_08.gt,441,20000.0,86400.0,PTVRP,55035.0,1,1,0.0056,,,,,,,,,
Instances/Instances 1/pcb442_09.gt,441,50000.0,86400.0,PTVRP,55035.0,1,1,0.0046,,,,,,,,,
Instances/Instances 1/pcb442_10.gt,441,100000.0,86400.0,PTVRP,55035.0,1,1,0.0076,,,,,,,,,
Instances/Instances 1/pm8079_01.gt,8078,100.0,86400.0,PTVRP,4492596.0,1210,7,0.0221,,,,,,,,,
Instances/Instances 1/pm8079_02.gt,8078,200.0,86400.0,PTVRP,2293687.0,830,5,0.0269,,,,,,,,,
Instances/Instances 1/pm8079_03.gt,8078,500.0,86400.0,PTVRP,959042.0,417,2,0.031,,,,,,,,,
Instances/Instances 1/pm8079_04.gt,8078,1000.0,86400.0,PTVRP,531809.0,212,1,0.0372,,,,,,,,,
Instances/Instances 1/pm8079_05.gt,8078,2000.0,86400.0,PTVRP,318227.0,107,1,0.0447,,,,,,,,,
Instances/Instances 1/pm8079_06.gt,8078,5000.0,86400.0,PTVRP,192355.0,45,1,0.0689,,,,,,,,,
Instances/Instances 1/pm8079_07.gt,8078,10000.0,86400.0,PTVRP,151902.0,22,1,0.0902,,,,,,,,,
Instances/Instances 1/pm8079_08.gt,8078,20000.0,86400.0,PTVRP,132448.0,12,1,0.1083,,,,,,,,,
Instances/Instances 1/pm8079_09.gt,8078,50000.0,86400.0,PTVRP,119944.0,5,1,0.1379,,,,,,,,,
Instances/Instances 1/pm8079_10.gt,8078,100000.0,86400.0,PTVRP,116736.0,3,1,0.1805,,,,,,,,,
Instances/Instances 1/pr1002_01.gt,1001,100.0,86400.0,PTVRP,2942522.0,220,3,0.0048,,,,,,,,,
Instances/Instances 1/pr1002_02.gt,1001,200.0,86400.0,PTVRP,1484090.0,130,2,0.0048,,,,,,,,,
Instances/Instances 1/pr1002_03.gt,1001,500.0,86400.0,PTVRP,747933.0,57,1,0.0052,,,,,,,,,
Instances/Instances 1/pr1002_04.gt,1001,1000.0,86400.0,PTVRP,482853.0,28,1,0.0047,,,,,,,,,
Instances/Instances 1/pr1002_05.gt,1001,2000.0,86400.0,PTVRP,364862.0,14,1,0.0053,,,,,,,,,
Instances/Instances 1/pr1002_06.gt,1001,5000.0,86400.0,PTVRP,296228.0,6,1,0.0052,,,,,,,,,
Instances/Instances 1/pr1002_07.gt,1001,10000.0,86400.0,PTVRP,283439.0,4,1,0.0065,,,,,,,,,
Instances/Instances 1/pr1002_08.gt,1001,20000.0,86400.0,PTVRP,283439.0,4,1,0.0061,,,,,,,,,
Instances/Instances 1/pr1002_09.gt,1001,50000.0,86400.0,PTVRP,283439.0,4,1,0.0061,,,,,,,,,
Instances/Instances 1/pr1002_10.gt,1001,100000.0,86400.0,PTVRP,283439.0,4,1,0.006,,,,,,,,,
Instances/Instances 1/pr107_01.gt,106,100.0,86400.0,PTVRP,315817.0,29,3,0.0037,,,,,,,,,
Instances/Instances 1/pr107_02.gt,106,200.0,86400.0,PTVRP,176802.0,16,1,0.0038,,,,,,,,,
Instances/Instances 1/pr107_03.gt,106,500.0,86400.0,PTVRP,88082.0,6,1,0.0035,,,,,,,,,
Instances/Instances 1/pr107_04.gt,106,1000.0,86400.0,PTVRP,64305.0,3,1,0.0035,,,,,,,,,
Instances/Instances 1/pr107_05.gt,106,2000.0,86400.0,PTVRP,52505.0,2,1,0.004,,,,,,,,,
Instances/Instances 1/pr107_06.gt,106,5000.0,86400.0,PTVRP,50502.0,1,1,0.0047,,,,,,,,,
Instances/Instances 1/pr107_07.gt,106,10000.0,86400.0,PTVRP,50502.0,1,1,0.0045,,,,,,,,,
Instances/Instances 1/pr107_08.gt,106,20000.0,86400.0,PTVRP,50502.0,1,1,0.0039,,,,,,,,,
Instances/Instances 1/pr107_09.gt,106,50000.0,86400.0,PTVRP,50502.0,1,1,0.0037,,,,,,,,,
Instances/Instances 1/pr107_10.gt,106,100000.0,86400.0,PTVRP,50502.0,1,1,0.0032,,,,,,,,,
Instances/Instances 1/pr124_01.gt,123,100.0,86400.0,PTVRP,323864.0,30,3,0.0035,,,,,,,,,
Instances/Instances 1/pr124_02.gt,123,200.0,86400.0,PTVRP,194567.0,17,2,0.0035,,,,,,,,,
Instances/Instances 1/pr124_03.gt,123,500.0,86400.0,PTVRP,98181.0,7,1,0.003,,,,,,,,,
Instances/Instances 1/pr124_04.gt,123,1000.0,86400.0,PTVRP,83325.0,4,1,0.0035,,,,,,,,,
Instances/Instances 1/pr124_05.gt,123,2000.0,86400.0,PTVRP,71966.0,2,1,0.0031,,,,,,,,,
Instances/Instances 1/pr124_06.gt,123,5000.0,86400.0,PTVRP,66676.0,1,1,0.0036,,,,,,,,,
Instances/Instances 1/pr124_07.gt,123,10000.0,86400.0,PTVRP,66676.0,1,1,0.0028,,,,,,,,,
Instances/Instances 1/pr124_08.gt,123,20000.0,86400.0,PTVRP,66676.0,1,1,0.0037,,,,,,,,,
Instances/Instances 1/pr124_09.gt,123,50000.0,86400.0,PTVRP,66676.0,1,1,0.0032,,,,,,,,,
Instances/Instances 1/pr124_10.gt,123,100000.0,86400.0,PTVRP,66676.0,1,1,0.0031,,,,,,,,,
Instances/Instances 1/pr136_01.gt,135,100.0,86400.0,PTVRP,432084.0,38,2,0.0032,,,,,,,,,
Instances/Instances 1/pr136_02.gt,135,200.0,86400.0,PTVRP,248708.0,18,1,0.004,,,,,,,,,
Instances/Instances 1/pr136_03.gt,135,500.0,86400.0,PTVRP,146072.0,8,1,0.0031,,,,,,,,,
Instances/Instances 1/pr136_04.gt,135,1000.0,86400.0,PTVRP,121273.0,4,1,0.0034,,,,,,,,,
Instances/Instances 1/pr136_05.gt,135,2000.0,86400.0,PTVRP,113148.0,2,1,0.0061,,,,,,,,,
Instances/Instances 1/pr136_06.gt,135,5000.0,86400.0,PTVRP,107219.0,2,1,0.0104,,,,,,,,,
Instances/Instances 1/pr136_07.gt,135,10000.0,86400.0,PTVRP,107219.0,2,1,0.0032,,,,,,,,,
Instances/Instances 1/pr136_08.gt,135,20000.0,86400.0,PTVRP,107219.0,2,1,0.0034,,,,,,,,,
Instances/Instances 1/pr136_09.gt,135,50000.0,86400.0,PTVRP,107219.0,2,1,0.0032,,,,,,,,,
Instances/Instances 1/pr136_10.gt,135,100000.0,86400.0,PTVRP,107219.0,2,1,0.0044,,,,,,,,,
Instances/Instances 1/pr144_01.gt,143,100.0,86400.0,PTVRP,373881.0,34,3,0.0033,,,,,,,,,
Instances/Instances 1/pr144_02.gt,143,200.0,86400.0,PTVRP,206883.0,20,1,0.0036,,,,,,,,,
Instances/Instances 1/pr144_03.gt,143,500.0,86400.0,PTVRP,115732.0,9,1,0.0033,,,,,,,,,
Instances/Instances 1/pr144_04.gt,143,1000.0,86400.0,PTVRP,82943.0,5,1,0.0035,,,,,,,,,
Instances/Instances 1/pr144_05.gt,143,2000.0,86400.0,PTVRP,71677.0,3,1,0.0032,,,,,,,,,
Instances/Instances 1/pr144_06.gt,143,5000.0,86400.0,PTVRP,68780.0,1,1,0.0037,,,,,,,,,
Instances/Instances 1/pr144_07.gt,143,10000.0,86400.0,PTVRP,68780.0,1,1,0.0039,,,,,,,,,
Instances/Instances 1/pr144_08.gt,143,20000.0,86400.0,PTVRP,68780.0,1,1,0.0039,,,,,,,,,
Instances/Instances 1/pr144_09.gt,143,50000.0,86400.0,PTVRP,68780.0,1,1,0.0041,,,,,,,,,
Instances/Instances 1/pr144_10.gt,143,100000.0,86400.0,PTVRP,68780.0,1,1,0.0042,,,,,,,,,
Instances/Instances 1/pr152_01.gt,151,100.0,86400.0,PTVRP,455588.0,35,2,0.004,,,,,,,,,
Instances/Instances 1/pr152_02.gt,151,200.0,86400.0,PTVRP,250170.0,21,1,0.004,,,,,,,,,
Instances/Instances 1/pr152_03.gt,151,500.0,86400.0,PTVRP,144000.0,9,1,0.0037,,,,,,,,,
Instances/Instances 1/pr152_04.gt,151,1000.0,86400.0,PTVRP,103893.0,5,1,0.004,,,,,,,,,
Instances/Instances 1/pr152_05.gt,151,2000.0,86400.0,PTVRP,89575.0,2,1,0.0038,,,,,,,,,
Instances/Instances 1/pr152_06.gt,151,5000.0,86400.0,PTVRP,89575.0,2,1,0.0038,,,,,,,,,
Instances/Instances 1/pr152_07.gt,151,10000.0,86400.0,PTVRP,89575.0,2,1,0.0037,,,,,,,,,
Instances/Instances 1/pr152_08.gt,151,20000.0,86400.0,PTVRP,89575.0,2,1,0.0037,,,,,,,,,
Instances/Instances 1/pr152_09.gt,151,50000.0,86400.0,PTVRP,89575.0,2,1,0.0052,,,,,,,,,
Instances/Instances 1/pr152_10.gt,151,100000.0,86400.0,PTVRP,89575.0,2,1,0.0048,,,,,,,,,
Instances/Instances 1/pr226_01.gt,225,100.0,86400.0,PTVRP,769822.0,44,4,0.0043,,,,,,,,,
Instances/Instances 1/pr226_02.gt,225,200.0,86400.0,PTVRP,407301.0,27,2,0.0041,,,,,,,,,
Instances/Instances 1/pr226_03.gt,225,500.0,86400.0,PTVRP,192335.0,12,1,0.0048,,,,,,,,,
Instances/Instances 1/pr226_04.gt,225,1000.0,86400.0,PTVRP,139942.0,6,1,0.0039,,,,,,,,,
Instances/Instances 1/pr226_05.gt,225,2000.0,86400.0,PTVRP,112647.0,4,1,0.0036,,,,,,,,,
Instances/Instances 1/pr226_06.gt,225,5000.0,86400.0,PTVRP,97856.0,2,1,0.0036,,,,,,,,,
Instances/Instances 1/pr226_07.gt,225,10000.0,86400.0,PTVRP,97856.0,2,1,0.0037,,,,,,,,,
Instances/Instances 1/pr226_08.gt,225,20000.0,86400.0,PTVRP,97856.0,2,1,0.0037,,,,,,,,,
Instances/Instances 1/pr226_09.gt,225,50000.0,86400.0,PTVRP,97856.0,2,1,0.0037,,,,,,,,,
Instances/Instances 1/pr226_10.gt,225,100000.0,86400.0,PTVRP,97856.0,2,1,0.0035,,,,,,,,,
Instances/Instances 1/pr2392_01.gt,2391,100.0,86400.0,PTVRP,6271806.0,449,3,0.009,,,,,,,,,
Instances/Instances 1/pr2392_02.gt,2391,200.0,86400.0,PTVRP,3378291.0,304,2,0.0063,,,,,,,,,
Instances/Instances 1/pr2392_03.gt,2391,500.0,86400.0,PTVRP,1530907.0,127,1,0.008,,,,,,,,,
Instances/Instances 1/pr2392_04.gt,2391,1000.0,86400.0,PTVRP,936165.0,64,1,0.0076,,,,,,,,,
Instances/Instances 1/pr2392_05.gt,2391,2000.0,86400.0,PTVRP,642735.0,32,1,0.0082,,,,,,,,,
Instances/Instances 1/pr2392_06.gt,2391,5000.0,86400.0,PTVRP,475497.0,15,1,0.0092,,,,,,,,,
Instances/Instances 1/pr2392_07.gt,2391,10000.0,86400.0,PTVRP,422099.0,8,1,0.0121,,,,,,,,,
Instances/Instances 1/pr2392_08.gt,2391,20000.0,86400.0,PTVRP,410093.0,6,1,0.0171,,,,,,,,,
Instances/Instances 1/pr2392_09.gt,2391,50000.0,86400.0,PTVRP,410093.0,6,1,0.0125,,,,,,,,,
Instances/Instances 1/pr2392_10.gt,2391,100000.0,86400.0,PTVRP,410093.0,6,1,0.0134,,,,,,,,,
Instances/Instances 1/pr264_01.gt,263,100.0,86400.0,PTVRP,532550.0,48,3,0.0041,,,,,,,,,
Instances/Instances 1/pr264_02.gt,263,200.0,86400.0,PTVRP,309817.0,33,2,0.0033,,,,,,,,,
Instances/Instances 1/pr264_03.gt,263,500.0,86400.0,PTVRP,145078.0,15,1,0.0033,,,,,,,,,
Instances/Instances 1/pr264_04.gt,263,1000.0,86400.0,PTVRP,93307.0,8,1,0.0043,,,,,,,,,
Instances/Instances 1/pr264_05.gt,263,2000.0,86400.0,PTVRP,66092.0,4,1,0.0045,,,,,,,,,
Instances/Instances 1/pr264_06.gt,263,5000.0,86400.0,PTVRP,53706.0,2,1,0.0036,,,,,,,,,
Instances/Instances 1/pr264_07.gt,263,10000.0,86400.0,PTVRP,50874.0,1,1,0.0044,,,,,,,,,
Instances/Instances 1/pr264_08.gt,263,20000.0,86400.0,PTVRP,50874.0,1,1,0.0047,,,,,,,,,
Instances/Instances 1/pr264_09.gt,263,50000.0,86400.0,PTVRP,50874.0,1,1,0.005,,,,,,,,,
Instances/Instances 1/pr264_10.gt,263,100000.0,86400.0,PTVRP,50874.0,1,1,0.0044,,,,,,,,,
Instances/Instances 1/pr299_01.gt,298,100.0,86400.0,PTVRP,340299.0,61,3,0.0043,,,,,,,,,
Instances/Instances 1/pr299_02.gt,298,200.0,86400.0,PTVRP,203569.0,42,2,0.0041,,,,,,,,,
Instances/Instances 1/pr299_03.gt,298,500.0,86400.0,PTVRP,106423.0,17,1,0.005,,,,,,,,,
Instances/Instances 1/pr299_04.gt,298,1000.0,86400.0,PTVRP,73519.0,8,1,0.0039,,,,,,,,,
Instances/Instances 1/pr299_05.gt,298,2000.0,86400.0,PTVRP,60992.0,5,1,0.0039,,,,,,,,,
Instances/Instances 1/pr299_06.gt,298,5000.0,86400.0,PTVRP,54833.0,2,1,0.004,,,,,,,,,
Instances/Instances 1/pr299_07.gt,298,10000.0,86400.0,PTVRP,54703.0,1,1,0.0041,,,,,,,,,
Instances/Instances 1/pr299_08.gt,298,20000.0,86400.0,PTVRP,54703.0,1,1,0.004,,,,,,,,,
Instances/Instances 1/pr299_09.gt,298,50000.0,86400.0,PTVRP,54703.0,1,1,0.0038,,,,,,,,,
Instances/Instances 1/pr299_10.gt,298,100000.0,86400.0,PTVRP,54703.0,1,1,0.0041,,,,,,,,,
Instances/Instances 1/pr439_01.gt,438,100.0,86400.0,PTVRP,840706.0,98,3,0.0043,,,,,,,,,
Instances/Instances 1/pr439_02.gt,438,200.0,86400.0,PTVRP,491435.0,61,2,0.0042,,,,,,,,,
Instances/Instances 1/pr439_03.gt,438,500.0,86400.0,PTVRP,245398.0,24,1,0.0044,,,,,,,,,
Instances/Instances 1/pr439_04.gt,438,1000.0,86400.0,PTVRP,168640.0,12,1,0.0041,,,,,,,,,
Instances/Instances 1/pr439_05.gt,438,2000.0,86400.0,PTVRP,138124.0,7,1,0.0045,,,,,,,,,
Instances/Instances 1/pr439_06.gt,438,5000.0,86400.0,PTVRP,119090.0,3,1,0.0043,,,,,,,,,
Instances/Instances 1/pr439_07.gt,438,10000.0,86400.0,PTVRP,117489.0,2,1,0.0044,,,,,,,,,
Instances/Instances 1/pr439_08.gt,438,20000.0,86400.0,PTVRP,117489.0,2,1,0.0059,,,,,,,,,
Instances/Instances 1/pr439_09.gt,438,50000.0,86400.0,PTVRP,117489.0,2,1,0.005,,,,,,,,,
Instances/Instances 1/pr439_10.gt,438,100000.0,86400.0,PTVRP,117489.0,2,1,0.0051,,,,,,,,,
Instances/Instances 1/pr76_01.gt,75,100.0,86400.0,PTVRP,327253.0,22,2,0.0041,,,,,,,,,
Instances/Instances 1/pr76_02.gt,75,200.0,86400.0,PTVRP,200553.0,12,1,0.0041,,,,,,,,,
Instances/Instances 1/pr76_03.gt,75,500.0,86400.0,PTVRP,149322.0,5,1,0.0038,,,,,,,,,
Instances/Instances 1/pr76_04.gt,75,1000.0,86400.0,PTVRP,124689.0,2,1,0.0045,,,,,,,,,
Instances/Instances 1/pr76_05.gt,75,2000.0,86400.0,PTVRP,124689.0,2,1,0.0039,,,,,,,,,
Instances/Instances 1/pr76_06.gt,75,5000.0,86400.0,PTVRP,124689.0,2,1,0.0034,,,,,,,,,
Instances/Instances 1/pr76_07.gt,75,10000.0,86400.0,PTVRP,124689.0,2,1,0.0046,,,,,,,,,
Instances/Instances 1/pr76_08.gt,75,20000.0,86400.0,PTVRP,124689.0,2,1,0.0041,,,,,,,,,
Instances/Instances 1/pr76_09.gt,75,50000.0,86400.0,PTVRP,124689.0,2,1,0.0037,,,,,,,,,
Instances/Instances 1/pr76_10.gt,75,100000.0,86400.0,PTVRP,124689.0,2,1,0.0042,,,,,,,,,
Instances/Instances 1/qa194_01.gt,193,100.0,86400.0,PTVRP,48026.0,52,3,0.0045,,,,,,,,,
Instances/Instances 1/qa194_02.gt,193,200.0,86400.0,PTVRP,27409.0,28,1,0.0038,,,,,,,,,
Instances/Instances 1/qa194_03.gt,193,500.0,86400.0,PTVRP,15625.0,11,1,0.0036,,,,,,,,,
Instances/Instances 1/qa194_04.gt,193,1000.0,86400.0,PTVRP,12944.0,6,1,0.0036,,,,,,,,,
Instances/Instances 1/qa194_05.gt,193,2000.0,86400.0,PTVRP,11131.0,3,1,0.0039,,,,,,,,,
Instances/Instances 1/qa194_06.gt,193,5000.0,86400.0,PTVRP,10519.0,2,1,0.004,,,,,,,,,
Instances/Instances 1/qa194_07.gt,193,10000.0,86400.0,PTVRP,10469.0,1,1,0.0038,,,,,,,,,
Instances/Instances 1/qa194_08.gt,193,20000.0,86400.0,PTVRP,10469.0,1,1,0.0041,,,,,,,,,
Instances/Instances 1/qa194_09.gt,193,50000.0,86400.0,PTVRP,10469.0,1,1,0.0033,,,,,,,,,
Instances/Instances 1/qa194_10.gt,193,100000.0,86400.0,PTVRP,10469.0,1,1,0.0031,,,,,,,,,
Instances/Instances 1/rat195_01.gt,194,100.0,86400.0,PTVRP,11847.0,54,2,0.0037,,,,,,,,,
Instances/Instances 1/rat195_02.gt,194,200.0,86400.0,PTVRP,6561.0,28,1,0.0043,,,,,,,,,
Instances/Instances 1/rat195_03.gt,194,500.0,86400.0,PTVRP,3777.0,11,1,0.0039,,,,,,,,,
Instances/Instances 1/rat195_04.gt,194,1000.0,86400.0,PTVRP,2972.0,6,1,0.0032,,,,,,,,,
Instances/Instances 1/rat195_05.gt,194,2000.0,86400.0,PTVRP,2663.0,3,1,0.0042,,,,,,,,,
Instances/Instances 1/rat195_06.gt,194,5000.0,86400.0,PTVRP,2581.0,1,1,0.0031,,,,,,,,,
Instances/Instances 1/rat195_07.gt,194,10000.0,86400.0,PTVRP,2581.0,1,1,0.0033,,,,,,,,,
Instances/Instances 1/rat195_08.gt,194,20000.0,86400.0,PTVRP,2581.0,1,1,0.0031,,,,,,,,,
Instances/Instances 1/rat195_09.gt,194,50000.0,86400.0,PTVRP,2581.0,1,1,0.0036,,,,,,,,,
Instances/Instances 1/rat195_10.gt,194,100000.0,86400.0,PTVRP,2581.0,1,1,0.004,,,,,,,,,
Instances/Instances 1/rat575_01.gt,574,100.0,86400.0,PTVRP,54101.0,140,2,0.0045,,,,,,,,,
Instances/Instances 1/rat575_02.gt,574,200.0,86400.0,PTVRP,28335.0,79,2,0.0044,,,,,,,,,
Instances/Instances 1/rat575_03.gt,574,500.0,86400.0,PTVRP,14521.0,30,1,0.005,,,,,,,,,
Instances/Instances 1/rat575_04.gt,574,1000.0,86400.0,PTVRP,10607.0,16,1,0.0055,,,,,,,,,
Instances/Instances 1/rat575_05.gt,574,2000.0,86400.0,PTVRP,8580.0,8,1,0.0055,,,,,,,,,
Instances/Instances 1/rat575_06.gt,574,5000.0,86400.0,PTVRP,7591.0,3,1,0.005,,,,,,,,,
Instances/Instances 1/rat575_07.gt,574,10000.0,86400.0,PTVRP,7378.0,3,1,0.0043,,,,,,,,,
Instances/Instances 1/rat575_08.gt,574,20000.0,86400.0,PTVRP,7265.0,1,1,0.0051,,,,,,,,,
Instances/Instances 1/rat575_09.gt,574,50000.0,86400.0,PTVRP,7265.0,1,1,0.0054,,,,,,,,,
Instances/Instances 1/rat575_10.gt,574,100000.0,86400.0,PTVRP,7265.0,1,1,0.0048,,,,,,,,,
Instances/Instances 1/rat783_01.gt,782,100.0,86400.0,PTVRP,81721.0,177,3,0.0055,,,,,,,,,
Instances/Instances 1/rat783_02.gt,782,200.0,86400.0,PTVRP,42440.0,105,2,0.0055,,,,,,,,,
Instances/Instances 1/rat783_03.gt,782,500.0,86400.0,PTVRP,22025.0,43,1,0.0055,,,,,,,,,
Instances/Instances 1/rat783_04.gt,782,1000.0,86400.0,PTVRP,15097.0,23,1,0.0057,,,,,,,,,
Instances/Instances 1/rat783_05.gt,782,2000.0,86400.0,PTVRP,11598.0,11,1,0.0064,,,,,,,,,
Instances/Instances 1/rat783_06.gt,782,5000.0,86400.0,PTVRP,9892.0,5,1,0.0057,,,,,,,,,
Instances/Instances 1/rat783_07.gt,782,10000.0,86400.0,PTVRP,9552.0,3,1,0.0064,,,,,,,,,
Instances/Instances 1/rat783_08.gt,782,20000.0,86400.0,PTVRP,9389.0,1,1,0.0057,,,,,,,,,
Instances/Instances 1/rat783_09.gt,782,50000.0,86400.0,PTVRP,9389.0,1,1,0.0064,,,,,,,,,
Instances/Instances 1/rat783_10.gt,782,100000.0,86400.0,PTVRP,9389.0,1,1,0.0054,,,,,,,,,
Instances/Instances 1/rat99_01.gt,98,100.0,86400.0,PTVRP,4164.0,25,2,0.0035,,,,,,,,,
Instances/Instances 1/rat99_02.gt,98,200.0,86400.0,PTVRP,2540.0,13,1,0.0035,,,,,,,,,
Instances/Instances 1/rat99_03.gt,98,500.0,86400.0,PTVRP,1744.0,6,1,0.0034,,,,,,,,,
Instances/Instances 1/rat99_04.gt,98,1000.0,86400.0,PTVRP,1497.0,3,1,0.0031,,,,,,,,,
Instances/Instances 1/rat99_05.gt,98,2000.0,86400.0,PTVRP,1399.0,2,1,0.0029,,,,,,,,,
Instances/Instances 1/rat99_06.gt,98,5000.0,86400.0,PTVRP,1395.0,1,1,0.004,,,,,,,,,
Instances/Instances 1/rat99_07.gt,98,10000.0,86400.0,PTVRP,1395.0,1,1,0.0035,,,,,,,,,
Instances/Instances 1/rat99_08.gt,98,20000.0,86400.0,PTVRP,1395.0,1,1,0.003,,,,,,,,,
Instances/Instances 1/rat99_09.gt,98,50000.0,86400.0,PTVRP,1395.0,1,1,0.003,,,,,,,,,
Instances/Instances 1/rat99_10.gt,98,100000.0,86400.0,PTVRP,1395.0,1,1,0.0029,,,,,,,,,
Instances/Instances 1/rd100_01.gt,99,100.0,86400.0,PTVRP,26860.0,26,1,0.0036,,,,,,,,,
Instances/Instances 1/rd100_02.gt,99,200.0,86400.0,PTVRP,17125.0,14,1,0.0039,,,,,,,,,
Instances/Instances 1/rd100_03.gt,99,500.0,86400.0,PTVRP,11463.0,6,1,0.0037,,,,,,,,,
Instances/Instances 1/rd100_04.gt,99,1000.0,86400.0,PTVRP,9816.0,3,1,0.0036,,,,,,,,,
Instances/Instances 1/rd100_05.gt,99,2000.0,86400.0,PTVRP,9356.0,2,1,0.0029,,,,,,,,,
Instances/Instances 1/rd100_06.gt,99,5000.0,86400.0,PTVRP,8967.0,1,1,0.0037,,,,,,,,,
Instances/Instances 1/rd100_07.gt,99,10000.0,86400.0,PTVRP,8967.0,1,1,0.0036,,,,,,,,,
Instances/Instances 1/rd100_08.gt,99,20000.0,86400.0,PTVRP,8967.0,1,1,0.0038,,,,,,,,,
Instances/Instances 1/rd100_09.gt,99,50000.0,86400.0,PTVRP,8967.0,1,1,0.0036,,,,,,,,,
Instances/Instances 1/rd100_10.gt,99,100000.0,86400.0,PTVRP,8967.0,1,1,0.0034,,,,,,,,,
Instances/Instances 1/rd400_01.gt,399,100.0,86400.0,PTVRP,99006.0,101,2,0.0039,,,,,,,,,
Instances/Instances 1/rd400_02.gt,399,200.0,86400.0,PTVRP,54509.0,56,1,0.0036,,,,,,,,,
Instances/Instances 1/rd400_03.gt,399,500.0,86400.0,PTVRP,29878.0,23,1,0.0041,,,,,,,,,
Instances/Instances 1/rd400_04.gt,399,1000.0,86400.0,PTVRP,21169.0,11,1,0.0043,,,,,,,,,
Instances/Instances 1/rd400_05.gt,399,2000.0,86400.0,PTVRP,18032.0,8,1,0.0041,,,,,,,,,
Instances/Instances 1/rd400_06.gt,399,5000.0,86400.0,PTVRP,15880.0,3,1,0.0036,,,,,,,,,
Instances/Instances 1/rd400_07.gt,399,10000.0,86400.0,PTVRP,15507.0,2,1,0.0045,,,,,,,,,
Instances/Instances 1/rd400_08.gt,399,20000.0,86400.0,PTVRP,15316.0,1,1,0.0041,,,,,,,,,
Instances/Instances 1/rd400_09.gt,399,50000.0,86400.0,PTVRP,15316.0,1,1,0.0036,,,,,,,,,
Instances/Instances 1/rd400_10.gt,399,100000.0,86400.0,PTVRP,15316.0,1,1,0.0044,,,,,,,,,
Instances/Instances 1/rl11849_01.gt,11848,100.0,86400.0,PTVRP,34562643.0,1790,6,0.0165,,,,,,,,,
Instances/Instances 1/rl11849_02.gt,11848,200.0,86400.0,PTVRP,17809296.0,1274,4,0.0192,,,,,,,,,
Instances/Instances 1/rl11849_03.gt,11848,500.0,86400.0,PTVRP,7531671.0,621,2,0.022,,,,,,,,,
Instances/Instances 1/rl11849_04.gt,11848,1000.0,86400.0,PTVRP,4139341.0,313,1,0.024,,,,,,,,,
Instances/Instances 1/rl11849_05.gt,11848,2000.0,86400.0,PTVRP,2513746.0,160,1,0.0303,,,,,,,,,
Instances/Instances 1/rl11849_06.gt,11848,5000.0,86400.0,PTVRP,1505293.0,66,1,0.0446,,,,,,,,,
Instances/Instances 1/rl11849_07.gt,11848,10000.0,86400.0,PTVRP,1185215.0,33,1,0.0572,,,,,,,,,
Instances/Instances 1/rl11849_08.gt,11848,20000.0,86400.0,PTVRP,1024038.0,18,1,0.0766,,,,,,,,,
Instances/Instances 1/rl11849_09.gt,11848,50000.0,86400.0,PTVRP,994667.0,14,1,0.0907,,,,,,,,,
Instances/Instances 1/rl11849_10.gt,11848,100000.0,86400.0,PTVRP,994667.0,14,1,0.0902,,,,,,,,,
Instances/Instances 1/rl1304_01.gt,1303,100.0,86400.0,PTVRP,3961808.0,256,3,0.0047,,,,,,,,,
Instances/Instances 1/rl1304_02.gt,1303,200.0,86400.0,PTVRP,2088153.0,171,2,0.0056,,,,,,,,,
Instances/Instances 1/rl1304_03.gt,1303,500.0,86400.0,PTVRP,961355.0,72,1,0.0055,,,,,,,,,
Instances/Instances 1/rl1304_04.gt,1303,1000.0,86400.0,PTVRP,577486.0,35,1,0.0057,,,,,,,,,
Instances/Instances 1/rl1304_05.gt,1303,2000.0,86400.0,PTVRP,405682.0,19,1,0.0053,,,,,,,,,
Instances/Instances 1/rl1304_06.gt,1303,5000.0,86400.0,PTVRP,299168.0,8,1,0.0061,,,,,,,,,
Instances/Instances 1/rl1304_07.gt,1303,10000.0,86400.0,PTVRP,279685.0,4,1,0.0071,,,,,,,,,
Instances/Instances 1/rl1304_08.gt,1303,20000.0,86400.0,PTVRP,277708.0,4,1,0.0076,,,,,,,,,
Instances/Instances 1/rl1304_09.gt,1303,50000.0,86400.0,PTVRP,277708.0,4,1,0.0079,,,,,,,,,
Instances/Instances 1/rl1304_10.gt,1303,100000.0,86400.0,PTVRP,277708.0,4,1,0.0089,,,,,,,,,
Instances/Instances 1/rl1323_01.gt,1322,100.0,86400.0,PTVRP,4333098.0,245,4,0.005,,,,,,,,,
Instances/Instances 1/rl1323_02.gt,1322,200.0,86400.0,PTVRP,2158890.0,163,2,0.0055,,,,,,,,,
Instances/Instances 1/rl1323_03.gt,1322,500.0,86400.0,PTVRP,994180.0,71,1,0.006,,,,,,,,,
Instances/Instances 1/rl1323_04.gt,1322,1000.0,86400.0,PTVRP,623637.0,36,1,0.0061,,,,,,,,,
Instances/Instances 1/rl1323_05.gt,1322,2000.0,86400.0,PTVRP,430065.0,18,1,0.0072,,,,,,,,,
Instances/Instances 1/rl1323_06.gt,1322,5000.0,86400.0,PTVRP,331374.0,8,1,0.0061,,,,,,,,,
Instances/Instances 1/rl1323_07.gt,1322,10000.0,86400.0,PTVRP,305210.0,5,1,0.0084,,,,,,,,,
Instances/Instances 1/rl1323_08.gt,1322,20000.0,86400.0,PTVRP,305210.0,5,1,0.0073,,,,,,,,,
Instances/Instances 1/rl1323_09.gt,1322,50000.0,86400.0,PTVRP,305210.0,5,1,0.0074,,,,,,,,,
Instances/Instances 1/rl1323_10.gt,1322,100000.0,86400.0,PTVRP,305210.0,5,1,0.0074,,,,,,,,,
Instances/Instances 1/rl1889_01.gt,1888,100.0,86400.0,PTVRP,6228521.0,344,5,0.0059,,,,,,,,,
Instances/Instances 1/rl1889_02.gt,1888,200.0,86400.0,PTVRP,3218612.0,226,3,0.0064,,,,,,,,,
Instances/Instances 1/rl1889_03.gt,1888,500.0,86400.0,PTVRP,1445235.0,102,1,0.0222,,,,,,,,,
Instances/Instances 1/rl1889_04.gt,1888,1000.0,86400.0,PTVRP,863473.0,51,1,0.0068,,,,,,,,,
Instances/Instances 1/rl1889_05.gt,1888,2000.0,86400.0,PTVRP,581959.0,26,1,0.0084,,,,,,,,,
Instances/Instances 1/rl1889_06.gt,1888,5000.0,86400.0,PTVRP,407084.0,11,1,0.0083,,,,,,,,,
Instances/Instances 1/rl1889_07.gt,1888,10000.0,86400.0,PTVRP,359202.0,6,1,0.0092,,,,,,,,,
Instances/Instances 1/rl1889_08.gt,1888,20000.0,86400.0,PTVRP,351630.0,6,1,0.0097,,,,,,,,,
Instances/Instances 1/rl1889_09.gt,1888,50000.0,86400.0,PTVRP,351630.0,6,1,0.0103,,,,,,,,,
Instances/Instances 1/rl1889_10.gt,1888,100000.0,86400.0,PTVRP,351630.0,6,1,0.0099,,,,,,,,,
Instances/Instances 1/rl5915_01.gt,5914,100.0,86400.0,PTVRP,16941723.0,927,5,0.0105,,,,,,,,,
Instances/Instances 1/rl5915_02.gt,5914,200.0,86400.0,PTVRP,8795198.0,657,3,0.0107,,,,,,,,,
Instances/Instances 1/rl5915_03.gt,5914,500.0,86400.0,PTVRP,3812692.0,312,2,0.0118,,,,,,,,,
Instances/Instances 1/rl5915_04.gt,5914,1000.0,86400.0,PTVRP,2130660.0,157,1,0.0136,,,,,,,,,
Instances/Instances 1/rl5915_05.gt,5914,2000.0,86400.0,PTVRP,1325177.0,80,1,0.0168,,,,,,,,,
Instances/Instances 1/rl5915_06.gt,5914,5000.0,86400.0,PTVRP,845893.0,34,1,0.0219,,,,,,,,,
Instances/Instances 1/rl5915_07.gt,5914,10000.0,86400.0,PTVRP,684223.0,18,1,0.0235,,,,,,,,,
Instances/Instances 1/rl5915_08.gt,5914,20000.0,86400.0,PTVRP,624324.0,10,1,0.04,,,,,,,,,
Instances/Instances 1/rl5915_09.gt,5914,50000.0,86400.0,PTVRP,616974.0,8,1,0.0391,,,,,,,,,
Instances/Instances 1/rl5915_10.gt,5914,100000.0,86400.0,PTVRP,616974.0,8,1,0.0387,,,,,,,,,
Instances/Instances 1/rl5934_01.gt,5933,100.0,86400.0,PTVRP,17063015.0,996,5,0.0111,,,,,,,,,
Instances/Instances 1/rl5934_02.gt,5933,200.0,86400.0,PTVRP,8697938.0,658,4,0.0125,,,,,,,,,
Instances/Instances 1/rl5934_03.gt,5933,500.0,86400.0,PTVRP,3708635.0,311,2,0.0143,,,,,,,,,
Instances/Instances 1/rl5934_04.gt,5933,1000.0,86400.0,PTVRP,2127667.0,157,1,0.0136,,,,,,,,,
Instances/Instances 1/rl5934_05.gt,5933,2000.0,86400.0,PTVRP,1299956.0,80,1,0.0168,,,,,,,,,
Instances/Instances 1/rl5934_06.gt,5933,5000.0,86400.0,PTVRP,833835.0,34,1,0.0309,,,,,,,,,
Instances/Instances 1/rl5934_07.gt,5933,10000.0,86400.0,PTVRP,681392.0,18,1,0.0337,,,,,,,,,
Instances/Instances 1/rl5934_08.gt,5933,20000.0,86400.0,PTVRP,613159.0,9,1,0.0381,,,,,,,,,
Instances/Instances 1/rl5934_09.gt,5933,50000.0,86400.0,PTVRP,610282.0,9,1,0.0391,,,,,,,,,
Instances/Instances 1/rl5934_10.gt,5933,100000.0,86400.0,PTVRP,610282.0,9,1,0.0392,,,,,,,,,
Instances/Instances 1/rw1621_01.gt,1620,100.0,86400.0,PTVRP,505772.0,301,5,0.0068,,,,,,,,,
Instances/Instances 1/rw1621_02.gt,1620,200.0,86400.0,PTVRP,256645.0,193,2,0.01,,,,,,,,,
Instances/Instances 1/rw1621_03.gt,1620,500.0,86400.0,PTVRP,115222.0,87,1,0.0083,,,,,,,,,
Instances/Instances 1/rw1621_04.gt,1620,1000.0,86400.0,PTVRP,69012.0,45,1,0.0091,,,,,,,,,
Instances/Instances 1/rw1621_05.gt,1620,2000.0,86400.0,PTVRP,47035.0,23,1,0.0121,,,,,,,,,
Instances/Instances 1/rw1621_06.gt,1620,5000.0,86400.0,PTVRP,33470.0,10,1,0.0149,,,,,,,,,
Instances/Instances 1/rw1621_07.gt,1620,10000.0,86400.0,PTVRP,29392.0,5,1,0.0162,,,,,,,,,
Instances/Instances 1/rw1621_08.gt,1620,20000.0,86400.0,PTVRP,27739.0,3,1,0.0148,,,,,,,,,
Instances/Instances 1/rw1621_09.gt,1620,50000.0,86400.0,PTVRP,27418.0,1,1,0.0141,,,,,,,,,
Instances/Instances 1/rw1621_10.gt,1620,100000.0,86400.0,PTVRP,27418.0,1,1,0.0139,,,,,,,,,
Instances/Instances 1/st70_01.gt,69,100.0,86400.0,PTVRP,1877.0,16,2,0.0035,,,,,,,,,
Instances/Instances 1/st70_02.gt,69,200.0,86400.0,PTVRP,1254.0,9,1,0.0035,,,,,,,,,
Instances/Instances 1/st70_03.gt,69,500.0,86400.0,PTVRP,890.0,5,1,0.0041,,,,,,,,,
Instances/Instances 1/st70_04.gt,69,1000.0,86400.0,PTVRP,794.0,3,1,0.0031,,,,,,,,,
Instances/Instances 1/st70_05.gt,69,2000.0,86400.0,PTVRP,780.0,1,1,0.0037,,,,,,,,,
Instances/Instances 1/st70_06.gt,69,5000.0,86400.0,PTVRP,780.0,1,1,0.0048,,,,,,,,,
Instances/Instances 1/st70_07.gt,69,10000.0,86400.0,PTVRP,780.0,1,1,0.0036,,,,,,,,,
Instances/Instances 1/st70_08.gt,69,20000.0,86400.0,PTVRP,780.0,1,1,0.0034,,,,,,,,,
Instances/Instances 1/st70_09.gt,69,50000.0,86400.0,PTVRP,780.0,1,1,0.0041,,,,,,,,,
Instances/Instances 1/st70_10.gt,69,100000.0,86400.0,PTVRP,780.0,1,1,0.0044,,,,,,,,,
Instances/Instances 1/sw24978_01.gt,24977,100.0,86400.0,PTVRP,43962617.0,3462,7,0.0384,,,,,,,,,
Instances/Instances 1/sw24978_02.gt,24977,200.0,86400.0,PTVRP,22326305.0,2493,4,0.0459,,,,,,,,,
Instances/Instances 1/sw24978_03.gt,24977,500.0,86400.0,PTVRP,9310817.0,1274,2,0.0599,,,,,,,,,
Instances/Instances 1/sw24978_04.gt,24977,1000.0,86400.0,PTVRP,5042409.0,657,1,0.0707,,,,,,,,,
Instances/Instances 1/sw24978_05.gt,24977,2000.0,86400.0,PTVRP,2891595.0,325,1,0.0909,,,,,,,,,
Instances/Instances 1/sw24978_06.gt,24977,5000.0,86400.0,PTVRP,1662823.0,133,1,0.1288,,,,,,,,,
Instances/Instances 1/sw24978_07.gt,24977,10000.0,86400.0,PTVRP,1244321.0,68,1,0.1853,,,,,,,,,
Instances/Instances 1/sw24978_08.gt,24977,20000.0,86400.0,PTVRP,1039172.0,36,1,0.2478,,,,,,,,,
Instances/Instances 1/sw24978_09.gt,24977,50000.0,86400.0,PTVRP,938916.0,16,1,0.3487,,,,,,,,,
Instances/Instances 1/sw24978_10.gt,24977,100000.0,86400.0,PTVRP,921494.0,13,1,0.4388,,,,,,,,,
Instances/Instances 1/ts225_01.gt,224,100.0,86400.0,PTVRP,753549.0,57,2,0.0034,,,,,,,,,
Instances/Instances 1/ts225_02.gt,224,200.0,86400.0,PTVRP,464853.0,35,1,0.0034,,,,,,,,,
Instances/Instances 1/ts225_03.gt,224,500.0,86400.0,PTVRP,238729.0,13,1,0.0038,,,,,,,,,
Instances/Instances 1/ts225_04.gt,224,1000.0,86400.0,PTVRP,175964.0,7,1,0.0036,,,,,,,,,
Instances/Instances 1/ts225_05.gt,224,2000.0,86400.0,PTVRP,148763.0,4,1,0.0037,,,,,,,,,
Instances/Instances 1/ts225_06.gt,224,5000.0,86400.0,PTVRP,143060.0,3,1,0.0042,,,,,,,,,
Instances/Instances 1/ts225_07.gt,224,10000.0,86400.0,PTVRP,143060.0,3,1,0.0036,,,,,,,,,
Instances/Instances 1/ts225_08.gt,224,20000.0,86400.0,PTVRP,143060.0,3,1,0.0039,,,,,,,,,
Instances/Instances 1/ts225_09.gt,224,50000.0,86400.0,PTVRP,143060.0,3,1,0.0047,,,,,,,,,
Instances/Instances 1/ts225_10.gt,224,100000.0,86400.0,PTVRP,143060.0,3,1,0.0044,,,,,,,,,
Instances/Instances 1/tsp225_01.gt,224,100.0,86400.0,PTVRP,20111.0,59,2,0.0044,,,,,,,,,
Instances/Instances 1/tsp225_02.gt,224,200.0,86400.0,PTVRP,12470.0,33,2,0.0041,,,,,,,,,
Instances/Instances 1/tsp225_03.gt,224,500.0,86400.0,PTVRP,6755.0,13,1,0.0038,,,,,,,,,
Instances/Instances 1/tsp225_04.gt,224,1000.0,86400.0,PTVRP,5378.0,7,1,0.0041,,,,,,,,,
Instances/Instances 1/tsp225_05.gt,224,2000.0,86400.0,PTVRP,4684.0,3,1,0.0037,,,,,,,,,
Instances/Instances 1/tsp225_06.gt,224,5000.0,86400.0,PTVRP,4425.0,2,1,0.0038,,,,,,,,,
Instances/Instances 1/tsp225_07.gt,224,10000.0,86400.0,PTVRP,4418.0,1,1,0.0038,,,,,,,,,
Instances/Instances 1/tsp225_08.gt,224,20000.0,86400.0,PTVRP,4418.0,1,1,0.0044,,,,,,,,,
Instances/Instances 1/tsp225_09.gt,224,50000.0,86400.0,PTVRP,4418.0,1,1,0.0039,,,,,,,,,
Instances/Instances 1/tsp225_10.gt,224,100000.0,86400.0,PTVRP,4418.0,1,1,0.0036,,,,,,,,,
Instances/Instances 1/tz6117_01.gt,6116,100.0,86400.0,PTVRP,12551427.0,953,6,0.0132,,,,,,,,,
Instances/Instances 1/tz6117_02.gt,6116,200.0,86400.0,PTVRP,6569900.0,668,4,0.0131,,,,,,,,,
Instances/Instances 1/tz6117_03.gt,6116,500.0,86400.0,PTVRP,2774760.0,313,2,0.0143,,,,,,,,,
Instances/Instances 1/tz6117_04.gt,6116,1000.0,86400.0,PTVRP,1571641.0,163,1,0.0159,,,,,,,,,
Instances/Instances 1/tz6117_05.gt,6116,2000.0,86400.0,PTVRP,952249.0,80,1,0.0192,,,,,,,,,
Instances/Instances 1/tz6117_06.gt,6116,5000.0,86400.0,PTVRP,619718.0,33,1,0.0268,,,,,,,,,
Instances/Instances 1/tz6117_07.gt,6116,10000.0,86400.0,PTVRP,499588.0,18,1,0.0316,,,,,,,,,
Instances/Instances 1/tz6117_08.gt,6116,20000.0,86400.0,PTVRP,441005.0,9,1,0.0402,,,,,,,,,
Instances/Instances 1/tz6117_09.gt,6116,50000.0,86400.0,PTVRP,422925.0,6,1,0.0575,,,,,,,,,
Instances/Instances 1/tz6117_10.gt,6116,100000.0,86400.0,PTVRP,422925.0,6,1,0.057,,,,,,,,,
Instances/Instances 1/u1060_01.gt,1059,100.0,86400.0,PTVRP,2929446.0,220,3,0.0051,,,,,,,,,
Instances/Instances 1/u1060_02.gt,1059,200.0,86400.0,PTVRP,1537507.0,130,3,0.0046,,,,,,,,,
Instances/Instances 1/u1060_03.gt,1059,500.0,86400.0,PTVRP,729871.0,59,1,0.0054,,,,,,,,,
Instances/Instances 1/u1060_04.gt,1059,1000.0,86400.0,PTVRP,469462.0,29,1,0.005,,,,,,,,,
Instances/Instances 1/u1060_05.gt,1059,2000.0,86400.0,PTVRP,342351.0,15,1,0.0057,,,,,,,,,
Instances/Instances 1/u1060_06.gt,1059,5000.0,86400.0,PTVRP,262408.0,7,1,0.0054,,,,,,,,,
Instances/Instances 1/u1060_07.gt,1059,10000.0,86400.0,PTVRP,245381.0,4,1,0.0069,,,,,,,,,
Instances/Instances 1/u1060_08.gt,1059,20000.0,86400.0,PTVRP,245381.0,4,1,0.0072,,,,,,,,,
Instances/Instances 1/u1060_09.gt,1059,50000.0,86400.0,PTVRP,245381.0,4,1,0.0067,,,,,,,,,
Instances/Instances 1/u1060_10.gt,1059,100000.0,86400.0,PTVRP,245381.0,4,1,0.0067,,,,,,,,,
Instances/Instances 1/u1432_01.gt,1431,100.0,86400.0,PTVRP,1689644.0,295,3,0.0058,,,,,,,,,
Instances/Instances 1/u1432_02.gt,1431,200.0,86400.0,PTVRP,930390.0,189,2,0.0054,,,,,,,,,
Instances/Instances 1/u1432_03.gt,1431,500.0,86400.0,PTVRP,439256.0,76,1,0.0056,,,,,,,,,
Instances/Instances 1/u1432_04.gt,1431,1000.0,86400.0,PTVRP,289266.0,39,1,0.0063,,,,,,,,,
Instances/Instances 1/u1432_05.gt,1431,2000.0,86400.0,PTVRP,217969.0,21,1,0.0065,,,,,,,,,
Instances/Instances 1/u1432_06.gt,1431,5000.0,86400.0,PTVRP,173513.0,9,1,0.0076,,,,,,,,,
Instances/Instances 1/u1432_07.gt,1431,10000.0,86400.0,PTVRP,163339.0,5,1,0.0076,,,,,,,,,
Instances/Instances 1/u1432_08.gt,1431,20000.0,86400.0,PTVRP,157856.0,3,1,0.0103,,,,,,,,,
Instances/Instances 1/u1432_09.gt,1431,50000.0,86400.0,PTVRP,157856.0,3,1,0.0131,,,,,,,,,
Instances/Instances 1/u1432_10.gt,1431,100000.0,86400.0,PTVRP,157856.0,3,1,0.0106,,,,,,,,,
Instances/Instances 1/u159_01.gt,158,100.0,86400.0,PTVRP,235559.0,43,2,0.0039,,,,,,,,,
Instances/Instances 1/u159_02.gt,158,200.0,86400.0,PTVRP,124624.0,21,1,0.0038,,,,,,,,,
Instances/Instances 1/u159_03.gt,158,500.0,86400.0,PTVRP,70246.0,9,1,0.0045,,,,,,,,,
Instances/Instances 1/u159_04.gt,158,1000.0,86400.0,PTVRP,55116.0,4,1,0.0043,,,,,,,,,
Instances/Instances 1/u159_05.gt,158,2000.0,86400.0,PTVRP,49328.0,3,1,0.0043,,,,,,,,,
Instances/Instances 1/u159_06.gt,158,5000.0,86400.0,PTVRP,47792.0,1,1,0.0034,,,,,,,,,
Instances/Instances 1/u159_07.gt,158,10000.0,86400.0,PTVRP,47792.0,1,1,0.0033,,,,,,,,,
Instances/Instances 1/u159_08.gt,158,20000.0,86400.0,PTVRP,47792.0,1,1,0.004,,,,,,,,,
Instances/Instances 1/u159_09.gt,158,50000.0,86400.0,PTVRP,47792.0,1,1,0.0041,,,,,,,,,
Instances/Instances 1/u159_10.gt,158,100000.0,86400.0,PTVRP,47792.0,1,1,0.0039,,,,,,,,,
Instances/Instances 1/u1817_01.gt,1816,100.0,86400.0,PTVRP,908323.0,349,4,0.0074,,,,,,,,,
Instances/Instances 1/u1817_02.gt,1816,200.0,86400.0,PTVRP,471171.0,234,2,0.0082,,,,,,,,,
Instances/Instances 1/u1817_03.gt,1816,500.0,86400.0,PTVRP,214917.0,97,1,0.0262,,,,,,,,,
Instances/Instances 1/u1817_04.gt,1816,1000.0,86400.0,PTVRP,136524.0,50,1,0.0092,,,,,,,,,
Instances/Instances 1/u1817_05.gt,1816,2000.0,86400.0,PTVRP,94826.0,26,1,0.015,,,,,,,,,
Instances/Instances 1/u1817_06.gt,1816,5000.0,86400.0,PTVRP,71523.0,11,1,0.0134,,,,,,,,,
Instances/Instances 1/u1817_07.gt,1816,10000.0,86400.0,PTVRP,64609.0,6,1,0.0199,,,,,,,,,
Instances/Instances 1/u1817_08.gt,1816,20000.0,86400.0,PTVRP,61253.0,3,1,0.0174,,,,,,,,,
Instances/Instances 1/u1817_09.gt,1816,50000.0,86400.0,PTVRP,60413.0,2,1,0.0166,,,,,,,,,
Instances/Instances 1/u1817_10.gt,1816,100000.0,86400.0,PTVRP,60413.0,2,1,0.0165,,,,,,,,,
Instances/Instances 1/u2152_01.gt,2151,100.0,86400.0,PTVRP,1077821.0,423,4,0.0082,,,,,,,,,
Instances/Instances 1/u2152_02.gt,2151,200.0,86400.0,PTVRP,564444.0,269,3,0.0078,,,,,,,,,
Instances/Instances 1/u2152_03.gt,2151,500.0,86400.0,PTVRP,256154.0,117,1,0.0089,,,,,,,,,
Instances/Instances 1/u2152_04.gt,2151,1000.0,86400.0,PTVRP,157044.0,58,1,0.0117,,,,,,,,,
Instances/Instances 1/u2152_05.gt,2151,2000.0,86400.0,PTVRP,108100.0,29,1,0.0112,,,,,,,,,
Instances/Instances 1/u2152_06.gt,2151,5000.0,86400.0,PTVRP,80318.0,13,1,0.0145,,,,,,,,,
Instances/Instances 1/u2152_07.gt,2151,10000.0,86400.0,PTVRP,71831.0,7,1,0.0167,,,,,,,,,
Instances/Instances 1/u2152_08.gt,2151,20000.0,86400.0,PTVRP,68776.0,5,1,0.0192,,,,,,,,,
Instances/Instances 1/u2152_09.gt,2151,50000.0,86400.0,PTVRP,67272.0,2,1,0.0201,,,,,,,,,
Instances/Instances 1/u2152_10.gt,2151,100000.0,86400.0,PTVRP,67272.0,2,1,0.0208,,,,,,,,,
Instances/Instances 1/u2319_01.gt,2318,100.0,86400.0,PTVRP,2655554.0,494,4,0.0071,,,,,,,,,
Instances/Instances 1/u2319_02.gt,2318,200.0,86400.0,PTVRP,1410729.0,307,2,0.0076,,,,,,,,,
Instances/Instances 1/u2319_03.gt,2318,500.0,86400.0,PTVRP,676171.0,126,1,0.008,,,,,,,,,
Instances/Instances 1/u2319_04.gt,2318,1000.0,86400.0,PTVRP,444889.0,65,1,0.0084,,,,,,,,,
Instances/Instances 1/u2319_05.gt,2318,2000.0,86400.0,PTVRP,328171.0,32,1,0.01,,,,,,,,,
Instances/Instances 1/u2319_06.gt,2318,5000.0,86400.0,PTVRP,267819.0,14,1,0.0125,,,,,,,,,
Instances/Instances 1/u2319_07.gt,2318,10000.0,86400.0,PTVRP,250126.0,8,1,0.0105,,,,,,,,,
Instances/Instances 1/u2319_08.gt,2318,20000.0,86400.0,PTVRP,243057.0,4,1,0.0153,,,,,,,,,
Instances/Instances 1/u2319_09.gt,2318,50000.0,86400.0,PTVRP,243057.0,4,1,0.0156,,,,,,,,,
Instances/Instances 1/u2319_10.gt,2318,100000.0,86400.0,PTVRP,243057.0,4,1,0.0163,,,,,,,,,
Instances/Instances 1/u574_01.gt,573,100.0,86400.0,PTVRP,315211.0,137,2,0.005,,,,,,,,,
Instances/Instances 1/u574_02.gt,573,200.0,86400.0,PTVRP,170127.0,80,2,0.0044,,,,,,,,,
Instances/Instances 1/u574_03.gt,573,500.0,86400.0,PTVRP,84338.0,32,1,0.0049,,,,,,,,,
Instances/Instances 1/u574_04.gt,573,1000.0,86400.0,PTVRP,59257.0,16,1,0.0045,,,,,,,,,
Instances/Instances 1/u574_05.gt,573,2000.0,86400.0,PTVRP,47781.0,9,1,0.005,,,,,,,,,
Instances/Instances 1/u574_06.gt,573,5000.0,86400.0,PTVRP,41906.0,4,1,0.0049,,,,,,,,,
Instances/Instances 1/u574_07.gt,573,10000.0,86400.0,PTVRP,40177.0,2,1,0.0056,,,,,,,,,
Instances/Instances 1/u574_08.gt,573,20000.0,86400.0,PTVRP,40130.0,1,1,0.0057,,,,,,,,,
Instances/Instances 1/u574_09.gt,573,50000.0,86400.0,PTVRP,40130.0,1,1,0.0056,,,,,,,,,
Instances/Instances 1/u574_10.gt,573,100000.0,86400.0,PTVRP,40130.0,1,1,0.0048,,,,,,,,,
Instances/Instances 1/u724_01.gt,723,100.0,86400.0,PTVRP,394021.0,162,4,0.0046,,,,,,,,,
Instances/Instances 1/u724_02.gt,723,200.0,86400.0,PTVRP,211719.0,99,2,0.0049,,,,,,,,,
Instances/Instances 1/u724_03.gt,723,500.0,86400.0,PTVRP,103492.0,38,1,0.0048,,,,,,,,,
Instances/Instances 1/u724_04.gt,723,1000.0,86400.0,PTVRP,72273.0,21,1,0.0049,,,,,,,,,
Instances/Instances 1/u724_05.gt,723,2000.0,86400.0,PTVRP,55174.0,11,1,0.0056,,,,,,,,,
Instances/Instances 1/u724_06.gt,723,5000.0,86400.0,PTVRP,46182.0,5,1,0.0055,,,,,,,,,
Instances/Instances 1/u724_07.gt,723,10000.0,86400.0,PTVRP,45169.0,3,1,0.0065,,,,,,,,,
Instances/Instances 1/u724_08.gt,723,20000.0,86400.0,PTVRP,44989.0,1,1,0.006,,,,,,,,,
Instances/Instances 1/u724_09.gt,723,50000.0,86400.0,PTVRP,44989.0,1,1,0.0059,,,,,,,,,
Instances/Instances 1/u724_10.gt,723,100000.0,86400.0,PTVRP,44989.0,1,1,0.0055,,,,,,,,,
Instances/Instances 1/usa13509_01.gt,13508,100.0,86400.0,PTVRP,NO SOLUTION,,,0.0121,,,,,,,,,
Instances/Instances 1/usa13509_02.gt,13508,200.0,86400.0,PTVRP,NO SOLUTION,,,0.0138,,,,,,,,,
Instances/Instances 1/usa13509_03.gt,13508,500.0,86400.0,PTVRP,NO SOLUTION,,,0.0118,,,,,,,,,
Instances/Instances 1/usa13509_04.gt,13508,1000.0,86400.0,PTVRP,NO SOLUTION,,,0.0122,,,,,,,,,
Instances/Instances 1/usa13509_05.gt,13508,2000.0,86400.0,PTVRP,NO SOLUTION,,,0.0137,,,,,,,,,
Instances/Instances 1/usa13509_06.gt,13508,5000.0,86400.0,PTVRP,NO SOLUTION,,,0.0119,,,,,,,,,
Instances/Instances 1/usa13509_07.gt,13508,10000.0,86400.0,PTVRP,NO SOLUTION,,,0.0127,,,,,,,,,
Instances/Instances 1/usa13509_08.gt,13508,20000.0,86400.0,PTVRP,NO SOLUTION,,,0.0122,,,,,,,,,
Instances/Instances 1/usa13509_09.gt,13508,50000.0,86400.0,PTVRP,NO SOLUTION,,,0.014,,,,,,,,,
Instances/Instances 1/usa13509_10.gt,13508,100000.0,86400.0,PTVRP,NO SOLUTION,,,0.0137,,,,,,,,,
Instances/Instances 1/uy734_01.gt,733,100.0,86400.0,PTVRP,732294.0,158,3,0.0056,,,,,,,,,
Instances/Instances 1/uy734_02.gt,733,200.0,86400.0,PTVRP,411705.0,99,3,0.005,,,,,,,,,
Instances/Instances 1/uy734_03.gt,733,500.0,86400.0,PTVRP,199476.0,40,1,0.0046,,,,,,,,,
Instances/Instances 1/uy734_04.gt,733,1000.0,86400.0,PTVRP,136400.0,21,1,0.005,,,,,,,,,
Instances/Instances 1/uy734_05.gt,733,2000.0,86400.0,PTVRP,105514.0,11,1,0.0058,,,,,,,,,
Instances/Instances 1/uy734_06.gt,733,5000.0,86400.0,PTVRP,90227.0,5,1,0.0076,,,,,,,,,
Instances/Instances 1/uy734_07.gt,733,10000.0,86400.0,PTVRP,85530.0,3,1,0.0061,,,,,,,,,
Instances/Instances 1/uy734_08.gt,733,20000.0,86400.0,PTVRP,85164.0,1,1,0.0061,,,,,,,,,
Instances/Instances 1/uy734_09.gt,733,50000.0,86400.0,PTVRP,85164.0,1,1,0.0059,,,,,,,,,
Instances/Instances 1/uy734_10.gt,733,100000.0,86400.0,PTVRP,85164.0,1,1,0.0064,,,,,,,,,
Instances/Instances 1/vm1084_01.gt,1083,100.0,86400.0,PTVRP,3726449.0,217,4,0.005,,,,,,,,,
Instances/Instances 1/vm1084_02.gt,1083,200.0,86400.0,PTVRP,1932716.0,130,3,0.005,,,,,,,,,
Instances/Instances 1/vm1084_03.gt,1083,500.0,86400.0,PTVRP,881795.0,59,1,0.0046,,,,,,,,,
Instances/Instances 1/vm1084_04.gt,1083,1000.0,86400.0,PTVRP,538552.0,29,1,0.0052,,,,,,,,,
Instances/Instances 1/vm1084_05.gt,1083,2000.0,86400.0,PTVRP,381674.0,16,1,0.0058,,,,,,,,,
Instances/Instances 1/vm1084_06.gt,1083,5000.0,86400.0,PTVRP,285395.0,7,1,0.0058,,,,,,,,,
Instances/Instances 1/vm1084_07.gt,1083,10000.0,86400.0,PTVRP,260270.0,4,1,0.0062,,,,,,,,,
Instances/Instances 1/vm1084_08.gt,1083,20000.0,86400.0,PTVRP,260270.0,4,1,0.0063,,,,,,,,,
Instances/Instances 1/vm1084_09.gt,1083,50000.0,86400.0,PTVRP,260270.0,4,1,0.0065,,,,,,,,,
Instances/Instances 1/vm1084_10.gt,1083,100000.0,86400.0,PTVRP,260270.0,4,1,0.0065,,,,,,,,,
Instances/Instances 1/vm1748_01.gt,1747,100.0,86400.0,PTVRP,6327619.0,317,5,0.0056,,,,,,,,,
Instances/Instances 1/vm1748_02.gt,1747,200.0,86400.0,PTVRP,3280108.0,216,3,0.0062,,,,,,,,,
Instances/Instances 1/vm1748_03.gt,1747,500.0,86400.0,PTVRP,1460856.0,92,2,0.0055,,,,,,,,,
Instances/Instances 1/vm1748_04.gt,1747,1000.0,86400.0,PTVRP,890115.0,49,1,0.0067,,,,,,,,,
Instances/Instances 1/vm1748_05.gt,1747,2000.0,86400.0,PTVRP,609402.0,24,1,0.0064,,,,,,,,,
Instances/Instances 1/vm1748_06.gt,1747,5000.0,86400.0,PTVRP,428261.0,10,1,0.0069,,,,,,,,,
Instances/Instances 1/vm1748_07.gt,1747,10000.0,86400.0,PTVRP,376320.0,6,1,0.0086,,,,,,,,,
Instances/Instances 1/vm1748_08.gt,1747,20000.0,86400.0,PTVRP,370285.0,5,1,0.0116,,,,,,,,,
Instances/Instances 1/vm1748_09.gt,1747,50000.0,86400.0,PTVRP,370285.0,5,1,0.0089,,,,,,,,,
Instances/Instances 1/vm1748_10.gt,1747,100000.0,86400.0,PTVRP,370285.0,5,1,0.0093,,,,,,,,,
Instances/Instances 1/vm22775_01.gt,22774,100.0,86400.0,PTVRP,54441730.0,2712,8,0.0353,,,,,,,,,
Instances/Instances 1/vm22775_02.gt,22774,200.0,86400.0,PTVRP,27584502.0,1942,5,0.0363,,,,,,,,,
Instances/Instances 1/vm22775_03.gt,22774,500.0,86400.0,PTVRP,11229261.0,1107,3,0.049,,,,,,,,,
Instances/Instances 1/vm22775_04.gt,22774,1000.0,86400.0,PTVRP,5855160.0,588,2,0.0602,,,,,,,,,
Instances/Instances 1/vm22775_05.gt,22774,2000.0,86400.0,PTVRP,3205006.0,296,1,0.0803,,,,,,,,,
Instances/Instances 1/vm22775_06.gt,22774,5000.0,86400.0,PTVRP,1611192.0,118,1,0.1257,,,,,,,,,
Instances/Instances 1/vm22775_07.gt,22774,10000.0,86400.0,PTVRP,1085937.0,61,1,0.1598,,,,,,,,,
Instances/Instances 1/vm22775_08.gt,22774,20000.0,86400.0,PTVRP,824494.0,30,1,0.2493,,,,,,,,,
Instances/Instances 1/vm22775_09.gt,22774,50000.0,86400.0,PTVRP,667934.0,13,1,0.3269,,,,,,,,,
Instances/Instances 1/vm22775_10.gt,22774,100000.0,86400.0,PTVRP,630951.0,8,1,0.5044,,,,,,,,,
Instances/Instances 1/wi29_01.gt,28,100.0,86400.0,PTVRP,63832.0,8,1,0.0035,,,,,,,,,
Instances/Instances 1/wi29_02.gt,28,200.0,86400.0,PTVRP,43652.0,5,1,0.0037,,,,,,,,,
Instances/Instances 1/wi29_03.gt,28,500.0,86400.0,PTVRP,34911.0,3,1,0.0037,,,,,,,,,
Instances/Instances 1/wi29_04.gt,28,1000.0,86400.0,PTVRP,33110.0,1,1,0.0037,,,,,,,,,
Instances/Instances 1/wi29_05.gt,28,2000.0,86400.0,PTVRP,33110.0,1,1,0.0038,,,,,,,,,
Instances/Instances 1/wi29_06.gt,28,5000.0,86400.0,PTVRP,33110.0,1,1,0.0038,,,,,,,,,
Instances/Instances 1/wi29_07.gt,28,10000.0,86400.0,PTVRP,33110.0,1,1,0.0035,,,,,,,,,
Instances/Instances 1/wi29_08.gt,28,20000.0,86400.0,PTVRP,33110.0,1,1,0.0036,,,,,,,,,
Instances/Instances 1/wi29_09.gt,28,50000.0,86400.0,PTVRP,33110.0,1,1,0.0034,,,,,,,,,
Instances/Instances 1/wi29_10.gt,28,100000.0,86400.0,PTVRP,33110.0,1,1,0.0037,,,,,,,,,
Instances/Instances 1/ym7663_01.gt,7662,100.0,86400.0,PTVRP,7752216.0,1133,5,0.0185,,,,,,,,,
Instances/Instances 1/ym7663_02.gt,7662,200.0,86400.0,PTVRP,4018081.0,839,3,0.0195,,,,,,,,,
Instances/Instances 1/ym7663_03.gt,7662,500.0,86400.0,PTVRP,1695913.0,401,2,0.0247,,,,,,,,,
Instances/Instances 1/ym7663_04.gt,7662,1000.0,86400.0,PTVRP,953947.0,201,1,0.0292,,,,,,,,,
Instances/Instances 1/ym7663_05.gt,7662,2000.0,86400.0,PTVRP,584538.0,101,1,0.0424,,,,,,,,,
Instances/Instances 1/ym7663_06.gt,7662,5000.0,86400.0,PTVRP,374947.0,41,1,0.0481,,,,,,,,,
Instances/Instances 1/ym7663_07.gt,7662,10000.0,86400.0,PTVRP,306692.0,22,1,0.0787,,,,,,,,,
Instances/Instances 1/ym7663_08.gt,7662,20000.0,86400.0,PTVRP,274088.0,11,1,0.0856,,,,,,,,,
Instances/Instances 1/ym7663_09.gt,7662,50000.0,86400.0,PTVRP,257285.0,5,1,0.1002,,,,,,,,,
Instances/Instances 1/ym7663_10.gt,7662,100000.0,86400.0,PTVRP,255251.0,4,1,0.1706,,,,,,,,,
Instances/Instances 1/zi929_01.gt,928,100.0,86400.0,PTVRP,1109222.0,162,5,0.0053,,,,,,,,,
Instances/Instances 1/zi929_02.gt,928,200.0,86400.0,PTVRP,570785.0,108,4,0.0047,,,,,,,,,
Instances/Instances 1/zi929_03.gt,928,500.0,86400.0,PTVRP,275845.0,50,1,0.0048,,,,,,,,,
Instances/Instances 1/zi929_04.gt,928,1000.0,86400.0,PTVRP,181723.0,26,1,0.0052,,,,,,,,,
Instances/Instances 1/zi929_05.gt,928,2000.0,86400.0,PTVRP,137565.0,14,1,0.005,,,,,,,,,
Instances/Instances 1/zi929_06.gt,928,5000.0,86400.0,PTVRP,111798.0,6,1,0.0058,,,,,,,,,
Instances/Instances 1/zi929_07.gt,928,10000.0,86400.0,PTVRP,101349.0,3,1,0.006,,,,,,,,,
Instances/Instances 1/zi929_08.gt,928,20000.0,86400.0,PTVRP,100905.0,2,1,0.0067,,,,,,,,,
Instances/Instances 1/zi929_09.gt,928,50000.0,86400.0,PTVRP,100905.0,2,1,0.0068,,,,,,,,,
Instances/Instances 1/zi929_10.gt,928,100000.0,86400.0,PTVRP,100905.0,2,1,0.0068,,,,,,,,,
Instances/Instances 2/a280_01.gt,279,20.0,86400.0,PTVRP,73065.0,133,8,0.0042,,,,,,,,,
Instances/Instances 2/a280_02.gt,279,20.0,86400.0,PTVRP,69627.0,138,6,0.0044,,,,,,,,,
Instances/Instances 2/a280_03.gt,279,20.0,86400.0,PTVRP,70033.0,138,6,0.0042,,,,,,,,,
Instances/Instances 2/a280_04.gt,279,20.0,86400.0,PTVRP,72211.0,126,8,0.0043,,,,,,,,,
Instances/Instances 2/a280_05.gt,279,20.0,86400.0,PTVRP,71540.0,129,7,0.004,,,,,,,,,
Instances/Instances 2/a280_06.gt,279,20.0,86400.0,PTVRP,72625.0,125,7,0.0038,,,,,,,,,
Instances/Instances 2/a280_07.gt,279,20.0,86400.0,PTVRP,75409.0,144,7,0.0037,,,,,,,,,
Instances/Instances 2/a280_08.gt,279,20.0,86400.0,PTVRP,73218.0,130,7,0.0042,,,,,,,,,
Instances/Instances 2/a280_09.gt,279,20.0,86400.0,PTVRP,70552.0,137,9,0.0045,,,,,,,,,
Instances/Instances 2/a280_10.gt,279,20.0,86400.0,PTVRP,69316.0,136,7,0.0045,,,,,,,,,
Instances/Instances 2/ar9152_01.gt,9151,20.0,86400.0,PTVRP,NO SOLUTION,,,0.0115,,,,,,,,,
Instances/Instances 2/ar9152_02.gt,9151,20.0,86400.0,PTVRP,NO SOLUTION,,,0.01,,,,,,,,,
Instances/Instances 2/ar9152_03.gt,9151,20.0,86400.0,PTVRP,NO SOLUTION,,,0.01,,,,,,,,,
Instances/Instances 2/ar9152_04.gt,9151,20.0,86400.0,PTVRP,NO SOLUTION,,,0.0099,,,,,,,,,
Instances/Instances 2/ar9152_05.gt,9151,20.0,86400.0,PTVRP,NO SOLUTION,,,0.0095,,,,,,,,,
Instances/Instances 2/ar9152_06.gt,9151,20.0,86400.0,PTVRP,NO SOLUTION,,,0.0099,,,,,,,,,
Instances/Instances 2/ar9152_07.gt,9151,20.0,86400.0,PTVRP,NO SOLUTION,,,0.01,,,,,,,,,
Instances/Instances 2/ar9152_08.gt,9151,20.0,86400.0,PTVRP,NO SOLUTION,,,0.0103,,,,,,,,,
Instances/Instances 2/ar9152_09.gt,9151,20.0,86400.0,PTVRP,NO SOLUTION,,,0.0093,,,,,,,,,
Instances/Instances 2/ar9152_10.gt,9151,20.0,86400.0,PTVRP,NO SOLUTION,,,0.0098,,,,,,,,,
Instances/Instances 2/berlin52_01.gt,51,20.0,86400.0,PTVRP,51496.0,35,4,0.0032,,,,,,,,,
Instances/Instances 2/berlin52_02.gt,51,20.0,86400.0,PTVRP,55621.0,31,4,0.0036,,,,,,,,,
Instances/Instances 2/berlin52_03.gt,51,20.0,86400.0,PTVRP,68168.0,35,5,0.0031,,,,,,,,,
Instances/Instances 2/berlin52_04.gt,51,20.0,86400.0,PTVRP,65530.0,41,4,0.0039,,,,,,,,,
Instances/Instances 2/berlin52_05.gt,51,20.0,86400.0,PTVRP,65234.0,35,5,0.003,,,,,,,,,
Instances/Instances 2/berlin52_06.gt,51,20.0,86400.0,PTVRP,59666.0,29,5,0.0036,,,,,,,,,
Instances/Instances 2/berlin52_07.gt,51,20.0,86400.0,PTVRP,70707.0,37,5,0.0038,,,,,,,,,
Instances/Instances 2/berlin52_08.gt,51,20.0,86400.0,PTVRP,55987.0,33,5,0.0031,,,,,,,,,
Instances/Instances 2/berlin52_09.gt,51,20.0,86400.0,PTVRP,67848.0,34,4,0.0035,,,,,,,,,
Instances/Instances 2/berlin52_10.gt,51,20.0,86400.0,PTVRP,64579.0,35,4,0.0035,,,,,,,,,
Instances/Instances 2/bier127_01.gt,126,20.0,86400.0,PTVRP,1285131.0,74,5,0.0033,,,,,,,,,
Instances/Instances 2/bier127_02.gt,126,20.0,86400.0,PTVRP,1373509.0,77,5,0.0033,,,,,,,,,
Instances/Instances 2/bier127_03.gt,126,20.0,86400.0,PTVRP,1315115.0,81,7,0.0037,,,,,,,,,
Instances/Instances 2/bier127_04.gt,126,20.0,86400.0,PTVRP,1384370.0,74,6,0.0041,,,,,,,,,
Instances/Instances 2/bier127_05.gt,126,20.0,86400.0,PTVRP,1350243.0,73,5,0.0038,,,,,,,,,
Instances/Instances 2/bier127_06.gt,126,20.0,86400.0,PTVRP,1283571.0,68,6,0.0036,,,,,,,,,
Instances/Instances 2/bier127_07.gt,126,20.0,86400.0,PTVRP,1309712.0,70,6,0.0033,,,,,,,,,
Instances/Instances 2/bier127_08.gt,126,20.0,86400.0,PTVRP,1220999.0,76,4,0.0035,,,,,,,,,
Instances/Instances 2/bier127_09.gt,126,20.0,86400.0,PTVRP,1330236.0,72,6,0.0039,,,,,,,,,
Instances/Instances 2/bier127_10.gt,126,20.0,86400.0,PTVRP,1210161.0,76,6,0.0039,,,,,,,,,
Instances/Instances 2/bm33708_01.gt,33707,20.0,86400.0,PTVRP,266607781.0,9733,18,0.05,,,,,,,,,
Instances/Instances 2/bm33708_02.gt,33707,20.0,86400.0,PTVRP,266537121.0,9754,17,0.0498,,,,,,,,,
Instances/Instances 2/bm33708_03.gt,33707,20.0,86400.0,PTVRP,267500602.0,9706,17,0.0538,,,,,,,,,
Instances/Instances 2/bm33708_04.gt,33707,20.0,86400.0,PTVRP,267076808.0,9835,18,0.0602,,,,,,,,,
Instances/Instances 2/bm33708_05.gt,33707,20.0,86400.0,PTVRP,267589178.0,9755,17,0.0484,,,,,,,,,
Instances/Instances 2/bm33708_06.gt,33707,20.0,86400.0,PTVRP,266496539.0,9774,18,0.051,,,,,,,,,
Instances/Instances 2/bm33708_07.gt,33707,20.0,86400.0,PTVRP,268064290.0,9866,18,0.064,,,,,,,,,
Instances/Instances 2/bm33708_08.gt,33707,20.0,86400.0,PTVRP,267513339.0,9940,18,0.0735,,,,,,,,,
Instances/Instances 2/bm33708_09.gt,33707,20.0,86400.0,PTVRP,266621135.0,9803,17,0.0496,,,,,,,,,
Instances/Instances 2/bm33708_10.gt,33707,20.0,86400.0,PTVRP,265598639.0,9645,18,0.049,,,,,,,,,
Instances/Instances 2/brd14051_01.gt,14050,20.0,86400.0,PTVRP,81780746.0,4066,20,0.0204,,,,,,,,,
Instances/Instances 2/brd14051_02.gt,14050,20.0,86400.0,PTVRP,81057860.0,4037,19,0.0221,,,,,,,,,
Instances/Instances 2/brd14051_03.gt,14050,20.0,86400.0,PTVRP,81217832.0,4098,16,0.0235,,,,,,,,,
Instances/Instances 2/brd14051_04.gt,14050,20.0,86400.0,PTVRP,81710438.0,4117,19,0.0215,,,,,,,,,
Instances/Instances 2/brd14051_05.gt,14050,20.0,86400.0,PTVRP,81621139.0,4123,21,0.0228,,,,,,,,,
Instances/Instances 2/brd14051_06.gt,14050,20.0,86400.0,PTVRP,81705145.0,4124,15,0.0257,,,,,,,,,
Instances/Instances 2/brd14051_07.gt,14050,20.0,86400.0,PTVRP,81806096.0,4136,16,0.0225,,,,,,,,,
Instances/Instances 2/brd14051_08.gt,14050,20.0,86400.0,PTVRP,82753631.0,4160,16,0.0216,,,,,,,,,
Instances/Instances 2/brd14051_09.gt,14050,20.0,86400.0,PTVRP,82016611.0,4152,16,0.0216,,,,,,,,,
Instances/Instances 2/brd14051_10.gt,14050,20.0,86400.0,PTVRP,81447471.0,4107,20,0.0213,,,,,,,,,
Instances/Instances 2/ca4663_01.gt,4662,20.0,86400.0,PTVRP,NO SOLUTION,,,0.007,,,,,,,,,
Instances/Instances 2/ca4663_02.gt,4662,20.0,86400.0,PTVRP,NO SOLUTION,,,0.0061,,,,,,,,,
Instances/Instances 2/ca4663_03.gt,4662,20.0,86400.0,PTVRP,NO SOLUTION,,,0.0067,,,,,,,,,
Instances/Instances 2/ca4663_04.gt,4662,20.0,86400.0,PTVRP,NO SOLUTION,,,0.0072,,,,,,,,,
Instances/Instances 2/ca4663_05.gt,4662,20.0,86400.0,PTVRP,NO SOLUTION,,,0.0082,,,,,,,,,
Instances/Instances 2/ca4663_06.gt,4662,20.0,86400.0,PTVRP,NO SOLUTION,,,0.0064,,,,,,,,,
Instances/Instances 2/ca4663_07.gt,4662,20.0,86400.0,PTVRP,NO SOLUTION,,,0.0067,,,,,,,,,
Instances/Instances 2/ca4663_08.gt,4662,20.0,86400.0,PTVRP,NO SOLUTION,,,0.0069,,,,,,,,,
Instances/Instances 2/ca4663_09.gt,4662,20.0,86400.0,PTVRP,NO SOLUTION,,,0.0073,,,,,,,,,
Instances/Instances 2/ca4663_10.gt,4662,20.0,86400.0,PTVRP,NO SOLUTION,,,0.0074,,,,,,,,,
Instances/Instances 2/ch130_01.gt,129,20.0,86400.0,PTVRP,97546.0,65,6,0.0044,,,,,,,,,
Instances/Instances 2/ch130_02.gt,129,20.0,86400.0,PTVRP,100776.0,73,8,0.0038,,,,,,,,,
Instances/Instances 2/ch130_03.gt,129,20.0,86400.0,PTVRP,99916.0,69,6,0.0038,,,,,,,,,
Instances/Instances 2/ch130_04.gt,129,20.0,86400.0,PTVRP,108977.0,71,7,0.0037,,,,,,,,,
Instances/Instances 2/ch130_05.gt,129,20.0,86400.0,PTVRP,96310.0,68,6,0.0032,,,,,,,,,
Instances/Instances 2/ch130_06.gt,129,20.0,86400.0,PTVRP,94305.0,69,7,0.0036,,,,,,,,,
Instances/Instances 2/ch130_07.gt,129,20.0,86400.0,PTVRP,95705.0,72,6,0.0041,,,,,,,,,
Instances/Instances 2/ch130_08.gt,129,20.0,86400.0,PTVRP,105568.0,69,6,0.0041,,,,,,,,,
Instances/Instances 2/ch130_09.gt,129,20.0,86400.0,PTVRP,97617.0,74,6,0.0045,,,,,,,,,
Instances/Instances 2/ch130_10.gt,129,20.0,86400.0,PTVRP,97471.0,68,6,0.0041,,,,,,,,,
Instances/Instances 2/ch150_01.gt,149,20.0,86400.0,PTVRP,125618.0,83,6,0.0034,,,,,,,,,
Instances/Instances 2/ch150_02.gt,149,20.0,86400.0,PTVRP,109287.0,74,7,0.0035,,,,,,,,,
Instances/Instances 2/ch150_03.gt,149,20.0,86400.0,PTVRP,111233.0,84,7,0.004,,,,,,,,,
Instances/Instances 2/ch150_04.gt,149,20.0,86400.0,PTVRP,116220.0,79,11,0.0041,,,,,,,,,
Instances/Instances 2/ch150_05.gt,149,20.0,86400.0,PTVRP,121717.0,87,7,0.0042,,,,,,,,,
Instances/Instances 2/ch150_06.gt,149,20.0,86400.0,PTVRP,112498.0,81,7,0.0049,,,,,,,,,
Instances/Instances 2/ch150_07.gt,149,20.0,86400.0,PTVRP,119674.0,74,8,0.0132,,,,,,,,,
Instances/Instances 2/ch150_08.gt,149,20.0,86400.0,PTVRP,123117.0,76,7,0.0041,,,,,,,,,
Instances/Instances 2/ch150_09.gt,149,20.0,86400.0,PTVRP,114490.0,77,6,0.0042,,,,,,,,,
Instances/Instances 2/ch150_10.gt,149,20.0,86400.0,PTVRP,116533.0,80,5,0.0045,,,,,,,,,
Instances/Instances 2/ch71009_01.gt,71008,20.0,86400.0,PTVRP,NO SOLUTION,,,0.0511,,,,,,,,,
Instances/Instances 2/ch71009_02.gt,71008,20.0,86400.0,PTVRP,NO SOLUTION,,,0.0845,,,,,,,,,
Instances/Instances 2/ch71009_03.gt,71008,20.0,86400.0,PTVRP,NO SOLUTION,,,0.0578,,,,,,,,,
Instances/Instances 2/ch71009_04.gt,71008,20.0,86400.0,PTVRP,NO SOLUTION,,,0.0542,,,,,,,,,
Instances/Instances 2/ch71009_05.gt,71008,20.0,86400.0,PTVRP,NO SOLUTION,,,0.0532,,,,,,,,,
Instances/Instances 2/ch71009_06.gt,71008,20.0,86400.0,PTVRP,NO SOLUTION,,,0.0542,,,,,,,,,
Instances/Instances 2/ch71009_07.gt,71008,20.0,86400.0,PTVRP,NO SOLUTION,,,0.052,,,,,,,,,
Instances/Instances 2/ch71009_08.gt,71008,20.0,86400.0,PTVRP,NO SOLUTION,,,0.0511,,,,,,,,,
Instances/Instances 2/ch71009_09.gt,71008,20.0,86400.0,PTVRP,NO SOLUTION,,,0.0546,,,,,,,,,
Instances/Instances 2/ch71009_10.gt,71008,20.0,86400.0,PTVRP,NO SOLUTION,,,0.0511,,,,,,,,,
Instances/Instances 2/d1291_01.gt,1290,20.0,86400.0,PTVRP,3596492.0,488,13,0.0061,,,,,,,,,
Instances/Instances 2/d1291_02.gt,1290,20.0,86400.0,PTVRP,3267831.0,493,10,0.0053,,,,,,,,,
Instances/Instances 2/d1291_03.gt,1290,20.0,86400.0,PTVRP,3436670.0,483,12,0.0058,,,,,,,,,
Instances/Instances 2/d1291_04.gt,1290,20.0,86400.0,PTVRP,3363161.0,501,13,0.0064,,,,,,,,,
Instances/Instances 2/d1291_05.gt,1290,20.0,86400.0,PTVRP,3429998.0,492,10,0.0058,,,,,,,,,
Instances/Instances 2/d1291_06.gt,1290,20.0,86400.0,PTVRP,3413697.0,465,11,0.006,,,,,,,,,
Instances/Instances 2/d1291_07.gt,1290,20.0,86400.0,PTVRP,3385304.0,487,10,0.0053,,,,,,,,,
Instances/Instances 2/d1291_08.gt,1290,20.0,86400.0,PTVRP,3368128.0,461,14,0.0057,,,,,,,,,
Instances/Instances 2/d1291_09.gt,1290,20.0,86400.0,PTVRP,3418892.0,493,12,0.0048,,,,,,,,,
Instances/Instances 2/d1291_10.gt,1290,20.0,86400.0,PTVRP,3383842.0,470,18,0.0051,,,,,,,,,
Instances/Instances 2/d15112_01.gt,15111,20.0,86400.0,PTVRP,269951897.0,6657,13,0.0278,,,,,,,,,
Instances/Instances 2/d15112_02.gt,15111,20.0,86400.0,PTVRP,272296027.0,6790,13,0.025,,,,,,,,,
Instances/Instances 2/d15112_03.gt,15111,20.0,86400.0,PTVRP,267831077.0,6600,13,0.0256,,,,,,,,,
Instances/Instances 2/d15112_04.gt,15111,20.0,86400.0,PTVRP,271386986.0,6780,12,0.0259,,,,,,,,,
Instances/Instances 2/d15112_05.gt,15111,20.0,86400.0,PTVRP,269217706.0,6736,11,0.0268,,,,,,,,,
Instances/Instances 2/d15112_06.gt,15111,20.0,86400.0,PTVRP,272615922.0,6748,12,0.0264,,,,,,,,,
Instances/Instances 2/d15112_07.gt,15111,20.0,86400.0,PTVRP,270564799.0,6641,13,0.0249,,,,,,,,,
Instances/Instances 2/d15112_08.gt,15111,20.0,86400.0,PTVRP,271805424.0,6838,12,0.0263,,,,,,,,,
Instances/Instances 2/d15112_09.gt,15111,20.0,86400.0,PTVRP,273322269.0,6817,14,0.0253,,,,,,,,,
Instances/Instances 2/d15112_10.gt,15111,20.0,86400.0,PTVRP,269279118.0,6708,12,0.0257,,,,,,,,,
Instances/Instances 2/d1655_01.gt,1654,20.0,86400.0,PTVRP,4311096.0,614,14,0.0055,,,,,,,,,
Instances/Instances 2/d1655_02.gt,1654,20.0,86400.0,PTVRP,4471021.0,594,12,0.0058,,,,,,,,,
Instances/Instances 2/d1655_03.gt,1654,20.0,86400.0,PTVRP,4285921.0,596,12,0.0068,,,,,,,,,
Instances/Instances 2/d1655_04.gt,1654,20.0,86400.0,PTVRP,4342170.0,601,13,0.0058,,,,,,,,,
Instances/Instances 2/d1655_05.gt,1654,20.0,86400.0,PTVRP,4321143.0,606,11,0.0058,,,,,,,,,
Instances/Instances 2/d1655_06.gt,1654,20.0,86400.0,PTVRP,4361788.0,586,13,0.0059,,,,,,,,,
Instances/Instances 2/d1655_07.gt,1654,20.0,86400.0,PTVRP,4415572.0,586,12,0.0059,,,,,,,,,
Instances/Instances 2/d1655_08.gt,1654,20.0,86400.0,PTVRP,4420119.0,573,13,0.0062,,,,,,,,,
Instances/Instances 2/d1655_09.gt,1654,20.0,86400.0,PTVRP,4454408.0,593,11,0.0066,,,,,,,,,
Instances/Instances 2/d1655_10.gt,1654,20.0,86400.0,PTVRP,4456696.0,604,13,0.0061,,,,,,,,,
Instances/Instances 2/d18512_01.gt,18511,20.0,86400.0,PTVRP,116490296.0,5262,16,0.0294,,,,,,,,,
Instances/Instances 2/d18512_02.gt,18511,20.0,86400.0,PTVRP,115151869.0,5273,18,0.0281,,,,,,,,,
Instances/Instances 2/d18512_03.gt,18511,20.0,86400.0,PTVRP,116670558.0,5379,16,0.0269,,,,,,,,,
Instances/Instances 2/d18512_04.gt,18511,20.0,86400.0,PTVRP,116055615.0,5306,18,0.0273,,,,,,,,,
Instances/Instances 2/d18512_05.gt,18511,20.0,86400.0,PTVRP,116156809.0,5316,16,0.0281,,,,,,,,,
Instances/Instances 2/d18512_06.gt,18511,20.0,86400.0,PTVRP,116330575.0,5363,17,0.0279,,,,,,,,,
Instances/Instances 2/d18512_07.gt,18511,20.0,86400.0,PTVRP,115406918.0,5243,18,0.027,,,,,,,,,
Instances/Instances 2/d18512_08.gt,18511,20.0,86400.0,PTVRP,116422205.0,5311,18,0.0284,,,,,,,,,
Instances/Instances 2/d18512_09.gt,18511,20.0,86400.0,PTVRP,117224983.0,5366,18,0.0266,,,,,,,,,
Instances/Instances 2/d18512_10.gt,18511,20.0,86400.0,PTVRP,117109102.0,5370,16,0.0287,,,,,,,,,
Instances/Instances 2/d198_01.gt,197,20.0,86400.0,PTVRP,391429.0,92,8,0.0033,,,,,,,,,
Instances/Instances 2/d198_02.gt,197,20.0,86400.0,PTVRP,408690.0,89,8,0.0038,,,,,,,,,
Instances/Instances 2/d198_03.gt,197,20.0,86400.0,PTVRP,417189.0,82,10,0.0037,,,,,,,,,
Instances/Instances 2/d198_04.gt,197,20.0,86400.0,PTVRP,407027.0,89,7,0.0036,,,,,,,,,
Instances/Instances 2/d198_05.gt,197,20.0,86400.0,PTVRP,408752.0,91,8,0.0034,,,,,,,,,
Instances/Instances 2/d198_06.gt,197,20.0,86400.0,PTVRP,392701.0,87,9,0.0044,,,,,,,,,
Instances/Instances 2/d198_07.gt,197,20.0,86400.0,PTVRP,391049.0,87,7,0.0041,,,,,,,,,
Instances/Instances 2/d198_08.gt,197,20.0,86400.0,PTVRP,411048.0,86,10,0.0041,,,,,,,,,
Instances/Instances 2/d198_09.gt,197,20.0,86400.0,PTVRP,398457.0,87,9,0.0046,,,,,,,,,
Instances/Instances 2/d198_10.gt,197,20.0,86400.0,PTVRP,419449.0,94,9,0.0031,,,,,,,,,
Instances/Instances 2/d2103_01.gt,2102,20.0,86400.0,PTVRP,6627894.0,737,13,0.0086,,,,,,,,,
Instances/Instances 2/d2103_02.gt,2102,20.0,86400.0,PTVRP,6550658.0,765,14,0.0066,,,,,,,,,
Instances/Instances 2/d2103_03.gt,2102,20.0,86400.0,PTVRP,6670710.0,738,12,0.006,,,,,,,,,
Instances/Instances 2/d2103_04.gt,2102,20.0,86400.0,PTVRP,6510116.0,736,11,0.0061,,,,,,,,,
Instances/Instances 2/d2103_05.gt,2102,20.0,86400.0,PTVRP,6523059.0,769,12,0.0063,,,,,,,,,
Instances/Instances 2/d2103_06.gt,2102,20.0,86400.0,PTVRP,6499593.0,733,15,0.0059,,,,,,,,,
Instances/Instances 2/d2103_07.gt,2102,20.0,86400.0,PTVRP,6603452.0,731,14,0.0066,,,,,,,,,
Instances/Instances 2/d2103_08.gt,2102,20.0,86400.0,PTVRP,6632885.0,708,15,0.0162,,,,,,,,,
Instances/Instances 2/d2103_09.gt,2102,20.0,86400.0,PTVRP,6507514.0,744,12,0.0061,,,,,,,,,
Instances/Instances 2/d2103_10.gt,2102,20.0,86400.0,PTVRP,6558459.0,739,12,0.0065,,,,,,,,,
Instances/Instances 2/d493_01.gt,492,20.0,86400.0,PTVRP,971521.0,222,9,0.0043,,,,,,,,,
Instances/Instances 2/d493_02.gt,492,20.0,86400.0,PTVRP,929771.0,227,11,0.0043,,,,,,,,,
Instances/Instances 2/d493_03.gt,492,20.0,86400.0,PTVRP,981444.0,236,9,0.0041,,,,,,,,,
Instances/Instances 2/d493_04.gt,492,20.0,86400.0,PTVRP,950693.0,213,9,0.0041,,,,,,,,,
Instances/Instances 2/d493_05.gt,492,20.0,86400.0,PTVRP,967441.0,217,9,0.0042,,,,,,,,,
Instances/Instances 2/d493_06.gt,492,20.0,86400.0,PTVRP,979290.0,210,11,0.0045,,,,,,,,,
Instances/Instances 2/d493_07.gt,492,20.0,86400.0,PTVRP,1009277.0,240,9,0.0048,,,,,,,,,
Instances/Instances 2/d493_08.gt,492,20.0,86400.0,PTVRP,907855.0,207,8,0.0051,,,,,,,,,
Instances/Instances 2/d493_09.gt,492,20.0,86400.0,PTVRP,981104.0,219,8,0.0047,,,,,,,,,
Instances/Instances 2/d493_10.gt,492,20.0,86400.0,PTVRP,936308.0,221,8,0.0046,,,,,,,,,
Instances/Instances 2/d657_01.gt,656,20.0,86400.0,PTVRP,1705077.0,297,10,0.0048,,,,,,,,,
Instances/Instances 2/d657_02.gt,656,20.0,86400.0,PTVRP,1727859.0,282,10,0.0046,,,,,,,,,
Instances/Instances 2/d657_03.gt,656,20.0,86400.0,PTVRP,1739518.0,282,9,0.0044,,,,,,,,,
Instances/Instances 2/d657_04.gt,656,20.0,86400.0,PTVRP,1775842.0,287,9,0.0046,,,,,,,,,
Instances/Instances 2/d657_05.gt,656,20.0,86400.0,PTVRP,1801103.0,289,10,0.0045,,,,,,,,,
Instances/Instances 2/d657_06.gt,656,20.0,86400.0,PTVRP,1695067.0,289,9,0.0046,,,,,,,,,
Instances/Instances 2/d657_07.gt,656,20.0,86400.0,PTVRP,1743333.0,270,9,0.0039,,,,,,,,,
Instances/Instances 2/d657_08.gt,656,20.0,86400.0,PTVRP,1808360.0,267,9,0.0036,,,,,,,,,
Instances/Instances 2/d657_09.gt,656,20.0,86400.0,PTVRP,1766629.0,282,11,0.0035,,,,,,,,,
Instances/Instances 2/d657_10.gt,656,20.0,86400.0,PTVRP,1762735.0,287,8,0.004,,,,,,,,,
Instances/Instances 2/dj38_01.gt,37,20.0,86400.0,PTVRP,66218.0,22,6,0.0029,,,,,,,,,
Instances/Instances 2/dj38_02.gt,37,20.0,86400.0,PTVRP,64157.0,25,6,0.0028,,,,,,,,,
Instances/Instances 2/dj38_03.gt,37,20.0,86400.0,PTVRP,61669.0,24,6,0.0029,,,,,,,,,
Instances/Instances 2/dj38_04.gt,37,20.0,86400.0,PTVRP,55039.0,25,4,0.0029,,,,,,,,,
Instances/Instances 2/dj38_05.gt,37,20.0,86400.0,PTVRP,60527.0,24,4,0.003,,,,,,,,,
Instances/Instances 2/dj38_06.gt,37,20.0,86400.0,PTVRP,60774.0,25,4,0.003,,,,,,,,,
Instances/Instances 2/dj38_07.gt,37,20.0,86400.0,PTVRP,67059.0,23,5,0.0032,,,,,,,,,
Instances/Instances 2/dj38_08.gt,37,20.0,86400.0,PTVRP,63246.0,24,5,0.0034,,,,,,,,,
Instances/Instances 2/dj38_09.gt,37,20.0,86400.0,PTVRP,53493.0,21,5,0.0031,,,,,,,,,
Instances/Instances 2/dj38_10.gt,37,20.0,86400.0,PTVRP,60902.0,27,5,0.0034,,,,,,,,,
Instances/Instances 2/eg7146_01.gt,7145,20.0,86400.0,PTVRP,28407450.0,2097,19,0.0133,,,,,,,,,
Instances/Instances 2/eg7146_02.gt,7145,20.0,86400.0,PTVRP,28073479.0,2041,16,0.0131,,,,,,,,,
Instances/Instances 2/eg7146_03.gt,7145,20.0,86400.0,PTVRP,28491277.0,2009,18,0.0135,,,,,,,,,
Instances/Instances 2/eg7146_04.gt,7145,20.0,86400.0,PTVRP,28123360.0,2092,17,0.0129,,,,,,,,,
Instances/Instances 2/eg7146_05.gt,7145,20.0,86400.0,PTVRP,28428563.0,2052,19,0.0137,,,,,,,,,
Instances/Instances 2/eg7146_06.gt,7145,20.0,86400.0,PTVRP,28187821.0,2037,20,0.0138,,,,,,,,,
Instances/Instances 2/eg7146_07.gt,7145,20.0,86400.0,PTVRP,28409479.0,2133,17,0.0138,,,,,,,,,
Instances/Instances 2/eg7146_08.gt,7145,20.0,86400.0,PTVRP,28452009.0,2074,18,0.0137,,,,,,,,,
Instances/Instances 2/eg7146_09.gt,7145,20.0,86400.0,PTVRP,28190030.0,2053,17,0.0143,,,,,,,,,
Instances/Instances 2/eg7146_10.gt,7145,20.0,86400.0,PTVRP,28544110.0,2075,19,0.0139,,,,,,,,,
Instances/Instances 2/ei8246_01.gt,8245,20.0,86400.0,PTVRP,28936243.0,2513,16,0.016,,,,,,,,,
Instances/Instances 2/ei8246_02.gt,8245,20.0,86400.0,PTVRP,28746376.0,2514,18,0.0165,,,,,,,,,
Instances/Instances 2/ei8246_03.gt,8245,20.0,86400.0,PTVRP,28768482.0,2552,15,0.0159,,,,,,,,,
Instances/Instances 2/ei8246_04.gt,8245,20.0,86400.0,PTVRP,28754078.0,2483,18,0.0162,,,,,,,,,
Instances/Instances 2/ei8246_05.gt,8245,20.0,86400.0,PTVRP,28790458.0,2555,18,0.0156,,,,,,,,,
Instances/Instances 2/ei8246_06.gt,8245,20.0,86400.0,PTVRP,28772425.0,2557,16,0.0152,,,,,,,,,
Instances/Instances 2/ei8246_07.gt,8245,20.0,86400.0,PTVRP,28900417.0,2520,19,0.0155,,,,,,,,,
Instances/Instances 2/ei8246_08.gt,8245,20.0,86400.0,PTVRP,28655630.0,2448,17,0.0154,,,,,,,,,
Instances/Instances 2/ei8246_09.gt,8245,20.0,86400.0,PTVRP,28994360.0,2555,16,0.0155,,,,,,,,,
Instances/Instances 2/ei8246_10.gt,8245,20.0,86400.0,PTVRP,28400086.0,2494,17,0.0146,,,,,,,,,
Instances/Instances 2/eil101_01.gt,100,20.0,86400.0,PTVRP,8224.0,63,6,0.0032,,,,,,,,,
Instances/Instances 2/eil101_02.gt,100,20.0,86400.0,PTVRP,7407.0,62,4,0.0037,,,,,,,,,
Instances/Instances 2/eil101_03.gt,100,20.0,86400.0,PTVRP,7855.0,58,5,0.0039,,,,,,,,,
Instances/Instances 2/eil101_04.gt,100,20.0,86400.0,PTVRP,7190.0,65,5,0.0039,,,,,,,,,
Instances/Instances 2/eil101_05.gt,100,20.0,86400.0,PTVRP,8342.0,57,7,0.0038,,,,,,,,,
Instances/Instances 2/eil101_06.gt,100,20.0,86400.0,PTVRP,7020.0,59,6,0.004,,,,,,,,,
Instances/Instances 2/eil101_07.gt,100,20.0,86400.0,PTVRP,7268.0,60,6,0.0039,,,,,,,,,
Instances/Instances 2/eil101_08.gt,100,20.0,86400.0,PTVRP,7768.0,55,6,0.004,,,,,,,,,
Instances/Instances 2/eil101_09.gt,100,20.0,86400.0,PTVRP,7533.0,62,6,0.0039,,,,,,,,,
Instances/Instances 2/eil101_10.gt,100,20.0,86400.0,PTVRP,8180.0,61,6,0.0043,,,,,,,,,
Instances/Instances 2/eil51_01.gt,50,20.0,86400.0,PTVRP,3528.0,33,5,0.0036,,,,,,,,,
Instances/Instances 2/eil51_02.gt,50,20.0,86400.0,PTVRP,3959.0,35,5,0.0034,,,,,,,,,
Instances/Instances 2/eil51_03.gt,50,20.0,86400.0,PTVRP,3735.0,31,4,0.0037,,,,,,,,,
Instances/Instances 2/eil51_04.gt,50,20.0,86400.0,PTVRP,3878.0,33,5,0.0036,,,,,,,,,
Instances/Instances 2/eil51_05.gt,50,20.0,86400.0,PTVRP,2841.0,32,4,0.0039,,,,,,,,,
Instances/Instances 2/eil51_06.gt,50,20.0,86400.0,PTVRP,3710.0,36,4,0.0035,,,,,,,,,
Instances/Instances 2/eil51_07.gt,50,20.0,86400.0,PTVRP,3829.0,35,5,0.0035,,,,,,,,,
Instances/Instances 2/eil51_08.gt,50,20.0,86400.0,PTVRP,3576.0,37,5,0.0034,,,,,,,,,
Instances/Instances 2/eil51_09.gt,50,20.0,86400.0,PTVRP,3953.0,31,6,0.0037,,,,,,,,,
Instances/Instances 2/eil51_10.gt,50,20.0,86400.0,PTVRP,3961.0,34,7,0.0036,,,,,,,,,
Instances/Instances 2/eil76_01.gt,75,20.0,86400.0,PTVRP,5405.0,50,5,0.0036,,,,,,,,,
Instances/Instances 2/eil76_02.gt,75,20.0,86400.0,PTVRP,5462.0,47,5,0.0034,,,,,,,,,
Instances/Instances 2/eil76_03.gt,75,20.0,86400.0,PTVRP,5202.0,48,5,0.0036,,,,,,,,,
Instances/Instances 2/eil76_04.gt,75,20.0,86400.0,PTVRP,5353.0,45,4,0.0035,,,,,,,,,
Instances/Instances 2/eil76_05.gt,75,20.0,86400.0,PTVRP,5822.0,49,4,0.0037,,,,,,,,,
Instances/Instances 2/eil76_06.gt,75,20.0,86400.0,PTVRP,5093.0,45,4,0.0032,,,,,,,,,
Instances/Instances 2/eil76_07.gt,75,20.0,86400.0,PTVRP,6197.0,47,5,0.0036,,,,,,,,,
Instances/Instances 2/eil76_08.gt,75,20.0,86400.0,PTVRP,6005.0,52,6,0.0035,,,,,,,,,
Instances/Instances 2/eil76_09.gt,75,20.0,86400.0,PTVRP,5550.0,44,5,0.003,,,,,,,,,
Instances/Instances 2/eil76_10.gt,75,20.0,86400.0,PTVRP,5222.0,50,4,0.0037,,,,,,,,,
Instances/Instances 2/fi10639_01.gt,10638,20.0,86400.0,PTVRP,83469131.0,3245,15,0.017,,,,,,,,,
Instances/Instances 2/fi10639_02.gt,10638,20.0,86400.0,PTVRP,83837548.0,3256,15,0.0162,,,,,,,,,
Instances/Instances 2/fi10639_03.gt,10638,20.0,86400.0,PTVRP,83200082.0,3188,15,0.0168,,,,,,,,,
Instances/Instances 2/fi10639_04.gt,10638,20.0,86400.0,PTVRP,83057911.0,3236,15,0.0182,,,,,,,,,
Instances/Instances 2/fi10639_05.gt,10638,20.0,86400.0,PTVRP,83673127.0,3205,15,0.0172,,,,,,,,,
Instances/Instances 2/fi10639_06.gt,10638,20.0,86400.0,PTVRP,83690020.0,3237,16,0.0178,,,,,,,,,
Instances/Instances 2/fi10639_07.gt,10638,20.0,86400.0,PTVRP,84032931.0,3155,15,0.016,,,,,,,,,
Instances/Instances 2/fi10639_08.gt,10638,20.0,86400.0,PTVRP,83891806.0,3254,15,0.0188,,,,,,,,,
Instances/Instances 2/fi10639_09.gt,10638,20.0,86400.0,PTVRP,83128034.0,3205,16,0.0179,,,,,,,,,
Instances/Instances 2/fi10639_10.gt,10638,20.0,86400.0,PTVRP,83505986.0,3272,16,0.0164,,,,,,,,,
Instances/Instances 2/fl1400_01.gt,1399,20.0,86400.0,PTVRP,3522838.0,314,20,0.006,,,,,,,,,
Instances/Instances 2/fl1400_02.gt,1399,20.0,86400.0,PTVRP,3501534.0,343,21,0.0049,,,,,,,,,
Instances/Instances 2/fl1400_03.gt,1399,20.0,86400.0,PTVRP,3649593.0,343,20,0.006,,,,,,,,,
Instances/Instances 2/fl1400_04.gt,1399,20.0,86400.0,PTVRP,3605379.0,341,20,0.0053,,,,,,,,,
Instances/Instances 2/fl1400_05.gt,1399,20.0,86400.0,PTVRP,3452856.0,356,22,0.0056,,,,,,,,,
Instances/Instances 2/fl1400_06.gt,1399,20.0,86400.0,PTVRP,3596218.0,357,20,0.0058,,,,,,,,,
Instances/Instances 2/fl1400_07.gt,1399,20.0,86400.0,PTVRP,3547896.0,325,20,0.0058,,,,,,,,,
Instances/Instances 2/fl1400_08.gt,1399,20.0,86400.0,PTVRP,3455538.0,334,17,0.0073,,,,,,,,,
Instances/Instances 2/fl1400_09.gt,1399,20.0,86400.0,PTVRP,3533464.0,326,22,0.0067,,,,,,,,,
Instances/Instances 2/fl1400_10.gt,1399,20.0,86400.0,PTVRP,3497474.0,340,21,0.0053,,,,,,,,,
Instances/Instances 2/fl1577_01.gt,1576,20.0,86400.0,PTVRP,2552865.0,501,13,0.0066,,,,,,,,,
Instances/Instances 2/fl1577_02.gt,1576,20.0,86400.0,PTVRP,2575760.0,501,14,0.007,,,,,,,,,
Instances/Instances 2/fl1577_03.gt,1576,20.0,86400.0,PTVRP,2559176.0,504,13,0.0073,,,,,,,,,
Instances/Instances 2/fl1577_04.gt,1576,20.0,86400.0,PTVRP,2529304.0,517,15,0.0078,,,,,,,,,
Instances/Instances 2/fl1577_05.gt,1576,20.0,86400.0,PTVRP,2603206.0,514,13,0.0064,,,,,,,,,
Instances/Instances 2/fl1577_06.gt,1576,20.0,86400.0,PTVRP,2550728.0,501,13,0.0074,,,,,,,,,
Instances/Instances 2/fl1577_07.gt,1576,20.0,86400.0,PTVRP,2521192.0,506,15,0.0073,,,,,,,,,
Instances/Instances 2/fl1577_08.gt,1576,20.0,86400.0,PTVRP,2576473.0,509,16,0.0067,,,,,,,,,
Instances/Instances 2/fl1577_09.gt,1576,20.0,86400.0,PTVRP,2525377.0,510,18,0.0066,,,,,,,,,
Instances/Instances 2/fl1577_10.gt,1576,20.0,86400.0,PTVRP,2548258.0,516,16,0.0067,,,,,,,,,
Instances/Instances 2/fl3795_01.gt,3794,20.0,86400.0,PTVRP,6833040.0,984,21,0.0113,,,,,,,,,
Instances/Instances 2/fl3795_02.gt,3794,20.0,86400.0,PTVRP,6820241.0,1012,17,0.0097,,,,,,,,,
Instances/Instances 2/fl3795_03.gt,3794,20.0,86400.0,PTVRP,6667065.0,951,20,0.0098,,,,,,,,,
Instances/Instances 2/fl3795_04.gt,3794,20.0,86400.0,PTVRP,6692019.0,994,25,0.01,,,,,,,,,
Instances/Instances 2/fl3795_05.gt,3794,20.0,86400.0,PTVRP,6744047.0,996,20,0.0098,,,,,,,,,
Instances/Instances 2/fl3795_06.gt,3794,20.0,86400.0,PTVRP,6667681.0,975,20,0.0092,,,,,,,,,
Instances/Instances 2/fl3795_07.gt,3794,20.0,86400.0,PTVRP,6832596.0,1001,23,0.0091,,,,,,,,,
Instances/Instances 2/fl3795_08.gt,3794,20.0,86400.0,PTVRP,6593318.0,979,22,0.0089,,,,,,,,,
Instances/Instances 2/fl3795_09.gt,3794,20.0,86400.0,PTVRP,6767380.0,996,20,0.0093,,,,,,,,,
Instances/Instances 2/fl3795_10.gt,3794,20.0,86400.0,PTVRP,6760145.0,1002,20,0.0094,,,,,,,,,
Instances/Instances 2/fl417_01.gt,416,20.0,86400.0,PTVRP,1094548.0,130,14,0.0039,,,,,,,,,
Instances/Instances 2/fl417_02.gt,416,20.0,86400.0,PTVRP,1003696.0,121,15,0.0043,,,,,,,,,
Instances/Instances 2/fl417_03.gt,416,20.0,86400.0,PTVRP,1068558.0,128,14,0.0043,,,,,,,,,
Instances/Instances 2/fl417_04.gt,416,20.0,86400.0,PTVRP,1022162.0,118,15,0.0041,,,,,,,,,
Instances/Instances 2/fl417_05.gt,416,20.0,86400.0,PTVRP,1084392.0,124,19,0.0041,,,,,,,,,
Instances/Instances 2/fl417_06.gt,416,20.0,86400.0,PTVRP,1045791.0,110,13,0.0038,,,,,,,,,
Instances/Instances 2/fl417_07.gt,416,20.0,86400.0,PTVRP,1099613.0,127,15,0.0041,,,,,,,,,
Instances/Instances 2/fl417_08.gt,416,20.0,86400.0,PTVRP,1071387.0,135,14,0.0037,,,,,,,,,
Instances/Instances 2/fl417_09.gt,416,20.0,86400.0,PTVRP,1039365.0,117,12,0.0039,,,,,,,,,
Instances/Instances 2/fl417_10.gt,416,20.0,86400.0,PTVRP,1105941.0,123,18,0.0039,,,,,,,,,
Instances/Instances 2/fnl4461_01.gt,4460,20.0,86400.0,PTVRP,16961715.0,1530,15,0.0098,,,,,,,,,
Instances/Instances 2/fnl4461_02.gt,4460,20.0,86400.0,PTVRP,16797639.0,1541,13,0.0097,,,,,,,,,
Instances/Instances 2/fnl4461_03.gt,4460,20.0,86400.0,PTVRP,16850587.0,1562,16,0.0105,,,,,,,,,
Instances/Instances 2/fnl4461_04.gt,4460,20.0,86400.0,PTVRP,16840451.0,1535,14,0.0091,,,,,,,,,
Instances/Instances 2/fnl4461_05.gt,4460,20.0,86400.0,PTVRP,16398390.0,1526,14,0.0099,,,,,,,,,
Instances/Instances 2/fnl4461_06.gt,4460,20.0,86400.0,PTVRP,16665040.0,1545,14,0.0099,,,,,,,,,
Instances/Instances 2/fnl4461_07.gt,4460,20.0,86400.0,PTVRP,16513749.0,1544,13,0.0103,,,,,,,,,
Instances/Instances 2/fnl4461_08.gt,4460,20.0,86400.0,PTVRP,16397634.0,1534,16,0.0092,,,,,,,,,
Instances/Instances 2/fnl4461_09.gt,4460,20.0,86400.0,PTVRP,16486954.0,1561,13,0.0098,,,,,,,,,
Instances/Instances 2/fnl4461_10.gt,4460,20.0,86400.0,PTVRP,16571552.0,1537,12,0.0094,,,,,,,,,
Instances/Instances 2/gil262_01.gt,261,20.0,86400.0,PTVRP,58935.0,128,7,0.0044,,,,,,,,,
Instances/Instances 2/gil262_02.gt,261,20.0,86400.0,PTVRP,55593.0,138,7,0.0038,,,,,,,,,
Instances/Instances 2/gil262_03.gt,261,20.0,86400.0,PTVRP,55722.0,132,9,0.0043,,,,,,,,,
Instances/Instances 2/gil262_04.gt,261,20.0,86400.0,PTVRP,57260.0,132,7,0.0041,,,,,,,,,
Instances/Instances 2/gil262_05.gt,261,20.0,86400.0,PTVRP,59977.0,129,8,0.0039,,,,,,,,,
Instances/Instances 2/gil262_06.gt,261,20.0,86400.0,PTVRP,53836.0,136,6,0.0046,,,,,,,,,
Instances/Instances 2/gil262_07.gt,261,20.0,86400.0,PTVRP,58426.0,124,8,0.004,,,,,,,,,
Instances/Instances 2/gil262_08.gt,261,20.0,86400.0,PTVRP,56352.0,139,6,0.0033,,,,,,,,,
Instances/Instances 2/gil262_09.gt,261,20.0,86400.0,PTVRP,55474.0,135,6,0.0039,,,,,,,,,
Instances/Instances 2/gil262_10.gt,261,20.0,86400.0,PTVRP,55945.0,125,7,0.0041,,,,,,,,,
Instances/Instances 2/gr9882_01.gt,9881,20.0,86400.0,PTVRP,55589654.0,2907,15,0.016,,,,,,,,,
Instances/Instances 2/gr9882_02.gt,9881,20.0,86400.0,PTVRP,55512558.0,2947,17,0.0163,,,,,,,,,
Instances/Instances 2/gr9882_03.gt,9881,20.0,86400.0,PTVRP,55168530.0,2827,16,0.0174,,,,,,,,,
Instances/Instances 2/gr9882_04.gt,9881,20.0,86400.0,PTVRP,55785700.0,2866,18,0.0163,,,,,,,,,
Instances/Instances 2/gr9882_05.gt,9881,20.0,86400.0,PTVRP,55340799.0,2899,18,0.0157,,,,,,,,,
Instances/Instances 2/gr9882_06.gt,9881,20.0,86400.0,PTVRP,55108055.0,2800,16,0.0161,,,,,,,,,
Instances/Instances 2/gr9882_07.gt,9881,20.0,86400.0,PTVRP,56330416.0,2923,14,0.0173,,,,,,,,,
Instances/Instances 2/gr9882_08.gt,9881,20.0,86400.0,PTVRP,55301954.0,2873,16,0.0169,,,,,,,,,
Instances/Instances 2/gr9882_09.gt,9881,20.0,86400.0,PTVRP,55660726.0,2916,18,0.0164,,,,,,,,,
Instances/Instances 2/gr9882_10.gt,9881,20.0,86400.0,PTVRP,55084954.0,2885,19,0.0174,,,,,,,,,
Instances/Instances 2/ho14473_01.gt,14472,20.0,86400.0,PTVRP,41054525.0,3473,39,0.0231,,,,,,,,,
Instances/Instances 2/ho14473_02.gt,14472,20.0,86400.0,PTVRP,41547285.0,3486,30,0.0243,,,,,,,,,
Instances/Instances 2/ho14473_03.gt,14472,20.0,86400.0,PTVRP,41257934.0,3529,40,0.0435,,,,,,,,,
Instances/Instances 2/ho14473_04.gt,14472,20.0,86400.0,PTVRP,41111090.0,3535,34,0.0234,,,,,,,,,
Instances/Instances 2/ho14473_05.gt,14472,20.0,86400.0,PTVRP,41431239.0,3592,38,0.0225,,,,,,,,,
Instances/Instances 2/ho14473_06.gt,14472,20.0,86400.0,PTVRP,41493497.0,3428,40,0.0237,,,,,,,,,
Instances/Instances 2/ho14473_07.gt,14472,20.0,86400.0,PTVRP,41036496.0,3486,33,0.0225,,,,,,,,,
Instances/Instances 2/ho14473_08.gt,14472,20.0,86400.0,PTVRP,41396972.0,3444,37,0.0242,,,,,,,,,
Instances/Instances 2/ho14473_09.gt,14472,20.0,86400.0,PTVRP,41064579.0,3468,34,0.0244,,,,,,,,,
Instances/Instances 2/ho14473_10.gt,14472,20.0,86400.0,PTVRP,41212839.0,3458,31,0.0253,,,,,,,,,
Instances/Instances 2/it16862_01.gt,16861,20.0,86400.0,PTVRP,137173624.0,5151,16,0.025,,,,,,,,,
Instances/Instances 2/it16862_02.gt,16861,20.0,86400.0,PTVRP,135413716.0,5132,18,0.0252,,,,,,,,,
Instances/Instances 2/it16862_03.gt,16861,20.0,86400.0,PTVRP,136673116.0,5190,16,0.0292,,,,,,,,,
Instances/Instances 2/it16862_04.gt,16861,20.0,86400.0,PTVRP,134279401.0,5098,16,0.0248,,,,,,,,,
Instances/Instances 2/it16862_05.gt,16861,20.0,86400.0,PTVRP,134949013.0,5070,15,0.0292,,,,,,,,,
Instances/Instances 2/it16862_06.gt,16861,20.0,86400.0,PTVRP,135015607.0,5154,16,0.0265,,,,,,,,,
Instances/Instances 2/it16862_07.gt,16861,20.0,86400.0,PTVRP,134793494.0,5099,20,0.0663,,,,,,,,,
Instances/Instances 2/it16862_08.gt,16861,20.0,86400.0,PTVRP,134825917.0,5132,16,0.0251,,,,,,,,,
Instances/Instances 2/it16862_09.gt,16861,20.0,86400.0,PTVRP,136147772.0,5225,16,0.0248,,,,,,,,,
Instances/Instances 2/it16862_10.gt,16861,20.0,86400.0,PTVRP,134487444.0,5111,16,0.0257,,,,,,,,,
Instances/Instances 2/ja9847_01.gt,9846,20.0,86400.0,PTVRP,NO SOLUTION,,,0.0098,,,,,,,,,
Instances/Instances 2/ja9847_02.gt,9846,20.0,86400.0,PTVRP,NO SOLUTION,,,0.0102,,,,,,,,,
Instances/Instances 2/ja9847_03.gt,9846,20.0,86400.0,PTVRP,NO SOLUTION,,,0.01,,,,,,,,,
Instances/Instances 2/ja9847_04.gt,9846,20.0,86400.0,PTVRP,NO SOLUTION,,,0.01,,,,,,,,,
Instances/Instances 2/ja9847_05.gt,9846,20.0,86400.0,PTVRP,NO SOLUTION,,,0.0105,,,,,,,,,
Instances/Instances 2/ja9847_06.gt,9846,20.0,86400.0,PTVRP,NO SOLUTION,,,0.0104,,,,,,,,,
Instances/Instances 2/ja9847_07.gt,9846,20.0,86400.0,PTVRP,NO SOLUTION,,,0.0099,,,,,,,,,
Instances/Instances 2/ja9847_08.gt,9846,20.0,86400.0,PTVRP,NO SOLUTION,,,0.0101,,,,,,,,,
Instances/Instances 2/ja9847_09.gt,9846,20.0,86400.0,PTVRP,NO SOLUTION,,,0.01,,,,,,,,,
Instances/Instances 2/ja9847_10.gt,9846,20.0,86400.0,PTVRP,NO SOLUTION,,,0.0093,,,,,,,,,
Instances/Instances 2/kroA100_01.gt,99,20.0,86400.0,PTVRP,370636.0,50,7,0.004,,,,,,,,,
Instances/Instances 2/kroA100_02.gt,99,20.0,86400.0,PTVRP,351799.0,49,6,0.0037,,,,,,,,,
Instances/Instances 2/kroA100_03.gt,99,20.0,86400.0,PTVRP,373500.0,53,6,0.0035,,,,,,,,,
Instances/Instances 2/kroA100_04.gt,99,20.0,86400.0,PTVRP,342430.0,53,5,0.0036,,,,,,,,,
Instances/Instances 2/kroA100_05.gt,99,20.0,86400.0,PTVRP,370999.0,56,6,0.0031,,,,,,,,,
Instances/Instances 2/kroA100_06.gt,99,20.0,86400.0,PTVRP,325271.0,47,7,0.0035,,,,,,,,,
Instances/Instances 2/kroA100_07.gt,99,20.0,86400.0,PTVRP,329845.0,49,9,0.0039,,,,,,,,,
Instances/Instances 2/kroA100_08.gt,99,20.0,86400.0,PTVRP,357594.0,59,5,0.003,,,,,,,,,
Instances/Instances 2/kroA100_09.gt,99,20.0,86400.0,PTVRP,353355.0,50,6,0.0037,,,,,,,,,
Instances/Instances 2/kroA100_10.gt,99,20.0,86400.0,PTVRP,393692.0,53,6,0.0031,,,,,,,,,
Instances/Instances 2/kroA150_01.gt,149,20.0,86400.0,PTVRP,553296.0,72,9,0.0029,,,,,,,,,
Instances/Instances 2/kroA150_02.gt,149,20.0,86400.0,PTVRP,531749.0,77,7,0.0038,,,,,,,,,
Instances/Instances 2/kroA150_03.gt,149,20.0,86400.0,PTVRP,499174.0,75,7,0.0042,,,,,,,,,
Instances/Instances 2/kroA150_04.gt,149,20.0,86400.0,PTVRP,530437.0,70,7,0.0031,,,,,,,,,
Instances/Instances 2/kroA150_05.gt,149,20.0,86400.0,PTVRP,491176.0,74,7,0.0039,,,,,,,,,
Instances/Instances 2/kroA150_06.gt,149,20.0,86400.0,PTVRP,529459.0,68,7,0.0039,,,,,,,,,
Instances/Instances 2/kroA150_07.gt,149,20.0,86400.0,PTVRP,590204.0,78,7,0.0043,,,,,,,,,
Instances/Instances 2/kroA150_08.gt,149,20.0,86400.0,PTVRP,561364.0,68,7,0.0036,,,,,,,,,
Instances/Instances 2/kroA150_09.gt,149,20.0,86400.0,PTVRP,590437.0,74,7,0.0038,,,,,,,,,
Instances/Instances 2/kroA150_10.gt,149,20.0,86400.0,PTVRP,530351.0,70,7,0.0036,,,,,,,,,
Instances/Instances 2/kroA200_01.gt,199,20.0,86400.0,PTVRP,741456.0,95,7,0.0035,,,,,,,,,
Instances/Instances 2/kroA200_02.gt,199,20.0,86400.0,PTVRP,682026.0,91,6,0.0038,,,,,,,,,
Instances/Instances 2/kroA200_03.gt,199,20.0,86400.0,PTVRP,759333.0,92,7,0.0042,,,,,,,,,
Instances/Instances 2/kroA200_04.gt,199,20.0,86400.0,PTVRP,790719.0,94,9,0.0073,,,,,,,,,
Instances/Instances 2/kroA200_05.gt,199,20.0,86400.0,PTVRP,668520.0,91,7,0.0035,,,,,,,,,
Instances/Instances 2/kroA200_06.gt,199,20.0,86400.0,PTVRP,748516.0,92,7,0.0036,,,,,,,,,
Instances/Instances 2/kroA200_07.gt,199,20.0,86400.0,PTVRP,769244.0,93,9,0.0038,,,,,,,,,
Instances/Instances 2/kroA200_08.gt,199,20.0,86400.0,PTVRP,726706.0,87,8,0.0038,,,,,,,,,
Instances/Instances 2/kroA200_09.gt,199,20.0,86400.0,PTVRP,663457.0,94,7,0.0033,,,,,,,,,
Instances/Instances 2/kroA200_10.gt,199,20.0,86400.0,PTVRP,749818.0,90,8,0.0038,,,,,,,,,
Instances/Instances 2/kroB100_01.gt,99,20.0,86400.0,PTVRP,378993.0,61,6,0.0041,,,,,,,,,
Instances/Instances 2/kroB100_02.gt,99,20.0,86400.0,PTVRP,361631.0,53,6,0.0039,,,,,,,,,
Instances/Instances 2/kroB100_03.gt,99,20.0,86400.0,PTVRP,330911.0,48,6,0.0036,,,,,,,,,
Instances/Instances 2/kroB100_04.gt,99,20.0,86400.0,PTVRP,359805.0,56,7,0.0044,,,,,,,,,
Instances/Instances 2/kroB100_05.gt,99,20.0,86400.0,PTVRP,407062.0,51,7,0.0038,,,,,,,,,
Instances/Instances 2/kroB100_06.gt,99,20.0,86400.0,PTVRP,383232.0,51,7,0.0039,,,,,,,,,
Instances/Instances 2/kroB100_07.gt,99,20.0,86400.0,PTVRP,419085.0,56,7,0.0031,,,,,,,,,
Instances/Instances 2/kroB100_08.gt,99,20.0,86400.0,PTVRP,366728.0,54,6,0.0041,,,,,,,,,
Instances/Instances 2/kroB100_09.gt,99,20.0,86400.0,PTVRP,334796.0,45,7,0.0039,,,,,,,,,
Instances/Instances 2/kroB100_10.gt,99,20.0,86400.0,PTVRP,367537.0,56,6,0.0035,,,,,,,,,
Instances/Instances 2/kroB150_01.gt,149,20.0,86400.0,PTVRP,576374.0,79,8,0.0043,,,,,,,,,
Instances/Instances 2/kroB150_02.gt,149,20.0,86400.0,PTVRP,547594.0,66,8,0.0036,,,,,,,,,
Instances/Instances 2/kroB150_03.gt,149,20.0,86400.0,PTVRP,582023.0,74,9,0.004,,,,,,,,,
Instances/Instances 2/kroB150_04.gt,149,20.0,86400.0,PTVRP,560316.0,64,8,0.0037,,,,,,,,,
Instances/Instances 2/kroB150_05.gt,149,20.0,86400.0,PTVRP,630724.0,78,9,0.0039,,,,,,,,,
Instances/Instances 2/kroB150_06.gt,149,20.0,86400.0,PTVRP,512348.0,66,8,0.004,,,,,,,,,
Instances/Instances 2/kroB150_07.gt,149,20.0,86400.0,PTVRP,562626.0,76,8,0.0039,,,,,,,,,
Instances/Instances 2/kroB150_08.gt,149,20.0,86400.0,PTVRP,557331.0,74,8,0.0034,,,,,,,,,
Instances/Instances 2/kroB150_09.gt,149,20.0,86400.0,PTVRP,581315.0,70,7,0.0047,,,,,,,,,
Instances/Instances 2/kroB150_10.gt,149,20.0,86400.0,PTVRP,573945.0,74,7,0.0041,,,,,,,,,
Instances/Instances 2/kroB200_01.gt,199,20.0,86400.0,PTVRP,720543.0,96,7,0.0044,,,,,,,,,
Instances/Instances 2/kroB200_02.gt,199,20.0,86400.0,PTVRP,674226.0,100,6,0.0042,,,,,,,,,
Instances/Instances 2/kroB200_03.gt,199,20.0,86400.0,PTVRP,765927.0,105,8,0.0035,,,,,,,,,
Instances/Instances 2/kroB200_04.gt,199,20.0,86400.0,PTVRP,697662.0,96,8,0.005,,,,,,,,,
Instances/Instances 2/kroB200_05.gt,199,20.0,86400.0,PTVRP,716445.0,98,10,0.0039,,,,,,,,,
Instances/Instances 2/kroB200_06.gt,199,20.0,86400.0,PTVRP,742880.0,100,7,0.0042,,,,,,,,,
Instances/Instances 2/kroB200_07.gt,199,20.0,86400.0,PTVRP,728023.0,95,10,0.0044,,,,,,,,,
Instances/Instances 2/kroB200_08.gt,199,20.0,86400.0,PTVRP,696489.0,99,8,0.0036,,,,,,,,,
Instances/Instances 2/kroB200_09.gt,199,20.0,86400.0,PTVRP,755683.0,95,8,0.0054,,,,,,,,,
Instances/Instances 2/kroB200_10.gt,199,20.0,86400.0,PTVRP,684751.0,90,7,0.0042,,,,,,,,,
Instances/Instances 2/kroC100_01.gt,99,20.0,86400.0,PTVRP,383855.0,49,7,0.0044,,,,,,,,,
Instances/Instances 2/kroC100_02.gt,99,20.0,86400.0,PTVRP,371907.0,50,6,0.0037,,,,,,,,,
Instances/Instances 2/kroC100_03.gt,99,20.0,86400.0,PTVRP,363169.0,51,5,0.0035,,,,,,,,,
Instances/Instances 2/kroC100_04.gt,99,20.0,86400.0,PTVRP,387636.0,53,6,0.0047,,,,,,,,,
Instances/Instances 2/kroC100_05.gt,99,20.0,86400.0,PTVRP,441690.0,54,7,0.0034,,,,,,,,,
Instances/Instances 2/kroC100_06.gt,99,20.0,86400.0,PTVRP,402652.0,54,8,0.0034,,,,,,,,,
Instances/Instances 2/kroC100_07.gt,99,20.0,86400.0,PTVRP,371087.0,52,6,0.0039,,,,,,,,,
Instances/Instances 2/kroC100_08.gt,99,20.0,86400.0,PTVRP,382468.0,57,6,0.0039,,,,,,,,,
Instances/Instances 2/kroC100_09.gt,99,20.0,86400.0,PTVRP,384692.0,49,6,0.0044,,,,,,,,,
Instances/Instances 2/kroC100_10.gt,99,20.0,86400.0,PTVRP,395625.0,52,7,0.0041,,,,,,,,,
Instances/Instances 2/kroD100_01.gt,99,20.0,86400.0,PTVRP,345875.0,54,7,0.0039,,,,,,,,,
Instances/Instances 2/kroD100_02.gt,99,20.0,86400.0,PTVRP,345002.0,51,5,0.004,,,,,,,,,
Instances/Instances 2/kroD100_03.gt,99,20.0,86400.0,PTVRP,345425.0,53,5,0.0038,,,,,,,,,
Instances/Instances 2/kroD100_04.gt,99,20.0,86400.0,PTVRP,331306.0,57,6,0.004,,,,,,,,,
Instances/Instances 2/kroD100_05.gt,99,20.0,86400.0,PTVRP,401310.0,58,7,0.0035,,,,,,,,,
Instances/Instances 2/kroD100_06.gt,99,20.0,86400.0,PTVRP,363794.0,53,7,0.0037,,,,,,,,,
Instances/Instances 2/kroD100_07.gt,99,20.0,86400.0,PTVRP,338564.0,47,6,0.0044,,,,,,,,,
Instances/Instances 2/kroD100_08.gt,99,20.0,86400.0,PTVRP,359121.0,57,7,0.0036,,,,,,,,,
Instances/Instances 2/kroD100_09.gt,99,20.0,86400.0,PTVRP,359655.0,57,7,0.0036,,,,,,,,,
Instances/Instances 2/kroD100_10.gt,99,20.0,86400.0,PTVRP,377767.0,50,7,0.0038,,,,,,,,,
Instances/Instances 2/kroE100_01.gt,99,20.0,86400.0,PTVRP,366106.0,53,8,0.0036,,,,,,,,,
Instances/Instances 2/kroE100_02.gt,99,20.0,86400.0,PTVRP,383437.0,56,6,0.0031,,,,,,,,,
Instances/Instances 2/kroE100_03.gt,99,20.0,86400.0,PTVRP,368814.0,55,5,0.0038,,,,,,,,,
Instances/Instances 2/kroE100_04.gt,99,20.0,86400.0,PTVRP,388418.0,55,5,0.0034,,,,,,,,,
Instances/Instances 2/kroE100_05.gt,99,20.0,86400.0,PTVRP,427958.0,56,8,0.0036,,,,,,,,,
Instances/Instances 2/kroE100_06.gt,99,20.0,86400.0,PTVRP,391953.0,51,7,0.0039,,,,,,,,,
Instances/Instances 2/kroE100_07.gt,99,20.0,86400.0,PTVRP,367717.0,50,6,0.0038,,,,,,,,,
Instances/Instances 2/kroE100_08.gt,99,20.0,86400.0,PTVRP,396538.0,54,7,0.0051,,,,,,,,,
Instances/Instances 2/kroE100_09.gt,99,20.0,86400.0,PTVRP,380502.0,54,5,0.0043,,,,,,,,,
Instances/Instances 2/kroE100_10.gt,99,20.0,86400.0,PTVRP,396164.0,58,7,0.004,,,,,,,,,
Instances/Instances 2/kz9976_01.gt,9975,20.0,86400.0,PTVRP,NO SOLUTION,,,0.0157,,,,,,,,,
Instances/Instances 2/kz9976_02.gt,9975,20.0,86400.0,PTVRP,NO SOLUTION,,,0.0178,,,,,,,,,
Instances/Instances 2/kz9976_03.gt,9975,20.0,86400.0,PTVRP,NO SOLUTION,,,0.0138,,,,,,,,,
Instances/Instances 2/kz9976_04.gt,9975,20.0,86400.0,PTVRP,NO SOLUTION,,,0.0115,,,,,,,,,
Instances/Instances 2/kz9976_05.gt,9975,20.0,86400.0,PTVRP,NO SOLUTION,,,0.0114,,,,,,,,,
Instances/Instances 2/kz9976_06.gt,9975,20.0,86400.0,PTVRP,NO SOLUTION,,,0.0132,,,,,,,,,
Instances/Instances 2/kz9976_07.gt,9975,20.0,86400.0,PTVRP,NO SOLUTION,,,0.0115,,,,,,,,,
Instances/Instances 2/kz9976_08.gt,9975,20.0,86400.0,PTVRP,NO SOLUTION,,,0.0116,,,,,,,,,
Instances/Instances 2/kz9976_09.gt,9975,20.0,86400.0,PTVRP,NO SOLUTION,,,0.0133,,,,,,,,,
Instances/Instances 2/kz9976_10.gt,9975,20.0,86400.0,PTVRP,NO SOLUTION,,,0.015,,,,,,,,,
Instances/Instances 2/lin105_01.gt,104,20.0,86400.0,PTVRP,256859.0,52,7,0.0038,,,,,,,,,
Instances/Instances 2/lin105_02.gt,104,20.0,86400.0,PTVRP,270194.0,48,7,0.0061,,,,,,,,,
Instances/Instances 2/lin105_03.gt,104,20.0,86400.0,PTVRP,243273.0,57,7,0.0038,,,,,,,,,
Instances/Instances 2/lin105_04.gt,104,20.0,86400.0,PTVRP,259216.0,58,6,0.0046,,,,,,,,,
Instances/Instances 2/lin105_05.gt,104,20.0,86400.0,PTVRP,228942.0,54,6,0.0031,,,,,,,,,
Instances/Instances 2/lin105_06.gt,104,20.0,86400.0,PTVRP,248028.0,52,7,0.0037,,,,,,,,,
Instances/Instances 2/lin105_07.gt,104,20.0,86400.0,PTVRP,276882.0,61,7,0.0034,,,,,,,,,
Instances/Instances 2/lin105_08.gt,104,20.0,86400.0,PTVRP,239648.0,53,7,0.0038,,,,,,,,,
Instances/Instances 2/lin105_09.gt,104,20.0,86400.0,PTVRP,265155.0,53,8,0.0029,,,,,,,,,
Instances/Instances 2/lin105_10.gt,104,20.0,86400.0,PTVRP,264002.0,58,10,0.0045,,,,,,,,,
Instances/Instances 2/lin318_01.gt,317,20.0,86400.0,PTVRP,1203102.0,146,9,0.0032,,,,,,,,,
Instances/Instances 2/lin318_02.gt,317,20.0,86400.0,PTVRP,1140467.0,145,7,0.0036,,,,,,,,,
Instances/Instances 2/lin318_03.gt,317,20.0,86400.0,PTVRP,1225544.0,136,8,0.0039,,,,,,,,,
Instances/Instances 2/lin318_04.gt,317,20.0,86400.0,PTVRP,1160301.0,155,8,0.0039,,,,,,,,,
Instances/Instances 2/lin318_05.gt,317,20.0,86400.0,PTVRP,1204055.0,149,8,0.0048,,,,,,,,,
Instances/Instances 2/lin318_06.gt,317,20.0,86400.0,PTVRP,1220766.0,143,9,0.0038,,,,,,,,,
Instances/Instances 2/lin318_07.gt,317,20.0,86400.0,PTVRP,1162224.0,148,6,0.0038,,,,,,,,,
Instances/Instances 2/lin318_08.gt,317,20.0,86400.0,PTVRP,1300076.0,151,10,0.0046,,,,,,,,,
Instances/Instances 2/lin318_09.gt,317,20.0,86400.0,PTVRP,1199595.0,143,7,0.0038,,,,,,,,,
Instances/Instances 2/lin318_10.gt,317,20.0,86400.0,PTVRP,1249664.0,152,9,0.0035,,,,,,,,,
Instances/Instances 2/linhp318_01.gt,317,20.0,86400.0,PTVRP,1256145.0,151,9,0.0042,,,,,,,,,
Instances/Instances 2/linhp318_02.gt,317,20.0,86400.0,PTVRP,1241823.0,142,9,0.0037,,,,,,,,,
Instances/Instances 2/linhp318_03.gt,317,20.0,86400.0,PTVRP,1280941.0,155,8,0.004,,,,,,,,,
Instances/Instances 2/linhp318_04.gt,317,20.0,86400.0,PTVRP,1216901.0,144,9,0.0042,,,,,,,,,
Instances/Instances 2/linhp318_05.gt,317,20.0,86400.0,PTVRP,1144043.0,144,8,0.0038,,,,,,,,,
Instances/Instances 2/linhp318_06.gt,317,20.0,86400.0,PTVRP,1265582.0,149,10,0.0049,,,,,,,,,
Instances/Instances 2/linhp318_07.gt,317,20.0,86400.0,PTVRP,1218659.0,150,9,0.0037,,,,,,,,,
Instances/Instances 2/linhp318_08.gt,317,20.0,86400.0,PTVRP,1224658.0,135,8,0.0038,,,,,,,,,
Instances/Instances 2/linhp318_09.gt,317,20.0,86400.0,PTVRP,1176953.0,153,8,0.0036,,,,,,,,,
Instances/Instances 2/linhp318_10.gt,317,20.0,86400.0,PTVRP,1304745.0,144,9,0.0038,,,,,,,,,
Instances/Instances 2/lu980_01.gt,979,20.0,86400.0,PTVRP,634375.0,372,13,0.0053,,,,,,,,,
Instances/Instances 2/lu980_02.gt,979,20.0,86400.0,PTVRP,597749.0,355,15,0.0052,,,,,,,,,
Instances/Instances 2/lu980_03.gt,979,20.0,86400.0,PTVRP,625997.0,356,13,0.0052,,,,,,,,,
Instances/Instances 2/lu980_04.gt,979,20.0,86400.0,PTVRP,621015.0,346,13,0.0051,,,,,,,,,
Instances/Instances 2/lu980_05.gt,979,20.0,86400.0,PTVRP,629769.0,360,12,0.0049,,,,,,,,,
Instances/Instances 2/lu980_06.gt,979,20.0,86400.0,PTVRP,615319.0,357,15,0.0049,,,,,,,,,
Instances/Instances 2/lu980_07.gt,979,20.0,86400.0,PTVRP,615606.0,351,10,0.0051,,,,,,,,,
Instances/Instances 2/lu980_08.gt,979,20.0,86400.0,PTVRP,611653.0,342,13,0.0065,,,,,,,,,
Instances/Instances 2/lu980_09.gt,979,20.0,86400.0,PTVRP,622039.0,348,13,0.0045,,,,,,,,,
Instances/Instances 2/lu980_10.gt,979,20.0,86400.0,PTVRP,602928.0,370,11,0.0054,,,,,,,,,
Instances/Instances 2/mo14185_01.gt,14184,20.0,86400.0,PTVRP,95461861.0,3985,16,0.0206,,,,,,,,,
Instances/Instances 2/mo14185_02.gt,14184,20.0,86400.0,PTVRP,94886942.0,3918,18,0.0211,,,,,,,,,
Instances/Instances 2/mo14185_03.gt,14184,20.0,86400.0,PTVRP,94282186.0,3931,16,0.0216,,,,,,,,,
Instances/Instances 2/mo14185_04.gt,14184,20.0,86400.0,PTVRP,95143267.0,3982,18,0.023,,,,,,,,,
Instances/Instances 2/mo14185_05.gt,14184,20.0,86400.0,PTVRP,95356468.0,3925,16,0.0233,,,,,,,,,
Instances/Instances 2/mo14185_06.gt,14184,20.0,86400.0,PTVRP,94652703.0,3966,16,0.0217,,,,,,,,,
Instances/Instances 2/mo14185_07.gt,14184,20.0,86400.0,PTVRP,95212243.0,3967,16,0.0221,,,,,,,,,
Instances/Instances 2/mo14185_08.gt,14184,20.0,86400.0,PTVRP,95089409.0,3952,16,0.0225,,,,,,,,,
Instances/Instances 2/mo14185_09.gt,14184,20.0,86400.0,PTVRP,94795522.0,3935,17,0.0202,,,,,,,,,
Instances/Instances 2/mo14185_10.gt,14184,20.0,86400.0,PTVRP,95543168.0,3872,15,0.0226,,,,,,,,,
Instances/Instances 2/mu1979_01.gt,1978,20.0,86400.0,PTVRP,10552448.0,657,15,0.007,,,,,,,,,
Instances/Instances 2/mu1979_02.gt,1978,20.0,86400.0,PTVRP,10601470.0,639,14,0.0075,,,,,,,,,
Instances/Instances 2/mu1979_03.gt,1978,20.0,86400.0,PTVRP,10855526.0,677,15,0.007,,,,,,,,,
Instances/Instances 2/mu1979_04.gt,1978,20.0,86400.0,PTVRP,10284597.0,666,16,0.0064,,,,,,,,,
Instances/Instances 2/mu1979_05.gt,1978,20.0,86400.0,PTVRP,10377139.0,667,17,0.0063,,,,,,,,,
Instances/Instances 2/mu1979_06.gt,1978,20.0,86400.0,PTVRP,10282292.0,667,14,0.0065,,,,,,,,,
Instances/Instances 2/mu1979_07.gt,1978,20.0,86400.0,PTVRP,10525543.0,680,15,0.0064,,,,,,,,,
Instances/Instances 2/mu1979_08.gt,1978,20.0,86400.0,PTVRP,10349452.0,665,16,0.0067,,,,,,,,,
Instances/Instances 2/mu1979_09.gt,1978,20.0,86400.0,PTVRP,10707959.0,672,15,0.0065,,,,,,,,,
Instances/Instances 2/mu1979_10.gt,1978,20.0,86400.0,PTVRP,10473496.0,664,17,0.0064,,,,,,,,,
Instances/Instances 2/nrw1379_01.gt,1378,20.0,86400.0,PTVRP,2900697.0,561,11,0.0055,,,,,,,,,
Instances/Instances 2/nrw1379_02.gt,1378,20.0,86400.0,PTVRP,2864393.0,575,11,0.0055,,,,,,,,,
Instances/Instances 2/nrw1379_03.gt,1378,20.0,86400.0,PTVRP,2991694.0,567,9,0.0049,,,,,,,,,
Instances/Instances 2/nrw1379_04.gt,1378,20.0,86400.0,PTVRP,2967649.0,532,10,0.0057,,,,,,,,,
Instances/Instances 2/nrw1379_05.gt,1378,20.0,86400.0,PTVRP,2923442.0,549,9,0.0055,,,,,,,,,
Instances/Instances 2/nrw1379_06.gt,1378,20.0,86400.0,PTVRP,2859195.0,554,10,0.0055,,,,,,,,,
Instances/Instances 2/nrw1379_07.gt,1378,20.0,86400.0,PTVRP,2941464.0,562,11,0.0054,,,,,,,,,
Instances/Instances 2/nrw1379_08.gt,1378,20.0,86400.0,PTVRP,2908918.0,548,10,0.0055,,,,,,,,,
Instances/Instances 2/nrw1379_09.gt,1378,20.0,86400.0,PTVRP,2966966.0,554,11,0.0056,,,,,,,,,
Instances/Instances 2/nrw1379_10.gt,1378,20.0,86400.0,PTVRP,2823534.0,543,10,0.005,,,,,,,,,
Instances/Instances 2/nu3496_01.gt,3495,20.0,86400.0,PTVRP,9981936.0,1089,15,0.0076,,,,,,,,,
Instances/Instances 2/nu3496_02.gt,3495,20.0,86400.0,PTVRP,9982322.0,1105,16,0.0083,,,,,,,,,
Instances/Instances 2/nu3496_03.gt,3495,20.0,86400.0,PTVRP,9948983.0,1093,17,0.0083,,,,,,,,,
Instances/Instances 2/nu3496_04.gt,3495,20.0,86400.0,PTVRP,10066631.0,1111,15,0.0082,,,,,,,,,
Instances/Instances 2/nu3496_05.gt,3495,20.0,86400.0,PTVRP,10278441.0,1118,19,0.0079,,,,,,,,,
Instances/Instances 2/nu3496_06.gt,3495,20.0,86400.0,PTVRP,10018229.0,1119,19,0.0081,,,,,,,,,
Instances/Instances 2/nu3496_07.gt,3495,20.0,86400.0,PTVRP,9991035.0,1106,15,0.0083,,,,,,,,,
Instances/Instances 2/nu3496_08.gt,3495,20.0,86400.0,PTVRP,10052721.0,1139,18,0.0104,,,,,,,,,
Instances/Instances 2/nu3496_09.gt,3495,20.0,86400.0,PTVRP,10135816.0,1110,18,0.0095,,,,,,,,,
Instances/Instances 2/nu3496_10.gt,3495,20.0,86400.0,PTVRP,10168191.0,1144,15,0.0096,,,,,,,,,
Instances/Instances 2/p654_01.gt,653,20.0,86400.0,PTVRP,4302441.0,170,13,0.0046,,,,,,,,,
Instances/Instances 2/p654_02.gt,653,20.0,86400.0,PTVRP,4130591.0,177,14,0.0052,,,,,,,,,
Instances/Instances 2/p654_03.gt,653,20.0,86400.0,PTVRP,4415693.0,193,14,0.0045,,,,,,,,,
Instances/Instances 2/p654_04.gt,653,20.0,86400.0,PTVRP,4249123.0,173,14,0.0044,,,,,,,,,
Instances/Instances 2/p654_05.gt,653,20.0,86400.0,PTVRP,4315902.0,188,13,0.0049,,,,,,,,,
Instances/Instances 2/p654_06.gt,653,20.0,86400.0,PTVRP,4422172.0,174,14,0.0038,,,,,,,,,
Instances/Instances 2/p654_07.gt,653,20.0,86400.0,PTVRP,4326441.0,166,15,0.0043,,,,,,,,,
Instances/Instances 2/p654_08.gt,653,20.0,86400.0,PTVRP,4343680.0,184,16,0.0046,,,,,,,,,
Instances/Instances 2/p654_09.gt,653,20.0,86400.0,PTVRP,4048578.0,172,15,0.0044,,,,,,,,,
Instances/Instances 2/p654_10.gt,653,20.0,86400.0,PTVRP,4325444.0,165,15,0.0046,,,,,,,,,
Instances/Instances 2/pcb1173_01.gt,1172,20.0,86400.0,PTVRP,2827187.0,470,10,0.0055,,,,,,,,,
Instances/Instances 2/pcb1173_02.gt,1172,20.0,86400.0,PTVRP,2864320.0,476,10,0.0061,,,,,,,,,
Instances/Instances 2/pcb1173_03.gt,1172,20.0,86400.0,PTVRP,2871166.0,489,10,0.0055,,,,,,,,,
Instances/Instances 2/pcb1173_04.gt,1172,20.0,86400.0,PTVRP,2867451.0,479,12,0.0055,,,,,,,,,
Instances/Instances 2/pcb1173_05.gt,1172,20.0,86400.0,PTVRP,2869183.0,485,12,0.0049,,,,,,,,,
Instances/Instances 2/pcb1173_06.gt,1172,20.0,86400.0,PTVRP,2815360.0,480,10,0.006,,,,,,,,,
Instances/Instances 2/pcb1173_07.gt,1172,20.0,86400.0,PTVRP,2884723.0,487,9,0.0054,,,,,,,,,
Instances/Instances 2/pcb1173_08.gt,1172,20.0,86400.0,PTVRP,2877236.0,472,10,0.0062,,,,,,,,,
Instances/Instances 2/pcb1173_09.gt,1172,20.0,86400.0,PTVRP,2903698.0,476,9,0.005,,,,,,,,,
Instances/Instances 2/pcb1173_10.gt,1172,20.0,86400.0,PTVRP,2858486.0,448,10,0.0051,,,,,,,,,
Instances/Instances 2/pcb3038_01.gt,3037,20.0,86400.0,PTVRP,10777614.0,1074,12,0.0071,,,,,,,,,
Instances/Instances 2/pcb3038_02.gt,3037,20.0,86400.0,PTVRP,10835812.0,1087,12,0.0077,,,,,,,,,
Instances/Instances 2/pcb3038_03.gt,3037,20.0,86400.0,PTVRP,10822884.0,1098,11,0.0076,,,,,,,,,
Instances/Instances 2/pcb3038_04.gt,3037,20.0,86400.0,PTVRP,10768265.0,1104,12,0.0078,,,,,,,,,
Instances/Instances 2/pcb3038_05.gt,3037,20.0,86400.0,PTVRP,10717926.0,1106,13,0.0072,,,,,,,,,
Instances/Instances 2/pcb3038_06.gt,3037,20.0,86400.0,PTVRP,10875623.0,1066,13,0.0072,,,,,,,,,
Instances/Instances 2/pcb3038_07.gt,3037,20.0,86400.0,PTVRP,10930516.0,1093,14,0.0076,,,,,,,,,
Instances/Instances 2/pcb3038_08.gt,3037,20.0,86400.0,PTVRP,10559144.0,1064,12,0.0076,,,,,,,,,
Instances/Instances 2/pcb3038_09.gt,3037,20.0,86400.0,PTVRP,10769633.0,1049,12,0.0077,,,,,,,,,
Instances/Instances 2/pcb3038_10.gt,3037,20.0,86400.0,PTVRP,10959725.0,1071,12,0.0073,,,,,,,,,
Instances/Instances 2/pcb442_01.gt,441,20.0,86400.0,PTVRP,1550629.0,196,7,0.004,,,,,,,,,
Instances/Instances 2/pcb442_02.gt,441,20.0,86400.0,PTVRP,1591676.0,190,9,0.0042,,,,,,,,,
Instances/Instances 2/pcb442_03.gt,441,20.0,86400.0,PTVRP,1591679.0,207,13,0.0046,,,,,,,,,
Instances/Instances 2/pcb442_04.gt,441,20.0,86400.0,PTVRP,1591505.0,202,8,0.005,,,,,,,,,
Instances/Instances 2/pcb442_05.gt,441,20.0,86400.0,PTVRP,1567429.0,198,7,0.0044,,,,,,,,,
Instances/Instances 2/pcb442_06.gt,441,20.0,86400.0,PTVRP,1595493.0,209,9,0.0044,,,,,,,,,
Instances/Instances 2/pcb442_07.gt,441,20.0,86400.0,PTVRP,1612167.0,200,8,0.0034,,,,,,,,,
Instances/Instances 2/pcb442_08.gt,441,20.0,86400.0,PTVRP,1618543.0,197,8,0.0034,,,,,,,,,
Instances/Instances 2/pcb442_09.gt,441,20.0,86400.0,PTVRP,1544559.0,199,7,0.0036,,,,,,,,,
Instances/Instances 2/pcb442_10.gt,441,20.0,86400.0,PTVRP,1578438.0,195,7,0.0042,,,,,,,,,
Instances/Instances 2/pm8079_01.gt,8078,20.0,86400.0,PTVRP,21704398.0,2219,21,0.0145,,,,,,,,,
Instances/Instances 2/pm8079_02.gt,8078,20.0,86400.0,PTVRP,21678833.0,2156,18,0.0156,,,,,,,,,
Instances/Instances 2/pm8079_03.gt,8078,20.0,86400.0,PTVRP,21477132.0,2166,18,0.0144,,,,,,,,,
Instances/Instances 2/pm8079_04.gt,8078,20.0,86400.0,PTVRP,21634095.0,2183,18,0.0153,,,,,,,,,
Instances/Instances 2/pm8079_05.gt,8078,20.0,86400.0,PTVRP,21503058.0,2206,22,0.0147,,,,,,,,,
Instances/Instances 2/pm8079_06.gt,8078,20.0,86400.0,PTVRP,21505027.0,2189,20,0.0142,,,,,,,,,
Instances/Instances 2/pm8079_07.gt,8078,20.0,86400.0,PTVRP,21616220.0,2148,21,0.0162,,,,,,,,,
Instances/Instances 2/pm8079_08.gt,8078,20.0,86400.0,PTVRP,21632245.0,2168,23,0.0143,,,,,,,,,
Instances/Instances 2/pm8079_09.gt,8078,20.0,86400.0,PTVRP,21613529.0,2195,19,0.0149,,,,,,,,,
Instances/Instances 2/pm8079_10.gt,8078,20.0,86400.0,PTVRP,21699619.0,2190,17,0.014,,,,,,,,,
Instances/Instances 2/pr1002_01.gt,1001,20.0,86400.0,PTVRP,13704076.0,443,8,0.005,,,,,,,,,
Instances/Instances 2/pr1002_02.gt,1001,20.0,86400.0,PTVRP,12903461.0,402,9,0.005,,,,,,,,,
Instances/Instances 2/pr1002_03.gt,1001,20.0,86400.0,PTVRP,13634685.0,439,9,0.0048,,,,,,,,,
Instances/Instances 2/pr1002_04.gt,1001,20.0,86400.0,PTVRP,13193001.0,443,9,0.0049,,,,,,,,,
Instances/Instances 2/pr1002_05.gt,1001,20.0,86400.0,PTVRP,13202785.0,430,9,0.0042,,,,,,,,,
Instances/Instances 2/pr1002_06.gt,1001,20.0,86400.0,PTVRP,13057482.0,443,8,0.0049,,,,,,,,,
Instances/Instances 2/pr1002_07.gt,1001,20.0,86400.0,PTVRP,13085155.0,419,8,0.0048,,,,,,,,,
Instances/Instances 2/pr1002_08.gt,1001,20.0,86400.0,PTVRP,13586632.0,454,9,0.0045,,,,,,,,,
Instances/Instances 2/pr1002_09.gt,1001,20.0,86400.0,PTVRP,13270092.0,438,9,0.0048,,,,,,,,,
Instances/Instances 2/pr1002_10.gt,1001,20.0,86400.0,PTVRP,13126103.0,454,11,0.0045,,,,,,,,,
Instances/Instances 2/pr107_01.gt,106,20.0,86400.0,PTVRP,1431303.0,52,6,0.003,,,,,,,,,
Instances/Instances 2/pr107_02.gt,106,20.0,86400.0,PTVRP,1417795.0,56,7,0.0034,,,,,,,,,
Instances/Instances 2/pr107_03.gt,106,20.0,86400.0,PTVRP,1497646.0,55,8,0.0038,,,,,,,,,
Instances/Instances 2/pr107_04.gt,106,20.0,86400.0,PTVRP,1285625.0,57,5,0.0032,,,,,,,,,
Instances/Instances 2/pr107_05.gt,106,20.0,86400.0,PTVRP,1514781.0,53,6,0.003,,,,,,,,,
Instances/Instances 2/pr107_06.gt,106,20.0,86400.0,PTVRP,1409257.0,51,6,0.0038,,,,,,,,,
Instances/Instances 2/pr107_07.gt,106,20.0,86400.0,PTVRP,1486634.0,54,6,0.0034,,,,,,,,,
Instances/Instances 2/pr107_08.gt,106,20.0,86400.0,PTVRP,1501182.0,59,5,0.0034,,,,,,,,,
Instances/Instances 2/pr107_09.gt,106,20.0,86400.0,PTVRP,1642401.0,59,8,0.0036,,,,,,,,,
Instances/Instances 2/pr107_10.gt,106,20.0,86400.0,PTVRP,1499834.0,54,6,0.0032,,,,,,,,,
Instances/Instances 2/pr124_01.gt,123,20.0,86400.0,PTVRP,1409460.0,56,6,0.0033,,,,,,,,,
Instances/Instances 2/pr124_02.gt,123,20.0,86400.0,PTVRP,1512911.0,59,8,0.0034,,,,,,,,,
Instances/Instances 2/pr124_03.gt,123,20.0,86400.0,PTVRP,1379859.0,54,7,0.0034,,,,,,,,,
Instances/Instances 2/pr124_04.gt,123,20.0,86400.0,PTVRP,1501588.0,58,7,0.003,,,,,,,,,
Instances/Instances 2/pr124_05.gt,123,20.0,86400.0,PTVRP,1458345.0,59,6,0.0036,,,,,,,,,
Instances/Instances 2/pr124_06.gt,123,20.0,86400.0,PTVRP,1509084.0,62,7,0.0036,,,,,,,,,
Instances/Instances 2/pr124_07.gt,123,20.0,86400.0,PTVRP,1455663.0,61,6,0.0038,,,,,,,,,
Instances/Instances 2/pr124_08.gt,123,20.0,86400.0,PTVRP,1422417.0,57,7,0.0038,,,,,,,,,
Instances/Instances 2/pr124_09.gt,123,20.0,86400.0,PTVRP,1395787.0,58,6,0.0031,,,,,,,,,
Instances/Instances 2/pr124_10.gt,123,20.0,86400.0,PTVRP,1455833.0,60,8,0.0038,,,,,,,,,
Instances/Instances 2/pr136_01.gt,135,20.0,86400.0,PTVRP,1850248.0,73,5,0.0038,,,,,,,,,
Instances/Instances 2/pr136_02.gt,135,20.0,86400.0,PTVRP,1811364.0,71,6,0.0038,,,,,,,,,
Instances/Instances 2/pr136_03.gt,135,20.0,86400.0,PTVRP,1815904.0,74,5,0.0034,,,,,,,,,
Instances/Instances 2/pr136_04.gt,135,20.0,86400.0,PTVRP,1885185.0,64,6,0.0036,,,,,,,,,
Instances/Instances 2/pr136_05.gt,135,20.0,86400.0,PTVRP,1900246.0,64,7,0.0037,,,,,,,,,
Instances/Instances 2/pr136_06.gt,135,20.0,86400.0,PTVRP,1872818.0,67,7,0.0035,,,,,,,,,
Instances/Instances 2/pr136_07.gt,135,20.0,86400.0,PTVRP,1815655.0,64,6,0.0038,,,,,,,,,
Instances/Instances 2/pr136_08.gt,135,20.0,86400.0,PTVRP,1801967.0,67,6,0.0033,,,,,,,,,
Instances/Instances 2/pr136_09.gt,135,20.0,86400.0,PTVRP,1845761.0,66,7,0.0036,,,,,,,,,
Instances/Instances 2/pr136_10.gt,135,20.0,86400.0,PTVRP,1887371.0,70,7,0.0035,,,,,,,,,
Instances/Instances 2/pr144_01.gt,143,20.0,86400.0,PTVRP,1698228.0,67,6,0.0036,,,,,,,,,
Instances/Instances 2/pr144_02.gt,143,20.0,86400.0,PTVRP,1617568.0,61,9,0.0036,,,,,,,,,
Instances/Instances 2/pr144_03.gt,143,20.0,86400.0,PTVRP,1688668.0,73,7,0.0041,,,,,,,,,
Instances/Instances 2/pr144_04.gt,143,20.0,86400.0,PTVRP,1675395.0,67,6,0.0033,,,,,,,,,
Instances/Instances 2/pr144_05.gt,143,20.0,86400.0,PTVRP,1702929.0,66,7,0.0035,,,,,,,,,
Instances/Instances 2/pr144_06.gt,143,20.0,86400.0,PTVRP,1753112.0,61,7,0.0034,,,,,,,,,
Instances/Instances 2/pr144_07.gt,143,20.0,86400.0,PTVRP,1682719.0,58,8,0.0033,,,,,,,,,
Instances/Instances 2/pr144_08.gt,143,20.0,86400.0,PTVRP,1642233.0,69,7,0.0036,,,,,,,,,
Instances/Instances 2/pr144_09.gt,143,20.0,86400.0,PTVRP,1904478.0,74,7,0.0038,,,,,,,,,
Instances/Instances 2/pr144_10.gt,143,20.0,86400.0,PTVRP,1476934.0,61,7,0.0038,,,,,,,,,
Instances/Instances 2/pr152_01.gt,151,20.0,86400.0,PTVRP,2079458.0,74,6,0.0042,,,,,,,,,
Instances/Instances 2/pr152_02.gt,151,20.0,86400.0,PTVRP,1944988.0,74,6,0.0037,,,,,,,,,
Instances/Instances 2/pr152_03.gt,151,20.0,86400.0,PTVRP,2156455.0,71,6,0.0034,,,,,,,,,
Instances/Instances 2/pr152_04.gt,151,20.0,86400.0,PTVRP,1936300.0,70,8,0.0042,,,,,,,,,
Instances/Instances 2/pr152_05.gt,151,20.0,86400.0,PTVRP,1985891.0,73,7,0.0041,,,,,,,,,
Instances/Instances 2/pr152_06.gt,151,20.0,86400.0,PTVRP,2138380.0,70,6,0.0036,,,,,,,,,
Instances/Instances 2/pr152_07.gt,151,20.0,86400.0,PTVRP,2033638.0,69,9,0.0038,,,,,,,,,
Instances/Instances 2/pr152_08.gt,151,20.0,86400.0,PTVRP,2114265.0,80,8,0.0033,,,,,,,,,
Instances/Instances 2/pr152_09.gt,151,20.0,86400.0,PTVRP,1981662.0,69,6,0.0036,,,,,,,,,
Instances/Instances 2/pr152_10.gt,151,20.0,86400.0,PTVRP,2028140.0,77,6,0.0036,,,,,,,,,
Instances/Instances 2/pr226_01.gt,225,20.0,86400.0,PTVRP,3535353.0,96,8,0.0034,,,,,,,,,
Instances/Instances 2/pr226_02.gt,225,20.0,86400.0,PTVRP,3544375.0,111,7,0.0036,,,,,,,,,
Instances/Instances 2/pr226_03.gt,225,20.0,86400.0,PTVRP,3342649.0,93,8,0.0035,,,,,,,,,
Instances/Instances 2/pr226_04.gt,225,20.0,86400.0,PTVRP,3649079.0,95,8,0.0032,,,,,,,,,
Instances/Instances 2/pr226_05.gt,225,20.0,86400.0,PTVRP,3518702.0,96,8,0.0037,,,,,,,,,
Instances/Instances 2/pr226_06.gt,225,20.0,86400.0,PTVRP,3611797.0,96,8,0.0043,,,,,,,,,
Instances/Instances 2/pr226_07.gt,225,20.0,86400.0,PTVRP,3521200.0,108,8,0.0034,,,,,,,,,
Instances/Instances 2/pr226_08.gt,225,20.0,86400.0,PTVRP,3638252.0,94,9,0.0038,,,,,,,,,
Instances/Instances 2/pr226_09.gt,225,20.0,86400.0,PTVRP,3639720.0,105,8,0.0037,,,,,,,,,
Instances/Instances 2/pr226_10.gt,225,20.0,86400.0,PTVRP,3555876.0,95,8,0.0038,,,,,,,,,
Instances/Instances 2/pr2392_01.gt,2391,20.0,86400.0,PTVRP,29811896.0,961,10,0.0068,,,,,,,,,
Instances/Instances 2/pr2392_02.gt,2391,20.0,86400.0,PTVRP,30752105.0,951,11,0.0068,,,,,,,,,
Instances/Instances 2/pr2392_03.gt,2391,20.0,86400.0,PTVRP,30705051.0,977,10,0.0067,,,,,,,,,
Instances/Instances 2/pr2392_04.gt,2391,20.0,86400.0,PTVRP,30673585.0,962,10,0.0071,,,,,,,,,
Instances/Instances 2/pr2392_05.gt,2391,20.0,86400.0,PTVRP,30598641.0,941,11,0.0071,,,,,,,,,
Instances/Instances 2/pr2392_06.gt,2391,20.0,86400.0,PTVRP,31809095.0,977,10,0.007,,,,,,,,,
Instances/Instances 2/pr2392_07.gt,2391,20.0,86400.0,PTVRP,30869934.0,942,10,0.0066,,,,,,,,,
Instances/Instances 2/pr2392_08.gt,2391,20.0,86400.0,PTVRP,31062591.0,942,9,0.0068,,,,,,,,,
Instances/Instances 2/pr2392_09.gt,2391,20.0,86400.0,PTVRP,30949049.0,953,10,0.007,,,,,,,,,
Instances/Instances 2/pr2392_10.gt,2391,20.0,86400.0,PTVRP,30949317.0,962,9,0.007,,,,,,,,,
Instances/Instances 2/pr264_01.gt,263,20.0,86400.0,PTVRP,2473645.0,102,8,0.0039,,,,,,,,,
Instances/Instances 2/pr264_02.gt,263,20.0,86400.0,PTVRP,2754287.0,104,9,0.0039,,,,,,,,,
Instances/Instances 2/pr264_03.gt,263,20.0,86400.0,PTVRP,2806747.0,102,9,0.0043,,,,,,,,,
Instances/Instances 2/pr264_04.gt,263,20.0,86400.0,PTVRP,2793414.0,106,8,0.0038,,,,,,,,,
Instances/Instances 2/pr264_05.gt,263,20.0,86400.0,PTVRP,2554231.0,103,9,0.0036,,,,,,,,,
Instances/Instances 2/pr264_06.gt,263,20.0,86400.0,PTVRP,2607218.0,105,8,0.0034,,,,,,,,,
Instances/Instances 2/pr264_07.gt,263,20.0,86400.0,PTVRP,2811004.0,114,8,0.0038,,,,,,,,,
Instances/Instances 2/pr264_08.gt,263,20.0,86400.0,PTVRP,2742833.0,112,8,0.0045,,,,,,,,,
Instances/Instances 2/pr264_09.gt,263,20.0,86400.0,PTVRP,2620680.0,112,7,0.0036,,,,,,,,,
Instances/Instances 2/pr264_10.gt,263,20.0,86400.0,PTVRP,2753544.0,112,8,0.0046,,,,,,,,,
Instances/Instances 2/pr299_01.gt,298,20.0,86400.0,PTVRP,1535659.0,141,9,0.0039,,,,,,,,,
Instances/Instances 2/pr299_02.gt,298,20.0,86400.0,PTVRP,1687892.0,138,9,0.0045,,,,,,,,,
Instances/Instances 2/pr299_03.gt,298,20.0,86400.0,PTVRP,1747370.0,135,9,0.004,,,,,,,,,
Instances/Instances 2/pr299_04.gt,298,20.0,86400.0,PTVRP,1578636.0,132,7,0.0042,,,,,,,,,
Instances/Instances 2/pr299_05.gt,298,20.0,86400.0,PTVRP,1582612.0,136,7,0.0039,,,,,,,,,
Instances/Instances 2/pr299_06.gt,298,20.0,86400.0,PTVRP,1653161.0,131,8,0.0036,,,,,,,,,
Instances/Instances 2/pr299_07.gt,298,20.0,86400.0,PTVRP,1672617.0,142,7,0.0037,,,,,,,,,
Instances/Instances 2/pr299_08.gt,298,20.0,86400.0,PTVRP,1572474.0,142,9,0.0043,,,,,,,,,
Instances/Instances 2/pr299_09.gt,298,20.0,86400.0,PTVRP,1724977.0,132,11,0.0037,,,,,,,,,
Instances/Instances 2/pr299_10.gt,298,20.0,86400.0,PTVRP,1616890.0,138,7,0.0042,,,,,,,,,
Instances/Instances 2/pr439_01.gt,438,20.0,86400.0,PTVRP,3824747.0,197,9,0.0045,,,,,,,,,
Instances/Instances 2/pr439_02.gt,438,20.0,86400.0,PTVRP,4099770.0,194,8,0.0045,,,,,,,,,
Instances/Instances 2/pr439_03.gt,438,20.0,86400.0,PTVRP,4054221.0,185,8,0.005,,,,,,,,,
Instances/Instances 2/pr439_04.gt,438,20.0,86400.0,PTVRP,3978076.0,188,9,0.0044,,,,,,,,,
Instances/Instances 2/pr439_05.gt,438,20.0,86400.0,PTVRP,4104375.0,188,10,0.0043,,,,,,,,,
Instances/Instances 2/pr439_06.gt,438,20.0,86400.0,PTVRP,4041211.0,182,9,0.0043,,,,,,,,,
Instances/Instances 2/pr439_07.gt,438,20.0,86400.0,PTVRP,4199725.0,188,8,0.0048,,,,,,,,,
Instances/Instances 2/pr439_08.gt,438,20.0,86400.0,PTVRP,4037110.0,196,9,0.0046,,,,,,,,,
Instances/Instances 2/pr439_09.gt,438,20.0,86400.0,PTVRP,3948707.0,181,10,0.0042,,,,,,,,,
Instances/Instances 2/pr439_10.gt,438,20.0,86400.0,PTVRP,4033077.0,197,10,0.0043,,,,,,,,,
Instances/Instances 2/pr76_01.gt,75,20.0,86400.0,PTVRP,1305457.0,44,5,0.0038,,,,,,,,,
Instances/Instances 2/pr76_02.gt,75,20.0,86400.0,PTVRP,1266198.0,47,5,0.0038,,,,,,,,,
Instances/Instances 2/pr76_03.gt,75,20.0,86400.0,PTVRP,1374740.0,45,5,0.004,,,,,,,,,
Instances/Instances 2/pr76_04.gt,75,20.0,86400.0,PTVRP,1102781.0,44,4,0.0033,,,,,,,,,
Instances/Instances 2/pr76_05.gt,75,20.0,86400.0,PTVRP,1321112.0,45,5,0.0034,,,,,,,,,
Instances/Instances 2/pr76_06.gt,75,20.0,86400.0,PTVRP,1185484.0,44,5,0.0037,,,,,,,,,
Instances/Instances 2/pr76_07.gt,75,20.0,86400.0,PTVRP,1299235.0,46,6,0.0035,,,,,,,,,
Instances/Instances 2/pr76_08.gt,75,20.0,86400.0,PTVRP,1267144.0,44,5,0.0034,,,,,,,,,
Instances/Instances 2/pr76_09.gt,75,20.0,86400.0,PTVRP,1302172.0,50,4,0.0037,,,,,,,,,
Instances/Instances 2/pr76_10.gt,75,20.0,86400.0,PTVRP,1264889.0,49,5,0.0035,,,,,,,,,
Instances/Instances 2/qa194_01.gt,193,20.0,86400.0,PTVRP,208610.0,97,12,0.0039,,,,,,,,,
Instances/Instances 2/qa194_02.gt,193,20.0,86400.0,PTVRP,206184.0,97,8,0.004,,,,,,,,,
Instances/Instances 2/qa194_03.gt,193,20.0,86400.0,PTVRP,194807.0,96,11,0.0037,,,,,,,,,
Instances/Instances 2/qa194_04.gt,193,20.0,86400.0,PTVRP,205333.0,99,8,0.0039,,,,,,,,,
Instances/Instances 2/qa194_05.gt,193,20.0,86400.0,PTVRP,213739.0,95,9,0.0042,,,,,,,,,
Instances/Instances 2/qa194_06.gt,193,20.0,86400.0,PTVRP,205617.0,98,7,0.0049,,,,,,,,,
Instances/Instances 2/qa194_07.gt,193,20.0,86400.0,PTVRP,212746.0,96,11,0.0045,,,,,,,,,
Instances/Instances 2/qa194_08.gt,193,20.0,86400.0,PTVRP,204376.0,95,8,0.0045,,,,,,,,,
Instances/Instances 2/qa194_09.gt,193,20.0,86400.0,PTVRP,197279.0,87,7,0.0039,,,,,,,,,
Instances/Instances 2/qa194_10.gt,193,20.0,86400.0,PTVRP,200774.0,97,8,0.0039,,,,,,,,,
Instances/Instances 2/rat195_01.gt,194,20.0,86400.0,PTVRP,51522.0,105,8,0.0042,,,,,,,,,
Instances/Instances 2/rat195_02.gt,194,20.0,86400.0,PTVRP,49336.0,104,6,0.0034,,,,,,,,,
Instances/Instances 2/rat195_03.gt,194,20.0,86400.0,PTVRP,49859.0,105,6,0.0035,,,,,,,,,
Instances/Instances 2/rat195_04.gt,194,20.0,86400.0,PTVRP,46427.0,93,6,0.0038,,,,,,,,,
Instances/Instances 2/rat195_05.gt,194,20.0,86400.0,PTVRP,49234.0,97,6,0.0038,,,,,,,,,
Instances/Instances 2/rat195_06.gt,194,20.0,86400.0,PTVRP,48974.0,102,6,0.0036,,,,,,,,,
Instances/Instances 2/rat195_07.gt,194,20.0,86400.0,PTVRP,46434.0,100,6,0.0037,,,,,,,,,
Instances/Instances 2/rat195_08.gt,194,20.0,86400.0,PTVRP,46647.0,101,6,0.0036,,,,,,,,,
Instances/Instances 2/rat195_09.gt,194,20.0,86400.0,PTVRP,48678.0,106,7,0.0348,,,,,,,,,
Instances/Instances 2/rat195_10.gt,194,20.0,86400.0,PTVRP,51300.0,101,7,0.0115,,,,,,,,,
Instances/Instances 2/rat575_01.gt,574,20.0,86400.0,PTVRP,244321.0,280,8,0.0044,,,,,,,,,
Instances/Instances 2/rat575_02.gt,574,20.0,86400.0,PTVRP,235476.0,264,9,0.0042,,,,,,,,,
Instances/Instances 2/rat575_03.gt,574,20.0,86400.0,PTVRP,228624.0,257,8,0.0044,,,,,,,,,
Instances/Instances 2/rat575_04.gt,574,20.0,86400.0,PTVRP,239521.0,245,9,0.0044,,,,,,,,,
Instances/Instances 2/rat575_05.gt,574,20.0,86400.0,PTVRP,241476.0,275,9,0.0047,,,,,,,,,
Instances/Instances 2/rat575_06.gt,574,20.0,86400.0,PTVRP,229830.0,250,9,0.0046,,,,,,,,,
Instances/Instances 2/rat575_07.gt,574,20.0,86400.0,PTVRP,240093.0,265,8,0.0044,,,,,,,,,
Instances/Instances 2/rat575_08.gt,574,20.0,86400.0,PTVRP,237577.0,263,8,0.0044,,,,,,,,,
Instances/Instances 2/rat575_09.gt,574,20.0,86400.0,PTVRP,231237.0,250,9,0.0042,,,,,,,,,
Instances/Instances 2/rat575_10.gt,574,20.0,86400.0,PTVRP,238829.0,273,8,0.0044,,,,,,,,,
Instances/Instances 2/rat783_01.gt,782,20.0,86400.0,PTVRP,373979.0,335,9,0.0046,,,,,,,,,
Instances/Instances 2/rat783_02.gt,782,20.0,86400.0,PTVRP,362745.0,344,9,0.0045,,,,,,,,,
Instances/Instances 2/rat783_03.gt,782,20.0,86400.0,PTVRP,373525.0,328,10,0.005,,,,,,,,,
Instances/Instances 2/rat783_04.gt,782,20.0,86400.0,PTVRP,364461.0,332,9,0.0047,,,,,,,,,
Instances/Instances 2/rat783_05.gt,782,20.0,86400.0,PTVRP,371661.0,322,9,0.0047,,,,,,,,,
Instances/Instances 2/rat783_06.gt,782,20.0,86400.0,PTVRP,372016.0,329,10,0.0049,,,,,,,,,
Instances/Instances 2/rat783_07.gt,782,20.0,86400.0,PTVRP,373490.0,340,10,0.005,,,,,,,,,
Instances/Instances 2/rat783_08.gt,782,20.0,86400.0,PTVRP,363212.0,342,8,0.0048,,,,,,,,,
Instances/Instances 2/rat783_09.gt,782,20.0,86400.0,PTVRP,369314.0,315,9,0.0046,,,,,,,,,
Instances/Instances 2/rat783_10.gt,782,20.0,86400.0,PTVRP,373809.0,349,9,0.0051,,,,,,,,,
Instances/Instances 2/rat99_01.gt,98,20.0,86400.0,PTVRP,16503.0,57,5,0.0034,,,,,,,,,
Instances/Instances 2/rat99_02.gt,98,20.0,86400.0,PTVRP,16698.0,59,5,0.0035,,,,,,,,,
Instances/Instances 2/rat99_03.gt,98,20.0,86400.0,PTVRP,19043.0,54,6,0.0035,,,,,,,,,
Instances/Instances 2/rat99_04.gt,98,20.0,86400.0,PTVRP,19667.0,53,7,0.004,,,,,,,,,
Instances/Instances 2/rat99_05.gt,98,20.0,86400.0,PTVRP,17139.0,51,6,0.004,,,,,,,,,
Instances/Instances 2/rat99_06.gt,98,20.0,86400.0,PTVRP,19685.0,54,6,0.0039,,,,,,,,,
Instances/Instances 2/rat99_07.gt,98,20.0,86400.0,PTVRP,19017.0,58,6,0.004,,,,,,,,,
Instances/Instances 2/rat99_08.gt,98,20.0,86400.0,PTVRP,18759.0,57,6,0.0038,,,,,,,,,
Instances/Instances 2/rat99_09.gt,98,20.0,86400.0,PTVRP,19984.0,55,6,0.0035,,,,,,,,,
Instances/Instances 2/rat99_10.gt,98,20.0,86400.0,PTVRP,16893.0,57,6,0.0045,,,,,,,,,
Instances/Instances 2/rd100_01.gt,99,20.0,86400.0,PTVRP,107009.0,50,6,0.0045,,,,,,,,,
Instances/Instances 2/rd100_02.gt,99,20.0,86400.0,PTVRP,114753.0,54,6,0.0044,,,,,,,,,
Instances/Instances 2/rd100_03.gt,99,20.0,86400.0,PTVRP,126240.0,53,5,0.004,,,,,,,,,
Instances/Instances 2/rd100_04.gt,99,20.0,86400.0,PTVRP,123072.0,51,6,0.004,,,,,,,,,
Instances/Instances 2/rd100_05.gt,99,20.0,86400.0,PTVRP,121979.0,54,8,0.0054,,,,,,,,,
Instances/Instances 2/rd100_06.gt,99,20.0,86400.0,PTVRP,128855.0,54,9,0.005,,,,,,,,,
Instances/Instances 2/rd100_07.gt,99,20.0,86400.0,PTVRP,127747.0,55,8,0.0045,,,,,,,,,
Instances/Instances 2/rd100_08.gt,99,20.0,86400.0,PTVRP,127958.0,59,6,0.0047,,,,,,,,,
Instances/Instances 2/rd100_09.gt,99,20.0,86400.0,PTVRP,127965.0,52,6,0.0058,,,,,,,,,
Instances/Instances 2/rd100_10.gt,99,20.0,86400.0,PTVRP,106914.0,55,6,0.0064,,,,,,,,,
Instances/Instances 2/rd400_01.gt,399,20.0,86400.0,PTVRP,442893.0,194,7,0.0054,,,,,,,,,
Instances/Instances 2/rd400_02.gt,399,20.0,86400.0,PTVRP,434910.0,197,7,0.0054,,,,,,,,,
Instances/Instances 2/rd400_03.gt,399,20.0,86400.0,PTVRP,442789.0,184,7,0.0066,,,,,,,,,
Instances/Instances 2/rd400_04.gt,399,20.0,86400.0,PTVRP,425893.0,184,8,0.0105,,,,,,,,,
Instances/Instances 2/rd400_05.gt,399,20.0,86400.0,PTVRP,464395.0,188,8,0.0059,,,,,,,,,
Instances/Instances 2/rd400_06.gt,399,20.0,86400.0,PTVRP,441987.0,181,9,0.0042,,,,,,,,,
Instances/Instances 2/rd400_07.gt,399,20.0,86400.0,PTVRP,453152.0,181,7,0.0044,,,,,,,,,
Instances/Instances 2/rd400_08.gt,399,20.0,86400.0,PTVRP,456541.0,180,8,0.0049,,,,,,,,,
Instances/Instances 2/rd400_09.gt,399,20.0,86400.0,PTVRP,438132.0,185,8,0.0057,,,,,,,,,
Instances/Instances 2/rd400_10.gt,399,20.0,86400.0,PTVRP,434207.0,201,7,0.0048,,,,,,,,,
Instances/Instances 2/rl11849_01.gt,11848,20.0,86400.0,PTVRP,171385867.0,4565,13,0.0215,,,,,,,,,
Instances/Instances 2/rl11849_02.gt,11848,20.0,86400.0,PTVRP,173031497.0,4599,13,0.0198,,,,,,,,,
Instances/Instances 2/rl11849_03.gt,11848,20.0,86400.0,PTVRP,172895095.0,4641,12,0.0196,,,,,,,,,
Instances/Instances 2/rl11849_04.gt,11848,20.0,86400.0,PTVRP,172025814.0,4599,15,0.0205,,,,,,,,,
Instances/Instances 2/rl11849_05.gt,11848,20.0,86400.0,PTVRP,174319743.0,4623,12,0.0203,,,,,,,,,
Instances/Instances 2/rl11849_06.gt,11848,20.0,86400.0,PTVRP,171465839.0,4577,13,0.0208,,,,,,,,,
Instances/Instances 2/rl11849_07.gt,11848,20.0,86400.0,PTVRP,171756795.0,4578,13,0.021,,,,,,,,,
Instances/Instances 2/rl11849_08.gt,11848,20.0,86400.0,PTVRP,170491759.0,4571,13,0.02,,,,,,,,,
Instances/Instances 2/rl11849_09.gt,11848,20.0,86400.0,PTVRP,171735237.0,4610,14,0.0199,,,,,,,,,
Instances/Instances 2/rl11849_10.gt,11848,20.0,86400.0,PTVRP,172077577.0,4594,13,0.0204,,,,,,,,,
Instances/Instances 2/rl1304_01.gt,1303,20.0,86400.0,PTVRP,18841723.0,580,10,0.0056,,,,,,,,,
Instances/Instances 2/rl1304_02.gt,1303,20.0,86400.0,PTVRP,19139564.0,568,9,0.0057,,,,,,,,,
Instances/Instances 2/rl1304_03.gt,1303,20.0,86400.0,PTVRP,19282011.0,568,9,0.0059,,,,,,,,,
Instances/Instances 2/rl1304_04.gt,1303,20.0,86400.0,PTVRP,18549178.0,547,8,0.0057,,,,,,,,,
Instances/Instances 2/rl1304_05.gt,1303,20.0,86400.0,PTVRP,19084314.0,558,11,0.0066,,,,,,,,,
Instances/Instances 2/rl1304_06.gt,1303,20.0,86400.0,PTVRP,18619879.0,542,9,0.0053,,,,,,,,,
Instances/Instances 2/rl1304_07.gt,1303,20.0,86400.0,PTVRP,18964091.0,571,10,0.0053,,,,,,,,,
Instances/Instances 2/rl1304_08.gt,1303,20.0,86400.0,PTVRP,19031367.0,560,10,0.0056,,,,,,,,,
Instances/Instances 2/rl1304_09.gt,1303,20.0,86400.0,PTVRP,19545017.0,590,9,0.0053,,,,,,,,,
Instances/Instances 2/rl1304_10.gt,1303,20.0,86400.0,PTVRP,18969604.0,555,9,0.0064,,,,,,,,,
Instances/Instances 2/rl1323_01.gt,1322,20.0,86400.0,PTVRP,20770192.0,557,9,0.0052,,,,,,,,,
Instances/Instances 2/rl1323_02.gt,1322,20.0,86400.0,PTVRP,19699766.0,552,9,0.0056,,,,,,,,,
Instances/Instances 2/rl1323_03.gt,1322,20.0,86400.0,PTVRP,19735787.0,551,11,0.0055,,,,,,,,,
Instances/Instances 2/rl1323_04.gt,1322,20.0,86400.0,PTVRP,19850592.0,592,9,0.0058,,,,,,,,,
Instances/Instances 2/rl1323_05.gt,1322,20.0,86400.0,PTVRP,19888821.0,551,9,0.0054,,,,,,,,,
Instances/Instances 2/rl1323_06.gt,1322,20.0,86400.0,PTVRP,19912518.0,568,9,0.0059,,,,,,,,,
Instances/Instances 2/rl1323_07.gt,1322,20.0,86400.0,PTVRP,20063143.0,596,9,0.0049,,,,,,,,,
Instances/Instances 2/rl1323_08.gt,1322,20.0,86400.0,PTVRP,19909984.0,589,8,0.0052,,,,,,,,,
Instances/Instances 2/rl1323_09.gt,1322,20.0,86400.0,PTVRP,19854660.0,551,9,0.0053,,,,,,,,,
Instances/Instances 2/rl1323_10.gt,1322,20.0,86400.0,PTVRP,20589182.0,582,8,0.0051,,,,,,,,,
Instances/Instances 2/rl1889_01.gt,1888,20.0,86400.0,PTVRP,30137720.0,789,9,0.0061,,,,,,,,,
Instances/Instances 2/rl1889_02.gt,1888,20.0,86400.0,PTVRP,30029449.0,795,10,0.0063,,,,,,,,,
Instances/Instances 2/rl1889_03.gt,1888,20.0,86400.0,PTVRP,30498623.0,795,9,0.0054,,,,,,,,,
Instances/Instances 2/rl1889_04.gt,1888,20.0,86400.0,PTVRP,30392815.0,797,9,0.007,,,,,,,,,
Instances/Instances 2/rl1889_05.gt,1888,20.0,86400.0,PTVRP,30730885.0,819,9,0.0061,,,,,,,,,
Instances/Instances 2/rl1889_06.gt,1888,20.0,86400.0,PTVRP,30377145.0,803,9,0.0095,,,,,,,,,
Instances/Instances 2/rl1889_07.gt,1888,20.0,86400.0,PTVRP,30931729.0,812,9,0.0062,,,,,,,,,
Instances/Instances 2/rl1889_08.gt,1888,20.0,86400.0,PTVRP,30117798.0,793,10,0.0061,,,,,,,,,
Instances/Instances 2/rl1889_09.gt,1888,20.0,86400.0,PTVRP,30520490.0,786,9,0.0061,,,,,,,,,
Instances/Instances 2/rl1889_10.gt,1888,20.0,86400.0,PTVRP,30514984.0,826,11,0.0062,,,,,,,,,
Instances/Instances 2/rl5915_01.gt,5914,20.0,86400.0,PTVRP,83146568.0,2270,11,0.0126,,,,,,,,,
Instances/Instances 2/rl5915_02.gt,5914,20.0,86400.0,PTVRP,84106777.0,2262,12,0.016,,,,,,,,,
Instances/Instances 2/rl5915_03.gt,5914,20.0,86400.0,PTVRP,85380535.0,2355,12,0.0119,,,,,,,,,
Instances/Instances 2/rl5915_04.gt,5914,20.0,86400.0,PTVRP,84244193.0,2312,12,0.0112,,,,,,,,,
Instances/Instances 2/rl5915_05.gt,5914,20.0,86400.0,PTVRP,84434909.0,2316,11,0.0115,,,,,,,,,
Instances/Instances 2/rl5915_06.gt,5914,20.0,86400.0,PTVRP,85259782.0,2314,13,0.0113,,,,,,,,,
Instances/Instances 2/rl5915_07.gt,5914,20.0,86400.0,PTVRP,83033370.0,2274,11,0.0116,,,,,,,,,
Instances/Instances 2/rl5915_08.gt,5914,20.0,86400.0,PTVRP,84923141.0,2359,12,0.0127,,,,,,,,,
Instances/Instances 2/rl5915_09.gt,5914,20.0,86400.0,PTVRP,83988831.0,2325,12,0.0115,,,,,,,,,
Instances/Instances 2/rl5915_10.gt,5914,20.0,86400.0,PTVRP,84554193.0,2278,12,0.0149,,,,,,,,,
Instances/Instances 2/rl5934_01.gt,5933,20.0,86400.0,PTVRP,84169002.0,2339,12,0.012,,,,,,,,,
Instances/Instances 2/rl5934_02.gt,5933,20.0,86400.0,PTVRP,83602771.0,2376,13,0.012,,,,,,,,,
Instances/Instances 2/rl5934_03.gt,5933,20.0,86400.0,PTVRP,83317175.0,2322,12,0.0127,,,,,,,,,
Instances/Instances 2/rl5934_04.gt,5933,20.0,86400.0,PTVRP,84493612.0,2382,12,0.0125,,,,,,,,,
Instances/Instances 2/rl5934_05.gt,5933,20.0,86400.0,PTVRP,83077048.0,2319,11,0.0125,,,,,,,,,
Instances/Instances 2/rl5934_06.gt,5933,20.0,86400.0,PTVRP,83817739.0,2322,12,0.0131,,,,,,,,,
Instances/Instances 2/rl5934_07.gt,5933,20.0,86400.0,PTVRP,84257474.0,2338,12,0.0128,,,,,,,,,
Instances/Instances 2/rl5934_08.gt,5933,20.0,86400.0,PTVRP,83745960.0,2370,11,0.0138,,,,,,,,,
Instances/Instances 2/rl5934_09.gt,5933,20.0,86400.0,PTVRP,83387390.0,2306,12,0.0133,,,,,,,,,
Instances/Instances 2/rl5934_10.gt,5933,20.0,86400.0,PTVRP,84434454.0,2320,12,0.0132,,,,,,,,,
Instances/Instances 2/rw1621_01.gt,1620,20.0,86400.0,PTVRP,2391345.0,531,13,0.0061,,,,,,,,,
Instances/Instances 2/rw1621_02.gt,1620,20.0,86400.0,PTVRP,2345740.0,522,13,0.0061,,,,,,,,,
Instances/Instances 2/rw1621_03.gt,1620,20.0,86400.0,PTVRP,2336815.0,512,14,0.006,,,,,,,,,
Instances/Instances 2/rw1621_04.gt,1620,20.0,86400.0,PTVRP,2395601.0,519,15,0.0062,,,,,,,,,
Instances/Instances 2/rw1621_05.gt,1620,20.0,86400.0,PTVRP,2365160.0,507,14,0.0069,,,,,,,,,
Instances/Instances 2/rw1621_06.gt,1620,20.0,86400.0,PTVRP,2349905.0,508,14,0.0062,,,,,,,,,
Instances/Instances 2/rw1621_07.gt,1620,20.0,86400.0,PTVRP,2333904.0,511,14,0.0104,,,,,,,,,
Instances/Instances 2/rw1621_08.gt,1620,20.0,86400.0,PTVRP,2354681.0,526,16,0.0071,,,,,,,,,
Instances/Instances 2/rw1621_09.gt,1620,20.0,86400.0,PTVRP,2386590.0,532,17,0.0059,,,,,,,,,
Instances/Instances 2/rw1621_10.gt,1620,20.0,86400.0,PTVRP,2314082.0,507,12,0.0061,,,,,,,,,
Instances/Instances 2/st70_01.gt,69,20.0,86400.0,PTVRP,7414.0,41,4,0.0035,,,,,,,,,
Instances/Instances 2/st70_02.gt,69,20.0,86400.0,PTVRP,8001.0,41,6,0.004,,,,,,,,,
Instances/Instances 2/st70_03.gt,69,20.0,86400.0,PTVRP,8201.0,38,6,0.0036,,,,,,,,,
Instances/Instances 2/st70_04.gt,69,20.0,86400.0,PTVRP,7794.0,40,5,0.0032,,,,,,,,,
Instances/Instances 2/st70_05.gt,69,20.0,86400.0,PTVRP,8613.0,46,5,0.0032,,,,,,,,,
Instances/Instances 2/st70_06.gt,69,20.0,86400.0,PTVRP,7912.0,39,8,0.0039,,,,,,,,,
Instances/Instances 2/st70_07.gt,69,20.0,86400.0,PTVRP,7519.0,45,5,0.0043,,,,,,,,,
Instances/Instances 2/st70_08.gt,69,20.0,86400.0,PTVRP,8409.0,45,6,0.0041,,,,,,,,,
Instances/Instances 2/st70_09.gt,69,20.0,86400.0,PTVRP,8576.0,35,5,0.0036,,,,,,,,,
Instances/Instances 2/st70_10.gt,69,20.0,86400.0,PTVRP,7702.0,43,4,0.0039,,,,,,,,,
Instances/Instances 2/sw24978_01.gt,24977,20.0,86400.0,PTVRP,216192004.0,7552,19,0.0376,,,,,,,,,
Instances/Instances 2/sw24978_02.gt,24977,20.0,86400.0,PTVRP,215776977.0,7551,18,0.0371,,,,,,,,,
Instances/Instances 2/sw24978_03.gt,24977,20.0,86400.0,PTVRP,215946893.0,7454,16,0.0463,,,,,,,,,
Instances/Instances 2/sw24978_04.gt,24977,20.0,86400.0,PTVRP,217284219.0,7519,17,0.0392,,,,,,,,,
Instances/Instances 2/sw24978_05.gt,24977,20.0,86400.0,PTVRP,213948099.0,7446,16,0.0405,,,,,,,,,
Instances/Instances 2/sw24978_06.gt,24977,20.0,86400.0,PTVRP,217919768.0,7359,16,0.0383,,,,,,,,,
Instances/Instances 2/sw24978_07.gt,24977,20.0,86400.0,PTVRP,216165836.0,7552,17,0.0358,,,,,,,,,
Instances/Instances 2/sw24978_08.gt,24977,20.0,86400.0,PTVRP,215549520.0,7504,16,0.0363,,,,,,,,,
Instances/Instances 2/sw24978_09.gt,24977,20.0,86400.0,PTVRP,216207311.0,7406,17,0.0363,,,,,,,,,
Instances/Instances 2/sw24978_10.gt,24977,20.0,86400.0,PTVRP,216718697.0,7435,15,0.0364,,,,,,,,,
Instances/Instances 2/ts225_01.gt,224,20.0,86400.0,PTVRP,3372707.0,113,7,0.0058,,,,,,,,,
Instances/Instances 2/ts225_02.gt,224,20.0,86400.0,PTVRP,3748470.0,117,6,0.0039,,,,,,,,,
Instances/Instances 2/ts225_03.gt,224,20.0,86400.0,PTVRP,3371946.0,110,6,0.0039,,,,,,,,,
Instances/Instances 2/ts225_04.gt,224,20.0,86400.0,PTVRP,3545039.0,120,6,0.0042,,,,,,,,,
Instances/Instances 2/ts225_05.gt,224,20.0,86400.0,PTVRP,3415885.0,119,6,0.0047,,,,,,,,,
Instances/Instances 2/ts225_06.gt,224,20.0,86400.0,PTVRP,3230129.0,100,6,0.0039,,,,,,,,,
Instances/Instances 2/ts225_07.gt,224,20.0,86400.0,PTVRP,3149938.0,106,7,0.0035,,,,,,,,,
Instances/Instances 2/ts225_08.gt,224,20.0,86400.0,PTVRP,3304624.0,109,6,0.0336,,,,,,,,,
Instances/Instances 2/ts225_09.gt,224,20.0,86400.0,PTVRP,3430212.0,116,6,0.0143,,,,,,,,,
Instances/Instances 2/ts225_10.gt,224,20.0,86400.0,PTVRP,3402079.0,120,6,0.0039,,,,,,,,,
Instances/Instances 2/tsp225_01.gt,224,20.0,86400.0,PTVRP,86922.0,101,9,0.0042,,,,,,,,,
Instances/Instances 2/tsp225_02.gt,224,20.0,86400.0,PTVRP,97798.0,117,9,0.0042,,,,,,,,,
Instances/Instances 2/tsp225_03.gt,224,20.0,86400.0,PTVRP,84826.0,120,6,0.0039,,,,,,,,,
Instances/Instances 2/tsp225_04.gt,224,20.0,86400.0,PTVRP,92291.0,127,7,0.0039,,,,,,,,,
Instances/Instances 2/tsp225_05.gt,224,20.0,86400.0,PTVRP,90043.0,113,7,0.0042,,,,,,,,,
Instances/Instances 2/tsp225_06.gt,224,20.0,86400.0,PTVRP,82844.0,114,7,0.0037,,,,,,,,,
Instances/Instances 2/tsp225_07.gt,224,20.0,86400.0,PTVRP,80454.0,112,7,0.0038,,,,,,,,,
Instances/Instances 2/tsp225_08.gt,224,20.0,86400.0,PTVRP,86411.0,113,7,0.0037,,,,,,,,,
Instances/Instances 2/tsp225_09.gt,224,20.0,86400.0,PTVRP,88603.0,114,5,0.0037,,,,,,,,,
Instances/Instances 2/tsp225_10.gt,224,20.0,86400.0,PTVRP,88679.0,112,7,0.0041,,,,,,,,,
Instances/Instances 2/tz6117_01.gt,6116,20.0,86400.0,PTVRP,60869139.0,2046,13,0.0121,,,,,,,,,
Instances/Instances 2/tz6117_02.gt,6116,20.0,86400.0,PTVRP,62122181.0,2109,13,0.0119,,,,,,,,,
Instances/Instances 2/tz6117_03.gt,6116,20.0,86400.0,PTVRP,61444518.0,2028,14,0.0111,,,,,,,,,
Instances/Instances 2/tz6117_04.gt,6116,20.0,86400.0,PTVRP,62026420.0,2037,14,0.0111,,,,,,,,,
Instances/Instances 2/tz6117_05.gt,6116,20.0,86400.0,PTVRP,60352701.0,2003,13,0.0114,,,,,,,,,
Instances/Instances 2/tz6117_06.gt,6116,20.0,86400.0,PTVRP,62026603.0,2050,14,0.011,,,,,,,,,
Instances/Instances 2/tz6117_07.gt,6116,20.0,86400.0,PTVRP,61598615.0,2061,14,0.0119,,,,,,,,,
Instances/Instances 2/tz6117_08.gt,6116,20.0,86400.0,PTVRP,60967364.0,2006,14,0.0117,,,,,,,,,
Instances/Instances 2/tz6117_09.gt,6116,20.0,86400.0,PTVRP,60901269.0,2040,13,0.0109,,,,,,,,,
Instances/Instances 2/tz6117_10.gt,6116,20.0,86400.0,PTVRP,61121943.0,2012,13,0.0112,,,,,,,,,
Instances/Instances 2/u1060_01.gt,1059,20.0,86400.0,PTVRP,13870350.0,469,10,0.0047,,,,,,,,,
Instances/Instances 2/u1060_02.gt,1059,20.0,86400.0,PTVRP,13760289.0,458,8,0.0051,,,,,,,,,
Instances/Instances 2/u1060_03.gt,1059,20.0,86400.0,PTVRP,13852243.0,445,8,0.005,,,,,,,,,
Instances/Instances 2/u1060_04.gt,1059,20.0,86400.0,PTVRP,13986545.0,447,9,0.0051,,,,,,,,,
Instances/Instances 2/u1060_05.gt,1059,20.0,86400.0,PTVRP,13716105.0,448,10,0.0049,,,,,,,,,
Instances/Instances 2/u1060_06.gt,1059,20.0,86400.0,PTVRP,13753742.0,461,8,0.0054,,,,,,,,,
Instances/Instances 2/u1060_07.gt,1059,20.0,86400.0,PTVRP,13567504.0,468,9,0.0052,,,,,,,,,
Instances/Instances 2/u1060_08.gt,1059,20.0,86400.0,PTVRP,13771723.0,466,8,0.0053,,,,,,,,,
Instances/Instances 2/u1060_09.gt,1059,20.0,86400.0,PTVRP,13601824.0,444,9,0.0047,,,,,,,,,
Instances/Instances 2/u1060_10.gt,1059,20.0,86400.0,PTVRP,13915840.0,478,9,0.0057,,,,,,,,,
Instances/Instances 2/u1432_01.gt,1431,20.0,86400.0,PTVRP,7772481.0,574,9,0.0054,,,,,,,,,
Instances/Instances 2/u1432_02.gt,1431,20.0,86400.0,PTVRP,8132376.0,552,12,0.0055,,,,,,,,,
Instances/Instances 2/u1432_03.gt,1431,20.0,86400.0,PTVRP,7945782.0,585,10,0.0052,,,,,,,,,
Instances/Instances 2/u1432_04.gt,1431,20.0,86400.0,PTVRP,7970819.0,559,9,0.0055,,,,,,,,,
Instances/Instances 2/u1432_05.gt,1431,20.0,86400.0,PTVRP,8107144.0,574,11,0.0049,,,,,,,,,
Instances/Instances 2/u1432_06.gt,1431,20.0,86400.0,PTVRP,8099615.0,566,12,0.006,,,,,,,,,
Instances/Instances 2/u1432_07.gt,1431,20.0,86400.0,PTVRP,8168845.0,592,10,0.0055,,,,,,,,,
Instances/Instances 2/u1432_08.gt,1431,20.0,86400.0,PTVRP,8111613.0,570,10,0.0054,,,,,,,,,
Instances/Instances 2/u1432_09.gt,1431,20.0,86400.0,PTVRP,8187961.0,586,10,0.006,,,,,,,,,
Instances/Instances 2/u1432_10.gt,1431,20.0,86400.0,PTVRP,8113847.0,594,10,0.0054,,,,,,,,,
Instances/Instances 2/u159_01.gt,158,20.0,86400.0,PTVRP,1025901.0,76,7,0.0043,,,,,,,,,
Instances/Instances 2/u159_02.gt,158,20.0,86400.0,PTVRP,951395.0,82,6,0.0049,,,,,,,,,
Instances/Instances 2/u159_03.gt,158,20.0,86400.0,PTVRP,885393.0,86,9,0.0039,,,,,,,,,
Instances/Instances 2/u159_04.gt,158,20.0,86400.0,PTVRP,909853.0,70,7,0.0037,,,,,,,,,
Instances/Instances 2/u159_05.gt,158,20.0,86400.0,PTVRP,943505.0,79,8,0.0041,,,,,,,,,
Instances/Instances 2/u159_06.gt,158,20.0,86400.0,PTVRP,832112.0,70,7,0.0039,,,,,,,,,
Instances/Instances 2/u159_07.gt,158,20.0,86400.0,PTVRP,954499.0,84,9,0.0038,,,,,,,,,
Instances/Instances 2/u159_08.gt,158,20.0,86400.0,PTVRP,984192.0,74,7,0.004,,,,,,,,,
Instances/Instances 2/u159_09.gt,158,20.0,86400.0,PTVRP,954241.0,77,8,0.0035,,,,,,,,,
Instances/Instances 2/u159_10.gt,158,20.0,86400.0,PTVRP,970410.0,73,7,0.0041,,,,,,,,,
Instances/Instances 2/u1817_01.gt,1816,20.0,86400.0,PTVRP,4252091.0,658,13,0.0069,,,,,,,,,
Instances/Instances 2/u1817_02.gt,1816,20.0,86400.0,PTVRP,4240676.0,668,13,0.007,,,,,,,,,
Instances/Instances 2/u1817_03.gt,1816,20.0,86400.0,PTVRP,4236344.0,675,12,0.0068,,,,,,,,,
Instances/Instances 2/u1817_04.gt,1816,20.0,86400.0,PTVRP,4361150.0,659,12,0.0065,,,,,,,,,
Instances/Instances 2/u1817_05.gt,1816,20.0,86400.0,PTVRP,4243549.0,642,12,0.006,,,,,,,,,
Instances/Instances 2/u1817_06.gt,1816,20.0,86400.0,PTVRP,4212711.0,658,13,0.0064,,,,,,,,,
Instances/Instances 2/u1817_07.gt,1816,20.0,86400.0,PTVRP,4294253.0,655,13,0.0065,,,,,,,,,
Instances/Instances 2/u1817_08.gt,1816,20.0,86400.0,PTVRP,4237097.0,673,12,0.0089,,,,,,,,,
Instances/Instances 2/u1817_09.gt,1816,20.0,86400.0,PTVRP,4240644.0,683,12,0.0068,,,,,,,,,
Instances/Instances 2/u1817_10.gt,1816,20.0,86400.0,PTVRP,4246557.0,650,12,0.0061,,,,,,,,,
Instances/Instances 2/u2152_01.gt,2151,20.0,86400.0,PTVRP,5069364.0,776,12,0.0074,,,,,,,,,
Instances/Instances 2/u2152_02.gt,2151,20.0,86400.0,PTVRP,5090787.0,768,14,0.0069,,,,,,,,,
Instances/Instances 2/u2152_03.gt,2151,20.0,86400.0,PTVRP,5128013.0,775,14,0.0068,,,,,,,,,
Instances/Instances 2/u2152_04.gt,2151,20.0,86400.0,PTVRP,5077847.0,784,11,0.0067,,,,,,,,,
Instances/Instances 2/u2152_05.gt,2151,20.0,86400.0,PTVRP,5046396.0,796,13,0.0067,,,,,,,,,
Instances/Instances 2/u2152_06.gt,2151,20.0,86400.0,PTVRP,5111368.0,765,13,0.0071,,,,,,,,,
Instances/Instances 2/u2152_07.gt,2151,20.0,86400.0,PTVRP,5106143.0,755,14,0.0072,,,,,,,,,
Instances/Instances 2/u2152_08.gt,2151,20.0,86400.0,PTVRP,5074650.0,756,13,0.0071,,,,,,,,,
Instances/Instances 2/u2152_09.gt,2151,20.0,86400.0,PTVRP,5035489.0,784,13,0.0072,,,,,,,,,
Instances/Instances 2/u2152_10.gt,2151,20.0,86400.0,PTVRP,5134528.0,782,13,0.0065,,,,,,,,,
Instances/Instances 2/u2319_01.gt,2318,20.0,86400.0,PTVRP,12257919.0,916,10,0.0069,,,,,,,,,
Instances/Instances 2/u2319_02.gt,2318,20.0,86400.0,PTVRP,12290127.0,937,10,0.0068,,,,,,,,,
Instances/Instances 2/u2319_03.gt,2318,20.0,86400.0,PTVRP,12225779.0,940,10,0.0073,,,,,,,,,
Instances/Instances 2/u2319_04.gt,2318,20.0,86400.0,PTVRP,12331550.0,949,10,0.0066,,,,,,,,,
Instances/Instances 2/u2319_05.gt,2318,20.0,86400.0,PTVRP,12027767.0,934,12,0.0069,,,,,,,,,
Instances/Instances 2/u2319_06.gt,2318,20.0,86400.0,PTVRP,12273892.0,919,10,0.0082,,,,,,,,,
Instances/Instances 2/u2319_07.gt,2318,20.0,86400.0,PTVRP,12191228.0,932,11,0.0077,,,,,,,,,
Instances/Instances 2/u2319_08.gt,2318,20.0,86400.0,PTVRP,12334476.0,943,11,0.0071,,,,,,,,,
Instances/Instances 2/u2319_09.gt,2318,20.0,86400.0,PTVRP,12354447.0,940,11,0.0067,,,,,,,,,
Instances/Instances 2/u2319_10.gt,2318,20.0,86400.0,PTVRP,12309912.0,927,13,0.0074,,,,,,,,,
Instances/Instances 2/u574_01.gt,573,20.0,86400.0,PTVRP,1434352.0,249,9,0.0048,,,,,,,,,
Instances/Instances 2/u574_02.gt,573,20.0,86400.0,PTVRP,1425860.0,271,12,0.0044,,,,,,,,,
Instances/Instances 2/u574_03.gt,573,20.0,86400.0,PTVRP,1357613.0,264,8,0.0046,,,,,,,,,
Instances/Instances 2/u574_04.gt,573,20.0,86400.0,PTVRP,1392639.0,245,10,0.0043,,,,,,,,,
Instances/Instances 2/u574_05.gt,573,20.0,86400.0,PTVRP,1381372.0,247,10,0.0045,,,,,,,,,
Instances/Instances 2/u574_06.gt,573,20.0,86400.0,PTVRP,1476267.0,238,11,0.0045,,,,,,,,,
Instances/Instances 2/u574_07.gt,573,20.0,86400.0,PTVRP,1411816.0,265,9,0.0043,,,,,,,,,
Instances/Instances 2/u574_08.gt,573,20.0,86400.0,PTVRP,1417451.0,254,10,0.0058,,,,,,,,,
Instances/Instances 2/u574_09.gt,573,20.0,86400.0,PTVRP,1346205.0,247,8,0.0043,,,,,,,,,
Instances/Instances 2/u574_10.gt,573,20.0,86400.0,PTVRP,1409795.0,253,10,0.0051,,,,,,,,,
Instances/Instances 2/u724_01.gt,723,20.0,86400.0,PTVRP,1805898.0,321,9,0.0055,,,,,,,,,
Instances/Instances 2/u724_02.gt,723,20.0,86400.0,PTVRP,1805735.0,303,9,0.005,,,,,,,,,
Instances/Instances 2/u724_03.gt,723,20.0,86400.0,PTVRP,1742959.0,311,9,0.0047,,,,,,,,,
Instances/Instances 2/u724_04.gt,723,20.0,86400.0,PTVRP,1816240.0,290,12,0.0052,,,,,,,,,
Instances/Instances 2/u724_05.gt,723,20.0,86400.0,PTVRP,1856694.0,302,10,0.0049,,,,,,,,,
Instances/Instances 2/u724_06.gt,723,20.0,86400.0,PTVRP,1814651.0,309,11,0.0046,,,,,,,,,
Instances/Instances 2/u724_07.gt,723,20.0,86400.0,PTVRP,1730151.0,290,10,0.0108,,,,,,,,,
Instances/Instances 2/u724_08.gt,723,20.0,86400.0,PTVRP,1766716.0,298,13,0.0048,,,,,,,,,
Instances/Instances 2/u724_09.gt,723,20.0,86400.0,PTVRP,1847344.0,300,10,0.0043,,,,,,,,,
Instances/Instances 2/u724_10.gt,723,20.0,86400.0,PTVRP,1785052.0,300,9,0.0778,,,,,,,,,
Instances/Instances 2/usa13509_01.gt,13508,20.0,86400.0,PTVRP,NO SOLUTION,,,0.0248,,,,,,,,,
Instances/Instances 2/usa13509_02.gt,13508,20.0,86400.0,PTVRP,NO SOLUTION,,,0.0118,,,,,,,,,
Instances/Instances 2/usa13509_03.gt,13508,20.0,86400.0,PTVRP,NO SOLUTION,,,0.0118,,,,,,,,,
Instances/Instances 2/usa13509_04.gt,13508,20.0,86400.0,PTVRP,NO SOLUTION,,,0.0135,,,,,,,,,
Instances/Instances 2/usa13509_05.gt,13508,20.0,86400.0,PTVRP,NO SOLUTION,,,0.0119,,,,,,,,,
Instances/Instances 2/usa13509_06.gt,13508,20.0,86400.0,PTVRP,NO SOLUTION,,,0.0125,,,,,,,,,
Instances/Instances 2/usa13509_07.gt,13508,20.0,86400.0,PTVRP,NO SOLUTION,,,0.0124,,,,,,,,,
Instances/Instances 2/usa13509_08.gt,13508,20.0,86400.0,PTVRP,NO SOLUTION,,,0.0118,,,,,,,,,
Instances/Instances 2/usa13509_09.gt,13508,20.0,86400.0,PTVRP,NO SOLUTION,,,0.0124,,,,,,,,,
Instances/Instances 2/usa13509_10.gt,13508,20.0,86400.0,PTVRP,NO SOLUTION,,,0.0123,,,,,,,,,
Instances/Instances 2/uy734_01.gt,733,20.0,86400.0,PTVRP,3323235.0,302,13,0.0046,,,,,,,,,
Instances/Instances 2/uy734_02.gt,733,20.0,86400.0,PTVRP,3522264.0,305,11,0.0048,,,,,,,,,
Instances/Instances 2/uy734_03.gt,733,20.0,86400.0,PTVRP,3380518.0,304,11,0.0044,,,,,,,,,
Instances/Instances 2/uy734_04.gt,733,20.0,86400.0,PTVRP,3406459.0,307,10,0.0044,,,,,,,,,
Instances/Instances 2/uy734_05.gt,733,20.0,86400.0,PTVRP,3349271.0,298,13,0.0046,,,,,,,,,
Instances/Instances 2/uy734_06.gt,733,20.0,86400.0,PTVRP,3416362.0,305,10,0.0044,,,,,,,,,
Instances/Instances 2/uy734_07.gt,733,20.0,86400.0,PTVRP,3377940.0,302,12,0.0048,,,,,,,,,
Instances/Instances 2/uy734_08.gt,733,20.0,86400.0,PTVRP,3461662.0,307,11,0.0047,,,,,,,,,
Instances/Instances 2/uy734_09.gt,733,20.0,86400.0,PTVRP,3422421.0,302,9,0.0043,,,,,,,,,
Instances/Instances 2/uy734_10.gt,733,20.0,86400.0,PTVRP,3384784.0,300,13,0.0043,,,,,,,,,
Instances/Instances 2/vm1084_01.gt,1083,20.0,86400.0,PTVRP,17941763.0,472,10,0.0049,,,,,,,,,
Instances/Instances 2/vm1084_02.gt,1083,20.0,86400.0,PTVRP,17871874.0,498,10,0.0052,,,,,,,,,
Instances/Instances 2/vm1084_03.gt,1083,20.0,86400.0,PTVRP,17739421.0,483,9,0.0051,,,,,,,,,
Instances/Instances 2/vm1084_04.gt,1083,20.0,86400.0,PTVRP,17545103.0,482,9,0.0048,,,,,,,,,
Instances/Instances 2/vm1084_05.gt,1083,20.0,86400.0,PTVRP,17833855.0,482,9,0.0048,,,,,,,,,
Instances/Instances 2/vm1084_06.gt,1083,20.0,86400.0,PTVRP,17540137.0,493,10,0.0048,,,,,,,,,
Instances/Instances 2/vm1084_07.gt,1083,20.0,86400.0,PTVRP,18133464.0,499,8,0.0047,,,,,,,,,
Instances/Instances 2/vm1084_08.gt,1083,20.0,86400.0,PTVRP,17919102.0,479,10,0.0051,,,,,,,,,
Instances/Instances 2/vm1084_09.gt,1083,20.0,86400.0,PTVRP,17820291.0,493,8,0.0048,,,,,,,,,
Instances/Instances 2/vm1084_10.gt,1083,20.0,86400.0,PTVRP,17302288.0,473,8,0.0052,,,,,,,,,
Instances/Instances 2/vm1748_01.gt,1747,20.0,86400.0,PTVRP,30957344.0,785,9,0.0065,,,,,,,,,
Instances/Instances 2/vm1748_02.gt,1747,20.0,86400.0,PTVRP,30946455.0,795,9,0.0059,,,,,,,,,
Instances/Instances 2/vm1748_03.gt,1747,20.0,86400.0,PTVRP,30569413.0,822,9,0.0059,,,,,,,,,
Instances/Instances 2/vm1748_04.gt,1747,20.0,86400.0,PTVRP,31156713.0,798,9,0.0061,,,,,,,,,
Instances/Instances 2/vm1748_05.gt,1747,20.0,86400.0,PTVRP,31091076.0,809,9,0.0062,,,,,,,,,
Instances/Instances 2/vm1748_06.gt,1747,20.0,86400.0,PTVRP,30636599.0,804,9,0.006,,,,,,,,,
Instances/Instances 2/vm1748_07.gt,1747,20.0,86400.0,PTVRP,30173820.0,753,9,0.0057,,,,,,,,,
Instances/Instances 2/vm1748_08.gt,1747,20.0,86400.0,PTVRP,31049903.0,808,10,0.0059,,,,,,,,,
Instances/Instances 2/vm1748_09.gt,1747,20.0,86400.0,PTVRP,30597194.0,770,8,0.006,,,,,,,,,
Instances/Instances 2/vm1748_10.gt,1747,20.0,86400.0,PTVRP,30881962.0,780,9,0.0062,,,,,,,,,
Instances/Instances 2/vm22775_01.gt,22774,20.0,86400.0,PTVRP,271789200.0,7370,16,0.0355,,,,,,,,,
Instances/Instances 2/vm22775_02.gt,22774,20.0,86400.0,PTVRP,272765485.0,7449,18,0.0324,,,,,,,,,
Instances/Instances 2/vm22775_03.gt,22774,20.0,86400.0,PTVRP,271122383.0,7490,16,0.0334,,,,,,,,,
Instances/Instances 2/vm22775_04.gt,22774,20.0,86400.0,PTVRP,271765235.0,7338,16,0.0343,,,,,,,,,
Instances/Instances 2/vm22775_05.gt,22774,20.0,86400.0,PTVRP,273727586.0,7416,16,0.0329,,,,,,,,,
Instances/Instances 2/vm22775_06.gt,22774,20.0,86400.0,PTVRP,271459169.0,7300,17,0.0314,,,,,,,,,
Instances/Instances 2/vm22775_07.gt,22774,20.0,86400.0,PTVRP,273454688.0,7361,21,0.0312,,,,,,,,,
Instances/Instances 2/vm22775_08.gt,22774,20.0,86400.0,PTVRP,272927407.0,7379,16,0.0343,,,,,,,,,
Instances/Instances 2/vm22775_09.gt,22774,20.0,86400.0,PTVRP,270920641.0,7370,17,0.0341,,,,,,,,,
Instances/Instances 2/vm22775_10.gt,22774,20.0,86400.0,PTVRP,272426022.0,7406,16,0.034,,,,,,,,,
Instances/Instances 2/wi29_01.gt,28,20.0,86400.0,PTVRP,253201.0,17,5,0.0037,,,,,,,,,
Instances/Instances 2/wi29_02.gt,28,20.0,86400.0,PTVRP,261376.0,19,5,0.0034,,,,,,,,,
Instances/Instances 2/wi29_03.gt,28,20.0,86400.0,PTVRP,219391.0,17,5,0.0033,,,,,,,,,
Instances/Instances 2/wi29_04.gt,28,20.0,86400.0,PTVRP,285853.0,18,7,0.0035,,,,,,,,,
Instances/Instances 2/wi29_05.gt,28,20.0,86400.0,PTVRP,210958.0,17,4,0.003,,,,,,,,,
Instances/Instances 2/wi29_06.gt,28,20.0,86400.0,PTVRP,326358.0,17,7,0.0036,,,,,,,,,
Instances/Instances 2/wi29_07.gt,28,20.0,86400.0,PTVRP,248200.0,18,3,0.0038,,,,,,,,,
Instances/Instances 2/wi29_08.gt,28,20.0,86400.0,PTVRP,262679.0,19,6,0.0034,,,,,,,,,
Instances/Instances 2/wi29_09.gt,28,20.0,86400.0,PTVRP,216460.0,15,4,0.0034,,,,,,,,,
Instances/Instances 2/wi29_10.gt,28,20.0,86400.0,PTVRP,222558.0,15,5,0.0034,,,,,,,,,
Instances/Instances 2/ym7663_01.gt,7662,20.0,86400.0,PTVRP,37449141.0,2280,21,0.0137,,,,,,,,,
Instances/Instances 2/ym7663_02.gt,7662,20.0,86400.0,PTVRP,38039089.0,2301,20,0.0136,,,,,,,,,
Instances/Instances 2/ym7663_03.gt,7662,20.0,86400.0,PTVRP,37498361.0,2247,16,0.0135,,,,,,,,,
Instances/Instances 2/ym7663_04.gt,7662,20.0,86400.0,PTVRP,37415386.0,2288,15,0.0134,,,,,,,,,
Instances/Instances 2/ym7663_05.gt,7662,20.0,86400.0,PTVRP,37775912.0,2261,17,0.0134,,,,,,,,,
Instances/Instances 2/ym7663_06.gt,7662,20.0,86400.0,PTVRP,37268322.0,2219,18,0.0135,,,,,,,,,
Instances/Instances 2/ym7663_07.gt,7662,20.0,86400.0,PTVRP,37797803.0,2284,18,0.014,,,,,,,,,
Instances/Instances 2/ym7663_08.gt,7662,20.0,86400.0,PTVRP,37585117.0,2264,19,0.0138,,,,,,,,,
Instances/Instances 2/ym7663_09.gt,7662,20.0,86400.0,PTVRP,37722326.0,2266,20,0.019,,,,,,,,,
Instances/Instances 2/ym7663_10.gt,7662,20.0,86400.0,PTVRP,37922689.0,2226,20,0.029,,,,,,,,,
Instances/Instances 2/zi929_01.gt,928,20.0,86400.0,PTVRP,5163866.0,343,14,0.0136,,,,,,,,,
Instances/Instances 2/zi929_02.gt,928,20.0,86400.0,PTVRP,4971798.0,320,18,0.0054,,,,,,,,,
Instances/Instances 2/zi929_03.gt,928,20.0,86400.0,PTVRP,4946344.0,312,14,0.005,,,,,,,,,
Instances/Instances 2/zi929_04.gt,928,20.0,86400.0,PTVRP,4996468.0,324,17,0.0056,,,,,,,,,
Instances/Instances 2/zi929_05.gt,928,20.0,86400.0,PTVRP,5058673.0,306,16,0.0059,,,,,,,,,
Instances/Instances 2/zi929_06.gt,928,20.0,86400.0,PTVRP,5211894.0,316,14,0.0045,,,,,,,,,
Instances/Instances 2/zi929_07.gt,928,20.0,86400.0,PTVRP,5067200.0,328,14,0.0045,,,,,,,,,
Instances/Instances 2/zi929_08.gt,928,20.0,86400.0,PTVRP,5109945.0,315,17,0.0044,,,,,,,,,
Instances/Instances 2/zi929_09.gt,928,20.0,86400.0,PTVRP,4869021.0,328,15,0.0046,,,,,,,,,
Instances/Instances 2/zi929_10.gt,928,20.0,86400.0,PTVRP,5188654.0,324,18,0.0052,,,,,,,,,
Instances/Instances 3/a280_01.gt,279,10.0,86400.0,PTVRP,140031.0,179,11,0.0034,,,,,,,,,
Instances/Instances 3/a280_02.gt,279,10.0,86400.0,PTVRP,134245.0,164,15,0.0045,,,,,,,,,
Instances/Instances 3/a280_03.gt,279,10.0,86400.0,PTVRP,134959.0,168,12,0.0046,,,,,,,,,
Instances/Instances 3/a280_04.gt,279,10.0,86400.0,PTVRP,137740.0,174,11,0.0033,,,,,,,,,
Instances/Instances 3/a280_05.gt,279,10.0,86400.0,PTVRP,137973.0,174,11,0.0039,,,,,,,,,
Instances/Instances 3/a280_06.gt,279,10.0,86400.0,PTVRP,139552.0,168,12,0.0051,,,,,,,,,
Instances/Instances 3/a280_07.gt,279,10.0,86400.0,PTVRP,144531.0,168,13,0.0042,,,,,,,,,
Instances/Instances 3/a280_08.gt,279,10.0,86400.0,PTVRP,140522.0,168,10,0.0043,,,,,,,,,
Instances/Instances 3/a280_09.gt,279,10.0,86400.0,PTVRP,135599.0,170,15,0.0037,,,,,,,,,
Instances/Instances 3/a280_10.gt,279,10.0,86400.0,PTVRP,133598.0,163,11,0.0042,,,,,,,,,
Instances/Instances 3/ar9152_01.gt,9151,10.0,86400.0,PTVRP,NO SOLUTION,,,0.0098,,,,,,,,,
Instances/Instances 3/ar9152_02.gt,9151,10.0,86400.0,PTVRP,NO SOLUTION,,,0.0102,,,,,,,,,
Instances/Instances 3/ar9152_03.gt,9151,10.0,86400.0,PTVRP,NO SOLUTION,,,0.0095,,,,,,,,,
Instances/Instances 3/ar9152_04.gt,9151,10.0,86400.0,PTVRP,NO SOLUTION,,,0.0099,,,,,,,,,
Instances/Instances 3/ar9152_05.gt,9151,10.0,86400.0,PTVRP,NO SOLUTION,,,0.01,,,,,,,,,
Instances/Instances 3/ar9152_06.gt,9151,10.0,86400.0,PTVRP,NO SOLUTION,,,0.0096,,,,,,,,,
Instances/Instances 3/ar9152_07.gt,9151,10.0,86400.0,PTVRP,NO SOLUTION,,,0.0087,,,,,,,,,
Instances/Instances 3/ar9152_08.gt,9151,10.0,86400.0,PTVRP,NO SOLUTION,,,0.0099,,,,,,,,,
Instances/Instances 3/ar9152_09.gt,9151,10.0,86400.0,PTVRP,NO SOLUTION,,,0.009,,,,,,,,,
Instances/Instances 3/ar9152_10.gt,9151,10.0,86400.0,PTVRP,NO SOLUTION,,,0.0101,,,,,,,,,
Instances/Instances 3/berlin52_01.gt,51,10.0,86400.0,PTVRP,97661.0,39,7,0.0033,,,,,,,,,
Instances/Instances 3/berlin52_02.gt,51,10.0,86400.0,PTVRP,103571.0,40,8,0.0029,,,,,,,,,
Instances/Instances 3/berlin52_03.gt,51,10.0,86400.0,PTVRP,121606.0,43,6,0.0033,,,,,,,,,
Instances/Instances 3/berlin52_04.gt,51,10.0,86400.0,PTVRP,123858.0,44,8,0.0045,,,,,,,,,
Instances/Instances 3/berlin52_05.gt,51,10.0,86400.0,PTVRP,120000.0,39,6,0.0041,,,,,,,,,
Instances/Instances 3/berlin52_06.gt,51,10.0,86400.0,PTVRP,109441.0,40,6,0.005,,,,,,,,,
Instances/Instances 3/berlin52_07.gt,51,10.0,86400.0,PTVRP,131065.0,42,8,0.0055,,,,,,,,,
Instances/Instances 3/berlin52_08.gt,51,10.0,86400.0,PTVRP,99399.0,40,6,0.0035,,,,,,,,,
Instances/Instances 3/berlin52_09.gt,51,10.0,86400.0,PTVRP,122913.0,41,6,0.0038,,,,,,,,,
Instances/Instances 3/berlin52_10.gt,51,10.0,86400.0,PTVRP,116231.0,43,7,0.0038,,,,,,,,,
Instances/Instances 3/bier127_01.gt,126,10.0,86400.0,PTVRP,2372871.0,89,8,0.0046,,,,,,,,,
Instances/Instances 3/bier127_02.gt,126,10.0,86400.0,PTVRP,NO SOLUTION,,,0.004,,,,,,,,,
Instances/Instances 3/bier127_03.gt,126,10.0,86400.0,PTVRP,NO SOLUTION,,,0.0035,,,,,,,,,
Instances/Instances 3/bier127_04.gt,126,10.0,86400.0,PTVRP,NO SOLUTION,,,0.0033,,,,,,,,,
Instances/Instances 3/bier127_05.gt,126,10.0,86400.0,PTVRP,2501155.0,95,9,0.004,,,,,,,,,
Instances/Instances 3/bier127_06.gt,126,10.0,86400.0,PTVRP,NO SOLUTION,,,0.0046,,,,,,,,,
Instances/Instances 3/bier127_07.gt,126,10.0,86400.0,PTVRP,NO SOLUTION,,,0.0039,,,,,,,,,
Instances/Instances 3/bier127_08.gt,126,10.0,86400.0,PTVRP,NO SOLUTION,,,0.003,,,,,,,,,
Instances/Instances 3/bier127_09.gt,126,10.0,86400.0,PTVRP,NO SOLUTION,,,0.0034,,,,,,,,,
Instances/Instances 3/bier127_10.gt,126,10.0,86400.0,PTVRP,NO SOLUTION,,,0.003,,,,,,,,,
Instances/Instances 3/bm33708_01.gt,33707,10.0,86400.0,PTVRP,NO SOLUTION,,,0.0265,,,,,,,,,
Instances/Instances 3/bm33708_02.gt,33707,10.0,86400.0,PTVRP,NO SOLUTION,,,0.0283,,,,,,,,,
Instances/Instances 3/bm33708_03.gt,33707,10.0,86400.0,PTVRP,NO SOLUTION,,,0.0261,,,,,,,,,
Instances/Instances 3/bm33708_04.gt,33707,10.0,86400.0,PTVRP,NO SOLUTION,,,0.0277,,,,,,,,,
Instances/Instances 3/bm33708_05.gt,33707,10.0,86400.0,PTVRP,NO SOLUTION,,,0.0272,,,,,,,,,
Instances/Instances 3/bm33708_06.gt,33707,10.0,86400.0,PTVRP,NO SOLUTION,,,0.0725,,,,,,,,,
Instances/Instances 3/bm33708_07.gt,33707,10.0,86400.0,PTVRP,NO SOLUTION,,,0.0287,,,,,,,,,
Instances/Instances 3/bm33708_08.gt,33707,10.0,86400.0,PTVRP,NO SOLUTION,,,0.0253,,,,,,,,,
Instances/Instances 3/bm33708_09.gt,33707,10.0,86400.0,PTVRP,NO SOLUTION,,,0.0268,,,,,,,,,
Instances/Instances 3/bm33708_10.gt,33707,10.0,86400.0,PTVRP,NO SOLUTION,,,0.0262,,,,,,,,,
Instances/Instances 3/brd14051_01.gt,14050,10.0,86400.0,PTVRP,162296593.0,6002,23,0.0233,,,,,,,,,
Instances/Instances 3/brd14051_02.gt,14050,10.0,86400.0,PTVRP,160815080.0,6005,25,0.0235,,,,,,,,,
Instances/Instances 3/brd14051_03.gt,14050,10.0,86400.0,PTVRP,161097353.0,6051,23,0.023,,,,,,,,,
Instances/Instances 3/brd14051_04.gt,14050,10.0,86400.0,PTVRP,162174071.0,5999,25,0.0226,,,,,,,,,
Instances/Instances 3/brd14051_05.gt,14050,10.0,86400.0,PTVRP,161905991.0,6084,24,0.0229,,,,,,,,,
Instances/Instances 3/brd14051_06.gt,14050,10.0,86400.0,PTVRP,162135672.0,6002,24,0.0259,,,,,,,,,
Instances/Instances 3/brd14051_07.gt,14050,10.0,86400.0,PTVRP,162357864.0,6011,24,0.0245,,,,,,,,,
Instances/Instances 3/brd14051_08.gt,14050,10.0,86400.0,PTVRP,164184438.0,6081,24,0.0274,,,,,,,,,
Instances/Instances 3/brd14051_09.gt,14050,10.0,86400.0,PTVRP,162721864.0,6127,23,0.0245,,,,,,,,,
Instances/Instances 3/brd14051_10.gt,14050,10.0,86400.0,PTVRP,161716360.0,6075,24,0.0226,,,,,,,,,
Instances/Instances 3/ca4663_01.gt,4662,10.0,86400.0,PTVRP,NO SOLUTION,,,0.0059,,,,,,,,,
Instances/Instances 3/ca4663_02.gt,4662,10.0,86400.0,PTVRP,NO SOLUTION,,,0.0076,,,,,,,,,
Instances/Instances 3/ca4663_03.gt,4662,10.0,86400.0,PTVRP,NO SOLUTION,,,0.0061,,,,,,,,,
Instances/Instances 3/ca4663_04.gt,4662,10.0,86400.0,PTVRP,NO SOLUTION,,,0.0065,,,,,,,,,
Instances/Instances 3/ca4663_05.gt,4662,10.0,86400.0,PTVRP,NO SOLUTION,,,0.0064,,,,,,,,,
Instances/Instances 3/ca4663_06.gt,4662,10.0,86400.0,PTVRP,NO SOLUTION,,,0.0065,,,,,,,,,
Instances/Instances 3/ca4663_07.gt,4662,10.0,86400.0,PTVRP,NO SOLUTION,,,0.0062,,,,,,,,,
Instances/Instances 3/ca4663_08.gt,4662,10.0,86400.0,PTVRP,NO SOLUTION,,,0.0067,,,,,,,,,
Instances/Instances 3/ca4663_09.gt,4662,10.0,86400.0,PTVRP,NO SOLUTION,,,0.0067,,,,,,,,,
Instances/Instances 3/ca4663_10.gt,4662,10.0,86400.0,PTVRP,NO SOLUTION,,,0.0067,,,,,,,,,
Instances/Instances 3/ch130_01.gt,129,10.0,86400.0,PTVRP,183001.0,90,9,0.0035,,,,,,,,,
Instances/Instances 3/ch130_02.gt,129,10.0,86400.0,PTVRP,189850.0,83,14,0.0035,,,,,,,,,
Instances/Instances 3/ch130_03.gt,129,10.0,86400.0,PTVRP,188041.0,92,12,0.0031,,,,,,,,,
Instances/Instances 3/ch130_04.gt,129,10.0,86400.0,PTVRP,204523.0,92,12,0.0039,,,,,,,,,
Instances/Instances 3/ch130_05.gt,129,10.0,86400.0,PTVRP,180670.0,85,10,0.0035,,,,,,,,,
Instances/Instances 3/ch130_06.gt,129,10.0,86400.0,PTVRP,178842.0,86,11,0.0036,,,,,,,,,
Instances/Instances 3/ch130_07.gt,129,10.0,86400.0,PTVRP,180444.0,88,10,0.0035,,,,,,,,,
Instances/Instances 3/ch130_08.gt,129,10.0,86400.0,PTVRP,198515.0,94,9,0.0035,,,,,,,,,
Instances/Instances 3/ch130_09.gt,129,10.0,86400.0,PTVRP,184710.0,90,11,0.0036,,,,,,,,,
Instances/Instances 3/ch130_10.gt,129,10.0,86400.0,PTVRP,184325.0,87,10,0.0035,,,,,,,,,
Instances/Instances 3/ch150_01.gt,149,10.0,86400.0,PTVRP,236822.0,97,11,0.0037,,,,,,,,,
Instances/Instances 3/ch150_02.gt,149,10.0,86400.0,PTVRP,205537.0,101,8,0.0031,,,,,,,,,
Instances/Instances 3/ch150_03.gt,149,10.0,86400.0,PTVRP,210032.0,101,9,0.0037,,,,,,,,,
Instances/Instances 3/ch150_04.gt,149,10.0,86400.0,PTVRP,220234.0,106,10,0.0035,,,,,,,,,
Instances/Instances 3/ch150_05.gt,149,10.0,86400.0,PTVRP,228044.0,104,13,0.0037,,,,,,,,,
Instances/Instances 3/ch150_06.gt,149,10.0,86400.0,PTVRP,212598.0,100,10,0.0039,,,,,,,,,
Instances/Instances 3/ch150_07.gt,149,10.0,86400.0,PTVRP,225934.0,100,9,0.003,,,,,,,,,
Instances/Instances 3/ch150_08.gt,149,10.0,86400.0,PTVRP,233995.0,100,9,0.0036,,,,,,,,,
Instances/Instances 3/ch150_09.gt,149,10.0,86400.0,PTVRP,217384.0,97,12,0.0036,,,,,,,,,
Instances/Instances 3/ch150_10.gt,149,10.0,86400.0,PTVRP,218360.0,107,8,0.0035,,,,,,,,,
Instances/Instances 3/ch71009_01.gt,71008,10.0,86400.0,PTVRP,NO SOLUTION,,,0.0513,,,,,,,,,
Instances/Instances 3/ch71009_02.gt,71008,10.0,86400.0,PTVRP,NO SOLUTION,,,0.0506,,,,,,,,,
Instances/Instances 3/ch71009_03.gt,71008,10.0,86400.0,PTVRP,NO SOLUTION,,,0.0514,,,,,,,,,
Instances/Instances 3/ch71009_04.gt,71008,10.0,86400.0,PTVRP,NO SOLUTION,,,0.0492,,,,,,,,,
Instances/Instances 3/ch71009_05.gt,71008,10.0,86400.0,PTVRP,NO SOLUTION,,,0.0517,,,,,,,,,
Instances/Instances 3/ch71009_06.gt,71008,10.0,86400.0,PTVRP,NO SOLUTION,,,0.0524,,,,,,,,,
Instances/Instances 3/ch71009_07.gt,71008,10.0,86400.0,PTVRP,NO SOLUTION,,,0.0549,,,,,,,,,
Instances/Instances 3/ch71009_08.gt,71008,10.0,86400.0,PTVRP,NO SOLUTION,,,0.056,,,,,,,,,
Instances/Instances 3/ch71009_09.gt,71008,10.0,86400.0,PTVRP,NO SOLUTION,,,0.0584,,,,,,,,,
Instances/Instances 3/ch71009_10.gt,71008,10.0,86400.0,PTVRP,NO SOLUTION,,,0.0511,,,,,,,,,
Instances/Instances 3/d1291_01.gt,1290,10.0,86400.0,PTVRP,7047490.0,626,18,0.0059,,,,,,,,,
Instances/Instances 3/d1291_02.gt,1290,10.0,86400.0,PTVRP,6401254.0,624,17,0.0061,,,,,,,,,
Instances/Instances 3/d1291_03.gt,1290,10.0,86400.0,PTVRP,6717332.0,640,17,0.0063,,,,,,,,,
Instances/Instances 3/d1291_04.gt,1290,10.0,86400.0,PTVRP,6581313.0,625,17,0.0065,,,,,,,,,
Instances/Instances 3/d1291_05.gt,1290,10.0,86400.0,PTVRP,6711677.0,633,19,0.0056,,,,,,,,,
Instances/Instances 3/d1291_06.gt,1290,10.0,86400.0,PTVRP,6675794.0,602,19,0.0061,,,,,,,,,
Instances/Instances 3/d1291_07.gt,1290,10.0,86400.0,PTVRP,6634690.0,635,21,0.0073,,,,,,,,,
Instances/Instances 3/d1291_08.gt,1290,10.0,86400.0,PTVRP,6587813.0,612,20,0.0072,,,,,,,,,
Instances/Instances 3/d1291_09.gt,1290,10.0,86400.0,PTVRP,6684618.0,606,20,0.0071,,,,,,,,,
Instances/Instances 3/d1291_10.gt,1290,10.0,86400.0,PTVRP,6614974.0,625,16,0.007,,,,,,,,,
Instances/Instances 3/d15112_01.gt,15111,10.0,86400.0,PTVRP,NO SOLUTION,,,0.0146,,,,,,,,,
Instances/Instances 3/d15112_02.gt,15111,10.0,86400.0,PTVRP,NO SOLUTION,,,0.0159,,,,,,,,,
Instances/Instances 3/d15112_03.gt,15111,10.0,86400.0,PTVRP,NO SOLUTION,,,0.0142,,,,,,,,,
Instances/Instances 3/d15112_04.gt,15111,10.0,86400.0,PTVRP,NO SOLUTION,,,0.0175,,,,,,,,,
Instances/Instances 3/d15112_05.gt,15111,10.0,86400.0,PTVRP,NO SOLUTION,,,0.0144,,,,,,,,,
Instances/Instances 3/d15112_06.gt,15111,10.0,86400.0,PTVRP,NO SOLUTION,,,0.0132,,,,,,,,,
Instances/Instances 3/d15112_07.gt,15111,10.0,86400.0,PTVRP,NO SOLUTION,,,0.0146,,,,,,,,,
Instances/Instances 3/d15112_08.gt,15111,10.0,86400.0,PTVRP,NO SOLUTION,,,0.0187,,,,,,,,,
Instances/Instances 3/d15112_09.gt,15111,10.0,86400.0,PTVRP,NO SOLUTION,,,0.0128,,,,,,,,,
Instances/Instances 3/d15112_10.gt,15111,10.0,86400.0,PTVRP,NO SOLUTION,,,0.0126,,,,,,,,,
Instances/Instances 3/d1655_01.gt,1654,10.0,86400.0,PTVRP,8436092.0,808,19,0.0059,,,,,,,,,
Instances/Instances 3/d1655_02.gt,1654,10.0,86400.0,PTVRP,8758582.0,809,19,0.006,,,,,,,,,
Instances/Instances 3/d1655_03.gt,1654,10.0,86400.0,PTVRP,8393898.0,789,19,0.0064,,,,,,,,,
Instances/Instances 3/d1655_04.gt,1654,10.0,86400.0,PTVRP,8491391.0,821,19,0.0065,,,,,,,,,
Instances/Instances 3/d1655_05.gt,1654,10.0,86400.0,PTVRP,8469009.0,835,19,0.0073,,,,,,,,,
Instances/Instances 3/d1655_06.gt,1654,10.0,86400.0,PTVRP,8534083.0,794,22,0.0093,,,,,,,,,
Instances/Instances 3/d1655_07.gt,1654,10.0,86400.0,PTVRP,8661560.0,778,18,0.0063,,,,,,,,,
Instances/Instances 3/d1655_08.gt,1654,10.0,86400.0,PTVRP,8645009.0,783,21,0.0075,,,,,,,,,
Instances/Instances 3/d1655_09.gt,1654,10.0,86400.0,PTVRP,8711928.0,815,18,0.007,,,,,,,,,
Instances/Instances 3/d1655_10.gt,1654,10.0,86400.0,PTVRP,8725167.0,805,21,0.0073,,,,,,,,,
Instances/Instances 3/d18512_01.gt,18511,10.0,86400.0,PTVRP,231120636.0,8019,22,0.0714,,,,,,,,,
Instances/Instances 3/d18512_02.gt,18511,10.0,86400.0,PTVRP,228529458.0,7949,24,0.0349,,,,,,,,,
Instances/Instances 3/d18512_03.gt,18511,10.0,86400.0,PTVRP,231569951.0,8044,22,0.0316,,,,,,,,,
Instances/Instances 3/d18512_04.gt,18511,10.0,86400.0,PTVRP,230192202.0,7902,26,0.0341,,,,,,,,,
Instances/Instances 3/d18512_05.gt,18511,10.0,86400.0,PTVRP,230461247.0,7861,26,0.0312,,,,,,,,,
Instances/Instances 3/d18512_06.gt,18511,10.0,86400.0,PTVRP,230855520.0,7974,22,0.0305,,,,,,,,,
Instances/Instances 3/d18512_07.gt,18511,10.0,86400.0,PTVRP,228951634.0,7989,23,0.0305,,,,,,,,,
Instances/Instances 3/d18512_08.gt,18511,10.0,86400.0,PTVRP,231033923.0,7955,23,0.0302,,,,,,,,,
Instances/Instances 3/d18512_09.gt,18511,10.0,86400.0,PTVRP,232602434.0,8022,23,0.0309,,,,,,,,,
Instances/Instances 3/d18512_10.gt,18511,10.0,86400.0,PTVRP,232387434.0,7991,31,0.032,,,,,,,,,
Instances/Instances 3/d198_01.gt,197,10.0,86400.0,PTVRP,755350.0,122,11,0.0034,,,,,,,,,
Instances/Instances 3/d198_02.gt,197,10.0,86400.0,PTVRP,787648.0,118,14,0.0036,,,,,,,,,
Instances/Instances 3/d198_03.gt,197,10.0,86400.0,PTVRP,805081.0,120,14,0.0043,,,,,,,,,
Instances/Instances 3/d198_04.gt,197,10.0,86400.0,PTVRP,786428.0,121,12,0.0042,,,,,,,,,
Instances/Instances 3/d198_05.gt,197,10.0,86400.0,PTVRP,787354.0,112,15,0.0043,,,,,,,,,
Instances/Instances 3/d198_06.gt,197,10.0,86400.0,PTVRP,757625.0,110,18,0.0039,,,,,,,,,
Instances/Instances 3/d198_07.gt,197,10.0,86400.0,PTVRP,748162.0,122,12,0.0038,,,,,,,,,
Instances/Instances 3/d198_08.gt,197,10.0,86400.0,PTVRP,791564.0,114,14,0.0038,,,,,,,,,
Instances/Instances 3/d198_09.gt,197,10.0,86400.0,PTVRP,769840.0,117,11,0.0043,,,,,,,,,
Instances/Instances 3/d198_10.gt,197,10.0,86400.0,PTVRP,798297.0,121,13,0.0039,,,,,,,,,
Instances/Instances 3/d2103_01.gt,2102,10.0,86400.0,PTVRP,12997338.0,986,20,0.0073,,,,,,,,,
Instances/Instances 3/d2103_02.gt,2102,10.0,86400.0,PTVRP,12833809.0,1022,18,0.007,,,,,,,,,
Instances/Instances 3/d2103_03.gt,2102,10.0,86400.0,PTVRP,13063743.0,1031,21,0.0068,,,,,,,,,
Instances/Instances 3/d2103_04.gt,2102,10.0,86400.0,PTVRP,12757990.0,974,20,0.0062,,,,,,,,,
Instances/Instances 3/d2103_05.gt,2102,10.0,86400.0,PTVRP,12794343.0,1010,20,0.0068,,,,,,,,,
Instances/Instances 3/d2103_06.gt,2102,10.0,86400.0,PTVRP,12733053.0,982,19,0.0069,,,,,,,,,
Instances/Instances 3/d2103_07.gt,2102,10.0,86400.0,PTVRP,12925597.0,1011,19,0.0064,,,,,,,,,
Instances/Instances 3/d2103_08.gt,2102,10.0,86400.0,PTVRP,13004013.0,958,20,0.0074,,,,,,,,,
Instances/Instances 3/d2103_09.gt,2102,10.0,86400.0,PTVRP,12742967.0,992,19,0.007,,,,,,,,,
Instances/Instances 3/d2103_10.gt,2102,10.0,86400.0,PTVRP,12865600.0,995,19,0.0067,,,,,,,,,
Instances/Instances 3/d493_01.gt,492,10.0,86400.0,PTVRP,1861604.0,288,15,0.0041,,,,,,,,,
Instances/Instances 3/d493_02.gt,492,10.0,86400.0,PTVRP,1778966.0,280,14,0.0045,,,,,,,,,
Instances/Instances 3/d493_03.gt,492,10.0,86400.0,PTVRP,1873148.0,303,13,0.0043,,,,,,,,,
Instances/Instances 3/d493_04.gt,492,10.0,86400.0,PTVRP,1830994.0,298,12,0.0043,,,,,,,,,
Instances/Instances 3/d493_05.gt,492,10.0,86400.0,PTVRP,1847155.0,285,15,0.004,,,,,,,,,
Instances/Instances 3/d493_06.gt,492,10.0,86400.0,PTVRP,1889474.0,279,14,0.0044,,,,,,,,,
Instances/Instances 3/d493_07.gt,492,10.0,86400.0,PTVRP,1942428.0,303,12,0.0046,,,,,,,,,
Instances/Instances 3/d493_08.gt,492,10.0,86400.0,PTVRP,1743548.0,280,13,0.0042,,,,,,,,,
Instances/Instances 3/d493_09.gt,492,10.0,86400.0,PTVRP,1877018.0,299,12,0.0042,,,,,,,,,
Instances/Instances 3/d493_10.gt,492,10.0,86400.0,PTVRP,1793640.0,283,13,0.0041,,,,,,,,,
Instances/Instances 3/d657_01.gt,656,10.0,86400.0,PTVRP,3276262.0,382,13,0.0045,,,,,,,,,
Instances/Instances 3/d657_02.gt,656,10.0,86400.0,PTVRP,3342495.0,374,15,0.0042,,,,,,,,,
Instances/Instances 3/d657_03.gt,656,10.0,86400.0,PTVRP,3356199.0,369,13,0.0044,,,,,,,,,
Instances/Instances 3/d657_04.gt,656,10.0,86400.0,PTVRP,3435877.0,370,15,0.0046,,,,,,,,,
Instances/Instances 3/d657_05.gt,656,10.0,86400.0,PTVRP,3481489.0,358,17,0.0042,,,,,,,,,
Instances/Instances 3/d657_06.gt,656,10.0,86400.0,PTVRP,3264502.0,359,14,0.0041,,,,,,,,,
Instances/Instances 3/d657_07.gt,656,10.0,86400.0,PTVRP,3360459.0,378,14,0.0048,,,,,,,,,
Instances/Instances 3/d657_08.gt,656,10.0,86400.0,PTVRP,3483374.0,375,14,0.0045,,,,,,,,,
Instances/Instances 3/d657_09.gt,656,10.0,86400.0,PTVRP,3417306.0,372,15,0.0056,,,,,,,,,
Instances/Instances 3/d657_10.gt,656,10.0,86400.0,PTVRP,3395202.0,364,14,0.0049,,,,,,,,,
Instances/Instances 3/dj38_01.gt,37,10.0,86400.0,PTVRP,124396.0,31,15,0.0038,,,,,,,,,
Instances/Instances 3/dj38_02.gt,37,10.0,86400.0,PTVRP,120057.0,32,8,0.004,,,,,,,,,
Instances/Instances 3/dj38_03.gt,37,10.0,86400.0,PTVRP,113556.0,31,12,0.0036,,,,,,,,,
Instances/Instances 3/dj38_04.gt,37,10.0,86400.0,PTVRP,100332.0,27,7,0.0041,,,,,,,,,
Instances/Instances 3/dj38_05.gt,37,10.0,86400.0,PTVRP,110624.0,28,8,0.0036,,,,,,,,,
Instances/Instances 3/dj38_06.gt,37,10.0,86400.0,PTVRP,111638.0,28,7,0.0036,,,,,,,,,
Instances/Instances 3/dj38_07.gt,37,10.0,86400.0,PTVRP,121004.0,27,8,0.0038,,,,,,,,,
Instances/Instances 3/dj38_08.gt,37,10.0,86400.0,PTVRP,117094.0,31,7,0.0035,,,,,,,,,
Instances/Instances 3/dj38_09.gt,37,10.0,86400.0,PTVRP,97831.0,26,5,0.004,,,,,,,,,
Instances/Instances 3/dj38_10.gt,37,10.0,86400.0,PTVRP,115962.0,32,5,0.004,,,,,,,,,
Instances/Instances 3/eg7146_01.gt,7145,10.0,86400.0,PTVRP,56520751.0,2893,27,0.015,,,,,,,,,
Instances/Instances 3/eg7146_02.gt,7145,10.0,86400.0,PTVRP,55767751.0,2869,29,0.0143,,,,,,,,,
Instances/Instances 3/eg7146_03.gt,7145,10.0,86400.0,PTVRP,56762325.0,2892,26,0.0133,,,,,,,,,
Instances/Instances 3/eg7146_04.gt,7145,10.0,86400.0,PTVRP,55885680.0,2900,29,0.014,,,,,,,,,
Instances/Instances 3/eg7146_05.gt,7145,10.0,86400.0,PTVRP,56562484.0,2878,27,0.0142,,,,,,,,,
Instances/Instances 3/eg7146_06.gt,7145,10.0,86400.0,PTVRP,56092246.0,2991,27,0.0149,,,,,,,,,
Instances/Instances 3/eg7146_07.gt,7145,10.0,86400.0,PTVRP,56562148.0,2899,28,0.0141,,,,,,,,,
Instances/Instances 3/eg7146_08.gt,7145,10.0,86400.0,PTVRP,56607426.0,2861,30,0.0131,,,,,,,,,
Instances/Instances 3/eg7146_09.gt,7145,10.0,86400.0,PTVRP,56069185.0,2834,28,0.0138,,,,,,,,,
Instances/Instances 3/eg7146_10.gt,7145,10.0,86400.0,PTVRP,56874986.0,2906,28,0.0134,,,,,,,,,
Instances/Instances 3/ei8246_01.gt,8245,10.0,86400.0,PTVRP,57072244.0,3383,24,0.016,,,,,,,,,
Instances/Instances 3/ei8246_02.gt,8245,10.0,86400.0,PTVRP,56731433.0,3404,22,0.0161,,,,,,,,,
Instances/Instances 3/ei8246_03.gt,8245,10.0,86400.0,PTVRP,56779595.0,3421,25,0.0156,,,,,,,,,
Instances/Instances 3/ei8246_04.gt,8245,10.0,86400.0,PTVRP,56701619.0,3334,25,0.0153,,,,,,,,,
Instances/Instances 3/ei8246_05.gt,8245,10.0,86400.0,PTVRP,56823034.0,3383,26,0.0156,,,,,,,,,
Instances/Instances 3/ei8246_06.gt,8245,10.0,86400.0,PTVRP,56758231.0,3433,24,0.0193,,,,,,,,,
Instances/Instances 3/ei8246_07.gt,8245,10.0,86400.0,PTVRP,57014081.0,3406,25,0.0173,,,,,,,,,
Instances/Instances 3/ei8246_08.gt,8245,10.0,86400.0,PTVRP,56515148.0,3344,24,0.0187,,,,,,,,,
Instances/Instances 3/ei8246_09.gt,8245,10.0,86400.0,PTVRP,57210286.0,3357,23,0.0173,,,,,,,,,
Instances/Instances 3/ei8246_10.gt,8245,10.0,86400.0,PTVRP,56019434.0,3391,29,0.0166,,,,,,,,,
Instances/Instances 3/eil101_01.gt,100,10.0,86400.0,PTVRP,15232.0,73,12,0.0035,,,,,,,,,
Instances/Instances 3/eil101_02.gt,100,10.0,86400.0,PTVRP,13896.0,79,8,0.0038,,,,,,,,,
Instances/Instances 3/eil101_03.gt,100,10.0,86400.0,PTVRP,14643.0,72,9,0.004,,,,,,,,,
Instances/Instances 3/eil101_04.gt,100,10.0,86400.0,PTVRP,13593.0,70,9,0.0039,,,,,,,,,
Instances/Instances 3/eil101_05.gt,100,10.0,86400.0,PTVRP,15353.0,80,9,0.0038,,,,,,,,,
Instances/Instances 3/eil101_06.gt,100,10.0,86400.0,PTVRP,13206.0,76,9,0.0036,,,,,,,,,
Instances/Instances 3/eil101_07.gt,100,10.0,86400.0,PTVRP,13764.0,66,9,0.0041,,,,,,,,,
Instances/Instances 3/eil101_08.gt,100,10.0,86400.0,PTVRP,14337.0,74,8,0.0042,,,,,,,,,
Instances/Instances 3/eil101_09.gt,100,10.0,86400.0,PTVRP,14002.0,76,9,0.0037,,,,,,,,,
Instances/Instances 3/eil101_10.gt,100,10.0,86400.0,PTVRP,15212.0,76,9,0.004,,,,,,,,,
Instances/Instances 3/eil51_01.gt,50,10.0,86400.0,PTVRP,6400.0,44,9,0.0042,,,,,,,,,
Instances/Instances 3/eil51_02.gt,50,10.0,86400.0,PTVRP,6955.0,41,7,0.0039,,,,,,,,,
Instances/Instances 3/eil51_03.gt,50,10.0,86400.0,PTVRP,6886.0,39,8,0.0031,,,,,,,,,
Instances/Instances 3/eil51_04.gt,50,10.0,86400.0,PTVRP,7154.0,41,7,0.0035,,,,,,,,,
Instances/Instances 3/eil51_05.gt,50,10.0,86400.0,PTVRP,5056.0,38,5,0.0035,,,,,,,,,
Instances/Instances 3/eil51_06.gt,50,10.0,86400.0,PTVRP,6653.0,41,7,0.0035,,,,,,,,,
Instances/Instances 3/eil51_07.gt,50,10.0,86400.0,PTVRP,6845.0,42,7,0.004,,,,,,,,,
Instances/Instances 3/eil51_08.gt,50,10.0,86400.0,PTVRP,6358.0,41,7,0.0035,,,,,,,,,
Instances/Instances 3/eil51_09.gt,50,10.0,86400.0,PTVRP,7037.0,41,6,0.0033,,,,,,,,,
Instances/Instances 3/eil51_10.gt,50,10.0,86400.0,PTVRP,6996.0,40,9,0.0036,,,,,,,,,
Instances/Instances 3/eil76_01.gt,75,10.0,86400.0,PTVRP,9893.0,62,8,0.0035,,,,,,,,,
Instances/Instances 3/eil76_02.gt,75,10.0,86400.0,PTVRP,10084.0,59,7,0.0036,,,,,,,,,
Instances/Instances 3/eil76_03.gt,75,10.0,86400.0,PTVRP,9469.0,60,9,0.0038,,,,,,,,,
Instances/Instances 3/eil76_04.gt,75,10.0,86400.0,PTVRP,9967.0,65,8,0.0032,,,,,,,,,
Instances/Instances 3/eil76_05.gt,75,10.0,86400.0,PTVRP,10847.0,61,7,0.0036,,,,,,,,,
Instances/Instances 3/eil76_06.gt,75,10.0,86400.0,PTVRP,9202.0,58,8,0.0037,,,,,,,,,
Instances/Instances 3/eil76_07.gt,75,10.0,86400.0,PTVRP,11363.0,58,8,0.0035,,,,,,,,,
Instances/Instances 3/eil76_08.gt,75,10.0,86400.0,PTVRP,11172.0,60,7,0.0034,,,,,,,,,
Instances/Instances 3/eil76_09.gt,75,10.0,86400.0,PTVRP,10430.0,54,8,0.0033,,,,,,,,,
Instances/Instances 3/eil76_10.gt,75,10.0,86400.0,PTVRP,9587.0,59,7,0.0036,,,,,,,,,
Instances/Instances 3/fi10639_01.gt,10638,10.0,86400.0,PTVRP,166094138.0,5055,20,0.0181,,,,,,,,,
Instances/Instances 3/fi10639_02.gt,10638,10.0,86400.0,PTVRP,166966174.0,5152,21,0.0184,,,,,,,,,
Instances/Instances 3/fi10639_03.gt,10638,10.0,86400.0,PTVRP,165600399.0,4922,20,0.0197,,,,,,,,,
Instances/Instances 3/fi10639_04.gt,10638,10.0,86400.0,PTVRP,165396224.0,5019,20,0.0215,,,,,,,,,
Instances/Instances 3/fi10639_05.gt,10638,10.0,86400.0,PTVRP,166385899.0,5032,19,0.0212,,,,,,,,,
Instances/Instances 3/fi10639_06.gt,10638,10.0,86400.0,PTVRP,166758718.0,5089,19,0.0206,,,,,,,,,
Instances/Instances 3/fi10639_07.gt,10638,10.0,86400.0,PTVRP,167205300.0,5041,20,0.0199,,,,,,,,,
Instances/Instances 3/fi10639_08.gt,10638,10.0,86400.0,PTVRP,167140841.0,5042,18,0.0217,,,,,,,,,
Instances/Instances 3/fi10639_09.gt,10638,10.0,86400.0,PTVRP,165456878.0,5030,22,0.0205,,,,,,,,,
Instances/Instances 3/fi10639_10.gt,10638,10.0,86400.0,PTVRP,166357039.0,5074,20,0.0202,,,,,,,,,
Instances/Instances 3/fl1400_01.gt,1399,10.0,86400.0,PTVRP,6984703.0,434,28,0.006,,,,,,,,,
Instances/Instances 3/fl1400_02.gt,1399,10.0,86400.0,PTVRP,6927543.0,445,31,0.0049,,,,,,,,,
Instances/Instances 3/fl1400_03.gt,1399,10.0,86400.0,PTVRP,7228426.0,442,32,0.0058,,,,,,,,,
Instances/Instances 3/fl1400_04.gt,1399,10.0,86400.0,PTVRP,7139005.0,432,30,0.0055,,,,,,,,,
Instances/Instances 3/fl1400_05.gt,1399,10.0,86400.0,PTVRP,6840253.0,457,28,0.0058,,,,,,,,,
Instances/Instances 3/fl1400_06.gt,1399,10.0,86400.0,PTVRP,7122580.0,457,41,0.0054,,,,,,,,,
Instances/Instances 3/fl1400_07.gt,1399,10.0,86400.0,PTVRP,7023771.0,434,40,0.005,,,,,,,,,
Instances/Instances 3/fl1400_08.gt,1399,10.0,86400.0,PTVRP,6846840.0,435,32,0.0051,,,,,,,,,
Instances/Instances 3/fl1400_09.gt,1399,10.0,86400.0,PTVRP,7001263.0,431,31,0.0055,,,,,,,,,
Instances/Instances 3/fl1400_10.gt,1399,10.0,86400.0,PTVRP,6929315.0,474,27,0.0053,,,,,,,,,
Instances/Instances 3/fl1577_01.gt,1576,10.0,86400.0,PTVRP,5031187.0,669,29,0.0065,,,,,,,,,
Instances/Instances 3/fl1577_02.gt,1576,10.0,86400.0,PTVRP,5085836.0,670,26,0.006,,,,,,,,,
Instances/Instances 3/fl1577_03.gt,1576,10.0,86400.0,PTVRP,5041398.0,651,22,0.0055,,,,,,,,,
Instances/Instances 3/fl1577_04.gt,1576,10.0,86400.0,PTVRP,4990258.0,699,20,0.0067,,,,,,,,,
Instances/Instances 3/fl1577_05.gt,1576,10.0,86400.0,PTVRP,5132595.0,662,30,0.0067,,,,,,,,,
Instances/Instances 3/fl1577_06.gt,1576,10.0,86400.0,PTVRP,5023026.0,664,26,0.0059,,,,,,,,,
Instances/Instances 3/fl1577_07.gt,1576,10.0,86400.0,PTVRP,4970862.0,682,21,0.0063,,,,,,,,,
Instances/Instances 3/fl1577_08.gt,1576,10.0,86400.0,PTVRP,5074212.0,680,25,0.0057,,,,,,,,,
Instances/Instances 3/fl1577_09.gt,1576,10.0,86400.0,PTVRP,4981749.0,701,22,0.0061,,,,,,,,,
Instances/Instances 3/fl1577_10.gt,1576,10.0,86400.0,PTVRP,5022095.0,669,27,0.0059,,,,,,,,,
Instances/Instances 3/fl3795_01.gt,3794,10.0,86400.0,PTVRP,13543623.0,1319,39,0.0093,,,,,,,,,
Instances/Instances 3/fl3795_02.gt,3794,10.0,86400.0,PTVRP,13514021.0,1340,31,0.0081,,,,,,,,,
Instances/Instances 3/fl3795_03.gt,3794,10.0,86400.0,PTVRP,13213477.0,1325,33,0.0083,,,,,,,,,
Instances/Instances 3/fl3795_04.gt,3794,10.0,86400.0,PTVRP,13263837.0,1337,34,0.0087,,,,,,,,,
Instances/Instances 3/fl3795_05.gt,3794,10.0,86400.0,PTVRP,13373700.0,1378,29,0.0093,,,,,,,,,
Instances/Instances 3/fl3795_06.gt,3794,10.0,86400.0,PTVRP,13210776.0,1388,32,0.009,,,,,,,,,
Instances/Instances 3/fl3795_07.gt,3794,10.0,86400.0,PTVRP,13544911.0,1363,32,0.0087,,,,,,,,,
Instances/Instances 3/fl3795_08.gt,3794,10.0,86400.0,PTVRP,13066430.0,1355,30,0.0095,,,,,,,,,
Instances/Instances 3/fl3795_09.gt,3794,10.0,86400.0,PTVRP,13418227.0,1334,29,0.0109,,,,,,,,,
Instances/Instances 3/fl3795_10.gt,3794,10.0,86400.0,PTVRP,13398051.0,1368,31,0.0094,,,,,,,,,
Instances/Instances 3/fl417_01.gt,416,10.0,86400.0,PTVRP,2149449.0,170,30,0.0043,,,,,,,,,
Instances/Instances 3/fl417_02.gt,416,10.0,86400.0,PTVRP,1972925.0,173,19,0.0044,,,,,,,,,
Instances/Instances 3/fl417_03.gt,416,10.0,86400.0,PTVRP,2110688.0,174,27,0.0034,,,,,,,,,
Instances/Instances 3/fl417_04.gt,416,10.0,86400.0,PTVRP,2017705.0,162,23,0.0045,,,,,,,,,
Instances/Instances 3/fl417_05.gt,416,10.0,86400.0,PTVRP,2139259.0,160,26,0.0042,,,,,,,,,
Instances/Instances 3/fl417_06.gt,416,10.0,86400.0,PTVRP,2064592.0,160,20,0.0041,,,,,,,,,
Instances/Instances 3/fl417_07.gt,416,10.0,86400.0,PTVRP,2161680.0,181,24,0.0045,,,,,,,,,
Instances/Instances 3/fl417_08.gt,416,10.0,86400.0,PTVRP,2110698.0,172,26,0.004,,,,,,,,,
Instances/Instances 3/fl417_09.gt,416,10.0,86400.0,PTVRP,2053309.0,157,25,0.0039,,,,,,,,,
Instances/Instances 3/fl417_10.gt,416,10.0,86400.0,PTVRP,2177982.0,173,27,0.0038,,,,,,,,,
Instances/Instances 3/fnl4461_01.gt,4460,10.0,86400.0,PTVRP,33285849.0,2075,20,0.0103,,,,,,,,,
Instances/Instances 3/fnl4461_02.gt,4460,10.0,86400.0,PTVRP,32953672.0,2083,22,0.0106,,,,,,,,,
Instances/Instances 3/fnl4461_03.gt,4460,10.0,86400.0,PTVRP,33084912.0,2098,20,0.0107,,,,,,,,,
Instances/Instances 3/fnl4461_04.gt,4460,10.0,86400.0,PTVRP,33095782.0,2095,20,0.0099,,,,,,,,,
Instances/Instances 3/fnl4461_05.gt,4460,10.0,86400.0,PTVRP,32230079.0,2059,22,0.0105,,,,,,,,,
Instances/Instances 3/fnl4461_06.gt,4460,10.0,86400.0,PTVRP,32719280.0,2041,20,0.0128,,,,,,,,,
Instances/Instances 3/fnl4461_07.gt,4460,10.0,86400.0,PTVRP,32426780.0,2094,20,0.0143,,,,,,,,,
Instances/Instances 3/fnl4461_08.gt,4460,10.0,86400.0,PTVRP,32183278.0,2030,19,0.0109,,,,,,,,,
Instances/Instances 3/fnl4461_09.gt,4460,10.0,86400.0,PTVRP,32364940.0,2093,21,0.0098,,,,,,,,,
Instances/Instances 3/fnl4461_10.gt,4460,10.0,86400.0,PTVRP,32543499.0,2082,20,0.0102,,,,,,,,,
Instances/Instances 3/gil262_01.gt,261,10.0,86400.0,PTVRP,112367.0,173,11,0.0042,,,,,,,,,
Instances/Instances 3/gil262_02.gt,261,10.0,86400.0,PTVRP,105563.0,165,10,0.0039,,,,,,,,,
Instances/Instances 3/gil262_03.gt,261,10.0,86400.0,PTVRP,105816.0,169,11,0.0044,,,,,,,,,
Instances/Instances 3/gil262_04.gt,261,10.0,86400.0,PTVRP,108297.0,163,9,0.0043,,,,,,,,,
Instances/Instances 3/gil262_05.gt,261,10.0,86400.0,PTVRP,114666.0,170,10,0.0046,,,,,,,,,
Instances/Instances 3/gil262_06.gt,261,10.0,86400.0,PTVRP,102928.0,160,15,0.0041,,,,,,,,,
Instances/Instances 3/gil262_07.gt,261,10.0,86400.0,PTVRP,111238.0,167,11,0.0038,,,,,,,,,
Instances/Instances 3/gil262_08.gt,261,10.0,86400.0,PTVRP,107137.0,171,11,0.0042,,,,,,,,,
Instances/Instances 3/gil262_09.gt,261,10.0,86400.0,PTVRP,105177.0,160,11,0.0037,,,,,,,,,
Instances/Instances 3/gil262_10.gt,261,10.0,86400.0,PTVRP,107665.0,163,11,0.0039,,,,,,,,,
Instances/Instances 3/gr9882_01.gt,9881,10.0,86400.0,PTVRP,110435208.0,4235,24,0.0186,,,,,,,,,
Instances/Instances 3/gr9882_02.gt,9881,10.0,86400.0,PTVRP,110438778.0,4293,23,0.0179,,,,,,,,,
Instances/Instances 3/gr9882_03.gt,9881,10.0,86400.0,PTVRP,109540367.0,4185,23,0.0177,,,,,,,,,
Instances/Instances 3/gr9882_04.gt,9881,10.0,86400.0,PTVRP,110880436.0,4240,21,0.0182,,,,,,,,,
Instances/Instances 3/gr9882_05.gt,9881,10.0,86400.0,PTVRP,109960238.0,4275,23,0.0197,,,,,,,,,
Instances/Instances 3/gr9882_06.gt,9881,10.0,86400.0,PTVRP,109525426.0,4198,23,0.0183,,,,,,,,,
Instances/Instances 3/gr9882_07.gt,9881,10.0,86400.0,PTVRP,111938101.0,4223,24,0.0179,,,,,,,,,
Instances/Instances 3/gr9882_08.gt,9881,10.0,86400.0,PTVRP,109877449.0,4278,25,0.0182,,,,,,,,,
Instances/Instances 3/gr9882_09.gt,9881,10.0,86400.0,PTVRP,110610898.0,4263,25,0.0188,,,,,,,,,
Instances/Instances 3/gr9882_10.gt,9881,10.0,86400.0,PTVRP,109488558.0,4190,21,0.0191,,,,,,,,,
Instances/Instances 3/ho14473_01.gt,14472,10.0,86400.0,PTVRP,81424388.0,4537,59,0.0224,,,,,,,,,
Instances/Instances 3/ho14473_02.gt,14472,10.0,86400.0,PTVRP,82372280.0,4543,61,0.0231,,,,,,,,,
Instances/Instances 3/ho14473_03.gt,14472,10.0,86400.0,PTVRP,81781083.0,4536,57,0.0224,,,,,,,,,
Instances/Instances 3/ho14473_04.gt,14472,10.0,86400.0,PTVRP,81527203.0,4473,51,0.0215,,,,,,,,,
Instances/Instances 3/ho14473_05.gt,14472,10.0,86400.0,PTVRP,82174926.0,4521,53,0.0235,,,,,,,,,
Instances/Instances 3/ho14473_06.gt,14472,10.0,86400.0,PTVRP,82314977.0,4552,58,0.0219,,,,,,,,,
Instances/Instances 3/ho14473_07.gt,14472,10.0,86400.0,PTVRP,81376150.0,4517,54,0.0225,,,,,,,,,
Instances/Instances 3/ho14473_08.gt,14472,10.0,86400.0,PTVRP,82098123.0,4456,52,0.035,,,,,,,,,
Instances/Instances 3/ho14473_09.gt,14472,10.0,86400.0,PTVRP,81441678.0,4428,46,0.0297,,,,,,,,,
Instances/Instances 3/ho14473_10.gt,14472,10.0,86400.0,PTVRP,81698743.0,4463,56,0.0234,,,,,,,,,
Instances/Instances 3/it16862_01.gt,16861,10.0,86400.0,PTVRP,275184989.0,8151,26,0.0332,,,,,,,,,
Instances/Instances 3/it16862_02.gt,16861,10.0,86400.0,PTVRP,271502317.0,8111,21,0.031,,,,,,,,,
Instances/Instances 3/it16862_03.gt,16861,10.0,86400.0,PTVRP,274118516.0,8192,24,0.0344,,,,,,,,,
Instances/Instances 3/it16862_04.gt,16861,10.0,86400.0,PTVRP,269283911.0,8064,24,0.0293,,,,,,,,,
Instances/Instances 3/it16862_05.gt,16861,10.0,86400.0,PTVRP,271180946.0,8183,25,0.0319,,,,,,,,,
Instances/Instances 3/it16862_06.gt,16861,10.0,86400.0,PTVRP,270956247.0,8058,25,0.0308,,,,,,,,,
Instances/Instances 3/it16862_07.gt,16861,10.0,86400.0,PTVRP,270140254.0,7993,21,0.03,,,,,,,,,
Instances/Instances 3/it16862_08.gt,16861,10.0,86400.0,PTVRP,270433715.0,8037,23,0.0311,,,,,,,,,
Instances/Instances 3/it16862_09.gt,16861,10.0,86400.0,PTVRP,273015938.0,8128,24,0.0352,,,,,,,,,
Instances/Instances 3/it16862_10.gt,16861,10.0,86400.0,PTVRP,270011126.0,8125,23,0.0332,,,,,,,,,
Instances/Instances 3/ja9847_01.gt,9846,10.0,86400.0,PTVRP,NO SOLUTION,,,0.0109,,,,,,,,,
Instances/Instances 3/ja9847_02.gt,9846,10.0,86400.0,PTVRP,NO SOLUTION,,,0.01,,,,,,,,,
Instances/Instances 3/ja9847_03.gt,9846,10.0,86400.0,PTVRP,NO SOLUTION,,,0.01,,,,,,,,,
Instances/Instances 3/ja9847_04.gt,9846,10.0,86400.0,PTVRP,NO SOLUTION,,,0.0107,,,,,,,,,
Instances/Instances 3/ja9847_05.gt,9846,10.0,86400.0,PTVRP,NO SOLUTION,,,0.0095,,,,,,,,,
Instances/Instances 3/ja9847_06.gt,9846,10.0,86400.0,PTVRP,NO SOLUTION,,,0.0101,,,,,,,,,
Instances/Instances 3/ja9847_07.gt,9846,10.0,86400.0,PTVRP,NO SOLUTION,,,0.0122,,,,,,,,,
Instances/Instances 3/ja9847_08.gt,9846,10.0,86400.0,PTVRP,NO SOLUTION,,,0.0109,,,,,,,,,
Instances/Instances 3/ja9847_09.gt,9846,10.0,86400.0,PTVRP,NO SOLUTION,,,0.0108,,,,,,,,,
Instances/Instances 3/ja9847_10.gt,9846,10.0,86400.0,PTVRP,NO SOLUTION,,,0.0103,,,,,,,,,
Instances/Instances 3/kroA100_01.gt,99,10.0,86400.0,PTVRP,701399.0,67,9,0.0053,,,,,,,,,
Instances/Instances 3/kroA100_02.gt,99,10.0,86400.0,PTVRP,668280.0,70,8,0.0044,,,,,,,,,
Instances/Instances 3/kroA100_03.gt,99,10.0,86400.0,PTVRP,709585.0,67,10,0.0038,,,,,,,,,
Instances/Instances 3/kroA100_04.gt,99,10.0,86400.0,PTVRP,645594.0,69,9,0.0037,,,,,,,,,
Instances/Instances 3/kroA100_05.gt,99,10.0,86400.0,PTVRP,705987.0,65,9,0.0033,,,,,,,,,
Instances/Instances 3/kroA100_06.gt,99,10.0,86400.0,PTVRP,617519.0,68,9,0.0037,,,,,,,,,
Instances/Instances 3/kroA100_07.gt,99,10.0,86400.0,PTVRP,615490.0,69,9,0.003,,,,,,,,,
Instances/Instances 3/kroA100_08.gt,99,10.0,86400.0,PTVRP,679225.0,66,9,0.0043,,,,,,,,,
Instances/Instances 3/kroA100_09.gt,99,10.0,86400.0,PTVRP,660672.0,67,9,0.0031,,,,,,,,,
Instances/Instances 3/kroA100_10.gt,99,10.0,86400.0,PTVRP,740424.0,68,11,0.0035,,,,,,,,,
Instances/Instances 3/kroA150_01.gt,149,10.0,86400.0,PTVRP,1048872.0,89,12,0.0042,,,,,,,,,
Instances/Instances 3/kroA150_02.gt,149,10.0,86400.0,PTVRP,1013251.0,101,9,0.0076,,,,,,,,,
Instances/Instances 3/kroA150_03.gt,149,10.0,86400.0,PTVRP,949076.0,96,10,0.0045,,,,,,,,,
Instances/Instances 3/kroA150_04.gt,149,10.0,86400.0,PTVRP,1011207.0,97,10,0.0037,,,,,,,,,
Instances/Instances 3/kroA150_05.gt,149,10.0,86400.0,PTVRP,933052.0,93,9,0.0046,,,,,,,,,
Instances/Instances 3/kroA150_06.gt,149,10.0,86400.0,PTVRP,1015270.0,95,13,0.0033,,,,,,,,,
Instances/Instances 3/kroA150_07.gt,149,10.0,86400.0,PTVRP,1125706.0,104,11,0.0039,,,,,,,,,
Instances/Instances 3/kroA150_08.gt,149,10.0,86400.0,PTVRP,1071109.0,93,11,0.0038,,,,,,,,,
Instances/Instances 3/kroA150_09.gt,149,10.0,86400.0,PTVRP,1123351.0,111,9,0.004,,,,,,,,,
Instances/Instances 3/kroA150_10.gt,149,10.0,86400.0,PTVRP,1005577.0,104,8,0.0039,,,,,,,,,
Instances/Instances 3/kroA200_01.gt,199,10.0,86400.0,PTVRP,1419120.0,126,13,0.0033,,,,,,,,,
Instances/Instances 3/kroA200_02.gt,199,10.0,86400.0,PTVRP,1301414.0,123,12,0.0039,,,,,,,,,
Instances/Instances 3/kroA200_03.gt,199,10.0,86400.0,PTVRP,1447751.0,113,12,0.0034,,,,,,,,,
Instances/Instances 3/kroA200_04.gt,199,10.0,86400.0,PTVRP,1517945.0,117,15,0.0039,,,,,,,,,
Instances/Instances 3/kroA200_05.gt,199,10.0,86400.0,PTVRP,1277440.0,118,11,0.0044,,,,,,,,,
Instances/Instances 3/kroA200_06.gt,199,10.0,86400.0,PTVRP,1441787.0,122,14,0.0037,,,,,,,,,
Instances/Instances 3/kroA200_07.gt,199,10.0,86400.0,PTVRP,1471343.0,124,13,0.0042,,,,,,,,,
Instances/Instances 3/kroA200_08.gt,199,10.0,86400.0,PTVRP,1382401.0,124,13,0.0043,,,,,,,,,
Instances/Instances 3/kroA200_09.gt,199,10.0,86400.0,PTVRP,1270833.0,125,10,0.0043,,,,,,,,,
Instances/Instances 3/kroA200_10.gt,199,10.0,86400.0,PTVRP,1430895.0,123,11,0.0039,,,,,,,,,
Instances/Instances 3/kroB100_01.gt,99,10.0,86400.0,PTVRP,715686.0,67,10,0.0036,,,,,,,,,
Instances/Instances 3/kroB100_02.gt,99,10.0,86400.0,PTVRP,680826.0,65,10,0.0044,,,,,,,,,
Instances/Instances 3/kroB100_03.gt,99,10.0,86400.0,PTVRP,631680.0,64,9,0.0218,,,,,,,,,
Instances/Instances 3/kroB100_04.gt,99,10.0,86400.0,PTVRP,679875.0,68,9,0.0076,,,,,,,,,
Instances/Instances 3/kroB100_05.gt,99,10.0,86400.0,PTVRP,759455.0,71,12,0.0042,,,,,,,,,
Instances/Instances 3/kroB100_06.gt,99,10.0,86400.0,PTVRP,728976.0,64,11,0.0039,,,,,,,,,
Instances/Instances 3/kroB100_07.gt,99,10.0,86400.0,PTVRP,780813.0,71,11,0.0037,,,,,,,,,
Instances/Instances 3/kroB100_08.gt,99,10.0,86400.0,PTVRP,684087.0,59,9,0.0036,,,,,,,,,
Instances/Instances 3/kroB100_09.gt,99,10.0,86400.0,PTVRP,634875.0,66,10,0.0041,,,,,,,,,
Instances/Instances 3/kroB100_10.gt,99,10.0,86400.0,PTVRP,691007.0,67,12,0.0045,,,,,,,,,
Instances/Instances 3/kroB150_01.gt,149,10.0,86400.0,PTVRP,1104436.0,98,12,0.0045,,,,,,,,,
Instances/Instances 3/kroB150_02.gt,149,10.0,86400.0,PTVRP,1043182.0,96,10,0.0039,,,,,,,,,
Instances/Instances 3/kroB150_03.gt,149,10.0,86400.0,PTVRP,1130756.0,97,13,0.0037,,,,,,,,,
Instances/Instances 3/kroB150_04.gt,149,10.0,86400.0,PTVRP,1069013.0,93,12,0.0038,,,,,,,,,
Instances/Instances 3/kroB150_05.gt,149,10.0,86400.0,PTVRP,1194362.0,98,10,0.0038,,,,,,,,,
Instances/Instances 3/kroB150_06.gt,149,10.0,86400.0,PTVRP,969658.0,86,10,0.0035,,,,,,,,,
Instances/Instances 3/kroB150_07.gt,149,10.0,86400.0,PTVRP,1074929.0,105,9,0.0038,,,,,,,,,
Instances/Instances 3/kroB150_08.gt,149,10.0,86400.0,PTVRP,1061542.0,100,11,0.0037,,,,,,,,,
Instances/Instances 3/kroB150_09.gt,149,10.0,86400.0,PTVRP,1111188.0,92,13,0.0039,,,,,,,,,
Instances/Instances 3/kroB150_10.gt,149,10.0,86400.0,PTVRP,1088644.0,98,11,0.0039,,,,,,,,,
Instances/Instances 3/kroB200_01.gt,199,10.0,86400.0,PTVRP,1382288.0,129,14,0.0037,,,,,,,,,
Instances/Instances 3/kroB200_02.gt,199,10.0,86400.0,PTVRP,1277857.0,126,11,0.004,,,,,,,,,
Instances/Instances 3/kroB200_03.gt,199,10.0,86400.0,PTVRP,1461001.0,132,13,0.0044,,,,,,,,,
Instances/Instances 3/kroB200_04.gt,199,10.0,86400.0,PTVRP,1341879.0,124,12,0.0038,,,,,,,,,
Instances/Instances 3/kroB200_05.gt,199,10.0,86400.0,PTVRP,1365789.0,127,11,0.004,,,,,,,,,
Instances/Instances 3/kroB200_06.gt,199,10.0,86400.0,PTVRP,1428376.0,136,12,0.0039,,,,,,,,,
Instances/Instances 3/kroB200_07.gt,199,10.0,86400.0,PTVRP,1392874.0,124,15,0.0038,,,,,,,,,
Instances/Instances 3/kroB200_08.gt,199,10.0,86400.0,PTVRP,1336093.0,122,12,0.004,,,,,,,,,
Instances/Instances 3/kroB200_09.gt,199,10.0,86400.0,PTVRP,1445513.0,135,12,0.0043,,,,,,,,,
Instances/Instances 3/kroB200_10.gt,199,10.0,86400.0,PTVRP,1306257.0,126,12,0.0041,,,,,,,,,
Instances/Instances 3/kroC100_01.gt,99,10.0,86400.0,PTVRP,729741.0,60,12,0.0037,,,,,,,,,
Instances/Instances 3/kroC100_02.gt,99,10.0,86400.0,PTVRP,699705.0,61,11,0.0042,,,,,,,,,
Instances/Instances 3/kroC100_03.gt,99,10.0,86400.0,PTVRP,681203.0,64,11,0.004,,,,,,,,,
Instances/Instances 3/kroC100_04.gt,99,10.0,86400.0,PTVRP,737465.0,64,9,0.0039,,,,,,,,,
Instances/Instances 3/kroC100_05.gt,99,10.0,86400.0,PTVRP,840633.0,74,8,0.0035,,,,,,,,,
Instances/Instances 3/kroC100_06.gt,99,10.0,86400.0,PTVRP,764793.0,60,14,0.0038,,,,,,,,,
Instances/Instances 3/kroC100_07.gt,99,10.0,86400.0,PTVRP,705581.0,65,13,0.0037,,,,,,,,,
Instances/Instances 3/kroC100_08.gt,99,10.0,86400.0,PTVRP,719808.0,68,11,0.004,,,,,,,,,
Instances/Instances 3/kroC100_09.gt,99,10.0,86400.0,PTVRP,724202.0,67,11,0.004,,,,,,,,,
Instances/Instances 3/kroC100_10.gt,99,10.0,86400.0,PTVRP,744838.0,71,14,0.0044,,,,,,,,,
Instances/Instances 3/kroD100_01.gt,99,10.0,86400.0,PTVRP,653242.0,66,9,0.0039,,,,,,,,,
Instances/Instances 3/kroD100_02.gt,99,10.0,86400.0,PTVRP,653243.0,63,10,0.0037,,,,,,,,,
Instances/Instances 3/kroD100_03.gt,99,10.0,86400.0,PTVRP,644781.0,70,9,0.0037,,,,,,,,,
Instances/Instances 3/kroD100_04.gt,99,10.0,86400.0,PTVRP,622870.0,69,8,0.0038,,,,,,,,,
Instances/Instances 3/kroD100_05.gt,99,10.0,86400.0,PTVRP,756943.0,74,9,0.004,,,,,,,,,
Instances/Instances 3/kroD100_06.gt,99,10.0,86400.0,PTVRP,687061.0,65,9,0.0046,,,,,,,,,
Instances/Instances 3/kroD100_07.gt,99,10.0,86400.0,PTVRP,643576.0,64,9,0.0038,,,,,,,,,
Instances/Instances 3/kroD100_08.gt,99,10.0,86400.0,PTVRP,682404.0,70,10,0.005,,,,,,,,,
Instances/Instances 3/kroD100_09.gt,99,10.0,86400.0,PTVRP,676464.0,70,9,0.0045,,,,,,,,,
Instances/Instances 3/kroD100_10.gt,99,10.0,86400.0,PTVRP,708156.0,74,11,0.0041,,,,,,,,,
Instances/Instances 3/kroE100_01.gt,99,10.0,86400.0,PTVRP,699690.0,62,11,0.0053,,,,,,,,,
Instances/Instances 3/kroE100_02.gt,99,10.0,86400.0,PTVRP,729508.0,65,11,0.0042,,,,,,,,,
Instances/Instances 3/kroE100_03.gt,99,10.0,86400.0,PTVRP,689893.0,71,9,0.0044,,,,,,,,,
Instances/Instances 3/kroE100_04.gt,99,10.0,86400.0,PTVRP,735116.0,64,9,0.0036,,,,,,,,,
Instances/Instances 3/kroE100_05.gt,99,10.0,86400.0,PTVRP,809301.0,70,11,0.0041,,,,,,,,,
Instances/Instances 3/kroE100_06.gt,99,10.0,86400.0,PTVRP,739501.0,61,9,0.004,,,,,,,,,
Instances/Instances 3/kroE100_07.gt,99,10.0,86400.0,PTVRP,696935.0,64,10,0.0052,,,,,,,,,
Instances/Instances 3/kroE100_08.gt,99,10.0,86400.0,PTVRP,758659.0,65,10,0.0051,,,,,,,,,
Instances/Instances 3/kroE100_09.gt,99,10.0,86400.0,PTVRP,721416.0,66,9,0.0039,,,,,,,,,
Instances/Instances 3/kroE100_10.gt,99,10.0,86400.0,PTVRP,750597.0,71,11,0.0039,,,,,,,,,
Instances/Instances 3/kz9976_01.gt,9975,10.0,86400.0,PTVRP,NO SOLUTION,,,0.0112,,,,,,,,,
Instances/Instances 3/kz9976_02.gt,9975,10.0,86400.0,PTVRP,NO SOLUTION,,,0.0104,,,,,,,,,
Instances/Instances 3/kz9976_03.gt,9975,10.0,86400.0,PTVRP,NO SOLUTION,,,0.0104,,,,,,,,,
Instances/Instances 3/kz9976_04.gt,9975,10.0,86400.0,PTVRP,NO SOLUTION,,,0.01,,,,,,,,,
Instances/Instances 3/kz9976_05.gt,9975,10.0,86400.0,PTVRP,NO SOLUTION,,,0.0095,,,,,,,,,
Instances/Instances 3/kz9976_06.gt,9975,10.0,86400.0,PTVRP,NO SOLUTION,,,0.0113,,,,,,,,,
Instances/Instances 3/kz9976_07.gt,9975,10.0,86400.0,PTVRP,NO SOLUTION,,,0.0101,,,,,,,,,
Instances/Instances 3/kz9976_08.gt,9975,10.0,86400.0,PTVRP,NO SOLUTION,,,0.0103,,,,,,,,,
Instances/Instances 3/kz9976_09.gt,9975,10.0,86400.0,PTVRP,NO SOLUTION,,,0.0099,,,,,,,,,
Instances/Instances 3/kz9976_10.gt,9975,10.0,86400.0,PTVRP,NO SOLUTION,,,0.0146,,,,,,,,,
Instances/Instances 3/lin105_01.gt,104,10.0,86400.0,PTVRP,487430.0,69,9,0.0043,,,,,,,,,
Instances/Instances 3/lin105_02.gt,104,10.0,86400.0,PTVRP,512256.0,67,10,0.0044,,,,,,,,,
Instances/Instances 3/lin105_03.gt,104,10.0,86400.0,PTVRP,458949.0,71,10,0.0039,,,,,,,,,
Instances/Instances 3/lin105_04.gt,104,10.0,86400.0,PTVRP,486420.0,68,12,0.0033,,,,,,,,,
Instances/Instances 3/lin105_05.gt,104,10.0,86400.0,PTVRP,433043.0,69,9,0.003,,,,,,,,,
Instances/Instances 3/lin105_06.gt,104,10.0,86400.0,PTVRP,461803.0,64,13,0.0041,,,,,,,,,
Instances/Instances 3/lin105_07.gt,104,10.0,86400.0,PTVRP,524106.0,71,16,0.0043,,,,,,,,,
Instances/Instances 3/lin105_08.gt,104,10.0,86400.0,PTVRP,453555.0,68,12,0.0046,,,,,,,,,
Instances/Instances 3/lin105_09.gt,104,10.0,86400.0,PTVRP,500374.0,69,12,0.004,,,,,,,,,
Instances/Instances 3/lin105_10.gt,104,10.0,86400.0,PTVRP,499916.0,78,10,0.0038,,,,,,,,,
Instances/Instances 3/lin318_01.gt,317,10.0,86400.0,PTVRP,2323080.0,182,14,0.0043,,,,,,,,,
Instances/Instances 3/lin318_02.gt,317,10.0,86400.0,PTVRP,2185506.0,189,11,0.0041,,,,,,,,,
Instances/Instances 3/lin318_03.gt,317,10.0,86400.0,PTVRP,2355448.0,195,17,0.0038,,,,,,,,,
Instances/Instances 3/lin318_04.gt,317,10.0,86400.0,PTVRP,2234524.0,198,14,0.0046,,,,,,,,,
Instances/Instances 3/lin318_05.gt,317,10.0,86400.0,PTVRP,2324434.0,198,14,0.0045,,,,,,,,,
Instances/Instances 3/lin318_06.gt,317,10.0,86400.0,PTVRP,2342468.0,185,15,0.0039,,,,,,,,,
Instances/Instances 3/lin318_07.gt,317,10.0,86400.0,PTVRP,2233691.0,177,14,0.0045,,,,,,,,,
Instances/Instances 3/lin318_08.gt,317,10.0,86400.0,PTVRP,2496731.0,195,13,0.0044,,,,,,,,,
Instances/Instances 3/lin318_09.gt,317,10.0,86400.0,PTVRP,2299952.0,192,12,0.005,,,,,,,,,
Instances/Instances 3/lin318_10.gt,317,10.0,86400.0,PTVRP,2417488.0,185,14,0.0043,,,,,,,,,
Instances/Instances 3/linhp318_01.gt,317,10.0,86400.0,PTVRP,2422886.0,190,13,0.0038,,,,,,,,,
Instances/Instances 3/linhp318_02.gt,317,10.0,86400.0,PTVRP,2386979.0,185,13,0.0041,,,,,,,,,
Instances/Instances 3/linhp318_03.gt,317,10.0,86400.0,PTVRP,2460086.0,195,15,0.0039,,,,,,,,,
Instances/Instances 3/linhp318_04.gt,317,10.0,86400.0,PTVRP,2342231.0,195,13,0.0043,,,,,,,,,
Instances/Instances 3/linhp318_05.gt,317,10.0,86400.0,PTVRP,2196723.0,181,12,0.0046,,,,,,,,,
Instances/Instances 3/linhp318_06.gt,317,10.0,86400.0,PTVRP,2445813.0,208,11,0.005,,,,,,,,,
Instances/Instances 3/linhp318_07.gt,317,10.0,86400.0,PTVRP,2344476.0,188,14,0.0042,,,,,,,,,
Instances/Instances 3/linhp318_08.gt,317,10.0,86400.0,PTVRP,2349404.0,179,15,0.0051,,,,,,,,,
Instances/Instances 3/linhp318_09.gt,317,10.0,86400.0,PTVRP,2264598.0,190,20,0.0048,,,,,,,,,
Instances/Instances 3/linhp318_10.gt,317,10.0,86400.0,PTVRP,2497763.0,192,13,0.0042,,,,,,,,,
Instances/Instances 3/lu980_01.gt,979,10.0,86400.0,PTVRP,1238199.0,431,20,0.0045,,,,,,,,,
Instances/Instances 3/lu980_02.gt,979,10.0,86400.0,PTVRP,1165402.0,460,17,0.005,,,,,,,,,
Instances/Instances 3/lu980_03.gt,979,10.0,86400.0,PTVRP,1222382.0,440,23,0.0053,,,,,,,,,
Instances/Instances 3/lu980_04.gt,979,10.0,86400.0,PTVRP,1208687.0,444,20,0.0045,,,,,,,,,
Instances/Instances 3/lu980_05.gt,979,10.0,86400.0,PTVRP,1230504.0,440,21,0.0053,,,,,,,,,
Instances/Instances 3/lu980_06.gt,979,10.0,86400.0,PTVRP,1198941.0,449,20,0.0052,,,,,,,,,
Instances/Instances 3/lu980_07.gt,979,10.0,86400.0,PTVRP,1199265.0,446,20,0.0046,,,,,,,,,
Instances/Instances 3/lu980_08.gt,979,10.0,86400.0,PTVRP,1191115.0,435,18,0.0049,,,,,,,,,
Instances/Instances 3/lu980_09.gt,979,10.0,86400.0,PTVRP,1211996.0,429,21,0.0043,,,,,,,,,
Instances/Instances 3/lu980_10.gt,979,10.0,86400.0,PTVRP,1176320.0,441,19,0.0058,,,,,,,,,
Instances/Instances 3/mo14185_01.gt,14184,10.0,86400.0,PTVRP,190178737.0,6239,24,0.0253,,,,,,,,,
Instances/Instances 3/mo14185_02.gt,14184,10.0,86400.0,PTVRP,189013088.0,6210,25,0.0245,,,,,,,,,
Instances/Instances 3/mo14185_03.gt,14184,10.0,86400.0,PTVRP,187695839.0,6074,23,0.0229,,,,,,,,,
Instances/Instances 3/mo14185_04.gt,14184,10.0,86400.0,PTVRP,189513359.0,6121,22,0.024,,,,,,,,,
Instances/Instances 3/mo14185_05.gt,14184,10.0,86400.0,PTVRP,190030739.0,6188,22,0.0265,,,,,,,,,
Instances/Instances 3/mo14185_06.gt,14184,10.0,86400.0,PTVRP,188462785.0,6201,22,0.0245,,,,,,,,,
Instances/Instances 3/mo14185_07.gt,14184,10.0,86400.0,PTVRP,189510438.0,6167,24,0.0242,,,,,,,,,
Instances/Instances 3/mo14185_08.gt,14184,10.0,86400.0,PTVRP,189230723.0,6209,23,0.024,,,,,,,,,
Instances/Instances 3/mo14185_09.gt,14184,10.0,86400.0,PTVRP,188776833.0,6211,22,0.1178,,,,,,,,,
Instances/Instances 3/mo14185_10.gt,14184,10.0,86400.0,PTVRP,190259492.0,6150,22,0.0256,,,,,,,,,
Instances/Instances 3/mu1979_01.gt,1978,10.0,86400.0,PTVRP,21170613.0,942,24,0.0088,,,,,,,,,
Instances/Instances 3/mu1979_02.gt,1978,10.0,86400.0,PTVRP,21225319.0,941,17,0.0057,,,,,,,,,
Instances/Instances 3/mu1979_03.gt,1978,10.0,86400.0,PTVRP,21681777.0,932,21,0.0059,,,,,,,,,
Instances/Instances 3/mu1979_04.gt,1978,10.0,86400.0,PTVRP,20540625.0,918,21,0.0067,,,,,,,,,
Instances/Instances 3/mu1979_05.gt,1978,10.0,86400.0,PTVRP,20617936.0,930,24,0.0072,,,,,,,,,
Instances/Instances 3/mu1979_06.gt,1978,10.0,86400.0,PTVRP,20581045.0,941,25,0.0066,,,,,,,,,
Instances/Instances 3/mu1979_07.gt,1978,10.0,86400.0,PTVRP,20944937.0,931,19,0.0063,,,,,,,,,
Instances/Instances 3/mu1979_08.gt,1978,10.0,86400.0,PTVRP,20655147.0,919,25,0.0061,,,,,,,,,
Instances/Instances 3/mu1979_09.gt,1978,10.0,86400.0,PTVRP,21386643.0,957,25,0.0061,,,,,,,,,
Instances/Instances 3/mu1979_10.gt,1978,10.0,86400.0,PTVRP,20899924.0,957,21,0.0073,,,,,,,,,
Instances/Instances 3/nrw1379_01.gt,1378,10.0,86400.0,PTVRP,5653357.0,730,16,0.0052,,,,,,,,,
Instances/Instances 3/nrw1379_02.gt,1378,10.0,86400.0,PTVRP,5580432.0,741,15,0.0062,,,,,,,,,
Instances/Instances 3/nrw1379_03.gt,1378,10.0,86400.0,PTVRP,5833089.0,754,15,0.0062,,,,,,,,,
Instances/Instances 3/nrw1379_04.gt,1378,10.0,86400.0,PTVRP,5764558.0,742,15,0.0058,,,,,,,,,
Instances/Instances 3/nrw1379_05.gt,1378,10.0,86400.0,PTVRP,5699319.0,725,16,0.0059,,,,,,,,,
Instances/Instances 3/nrw1379_06.gt,1378,10.0,86400.0,PTVRP,5563588.0,747,15,0.006,,,,,,,,,
Instances/Instances 3/nrw1379_07.gt,1378,10.0,86400.0,PTVRP,5729957.0,750,19,0.0059,,,,,,,,,
Instances/Instances 3/nrw1379_08.gt,1378,10.0,86400.0,PTVRP,5654639.0,734,16,0.0074,,,,,,,,,
Instances/Instances 3/nrw1379_09.gt,1378,10.0,86400.0,PTVRP,5784503.0,747,17,0.0057,,,,,,,,,
Instances/Instances 3/nrw1379_10.gt,1378,10.0,86400.0,PTVRP,5490488.0,706,16,0.0056,,,,,,,,,
Instances/Instances 3/nu3496_01.gt,3495,10.0,86400.0,PTVRP,19679188.0,1405,27,0.0089,,,,,,,,,
Instances/Instances 3/nu3496_02.gt,3495,10.0,86400.0,PTVRP,19667114.0,1426,24,0.0094,,,,,,,,,
Instances/Instances 3/nu3496_03.gt,3495,10.0,86400.0,PTVRP,19598847.0,1412,27,0.0089,,,,,,,,,
Instances/Instances 3/nu3496_04.gt,3495,10.0,86400.0,PTVRP,19847809.0,1411,24,0.0096,,,,,,,,,
Instances/Instances 3/nu3496_05.gt,3495,10.0,86400.0,PTVRP,20230717.0,1452,26,0.0125,,,,,,,,,
Instances/Instances 3/nu3496_06.gt,3495,10.0,86400.0,PTVRP,19735255.0,1418,24,0.0089,,,,,,,,,
Instances/Instances 3/nu3496_07.gt,3495,10.0,86400.0,PTVRP,19668992.0,1373,26,0.0083,,,,,,,,,
Instances/Instances 3/nu3496_08.gt,3495,10.0,86400.0,PTVRP,19814351.0,1448,23,0.009,,,,,,,,,
Instances/Instances 3/nu3496_09.gt,3495,10.0,86400.0,PTVRP,19954560.0,1476,24,0.0093,,,,,,,,,
Instances/Instances 3/nu3496_10.gt,3495,10.0,86400.0,PTVRP,20053480.0,1450,23,0.0097,,,,,,,,,
Instances/Instances 3/p654_01.gt,653,10.0,86400.0,PTVRP,8542444.0,280,17,0.0039,,,,,,,,,
Instances/Instances 3/p654_02.gt,653,10.0,86400.0,PTVRP,8180776.0,270,15,0.0044,,,,,,,,,
Instances/Instances 3/p654_03.gt,653,10.0,86400.0,PTVRP,8753569.0,280,20,0.0044,,,,,,,,,
Instances/Instances 3/p654_04.gt,653,10.0,86400.0,PTVRP,8421204.0,278,16,0.0045,,,,,,,,,
Instances/Instances 3/p654_05.gt,653,10.0,86400.0,PTVRP,8551199.0,277,16,0.0044,,,,,,,,,
Instances/Instances 3/p654_06.gt,653,10.0,86400.0,PTVRP,8787699.0,287,17,0.0042,,,,,,,,,
Instances/Instances 3/p654_07.gt,653,10.0,86400.0,PTVRP,8575793.0,280,15,0.0046,,,,,,,,,
Instances/Instances 3/p654_08.gt,653,10.0,86400.0,PTVRP,8603865.0,288,17,0.0042,,,,,,,,,
Instances/Instances 3/p654_09.gt,653,10.0,86400.0,PTVRP,8022594.0,261,17,0.0038,,,,,,,,,
Instances/Instances 3/p654_10.gt,653,10.0,86400.0,PTVRP,8583498.0,279,17,0.0043,,,,,,,,,
Instances/Instances 3/pcb1173_01.gt,1172,10.0,86400.0,PTVRP,5492447.0,632,18,0.0057,,,,,,,,,
Instances/Instances 3/pcb1173_02.gt,1172,10.0,86400.0,PTVRP,5563928.0,640,19,0.0061,,,,,,,,,
Instances/Instances 3/pcb1173_03.gt,1172,10.0,86400.0,PTVRP,5587936.0,633,17,0.005,,,,,,,,,
Instances/Instances 3/pcb1173_04.gt,1172,10.0,86400.0,PTVRP,5567967.0,626,17,0.0061,,,,,,,,,
Instances/Instances 3/pcb1173_05.gt,1172,10.0,86400.0,PTVRP,5576721.0,609,15,0.0048,,,,,,,,,
Instances/Instances 3/pcb1173_06.gt,1172,10.0,86400.0,PTVRP,5465231.0,645,17,0.0055,,,,,,,,,
Instances/Instances 3/pcb1173_07.gt,1172,10.0,86400.0,PTVRP,5607587.0,647,15,0.0055,,,,,,,,,
Instances/Instances 3/pcb1173_08.gt,1172,10.0,86400.0,PTVRP,5587654.0,610,18,0.0056,,,,,,,,,
Instances/Instances 3/pcb1173_09.gt,1172,10.0,86400.0,PTVRP,5641844.0,612,18,0.005,,,,,,,,,
Instances/Instances 3/pcb1173_10.gt,1172,10.0,86400.0,PTVRP,5552925.0,633,15,0.0057,,,,,,,,,
Instances/Instances 3/pcb3038_01.gt,3037,10.0,86400.0,PTVRP,21095837.0,1469,19,0.008,,,,,,,,,
Instances/Instances 3/pcb3038_02.gt,3037,10.0,86400.0,PTVRP,21244818.0,1453,19,0.0079,,,,,,,,,
Instances/Instances 3/pcb3038_03.gt,3037,10.0,86400.0,PTVRP,21218720.0,1484,20,0.0089,,,,,,,,,
Instances/Instances 3/pcb3038_04.gt,3037,10.0,86400.0,PTVRP,21102438.0,1410,21,0.0084,,,,,,,,,
Instances/Instances 3/pcb3038_05.gt,3037,10.0,86400.0,PTVRP,21004164.0,1453,19,0.0095,,,,,,,,,
Instances/Instances 3/pcb3038_06.gt,3037,10.0,86400.0,PTVRP,21288490.0,1471,19,0.0081,,,,,,,,,
Instances/Instances 3/pcb3038_07.gt,3037,10.0,86400.0,PTVRP,21450433.0,1491,19,0.0084,,,,,,,,,
Instances/Instances 3/pcb3038_08.gt,3037,10.0,86400.0,PTVRP,20676972.0,1451,21,0.0084,,,,,,,,,
Instances/Instances 3/pcb3038_09.gt,3037,10.0,86400.0,PTVRP,21100464.0,1395,19,0.0078,,,,,,,,,
Instances/Instances 3/pcb3038_10.gt,3037,10.0,86400.0,PTVRP,21461673.0,1422,20,0.0087,,,,,,,,,
Instances/Instances 3/pcb442_01.gt,441,10.0,86400.0,PTVRP,2985167.0,257,13,0.0044,,,,,,,,,
Instances/Instances 3/pcb442_02.gt,441,10.0,86400.0,PTVRP,3043256.0,264,11,0.0037,,,,,,,,,
Instances/Instances 3/pcb442_03.gt,441,10.0,86400.0,PTVRP,3057377.0,256,13,0.0046,,,,,,,,,
Instances/Instances 3/pcb442_04.gt,441,10.0,86400.0,PTVRP,3058219.0,280,11,0.0035,,,,,,,,,
Instances/Instances 3/pcb442_05.gt,441,10.0,86400.0,PTVRP,3006899.0,262,12,0.004,,,,,,,,,
Instances/Instances 3/pcb442_06.gt,441,10.0,86400.0,PTVRP,3081123.0,253,13,0.0036,,,,,,,,,
Instances/Instances 3/pcb442_07.gt,441,10.0,86400.0,PTVRP,3097038.0,273,14,0.0041,,,,,,,,,
Instances/Instances 3/pcb442_08.gt,441,10.0,86400.0,PTVRP,3111295.0,269,12,0.0042,,,,,,,,,
Instances/Instances 3/pcb442_09.gt,441,10.0,86400.0,PTVRP,2972519.0,267,11,0.0041,,,,,,,,,
Instances/Instances 3/pcb442_10.gt,441,10.0,86400.0,PTVRP,3053895.0,267,17,0.0054,,,,,,,,,
Instances/Instances 3/pm8079_01.gt,8078,10.0,86400.0,PTVRP,42933464.0,2810,29,0.0147,,,,,,,,,
Instances/Instances 3/pm8079_02.gt,8078,10.0,86400.0,PTVRP,42885427.0,2722,34,0.0158,,,,,,,,,
Instances/Instances 3/pm8079_03.gt,8078,10.0,86400.0,PTVRP,42521512.0,2801,31,0.0153,,,,,,,,,
Instances/Instances 3/pm8079_04.gt,8078,10.0,86400.0,PTVRP,42847264.0,2790,43,0.0149,,,,,,,,,
Instances/Instances 3/pm8079_05.gt,8078,10.0,86400.0,PTVRP,42549861.0,2785,32,0.014,,,,,,,,,
Instances/Instances 3/pm8079_06.gt,8078,10.0,86400.0,PTVRP,42547601.0,2771,28,0.0163,,,,,,,,,
Instances/Instances 3/pm8079_07.gt,8078,10.0,86400.0,PTVRP,42787176.0,2822,29,0.0178,,,,,,,,,
Instances/Instances 3/pm8079_08.gt,8078,10.0,86400.0,PTVRP,42824912.0,2790,29,0.0456,,,,,,,,,
Instances/Instances 3/pm8079_09.gt,8078,10.0,86400.0,PTVRP,42804345.0,2836,33,0.0227,,,,,,,,,
Instances/Instances 3/pm8079_10.gt,8078,10.0,86400.0,PTVRP,42939753.0,2833,31,0.0146,,,,,,,,,
Instances/Instances 3/pr1002_01.gt,1001,10.0,86400.0,PTVRP,NO SOLUTION,,,0.0052,,,,,,,,,
Instances/Instances 3/pr1002_02.gt,1001,10.0,86400.0,PTVRP,NO SOLUTION,,,0.0052,,,,,,,,,
Instances/Instances 3/pr1002_03.gt,1001,10.0,86400.0,PTVRP,NO SOLUTION,,,0.0047,,,,,,,,,
Instances/Instances 3/pr1002_04.gt,1001,10.0,86400.0,PTVRP,NO SOLUTION,,,0.0046,,,,,,,,,
Instances/Instances 3/pr1002_05.gt,1001,10.0,86400.0,PTVRP,NO SOLUTION,,,0.0053,,,,,,,,,
Instances/Instances 3/pr1002_06.gt,1001,10.0,86400.0,PTVRP,NO SOLUTION,,,0.0045,,,,,,,,,
Instances/Instances 3/pr1002_07.gt,1001,10.0,86400.0,PTVRP,NO SOLUTION,,,0.0041,,,,,,,,,
Instances/Instances 3/pr1002_08.gt,1001,10.0,86400.0,PTVRP,NO SOLUTION,,,0.0041,,,,,,,,,
Instances/Instances 3/pr1002_09.gt,1001,10.0,86400.0,PTVRP,26238795.0,663,11,0.0056,,,,,,,,,
Instances/Instances 3/pr1002_10.gt,1001,10.0,86400.0,PTVRP,NO SOLUTION,,,0.0047,,,,,,,,,
Instances/Instances 3/pr107_01.gt,106,10.0,86400.0,PTVRP,2842350.0,71,10,0.0038,,,,,,,,,
Instances/Instances 3/pr107_02.gt,106,10.0,86400.0,PTVRP,2832765.0,81,10,0.0038,,,,,,,,,
Instances/Instances 3/pr107_03.gt,106,10.0,86400.0,PTVRP,2949729.0,78,10,0.0038,,,,,,,,,
Instances/Instances 3/pr107_04.gt,106,10.0,86400.0,PTVRP,2538563.0,74,11,0.0038,,,,,,,,,
Instances/Instances 3/pr107_05.gt,106,10.0,86400.0,PTVRP,3002051.0,78,9,0.0036,,,,,,,,,
Instances/Instances 3/pr107_06.gt,106,10.0,86400.0,PTVRP,2747923.0,75,11,0.0042,,,,,,,,,
Instances/Instances 3/pr107_07.gt,106,10.0,86400.0,PTVRP,2962783.0,79,9,0.0035,,,,,,,,,
Instances/Instances 3/pr107_08.gt,106,10.0,86400.0,PTVRP,3024084.0,78,8,0.0038,,,,,,,,,
Instances/Instances 3/pr107_09.gt,106,10.0,86400.0,PTVRP,3222280.0,81,9,0.0037,,,,,,,,,
Instances/Instances 3/pr107_10.gt,106,10.0,86400.0,PTVRP,3023371.0,79,10,0.0033,,,,,,,,,
Instances/Instances 3/pr124_01.gt,123,10.0,86400.0,PTVRP,2738248.0,80,8,0.0042,,,,,,,,,
Instances/Instances 3/pr124_02.gt,123,10.0,86400.0,PTVRP,2926304.0,80,10,0.0046,,,,,,,,,
Instances/Instances 3/pr124_03.gt,123,10.0,86400.0,PTVRP,2668445.0,76,9,0.0041,,,,,,,,,
Instances/Instances 3/pr124_04.gt,123,10.0,86400.0,PTVRP,2952477.0,87,9,0.0038,,,,,,,,,
Instances/Instances 3/pr124_05.gt,123,10.0,86400.0,PTVRP,2791237.0,83,9,0.0036,,,,,,,,,
Instances/Instances 3/pr124_06.gt,123,10.0,86400.0,PTVRP,2952491.0,91,9,0.0048,,,,,,,,,
Instances/Instances 3/pr124_07.gt,123,10.0,86400.0,PTVRP,2830151.0,85,9,0.0039,,,,,,,,,
Instances/Instances 3/pr124_08.gt,123,10.0,86400.0,PTVRP,2730369.0,80,11,0.0037,,,,,,,,,
Instances/Instances 3/pr124_09.gt,123,10.0,86400.0,PTVRP,2713480.0,81,9,0.0035,,,,,,,,,
Instances/Instances 3/pr124_10.gt,123,10.0,86400.0,PTVRP,2808418.0,87,9,0.0039,,,,,,,,,
Instances/Instances 3/pr136_01.gt,135,10.0,86400.0,PTVRP,NO SOLUTION,,,0.003,,,,,,,,,
Instances/Instances 3/pr136_02.gt,135,10.0,86400.0,PTVRP,3465435.0,91,9,0.0033,,,,,,,,,
Instances/Instances 3/pr136_03.gt,135,10.0,86400.0,PTVRP,3482228.0,92,8,0.0037,,,,,,,,,
Instances/Instances 3/pr136_04.gt,135,10.0,86400.0,PTVRP,3627284.0,96,9,0.0036,,,,,,,,,
Instances/Instances 3/pr136_05.gt,135,10.0,86400.0,PTVRP,3654384.0,98,10,0.0041,,,,,,,,,
Instances/Instances 3/pr136_06.gt,135,10.0,86400.0,PTVRP,NO SOLUTION,,,0.0034,,,,,,,,,
Instances/Instances 3/pr136_07.gt,135,10.0,86400.0,PTVRP,3438549.0,91,8,0.0042,,,,,,,,,
Instances/Instances 3/pr136_08.gt,135,10.0,86400.0,PTVRP,3434377.0,89,8,0.0048,,,,,,,,,
Instances/Instances 3/pr136_09.gt,135,10.0,86400.0,PTVRP,3546661.0,99,11,0.0049,,,,,,,,,
Instances/Instances 3/pr136_10.gt,135,10.0,86400.0,PTVRP,3622855.0,96,9,0.0062,,,,,,,,,
Instances/Instances 3/pr144_01.gt,143,10.0,86400.0,PTVRP,3349011.0,79,10,0.0045,,,,,,,,,
Instances/Instances 3/pr144_02.gt,143,10.0,86400.0,PTVRP,3151503.0,83,13,0.006,,,,,,,,,
Instances/Instances 3/pr144_03.gt,143,10.0,86400.0,PTVRP,3289674.0,95,11,0.0037,,,,,,,,,
Instances/Instances 3/pr144_04.gt,143,10.0,86400.0,PTVRP,3327375.0,91,10,0.0038,,,,,,,,,
Instances/Instances 3/pr144_05.gt,143,10.0,86400.0,PTVRP,3318979.0,96,11,0.0035,,,,,,,,,
Instances/Instances 3/pr144_06.gt,143,10.0,86400.0,PTVRP,3438136.0,88,12,0.0037,,,,,,,,,
Instances/Instances 3/pr144_07.gt,143,10.0,86400.0,PTVRP,3276333.0,94,10,0.0041,,,,,,,,,
Instances/Instances 3/pr144_08.gt,143,10.0,86400.0,PTVRP,3165450.0,86,9,0.004,,,,,,,,,
Instances/Instances 3/pr144_09.gt,143,10.0,86400.0,PTVRP,3730632.0,101,10,0.0049,,,,,,,,,
Instances/Instances 3/pr144_10.gt,143,10.0,86400.0,PTVRP,2887431.0,85,9,0.0038,,,,,,,,,
Instances/Instances 3/pr152_01.gt,151,10.0,86400.0,PTVRP,4095117.0,102,9,0.0045,,,,,,,,,
Instances/Instances 3/pr152_02.gt,151,10.0,86400.0,PTVRP,3884467.0,103,10,0.0037,,,,,,,,,
Instances/Instances 3/pr152_03.gt,151,10.0,86400.0,PTVRP,4308009.0,103,8,0.0034,,,,,,,,,
Instances/Instances 3/pr152_04.gt,151,10.0,86400.0,PTVRP,NO SOLUTION,,,0.0038,,,,,,,,,
Instances/Instances 3/pr152_05.gt,151,10.0,86400.0,PTVRP,NO SOLUTION,,,0.0038,,,,,,,,,
Instances/Instances 3/pr152_06.gt,151,10.0,86400.0,PTVRP,4202908.0,108,9,0.0037,,,,,,,,,
Instances/Instances 3/pr152_07.gt,151,10.0,86400.0,PTVRP,4003826.0,102,9,0.0043,,,,,,,,,
Instances/Instances 3/pr152_08.gt,151,10.0,86400.0,PTVRP,4169887.0,111,12,0.0038,,,,,,,,,
Instances/Instances 3/pr152_09.gt,151,10.0,86400.0,PTVRP,3885939.0,109,10,0.0038,,,,,,,,,
Instances/Instances 3/pr152_10.gt,151,10.0,86400.0,PTVRP,4061782.0,105,11,0.0034,,,,,,,,,
Instances/Instances 3/pr226_01.gt,225,10.0,86400.0,PTVRP,7069881.0,147,12,0.0043,,,,,,,,,
Instances/Instances 3/pr226_02.gt,225,10.0,86400.0,PTVRP,NO SOLUTION,,,0.0035,,,,,,,,,
Instances/Instances 3/pr226_03.gt,225,10.0,86400.0,PTVRP,NO SOLUTION,,,0.0039,,,,,,,,,
Instances/Instances 3/pr226_04.gt,225,10.0,86400.0,PTVRP,NO SOLUTION,,,0.0036,,,,,,,,,
Instances/Instances 3/pr226_05.gt,225,10.0,86400.0,PTVRP,NO SOLUTION,,,0.0041,,,,,,,,,
Instances/Instances 3/pr226_06.gt,225,10.0,86400.0,PTVRP,NO SOLUTION,,,0.0045,,,,,,,,,
Instances/Instances 3/pr226_07.gt,225,10.0,86400.0,PTVRP,NO SOLUTION,,,0.004,,,,,,,,,
Instances/Instances 3/pr226_08.gt,225,10.0,86400.0,PTVRP,NO SOLUTION,,,0.0039,,,,,,,,,
Instances/Instances 3/pr226_09.gt,225,10.0,86400.0,PTVRP,NO SOLUTION,,,0.0047,,,,,,,,,
Instances/Instances 3/pr226_10.gt,225,10.0,86400.0,PTVRP,NO SOLUTION,,,0.0039,,,,,,,,,
Instances/Instances 3/pr2392_01.gt,2391,10.0,86400.0,PTVRP,59233110.0,1458,15,0.0085,,,,,,,,,
Instances/Instances 3/pr2392_02.gt,2391,10.0,86400.0,PTVRP,61455827.0,1518,13,0.0088,,,,,,,,,
Instances/Instances 3/pr2392_03.gt,2391,10.0,86400.0,PTVRP,NO SOLUTION,,,0.0053,,,,,,,,,
Instances/Instances 3/pr2392_04.gt,2391,10.0,86400.0,PTVRP,61154647.0,1491,13,0.008,,,,,,,,,
Instances/Instances 3/pr2392_05.gt,2391,10.0,86400.0,PTVRP,NO SOLUTION,,,0.005,,,,,,,,,
Instances/Instances 3/pr2392_06.gt,2391,10.0,86400.0,PTVRP,63367215.0,1514,13,0.0098,,,,,,,,,
Instances/Instances 3/pr2392_07.gt,2391,10.0,86400.0,PTVRP,61568743.0,1462,14,0.0078,,,,,,,,,
Instances/Instances 3/pr2392_08.gt,2391,10.0,86400.0,PTVRP,NO SOLUTION,,,0.0052,,,,,,,,,
Instances/Instances 3/pr2392_09.gt,2391,10.0,86400.0,PTVRP,61739153.0,1484,14,0.0078,,,,,,,,,
Instances/Instances 3/pr2392_10.gt,2391,10.0,86400.0,PTVRP,61905857.0,1525,14,0.0085,,,,,,,,,
Instances/Instances 3/pr264_01.gt,263,10.0,86400.0,PTVRP,4898412.0,147,12,0.0045,,,,,,,,,
Instances/Instances 3/pr264_02.gt,263,10.0,86400.0,PTVRP,5469074.0,156,12,0.0045,,,,,,,,,
Instances/Instances 3/pr264_03.gt,263,10.0,86400.0,PTVRP,5600488.0,175,13,0.0034,,,,,,,,,
Instances/Instances 3/pr264_04.gt,263,10.0,86400.0,PTVRP,5521963.0,163,12,0.0039,,,,,,,,,
Instances/Instances 3/pr264_05.gt,263,10.0,86400.0,PTVRP,5070497.0,156,13,0.0036,,,,,,,,,
Instances/Instances 3/pr264_06.gt,263,10.0,86400.0,PTVRP,5146593.0,160,12,0.0036,,,,,,,,,
Instances/Instances 3/pr264_07.gt,263,10.0,86400.0,PTVRP,5556735.0,158,14,0.0035,,,,,,,,,
Instances/Instances 3/pr264_08.gt,263,10.0,86400.0,PTVRP,5444873.0,157,14,0.004,,,,,,,,,
Instances/Instances 3/pr264_09.gt,263,10.0,86400.0,PTVRP,5194033.0,159,12,0.0037,,,,,,,,,
Instances/Instances 3/pr264_10.gt,263,10.0,86400.0,PTVRP,5463349.0,162,12,0.004,,,,,,,,,
Instances/Instances 3/pr299_01.gt,298,10.0,86400.0,PTVRP,2952053.0,177,14,0.0038,,,,,,,,,
Instances/Instances 3/pr299_02.gt,298,10.0,86400.0,PTVRP,3261806.0,186,14,0.0038,,,,,,,,,
Instances/Instances 3/pr299_03.gt,298,10.0,86400.0,PTVRP,3366029.0,186,12,0.004,,,,,,,,,
Instances/Instances 3/pr299_04.gt,298,10.0,86400.0,PTVRP,3047528.0,167,12,0.0036,,,,,,,,,
Instances/Instances 3/pr299_05.gt,298,10.0,86400.0,PTVRP,3045661.0,172,11,0.0037,,,,,,,,,
Instances/Instances 3/pr299_06.gt,298,10.0,86400.0,PTVRP,3194351.0,177,11,0.0044,,,,,,,,,
Instances/Instances 3/pr299_07.gt,298,10.0,86400.0,PTVRP,3247132.0,178,14,0.0042,,,,,,,,,
Instances/Instances 3/pr299_08.gt,298,10.0,86400.0,PTVRP,3038194.0,173,12,0.0045,,,,,,,,,
Instances/Instances 3/pr299_09.gt,298,10.0,86400.0,PTVRP,3334326.0,184,12,0.0044,,,,,,,,,
Instances/Instances 3/pr299_10.gt,298,10.0,86400.0,PTVRP,3101259.0,175,14,0.004,,,,,,,,,
Instances/Instances 3/pr439_01.gt,438,10.0,86400.0,PTVRP,7480967.0,270,10,0.0042,,,,,,,,,
Instances/Instances 3/pr439_02.gt,438,10.0,86400.0,PTVRP,7999497.0,273,13,0.004,,,,,,,,,
Instances/Instances 3/pr439_03.gt,438,10.0,86400.0,PTVRP,NO SOLUTION,,,0.0035,,,,,,,,,
Instances/Instances 3/pr439_04.gt,438,10.0,86400.0,PTVRP,NO SOLUTION,,,0.0037,,,,,,,,,
Instances/Instances 3/pr439_05.gt,438,10.0,86400.0,PTVRP,8025635.0,266,16,0.0037,,,,,,,,,
Instances/Instances 3/pr439_06.gt,438,10.0,86400.0,PTVRP,NO SOLUTION,,,0.0042,,,,,,,,,
Instances/Instances 3/pr439_07.gt,438,10.0,86400.0,PTVRP,NO SOLUTION,,,0.0039,,,,,,,,,
Instances/Instances 3/pr439_08.gt,438,10.0,86400.0,PTVRP,NO SOLUTION,,,0.0033,,,,,,,,,
Instances/Instances 3/pr439_09.gt,438,10.0,86400.0,PTVRP,NO SOLUTION,,,0.0041,,,,,,,,,
Instances/Instances 3/pr439_10.gt,438,10.0,86400.0,PTVRP,7840130.0,265,12,0.004,,,,,,,,,
Instances/Instances 3/pr76_01.gt,75,10.0,86400.0,PTVRP,NO SOLUTION,,,0.0037,,,,,,,,,
Instances/Instances 3/pr76_02.gt,75,10.0,86400.0,PTVRP,NO SOLUTION,,,0.0035,,,,,,,,,
Instances/Instances 3/pr76_03.gt,75,10.0,86400.0,PTVRP,NO SOLUTION,,,0.0036,,,,,,,,,
Instances/Instances 3/pr76_04.gt,75,10.0,86400.0,PTVRP,NO SOLUTION,,,0.0036,,,,,,,,,
Instances/Instances 3/pr76_05.gt,75,10.0,86400.0,PTVRP,NO SOLUTION,,,0.0039,,,,,,,,,
Instances/Instances 3/pr76_06.gt,75,10.0,86400.0,PTVRP,2198661.0,54,7,0.0035,,,,,,,,,
Instances/Instances 3/pr76_07.gt,75,10.0,86400.0,PTVRP,NO SOLUTION,,,0.0042,,,,,,,,,
Instances/Instances 3/pr76_08.gt,75,10.0,86400.0,PTVRP,NO SOLUTION,,,0.004,,,,,,,,,
Instances/Instances 3/pr76_09.gt,75,10.0,86400.0,PTVRP,NO SOLUTION,,,0.0038,,,,,,,,,
Instances/Instances 3/pr76_10.gt,75,10.0,86400.0,PTVRP,NO SOLUTION,,,0.004,,,,,,,,,
Instances/Instances 3/qa194_01.gt,193,10.0,86400.0,PTVRP,397222.0,119,17,0.0045,,,,,,,,,
Instances/Instances 3/qa194_02.gt,193,10.0,86400.0,PTVRP,394061.0,125,10,0.0041,,,,,,,,,
Instances/Instances 3/qa194_03.gt,193,10.0,86400.0,PTVRP,373224.0,123,13,0.0044,,,,,,,,,
Instances/Instances 3/qa194_04.gt,193,10.0,86400.0,PTVRP,391411.0,126,14,0.0039,,,,,,,,,
Instances/Instances 3/qa194_05.gt,193,10.0,86400.0,PTVRP,403650.0,130,12,0.0042,,,,,,,,,
Instances/Instances 3/qa194_06.gt,193,10.0,86400.0,PTVRP,394858.0,122,11,0.0041,,,,,,,,,
Instances/Instances 3/qa194_07.gt,193,10.0,86400.0,PTVRP,404906.0,121,12,0.0039,,,,,,,,,
Instances/Instances 3/qa194_08.gt,193,10.0,86400.0,PTVRP,391155.0,121,13,0.0037,,,,,,,,,
Instances/Instances 3/qa194_09.gt,193,10.0,86400.0,PTVRP,374826.0,122,20,0.0038,,,,,,,,,
Instances/Instances 3/qa194_10.gt,193,10.0,86400.0,PTVRP,382570.0,123,11,0.0039,,,,,,,,,
Instances/Instances 3/rat195_01.gt,194,10.0,86400.0,PTVRP,98540.0,134,11,0.005,,,,,,,,,
Instances/Instances 3/rat195_02.gt,194,10.0,86400.0,PTVRP,94314.0,130,11,0.0039,,,,,,,,,
Instances/Instances 3/rat195_03.gt,194,10.0,86400.0,PTVRP,94818.0,120,10,0.0037,,,,,,,,,
Instances/Instances 3/rat195_04.gt,194,10.0,86400.0,PTVRP,87178.0,127,9,0.0033,,,,,,,,,
Instances/Instances 3/rat195_05.gt,194,10.0,86400.0,PTVRP,93874.0,117,10,0.0038,,,,,,,,,
Instances/Instances 3/rat195_06.gt,194,10.0,86400.0,PTVRP,93715.0,133,12,0.0031,,,,,,,,,
Instances/Instances 3/rat195_07.gt,194,10.0,86400.0,PTVRP,88104.0,129,11,0.0041,,,,,,,,,
Instances/Instances 3/rat195_08.gt,194,10.0,86400.0,PTVRP,89023.0,127,12,0.0032,,,,,,,,,
Instances/Instances 3/rat195_09.gt,194,10.0,86400.0,PTVRP,91653.0,137,10,0.0034,,,,,,,,,
Instances/Instances 3/rat195_10.gt,194,10.0,86400.0,PTVRP,97668.0,123,12,0.0037,,,,,,,,,
Instances/Instances 3/rat575_01.gt,574,10.0,86400.0,PTVRP,471901.0,333,14,0.0054,,,,,,,,,
Instances/Instances 3/rat575_02.gt,574,10.0,86400.0,PTVRP,454201.0,329,16,0.0052,,,,,,,,,
Instances/Instances 3/rat575_03.gt,574,10.0,86400.0,PTVRP,440963.0,326,14,0.0041,,,,,,,,,
Instances/Instances 3/rat575_04.gt,574,10.0,86400.0,PTVRP,461536.0,331,17,0.0042,,,,,,,,,
Instances/Instances 3/rat575_05.gt,574,10.0,86400.0,PTVRP,467188.0,344,14,0.005,,,,,,,,,
Instances/Instances 3/rat575_06.gt,574,10.0,86400.0,PTVRP,443838.0,326,13,0.0045,,,,,,,,,
Instances/Instances 3/rat575_07.gt,574,10.0,86400.0,PTVRP,463217.0,356,13,0.0054,,,,,,,,,
Instances/Instances 3/rat575_08.gt,574,10.0,86400.0,PTVRP,459210.0,335,12,0.0048,,,,,,,,,
Instances/Instances 3/rat575_09.gt,574,10.0,86400.0,PTVRP,445686.0,342,13,0.0048,,,,,,,,,
Instances/Instances 3/rat575_10.gt,574,10.0,86400.0,PTVRP,461722.0,346,13,0.0045,,,,,,,,,
Instances/Instances 3/rat783_01.gt,782,10.0,86400.0,PTVRP,724330.0,423,14,0.0049,,,,,,,,,
Instances/Instances 3/rat783_02.gt,782,10.0,86400.0,PTVRP,702792.0,431,15,0.0048,,,,,,,,,
Instances/Instances 3/rat783_03.gt,782,10.0,86400.0,PTVRP,723849.0,449,16,0.0049,,,,,,,,,
Instances/Instances 3/rat783_04.gt,782,10.0,86400.0,PTVRP,705808.0,430,14,0.005,,,,,,,,,
Instances/Instances 3/rat783_05.gt,782,10.0,86400.0,PTVRP,719690.0,438,15,0.0052,,,,,,,,,
Instances/Instances 3/rat783_06.gt,782,10.0,86400.0,PTVRP,720841.0,444,16,0.0053,,,,,,,,,
Instances/Instances 3/rat783_07.gt,782,10.0,86400.0,PTVRP,722484.0,443,13,0.0051,,,,,,,,,
Instances/Instances 3/rat783_08.gt,782,10.0,86400.0,PTVRP,704351.0,447,14,0.0052,,,,,,,,,
Instances/Instances 3/rat783_09.gt,782,10.0,86400.0,PTVRP,715764.0,453,13,0.0052,,,,,,,,,
Instances/Instances 3/rat783_10.gt,782,10.0,86400.0,PTVRP,724694.0,432,14,0.0054,,,,,,,,,
Instances/Instances 3/rat99_01.gt,98,10.0,86400.0,PTVRP,30816.0,69,7,0.0037,,,,,,,,,
Instances/Instances 3/rat99_02.gt,98,10.0,86400.0,PTVRP,30976.0,74,7,0.0033,,,,,,,,,
Instances/Instances 3/rat99_03.gt,98,10.0,86400.0,PTVRP,35851.0,67,11,0.0042,,,,,,,,,
Instances/Instances 3/rat99_04.gt,98,10.0,86400.0,PTVRP,36989.0,63,9,0.0042,,,,,,,,,
Instances/Instances 3/rat99_05.gt,98,10.0,86400.0,PTVRP,32166.0,72,7,0.0037,,,,,,,,,
Instances/Instances 3/rat99_06.gt,98,10.0,86400.0,PTVRP,37249.0,69,9,0.0043,,,,,,,,,
Instances/Instances 3/rat99_07.gt,98,10.0,86400.0,PTVRP,36012.0,63,10,0.0242,,,,,,,,,
Instances/Instances 3/rat99_08.gt,98,10.0,86400.0,PTVRP,34923.0,67,11,0.0045,,,,,,,,,
Instances/Instances 3/rat99_09.gt,98,10.0,86400.0,PTVRP,36927.0,74,9,0.0039,,,,,,,,,
Instances/Instances 3/rat99_10.gt,98,10.0,86400.0,PTVRP,31864.0,63,8,0.0039,,,,,,,,,
Instances/Instances 3/rd100_01.gt,99,10.0,86400.0,PTVRP,201225.0,63,9,0.0036,,,,,,,,,
Instances/Instances 3/rd100_02.gt,99,10.0,86400.0,PTVRP,212931.0,69,8,0.004,,,,,,,,,
Instances/Instances 3/rd100_03.gt,99,10.0,86400.0,PTVRP,239007.0,66,13,0.0037,,,,,,,,,
Instances/Instances 3/rd100_04.gt,99,10.0,86400.0,PTVRP,229960.0,63,12,0.0037,,,,,,,,,
Instances/Instances 3/rd100_05.gt,99,10.0,86400.0,PTVRP,231324.0,75,8,0.0044,,,,,,,,,
Instances/Instances 3/rd100_06.gt,99,10.0,86400.0,PTVRP,241404.0,71,9,0.0036,,,,,,,,,
Instances/Instances 3/rd100_07.gt,99,10.0,86400.0,PTVRP,245382.0,70,16,0.0031,,,,,,,,,
Instances/Instances 3/rd100_08.gt,99,10.0,86400.0,PTVRP,238446.0,73,11,0.0038,,,,,,,,,
Instances/Instances 3/rd100_09.gt,99,10.0,86400.0,PTVRP,240387.0,68,8,0.0032,,,,,,,,,
Instances/Instances 3/rd100_10.gt,99,10.0,86400.0,PTVRP,200465.0,61,9,0.0032,,,,,,,,,
Instances/Instances 3/rd400_01.gt,399,10.0,86400.0,PTVRP,851551.0,241,15,0.0048,,,,,,,,,
Instances/Instances 3/rd400_02.gt,399,10.0,86400.0,PTVRP,834873.0,252,12,0.0047,,,,,,,,,
Instances/Instances 3/rd400_03.gt,399,10.0,86400.0,PTVRP,850403.0,238,13,0.0039,,,,,,,,,
Instances/Instances 3/rd400_04.gt,399,10.0,86400.0,PTVRP,818097.0,242,13,0.005,,,,,,,,,
Instances/Instances 3/rd400_05.gt,399,10.0,86400.0,PTVRP,892389.0,243,14,0.0044,,,,,,,,,
Instances/Instances 3/rd400_06.gt,399,10.0,86400.0,PTVRP,852932.0,239,14,0.0036,,,,,,,,,
Instances/Instances 3/rd400_07.gt,399,10.0,86400.0,PTVRP,871332.0,235,15,0.0047,,,,,,,,,
Instances/Instances 3/rd400_08.gt,399,10.0,86400.0,PTVRP,878797.0,233,16,0.0047,,,,,,,,,
Instances/Instances 3/rd400_09.gt,399,10.0,86400.0,PTVRP,842201.0,249,12,0.0048,,,,,,,,,
Instances/Instances 3/rd400_10.gt,399,10.0,86400.0,PTVRP,835330.0,239,14,0.0049,,,,,,,,,
Instances/Instances 3/rl11849_01.gt,11848,10.0,86400.0,PTVRP,NO SOLUTION,,,0.0112,,,,,,,,,
Instances/Instances 3/rl11849_02.gt,11848,10.0,86400.0,PTVRP,NO SOLUTION,,,0.0116,,,,,,,,,
Instances/Instances 3/rl11849_03.gt,11848,10.0,86400.0,PTVRP,NO SOLUTION,,,0.0111,,,,,,,,,
Instances/Instances 3/rl11849_04.gt,11848,10.0,86400.0,PTVRP,NO SOLUTION,,,0.013,,,,,,,,,
Instances/Instances 3/rl11849_05.gt,11848,10.0,86400.0,PTVRP,NO SOLUTION,,,0.0104,,,,,,,,,
Instances/Instances 3/rl11849_06.gt,11848,10.0,86400.0,PTVRP,NO SOLUTION,,,0.0115,,,,,,,,,
Instances/Instances 3/rl11849_07.gt,11848,10.0,86400.0,PTVRP,NO SOLUTION,,,0.0106,,,,,,,,,
Instances/Instances 3/rl11849_08.gt,11848,10.0,86400.0,PTVRP,NO SOLUTION,,,0.0111,,,,,,,,,
Instances/Instances 3/rl11849_09.gt,11848,10.0,86400.0,PTVRP,NO SOLUTION,,,0.0118,,,,,,,,,
Instances/Instances 3/rl11849_10.gt,11848,10.0,86400.0,PTVRP,NO SOLUTION,,,0.0125,,,,,,,,,
Instances/Instances 3/rl1304_01.gt,1303,10.0,86400.0,PTVRP,NO SOLUTION,,,0.004,,,,,,,,,
Instances/Instances 3/rl1304_02.gt,1303,10.0,86400.0,PTVRP,NO SOLUTION,,,0.0041,,,,,,,,,
Instances/Instances 3/rl1304_03.gt,1303,10.0,86400.0,PTVRP,NO SOLUTION,,,0.0047,,,,,,,,,
Instances/Instances 3/rl1304_04.gt,1303,10.0,86400.0,PTVRP,NO SOLUTION,,,0.0044,,,,,,,,,
Instances/Instances 3/rl1304_05.gt,1303,10.0,86400.0,PTVRP,NO SOLUTION,,,0.0045,,,,,,,,,
Instances/Instances 3/rl1304_06.gt,1303,10.0,86400.0,PTVRP,NO SOLUTION,,,0.0051,,,,,,,,,
Instances/Instances 3/rl1304_07.gt,1303,10.0,86400.0,PTVRP,NO SOLUTION,,,0.005,,,,,,,,,
Instances/Instances 3/rl1304_08.gt,1303,10.0,86400.0,PTVRP,NO SOLUTION,,,0.0044,,,,,,,,,
Instances/Instances 3/rl1304_09.gt,1303,10.0,86400.0,PTVRP,NO SOLUTION,,,0.0044,,,,,,,,,
Instances/Instances 3/rl1304_10.gt,1303,10.0,86400.0,PTVRP,NO SOLUTION,,,0.0042,,,,,,,,,
Instances/Instances 3/rl1323_01.gt,1322,10.0,86400.0,PTVRP,NO SOLUTION,,,0.0043,,,,,,,,,
Instances/Instances 3/rl1323_02.gt,1322,10.0,86400.0,PTVRP,NO SOLUTION,,,0.0045,,,,,,,,,
Instances/Instances 3/rl1323_03.gt,1322,10.0,86400.0,PTVRP,NO SOLUTION,,,0.0044,,,,,,,,,
Instances/Instances 3/rl1323_04.gt,1322,10.0,86400.0,PTVRP,NO SOLUTION,,,0.0041,,,,,,,,,
Instances/Instances 3/rl1323_05.gt,1322,10.0,86400.0,PTVRP,NO SOLUTION,,,0.0038,,,,,,,,,
Instances/Instances 3/rl1323_06.gt,1322,10.0,86400.0,PTVRP,NO SOLUTION,,,0.0053,,,,,,,,,
Instances/Instances 3/rl1323_07.gt,1322,10.0,86400.0,PTVRP,NO SOLUTION,,,0.005,,,,,,,,,
Instances/Instances 3/rl1323_08.gt,1322,10.0,86400.0,PTVRP,NO SOLUTION,,,0.0043,,,,,,,,,
Instances/Instances 3/rl1323_09.gt,1322,10.0,86400.0,PTVRP,NO SOLUTION,,,0.0055,,,,,,,,,
Instances/Instances 3/rl1323_10.gt,1322,10.0,86400.0,PTVRP,NO SOLUTION,,,0.0048,,,,,,,,,
Instances/Instances 3/rl1889_01.gt,1888,10.0,86400.0,PTVRP,NO SOLUTION,,,0.0045,,,,,,,,,
Instances/Instances 3/rl1889_02.gt,1888,10.0,86400.0,PTVRP,NO SOLUTION,,,0.0039,,,,,,,,,
Instances/Instances 3/rl1889_03.gt,1888,10.0,86400.0,PTVRP,NO SOLUTION,,,0.0043,,,,,,,,,
Instances/Instances 3/rl1889_04.gt,1888,10.0,86400.0,PTVRP,NO SOLUTION,,,0.005,,,,,,,,,
Instances/Instances 3/rl1889_05.gt,1888,10.0,86400.0,PTVRP,NO SOLUTION,,,0.005,,,,,,,,,
Instances/Instances 3/rl1889_06.gt,1888,10.0,86400.0,PTVRP,NO SOLUTION,,,0.0046,,,,,,,,,
Instances/Instances 3/rl1889_07.gt,1888,10.0,86400.0,PTVRP,NO SOLUTION,,,0.0039,,,,,,,,,
Instances/Instances 3/rl1889_08.gt,1888,10.0,86400.0,PTVRP,NO SOLUTION,,,0.004,,,,,,,,,
Instances/Instances 3/rl1889_09.gt,1888,10.0,86400.0,PTVRP,NO SOLUTION,,,0.0045,,,,,,,,,
Instances/Instances 3/rl1889_10.gt,1888,10.0,86400.0,PTVRP,NO SOLUTION,,,0.0044,,,,,,,,,
Instances/Instances 3/rl5915_01.gt,5914,10.0,86400.0,PTVRP,NO SOLUTION,,,0.0071,,,,,,,,,
Instances/Instances 3/rl5915_02.gt,5914,10.0,86400.0,PTVRP,NO SOLUTION,,,0.0068,,,,,,,,,
Instances/Instances 3/rl5915_03.gt,5914,10.0,86400.0,PTVRP,NO SOLUTION,,,0.0069,,,,,,,,,
Instances/Instances 3/rl5915_04.gt,5914,10.0,86400.0,PTVRP,NO SOLUTION,,,0.0085,,,,,,,,,
Instances/Instances 3/rl5915_05.gt,5914,10.0,86400.0,PTVRP,NO SOLUTION,,,0.0067,,,,,,,,,
Instances/Instances 3/rl5915_06.gt,5914,10.0,86400.0,PTVRP,NO SOLUTION,,,0.0068,,,,,,,,,
Instances/Instances 3/rl5915_07.gt,5914,10.0,86400.0,PTVRP,NO SOLUTION,,,0.0071,,,,,,,,,
Instances/Instances 3/rl5915_08.gt,5914,10.0,86400.0,PTVRP,NO SOLUTION,,,0.0104,,,,,,,,,
Instances/Instances 3/rl5915_09.gt,5914,10.0,86400.0,PTVRP,NO SOLUTION,,,0.0073,,,,,,,,,
Instances/Instances 3/rl5915_10.gt,5914,10.0,86400.0,PTVRP,NO SOLUTION,,,0.0089,,,,,,,,,
Instances/Instances 3/rl5934_01.gt,5933,10.0,86400.0,PTVRP,NO SOLUTION,,,0.0073,,,,,,,,,
Instances/Instances 3/rl5934_02.gt,5933,10.0,86400.0,PTVRP,NO SOLUTION,,,0.0077,,,,,,,,,
Instances/Instances 3/rl5934_03.gt,5933,10.0,86400.0,PTVRP,NO SOLUTION,,,0.0068,,,,,,,,,
Instances/Instances 3/rl5934_04.gt,5933,10.0,86400.0,PTVRP,NO SOLUTION,,,0.0081,,,,,,,,,
Instances/Instances 3/rl5934_05.gt,5933,10.0,86400.0,PTVRP,NO SOLUTION,,,0.0071,,,,,,,,,
Instances/Instances 3/rl5934_06.gt,5933,10.0,86400.0,PTVRP,NO SOLUTION,,,0.0074,,,,,,,,,
Instances/Instances 3/rl5934_07.gt,5933,10.0,86400.0,PTVRP,NO SOLUTION,,,0.0076,,,,,,,,,
Instances/Instances 3/rl5934_08.gt,5933,10.0,86400.0,PTVRP,NO SOLUTION,,,0.0079,,,,,,,,,
Instances/Instances 3/rl5934_09.gt,5933,10.0,86400.0,PTVRP,NO SOLUTION,,,0.0066,,,,,,,,,
Instances/Instances 3/rl5934_10.gt,5933,10.0,86400.0,PTVRP,NO SOLUTION,,,0.0069,,,,,,,,,
Instances/Instances 3/rw1621_01.gt,1620,10.0,86400.0,PTVRP,4699717.0,646,25,0.0062,,,,,,,,,
Instances/Instances 3/rw1621_02.gt,1620,10.0,86400.0,PTVRP,4611680.0,637,25,0.0065,,,,,,,,,
Instances/Instances 3/rw1621_03.gt,1620,10.0,86400.0,PTVRP,4597742.0,638,26,0.0052,,,,,,,,,
Instances/Instances 3/rw1621_04.gt,1620,10.0,86400.0,PTVRP,4708510.0,648,25,0.0058,,,,,,,,,
Instances/Instances 3/rw1621_05.gt,1620,10.0,86400.0,PTVRP,4647032.0,636,26,0.0059,,,,,,,,,
Instances/Instances 3/rw1621_06.gt,1620,10.0,86400.0,PTVRP,4616264.0,644,29,0.0062,,,,,,,,,
Instances/Instances 3/rw1621_07.gt,1620,10.0,86400.0,PTVRP,4583308.0,635,22,0.0061,,,,,,,,,
Instances/Instances 3/rw1621_08.gt,1620,10.0,86400.0,PTVRP,4624804.0,632,26,0.0057,,,,,,,,,
Instances/Instances 3/rw1621_09.gt,1620,10.0,86400.0,PTVRP,4689576.0,634,21,0.007,,,,,,,,,
Instances/Instances 3/rw1621_10.gt,1620,10.0,86400.0,PTVRP,4554245.0,629,34,0.0056,,,,,,,,,
Instances/Instances 3/st70_01.gt,69,10.0,86400.0,PTVRP,13829.0,45,8,0.0036,,,,,,,,,
Instances/Instances 3/st70_02.gt,69,10.0,86400.0,PTVRP,14631.0,47,9,0.0041,,,,,,,,,
Instances/Instances 3/st70_03.gt,69,10.0,86400.0,PTVRP,15112.0,53,7,0.0037,,,,,,,,,
Instances/Instances 3/st70_04.gt,69,10.0,86400.0,PTVRP,14748.0,52,9,0.0042,,,,,,,,,
Instances/Instances 3/st70_05.gt,69,10.0,86400.0,PTVRP,16017.0,53,8,0.0035,,,,,,,,,
Instances/Instances 3/st70_06.gt,69,10.0,86400.0,PTVRP,14473.0,48,9,0.0034,,,,,,,,,
Instances/Instances 3/st70_07.gt,69,10.0,86400.0,PTVRP,13670.0,55,9,0.0037,,,,,,,,,
Instances/Instances 3/st70_08.gt,69,10.0,86400.0,PTVRP,15303.0,54,7,0.0037,,,,,,,,,
Instances/Instances 3/st70_09.gt,69,10.0,86400.0,PTVRP,15825.0,53,8,0.0036,,,,,,,,,
Instances/Instances 3/st70_10.gt,69,10.0,86400.0,PTVRP,14697.0,46,8,0.0038,,,,,,,,,
Instances/Instances 3/sw24978_01.gt,24977,10.0,86400.0,PTVRP,NO SOLUTION,,,0.0202,,,,,,,,,
Instances/Instances 3/sw24978_02.gt,24977,10.0,86400.0,PTVRP,NO SOLUTION,,,0.0208,,,,,,,,,
Instances/Instances 3/sw24978_03.gt,24977,10.0,86400.0,PTVRP,NO SOLUTION,,,0.0223,,,,,,,,,
Instances/Instances 3/sw24978_04.gt,24977,10.0,86400.0,PTVRP,NO SOLUTION,,,0.0193,,,,,,,,,
Instances/Instances 3/sw24978_05.gt,24977,10.0,86400.0,PTVRP,NO SOLUTION,,,0.0214,,,,,,,,,
Instances/Instances 3/sw24978_06.gt,24977,10.0,86400.0,PTVRP,NO SOLUTION,,,0.0209,,,,,,,,,
Instances/Instances 3/sw24978_07.gt,24977,10.0,86400.0,PTVRP,NO SOLUTION,,,0.0201,,,,,,,,,
Instances/Instances 3/sw24978_08.gt,24977,10.0,86400.0,PTVRP,NO SOLUTION,,,0.0228,,,,,,,,,
Instances/Instances 3/sw24978_09.gt,24977,10.0,86400.0,PTVRP,NO SOLUTION,,,0.022,,,,,,,,,
Instances/Instances 3/sw24978_10.gt,24977,10.0,86400.0,PTVRP,NO SOLUTION,,,0.0206,,,,,,,,,
Instances/Instances 3/ts225_01.gt,224,10.0,86400.0,PTVRP,6556133.0,162,9,0.0041,,,,,,,,,
Instances/Instances 3/ts225_02.gt,224,10.0,86400.0,PTVRP,7322584.0,165,8,0.0042,,,,,,,,,
Instances/Instances 3/ts225_03.gt,224,10.0,86400.0,PTVRP,6494470.0,164,9,0.004,,,,,,,,,
Instances/Instances 3/ts225_04.gt,224,10.0,86400.0,PTVRP,6882733.0,171,9,0.0037,,,,,,,,,
Instances/Instances 3/ts225_05.gt,224,10.0,86400.0,PTVRP,6576806.0,161,9,0.0041,,,,,,,,,
Instances/Instances 3/ts225_06.gt,224,10.0,86400.0,PTVRP,6259972.0,159,9,0.0051,,,,,,,,,
Instances/Instances 3/ts225_07.gt,224,10.0,86400.0,PTVRP,6151092.0,152,9,0.0056,,,,,,,,,
Instances/Instances 3/ts225_08.gt,224,10.0,86400.0,PTVRP,6385728.0,158,8,0.0055,,,,,,,,,
Instances/Instances 3/ts225_09.gt,224,10.0,86400.0,PTVRP,6719653.0,167,8,0.0053,,,,,,,,,
Instances/Instances 3/ts225_10.gt,224,10.0,86400.0,PTVRP,6582608.0,163,9,0.0052,,,,,,,,,
Instances/Instances 3/tsp225_01.gt,224,10.0,86400.0,PTVRP,165557.0,145,12,0.0053,,,,,,,,,
Instances/Instances 3/tsp225_02.gt,224,10.0,86400.0,PTVRP,185624.0,153,10,0.005,,,,,,,,,
Instances/Instances 3/tsp225_03.gt,224,10.0,86400.0,PTVRP,161779.0,149,9,0.005,,,,,,,,,
Instances/Instances 3/tsp225_04.gt,224,10.0,86400.0,PTVRP,175486.0,152,10,0.0068,,,,,,,,,
Instances/Instances 3/tsp225_05.gt,224,10.0,86400.0,PTVRP,172190.0,146,11,0.0049,,,,,,,,,
Instances/Instances 3/tsp225_06.gt,224,10.0,86400.0,PTVRP,157511.0,146,11,0.004,,,,,,,,,
Instances/Instances 3/tsp225_07.gt,224,10.0,86400.0,PTVRP,153057.0,145,12,0.0039,,,,,,,,,
Instances/Instances 3/tsp225_08.gt,224,10.0,86400.0,PTVRP,162394.0,152,12,0.0039,,,,,,,,,
Instances/Instances 3/tsp225_09.gt,224,10.0,86400.0,PTVRP,167741.0,148,10,0.0044,,,,,,,,,
Instances/Instances 3/tsp225_10.gt,224,10.0,86400.0,PTVRP,168703.0,141,11,0.0044,,,,,,,,,
Instances/Instances 3/tz6117_01.gt,6116,10.0,86400.0,PTVRP,121747404.0,3363,17,0.0138,,,,,,,,,
Instances/Instances 3/tz6117_02.gt,6116,10.0,86400.0,PTVRP,124345043.0,3347,17,0.0138,,,,,,,,,
Instances/Instances 3/tz6117_03.gt,6116,10.0,86400.0,PTVRP,123054875.0,3344,16,0.0141,,,,,,,,,
Instances/Instances 3/tz6117_04.gt,6116,10.0,86400.0,PTVRP,124276207.0,3359,17,0.0134,,,,,,,,,
Instances/Instances 3/tz6117_05.gt,6116,10.0,86400.0,PTVRP,120919473.0,3275,17,0.0135,,,,,,,,,
Instances/Instances 3/tz6117_06.gt,6116,10.0,86400.0,PTVRP,124272474.0,3354,17,0.0129,,,,,,,,,
Instances/Instances 3/tz6117_07.gt,6116,10.0,86400.0,PTVRP,123420900.0,3354,18,0.0131,,,,,,,,,
Instances/Instances 3/tz6117_08.gt,6116,10.0,86400.0,PTVRP,122131338.0,3340,18,0.0126,,,,,,,,,
Instances/Instances 3/tz6117_09.gt,6116,10.0,86400.0,PTVRP,121980798.0,3313,16,0.0134,,,,,,,,,
Instances/Instances 3/tz6117_10.gt,6116,10.0,86400.0,PTVRP,122542104.0,3337,18,0.0144,,,,,,,,,
Instances/Instances 3/u1060_01.gt,1059,10.0,86400.0,PTVRP,27657271.0,700,11,0.0066,,,,,,,,,
Instances/Instances 3/u1060_02.gt,1059,10.0,86400.0,PTVRP,NO SOLUTION,,,0.0066,,,,,,,,,
Instances/Instances 3/u1060_03.gt,1059,10.0,86400.0,PTVRP,27558339.0,706,12,0.0062,,,,,,,,,
Instances/Instances 3/u1060_04.gt,1059,10.0,86400.0,PTVRP,27898027.0,710,11,0.0059,,,,,,,,,
Instances/Instances 3/u1060_05.gt,1059,10.0,86400.0,PTVRP,NO SOLUTION,,,0.0048,,,,,,,,,
Instances/Instances 3/u1060_06.gt,1059,10.0,86400.0,PTVRP,27471254.0,714,12,0.0071,,,,,,,,,
Instances/Instances 3/u1060_07.gt,1059,10.0,86400.0,PTVRP,27045692.0,692,12,0.0061,,,,,,,,,
Instances/Instances 3/u1060_08.gt,1059,10.0,86400.0,PTVRP,27444606.0,699,13,0.0061,,,,,,,,,
Instances/Instances 3/u1060_09.gt,1059,10.0,86400.0,PTVRP,NO SOLUTION,,,0.0058,,,,,,,,,
Instances/Instances 3/u1060_10.gt,1059,10.0,86400.0,PTVRP,27711302.0,705,11,0.0061,,,,,,,,,
Instances/Instances 3/u1432_01.gt,1431,10.0,86400.0,PTVRP,15121146.0,752,14,0.006,,,,,,,,,
Instances/Instances 3/u1432_02.gt,1431,10.0,86400.0,PTVRP,15819478.0,781,15,0.0055,,,,,,,,,
Instances/Instances 3/u1432_03.gt,1431,10.0,86400.0,PTVRP,15460467.0,753,15,0.0061,,,,,,,,,
Instances/Instances 3/u1432_04.gt,1431,10.0,86400.0,PTVRP,15505579.0,763,15,0.006,,,,,,,,,
Instances/Instances 3/u1432_05.gt,1431,10.0,86400.0,PTVRP,15779241.0,776,15,0.0067,,,,,,,,,
Instances/Instances 3/u1432_06.gt,1431,10.0,86400.0,PTVRP,15757989.0,789,15,0.0078,,,,,,,,,
Instances/Instances 3/u1432_07.gt,1431,10.0,86400.0,PTVRP,15920491.0,779,15,0.0062,,,,,,,,,
Instances/Instances 3/u1432_08.gt,1431,10.0,86400.0,PTVRP,15810068.0,744,15,0.007,,,,,,,,,
Instances/Instances 3/u1432_09.gt,1431,10.0,86400.0,PTVRP,15906911.0,738,14,0.0061,,,,,,,,,
Instances/Instances 3/u1432_10.gt,1431,10.0,86400.0,PTVRP,15771713.0,780,15,0.0063,,,,,,,,,
Instances/Instances 3/u159_01.gt,158,10.0,86400.0,PTVRP,1955024.0,104,10,0.0046,,,,,,,,,
Instances/Instances 3/u159_02.gt,158,10.0,86400.0,PTVRP,1804726.0,96,12,0.0041,,,,,,,,,
Instances/Instances 3/u159_03.gt,158,10.0,86400.0,PTVRP,1700890.0,103,12,0.0042,,,,,,,,,
Instances/Instances 3/u159_04.gt,158,10.0,86400.0,PTVRP,1730740.0,97,12,0.0047,,,,,,,,,
Instances/Instances 3/u159_05.gt,158,10.0,86400.0,PTVRP,1817579.0,99,13,0.004,,,,,,,,,
Instances/Instances 3/u159_06.gt,158,10.0,86400.0,PTVRP,1597865.0,99,9,0.0049,,,,,,,,,
Instances/Instances 3/u159_07.gt,158,10.0,86400.0,PTVRP,1823566.0,98,13,0.0051,,,,,,,,,
Instances/Instances 3/u159_08.gt,158,10.0,86400.0,PTVRP,1880216.0,96,9,0.0044,,,,,,,,,
Instances/Instances 3/u159_09.gt,158,10.0,86400.0,PTVRP,1823680.0,96,13,0.0043,,,,,,,,,
Instances/Instances 3/u159_10.gt,158,10.0,86400.0,PTVRP,1857083.0,101,12,0.0038,,,,,,,,,
Instances/Instances 3/u1817_01.gt,1816,10.0,86400.0,PTVRP,8331342.0,886,19,0.0071,,,,,,,,,
Instances/Instances 3/u1817_02.gt,1816,10.0,86400.0,PTVRP,8306233.0,907,18,0.0094,,,,,,,,,
Instances/Instances 3/u1817_03.gt,1816,10.0,86400.0,PTVRP,8296413.0,878,19,0.0082,,,,,,,,,
Instances/Instances 3/u1817_04.gt,1816,10.0,86400.0,PTVRP,8540228.0,863,21,0.0078,,,,,,,,,
Instances/Instances 3/u1817_05.gt,1816,10.0,86400.0,PTVRP,8314402.0,859,21,0.0077,,,,,,,,,
Instances/Instances 3/u1817_06.gt,1816,10.0,86400.0,PTVRP,8251983.0,875,17,0.0072,,,,,,,,,
Instances/Instances 3/u1817_07.gt,1816,10.0,86400.0,PTVRP,8401806.0,904,19,0.0074,,,,,,,,,
Instances/Instances 3/u1817_08.gt,1816,10.0,86400.0,PTVRP,8300667.0,883,19,0.0068,,,,,,,,,
Instances/Instances 3/u1817_09.gt,1816,10.0,86400.0,PTVRP,8298174.0,898,20,0.007,,,,,,,,,
Instances/Instances 3/u1817_10.gt,1816,10.0,86400.0,PTVRP,8316281.0,874,20,0.0082,,,,,,,,,
Instances/Instances 3/u2152_01.gt,2151,10.0,86400.0,PTVRP,9937986.0,1041,19,0.0096,,,,,,,,,
Instances/Instances 3/u2152_02.gt,2151,10.0,86400.0,PTVRP,9973001.0,1017,25,0.0079,,,,,,,,,
Instances/Instances 3/u2152_03.gt,2151,10.0,86400.0,PTVRP,10050850.0,992,21,0.0083,,,,,,,,,
Instances/Instances 3/u2152_04.gt,2151,10.0,86400.0,PTVRP,9956878.0,1040,20,0.0086,,,,,,,,,
Instances/Instances 3/u2152_05.gt,2151,10.0,86400.0,PTVRP,9893251.0,1020,22,0.008,,,,,,,,,
Instances/Instances 3/u2152_06.gt,2151,10.0,86400.0,PTVRP,10022190.0,1028,18,0.0081,,,,,,,,,
Instances/Instances 3/u2152_07.gt,2151,10.0,86400.0,PTVRP,10001003.0,1052,17,0.0094,,,,,,,,,
Instances/Instances 3/u2152_08.gt,2151,10.0,86400.0,PTVRP,9941750.0,1012,22,0.0089,,,,,,,,,
Instances/Instances 3/u2152_09.gt,2151,10.0,86400.0,PTVRP,9868487.0,1036,17,0.0076,,,,,,,,,
Instances/Instances 3/u2152_10.gt,2151,10.0,86400.0,PTVRP,10046468.0,1031,21,0.0085,,,,,,,,,
Instances/Instances 3/u2319_01.gt,2318,10.0,86400.0,PTVRP,23843851.0,1247,16,0.0102,,,,,,,,,
Instances/Instances 3/u2319_02.gt,2318,10.0,86400.0,PTVRP,23932928.0,1224,15,0.0085,,,,,,,,,
Instances/Instances 3/u2319_03.gt,2318,10.0,86400.0,PTVRP,23785324.0,1245,18,0.0093,,,,,,,,,
Instances/Instances 3/u2319_04.gt,2318,10.0,86400.0,PTVRP,24007177.0,1225,16,0.008,,,,,,,,,
Instances/Instances 3/u2319_05.gt,2318,10.0,86400.0,PTVRP,23416903.0,1235,17,0.0093,,,,,,,,,
Instances/Instances 3/u2319_06.gt,2318,10.0,86400.0,PTVRP,23885466.0,1240,17,0.0082,,,,,,,,,
Instances/Instances 3/u2319_07.gt,2318,10.0,86400.0,PTVRP,23695297.0,1276,15,0.0083,,,,,,,,,
Instances/Instances 3/u2319_08.gt,2318,10.0,86400.0,PTVRP,23961428.0,1224,15,0.0087,,,,,,,,,
Instances/Instances 3/u2319_09.gt,2318,10.0,86400.0,PTVRP,24013325.0,1224,15,0.0079,,,,,,,,,
Instances/Instances 3/u2319_10.gt,2318,10.0,86400.0,PTVRP,23949574.0,1270,16,0.008,,,,,,,,,
Instances/Instances 3/u574_01.gt,573,10.0,86400.0,PTVRP,2779006.0,317,14,0.0053,,,,,,,,,
Instances/Instances 3/u574_02.gt,573,10.0,86400.0,PTVRP,2754450.0,336,13,0.0056,,,,,,,,,
Instances/Instances 3/u574_03.gt,573,10.0,86400.0,PTVRP,2624600.0,331,14,0.0052,,,,,,,,,
Instances/Instances 3/u574_04.gt,573,10.0,86400.0,PTVRP,2683545.0,316,15,0.0047,,,,,,,,,
Instances/Instances 3/u574_05.gt,573,10.0,86400.0,PTVRP,2674886.0,342,13,0.0052,,,,,,,,,
Instances/Instances 3/u574_06.gt,573,10.0,86400.0,PTVRP,2865712.0,322,15,0.005,,,,,,,,,
Instances/Instances 3/u574_07.gt,573,10.0,86400.0,PTVRP,2722244.0,336,14,0.0058,,,,,,,,,
Instances/Instances 3/u574_08.gt,573,10.0,86400.0,PTVRP,2739624.0,326,14,0.0051,,,,,,,,,
Instances/Instances 3/u574_09.gt,573,10.0,86400.0,PTVRP,2605599.0,318,17,0.0056,,,,,,,,,
Instances/Instances 3/u574_10.gt,573,10.0,86400.0,PTVRP,2720618.0,330,17,0.0053,,,,,,,,,
Instances/Instances 3/u724_01.gt,723,10.0,86400.0,PTVRP,3504519.0,399,16,0.0058,,,,,,,,,
Instances/Instances 3/u724_02.gt,723,10.0,86400.0,PTVRP,3510237.0,403,21,0.0059,,,,,,,,,
Instances/Instances 3/u724_03.gt,723,10.0,86400.0,PTVRP,3382713.0,390,15,0.0059,,,,,,,,,
Instances/Instances 3/u724_04.gt,723,10.0,86400.0,PTVRP,3530333.0,401,21,0.0052,,,,,,,,,
Instances/Instances 3/u724_05.gt,723,10.0,86400.0,PTVRP,3606877.0,393,16,0.0061,,,,,,,,,
Instances/Instances 3/u724_06.gt,723,10.0,86400.0,PTVRP,3515840.0,400,16,0.0051,,,,,,,,,
Instances/Instances 3/u724_07.gt,723,10.0,86400.0,PTVRP,3360153.0,402,19,0.006,,,,,,,,,
Instances/Instances 3/u724_08.gt,723,10.0,86400.0,PTVRP,3417645.0,412,16,0.0051,,,,,,,,,
Instances/Instances 3/u724_09.gt,723,10.0,86400.0,PTVRP,3589144.0,395,16,0.0058,,,,,,,,,
Instances/Instances 3/u724_10.gt,723,10.0,86400.0,PTVRP,3468814.0,389,17,0.0047,,,,,,,,,
Instances/Instances 3/usa13509_01.gt,13508,10.0,86400.0,PTVRP,NO SOLUTION,,,0.0172,,,,,,,,,
Instances/Instances 3/usa13509_02.gt,13508,10.0,86400.0,PTVRP,NO SOLUTION,,,0.0138,,,,,,,,,
Instances/Instances 3/usa13509_03.gt,13508,10.0,86400.0,PTVRP,NO SOLUTION,,,0.0138,,,,,,,,,
Instances/Instances 3/usa13509_04.gt,13508,10.0,86400.0,PTVRP,NO SOLUTION,,,0.0125,,,,,,,,,
Instances/Instances 3/usa13509_05.gt,13508,10.0,86400.0,PTVRP,NO SOLUTION,,,0.0143,,,,,,,,,
Instances/Instances 3/usa13509_06.gt,13508,10.0,86400.0,PTVRP,NO SOLUTION,,,0.0131,,,,,,,,,
Instances/Instances 3/usa13509_07.gt,13508,10.0,86400.0,PTVRP,NO SOLUTION,,,0.0123,,,,,,,,,
Instances/Instances 3/usa13509_08.gt,13508,10.0,86400.0,PTVRP,NO SOLUTION,,,0.0126,,,,,,,,,
Instances/Instances 3/usa13509_09.gt,13508,10.0,86400.0,PTVRP,NO SOLUTION,,,0.0143,,,,,,,,,
Instances/Instances 3/usa13509_10.gt,13508,10.0,86400.0,PTVRP,NO SOLUTION,,,0.0143,,,,,,,,,
Instances/Instances 3/uy734_01.gt,733,10.0,86400.0,PTVRP,6455596.0,385,18,0.006,,,,,,,,,
Instances/Instances 3/uy734_02.gt,733,10.0,86400.0,PTVRP,6827211.0,404,21,0.0061,,,,,,,,,
Instances/Instances 3/uy734_03.gt,733,10.0,86400.0,PTVRP,6564553.0,399,19,0.0059,,,,,,,,,
Instances/Instances 3/uy734_04.gt,733,10.0,86400.0,PTVRP,6589188.0,397,17,0.007,,,,,,,,,
Instances/Instances 3/uy734_05.gt,733,10.0,86400.0,PTVRP,6492238.0,399,14,0.0077,,,,,,,,,
Instances/Instances 3/uy734_06.gt,733,10.0,86400.0,PTVRP,6615086.0,406,19,0.006,,,,,,,,,
Instances/Instances 3/uy734_07.gt,733,10.0,86400.0,PTVRP,6573768.0,393,16,0.0053,,,,,,,,,
Instances/Instances 3/uy734_08.gt,733,10.0,86400.0,PTVRP,6711269.0,400,20,0.0054,,,,,,,,,
Instances/Instances 3/uy734_09.gt,733,10.0,86400.0,PTVRP,6641721.0,414,15,0.0048,,,,,,,,,
Instances/Instances 3/uy734_10.gt,733,10.0,86400.0,PTVRP,6558463.0,392,18,0.0061,,,,,,,,,
Instances/Instances 3/vm1084_01.gt,1083,10.0,86400.0,PTVRP,NO SOLUTION,,,0.0056,,,,,,,,,
Instances/Instances 3/vm1084_02.gt,1083,10.0,86400.0,PTVRP,NO SOLUTION,,,0.0046,,,,,,,,,
Instances/Instances 3/vm1084_03.gt,1083,10.0,86400.0,PTVRP,NO SOLUTION,,,0.0054,,,,,,,,,
Instances/Instances 3/vm1084_04.gt,1083,10.0,86400.0,PTVRP,NO SOLUTION,,,0.0048,,,,,,,,,
Instances/Instances 3/vm1084_05.gt,1083,10.0,86400.0,PTVRP,NO SOLUTION,,,0.005,,,,,,,,,
Instances/Instances 3/vm1084_06.gt,1083,10.0,86400.0,PTVRP,NO SOLUTION,,,0.0053,,,,,,,,,
Instances/Instances 3/vm1084_07.gt,1083,10.0,86400.0,PTVRP,NO SOLUTION,,,0.0048,,,,,,,,,
Instances/Instances 3/vm1084_08.gt,1083,10.0,86400.0,PTVRP,NO SOLUTION,,,0.0051,,,,,,,,,
Instances/Instances 3/vm1084_09.gt,1083,10.0,86400.0,PTVRP,NO SOLUTION,,,0.0049,,,,,,,,,
Instances/Instances 3/vm1084_10.gt,1083,10.0,86400.0,PTVRP,NO SOLUTION,,,0.0045,,,,,,,,,
Instances/Instances 3/vm1748_01.gt,1747,10.0,86400.0,PTVRP,NO SOLUTION,,,0.0056,,,,,,,,,
Instances/Instances 3/vm1748_02.gt,1747,10.0,86400.0,PTVRP,NO SOLUTION,,,0.0046,,,,,,,,,
Instances/Instances 3/vm1748_03.gt,1747,10.0,86400.0,PTVRP,NO SOLUTION,,,0.0064,,,,,,,,,
Instances/Instances 3/vm1748_04.gt,1747,10.0,86400.0,PTVRP,NO SOLUTION,,,0.0053,,,,,,,,,
Instances/Instances 3/vm1748_05.gt,1747,10.0,86400.0,PTVRP,NO SOLUTION,,,0.0059,,,,,,,,,
Instances/Instances 3/vm1748_06.gt,1747,10.0,86400.0,PTVRP,NO SOLUTION,,,0.0062,,,,,,,,,
Instances/Instances 3/vm1748_07.gt,1747,10.0,86400.0,PTVRP,NO SOLUTION,,,0.0053,,,,,,,,,
Instances/Instances 3/vm1748_08.gt,1747,10.0,86400.0,PTVRP,NO SOLUTION,,,0.0045,,,,,,,,,
Instances/Instances 3/vm1748_09.gt,1747,10.0,86400.0,PTVRP,NO SOLUTION,,,0.007,,,,,,,,,
Instances/Instances 3/vm1748_10.gt,1747,10.0,86400.0,PTVRP,NO SOLUTION,,,0.0064,,,,,,,,,
Instances/Instances 3/vm22775_01.gt,22774,10.0,86400.0,PTVRP,NO SOLUTION,,,0.024,,,,,,,,,
Instances/Instances 3/vm22775_02.gt,22774,10.0,86400.0,PTVRP,NO SOLUTION,,,0.0228,,,,,,,,,
Instances/Instances 3/vm22775_03.gt,22774,10.0,86400.0,PTVRP,NO SOLUTION,,,0.0238,,,,,,,,,
Instances/Instances 3/vm22775_04.gt,22774,10.0,86400.0,PTVRP,NO SOLUTION,,,0.0246,,,,,,,,,
Instances/Instances 3/vm22775_05.gt,22774,10.0,86400.0,PTVRP,NO SOLUTION,,,0.0228,,,,,,,,,
Instances/Instances 3/vm22775_06.gt,22774,10.0,86400.0,PTVRP,NO SOLUTION,,,0.0237,,,,,,,,,
Instances/Instances 3/vm22775_07.gt,22774,10.0,86400.0,PTVRP,NO SOLUTION,,,0.0223,,,,,,,,,
Instances/Instances 3/vm22775_08.gt,22774,10.0,86400.0,PTVRP,NO SOLUTION,,,0.0203,,,,,,,,,
Instances/Instances 3/vm22775_09.gt,22774,10.0,86400.0,PTVRP,NO SOLUTION,,,0.0231,,,,,,,,,
Instances/Instances 3/vm22775_10.gt,22774,10.0,86400.0,PTVRP,NO SOLUTION,,,0.0224,,,,,,,,,
Instances/Instances 3/wi29_01.gt,28,10.0,86400.0,PTVRP,446870.0,19,7,0.0059,,,,,,,,,
Instances/Instances 3/wi29_02.gt,28,10.0,86400.0,PTVRP,466074.0,21,9,0.0045,,,,,,,,,
Instances/Instances 3/wi29_03.gt,28,10.0,86400.0,PTVRP,402508.0,20,9,0.0062,,,,,,,,,
Instances/Instances 3/wi29_04.gt,28,10.0,86400.0,PTVRP,529299.0,24,9,0.0048,,,,,,,,,
Instances/Instances 3/wi29_05.gt,28,10.0,86400.0,PTVRP,394740.0,20,8,0.0044,,,,,,,,,
Instances/Instances 3/wi29_06.gt,28,10.0,86400.0,PTVRP,614990.0,20,9,0.0065,,,,,,,,,
Instances/Instances 3/wi29_07.gt,28,10.0,86400.0,PTVRP,461649.0,21,6,0.0052,,,,,,,,,
Instances/Instances 3/wi29_08.gt,28,10.0,86400.0,PTVRP,488072.0,20,9,0.0054,,,,,,,,,
Instances/Instances 3/wi29_09.gt,28,10.0,86400.0,PTVRP,380343.0,20,5,0.0047,,,,,,,,,
Instances/Instances 3/wi29_10.gt,28,10.0,86400.0,PTVRP,406223.0,21,10,0.0051,,,,,,,,,
Instances/Instances 3/ym7663_01.gt,7662,10.0,86400.0,PTVRP,NO SOLUTION,,,0.0115,,,,,,,,,
Instances/Instances 3/ym7663_02.gt,7662,10.0,86400.0,PTVRP,NO SOLUTION,,,0.0119,,,,,,,,,
Instances/Instances 3/ym7663_03.gt,7662,10.0,86400.0,PTVRP,NO SOLUTION,,,0.012,,,,,,,,,
Instances/Instances 3/ym7663_04.gt,7662,10.0,86400.0,PTVRP,NO SOLUTION,,,0.013,,,,,,,,,
Instances/Instances 3/ym7663_05.gt,7662,10.0,86400.0,PTVRP,NO SOLUTION,,,0.0114,,,,,,,,,
Instances/Instances 3/ym7663_06.gt,7662,10.0,86400.0,PTVRP,NO SOLUTION,,,0.0108,,,,,,,,,
Instances/Instances 3/ym7663_07.gt,7662,10.0,86400.0,PTVRP,NO SOLUTION,,,0.0119,,,,,,,,,
Instances/Instances 3/ym7663_08.gt,7662,10.0,86400.0,PTVRP,NO SOLUTION,,,0.0103,,,,,,,,,
Instances/Instances 3/ym7663_09.gt,7662,10.0,86400.0,PTVRP,NO SOLUTION,,,0.011,,,,,,,,,
Instances/Instances 3/ym7663_10.gt,7662,10.0,86400.0,PTVRP,NO SOLUTION,,,0.0115,,,,,,,,,
Instances/Instances 3/zi929_01.gt,928,10.0,86400.0,PTVRP,10085136.0,423,21,0.0055,,,,,,,,,
Instances/Instances 3/zi929_02.gt,928,10.0,86400.0,PTVRP,9697540.0,418,22,0.0058,,,,,,,,,
Instances/Instances 3/zi929_03.gt,928,10.0,86400.0,PTVRP,9661041.0,438,21,0.0059,,,,,,,,,
Instances/Instances 3/zi929_04.gt,928,10.0,86400.0,PTVRP,9743139.0,440,21,0.006,,,,,,,,,
Instances/Instances 3/zi929_05.gt,928,10.0,86400.0,PTVRP,9883469.0,440,23,0.0058,,,,,,,,,
Instances/Instances 3/zi929_06.gt,928,10.0,86400.0,PTVRP,10161255.0,428,19,0.0067,,,,,,,,,
Instances/Instances 3/zi929_07.gt,928,10.0,86400.0,PTVRP,9894043.0,441,22,0.0056,,,,,,,,,
Instances/Instances 3/zi929_08.gt,928,10.0,86400.0,PTVRP,9969947.0,428,24,0.0062,,,,,,,,,
Instances/Instances 3/zi929_09.gt,928,10.0,86400.0,PTVRP,9519449.0,432,19,0.0052,,,,,,,,,
Instances/Instances 3/zi929_10.gt,928,10.0,86400.0,PTVRP,10134151.0,465,21,0.0055,,,,,,,,,
