instance,n,Q,horizon,solver,cost,templates,max_m,seconds,K_full_tour,K_allocated,max_layer_used,layer_iterations,eff_K,revived_arcs,revived_starts,revived_improving,infeasible_skips,unsafe_pops,blocked_pops,unsorted_queries,arcs_scanned,arcs_unsound_stop,gap_vs_first
Instances/Instances 1/a280_01.gt,279,100.0,86400.0,PTVRP_LAYERED_CONT_FIX,16387.0,72,2,0.0034,72,49,3,9114,32.6667,,0,0,138,0,,,,,
Instances/Instances 1/a280_02.gt,279,200.0,86400.0,PTVRP_LAYERED_CONT_FIX,8816.0,36,2,0.0032,34,33,2,4983,17.8602,,0,0,0,0,,,,,
Instances/Instances 1/a280_03.gt,279,500.0,86400.0,PTVRP_LAYERED_CONT_FIX,4897.0,15,1,0.0026,14,14,1,2159,7.73835,,0,0,0,0,,,,,
Instances/Instances 1/a280_04.gt,279,1000.0,86400.0,PTVRP_LAYERED_CONT_FIX,3722.0,9,1,0.0025,8,8,1,1129,4.04659,,0,0,0,0,,,,,
Instances/Instances 1/a280_05.gt,279,2000.0,86400.0,PTVRP_LAYERED_CONT_FIX,3176.0,4,1,0.0023,4,4,1,647,2.319,,0,0,0,0,,,,,
Instances/Instances 1/a280_06.gt,279,5000.0,86400.0,PTVRP_LAYERED_CONT_FIX,2855.0,2,1,0.0023,2,2,1,368,1.319,,0,0,0,0,,,,,
Instances/Instances 1/a280_07.gt,279,10000.0,86400.0,PTVRP_LAYERED_CONT_FIX,2835.0,1,1,0.0023,1,1,1,279,1.0,,0,0,0,0,,,,,
Instances/Instances 1/a280_08.gt,279,20000.0,86400.0,PTVRP_LAYERED_CONT_FIX,2835.0,1,1,0.0023,1,1,1,279,1.0,,0,0,0,0,,,,,
Instances/Instances 1/a280_09.gt,279,50000.0,86400.0,PTVRP_LAYERED_CONT_FIX,2835.0,1,1,0.0024,1,1,1,279,1.0,,0,0,0,0,,,,,
Instances/Instances 1/a280_10.gt,279,100000.0,86400.0,PTVRP_LAYERED_CONT_FIX,2835.0,1,1,0.0024,1,1,1,279,1.0,,0,0,0,0,,,,,
Instances/Instances 1/ar9152_01.gt,9151,100.0,86400.0,PTVRP_LAYERED_CONT_FIX,28717346.0,1467,5,0.0216,2331,22,7,95544,10.4408,,0,0,89403,0,,,,,
Instances/Instances 1/ar9152_02.gt,9151,200.0,86400.0,PTVRP_LAYERED_CONT_FIX,14570814.0,978,5,0.0179,1166,15,6,76122,8.31844,,0,0,96448,0,,,,,
Instances/Instances 1/ar9152_03.gt,9151,500.0,86400.0,PTVRP_LAYERED_CONT_FIX,6223523.0,476,2,0.0139,466,10,3,53919,5.89214,,0,0,80094,0,,,,,
Instances/Instances 1/ar9152_04.gt,9151,1000.0,86400.0,PTVRP_LAYERED_CONT_FIX,3468503.0,239,2,0.0125,233,7,2,40490,4.42465,,0,0,56245,0,,,,,
Instances/Instances 1/ar9152_05.gt,9151,2000.0,86400.0,PTVRP_LAYERED_CONT_FIX,2131437.0,123,1,0.0106,118,5,1,29585,3.23298,,0,0,41757,0,,,,,
Instances/Instances 1/ar9152_06.gt,9151,5000.0,86400.0,PTVRP_LAYERED_CONT_FIX,1329482.0,51,1,0.0092,47,3,1,19246,2.10316,,0,0,13602,0,,,,,
Instances/Instances 1/ar9152_07.gt,9151,10000.0,86400.0,PTVRP_LAYERED_CONT_FIX,1090437.0,27,1,0.0089,24,2,1,15008,1.64004,,0,0,20323,0,,,,,
Instances/Instances 1/ar9152_08.gt,9151,20000.0,86400.0,PTVRP_LAYERED_CONT_FIX,986552.0,15,1,0.0081,12,1,1,9151,1.0,,0,0,17616,0,,,,,
Instances/Instances 1/ar9152_09.gt,9151,50000.0,86400.0,PTVRP_LAYERED_CONT_FIX,970633.0,13,1,0.0082,5,1,1,9151,1.0,,0,0,31982,0,,,,,
Instances/Instances 1/ar9152_10.gt,9151,100000.0,86400.0,PTVRP_LAYERED_CONT_FIX,970633.0,13,1,0.0083,3,1,1,9151,1.0,,0,0,31982,0,,,,,
Instances/Instances 1/berlin52_01.gt,51,100.0,86400.0,PTVRP_LAYERED_CONT_FIX,14644.0,14,1,0.0023,12,11,1,343,6.72549,,0,0,0,0,,,,,
Instances/Instances 1/berlin52_02.gt,51,200.0,86400.0,PTVRP_LAYERED_CONT_FIX,11269.0,8,1,0.0022,7,7,1,204,4.0,,0,0,0,0,,,,,
Instances/Instances 1/berlin52_03.gt,51,500.0,86400.0,PTVRP_LAYERED_CONT_FIX,8619.0,4,1,0.0021,3,3,1,95,1.86275,,0,0,0,0,,,,,
Instances/Instances 1/berlin52_04.gt,51,1000.0,86400.0,PTVRP_LAYERED_CONT_FIX,7852.0,2,1,0.0021,2,2,1,67,1.31373,,0,0,0,0,,,,,
Instances/Instances 1/berlin52_05.gt,51,2000.0,86400.0,PTVRP_LAYERED_CONT_FIX,7803.0,1,1,0.0021,1,1,1,51,1.0,,0,0,0,0,,,,,
Instances/Instances 1/berlin52_06.gt,51,5000.0,86400.0,PTVRP_LAYERED_CONT_FIX,7803.0,1,1,0.0031,1,1,1,51,1.0,,0,0,0,0,,,,,
Instances/Instances 1/berlin52_07.gt,51,10000.0,86400.0,PTVRP_LAYERED_CONT_FIX,7803.0,1,1,0.0023,1,1,1,51,1.0,,0,0,0,0,,,,,
Instances/Instances 1/berlin52_08.gt,51,20000.0,86400.0,PTVRP_LAYERED_CONT_FIX,7803.0,1,1,0.0022,1,1,1,51,1.0,,0,0,0,0,,,,,
Instances/Instances 1/berlin52_09.gt,51,50000.0,86400.0,PTVRP_LAYERED_CONT_FIX,7803.0,1,1,0.0024,1,1,1,51,1.0,,0,0,0,0,,,,,
Instances/Instances 1/berlin52_10.gt,51,100000.0,86400.0,PTVRP_LAYERED_CONT_FIX,7803.0,1,1,0.0023,1,1,1,51,1.0,,0,0,0,0,,,,,
Instances/Instances 1/bier127_01.gt,126,100.0,86400.0,PTVRP_LAYERED_CONT_FIX,328886.0,35,2,0.0024,31,7,2,557,4.42063,,0,0,89,0,,,,,
Instances/Instances 1/bier127_02.gt,126,200.0,86400.0,PTVRP_LAYERED_CONT_FIX,214093.0,20,1,0.0025,18,5,1,387,3.07143,,0,0,36,0,,,,,
Instances/Instances 1/bier127_03.gt,126,500.0,86400.0,PTVRP_LAYERED_CONT_FIX,147478.0,8,1,0.0024,7,3,1,252,2.0,,0,0,59,0,,,,,
Instances/Instances 1/bier127_04.gt,126,1000.0,86400.0,PTVRP_LAYERED_CONT_FIX,129773.0,4,1,0.0023,4,2,1,155,1.23016,,0,0,15,0,,,,,
Instances/Instances 1/bier127_05.gt,126,2000.0,86400.0,PTVRP_LAYERED_CONT_FIX,126048.0,2,1,0.0022,2,1,1,126,1.0,,0,0,86,0,,,,,
Instances/Instances 1/bier127_06.gt,126,5000.0,86400.0,PTVRP_LAYERED_CONT_FIX,126048.0,2,1,0.0025,1,1,1,126,1.0,,0,0,86,0,,,,,
Instances/Instances 1/bier127_07.gt,126,10000.0,86400.0,PTVRP_LAYERED_CONT_FIX,126048.0,2,1,0.0024,1,1,1,126,1.0,,0,0,86,0,,,,,
Instances/Instances 1/bier127_08.gt,126,20000.0,86400.0,PTVRP_LAYERED_CONT_FIX,126048.0,2,1,0.0023,1,1,1,126,1.0,,0,0,86,0,,,,,
Instances/Instances 1/bier127_09.gt,126,50000.0,86400.0,PTVRP_LAYERED_CONT_FIX,126048.0,2,1,0.0023,1,1,1,126,1.0,,0,0,86,0,,,,,
Instances/Instances 1/bier127_10.gt,126,100000.0,86400.0,PTVRP_LAYERED_CONT_FIX,126048.0,2,1,0.0022,1,1,1,126,1.0,,0,0,86,0,,,,,
Instances/Instances 1/bm33708_01.gt,33707,100.0,86400.0,PTVRP_LAYERED_CONT_FIX,54311911.0,4710,7,0.0904,8589,32,9,616639,18.2941,,1,0,525803,0,,,,,
Instances/Instances 1/bm33708_02.gt,33707,200.0,86400.0,PTVRP_LAYERED_CONT_FIX,27566313.0,3312,4,0.0777,4289,23,6,487873,14.4739,,1,0,544915,0,,,,,
Instances/Instances 1/bm33708_03.gt,33707,500.0,86400.0,PTVRP_LAYERED_CONT_FIX,11486555.0,1720,2,0.0596,1719,14,4,343906,10.2028,,0,0,369131,0,,,,,
Instances/Instances 1/bm33708_04.gt,33707,1000.0,86400.0,PTVRP_LAYERED_CONT_FIX,6132031.0,878,1,0.0483,858,10,3,257359,7.63518,,0,0,206704,0,,,,,
Instances/Instances 1/bm33708_05.gt,33707,2000.0,86400.0,PTVRP_LAYERED_CONT_FIX,3523882.0,437,1,0.0409,429,7,3,189070,5.60922,,0,0,111970,0,,,,,
Instances/Instances 1/bm33708_06.gt,33707,5000.0,86400.0,PTVRP_LAYERED_CONT_FIX,1962016.0,178,1,0.0346,172,4,2,125154,3.713,,0,0,48035,0,,,,,
Instances/Instances 1/bm33708_07.gt,33707,10000.0,86400.0,PTVRP_LAYERED_CONT_FIX,1448460.0,90,1,0.0311,87,3,1,92824,2.75385,,0,0,16054,0,,,,,
Instances/Instances 1/bm33708_08.gt,33707,20000.0,86400.0,PTVRP_LAYERED_CONT_FIX,1194002.0,47,1,0.03,44,2,1,66639,1.97701,,0,0,6833,0,,,,,
Instances/Instances 1/bm33708_09.gt,33707,50000.0,86400.0,PTVRP_LAYERED_CONT_FIX,1051830.0,20,1,0.0247,18,1,1,33707,1.0,,0,0,0,0,,,,,
Instances/Instances 1/bm33708_10.gt,33707,100000.0,86400.0,PTVRP_LAYERED_CONT_FIX,1025973.0,15,1,0.0283,9,1,1,33707,1.0,,0,0,138009,0,,,,,
Instances/Instances 1/brd14051_01.gt,14050,100.0,86400.0,PTVRP_LAYERED_CONT_FIX,16950869.0,2180,6,0.0389,3577,30,7,268092,19.0813,,0,0,173624,0,,,,,
Instances/Instances 1/brd14051_02.gt,14050,200.0,86400.0,PTVRP_LAYERED_CONT_FIX,8596446.0,1486,4,0.0334,1777,22,6,205848,14.6511,,0,0,151613,0,,,,,
Instances/Instances 1/brd14051_03.gt,14050,500.0,86400.0,PTVRP_LAYERED_CONT_FIX,3646827.0,737,2,0.0243,715,15,3,140425,9.99466,,0,0,78307,0,,,,,
Instances/Instances 1/brd14051_04.gt,14050,1000.0,86400.0,PTVRP_LAYERED_CONT_FIX,2040540.0,368,1,0.0199,358,10,2,103547,7.36989,,0,0,43381,0,,,,,
Instances/Instances 1/brd14051_05.gt,14050,2000.0,86400.0,PTVRP_LAYERED_CONT_FIX,1236617.0,184,1,0.0168,180,7,1,74978,5.33651,,0,0,25588,0,,,,,
Instances/Instances 1/brd14051_06.gt,14050,5000.0,86400.0,PTVRP_LAYERED_CONT_FIX,768899.0,76,1,0.0137,72,4,1,46317,3.29658,,0,0,2387,0,,,,,
Instances/Instances 1/brd14051_07.gt,14050,10000.0,86400.0,PTVRP_LAYERED_CONT_FIX,613871.0,40,1,0.0131,36,3,1,33383,2.37601,,0,0,5030,0,,,,,
Instances/Instances 1/brd14051_08.gt,14050,20000.0,86400.0,PTVRP_LAYERED_CONT_FIX,535568.0,20,1,0.0128,19,2,1,27341,1.94598,,0,0,0,0,,,,,
Instances/Instances 1/brd14051_09.gt,14050,50000.0,86400.0,PTVRP_LAYERED_CONT_FIX,494413.0,9,1,0.0108,8,1,1,14050,1.0,,0,0,0,0,,,,,
Instances/Instances 1/brd14051_10.gt,14050,100000.0,86400.0,PTVRP_LAYERED_CONT_FIX,487545.0,7,1,0.0111,4,1,1,14050,1.0,,0,0,24890,0,,,,,
Instances/Instances 1/ca4663_01.gt,4662,100.0,86400.0,PTVRP_LAYERED_CONT_FIX,NO SOLUTION,,,0.0063,1182,9,3,16388,3.51523,,0,0,12786,0,,,,,
Instances/Instances 1/ca4663_02.gt,4662,200.0,86400.0,PTVRP_LAYERED_CONT_FIX,NO SOLUTION,,,0.006,592,7,3,14590,3.12956,,0,0,19432,0,,,,,
Instances/Instances 1/ca4663_03.gt,4662,500.0,86400.0,PTVRP_LAYERED_CONT_FIX,NO SOLUTION,,,0.0058,239,5,2,11781,2.52703,,0,0,32114,0,,,,,
Instances/Instances 1/ca4663_04.gt,4662,1000.0,86400.0,PTVRP_LAYERED_CONT_FIX,NO SOLUTION,,,0.0056,119,3,2,9900,2.12355,,0,0,40290,0,,,,,
Instances/Instances 1/ca4663_05.gt,4662,2000.0,86400.0,PTVRP_LAYERED_CONT_FIX,NO SOLUTION,,,0.0057,59,3,2,7751,1.66259,,0,0,31242,0,,,,,
Instances/Instances 1/ca4663_06.gt,4662,5000.0,86400.0,PTVRP_LAYERED_CONT_FIX,NO SOLUTION,,,0.0055,24,2,1,5233,1.12248,,0,0,21036,0,,,,,
Instances/Instances 1/ca4663_07.gt,4662,10000.0,86400.0,PTVRP_LAYERED_CONT_FIX,NO SOLUTION,,,0.0055,12,1,1,4662,1.0,,0,0,83800,0,,,,,
Instances/Instances 1/ca4663_08.gt,4662,20000.0,86400.0,PTVRP_LAYERED_CONT_FIX,NO SOLUTION,,,0.0055,6,1,1,4662,1.0,,0,0,116358,0,,,,,
Instances/Instances 1/ca4663_09.gt,4662,50000.0,86400.0,PTVRP_LAYERED_CONT_FIX,NO SOLUTION,,,0.0056,3,1,1,4662,1.0,,0,0,116358,0,,,,,
Instances/Instances 1/ca4663_10.gt,4662,100000.0,86400.0,PTVRP_LAYERED_CONT_FIX,NO SOLUTION,,,0.0054,2,1,1,4662,1.0,,0,0,116358,0,,,,,
Instances/Instances 1/ch130_01.gt,129,100.0,86400.0,PTVRP_LAYERED_CONT_FIX,23377.0,36,2,0.0035,33,22,2,1872,14.5116,,0,0,39,0,,,,,
Instances/Instances 1/ch130_02.gt,129,200.0,86400.0,PTVRP_LAYERED_CONT_FIX,14025.0,20,1,0.0025,17,15,1,1130,8.75969,,0,0,11,0,,,,,
Instances/Instances 1/ch130_03.gt,129,500.0,86400.0,PTVRP_LAYERED_CONT_FIX,9031.0,8,1,0.0023,7,7,1,472,3.65891,,0,0,0,0,,,,,
Instances/Instances 1/ch130_04.gt,129,1000.0,86400.0,PTVRP_LAYERED_CONT_FIX,7424.0,5,1,0.0023,4,4,1,311,2.41085,,0,0,0,0,,,,,
Instances/Instances 1/ch130_05.gt,129,2000.0,86400.0,PTVRP_LAYERED_CONT_FIX,6533.0,2,1,0.0027,2,2,1,175,1.35659,,0,0,0,0,,,,,
Instances/Instances 1/ch130_06.gt,129,5000.0,86400.0,PTVRP_LAYERED_CONT_FIX,6291.0,1,1,0.0027,1,1,1,129,1.0,,0,0,0,0,,,,,
Instances/Instances 1/ch130_07.gt,129,10000.0,86400.0,PTVRP_LAYERED_CONT_FIX,6291.0,1,1,0.0025,1,1,1,129,1.0,,0,0,0,0,,,,,
Instances/Instances 1/ch130_08.gt,129,20000.0,86400.0,PTVRP_LAYERED_CONT_FIX,6291.0,1,1,0.0025,1,1,1,129,1.0,,0,0,0,0,,,,,
Instances/Instances 1/ch130_09.gt,129,50000.0,86400.0,PTVRP_LAYERED_CONT_FIX,6291.0,1,1,0.0023,1,1,1,129,1.0,,0,0,0,0,,,,,
Instances/Instances 1/ch130_10.gt,129,100000.0,86400.0,PTVRP_LAYERED_CONT_FIX,6291.0,1,1,0.0024,1,1,1,129,1.0,,0,0,0,0,,,,,
Instances/Instances 1/ch150_01.gt,149,100.0,86400.0,PTVRP_LAYERED_CONT_FIX,28985.0,44,2,0.0026,41,23,2,2433,16.3289,,0,0,83,0,,,,,
Instances/Instances 1/ch150_02.gt,149,200.0,86400.0,PTVRP_LAYERED_CONT_FIX,15615.0,21,1,0.0023,18,15,1,1333,8.94631,,0,0,25,0,,,,,
Instances/Instances 1/ch150_03.gt,149,500.0,86400.0,PTVRP_LAYERED_CONT_FIX,9611.0,9,1,0.0023,8,8,1,623,4.18121,,0,0,0,0,,,,,
Instances/Instances 1/ch150_04.gt,149,1000.0,86400.0,PTVRP_LAYERED_CONT_FIX,8060.0,5,1,0.0023,4,4,1,371,2.48993,,0,0,0,0,,,,,
Instances/Instances 1/ch150_05.gt,149,2000.0,86400.0,PTVRP_LAYERED_CONT_FIX,7467.0,3,1,0.0023,3,3,1,226,1.51678,,0,0,0,0,,,,,
Instances/Instances 1/ch150_06.gt,149,5000.0,86400.0,PTVRP_LAYERED_CONT_FIX,7281.0,1,1,0.0022,1,1,1,149,1.0,,0,0,0,0,,,,,
Instances/Instances 1/ch150_07.gt,149,10000.0,86400.0,PTVRP_LAYERED_CONT_FIX,7281.0,1,1,0.0021,1,1,1,149,1.0,,0,0,0,0,,,,,
Instances/Instances 1/ch150_08.gt,149,20000.0,86400.0,PTVRP_LAYERED_CONT_FIX,7281.0,1,1,0.0022,1,1,1,149,1.0,,0,0,0,0,,,,,
Instances/Instances 1/ch150_09.gt,149,50000.0,86400.0,PTVRP_LAYERED_CONT_FIX,7281.0,1,1,0.0022,1,1,1,149,1.0,,0,0,0,0,,,,,
Instances/Instances 1/ch150_10.gt,149,100000.0,86400.0,PTVRP_LAYERED_CONT_FIX,7281.0,1,1,0.0022,1,1,1,149,1.0,,0,0,0,0,,,,,
Instances/Instances 1/ch71009_01.gt,71008,100.0,86400.0,PTVRP_LAYERED_CONT_FIX,314697654.0,10228,6,0.1498,18082,22,8,686158,9.66311,,0,0,869937,0,,,,,
Instances/Instances 1/ch71009_02.gt,71008,200.0,86400.0,PTVRP_LAYERED_CONT_FIX,157714607.0,6667,5,0.1306,9046,17,6,582177,8.19875,,0,0,1168005,0,,,,,
Instances/Instances 1/ch71009_03.gt,71008,500.0,86400.0,PTVRP_LAYERED_CONT_FIX,64684308.0,3536,3,0.102,3618,11,4,444326,6.25741,,1,0,1224112,0,,,,,
Instances/Instances 1/ch71009_04.gt,71008,1000.0,86400.0,PTVRP_LAYERED_CONT_FIX,34256373.0,1837,2,0.0881,1809,8,3,348950,4.91424,,0,0,954074,0,,,,,
Instances/Instances 1/ch71009_05.gt,71008,2000.0,86400.0,PTVRP_LAYERED_CONT_FIX,19367843.0,923,1,0.0772,906,6,2,266381,3.75142,,0,0,774259,0,,,,,
Instances/Instances 1/ch71009_06.gt,71008,5000.0,86400.0,PTVRP_LAYERED_CONT_FIX,10872483.0,375,1,0.0681,362,4,2,180895,2.54753,,0,0,416939,0,,,,,
Instances/Instances 1/ch71009_07.gt,71008,10000.0,86400.0,PTVRP_LAYERED_CONT_FIX,8261810.0,204,1,0.0612,181,3,1,138102,1.94488,,0,0,407144,0,,,,,
Instances/Instances 1/ch71009_08.gt,71008,20000.0,86400.0,PTVRP_LAYERED_CONT_FIX,7108473.0,120,1,0.0579,91,2,1,98966,1.39373,,0,0,294447,0,,,,,
Instances/Instances 1/ch71009_09.gt,71008,50000.0,86400.0,PTVRP_LAYERED_CONT_FIX,6671779.0,84,1,0.055,37,1,1,71008,1.0,,1,1,655207,0,,,,,
Instances/Instances 1/ch71009_10.gt,71008,100000.0,86400.0,PTVRP_LAYERED_CONT_FIX,6650715.0,82,1,0.0562,19,1,1,71008,1.0,,1,1,874242,0,,,,,
Instances/Instances 1/d1291_01.gt,1290,100.0,86400.0,PTVRP_LAYERED_CONT_FIX,768417.0,261,5,0.0065,346,27,5,27534,21.3442,,0,0,7093,0,,,,,
Instances/Instances 1/d1291_02.gt,1290,200.0,86400.0,PTVRP_LAYERED_CONT_FIX,367546.0,158,3,0.0053,159,19,3,19024,14.7473,,0,0,4151,0,,,,,
Instances/Instances 1/d1291_03.gt,1290,500.0,86400.0,PTVRP_LAYERED_CONT_FIX,178154.0,70,1,0.0042,67,12,2,12358,9.57984,,0,0,2261,0,,,,,
Instances/Instances 1/d1291_04.gt,1290,1000.0,86400.0,PTVRP_LAYERED_CONT_FIX,110025.0,35,1,0.0037,33,8,1,8630,6.68992,,0,0,1992,0,,,,,
Instances/Instances 1/d1291_05.gt,1290,2000.0,86400.0,PTVRP_LAYERED_CONT_FIX,78610.0,18,1,0.0033,17,6,1,5844,4.53023,,0,0,871,0,,,,,
Instances/Instances 1/d1291_06.gt,1290,5000.0,86400.0,PTVRP_LAYERED_CONT_FIX,61167.0,8,1,0.0031,7,4,1,3425,2.65504,,0,0,392,0,,,,,
Instances/Instances 1/d1291_07.gt,1290,10000.0,86400.0,PTVRP_LAYERED_CONT_FIX,56230.0,5,1,0.0031,4,2,1,2182,1.69147,,0,0,0,0,,,,,
Instances/Instances 1/d1291_08.gt,1290,20000.0,86400.0,PTVRP_LAYERED_CONT_FIX,53710.0,2,1,0.0031,2,2,1,1808,1.40155,,0,0,0,0,,,,,
Instances/Instances 1/d1291_09.gt,1290,50000.0,86400.0,PTVRP_LAYERED_CONT_FIX,53688.0,1,1,0.003,1,1,1,1290,1.0,,0,0,0,0,,,,,
Instances/Instances 1/d1291_10.gt,1290,100000.0,86400.0,PTVRP_LAYERED_CONT_FIX,53688.0,1,1,0.0039,1,1,1,1290,1.0,,0,0,0,0,,,,,
Instances/Instances 1/d15112_01.gt,15111,100.0,86400.0,PTVRP_LAYERED_CONT_FIX,53788704.0,2388,5,0.0308,3841,17,6,135457,8.96413,,0,0,134730,0,,,,,
Instances/Instances 1/d15112_02.gt,15111,200.0,86400.0,PTVRP_LAYERED_CONT_FIX,27647861.0,1647,4,0.0255,1939,13,5,109720,7.26094,,0,0,151588,0,,,,,
Instances/Instances 1/d15112_03.gt,15111,500.0,86400.0,PTVRP_LAYERED_CONT_FIX,11626925.0,784,2,0.0209,767,8,3,78307,5.18212,,0,0,112541,0,,,,,
Instances/Instances 1/d15112_04.gt,15111,1000.0,86400.0,PTVRP_LAYERED_CONT_FIX,6549550.0,399,1,0.0171,386,6,2,59639,3.94673,,0,0,86344,0,,,,,
Instances/Instances 1/d15112_05.gt,15111,2000.0,86400.0,PTVRP_LAYERED_CONT_FIX,3986206.0,197,1,0.0151,192,4,1,44612,2.95229,,0,0,49759,0,,,,,
Instances/Instances 1/d15112_06.gt,15111,5000.0,86400.0,PTVRP_LAYERED_CONT_FIX,2517833.0,82,1,0.0137,78,3,1,30032,1.98743,,0,0,37294,0,,,,,
Instances/Instances 1/d15112_07.gt,15111,10000.0,86400.0,PTVRP_LAYERED_CONT_FIX,2016391.0,41,1,0.0121,39,2,1,20799,1.37641,,0,0,10705,0,,,,,
Instances/Instances 1/d15112_08.gt,15111,20000.0,86400.0,PTVRP_LAYERED_CONT_FIX,1832536.0,24,1,0.012,20,1,1,15111,1.0,,0,0,64869,0,,,,,
Instances/Instances 1/d15112_09.gt,15111,50000.0,86400.0,PTVRP_LAYERED_CONT_FIX,1819674.0,24,1,0.0119,8,1,1,15111,1.0,,0,0,91309,0,,,,,
Instances/Instances 1/d15112_10.gt,15111,100000.0,86400.0,PTVRP_LAYERED_CONT_FIX,1819674.0,24,1,0.0121,4,1,1,15111,1.0,,0,0,91309,0,,,,,
Instances/Instances 1/d1655_01.gt,1654,100.0,86400.0,PTVRP_LAYERED_CONT_FIX,920931.0,323,4,0.0072,419,26,6,34932,21.1197,,0,0,8585,0,,,,,
Instances/Instances 1/d1655_02.gt,1654,200.0,86400.0,PTVRP_LAYERED_CONT_FIX,497810.0,213,2,0.0071,215,19,3,25653,15.5097,,0,0,5466,0,,,,,
Instances/Instances 1/d1655_03.gt,1654,500.0,86400.0,PTVRP_LAYERED_CONT_FIX,221226.0,87,1,0.0047,84,11,2,16235,9.8156,,0,0,2387,0,,,,,
Instances/Instances 1/d1655_04.gt,1654,1000.0,86400.0,PTVRP_LAYERED_CONT_FIX,139737.0,45,1,0.0041,42,8,1,11443,6.91838,,0,0,1136,0,,,,,
Instances/Instances 1/d1655_05.gt,1654,2000.0,86400.0,PTVRP_LAYERED_CONT_FIX,97963.0,24,1,0.0037,22,6,1,7915,4.78537,,0,0,824,0,,,,,
Instances/Instances 1/d1655_06.gt,1654,5000.0,86400.0,PTVRP_LAYERED_CONT_FIX,74780.0,11,1,0.0034,9,4,1,4589,2.77449,,0,0,384,0,,,,,
Instances/Instances 1/d1655_07.gt,1654,10000.0,86400.0,PTVRP_LAYERED_CONT_FIX,67599.0,5,1,0.0033,5,3,1,3313,2.00302,,0,0,684,0,,,,,
Instances/Instances 1/d1655_08.gt,1654,20000.0,86400.0,PTVRP_LAYERED_CONT_FIX,66176.0,3,1,0.0033,3,2,1,2527,1.52781,,0,0,0,0,,,,,
Instances/Instances 1/d1655_09.gt,1654,50000.0,86400.0,PTVRP_LAYERED_CONT_FIX,65597.0,1,1,0.0034,1,1,1,1654,1.0,,0,0,0,0,,,,,
Instances/Instances 1/d1655_10.gt,1654,100000.0,86400.0,PTVRP_LAYERED_CONT_FIX,65597.0,1,1,0.0034,1,1,1,1654,1.0,,0,0,0,0,,,,,
Instances/Instances 1/d18512_01.gt,18511,100.0,86400.0,PTVRP_LAYERED_CONT_FIX,24130075.0,2865,6,0.0526,4740,27,8,337471,18.2308,,1,0,242574,0,,,,,
Instances/Instances 1/d18512_02.gt,18511,200.0,86400.0,PTVRP_LAYERED_CONT_FIX,12188367.0,1995,3,0.0427,2347,20,5,260595,14.0778,,0,0,214216,0,,,,,
Instances/Instances 1/d18512_03.gt,18511,500.0,86400.0,PTVRP_LAYERED_CONT_FIX,5222711.0,960,2,0.0315,947,13,3,179509,9.69742,,0,0,118105,0,,,,,
Instances/Instances 1/d18512_04.gt,18511,1000.0,86400.0,PTVRP_LAYERED_CONT_FIX,2876916.0,483,1,0.0258,472,9,2,132214,7.14246,,0,0,57156,0,,,,,
Instances/Instances 1/d18512_05.gt,18511,2000.0,86400.0,PTVRP_LAYERED_CONT_FIX,1743333.0,242,1,0.022,237,7,1,95826,5.17671,,0,0,27830,0,,,,,
Instances/Instances 1/d18512_06.gt,18511,5000.0,86400.0,PTVRP_LAYERED_CONT_FIX,1070282.0,99,1,0.0182,95,4,1,60633,3.27551,,0,0,6020,0,,,,,
Instances/Instances 1/d18512_07.gt,18511,10000.0,86400.0,PTVRP_LAYERED_CONT_FIX,848838.0,51,1,0.0162,47,3,1,42567,2.29955,,0,0,6781,0,,,,,
Instances/Instances 1/d18512_08.gt,18511,20000.0,86400.0,PTVRP_LAYERED_CONT_FIX,741916.0,26,1,0.0158,24,2,1,36245,1.95802,,0,0,31,0,,,,,
Instances/Instances 1/d18512_09.gt,18511,50000.0,86400.0,PTVRP_LAYERED_CONT_FIX,677542.0,11,1,0.0138,10,1,1,18511,1.0,,0,0,0,0,,,,,
Instances/Instances 1/d18512_10.gt,18511,100000.0,86400.0,PTVRP_LAYERED_CONT_FIX,672457.0,9,1,0.0147,5,1,1,18511,1.0,,0,0,41318,0,,,,,
Instances/Instances 1/d198_01.gt,197,100.0,86400.0,PTVRP_LAYERED_CONT_FIX,87758.0,48,2,0.0029,53,22,3,2764,14.0305,,0,0,209,0,,,,,
Instances/Instances 1/d198_02.gt,197,200.0,86400.0,PTVRP_LAYERED_CONT_FIX,50344.0,28,1,0.0026,26,14,3,1826,9.26904,,0,0,139,0,,,,,
Instances/Instances 1/d198_03.gt,197,500.0,86400.0,PTVRP_LAYERED_CONT_FIX,28510.0,12,1,0.0025,11,8,1,1019,5.17259,,0,0,14,0,,,,,
Instances/Instances 1/d198_04.gt,197,1000.0,86400.0,PTVRP_LAYERED_CONT_FIX,20609.0,6,1,0.0025,6,6,1,601,3.05076,,0,0,4,0,,,,,
Instances/Instances 1/d198_05.gt,197,2000.0,86400.0,PTVRP_LAYERED_CONT_FIX,17770.0,3,1,0.0023,3,3,1,369,1.8731,,0,0,0,0,,,,,
Instances/Instances 1/d198_06.gt,197,5000.0,86400.0,PTVRP_LAYERED_CONT_FIX,17527.0,1,1,0.0023,1,1,1,197,1.0,,0,0,0,0,,,,,
Instances/Instances 1/d198_07.gt,197,10000.0,86400.0,PTVRP_LAYERED_CONT_FIX,17527.0,1,1,0.0023,1,1,1,197,1.0,,0,0,0,0,,,,,
Instances/Instances 1/d198_08.gt,197,20000.0,86400.0,PTVRP_LAYERED_CONT_FIX,17527.0,1,1,0.0023,1,1,1,197,1.0,,0,0,0,0,,,,,
Instances/Instances 1/d198_09.gt,197,50000.0,86400.0,PTVRP_LAYERED_CONT_FIX,17527.0,1,1,0.0022,1,1,1,197,1.0,,0,0,0,0,,,,,
Instances/Instances 1/d198_10.gt,197,100000.0,86400.0,PTVRP_LAYERED_CONT_FIX,17527.0,1,1,0.0024,1,1,1,197,1.0,,0,0,0,0,,,,,
Instances/Instances 1/d2103_01.gt,2102,100.0,86400.0,PTVRP_LAYERED_CONT_FIX,1406040.0,385,4,0.0083,545,27,6,43223,20.5628,,0,0,12624,0,,,,,
Instances/Instances 1/d2103_02.gt,2102,200.0,86400.0,PTVRP_LAYERED_CONT_FIX,723617.0,262,2,0.0079,270,19,3,31679,15.0709,,0,0,9922,0,,,,,
Instances/Instances 1/d2103_03.gt,2102,500.0,86400.0,PTVRP_LAYERED_CONT_FIX,332914.0,114,1,0.0056,110,12,2,20723,9.85871,,0,0,6111,0,,,,,
Instances/Instances 1/d2103_04.gt,2102,1000.0,86400.0,PTVRP_LAYERED_CONT_FIX,199704.0,56,1,0.0051,54,8,1,14517,6.90628,,0,0,3206,0,,,,,
Instances/Instances 1/d2103_05.gt,2102,2000.0,86400.0,PTVRP_LAYERED_CONT_FIX,132584.0,31,1,0.0044,27,6,1,10253,4.87774,,0,0,2475,0,,,,,
Instances/Instances 1/d2103_06.gt,2102,5000.0,86400.0,PTVRP_LAYERED_CONT_FIX,100628.0,11,1,0.004,11,4,1,6301,2.99762,,0,0,1982,0,,,,,
Instances/Instances 1/d2103_07.gt,2102,10000.0,86400.0,PTVRP_LAYERED_CONT_FIX,91251.0,6,1,0.0041,6,3,1,4569,2.17364,,0,0,2678,0,,,,,
Instances/Instances 1/d2103_08.gt,2102,20000.0,86400.0,PTVRP_LAYERED_CONT_FIX,86881.0,3,1,0.0038,3,2,1,3430,1.63178,,0,0,0,0,,,,,
Instances/Instances 1/d2103_09.gt,2102,50000.0,86400.0,PTVRP_LAYERED_CONT_FIX,84458.0,2,1,0.0036,2,1,1,2102,1.0,,0,0,0,0,,,,,
Instances/Instances 1/d2103_10.gt,2102,100000.0,86400.0,PTVRP_LAYERED_CONT_FIX,84457.0,1,1,0.0037,1,1,1,2102,1.0,,0,0,0,0,,,,,
Instances/Instances 1/d493_01.gt,492,100.0,86400.0,PTVRP_LAYERED_CONT_FIX,218874.0,121,3,0.0035,126,25,3,8531,17.3394,,0,0,825,0,,,,,
Instances/Instances 1/d493_02.gt,492,200.0,86400.0,PTVRP_LAYERED_CONT_FIX,117917.0,63,2,0.0031,60,17,2,5792,11.7724,,0,0,344,0,,,,,
Instances/Instances 1/d493_03.gt,492,500.0,86400.0,PTVRP_LAYERED_CONT_FIX,66689.0,27,1,0.0028,26,10,1,3656,7.43089,,0,0,108,0,,,,,
Instances/Instances 1/d493_04.gt,492,1000.0,86400.0,PTVRP_LAYERED_CONT_FIX,50395.0,14,1,0.0027,13,7,1,2438,4.95528,,0,0,38,0,,,,,
Instances/Instances 1/d493_05.gt,492,2000.0,86400.0,PTVRP_LAYERED_CONT_FIX,42464.0,7,1,0.0026,7,5,1,1597,3.24593,,0,0,32,0,,,,,
Instances/Instances 1/d493_06.gt,492,5000.0,86400.0,PTVRP_LAYERED_CONT_FIX,38646.0,4,1,0.0024,3,3,1,895,1.81911,,0,0,0,0,,,,,
Instances/Instances 1/d493_07.gt,492,10000.0,86400.0,PTVRP_LAYERED_CONT_FIX,37916.0,2,1,0.0024,2,2,1,607,1.23374,,0,0,0,0,,,,,
Instances/Instances 1/d493_08.gt,492,20000.0,86400.0,PTVRP_LAYERED_CONT_FIX,37734.0,1,1,0.0024,1,1,1,492,1.0,,0,0,0,0,,,,,
Instances/Instances 1/d493_09.gt,492,50000.0,86400.0,PTVRP_LAYERED_CONT_FIX,37734.0,1,1,0.0024,1,1,1,492,1.0,,0,0,0,0,,,,,
Instances/Instances 1/d493_10.gt,492,100000.0,86400.0,PTVRP_LAYERED_CONT_FIX,37734.0,1,1,0.0025,1,1,1,492,1.0,,0,0,0,0,,,,,
Instances/Instances 1/d657_01.gt,656,100.0,86400.0,PTVRP_LAYERED_CONT_FIX,374201.0,152,2,0.004,165,20,3,10037,15.3003,,0,0,1529,0,,,,,
Instances/Instances 1/d657_02.gt,656,200.0,86400.0,PTVRP_LAYERED_CONT_FIX,209715.0,90,2,0.0036,83,13,2,7154,10.9055,,0,0,911,0,,,,,
Instances/Instances 1/d657_03.gt,656,500.0,86400.0,PTVRP_LAYERED_CONT_FIX,109006.0,36,1,0.003,34,8,1,4456,6.79268,,0,0,373,0,,,,,
Instances/Instances 1/d657_04.gt,656,1000.0,86400.0,PTVRP_LAYERED_CONT_FIX,78389.0,19,1,0.0029,17,6,1,3036,4.62805,,0,0,159,0,,,,,
Instances/Instances 1/d657_05.gt,656,2000.0,86400.0,PTVRP_LAYERED_CONT_FIX,62326.0,10,1,0.0028,9,4,1,2174,3.31402,,0,0,0,0,,,,,
Instances/Instances 1/d657_06.gt,656,5000.0,86400.0,PTVRP_LAYERED_CONT_FIX,53349.0,4,1,0.0026,4,2,1,1123,1.71189,,0,0,0,0,,,,,
Instances/Instances 1/d657_07.gt,656,10000.0,86400.0,PTVRP_LAYERED_CONT_FIX,52507.0,2,1,0.0026,2,2,1,911,1.38872,,0,0,0,0,,,,,
Instances/Instances 1/d657_08.gt,656,20000.0,86400.0,PTVRP_LAYERED_CONT_FIX,52008.0,1,1,0.0026,1,1,1,656,1.0,,0,0,0,0,,,,,
Instances/Instances 1/d657_09.gt,656,50000.0,86400.0,PTVRP_LAYERED_CONT_FIX,52008.0,1,1,0.0025,1,1,1,656,1.0,,0,0,0,0,,,,,
Instances/Instances 1/d657_10.gt,656,100000.0,86400.0,PTVRP_LAYERED_CONT_FIX,52008.0,1,1,0.0027,1,1,1,656,1.0,,0,0,0,0,,,,,
Instances/Instances 1/dj38_01.gt,37,100.0,86400.0,PTVRP_LAYERED_CONT_FIX,17501.0,12,2,0.0023,11,11,2,211,5.7027,,0,0,1,0,,,,,
Instances/Instances 1/dj38_02.gt,37,200.0,86400.0,PTVRP_LAYERED_CONT_FIX,11667.0,6,1,0.0022,6,6,1,109,2.94595,,0,0,0,0,,,,,
Instances/Instances 1/dj38_03.gt,37,500.0,86400.0,PTVRP_LAYERED_CONT_FIX,8402.0,3,1,0.0022,3,3,1,60,1.62162,,0,0,0,0,,,,,
Instances/Instances 1/dj38_04.gt,37,1000.0,86400.0,PTVRP_LAYERED_CONT_FIX,8048.0,1,1,0.0022,1,1,1,37,1.0,,0,0,0,0,,,,,
Instances/Instances 1/dj38_05.gt,37,2000.0,86400.0,PTVRP_LAYERED_CONT_FIX,8048.0,1,1,0.0023,1,1,1,37,1.0,,0,0,0,0,,,,,
Instances/Instances 1/dj38_06.gt,37,5000.0,86400.0,PTVRP_LAYERED_CONT_FIX,8048.0,1,1,0.0022,1,1,1,37,1.0,,0,0,0,0,,,,,
Instances/Instances 1/dj38_07.gt,37,10000.0,86400.0,PTVRP_LAYERED_CONT_FIX,8048.0,1,1,0.0022,1,1,1,37,1.0,,0,0,0,0,,,,,
Instances/Instances 1/dj38_08.gt,37,20000.0,86400.0,PTVRP_LAYERED_CONT_FIX,8048.0,1,1,0.0022,1,1,1,37,1.0,,0,0,0,0,,,,,
Instances/Instances 1/dj38_09.gt,37,50000.0,86400.0,PTVRP_LAYERED_CONT_FIX,8048.0,1,1,0.0024,1,1,1,37,1.0,,0,0,0,0,,,,,
Instances/Instances 1/dj38_10.gt,37,100000.0,86400.0,PTVRP_LAYERED_CONT_FIX,8048.0,1,1,0.0022,1,1,1,37,1.0,,0,0,0,0,,,,,
Instances/Instances 1/eg7146_01.gt,7145,100.0,86400.0,PTVRP_LAYERED_CONT_FIX,5872828.0,1076,6,0.025,1815,39,8,195130,27.31,,1,0,101460,0,,,,,
Instances/Instances 1/eg7146_02.gt,7145,200.0,86400.0,PTVRP_LAYERED_CONT_FIX,2972502.0,770,4,0.02,907,28,6,147568,20.6533,,0,0,82405,0,,,,,
Instances/Instances 1/eg7146_03.gt,7145,500.0,86400.0,PTVRP_LAYERED_CONT_FIX,1281035.0,373,2,0.0151,366,18,5,98622,13.8029,,0,0,41161,0,,,,,
Instances/Instances 1/eg7146_04.gt,7145,1000.0,86400.0,PTVRP_LAYERED_CONT_FIX,708528.0,186,1,0.012,181,13,2,71033,9.94164,,0,0,19322,0,,,,,
Instances/Instances 1/eg7146_05.gt,7145,2000.0,86400.0,PTVRP_LAYERED_CONT_FIX,437580.0,95,1,0.0105,92,9,1,50636,7.08691,,0,0,9156,0,,,,,
Instances/Instances 1/eg7146_06.gt,7145,5000.0,86400.0,PTVRP_LAYERED_CONT_FIX,273169.0,38,1,0.0094,37,6,1,31102,4.35297,,0,0,1755,0,,,,,
Instances/Instances 1/eg7146_07.gt,7145,10000.0,86400.0,PTVRP_LAYERED_CONT_FIX,222770.0,20,1,0.0087,19,4,1,23026,3.22267,,0,0,451,0,,,,,
Instances/Instances 1/eg7146_08.gt,7145,20000.0,86400.0,PTVRP_LAYERED_CONT_FIX,200051.0,10,1,0.0075,10,3,1,16779,2.34836,,0,0,81,0,,,,,
Instances/Instances 1/eg7146_09.gt,7145,50000.0,86400.0,PTVRP_LAYERED_CONT_FIX,186570.0,5,1,0.0076,4,2,1,10220,1.43037,,0,0,15,0,,,,,
Instances/Instances 1/eg7146_10.gt,7145,100000.0,86400.0,PTVRP_LAYERED_CONT_FIX,184251.0,3,1,0.0067,2,1,1,7145,1.0,,0,0,93,0,,,,,
Instances/Instances 1/ei8246_01.gt,8245,100.0,86400.0,PTVRP_LAYERED_CONT_FIX,6036095.0,1381,6,0.0273,2113,32,6,196748,23.8627,,0,0,89249,0,,,,,
Instances/Instances 1/ei8246_02.gt,8245,200.0,86400.0,PTVRP_LAYERED_CONT_FIX,3075949.0,917,3,0.0226,1049,22,4,147350,17.8714,,0,0,65401,0,,,,,
Instances/Instances 1/ei8246_03.gt,8245,500.0,86400.0,PTVRP_LAYERED_CONT_FIX,1324735.0,436,2,0.0171,422,14,3,98162,11.9056,,0,0,26434,0,,,,,
Instances/Instances 1/ei8246_04.gt,8245,1000.0,86400.0,PTVRP_LAYERED_CONT_FIX,752179.0,218,1,0.0137,210,10,2,70783,8.58496,,0,0,11356,0,,,,,
Instances/Instances 1/ei8246_05.gt,8245,2000.0,86400.0,PTVRP_LAYERED_CONT_FIX,473280.0,110,1,0.0121,106,7,1,50741,6.15415,,0,0,5757,0,,,,,
Instances/Instances 1/ei8246_06.gt,8245,5000.0,86400.0,PTVRP_LAYERED_CONT_FIX,305629.0,45,1,0.0099,43,4,1,31829,3.8604,,0,0,0,0,,,,,
Instances/Instances 1/ei8246_07.gt,8245,10000.0,86400.0,PTVRP_LAYERED_CONT_FIX,252631.0,24,1,0.0094,22,3,1,23587,2.86076,,0,0,38,0,,,,,
Instances/Instances 1/ei8246_08.gt,8245,20000.0,86400.0,PTVRP_LAYERED_CONT_FIX,228782.0,13,1,0.0086,11,2,1,15685,1.90237,,0,0,0,0,,,,,
Instances/Instances 1/ei8246_09.gt,8245,50000.0,86400.0,PTVRP_LAYERED_CONT_FIX,214769.0,6,1,0.0087,5,1,1,8245,1.0,,0,0,0,0,,,,,
Instances/Instances 1/ei8246_10.gt,8245,100000.0,86400.0,PTVRP_LAYERED_CONT_FIX,211535.0,4,1,0.0085,3,1,1,8245,1.0,,0,0,581,0,,,,,
Instances/Instances 1/eil101_01.gt,100,100.0,86400.0,PTVRP_LAYERED_CONT_FIX,1941.0,30,2,0.0029,27,27,2,1433,14.33,,0,0,0,0,,,,,
Instances/Instances 1/eil101_02.gt,100,200.0,86400.0,PTVRP_LAYERED_CONT_FIX,1166.0,16,1,0.0026,13,13,1,687,6.87,,0,0,0,0,,,,,
Instances/Instances 1/eil101_03.gt,100,500.0,86400.0,PTVRP_LAYERED_CONT_FIX,827.0,7,1,0.0023,6,6,1,312,3.12,,0,0,0,0,,,,,
Instances/Instances 1/eil101_04.gt,100,1000.0,86400.0,PTVRP_LAYERED_CONT_FIX,701.0,4,1,0.0023,3,3,1,172,1.72,,0,0,0,0,,,,,
Instances/Instances 1/eil101_05.gt,100,2000.0,86400.0,PTVRP_LAYERED_CONT_FIX,664.0,3,1,0.0022,2,2,1,129,1.29,,0,0,0,0,,,,,
Instances/Instances 1/eil101_06.gt,100,5000.0,86400.0,PTVRP_LAYERED_CONT_FIX,652.0,2,1,0.0022,1,1,1,100,1.0,,0,0,0,0,,,,,
Instances/Instances 1/eil101_07.gt,100,10000.0,86400.0,PTVRP_LAYERED_CONT_FIX,652.0,2,1,0.0026,1,1,1,100,1.0,,0,0,0,0,,,,,
Instances/Instances 1/eil101_08.gt,100,20000.0,86400.0,PTVRP_LAYERED_CONT_FIX,652.0,2,1,0.0029,1,1,1,100,1.0,,0,0,0,0,,,,,
Instances/Instances 1/eil101_09.gt,100,50000.0,86400.0,PTVRP_LAYERED_CONT_FIX,652.0,2,1,0.0024,1,1,1,100,1.0,,0,0,0,0,,,,,
Instances/Instances 1/eil101_10.gt,100,100000.0,86400.0,PTVRP_LAYERED_CONT_FIX,652.0,2,1,0.0023,1,1,1,100,1.0,,0,0,0,0,,,,,
Instances/Instances 1/eil51_01.gt,50,100.0,86400.0,PTVRP_LAYERED_CONT_FIX,941.0,15,1,0.0023,13,13,1,335,6.7,,0,0,0,0,,,,,
Instances/Instances 1/eil51_02.gt,50,200.0,86400.0,PTVRP_LAYERED_CONT_FIX,664.0,7,1,0.0022,7,7,1,187,3.74,,0,0,0,0,,,,,
Instances/Instances 1/eil51_03.gt,50,500.0,86400.0,PTVRP_LAYERED_CONT_FIX,490.0,3,1,0.0021,3,3,1,92,1.84,,0,0,0,0,,,,,
Instances/Instances 1/eil51_04.gt,50,1000.0,86400.0,PTVRP_LAYERED_CONT_FIX,474.0,2,1,0.0024,2,2,1,64,1.28,,0,0,0,0,,,,,
Instances/Instances 1/eil51_05.gt,50,2000.0,86400.0,PTVRP_LAYERED_CONT_FIX,442.0,1,1,0.0022,1,1,1,50,1.0,,0,0,0,0,,,,,
Instances/Instances 1/eil51_06.gt,50,5000.0,86400.0,PTVRP_LAYERED_CONT_FIX,442.0,1,1,0.0022,1,1,1,50,1.0,,0,0,0,0,,,,,
Instances/Instances 1/eil51_07.gt,50,10000.0,86400.0,PTVRP_LAYERED_CONT_FIX,442.0,1,1,0.0022,1,1,1,50,1.0,,0,0,0,0,,,,,
Instances/Instances 1/eil51_08.gt,50,20000.0,86400.0,PTVRP_LAYERED_CONT_FIX,442.0,1,1,0.0021,1,1,1,50,1.0,,0,0,0,0,,,,,
Instances/Instances 1/eil51_09.gt,50,50000.0,86400.0,PTVRP_LAYERED_CONT_FIX,442.0,1,1,0.0022,1,1,1,50,1.0,,0,0,0,0,,,,,
Instances/Instances 1/eil51_10.gt,50,100000.0,86400.0,PTVRP_LAYERED_CONT_FIX,442.0,1,1,0.0023,1,1,1,50,1.0,,0,0,0,0,,,,,
Instances/Instances 1/eil76_01.gt,75,100.0,86400.0,PTVRP_LAYERED_CONT_FIX,1401.0,23,1,0.0027,19,19,1,739,9.85333,,0,0,0,0,,,,,
Instances/Instances 1/eil76_02.gt,75,200.0,86400.0,PTVRP_LAYERED_CONT_FIX,931.0,12,1,0.0027,10,10,1,384,5.12,,0,0,0,0,,,,,
Instances/Instances 1/eil76_03.gt,75,500.0,86400.0,PTVRP_LAYERED_CONT_FIX,664.0,5,1,0.0025,4,4,1,182,2.42667,,0,0,0,0,,,,,
Instances/Instances 1/eil76_04.gt,75,1000.0,86400.0,PTVRP_LAYERED_CONT_FIX,600.0,3,1,0.0023,2,2,1,109,1.45333,,0,0,0,0,,,,,
Instances/Instances 1/eil76_05.gt,75,2000.0,86400.0,PTVRP_LAYERED_CONT_FIX,573.0,1,1,0.0022,1,1,1,75,1.0,,0,0,0,0,,,,,
Instances/Instances 1/eil76_06.gt,75,5000.0,86400.0,PTVRP_LAYERED_CONT_FIX,573.0,1,1,0.0022,1,1,1,75,1.0,,0,0,0,0,,,,,
Instances/Instances 1/eil76_07.gt,75,10000.0,86400.0,PTVRP_LAYERED_CONT_FIX,573.0,1,1,0.0022,1,1,1,75,1.0,,0,0,0,0,,,,,
Instances/Instances 1/eil76_08.gt,75,20000.0,86400.0,PTVRP_LAYERED_CONT_FIX,573.0,1,1,0.0022,1,1,1,75,1.0,,0,0,0,0,,,,,
Instances/Instances 1/eil76_09.gt,75,50000.0,86400.0,PTVRP_LAYERED_CONT_FIX,573.0,1,1,0.0022,1,1,1,75,1.0,,0,0,0,0,,,,,
Instances/Instances 1/eil76_10.gt,75,100000.0,86400.0,PTVRP_LAYERED_CONT_FIX,573.0,1,1,0.0023,1,1,1,75,1.0,,0,0,0,0,,,,,
Instances/Instances 1/fi10639_01.gt,10638,100.0,86400.0,PTVRP_LAYERED_CONT_FIX,17282915.0,1662,6,0.028,2710,22,8,162931,15.3159,,0,0,124124,0,,,,,
Instances/Instances 1/fi10639_02.gt,10638,200.0,86400.0,PTVRP_LAYERED_CONT_FIX,8893028.0,1158,3,0.0237,1351,17,5,126648,11.9052,,0,0,116031,0,,,,,
Instances/Instances 1/fi10639_03.gt,10638,500.0,86400.0,PTVRP_LAYERED_CONT_FIX,3763490.0,557,2,0.018,540,11,3,87665,8.24074,,0,0,65088,0,,,,,
Instances/Instances 1/fi10639_04.gt,10638,1000.0,86400.0,PTVRP_LAYERED_CONT_FIX,2108169.0,277,1,0.0147,270,8,2,64943,6.10481,,0,0,34347,0,,,,,
Instances/Instances 1/fi10639_05.gt,10638,2000.0,86400.0,PTVRP_LAYERED_CONT_FIX,1303908.0,140,1,0.0128,136,6,2,46892,4.40797,,0,0,15589,0,,,,,
Instances/Instances 1/fi10639_06.gt,10638,5000.0,86400.0,PTVRP_LAYERED_CONT_FIX,820119.0,58,1,0.0109,55,4,1,30889,2.90365,,0,0,6712,0,,,,,
Instances/Instances 1/fi10639_07.gt,10638,10000.0,86400.0,PTVRP_LAYERED_CONT_FIX,660140.0,30,1,0.0102,28,3,1,21226,1.9953,,0,0,2402,0,,,,,
Instances/Instances 1/fi10639_08.gt,10638,20000.0,86400.0,PTVRP_LAYERED_CONT_FIX,585300.0,14,1,0.01,14,2,1,16779,1.57727,,0,0,5152,0,,,,,
Instances/Instances 1/fi10639_09.gt,10638,50000.0,86400.0,PTVRP_LAYERED_CONT_FIX,551822.0,8,1,0.0091,6,1,1,10638,1.0,,0,0,14814,0,,,,,
Instances/Instances 1/fi10639_10.gt,10638,100000.0,86400.0,PTVRP_LAYERED_CONT_FIX,551822.0,8,1,0.0101,3,1,1,10638,1.0,,0,0,17802,0,,,,,
Instances/Instances 1/fl1400_01.gt,1399,100.0,86400.0,PTVRP_LAYERED_CONT_FIX,727206.0,162,6,0.0068,356,49,10,47585,34.0136,,0,0,28129,0,,,,,
Instances/Instances 1/fl1400_02.gt,1399,200.0,86400.0,PTVRP_LAYERED_CONT_FIX,369796.0,132,3,0.0057,177,35,5,33303,23.8049,,0,0,16123,0,,,,,
Instances/Instances 1/fl1400_03.gt,1399,500.0,86400.0,PTVRP_LAYERED_CONT_FIX,163619.0,73,2,0.0048,74,23,4,21259,15.1959,,0,0,7757,0,,,,,
Instances/Instances 1/fl1400_04.gt,1399,1000.0,86400.0,PTVRP_LAYERED_CONT_FIX,90227.0,37,2,0.004,37,15,2,14031,10.0293,,0,0,2306,0,,,,,
Instances/Instances 1/fl1400_05.gt,1399,2000.0,86400.0,PTVRP_LAYERED_CONT_FIX,53314.0,19,1,0.0038,18,9,2,8796,6.28735,,0,0,394,0,,,,,
Instances/Instances 1/fl1400_06.gt,1399,5000.0,86400.0,PTVRP_LAYERED_CONT_FIX,32739.0,8,1,0.0034,8,6,1,5133,3.66905,,0,0,131,0,,,,,
Instances/Instances 1/fl1400_07.gt,1399,10000.0,86400.0,PTVRP_LAYERED_CONT_FIX,25452.0,4,1,0.0031,4,4,1,3269,2.33667,,0,0,0,0,,,,,
Instances/Instances 1/fl1400_08.gt,1399,20000.0,86400.0,PTVRP_LAYERED_CONT_FIX,22330.0,2,1,0.0031,2,2,1,2018,1.44246,,0,0,0,0,,,,,
Instances/Instances 1/fl1400_09.gt,1399,50000.0,86400.0,PTVRP_LAYERED_CONT_FIX,22250.0,1,1,0.0032,1,1,1,1399,1.0,,0,0,0,0,,,,,
Instances/Instances 1/fl1400_10.gt,1399,100000.0,86400.0,PTVRP_LAYERED_CONT_FIX,22250.0,1,1,0.0032,1,1,1,1399,1.0,,0,0,0,0,,,,,
Instances/Instances 1/fl1577_01.gt,1576,100.0,86400.0,PTVRP_LAYERED_CONT_FIX,534844.0,263,6,0.0077,401,46,6,52559,33.3496,,1,0,11992,0,,,,,
Instances/Instances 1/fl1577_02.gt,1576,200.0,86400.0,PTVRP_LAYERED_CONT_FIX,278030.0,186,3,0.0065,201,31,4,37660,23.8959,,0,0,8131,0,,,,,
Instances/Instances 1/fl1577_03.gt,1576,500.0,86400.0,PTVRP_LAYERED_CONT_FIX,120347.0,86,1,0.0051,82,19,2,23790,15.0952,,0,0,3900,0,,,,,
Instances/Instances 1/fl1577_04.gt,1576,1000.0,86400.0,PTVRP_LAYERED_CONT_FIX,69180.0,43,1,0.0046,41,13,2,16434,10.4277,,0,0,1407,0,,,,,
Instances/Instances 1/fl1577_05.gt,1576,2000.0,86400.0,PTVRP_LAYERED_CONT_FIX,45021.0,23,1,0.0039,21,9,1,10798,6.85152,,0,0,515,0,,,,,
Instances/Instances 1/fl1577_06.gt,1576,5000.0,86400.0,PTVRP_LAYERED_CONT_FIX,30431.0,10,1,0.0034,9,6,1,6077,3.85596,,0,0,835,0,,,,,
Instances/Instances 1/fl1577_07.gt,1576,10000.0,86400.0,PTVRP_LAYERED_CONT_FIX,25235.0,5,1,0.0033,5,4,1,3999,2.53744,,0,0,0,0,,,,,
Instances/Instances 1/fl1577_08.gt,1576,20000.0,86400.0,PTVRP_LAYERED_CONT_FIX,23781.0,3,1,0.0032,3,3,1,2384,1.51269,,0,0,0,0,,,,,
Instances/Instances 1/fl1577_09.gt,1576,50000.0,86400.0,PTVRP_LAYERED_CONT_FIX,23697.0,2,1,0.0032,1,1,1,1576,1.0,,0,0,0,0,,,,,
Instances/Instances 1/fl1577_10.gt,1576,100000.0,86400.0,PTVRP_LAYERED_CONT_FIX,23697.0,2,1,0.0034,1,1,1,1576,1.0,,0,0,0,0,,,,,
Instances/Instances 1/fl3795_01.gt,3794,100.0,86400.0,PTVRP_LAYERED_CONT_FIX,1406061.0,540,6,0.0167,974,58,11,168421,44.3914,,0,0,71225,0,,,,,
Instances/Instances 1/fl3795_02.gt,3794,200.0,86400.0,PTVRP_LAYERED_CONT_FIX,714398.0,374,4,0.0141,488,40,6,123778,32.6247,,0,0,55427,0,,,,,
Instances/Instances 1/fl3795_03.gt,3794,500.0,86400.0,PTVRP_LAYERED_CONT_FIX,292849.0,193,2,0.0105,193,25,3,79658,20.9958,,0,0,30733,0,,,,,
Instances/Instances 1/fl3795_04.gt,3794,1000.0,86400.0,PTVRP_LAYERED_CONT_FIX,159179.0,100,1,0.0086,97,18,2,56205,14.8142,,0,0,17040,0,,,,,
Instances/Instances 1/fl3795_05.gt,3794,2000.0,86400.0,PTVRP_LAYERED_CONT_FIX,93815.0,51,1,0.007,49,13,1,38910,10.2557,,0,0,10304,0,,,,,
Instances/Instances 1/fl3795_06.gt,3794,5000.0,86400.0,PTVRP_LAYERED_CONT_FIX,51747.0,21,1,0.0057,20,8,1,23454,6.18187,,0,0,8152,0,,,,,
Instances/Instances 1/fl3795_07.gt,3794,10000.0,86400.0,PTVRP_LAYERED_CONT_FIX,40046.0,11,1,0.0057,10,6,1,15199,4.00606,,0,0,192,0,,,,,
Instances/Instances 1/fl3795_08.gt,3794,20000.0,86400.0,PTVRP_LAYERED_CONT_FIX,34168.0,6,1,0.0048,5,4,1,10469,2.75936,,0,0,0,0,,,,,
Instances/Instances 1/fl3795_09.gt,3794,50000.0,86400.0,PTVRP_LAYERED_CONT_FIX,30739.0,3,1,0.0048,2,2,1,5614,1.4797,,0,0,0,0,,,,,
Instances/Instances 1/fl3795_10.gt,3794,100000.0,86400.0,PTVRP_LAYERED_CONT_FIX,30708.0,2,1,0.0044,1,1,1,3794,1.0,,0,0,0,0,,,,,
Instances/Instances 1/fl417_01.gt,416,100.0,86400.0,PTVRP_LAYERED_CONT_FIX,228870.0,69,5,0.0033,110,31,6,8978,21.5817,,0,0,2135,0,,,,,
Instances/Instances 1/fl417_02.gt,416,200.0,86400.0,PTVRP_LAYERED_CONT_FIX,110050.0,48,2,0.0032,52,20,4,5903,14.1899,,0,0,1161,0,,,,,
Instances/Instances 1/fl417_03.gt,416,500.0,86400.0,PTVRP_LAYERED_CONT_FIX,52409.0,24,1,0.003,23,13,3,3655,8.78606,,0,0,563,0,,,,,
Instances/Instances 1/fl417_04.gt,416,1000.0,86400.0,PTVRP_LAYERED_CONT_FIX,30091.0,12,1,0.0027,11,8,2,2182,5.24519,,0,0,23,0,,,,,
Instances/Instances 1/fl417_05.gt,416,2000.0,86400.0,PTVRP_LAYERED_CONT_FIX,22180.0,7,1,0.0026,6,6,1,1358,3.26442,,0,0,0,0,,,,,
Instances/Instances 1/fl417_06.gt,416,5000.0,86400.0,PTVRP_LAYERED_CONT_FIX,14735.0,3,1,0.0029,3,3,1,658,1.58173,,0,0,0,0,,,,,
Instances/Instances 1/fl417_07.gt,416,10000.0,86400.0,PTVRP_LAYERED_CONT_FIX,13776.0,2,1,0.0025,2,2,1,465,1.11779,,0,0,0,0,,,,,
Instances/Instances 1/fl417_08.gt,416,20000.0,86400.0,PTVRP_LAYERED_CONT_FIX,13750.0,1,1,0.0024,1,1,1,416,1.0,,0,0,0,0,,,,,
Instances/Instances 1/fl417_09.gt,416,50000.0,86400.0,PTVRP_LAYERED_CONT_FIX,13750.0,1,1,0.0026,1,1,1,416,1.0,,0,0,0,0,,,,,
Instances/Instances 1/fl417_10.gt,416,100000.0,86400.0,PTVRP_LAYERED_CONT_FIX,13750.0,1,1,0.0024,1,1,1,416,1.0,,0,0,0,0,,,,,
Instances/Instances 1/fnl4461_01.gt,4460,100.0,86400.0,PTVRP_LAYERED_CONT_FIX,3582667.0,834,4,0.0151,1160,24,6,86519,19.3989,,0,0,30108,0,,,,,
Instances/Instances 1/fnl4461_02.gt,4460,200.0,86400.0,PTVRP_LAYERED_CONT_FIX,1837638.0,545,3,0.0119,575,17,4,63915,14.3307,,0,0,19939,0,,,,,
Instances/Instances 1/fnl4461_03.gt,4460,500.0,86400.0,PTVRP_LAYERED_CONT_FIX,823101.0,240,1,0.009,231,11,2,42216,9.46547,,0,0,8048,0,,,,,
Instances/Instances 1/fnl4461_04.gt,4460,1000.0,86400.0,PTVRP_LAYERED_CONT_FIX,493280.0,121,1,0.0078,116,8,1,30190,6.76906,,0,0,3534,0,,,,,
Instances/Instances 1/fnl4461_05.gt,4460,2000.0,86400.0,PTVRP_LAYERED_CONT_FIX,328926.0,60,1,0.0066,57,5,1,21406,4.79955,,0,0,1002,0,,,,,
Instances/Instances 1/fnl4461_06.gt,4460,5000.0,86400.0,PTVRP_LAYERED_CONT_FIX,236264.0,26,1,0.0059,23,3,1,12799,2.86973,,0,0,0,0,,,,,
Instances/Instances 1/fnl4461_07.gt,4460,10000.0,86400.0,PTVRP_LAYERED_CONT_FIX,205790.0,13,1,0.0054,12,2,1,8512,1.90852,,0,0,0,0,,,,,
Instances/Instances 1/fnl4461_08.gt,4460,20000.0,86400.0,PTVRP_LAYERED_CONT_FIX,193945.0,8,1,0.0055,6,2,1,8138,1.82466,,0,0,0,0,,,,,
Instances/Instances 1/fnl4461_09.gt,4460,50000.0,86400.0,PTVRP_LAYERED_CONT_FIX,187221.0,4,1,0.005,3,1,1,4460,1.0,,0,0,33,0,,,,,
Instances/Instances 1/fnl4461_10.gt,4460,100000.0,86400.0,PTVRP_LAYERED_CONT_FIX,187145.0,3,1,0.0052,2,1,1,4460,1.0,,0,0,247,0,,,,,
Instances/Instances 1/gil262_01.gt,261,100.0,86400.0,PTVRP_LAYERED_CONT_FIX,13466.0,63,2,0.0035,70,51,3,8612,32.9962,,0,0,97,0,,,,,
Instances/Instances 1/gil262_02.gt,261,200.0,86400.0,PTVRP_LAYERED_CONT_FIX,7175.0,35,1,0.0029,32,32,2,4535,17.3755,,0,0,0,0,,,,,
Instances/Instances 1/gil262_03.gt,261,500.0,86400.0,PTVRP_LAYERED_CONT_FIX,4196.0,14,1,0.0026,14,14,1,1844,7.06513,,0,0,0,0,,,,,
Instances/Instances 1/gil262_04.gt,261,1000.0,86400.0,PTVRP_LAYERED_CONT_FIX,3287.0,8,1,0.0027,7,7,1,1022,3.91571,,0,0,0,0,,,,,
Instances/Instances 1/gil262_05.gt,261,2000.0,86400.0,PTVRP_LAYERED_CONT_FIX,2873.0,4,1,0.0025,4,4,1,612,2.34483,,0,0,0,0,,,,,
Instances/Instances 1/gil262_06.gt,261,5000.0,86400.0,PTVRP_LAYERED_CONT_FIX,2667.0,2,1,0.0023,2,2,1,315,1.2069,,0,0,0,0,,,,,
Instances/Instances 1/gil262_07.gt,261,10000.0,86400.0,PTVRP_LAYERED_CONT_FIX,2645.0,1,1,0.0028,1,1,1,261,1.0,,0,0,0,0,,,,,
Instances/Instances 1/gil262_08.gt,261,20000.0,86400.0,PTVRP_LAYERED_CONT_FIX,2645.0,1,1,0.0025,1,1,1,261,1.0,,0,0,0,0,,,,,
Instances/Instances 1/gil262_09.gt,261,50000.0,86400.0,PTVRP_LAYERED_CONT_FIX,2645.0,1,1,0.0024,1,1,1,261,1.0,,0,0,0,0,,,,,
Instances/Instances 1/gil262_10.gt,261,100000.0,86400.0,PTVRP_LAYERED_CONT_FIX,2645.0,1,1,0.0024,1,1,1,261,1.0,,0,0,0,0,,,,,
Instances/Instances 1/gr9882_01.gt,9881,100.0,86400.0,PTVRP_LAYERED_CONT_FIX,11487691.0,1457,6,0.0304,2518,29,8,197321,19.9697,,0,0,127278,0,,,,,
Instances/Instances 1/gr9882_02.gt,9881,200.0,86400.0,PTVRP_LAYERED_CONT_FIX,5868339.0,1038,3,0.0242,1256,21,5,151452,15.3276,,1,0,112256,0,,,,,
Instances/Instances 1/gr9882_03.gt,9881,500.0,86400.0,PTVRP_LAYERED_CONT_FIX,2464249.0,510,2,0.0189,504,14,4,103463,10.4709,,0,0,59428,0,,,,,
Instances/Instances 1/gr9882_04.gt,9881,1000.0,86400.0,PTVRP_LAYERED_CONT_FIX,1376698.0,260,1,0.0153,253,10,3,75581,7.64912,,0,0,28883,0,,,,,
Instances/Instances 1/gr9882_05.gt,9881,2000.0,86400.0,PTVRP_LAYERED_CONT_FIX,824838.0,130,1,0.013,126,7,1,54340,5.49944,,0,0,11568,0,,,,,
Instances/Instances 1/gr9882_06.gt,9881,5000.0,86400.0,PTVRP_LAYERED_CONT_FIX,501483.0,52,1,0.012,51,4,1,34940,3.53608,,0,0,2958,0,,,,,
Instances/Instances 1/gr9882_07.gt,9881,10000.0,86400.0,PTVRP_LAYERED_CONT_FIX,399596.0,27,1,0.0111,26,3,1,25191,2.54944,,0,0,1435,0,,,,,
Instances/Instances 1/gr9882_08.gt,9881,20000.0,86400.0,PTVRP_LAYERED_CONT_FIX,343807.0,14,1,0.0106,13,2,1,18998,1.92268,,0,0,2428,0,,,,,
Instances/Instances 1/gr9882_09.gt,9881,50000.0,86400.0,PTVRP_LAYERED_CONT_FIX,317771.0,6,1,0.0089,6,1,1,9881,1.0,,0,0,0,0,,,,,
Instances/Instances 1/gr9882_10.gt,9881,100000.0,86400.0,PTVRP_LAYERED_CONT_FIX,313501.0,5,1,0.0097,3,1,1,9881,1.0,,0,0,9738,0,,,,,
Instances/Instances 1/ho14473_01.gt,14472,100.0,86400.0,PTVRP_LAYERED_CONT_FIX,8450979.0,2017,7,0.0526,3674,61,10,500629,34.5929,,0,0,289667,0,,,,,
Instances/Instances 1/ho14473_02.gt,14472,200.0,86400.0,PTVRP_LAYERED_CONT_FIX,4354156.0,1460,5,0.0439,1858,45,7,380529,26.2942,,0,0,244435,0,,,,,
Instances/Instances 1/ho14473_03.gt,14472,500.0,86400.0,PTVRP_LAYERED_CONT_FIX,1807631.0,749,3,0.0324,740,27,3,255041,17.6231,,0,0,133991,0,,,,,
Instances/Instances 1/ho14473_04.gt,14472,1000.0,86400.0,PTVRP_LAYERED_CONT_FIX,974659.0,377,1,0.0252,369,20,2,184132,12.7233,,0,0,64155,0,,,,,
Instances/Instances 1/ho14473_05.gt,14472,2000.0,86400.0,PTVRP_LAYERED_CONT_FIX,570975.0,189,1,0.0206,185,13,2,132452,9.15229,,0,0,31201,0,,,,,
Instances/Instances 1/ho14473_06.gt,14472,5000.0,86400.0,PTVRP_LAYERED_CONT_FIX,331612.0,78,1,0.0172,75,8,1,82758,5.71849,,0,0,7953,0,,,,,
Instances/Instances 1/ho14473_07.gt,14472,10000.0,86400.0,PTVRP_LAYERED_CONT_FIX,248892.0,40,1,0.0146,37,5,1,59686,4.12424,,0,0,8149,0,,,,,
Instances/Instances 1/ho14473_08.gt,14472,20000.0,86400.0,PTVRP_LAYERED_CONT_FIX,210554.0,21,1,0.0132,19,4,1,40809,2.81986,,0,0,3621,0,,,,,
Instances/Instances 1/ho14473_09.gt,14472,50000.0,86400.0,PTVRP_LAYERED_CONT_FIX,187851.0,9,1,0.0125,8,2,1,26940,1.86153,,0,0,541,0,,,,,
Instances/Instances 1/ho14473_10.gt,14472,100000.0,86400.0,PTVRP_LAYERED_CONT_FIX,181545.0,4,1,0.011,4,2,1,18250,1.26106,,0,0,1214,0,,,,,
Instances/Instances 1/it16862_01.gt,16861,100.0,86400.0,PTVRP_LAYERED_CONT_FIX,27987539.0,2424,6,0.0453,4344,30,8,297033,17.6166,,0,0,239320,0,,,,,
Instances/Instances 1/it16862_02.gt,16861,200.0,86400.0,PTVRP_LAYERED_CONT_FIX,14072619.0,1701,4,0.0372,2156,22,5,233475,13.847,,0,0,241117,0,,,,,
Instances/Instances 1/it16862_03.gt,16861,500.0,86400.0,PTVRP_LAYERED_CONT_FIX,5921913.0,886,2,0.034,869,13,3,163736,9.71093,,0,0,166314,0,,,,,
Instances/Instances 1/it16862_04.gt,16861,1000.0,86400.0,PTVRP_LAYERED_CONT_FIX,3150614.0,439,2,0.0247,428,9,2,120710,7.15912,,0,0,92030,0,,,,,
Instances/Instances 1/it16862_05.gt,16861,2000.0,86400.0,PTVRP_LAYERED_CONT_FIX,1841830.0,220,1,0.0218,216,7,2,90056,5.34108,,0,0,49046,0,,,,,
Instances/Instances 1/it16862_06.gt,16861,5000.0,86400.0,PTVRP_LAYERED_CONT_FIX,1060736.0,89,1,0.0179,87,4,1,58889,3.49262,,0,0,13790,0,,,,,
Instances/Instances 1/it16862_07.gt,16861,10000.0,86400.0,PTVRP_LAYERED_CONT_FIX,799388.0,46,1,0.016,43,3,1,42551,2.52363,,0,0,6853,0,,,,,
Instances/Instances 1/it16862_08.gt,16861,20000.0,86400.0,PTVRP_LAYERED_CONT_FIX,675310.0,24,1,0.0151,22,2,1,32835,1.94739,,0,0,6065,0,,,,,
Instances/Instances 1/it16862_09.gt,16861,50000.0,86400.0,PTVRP_LAYERED_CONT_FIX,599939.0,10,1,0.0149,9,1,1,16861,1.0,,0,0,61,0,,,,,
Instances/Instances 1/it16862_10.gt,16861,100000.0,86400.0,PTVRP_LAYERED_CONT_FIX,592244.0,8,1,0.014,5,1,1,16861,1.0,,0,0,46161,0,,,,,
Instances/Instances 1/ja9847_01.gt,9846,100.0,86400.0,PTVRP_LAYERED_CONT_FIX,27648638.0,1468,6,0.0263,2509,24,8,125059,12.7015,,0,0,118795,0,,,,,
Instances/Instances 1/ja9847_02.gt,9846,200.0,86400.0,PTVRP_LAYERED_CONT_FIX,13847756.0,969,4,0.0211,1243,17,5,100323,10.1892,,0,0,140251,0,,,,,
Instances/Instances 1/ja9847_03.gt,9846,500.0,86400.0,PTVRP_LAYERED_CONT_FIX,5809604.0,493,2,0.0164,498,11,3,72006,7.31322,,0,0,121715,0,,,,,
Instances/Instances 1/ja9847_04.gt,9846,1000.0,86400.0,PTVRP_LAYERED_CONT_FIX,3142417.0,260,1,0.0147,253,8,3,55162,5.60248,,0,0,79703,0,,,,,
Instances/Instances 1/ja9847_05.gt,9846,2000.0,86400.0,PTVRP_LAYERED_CONT_FIX,1777436.0,127,1,0.013,125,5,2,40169,4.07973,,0,0,67972,0,,,,,
Instances/Instances 1/ja9847_06.gt,9846,5000.0,86400.0,PTVRP_LAYERED_CONT_FIX,1002457.0,53,1,0.0111,51,3,1,26950,2.73715,,0,0,25769,0,,,,,
Instances/Instances 1/ja9847_07.gt,9846,10000.0,86400.0,PTVRP_LAYERED_CONT_FIX,755860.0,27,1,0.0103,26,2,1,18950,1.92464,,0,0,19384,0,,,,,
Instances/Instances 1/ja9847_08.gt,9846,20000.0,86400.0,PTVRP_LAYERED_CONT_FIX,619091.0,14,1,0.0101,13,2,1,15130,1.53666,,0,0,7919,0,,,,,
Instances/Instances 1/ja9847_09.gt,9846,50000.0,86400.0,PTVRP_LAYERED_CONT_FIX,573619.0,8,1,0.009,6,1,1,9846,1.0,,0,0,85908,0,,,,,
Instances/Instances 1/ja9847_10.gt,9846,100000.0,86400.0,PTVRP_LAYERED_CONT_FIX,573619.0,8,1,0.0087,3,1,1,9846,1.0,,0,0,86164,0,,,,,
Instances/Instances 1/kroA100_01.gt,99,100.0,86400.0,PTVRP_LAYERED_CONT_FIX,86834.0,25,2,0.0028,25,11,2,755,7.62626,,0,0,80,0,,,,,
Instances/Instances 1/kroA100_02.gt,99,200.0,86400.0,PTVRP_LAYERED_CONT_FIX,50084.0,13,1,0.0025,12,7,1,513,5.18182,,0,0,28,0,,,,,
Instances/Instances 1/kroA100_03.gt,99,500.0,86400.0,PTVRP_LAYERED_CONT_FIX,32654.0,7,1,0.0023,6,5,1,302,3.05051,,0,0,29,0,,,,,
Instances/Instances 1/kroA100_04.gt,99,1000.0,86400.0,PTVRP_LAYERED_CONT_FIX,25740.0,4,1,0.0025,3,3,1,164,1.65657,,0,0,0,0,,,,,
Instances/Instances 1/kroA100_05.gt,99,2000.0,86400.0,PTVRP_LAYERED_CONT_FIX,23670.0,2,1,0.0023,2,2,1,120,1.21212,,0,0,0,0,,,,,
Instances/Instances 1/kroA100_06.gt,99,5000.0,86400.0,PTVRP_LAYERED_CONT_FIX,22624.0,1,1,0.0022,1,1,1,99,1.0,,0,0,0,0,,,,,
Instances/Instances 1/kroA100_07.gt,99,10000.0,86400.0,PTVRP_LAYERED_CONT_FIX,22624.0,1,1,0.0024,1,1,1,99,1.0,,0,0,0,0,,,,,
Instances/Instances 1/kroA100_08.gt,99,20000.0,86400.0,PTVRP_LAYERED_CONT_FIX,22624.0,1,1,0.0023,1,1,1,99,1.0,,0,0,0,0,,,,,
Instances/Instances 1/kroA100_09.gt,99,50000.0,86400.0,PTVRP_LAYERED_CONT_FIX,22624.0,1,1,0.0022,1,1,1,99,1.0,,0,0,0,0,,,,,
Instances/Instances 1/kroA100_10.gt,99,100000.0,86400.0,PTVRP_LAYERED_CONT_FIX,22624.0,1,1,0.0023,1,1,1,99,1.0,,0,0,0,0,,,,,
Instances/Instances 1/kroA150_01.gt,149,100.0,86400.0,PTVRP_LAYERED_CONT_FIX,128307.0,39,2,0.0026,37,11,3,1348,9.04698,,0,0,168,0,,,,,
Instances/Instances 1/kroA150_02.gt,149,200.0,86400.0,PTVRP_LAYERED_CONT_FIX,72363.0,21,1,0.0024,19,8,1,907,6.08725,,0,0,68,0,,,,,
Instances/Instances 1/kroA150_03.gt,149,500.0,86400.0,PTVRP_LAYERED_CONT_FIX,40115.0,8,1,0.0027,7,5,1,541,3.63087,,0,0,78,0,,,,,
Instances/Instances 1/kroA150_04.gt,149,1000.0,86400.0,PTVRP_LAYERED_CONT_FIX,33898.0,5,1,0.0023,4,3,1,323,2.16779,,0,0,0,0,,,,,
Instances/Instances 1/kroA150_05.gt,149,2000.0,86400.0,PTVRP_LAYERED_CONT_FIX,28781.0,2,1,0.0023,2,2,1,204,1.36913,,0,0,0,0,,,,,
Instances/Instances 1/kroA150_06.gt,149,5000.0,86400.0,PTVRP_LAYERED_CONT_FIX,27630.0,1,1,0.0025,1,1,1,149,1.0,,0,0,0,0,,,,,
Instances/Instances 1/kroA150_07.gt,149,10000.0,86400.0,PTVRP_LAYERED_CONT_FIX,27630.0,1,1,0.0024,1,1,1,149,1.0,,0,0,0,0,,,,,
Instances/Instances 1/kroA150_08.gt,149,20000.0,86400.0,PTVRP_LAYERED_CONT_FIX,27630.0,1,1,0.0025,1,1,1,149,1.0,,0,0,0,0,,,,,
Instances/Instances 1/kroA150_09.gt,149,50000.0,86400.0,PTVRP_LAYERED_CONT_FIX,27630.0,1,1,0.0023,1,1,1,149,1.0,,0,0,0,0,,,,,
Instances/Instances 1/kroA150_10.gt,149,100000.0,86400.0,PTVRP_LAYERED_CONT_FIX,27630.0,1,1,0.0025,1,1,1,149,1.0,,0,0,0,0,,,,,
Instances/Instances 1/kroA200_01.gt,199,100.0,86400.0,PTVRP_LAYERED_CONT_FIX,168343.0,50,2,0.0035,52,12,3,2010,10.1005,,0,0,267,0,,,,,
Instances/Instances 1/kroA200_02.gt,199,200.0,86400.0,PTVRP_LAYERED_CONT_FIX,88322.0,27,1,0.0036,25,8,2,1328,6.67337,,0,0,81,0,,,,,
Instances/Instances 1/kroA200_03.gt,199,500.0,86400.0,PTVRP_LAYERED_CONT_FIX,53593.0,12,1,0.0034,11,6,1,797,4.00503,,0,0,1,0,,,,,
Instances/Instances 1/kroA200_04.gt,199,1000.0,86400.0,PTVRP_LAYERED_CONT_FIX,40258.0,8,1,0.0034,6,4,1,574,2.88442,,0,0,0,0,,,,,
Instances/Instances 1/kroA200_05.gt,199,2000.0,86400.0,PTVRP_LAYERED_CONT_FIX,33244.0,3,1,0.0026,3,3,1,334,1.67839,,0,0,0,0,,,,,
Instances/Instances 1/kroA200_06.gt,199,5000.0,86400.0,PTVRP_LAYERED_CONT_FIX,30958.0,2,1,0.0026,2,2,1,202,1.01508,,0,0,0,0,,,,,
Instances/Instances 1/kroA200_07.gt,199,10000.0,86400.0,PTVRP_LAYERED_CONT_FIX,30902.0,1,1,0.0034,1,1,1,199,1.0,,0,0,0,0,,,,,
Instances/Instances 1/kroA200_08.gt,199,20000.0,86400.0,PTVRP_LAYERED_CONT_FIX,30902.0,1,1,0.0031,1,1,1,199,1.0,,0,0,0,0,,,,,
Instances/Instances 1/kroA200_09.gt,199,50000.0,86400.0,PTVRP_LAYERED_CONT_FIX,30902.0,1,1,0.0032,1,1,1,199,1.0,,0,0,0,0,,,,,
Instances/Instances 1/kroA200_10.gt,199,100000.0,86400.0,PTVRP_LAYERED_CONT_FIX,30902.0,1,1,0.0041,1,1,1,199,1.0,,0,0,0,0,,,,,
Instances/Instances 1/kroB100_01.gt,99,100.0,86400.0,PTVRP_LAYERED_CONT_FIX,86708.0,28,2,0.0026,27,11,2,808,8.16162,,0,0,83,0,,,,,
Instances/Instances 1/kroB100_02.gt,99,200.0,86400.0,PTVRP_LAYERED_CONT_FIX,51033.0,15,1,0.0023,13,7,1,513,5.18182,,0,0,25,0,,,,,
Instances/Instances 1/kroB100_03.gt,99,500.0,86400.0,PTVRP_LAYERED_CONT_FIX,31663.0,6,1,0.0023,5,4,1,273,2.75758,,0,0,0,0,,,,,
Instances/Instances 1/kroB100_04.gt,99,1000.0,86400.0,PTVRP_LAYERED_CONT_FIX,26294.0,4,1,0.0025,3,3,1,177,1.78788,,0,0,0,0,,,,,
Instances/Instances 1/kroB100_05.gt,99,2000.0,86400.0,PTVRP_LAYERED_CONT_FIX,24490.0,2,1,0.0023,2,2,1,124,1.25253,,0,0,0,0,,,,,
Instances/Instances 1/kroB100_06.gt,99,5000.0,86400.0,PTVRP_LAYERED_CONT_FIX,24472.0,1,1,0.0025,1,1,1,99,1.0,,0,0,0,0,,,,,
Instances/Instances 1/kroB100_07.gt,99,10000.0,86400.0,PTVRP_LAYERED_CONT_FIX,24472.0,1,1,0.0022,1,1,1,99,1.0,,0,0,0,0,,,,,
Instances/Instances 1/kroB100_08.gt,99,20000.0,86400.0,PTVRP_LAYERED_CONT_FIX,24472.0,1,1,0.0023,1,1,1,99,1.0,,0,0,0,0,,,,,
Instances/Instances 1/kroB100_09.gt,99,50000.0,86400.0,PTVRP_LAYERED_CONT_FIX,24472.0,1,1,0.0022,1,1,1,99,1.0,,0,0,0,0,,,,,
Instances/Instances 1/kroB100_10.gt,99,100000.0,86400.0,PTVRP_LAYERED_CONT_FIX,24472.0,1,1,0.0025,1,1,1,99,1.0,,0,0,0,0,,,,,
Instances/Instances 1/kroB150_01.gt,149,100.0,86400.0,PTVRP_LAYERED_CONT_FIX,133262.0,42,2,0.0027,40,12,3,1399,9.38926,,0,0,165,0,,,,,
Instances/Instances 1/kroB150_02.gt,149,200.0,86400.0,PTVRP_LAYERED_CONT_FIX,72209.0,19,1,0.0025,18,8,1,907,6.08725,,0,0,63,0,,,,,
Instances/Instances 1/kroB150_03.gt,149,500.0,86400.0,PTVRP_LAYERED_CONT_FIX,43866.0,9,1,0.0026,8,5,1,541,3.63087,,0,0,8,0,,,,,
Instances/Instances 1/kroB150_04.gt,149,1000.0,86400.0,PTVRP_LAYERED_CONT_FIX,33533.0,5,1,0.0025,4,4,1,327,2.19463,,0,0,10,0,,,,,
Instances/Instances 1/kroB150_05.gt,149,2000.0,86400.0,PTVRP_LAYERED_CONT_FIX,28883.0,3,1,0.0024,3,3,1,230,1.54362,,0,0,0,0,,,,,
Instances/Instances 1/kroB150_06.gt,149,5000.0,86400.0,PTVRP_LAYERED_CONT_FIX,27979.0,1,1,0.0022,1,1,1,149,1.0,,0,0,0,0,,,,,
Instances/Instances 1/kroB150_07.gt,149,10000.0,86400.0,PTVRP_LAYERED_CONT_FIX,27979.0,1,1,0.0027,1,1,1,149,1.0,,0,0,0,0,,,,,
Instances/Instances 1/kroB150_08.gt,149,20000.0,86400.0,PTVRP_LAYERED_CONT_FIX,27979.0,1,1,0.0024,1,1,1,149,1.0,,0,0,0,0,,,,,
Instances/Instances 1/kroB150_09.gt,149,50000.0,86400.0,PTVRP_LAYERED_CONT_FIX,27979.0,1,1,0.0025,1,1,1,149,1.0,,0,0,0,0,,,,,
Instances/Instances 1/kroB150_10.gt,149,100000.0,86400.0,PTVRP_LAYERED_CONT_FIX,27979.0,1,1,0.0023,1,1,1,149,1.0,,0,0,0,0,,,,,
Instances/Instances 1/kroB200_01.gt,199,100.0,86400.0,PTVRP_LAYERED_CONT_FIX,163688.0,56,2,0.0026,51,14,2,2035,10.2261,,0,0,311,0,,,,,
Instances/Instances 1/kroB200_02.gt,199,200.0,86400.0,PTVRP_LAYERED_CONT_FIX,85498.0,27,1,0.0024,25,9,1,1420,7.13568,,0,0,154,0,,,,,
Instances/Instances 1/kroB200_03.gt,199,500.0,86400.0,PTVRP_LAYERED_CONT_FIX,55153.0,13,1,0.0024,12,6,1,864,4.34171,,0,0,59,0,,,,,
Instances/Instances 1/kroB200_04.gt,199,1000.0,86400.0,PTVRP_LAYERED_CONT_FIX,40240.0,6,1,0.0026,6,4,1,574,2.88442,,0,0,0,0,,,,,
Instances/Instances 1/kroB200_05.gt,199,2000.0,86400.0,PTVRP_LAYERED_CONT_FIX,33729.0,3,1,0.0023,3,3,1,385,1.93467,,0,0,0,0,,,,,
Instances/Instances 1/kroB200_06.gt,199,5000.0,86400.0,PTVRP_LAYERED_CONT_FIX,31786.0,2,1,0.0023,2,2,1,210,1.05528,,0,0,0,0,,,,,
Instances/Instances 1/kroB200_07.gt,199,10000.0,86400.0,PTVRP_LAYERED_CONT_FIX,31768.0,1,1,0.0024,1,1,1,199,1.0,,0,0,0,0,,,,,
Instances/Instances 1/kroB200_08.gt,199,20000.0,86400.0,PTVRP_LAYERED_CONT_FIX,31768.0,1,1,0.0023,1,1,1,199,1.0,,0,0,0,0,,,,,
Instances/Instances 1/kroB200_09.gt,199,50000.0,86400.0,PTVRP_LAYERED_CONT_FIX,31768.0,1,1,0.0022,1,1,1,199,1.0,,0,0,0,0,,,,,
Instances/Instances 1/kroB200_10.gt,199,100000.0,86400.0,PTVRP_LAYERED_CONT_FIX,31768.0,1,1,0.003,1,1,1,199,1.0,,0,0,0,0,,,,,
Instances/Instances 1/kroC100_01.gt,99,100.0,86400.0,PTVRP_LAYERED_CONT_FIX,90576.0,28,2,0.0025,26,10,2,780,7.87879,,0,0,62,0,,,,,
Instances/Instances 1/kroC100_02.gt,99,200.0,86400.0,PTVRP_LAYERED_CONT_FIX,51395.0,14,1,0.0024,13,7,1,515,5.20202,,0,0,23,0,,,,,
Instances/Instances 1/kroC100_03.gt,99,500.0,86400.0,PTVRP_LAYERED_CONT_FIX,31936.0,6,1,0.0022,5,4,1,274,2.76768,,0,0,0,0,,,,,
Instances/Instances 1/kroC100_04.gt,99,1000.0,86400.0,PTVRP_LAYERED_CONT_FIX,25737.0,4,1,0.0024,3,3,1,178,1.79798,,0,0,0,0,,,,,
Instances/Instances 1/kroC100_05.gt,99,2000.0,86400.0,PTVRP_LAYERED_CONT_FIX,23764.0,2,1,0.0022,2,2,1,131,1.32323,,0,0,0,0,,,,,
Instances/Instances 1/kroC100_06.gt,99,5000.0,86400.0,PTVRP_LAYERED_CONT_FIX,22713.0,1,1,0.0023,1,1,1,99,1.0,,0,0,0,0,,,,,
Instances/Instances 1/kroC100_07.gt,99,10000.0,86400.0,PTVRP_LAYERED_CONT_FIX,22713.0,1,1,0.0024,1,1,1,99,1.0,,0,0,0,0,,,,,
Instances/Instances 1/kroC100_08.gt,99,20000.0,86400.0,PTVRP_LAYERED_CONT_FIX,22713.0,1,1,0.0024,1,1,1,99,1.0,,0,0,0,0,,,,,
Instances/Instances 1/kroC100_09.gt,99,50000.0,86400.0,PTVRP_LAYERED_CONT_FIX,22713.0,1,1,0.0023,1,1,1,99,1.0,,0,0,0,0,,,,,
Instances/Instances 1/kroC100_10.gt,99,100000.0,86400.0,PTVRP_LAYERED_CONT_FIX,22713.0,1,1,0.0022,1,1,1,99,1.0,,0,0,0,0,,,,,
Instances/Instances 1/kroD100_01.gt,99,100.0,86400.0,PTVRP_LAYERED_CONT_FIX,82273.0,28,2,0.0026,26,11,2,798,8.06061,,0,0,61,0,,,,,
Instances/Instances 1/kroD100_02.gt,99,200.0,86400.0,PTVRP_LAYERED_CONT_FIX,49618.0,15,1,0.0025,13,7,1,531,5.36364,,0,0,26,0,,,,,
Instances/Instances 1/kroD100_03.gt,99,500.0,86400.0,PTVRP_LAYERED_CONT_FIX,31926.0,6,1,0.0026,5,4,1,267,2.69697,,0,0,0,0,,,,,
Instances/Instances 1/kroD100_04.gt,99,1000.0,86400.0,PTVRP_LAYERED_CONT_FIX,24890.0,4,1,0.0023,3,3,1,190,1.91919,,0,0,0,0,,,,,
Instances/Instances 1/kroD100_05.gt,99,2000.0,86400.0,PTVRP_LAYERED_CONT_FIX,23833.0,2,1,0.0023,2,2,1,126,1.27273,,0,0,0,0,,,,,
Instances/Instances 1/kroD100_06.gt,99,5000.0,86400.0,PTVRP_LAYERED_CONT_FIX,23792.0,1,1,0.0023,1,1,1,99,1.0,,0,0,0,0,,,,,
Instances/Instances 1/kroD100_07.gt,99,10000.0,86400.0,PTVRP_LAYERED_CONT_FIX,23792.0,1,1,0.0023,1,1,1,99,1.0,,0,0,0,0,,,,,
Instances/Instances 1/kroD100_08.gt,99,20000.0,86400.0,PTVRP_LAYERED_CONT_FIX,23792.0,1,1,0.0023,1,1,1,99,1.0,,0,0,0,0,,,,,
Instances/Instances 1/kroD100_09.gt,99,50000.0,86400.0,PTVRP_LAYERED_CONT_FIX,23792.0,1,1,0.0023,1,1,1,99,1.0,,0,0,0,0,,,,,
Instances/Instances 1/kroD100_10.gt,99,100000.0,86400.0,PTVRP_LAYERED_CONT_FIX,23792.0,1,1,0.0022,1,1,1,99,1.0,,0,0,0,0,,,,,
Instances/Instances 1/kroE100_01.gt,99,100.0,86400.0,PTVRP_LAYERED_CONT_FIX,86110.0,27,2,0.0025,26,11,2,789,7.9697,,0,0,74,0,,,,,
Instances/Instances 1/kroE100_02.gt,99,200.0,86400.0,PTVRP_LAYERED_CONT_FIX,53184.0,14,1,0.0023,13,7,1,480,4.84848,,0,0,22,0,,,,,
Instances/Instances 1/kroE100_03.gt,99,500.0,86400.0,PTVRP_LAYERED_CONT_FIX,33160.0,6,1,0.0025,5,4,1,273,2.75758,,0,0,0,0,,,,,
Instances/Instances 1/kroE100_04.gt,99,1000.0,86400.0,PTVRP_LAYERED_CONT_FIX,26063.0,3,1,0.0024,3,3,1,174,1.75758,,0,0,0,0,,,,,
Instances/Instances 1/kroE100_05.gt,99,2000.0,86400.0,PTVRP_LAYERED_CONT_FIX,25287.0,2,1,0.0024,2,2,1,131,1.32323,,0,0,0,0,,,,,
Instances/Instances 1/kroE100_06.gt,99,5000.0,86400.0,PTVRP_LAYERED_CONT_FIX,24552.0,1,1,0.0023,1,1,1,99,1.0,,0,0,0,0,,,,,
Instances/Instances 1/kroE100_07.gt,99,10000.0,86400.0,PTVRP_LAYERED_CONT_FIX,24552.0,1,1,0.0023,1,1,1,99,1.0,,0,0,0,0,,,,,
Instances/Instances 1/kroE100_08.gt,99,20000.0,86400.0,PTVRP_LAYERED_CONT_FIX,24552.0,1,1,0.0024,1,1,1,99,1.0,,0,0,0,0,,,,,
Instances/Instances 1/kroE100_09.gt,99,50000.0,86400.0,PTVRP_LAYERED_CONT_FIX,24552.0,1,1,0.0023,1,1,1,99,1.0,,0,0,0,0,,,,,
Instances/Instances 1/kroE100_10.gt,99,100000.0,86400.0,PTVRP_LAYERED_CONT_FIX,24552.0,1,1,0.0025,1,1,1,99,1.0,,0,0,0,0,,,,,
Instances/Instances 1/kz9976_01.gt,9975,100.0,86400.0,PTVRP_LAYERED_CONT_FIX,53922029.0,1712,5,0.0233,2525,15,6,71170,7.13484,,0,0,82441,0,,,,,
Instances/Instances 1/kz9976_02.gt,9975,200.0,86400.0,PTVRP_LAYERED_CONT_FIX,26996117.0,1048,4,0.0188,1268,11,5,59426,5.95749,,0,0,106799,0,,,,,
Instances/Instances 1/kz9976_03.gt,9975,500.0,86400.0,PTVRP_LAYERED_CONT_FIX,11392172.0,517,2,0.0151,512,7,4,44634,4.47459,,0,0,112217,0,,,,,
Instances/Instances 1/kz9976_04.gt,9975,1000.0,86400.0,PTVRP_LAYERED_CONT_FIX,6041162.0,260,1,0.0126,253,5,2,34414,3.45003,,0,0,97540,0,,,,,
Instances/Instances 1/kz9976_05.gt,9975,2000.0,86400.0,PTVRP_LAYERED_CONT_FIX,3572025.0,133,1,0.0112,129,4,1,26504,2.65704,,0,0,79731,0,,,,,
Instances/Instances 1/kz9976_06.gt,9975,5000.0,86400.0,PTVRP_LAYERED_CONT_FIX,2020775.0,52,1,0.0116,51,2,1,19198,1.92461,,0,0,106820,0,,,,,
Instances/Instances 1/kz9976_07.gt,9975,10000.0,86400.0,PTVRP_LAYERED_CONT_FIX,1523406.0,27,1,0.0094,26,2,1,11385,1.14135,,0,0,6978,0,,,,,
Instances/Instances 1/kz9976_08.gt,9975,20000.0,86400.0,PTVRP_LAYERED_CONT_FIX,1339347.0,18,1,0.0092,13,1,1,9975,1.0,,0,0,92711,0,,,,,
Instances/Instances 1/kz9976_09.gt,9975,50000.0,86400.0,PTVRP_LAYERED_CONT_FIX,1338578.0,18,1,0.0092,6,1,1,9975,1.0,,0,0,116096,0,,,,,
Instances/Instances 1/kz9976_10.gt,9975,100000.0,86400.0,PTVRP_LAYERED_CONT_FIX,1338578.0,18,1,0.0095,3,1,1,9975,1.0,,0,0,116096,0,,,,,
Instances/Instances 1/lin105_01.gt,104,100.0,86400.0,PTVRP_LAYERED_CONT_FIX,60512.0,31,2,0.0026,28,14,2,1056,10.1538,,0,0,81,0,,,,,
Instances/Instances 1/lin105_02.gt,104,200.0,86400.0,PTVRP_LAYERED_CONT_FIX,38095.0,15,2,0.0026,14,10,2,644,6.19231,,0,0,36,0,,,,,
Instances/Instances 1/lin105_03.gt,104,500.0,86400.0,PTVRP_LAYERED_CONT_FIX,21949.0,6,1,0.0024,5,5,1,316,3.03846,,0,0,0,0,,,,,
Instances/Instances 1/lin105_04.gt,104,1000.0,86400.0,PTVRP_LAYERED_CONT_FIX,18166.0,4,1,0.0023,3,3,1,196,1.88462,,0,0,0,0,,,,,
Instances/Instances 1/lin105_05.gt,104,2000.0,86400.0,PTVRP_LAYERED_CONT_FIX,17033.0,2,1,0.0026,2,2,1,127,1.22115,,0,0,0,0,,,,,
Instances/Instances 1/lin105_06.gt,104,5000.0,86400.0,PTVRP_LAYERED_CONT_FIX,17033.0,2,1,0.0024,1,1,1,104,1.0,,0,0,0,0,,,,,
Instances/Instances 1/lin105_07.gt,104,10000.0,86400.0,PTVRP_LAYERED_CONT_FIX,17033.0,2,1,0.0023,1,1,1,104,1.0,,0,0,0,0,,,,,
Instances/Instances 1/lin105_08.gt,104,20000.0,86400.0,PTVRP_LAYERED_CONT_FIX,17033.0,2,1,0.0025,1,1,1,104,1.0,,0,0,0,0,,,,,
Instances/Instances 1/lin105_09.gt,104,50000.0,86400.0,PTVRP_LAYERED_CONT_FIX,17033.0,2,1,0.0023,1,1,1,104,1.0,,0,0,0,0,,,,,
Instances/Instances 1/lin105_10.gt,104,100000.0,86400.0,PTVRP_LAYERED_CONT_FIX,17033.0,2,1,0.0024,1,1,1,104,1.0,,0,0,0,0,,,,,
Instances/Instances 1/lin318_01.gt,317,100.0,86400.0,PTVRP_LAYERED_CONT_FIX,270492.0,77,2,0.0031,82,14,3,3573,11.2713,,0,0,586,0,,,,,
Instances/Instances 1/lin318_02.gt,317,200.0,86400.0,PTVRP_LAYERED_CONT_FIX,144461.0,42,1,0.0028,38,10,2,2386,7.52681,,0,0,286,0,,,,,
Instances/Instances 1/lin318_03.gt,317,500.0,86400.0,PTVRP_LAYERED_CONT_FIX,82401.0,19,1,0.0028,17,6,1,1526,4.81388,,0,0,112,0,,,,,
Instances/Instances 1/lin318_04.gt,317,1000.0,86400.0,PTVRP_LAYERED_CONT_FIX,60046.0,10,1,0.0026,8,4,1,1024,3.23028,,0,0,6,0,,,,,
Instances/Instances 1/lin318_05.gt,317,2000.0,86400.0,PTVRP_LAYERED_CONT_FIX,51204.0,5,1,0.0026,4,3,1,711,2.2429,,0,0,0,0,,,,,
Instances/Instances 1/lin318_06.gt,317,5000.0,86400.0,PTVRP_LAYERED_CONT_FIX,46049.0,2,1,0.0026,2,2,1,436,1.37539,,0,0,0,0,,,,,
Instances/Instances 1/lin318_07.gt,317,10000.0,86400.0,PTVRP_LAYERED_CONT_FIX,46049.0,2,1,0.0026,1,1,1,317,1.0,,0,0,0,0,,,,,
Instances/Instances 1/lin318_08.gt,317,20000.0,86400.0,PTVRP_LAYERED_CONT_FIX,46049.0,2,1,0.0025,1,1,1,317,1.0,,0,0,0,0,,,,,
Instances/Instances 1/lin318_09.gt,317,50000.0,86400.0,PTVRP_LAYERED_CONT_FIX,46049.0,2,1,0.0026,1,1,1,317,1.0,,0,0,0,0,,,,,
Instances/Instances 1/lin318_10.gt,317,100000.0,86400.0,PTVRP_LAYERED_CONT_FIX,46049.0,2,1,0.0027,1,1,1,317,1.0,,0,0,0,0,,,,,
Instances/Instances 1/linhp318_01.gt,317,100.0,86400.0,PTVRP_LAYERED_CONT_FIX,281713.0,86,2,0.0032,84,15,4,3637,11.4732,,0,0,537,0,,,,,
Instances/Instances 1/linhp318_02.gt,317,200.0,86400.0,PTVRP_LAYERED_CONT_FIX,153902.0,46,1,0.0029,42,10,2,2533,7.99054,,0,0,268,0,,,,,
Instances/Instances 1/linhp318_03.gt,317,500.0,86400.0,PTVRP_LAYERED_CONT_FIX,84379.0,21,1,0.0026,17,6,1,1619,5.10726,,0,0,160,0,,,,,
Instances/Instances 1/linhp318_04.gt,317,1000.0,86400.0,PTVRP_LAYERED_CONT_FIX,60788.0,11,1,0.0024,8,4,1,1034,3.26183,,0,0,0,0,,,,,
Instances/Instances 1/linhp318_05.gt,317,2000.0,86400.0,PTVRP_LAYERED_CONT_FIX,49996.0,5,1,0.0024,4,3,1,713,2.24921,,0,0,0,0,,,,,
Instances/Instances 1/linhp318_06.gt,317,5000.0,86400.0,PTVRP_LAYERED_CONT_FIX,46168.0,2,1,0.0025,2,2,1,434,1.36909,,0,0,0,0,,,,,
Instances/Instances 1/linhp318_07.gt,317,10000.0,86400.0,PTVRP_LAYERED_CONT_FIX,46168.0,2,1,0.0023,1,1,1,317,1.0,,0,0,0,0,,,,,
Instances/Instances 1/linhp318_08.gt,317,20000.0,86400.0,PTVRP_LAYERED_CONT_FIX,46168.0,2,1,0.0029,1,1,1,317,1.0,,0,0,0,0,,,,,
Instances/Instances 1/linhp318_09.gt,317,50000.0,86400.0,PTVRP_LAYERED_CONT_FIX,46168.0,2,1,0.0024,1,1,1,317,1.0,,0,0,0,0,,,,,
Instances/Instances 1/linhp318_10.gt,317,100000.0,86400.0,PTVRP_LAYERED_CONT_FIX,46168.0,2,1,0.0023,1,1,1,317,1.0,,0,0,0,0,,,,,
Instances/Instances 1/lu980_01.gt,979,100.0,86400.0,PTVRP_LAYERED_CONT_FIX,136841.0,205,3,0.006,258,47,4,37737,38.5465,,0,0,3389,0,,,,,
Instances/Instances 1/lu980_02.gt,979,200.0,86400.0,PTVRP_LAYERED_CONT_FIX,68580.0,127,2,0.0048,122,31,3,25077,25.6149,,0,0,1632,0,,,,,
Instances/Instances 1/lu980_03.gt,979,500.0,86400.0,PTVRP_LAYERED_CONT_FIX,34251.0,54,1,0.0037,51,20,1,15102,15.4259,,0,0,685,0,,,,,
Instances/Instances 1/lu980_04.gt,979,1000.0,86400.0,PTVRP_LAYERED_CONT_FIX,22180.0,27,1,0.0033,26,14,1,9774,9.98366,,0,0,56,0,,,,,
Instances/Instances 1/lu980_05.gt,979,2000.0,86400.0,PTVRP_LAYERED_CONT_FIX,16388.0,15,1,0.0031,13,10,1,6208,6.34116,,0,0,62,0,,,,,
Instances/Instances 1/lu980_06.gt,979,5000.0,86400.0,PTVRP_LAYERED_CONT_FIX,13150.0,6,1,0.0028,5,5,1,2959,3.02247,,0,0,0,0,,,,,
Instances/Instances 1/lu980_07.gt,979,10000.0,86400.0,PTVRP_LAYERED_CONT_FIX,12225.0,3,1,0.0028,3,3,1,1723,1.75996,,0,0,0,0,,,,,
Instances/Instances 1/lu980_08.gt,979,20000.0,86400.0,PTVRP_LAYERED_CONT_FIX,11920.0,2,1,0.0026,2,2,1,1161,1.1859,,0,0,0,0,,,,,
Instances/Instances 1/lu980_09.gt,979,50000.0,86400.0,PTVRP_LAYERED_CONT_FIX,11919.0,1,1,0.0027,1,1,1,979,1.0,,0,0,0,0,,,,,
Instances/Instances 1/lu980_10.gt,979,100000.0,86400.0,PTVRP_LAYERED_CONT_FIX,11919.0,1,1,0.0026,1,1,1,979,1.0,,0,0,0,0,,,,,
Instances/Instances 1/mo14185_01.gt,14184,100.0,86400.0,PTVRP_LAYERED_CONT_FIX,19646765.0,1993,6,0.0402,3631,29,9,267466,18.8569,,0,0,219603,0,,,,,
Instances/Instances 1/mo14185_02.gt,14184,200.0,86400.0,PTVRP_LAYERED_CONT_FIX,9961714.0,1434,4,0.035,1815,21,6,210744,14.8579,,1,0,224055,0,,,,,
Instances/Instances 1/mo14185_03.gt,14184,500.0,86400.0,PTVRP_LAYERED_CONT_FIX,4148566.0,723,2,0.0262,722,14,3,146334,10.3168,,0,0,132650,0,,,,,
Instances/Instances 1/mo14185_04.gt,14184,1000.0,86400.0,PTVRP_LAYERED_CONT_FIX,2271048.0,372,1,0.0212,364,10,3,109196,7.69853,,0,0,66037,0,,,,,
Instances/Instances 1/mo14185_05.gt,14184,2000.0,86400.0,PTVRP_LAYERED_CONT_FIX,1342638.0,189,1,0.0184,183,7,2,79698,5.61887,,0,0,30975,0,,,,,
Instances/Instances 1/mo14185_06.gt,14184,5000.0,86400.0,PTVRP_LAYERED_CONT_FIX,784414.0,75,1,0.015,73,4,1,51556,3.6348,,0,0,6986,0,,,,,
Instances/Instances 1/mo14185_07.gt,14184,10000.0,86400.0,PTVRP_LAYERED_CONT_FIX,603241.0,40,1,0.0133,37,3,1,37467,2.6415,,0,0,2118,0,,,,,
Instances/Instances 1/mo14185_08.gt,14184,20000.0,86400.0,PTVRP_LAYERED_CONT_FIX,514688.0,20,1,0.0146,19,2,1,27585,1.9448,,0,0,5246,0,,,,,
Instances/Instances 1/mo14185_09.gt,14184,50000.0,86400.0,PTVRP_LAYERED_CONT_FIX,463398.0,9,1,0.012,8,1,1,14184,1.0,,0,0,0,0,,,,,
Instances/Instances 1/mo14185_10.gt,14184,100000.0,86400.0,PTVRP_LAYERED_CONT_FIX,455029.0,7,1,0.0137,4,1,1,14184,1.0,,0,0,38423,0,,,,,
Instances/Instances 1/mu1979_01.gt,1978,100.0,86400.0,PTVRP_LAYERED_CONT_FIX,2177670.0,311,7,0.0083,497,31,7,39433,19.9358,,0,0,18031,0,,,,,
Instances/Instances 1/mu1979_02.gt,1978,200.0,86400.0,PTVRP_LAYERED_CONT_FIX,1127695.0,231,4,0.0073,255,23,6,29801,15.0662,,1,0,15894,0,,,,,
Instances/Instances 1/mu1979_03.gt,1978,500.0,86400.0,PTVRP_LAYERED_CONT_FIX,503808.0,107,2,0.0053,103,14,4,19689,9.95399,,0,0,9036,0,,,,,
Instances/Instances 1/mu1979_04.gt,1978,1000.0,86400.0,PTVRP_LAYERED_CONT_FIX,281013.0,52,1,0.0073,50,9,2,13612,6.8817,,0,0,3658,0,,,,,
Instances/Instances 1/mu1979_05.gt,1978,2000.0,86400.0,PTVRP_LAYERED_CONT_FIX,185137.0,27,1,0.0042,26,7,2,9831,4.97017,,0,0,963,0,,,,,
Instances/Instances 1/mu1979_06.gt,1978,5000.0,86400.0,PTVRP_LAYERED_CONT_FIX,125279.0,12,1,0.006,11,4,1,6272,3.17088,,0,0,326,0,,,,,
Instances/Instances 1/mu1979_07.gt,1978,10000.0,86400.0,PTVRP_LAYERED_CONT_FIX,109386.0,6,1,0.0036,5,3,1,4509,2.27958,,0,0,37,0,,,,,
Instances/Instances 1/mu1979_08.gt,1978,20000.0,86400.0,PTVRP_LAYERED_CONT_FIX,101983.0,4,1,0.0055,3,2,1,3167,1.60111,,0,0,142,0,,,,,
Instances/Instances 1/mu1979_09.gt,1978,50000.0,86400.0,PTVRP_LAYERED_CONT_FIX,101151.0,2,1,0.0034,2,1,1,1978,1.0,,0,0,0,0,,,,,
Instances/Instances 1/mu1979_10.gt,1978,100000.0,86400.0,PTVRP_LAYERED_CONT_FIX,101151.0,2,1,0.0032,1,1,1,1978,1.0,,0,0,5,0,,,,,
Instances/Instances 1/nrw1379_01.gt,1378,100.0,86400.0,PTVRP_LAYERED_CONT_FIX,626327.0,300,3,0.007,349,25,5,28015,20.3302,,0,0,4142,0,,,,,
Instances/Instances 1/nrw1379_02.gt,1378,200.0,86400.0,PTVRP_LAYERED_CONT_FIX,331275.0,184,2,0.0052,175,18,3,20163,14.6321,,0,0,2328,0,,,,,
Instances/Instances 1/nrw1379_03.gt,1378,500.0,86400.0,PTVRP_LAYERED_CONT_FIX,165379.0,75,1,0.0042,72,11,2,12950,9.39768,,0,0,1168,0,,,,,
Instances/Instances 1/nrw1379_04.gt,1378,1000.0,86400.0,PTVRP_LAYERED_CONT_FIX,108128.0,39,1,0.0043,36,8,1,8950,6.49492,,0,0,497,0,,,,,
Instances/Instances 1/nrw1379_05.gt,1378,2000.0,86400.0,PTVRP_LAYERED_CONT_FIX,80183.0,20,1,0.0035,18,6,1,6205,4.5029,,0,0,319,0,,,,,
Instances/Instances 1/nrw1379_06.gt,1378,5000.0,86400.0,PTVRP_LAYERED_CONT_FIX,64536.0,10,1,0.0038,7,3,1,3569,2.58999,,0,0,0,0,,,,,
Instances/Instances 1/nrw1379_07.gt,1378,10000.0,86400.0,PTVRP_LAYERED_CONT_FIX,60155.0,5,1,0.0032,4,2,1,2354,1.70827,,0,0,0,0,,,,,
Instances/Instances 1/nrw1379_08.gt,1378,20000.0,86400.0,PTVRP_LAYERED_CONT_FIX,59232.0,3,1,0.0034,2,2,1,1990,1.44412,,0,0,0,0,,,,,
Instances/Instances 1/nrw1379_09.gt,1378,50000.0,86400.0,PTVRP_LAYERED_CONT_FIX,58840.0,2,1,0.003,1,1,1,1378,1.0,,0,0,0,0,,,,,
Instances/Instances 1/nrw1379_10.gt,1378,100000.0,86400.0,PTVRP_LAYERED_CONT_FIX,58840.0,2,1,0.003,1,1,1,1378,1.0,,0,0,0,0,,,,,
Instances/Instances 1/nu3496_01.gt,3495,100.0,86400.0,PTVRP_LAYERED_CONT_FIX,2096506.0,618,5,0.014,887,34,8,86354,24.7079,,0,0,29916,0,,,,,
Instances/Instances 1/nu3496_02.gt,3495,200.0,86400.0,PTVRP_LAYERED_CONT_FIX,1083302.0,412,3,0.0109,442,26,4,62882,17.992,,0,0,20574,0,,,,,
Instances/Instances 1/nu3496_03.gt,3495,500.0,86400.0,PTVRP_LAYERED_CONT_FIX,477097.0,185,1,0.0085,176,16,2,40554,11.6034,,0,0,10056,0,,,,,
Instances/Instances 1/nu3496_04.gt,3495,1000.0,86400.0,PTVRP_LAYERED_CONT_FIX,283052.0,94,1,0.0069,89,11,1,28953,8.28412,,0,0,4357,0,,,,,
Instances/Instances 1/nu3496_05.gt,3495,2000.0,86400.0,PTVRP_LAYERED_CONT_FIX,187401.0,48,1,0.0061,45,8,1,20276,5.80143,,0,0,2883,0,,,,,
Instances/Instances 1/nu3496_06.gt,3495,5000.0,86400.0,PTVRP_LAYERED_CONT_FIX,127127.0,20,1,0.0051,18,5,1,12221,3.49671,,0,0,763,0,,,,,
Instances/Instances 1/nu3496_07.gt,3495,10000.0,86400.0,PTVRP_LAYERED_CONT_FIX,110055.0,11,1,0.0047,9,3,1,8605,2.46209,,0,0,136,0,,,,,
Instances/Instances 1/nu3496_08.gt,3495,20000.0,86400.0,PTVRP_LAYERED_CONT_FIX,100794.0,6,1,0.0043,5,2,1,6194,1.77225,,0,0,0,0,,,,,
Instances/Instances 1/nu3496_09.gt,3495,50000.0,86400.0,PTVRP_LAYERED_CONT_FIX,97414.0,2,1,0.0041,2,1,1,3495,1.0,,0,0,0,0,,,,,
Instances/Instances 1/nu3496_10.gt,3495,100000.0,86400.0,PTVRP_LAYERED_CONT_FIX,97408.0,2,1,0.004,1,1,1,3495,1.0,,0,0,62,0,,,,,
Instances/Instances 1/p654_01.gt,653,100.0,86400.0,PTVRP_LAYERED_CONT_FIX,894357.0,92,6,0.0036,166,22,8,10586,16.2113,,0,0,8313,0,,,,,
Instances/Instances 1/p654_02.gt,653,200.0,86400.0,PTVRP_LAYERED_CONT_FIX,444127.0,71,2,0.0033,80,17,5,7747,11.8637,,0,0,5438,0,,,,,
Instances/Instances 1/p654_03.gt,653,500.0,86400.0,PTVRP_LAYERED_CONT_FIX,207237.0,33,2,0.0041,35,11,3,5127,7.85145,,0,0,2610,0,,,,,
Instances/Instances 1/p654_04.gt,653,1000.0,86400.0,PTVRP_LAYERED_CONT_FIX,116082.0,18,1,0.0029,17,8,2,3312,5.07198,,0,0,1002,0,,,,,
Instances/Instances 1/p654_05.gt,653,2000.0,86400.0,PTVRP_LAYERED_CONT_FIX,74787.0,9,1,0.0032,9,5,1,2199,3.36753,,0,0,208,0,,,,,
Instances/Instances 1/p654_06.gt,653,5000.0,86400.0,PTVRP_LAYERED_CONT_FIX,47469.0,4,1,0.0028,4,3,1,1402,2.14701,,0,0,3,0,,,,,
Instances/Instances 1/p654_07.gt,653,10000.0,86400.0,PTVRP_LAYERED_CONT_FIX,40143.0,2,1,0.0029,2,2,1,937,1.43492,,0,0,0,0,,,,,
Instances/Instances 1/p654_08.gt,653,20000.0,86400.0,PTVRP_LAYERED_CONT_FIX,39899.0,1,1,0.0026,1,1,1,653,1.0,,0,0,0,0,,,,,
Instances/Instances 1/p654_09.gt,653,50000.0,86400.0,PTVRP_LAYERED_CONT_FIX,39899.0,1,1,0.0034,1,1,1,653,1.0,,0,0,0,0,,,,,
Instances/Instances 1/p654_10.gt,653,100000.0,86400.0,PTVRP_LAYERED_CONT_FIX,39899.0,1,1,0.0025,1,1,1,653,1.0,,0,0,0,0,,,,,
Instances/Instances 1/pcb1173_01.gt,1172,100.0,86400.0,PTVRP_LAYERED_CONT_FIX,614012.0,264,3,0.0061,300,22,4,22055,18.8183,,0,0,3769,0,,,,,
Instances/Instances 1/pcb1173_02.gt,1172,200.0,86400.0,PTVRP_LAYERED_CONT_FIX,329516.0,155,2,0.0048,149,16,2,15679,13.378,,0,0,2216,0,,,,,
Instances/Instances 1/pcb1173_03.gt,1172,500.0,86400.0,PTVRP_LAYERED_CONT_FIX,160266.0,64,1,0.0047,60,10,2,9894,8.44198,,0,0,686,0,,,,,
Instances/Instances 1/pcb1173_04.gt,1172,1000.0,86400.0,PTVRP_LAYERED_CONT_FIX,104941.0,32,1,0.0036,30,7,1,6853,5.84727,,0,0,328,0,,,,,
Instances/Instances 1/pcb1173_05.gt,1172,2000.0,86400.0,PTVRP_LAYERED_CONT_FIX,78742.0,18,1,0.0035,15,5,1,4944,4.21843,,0,0,408,0,,,,,
Instances/Instances 1/pcb1173_06.gt,1172,5000.0,86400.0,PTVRP_LAYERED_CONT_FIX,64331.0,7,1,0.0031,6,3,1,2920,2.49147,,0,0,0,0,,,,,
Instances/Instances 1/pcb1173_07.gt,1172,10000.0,86400.0,PTVRP_LAYERED_CONT_FIX,61295.0,4,1,0.0032,3,2,1,1965,1.67662,,0,0,0,0,,,,,
Instances/Instances 1/pcb1173_08.gt,1172,20000.0,86400.0,PTVRP_LAYERED_CONT_FIX,59749.0,2,1,0.003,2,2,1,1550,1.32253,,0,0,0,0,,,,,
Instances/Instances 1/pcb1173_09.gt,1172,50000.0,86400.0,PTVRP_LAYERED_CONT_FIX,59707.0,1,1,0.0031,1,1,1,1172,1.0,,0,0,0,0,,,,,
Instances/Instances 1/pcb1173_10.gt,1172,100000.0,86400.0,PTVRP_LAYERED_CONT_FIX,59707.0,1,1,0.0029,1,1,1,1172,1.0,,0,0,0,0,,,,,
Instances/Instances 1/pcb3038_01.gt,3037,100.0,86400.0,PTVRP_LAYERED_CONT_FIX,2291713.0,574,4,0.0103,773,23,5,56184,18.4998,,0,0,17533,0,,,,,
Instances/Instances 1/pcb3038_02.gt,3037,200.0,86400.0,PTVRP_LAYERED_CONT_FIX,1201573.0,382,2,0.0092,386,16,3,41295,13.5973,,0,0,11145,0,,,,,
Instances/Instances 1/pcb3038_03.gt,3037,500.0,86400.0,PTVRP_LAYERED_CONT_FIX,544419.0,162,1,0.0065,155,10,2,26831,8.83471,,0,0,4711,0,,,,,
Instances/Instances 1/pcb3038_04.gt,3037,1000.0,86400.0,PTVRP_LAYERED_CONT_FIX,333787.0,82,1,0.0055,78,7,1,19685,6.48173,,0,0,3520,0,,,,,
Instances/Instances 1/pcb3038_05.gt,3037,2000.0,86400.0,PTVRP_LAYERED_CONT_FIX,230461.0,42,1,0.0057,39,5,1,14256,4.69411,,0,0,1578,0,,,,,
Instances/Instances 1/pcb3038_06.gt,3037,5000.0,86400.0,PTVRP_LAYERED_CONT_FIX,171682.0,18,1,0.0046,16,3,1,8517,2.80441,,0,0,0,0,,,,,
Instances/Instances 1/pcb3038_07.gt,3037,10000.0,86400.0,PTVRP_LAYERED_CONT_FIX,152925.0,10,1,0.0045,8,2,1,5683,1.87125,,0,0,0,0,,,,,
Instances/Instances 1/pcb3038_08.gt,3037,20000.0,86400.0,PTVRP_LAYERED_CONT_FIX,144169.0,5,1,0.0042,4,2,1,5272,1.73592,,0,0,16,0,,,,,
Instances/Instances 1/pcb3038_09.gt,3037,50000.0,86400.0,PTVRP_LAYERED_CONT_FIX,142509.0,3,1,0.0046,2,1,1,3037,1.0,,0,0,91,0,,,,,
Instances/Instances 1/pcb3038_10.gt,3037,100000.0,86400.0,PTVRP_LAYERED_CONT_FIX,142509.0,3,1,0.004,1,1,1,3037,1.0,,0,0,91,0,,,,,
Instances/Instances 1/pcb442_01.gt,441,100.0,86400.0,PTVRP_LAYERED_CONT_FIX,343207.0,112,3,0.0036,108,14,3,5110,11.5873,,0,0,709,0,,,,,
Instances/Instances 1/pcb442_02.gt,441,200.0,86400.0,PTVRP_LAYERED_CONT_FIX,195366.0,59,2,0.0029,56,10,2,3748,8.49887,,0,0,407,0,,,,,
Instances/Instances 1/pcb442_03.gt,441,500.0,86400.0,PTVRP_LAYERED_CONT_FIX,103872.0,25,1,0.0028,23,6,1,2309,5.23583,,0,0,162,0,,,,,
Instances/Instances 1/pcb442_04.gt,441,1000.0,86400.0,PTVRP_LAYERED_CONT_FIX,76065.0,12,1,0.0028,11,4,1,1525,3.45805,,0,0,0,0,,,,,
Instances/Instances 1/pcb442_05.gt,441,2000.0,86400.0,PTVRP_LAYERED_CONT_FIX,62444.0,7,1,0.0027,6,3,1,1084,2.45805,,0,0,0,0,,,,,
Instances/Instances 1/pcb442_06.gt,441,5000.0,86400.0,PTVRP_LAYERED_CONT_FIX,56982.0,3,1,0.0025,3,2,1,694,1.5737,,0,0,0,0,,,,,
Instances/Instances 1/pcb442_07.gt,441,10000.0,86400.0,PTVRP_LAYERED_CONT_FIX,55551.0,2,1,0.0024,2,1,1,441,1.0,,0,0,0,0,,,,,
Instances/Instances 1/pcb442_08.gt,441,20000.0,86400.0,PTVRP_LAYERED_CONT_FIX,55035.0,1,1,0.0024,1,1,1,441,1.0,,0,0,0,0,,,,,
Instances/Instances 1/pcb442_09.gt,441,50000.0,86400.0,PTVRP_LAYERED_CONT_FIX,55035.0,1,1,0.0023,1,1,1,441,1.0,,0,0,0,0,,,,,
Instances/Instances 1/pcb442_10.gt,441,100000.0,86400.0,PTVRP_LAYERED_CONT_FIX,55035.0,1,1,0.0025,1,1,1,441,1.0,,0,0,0,0,,,,,
Instances/Instances 1/pm8079_01.gt,8078,100.0,86400.0,PTVRP_LAYERED_CONT_FIX,4492596.0,1214,7,0.0302,2069,47,9,264866,32.7886,,0,0,118026,0,,,,,
Instances/Instances 1/pm8079_02.gt,8078,200.0,86400.0,PTVRP_LAYERED_CONT_FIX,2293687.0,830,5,0.0243,1038,33,5,197723,24.4767,,0,0,94157,0,,,,,
Instances/Instances 1/pm8079_03.gt,8078,500.0,86400.0,PTVRP_LAYERED_CONT_FIX,959042.0,417,2,0.0177,409,20,3,129080,15.9792,,0,0,44903,0,,,,,
Instances/Instances 1/pm8079_04.gt,8078,1000.0,86400.0,PTVRP_LAYERED_CONT_FIX,531809.0,212,1,0.0139,206,14,2,92931,11.5042,,0,0,22853,0,,,,,
Instances/Instances 1/pm8079_05.gt,8078,2000.0,86400.0,PTVRP_LAYERED_CONT_FIX,318227.0,107,1,0.0117,103,10,1,66278,8.20475,,0,0,11170,0,,,,,
Instances/Instances 1/pm8079_06.gt,8078,5000.0,86400.0,PTVRP_LAYERED_CONT_FIX,192355.0,45,1,0.0098,42,6,1,41201,5.1004,,0,0,2315,0,,,,,
Instances/Instances 1/pm8079_07.gt,8078,10000.0,86400.0,PTVRP_LAYERED_CONT_FIX,151902.0,22,1,0.0086,21,4,1,28596,3.53999,,0,0,1893,0,,,,,
Instances/Instances 1/pm8079_08.gt,8078,20000.0,86400.0,PTVRP_LAYERED_CONT_FIX,132448.0,12,1,0.0079,11,3,1,20474,2.53454,,0,0,439,0,,,,,
Instances/Instances 1/pm8079_09.gt,8078,50000.0,86400.0,PTVRP_LAYERED_CONT_FIX,119944.0,5,1,0.0077,5,2,1,14213,1.75947,,0,0,0,0,,,,,
Instances/Instances 1/pm8079_10.gt,8078,100000.0,86400.0,PTVRP_LAYERED_CONT_FIX,116736.0,3,1,0.007,3,1,1,8078,1.0,,0,0,0,0,,,,,
Instances/Instances 1/pr1002_01.gt,1001,100.0,86400.0,PTVRP_LAYERED_CONT_FIX,2942522.0,220,3,0.0044,264,10,4,7289,7.28172,,0,0,3989,0,,,,,
Instances/Instances 1/pr1002_02.gt,1001,200.0,86400.0,PTVRP_LAYERED_CONT_FIX,1484090.0,130,2,0.0038,126,7,2,5411,5.40559,,0,0,2985,0,,,,,
Instances/Instances 1/pr1002_03.gt,1001,500.0,86400.0,PTVRP_LAYERED_CONT_FIX,747933.0,57,1,0.0032,53,5,1,3748,3.74426,,0,0,1951,0,,,,,
Instances/Instances 1/pr1002_04.gt,1001,1000.0,86400.0,PTVRP_LAYERED_CONT_FIX,482853.0,28,1,0.003,26,3,1,2766,2.76324,,0,0,1342,0,,,,,
Instances/Instances 1/pr1002_05.gt,1001,2000.0,86400.0,PTVRP_LAYERED_CONT_FIX,364862.0,14,1,0.0028,13,2,1,1916,1.91409,,0,0,71,0,,,,,
Instances/Instances 1/pr1002_06.gt,1001,5000.0,86400.0,PTVRP_LAYERED_CONT_FIX,296228.0,6,1,0.0028,6,1,1,1001,1.0,,0,0,0,0,,,,,
Instances/Instances 1/pr1002_07.gt,1001,10000.0,86400.0,PTVRP_LAYERED_CONT_FIX,283439.0,4,1,0.0028,3,1,1,1001,1.0,,0,0,210,0,,,,,
Instances/Instances 1/pr1002_08.gt,1001,20000.0,86400.0,PTVRP_LAYERED_CONT_FIX,283439.0,4,1,0.0029,2,1,1,1001,1.0,,0,0,210,0,,,,,
Instances/Instances 1/pr1002_09.gt,1001,50000.0,86400.0,PTVRP_LAYERED_CONT_FIX,283439.0,4,1,0.0029,1,1,1,1001,1.0,,0,0,210,0,,,,,
Instances/Instances 1/pr1002_10.gt,1001,100000.0,86400.0,PTVRP_LAYERED_CONT_FIX,283439.0,4,1,0.0028,1,1,1,1001,1.0,,0,0,210,0,,,,,
Instances/Instances 1/pr107_01.gt,106,100.0,86400.0,PTVRP_LAYERED_CONT_FIX,315817.0,29,3,0.0023,28,9,3,591,5.57547,,0,0,197,0,,,,,
Instances/Instances 1/pr107_02.gt,106,200.0,86400.0,PTVRP_LAYERED_CONT_FIX,176802.0,17,1,0.0022,14,6,2,419,3.95283,,0,0,183,0,,,,,
Instances/Instances 1/pr107_03.gt,106,500.0,86400.0,PTVRP_LAYERED_CONT_FIX,88082.0,7,1,0.0023,6,3,1,259,2.4434,,0,0,53,0,,,,,
Instances/Instances 1/pr107_04.gt,106,1000.0,86400.0,PTVRP_LAYERED_CONT_FIX,64305.0,3,1,0.0022,3,2,1,168,1.58491,,0,0,0,0,,,,,
Instances/Instances 1/pr107_05.gt,106,2000.0,86400.0,PTVRP_LAYERED_CONT_FIX,52505.0,3,1,0.0021,2,2,1,139,1.31132,,0,0,10,0,,,,,
Instances/Instances 1/pr107_06.gt,106,5000.0,86400.0,PTVRP_LAYERED_CONT_FIX,50502.0,2,1,0.0022,1,1,1,106,1.0,,0,0,0,0,,,,,
Instances/Instances 1/pr107_07.gt,106,10000.0,86400.0,PTVRP_LAYERED_CONT_FIX,50502.0,2,1,0.0022,1,1,1,106,1.0,,0,0,0,0,,,,,
Instances/Instances 1/pr107_08.gt,106,20000.0,86400.0,PTVRP_LAYERED_CONT_FIX,50502.0,2,1,0.0022,1,1,1,106,1.0,,0,0,0,0,,,,,
Instances/Instances 1/pr107_09.gt,106,50000.0,86400.0,PTVRP_LAYERED_CONT_FIX,50502.0,2,1,0.0021,1,1,1,106,1.0,,0,0,0,0,,,,,
Instances/Instances 1/pr107_10.gt,106,100000.0,86400.0,PTVRP_LAYERED_CONT_FIX,50502.0,2,1,0.0021,1,1,1,106,1.0,,0,0,0,0,,,,,
Instances/Instances 1/pr124_01.gt,123,100.0,86400.0,PTVRP_LAYERED_CONT_FIX,323864.0,30,3,0.0025,30,8,3,640,5.20325,,0,0,202,0,,,,,
Instances/Instances 1/pr124_02.gt,123,200.0,86400.0,PTVRP_LAYERED_CONT_FIX,194567.0,17,2,0.0028,16,6,2,469,3.81301,,0,0,190,0,,,,,
Instances/Instances 1/pr124_03.gt,123,500.0,86400.0,PTVRP_LAYERED_CONT_FIX,98181.0,7,1,0.0024,6,3,1,288,2.34146,,0,0,119,0,,,,,
Instances/Instances 1/pr124_04.gt,123,1000.0,86400.0,PTVRP_LAYERED_CONT_FIX,83325.0,4,1,0.0024,4,2,1,210,1.70732,,0,0,0,0,,,,,
Instances/Instances 1/pr124_05.gt,123,2000.0,86400.0,PTVRP_LAYERED_CONT_FIX,71966.0,2,1,0.0025,2,2,1,152,1.23577,,0,0,47,0,,,,,
Instances/Instances 1/pr124_06.gt,123,5000.0,86400.0,PTVRP_LAYERED_CONT_FIX,66676.0,1,1,0.0024,1,1,1,123,1.0,,0,0,0,0,,,,,
Instances/Instances 1/pr124_07.gt,123,10000.0,86400.0,PTVRP_LAYERED_CONT_FIX,66676.0,1,1,0.0024,1,1,1,123,1.0,,0,0,0,0,,,,,
Instances/Instances 1/pr124_08.gt,123,20000.0,86400.0,PTVRP_LAYERED_CONT_FIX,66676.0,1,1,0.0023,1,1,1,123,1.0,,0,0,0,0,,,,,
Instances/Instances 1/pr124_09.gt,123,50000.0,86400.0,PTVRP_LAYERED_CONT_FIX,66676.0,1,1,0.0023,1,1,1,123,1.0,,0,0,0,0,,,,,
Instances/Instances 1/pr124_10.gt,123,100000.0,86400.0,PTVRP_LAYERED_CONT_FIX,66676.0,1,1,0.0024,1,1,1,123,1.0,,0,0,0,0,,,,,
Instances/Instances 1/pr136_01.gt,135,100.0,86400.0,PTVRP_LAYERED_CONT_FIX,432084.0,38,2,0.0026,34,6,2,605,4.48148,,0,0,176,0,,,,,
Instances/Instances 1/pr136_02.gt,135,200.0,86400.0,PTVRP_LAYERED_CONT_FIX,248708.0,18,1,0.0026,17,4,1,446,3.3037,,0,0,123,0,,,,,
Instances/Instances 1/pr136_03.gt,135,500.0,86400.0,PTVRP_LAYERED_CONT_FIX,146072.0,8,1,0.0025,7,3,1,254,1.88148,,0,0,2,0,,,,,
Instances/Instances 1/pr136_04.gt,135,1000.0,86400.0,PTVRP_LAYERED_CONT_FIX,121273.0,4,1,0.0023,4,2,1,228,1.68889,,0,0,49,0,,,,,
Instances/Instances 1/pr136_05.gt,135,2000.0,86400.0,PTVRP_LAYERED_CONT_FIX,113148.0,2,1,0.0023,2,1,1,135,1.0,,0,0,0,0,,,,,
Instances/Instances 1/pr136_06.gt,135,5000.0,86400.0,PTVRP_LAYERED_CONT_FIX,107219.0,2,1,0.0023,1,1,1,135,1.0,,0,0,6,0,,,,,
Instances/Instances 1/pr136_07.gt,135,10000.0,86400.0,PTVRP_LAYERED_CONT_FIX,107219.0,2,1,0.0022,1,1,1,135,1.0,,0,0,6,0,,,,,
Instances/Instances 1/pr136_08.gt,135,20000.0,86400.0,PTVRP_LAYERED_CONT_FIX,107219.0,2,1,0.0023,1,1,1,135,1.0,,0,0,6,0,,,,,
Instances/Instances 1/pr136_09.gt,135,50000.0,86400.0,PTVRP_LAYERED_CONT_FIX,107219.0,2,1,0.0022,1,1,1,135,1.0,,0,0,6,0,,,,,
Instances/Instances 1/pr136_10.gt,135,100000.0,86400.0,PTVRP_LAYERED_CONT_FIX,107219.0,2,1,0.0022,1,1,1,135,1.0,,0,0,6,0,,,,,
Instances/Instances 1/pr144_01.gt,143,100.0,86400.0,PTVRP_LAYERED_CONT_FIX,373881.0,34,3,0.0025,36,8,4,807,5.64336,,0,0,349,0,,,,,
Instances/Instances 1/pr144_02.gt,143,200.0,86400.0,PTVRP_LAYERED_CONT_FIX,206883.0,20,1,0.0028,18,5,2,558,3.9021,,0,0,227,0,,,,,
Instances/Instances 1/pr144_03.gt,143,500.0,86400.0,PTVRP_LAYERED_CONT_FIX,115732.0,9,1,0.0024,7,3,1,361,2.52448,,0,0,45,0,,,,,
Instances/Instances 1/pr144_04.gt,143,1000.0,86400.0,PTVRP_LAYERED_CONT_FIX,82943.0,5,1,0.0024,4,2,1,250,1.74825,,0,0,0,0,,,,,
Instances/Instances 1/pr144_05.gt,143,2000.0,86400.0,PTVRP_LAYERED_CONT_FIX,71677.0,3,1,0.0024,2,2,1,207,1.44755,,0,0,142,0,,,,,
Instances/Instances 1/pr144_06.gt,143,5000.0,86400.0,PTVRP_LAYERED_CONT_FIX,68780.0,1,1,0.0022,1,1,1,143,1.0,,0,0,0,0,,,,,
Instances/Instances 1/pr144_07.gt,143,10000.0,86400.0,PTVRP_LAYERED_CONT_FIX,68780.0,1,1,0.0022,1,1,1,143,1.0,,0,0,0,0,,,,,
Instances/Instances 1/pr144_08.gt,143,20000.0,86400.0,PTVRP_LAYERED_CONT_FIX,68780.0,1,1,0.0022,1,1,1,143,1.0,,0,0,0,0,,,,,
Instances/Instances 1/pr144_09.gt,143,50000.0,86400.0,PTVRP_LAYERED_CONT_FIX,68780.0,1,1,0.0022,1,1,1,143,1.0,,0,0,0,0,,,,,
Instances/Instances 1/pr144_10.gt,143,100000.0,86400.0,PTVRP_LAYERED_CONT_FIX,68780.0,1,1,0.0021,1,1,1,143,1.0,,0,0,0,0,,,,,
Instances/Instances 1/pr152_01.gt,151,100.0,86400.0,PTVRP_LAYERED_CONT_FIX,455588.0,35,2,0.0024,39,8,4,806,5.33775,,0,0,285,0,,,,,
Instances/Instances 1/pr152_02.gt,151,200.0,86400.0,PTVRP_LAYERED_CONT_FIX,250170.0,21,1,0.0024,18,5,2,577,3.82119,,0,0,258,0,,,,,
Instances/Instances 1/pr152_03.gt,151,500.0,86400.0,PTVRP_LAYERED_CONT_FIX,144000.0,9,1,0.0022,8,3,1,388,2.56954,,0,0,75,0,,,,,
Instances/Instances 1/pr152_04.gt,151,1000.0,86400.0,PTVRP_LAYERED_CONT_FIX,103893.0,5,1,0.0023,4,2,1,255,1.68874,,0,0,4,0,,,,,
Instances/Instances 1/pr152_05.gt,151,2000.0,86400.0,PTVRP_LAYERED_CONT_FIX,89575.0,2,1,0.0022,2,2,1,178,1.17881,,0,0,54,0,,,,,
Instances/Instances 1/pr152_06.gt,151,5000.0,86400.0,PTVRP_LAYERED_CONT_FIX,89575.0,2,1,0.0022,1,1,1,151,1.0,,0,0,3,0,,,,,
Instances/Instances 1/pr152_07.gt,151,10000.0,86400.0,PTVRP_LAYERED_CONT_FIX,89575.0,2,1,0.0022,1,1,1,151,1.0,,0,0,3,0,,,,,
Instances/Instances 1/pr152_08.gt,151,20000.0,86400.0,PTVRP_LAYERED_CONT_FIX,89575.0,2,1,0.0022,1,1,1,151,1.0,,0,0,3,0,,,,,
Instances/Instances 1/pr152_09.gt,151,50000.0,86400.0,PTVRP_LAYERED_CONT_FIX,89575.0,2,1,0.0022,1,1,1,151,1.0,,0,0,3,0,,,,,
Instances/Instances 1/pr152_10.gt,151,100000.0,86400.0,PTVRP_LAYERED_CONT_FIX,89575.0,2,1,0.0021,1,1,1,151,1.0,,0,0,3,0,,,,,
Instances/Instances 1/pr226_01.gt,225,100.0,86400.0,PTVRP_LAYERED_CONT_FIX,769822.0,44,4,0.0026,56,9,4,1321,5.87111,,0,0,775,0,,,,,
Instances/Instances 1/pr226_02.gt,225,200.0,86400.0,PTVRP_LAYERED_CONT_FIX,407301.0,27,2,0.0025,28,7,2,969,4.30667,,0,0,506,0,,,,,
Instances/Instances 1/pr226_03.gt,225,500.0,86400.0,PTVRP_LAYERED_CONT_FIX,192335.0,12,1,0.0022,11,4,1,629,2.79556,,0,0,368,0,,,,,
Instances/Instances 1/pr226_04.gt,225,1000.0,86400.0,PTVRP_LAYERED_CONT_FIX,139942.0,6,1,0.0023,6,3,1,478,2.12444,,0,0,111,0,,,,,
Instances/Instances 1/pr226_05.gt,225,2000.0,86400.0,PTVRP_LAYERED_CONT_FIX,112647.0,4,1,0.0022,3,2,1,345,1.53333,,0,0,294,0,,,,,
Instances/Instances 1/pr226_06.gt,225,5000.0,86400.0,PTVRP_LAYERED_CONT_FIX,97856.0,2,1,0.0022,2,1,1,225,1.0,,0,0,0,0,,,,,
Instances/Instances 1/pr226_07.gt,225,10000.0,86400.0,PTVRP_LAYERED_CONT_FIX,97856.0,2,1,0.0023,1,1,1,225,1.0,,0,0,0,0,,,,,
Instances/Instances 1/pr226_08.gt,225,20000.0,86400.0,PTVRP_LAYERED_CONT_FIX,97856.0,2,1,0.0022,1,1,1,225,1.0,,0,0,0,0,,,,,
Instances/Instances 1/pr226_09.gt,225,50000.0,86400.0,PTVRP_LAYERED_CONT_FIX,97856.0,2,1,0.0023,1,1,1,225,1.0,,0,0,0,0,,,,,
Instances/Instances 1/pr226_10.gt,225,100000.0,86400.0,PTVRP_LAYERED_CONT_FIX,97856.0,2,1,0.0023,1,1,1,225,1.0,,0,0,0,0,,,,,
Instances/Instances 1/pr2392_01.gt,2391,100.0,86400.0,PTVRP_LAYERED_CONT_FIX,6271806.0,450,3,0.0071,591,12,5,20275,8.47972,,0,0,13898,0,,,,,
Instances/Instances 1/pr2392_02.gt,2391,200.0,86400.0,PTVRP_LAYERED_CONT_FIX,3378291.0,305,2,0.0061,305,9,3,15786,6.60226,,0,0,12400,0,,,,,
Instances/Instances 1/pr2392_03.gt,2391,500.0,86400.0,PTVRP_LAYERED_CONT_FIX,1530907.0,127,1,0.0051,122,5,2,10784,4.51025,,0,0,7049,0,,,,,
Instances/Instances 1/pr2392_04.gt,2391,1000.0,86400.0,PTVRP_LAYERED_CONT_FIX,936165.0,65,1,0.0044,61,4,1,7509,3.14053,,0,0,1669,0,,,,,
Instances/Instances 1/pr2392_05.gt,2391,2000.0,86400.0,PTVRP_LAYERED_CONT_FIX,642735.0,33,1,0.0041,31,3,1,5579,2.33333,,0,0,2573,0,,,,,
Instances/Instances 1/pr2392_06.gt,2391,5000.0,86400.0,PTVRP_LAYERED_CONT_FIX,475497.0,15,1,0.004,13,2,1,4594,1.92137,,0,0,2058,0,,,,,
Instances/Instances 1/pr2392_07.gt,2391,10000.0,86400.0,PTVRP_LAYERED_CONT_FIX,422099.0,8,1,0.0036,7,1,1,2391,1.0,,0,0,0,0,,,,,
Instances/Instances 1/pr2392_08.gt,2391,20000.0,86400.0,PTVRP_LAYERED_CONT_FIX,410093.0,6,1,0.0037,4,1,1,2391,1.0,,0,0,1063,0,,,,,
Instances/Instances 1/pr2392_09.gt,2391,50000.0,86400.0,PTVRP_LAYERED_CONT_FIX,410093.0,6,1,0.0037,2,1,1,2391,1.0,,0,0,1063,0,,,,,
Instances/Instances 1/pr2392_10.gt,2391,100000.0,86400.0,PTVRP_LAYERED_CONT_FIX,410093.0,6,1,0.0037,1,1,1,2391,1.0,,0,0,1063,0,,,,,
Instances/Instances 1/pr264_01.gt,263,100.0,86400.0,PTVRP_LAYERED_CONT_FIX,532550.0,48,3,0.0026,62,13,4,2129,8.09506,,0,0,1174,0,,,,,
Instances/Instances 1/pr264_02.gt,263,200.0,86400.0,PTVRP_LAYERED_CONT_FIX,309817.0,33,2,0.0026,35,10,3,1666,6.3346,,0,0,1011,0,,,,,
Instances/Instances 1/pr264_03.gt,263,500.0,86400.0,PTVRP_LAYERED_CONT_FIX,145078.0,15,1,0.0023,15,6,2,1070,4.06844,,0,0,513,0,,,,,
Instances/Instances 1/pr264_04.gt,263,1000.0,86400.0,PTVRP_LAYERED_CONT_FIX,93307.0,8,1,0.0024,7,4,1,720,2.73764,,0,0,114,0,,,,,
Instances/Instances 1/pr264_05.gt,263,2000.0,86400.0,PTVRP_LAYERED_CONT_FIX,66092.0,4,1,0.0024,4,3,1,470,1.78707,,0,0,84,0,,,,,
Instances/Instances 1/pr264_06.gt,263,5000.0,86400.0,PTVRP_LAYERED_CONT_FIX,53706.0,2,1,0.0023,2,2,1,326,1.23954,,0,0,127,0,,,,,
Instances/Instances 1/pr264_07.gt,263,10000.0,86400.0,PTVRP_LAYERED_CONT_FIX,50874.0,1,1,0.0022,1,1,1,263,1.0,,0,0,0,0,,,,,
Instances/Instances 1/pr264_08.gt,263,20000.0,86400.0,PTVRP_LAYERED_CONT_FIX,50874.0,1,1,0.0023,1,1,1,263,1.0,,0,0,0,0,,,,,
Instances/Instances 1/pr264_09.gt,263,50000.0,86400.0,PTVRP_LAYERED_CONT_FIX,50874.0,1,1,0.0023,1,1,1,263,1.0,,0,0,0,0,,,,,
Instances/Instances 1/pr264_10.gt,263,100000.0,86400.0,PTVRP_LAYERED_CONT_FIX,50874.0,1,1,0.0023,1,1,1,263,1.0,,0,0,0,0,,,,,
Instances/Instances 1/pr299_01.gt,298,100.0,86400.0,PTVRP_LAYERED_CONT_FIX,340299.0,61,3,0.0027,72,12,3,2841,9.53356,,0,0,622,0,,,,,
Instances/Instances 1/pr299_02.gt,298,200.0,86400.0,PTVRP_LAYERED_CONT_FIX,203569.0,42,2,0.0032,40,9,2,2126,7.13423,,0,0,365,0,,,,,
Instances/Instances 1/pr299_03.gt,298,500.0,86400.0,PTVRP_LAYERED_CONT_FIX,106423.0,17,1,0.0027,16,6,1,1304,4.37584,,0,0,25,0,,,,,
Instances/Instances 1/pr299_04.gt,298,1000.0,86400.0,PTVRP_LAYERED_CONT_FIX,73519.0,8,1,0.0025,8,4,1,874,2.93289,,0,0,105,0,,,,,
Instances/Instances 1/pr299_05.gt,298,2000.0,86400.0,PTVRP_LAYERED_CONT_FIX,60992.0,5,1,0.0025,4,3,1,623,2.0906,,0,0,156,0,,,,,
Instances/Instances 1/pr299_06.gt,298,5000.0,86400.0,PTVRP_LAYERED_CONT_FIX,54833.0,2,1,0.0023,2,2,1,401,1.34564,,0,0,0,0,,,,,
Instances/Instances 1/pr299_07.gt,298,10000.0,86400.0,PTVRP_LAYERED_CONT_FIX,54703.0,1,1,0.0023,1,1,1,298,1.0,,0,0,0,0,,,,,
Instances/Instances 1/pr299_08.gt,298,20000.0,86400.0,PTVRP_LAYERED_CONT_FIX,54703.0,1,1,0.0023,1,1,1,298,1.0,,0,0,0,0,,,,,
Instances/Instances 1/pr299_09.gt,298,50000.0,86400.0,PTVRP_LAYERED_CONT_FIX,54703.0,1,1,0.0025,1,1,1,298,1.0,,0,0,0,0,,,,,
Instances/Instances 1/pr299_10.gt,298,100000.0,86400.0,PTVRP_LAYERED_CONT_FIX,54703.0,1,1,0.0023,1,1,1,298,1.0,,0,0,0,0,,,,,
Instances/Instances 1/pr439_01.gt,438,100.0,86400.0,PTVRP_LAYERED_CONT_FIX,840706.0,98,3,0.0031,108,12,3,3615,8.25342,,0,0,1431,0,,,,,
Instances/Instances 1/pr439_02.gt,438,200.0,86400.0,PTVRP_LAYERED_CONT_FIX,491435.0,61,2,0.0028,58,9,3,2722,6.21461,,0,0,1089,0,,,,,
Instances/Instances 1/pr439_03.gt,438,500.0,86400.0,PTVRP_LAYERED_CONT_FIX,245398.0,24,1,0.0026,23,5,1,1679,3.83333,,0,0,660,0,,,,,
Instances/Instances 1/pr439_04.gt,438,1000.0,86400.0,PTVRP_LAYERED_CONT_FIX,168640.0,12,1,0.0026,11,4,1,1148,2.621,,0,0,103,0,,,,,
Instances/Instances 1/pr439_05.gt,438,2000.0,86400.0,PTVRP_LAYERED_CONT_FIX,138124.0,7,1,0.0024,6,3,1,891,2.03425,,0,0,436,0,,,,,
Instances/Instances 1/pr439_06.gt,438,5000.0,86400.0,PTVRP_LAYERED_CONT_FIX,119090.0,3,1,0.0024,3,2,1,573,1.30822,,0,0,349,0,,,,,
Instances/Instances 1/pr439_07.gt,438,10000.0,86400.0,PTVRP_LAYERED_CONT_FIX,117489.0,2,1,0.0024,2,1,1,438,1.0,,0,0,20,0,,,,,
Instances/Instances 1/pr439_08.gt,438,20000.0,86400.0,PTVRP_LAYERED_CONT_FIX,117489.0,2,1,0.0023,1,1,1,438,1.0,,0,0,20,0,,,,,
Instances/Instances 1/pr439_09.gt,438,50000.0,86400.0,PTVRP_LAYERED_CONT_FIX,117489.0,2,1,0.0024,1,1,1,438,1.0,,0,0,20,0,,,,,
Instances/Instances 1/pr439_10.gt,438,100000.0,86400.0,PTVRP_LAYERED_CONT_FIX,117489.0,2,1,0.0024,1,1,1,438,1.0,,0,0,20,0,,,,,
Instances/Instances 1/pr76_01.gt,75,100.0,86400.0,PTVRP_LAYERED_CONT_FIX,327253.0,22,2,0.0023,21,5,2,265,3.53333,,0,0,59,0,,,,,
Instances/Instances 1/pr76_02.gt,75,200.0,86400.0,PTVRP_LAYERED_CONT_FIX,200553.0,12,1,0.0023,10,3,1,179,2.38667,,0,0,36,0,,,,,
Instances/Instances 1/pr76_03.gt,75,500.0,86400.0,PTVRP_LAYERED_CONT_FIX,149322.0,5,1,0.0022,5,2,1,133,1.77333,,0,0,37,0,,,,,
Instances/Instances 1/pr76_04.gt,75,1000.0,86400.0,PTVRP_LAYERED_CONT_FIX,124689.0,2,1,0.0022,2,1,1,75,1.0,,0,0,0,0,,,,,
Instances/Instances 1/pr76_05.gt,75,2000.0,86400.0,PTVRP_LAYERED_CONT_FIX,124689.0,2,1,0.0022,2,1,1,75,1.0,,0,0,5,0,,,,,
Instances/Instances 1/pr76_06.gt,75,5000.0,86400.0,PTVRP_LAYERED_CONT_FIX,124689.0,2,1,0.0022,1,1,1,75,1.0,,0,0,5,0,,,,,
Instances/Instances 1/pr76_07.gt,75,10000.0,86400.0,PTVRP_LAYERED_CONT_FIX,124689.0,2,1,0.0023,1,1,1,75,1.0,,0,0,5,0,,,,,
Instances/Instances 1/pr76_08.gt,75,20000.0,86400.0,PTVRP_LAYERED_CONT_FIX,124689.0,2,1,0.0023,1,1,1,75,1.0,,0,0,5,0,,,,,
Instances/Instances 1/pr76_09.gt,75,50000.0,86400.0,PTVRP_LAYERED_CONT_FIX,124689.0,2,1,0.0022,1,1,1,75,1.0,,0,0,5,0,,,,,
Instances/Instances 1/pr76_10.gt,75,100000.0,86400.0,PTVRP_LAYERED_CONT_FIX,124689.0,2,1,0.0022,1,1,1,75,1.0,,0,0,5,0,,,,,
Instances/Instances 1/qa194_01.gt,193,100.0,86400.0,PTVRP_LAYERED_CONT_FIX,48026.0,52,3,0.0027,51,24,4,3409,17.6632,,0,0,196,0,,,,,
Instances/Instances 1/qa194_02.gt,193,200.0,86400.0,PTVRP_LAYERED_CONT_FIX,27409.0,28,1,0.0026,26,17,2,2044,10.5907,,0,0,59,0,,,,,
Instances/Instances 1/qa194_03.gt,193,500.0,86400.0,PTVRP_LAYERED_CONT_FIX,15625.0,11,1,0.0024,10,10,1,1040,5.3886,,0,0,1,0,,,,,
Instances/Instances 1/qa194_04.gt,193,1000.0,86400.0,PTVRP_LAYERED_CONT_FIX,12944.0,6,1,0.0023,5,5,1,568,2.94301,,0,0,0,0,,,,,
Instances/Instances 1/qa194_05.gt,193,2000.0,86400.0,PTVRP_LAYERED_CONT_FIX,11131.0,3,1,0.0023,3,3,1,371,1.92228,,0,0,0,0,,,,,
Instances/Instances 1/qa194_06.gt,193,5000.0,86400.0,PTVRP_LAYERED_CONT_FIX,10519.0,2,1,0.0022,2,2,1,201,1.04145,,0,0,0,0,,,,,
Instances/Instances 1/qa194_07.gt,193,10000.0,86400.0,PTVRP_LAYERED_CONT_FIX,10469.0,1,1,0.0024,1,1,1,193,1.0,,0,0,0,0,,,,,
Instances/Instances 1/qa194_08.gt,193,20000.0,86400.0,PTVRP_LAYERED_CONT_FIX,10469.0,1,1,0.0023,1,1,1,193,1.0,,0,0,0,0,,,,,
Instances/Instances 1/qa194_09.gt,193,50000.0,86400.0,PTVRP_LAYERED_CONT_FIX,10469.0,1,1,0.0023,1,1,1,193,1.0,,0,0,0,0,,,,,
Instances/Instances 1/qa194_10.gt,193,100000.0,86400.0,PTVRP_LAYERED_CONT_FIX,10469.0,1,1,0.0023,1,1,1,193,1.0,,0,0,0,0,,,,,
Instances/Instances 1/rat195_01.gt,194,100.0,86400.0,PTVRP_LAYERED_CONT_FIX,11847.0,54,2,0.0028,53,44,3,4949,25.5103,,0,0,32,0,,,,,
Instances/Instances 1/rat195_02.gt,194,200.0,86400.0,PTVRP_LAYERED_CONT_FIX,6561.0,28,1,0.0025,25,25,2,2448,12.6186,,0,0,0,0,,,,,
Instances/Instances 1/rat195_03.gt,194,500.0,86400.0,PTVRP_LAYERED_CONT_FIX,3777.0,11,1,0.0023,11,11,1,1109,5.71649,,0,0,0,0,,,,,
Instances/Instances 1/rat195_04.gt,194,1000.0,86400.0,PTVRP_LAYERED_CONT_FIX,2972.0,6,1,0.0023,5,5,1,583,3.00515,,0,0,0,0,,,,,
Instances/Instances 1/rat195_05.gt,194,2000.0,86400.0,PTVRP_LAYERED_CONT_FIX,2663.0,3,1,0.0022,3,3,1,353,1.81959,,0,0,0,0,,,,,
Instances/Instances 1/rat195_06.gt,194,5000.0,86400.0,PTVRP_LAYERED_CONT_FIX,2581.0,1,1,0.0023,1,1,1,194,1.0,,0,0,0,0,,,,,
Instances/Instances 1/rat195_07.gt,194,10000.0,86400.0,PTVRP_LAYERED_CONT_FIX,2581.0,1,1,0.0022,1,1,1,194,1.0,,0,0,0,0,,,,,
Instances/Instances 1/rat195_08.gt,194,20000.0,86400.0,PTVRP_LAYERED_CONT_FIX,2581.0,1,1,0.0022,1,1,1,194,1.0,,0,0,0,0,,,,,
Instances/Instances 1/rat195_09.gt,194,50000.0,86400.0,PTVRP_LAYERED_CONT_FIX,2581.0,1,1,0.0023,1,1,1,194,1.0,,0,0,0,0,,,,,
Instances/Instances 1/rat195_10.gt,194,100000.0,86400.0,PTVRP_LAYERED_CONT_FIX,2581.0,1,1,0.0022,1,1,1,194,1.0,,0,0,0,0,,,,,
Instances/Instances 1/rat575_01.gt,574,100.0,86400.0,PTVRP_LAYERED_CONT_FIX,54101.0,140,2,0.0043,150,44,3,20931,36.4652,,0,0,749,0,,,,,
Instances/Instances 1/rat575_02.gt,574,200.0,86400.0,PTVRP_LAYERED_CONT_FIX,28335.0,79,2,0.0036,73,31,2,13569,23.6394,,0,0,276,0,,,,,
Instances/Instances 1/rat575_03.gt,574,500.0,86400.0,PTVRP_LAYERED_CONT_FIX,14521.0,30,1,0.003,29,19,1,7489,13.047,,0,0,108,0,,,,,
Instances/Instances 1/rat575_04.gt,574,1000.0,86400.0,PTVRP_LAYERED_CONT_FIX,10607.0,16,1,0.0029,15,14,1,4401,7.66725,,0,0,2,0,,,,,
Instances/Instances 1/rat575_05.gt,574,2000.0,86400.0,PTVRP_LAYERED_CONT_FIX,8580.0,8,1,0.0028,8,8,1,2412,4.20209,,0,0,0,0,,,,,
Instances/Instances 1/rat575_06.gt,574,5000.0,86400.0,PTVRP_LAYERED_CONT_FIX,7591.0,3,1,0.0025,3,3,1,1114,1.94077,,0,0,0,0,,,,,
Instances/Instances 1/rat575_07.gt,574,10000.0,86400.0,PTVRP_LAYERED_CONT_FIX,7378.0,3,1,0.0025,2,2,1,761,1.32578,,0,0,0,0,,,,,
Instances/Instances 1/rat575_08.gt,574,20000.0,86400.0,PTVRP_LAYERED_CONT_FIX,7265.0,1,1,0.0026,1,1,1,574,1.0,,0,0,0,0,,,,,
Instances/Instances 1/rat575_09.gt,574,50000.0,86400.0,PTVRP_LAYERED_CONT_FIX,7265.0,1,1,0.0024,1,1,1,574,1.0,,0,0,0,0,,,,,
Instances/Instances 1/rat575_10.gt,574,100000.0,86400.0,PTVRP_LAYERED_CONT_FIX,7265.0,1,1,0.0025,1,1,1,574,1.0,,0,0,0,0,,,,,
Instances/Instances 1/rat783_01.gt,782,100.0,86400.0,PTVRP_LAYERED_CONT_FIX,81721.0,177,3,0.005,201,45,4,29980,38.3376,,0,0,1524,0,,,,,
Instances/Instances 1/rat783_02.gt,782,200.0,86400.0,PTVRP_LAYERED_CONT_FIX,42440.0,105,2,0.0041,98,31,2,20102,25.7059,,0,0,708,0,,,,,
Instances/Instances 1/rat783_03.gt,782,500.0,86400.0,PTVRP_LAYERED_CONT_FIX,22025.0,44,1,0.0035,41,20,1,11887,15.2008,,0,0,392,0,,,,,
Instances/Instances 1/rat783_04.gt,782,1000.0,86400.0,PTVRP_LAYERED_CONT_FIX,15097.0,23,1,0.0031,20,14,1,7203,9.211,,0,0,230,0,,,,,
Instances/Instances 1/rat783_05.gt,782,2000.0,86400.0,PTVRP_LAYERED_CONT_FIX,11598.0,12,1,0.0028,11,10,1,4319,5.52302,,0,0,0,0,,,,,
Instances/Instances 1/rat783_06.gt,782,5000.0,86400.0,PTVRP_LAYERED_CONT_FIX,9892.0,5,1,0.0027,4,4,1,1909,2.44118,,0,0,0,0,,,,,
Instances/Instances 1/rat783_07.gt,782,10000.0,86400.0,PTVRP_LAYERED_CONT_FIX,9552.0,3,1,0.0027,2,2,1,1178,1.50639,,0,0,0,0,,,,,
Instances/Instances 1/rat783_08.gt,782,20000.0,86400.0,PTVRP_LAYERED_CONT_FIX,9389.0,2,1,0.0032,1,1,1,782,1.0,,0,0,0,0,,,,,
Instances/Instances 1/rat783_09.gt,782,50000.0,86400.0,PTVRP_LAYERED_CONT_FIX,9389.0,2,1,0.0026,1,1,1,782,1.0,,0,0,0,0,,,,,
Instances/Instances 1/rat783_10.gt,782,100000.0,86400.0,PTVRP_LAYERED_CONT_FIX,9389.0,2,1,0.0025,1,1,1,782,1.0,,0,0,0,0,,,,,
Instances/Instances 1/rat99_01.gt,98,100.0,86400.0,PTVRP_LAYERED_CONT_FIX,4164.0,25,2,0.0025,23,23,2,1130,11.5306,,0,0,0,0,,,,,
Instances/Instances 1/rat99_02.gt,98,200.0,86400.0,PTVRP_LAYERED_CONT_FIX,2540.0,13,1,0.0023,12,12,1,623,6.35714,,0,0,0,0,,,,,
Instances/Instances 1/rat99_03.gt,98,500.0,86400.0,PTVRP_LAYERED_CONT_FIX,1744.0,6,1,0.0023,6,6,1,286,2.91837,,0,0,0,0,,,,,
Instances/Instances 1/rat99_04.gt,98,1000.0,86400.0,PTVRP_LAYERED_CONT_FIX,1497.0,3,1,0.0023,3,3,1,180,1.83673,,0,0,0,0,,,,,
Instances/Instances 1/rat99_05.gt,98,2000.0,86400.0,PTVRP_LAYERED_CONT_FIX,1399.0,2,1,0.0023,2,2,1,113,1.15306,,0,0,0,0,,,,,
Instances/Instances 1/rat99_06.gt,98,5000.0,86400.0,PTVRP_LAYERED_CONT_FIX,1395.0,1,1,0.0023,1,1,1,98,1.0,,0,0,0,0,,,,,
Instances/Instances 1/rat99_07.gt,98,10000.0,86400.0,PTVRP_LAYERED_CONT_FIX,1395.0,1,1,0.0022,1,1,1,98,1.0,,0,0,0,0,,,,,
Instances/Instances 1/rat99_08.gt,98,20000.0,86400.0,PTVRP_LAYERED_CONT_FIX,1395.0,1,1,0.0022,1,1,1,98,1.0,,0,0,0,0,,,,,
Instances/Instances 1/rat99_09.gt,98,50000.0,86400.0,PTVRP_LAYERED_CONT_FIX,1395.0,1,1,0.0023,1,1,1,98,1.0,,0,0,0,0,,,,,
Instances/Instances 1/rat99_10.gt,98,100000.0,86400.0,PTVRP_LAYERED_CONT_FIX,1395.0,1,1,0.0022,1,1,1,98,1.0,,0,0,0,0,,,,,
Instances/Instances 1/rd100_01.gt,99,100.0,86400.0,PTVRP_LAYERED_CONT_FIX,26860.0,27,1,0.0025,22,15,2,995,10.0505,,0,0,24,0,,,,,
Instances/Instances 1/rd100_02.gt,99,200.0,86400.0,PTVRP_LAYERED_CONT_FIX,17125.0,14,1,0.0025,12,11,1,640,6.46465,,0,0,5,0,,,,,
Instances/Instances 1/rd100_03.gt,99,500.0,86400.0,PTVRP_LAYERED_CONT_FIX,11463.0,6,1,0.0024,6,6,1,308,3.11111,,0,0,0,0,,,,,
Instances/Instances 1/rd100_04.gt,99,1000.0,86400.0,PTVRP_LAYERED_CONT_FIX,9816.0,4,1,0.0023,3,3,1,177,1.78788,,0,0,0,0,,,,,
Instances/Instances 1/rd100_05.gt,99,2000.0,86400.0,PTVRP_LAYERED_CONT_FIX,9356.0,3,1,0.0022,2,2,1,123,1.24242,,0,0,0,0,,,,,
Instances/Instances 1/rd100_06.gt,99,5000.0,86400.0,PTVRP_LAYERED_CONT_FIX,8967.0,2,1,0.0022,1,1,1,99,1.0,,0,0,0,0,,,,,
Instances/Instances 1/rd100_07.gt,99,10000.0,86400.0,PTVRP_LAYERED_CONT_FIX,8967.0,2,1,0.0022,1,1,1,99,1.0,,0,0,0,0,,,,,
Instances/Instances 1/rd100_08.gt,99,20000.0,86400.0,PTVRP_LAYERED_CONT_FIX,8967.0,2,1,0.0022,1,1,1,99,1.0,,0,0,0,0,,,,,
Instances/Instances 1/rd100_09.gt,99,50000.0,86400.0,PTVRP_LAYERED_CONT_FIX,8967.0,2,1,0.0022,1,1,1,99,1.0,,0,0,0,0,,,,,
Instances/Instances 1/rd100_10.gt,99,100000.0,86400.0,PTVRP_LAYERED_CONT_FIX,8967.0,2,1,0.0022,1,1,1,99,1.0,,0,0,0,0,,,,,
Instances/Instances 1/rd400_01.gt,399,100.0,86400.0,PTVRP_LAYERED_CONT_FIX,99006.0,101,2,0.0034,100,26,3,8067,20.218,,0,0,542,0,,,,,
Instances/Instances 1/rd400_02.gt,399,200.0,86400.0,PTVRP_LAYERED_CONT_FIX,54509.0,56,1,0.0029,51,17,2,5613,14.0677,,0,0,200,0,,,,,
Instances/Instances 1/rd400_03.gt,399,500.0,86400.0,PTVRP_LAYERED_CONT_FIX,29878.0,23,1,0.0036,21,11,1,3285,8.23308,,0,0,210,0,,,,,
Instances/Instances 1/rd400_04.gt,399,1000.0,86400.0,PTVRP_LAYERED_CONT_FIX,21169.0,11,1,0.0026,10,7,1,1917,4.80451,,0,0,0,0,,,,,
Instances/Instances 1/rd400_05.gt,399,2000.0,86400.0,PTVRP_LAYERED_CONT_FIX,18032.0,8,1,0.0026,6,6,1,1289,3.23058,,0,0,29,0,,,,,
Instances/Instances 1/rd400_06.gt,399,5000.0,86400.0,PTVRP_LAYERED_CONT_FIX,15880.0,3,1,0.0026,3,3,1,616,1.54386,,0,0,0,0,,,,,
Instances/Instances 1/rd400_07.gt,399,10000.0,86400.0,PTVRP_LAYERED_CONT_FIX,15507.0,2,1,0.0025,2,2,1,409,1.02506,,0,0,0,0,,,,,
Instances/Instances 1/rd400_08.gt,399,20000.0,86400.0,PTVRP_LAYERED_CONT_FIX,15316.0,1,1,0.0026,1,1,1,399,1.0,,0,0,0,0,,,,,
Instances/Instances 1/rd400_09.gt,399,50000.0,86400.0,PTVRP_LAYERED_CONT_FIX,15316.0,1,1,0.0025,1,1,1,399,1.0,,0,0,0,0,,,,,
Instances/Instances 1/rd400_10.gt,399,100000.0,86400.0,PTVRP_LAYERED_CONT_FIX,15316.0,1,1,0.0024,1,1,1,399,1.0,,0,0,0,0,,,,,
Instances/Instances 1/rl11849_01.gt,11848,100.0,86400.0,PTVRP_LAYERED_CONT_FIX,34562643.0,1790,6,0.0265,3002,21,6,122554,10.3439,,0,0,120195,0,,,,,
Instances/Instances 1/rl11849_02.gt,11848,200.0,86400.0,PTVRP_LAYERED_CONT_FIX,17809296.0,1274,4,0.0209,1518,14,6,98439,8.30849,,0,0,131018,0,,,,,
Instances/Instances 1/rl11849_03.gt,11848,500.0,86400.0,PTVRP_LAYERED_CONT_FIX,7531671.0,621,2,0.018,609,9,3,70276,5.93147,,0,0,115328,0,,,,,
Instances/Instances 1/rl11849_04.gt,11848,1000.0,86400.0,PTVRP_LAYERED_CONT_FIX,4139341.0,313,1,0.0151,304,6,2,52786,4.45527,,0,0,90522,0,,,,,
Instances/Instances 1/rl11849_05.gt,11848,2000.0,86400.0,PTVRP_LAYERED_CONT_FIX,2513746.0,160,1,0.0132,154,4,1,38969,3.28908,,0,0,64545,0,,,,,
Instances/Instances 1/rl11849_06.gt,11848,5000.0,86400.0,PTVRP_LAYERED_CONT_FIX,1505293.0,66,1,0.0111,61,3,1,23769,2.00616,,0,0,2576,0,,,,,
Instances/Instances 1/rl11849_07.gt,11848,10000.0,86400.0,PTVRP_LAYERED_CONT_FIX,1185215.0,34,1,0.0108,31,2,1,23082,1.94818,,0,0,59729,0,,,,,
Instances/Instances 1/rl11849_08.gt,11848,20000.0,86400.0,PTVRP_LAYERED_CONT_FIX,1024038.0,19,1,0.0095,16,1,1,11848,1.0,,0,0,0,0,,,,,
Instances/Instances 1/rl11849_09.gt,11848,50000.0,86400.0,PTVRP_LAYERED_CONT_FIX,994667.0,14,1,0.0098,7,1,1,11848,1.0,,0,0,43477,0,,,,,
Instances/Instances 1/rl11849_10.gt,11848,100000.0,86400.0,PTVRP_LAYERED_CONT_FIX,994667.0,14,1,0.0098,4,1,1,11848,1.0,,0,0,43477,0,,,,,
Instances/Instances 1/rl1304_01.gt,1303,100.0,86400.0,PTVRP_LAYERED_CONT_FIX,3961808.0,257,3,0.005,329,11,4,10112,7.76055,,0,0,7467,0,,,,,
Instances/Instances 1/rl1304_02.gt,1303,200.0,86400.0,PTVRP_LAYERED_CONT_FIX,2088153.0,172,2,0.0042,167,8,3,7719,5.92402,,0,0,6647,0,,,,,
Instances/Instances 1/rl1304_03.gt,1303,500.0,86400.0,PTVRP_LAYERED_CONT_FIX,961355.0,73,1,0.0038,68,5,2,5308,4.07368,,0,0,4730,0,,,,,
Instances/Instances 1/rl1304_04.gt,1303,1000.0,86400.0,PTVRP_LAYERED_CONT_FIX,577486.0,35,1,0.0034,33,4,1,3964,3.04221,,0,0,3575,0,,,,,
Instances/Instances 1/rl1304_05.gt,1303,2000.0,86400.0,PTVRP_LAYERED_CONT_FIX,405682.0,19,1,0.0032,17,3,1,2704,2.07521,,0,0,277,0,,,,,
Instances/Instances 1/rl1304_06.gt,1303,5000.0,86400.0,PTVRP_LAYERED_CONT_FIX,299168.0,8,1,0.0033,7,2,1,1761,1.3515,,0,0,423,0,,,,,
Instances/Instances 1/rl1304_07.gt,1303,10000.0,86400.0,PTVRP_LAYERED_CONT_FIX,279685.0,5,1,0.003,4,1,1,1303,1.0,,0,0,215,0,,,,,
Instances/Instances 1/rl1304_08.gt,1303,20000.0,86400.0,PTVRP_LAYERED_CONT_FIX,277708.0,5,1,0.003,2,1,1,1303,1.0,,0,0,606,0,,,,,
Instances/Instances 1/rl1304_09.gt,1303,50000.0,86400.0,PTVRP_LAYERED_CONT_FIX,277708.0,5,1,0.003,1,1,1,1303,1.0,,0,0,606,0,,,,,
Instances/Instances 1/rl1304_10.gt,1303,100000.0,86400.0,PTVRP_LAYERED_CONT_FIX,277708.0,5,1,0.003,1,1,1,1303,1.0,,0,0,606,0,,,,,
Instances/Instances 1/rl1323_01.gt,1322,100.0,86400.0,PTVRP_LAYERED_CONT_FIX,4333098.0,245,4,0.0047,345,11,5,9967,7.53933,,0,0,7309,0,,,,,
Instances/Instances 1/rl1323_02.gt,1322,200.0,86400.0,PTVRP_LAYERED_CONT_FIX,2158890.0,163,2,0.0043,167,8,3,7625,5.76778,,0,0,6383,0,,,,,
Instances/Instances 1/rl1323_03.gt,1322,500.0,86400.0,PTVRP_LAYERED_CONT_FIX,994180.0,71,1,0.0036,67,5,2,5111,3.86611,,0,0,3198,0,,,,,
Instances/Instances 1/rl1323_04.gt,1322,1000.0,86400.0,PTVRP_LAYERED_CONT_FIX,623637.0,36,1,0.0034,35,4,1,3857,2.91755,,0,0,3566,0,,,,,
Instances/Instances 1/rl1323_05.gt,1322,2000.0,86400.0,PTVRP_LAYERED_CONT_FIX,430065.0,19,1,0.0033,17,3,1,2587,1.95688,,0,0,119,0,,,,,
Instances/Instances 1/rl1323_06.gt,1322,5000.0,86400.0,PTVRP_LAYERED_CONT_FIX,331374.0,8,1,0.0032,7,2,1,1727,1.30635,,0,0,829,0,,,,,
Instances/Instances 1/rl1323_07.gt,1322,10000.0,86400.0,PTVRP_LAYERED_CONT_FIX,305210.0,5,1,0.0031,4,1,1,1322,1.0,,0,0,724,0,,,,,
Instances/Instances 1/rl1323_08.gt,1322,20000.0,86400.0,PTVRP_LAYERED_CONT_FIX,305210.0,5,1,0.0031,2,1,1,1322,1.0,,0,0,1043,0,,,,,
Instances/Instances 1/rl1323_09.gt,1322,50000.0,86400.0,PTVRP_LAYERED_CONT_FIX,305210.0,5,1,0.003,1,1,1,1322,1.0,,0,0,1043,0,,,,,
Instances/Instances 1/rl1323_10.gt,1322,100000.0,86400.0,PTVRP_LAYERED_CONT_FIX,305210.0,5,1,0.0031,1,1,1,1322,1.0,,0,0,1043,0,,,,,
Instances/Instances 1/rl1889_01.gt,1888,100.0,86400.0,PTVRP_LAYERED_CONT_FIX,6228521.0,344,5,0.0061,482,13,5,14900,7.89195,,0,0,12530,0,,,,,
Instances/Instances 1/rl1889_02.gt,1888,200.0,86400.0,PTVRP_LAYERED_CONT_FIX,3218612.0,226,3,0.0053,242,9,4,11656,6.17373,,0,0,12048,0,,,,,
Instances/Instances 1/rl1889_03.gt,1888,500.0,86400.0,PTVRP_LAYERED_CONT_FIX,1445235.0,102,1,0.0043,97,5,3,8003,4.23888,,0,0,7809,0,,,,,
Instances/Instances 1/rl1889_04.gt,1888,1000.0,86400.0,PTVRP_LAYERED_CONT_FIX,863473.0,51,1,0.0039,49,4,1,5853,3.10011,,0,0,5756,0,,,,,
Instances/Instances 1/rl1889_05.gt,1888,2000.0,86400.0,PTVRP_LAYERED_CONT_FIX,581959.0,26,1,0.0036,25,3,1,4084,2.16314,,0,0,857,0,,,,,
Instances/Instances 1/rl1889_06.gt,1888,5000.0,86400.0,PTVRP_LAYERED_CONT_FIX,407084.0,11,1,0.0036,10,2,1,3384,1.79237,,0,0,6818,0,,,,,
Instances/Instances 1/rl1889_07.gt,1888,10000.0,86400.0,PTVRP_LAYERED_CONT_FIX,359202.0,6,1,0.0034,5,1,1,1888,1.0,,0,0,0,0,,,,,
Instances/Instances 1/rl1889_08.gt,1888,20000.0,86400.0,PTVRP_LAYERED_CONT_FIX,351630.0,6,1,0.0034,3,1,1,1888,1.0,,0,0,2292,0,,,,,
Instances/Instances 1/rl1889_09.gt,1888,50000.0,86400.0,PTVRP_LAYERED_CONT_FIX,351630.0,6,1,0.0033,1,1,1,1888,1.0,,0,0,2292,0,,,,,
Instances/Instances 1/rl1889_10.gt,1888,100000.0,86400.0,PTVRP_LAYERED_CONT_FIX,351630.0,6,1,0.0034,1,1,1,1888,1.0,,0,0,2292,0,,,,,
Instances/Instances 1/rl5915_01.gt,5914,100.0,86400.0,PTVRP_LAYERED_CONT_FIX,16941723.0,927,5,0.0141,1484,16,6,57725,9.76074,,0,0,54776,0,,,,,
Instances/Instances 1/rl5915_02.gt,5914,200.0,86400.0,PTVRP_LAYERED_CONT_FIX,8795198.0,657,3,0.012,752,12,4,46071,7.79016,,0,0,59604,0,,,,,
Instances/Instances 1/rl5915_03.gt,5914,500.0,86400.0,PTVRP_LAYERED_CONT_FIX,3812692.0,312,2,0.0105,304,8,3,32578,5.50862,,0,0,50864,0,,,,,
Instances/Instances 1/rl5915_04.gt,5914,1000.0,86400.0,PTVRP_LAYERED_CONT_FIX,2130660.0,157,1,0.0086,151,6,2,24286,4.10653,,0,0,35642,0,,,,,
Instances/Instances 1/rl5915_05.gt,5914,2000.0,86400.0,PTVRP_LAYERED_CONT_FIX,1325177.0,80,1,0.0075,76,4,1,17884,3.02401,,0,0,30244,0,,,,,
Instances/Instances 1/rl5915_06.gt,5914,5000.0,86400.0,PTVRP_LAYERED_CONT_FIX,845893.0,34,1,0.0065,31,2,1,11624,1.96551,,0,0,1555,0,,,,,
Instances/Instances 1/rl5915_07.gt,5914,10000.0,86400.0,PTVRP_LAYERED_CONT_FIX,684223.0,18,1,0.0063,15,2,1,8900,1.5049,,0,0,20472,0,,,,,
Instances/Instances 1/rl5915_08.gt,5914,20000.0,86400.0,PTVRP_LAYERED_CONT_FIX,624324.0,10,1,0.0058,8,1,1,5914,1.0,,0,0,4753,0,,,,,
Instances/Instances 1/rl5915_09.gt,5914,50000.0,86400.0,PTVRP_LAYERED_CONT_FIX,616974.0,8,1,0.0066,4,1,1,5914,1.0,,0,0,13395,0,,,,,
Instances/Instances 1/rl5915_10.gt,5914,100000.0,86400.0,PTVRP_LAYERED_CONT_FIX,616974.0,8,1,0.0062,2,1,1,5914,1.0,,0,0,13395,0,,,,,
Instances/Instances 1/rl5934_01.gt,5933,100.0,86400.0,PTVRP_LAYERED_CONT_FIX,17063015.0,996,5,0.0154,1516,16,6,59212,9.98011,,0,0,54001,0,,,,,
Instances/Instances 1/rl5934_02.gt,5933,200.0,86400.0,PTVRP_LAYERED_CONT_FIX,8697938.0,658,4,0.0124,754,12,4,46613,7.85656,,0,0,56862,0,,,,,
Instances/Instances 1/rl5934_03.gt,5933,500.0,86400.0,PTVRP_LAYERED_CONT_FIX,3708635.0,312,2,0.01,303,8,3,32919,5.54846,,0,0,45294,0,,,,,
Instances/Instances 1/rl5934_04.gt,5933,1000.0,86400.0,PTVRP_LAYERED_CONT_FIX,2127667.0,157,1,0.0087,154,6,2,24595,4.14546,,0,0,32451,0,,,,,
Instances/Instances 1/rl5934_05.gt,5933,2000.0,86400.0,PTVRP_LAYERED_CONT_FIX,1299956.0,80,1,0.0076,76,4,1,17752,2.99208,,0,0,22251,0,,,,,
Instances/Instances 1/rl5934_06.gt,5933,5000.0,86400.0,PTVRP_LAYERED_CONT_FIX,833835.0,34,1,0.0071,31,2,1,11675,1.96781,,0,0,3278,0,,,,,
Instances/Instances 1/rl5934_07.gt,5933,10000.0,86400.0,PTVRP_LAYERED_CONT_FIX,681392.0,19,1,0.0069,16,2,1,9956,1.67807,,0,0,25695,0,,,,,
Instances/Instances 1/rl5934_08.gt,5933,20000.0,86400.0,PTVRP_LAYERED_CONT_FIX,613159.0,9,1,0.0064,8,1,1,5933,1.0,,0,0,2296,0,,,,,
Instances/Instances 1/rl5934_09.gt,5933,50000.0,86400.0,PTVRP_LAYERED_CONT_FIX,610282.0,9,1,0.0064,4,1,1,5933,1.0,,0,0,24288,0,,,,,
Instances/Instances 1/rl5934_10.gt,5933,100000.0,86400.0,PTVRP_LAYERED_CONT_FIX,610282.0,9,1,0.0062,2,1,1,5933,1.0,,0,0,24288,0,,,,,
Instances/Instances 1/rw1621_01.gt,1620,100.0,86400.0,PTVRP_LAYERED_CONT_FIX,505772.0,301,5,0.0077,419,42,8,52542,32.4333,,0,0,11697,0,,,,,
Instances/Instances 1/rw1621_02.gt,1620,200.0,86400.0,PTVRP_LAYERED_CONT_FIX,256645.0,193,2,0.0062,208,30,4,37477,23.134,,0,0,6863,0,,,,,
Instances/Instances 1/rw1621_03.gt,1620,500.0,86400.0,PTVRP_LAYERED_CONT_FIX,115222.0,87,1,0.0055,83,18,3,23473,14.4895,,0,0,2344,0,,,,,
Instances/Instances 1/rw1621_04.gt,1620,1000.0,86400.0,PTVRP_LAYERED_CONT_FIX,69012.0,45,1,0.0044,43,13,2,16382,10.1123,,0,0,854,0,,,,,
Instances/Instances 1/rw1621_05.gt,1620,2000.0,86400.0,PTVRP_LAYERED_CONT_FIX,47035.0,23,1,0.0045,21,9,1,11000,6.79012,,0,0,478,0,,,,,
Instances/Instances 1/rw1621_06.gt,1620,5000.0,86400.0,PTVRP_LAYERED_CONT_FIX,33470.0,10,1,0.0035,9,5,1,6119,3.77716,,0,0,0,0,,,,,
Instances/Instances 1/rw1621_07.gt,1620,10000.0,86400.0,PTVRP_LAYERED_CONT_FIX,29392.0,5,1,0.0034,5,4,1,4128,2.54815,,0,0,0,0,,,,,
Instances/Instances 1/rw1621_08.gt,1620,20000.0,86400.0,PTVRP_LAYERED_CONT_FIX,27739.0,3,1,0.0032,3,3,1,2495,1.54012,,0,0,0,0,,,,,
Instances/Instances 1/rw1621_09.gt,1620,50000.0,86400.0,PTVRP_LAYERED_CONT_FIX,27418.0,1,1,0.0033,1,1,1,1620,1.0,,0,0,0,0,,,,,
Instances/Instances 1/rw1621_10.gt,1620,100000.0,86400.0,PTVRP_LAYERED_CONT_FIX,27418.0,1,1,0.0031,1,1,1,1620,1.0,,0,0,0,0,,,,,
Instances/Instances 1/st70_01.gt,69,100.0,86400.0,PTVRP_LAYERED_CONT_FIX,1877.0,16,2,0.0023,16,16,2,564,8.17391,,0,0,0,0,,,,,
Instances/Instances 1/st70_02.gt,69,200.0,86400.0,PTVRP_LAYERED_CONT_FIX,1254.0,9,1,0.0022,9,9,1,327,4.73913,,0,0,0,0,,,,,
Instances/Instances 1/st70_03.gt,69,500.0,86400.0,PTVRP_LAYERED_CONT_FIX,890.0,5,1,0.0023,4,4,1,166,2.4058,,0,0,0,0,,,,,
Instances/Instances 1/st70_04.gt,69,1000.0,86400.0,PTVRP_LAYERED_CONT_FIX,794.0,3,1,0.0021,2,2,1,93,1.34783,,0,0,0,0,,,,,
Instances/Instances 1/st70_05.gt,69,2000.0,86400.0,PTVRP_LAYERED_CONT_FIX,780.0,1,1,0.0026,1,1,1,69,1.0,,0,0,0,0,,,,,
Instances/Instances 1/st70_06.gt,69,5000.0,86400.0,PTVRP_LAYERED_CONT_FIX,780.0,1,1,0.0023,1,1,1,69,1.0,,0,0,0,0,,,,,
Instances/Instances 1/st70_07.gt,69,10000.0,86400.0,PTVRP_LAYERED_CONT_FIX,780.0,1,1,0.0023,1,1,1,69,1.0,,0,0,0,0,,,,,
Instances/Instances 1/st70_08.gt,69,20000.0,86400.0,PTVRP_LAYERED_CONT_FIX,780.0,1,1,0.0022,1,1,1,69,1.0,,0,0,0,0,,,,,
Instances/Instances 1/st70_09.gt,69,50000.0,86400.0,PTVRP_LAYERED_CONT_FIX,780.0,1,1,0.0023,1,1,1,69,1.0,,0,0,0,0,,,,,
Instances/Instances 1/st70_10.gt,69,100000.0,86400.0,PTVRP_LAYERED_CONT_FIX,780.0,1,1,0.0022,1,1,1,69,1.0,,0,0,0,0,,,,,
Instances/Instances 1/sw24978_01.gt,24977,100.0,86400.0,PTVRP_LAYERED_CONT_FIX,43962617.0,3462,7,0.0652,6385,29,9,429103,17.1799,,0,0,375549,0,,,,,
Instances/Instances 1/sw24978_02.gt,24977,200.0,86400.0,PTVRP_LAYERED_CONT_FIX,22326305.0,2493,4,0.0567,3180,21,7,340038,13.614,,1,0,399340,0,,,,,
Instances/Instances 1/sw24978_03.gt,24977,500.0,86400.0,PTVRP_LAYERED_CONT_FIX,9310817.0,1274,2,0.0434,1272,13,3,239946,9.60668,,0,0,283941,0,,,,,
Instances/Instances 1/sw24978_04.gt,24977,1000.0,86400.0,PTVRP_LAYERED_CONT_FIX,5042409.0,657,1,0.0359,641,9,3,179742,7.1963,,0,0,151918,0,,,,,
Instances/Instances 1/sw24978_05.gt,24977,2000.0,86400.0,PTVRP_LAYERED_CONT_FIX,2891595.0,325,1,0.0313,316,7,2,132653,5.31101,,0,0,73885,0,,,,,
Instances/Instances 1/sw24978_06.gt,24977,5000.0,86400.0,PTVRP_LAYERED_CONT_FIX,1662823.0,133,1,0.0266,129,4,1,89942,3.60099,,0,0,47094,0,,,,,
Instances/Instances 1/sw24978_07.gt,24977,10000.0,86400.0,PTVRP_LAYERED_CONT_FIX,1244321.0,68,1,0.0253,64,3,1,66168,2.64916,,0,0,21500,0,,,,,
Instances/Instances 1/sw24978_08.gt,24977,20000.0,86400.0,PTVRP_LAYERED_CONT_FIX,1039172.0,36,1,0.0223,32,2,1,45897,1.83757,,0,0,14597,0,,,,,
Instances/Instances 1/sw24978_09.gt,24977,50000.0,86400.0,PTVRP_LAYERED_CONT_FIX,938916.0,16,1,0.0276,13,1,1,24977,1.0,,0,0,42046,0,,,,,
Instances/Instances 1/sw24978_10.gt,24977,100000.0,86400.0,PTVRP_LAYERED_CONT_FIX,921494.0,13,1,0.0198,7,1,1,24977,1.0,,0,0,74907,0,,,,,
Instances/Instances 1/ts225_01.gt,224,100.0,86400.0,PTVRP_LAYERED_CONT_FIX,753549.0,57,2,0.0032,57,7,4,1126,5.02679,,0,0,391,0,,,,,
Instances/Instances 1/ts225_02.gt,224,200.0,86400.0,PTVRP_LAYERED_CONT_FIX,464853.0,35,1,0.0026,32,5,2,871,3.88839,,0,0,493,0,,,,,
Instances/Instances 1/ts225_03.gt,224,500.0,86400.0,PTVRP_LAYERED_CONT_FIX,238729.0,13,1,0.0024,12,3,1,560,2.5,,0,0,269,0,,,,,
Instances/Instances 1/ts225_04.gt,224,1000.0,86400.0,PTVRP_LAYERED_CONT_FIX,175964.0,7,1,0.0025,6,2,1,410,1.83036,,0,0,28,0,,,,,
Instances/Instances 1/ts225_05.gt,224,2000.0,86400.0,PTVRP_LAYERED_CONT_FIX,148763.0,4,1,0.0024,3,2,1,228,1.01786,,0,0,9,0,,,,,
Instances/Instances 1/ts225_06.gt,224,5000.0,86400.0,PTVRP_LAYERED_CONT_FIX,143060.0,3,1,0.0024,2,1,1,224,1.0,,0,0,22,0,,,,,
Instances/Instances 1/ts225_07.gt,224,10000.0,86400.0,PTVRP_LAYERED_CONT_FIX,143060.0,3,1,0.0023,1,1,1,224,1.0,,0,0,22,0,,,,,
Instances/Instances 1/ts225_08.gt,224,20000.0,86400.0,PTVRP_LAYERED_CONT_FIX,143060.0,3,1,0.0023,1,1,1,224,1.0,,0,0,22,0,,,,,
Instances/Instances 1/ts225_09.gt,224,50000.0,86400.0,PTVRP_LAYERED_CONT_FIX,143060.0,3,1,0.0022,1,1,1,224,1.0,,0,0,22,0,,,,,
Instances/Instances 1/ts225_10.gt,224,100000.0,86400.0,PTVRP_LAYERED_CONT_FIX,143060.0,3,1,0.0024,1,1,1,224,1.0,,0,0,22,0,,,,,
Instances/Instances 1/tsp225_01.gt,224,100.0,86400.0,PTVRP_LAYERED_CONT_FIX,20111.0,59,2,0.0028,57,37,3,5656,25.25,,0,0,114,0,,,,,
Instances/Instances 1/tsp225_02.gt,224,200.0,86400.0,PTVRP_LAYERED_CONT_FIX,12470.0,33,2,0.0025,32,27,2,3379,15.0848,,0,0,24,0,,,,,
Instances/Instances 1/tsp225_03.gt,224,500.0,86400.0,PTVRP_LAYERED_CONT_FIX,6755.0,13,1,0.0023,12,12,1,1403,6.26339,,0,0,0,0,,,,,
Instances/Instances 1/tsp225_04.gt,224,1000.0,86400.0,PTVRP_LAYERED_CONT_FIX,5378.0,7,1,0.0023,6,6,1,774,3.45536,,0,0,0,0,,,,,
Instances/Instances 1/tsp225_05.gt,224,2000.0,86400.0,PTVRP_LAYERED_CONT_FIX,4684.0,3,1,0.0023,3,3,1,433,1.93304,,0,0,0,0,,,,,
Instances/Instances 1/tsp225_06.gt,224,5000.0,86400.0,PTVRP_LAYERED_CONT_FIX,4425.0,2,1,0.0022,2,2,1,236,1.05357,,0,0,0,0,,,,,
Instances/Instances 1/tsp225_07.gt,224,10000.0,86400.0,PTVRP_LAYERED_CONT_FIX,4418.0,1,1,0.0023,1,1,1,224,1.0,,0,0,0,0,,,,,
Instances/Instances 1/tsp225_08.gt,224,20000.0,86400.0,PTVRP_LAYERED_CONT_FIX,4418.0,1,1,0.0023,1,1,1,224,1.0,,0,0,0,0,,,,,
Instances/Instances 1/tsp225_09.gt,224,50000.0,86400.0,PTVRP_LAYERED_CONT_FIX,4418.0,1,1,0.0024,1,1,1,224,1.0,,0,0,0,0,,,,,
Instances/Instances 1/tsp225_10.gt,224,100000.0,86400.0,PTVRP_LAYERED_CONT_FIX,4418.0,1,1,0.0022,1,1,1,224,1.0,,0,0,0,0,,,,,
Instances/Instances 1/tz6117_01.gt,6116,100.0,86400.0,PTVRP_LAYERED_CONT_FIX,12551427.0,955,6,0.0156,1545,19,8,78047,12.7611,,0,0,69045,0,,,,,
Instances/Instances 1/tz6117_02.gt,6116,200.0,86400.0,PTVRP_LAYERED_CONT_FIX,6569900.0,668,4,0.0136,790,15,6,62211,10.1718,,0,0,73146,0,,,,,
Instances/Instances 1/tz6117_03.gt,6116,500.0,86400.0,PTVRP_LAYERED_CONT_FIX,2774760.0,313,2,0.0109,311,11,4,43394,7.09516,,0,0,47620,0,,,,,
Instances/Instances 1/tz6117_04.gt,6116,1000.0,86400.0,PTVRP_LAYERED_CONT_FIX,1571641.0,163,1,0.0091,158,8,2,32508,5.31524,,0,0,22743,0,,,,,
Instances/Instances 1/tz6117_05.gt,6116,2000.0,86400.0,PTVRP_LAYERED_CONT_FIX,952249.0,80,1,0.0086,77,6,2,23663,3.86903,,0,0,9876,0,,,,,
Instances/Instances 1/tz6117_06.gt,6116,5000.0,86400.0,PTVRP_LAYERED_CONT_FIX,619718.0,33,1,0.0072,32,4,1,14776,2.41596,,0,0,2949,0,,,,,
Instances/Instances 1/tz6117_07.gt,6116,10000.0,86400.0,PTVRP_LAYERED_CONT_FIX,499588.0,18,1,0.0067,16,3,1,12489,2.04202,,0,0,1849,0,,,,,
Instances/Instances 1/tz6117_08.gt,6116,20000.0,86400.0,PTVRP_LAYERED_CONT_FIX,441005.0,9,1,0.0068,8,2,1,7425,1.21403,,0,0,1529,0,,,,,
Instances/Instances 1/tz6117_09.gt,6116,50000.0,86400.0,PTVRP_LAYERED_CONT_FIX,422925.0,6,1,0.0063,4,1,1,6116,1.0,,0,0,5087,0,,,,,
Instances/Instances 1/tz6117_10.gt,6116,100000.0,86400.0,PTVRP_LAYERED_CONT_FIX,422925.0,6,1,0.0066,2,1,1,6116,1.0,,0,0,5160,0,,,,,
Instances/Instances 1/u1060_01.gt,1059,100.0,86400.0,PTVRP_LAYERED_CONT_FIX,2929446.0,220,3,0.0044,272,11,5,8175,7.71955,,0,0,4806,0,,,,,
Instances/Instances 1/u1060_02.gt,1059,200.0,86400.0,PTVRP_LAYERED_CONT_FIX,1537507.0,130,3,0.0039,133,8,3,6168,5.82436,,0,0,4232,0,,,,,
Instances/Instances 1/u1060_03.gt,1059,500.0,86400.0,PTVRP_LAYERED_CONT_FIX,729871.0,59,1,0.0038,56,5,2,4180,3.94712,,0,0,1949,0,,,,,
Instances/Instances 1/u1060_04.gt,1059,1000.0,86400.0,PTVRP_LAYERED_CONT_FIX,469462.0,29,1,0.0034,28,3,1,3068,2.89707,,0,0,2186,0,,,,,
Instances/Instances 1/u1060_05.gt,1059,2000.0,86400.0,PTVRP_LAYERED_CONT_FIX,342351.0,15,1,0.0031,14,2,1,2039,1.9254,,0,0,45,0,,,,,
Instances/Instances 1/u1060_06.gt,1059,5000.0,86400.0,PTVRP_LAYERED_CONT_FIX,262408.0,7,1,0.0029,6,2,1,1269,1.1983,,0,0,262,0,,,,,
Instances/Instances 1/u1060_07.gt,1059,10000.0,86400.0,PTVRP_LAYERED_CONT_FIX,245381.0,4,1,0.0032,3,1,1,1059,1.0,,0,0,666,0,,,,,
Instances/Instances 1/u1060_08.gt,1059,20000.0,86400.0,PTVRP_LAYERED_CONT_FIX,245381.0,4,1,0.0029,2,1,1,1059,1.0,,0,0,861,0,,,,,
Instances/Instances 1/u1060_09.gt,1059,50000.0,86400.0,PTVRP_LAYERED_CONT_FIX,245381.0,4,1,0.003,1,1,1,1059,1.0,,0,0,861,0,,,,,
Instances/Instances 1/u1060_10.gt,1059,100000.0,86400.0,PTVRP_LAYERED_CONT_FIX,245381.0,4,1,0.0029,1,1,1,1059,1.0,,0,0,861,0,,,,,
Instances/Instances 1/u1432_01.gt,1431,100.0,86400.0,PTVRP_LAYERED_CONT_FIX,1689644.0,295,3,0.0056,351,14,4,16825,11.7575,,0,0,5534,0,,,,,
Instances/Instances 1/u1432_02.gt,1431,200.0,86400.0,PTVRP_LAYERED_CONT_FIX,930390.0,189,2,0.0048,184,10,3,12659,8.84626,,0,0,3622,0,,,,,
Instances/Instances 1/u1432_03.gt,1431,500.0,86400.0,PTVRP_LAYERED_CONT_FIX,439256.0,76,1,0.004,72,6,2,8264,5.77498,,0,0,2009,0,,,,,
Instances/Instances 1/u1432_04.gt,1431,1000.0,86400.0,PTVRP_LAYERED_CONT_FIX,289266.0,39,1,0.0038,37,5,1,5590,3.90636,,0,0,159,0,,,,,
Instances/Instances 1/u1432_05.gt,1431,2000.0,86400.0,PTVRP_LAYERED_CONT_FIX,217969.0,22,1,0.0035,19,3,1,4071,2.84486,,0,0,0,0,,,,,
Instances/Instances 1/u1432_06.gt,1431,5000.0,86400.0,PTVRP_LAYERED_CONT_FIX,173513.0,9,1,0.0033,8,2,1,2662,1.86024,,0,0,0,0,,,,,
Instances/Instances 1/u1432_07.gt,1431,10000.0,86400.0,PTVRP_LAYERED_CONT_FIX,163339.0,6,1,0.0031,4,2,1,1727,1.20685,,0,0,593,0,,,,,
Instances/Instances 1/u1432_08.gt,1431,20000.0,86400.0,PTVRP_LAYERED_CONT_FIX,157856.0,3,1,0.0034,2,1,1,1431,1.0,,0,0,0,0,,,,,
Instances/Instances 1/u1432_09.gt,1431,50000.0,86400.0,PTVRP_LAYERED_CONT_FIX,157856.0,3,1,0.0032,1,1,1,1431,1.0,,0,0,22,0,,,,,
Instances/Instances 1/u1432_10.gt,1431,100000.0,86400.0,PTVRP_LAYERED_CONT_FIX,157856.0,3,1,0.0032,1,1,1,1431,1.0,,0,0,22,0,,,,,
Instances/Instances 1/u159_01.gt,158,100.0,86400.0,PTVRP_LAYERED_CONT_FIX,235559.0,43,2,0.0026,42,10,3,1180,7.46835,,0,0,208,0,,,,,
Instances/Instances 1/u159_02.gt,158,200.0,86400.0,PTVRP_LAYERED_CONT_FIX,124624.0,21,1,0.0025,20,7,2,793,5.01899,,0,0,68,0,,,,,
Instances/Instances 1/u159_03.gt,158,500.0,86400.0,PTVRP_LAYERED_CONT_FIX,70246.0,9,1,0.0023,8,4,1,492,3.11392,,0,0,101,0,,,,,
Instances/Instances 1/u159_04.gt,158,1000.0,86400.0,PTVRP_LAYERED_CONT_FIX,55116.0,4,1,0.0024,4,3,1,350,2.21519,,0,0,5,0,,,,,
Instances/Instances 1/u159_05.gt,158,2000.0,86400.0,PTVRP_LAYERED_CONT_FIX,49328.0,3,1,0.0023,2,2,1,235,1.48734,,0,0,0,0,,,,,
Instances/Instances 1/u159_06.gt,158,5000.0,86400.0,PTVRP_LAYERED_CONT_FIX,47792.0,1,1,0.0022,1,1,1,158,1.0,,0,0,0,0,,,,,
Instances/Instances 1/u159_07.gt,158,10000.0,86400.0,PTVRP_LAYERED_CONT_FIX,47792.0,1,1,0.0022,1,1,1,158,1.0,,0,0,0,0,,,,,
Instances/Instances 1/u159_08.gt,158,20000.0,86400.0,PTVRP_LAYERED_CONT_FIX,47792.0,1,1,0.0022,1,1,1,158,1.0,,0,0,0,0,,,,,
Instances/Instances 1/u159_09.gt,158,50000.0,86400.0,PTVRP_LAYERED_CONT_FIX,47792.0,1,1,0.0022,1,1,1,158,1.0,,0,0,0,0,,,,,
Instances/Instances 1/u159_10.gt,158,100000.0,86400.0,PTVRP_LAYERED_CONT_FIX,47792.0,1,1,0.0022,1,1,1,158,1.0,,0,0,0,0,,,,,
Instances/Instances 1/u1817_01.gt,1816,100.0,86400.0,PTVRP_LAYERED_CONT_FIX,908323.0,349,4,0.0075,466,28,5,41446,22.8227,,0,0,8829,0,,,,,
Instances/Instances 1/u1817_02.gt,1816,200.0,86400.0,PTVRP_LAYERED_CONT_FIX,471171.0,234,2,0.0061,232,20,3,29907,16.4686,,0,0,5142,0,,,,,
Instances/Instances 1/u1817_03.gt,1816,500.0,86400.0,PTVRP_LAYERED_CONT_FIX,214917.0,97,1,0.0051,93,13,2,18945,10.4323,,0,0,2096,0,,,,,
Instances/Instances 1/u1817_04.gt,1816,1000.0,86400.0,PTVRP_LAYERED_CONT_FIX,136524.0,50,1,0.0043,47,9,1,13494,7.43062,,0,0,963,0,,,,,
Instances/Instances 1/u1817_05.gt,1816,2000.0,86400.0,PTVRP_LAYERED_CONT_FIX,94826.0,26,1,0.0055,24,6,1,9727,5.35628,,0,0,820,0,,,,,
Instances/Instances 1/u1817_06.gt,1816,5000.0,86400.0,PTVRP_LAYERED_CONT_FIX,71523.0,11,1,0.0039,10,4,1,6120,3.37004,,0,0,90,0,,,,,
Instances/Instances 1/u1817_07.gt,1816,10000.0,86400.0,PTVRP_LAYERED_CONT_FIX,64609.0,6,1,0.0038,5,3,1,4269,2.35077,,0,0,0,0,,,,,
Instances/Instances 1/u1817_08.gt,1816,20000.0,86400.0,PTVRP_LAYERED_CONT_FIX,61253.0,3,1,0.0035,3,2,1,2853,1.57104,,0,0,0,0,,,,,
Instances/Instances 1/u1817_09.gt,1816,50000.0,86400.0,PTVRP_LAYERED_CONT_FIX,60413.0,2,1,0.0032,1,1,1,1816,1.0,,0,0,0,0,,,,,
Instances/Instances 1/u1817_10.gt,1816,100000.0,86400.0,PTVRP_LAYERED_CONT_FIX,60413.0,2,1,0.0032,1,1,1,1816,1.0,,0,0,0,0,,,,,
Instances/Instances 1/u2152_01.gt,2151,100.0,86400.0,PTVRP_LAYERED_CONT_FIX,1077821.0,423,4,0.0088,551,28,5,50239,23.3561,,0,0,11826,0,,,,,
Instances/Instances 1/u2152_02.gt,2151,200.0,86400.0,PTVRP_LAYERED_CONT_FIX,564444.0,269,3,0.0075,274,19,3,36398,16.9214,,0,0,7211,0,,,,,
Instances/Instances 1/u2152_03.gt,2151,500.0,86400.0,PTVRP_LAYERED_CONT_FIX,256154.0,117,1,0.0058,111,13,2,23566,10.9558,,0,0,2697,0,,,,,
Instances/Instances 1/u2152_04.gt,2151,1000.0,86400.0,PTVRP_LAYERED_CONT_FIX,157044.0,58,1,0.0064,55,9,1,16227,7.54393,,0,0,213,0,,,,,
Instances/Instances 1/u2152_05.gt,2151,2000.0,86400.0,PTVRP_LAYERED_CONT_FIX,108100.0,29,1,0.0049,28,6,1,11761,5.46769,,0,0,120,0,,,,,
Instances/Instances 1/u2152_06.gt,2151,5000.0,86400.0,PTVRP_LAYERED_CONT_FIX,80318.0,13,1,0.0042,11,4,1,7467,3.47141,,0,0,0,0,,,,,
Instances/Instances 1/u2152_07.gt,2151,10000.0,86400.0,PTVRP_LAYERED_CONT_FIX,71831.0,7,1,0.0039,6,3,1,5298,2.46304,,0,0,0,0,,,,,
Instances/Instances 1/u2152_08.gt,2151,20000.0,86400.0,PTVRP_LAYERED_CONT_FIX,68776.0,5,1,0.0037,3,2,1,3524,1.63831,,0,0,0,0,,,,,
Instances/Instances 1/u2152_09.gt,2151,50000.0,86400.0,PTVRP_LAYERED_CONT_FIX,67272.0,2,1,0.0034,2,1,1,2151,1.0,,0,0,0,0,,,,,
Instances/Instances 1/u2152_10.gt,2151,100000.0,86400.0,PTVRP_LAYERED_CONT_FIX,67272.0,2,1,0.0034,1,1,1,2151,1.0,,0,0,0,0,,,,,
Instances/Instances 1/u2319_01.gt,2318,100.0,86400.0,PTVRP_LAYERED_CONT_FIX,2655554.0,494,4,0.0076,593,15,4,28957,12.4922,,0,0,8729,0,,,,,
Instances/Instances 1/u2319_02.gt,2318,200.0,86400.0,PTVRP_LAYERED_CONT_FIX,1410729.0,307,2,0.0063,297,11,2,21379,9.22304,,0,0,5034,0,,,,,
Instances/Instances 1/u2319_03.gt,2318,500.0,86400.0,PTVRP_LAYERED_CONT_FIX,676171.0,126,1,0.005,119,7,2,13844,5.97239,,0,0,1661,0,,,,,
Instances/Instances 1/u2319_04.gt,2318,1000.0,86400.0,PTVRP_LAYERED_CONT_FIX,444889.0,65,1,0.0044,60,5,1,9827,4.23943,,0,0,1191,0,,,,,
Instances/Instances 1/u2319_05.gt,2318,2000.0,86400.0,PTVRP_LAYERED_CONT_FIX,328171.0,32,1,0.0041,30,3,1,6709,2.89431,,0,0,0,0,,,,,
Instances/Instances 1/u2319_06.gt,2318,5000.0,86400.0,PTVRP_LAYERED_CONT_FIX,267819.0,14,1,0.0049,12,2,1,4449,1.91933,,0,0,0,0,,,,,
Instances/Instances 1/u2319_07.gt,2318,10000.0,86400.0,PTVRP_LAYERED_CONT_FIX,250126.0,8,1,0.004,6,2,1,4197,1.81061,,0,0,2518,0,,,,,
Instances/Instances 1/u2319_08.gt,2318,20000.0,86400.0,PTVRP_LAYERED_CONT_FIX,243057.0,4,1,0.0037,3,1,1,2318,1.0,,0,0,0,0,,,,,
Instances/Instances 1/u2319_09.gt,2318,50000.0,86400.0,PTVRP_LAYERED_CONT_FIX,243057.0,4,1,0.0036,2,1,1,2318,1.0,,0,0,170,0,,,,,
Instances/Instances 1/u2319_10.gt,2318,100000.0,86400.0,PTVRP_LAYERED_CONT_FIX,243057.0,4,1,0.0036,1,1,1,2318,1.0,,0,0,170,0,,,,,
Instances/Instances 1/u574_01.gt,573,100.0,86400.0,PTVRP_LAYERED_CONT_FIX,315211.0,137,2,0.0036,149,19,4,9297,16.2251,,0,0,1340,0,,,,,
Instances/Instances 1/u574_02.gt,573,200.0,86400.0,PTVRP_LAYERED_CONT_FIX,170127.0,80,2,0.0034,74,14,2,6600,11.5183,,0,0,705,0,,,,,
Instances/Instances 1/u574_03.gt,573,500.0,86400.0,PTVRP_LAYERED_CONT_FIX,84338.0,32,1,0.0029,29,8,1,4000,6.9808,,0,0,275,0,,,,,
Instances/Instances 1/u574_04.gt,573,1000.0,86400.0,PTVRP_LAYERED_CONT_FIX,59257.0,16,1,0.0027,15,6,1,2849,4.97208,,0,0,391,0,,,,,
Instances/Instances 1/u574_05.gt,573,2000.0,86400.0,PTVRP_LAYERED_CONT_FIX,47781.0,9,1,0.0026,8,4,1,1810,3.15881,,0,0,0,0,,,,,
Instances/Instances 1/u574_06.gt,573,5000.0,86400.0,PTVRP_LAYERED_CONT_FIX,41906.0,4,1,0.0025,4,3,1,1144,1.99651,,0,0,0,0,,,,,
Instances/Instances 1/u574_07.gt,573,10000.0,86400.0,PTVRP_LAYERED_CONT_FIX,40177.0,2,1,0.0025,2,2,1,766,1.33682,,0,0,0,0,,,,,
Instances/Instances 1/u574_08.gt,573,20000.0,86400.0,PTVRP_LAYERED_CONT_FIX,40130.0,1,1,0.0025,1,1,1,573,1.0,,0,0,0,0,,,,,
Instances/Instances 1/u574_09.gt,573,50000.0,86400.0,PTVRP_LAYERED_CONT_FIX,40130.0,1,1,0.0025,1,1,1,573,1.0,,0,0,0,0,,,,,
Instances/Instances 1/u574_10.gt,573,100000.0,86400.0,PTVRP_LAYERED_CONT_FIX,40130.0,1,1,0.0025,1,1,1,573,1.0,,0,0,0,0,,,,,
Instances/Instances 1/u724_01.gt,723,100.0,86400.0,PTVRP_LAYERED_CONT_FIX,394021.0,162,4,0.0042,187,21,5,12459,17.2324,,0,0,1973,0,,,,,
Instances/Instances 1/u724_02.gt,723,200.0,86400.0,PTVRP_LAYERED_CONT_FIX,211719.0,99,2,0.0036,93,15,3,8811,12.1867,,0,0,1025,0,,,,,
Instances/Instances 1/u724_03.gt,723,500.0,86400.0,PTVRP_LAYERED_CONT_FIX,103492.0,38,1,0.0031,36,9,2,5351,7.40111,,0,0,394,0,,,,,
Instances/Instances 1/u724_04.gt,723,1000.0,86400.0,PTVRP_LAYERED_CONT_FIX,72273.0,21,1,0.0032,19,7,1,3765,5.20747,,0,0,137,0,,,,,
Instances/Instances 1/u724_05.gt,723,2000.0,86400.0,PTVRP_LAYERED_CONT_FIX,55174.0,11,1,0.0028,10,5,1,2547,3.52282,,0,0,185,0,,,,,
Instances/Instances 1/u724_06.gt,723,5000.0,86400.0,PTVRP_LAYERED_CONT_FIX,46182.0,5,1,0.0028,4,3,1,1603,2.21715,,0,0,0,0,,,,,
Instances/Instances 1/u724_07.gt,723,10000.0,86400.0,PTVRP_LAYERED_CONT_FIX,45169.0,3,1,0.0026,2,2,1,1032,1.42739,,0,0,0,0,,,,,
Instances/Instances 1/u724_08.gt,723,20000.0,86400.0,PTVRP_LAYERED_CONT_FIX,44989.0,1,1,0.0025,1,1,1,723,1.0,,0,0,0,0,,,,,
Instances/Instances 1/u724_09.gt,723,50000.0,86400.0,PTVRP_LAYERED_CONT_FIX,44989.0,1,1,0.0025,1,1,1,723,1.0,,0,0,0,0,,,,,
Instances/Instances 1/u724_10.gt,723,100000.0,86400.0,PTVRP_LAYERED_CONT_FIX,44989.0,1,1,0.0026,1,1,1,723,1.0,,0,0,0,0,,,,,
Instances/Instances 1/usa13509_01.gt,13508,100.0,86400.0,PTVRP_LAYERED_CONT_FIX,NO SOLUTION,,,0.0114,3453,9,0,8683,0.642804,,0,0,0,0,,,,,
Instances/Instances 1/usa13509_02.gt,13508,200.0,86400.0,PTVRP_LAYERED_CONT_FIX,NO SOLUTION,,,0.0105,1713,6,0,7841,0.580471,,0,0,0,0,,,,,
Instances/Instances 1/usa13509_03.gt,13508,500.0,86400.0,PTVRP_LAYERED_CONT_FIX,NO SOLUTION,,,0.0107,688,4,0,6699,0.495928,,0,0,0,0,,,,,
Instances/Instances 1/usa13509_04.gt,13508,1000.0,86400.0,PTVRP_LAYERED_CONT_FIX,NO SOLUTION,,,0.0105,345,3,0,6293,0.465872,,0,0,0,0,,,,,
Instances/Instances 1/usa13509_05.gt,13508,2000.0,86400.0,PTVRP_LAYERED_CONT_FIX,NO SOLUTION,,,0.0108,173,2,0,6206,0.459431,,0,0,0,0,,,,,
Instances/Instances 1/usa13509_06.gt,13508,5000.0,86400.0,PTVRP_LAYERED_CONT_FIX,NO SOLUTION,,,0.0109,69,1,0,6142,0.454694,,0,0,0,0,,,,,
Instances/Instances 1/usa13509_07.gt,13508,10000.0,86400.0,PTVRP_LAYERED_CONT_FIX,NO SOLUTION,,,0.0107,35,1,0,6142,0.454694,,0,0,0,0,,,,,
Instances/Instances 1/usa13509_08.gt,13508,20000.0,86400.0,PTVRP_LAYERED_CONT_FIX,NO SOLUTION,,,0.0104,18,1,0,6142,0.454694,,0,0,0,0,,,,,
Instances/Instances 1/usa13509_09.gt,13508,50000.0,86400.0,PTVRP_LAYERED_CONT_FIX,NO SOLUTION,,,0.0104,7,1,0,6142,0.454694,,0,0,0,0,,,,,
Instances/Instances 1/usa13509_10.gt,13508,100000.0,86400.0,PTVRP_LAYERED_CONT_FIX,NO SOLUTION,,,0.0107,4,1,0,6142,0.454694,,0,0,0,0,,,,,
Instances/Instances 1/uy734_01.gt,733,100.0,86400.0,PTVRP_LAYERED_CONT_FIX,732294.0,158,3,0.0043,184,20,6,9046,12.3411,,0,0,2515,0,,,,,
Instances/Instances 1/uy734_02.gt,733,200.0,86400.0,PTVRP_LAYERED_CONT_FIX,411705.0,99,3,0.0035,98,14,3,6760,9.22237,,0,0,1423,0,,,,,
Instances/Instances 1/uy734_03.gt,733,500.0,86400.0,PTVRP_LAYERED_CONT_FIX,199476.0,40,1,0.0034,38,8,1,4248,5.79536,,0,0,629,0,,,,,
Instances/Instances 1/uy734_04.gt,733,1000.0,86400.0,PTVRP_LAYERED_CONT_FIX,136400.0,21,1,0.003,19,5,1,2904,3.9618,,0,0,102,0,,,,,
Instances/Instances 1/uy734_05.gt,733,2000.0,86400.0,PTVRP_LAYERED_CONT_FIX,105514.0,11,1,0.003,10,4,1,2004,2.73397,,0,0,53,0,,,,,
Instances/Instances 1/uy734_06.gt,733,5000.0,86400.0,PTVRP_LAYERED_CONT_FIX,90227.0,5,1,0.0031,4,2,1,1274,1.73806,,0,0,0,0,,,,,
Instances/Instances 1/uy734_07.gt,733,10000.0,86400.0,PTVRP_LAYERED_CONT_FIX,85530.0,3,1,0.0027,2,2,1,938,1.27967,,0,0,425,0,,,,,
Instances/Instances 1/uy734_08.gt,733,20000.0,86400.0,PTVRP_LAYERED_CONT_FIX,85164.0,1,1,0.0029,1,1,1,733,1.0,,0,0,0,0,,,,,
Instances/Instances 1/uy734_09.gt,733,50000.0,86400.0,PTVRP_LAYERED_CONT_FIX,85164.0,1,1,0.0026,1,1,1,733,1.0,,0,0,0,0,,,,,
Instances/Instances 1/uy734_10.gt,733,100000.0,86400.0,PTVRP_LAYERED_CONT_FIX,85164.0,1,1,0.0026,1,1,1,733,1.0,,0,0,0,0,,,,,
Instances/Instances 1/vm1084_01.gt,1083,100.0,86400.0,PTVRP_LAYERED_CONT_FIX,3726449.0,217,4,0.0043,278,12,5,7966,7.35549,,0,0,6929,0,,,,,
Instances/Instances 1/vm1084_02.gt,1083,200.0,86400.0,PTVRP_LAYERED_CONT_FIX,1932716.0,130,3,0.004,140,9,4,6219,5.74238,,0,0,7214,0,,,,,
Instances/Instances 1/vm1084_03.gt,1083,500.0,86400.0,PTVRP_LAYERED_CONT_FIX,881795.0,59,1,0.0037,56,6,2,4263,3.93629,,0,0,5434,0,,,,,
Instances/Instances 1/vm1084_04.gt,1083,1000.0,86400.0,PTVRP_LAYERED_CONT_FIX,538552.0,29,1,0.0032,28,4,1,3131,2.89104,,0,0,2576,0,,,,,
Instances/Instances 1/vm1084_05.gt,1083,2000.0,86400.0,PTVRP_LAYERED_CONT_FIX,381674.0,16,1,0.0032,14,3,1,2290,2.1145,,0,0,1361,0,,,,,
Instances/Instances 1/vm1084_06.gt,1083,5000.0,86400.0,PTVRP_LAYERED_CONT_FIX,285395.0,7,1,0.0029,6,2,1,1471,1.35826,,0,0,1246,0,,,,,
Instances/Instances 1/vm1084_07.gt,1083,10000.0,86400.0,PTVRP_LAYERED_CONT_FIX,260270.0,4,1,0.003,3,1,1,1083,1.0,,0,0,438,0,,,,,
Instances/Instances 1/vm1084_08.gt,1083,20000.0,86400.0,PTVRP_LAYERED_CONT_FIX,260270.0,4,1,0.0028,2,1,1,1083,1.0,,0,0,453,0,,,,,
Instances/Instances 1/vm1084_09.gt,1083,50000.0,86400.0,PTVRP_LAYERED_CONT_FIX,260270.0,4,1,0.0029,1,1,1,1083,1.0,,0,0,453,0,,,,,
Instances/Instances 1/vm1084_10.gt,1083,100000.0,86400.0,PTVRP_LAYERED_CONT_FIX,260270.0,4,1,0.0029,1,1,1,1083,1.0,,0,0,453,0,,,,,
Instances/Instances 1/vm1748_01.gt,1747,100.0,86400.0,PTVRP_LAYERED_CONT_FIX,6327619.0,317,5,0.0054,450,12,5,13060,7.47567,,0,0,12504,0,,,,,
Instances/Instances 1/vm1748_02.gt,1747,200.0,86400.0,PTVRP_LAYERED_CONT_FIX,3280108.0,216,3,0.0049,223,9,4,10337,5.917,,0,0,13097,0,,,,,
Instances/Instances 1/vm1748_03.gt,1747,500.0,86400.0,PTVRP_LAYERED_CONT_FIX,1460856.0,92,2,0.004,90,6,2,7248,4.14883,,0,0,10787,0,,,,,
Instances/Instances 1/vm1748_04.gt,1747,1000.0,86400.0,PTVRP_LAYERED_CONT_FIX,890115.0,49,1,0.0037,46,5,1,5426,3.1059,,0,0,8388,0,,,,,
Instances/Instances 1/vm1748_05.gt,1747,2000.0,86400.0,PTVRP_LAYERED_CONT_FIX,609402.0,24,1,0.0036,23,3,1,3981,2.27876,,0,0,4095,0,,,,,
Instances/Instances 1/vm1748_06.gt,1747,5000.0,86400.0,PTVRP_LAYERED_CONT_FIX,428261.0,10,1,0.0033,9,2,1,2674,1.53062,,0,0,2055,0,,,,,
Instances/Instances 1/vm1748_07.gt,1747,10000.0,86400.0,PTVRP_LAYERED_CONT_FIX,376320.0,6,1,0.0033,5,1,1,1747,1.0,,0,0,1712,0,,,,,
Instances/Instances 1/vm1748_08.gt,1747,20000.0,86400.0,PTVRP_LAYERED_CONT_FIX,370285.0,5,1,0.0032,3,1,1,1747,1.0,,0,0,2490,0,,,,,
Instances/Instances 1/vm1748_09.gt,1747,50000.0,86400.0,PTVRP_LAYERED_CONT_FIX,370285.0,5,1,0.0032,1,1,1,1747,1.0,,0,0,2490,0,,,,,
Instances/Instances 1/vm1748_10.gt,1747,100000.0,86400.0,PTVRP_LAYERED_CONT_FIX,370285.0,5,1,0.0032,1,1,1,1747,1.0,,0,0,2490,0,,,,,
Instances/Instances 1/vm22775_01.gt,22774,100.0,86400.0,PTVRP_LAYERED_CONT_FIX,54441730.0,2712,8,0.053,5807,32,10,345163,15.156,,0,0,421348,0,,,,,
Instances/Instances 1/vm22775_02.gt,22774,200.0,86400.0,PTVRP_LAYERED_CONT_FIX,27584502.0,1942,5,0.0475,2904,22,7,288561,12.6706,,0,0,537808,0,,,,,
Instances/Instances 1/vm22775_03.gt,22774,500.0,86400.0,PTVRP_LAYERED_CONT_FIX,11229261.0,1107,3,0.0386,1158,15,4,216404,9.50224,,0,0,509920,0,,,,,
Instances/Instances 1/vm22775_04.gt,22774,1000.0,86400.0,PTVRP_LAYERED_CONT_FIX,5855160.0,588,2,0.033,580,10,3,166622,7.31633,,0,0,321120,0,,,,,
Instances/Instances 1/vm22775_05.gt,22774,2000.0,86400.0,PTVRP_LAYERED_CONT_FIX,3205006.0,296,1,0.0271,292,8,3,126440,5.55195,,0,0,187275,0,,,,,
Instances/Instances 1/vm22775_06.gt,22774,5000.0,86400.0,PTVRP_LAYERED_CONT_FIX,1611192.0,118,1,0.0234,116,5,2,85693,3.76276,,0,0,70410,0,,,,,
Instances/Instances 1/vm22775_07.gt,22774,10000.0,86400.0,PTVRP_LAYERED_CONT_FIX,1085937.0,61,1,0.0221,59,3,1,65035,2.85567,,0,0,49095,0,,,,,
Instances/Instances 1/vm22775_08.gt,22774,20000.0,86400.0,PTVRP_LAYERED_CONT_FIX,824494.0,30,1,0.0192,30,2,1,44766,1.96566,,0,0,4235,0,,,,,
Instances/Instances 1/vm22775_09.gt,22774,50000.0,86400.0,PTVRP_LAYERED_CONT_FIX,667934.0,13,1,0.0164,12,2,1,23411,1.02797,,0,0,2475,0,,,,,
Instances/Instances 1/vm22775_10.gt,22774,100000.0,86400.0,PTVRP_LAYERED_CONT_FIX,630951.0,8,1,0.0184,6,1,1,22774,1.0,,0,0,177982,0,,,,,
Instances/Instances 1/wi29_01.gt,28,100.0,86400.0,PTVRP_LAYERED_CONT_FIX,63832.0,8,1,0.0026,7,5,1,98,3.5,,0,0,11,0,,,,,
Instances/Instances 1/wi29_02.gt,28,200.0,86400.0,PTVRP_LAYERED_CONT_FIX,43652.0,5,1,0.0023,4,3,1,53,1.89286,,0,0,0,0,,,,,
Instances/Instances 1/wi29_03.gt,28,500.0,86400.0,PTVRP_LAYERED_CONT_FIX,34911.0,3,1,0.0022,2,2,1,36,1.28571,,0,0,0,0,,,,,
Instances/Instances 1/wi29_04.gt,28,1000.0,86400.0,PTVRP_LAYERED_CONT_FIX,33110.0,1,1,0.0023,1,1,1,28,1.0,,0,0,0,0,,,,,
Instances/Instances 1/wi29_05.gt,28,2000.0,86400.0,PTVRP_LAYERED_CONT_FIX,33110.0,1,1,0.0022,1,1,1,28,1.0,,0,0,0,0,,,,,
Instances/Instances 1/wi29_06.gt,28,5000.0,86400.0,PTVRP_LAYERED_CONT_FIX,33110.0,1,1,0.0022,1,1,1,28,1.0,,0,0,0,0,,,,,
Instances/Instances 1/wi29_07.gt,28,10000.0,86400.0,PTVRP_LAYERED_CONT_FIX,33110.0,1,1,0.0022,1,1,1,28,1.0,,0,0,0,0,,,,,
Instances/Instances 1/wi29_08.gt,28,20000.0,86400.0,PTVRP_LAYERED_CONT_FIX,33110.0,1,1,0.0021,1,1,1,28,1.0,,0,0,0,0,,,,,
Instances/Instances 1/wi29_09.gt,28,50000.0,86400.0,PTVRP_LAYERED_CONT_FIX,33110.0,1,1,0.0022,1,1,1,28,1.0,,0,0,0,0,,,,,
Instances/Instances 1/wi29_10.gt,28,100000.0,86400.0,PTVRP_LAYERED_CONT_FIX,33110.0,1,1,0.0021,1,1,1,28,1.0,,0,0,0,0,,,,,
Instances/Instances 1/ym7663_01.gt,7662,100.0,86400.0,PTVRP_LAYERED_CONT_FIX,7752216.0,1133,5,0.0231,1951,32,8,168814,22.0326,,0,0,95759,0,,,,,
Instances/Instances 1/ym7663_02.gt,7662,200.0,86400.0,PTVRP_LAYERED_CONT_FIX,4018081.0,839,3,0.0207,990,23,4,128826,16.8136,,0,0,77086,0,,,,,
Instances/Instances 1/ym7663_03.gt,7662,500.0,86400.0,PTVRP_LAYERED_CONT_FIX,1695913.0,401,2,0.0165,389,15,3,85761,11.193,,0,0,34707,0,,,,,
Instances/Instances 1/ym7663_04.gt,7662,1000.0,86400.0,PTVRP_LAYERED_CONT_FIX,953947.0,201,1,0.0122,196,10,2,62917,8.21156,,0,0,16706,0,,,,,
Instances/Instances 1/ym7663_05.gt,7662,2000.0,86400.0,PTVRP_LAYERED_CONT_FIX,584538.0,101,1,0.0104,98,7,2,45198,5.89898,,0,0,9943,0,,,,,
Instances/Instances 1/ym7663_06.gt,7662,5000.0,86400.0,PTVRP_LAYERED_CONT_FIX,374947.0,41,1,0.01,39,5,1,28503,3.72005,,0,0,2671,0,,,,,
Instances/Instances 1/ym7663_07.gt,7662,10000.0,86400.0,PTVRP_LAYERED_CONT_FIX,306692.0,22,1,0.0082,20,3,1,20356,2.65675,,0,0,1537,0,,,,,
Instances/Instances 1/ym7663_08.gt,7662,20000.0,86400.0,PTVRP_LAYERED_CONT_FIX,274088.0,11,1,0.0075,10,2,1,14426,1.8828,,0,0,98,0,,,,,
Instances/Instances 1/ym7663_09.gt,7662,50000.0,86400.0,PTVRP_LAYERED_CONT_FIX,257285.0,5,1,0.0073,4,2,1,8966,1.17019,,0,0,3005,0,,,,,
Instances/Instances 1/ym7663_10.gt,7662,100000.0,86400.0,PTVRP_LAYERED_CONT_FIX,255251.0,4,1,0.0071,2,1,1,7662,1.0,,0,0,2205,0,,,,,
Instances/Instances 1/zi929_01.gt,928,100.0,86400.0,PTVRP_LAYERED_CONT_FIX,1109222.0,162,5,0.0043,240,31,7,13862,14.9375,,0,0,6659,0,,,,,
Instances/Instances 1/zi929_02.gt,928,200.0,86400.0,PTVRP_LAYERED_CONT_FIX,570785.0,108,4,0.0039,117,20,4,9705,10.458,,0,0,3632,0,,,,,
Instances/Instances 1/zi929_03.gt,928,500.0,86400.0,PTVRP_LAYERED_CONT_FIX,275845.0,50,1,0.0033,47,10,2,5816,6.26724,,0,0,1429,0,,,,,
Instances/Instances 1/zi929_04.gt,928,1000.0,86400.0,PTVRP_LAYERED_CONT_FIX,181723.0,26,1,0.0031,24,6,2,3897,4.19935,,0,0,603,0,,,,,
Instances/Instances 1/zi929_05.gt,928,2000.0,86400.0,PTVRP_LAYERED_CONT_FIX,137565.0,14,1,0.0029,12,4,1,2620,2.82328,,0,0,157,0,,,,,
Instances/Instances 1/zi929_06.gt,928,5000.0,86400.0,PTVRP_LAYERED_CONT_FIX,111798.0,6,1,0.0027,5,2,1,1662,1.79095,,0,0,0,0,,,,,
Instances/Instances 1/zi929_07.gt,928,10000.0,86400.0,PTVRP_LAYERED_CONT_FIX,101349.0,3,1,0.0027,3,2,1,1266,1.36422,,0,0,291,0,,,,,
Instances/Instances 1/zi929_08.gt,928,20000.0,86400.0,PTVRP_LAYERED_CONT_FIX,100905.0,2,1,0.0028,2,1,1,928,1.0,,0,0,8,0,,,,,
Instances/Instances 1/zi929_09.gt,928,50000.0,86400.0,PTVRP_LAYERED_CONT_FIX,100905.0,2,1,0.0027,1,1,1,928,1.0,,0,0,8,0,,,,,
Instances/Instances 1/zi929_10.gt,928,100000.0,86400.0,PTVRP_LAYERED_CONT_FIX,100905.0,2,1,0.0026,1,1,1,928,1.0,,0,0,8,0,,,,,
Instances/Instances 2/a280_01.gt,279,20.0,86400.0,PTVRP_LAYERED_CONT_FIX,73065.0,134,8,0.004,359,112,8,24984,89.5484,,0,0,774,0,,,,,
Instances/Instances 2/a280_02.gt,279,40.0,86400.0,PTVRP_LAYERED_CONT_FIX,36676.0,110,5,0.0035,170,78,5,16352,58.6093,,0,0,549,0,,,,,
Instances/Instances 2/a280_03.gt,279,100.0,86400.0,PTVRP_LAYERED_CONT_FIX,15828.0,68,3,0.0031,70,48,3,9156,32.8172,,0,0,131,0,,,,,
Instances/Instances 2/a280_04.gt,279,200.0,86400.0,PTVRP_LAYERED_CONT_FIX,9183.0,40,1,0.0027,36,34,2,5050,18.1004,,0,0,5,0,,,,,
Instances/Instances 2/a280_05.gt,279,400.0,86400.0,PTVRP_LAYERED_CONT_FIX,5637.0,19,1,0.0025,18,18,1,2618,9.38351,,0,0,0,0,,,,,
Instances/Instances 2/a280_06.gt,279,1000.0,86400.0,PTVRP_LAYERED_CONT_FIX,3760.0,9,1,0.0023,8,8,1,1150,4.12186,,0,0,0,0,,,,,
Instances/Instances 2/a280_07.gt,279,2000.0,86400.0,PTVRP_LAYERED_CONT_FIX,3205.0,5,1,0.0023,4,4,1,663,2.37634,,0,0,0,0,,,,,
Instances/Instances 2/a280_08.gt,279,4000.0,86400.0,PTVRP_LAYERED_CONT_FIX,2961.0,3,1,0.0024,2,2,1,402,1.44086,,0,0,0,0,,,,,
Instances/Instances 2/a280_09.gt,279,10000.0,86400.0,PTVRP_LAYERED_CONT_FIX,2835.0,1,1,0.0023,1,1,1,279,1.0,,0,0,0,0,,,,,
Instances/Instances 2/a280_10.gt,279,20000.0,86400.0,PTVRP_LAYERED_CONT_FIX,2835.0,1,1,0.0023,1,1,1,279,1.0,,0,0,0,0,,,,,
Instances/Instances 2/ar9152_01.gt,9151,20.0,86400.0,PTVRP_LAYERED_CONT_FIX,NO SOLUTION,,,0.0165,11651,42,14,139332,15.2259,,0,0,27835,0,,,,,
Instances/Instances 2/ar9152_02.gt,9151,40.0,86400.0,PTVRP_LAYERED_CONT_FIX,NO SOLUTION,,,0.0169,5828,33,11,122424,13.3782,,0,0,42639,0,,,,,
Instances/Instances 2/ar9152_03.gt,9151,100.0,86400.0,PTVRP_LAYERED_CONT_FIX,28715905.0,1460,7,0.0257,2328,22,7,95589,10.4457,,0,0,88823,0,,,,,
Instances/Instances 2/ar9152_04.gt,9151,200.0,86400.0,PTVRP_LAYERED_CONT_FIX,14651277.0,987,5,0.0194,1165,15,7,76041,8.30958,,0,0,98735,0,,,,,
Instances/Instances 2/ar9152_05.gt,9151,400.0,86400.0,PTVRP_LAYERED_CONT_FIX,7705355.0,580,3,0.016,587,11,4,58848,6.43077,,0,0,82247,0,,,,,
Instances/Instances 2/ar9152_06.gt,9151,1000.0,86400.0,PTVRP_LAYERED_CONT_FIX,3501476.0,242,2,0.013,235,7,2,40587,4.43525,,0,0,53203,0,,,,,
Instances/Instances 2/ar9152_07.gt,9151,2000.0,86400.0,PTVRP_LAYERED_CONT_FIX,2123295.0,122,1,0.0114,117,5,2,29653,3.24041,,0,0,39837,0,,,,,
Instances/Instances 2/ar9152_08.gt,9151,4000.0,86400.0,PTVRP_LAYERED_CONT_FIX,1455041.0,61,1,0.01,59,4,1,21480,2.34728,,0,0,11656,0,,,,,
Instances/Instances 2/ar9152_09.gt,9151,10000.0,86400.0,PTVRP_LAYERED_CONT_FIX,1091432.0,27,1,0.0092,24,2,1,15088,1.64878,,0,0,21092,0,,,,,
Instances/Instances 2/ar9152_10.gt,9151,20000.0,86400.0,PTVRP_LAYERED_CONT_FIX,988353.0,15,1,0.0093,12,1,1,9151,1.0,,0,0,19110,0,,,,,
Instances/Instances 2/berlin52_01.gt,51,20.0,86400.0,PTVRP_LAYERED_CONT_FIX,51496.0,35,4,0.0026,59,31,4,1076,21.098,,0,0,32,0,,,,,
Instances/Instances 2/berlin52_02.gt,51,40.0,86400.0,PTVRP_LAYERED_CONT_FIX,31750.0,28,2,0.0025,33,22,3,746,14.6275,,0,0,22,0,,,,,
Instances/Instances 2/berlin52_03.gt,51,100.0,86400.0,PTVRP_LAYERED_CONT_FIX,16839.0,17,1,0.0022,15,12,1,363,7.11765,,0,0,1,0,,,,,
Instances/Instances 2/berlin52_04.gt,51,200.0,86400.0,PTVRP_LAYERED_CONT_FIX,11555.0,9,1,0.0023,8,8,1,211,4.13725,,0,0,0,0,,,,,
Instances/Instances 2/berlin52_05.gt,51,400.0,86400.0,PTVRP_LAYERED_CONT_FIX,8782.0,4,1,0.0022,4,4,1,112,2.19608,,0,0,0,0,,,,,
Instances/Instances 2/berlin52_06.gt,51,1000.0,86400.0,PTVRP_LAYERED_CONT_FIX,7852.0,2,1,0.0023,2,2,1,63,1.23529,,0,0,0,0,,,,,
Instances/Instances 2/berlin52_07.gt,51,2000.0,86400.0,PTVRP_LAYERED_CONT_FIX,7803.0,1,1,0.0021,1,1,1,51,1.0,,0,0,0,0,,,,,
Instances/Instances 2/berlin52_08.gt,51,4000.0,86400.0,PTVRP_LAYERED_CONT_FIX,7803.0,1,1,0.0023,1,1,1,51,1.0,,0,0,0,0,,,,,
Instances/Instances 2/berlin52_09.gt,51,10000.0,86400.0,PTVRP_LAYERED_CONT_FIX,7803.0,1,1,0.0022,1,1,1,51,1.0,,0,0,0,0,,,,,
Instances/Instances 2/berlin52_10.gt,51,20000.0,86400.0,PTVRP_LAYERED_CONT_FIX,7803.0,1,1,0.0024,1,1,1,51,1.0,,0,0,0,0,,,,,
Instances/Instances 2/bier127_01.gt,126,20.0,86400.0,PTVRP_LAYERED_CONT_FIX,1285131.0,74,5,0.0027,154,17,6,1244,9.87302,,0,0,156,0,,,,,
Instances/Instances 2/bier127_02.gt,126,40.0,86400.0,PTVRP_LAYERED_CONT_FIX,732831.0,60,4,0.0025,86,12,4,926,7.34921,,0,0,145,0,,,,,
Instances/Instances 2/bier127_03.gt,126,100.0,86400.0,PTVRP_LAYERED_CONT_FIX,325803.0,38,2,0.0026,34,8,2,596,4.73016,,0,0,88,0,,,,,
Instances/Instances 2/bier127_04.gt,126,200.0,86400.0,PTVRP_LAYERED_CONT_FIX,217579.0,18,1,0.0024,16,5,1,379,3.00794,,0,0,56,0,,,,,
Instances/Instances 2/bier127_05.gt,126,400.0,86400.0,PTVRP_LAYERED_CONT_FIX,158074.0,10,1,0.0022,9,3,1,268,2.12698,,0,0,54,0,,,,,
Instances/Instances 2/bier127_06.gt,126,1000.0,86400.0,PTVRP_LAYERED_CONT_FIX,129911.0,4,1,0.0022,4,2,1,162,1.28571,,0,0,16,0,,,,,
Instances/Instances 2/bier127_07.gt,126,2000.0,86400.0,PTVRP_LAYERED_CONT_FIX,126048.0,2,1,0.0022,2,1,1,126,1.0,,0,0,86,0,,,,,
Instances/Instances 2/bier127_08.gt,126,4000.0,86400.0,PTVRP_LAYERED_CONT_FIX,126048.0,2,1,0.0022,1,1,1,126,1.0,,0,0,86,0,,,,,
Instances/Instances 2/bier127_09.gt,126,10000.0,86400.0,PTVRP_LAYERED_CONT_FIX,126048.0,2,1,0.0023,1,1,1,126,1.0,,0,0,86,0,,,,,
Instances/Instances 2/bier127_10.gt,126,20000.0,86400.0,PTVRP_LAYERED_CONT_FIX,126048.0,2,1,0.0022,1,1,1,126,1.0,,0,0,86,0,,,,,
Instances/Instances 2/bm33708_01.gt,33707,20.0,86400.0,PTVRP_LAYERED_CONT_FIX,266607781.0,9733,18,0.1222,42941,74,18,924280,27.421,,0,0,265506,0,,,,,
Instances/Instances 2/bm33708_02.gt,33707,40.0,86400.0,PTVRP_LAYERED_CONT_FIX,133799378.0,6827,12,0.1102,21442,52,13,797836,23.6697,,0,0,384507,0,,,,,
Instances/Instances 2/bm33708_03.gt,33707,100.0,86400.0,PTVRP_LAYERED_CONT_FIX,54459415.0,4689,7,0.0899,8593,31,9,616238,18.2822,,0,0,524934,0,,,,,
Instances/Instances 2/bm33708_04.gt,33707,200.0,86400.0,PTVRP_LAYERED_CONT_FIX,27637382.0,3325,4,0.0758,4290,22,6,487665,14.4678,,1,0,544742,0,,,,,
Instances/Instances 2/bm33708_05.gt,33707,400.0,86400.0,PTVRP_LAYERED_CONT_FIX,14181009.0,2096,3,0.0643,2144,15,4,374585,11.113,,0,0,429037,0,,,,,
Instances/Instances 2/bm33708_06.gt,33707,1000.0,86400.0,PTVRP_LAYERED_CONT_FIX,6125752.0,878,2,0.0496,860,10,3,257211,7.63079,,0,0,212655,0,,,,,
Instances/Instances 2/bm33708_07.gt,33707,2000.0,86400.0,PTVRP_LAYERED_CONT_FIX,3525039.0,440,1,0.0417,431,7,2,190087,5.63939,,0,0,115344,0,,,,,
Instances/Instances 2/bm33708_08.gt,33707,4000.0,86400.0,PTVRP_LAYERED_CONT_FIX,2222571.0,220,1,0.0365,216,5,2,136807,4.05871,,0,0,41865,0,,,,,
Instances/Instances 2/bm33708_09.gt,33707,10000.0,86400.0,PTVRP_LAYERED_CONT_FIX,1447859.0,89,1,0.0324,86,3,1,92617,2.74771,,0,0,15133,0,,,,,
Instances/Instances 2/bm33708_10.gt,33707,20000.0,86400.0,PTVRP_LAYERED_CONT_FIX,1193768.0,46,1,0.0301,43,2,1,66602,1.97591,,0,0,6670,0,,,,,
Instances/Instances 2/brd14051_01.gt,14050,20.0,86400.0,PTVRP_LAYERED_CONT_FIX,81780746.0,4064,20,0.0532,17885,61,23,433771,30.8734,,0,0,113713,0,,,,,
Instances/Instances 2/brd14051_02.gt,14050,40.0,86400.0,PTVRP_LAYERED_CONT_FIX,41126740.0,3140,12,0.0501,8884,44,14,361963,25.7625,,0,0,150735,0,,,,,
Instances/Instances 2/brd14051_03.gt,14050,100.0,86400.0,PTVRP_LAYERED_CONT_FIX,16827003.0,2170,6,0.0389,3571,30,8,268319,19.0974,,1,0,173077,0,,,,,
Instances/Instances 2/brd14051_04.gt,14050,200.0,86400.0,PTVRP_LAYERED_CONT_FIX,8657069.0,1466,4,0.0337,1790,23,5,206275,14.6815,,0,0,151792,0,,,,,
Instances/Instances 2/brd14051_05.gt,14050,400.0,86400.0,PTVRP_LAYERED_CONT_FIX,4494231.0,902,2,0.0266,897,16,3,154672,11.0087,,0,0,98660,0,,,,,
Instances/Instances 2/brd14051_06.gt,14050,1000.0,86400.0,PTVRP_LAYERED_CONT_FIX,2039632.0,367,1,0.0199,358,10,2,103417,7.36064,,0,0,42034,0,,,,,
Instances/Instances 2/brd14051_07.gt,14050,2000.0,86400.0,PTVRP_LAYERED_CONT_FIX,1239364.0,186,1,0.0182,180,7,1,75100,5.3452,,0,0,24996,0,,,,,
Instances/Instances 2/brd14051_08.gt,14050,4000.0,86400.0,PTVRP_LAYERED_CONT_FIX,849957.0,94,1,0.0152,91,5,1,55808,3.9721,,0,0,19420,0,,,,,
Instances/Instances 2/brd14051_09.gt,14050,10000.0,86400.0,PTVRP_LAYERED_CONT_FIX,613164.0,39,1,0.013,36,3,1,33492,2.38377,,0,0,6989,0,,,,,
Instances/Instances 2/brd14051_10.gt,14050,20000.0,86400.0,PTVRP_LAYERED_CONT_FIX,535031.0,20,1,0.0123,18,2,1,27300,1.94306,,0,0,26,0,,,,,
Instances/Instances 2/ca4663_01.gt,4662,20.0,86400.0,PTVRP_LAYERED_CONT_FIX,NO SOLUTION,,,0.0066,5906,20,4,17861,3.83119,,0,0,712,0,,,,,
Instances/Instances 2/ca4663_02.gt,4662,40.0,86400.0,PTVRP_LAYERED_CONT_FIX,NO SOLUTION,,,0.0063,2960,17,4,18456,3.95882,,0,0,2404,0,,,,,
Instances/Instances 2/ca4663_03.gt,4662,100.0,86400.0,PTVRP_LAYERED_CONT_FIX,NO SOLUTION,,,0.0061,1193,9,3,16448,3.5281,,0,0,12686,0,,,,,
Instances/Instances 2/ca4663_04.gt,4662,200.0,86400.0,PTVRP_LAYERED_CONT_FIX,NO SOLUTION,,,0.0059,594,7,3,14589,3.12934,,0,0,18978,0,,,,,
Instances/Instances 2/ca4663_05.gt,4662,400.0,86400.0,PTVRP_LAYERED_CONT_FIX,NO SOLUTION,,,0.0064,295,5,2,12441,2.6686,,0,0,27302,0,,,,,
Instances/Instances 2/ca4663_06.gt,4662,1000.0,86400.0,PTVRP_LAYERED_CONT_FIX,NO SOLUTION,,,0.0058,118,3,2,9807,2.1036,,0,0,37711,0,,,,,
Instances/Instances 2/ca4663_07.gt,4662,2000.0,86400.0,PTVRP_LAYERED_CONT_FIX,NO SOLUTION,,,0.0054,60,2,1,7669,1.645,,0,0,32854,0,,,,,
Instances/Instances 2/ca4663_08.gt,4662,4000.0,86400.0,PTVRP_LAYERED_CONT_FIX,NO SOLUTION,,,0.0058,30,2,1,5600,1.2012,,0,0,16716,0,,,,,
Instances/Instances 2/ca4663_09.gt,4662,10000.0,86400.0,PTVRP_LAYERED_CONT_FIX,NO SOLUTION,,,0.0054,12,1,1,4662,1.0,,0,0,85603,0,,,,,
Instances/Instances 2/ca4663_10.gt,4662,20000.0,86400.0,PTVRP_LAYERED_CONT_FIX,NO SOLUTION,,,0.0053,6,1,1,4662,1.0,,0,0,116358,0,,,,,
Instances/Instances 2/ch130_01.gt,129,20.0,86400.0,PTVRP_LAYERED_CONT_FIX,97546.0,65,6,0.0028,163,51,7,4918,38.124,,0,0,199,0,,,,,
Instances/Instances 2/ch130_02.gt,129,40.0,86400.0,PTVRP_LAYERED_CONT_FIX,53970.0,54,5,0.0026,83,37,5,3410,26.4341,,0,0,153,0,,,,,
Instances/Instances 2/ch130_03.gt,129,100.0,86400.0,PTVRP_LAYERED_CONT_FIX,23296.0,33,2,0.0025,33,22,2,1804,13.9845,,0,0,31,0,,,,,
Instances/Instances 2/ch130_04.gt,129,200.0,86400.0,PTVRP_LAYERED_CONT_FIX,15027.0,21,1,0.0024,18,16,2,1237,9.58915,,0,0,2,0,,,,,
Instances/Instances 2/ch130_05.gt,129,400.0,86400.0,PTVRP_LAYERED_CONT_FIX,9679.0,9,1,0.0023,8,8,1,582,4.51163,,0,0,0,0,,,,,
Instances/Instances 2/ch130_06.gt,129,1000.0,86400.0,PTVRP_LAYERED_CONT_FIX,6878.0,4,1,0.0023,4,4,1,272,2.10853,,0,0,0,0,,,,,
Instances/Instances 2/ch130_07.gt,129,2000.0,86400.0,PTVRP_LAYERED_CONT_FIX,6533.0,2,1,0.0023,2,2,1,176,1.36434,,0,0,0,0,,,,,
Instances/Instances 2/ch130_08.gt,129,4000.0,86400.0,PTVRP_LAYERED_CONT_FIX,6291.0,1,1,0.0022,1,1,1,129,1.0,,0,0,0,0,,,,,
Instances/Instances 2/ch130_09.gt,129,10000.0,86400.0,PTVRP_LAYERED_CONT_FIX,6291.0,1,1,0.0022,1,1,1,129,1.0,,0,0,0,0,,,,,
Instances/Instances 2/ch130_10.gt,129,20000.0,86400.0,PTVRP_LAYERED_CONT_FIX,6291.0,1,1,0.0022,1,1,1,129,1.0,,0,0,0,0,,,,,
Instances/Instances 2/ch150_01.gt,149,20.0,86400.0,PTVRP_LAYERED_CONT_FIX,125618.0,83,6,0.0028,204,55,8,6326,42.4564,,0,0,260,0,,,,,
Instances/Instances 2/ch150_02.gt,149,40.0,86400.0,PTVRP_LAYERED_CONT_FIX,57340.0,63,4,0.0027,87,34,4,3907,26.2215,,0,0,180,0,,,,,
Instances/Instances 2/ch150_03.gt,149,100.0,86400.0,PTVRP_LAYERED_CONT_FIX,26227.0,40,2,0.0025,37,22,2,2281,15.3087,,0,0,60,0,,,,,
Instances/Instances 2/ch150_04.gt,149,200.0,86400.0,PTVRP_LAYERED_CONT_FIX,16318.0,20,2,0.0023,19,16,2,1476,9.90604,,0,0,25,0,,,,,
Instances/Instances 2/ch150_05.gt,149,400.0,86400.0,PTVRP_LAYERED_CONT_FIX,10933.0,11,1,0.0023,11,11,1,829,5.56376,,0,0,0,0,,,,,
Instances/Instances 2/ch150_06.gt,149,1000.0,86400.0,PTVRP_LAYERED_CONT_FIX,8110.0,5,1,0.0022,4,4,1,367,2.46309,,0,0,0,0,,,,,
Instances/Instances 2/ch150_07.gt,149,2000.0,86400.0,PTVRP_LAYERED_CONT_FIX,7598.0,3,1,0.0022,2,2,1,221,1.48322,,0,0,0,0,,,,,
Instances/Instances 2/ch150_08.gt,149,4000.0,86400.0,PTVRP_LAYERED_CONT_FIX,7281.0,1,1,0.0022,1,1,1,149,1.0,,0,0,0,0,,,,,
Instances/Instances 2/ch150_09.gt,149,10000.0,86400.0,PTVRP_LAYERED_CONT_FIX,7281.0,1,1,0.0023,1,1,1,149,1.0,,0,0,0,0,,,,,
Instances/Instances 2/ch150_10.gt,149,20000.0,86400.0,PTVRP_LAYERED_CONT_FIX,7281.0,1,1,0.0022,1,1,1,149,1.0,,0,0,0,0,,,,,
Instances/Instances 2/ch71009_01.gt,71008,20.0,86400.0,PTVRP_LAYERED_CONT_FIX,NO SOLUTION,,,0.095,90409,46,2,856895,12.0676,,0,0,6,0,,,,,
Instances/Instances 2/ch71009_02.gt,71008,40.0,86400.0,PTVRP_LAYERED_CONT_FIX,NO SOLUTION,,,0.1049,45230,34,13,805457,11.3432,,0,0,298704,0,,,,,
Instances/Instances 2/ch71009_03.gt,71008,100.0,86400.0,PTVRP_LAYERED_CONT_FIX,314780250.0,10214,6,0.1495,18086,23,8,686112,9.66246,,0,0,874715,0,,,,,
Instances/Instances 2/ch71009_04.gt,71008,200.0,86400.0,PTVRP_LAYERED_CONT_FIX,157461685.0,6636,5,0.1251,9044,16,6,582332,8.20094,,0,0,1174937,0,,,,,
Instances/Instances 2/ch71009_05.gt,71008,400.0,86400.0,PTVRP_LAYERED_CONT_FIX,80096350.0,4204,4,0.1094,4529,12,5,477322,6.72209,,2,0,1265361,0,,,,,
Instances/Instances 2/ch71009_06.gt,71008,1000.0,86400.0,PTVRP_LAYERED_CONT_FIX,34240708.0,1841,2,0.0884,1809,8,3,348569,4.90887,,0,0,926589,0,,,,,
Instances/Instances 2/ch71009_07.gt,71008,2000.0,86400.0,PTVRP_LAYERED_CONT_FIX,19363856.0,920,1,0.0774,905,6,2,266044,3.74668,,0,0,713686,0,,,,,
Instances/Instances 2/ch71009_08.gt,71008,4000.0,86400.0,PTVRP_LAYERED_CONT_FIX,12256165.0,468,1,0.0693,453,4,2,201917,2.84358,,0,0,548815,0,,,,,
Instances/Instances 2/ch71009_09.gt,71008,10000.0,86400.0,PTVRP_LAYERED_CONT_FIX,8265565.0,205,1,0.0616,182,3,1,138028,1.94384,,0,0,418106,0,,,,,
Instances/Instances 2/ch71009_10.gt,71008,20000.0,86400.0,PTVRP_LAYERED_CONT_FIX,7106010.0,120,1,0.0583,91,2,1,98584,1.38835,,0,0,291081,0,,,,,
Instances/Instances 2/d1291_01.gt,1290,20.0,86400.0,PTVRP_LAYERED_CONT_FIX,3596492.0,488,13,0.0082,1730,59,18,53480,41.4574,,0,0,8511,0,,,,,
Instances/Instances 2/d1291_02.gt,1290,40.0,86400.0,PTVRP_LAYERED_CONT_FIX,1680169.0,377,8,0.0071,791,42,9,39462,30.5907,,0,0,8973,0,,,,,
Instances/Instances 2/d1291_03.gt,1290,100.0,86400.0,PTVRP_LAYERED_CONT_FIX,734697.0,249,5,0.0057,332,27,5,27146,21.0434,,0,0,6852,0,,,,,
Instances/Instances 2/d1291_04.gt,1290,200.0,86400.0,PTVRP_LAYERED_CONT_FIX,377356.0,161,2,0.005,164,19,3,19377,15.0209,,0,0,4044,0,,,,,
Instances/Instances 2/d1291_05.gt,1290,400.0,86400.0,PTVRP_LAYERED_CONT_FIX,210524.0,86,1,0.0043,82,13,2,13644,10.5767,,3,0,2463,0,,,,,
Instances/Instances 2/d1291_06.gt,1290,1000.0,86400.0,PTVRP_LAYERED_CONT_FIX,111323.0,34,1,0.0036,33,8,1,8694,6.73953,,0,0,2209,0,,,,,
Instances/Instances 2/d1291_07.gt,1290,2000.0,86400.0,PTVRP_LAYERED_CONT_FIX,79274.0,18,1,0.0034,17,6,1,5947,4.61008,,0,0,1608,0,,,,,
Instances/Instances 2/d1291_08.gt,1290,4000.0,86400.0,PTVRP_LAYERED_CONT_FIX,62440.0,10,1,0.0032,9,4,1,4159,3.22403,,0,0,427,0,,,,,
Instances/Instances 2/d1291_09.gt,1290,10000.0,86400.0,PTVRP_LAYERED_CONT_FIX,56230.0,5,1,0.003,4,2,1,2201,1.7062,,0,0,0,0,,,,,
Instances/Instances 2/d1291_10.gt,1290,20000.0,86400.0,PTVRP_LAYERED_CONT_FIX,53710.0,2,1,0.0029,2,2,1,1779,1.37907,,0,0,0,0,,,,,
Instances/Instances 2/d15112_01.gt,15111,20.0,86400.0,PTVRP_LAYERED_CONT_FIX,269951897.0,6659,13,0.0522,19205,39,13,191944,12.7023,,0,0,59217,0,,,,,
Instances/Instances 2/d15112_02.gt,15111,40.0,86400.0,PTVRP_LAYERED_CONT_FIX,133937531.0,4194,10,0.043,9691,31,11,171626,11.3577,,0,0,88870,0,,,,,
Instances/Instances 2/d15112_03.gt,15111,100.0,86400.0,PTVRP_LAYERED_CONT_FIX,53486510.0,2389,5,0.033,3832,18,6,135422,8.96182,,0,0,135731,0,,,,,
Instances/Instances 2/d15112_04.gt,15111,200.0,86400.0,PTVRP_LAYERED_CONT_FIX,27562281.0,1659,3,0.0271,1930,13,4,109466,7.24413,,0,0,152157,0,,,,,
Instances/Instances 2/d15112_05.gt,15111,400.0,86400.0,PTVRP_LAYERED_CONT_FIX,14243316.0,970,3,0.023,958,9,3,85034,5.62729,,0,0,127058,0,,,,,
Instances/Instances 2/d15112_06.gt,15111,1000.0,86400.0,PTVRP_LAYERED_CONT_FIX,6567888.0,398,2,0.0202,389,6,2,59510,3.93819,,0,0,85359,0,,,,,
Instances/Instances 2/d15112_07.gt,15111,2000.0,86400.0,PTVRP_LAYERED_CONT_FIX,4004594.0,200,1,0.0159,194,4,2,45106,2.98498,,0,0,50595,0,,,,,
Instances/Instances 2/d15112_08.gt,15111,4000.0,86400.0,PTVRP_LAYERED_CONT_FIX,2765033.0,101,1,0.014,97,3,1,33025,2.18549,,0,0,38336,0,,,,,
Instances/Instances 2/d15112_09.gt,15111,10000.0,86400.0,PTVRP_LAYERED_CONT_FIX,2023634.0,41,1,0.0121,39,2,1,20707,1.37033,,0,0,12006,0,,,,,
Instances/Instances 2/d15112_10.gt,15111,20000.0,86400.0,PTVRP_LAYERED_CONT_FIX,1833096.0,24,1,0.0119,20,1,1,15111,1.0,,0,0,65570,0,,,,,
Instances/Instances 2/d1655_01.gt,1654,20.0,86400.0,PTVRP_LAYERED_CONT_FIX,4311096.0,614,14,0.0095,2092,56,14,67621,40.8833,,0,0,11191,0,,,,,
Instances/Instances 2/d1655_02.gt,1654,40.0,86400.0,PTVRP_LAYERED_CONT_FIX,2292931.0,492,9,0.0088,1074,45,9,52308,31.6252,,0,0,11810,0,,,,,
Instances/Instances 2/d1655_03.gt,1654,100.0,86400.0,PTVRP_LAYERED_CONT_FIX,916468.0,329,4,0.007,417,26,6,34993,21.1566,,0,0,8545,0,,,,,
Instances/Instances 2/d1655_04.gt,1654,200.0,86400.0,PTVRP_LAYERED_CONT_FIX,485112.0,211,3,0.0058,210,19,3,25426,15.3724,,0,0,5132,0,,,,,
Instances/Instances 2/d1655_05.gt,1654,400.0,86400.0,PTVRP_LAYERED_CONT_FIX,266111.0,111,1,0.0048,106,13,3,18225,11.0187,,0,0,2547,0,,,,,
Instances/Instances 2/d1655_06.gt,1654,1000.0,86400.0,PTVRP_LAYERED_CONT_FIX,139820.0,45,1,0.004,43,8,1,11400,6.89238,,0,0,1385,0,,,,,
Instances/Instances 2/d1655_07.gt,1654,2000.0,86400.0,PTVRP_LAYERED_CONT_FIX,99903.0,23,1,0.0038,22,6,1,7928,4.79323,,0,0,854,0,,,,,
Instances/Instances 2/d1655_08.gt,1654,4000.0,86400.0,PTVRP_LAYERED_CONT_FIX,78957.0,12,1,0.0035,11,4,1,5663,3.42382,,0,0,0,0,,,,,
Instances/Instances 2/d1655_09.gt,1654,10000.0,86400.0,PTVRP_LAYERED_CONT_FIX,68355.0,5,1,0.0032,5,3,1,3238,1.95768,,0,0,746,0,,,,,
Instances/Instances 2/d1655_10.gt,1654,20000.0,86400.0,PTVRP_LAYERED_CONT_FIX,66176.0,3,1,0.0031,3,2,1,2538,1.53446,,0,0,0,0,,,,,
Instances/Instances 2/d18512_01.gt,18511,20.0,86400.0,PTVRP_LAYERED_CONT_FIX,116490296.0,5262,16,0.0659,23700,58,20,530888,28.6796,,0,0,145858,0,,,,,
Instances/Instances 2/d18512_02.gt,18511,40.0,86400.0,PTVRP_LAYERED_CONT_FIX,58396177.0,4141,11,0.0563,11731,43,15,448396,24.2232,,0,0,200298,0,,,,,
Instances/Instances 2/d18512_03.gt,18511,100.0,86400.0,PTVRP_LAYERED_CONT_FIX,24156640.0,2808,7,0.0498,4733,27,8,337102,18.2109,,0,0,239301,0,,,,,
Instances/Instances 2/d18512_04.gt,18511,200.0,86400.0,PTVRP_LAYERED_CONT_FIX,12294558.0,1964,4,0.0425,2359,21,5,260759,14.0867,,0,0,217641,0,,,,,
Instances/Instances 2/d18512_05.gt,18511,400.0,86400.0,PTVRP_LAYERED_CONT_FIX,6379099.0,1180,2,0.0348,1182,15,3,196988,10.6417,,0,0,137739,0,,,,,
Instances/Instances 2/d18512_06.gt,18511,1000.0,86400.0,PTVRP_LAYERED_CONT_FIX,2882003.0,485,1,0.0265,473,9,2,132562,7.16126,,0,0,55496,0,,,,,
Instances/Instances 2/d18512_07.gt,18511,2000.0,86400.0,PTVRP_LAYERED_CONT_FIX,1735095.0,243,1,0.0227,235,7,1,95571,5.16293,,0,0,26680,0,,,,,
Instances/Instances 2/d18512_08.gt,18511,4000.0,86400.0,PTVRP_LAYERED_CONT_FIX,1184655.0,123,1,0.0202,119,5,1,70760,3.82259,,0,0,17865,0,,,,,
Instances/Instances 2/d18512_09.gt,18511,10000.0,86400.0,PTVRP_LAYERED_CONT_FIX,851731.0,52,1,0.0171,48,3,1,43104,2.32856,,0,0,8316,0,,,,,
Instances/Instances 2/d18512_10.gt,18511,20000.0,86400.0,PTVRP_LAYERED_CONT_FIX,742654.0,26,1,0.0163,24,2,1,36240,1.95775,,0,0,154,0,,,,,
Instances/Instances 2/d198_01.gt,197,20.0,86400.0,PTVRP_LAYERED_CONT_FIX,391429.0,92,8,0.0032,261,54,10,6911,35.0812,,0,0,569,0,,,,,
Instances/Instances 2/d198_02.gt,197,40.0,86400.0,PTVRP_LAYERED_CONT_FIX,216237.0,66,5,0.0027,130,36,6,4746,24.0914,,0,0,438,0,,,,,
Instances/Instances 2/d198_03.gt,197,100.0,86400.0,PTVRP_LAYERED_CONT_FIX,91745.0,51,2,0.0031,53,21,3,2721,13.8122,,0,0,220,0,,,,,
Instances/Instances 2/d198_04.gt,197,200.0,86400.0,PTVRP_LAYERED_CONT_FIX,50591.0,28,2,0.0025,27,13,2,1797,9.12183,,0,0,129,0,,,,,
Instances/Instances 2/d198_05.gt,197,400.0,86400.0,PTVRP_LAYERED_CONT_FIX,30885.0,15,1,0.0024,13,9,2,1182,6.0,,0,0,19,0,,,,,
Instances/Instances 2/d198_06.gt,197,1000.0,86400.0,PTVRP_LAYERED_CONT_FIX,20362.0,6,1,0.0024,5,5,1,588,2.98477,,0,0,0,0,,,,,
Instances/Instances 2/d198_07.gt,197,2000.0,86400.0,PTVRP_LAYERED_CONT_FIX,17770.0,3,1,0.0023,3,3,1,359,1.82234,,0,0,0,0,,,,,
Instances/Instances 2/d198_08.gt,197,4000.0,86400.0,PTVRP_LAYERED_CONT_FIX,17528.0,2,1,0.0022,2,2,1,242,1.22843,,0,0,0,0,,,,,
Instances/Instances 2/d198_09.gt,197,10000.0,86400.0,PTVRP_LAYERED_CONT_FIX,17527.0,1,1,0.0022,1,1,1,197,1.0,,0,0,0,0,,,,,
Instances/Instances 2/d198_10.gt,197,20000.0,86400.0,PTVRP_LAYERED_CONT_FIX,17527.0,1,1,0.0022,1,1,1,197,1.0,,0,0,0,0,,,,,
Instances/Instances 2/d2103_01.gt,2102,20.0,86400.0,PTVRP_LAYERED_CONT_FIX,6627894.0,737,13,0.0104,2722,52,13,80650,38.3682,,0,0,15312,0,,,,,
Instances/Instances 2/d2103_02.gt,2102,40.0,86400.0,PTVRP_LAYERED_CONT_FIX,3352463.0,617,9,0.0105,1347,38,10,62816,29.8839,,0,0,16299,0,,,,,
Instances/Instances 2/d2103_03.gt,2102,100.0,86400.0,PTVRP_LAYERED_CONT_FIX,1414941.0,401,4,0.0082,547,26,5,43357,20.6265,,0,0,12770,0,,,,,
Instances/Instances 2/d2103_04.gt,2102,200.0,86400.0,PTVRP_LAYERED_CONT_FIX,717586.0,261,3,0.0068,269,20,4,31676,15.0695,,0,0,10241,0,,,,,
Instances/Instances 2/d2103_05.gt,2102,400.0,86400.0,PTVRP_LAYERED_CONT_FIX,391265.0,141,2,0.0057,135,14,2,22881,10.8853,,0,0,6765,0,,,,,
Instances/Instances 2/d2103_06.gt,2102,1000.0,86400.0,PTVRP_LAYERED_CONT_FIX,199307.0,56,1,0.0047,55,8,1,14603,6.94719,,0,0,3531,0,,,,,
Instances/Instances 2/d2103_07.gt,2102,2000.0,86400.0,PTVRP_LAYERED_CONT_FIX,132609.0,32,1,0.0042,28,6,1,10268,4.88487,,0,0,2239,0,,,,,
Instances/Instances 2/d2103_08.gt,2102,4000.0,86400.0,PTVRP_LAYERED_CONT_FIX,106870.0,16,1,0.004,14,4,1,7511,3.57326,,0,0,2247,0,,,,,
Instances/Instances 2/d2103_09.gt,2102,10000.0,86400.0,PTVRP_LAYERED_CONT_FIX,91582.0,6,1,0.0037,6,3,1,4475,2.12892,,0,0,2180,0,,,,,
Instances/Instances 2/d2103_10.gt,2102,20000.0,86400.0,PTVRP_LAYERED_CONT_FIX,86881.0,3,1,0.0035,3,2,1,3422,1.62797,,0,0,0,0,,,,,
Instances/Instances 2/d493_01.gt,492,20.0,86400.0,PTVRP_LAYERED_CONT_FIX,971521.0,222,9,0.0043,630,55,9,18399,37.3963,,0,0,1791,0,,,,,
Instances/Instances 2/d493_02.gt,492,40.0,86400.0,PTVRP_LAYERED_CONT_FIX,492442.0,167,6,0.0039,299,39,7,13075,26.5752,,0,0,1477,0,,,,,
Instances/Instances 2/d493_03.gt,492,100.0,86400.0,PTVRP_LAYERED_CONT_FIX,219972.0,117,3,0.0035,126,26,3,8479,17.2337,,0,0,860,0,,,,,
Instances/Instances 2/d493_04.gt,492,200.0,86400.0,PTVRP_LAYERED_CONT_FIX,120902.0,70,1,0.003,63,17,2,6029,12.2541,,0,0,409,0,,,,,
Instances/Instances 2/d493_05.gt,492,400.0,86400.0,PTVRP_LAYERED_CONT_FIX,76085.0,34,1,0.0028,32,12,1,4139,8.4126,,0,0,90,0,,,,,
Instances/Instances 2/d493_06.gt,492,1000.0,86400.0,PTVRP_LAYERED_CONT_FIX,51097.0,16,1,0.0027,13,8,1,2449,4.97764,,0,0,36,0,,,,,
Instances/Instances 2/d493_07.gt,492,2000.0,86400.0,PTVRP_LAYERED_CONT_FIX,42824.0,8,1,0.0027,7,5,1,1637,3.32724,,0,0,16,0,,,,,
Instances/Instances 2/d493_08.gt,492,4000.0,86400.0,PTVRP_LAYERED_CONT_FIX,38821.0,4,1,0.0025,3,3,1,991,2.01423,,0,0,0,0,,,,,
Instances/Instances 2/d493_09.gt,492,10000.0,86400.0,PTVRP_LAYERED_CONT_FIX,37916.0,2,1,0.0023,2,2,1,603,1.22561,,0,0,0,0,,,,,
Instances/Instances 2/d493_10.gt,492,20000.0,86400.0,PTVRP_LAYERED_CONT_FIX,37734.0,1,1,0.0024,1,1,1,492,1.0,,0,0,0,0,,,,,
Instances/Instances 2/d657_01.gt,656,20.0,86400.0,PTVRP_LAYERED_CONT_FIX,1705077.0,300,10,0.0059,823,47,11,20690,31.5396,,0,0,2559,0,,,,,
Instances/Instances 2/d657_02.gt,656,40.0,86400.0,PTVRP_LAYERED_CONT_FIX,904230.0,215,6,0.0045,415,30,7,15457,23.5625,,1,0,2354,0,,,,,
Instances/Instances 2/d657_03.gt,656,100.0,86400.0,PTVRP_LAYERED_CONT_FIX,386558.0,157,2,0.0038,166,18,4,10079,15.3643,,0,0,1505,0,,,,,
Instances/Instances 2/d657_04.gt,656,200.0,86400.0,PTVRP_LAYERED_CONT_FIX,214602.0,91,2,0.0034,85,13,2,7170,10.9299,,0,0,778,0,,,,,
Instances/Instances 2/d657_05.gt,656,400.0,86400.0,PTVRP_LAYERED_CONT_FIX,128670.0,46,1,0.003,44,9,2,5076,7.7378,,0,0,296,0,,,,,
Instances/Instances 2/d657_06.gt,656,1000.0,86400.0,PTVRP_LAYERED_CONT_FIX,75840.0,18,1,0.0027,17,6,1,2989,4.5564,,0,0,108,0,,,,,
Instances/Instances 2/d657_07.gt,656,2000.0,86400.0,PTVRP_LAYERED_CONT_FIX,61209.0,10,1,0.0026,9,4,1,2154,3.28354,,0,0,50,0,,,,,
Instances/Instances 2/d657_08.gt,656,4000.0,86400.0,PTVRP_LAYERED_CONT_FIX,55332.0,6,1,0.0026,5,3,1,1504,2.29268,,0,0,0,0,,,,,
Instances/Instances 2/d657_09.gt,656,10000.0,86400.0,PTVRP_LAYERED_CONT_FIX,52507.0,2,1,0.0029,2,2,1,910,1.3872,,0,0,0,0,,,,,
Instances/Instances 2/d657_10.gt,656,20000.0,86400.0,PTVRP_LAYERED_CONT_FIX,52008.0,1,1,0.0026,1,1,1,656,1.0,,0,0,0,0,,,,,
Instances/Instances 2/dj38_01.gt,37,20.0,86400.0,PTVRP_LAYERED_CONT_FIX,66218.0,22,6,0.0022,51,29,6,734,19.8378,,0,0,31,0,,,,,
Instances/Instances 2/dj38_02.gt,37,40.0,86400.0,PTVRP_LAYERED_CONT_FIX,34694.0,19,3,0.0023,26,19,3,436,11.7838,,0,0,18,0,,,,,
Instances/Instances 2/dj38_03.gt,37,100.0,86400.0,PTVRP_LAYERED_CONT_FIX,16366.0,13,1,0.0026,11,11,2,230,6.21622,,0,0,1,0,,,,,
Instances/Instances 2/dj38_04.gt,37,200.0,86400.0,PTVRP_LAYERED_CONT_FIX,10402.0,5,1,0.0022,5,5,1,93,2.51351,,0,0,0,0,,,,,
Instances/Instances 2/dj38_05.gt,37,400.0,86400.0,PTVRP_LAYERED_CONT_FIX,8754.0,3,1,0.0022,3,3,1,63,1.7027,,0,0,0,0,,,,,
Instances/Instances 2/dj38_06.gt,37,1000.0,86400.0,PTVRP_LAYERED_CONT_FIX,8048.0,1,1,0.0021,1,1,1,37,1.0,,0,0,0,0,,,,,
Instances/Instances 2/dj38_07.gt,37,2000.0,86400.0,PTVRP_LAYERED_CONT_FIX,8048.0,1,1,0.0022,1,1,1,37,1.0,,0,0,0,0,,,,,
Instances/Instances 2/dj38_08.gt,37,4000.0,86400.0,PTVRP_LAYERED_CONT_FIX,8048.0,1,1,0.0021,1,1,1,37,1.0,,0,0,0,0,,,,,
Instances/Instances 2/dj38_09.gt,37,10000.0,86400.0,PTVRP_LAYERED_CONT_FIX,8048.0,1,1,0.0024,1,1,1,37,1.0,,0,0,0,0,,,,,
Instances/Instances 2/dj38_10.gt,37,20000.0,86400.0,PTVRP_LAYERED_CONT_FIX,8048.0,1,1,0.0022,1,1,1,37,1.0,,0,0,0,0,,,,,
Instances/Instances 2/eg7146_01.gt,7145,20.0,86400.0,PTVRP_LAYERED_CONT_FIX,28407450.0,2097,19,0.0344,9075,78,20,335130,46.9041,,0,0,77959,0,,,,,
Instances/Instances 2/eg7146_02.gt,7145,40.0,86400.0,PTVRP_LAYERED_CONT_FIX,14207749.0,1535,11,0.031,4534,58,13,272741,38.1723,,0,0,97875,0,,,,,
Instances/Instances 2/eg7146_03.gt,7145,100.0,86400.0,PTVRP_LAYERED_CONT_FIX,5892326.0,1079,8,0.0243,1827,38,8,195809,27.405,,1,0,101895,0,,,,,
Instances/Instances 2/eg7146_04.gt,7145,200.0,86400.0,PTVRP_LAYERED_CONT_FIX,2974089.0,749,3,0.02,905,28,5,147312,20.6175,,0,0,82388,0,,,,,
Instances/Instances 2/eg7146_05.gt,7145,400.0,86400.0,PTVRP_LAYERED_CONT_FIX,1567167.0,452,2,0.0164,458,20,3,109069,15.2651,,0,0,50734,0,,,,,
Instances/Instances 2/eg7146_06.gt,7145,1000.0,86400.0,PTVRP_LAYERED_CONT_FIX,710511.0,185,1,0.0121,181,13,2,70680,9.89223,,0,0,19646,0,,,,,
Instances/Instances 2/eg7146_07.gt,7145,2000.0,86400.0,PTVRP_LAYERED_CONT_FIX,437254.0,95,1,0.0103,93,9,1,50878,7.12078,,0,0,8328,0,,,,,
Instances/Instances 2/eg7146_08.gt,7145,4000.0,86400.0,PTVRP_LAYERED_CONT_FIX,303674.0,48,1,0.0091,46,6,1,36054,5.04605,,0,0,2576,0,,,,,
Instances/Instances 2/eg7146_09.gt,7145,10000.0,86400.0,PTVRP_LAYERED_CONT_FIX,223379.0,19,1,0.0081,19,4,1,22939,3.2105,,0,0,855,0,,,,,
Instances/Instances 2/eg7146_10.gt,7145,20000.0,86400.0,PTVRP_LAYERED_CONT_FIX,199939.0,10,1,0.0074,10,3,1,16803,2.35171,,0,0,79,0,,,,,
Instances/Instances 2/ei8246_01.gt,8245,20.0,86400.0,PTVRP_LAYERED_CONT_FIX,28936243.0,2514,16,0.0371,10565,74,19,343575,41.6707,,0,0,75832,0,,,,,
Instances/Instances 2/ei8246_02.gt,8245,40.0,86400.0,PTVRP_LAYERED_CONT_FIX,14622345.0,2001,10,0.0352,5245,49,14,275899,33.4626,,0,0,91474,0,,,,,
Instances/Instances 2/ei8246_03.gt,8245,100.0,86400.0,PTVRP_LAYERED_CONT_FIX,6008994.0,1350,5,0.0277,2108,32,7,196621,23.8473,,0,0,89927,0,,,,,
Instances/Instances 2/ei8246_04.gt,8245,200.0,86400.0,PTVRP_LAYERED_CONT_FIX,3076480.0,944,3,0.0236,1049,22,4,147164,17.8489,,0,0,64802,0,,,,,
Instances/Instances 2/ei8246_05.gt,8245,400.0,86400.0,PTVRP_LAYERED_CONT_FIX,1614603.0,542,2,0.0186,526,16,3,108538,13.1641,,0,0,34658,0,,,,,
Instances/Instances 2/ei8246_06.gt,8245,1000.0,86400.0,PTVRP_LAYERED_CONT_FIX,753096.0,219,1,0.0139,211,10,2,70795,8.58642,,0,0,10904,0,,,,,
Instances/Instances 2/ei8246_07.gt,8245,2000.0,86400.0,PTVRP_LAYERED_CONT_FIX,473063.0,110,1,0.0113,106,7,1,50571,6.13354,,0,0,5409,0,,,,,
Instances/Instances 2/ei8246_08.gt,8245,4000.0,86400.0,PTVRP_LAYERED_CONT_FIX,333565.0,55,1,0.01,53,5,1,36886,4.47374,,0,0,7017,0,,,,,
Instances/Instances 2/ei8246_09.gt,8245,10000.0,86400.0,PTVRP_LAYERED_CONT_FIX,253168.0,25,1,0.0089,22,3,1,23541,2.85518,,0,0,0,0,,,,,
Instances/Instances 2/ei8246_10.gt,8245,20000.0,86400.0,PTVRP_LAYERED_CONT_FIX,228570.0,13,1,0.008,11,2,1,15664,1.89982,,0,0,0,0,,,,,
Instances/Instances 2/eil101_01.gt,100,20.0,86400.0,PTVRP_LAYERED_CONT_FIX,8224.0,63,6,0.0027,133,133,6,6959,69.59,,0,0,1,0,,,,,
Instances/Instances 2/eil101_02.gt,100,40.0,86400.0,PTVRP_LAYERED_CONT_FIX,3976.0,52,3,0.0025,64,64,3,3224,32.24,,0,0,0,0,,,,,
Instances/Instances 2/eil101_03.gt,100,100.0,86400.0,PTVRP_LAYERED_CONT_FIX,1933.0,29,2,0.0023,26,26,2,1351,13.51,,0,0,0,0,,,,,
Instances/Instances 2/eil101_04.gt,100,200.0,86400.0,PTVRP_LAYERED_CONT_FIX,1153.0,15,1,0.0022,13,13,1,648,6.48,,0,0,0,0,,,,,
Instances/Instances 2/eil101_05.gt,100,400.0,86400.0,PTVRP_LAYERED_CONT_FIX,901.0,9,1,0.0022,8,8,1,394,3.94,,0,0,0,0,,,,,
Instances/Instances 2/eil101_06.gt,100,1000.0,86400.0,PTVRP_LAYERED_CONT_FIX,706.0,5,1,0.0023,3,3,1,175,1.75,,0,0,0,0,,,,,
Instances/Instances 2/eil101_07.gt,100,2000.0,86400.0,PTVRP_LAYERED_CONT_FIX,664.0,3,1,0.0022,2,2,1,120,1.2,,0,0,0,0,,,,,
Instances/Instances 2/eil101_08.gt,100,4000.0,86400.0,PTVRP_LAYERED_CONT_FIX,652.0,2,1,0.0021,1,1,1,100,1.0,,0,0,0,0,,,,,
Instances/Instances 2/eil101_09.gt,100,10000.0,86400.0,PTVRP_LAYERED_CONT_FIX,652.0,2,1,0.0023,1,1,1,100,1.0,,0,0,0,0,,,,,
Instances/Instances 2/eil101_10.gt,100,20000.0,86400.0,PTVRP_LAYERED_CONT_FIX,652.0,2,1,0.0022,1,1,1,100,1.0,,0,0,0,0,,,,,
Instances/Instances 2/eil51_01.gt,50,20.0,86400.0,PTVRP_LAYERED_CONT_FIX,3528.0,33,5,0.0023,61,61,5,1568,31.36,,0,0,0,0,,,,,
Instances/Instances 2/eil51_02.gt,50,40.0,86400.0,PTVRP_LAYERED_CONT_FIX,2134.0,29,3,0.0023,32,32,3,826,16.52,,0,0,0,0,,,,,
Instances/Instances 2/eil51_03.gt,50,100.0,86400.0,PTVRP_LAYERED_CONT_FIX,942.0,16,1,0.0022,14,14,2,351,7.02,,0,0,0,0,,,,,
Instances/Instances 2/eil51_04.gt,50,200.0,86400.0,PTVRP_LAYERED_CONT_FIX,673.0,8,1,0.0022,7,7,1,199,3.98,,0,0,0,0,,,,,
Instances/Instances 2/eil51_05.gt,50,400.0,86400.0,PTVRP_LAYERED_CONT_FIX,484.0,3,1,0.0022,3,3,1,85,1.7,,0,0,0,0,,,,,
Instances/Instances 2/eil51_06.gt,50,1000.0,86400.0,PTVRP_LAYERED_CONT_FIX,443.0,2,1,0.0021,2,2,1,59,1.18,,0,0,0,0,,,,,
Instances/Instances 2/eil51_07.gt,50,2000.0,86400.0,PTVRP_LAYERED_CONT_FIX,442.0,1,1,0.0023,1,1,1,50,1.0,,0,0,0,0,,,,,
Instances/Instances 2/eil51_08.gt,50,4000.0,86400.0,PTVRP_LAYERED_CONT_FIX,442.0,1,1,0.0021,1,1,1,50,1.0,,0,0,0,0,,,,,
Instances/Instances 2/eil51_09.gt,50,10000.0,86400.0,PTVRP_LAYERED_CONT_FIX,442.0,1,1,0.0023,1,1,1,50,1.0,,0,0,0,0,,,,,
Instances/Instances 2/eil51_10.gt,50,20000.0,86400.0,PTVRP_LAYERED_CONT_FIX,442.0,1,1,0.0022,1,1,1,50,1.0,,0,0,0,0,,,,,
Instances/Instances 2/eil76_01.gt,75,20.0,86400.0,PTVRP_LAYERED_CONT_FIX,5405.0,51,5,0.0025,94,94,5,3541,47.2133,,0,0,0,0,,,,,
Instances/Instances 2/eil76_02.gt,75,40.0,86400.0,PTVRP_LAYERED_CONT_FIX,2966.0,40,3,0.0024,48,48,3,1763,23.5067,,0,0,0,0,,,,,
Instances/Instances 2/eil76_03.gt,75,100.0,86400.0,PTVRP_LAYERED_CONT_FIX,1379.0,22,1,0.0023,18,18,2,739,9.85333,,0,0,0,0,,,,,
Instances/Instances 2/eil76_04.gt,75,200.0,86400.0,PTVRP_LAYERED_CONT_FIX,924.0,11,1,0.0022,10,10,1,385,5.13333,,0,0,0,0,,,,,
Instances/Instances 2/eil76_05.gt,75,400.0,86400.0,PTVRP_LAYERED_CONT_FIX,715.0,6,1,0.0022,5,5,1,229,3.05333,,0,0,0,0,,,,,
Instances/Instances 2/eil76_06.gt,75,1000.0,86400.0,PTVRP_LAYERED_CONT_FIX,589.0,2,1,0.0022,2,2,1,104,1.38667,,0,0,0,0,,,,,
Instances/Instances 2/eil76_07.gt,75,2000.0,86400.0,PTVRP_LAYERED_CONT_FIX,574.0,2,1,0.0022,2,2,1,79,1.05333,,0,0,0,0,,,,,
Instances/Instances 2/eil76_08.gt,75,4000.0,86400.0,PTVRP_LAYERED_CONT_FIX,573.0,1,1,0.0021,1,1,1,75,1.0,,0,0,0,0,,,,,
Instances/Instances 2/eil76_09.gt,75,10000.0,86400.0,PTVRP_LAYERED_CONT_FIX,573.0,1,1,0.0022,1,1,1,75,1.0,,0,0,0,0,,,,,
Instances/Instances 2/eil76_10.gt,75,20000.0,86400.0,PTVRP_LAYERED_CONT_FIX,573.0,1,1,0.0022,1,1,1,75,1.0,,0,0,0,0,,,,,
Instances/Instances 2/fi10639_01.gt,10638,20.0,86400.0,PTVRP_LAYERED_CONT_FIX,83469131.0,3245,15,0.0367,13547,44,17,251363,23.6288,,0,0,71556,0,,,,,
Instances/Instances 2/fi10639_02.gt,10638,40.0,86400.0,PTVRP_LAYERED_CONT_FIX,42483914.0,2404,10,0.0341,6751,31,14,214024,20.1188,,0,0,99767,0,,,,,
Instances/Instances 2/fi10639_03.gt,10638,100.0,86400.0,PTVRP_LAYERED_CONT_FIX,17246871.0,1634,6,0.0276,2700,22,9,162651,15.2896,,0,0,125415,0,,,,,
Instances/Instances 2/fi10639_04.gt,10638,200.0,86400.0,PTVRP_LAYERED_CONT_FIX,8819038.0,1191,3,0.0232,1346,16,5,126497,11.8911,,0,0,114819,0,,,,,
Instances/Instances 2/fi10639_05.gt,10638,400.0,86400.0,PTVRP_LAYERED_CONT_FIX,4620832.0,676,2,0.0187,677,12,3,96120,9.03553,,0,0,77225,0,,,,,
Instances/Instances 2/fi10639_06.gt,10638,1000.0,86400.0,PTVRP_LAYERED_CONT_FIX,2119939.0,278,1,0.015,271,8,2,65117,6.12117,,0,0,33611,0,,,,,
Instances/Instances 2/fi10639_07.gt,10638,2000.0,86400.0,PTVRP_LAYERED_CONT_FIX,1303746.0,141,1,0.0135,136,6,2,47433,4.45883,,0,0,16512,0,,,,,
Instances/Instances 2/fi10639_08.gt,10638,4000.0,86400.0,PTVRP_LAYERED_CONT_FIX,900413.0,71,1,0.0117,68,4,1,34133,3.20859,,0,0,8628,0,,,,,
Instances/Instances 2/fi10639_09.gt,10638,10000.0,86400.0,PTVRP_LAYERED_CONT_FIX,659467.0,30,1,0.0099,28,3,1,21230,1.99568,,0,0,2120,0,,,,,
Instances/Instances 2/fi10639_10.gt,10638,20000.0,86400.0,PTVRP_LAYERED_CONT_FIX,584344.0,15,1,0.0106,14,2,1,16777,1.57708,,0,0,4147,0,,,,,
Instances/Instances 2/fl1400_01.gt,1399,20.0,86400.0,PTVRP_LAYERED_CONT_FIX,3522838.0,314,20,0.0083,1777,80,28,82635,59.0672,,0,0,22392,0,,,,,
Instances/Instances 2/fl1400_02.gt,1399,40.0,86400.0,PTVRP_LAYERED_CONT_FIX,1769282.0,266,11,0.0082,884,63,18,67782,48.4503,,0,0,28884,0,,,,,
Instances/Instances 2/fl1400_03.gt,1399,100.0,86400.0,PTVRP_LAYERED_CONT_FIX,753870.0,170,7,0.0068,370,48,10,48258,34.4946,,0,0,28629,0,,,,,
Instances/Instances 2/fl1400_04.gt,1399,200.0,86400.0,PTVRP_LAYERED_CONT_FIX,380135.0,126,5,0.0058,181,35,6,33874,24.213,,0,0,16499,0,,,,,
Instances/Instances 2/fl1400_05.gt,1399,400.0,86400.0,PTVRP_LAYERED_CONT_FIX,190653.0,76,3,0.0048,88,24,3,23140,16.5404,,0,0,9243,0,,,,,
Instances/Instances 2/fl1400_06.gt,1399,1000.0,86400.0,PTVRP_LAYERED_CONT_FIX,89751.0,38,1,0.0041,37,14,2,13914,9.94568,,0,0,2233,0,,,,,
Instances/Instances 2/fl1400_07.gt,1399,2000.0,86400.0,PTVRP_LAYERED_CONT_FIX,54245.0,19,1,0.0035,18,9,2,8954,6.40029,,0,0,452,0,,,,,
Instances/Instances 2/fl1400_08.gt,1399,4000.0,86400.0,PTVRP_LAYERED_CONT_FIX,35751.0,10,1,0.0034,9,6,1,5792,4.1401,,0,0,80,0,,,,,
Instances/Instances 2/fl1400_09.gt,1399,10000.0,86400.0,PTVRP_LAYERED_CONT_FIX,25823.0,4,1,0.003,4,4,1,3268,2.33595,,0,0,0,0,,,,,
Instances/Instances 2/fl1400_10.gt,1399,20000.0,86400.0,PTVRP_LAYERED_CONT_FIX,22330.0,2,1,0.0028,2,2,1,2014,1.4396,,0,0,0,0,,,,,
Instances/Instances 2/fl1577_01.gt,1576,20.0,86400.0,PTVRP_LAYERED_CONT_FIX,2552865.0,502,13,0.0102,2005,113,20,105127,66.7049,,0,0,16053,0,,,,,
Instances/Instances 2/fl1577_02.gt,1576,40.0,86400.0,PTVRP_LAYERED_CONT_FIX,1312743.0,385,9,0.0093,1004,76,16,78950,50.0952,,0,0,16232,0,,,,,
Instances/Instances 2/fl1577_03.gt,1576,100.0,86400.0,PTVRP_LAYERED_CONT_FIX,535804.0,272,4,0.0074,407,46,6,52709,33.4448,,0,0,11603,0,,,,,
Instances/Instances 2/fl1577_04.gt,1576,200.0,86400.0,PTVRP_LAYERED_CONT_FIX,273379.0,184,3,0.0064,204,32,5,38169,24.2189,,0,0,8272,0,,,,,
Instances/Instances 2/fl1577_05.gt,1576,400.0,86400.0,PTVRP_LAYERED_CONT_FIX,147500.0,103,2,0.0051,102,21,3,26754,16.9759,,0,0,4230,0,,,,,
Instances/Instances 2/fl1577_06.gt,1576,1000.0,86400.0,PTVRP_LAYERED_CONT_FIX,69712.0,43,1,0.0041,41,13,2,16212,10.2868,,0,0,1383,0,,,,,
Instances/Instances 2/fl1577_07.gt,1576,2000.0,86400.0,PTVRP_LAYERED_CONT_FIX,44544.0,21,1,0.0037,21,9,1,10871,6.89784,,0,0,510,0,,,,,
Instances/Instances 2/fl1577_08.gt,1576,4000.0,86400.0,PTVRP_LAYERED_CONT_FIX,31748.0,12,1,0.0033,11,6,1,7108,4.51015,,0,0,0,0,,,,,
Instances/Instances 2/fl1577_09.gt,1576,10000.0,86400.0,PTVRP_LAYERED_CONT_FIX,25242.0,5,1,0.0032,4,4,1,3952,2.50761,,0,0,0,0,,,,,
Instances/Instances 2/fl1577_10.gt,1576,20000.0,86400.0,PTVRP_LAYERED_CONT_FIX,23781.0,3,1,0.003,3,3,1,2388,1.51523,,0,0,0,0,,,,,
Instances/Instances 2/fl3795_01.gt,3794,20.0,86400.0,PTVRP_LAYERED_CONT_FIX,6833040.0,986,21,0.0232,4867,130,31,304866,80.3548,,0,0,62052,0,,,,,
Instances/Instances 2/fl3795_02.gt,3794,40.0,86400.0,PTVRP_LAYERED_CONT_FIX,3450239.0,762,13,0.0214,2437,92,20,242462,63.9067,,0,0,73674,0,,,,,
Instances/Instances 2/fl3795_03.gt,3794,100.0,86400.0,PTVRP_LAYERED_CONT_FIX,1371508.0,508,7,0.0171,964,60,11,167980,44.2752,,0,0,70431,0,,,,,
Instances/Instances 2/fl3795_04.gt,3794,200.0,86400.0,PTVRP_LAYERED_CONT_FIX,700906.0,367,5,0.0135,483,41,6,123301,32.4989,,0,0,53011,0,,,,,
Instances/Instances 2/fl3795_05.gt,3794,400.0,86400.0,PTVRP_LAYERED_CONT_FIX,363328.0,240,2,0.011,242,28,6,88908,23.4338,,0,0,33012,0,,,,,
Instances/Instances 2/fl3795_06.gt,3794,1000.0,86400.0,PTVRP_LAYERED_CONT_FIX,158905.0,100,1,0.0081,97,18,2,56221,14.8184,,0,0,16734,0,,,,,
Instances/Instances 2/fl3795_07.gt,3794,2000.0,86400.0,PTVRP_LAYERED_CONT_FIX,94468.0,52,1,0.0067,50,13,2,39060,10.2952,,0,0,8708,0,,,,,
Instances/Instances 2/fl3795_08.gt,3794,4000.0,86400.0,PTVRP_LAYERED_CONT_FIX,59550.0,27,1,0.006,24,9,1,26666,7.02847,,0,0,6835,0,,,,,
Instances/Instances 2/fl3795_09.gt,3794,10000.0,86400.0,PTVRP_LAYERED_CONT_FIX,39814.0,11,1,0.0049,10,6,1,15097,3.97918,,0,0,55,0,,,,,
Instances/Instances 2/fl3795_10.gt,3794,20000.0,86400.0,PTVRP_LAYERED_CONT_FIX,34314.0,6,1,0.0047,5,4,1,10465,2.7583,,0,0,0,0,,,,,
Instances/Instances 2/fl417_01.gt,416,20.0,86400.0,PTVRP_LAYERED_CONT_FIX,1094548.0,130,14,0.0038,549,60,21,19094,45.899,,0,0,3697,0,,,,,
Instances/Instances 2/fl417_02.gt,416,40.0,86400.0,PTVRP_LAYERED_CONT_FIX,509789.0,98,11,0.0036,256,47,13,13844,33.2788,,0,0,3341,0,,,,,
Instances/Instances 2/fl417_03.gt,416,100.0,86400.0,PTVRP_LAYERED_CONT_FIX,225998.0,69,4,0.0032,111,31,5,8887,21.363,,0,0,2045,0,,,,,
Instances/Instances 2/fl417_04.gt,416,200.0,86400.0,PTVRP_LAYERED_CONT_FIX,111820.0,54,2,0.0029,52,20,4,6024,14.4808,,0,0,1363,0,,,,,
Instances/Instances 2/fl417_05.gt,416,400.0,86400.0,PTVRP_LAYERED_CONT_FIX,64490.0,29,2,0.0027,28,14,3,4219,10.1418,,0,0,684,0,,,,,
Instances/Instances 2/fl417_06.gt,416,1000.0,86400.0,PTVRP_LAYERED_CONT_FIX,31332.0,12,1,0.0025,11,9,2,2213,5.31971,,0,0,82,0,,,,,
Instances/Instances 2/fl417_07.gt,416,2000.0,86400.0,PTVRP_LAYERED_CONT_FIX,21777.0,7,1,0.0024,6,6,1,1386,3.33173,,0,0,0,0,,,,,
Instances/Instances 2/fl417_08.gt,416,4000.0,86400.0,PTVRP_LAYERED_CONT_FIX,15183.0,3,1,0.0024,3,3,1,786,1.88942,,0,0,0,0,,,,,
Instances/Instances 2/fl417_09.gt,416,10000.0,86400.0,PTVRP_LAYERED_CONT_FIX,13776.0,2,1,0.0023,2,2,1,441,1.0601,,0,0,0,0,,,,,
Instances/Instances 2/fl417_10.gt,416,20000.0,86400.0,PTVRP_LAYERED_CONT_FIX,13750.0,1,1,0.0023,1,1,1,416,1.0,,0,0,0,0,,,,,
Instances/Instances 2/fnl4461_01.gt,4460,20.0,86400.0,PTVRP_LAYERED_CONT_FIX,16961715.0,1530,15,0.0197,5799,53,16,156975,35.1962,,0,0,30599,0,,,,,
Instances/Instances 2/fnl4461_02.gt,4460,40.0,86400.0,PTVRP_LAYERED_CONT_FIX,8588092.0,1188,10,0.0177,2874,39,10,123711,27.7379,,0,0,34563,0,,,,,
Instances/Instances 2/fnl4461_03.gt,4460,100.0,86400.0,PTVRP_LAYERED_CONT_FIX,3555464.0,854,4,0.0145,1151,24,7,86192,19.3256,,0,0,29868,0,,,,,
Instances/Instances 2/fnl4461_04.gt,4460,200.0,86400.0,PTVRP_LAYERED_CONT_FIX,1849142.0,551,3,0.0121,580,17,3,64057,14.3626,,0,0,19661,0,,,,,
Instances/Instances 2/fnl4461_05.gt,4460,400.0,86400.0,PTVRP_LAYERED_CONT_FIX,965173.0,292,2,0.0095,282,12,2,46262,10.3726,,0,0,9907,0,,,,,
Instances/Instances 2/fnl4461_06.gt,4460,1000.0,86400.0,PTVRP_LAYERED_CONT_FIX,490818.0,120,1,0.0077,115,8,1,29770,6.67489,,0,0,2703,0,,,,,
Instances/Instances 2/fnl4461_07.gt,4460,2000.0,86400.0,PTVRP_LAYERED_CONT_FIX,331322.0,61,1,0.0066,57,5,1,21418,4.80224,,0,0,1310,0,,,,,
Instances/Instances 2/fnl4461_08.gt,4460,4000.0,86400.0,PTVRP_LAYERED_CONT_FIX,251075.0,33,1,0.0061,29,4,1,15957,3.5778,,0,0,3194,0,,,,,
Instances/Instances 2/fnl4461_09.gt,4460,10000.0,86400.0,PTVRP_LAYERED_CONT_FIX,205627.0,13,1,0.0052,12,2,1,8520,1.91031,,0,0,0,0,,,,,
Instances/Instances 2/fnl4461_10.gt,4460,20000.0,86400.0,PTVRP_LAYERED_CONT_FIX,194307.0,7,1,0.0053,6,2,1,8138,1.82466,,0,0,0,0,,,,,
Instances/Instances 2/gil262_01.gt,261,20.0,86400.0,PTVRP_LAYERED_CONT_FIX,58935.0,128,7,0.0037,347,115,8,24038,92.0996,,0,0,550,0,,,,,
Instances/Instances 2/gil262_02.gt,261,40.0,86400.0,PTVRP_LAYERED_CONT_FIX,29357.0,104,5,0.0034,160,79,5,15465,59.2529,,0,0,334,0,,,,,
Instances/Instances 2/gil262_03.gt,261,100.0,86400.0,PTVRP_LAYERED_CONT_FIX,12682.0,67,2,0.0028,67,50,2,8038,30.7969,,0,0,74,0,,,,,
Instances/Instances 2/gil262_04.gt,261,200.0,86400.0,PTVRP_LAYERED_CONT_FIX,7484.0,38,1,0.0026,34,34,1,4561,17.4751,,0,0,0,0,,,,,
Instances/Instances 2/gil262_05.gt,261,400.0,86400.0,PTVRP_LAYERED_CONT_FIX,4888.0,20,1,0.0025,18,18,1,2476,9.48659,,0,0,0,0,,,,,
Instances/Instances 2/gil262_06.gt,261,1000.0,86400.0,PTVRP_LAYERED_CONT_FIX,3250.0,7,1,0.0024,7,7,1,957,3.66667,,0,0,0,0,,,,,
Instances/Instances 2/gil262_07.gt,261,2000.0,86400.0,PTVRP_LAYERED_CONT_FIX,2849.0,4,1,0.0022,4,4,1,581,2.22605,,0,0,0,0,,,,,
Instances/Instances 2/gil262_08.gt,261,4000.0,86400.0,PTVRP_LAYERED_CONT_FIX,2717.0,2,1,0.0023,2,2,1,366,1.4023,,0,0,0,0,,,,,
Instances/Instances 2/gil262_09.gt,261,10000.0,86400.0,PTVRP_LAYERED_CONT_FIX,2645.0,1,1,0.0022,1,1,1,261,1.0,,0,0,0,0,,,,,
Instances/Instances 2/gil262_10.gt,261,20000.0,86400.0,PTVRP_LAYERED_CONT_FIX,2645.0,1,1,0.0023,1,1,1,261,1.0,,0,0,0,0,,,,,
Instances/Instances 2/gr9882_01.gt,9881,20.0,86400.0,PTVRP_LAYERED_CONT_FIX,55589654.0,2907,15,0.0375,12590,60,17,320446,32.4305,,0,0,82352,0,,,,,
Instances/Instances 2/gr9882_02.gt,9881,40.0,86400.0,PTVRP_LAYERED_CONT_FIX,28114126.0,2176,12,0.0347,6279,43,13,266351,26.9559,,0,0,108523,0,,,,,
Instances/Instances 2/gr9882_03.gt,9881,100.0,86400.0,PTVRP_LAYERED_CONT_FIX,11398873.0,1523,8,0.0286,2517,29,9,197666,20.0047,,0,0,126510,0,,,,,
Instances/Instances 2/gr9882_04.gt,9881,200.0,86400.0,PTVRP_LAYERED_CONT_FIX,5897879.0,1070,3,0.0234,1264,21,6,151726,15.3553,,1,0,113978,0,,,,,
Instances/Instances 2/gr9882_05.gt,9881,400.0,86400.0,PTVRP_LAYERED_CONT_FIX,3031669.0,633,3,0.0191,629,15,4,113882,11.5254,,0,0,71468,0,,,,,
Instances/Instances 2/gr9882_06.gt,9881,1000.0,86400.0,PTVRP_LAYERED_CONT_FIX,1363190.0,257,1,0.0146,251,10,2,75648,7.65591,,0,0,26091,0,,,,,
Instances/Instances 2/gr9882_07.gt,9881,2000.0,86400.0,PTVRP_LAYERED_CONT_FIX,835657.0,131,1,0.0121,128,7,2,54700,5.53588,,0,0,10618,0,,,,,
Instances/Instances 2/gr9882_08.gt,9881,4000.0,86400.0,PTVRP_LAYERED_CONT_FIX,553560.0,66,1,0.0132,63,5,1,39818,4.02975,,0,0,6756,0,,,,,
Instances/Instances 2/gr9882_09.gt,9881,10000.0,86400.0,PTVRP_LAYERED_CONT_FIX,396605.0,27,1,0.0101,26,3,1,24757,2.50552,,0,0,833,0,,,,,
Instances/Instances 2/gr9882_10.gt,9881,20000.0,86400.0,PTVRP_LAYERED_CONT_FIX,344218.0,14,1,0.0093,13,2,1,18982,1.92106,,0,0,3266,0,,,,,
Instances/Instances 2/ho14473_01.gt,14472,20.0,86400.0,PTVRP_LAYERED_CONT_FIX,41054525.0,3622,33,0.0683,18368,106,41,843321,58.2726,,0,0,207752,0,,,,,
Instances/Instances 2/ho14473_02.gt,14472,40.0,86400.0,PTVRP_LAYERED_CONT_FIX,21021338.0,2874,16,0.0649,9289,83,19,693385,47.9122,,0,0,268599,0,,,,,
Instances/Instances 2/ho14473_03.gt,14472,100.0,86400.0,PTVRP_LAYERED_CONT_FIX,8494553.0,1967,8,0.0524,3699,60,12,501526,34.6549,,0,0,290106,0,,,,,
Instances/Instances 2/ho14473_04.gt,14472,200.0,86400.0,PTVRP_LAYERED_CONT_FIX,4310635.0,1418,5,0.0431,1841,45,6,379459,26.2202,,0,0,240445,0,,,,,
Instances/Instances 2/ho14473_05.gt,14472,400.0,86400.0,PTVRP_LAYERED_CONT_FIX,2236526.0,888,2,0.0347,924,31,4,281439,19.4471,,0,0,160993,0,,,,,
Instances/Instances 2/ho14473_06.gt,14472,1000.0,86400.0,PTVRP_LAYERED_CONT_FIX,983817.0,380,1,0.0259,371,20,2,184638,12.7583,,0,0,64733,0,,,,,
Instances/Instances 2/ho14473_07.gt,14472,2000.0,86400.0,PTVRP_LAYERED_CONT_FIX,567969.0,190,1,0.0205,184,13,2,131838,9.10987,,0,0,29020,0,,,,,
Instances/Instances 2/ho14473_08.gt,14472,4000.0,86400.0,PTVRP_LAYERED_CONT_FIX,371376.0,96,1,0.0171,93,9,1,93542,6.46365,,0,0,10145,0,,,,,
Instances/Instances 2/ho14473_09.gt,14472,10000.0,86400.0,PTVRP_LAYERED_CONT_FIX,249068.0,40,1,0.016,37,5,1,59712,4.12604,,0,0,8848,0,,,,,
Instances/Instances 2/ho14473_10.gt,14472,20000.0,86400.0,PTVRP_LAYERED_CONT_FIX,210498.0,21,1,0.0133,19,4,1,40639,2.80811,,0,0,4838,0,,,,,
Instances/Instances 2/it16862_01.gt,16861,20.0,86400.0,PTVRP_LAYERED_CONT_FIX,137173624.0,5151,16,0.0623,21717,61,20,453577,26.901,,0,0,124659,0,,,,,
Instances/Instances 2/it16862_02.gt,16861,40.0,86400.0,PTVRP_LAYERED_CONT_FIX,68107323.0,3656,13,0.0579,10776,46,16,388466,23.0393,,0,0,178255,0,,,,,
Instances/Instances 2/it16862_03.gt,16861,100.0,86400.0,PTVRP_LAYERED_CONT_FIX,27891218.0,2406,7,0.0451,4343,29,8,297163,17.6243,,0,0,238252,0,,,,,
Instances/Instances 2/it16862_04.gt,16861,200.0,86400.0,PTVRP_LAYERED_CONT_FIX,13955751.0,1707,4,0.0378,2138,22,6,232707,13.8015,,0,0,242757,0,,,,,
Instances/Instances 2/it16862_05.gt,16861,400.0,86400.0,PTVRP_LAYERED_CONT_FIX,7210225.0,1057,2,0.0308,1076,15,4,178558,10.59,,0,0,190613,0,,,,,
Instances/Instances 2/it16862_06.gt,16861,1000.0,86400.0,PTVRP_LAYERED_CONT_FIX,3168330.0,440,2,0.0235,431,9,3,121211,7.18884,,0,0,94274,0,,,,,
Instances/Instances 2/it16862_07.gt,16861,2000.0,86400.0,PTVRP_LAYERED_CONT_FIX,1839893.0,220,1,0.0203,214,7,2,89276,5.29482,,1,0,52432,0,,,,,
Instances/Instances 2/it16862_08.gt,16861,4000.0,86400.0,PTVRP_LAYERED_CONT_FIX,1187539.0,112,1,0.018,108,5,1,64571,3.82961,,0,0,18631,0,,,,,
Instances/Instances 2/it16862_09.gt,16861,10000.0,86400.0,PTVRP_LAYERED_CONT_FIX,800755.0,47,1,0.0157,44,3,1,42412,2.51539,,0,0,7868,0,,,,,
Instances/Instances 2/it16862_10.gt,16861,20000.0,86400.0,PTVRP_LAYERED_CONT_FIX,675005.0,25,1,0.0153,22,2,1,32716,1.94034,,0,0,6308,0,,,,,
Instances/Instances 2/ja9847_01.gt,9846,20.0,86400.0,PTVRP_LAYERED_CONT_FIX,NO SOLUTION,,,0.0163,12544,50,2,180806,18.3634,,0,0,4,0,,,,,
Instances/Instances 2/ja9847_02.gt,9846,40.0,86400.0,PTVRP_LAYERED_CONT_FIX,68527189.0,2485,10,0.0307,6215,34,13,158361,16.0838,,0,0,79884,0,,,,,
Instances/Instances 2/ja9847_03.gt,9846,100.0,86400.0,PTVRP_LAYERED_CONT_FIX,27637210.0,1463,6,0.0238,2489,24,7,124640,12.6589,,0,0,118483,0,,,,,
Instances/Instances 2/ja9847_04.gt,9846,200.0,86400.0,PTVRP_LAYERED_CONT_FIX,14147868.0,961,4,0.0211,1265,17,5,100873,10.2451,,0,0,136882,0,,,,,
Instances/Instances 2/ja9847_05.gt,9846,400.0,86400.0,PTVRP_LAYERED_CONT_FIX,7116105.0,617,3,0.0171,622,12,3,78564,7.97928,,0,0,132271,0,,,,,
Instances/Instances 2/ja9847_06.gt,9846,1000.0,86400.0,PTVRP_LAYERED_CONT_FIX,3104457.0,254,2,0.0135,251,8,3,54949,5.58085,,0,0,83127,0,,,,,
Instances/Instances 2/ja9847_07.gt,9846,2000.0,86400.0,PTVRP_LAYERED_CONT_FIX,1789326.0,129,1,0.012,126,5,2,40774,4.14117,,0,0,62883,0,,,,,
Instances/Instances 2/ja9847_08.gt,9846,4000.0,86400.0,PTVRP_LAYERED_CONT_FIX,1127782.0,66,1,0.0105,63,4,1,28934,2.93866,,0,0,24899,0,,,,,
Instances/Instances 2/ja9847_09.gt,9846,10000.0,86400.0,PTVRP_LAYERED_CONT_FIX,757055.0,28,1,0.0093,26,2,1,18975,1.92718,,0,0,20362,0,,,,,
Instances/Instances 2/ja9847_10.gt,9846,20000.0,86400.0,PTVRP_LAYERED_CONT_FIX,618365.0,15,1,0.0089,13,2,1,15104,1.53402,,0,0,7285,0,,,,,
Instances/Instances 2/kroA100_01.gt,99,20.0,86400.0,PTVRP_LAYERED_CONT_FIX,370636.0,50,7,0.0026,121,24,7,1707,17.2424,,0,0,187,0,,,,,
Instances/Instances 2/kroA100_02.gt,99,40.0,86400.0,PTVRP_LAYERED_CONT_FIX,186984.0,42,3,0.005,60,18,4,1257,12.697,,0,0,152,0,,,,,
Instances/Instances 2/kroA100_03.gt,99,100.0,86400.0,PTVRP_LAYERED_CONT_FIX,87711.0,29,2,0.0038,26,11,2,817,8.25253,,0,0,69,0,,,,,
Instances/Instances 2/kroA100_04.gt,99,200.0,86400.0,PTVRP_LAYERED_CONT_FIX,49335.0,14,1,0.0036,12,7,1,505,5.10101,,0,0,27,0,,,,,
Instances/Instances 2/kroA100_05.gt,99,400.0,86400.0,PTVRP_LAYERED_CONT_FIX,35984.0,7,1,0.0023,7,5,1,334,3.37374,,0,0,0,0,,,,,
Instances/Instances 2/kroA100_06.gt,99,1000.0,86400.0,PTVRP_LAYERED_CONT_FIX,24541.0,3,1,0.0022,3,3,1,164,1.65657,,0,0,0,0,,,,,
Instances/Instances 2/kroA100_07.gt,99,2000.0,86400.0,PTVRP_LAYERED_CONT_FIX,23670.0,2,1,0.0023,2,2,1,110,1.11111,,0,0,0,0,,,,,
Instances/Instances 2/kroA100_08.gt,99,4000.0,86400.0,PTVRP_LAYERED_CONT_FIX,22624.0,1,1,0.0021,1,1,1,99,1.0,,0,0,0,0,,,,,
Instances/Instances 2/kroA100_09.gt,99,10000.0,86400.0,PTVRP_LAYERED_CONT_FIX,22624.0,1,1,0.0022,1,1,1,99,1.0,,0,0,0,0,,,,,
Instances/Instances 2/kroA100_10.gt,99,20000.0,86400.0,PTVRP_LAYERED_CONT_FIX,22624.0,1,1,0.0022,1,1,1,99,1.0,,0,0,0,0,,,,,
Instances/Instances 2/kroA150_01.gt,149,20.0,86400.0,PTVRP_LAYERED_CONT_FIX,553296.0,72,9,0.0028,185,25,9,2926,19.6376,,0,0,319,0,,,,,
Instances/Instances 2/kroA150_02.gt,149,40.0,86400.0,PTVRP_LAYERED_CONT_FIX,283559.0,57,5,0.0027,93,18,5,2108,14.1477,,0,0,289,0,,,,,
Instances/Instances 2/kroA150_03.gt,149,100.0,86400.0,PTVRP_LAYERED_CONT_FIX,118944.0,35,2,0.0026,35,11,3,1296,8.69799,,0,0,148,0,,,,,
Instances/Instances 2/kroA150_04.gt,149,200.0,86400.0,PTVRP_LAYERED_CONT_FIX,71730.0,20,1,0.0023,18,8,1,892,5.98658,,0,0,69,0,,,,,
Instances/Instances 2/kroA150_05.gt,149,400.0,86400.0,PTVRP_LAYERED_CONT_FIX,44682.0,11,1,0.0024,9,6,1,571,3.83221,,0,0,57,0,,,,,
Instances/Instances 2/kroA150_06.gt,149,1000.0,86400.0,PTVRP_LAYERED_CONT_FIX,33781.0,5,1,0.0023,4,3,1,335,2.24832,,0,0,0,0,,,,,
Instances/Instances 2/kroA150_07.gt,149,2000.0,86400.0,PTVRP_LAYERED_CONT_FIX,29219.0,3,1,0.0022,2,2,1,228,1.5302,,0,0,0,0,,,,,
Instances/Instances 2/kroA150_08.gt,149,4000.0,86400.0,PTVRP_LAYERED_CONT_FIX,27630.0,1,1,0.0023,1,1,1,149,1.0,,0,0,0,0,,,,,
Instances/Instances 2/kroA150_09.gt,149,10000.0,86400.0,PTVRP_LAYERED_CONT_FIX,27630.0,1,1,0.0025,1,1,1,149,1.0,,0,0,0,0,,,,,
Instances/Instances 2/kroA150_10.gt,149,20000.0,86400.0,PTVRP_LAYERED_CONT_FIX,27630.0,1,1,0.0022,1,1,1,149,1.0,,0,0,0,0,,,,,
Instances/Instances 2/kroA200_01.gt,199,20.0,86400.0,PTVRP_LAYERED_CONT_FIX,741456.0,95,7,0.0029,257,28,8,4258,21.397,,0,0,521,0,,,,,
Instances/Instances 2/kroA200_02.gt,199,40.0,86400.0,PTVRP_LAYERED_CONT_FIX,359812.0,79,3,0.0028,121,20,5,3050,15.3266,,0,0,437,0,,,,,
Instances/Instances 2/kroA200_03.gt,199,100.0,86400.0,PTVRP_LAYERED_CONT_FIX,170703.0,54,2,0.0026,53,12,3,2008,10.0905,,0,0,295,0,,,,,
Instances/Instances 2/kroA200_04.gt,199,200.0,86400.0,PTVRP_LAYERED_CONT_FIX,98954.0,29,2,0.0025,27,9,2,1425,7.1608,,0,0,172,0,,,,,
Instances/Instances 2/kroA200_05.gt,199,400.0,86400.0,PTVRP_LAYERED_CONT_FIX,55937.0,13,1,0.0023,12,6,1,867,4.35678,,0,0,42,0,,,,,
Instances/Instances 2/kroA200_06.gt,199,1000.0,86400.0,PTVRP_LAYERED_CONT_FIX,39475.0,7,1,0.0022,6,4,1,546,2.74372,,0,0,45,0,,,,,
Instances/Instances 2/kroA200_07.gt,199,2000.0,86400.0,PTVRP_LAYERED_CONT_FIX,34396.0,4,1,0.0023,3,3,1,380,1.90955,,0,0,0,0,,,,,
Instances/Instances 2/kroA200_08.gt,199,4000.0,86400.0,PTVRP_LAYERED_CONT_FIX,31417.0,2,1,0.0022,2,2,1,238,1.19598,,0,0,0,0,,,,,
Instances/Instances 2/kroA200_09.gt,199,10000.0,86400.0,PTVRP_LAYERED_CONT_FIX,30902.0,1,1,0.0021,1,1,1,199,1.0,,0,0,0,0,,,,,
Instances/Instances 2/kroA200_10.gt,199,20000.0,86400.0,PTVRP_LAYERED_CONT_FIX,30902.0,1,1,0.0022,1,1,1,199,1.0,,0,0,0,0,,,,,
Instances/Instances 2/kroB100_01.gt,99,20.0,86400.0,PTVRP_LAYERED_CONT_FIX,378993.0,61,6,0.0024,132,25,6,1809,18.2727,,0,0,175,0,,,,,
Instances/Instances 2/kroB100_02.gt,99,40.0,86400.0,PTVRP_LAYERED_CONT_FIX,190239.0,43,4,0.0024,63,18,4,1271,12.8384,,0,0,161,0,,,,,
Instances/Instances 2/kroB100_03.gt,99,100.0,86400.0,PTVRP_LAYERED_CONT_FIX,80181.0,26,2,0.0023,24,10,2,756,7.63636,,0,0,49,0,,,,,
Instances/Instances 2/kroB100_04.gt,99,200.0,86400.0,PTVRP_LAYERED_CONT_FIX,51391.0,14,1,0.0022,13,7,1,520,5.25253,,0,0,50,0,,,,,
Instances/Instances 2/kroB100_05.gt,99,400.0,86400.0,PTVRP_LAYERED_CONT_FIX,37578.0,9,1,0.0022,7,5,1,349,3.52525,,0,0,0,0,,,,,
Instances/Instances 2/kroB100_06.gt,99,1000.0,86400.0,PTVRP_LAYERED_CONT_FIX,26294.0,4,1,0.0021,3,3,1,177,1.78788,,0,0,0,0,,,,,
Instances/Instances 2/kroB100_07.gt,99,2000.0,86400.0,PTVRP_LAYERED_CONT_FIX,24490.0,2,1,0.0022,2,2,1,128,1.29293,,0,0,0,0,,,,,
Instances/Instances 2/kroB100_08.gt,99,4000.0,86400.0,PTVRP_LAYERED_CONT_FIX,24472.0,1,1,0.0022,1,1,1,99,1.0,,0,0,0,0,,,,,
Instances/Instances 2/kroB100_09.gt,99,10000.0,86400.0,PTVRP_LAYERED_CONT_FIX,24472.0,1,1,0.0021,1,1,1,99,1.0,,0,0,0,0,,,,,
Instances/Instances 2/kroB100_10.gt,99,20000.0,86400.0,PTVRP_LAYERED_CONT_FIX,24472.0,1,1,0.0022,1,1,1,99,1.0,,0,0,0,0,,,,,
Instances/Instances 2/kroB150_01.gt,149,20.0,86400.0,PTVRP_LAYERED_CONT_FIX,576374.0,79,8,0.0026,197,25,8,2977,19.9799,,0,0,321,0,,,,,
Instances/Instances 2/kroB150_02.gt,149,40.0,86400.0,PTVRP_LAYERED_CONT_FIX,291855.0,56,4,0.0025,89,17,5,2091,14.0336,,0,0,282,0,,,,,
Instances/Instances 2/kroB150_03.gt,149,100.0,86400.0,PTVRP_LAYERED_CONT_FIX,135049.0,39,2,0.0025,40,12,2,1385,9.2953,,0,0,150,0,,,,,
Instances/Instances 2/kroB150_04.gt,149,200.0,86400.0,PTVRP_LAYERED_CONT_FIX,74170.0,20,1,0.0022,19,9,2,903,6.0604,,0,0,61,0,,,,,
Instances/Instances 2/kroB150_05.gt,149,400.0,86400.0,PTVRP_LAYERED_CONT_FIX,52272.0,12,1,0.0022,11,6,1,665,4.46309,,0,0,60,0,,,,,
Instances/Instances 2/kroB150_06.gt,149,1000.0,86400.0,PTVRP_LAYERED_CONT_FIX,33461.0,5,1,0.0022,4,3,1,310,2.08054,,0,0,0,0,,,,,
Instances/Instances 2/kroB150_07.gt,149,2000.0,86400.0,PTVRP_LAYERED_CONT_FIX,28870.0,3,1,0.0021,2,2,1,219,1.4698,,0,0,0,0,,,,,
Instances/Instances 2/kroB150_08.gt,149,4000.0,86400.0,PTVRP_LAYERED_CONT_FIX,27979.0,1,1,0.0022,1,1,1,149,1.0,,0,0,0,0,,,,,
Instances/Instances 2/kroB150_09.gt,149,10000.0,86400.0,PTVRP_LAYERED_CONT_FIX,27979.0,1,1,0.0022,1,1,1,149,1.0,,0,0,0,0,,,,,
Instances/Instances 2/kroB150_10.gt,149,20000.0,86400.0,PTVRP_LAYERED_CONT_FIX,27979.0,1,1,0.0022,1,1,1,149,1.0,,0,0,0,0,,,,,
Instances/Instances 2/kroB200_01.gt,199,20.0,86400.0,PTVRP_LAYERED_CONT_FIX,720543.0,96,7,0.0028,253,31,7,4354,21.8794,,0,0,531,0,,,,,
Instances/Instances 2/kroB200_02.gt,199,40.0,86400.0,PTVRP_LAYERED_CONT_FIX,353344.0,76,4,0.0027,125,22,5,3183,15.995,,0,0,455,0,,,,,
Instances/Instances 2/kroB200_03.gt,199,100.0,86400.0,PTVRP_LAYERED_CONT_FIX,169873.0,57,2,0.0027,56,15,3,2133,10.7186,,0,0,347,0,,,,,
Instances/Instances 2/kroB200_04.gt,199,200.0,86400.0,PTVRP_LAYERED_CONT_FIX,90967.0,29,1,0.0025,26,9,1,1439,7.23116,,0,0,161,0,,,,,
Instances/Instances 2/kroB200_05.gt,199,400.0,86400.0,PTVRP_LAYERED_CONT_FIX,59195.0,15,1,0.0023,14,6,1,984,4.94472,,0,0,76,0,,,,,
Instances/Instances 2/kroB200_06.gt,199,1000.0,86400.0,PTVRP_LAYERED_CONT_FIX,41044.0,7,1,0.0023,6,4,1,563,2.82915,,0,0,0,0,,,,,
Instances/Instances 2/kroB200_07.gt,199,2000.0,86400.0,PTVRP_LAYERED_CONT_FIX,34876.0,4,1,0.0022,3,3,1,365,1.83417,,0,0,0,0,,,,,
Instances/Instances 2/kroB200_08.gt,199,4000.0,86400.0,PTVRP_LAYERED_CONT_FIX,31786.0,2,1,0.0022,2,2,1,243,1.22111,,0,0,0,0,,,,,
Instances/Instances 2/kroB200_09.gt,199,10000.0,86400.0,PTVRP_LAYERED_CONT_FIX,31768.0,1,1,0.0022,1,1,1,199,1.0,,0,0,0,0,,,,,
Instances/Instances 2/kroB200_10.gt,199,20000.0,86400.0,PTVRP_LAYERED_CONT_FIX,31768.0,1,1,0.0021,1,1,1,199,1.0,,0,0,0,0,,,,,
Instances/Instances 2/kroC100_01.gt,99,20.0,86400.0,PTVRP_LAYERED_CONT_FIX,383855.0,49,7,0.0024,129,23,8,1769,17.8687,,0,0,174,0,,,,,
Instances/Instances 2/kroC100_02.gt,99,40.0,86400.0,PTVRP_LAYERED_CONT_FIX,201443.0,40,3,0.0024,62,15,5,1257,12.697,,0,0,141,0,,,,,
Instances/Instances 2/kroC100_03.gt,99,100.0,86400.0,PTVRP_LAYERED_CONT_FIX,85136.0,27,2,0.0023,25,10,2,774,7.81818,,0,0,71,0,,,,,
Instances/Instances 2/kroC100_04.gt,99,200.0,86400.0,PTVRP_LAYERED_CONT_FIX,53151.0,15,1,0.0022,13,7,1,523,5.28283,,0,0,37,0,,,,,
Instances/Instances 2/kroC100_05.gt,99,400.0,86400.0,PTVRP_LAYERED_CONT_FIX,38061.0,9,1,0.0021,8,5,1,359,3.62626,,0,0,0,0,,,,,
Instances/Instances 2/kroC100_06.gt,99,1000.0,86400.0,PTVRP_LAYERED_CONT_FIX,26061.0,4,1,0.0022,3,3,1,186,1.87879,,0,0,0,0,,,,,
Instances/Instances 2/kroC100_07.gt,99,2000.0,86400.0,PTVRP_LAYERED_CONT_FIX,23764.0,2,1,0.0021,2,2,1,121,1.22222,,0,0,0,0,,,,,
Instances/Instances 2/kroC100_08.gt,99,4000.0,86400.0,PTVRP_LAYERED_CONT_FIX,22713.0,1,1,0.0021,1,1,1,99,1.0,,0,0,0,0,,,,,
Instances/Instances 2/kroC100_09.gt,99,10000.0,86400.0,PTVRP_LAYERED_CONT_FIX,22713.0,1,1,0.0021,1,1,1,99,1.0,,0,0,0,0,,,,,
Instances/Instances 2/kroC100_10.gt,99,20000.0,86400.0,PTVRP_LAYERED_CONT_FIX,22713.0,1,1,0.0021,1,1,1,99,1.0,,0,0,0,0,,,,,
Instances/Instances 2/kroD100_01.gt,99,20.0,86400.0,PTVRP_LAYERED_CONT_FIX,345875.0,54,7,0.0033,128,26,7,1828,18.4646,,0,0,189,0,,,,,
Instances/Instances 2/kroD100_02.gt,99,40.0,86400.0,PTVRP_LAYERED_CONT_FIX,184953.0,42,4,0.0032,62,16,4,1275,12.8788,,0,0,147,0,,,,,
Instances/Instances 2/kroD100_03.gt,99,100.0,86400.0,PTVRP_LAYERED_CONT_FIX,81409.0,26,2,0.0026,24,10,2,746,7.53535,,0,0,79,0,,,,,
Instances/Instances 2/kroD100_04.gt,99,200.0,86400.0,PTVRP_LAYERED_CONT_FIX,48008.0,14,1,0.0022,13,7,1,547,5.52525,,0,0,21,0,,,,,
Instances/Instances 2/kroD100_05.gt,99,400.0,86400.0,PTVRP_LAYERED_CONT_FIX,36610.0,9,1,0.0023,8,5,1,356,3.59596,,0,0,0,0,,,,,
Instances/Instances 2/kroD100_06.gt,99,1000.0,86400.0,PTVRP_LAYERED_CONT_FIX,26319.0,4,1,0.0021,3,3,1,190,1.91919,,0,0,0,0,,,,,
Instances/Instances 2/kroD100_07.gt,99,2000.0,86400.0,PTVRP_LAYERED_CONT_FIX,23833.0,2,1,0.0021,2,2,1,118,1.19192,,0,0,0,0,,,,,
Instances/Instances 2/kroD100_08.gt,99,4000.0,86400.0,PTVRP_LAYERED_CONT_FIX,23792.0,1,1,0.0022,1,1,1,99,1.0,,0,0,0,0,,,,,
Instances/Instances 2/kroD100_09.gt,99,10000.0,86400.0,PTVRP_LAYERED_CONT_FIX,23792.0,1,1,0.0021,1,1,1,99,1.0,,0,0,0,0,,,,,
Instances/Instances 2/kroD100_10.gt,99,20000.0,86400.0,PTVRP_LAYERED_CONT_FIX,23792.0,1,1,0.0021,1,1,1,99,1.0,,0,0,0,0,,,,,
Instances/Instances 2/kroE100_01.gt,99,20.0,86400.0,PTVRP_LAYERED_CONT_FIX,366106.0,53,8,0.003,128,26,8,1785,18.0303,,0,0,178,0,,,,,
Instances/Instances 2/kroE100_02.gt,99,40.0,86400.0,PTVRP_LAYERED_CONT_FIX,205873.0,41,5,0.0027,62,16,5,1177,11.8889,,0,0,133,0,,,,,
Instances/Instances 2/kroE100_03.gt,99,100.0,86400.0,PTVRP_LAYERED_CONT_FIX,87193.0,26,2,0.0024,25,10,2,723,7.30303,,0,0,49,0,,,,,
Instances/Instances 2/kroE100_04.gt,99,200.0,86400.0,PTVRP_LAYERED_CONT_FIX,55113.0,15,1,0.0023,13,7,1,493,4.9798,,0,0,23,0,,,,,
Instances/Instances 2/kroE100_05.gt,99,400.0,86400.0,PTVRP_LAYERED_CONT_FIX,38877.0,9,1,0.0021,8,5,1,357,3.60606,,0,0,0,0,,,,,
Instances/Instances 2/kroE100_06.gt,99,1000.0,86400.0,PTVRP_LAYERED_CONT_FIX,25965.0,3,1,0.0022,3,3,1,184,1.85859,,0,0,0,0,,,,,
Instances/Instances 2/kroE100_07.gt,99,2000.0,86400.0,PTVRP_LAYERED_CONT_FIX,24610.0,2,1,0.0021,2,2,1,119,1.20202,,0,0,0,0,,,,,
Instances/Instances 2/kroE100_08.gt,99,4000.0,86400.0,PTVRP_LAYERED_CONT_FIX,24552.0,1,1,0.0022,1,1,1,99,1.0,,0,0,0,0,,,,,
Instances/Instances 2/kroE100_09.gt,99,10000.0,86400.0,PTVRP_LAYERED_CONT_FIX,24552.0,1,1,0.0021,1,1,1,99,1.0,,0,0,0,0,,,,,
Instances/Instances 2/kroE100_10.gt,99,20000.0,86400.0,PTVRP_LAYERED_CONT_FIX,24552.0,1,1,0.0021,1,1,1,99,1.0,,0,0,0,0,,,,,
Instances/Instances 2/kz9976_01.gt,9975,20.0,86400.0,PTVRP_LAYERED_CONT_FIX,NO SOLUTION,,,0.0133,12622,31,10,91881,9.21113,,0,0,4049,0,,,,,
Instances/Instances 2/kz9976_02.gt,9975,40.0,86400.0,PTVRP_LAYERED_CONT_FIX,141180698.0,3494,9,0.0305,6336,25,9,85781,8.5996,,0,0,50829,0,,,,,
Instances/Instances 2/kz9976_03.gt,9975,100.0,86400.0,PTVRP_LAYERED_CONT_FIX,54541228.0,1681,5,0.0224,2559,16,6,71361,7.15398,,0,0,83033,0,,,,,
Instances/Instances 2/kz9976_04.gt,9975,200.0,86400.0,PTVRP_LAYERED_CONT_FIX,26900064.0,1041,4,0.0177,1265,11,5,59449,5.9598,,0,0,107856,0,,,,,
Instances/Instances 2/kz9976_05.gt,9975,400.0,86400.0,PTVRP_LAYERED_CONT_FIX,14072935.0,632,2,0.0155,645,7,4,48199,4.83198,,0,0,114276,0,,,,,
Instances/Instances 2/kz9976_06.gt,9975,1000.0,86400.0,PTVRP_LAYERED_CONT_FIX,6092626.0,260,1,0.0124,253,5,3,34153,3.42386,,0,0,91156,0,,,,,
Instances/Instances 2/kz9976_07.gt,9975,2000.0,86400.0,PTVRP_LAYERED_CONT_FIX,3542499.0,131,1,0.0111,127,4,1,26224,2.62897,,0,0,77440,0,,,,,
Instances/Instances 2/kz9976_08.gt,9975,4000.0,86400.0,PTVRP_LAYERED_CONT_FIX,2272038.0,67,1,0.0102,64,3,1,19789,1.98386,,0,0,115837,0,,,,,
Instances/Instances 2/kz9976_09.gt,9975,10000.0,86400.0,PTVRP_LAYERED_CONT_FIX,1530560.0,28,1,0.009,26,2,1,11600,1.16291,,0,0,7627,0,,,,,
Instances/Instances 2/kz9976_10.gt,9975,20000.0,86400.0,PTVRP_LAYERED_CONT_FIX,1339347.0,18,1,0.0094,13,1,1,9975,1.0,,0,0,94450,0,,,,,
Instances/Instances 2/lin105_01.gt,104,20.0,86400.0,PTVRP_LAYERED_CONT_FIX,256859.0,53,7,0.0028,136,34,7,2488,23.9231,,0,0,210,0,,,,,
Instances/Instances 2/lin105_02.gt,104,40.0,86400.0,PTVRP_LAYERED_CONT_FIX,145220.0,40,5,0.0025,69,23,5,1703,16.375,,0,0,158,0,,,,,
Instances/Instances 2/lin105_03.gt,104,100.0,86400.0,PTVRP_LAYERED_CONT_FIX,58855.0,29,1,0.0024,25,13,2,985,9.47115,,0,0,70,0,,,,,
Instances/Instances 2/lin105_04.gt,104,200.0,86400.0,PTVRP_LAYERED_CONT_FIX,34753.0,15,1,0.0023,13,9,1,653,6.27885,,0,0,30,0,,,,,
Instances/Instances 2/lin105_05.gt,104,400.0,86400.0,PTVRP_LAYERED_CONT_FIX,23492.0,8,1,0.0022,7,6,1,383,3.68269,,0,0,10,0,,,,,
Instances/Instances 2/lin105_06.gt,104,1000.0,86400.0,PTVRP_LAYERED_CONT_FIX,18091.0,3,1,0.0021,3,3,1,191,1.83654,,0,0,0,0,,,,,
Instances/Instances 2/lin105_07.gt,104,2000.0,86400.0,PTVRP_LAYERED_CONT_FIX,17033.0,2,1,0.0022,2,2,1,133,1.27885,,0,0,0,0,,,,,
Instances/Instances 2/lin105_08.gt,104,4000.0,86400.0,PTVRP_LAYERED_CONT_FIX,17033.0,2,1,0.0022,1,1,1,104,1.0,,0,0,0,0,,,,,
Instances/Instances 2/lin105_09.gt,104,10000.0,86400.0,PTVRP_LAYERED_CONT_FIX,17033.0,2,1,0.0021,1,1,1,104,1.0,,0,0,0,0,,,,,
Instances/Instances 2/lin105_10.gt,104,20000.0,86400.0,PTVRP_LAYERED_CONT_FIX,17033.0,2,1,0.0024,1,1,1,104,1.0,,0,0,0,0,,,,,
Instances/Instances 2/lin318_01.gt,317,20.0,86400.0,PTVRP_LAYERED_CONT_FIX,1203102.0,146,9,0.0033,408,34,10,7315,23.0757,,0,0,953,0,,,,,
Instances/Instances 2/lin318_02.gt,317,40.0,86400.0,PTVRP_LAYERED_CONT_FIX,595309.0,120,5,0.0032,187,24,6,5211,16.4385,,0,0,865,0,,,,,
Instances/Instances 2/lin318_03.gt,317,100.0,86400.0,PTVRP_LAYERED_CONT_FIX,274895.0,79,2,0.003,81,15,3,3515,11.0883,,0,0,575,0,,,,,
Instances/Instances 2/lin318_04.gt,317,200.0,86400.0,PTVRP_LAYERED_CONT_FIX,147118.0,43,1,0.0027,39,10,2,2445,7.71293,,0,0,285,0,,,,,
Instances/Instances 2/lin318_05.gt,317,400.0,86400.0,PTVRP_LAYERED_CONT_FIX,91883.0,23,1,0.0026,20,7,1,1719,5.42271,,0,0,163,0,,,,,
Instances/Instances 2/lin318_06.gt,317,1000.0,86400.0,PTVRP_LAYERED_CONT_FIX,60776.0,10,1,0.0024,8,4,1,1037,3.27129,,0,0,7,0,,,,,
Instances/Instances 2/lin318_07.gt,317,2000.0,86400.0,PTVRP_LAYERED_CONT_FIX,50871.0,5,1,0.0023,4,3,1,697,2.19874,,0,0,0,0,,,,,
Instances/Instances 2/lin318_08.gt,317,4000.0,86400.0,PTVRP_LAYERED_CONT_FIX,46415.0,4,1,0.0026,3,2,1,490,1.54574,,0,0,0,0,,,,,
Instances/Instances 2/lin318_09.gt,317,10000.0,86400.0,PTVRP_LAYERED_CONT_FIX,46049.0,2,1,0.0027,1,1,1,317,1.0,,0,0,0,0,,,,,
Instances/Instances 2/lin318_10.gt,317,20000.0,86400.0,PTVRP_LAYERED_CONT_FIX,46049.0,2,1,0.0023,1,1,1,317,1.0,,0,0,0,0,,,,,
Instances/Instances 2/linhp318_01.gt,317,20.0,86400.0,PTVRP_LAYERED_CONT_FIX,1256145.0,151,9,0.0034,417,35,9,7428,23.4322,,0,0,956,0,,,,,
Instances/Instances 2/linhp318_02.gt,317,40.0,86400.0,PTVRP_LAYERED_CONT_FIX,650893.0,122,6,0.0033,207,23,6,5508,17.3754,,0,0,912,0,,,,,
Instances/Instances 2/linhp318_03.gt,317,100.0,86400.0,PTVRP_LAYERED_CONT_FIX,285563.0,76,3,0.0029,85,14,3,3631,11.4543,,0,0,587,0,,,,,
Instances/Instances 2/linhp318_04.gt,317,200.0,86400.0,PTVRP_LAYERED_CONT_FIX,151905.0,44,1,0.0026,40,10,2,2460,7.76025,,0,0,245,0,,,,,
Instances/Instances 2/linhp318_05.gt,317,400.0,86400.0,PTVRP_LAYERED_CONT_FIX,90688.0,22,1,0.0025,19,6,1,1664,5.24921,,0,0,110,0,,,,,
Instances/Instances 2/linhp318_06.gt,317,1000.0,86400.0,PTVRP_LAYERED_CONT_FIX,61104.0,10,1,0.0024,9,4,1,1031,3.25237,,0,0,0,0,,,,,
Instances/Instances 2/linhp318_07.gt,317,2000.0,86400.0,PTVRP_LAYERED_CONT_FIX,50329.0,5,1,0.0023,5,3,1,720,2.27129,,0,0,0,0,,,,,
Instances/Instances 2/linhp318_08.gt,317,4000.0,86400.0,PTVRP_LAYERED_CONT_FIX,46459.0,3,1,0.0027,3,2,1,478,1.50789,,0,0,0,0,,,,,
Instances/Instances 2/linhp318_09.gt,317,10000.0,86400.0,PTVRP_LAYERED_CONT_FIX,46168.0,2,1,0.0023,1,1,1,317,1.0,,0,0,0,0,,,,,
Instances/Instances 2/linhp318_10.gt,317,20000.0,86400.0,PTVRP_LAYERED_CONT_FIX,46168.0,2,1,0.0022,1,1,1,317,1.0,,0,0,0,0,,,,,
Instances/Instances 2/lu980_01.gt,979,20.0,86400.0,PTVRP_LAYERED_CONT_FIX,634375.0,390,13,0.0082,1290,107,13,82851,84.6282,,0,0,6465,0,,,,,
Instances/Instances 2/lu980_02.gt,979,40.0,86400.0,PTVRP_LAYERED_CONT_FIX,309635.0,289,6,0.0072,606,71,8,57788,59.0276,,0,0,5655,0,,,,,
Instances/Instances 2/lu980_03.gt,979,100.0,86400.0,PTVRP_LAYERED_CONT_FIX,135411.0,206,3,0.0059,252,46,5,37085,37.8805,,0,0,3434,0,,,,,
Instances/Instances 2/lu980_04.gt,979,200.0,86400.0,PTVRP_LAYERED_CONT_FIX,71262.0,129,3,0.0048,126,32,3,25646,26.1961,,0,0,1656,0,,,,,
Instances/Instances 2/lu980_05.gt,979,400.0,86400.0,PTVRP_LAYERED_CONT_FIX,40603.0,67,2,0.0043,64,23,2,17441,17.8151,,0,0,842,0,,,,,
Instances/Instances 2/lu980_06.gt,979,1000.0,86400.0,PTVRP_LAYERED_CONT_FIX,22122.0,26,1,0.0034,25,14,1,9734,9.9428,,0,0,24,0,,,,,
Instances/Instances 2/lu980_07.gt,979,2000.0,86400.0,PTVRP_LAYERED_CONT_FIX,16260.0,14,1,0.0031,13,10,1,6013,6.14198,,0,0,100,0,,,,,
Instances/Instances 2/lu980_08.gt,979,4000.0,86400.0,PTVRP_LAYERED_CONT_FIX,13604.0,8,1,0.0029,7,7,1,3487,3.5618,,0,0,0,0,,,,,
Instances/Instances 2/lu980_09.gt,979,10000.0,86400.0,PTVRP_LAYERED_CONT_FIX,12225.0,3,1,0.0028,3,3,1,1766,1.80388,,0,0,0,0,,,,,
Instances/Instances 2/lu980_10.gt,979,20000.0,86400.0,PTVRP_LAYERED_CONT_FIX,11920.0,2,1,0.0027,2,2,1,1149,1.17365,,0,0,0,0,,,,,
Instances/Instances 2/mo14185_01.gt,14184,20.0,86400.0,PTVRP_LAYERED_CONT_FIX,95461861.0,3985,16,0.0499,18155,57,19,404494,28.5176,,0,0,115515,0,,,,,
Instances/Instances 2/mo14185_02.gt,14184,40.0,86400.0,PTVRP_LAYERED_CONT_FIX,47972862.0,2870,13,0.0464,9071,45,15,348815,24.5921,,0,0,166618,0,,,,,
Instances/Instances 2/mo14185_03.gt,14184,100.0,86400.0,PTVRP_LAYERED_CONT_FIX,19420393.0,2002,7,0.038,3606,30,9,267122,18.8326,,0,0,221832,0,,,,,
Instances/Instances 2/mo14185_04.gt,14184,200.0,86400.0,PTVRP_LAYERED_CONT_FIX,9981564.0,1445,4,0.0324,1817,22,6,210722,14.8563,,1,0,218647,0,,,,,
Instances/Instances 2/mo14185_05.gt,14184,400.0,86400.0,PTVRP_LAYERED_CONT_FIX,5155357.0,896,2,0.0268,912,15,4,160909,11.3444,,1,0,158664,0,,,,,
Instances/Instances 2/mo14185_06.gt,14184,1000.0,86400.0,PTVRP_LAYERED_CONT_FIX,2268232.0,371,1,0.0202,362,10,3,108479,7.64798,,0,0,65625,0,,,,,
Instances/Instances 2/mo14185_07.gt,14184,2000.0,86400.0,PTVRP_LAYERED_CONT_FIX,1341274.0,187,1,0.0186,182,7,2,79435,5.60032,,0,0,32322,0,,,,,
Instances/Instances 2/mo14185_08.gt,14184,4000.0,86400.0,PTVRP_LAYERED_CONT_FIX,874470.0,95,1,0.0155,91,5,1,57639,4.06366,,0,0,15954,0,,,,,
Instances/Instances 2/mo14185_09.gt,14184,10000.0,86400.0,PTVRP_LAYERED_CONT_FIX,601150.0,39,1,0.0139,37,3,1,37346,2.63297,,0,0,2330,0,,,,,
Instances/Instances 2/mo14185_10.gt,14184,20000.0,86400.0,PTVRP_LAYERED_CONT_FIX,515013.0,20,1,0.0124,19,2,1,27584,1.94473,,0,0,5015,0,,,,,
Instances/Instances 2/mu1979_01.gt,1978,20.0,86400.0,PTVRP_LAYERED_CONT_FIX,10552448.0,657,15,0.0104,2484,67,16,70994,35.8918,,0,0,14625,0,,,,,
Instances/Instances 2/mu1979_02.gt,1978,40.0,86400.0,PTVRP_LAYERED_CONT_FIX,5352549.0,527,11,0.0127,1274,51,13,57016,28.8251,,0,0,17702,0,,,,,
Instances/Instances 2/mu1979_03.gt,1978,100.0,86400.0,PTVRP_LAYERED_CONT_FIX,2233827.0,326,5,0.0081,513,33,8,40179,20.3129,,0,0,18479,0,,,,,
Instances/Instances 2/mu1979_04.gt,1978,200.0,86400.0,PTVRP_LAYERED_CONT_FIX,1101653.0,227,3,0.0073,250,23,5,29600,14.9646,,0,0,15638,0,,,,,
Instances/Instances 2/mu1979_05.gt,1978,400.0,86400.0,PTVRP_LAYERED_CONT_FIX,584725.0,127,2,0.0064,126,16,4,21619,10.9297,,0,0,10848,0,,,,,
Instances/Instances 2/mu1979_06.gt,1978,1000.0,86400.0,PTVRP_LAYERED_CONT_FIX,282230.0,52,1,0.0055,51,10,3,13869,7.01163,,0,0,4130,0,,,,,
Instances/Instances 2/mu1979_07.gt,1978,2000.0,86400.0,PTVRP_LAYERED_CONT_FIX,183774.0,27,1,0.0055,25,7,1,9856,4.98281,,0,0,1019,0,,,,,
Instances/Instances 2/mu1979_08.gt,1978,4000.0,86400.0,PTVRP_LAYERED_CONT_FIX,140651.0,15,1,0.0044,13,5,1,6763,3.41911,,0,0,227,0,,,,,
Instances/Instances 2/mu1979_09.gt,1978,10000.0,86400.0,PTVRP_LAYERED_CONT_FIX,110667.0,6,1,0.0039,6,3,1,4495,2.2725,,0,0,34,0,,,,,
Instances/Instances 2/mu1979_10.gt,1978,20000.0,86400.0,PTVRP_LAYERED_CONT_FIX,101983.0,4,1,0.0034,3,2,1,3176,1.60566,,0,0,144,0,,,,,
Instances/Instances 2/nrw1379_01.gt,1378,20.0,86400.0,PTVRP_LAYERED_CONT_FIX,2900697.0,562,11,0.0084,1743,52,11,56470,40.9797,,0,0,7390,0,,,,,
Instances/Instances 2/nrw1379_02.gt,1378,40.0,86400.0,PTVRP_LAYERED_CONT_FIX,1481785.0,466,6,0.0076,873,40,8,42515,30.8527,,0,0,7117,0,,,,,
Instances/Instances 2/nrw1379_03.gt,1378,100.0,86400.0,PTVRP_LAYERED_CONT_FIX,649974.0,290,4,0.0061,358,25,4,28269,20.5145,,0,0,4554,0,,,,,
Instances/Instances 2/nrw1379_04.gt,1378,200.0,86400.0,PTVRP_LAYERED_CONT_FIX,338045.0,184,2,0.0052,178,18,3,20320,14.746,,0,0,2332,0,,,,,
Instances/Instances 2/nrw1379_05.gt,1378,400.0,86400.0,PTVRP_LAYERED_CONT_FIX,190950.0,94,1,0.0044,88,13,2,14277,10.3607,,0,0,1096,0,,,,,
Instances/Instances 2/nrw1379_06.gt,1378,1000.0,86400.0,PTVRP_LAYERED_CONT_FIX,106479.0,38,1,0.0037,35,8,1,8989,6.52322,,0,0,579,0,,,,,
Instances/Instances 2/nrw1379_07.gt,1378,2000.0,86400.0,PTVRP_LAYERED_CONT_FIX,80394.0,20,1,0.0038,18,6,1,6230,4.52104,,0,0,284,0,,,,,
Instances/Instances 2/nrw1379_08.gt,1378,4000.0,86400.0,PTVRP_LAYERED_CONT_FIX,67197.0,11,1,0.0033,9,4,1,4329,3.14151,,0,0,220,0,,,,,
Instances/Instances 2/nrw1379_09.gt,1378,10000.0,86400.0,PTVRP_LAYERED_CONT_FIX,60155.0,5,1,0.0031,4,2,1,2369,1.71916,,0,0,0,0,,,,,
Instances/Instances 2/nrw1379_10.gt,1378,20000.0,86400.0,PTVRP_LAYERED_CONT_FIX,59232.0,3,1,0.003,2,2,1,1965,1.42598,,0,0,0,0,,,,,
Instances/Instances 2/nu3496_01.gt,3495,20.0,86400.0,PTVRP_LAYERED_CONT_FIX,9981936.0,1121,15,0.0181,4431,77,17,161821,46.3007,,0,0,29990,0,,,,,
Instances/Instances 2/nu3496_02.gt,3495,40.0,86400.0,PTVRP_LAYERED_CONT_FIX,5092426.0,890,10,0.0161,2206,53,13,125695,35.9642,,0,0,33824,0,,,,,
Instances/Instances 2/nu3496_03.gt,3495,100.0,86400.0,PTVRP_LAYERED_CONT_FIX,2089169.0,649,4,0.0128,877,34,8,85685,24.5165,,0,0,29880,0,,,,,
Instances/Instances 2/nu3496_04.gt,3495,200.0,86400.0,PTVRP_LAYERED_CONT_FIX,1093331.0,416,3,0.0102,445,25,5,63284,18.107,,0,0,21269,0,,,,,
Instances/Instances 2/nu3496_05.gt,3495,400.0,86400.0,PTVRP_LAYERED_CONT_FIX,592909.0,232,2,0.0082,225,18,3,45834,13.1142,,0,0,11386,0,,,,,
Instances/Instances 2/nu3496_06.gt,3495,1000.0,86400.0,PTVRP_LAYERED_CONT_FIX,281191.0,93,1,0.0067,89,11,1,28847,8.25379,,0,0,4637,0,,,,,
Instances/Instances 2/nu3496_07.gt,3495,2000.0,86400.0,PTVRP_LAYERED_CONT_FIX,185378.0,47,1,0.006,45,8,1,20147,5.76452,,0,0,2370,0,,,,,
Instances/Instances 2/nu3496_08.gt,3495,4000.0,86400.0,PTVRP_LAYERED_CONT_FIX,136359.0,24,1,0.0051,23,5,1,13927,3.98484,,0,0,976,0,,,,,
Instances/Instances 2/nu3496_09.gt,3495,10000.0,86400.0,PTVRP_LAYERED_CONT_FIX,110135.0,11,1,0.0046,9,3,1,8639,2.47182,,0,0,280,0,,,,,
Instances/Instances 2/nu3496_10.gt,3495,20000.0,86400.0,PTVRP_LAYERED_CONT_FIX,100933.0,6,1,0.0046,5,2,1,6218,1.77911,,0,0,0,0,,,,,
Instances/Instances 2/p654_01.gt,653,20.0,86400.0,PTVRP_LAYERED_CONT_FIX,4302441.0,170,13,0.0048,826,36,15,16591,25.4074,,0,0,5105,0,,,,,
Instances/Instances 2/p654_02.gt,653,40.0,86400.0,PTVRP_LAYERED_CONT_FIX,2101634.0,122,10,0.004,399,29,13,14273,21.8576,,0,0,7450,0,,,,,
Instances/Instances 2/p654_03.gt,653,100.0,86400.0,PTVRP_LAYERED_CONT_FIX,913604.0,104,5,0.0036,171,23,7,10849,16.6141,,0,0,8275,0,,,,,
Instances/Instances 2/p654_04.gt,653,200.0,86400.0,PTVRP_LAYERED_CONT_FIX,457500.0,63,4,0.0034,83,17,6,7796,11.9387,,0,0,6109,0,,,,,
Instances/Instances 2/p654_05.gt,653,400.0,86400.0,PTVRP_LAYERED_CONT_FIX,244839.0,43,2,0.003,42,11,3,5603,8.5804,,0,0,2776,0,,,,,
Instances/Instances 2/p654_06.gt,653,1000.0,86400.0,PTVRP_LAYERED_CONT_FIX,117223.0,18,1,0.0028,18,8,2,3489,5.34303,,0,0,866,0,,,,,
Instances/Instances 2/p654_07.gt,653,2000.0,86400.0,PTVRP_LAYERED_CONT_FIX,71896.0,10,1,0.0027,9,5,1,2236,3.4242,,0,0,241,0,,,,,
Instances/Instances 2/p654_08.gt,653,4000.0,86400.0,PTVRP_LAYERED_CONT_FIX,51913.0,5,1,0.0026,5,3,1,1488,2.27871,,0,0,0,0,,,,,
Instances/Instances 2/p654_09.gt,653,10000.0,86400.0,PTVRP_LAYERED_CONT_FIX,40143.0,2,1,0.0026,2,2,1,875,1.33997,,0,0,0,0,,,,,
Instances/Instances 2/p654_10.gt,653,20000.0,86400.0,PTVRP_LAYERED_CONT_FIX,39899.0,1,1,0.0025,1,1,1,653,1.0,,0,0,0,0,,,,,
Instances/Instances 2/pcb1173_01.gt,1172,20.0,86400.0,PTVRP_LAYERED_CONT_FIX,2827187.0,470,10,0.0072,1498,53,11,44033,37.5708,,0,0,5969,0,,,,,
Instances/Instances 2/pcb1173_02.gt,1172,40.0,86400.0,PTVRP_LAYERED_CONT_FIX,1479254.0,369,7,0.0065,743,36,8,32892,28.0648,,0,0,5859,0,,,,,
Instances/Instances 2/pcb1173_03.gt,1172,100.0,86400.0,PTVRP_LAYERED_CONT_FIX,620656.0,257,3,0.0055,299,23,5,21960,18.7372,,0,0,3790,0,,,,,
Instances/Instances 2/pcb1173_04.gt,1172,200.0,86400.0,PTVRP_LAYERED_CONT_FIX,329933.0,159,2,0.0051,149,16,2,15762,13.4488,,0,0,2298,0,,,,,
Instances/Instances 2/pcb1173_05.gt,1172,400.0,86400.0,PTVRP_LAYERED_CONT_FIX,187528.0,80,1,0.0039,75,11,1,11146,9.51024,,0,0,687,0,,,,,
Instances/Instances 2/pcb1173_06.gt,1172,1000.0,86400.0,PTVRP_LAYERED_CONT_FIX,103951.0,32,1,0.0035,30,7,1,6973,5.94966,,0,0,728,0,,,,,
Instances/Instances 2/pcb1173_07.gt,1172,2000.0,86400.0,PTVRP_LAYERED_CONT_FIX,79415.0,17,1,0.0032,15,5,1,4959,4.23123,,0,0,278,0,,,,,
Instances/Instances 2/pcb1173_08.gt,1172,4000.0,86400.0,PTVRP_LAYERED_CONT_FIX,66099.0,9,1,0.0032,8,3,1,3033,2.58788,,0,0,0,0,,,,,
Instances/Instances 2/pcb1173_09.gt,1172,10000.0,86400.0,PTVRP_LAYERED_CONT_FIX,61435.0,4,1,0.0033,3,2,1,1940,1.65529,,0,0,0,0,,,,,
Instances/Instances 2/pcb1173_10.gt,1172,20000.0,86400.0,PTVRP_LAYERED_CONT_FIX,59749.0,2,1,0.0029,2,2,1,1561,1.33191,,0,0,12,0,,,,,
Instances/Instances 2/pcb3038_01.gt,3037,20.0,86400.0,PTVRP_LAYERED_CONT_FIX,10777614.0,1074,12,0.014,3865,54,14,104234,34.3214,,0,0,19644,0,,,,,
Instances/Instances 2/pcb3038_02.gt,3037,40.0,86400.0,PTVRP_LAYERED_CONT_FIX,5552073.0,895,9,0.0131,1929,37,10,81198,26.7363,,0,0,21464,0,,,,,
Instances/Instances 2/pcb3038_03.gt,3037,100.0,86400.0,PTVRP_LAYERED_CONT_FIX,2302811.0,579,4,0.0103,772,22,5,56085,18.4672,,0,0,17549,0,,,,,
Instances/Instances 2/pcb3038_04.gt,3037,200.0,86400.0,PTVRP_LAYERED_CONT_FIX,1194693.0,385,2,0.0085,387,16,4,41397,13.6309,,0,0,10904,0,,,,,
Instances/Instances 2/pcb3038_05.gt,3037,400.0,86400.0,PTVRP_LAYERED_CONT_FIX,645346.0,203,1,0.0069,193,11,2,30029,9.88772,,0,0,5731,0,,,,,
Instances/Instances 2/pcb3038_06.gt,3037,1000.0,86400.0,PTVRP_LAYERED_CONT_FIX,332841.0,82,1,0.0059,78,7,1,19635,6.46526,,0,0,3130,0,,,,,
Instances/Instances 2/pcb3038_07.gt,3037,2000.0,86400.0,PTVRP_LAYERED_CONT_FIX,231929.0,42,1,0.005,39,5,1,14407,4.74383,,0,0,1870,0,,,,,
Instances/Instances 2/pcb3038_08.gt,3037,4000.0,86400.0,PTVRP_LAYERED_CONT_FIX,177769.0,21,1,0.0045,20,4,1,8693,2.86236,,0,0,126,0,,,,,
Instances/Instances 2/pcb3038_09.gt,3037,10000.0,86400.0,PTVRP_LAYERED_CONT_FIX,151671.0,9,1,0.0042,8,2,1,5690,1.87356,,0,0,0,0,,,,,
Instances/Instances 2/pcb3038_10.gt,3037,20000.0,86400.0,PTVRP_LAYERED_CONT_FIX,145475.0,5,1,0.0041,4,2,1,5311,1.74877,,0,0,0,0,,,,,
Instances/Instances 2/pcb442_01.gt,441,20.0,86400.0,PTVRP_LAYERED_CONT_FIX,1550629.0,196,7,0.0038,536,32,10,10520,23.8549,,0,0,1414,0,,,,,
Instances/Instances 2/pcb442_02.gt,441,40.0,86400.0,PTVRP_LAYERED_CONT_FIX,839013.0,149,5,0.0035,278,22,6,8037,18.2245,,0,0,1382,0,,,,,
Instances/Instances 2/pcb442_03.gt,441,100.0,86400.0,PTVRP_LAYERED_CONT_FIX,353526.0,100,3,0.0032,112,15,3,5244,11.8912,,0,0,752,0,,,,,
Instances/Instances 2/pcb442_04.gt,441,200.0,86400.0,PTVRP_LAYERED_CONT_FIX,195444.0,61,1,0.0028,55,10,2,3651,8.27891,,0,0,406,0,,,,,
Instances/Instances 2/pcb442_05.gt,441,400.0,86400.0,PTVRP_LAYERED_CONT_FIX,118419.0,30,1,0.0025,28,7,1,2589,5.87075,,0,0,196,0,,,,,
Instances/Instances 2/pcb442_06.gt,441,1000.0,86400.0,PTVRP_LAYERED_CONT_FIX,75864.0,12,1,0.0025,12,5,1,1535,3.48073,,0,0,5,0,,,,,
Instances/Instances 2/pcb442_07.gt,441,2000.0,86400.0,PTVRP_LAYERED_CONT_FIX,62821.0,7,1,0.0024,6,3,1,1096,2.48526,,0,0,0,0,,,,,
Instances/Instances 2/pcb442_08.gt,441,4000.0,86400.0,PTVRP_LAYERED_CONT_FIX,57716.0,4,1,0.0023,3,2,1,730,1.65533,,0,0,0,0,,,,,
Instances/Instances 2/pcb442_09.gt,441,10000.0,86400.0,PTVRP_LAYERED_CONT_FIX,55052.0,2,1,0.0023,2,1,1,441,1.0,,0,0,0,0,,,,,
Instances/Instances 2/pcb442_10.gt,441,20000.0,86400.0,PTVRP_LAYERED_CONT_FIX,55035.0,1,1,0.0023,1,1,1,441,1.0,,0,0,0,0,,,,,
Instances/Instances 2/pm8079_01.gt,8078,20.0,86400.0,PTVRP_LAYERED_CONT_FIX,21704398.0,2281,21,0.041,10341,104,27,473132,58.5704,,0,0,99877,0,,,,,
Instances/Instances 2/pm8079_02.gt,8078,40.0,86400.0,PTVRP_LAYERED_CONT_FIX,10984254.0,1765,15,0.0385,5187,72,15,377167,46.6906,,0,0,120056,0,,,,,
Instances/Instances 2/pm8079_03.gt,8078,100.0,86400.0,PTVRP_LAYERED_CONT_FIX,4445970.0,1234,6,0.0316,2043,46,8,263053,32.5641,,0,0,118567,0,,,,,
Instances/Instances 2/pm8079_04.gt,8078,200.0,86400.0,PTVRP_LAYERED_CONT_FIX,2286284.0,863,3,0.0253,1027,34,5,196656,24.3446,,0,0,91006,0,,,,,
Instances/Instances 2/pm8079_05.gt,8078,400.0,86400.0,PTVRP_LAYERED_CONT_FIX,1178538.0,512,2,0.0197,511,23,3,143300,17.7395,,0,0,57482,0,,,,,
Instances/Instances 2/pm8079_06.gt,8078,1000.0,86400.0,PTVRP_LAYERED_CONT_FIX,528860.0,212,1,0.0146,206,14,2,93157,11.5322,,0,0,21336,0,,,,,
Instances/Instances 2/pm8079_07.gt,8078,2000.0,86400.0,PTVRP_LAYERED_CONT_FIX,319370.0,107,1,0.0124,103,10,1,66220,8.19757,,0,0,9216,0,,,,,
Instances/Instances 2/pm8079_08.gt,8078,4000.0,86400.0,PTVRP_LAYERED_CONT_FIX,214352.0,54,1,0.0102,52,7,1,46963,5.81369,,0,0,4319,0,,,,,
Instances/Instances 2/pm8079_09.gt,8078,10000.0,86400.0,PTVRP_LAYERED_CONT_FIX,151894.0,22,1,0.0087,21,4,1,28551,3.53441,,0,0,1471,0,,,,,
Instances/Instances 2/pm8079_10.gt,8078,20000.0,86400.0,PTVRP_LAYERED_CONT_FIX,132679.0,12,1,0.0081,11,3,1,20517,2.53986,,0,0,368,0,,,,,
Instances/Instances 2/pr1002_01.gt,1001,20.0,86400.0,PTVRP_LAYERED_CONT_FIX,13704076.0,443,8,0.0053,1320,26,9,12213,12.2008,,0,0,3012,0,,,,,
Instances/Instances 2/pr1002_02.gt,1001,40.0,86400.0,PTVRP_LAYERED_CONT_FIX,6656691.0,328,8,0.0048,629,18,8,9980,9.97003,,0,0,3843,0,,,,,
Instances/Instances 2/pr1002_03.gt,1001,100.0,86400.0,PTVRP_LAYERED_CONT_FIX,2938996.0,209,3,0.0041,265,10,4,7295,7.28771,,0,0,4098,0,,,,,
Instances/Instances 2/pr1002_04.gt,1001,200.0,86400.0,PTVRP_LAYERED_CONT_FIX,1514865.0,129,2,0.0036,127,7,2,5362,5.35664,,0,0,2967,0,,,,,
Instances/Instances 2/pr1002_05.gt,1001,400.0,86400.0,PTVRP_LAYERED_CONT_FIX,850078.0,69,1,0.0032,65,5,2,3998,3.99401,,0,0,2122,0,,,,,
Instances/Instances 2/pr1002_06.gt,1001,1000.0,86400.0,PTVRP_LAYERED_CONT_FIX,481274.0,28,1,0.003,26,3,1,2777,2.77423,,0,0,1384,0,,,,,
Instances/Instances 2/pr1002_07.gt,1001,2000.0,86400.0,PTVRP_LAYERED_CONT_FIX,363862.0,14,1,0.0029,13,2,1,1919,1.91708,,0,0,263,0,,,,,
Instances/Instances 2/pr1002_08.gt,1001,4000.0,86400.0,PTVRP_LAYERED_CONT_FIX,308980.0,7,1,0.0027,7,2,1,1385,1.38362,,0,0,982,0,,,,,
Instances/Instances 2/pr1002_09.gt,1001,10000.0,86400.0,PTVRP_LAYERED_CONT_FIX,283439.0,4,1,0.0027,3,1,1,1001,1.0,,0,0,210,0,,,,,
Instances/Instances 2/pr1002_10.gt,1001,20000.0,86400.0,PTVRP_LAYERED_CONT_FIX,283439.0,4,1,0.0027,2,1,1,1001,1.0,,0,0,210,0,,,,,
Instances/Instances 2/pr107_01.gt,106,20.0,86400.0,PTVRP_LAYERED_CONT_FIX,1431303.0,52,6,0.0024,138,20,6,1200,11.3208,,0,0,221,0,,,,,
Instances/Instances 2/pr107_02.gt,106,40.0,86400.0,PTVRP_LAYERED_CONT_FIX,733118.0,46,4,0.0024,69,14,5,907,8.5566,,0,0,243,0,,,,,
Instances/Instances 2/pr107_03.gt,106,100.0,86400.0,PTVRP_LAYERED_CONT_FIX,327341.0,26,3,0.0023,28,8,4,577,5.4434,,0,0,195,0,,,,,
Instances/Instances 2/pr107_04.gt,106,200.0,86400.0,PTVRP_LAYERED_CONT_FIX,158217.0,15,1,0.0022,12,5,2,378,3.56604,,0,0,100,0,,,,,
Instances/Instances 2/pr107_05.gt,106,400.0,86400.0,PTVRP_LAYERED_CONT_FIX,102577.0,8,1,0.0022,7,4,1,284,2.67925,,0,0,35,0,,,,,
Instances/Instances 2/pr107_06.gt,106,1000.0,86400.0,PTVRP_LAYERED_CONT_FIX,65048.0,3,1,0.0022,3,2,1,170,1.60377,,0,0,0,0,,,,,
Instances/Instances 2/pr107_07.gt,106,2000.0,86400.0,PTVRP_LAYERED_CONT_FIX,50502.0,2,1,0.0022,2,2,1,132,1.24528,,0,0,10,0,,,,,
Instances/Instances 2/pr107_08.gt,106,4000.0,86400.0,PTVRP_LAYERED_CONT_FIX,50502.0,2,1,0.0021,1,1,1,106,1.0,,0,0,0,0,,,,,
Instances/Instances 2/pr107_09.gt,106,10000.0,86400.0,PTVRP_LAYERED_CONT_FIX,50502.0,2,1,0.0022,1,1,1,106,1.0,,0,0,0,0,,,,,
Instances/Instances 2/pr107_10.gt,106,20000.0,86400.0,PTVRP_LAYERED_CONT_FIX,50502.0,2,1,0.0021,1,1,1,106,1.0,,0,0,0,0,,,,,
Instances/Instances 2/pr124_01.gt,123,20.0,86400.0,PTVRP_LAYERED_CONT_FIX,1409460.0,56,6,0.0024,148,16,8,1238,10.065,,0,0,292,0,,,,,
Instances/Instances 2/pr124_02.gt,123,40.0,86400.0,PTVRP_LAYERED_CONT_FIX,789985.0,44,6,0.0024,80,13,6,1013,8.23577,,0,0,318,0,,,,,
Instances/Instances 2/pr124_03.gt,123,100.0,86400.0,PTVRP_LAYERED_CONT_FIX,312976.0,27,3,0.0024,29,9,3,647,5.26016,,0,0,209,0,,,,,
Instances/Instances 2/pr124_04.gt,123,200.0,86400.0,PTVRP_LAYERED_CONT_FIX,191131.0,17,1,0.0023,16,6,2,477,3.87805,,0,0,228,0,,,,,
Instances/Instances 2/pr124_05.gt,123,400.0,86400.0,PTVRP_LAYERED_CONT_FIX,117602.0,9,1,0.0022,8,4,1,347,2.82114,,0,0,217,0,,,,,
Instances/Instances 2/pr124_06.gt,123,1000.0,86400.0,PTVRP_LAYERED_CONT_FIX,83132.0,4,1,0.0022,4,2,1,207,1.68293,,0,0,0,0,,,,,
Instances/Instances 2/pr124_07.gt,123,2000.0,86400.0,PTVRP_LAYERED_CONT_FIX,71966.0,2,1,0.0023,2,2,1,150,1.21951,,0,0,56,0,,,,,
Instances/Instances 2/pr124_08.gt,123,4000.0,86400.0,PTVRP_LAYERED_CONT_FIX,66676.0,1,1,0.0021,1,1,1,123,1.0,,0,0,0,0,,,,,
Instances/Instances 2/pr124_09.gt,123,10000.0,86400.0,PTVRP_LAYERED_CONT_FIX,66676.0,1,1,0.0022,1,1,1,123,1.0,,0,0,0,0,,,,,
Instances/Instances 2/pr124_10.gt,123,20000.0,86400.0,PTVRP_LAYERED_CONT_FIX,66676.0,1,1,0.0021,1,1,1,123,1.0,,0,0,0,0,,,,,
Instances/Instances 2/pr136_01.gt,135,20.0,86400.0,PTVRP_LAYERED_CONT_FIX,1850248.0,73,5,0.0025,169,12,7,1152,8.53333,,0,0,229,0,,,,,
Instances/Instances 2/pr136_02.gt,135,40.0,86400.0,PTVRP_LAYERED_CONT_FIX,954015.0,54,4,0.0025,82,9,4,890,6.59259,,0,0,219,0,,,,,
Instances/Instances 2/pr136_03.gt,135,100.0,86400.0,PTVRP_LAYERED_CONT_FIX,422564.0,34,2,0.0025,33,5,2,603,4.46667,,0,0,176,0,,,,,
Instances/Instances 2/pr136_04.gt,135,200.0,86400.0,PTVRP_LAYERED_CONT_FIX,255301.0,20,1,0.0022,18,4,1,448,3.31852,,0,0,145,0,,,,,
Instances/Instances 2/pr136_05.gt,135,400.0,86400.0,PTVRP_LAYERED_CONT_FIX,165517.0,9,1,0.0024,9,3,1,343,2.54074,,0,0,124,0,,,,,
Instances/Instances 2/pr136_06.gt,135,1000.0,86400.0,PTVRP_LAYERED_CONT_FIX,121273.0,4,1,0.0022,4,2,1,232,1.71852,,0,0,32,0,,,,,
Instances/Instances 2/pr136_07.gt,135,2000.0,86400.0,PTVRP_LAYERED_CONT_FIX,112838.0,2,1,0.0024,2,1,1,135,1.0,,0,0,0,0,,,,,
Instances/Instances 2/pr136_08.gt,135,4000.0,86400.0,PTVRP_LAYERED_CONT_FIX,107219.0,2,1,0.0025,1,1,1,135,1.0,,0,0,6,0,,,,,
Instances/Instances 2/pr136_09.gt,135,10000.0,86400.0,PTVRP_LAYERED_CONT_FIX,107219.0,2,1,0.0022,1,1,1,135,1.0,,0,0,6,0,,,,,
Instances/Instances 2/pr136_10.gt,135,20000.0,86400.0,PTVRP_LAYERED_CONT_FIX,107219.0,2,1,0.0024,1,1,1,135,1.0,,0,0,6,0,,,,,
Instances/Instances 2/pr144_01.gt,143,20.0,86400.0,PTVRP_LAYERED_CONT_FIX,1698228.0,67,6,0.0027,176,19,8,1516,10.6014,,0,0,321,0,,,,,
Instances/Instances 2/pr144_02.gt,143,40.0,86400.0,PTVRP_LAYERED_CONT_FIX,844665.0,52,4,0.0025,87,11,6,1182,8.26573,,0,0,385,0,,,,,
Instances/Instances 2/pr144_03.gt,143,100.0,86400.0,PTVRP_LAYERED_CONT_FIX,383246.0,38,2,0.0025,35,8,4,793,5.54545,,0,0,284,0,,,,,
Instances/Instances 2/pr144_04.gt,143,200.0,86400.0,PTVRP_LAYERED_CONT_FIX,199286.0,20,1,0.0024,19,5,2,588,4.11189,,0,0,222,0,,,,,
Instances/Instances 2/pr144_05.gt,143,400.0,86400.0,PTVRP_LAYERED_CONT_FIX,131764.0,11,1,0.0024,10,4,1,403,2.81818,,0,0,29,0,,,,,
Instances/Instances 2/pr144_06.gt,143,1000.0,86400.0,PTVRP_LAYERED_CONT_FIX,83690.0,4,1,0.0023,4,2,1,247,1.72727,,0,0,0,0,,,,,
Instances/Instances 2/pr144_07.gt,143,2000.0,86400.0,PTVRP_LAYERED_CONT_FIX,71677.0,3,1,0.0022,2,2,1,203,1.41958,,0,0,117,0,,,,,
Instances/Instances 2/pr144_08.gt,143,4000.0,86400.0,PTVRP_LAYERED_CONT_FIX,68780.0,1,1,0.0022,1,1,1,143,1.0,,0,0,0,0,,,,,
Instances/Instances 2/pr144_09.gt,143,10000.0,86400.0,PTVRP_LAYERED_CONT_FIX,68780.0,1,1,0.0023,1,1,1,143,1.0,,0,0,0,0,,,,,
Instances/Instances 2/pr144_10.gt,143,20000.0,86400.0,PTVRP_LAYERED_CONT_FIX,68780.0,1,1,0.0022,1,1,1,143,1.0,,0,0,0,0,,,,,
Instances/Instances 2/pr152_01.gt,151,20.0,86400.0,PTVRP_LAYERED_CONT_FIX,2079458.0,74,6,0.0026,191,20,8,1549,10.2583,,0,0,334,0,,,,,
Instances/Instances 2/pr152_02.gt,151,40.0,86400.0,PTVRP_LAYERED_CONT_FIX,1017935.0,59,4,0.0026,88,12,4,1169,7.74172,,0,0,345,0,,,,,
Instances/Instances 2/pr152_03.gt,151,100.0,86400.0,PTVRP_LAYERED_CONT_FIX,483116.0,40,3,0.0024,39,8,3,805,5.33113,,0,0,302,0,,,,,
Instances/Instances 2/pr152_04.gt,151,200.0,86400.0,PTVRP_LAYERED_CONT_FIX,248047.0,20,1,0.0023,18,5,2,543,3.59603,,0,0,240,0,,,,,
Instances/Instances 2/pr152_05.gt,151,400.0,86400.0,PTVRP_LAYERED_CONT_FIX,162729.0,11,1,0.0023,9,4,1,400,2.64901,,0,0,40,0,,,,,
Instances/Instances 2/pr152_06.gt,151,1000.0,86400.0,PTVRP_LAYERED_CONT_FIX,107390.0,5,1,0.0022,4,2,1,258,1.70861,,0,0,1,0,,,,,
Instances/Instances 2/pr152_07.gt,151,2000.0,86400.0,PTVRP_LAYERED_CONT_FIX,89575.0,2,1,0.0022,2,2,1,205,1.35762,,0,0,53,0,,,,,
Instances/Instances 2/pr152_08.gt,151,4000.0,86400.0,PTVRP_LAYERED_CONT_FIX,89575.0,2,1,0.0022,1,1,1,151,1.0,,0,0,3,0,,,,,
Instances/Instances 2/pr152_09.gt,151,10000.0,86400.0,PTVRP_LAYERED_CONT_FIX,89575.0,2,1,0.0022,1,1,1,151,1.0,,0,0,3,0,,,,,
Instances/Instances 2/pr152_10.gt,151,20000.0,86400.0,PTVRP_LAYERED_CONT_FIX,89575.0,2,1,0.0022,1,1,1,151,1.0,,0,0,3,0,,,,,
Instances/Instances 2/pr226_01.gt,225,20.0,86400.0,PTVRP_LAYERED_CONT_FIX,3535353.0,96,8,0.0028,278,19,8,2332,10.3644,,0,0,654,0,,,,,
Instances/Instances 2/pr226_02.gt,225,40.0,86400.0,PTVRP_LAYERED_CONT_FIX,1809620.0,65,8,0.0026,140,16,8,1912,8.49778,,0,0,850,0,,,,,
Instances/Instances 2/pr226_03.gt,225,100.0,86400.0,PTVRP_LAYERED_CONT_FIX,726861.0,41,3,0.0025,53,9,4,1309,5.81778,,0,0,697,0,,,,,
Instances/Instances 2/pr226_04.gt,225,200.0,86400.0,PTVRP_LAYERED_CONT_FIX,423171.0,27,2,0.0024,29,7,3,983,4.36889,,0,0,480,0,,,,,
Instances/Instances 2/pr226_05.gt,225,400.0,86400.0,PTVRP_LAYERED_CONT_FIX,229788.0,15,1,0.0023,14,4,1,718,3.19111,,0,0,436,0,,,,,
Instances/Instances 2/pr226_06.gt,225,1000.0,86400.0,PTVRP_LAYERED_CONT_FIX,140925.0,6,1,0.0023,6,3,1,468,2.08,,0,0,107,0,,,,,
Instances/Instances 2/pr226_07.gt,225,2000.0,86400.0,PTVRP_LAYERED_CONT_FIX,112461.0,3,1,0.0022,3,2,1,357,1.58667,,0,0,326,0,,,,,
Instances/Instances 2/pr226_08.gt,225,4000.0,86400.0,PTVRP_LAYERED_CONT_FIX,102122.0,2,1,0.0023,2,1,1,225,1.0,,0,0,0,0,,,,,
Instances/Instances 2/pr226_09.gt,225,10000.0,86400.0,PTVRP_LAYERED_CONT_FIX,97856.0,2,1,0.0023,1,1,1,225,1.0,,0,0,0,0,,,,,
Instances/Instances 2/pr226_10.gt,225,20000.0,86400.0,PTVRP_LAYERED_CONT_FIX,97856.0,2,1,0.0021,1,1,1,225,1.0,,0,0,0,0,,,,,
Instances/Instances 2/pr2392_01.gt,2391,20.0,86400.0,PTVRP_LAYERED_CONT_FIX,29811896.0,961,10,0.0096,2953,26,12,32408,13.5542,,0,0,9118,0,,,,,
Instances/Instances 2/pr2392_02.gt,2391,40.0,86400.0,PTVRP_LAYERED_CONT_FIX,15663717.0,677,8,0.0083,1523,19,8,27521,11.5102,,0,0,12074,0,,,,,
Instances/Instances 2/pr2392_03.gt,2391,100.0,86400.0,PTVRP_LAYERED_CONT_FIX,6459415.0,458,5,0.0075,610,12,5,20505,8.57591,,0,0,13991,0,,,,,
Instances/Instances 2/pr2392_04.gt,2391,200.0,86400.0,PTVRP_LAYERED_CONT_FIX,3356260.0,300,2,0.0062,303,8,3,15639,6.54078,,0,0,11457,0,,,,,
Instances/Instances 2/pr2392_05.gt,2391,400.0,86400.0,PTVRP_LAYERED_CONT_FIX,1817581.0,158,2,0.0052,152,6,2,11897,4.97574,,0,0,7638,0,,,,,
Instances/Instances 2/pr2392_06.gt,2391,1000.0,86400.0,PTVRP_LAYERED_CONT_FIX,957752.0,66,1,0.0044,63,4,2,7686,3.21455,,0,0,1714,0,,,,,
Instances/Instances 2/pr2392_07.gt,2391,2000.0,86400.0,PTVRP_LAYERED_CONT_FIX,642532.0,33,1,0.004,31,3,1,5527,2.31159,,0,0,2045,0,,,,,
Instances/Instances 2/pr2392_08.gt,2391,4000.0,86400.0,PTVRP_LAYERED_CONT_FIX,504475.0,17,1,0.0039,16,2,1,4621,1.93266,,0,0,366,0,,,,,
Instances/Instances 2/pr2392_09.gt,2391,10000.0,86400.0,PTVRP_LAYERED_CONT_FIX,420652.0,8,1,0.0037,7,1,1,2391,1.0,,0,0,0,0,,,,,
Instances/Instances 2/pr2392_10.gt,2391,20000.0,86400.0,PTVRP_LAYERED_CONT_FIX,410093.0,6,1,0.0037,4,1,1,2391,1.0,,0,0,1063,0,,,,,
Instances/Instances 2/pr264_01.gt,263,20.0,86400.0,PTVRP_LAYERED_CONT_FIX,2473645.0,102,8,0.003,307,26,8,3984,15.1483,,0,0,944,0,,,,,
Instances/Instances 2/pr264_02.gt,263,40.0,86400.0,PTVRP_LAYERED_CONT_FIX,1411735.0,84,6,0.0028,175,22,7,3311,12.5894,,0,0,1167,0,,,,,
Instances/Instances 2/pr264_03.gt,263,100.0,86400.0,PTVRP_LAYERED_CONT_FIX,597584.0,51,4,0.0026,71,14,4,2298,8.73764,,0,0,1186,0,,,,,
Instances/Instances 2/pr264_04.gt,263,200.0,86400.0,PTVRP_LAYERED_CONT_FIX,313564.0,37,2,0.0025,35,9,3,1635,6.21673,,0,0,1153,0,,,,,
Instances/Instances 2/pr264_05.gt,263,400.0,86400.0,PTVRP_LAYERED_CONT_FIX,160496.0,18,1,0.0024,16,6,2,1117,4.24715,,0,0,653,0,,,,,
Instances/Instances 2/pr264_06.gt,263,1000.0,86400.0,PTVRP_LAYERED_CONT_FIX,91669.0,8,1,0.0023,7,4,1,666,2.53232,,0,0,44,0,,,,,
Instances/Instances 2/pr264_07.gt,263,2000.0,86400.0,PTVRP_LAYERED_CONT_FIX,68338.0,5,1,0.0023,4,3,1,516,1.96198,,0,0,180,0,,,,,
Instances/Instances 2/pr264_08.gt,263,4000.0,86400.0,PTVRP_LAYERED_CONT_FIX,56527.0,3,1,0.0023,2,2,1,368,1.39924,,0,0,0,0,,,,,
Instances/Instances 2/pr264_09.gt,263,10000.0,86400.0,PTVRP_LAYERED_CONT_FIX,50874.0,1,1,0.0023,1,1,1,263,1.0,,0,0,0,0,,,,,
Instances/Instances 2/pr264_10.gt,263,20000.0,86400.0,PTVRP_LAYERED_CONT_FIX,50874.0,1,1,0.0024,1,1,1,263,1.0,,0,0,0,0,,,,,
Instances/Instances 2/pr299_01.gt,298,20.0,86400.0,PTVRP_LAYERED_CONT_FIX,1535659.0,141,9,0.0033,357,27,11,5663,19.0034,,0,0,925,0,,,,,
Instances/Instances 2/pr299_02.gt,298,40.0,86400.0,PTVRP_LAYERED_CONT_FIX,877745.0,111,5,0.0031,198,20,7,4513,15.1443,,0,0,944,0,,,,,
Instances/Instances 2/pr299_03.gt,298,100.0,86400.0,PTVRP_LAYERED_CONT_FIX,385897.0,69,3,0.0028,79,13,3,2970,9.96644,,0,0,690,0,,,,,
Instances/Instances 2/pr299_04.gt,298,200.0,86400.0,PTVRP_LAYERED_CONT_FIX,193863.0,39,2,0.0026,38,9,2,2057,6.90268,,0,0,294,0,,,,,
Instances/Instances 2/pr299_05.gt,298,400.0,86400.0,PTVRP_LAYERED_CONT_FIX,117143.0,20,1,0.0024,19,6,1,1419,4.76174,,0,0,134,0,,,,,
Instances/Instances 2/pr299_06.gt,298,1000.0,86400.0,PTVRP_LAYERED_CONT_FIX,74980.0,8,1,0.0023,8,4,1,941,3.15772,,0,0,194,0,,,,,
Instances/Instances 2/pr299_07.gt,298,2000.0,86400.0,PTVRP_LAYERED_CONT_FIX,60992.0,5,1,0.0025,4,3,1,676,2.26846,,0,0,187,0,,,,,
Instances/Instances 2/pr299_08.gt,298,4000.0,86400.0,PTVRP_LAYERED_CONT_FIX,56211.0,3,1,0.0023,2,2,1,424,1.42282,,0,0,0,0,,,,,
Instances/Instances 2/pr299_09.gt,298,10000.0,86400.0,PTVRP_LAYERED_CONT_FIX,54703.0,1,1,0.0022,1,1,1,298,1.0,,0,0,0,0,,,,,
Instances/Instances 2/pr299_10.gt,298,20000.0,86400.0,PTVRP_LAYERED_CONT_FIX,54703.0,1,1,0.0023,1,1,1,298,1.0,,0,0,0,0,,,,,
Instances/Instances 2/pr439_01.gt,438,20.0,86400.0,PTVRP_LAYERED_CONT_FIX,3824747.0,197,9,0.0034,538,28,9,6793,15.5091,,0,0,1440,0,,,,,
Instances/Instances 2/pr439_02.gt,438,40.0,86400.0,PTVRP_LAYERED_CONT_FIX,2129727.0,162,7,0.0034,289,20,7,5442,12.4247,,0,0,1625,0,,,,,
Instances/Instances 2/pr439_03.gt,438,100.0,86400.0,PTVRP_LAYERED_CONT_FIX,894461.0,102,3,0.003,111,11,4,3613,8.24886,,0,0,1450,0,,,,,
Instances/Instances 2/pr439_04.gt,438,200.0,86400.0,PTVRP_LAYERED_CONT_FIX,474380.0,58,2,0.0028,55,9,2,2635,6.01598,,0,0,1051,0,,,,,
Instances/Instances 2/pr439_05.gt,438,400.0,86400.0,PTVRP_LAYERED_CONT_FIX,290794.0,31,1,0.0027,29,6,1,1905,4.34932,,0,0,493,0,,,,,
Instances/Instances 2/pr439_06.gt,438,1000.0,86400.0,PTVRP_LAYERED_CONT_FIX,170676.0,13,1,0.0024,12,4,1,1205,2.75114,,0,0,259,0,,,,,
Instances/Instances 2/pr439_07.gt,438,2000.0,86400.0,PTVRP_LAYERED_CONT_FIX,139239.0,7,1,0.0024,6,3,1,893,2.03881,,0,0,351,0,,,,,
Instances/Instances 2/pr439_08.gt,438,4000.0,86400.0,PTVRP_LAYERED_CONT_FIX,121241.0,4,1,0.0024,3,2,1,628,1.43379,,0,0,5,0,,,,,
Instances/Instances 2/pr439_09.gt,438,10000.0,86400.0,PTVRP_LAYERED_CONT_FIX,117489.0,2,1,0.0023,2,1,1,438,1.0,,0,0,20,0,,,,,
Instances/Instances 2/pr439_10.gt,438,20000.0,86400.0,PTVRP_LAYERED_CONT_FIX,117489.0,2,1,0.0023,1,1,1,438,1.0,,0,0,20,0,,,,,
Instances/Instances 2/pr76_01.gt,75,20.0,86400.0,PTVRP_LAYERED_CONT_FIX,1305457.0,44,5,0.0024,102,11,6,516,6.88,,0,0,87,0,,,,,
Instances/Instances 2/pr76_02.gt,75,40.0,86400.0,PTVRP_LAYERED_CONT_FIX,690100.0,32,4,0.0023,47,7,4,380,5.06667,,0,0,82,0,,,,,
Instances/Instances 2/pr76_03.gt,75,100.0,86400.0,PTVRP_LAYERED_CONT_FIX,339052.0,25,2,0.0023,22,5,2,266,3.54667,,0,0,52,0,,,,,
Instances/Instances 2/pr76_04.gt,75,200.0,86400.0,PTVRP_LAYERED_CONT_FIX,195275.0,10,1,0.0023,9,3,1,178,2.37333,,0,0,33,0,,,,,
Instances/Instances 2/pr76_05.gt,75,400.0,86400.0,PTVRP_LAYERED_CONT_FIX,157160.0,6,1,0.0022,6,2,1,135,1.8,,0,0,29,0,,,,,
Instances/Instances 2/pr76_06.gt,75,1000.0,86400.0,PTVRP_LAYERED_CONT_FIX,124689.0,2,1,0.0021,2,1,1,75,1.0,,0,0,0,0,,,,,
Instances/Instances 2/pr76_07.gt,75,2000.0,86400.0,PTVRP_LAYERED_CONT_FIX,124689.0,2,1,0.0021,2,1,1,75,1.0,,0,0,5,0,,,,,
Instances/Instances 2/pr76_08.gt,75,4000.0,86400.0,PTVRP_LAYERED_CONT_FIX,124689.0,2,1,0.0021,1,1,1,75,1.0,,0,0,5,0,,,,,
Instances/Instances 2/pr76_09.gt,75,10000.0,86400.0,PTVRP_LAYERED_CONT_FIX,124689.0,2,1,0.0023,1,1,1,75,1.0,,0,0,5,0,,,,,
Instances/Instances 2/pr76_10.gt,75,20000.0,86400.0,PTVRP_LAYERED_CONT_FIX,124689.0,2,1,0.0021,1,1,1,75,1.0,,0,0,5,0,,,,,
Instances/Instances 2/qa194_01.gt,193,20.0,86400.0,PTVRP_LAYERED_CONT_FIX,208610.0,98,12,0.003,254,64,12,8256,42.7772,,0,0,456,0,,,,,
Instances/Instances 2/qa194_02.gt,193,40.0,86400.0,PTVRP_LAYERED_CONT_FIX,108926.0,82,4,0.0028,126,36,6,5522,28.6114,,0,0,371,0,,,,,
Instances/Instances 2/qa194_03.gt,193,100.0,86400.0,PTVRP_LAYERED_CONT_FIX,45009.0,49,2,0.0026,49,25,4,3279,16.9896,,0,0,194,0,,,,,
Instances/Instances 2/qa194_04.gt,193,200.0,86400.0,PTVRP_LAYERED_CONT_FIX,27373.0,28,1,0.0026,25,17,2,2114,10.9534,,0,0,42,0,,,,,
Instances/Instances 2/qa194_05.gt,193,400.0,86400.0,PTVRP_LAYERED_CONT_FIX,18229.0,14,1,0.0024,14,12,1,1402,7.26425,,0,0,19,0,,,,,
Instances/Instances 2/qa194_06.gt,193,1000.0,86400.0,PTVRP_LAYERED_CONT_FIX,12997.0,6,1,0.0022,6,6,1,601,3.11399,,0,0,0,0,,,,,
Instances/Instances 2/qa194_07.gt,193,2000.0,86400.0,PTVRP_LAYERED_CONT_FIX,11122.0,3,1,0.0023,3,3,1,362,1.87565,,0,0,0,0,,,,,
Instances/Instances 2/qa194_08.gt,193,4000.0,86400.0,PTVRP_LAYERED_CONT_FIX,10519.0,2,1,0.0022,2,2,1,231,1.19689,,0,0,0,0,,,,,
Instances/Instances 2/qa194_09.gt,193,10000.0,86400.0,PTVRP_LAYERED_CONT_FIX,10469.0,1,1,0.0022,1,1,1,193,1.0,,0,0,0,0,,,,,
Instances/Instances 2/qa194_10.gt,193,20000.0,86400.0,PTVRP_LAYERED_CONT_FIX,10469.0,1,1,0.0023,1,1,1,193,1.0,,0,0,0,0,,,,,
Instances/Instances 2/rat195_01.gt,194,20.0,86400.0,PTVRP_LAYERED_CONT_FIX,51522.0,105,8,0.0032,261,97,8,14907,76.8402,,0,0,349,0,,,,,
Instances/Instances 2/rat195_02.gt,194,40.0,86400.0,PTVRP_LAYERED_CONT_FIX,26155.0,79,4,0.003,123,71,5,9287,47.8711,,0,0,202,0,,,,,
Instances/Instances 2/rat195_03.gt,194,100.0,86400.0,PTVRP_LAYERED_CONT_FIX,11329.0,51,2,0.0026,51,43,2,4989,25.7165,,0,0,32,0,,,,,
Instances/Instances 2/rat195_04.gt,194,200.0,86400.0,PTVRP_LAYERED_CONT_FIX,6264.0,28,1,0.0025,24,24,2,2505,12.9124,,0,0,0,0,,,,,
Instances/Instances 2/rat195_05.gt,194,400.0,86400.0,PTVRP_LAYERED_CONT_FIX,4260.0,15,1,0.0027,13,13,1,1342,6.91753,,0,0,0,0,,,,,
Instances/Instances 2/rat195_06.gt,194,1000.0,86400.0,PTVRP_LAYERED_CONT_FIX,2978.0,6,1,0.0024,5,5,1,574,2.95876,,0,0,0,0,,,,,
Instances/Instances 2/rat195_07.gt,194,2000.0,86400.0,PTVRP_LAYERED_CONT_FIX,2630.0,3,1,0.0026,3,3,1,342,1.76289,,0,0,0,0,,,,,
Instances/Instances 2/rat195_08.gt,194,4000.0,86400.0,PTVRP_LAYERED_CONT_FIX,2587.0,2,1,0.0026,2,2,1,228,1.17526,,0,0,0,0,,,,,
Instances/Instances 2/rat195_09.gt,194,10000.0,86400.0,PTVRP_LAYERED_CONT_FIX,2581.0,1,1,0.0023,1,1,1,194,1.0,,0,0,0,0,,,,,
Instances/Instances 2/rat195_10.gt,194,20000.0,86400.0,PTVRP_LAYERED_CONT_FIX,2581.0,1,1,0.0031,1,1,1,194,1.0,,0,0,0,0,,,,,
Instances/Instances 2/rat575_01.gt,574,20.0,86400.0,PTVRP_LAYERED_CONT_FIX,244321.0,280,8,0.0061,748,100,10,48686,84.8188,,0,0,2220,0,,,,,
Instances/Instances 2/rat575_02.gt,574,40.0,86400.0,PTVRP_LAYERED_CONT_FIX,122964.0,222,5,0.0053,363,69,6,33644,58.6132,,0,0,1636,0,,,,,
Instances/Instances 2/rat575_03.gt,574,100.0,86400.0,PTVRP_LAYERED_CONT_FIX,50267.0,133,2,0.0042,142,43,4,20273,35.3188,,0,0,646,0,,,,,
Instances/Instances 2/rat575_04.gt,574,200.0,86400.0,PTVRP_LAYERED_CONT_FIX,28679.0,80,2,0.0036,74,30,2,13696,23.8606,,0,0,289,0,,,,,
Instances/Instances 2/rat575_05.gt,574,400.0,86400.0,PTVRP_LAYERED_CONT_FIX,17406.0,39,1,0.0032,37,21,2,8881,15.4721,,0,0,69,0,,,,,
Instances/Instances 2/rat575_06.gt,574,1000.0,86400.0,PTVRP_LAYERED_CONT_FIX,10471.0,16,1,0.0028,15,13,1,4302,7.49477,,0,0,0,0,,,,,
Instances/Instances 2/rat575_07.gt,574,2000.0,86400.0,PTVRP_LAYERED_CONT_FIX,8567.0,9,1,0.0027,8,8,1,2433,4.23868,,0,0,0,0,,,,,
Instances/Instances 2/rat575_08.gt,574,4000.0,86400.0,PTVRP_LAYERED_CONT_FIX,7691.0,4,1,0.0026,4,4,1,1356,2.36237,,0,0,0,0,,,,,
Instances/Instances 2/rat575_09.gt,574,10000.0,86400.0,PTVRP_LAYERED_CONT_FIX,7378.0,3,1,0.0026,2,2,1,741,1.29094,,0,0,0,0,,,,,
Instances/Instances 2/rat575_10.gt,574,20000.0,86400.0,PTVRP_LAYERED_CONT_FIX,7265.0,1,1,0.0025,1,1,1,574,1.0,,0,0,0,0,,,,,
Instances/Instances 2/rat783_01.gt,782,20.0,86400.0,PTVRP_LAYERED_CONT_FIX,373979.0,335,9,0.0071,1005,105,11,67994,86.9488,,0,0,3782,0,,,,,
Instances/Instances 2/rat783_02.gt,782,40.0,86400.0,PTVRP_LAYERED_CONT_FIX,187305.0,261,6,0.0063,487,70,7,47678,60.9693,,0,0,3050,0,,,,,
Instances/Instances 2/rat783_03.gt,782,100.0,86400.0,PTVRP_LAYERED_CONT_FIX,82400.0,184,3,0.0052,201,45,4,29990,38.3504,,0,0,1422,0,,,,,
Instances/Instances 2/rat783_04.gt,782,200.0,86400.0,PTVRP_LAYERED_CONT_FIX,43245.0,103,2,0.0041,98,31,2,19949,25.5102,,0,0,676,0,,,,,
Instances/Instances 2/rat783_05.gt,782,400.0,86400.0,PTVRP_LAYERED_CONT_FIX,25430.0,56,1,0.0037,51,23,2,13528,17.2992,,0,0,266,0,,,,,
Instances/Instances 2/rat783_06.gt,782,1000.0,86400.0,PTVRP_LAYERED_CONT_FIX,15139.0,22,1,0.0031,20,14,1,7186,9.18926,,0,0,20,0,,,,,
Instances/Instances 2/rat783_07.gt,782,2000.0,86400.0,PTVRP_LAYERED_CONT_FIX,11603.0,12,1,0.003,10,10,1,4341,5.55115,,0,0,0,0,,,,,
Instances/Instances 2/rat783_08.gt,782,4000.0,86400.0,PTVRP_LAYERED_CONT_FIX,10027.0,6,1,0.0028,5,5,1,2345,2.99872,,0,0,0,0,,,,,
Instances/Instances 2/rat783_09.gt,782,10000.0,86400.0,PTVRP_LAYERED_CONT_FIX,9552.0,3,1,0.0026,2,2,1,1175,1.50256,,0,0,0,0,,,,,
Instances/Instances 2/rat783_10.gt,782,20000.0,86400.0,PTVRP_LAYERED_CONT_FIX,9389.0,2,1,0.0027,1,1,1,782,1.0,,0,0,0,0,,,,,
Instances/Instances 2/rat99_01.gt,98,20.0,86400.0,PTVRP_LAYERED_CONT_FIX,16503.0,57,5,0.0027,111,88,6,5173,52.7857,,0,0,27,0,,,,,
Instances/Instances 2/rat99_02.gt,98,40.0,86400.0,PTVRP_LAYERED_CONT_FIX,8994.0,49,3,0.0025,58,58,4,2908,29.6735,,0,0,0,0,,,,,
Instances/Instances 2/rat99_03.gt,98,100.0,86400.0,PTVRP_LAYERED_CONT_FIX,4580.0,27,2,0.0025,26,26,2,1221,12.4592,,0,0,0,0,,,,,
Instances/Instances 2/rat99_04.gt,98,200.0,86400.0,PTVRP_LAYERED_CONT_FIX,2833.0,14,1,0.0024,13,13,1,676,6.89796,,0,0,0,0,,,,,
Instances/Instances 2/rat99_05.gt,98,400.0,86400.0,PTVRP_LAYERED_CONT_FIX,1869.0,7,1,0.0022,6,6,1,333,3.39796,,0,0,0,0,,,,,
Instances/Instances 2/rat99_06.gt,98,1000.0,86400.0,PTVRP_LAYERED_CONT_FIX,1470.0,3,1,0.0022,3,3,1,184,1.87755,,0,0,0,0,,,,,
Instances/Instances 2/rat99_07.gt,98,2000.0,86400.0,PTVRP_LAYERED_CONT_FIX,1399.0,2,1,0.0022,2,2,1,119,1.21429,,0,0,0,0,,,,,
Instances/Instances 2/rat99_08.gt,98,4000.0,86400.0,PTVRP_LAYERED_CONT_FIX,1395.0,1,1,0.0023,1,1,1,98,1.0,,0,0,0,0,,,,,
Instances/Instances 2/rat99_09.gt,98,10000.0,86400.0,PTVRP_LAYERED_CONT_FIX,1395.0,1,1,0.0023,1,1,1,98,1.0,,0,0,0,0,,,,,
Instances/Instances 2/rat99_10.gt,98,20000.0,86400.0,PTVRP_LAYERED_CONT_FIX,1395.0,1,1,0.0024,1,1,1,98,1.0,,0,0,0,0,,,,,
Instances/Instances 2/rd100_01.gt,99,20.0,86400.0,PTVRP_LAYERED_CONT_FIX,107009.0,50,6,0.0026,110,38,7,2646,26.7273,,0,0,141,0,,,,,
Instances/Instances 2/rd100_02.gt,99,40.0,86400.0,PTVRP_LAYERED_CONT_FIX,60993.0,44,4,0.0025,59,26,5,1900,19.1919,,0,0,95,0,,,,,
Instances/Instances 2/rd100_03.gt,99,100.0,86400.0,PTVRP_LAYERED_CONT_FIX,30031.0,31,1,0.0024,26,17,2,1121,11.3232,,0,0,28,0,,,,,
Instances/Instances 2/rd100_04.gt,99,200.0,86400.0,PTVRP_LAYERED_CONT_FIX,17776.0,15,1,0.0024,13,11,1,641,6.47475,,0,0,0,0,,,,,
Instances/Instances 2/rd100_05.gt,99,400.0,86400.0,PTVRP_LAYERED_CONT_FIX,11939.0,7,1,0.0022,7,7,1,381,3.84848,,0,0,0,0,,,,,
Instances/Instances 2/rd100_06.gt,99,1000.0,86400.0,PTVRP_LAYERED_CONT_FIX,9875.0,4,1,0.0022,3,3,1,188,1.89899,,0,0,0,0,,,,,
Instances/Instances 2/rd100_07.gt,99,2000.0,86400.0,PTVRP_LAYERED_CONT_FIX,9356.0,3,1,0.0022,2,2,1,122,1.23232,,0,0,0,0,,,,,
Instances/Instances 2/rd100_08.gt,99,4000.0,86400.0,PTVRP_LAYERED_CONT_FIX,8967.0,2,1,0.0022,1,1,1,99,1.0,,0,0,0,0,,,,,
Instances/Instances 2/rd100_09.gt,99,10000.0,86400.0,PTVRP_LAYERED_CONT_FIX,8967.0,2,1,0.0022,1,1,1,99,1.0,,0,0,0,0,,,,,
Instances/Instances 2/rd100_10.gt,99,20000.0,86400.0,PTVRP_LAYERED_CONT_FIX,8967.0,2,1,0.0022,1,1,1,99,1.0,,0,0,0,0,,,,,
Instances/Instances 2/rd400_01.gt,399,20.0,86400.0,PTVRP_LAYERED_CONT_FIX,442893.0,194,7,0.004,500,58,8,17971,45.0401,,0,0,1369,0,,,,,
Instances/Instances 2/rd400_02.gt,399,40.0,86400.0,PTVRP_LAYERED_CONT_FIX,227178.0,167,5,0.0039,253,42,5,13129,32.9048,,0,0,1142,0,,,,,
Instances/Instances 2/rd400_03.gt,399,100.0,86400.0,PTVRP_LAYERED_CONT_FIX,100521.0,98,2,0.0032,102,25,3,8125,20.3634,,0,0,544,0,,,,,
Instances/Instances 2/rd400_04.gt,399,200.0,86400.0,PTVRP_LAYERED_CONT_FIX,52887.0,53,1,0.0029,49,17,2,5330,13.3584,,0,0,285,0,,,,,
Instances/Instances 2/rd400_05.gt,399,400.0,86400.0,PTVRP_LAYERED_CONT_FIX,34887.0,30,1,0.0028,27,13,1,3854,9.65915,,0,0,96,0,,,,,
Instances/Instances 2/rd400_06.gt,399,1000.0,86400.0,PTVRP_LAYERED_CONT_FIX,21380.0,12,1,0.0027,11,8,1,2095,5.25063,,0,0,82,0,,,,,
Instances/Instances 2/rd400_07.gt,399,2000.0,86400.0,PTVRP_LAYERED_CONT_FIX,17809.0,6,1,0.0025,6,5,1,1224,3.06767,,0,0,0,0,,,,,
Instances/Instances 2/rd400_08.gt,399,4000.0,86400.0,PTVRP_LAYERED_CONT_FIX,16168.0,3,1,0.0024,3,3,1,728,1.82456,,0,0,0,0,,,,,
Instances/Instances 2/rd400_09.gt,399,10000.0,86400.0,PTVRP_LAYERED_CONT_FIX,15473.0,2,1,0.0024,2,2,1,406,1.01754,,0,0,0,0,,,,,
Instances/Instances 2/rd400_10.gt,399,20000.0,86400.0,PTVRP_LAYERED_CONT_FIX,15316.0,1,1,0.0023,1,1,1,399,1.0,,0,0,0,0,,,,,
Instances/Instances 2/rl11849_01.gt,11848,20.0,86400.0,PTVRP_LAYERED_CONT_FIX,171385867.0,4564,13,0.0399,15009,46,15,176161,14.8684,,0,0,54778,0,,,,,
Instances/Instances 2/rl11849_02.gt,11848,40.0,86400.0,PTVRP_LAYERED_CONT_FIX,86085907.0,2937,10,0.0334,7590,32,11,155982,13.1653,,0,0,80992,0,,,,,
Instances/Instances 2/rl11849_03.gt,11848,100.0,86400.0,PTVRP_LAYERED_CONT_FIX,34891640.0,1806,5,0.0263,3043,19,7,123009,10.3823,,0,0,119682,0,,,,,
Instances/Instances 2/rl11849_04.gt,11848,200.0,86400.0,PTVRP_LAYERED_CONT_FIX,17732426.0,1260,4,0.0222,1516,14,5,98539,8.31693,,0,0,131788,0,,,,,
Instances/Instances 2/rl11849_05.gt,11848,400.0,86400.0,PTVRP_LAYERED_CONT_FIX,9318777.0,768,2,0.0189,767,10,3,76723,6.47561,,0,0,123444,0,,,,,
Instances/Instances 2/rl11849_06.gt,11848,1000.0,86400.0,PTVRP_LAYERED_CONT_FIX,4134816.0,312,1,0.0152,303,6,2,52856,4.46117,,0,0,89686,0,,,,,
Instances/Instances 2/rl11849_07.gt,11848,2000.0,86400.0,PTVRP_LAYERED_CONT_FIX,2497882.0,160,1,0.0128,152,4,1,38165,3.22122,,0,0,65414,0,,,,,
Instances/Instances 2/rl11849_08.gt,11848,4000.0,86400.0,PTVRP_LAYERED_CONT_FIX,1663784.0,80,1,0.0111,76,3,1,27650,2.33373,,0,0,19881,0,,,,,
Instances/Instances 2/rl11849_09.gt,11848,10000.0,86400.0,PTVRP_LAYERED_CONT_FIX,1182604.0,34,1,0.0122,31,2,1,23081,1.94809,,0,0,57476,0,,,,,
Instances/Instances 2/rl11849_10.gt,11848,20000.0,86400.0,PTVRP_LAYERED_CONT_FIX,1026008.0,19,1,0.0096,16,1,1,11848,1.0,,0,0,0,0,,,,,
Instances/Instances 2/rl1304_01.gt,1303,20.0,86400.0,PTVRP_LAYERED_CONT_FIX,18841723.0,580,10,0.0069,1643,26,10,16250,12.4712,,0,0,4543,0,,,,,
Instances/Instances 2/rl1304_02.gt,1303,40.0,86400.0,PTVRP_LAYERED_CONT_FIX,9644354.0,386,6,0.0056,833,19,7,13738,10.5434,,0,0,6049,0,,,,,
Instances/Instances 2/rl1304_03.gt,1303,100.0,86400.0,PTVRP_LAYERED_CONT_FIX,4041218.0,260,4,0.0049,338,11,5,10183,7.81504,,0,0,7330,0,,,,,
Instances/Instances 2/rl1304_04.gt,1303,200.0,86400.0,PTVRP_LAYERED_CONT_FIX,2037727.0,164,3,0.0042,165,9,3,7776,5.96777,,0,0,6688,0,,,,,
Instances/Instances 2/rl1304_05.gt,1303,400.0,86400.0,PTVRP_LAYERED_CONT_FIX,1129403.0,88,1,0.0038,84,6,2,5833,4.47659,,0,0,4491,0,,,,,
Instances/Instances 2/rl1304_06.gt,1303,1000.0,86400.0,PTVRP_LAYERED_CONT_FIX,580361.0,35,1,0.0033,33,4,1,3894,2.98849,,0,0,4015,0,,,,,
Instances/Instances 2/rl1304_07.gt,1303,2000.0,86400.0,PTVRP_LAYERED_CONT_FIX,401899.0,19,1,0.0035,17,3,1,2660,2.04144,,0,0,131,0,,,,,
Instances/Instances 2/rl1304_08.gt,1303,4000.0,86400.0,PTVRP_LAYERED_CONT_FIX,311174.0,10,1,0.0031,9,2,1,2427,1.86262,,0,0,5285,0,,,,,
Instances/Instances 2/rl1304_09.gt,1303,10000.0,86400.0,PTVRP_LAYERED_CONT_FIX,280421.0,5,1,0.003,4,1,1,1303,1.0,,0,0,334,0,,,,,
Instances/Instances 2/rl1304_10.gt,1303,20000.0,86400.0,PTVRP_LAYERED_CONT_FIX,277708.0,5,1,0.003,2,1,1,1303,1.0,,0,0,606,0,,,,,
Instances/Instances 2/rl1323_01.gt,1322,20.0,86400.0,PTVRP_LAYERED_CONT_FIX,20770192.0,558,9,0.0069,1721,22,9,15681,11.8616,,0,0,4395,0,,,,,
Instances/Instances 2/rl1323_02.gt,1322,40.0,86400.0,PTVRP_LAYERED_CONT_FIX,9981873.0,407,7,0.0057,834,16,7,13370,10.1135,,0,0,6044,0,,,,,
Instances/Instances 2/rl1323_03.gt,1322,100.0,86400.0,PTVRP_LAYERED_CONT_FIX,4123202.0,258,4,0.0049,334,11,4,9910,7.49622,,0,0,7204,0,,,,,
Instances/Instances 2/rl1323_04.gt,1322,200.0,86400.0,PTVRP_LAYERED_CONT_FIX,2177917.0,173,2,0.0043,171,8,3,7668,5.8003,,0,0,6447,0,,,,,
Instances/Instances 2/rl1323_05.gt,1322,400.0,86400.0,PTVRP_LAYERED_CONT_FIX,1195852.0,91,1,0.0037,85,6,2,5682,4.29803,,0,0,4307,0,,,,,
Instances/Instances 2/rl1323_06.gt,1322,1000.0,86400.0,PTVRP_LAYERED_CONT_FIX,622721.0,37,1,0.0034,34,4,1,3838,2.90318,,0,0,3779,0,,,,,
Instances/Instances 2/rl1323_07.gt,1322,2000.0,86400.0,PTVRP_LAYERED_CONT_FIX,435188.0,19,1,0.0032,18,3,1,2576,1.94856,,0,0,148,0,,,,,
Instances/Instances 2/rl1323_08.gt,1322,4000.0,86400.0,PTVRP_LAYERED_CONT_FIX,343638.0,10,1,0.0031,9,2,1,2333,1.76475,,0,0,3742,0,,,,,
Instances/Instances 2/rl1323_09.gt,1322,10000.0,86400.0,PTVRP_LAYERED_CONT_FIX,305210.0,5,1,0.0031,4,1,1,1322,1.0,,0,0,726,0,,,,,
Instances/Instances 2/rl1323_10.gt,1322,20000.0,86400.0,PTVRP_LAYERED_CONT_FIX,305210.0,5,1,0.0034,2,1,1,1322,1.0,,0,0,1043,0,,,,,
Instances/Instances 2/rl1889_01.gt,1888,20.0,86400.0,PTVRP_LAYERED_CONT_FIX,30137720.0,789,9,0.008,2408,28,9,22440,11.8856,,0,0,6858,0,,,,,
Instances/Instances 2/rl1889_02.gt,1888,40.0,86400.0,PTVRP_LAYERED_CONT_FIX,15108861.0,561,7,0.007,1206,18,9,19616,10.3898,,0,0,9725,0,,,,,
Instances/Instances 2/rl1889_03.gt,1888,100.0,86400.0,PTVRP_LAYERED_CONT_FIX,6272466.0,344,6,0.0059,484,13,6,14917,7.90095,,0,0,12371,0,,,,,
Instances/Instances 2/rl1889_04.gt,1888,200.0,86400.0,PTVRP_LAYERED_CONT_FIX,3248313.0,228,3,0.005,241,9,3,11635,6.16261,,0,0,12221,0,,,,,
Instances/Instances 2/rl1889_05.gt,1888,400.0,86400.0,PTVRP_LAYERED_CONT_FIX,1761285.0,127,2,0.0044,122,7,3,8883,4.70498,,0,0,9251,0,,,,,
Instances/Instances 2/rl1889_06.gt,1888,1000.0,86400.0,PTVRP_LAYERED_CONT_FIX,864321.0,51,1,0.0039,48,4,1,5786,3.06462,,0,0,5806,0,,,,,
Instances/Instances 2/rl1889_07.gt,1888,2000.0,86400.0,PTVRP_LAYERED_CONT_FIX,584162.0,27,1,0.0035,25,3,1,4114,2.17903,,0,0,1168,0,,,,,
Instances/Instances 2/rl1889_08.gt,1888,4000.0,86400.0,PTVRP_LAYERED_CONT_FIX,439497.0,14,1,0.0035,12,2,1,3626,1.92055,,0,0,3101,0,,,,,
Instances/Instances 2/rl1889_09.gt,1888,10000.0,86400.0,PTVRP_LAYERED_CONT_FIX,359202.0,6,1,0.0032,5,1,1,1888,1.0,,0,0,4,0,,,,,
Instances/Instances 2/rl1889_10.gt,1888,20000.0,86400.0,PTVRP_LAYERED_CONT_FIX,351630.0,6,1,0.0034,3,1,1,1888,1.0,,0,0,2292,0,,,,,
Instances/Instances 2/rl5915_01.gt,5914,20.0,86400.0,PTVRP_LAYERED_CONT_FIX,83146568.0,2270,11,0.0201,7420,35,11,84380,14.2678,,0,0,26345,0,,,,,
Instances/Instances 2/rl5915_02.gt,5914,40.0,86400.0,PTVRP_LAYERED_CONT_FIX,42081110.0,1484,8,0.0179,3756,26,10,74555,12.6065,,0,0,38712,0,,,,,
Instances/Instances 2/rl5915_03.gt,5914,100.0,86400.0,PTVRP_LAYERED_CONT_FIX,17328936.0,927,5,0.0148,1517,17,6,58152,9.83294,,0,0,55285,0,,,,,
Instances/Instances 2/rl5915_04.gt,5914,200.0,86400.0,PTVRP_LAYERED_CONT_FIX,8794278.0,665,3,0.0124,753,12,4,45998,7.77782,,0,0,59600,0,,,,,
Instances/Instances 2/rl5915_05.gt,5914,400.0,86400.0,PTVRP_LAYERED_CONT_FIX,4616007.0,381,2,0.0102,378,9,4,35457,5.99543,,0,0,50236,0,,,,,
Instances/Instances 2/rl5915_06.gt,5914,1000.0,86400.0,PTVRP_LAYERED_CONT_FIX,2154063.0,158,1,0.0083,153,6,2,24351,4.11752,,0,0,36333,0,,,,,
Instances/Instances 2/rl5915_07.gt,5914,2000.0,86400.0,PTVRP_LAYERED_CONT_FIX,1309085.0,79,1,0.0075,75,4,1,17808,3.01116,,0,0,30757,0,,,,,
Instances/Instances 2/rl5915_08.gt,5914,4000.0,86400.0,PTVRP_LAYERED_CONT_FIX,914546.0,42,1,0.0066,38,3,1,12016,2.03179,,0,0,1351,0,,,,,
Instances/Instances 2/rl5915_09.gt,5914,10000.0,86400.0,PTVRP_LAYERED_CONT_FIX,684988.0,18,1,0.0064,16,2,1,9005,1.52266,,0,0,20805,0,,,,,
Instances/Instances 2/rl5915_10.gt,5914,20000.0,86400.0,PTVRP_LAYERED_CONT_FIX,622673.0,10,1,0.006,8,1,1,5914,1.0,,0,0,2689,0,,,,,
Instances/Instances 2/rl5934_01.gt,5933,20.0,86400.0,PTVRP_LAYERED_CONT_FIX,84169002.0,2339,12,0.0212,7579,33,13,87285,14.7118,,0,0,26304,0,,,,,
Instances/Instances 2/rl5934_02.gt,5933,40.0,86400.0,PTVRP_LAYERED_CONT_FIX,41719081.0,1596,9,0.0181,3767,25,10,76196,12.8427,,0,0,38870,0,,,,,
Instances/Instances 2/rl5934_03.gt,5933,100.0,86400.0,PTVRP_LAYERED_CONT_FIX,16903589.0,997,5,0.015,1515,17,6,59303,9.99545,,0,0,54741,0,,,,,
Instances/Instances 2/rl5934_04.gt,5933,200.0,86400.0,PTVRP_LAYERED_CONT_FIX,8807558.0,668,4,0.0122,768,12,4,47142,7.94573,,0,0,56883,0,,,,,
Instances/Instances 2/rl5934_05.gt,5933,400.0,86400.0,PTVRP_LAYERED_CONT_FIX,4534110.0,386,2,0.0129,379,9,3,36177,6.09759,,0,0,50460,0,,,,,
Instances/Instances 2/rl5934_06.gt,5933,1000.0,86400.0,PTVRP_LAYERED_CONT_FIX,2110204.0,158,1,0.0092,152,6,2,24663,4.15692,,0,0,31660,0,,,,,
Instances/Instances 2/rl5934_07.gt,5933,2000.0,86400.0,PTVRP_LAYERED_CONT_FIX,1314665.0,81,1,0.0077,77,4,1,17751,2.99191,,0,0,22091,0,,,,,
Instances/Instances 2/rl5934_08.gt,5933,4000.0,86400.0,PTVRP_LAYERED_CONT_FIX,904911.0,43,1,0.0075,38,3,1,11878,2.00202,,0,0,1908,0,,,,,
Instances/Instances 2/rl5934_09.gt,5933,10000.0,86400.0,PTVRP_LAYERED_CONT_FIX,678749.0,19,1,0.0066,16,2,1,9655,1.62734,,0,0,20586,0,,,,,
Instances/Instances 2/rl5934_10.gt,5933,20000.0,86400.0,PTVRP_LAYERED_CONT_FIX,613159.0,9,1,0.0092,8,1,1,5933,1.0,,0,0,1176,0,,,,,
Instances/Instances 2/rw1621_01.gt,1620,20.0,86400.0,PTVRP_LAYERED_CONT_FIX,2391345.0,553,13,0.0105,2095,92,19,105829,65.3265,,0,0,15084,0,,,,,
Instances/Instances 2/rw1621_02.gt,1620,40.0,86400.0,PTVRP_LAYERED_CONT_FIX,1199112.0,429,9,0.0094,1036,71,12,79140,48.8519,,0,0,15382,0,,,,,
Instances/Instances 2/rw1621_03.gt,1620,100.0,86400.0,PTVRP_LAYERED_CONT_FIX,495162.0,298,5,0.0078,412,43,6,52149,32.1907,,0,0,11393,0,,,,,
Instances/Instances 2/rw1621_04.gt,1620,200.0,86400.0,PTVRP_LAYERED_CONT_FIX,262188.0,204,3,0.0064,212,29,4,37980,23.4444,,0,0,7148,0,,,,,
Instances/Instances 2/rw1621_05.gt,1620,400.0,86400.0,PTVRP_LAYERED_CONT_FIX,139406.0,109,1,0.0051,104,20,3,26533,16.3784,,0,0,2992,0,,,,,
Instances/Instances 2/rw1621_06.gt,1620,1000.0,86400.0,PTVRP_LAYERED_CONT_FIX,68691.0,43,1,0.0042,42,13,2,16168,9.98025,,0,0,1202,0,,,,,
Instances/Instances 2/rw1621_07.gt,1620,2000.0,86400.0,PTVRP_LAYERED_CONT_FIX,46476.0,23,1,0.0037,21,9,1,10780,6.65432,,0,0,461,0,,,,,
Instances/Instances 2/rw1621_08.gt,1620,4000.0,86400.0,PTVRP_LAYERED_CONT_FIX,36176.0,12,1,0.0035,11,6,1,7334,4.52716,,0,0,318,0,,,,,
Instances/Instances 2/rw1621_09.gt,1620,10000.0,86400.0,PTVRP_LAYERED_CONT_FIX,29392.0,5,1,0.0031,5,4,1,4153,2.56358,,0,0,0,0,,,,,
Instances/Instances 2/rw1621_10.gt,1620,20000.0,86400.0,PTVRP_LAYERED_CONT_FIX,27739.0,3,1,0.0031,3,3,1,2477,1.52901,,0,0,0,0,,,,,
Instances/Instances 2/st70_01.gt,69,20.0,86400.0,PTVRP_LAYERED_CONT_FIX,7414.0,41,4,0.0025,76,76,5,2687,38.942,,0,0,0,0,,,,,
Instances/Instances 2/st70_02.gt,69,40.0,86400.0,PTVRP_LAYERED_CONT_FIX,4366.0,33,3,0.0023,41,41,3,1486,21.5362,,0,0,0,0,,,,,
Instances/Instances 2/st70_03.gt,69,100.0,86400.0,PTVRP_LAYERED_CONT_FIX,2076.0,20,2,0.0023,18,18,2,681,9.86957,,0,0,0,0,,,,,
Instances/Instances 2/st70_04.gt,69,200.0,86400.0,PTVRP_LAYERED_CONT_FIX,1255.0,11,1,0.0021,9,9,1,296,4.28986,,0,0,0,0,,,,,
Instances/Instances 2/st70_05.gt,69,400.0,86400.0,PTVRP_LAYERED_CONT_FIX,974.0,6,1,0.0022,5,5,1,195,2.82609,,0,0,0,0,,,,,
Instances/Instances 2/st70_06.gt,69,1000.0,86400.0,PTVRP_LAYERED_CONT_FIX,794.0,3,1,0.0021,2,2,1,99,1.43478,,0,0,0,0,,,,,
Instances/Instances 2/st70_07.gt,69,2000.0,86400.0,PTVRP_LAYERED_CONT_FIX,780.0,1,1,0.0022,1,1,1,69,1.0,,0,0,0,0,,,,,
Instances/Instances 2/st70_08.gt,69,4000.0,86400.0,PTVRP_LAYERED_CONT_FIX,780.0,1,1,0.0021,1,1,1,69,1.0,,0,0,0,0,,,,,
Instances/Instances 2/st70_09.gt,69,10000.0,86400.0,PTVRP_LAYERED_CONT_FIX,780.0,1,1,0.0028,1,1,1,69,1.0,,0,0,0,0,,,,,
Instances/Instances 2/st70_10.gt,69,20000.0,86400.0,PTVRP_LAYERED_CONT_FIX,780.0,1,1,0.0022,1,1,1,69,1.0,,0,0,0,0,,,,,
Instances/Instances 2/sw24978_01.gt,24977,20.0,86400.0,PTVRP_LAYERED_CONT_FIX,216192004.0,7551,19,0.0856,31922,63,19,637121,25.5083,,0,0,184590,0,,,,,
Instances/Instances 2/sw24978_02.gt,24977,40.0,86400.0,PTVRP_LAYERED_CONT_FIX,108173763.0,5292,11,0.0782,15898,46,15,552717,22.129,,1,0,270613,0,,,,,
Instances/Instances 2/sw24978_03.gt,24977,100.0,86400.0,PTVRP_LAYERED_CONT_FIX,43925669.0,3440,7,0.0629,6358,29,10,428505,17.156,,0,0,377339,0,,,,,
Instances/Instances 2/sw24978_04.gt,24977,200.0,86400.0,PTVRP_LAYERED_CONT_FIX,22469886.0,2478,4,0.0532,3202,21,6,340915,13.6492,,1,0,407615,0,,,,,
Instances/Instances 2/sw24978_05.gt,24977,400.0,86400.0,PTVRP_LAYERED_CONT_FIX,11371426.0,1518,3,0.0436,1579,14,4,261145,10.4554,,0,0,309002,0,,,,,
Instances/Instances 2/sw24978_06.gt,24977,1000.0,86400.0,PTVRP_LAYERED_CONT_FIX,5048739.0,654,1,0.0341,641,9,3,179311,7.17904,,0,0,145796,0,,,,,
Instances/Instances 2/sw24978_07.gt,24977,2000.0,86400.0,PTVRP_LAYERED_CONT_FIX,2908289.0,325,1,0.0286,318,7,2,133033,5.32622,,0,0,79626,0,,,,,
Instances/Instances 2/sw24978_08.gt,24977,4000.0,86400.0,PTVRP_LAYERED_CONT_FIX,1861338.0,164,1,0.0245,160,5,2,94346,3.77732,,0,0,24390,0,,,,,
Instances/Instances 2/sw24978_09.gt,24977,10000.0,86400.0,PTVRP_LAYERED_CONT_FIX,1245566.0,67,1,0.0222,64,3,1,65966,2.64107,,0,0,23809,0,,,,,
Instances/Instances 2/sw24978_10.gt,24977,20000.0,86400.0,PTVRP_LAYERED_CONT_FIX,1041100.0,36,1,0.0204,32,2,1,45953,1.83981,,0,0,15286,0,,,,,
Instances/Instances 2/ts225_01.gt,224,20.0,86400.0,PTVRP_LAYERED_CONT_FIX,3372707.0,116,7,0.0035,284,15,8,2037,9.09375,,0,0,448,0,,,,,
Instances/Instances 2/ts225_02.gt,224,40.0,86400.0,PTVRP_LAYERED_CONT_FIX,1962568.0,88,5,0.003,156,11,5,1669,7.45089,,0,0,557,0,,,,,
Instances/Instances 2/ts225_03.gt,224,100.0,86400.0,PTVRP_LAYERED_CONT_FIX,755713.0,60,2,0.003,58,6,3,1136,5.07143,,0,0,431,0,,,,,
Instances/Instances 2/ts225_04.gt,224,200.0,86400.0,PTVRP_LAYERED_CONT_FIX,440938.0,33,1,0.0028,30,5,2,851,3.79911,,0,0,415,0,,,,,
Instances/Instances 2/ts225_05.gt,224,400.0,86400.0,PTVRP_LAYERED_CONT_FIX,272708.0,16,1,0.0024,15,3,1,624,2.78571,,0,0,320,0,,,,,
Instances/Instances 2/ts225_06.gt,224,1000.0,86400.0,PTVRP_LAYERED_CONT_FIX,171841.0,7,1,0.0026,6,2,1,411,1.83482,,0,0,81,0,,,,,
Instances/Instances 2/ts225_07.gt,224,2000.0,86400.0,PTVRP_LAYERED_CONT_FIX,148763.0,4,1,0.0026,3,1,1,224,1.0,,0,0,0,0,,,,,
Instances/Instances 2/ts225_08.gt,224,4000.0,86400.0,PTVRP_LAYERED_CONT_FIX,143060.0,3,1,0.0024,2,1,1,224,1.0,,0,0,22,0,,,,,
Instances/Instances 2/ts225_09.gt,224,10000.0,86400.0,PTVRP_LAYERED_CONT_FIX,143060.0,3,1,0.0023,1,1,1,224,1.0,,0,0,22,0,,,,,
Instances/Instances 2/ts225_10.gt,224,20000.0,86400.0,PTVRP_LAYERED_CONT_FIX,143060.0,3,1,0.0023,1,1,1,224,1.0,,0,0,22,0,,,,,
Instances/Instances 2/tsp225_01.gt,224,20.0,86400.0,PTVRP_LAYERED_CONT_FIX,86922.0,102,9,0.0032,285,87,9,15204,67.875,,0,0,473,0,,,,,
Instances/Instances 2/tsp225_02.gt,224,40.0,86400.0,PTVRP_LAYERED_CONT_FIX,51568.0,97,5,0.0032,156,64,5,10545,47.0759,,0,0,397,0,,,,,
Instances/Instances 2/tsp225_03.gt,224,100.0,86400.0,PTVRP_LAYERED_CONT_FIX,19648.0,59,2,0.0027,58,37,2,5597,24.9866,,0,0,120,0,,,,,
Instances/Instances 2/tsp225_04.gt,224,200.0,86400.0,PTVRP_LAYERED_CONT_FIX,12031.0,33,1,0.0026,30,26,1,3319,14.817,,0,0,17,0,,,,,
Instances/Instances 2/tsp225_05.gt,224,400.0,86400.0,PTVRP_LAYERED_CONT_FIX,7704.0,16,1,0.0025,15,15,1,1710,7.63393,,0,0,0,0,,,,,
Instances/Instances 2/tsp225_06.gt,224,1000.0,86400.0,PTVRP_LAYERED_CONT_FIX,5113.0,6,1,0.0022,6,6,1,714,3.1875,,0,0,0,0,,,,,
Instances/Instances 2/tsp225_07.gt,224,2000.0,86400.0,PTVRP_LAYERED_CONT_FIX,4602.0,3,1,0.0023,3,3,1,435,1.94196,,0,0,0,0,,,,,
Instances/Instances 2/tsp225_08.gt,224,4000.0,86400.0,PTVRP_LAYERED_CONT_FIX,4425.0,2,1,0.0023,2,2,1,282,1.25893,,0,0,0,0,,,,,
Instances/Instances 2/tsp225_09.gt,224,10000.0,86400.0,PTVRP_LAYERED_CONT_FIX,4418.0,1,1,0.0024,1,1,1,224,1.0,,0,0,0,0,,,,,
Instances/Instances 2/tsp225_10.gt,224,20000.0,86400.0,PTVRP_LAYERED_CONT_FIX,4418.0,1,1,0.0023,1,1,1,224,1.0,,0,0,0,0,,,,,
Instances/Instances 2/tz6117_01.gt,6116,20.0,86400.0,PTVRP_LAYERED_CONT_FIX,60869139.0,2046,13,0.0217,7722,44,14,115692,18.9163,,0,0,34118,0,,,,,
Instances/Instances 2/tz6117_02.gt,6116,40.0,86400.0,PTVRP_LAYERED_CONT_FIX,31382950.0,1427,11,0.0201,3950,27,12,101253,16.5554,,0,0,50245,0,,,,,
Instances/Instances 2/tz6117_03.gt,6116,100.0,86400.0,PTVRP_LAYERED_CONT_FIX,12671790.0,939,7,0.0157,1555,19,9,77976,12.7495,,0,0,68445,0,,,,,
Instances/Instances 2/tz6117_04.gt,6116,200.0,86400.0,PTVRP_LAYERED_CONT_FIX,6557761.0,667,4,0.0148,789,15,6,62033,10.1427,,0,0,72368,0,,,,,
Instances/Instances 2/tz6117_05.gt,6116,400.0,86400.0,PTVRP_LAYERED_CONT_FIX,3337555.0,388,2,0.0114,385,12,4,47399,7.75,,0,0,52824,0,,,,,
Instances/Instances 2/tz6117_06.gt,6116,1000.0,86400.0,PTVRP_LAYERED_CONT_FIX,1569054.0,163,1,0.0111,158,8,2,32538,5.32014,,0,0,24360,0,,,,,
Instances/Instances 2/tz6117_07.gt,6116,2000.0,86400.0,PTVRP_LAYERED_CONT_FIX,965299.0,81,1,0.0081,79,6,2,23804,3.89209,,0,0,11365,0,,,,,
Instances/Instances 2/tz6117_08.gt,6116,4000.0,86400.0,PTVRP_LAYERED_CONT_FIX,674007.0,42,1,0.0071,40,4,1,17638,2.88391,,0,0,8374,0,,,,,
Instances/Instances 2/tz6117_09.gt,6116,10000.0,86400.0,PTVRP_LAYERED_CONT_FIX,499086.0,17,1,0.0066,16,3,1,12395,2.02665,,0,0,1940,0,,,,,
Instances/Instances 2/tz6117_10.gt,6116,20000.0,86400.0,PTVRP_LAYERED_CONT_FIX,441130.0,9,1,0.006,8,2,1,7488,1.22433,,0,0,2765,0,,,,,
Instances/Instances 2/u1060_01.gt,1059,20.0,86400.0,PTVRP_LAYERED_CONT_FIX,13870350.0,470,10,0.0058,1356,24,10,13662,12.9008,,0,0,3321,0,,,,,
Instances/Instances 2/u1060_02.gt,1059,40.0,86400.0,PTVRP_LAYERED_CONT_FIX,7000301.0,327,6,0.005,664,17,7,11195,10.5713,,0,0,4259,0,,,,,
Instances/Instances 2/u1060_03.gt,1059,100.0,86400.0,PTVRP_LAYERED_CONT_FIX,2930870.0,249,4,0.0046,278,11,4,8296,7.83381,,0,0,4801,0,,,,,
Instances/Instances 2/u1060_04.gt,1059,200.0,86400.0,PTVRP_LAYERED_CONT_FIX,1562703.0,134,3,0.0039,137,8,3,6232,5.8848,,0,0,4204,0,,,,,
Instances/Instances 2/u1060_05.gt,1059,400.0,86400.0,PTVRP_LAYERED_CONT_FIX,855343.0,72,1,0.0035,68,6,2,4682,4.42115,,0,0,3055,0,,,,,
Instances/Instances 2/u1060_06.gt,1059,1000.0,86400.0,PTVRP_LAYERED_CONT_FIX,463822.0,29,1,0.0031,27,3,1,3056,2.88574,,0,0,2078,0,,,,,
Instances/Instances 2/u1060_07.gt,1059,2000.0,86400.0,PTVRP_LAYERED_CONT_FIX,337836.0,15,1,0.0029,14,2,1,2027,1.91407,,0,0,113,0,,,,,
Instances/Instances 2/u1060_08.gt,1059,4000.0,86400.0,PTVRP_LAYERED_CONT_FIX,273038.0,8,1,0.003,7,2,1,1920,1.81303,,0,0,1839,0,,,,,
Instances/Instances 2/u1060_09.gt,1059,10000.0,86400.0,PTVRP_LAYERED_CONT_FIX,245381.0,4,1,0.0028,3,1,1,1059,1.0,,0,0,624,0,,,,,
Instances/Instances 2/u1060_10.gt,1059,20000.0,86400.0,PTVRP_LAYERED_CONT_FIX,245381.0,4,1,0.0029,2,1,1,1059,1.0,,0,0,861,0,,,,,
Instances/Instances 2/u1432_01.gt,1431,20.0,86400.0,PTVRP_LAYERED_CONT_FIX,7772481.0,574,9,0.007,1752,30,11,31145,21.7645,,0,0,6236,0,,,,,
Instances/Instances 2/u1432_02.gt,1431,40.0,86400.0,PTVRP_LAYERED_CONT_FIX,4195853.0,469,6,0.0065,916,24,9,24839,17.3578,,0,0,6736,0,,,,,
Instances/Instances 2/u1432_03.gt,1431,100.0,86400.0,PTVRP_LAYERED_CONT_FIX,1720119.0,306,3,0.0054,360,15,4,17027,11.8987,,0,0,5540,0,,,,,
Instances/Instances 2/u1432_04.gt,1431,200.0,86400.0,PTVRP_LAYERED_CONT_FIX,911025.0,194,2,0.0054,181,11,3,12579,8.79036,,0,0,3522,0,,,,,
Instances/Instances 2/u1432_05.gt,1431,400.0,86400.0,PTVRP_LAYERED_CONT_FIX,525785.0,98,1,0.0055,92,7,2,9182,6.41649,,0,0,1950,0,,,,,
Instances/Instances 2/u1432_06.gt,1431,1000.0,86400.0,PTVRP_LAYERED_CONT_FIX,291794.0,40,1,0.0037,37,5,1,5567,3.89029,,0,0,132,0,,,,,
Instances/Instances 2/u1432_07.gt,1431,2000.0,86400.0,PTVRP_LAYERED_CONT_FIX,216895.0,21,1,0.0033,19,3,1,4076,2.84836,,0,0,0,0,,,,,
Instances/Instances 2/u1432_08.gt,1431,4000.0,86400.0,PTVRP_LAYERED_CONT_FIX,181236.0,11,1,0.0031,10,2,1,2713,1.89588,,0,0,0,0,,,,,
Instances/Instances 2/u1432_09.gt,1431,10000.0,86400.0,PTVRP_LAYERED_CONT_FIX,163339.0,6,1,0.003,4,2,1,1717,1.19986,,0,0,481,0,,,,,
Instances/Instances 2/u1432_10.gt,1431,20000.0,86400.0,PTVRP_LAYERED_CONT_FIX,157856.0,3,1,0.0031,2,1,1,1431,1.0,,0,0,5,0,,,,,
Instances/Instances 2/u159_01.gt,158,20.0,86400.0,PTVRP_LAYERED_CONT_FIX,1025901.0,76,7,0.0027,210,24,9,2471,15.6392,,0,0,351,0,,,,,
Instances/Instances 2/u159_02.gt,158,40.0,86400.0,PTVRP_LAYERED_CONT_FIX,502668.0,68,4,0.0026,98,15,5,1772,11.2152,,0,0,325,0,,,,,
Instances/Instances 2/u159_03.gt,158,100.0,86400.0,PTVRP_LAYERED_CONT_FIX,204628.0,36,3,0.003,37,9,3,1102,6.97468,,0,0,151,0,,,,,
Instances/Instances 2/u159_04.gt,158,200.0,86400.0,PTVRP_LAYERED_CONT_FIX,121332.0,21,1,0.0025,19,6,2,792,5.01266,,0,0,102,0,,,,,
Instances/Instances 2/u159_05.gt,158,400.0,86400.0,PTVRP_LAYERED_CONT_FIX,81028.0,11,1,0.0023,10,5,1,563,3.56329,,0,0,51,0,,,,,
Instances/Instances 2/u159_06.gt,158,1000.0,86400.0,PTVRP_LAYERED_CONT_FIX,53603.0,4,1,0.0022,4,3,1,328,2.07595,,0,0,66,0,,,,,
Instances/Instances 2/u159_07.gt,158,2000.0,86400.0,PTVRP_LAYERED_CONT_FIX,48990.0,3,1,0.0022,2,2,1,235,1.48734,,0,0,0,0,,,,,
Instances/Instances 2/u159_08.gt,158,4000.0,86400.0,PTVRP_LAYERED_CONT_FIX,47958.0,2,1,0.0027,2,1,1,158,1.0,,0,0,0,0,,,,,
Instances/Instances 2/u159_09.gt,158,10000.0,86400.0,PTVRP_LAYERED_CONT_FIX,47792.0,1,1,0.0022,1,1,1,158,1.0,,0,0,0,0,,,,,
Instances/Instances 2/u159_10.gt,158,20000.0,86400.0,PTVRP_LAYERED_CONT_FIX,47792.0,1,1,0.0025,1,1,1,158,1.0,,0,0,0,0,,,,,
Instances/Instances 2/u1817_01.gt,1816,20.0,86400.0,PTVRP_LAYERED_CONT_FIX,4252091.0,658,13,0.011,2329,62,16,80622,44.3954,,0,0,12486,0,,,,,
Instances/Instances 2/u1817_02.gt,1816,40.0,86400.0,PTVRP_LAYERED_CONT_FIX,2176754.0,548,7,0.0092,1160,43,9,61492,33.8612,,0,0,12522,0,,,,,
Instances/Instances 2/u1817_03.gt,1816,100.0,86400.0,PTVRP_LAYERED_CONT_FIX,900900.0,355,4,0.0074,461,28,5,41049,22.6041,,0,0,8913,0,,,,,
Instances/Instances 2/u1817_04.gt,1816,200.0,86400.0,PTVRP_LAYERED_CONT_FIX,485166.0,228,3,0.0062,235,19,3,30050,16.5474,,0,0,5442,0,,,,,
Instances/Instances 2/u1817_05.gt,1816,400.0,86400.0,PTVRP_LAYERED_CONT_FIX,257388.0,124,1,0.005,116,13,2,21363,11.7638,,0,0,2628,0,,,,,
Instances/Instances 2/u1817_06.gt,1816,1000.0,86400.0,PTVRP_LAYERED_CONT_FIX,134263.0,50,1,0.0046,46,8,1,13436,7.39868,,0,0,911,0,,,,,
Instances/Instances 2/u1817_07.gt,1816,2000.0,86400.0,PTVRP_LAYERED_CONT_FIX,95570.0,26,1,0.0046,24,6,1,9594,5.28304,,0,0,586,0,,,,,
Instances/Instances 2/u1817_08.gt,1816,4000.0,86400.0,PTVRP_LAYERED_CONT_FIX,74993.0,13,1,0.0037,12,4,1,6344,3.49339,,0,0,0,0,,,,,
Instances/Instances 2/u1817_09.gt,1816,10000.0,86400.0,PTVRP_LAYERED_CONT_FIX,64302.0,6,1,0.0039,5,3,1,4256,2.34361,,0,0,0,0,,,,,
Instances/Instances 2/u1817_10.gt,1816,20000.0,86400.0,PTVRP_LAYERED_CONT_FIX,61230.0,3,1,0.0033,3,2,1,2854,1.57159,,0,0,0,0,,,,,
Instances/Instances 2/u2152_01.gt,2151,20.0,86400.0,PTVRP_LAYERED_CONT_FIX,5069364.0,776,12,0.0124,2752,64,15,97113,45.1478,,0,0,15360,0,,,,,
Instances/Instances 2/u2152_02.gt,2151,40.0,86400.0,PTVRP_LAYERED_CONT_FIX,2609790.0,613,7,0.0107,1368,44,11,74059,34.43,,0,0,15930,0,,,,,
Instances/Instances 2/u2152_03.gt,2151,100.0,86400.0,PTVRP_LAYERED_CONT_FIX,1087953.0,428,4,0.0095,554,29,6,50352,23.4086,,0,0,11726,0,,,,,
Instances/Instances 2/u2152_04.gt,2151,200.0,86400.0,PTVRP_LAYERED_CONT_FIX,564237.0,265,2,0.0073,275,19,3,36607,17.0186,,0,0,7135,0,,,,,
Instances/Instances 2/u2152_05.gt,2151,400.0,86400.0,PTVRP_LAYERED_CONT_FIX,303111.0,144,1,0.006,136,14,2,26029,12.1009,,0,0,3506,0,,,,,
Instances/Instances 2/u2152_06.gt,2151,1000.0,86400.0,PTVRP_LAYERED_CONT_FIX,156642.0,58,1,0.0048,55,9,1,16357,7.60437,,0,0,266,0,,,,,
Instances/Instances 2/u2152_07.gt,2151,2000.0,86400.0,PTVRP_LAYERED_CONT_FIX,108799.0,29,1,0.0058,28,6,1,11783,5.47792,,0,0,138,0,,,,,
Instances/Instances 2/u2152_08.gt,2151,4000.0,86400.0,PTVRP_LAYERED_CONT_FIX,84694.0,16,1,0.0042,14,4,1,7639,3.55137,,0,0,0,0,,,,,
Instances/Instances 2/u2152_09.gt,2151,10000.0,86400.0,PTVRP_LAYERED_CONT_FIX,71630.0,7,1,0.0042,6,3,1,5277,2.45328,,0,0,0,0,,,,,
Instances/Instances 2/u2152_10.gt,2151,20000.0,86400.0,PTVRP_LAYERED_CONT_FIX,68776.0,5,1,0.0038,3,2,1,3528,1.64017,,0,0,0,0,,,,,
Instances/Instances 2/u2319_01.gt,2318,20.0,86400.0,PTVRP_LAYERED_CONT_FIX,12257919.0,917,10,0.0116,2964,34,11,53573,23.1117,,0,0,9962,0,,,,,
Instances/Instances 2/u2319_02.gt,2318,40.0,86400.0,PTVRP_LAYERED_CONT_FIX,6350097.0,718,9,0.0095,1485,23,9,42073,18.1506,,0,0,10761,0,,,,,
Instances/Instances 2/u2319_03.gt,2318,100.0,86400.0,PTVRP_LAYERED_CONT_FIX,2646782.0,497,3,0.0077,591,16,4,28918,12.4754,,0,0,8707,0,,,,,
Instances/Instances 2/u2319_04.gt,2318,200.0,86400.0,PTVRP_LAYERED_CONT_FIX,1410939.0,308,2,0.0063,298,11,2,21369,9.21872,,0,0,5197,0,,,,,
Instances/Instances 2/u2319_05.gt,2318,400.0,86400.0,PTVRP_LAYERED_CONT_FIX,784556.0,155,1,0.0055,146,8,2,15517,6.69413,,0,0,2497,0,,,,,
Instances/Instances 2/u2319_06.gt,2318,1000.0,86400.0,PTVRP_LAYERED_CONT_FIX,446696.0,65,1,0.0047,60,5,1,9695,4.18248,,0,0,961,0,,,,,
Instances/Instances 2/u2319_07.gt,2318,2000.0,86400.0,PTVRP_LAYERED_CONT_FIX,329709.0,32,1,0.0042,30,3,1,6725,2.90121,,0,0,0,0,,,,,
Instances/Instances 2/u2319_08.gt,2318,4000.0,86400.0,PTVRP_LAYERED_CONT_FIX,276624.0,17,1,0.0039,15,2,1,4476,1.93097,,0,0,0,0,,,,,
Instances/Instances 2/u2319_09.gt,2318,10000.0,86400.0,PTVRP_LAYERED_CONT_FIX,250126.0,8,1,0.0038,6,2,1,4136,1.7843,,0,0,2355,0,,,,,
Instances/Instances 2/u2319_10.gt,2318,20000.0,86400.0,PTVRP_LAYERED_CONT_FIX,243057.0,4,1,0.0044,3,1,1,2318,1.0,,0,0,0,0,,,,,
Instances/Instances 2/u574_01.gt,573,20.0,86400.0,PTVRP_LAYERED_CONT_FIX,1434352.0,249,9,0.0049,745,44,10,19288,33.6614,,0,0,2315,0,,,,,
Instances/Instances 2/u574_02.gt,573,40.0,86400.0,PTVRP_LAYERED_CONT_FIX,743452.0,204,6,0.0058,370,31,7,14289,24.9372,,0,0,2112,0,,,,,
Instances/Instances 2/u574_03.gt,573,100.0,86400.0,PTVRP_LAYERED_CONT_FIX,298327.0,134,2,0.0056,142,19,3,9130,15.9337,,0,0,1289,0,,,,,
Instances/Instances 2/u574_04.gt,573,200.0,86400.0,PTVRP_LAYERED_CONT_FIX,165539.0,78,1,0.004,72,14,2,6528,11.3927,,0,0,740,0,,,,,
Instances/Instances 2/u574_05.gt,573,400.0,86400.0,PTVRP_LAYERED_CONT_FIX,97397.0,39,1,0.0031,37,10,1,4599,8.02618,,0,0,384,0,,,,,
Instances/Instances 2/u574_06.gt,573,1000.0,86400.0,PTVRP_LAYERED_CONT_FIX,60696.0,17,1,0.0028,16,6,1,2850,4.97382,,0,0,202,0,,,,,
Instances/Instances 2/u574_07.gt,573,2000.0,86400.0,PTVRP_LAYERED_CONT_FIX,47960.0,9,1,0.0027,8,4,1,1838,3.20768,,0,0,0,0,,,,,
Instances/Instances 2/u574_08.gt,573,4000.0,86400.0,PTVRP_LAYERED_CONT_FIX,42506.0,4,1,0.0026,4,3,1,1243,2.16928,,0,0,0,0,,,,,
Instances/Instances 2/u574_09.gt,573,10000.0,86400.0,PTVRP_LAYERED_CONT_FIX,40147.0,2,1,0.0026,2,2,1,738,1.28796,,0,0,0,0,,,,,
Instances/Instances 2/u574_10.gt,573,20000.0,86400.0,PTVRP_LAYERED_CONT_FIX,40130.0,1,1,0.0028,1,1,1,573,1.0,,0,0,0,0,,,,,
Instances/Instances 2/u724_01.gt,723,20.0,86400.0,PTVRP_LAYERED_CONT_FIX,1805898.0,321,9,0.0052,934,45,11,25112,34.7331,,0,0,3369,0,,,,,
Instances/Instances 2/u724_02.gt,723,40.0,86400.0,PTVRP_LAYERED_CONT_FIX,937968.0,242,8,0.0046,465,32,11,18774,25.9668,,0,0,3142,0,,,,,
Instances/Instances 2/u724_03.gt,723,100.0,86400.0,PTVRP_LAYERED_CONT_FIX,381510.0,164,3,0.004,179,21,5,12177,16.8423,,0,0,1883,0,,,,,
Instances/Instances 2/u724_04.gt,723,200.0,86400.0,PTVRP_LAYERED_CONT_FIX,212011.0,94,2,0.0035,93,15,3,8774,12.1355,,0,0,1031,0,,,,,
Instances/Instances 2/u724_05.gt,723,400.0,86400.0,PTVRP_LAYERED_CONT_FIX,124941.0,51,1,0.0032,48,11,2,6271,8.67358,,0,0,646,0,,,,,
Instances/Instances 2/u724_06.gt,723,1000.0,86400.0,PTVRP_LAYERED_CONT_FIX,72420.0,21,1,0.003,19,7,1,3787,5.2379,,0,0,5,0,,,,,
Instances/Instances 2/u724_07.gt,723,2000.0,86400.0,PTVRP_LAYERED_CONT_FIX,55068.0,11,1,0.0027,9,5,1,2386,3.30014,,0,0,3,0,,,,,
Instances/Instances 2/u724_08.gt,723,4000.0,86400.0,PTVRP_LAYERED_CONT_FIX,46997.0,6,1,0.0026,5,3,1,1714,2.37068,,0,0,0,0,,,,,
Instances/Instances 2/u724_09.gt,723,10000.0,86400.0,PTVRP_LAYERED_CONT_FIX,45169.0,3,1,0.0025,2,2,1,1063,1.47026,,0,0,0,0,,,,,
Instances/Instances 2/u724_10.gt,723,20000.0,86400.0,PTVRP_LAYERED_CONT_FIX,44989.0,1,1,0.0026,1,1,1,723,1.0,,0,0,0,0,,,,,
Instances/Instances 2/usa13509_01.gt,13508,20.0,86400.0,PTVRP_LAYERED_CONT_FIX,NO SOLUTION,,,0.0106,17263,15,0,7102,0.525763,,0,0,0,0,,,,,
Instances/Instances 2/usa13509_02.gt,13508,40.0,86400.0,PTVRP_LAYERED_CONT_FIX,NO SOLUTION,,,0.0104,8563,12,0,8878,0.65724,,0,0,0,0,,,,,
Instances/Instances 2/usa13509_03.gt,13508,100.0,86400.0,PTVRP_LAYERED_CONT_FIX,NO SOLUTION,,,0.01,3440,9,0,8686,0.643026,,0,0,0,0,,,,,
Instances/Instances 2/usa13509_04.gt,13508,200.0,86400.0,PTVRP_LAYERED_CONT_FIX,NO SOLUTION,,,0.0105,1723,6,0,7856,0.581581,,0,0,0,0,,,,,
Instances/Instances 2/usa13509_05.gt,13508,400.0,86400.0,PTVRP_LAYERED_CONT_FIX,NO SOLUTION,,,0.0103,863,4,0,7013,0.519174,,0,0,0,0,,,,,
Instances/Instances 2/usa13509_06.gt,13508,1000.0,86400.0,PTVRP_LAYERED_CONT_FIX,NO SOLUTION,,,0.0112,343,3,0,6273,0.464391,,0,0,0,0,,,,,
Instances/Instances 2/usa13509_07.gt,13508,2000.0,86400.0,PTVRP_LAYERED_CONT_FIX,NO SOLUTION,,,0.0104,174,2,0,6191,0.458321,,0,0,0,0,,,,,
Instances/Instances 2/usa13509_08.gt,13508,4000.0,86400.0,PTVRP_LAYERED_CONT_FIX,NO SOLUTION,,,0.0106,86,1,0,6142,0.454694,,0,0,0,0,,,,,
Instances/Instances 2/usa13509_09.gt,13508,10000.0,86400.0,PTVRP_LAYERED_CONT_FIX,NO SOLUTION,,,0.01,35,1,0,6142,0.454694,,0,0,0,0,,,,,
Instances/Instances 2/usa13509_10.gt,13508,20000.0,86400.0,PTVRP_LAYERED_CONT_FIX,NO SOLUTION,,,0.0098,18,1,0,6142,0.454694,,0,0,0,0,,,,,
Instances/Instances 2/uy734_01.gt,733,20.0,86400.0,PTVRP_LAYERED_CONT_FIX,3323235.0,303,13,0.0048,916,36,15,17378,23.708,,0,0,3140,0,,,,,
Instances/Instances 2/uy734_02.gt,733,40.0,86400.0,PTVRP_LAYERED_CONT_FIX,1826082.0,249,8,0.0048,486,29,9,13765,18.779,,0,0,3343,0,,,,,
Instances/Instances 2/uy734_03.gt,733,100.0,86400.0,PTVRP_LAYERED_CONT_FIX,738187.0,160,3,0.004,188,19,6,9172,12.513,,0,0,2502,0,,,,,
Instances/Instances 2/uy734_04.gt,733,200.0,86400.0,PTVRP_LAYERED_CONT_FIX,399549.0,100,2,0.0035,95,13,3,6663,9.09004,,0,0,1546,0,,,,,
Instances/Instances 2/uy734_05.gt,733,400.0,86400.0,PTVRP_LAYERED_CONT_FIX,228866.0,49,1,0.0032,47,9,2,4672,6.37381,,0,0,678,0,,,,,
Instances/Instances 2/uy734_06.gt,733,1000.0,86400.0,PTVRP_LAYERED_CONT_FIX,134983.0,21,1,0.0029,19,5,1,2889,3.94134,,0,0,111,0,,,,,
Instances/Instances 2/uy734_07.gt,733,2000.0,86400.0,PTVRP_LAYERED_CONT_FIX,106108.0,11,1,0.0028,10,4,1,2070,2.82401,,0,0,124,0,,,,,
Instances/Instances 2/uy734_08.gt,733,4000.0,86400.0,PTVRP_LAYERED_CONT_FIX,90894.0,6,1,0.0027,5,3,1,1345,1.83492,,0,0,47,0,,,,,
Instances/Instances 2/uy734_09.gt,733,10000.0,86400.0,PTVRP_LAYERED_CONT_FIX,85530.0,3,1,0.0026,2,2,1,962,1.31241,,0,0,483,0,,,,,
Instances/Instances 2/uy734_10.gt,733,20000.0,86400.0,PTVRP_LAYERED_CONT_FIX,85164.0,1,1,0.0027,1,1,1,733,1.0,,0,0,0,0,,,,,
Instances/Instances 2/vm1084_01.gt,1083,20.0,86400.0,PTVRP_LAYERED_CONT_FIX,17941763.0,472,10,0.0057,1389,18,10,11964,11.0471,,0,0,3564,0,,,,,
Instances/Instances 2/vm1084_02.gt,1083,40.0,86400.0,PTVRP_LAYERED_CONT_FIX,8943347.0,318,7,0.0048,700,15,8,10475,9.67221,,0,0,5169,0,,,,,
Instances/Instances 2/vm1084_03.gt,1083,100.0,86400.0,PTVRP_LAYERED_CONT_FIX,3661791.0,209,4,0.0044,276,12,6,7998,7.38504,,0,0,6720,0,,,,,
Instances/Instances 2/vm1084_04.gt,1083,200.0,86400.0,PTVRP_LAYERED_CONT_FIX,1906799.0,131,3,0.0041,139,9,4,6297,5.8144,,0,0,7617,0,,,,,
Instances/Instances 2/vm1084_05.gt,1083,400.0,86400.0,PTVRP_LAYERED_CONT_FIX,1057265.0,71,2,0.0035,70,7,2,4770,4.40443,,0,0,5763,0,,,,,
Instances/Instances 2/vm1084_06.gt,1083,1000.0,86400.0,PTVRP_LAYERED_CONT_FIX,542469.0,30,1,0.0032,28,4,1,3171,2.92798,,0,0,2878,0,,,,,
Instances/Instances 2/vm1084_07.gt,1083,2000.0,86400.0,PTVRP_LAYERED_CONT_FIX,377742.0,16,1,0.0032,15,3,1,2348,2.16805,,0,0,1295,0,,,,,
Instances/Instances 2/vm1084_08.gt,1083,4000.0,86400.0,PTVRP_LAYERED_CONT_FIX,301938.0,8,1,0.003,7,2,1,1663,1.53555,,0,0,1000,0,,,,,
Instances/Instances 2/vm1084_09.gt,1083,10000.0,86400.0,PTVRP_LAYERED_CONT_FIX,260270.0,4,1,0.0029,3,1,1,1083,1.0,,0,0,434,0,,,,,
Instances/Instances 2/vm1084_10.gt,1083,20000.0,86400.0,PTVRP_LAYERED_CONT_FIX,260270.0,4,1,0.003,2,1,1,1083,1.0,,0,0,453,0,,,,,
Instances/Instances 2/vm1748_01.gt,1747,20.0,86400.0,PTVRP_LAYERED_CONT_FIX,30957344.0,785,9,0.0076,2247,21,9,18780,10.7499,,0,0,5729,0,,,,,
Instances/Instances 2/vm1748_02.gt,1747,40.0,86400.0,PTVRP_LAYERED_CONT_FIX,15462234.0,520,8,0.0065,1115,15,8,16685,9.55066,,0,0,8550,0,,,,,
Instances/Instances 2/vm1748_03.gt,1747,100.0,86400.0,PTVRP_LAYERED_CONT_FIX,6237018.0,320,4,0.0055,446,12,5,13039,7.46365,,0,0,12534,0,,,,,
Instances/Instances 2/vm1748_04.gt,1747,200.0,86400.0,PTVRP_LAYERED_CONT_FIX,3324686.0,201,3,0.0049,229,9,5,10490,6.00458,,0,0,13878,0,,,,,
Instances/Instances 2/vm1748_05.gt,1747,400.0,86400.0,PTVRP_LAYERED_CONT_FIX,1780988.0,115,2,0.0043,113,7,3,8005,4.58214,,0,0,11583,0,,,,,
Instances/Instances 2/vm1748_06.gt,1747,1000.0,86400.0,PTVRP_LAYERED_CONT_FIX,876726.0,46,1,0.0038,45,4,1,5468,3.12994,,0,0,8424,0,,,,,
Instances/Instances 2/vm1748_07.gt,1747,2000.0,86400.0,PTVRP_LAYERED_CONT_FIX,597978.0,22,1,0.0036,22,3,1,3977,2.27647,,0,0,4248,0,,,,,
Instances/Instances 2/vm1748_08.gt,1747,4000.0,86400.0,PTVRP_LAYERED_CONT_FIX,460006.0,13,1,0.0034,12,2,1,2863,1.63881,,0,0,3089,0,,,,,
Instances/Instances 2/vm1748_09.gt,1747,10000.0,86400.0,PTVRP_LAYERED_CONT_FIX,376320.0,6,1,0.0033,5,1,1,1747,1.0,,0,0,1285,0,,,,,
Instances/Instances 2/vm1748_10.gt,1747,20000.0,86400.0,PTVRP_LAYERED_CONT_FIX,370285.0,5,1,0.0034,3,1,1,1747,1.0,,0,0,2490,0,,,,,
Instances/Instances 2/vm22775_01.gt,22774,20.0,86400.0,PTVRP_LAYERED_CONT_FIX,271789200.0,7369,16,0.0755,29032,70,19,448953,19.7134,,0,0,148652,0,,,,,
Instances/Instances 2/vm22775_02.gt,22774,40.0,86400.0,PTVRP_LAYERED_CONT_FIX,135723338.0,4529,13,0.0658,14519,48,14,412109,18.0956,,0,0,243890,0,,,,,
Instances/Instances 2/vm22775_03.gt,22774,100.0,86400.0,PTVRP_LAYERED_CONT_FIX,54261290.0,2687,7,0.054,5787,33,9,345010,15.1493,,0,0,418584,0,,,,,
Instances/Instances 2/vm22775_04.gt,22774,200.0,86400.0,PTVRP_LAYERED_CONT_FIX,27519129.0,1966,5,0.0471,2897,22,6,288306,12.6594,,0,0,535172,0,,,,,
Instances/Instances 2/vm22775_05.gt,22774,400.0,86400.0,PTVRP_LAYERED_CONT_FIX,14064490.0,1308,3,0.0398,1457,16,4,233603,10.2574,,0,0,558127,0,,,,,
Instances/Instances 2/vm22775_06.gt,22774,1000.0,86400.0,PTVRP_LAYERED_CONT_FIX,5848763.0,585,2,0.0333,579,10,4,166691,7.31936,,0,0,323247,0,,,,,
Instances/Instances 2/vm22775_07.gt,22774,2000.0,86400.0,PTVRP_LAYERED_CONT_FIX,3205805.0,295,1,0.0279,292,7,2,126341,5.5476,,0,0,182335,0,,,,,
Instances/Instances 2/vm22775_08.gt,22774,4000.0,86400.0,PTVRP_LAYERED_CONT_FIX,1871706.0,148,1,0.0246,146,5,2,93847,4.1208,,0,0,103907,0,,,,,
Instances/Instances 2/vm22775_09.gt,22774,10000.0,86400.0,PTVRP_LAYERED_CONT_FIX,1082862.0,61,1,0.0214,58,3,1,64804,2.84553,,0,0,46416,0,,,,,
Instances/Instances 2/vm22775_10.gt,22774,20000.0,86400.0,PTVRP_LAYERED_CONT_FIX,823288.0,31,1,0.0194,30,2,1,44752,1.96505,,0,0,1978,0,,,,,
Instances/Instances 2/wi29_01.gt,28,20.0,86400.0,PTVRP_LAYERED_CONT_FIX,253201.0,17,5,0.0029,35,13,5,229,8.17857,,0,0,25,0,,,,,
Instances/Instances 2/wi29_02.gt,28,40.0,86400.0,PTVRP_LAYERED_CONT_FIX,134032.0,15,3,0.0027,18,8,3,146,5.21429,,0,0,19,0,,,,,
Instances/Instances 2/wi29_03.gt,28,100.0,86400.0,PTVRP_LAYERED_CONT_FIX,61295.0,8,1,0.0023,7,5,1,103,3.67857,,0,0,10,0,,,,,
Instances/Instances 2/wi29_04.gt,28,200.0,86400.0,PTVRP_LAYERED_CONT_FIX,45801.0,5,1,0.0023,5,4,1,70,2.5,,0,0,4,0,,,,,
Instances/Instances 2/wi29_05.gt,28,400.0,86400.0,PTVRP_LAYERED_CONT_FIX,34911.0,3,1,0.0025,2,2,1,37,1.32143,,0,0,0,0,,,,,
Instances/Instances 2/wi29_06.gt,28,1000.0,86400.0,PTVRP_LAYERED_CONT_FIX,33110.0,1,1,0.0022,1,1,1,28,1.0,,0,0,0,0,,,,,
Instances/Instances 2/wi29_07.gt,28,2000.0,86400.0,PTVRP_LAYERED_CONT_FIX,33110.0,1,1,0.0023,1,1,1,28,1.0,,0,0,0,0,,,,,
Instances/Instances 2/wi29_08.gt,28,4000.0,86400.0,PTVRP_LAYERED_CONT_FIX,33110.0,1,1,0.0021,1,1,1,28,1.0,,0,0,0,0,,,,,
Instances/Instances 2/wi29_09.gt,28,10000.0,86400.0,PTVRP_LAYERED_CONT_FIX,33110.0,1,1,0.0022,1,1,1,28,1.0,,0,0,0,0,,,,,
Instances/Instances 2/wi29_10.gt,28,20000.0,86400.0,PTVRP_LAYERED_CONT_FIX,33110.0,1,1,0.0023,1,1,1,28,1.0,,0,0,0,0,,,,,
Instances/Instances 2/ym7663_01.gt,7662,20.0,86400.0,PTVRP_LAYERED_CONT_FIX,37449141.0,2280,21,0.0323,9751,68,21,283207,36.9625,,0,0,70138,0,,,,,
Instances/Instances 2/ym7663_02.gt,7662,40.0,86400.0,PTVRP_LAYERED_CONT_FIX,19220905.0,1799,11,0.0293,4950,47,13,233724,30.5043,,0,0,89413,0,,,,,
Instances/Instances 2/ym7663_03.gt,7662,100.0,86400.0,PTVRP_LAYERED_CONT_FIX,7751612.0,1167,8,0.0236,1941,32,8,168450,21.9851,,0,0,95904,0,,,,,
Instances/Instances 2/ym7663_04.gt,7662,200.0,86400.0,PTVRP_LAYERED_CONT_FIX,3976739.0,836,3,0.0197,978,23,5,128241,16.7373,,0,0,77521,0,,,,,
Instances/Instances 2/ym7663_05.gt,7662,400.0,86400.0,PTVRP_LAYERED_CONT_FIX,2088413.0,499,2,0.0156,490,16,4,95450,12.4576,,0,0,46274,0,,,,,
Instances/Instances 2/ym7663_06.gt,7662,1000.0,86400.0,PTVRP_LAYERED_CONT_FIX,948659.0,199,1,0.0118,194,10,2,62808,8.19734,,0,0,17177,0,,,,,
Instances/Instances 2/ym7663_07.gt,7662,2000.0,86400.0,PTVRP_LAYERED_CONT_FIX,587011.0,102,1,0.0103,98,7,2,45333,5.9166,,0,0,8675,0,,,,,
Instances/Instances 2/ym7663_08.gt,7662,4000.0,86400.0,PTVRP_LAYERED_CONT_FIX,406957.0,52,1,0.0089,49,5,1,32814,4.28269,,0,0,6065,0,,,,,
Instances/Instances 2/ym7663_09.gt,7662,10000.0,86400.0,PTVRP_LAYERED_CONT_FIX,306723.0,22,1,0.0078,20,3,1,20316,2.65153,,0,0,1501,0,,,,,
Instances/Instances 2/ym7663_10.gt,7662,20000.0,86400.0,PTVRP_LAYERED_CONT_FIX,273896.0,10,1,0.0083,10,2,1,14433,1.88371,,0,0,95,0,,,,,
Instances/Instances 2/zi929_01.gt,928,20.0,86400.0,PTVRP_LAYERED_CONT_FIX,5163866.0,343,14,0.0056,1196,52,18,24706,26.6228,,0,0,6135,0,,,,,
Instances/Instances 2/zi929_02.gt,928,40.0,86400.0,PTVRP_LAYERED_CONT_FIX,2571046.0,253,11,0.005,583,44,13,19985,21.5356,,0,0,7708,0,,,,,
Instances/Instances 2/zi929_03.gt,928,100.0,86400.0,PTVRP_LAYERED_CONT_FIX,1070952.0,169,5,0.0043,233,30,7,13689,14.7511,,0,0,6377,0,,,,,
Instances/Instances 2/zi929_04.gt,928,200.0,86400.0,PTVRP_LAYERED_CONT_FIX,573266.0,107,2,0.004,118,20,4,9703,10.4558,,0,0,3756,0,,,,,
Instances/Instances 2/zi929_05.gt,928,400.0,86400.0,PTVRP_LAYERED_CONT_FIX,325010.0,59,2,0.0033,59,12,3,6612,7.125,,0,0,1918,0,,,,,
Instances/Instances 2/zi929_06.gt,928,1000.0,86400.0,PTVRP_LAYERED_CONT_FIX,186212.0,27,1,0.0033,25,7,2,3988,4.29741,,0,0,882,0,,,,,
Instances/Instances 2/zi929_07.gt,928,2000.0,86400.0,PTVRP_LAYERED_CONT_FIX,137406.0,14,1,0.0028,12,4,1,2675,2.88254,,0,0,239,0,,,,,
Instances/Instances 2/zi929_08.gt,928,4000.0,86400.0,PTVRP_LAYERED_CONT_FIX,116225.0,8,1,0.0033,6,3,1,1739,1.87392,,0,0,41,0,,,,,
Instances/Instances 2/zi929_09.gt,928,10000.0,86400.0,PTVRP_LAYERED_CONT_FIX,101349.0,3,1,0.003,3,2,1,1231,1.32651,,0,0,248,0,,,,,
Instances/Instances 2/zi929_10.gt,928,20000.0,86400.0,PTVRP_LAYERED_CONT_FIX,100905.0,2,1,0.0027,2,1,1,928,1.0,,0,0,8,0,,,,,
Instances/Instances 3/a280_01.gt,279,10.0,86400.0,PTVRP_LAYERED_CONT_FIX,140031.0,179,11,0.0044,717,160,12,36104,129.405,,0,0,864,0,,,,,
Instances/Instances 3/a280_02.gt,279,20.0,86400.0,PTVRP_LAYERED_CONT_FIX,69627.0,138,6,0.0041,340,112,8,24406,87.4767,,0,0,776,0,,,,,
Instances/Instances 3/a280_03.gt,279,50.0,86400.0,PTVRP_LAYERED_CONT_FIX,29764.0,107,4,0.0038,139,69,5,14623,52.4122,,0,0,458,0,,,,,
Instances/Instances 3/a280_04.gt,279,100.0,86400.0,PTVRP_LAYERED_CONT_FIX,16430.0,73,2,0.0032,72,49,3,8958,32.1075,,0,0,117,0,,,,,
Instances/Instances 3/a280_05.gt,279,200.0,86400.0,PTVRP_LAYERED_CONT_FIX,9011.0,39,1,0.0029,36,34,2,5088,18.2366,,0,0,15,0,,,,,
Instances/Instances 3/a280_06.gt,279,500.0,86400.0,PTVRP_LAYERED_CONT_FIX,4975.0,16,1,0.0026,15,15,1,2165,7.75986,,0,0,0,0,,,,,
Instances/Instances 3/a280_07.gt,279,1000.0,86400.0,PTVRP_LAYERED_CONT_FIX,3757.0,9,1,0.0024,8,8,1,1172,4.20072,,0,0,0,0,,,,,
Instances/Instances 3/a280_08.gt,279,2000.0,86400.0,PTVRP_LAYERED_CONT_FIX,3180.0,4,1,0.0024,4,4,1,655,2.34767,,0,0,0,0,,,,,
Instances/Instances 3/a280_09.gt,279,5000.0,86400.0,PTVRP_LAYERED_CONT_FIX,2855.0,2,1,0.0024,2,2,1,356,1.27599,,0,0,0,0,,,,,
Instances/Instances 3/a280_10.gt,279,10000.0,86400.0,PTVRP_LAYERED_CONT_FIX,2835.0,1,1,0.0024,1,1,1,279,1.0,,0,0,0,0,,,,,
Instances/Instances 3/ar9152_01.gt,9151,10.0,86400.0,PTVRP_LAYERED_CONT_FIX,NO SOLUTION,,,0.0157,23301,57,18,150696,16.4677,,0,0,10185,0,,,,,
Instances/Instances 3/ar9152_02.gt,9151,20.0,86400.0,PTVRP_LAYERED_CONT_FIX,NO SOLUTION,,,0.0163,11655,44,15,139681,15.264,,0,0,27847,0,,,,,
Instances/Instances 3/ar9152_03.gt,9151,50.0,86400.0,PTVRP_LAYERED_CONT_FIX,57284295.0,2356,8,0.0285,4656,29,13,115958,12.6716,,0,0,68742,0,,,,,
Instances/Instances 3/ar9152_04.gt,9151,100.0,86400.0,PTVRP_LAYERED_CONT_FIX,28834320.0,1442,7,0.0225,2329,21,7,95593,10.4462,,0,0,89486,0,,,,,
Instances/Instances 3/ar9152_05.gt,9151,200.0,86400.0,PTVRP_LAYERED_CONT_FIX,14835608.0,987,5,0.0189,1174,14,7,76116,8.31778,,0,0,96078,0,,,,,
Instances/Instances 3/ar9152_06.gt,9151,500.0,86400.0,PTVRP_LAYERED_CONT_FIX,6278747.0,477,3,0.015,470,10,4,54025,5.90373,,0,0,80660,0,,,,,
Instances/Instances 3/ar9152_07.gt,9151,1000.0,86400.0,PTVRP_LAYERED_CONT_FIX,3487956.0,240,2,0.0127,234,7,2,40608,4.43755,,0,0,54973,0,,,,,
Instances/Instances 3/ar9152_08.gt,9151,2000.0,86400.0,PTVRP_LAYERED_CONT_FIX,2110923.0,121,1,0.0118,117,5,2,29762,3.25232,,0,0,42451,0,,,,,
Instances/Instances 3/ar9152_09.gt,9151,5000.0,86400.0,PTVRP_LAYERED_CONT_FIX,1327714.0,51,1,0.0101,48,3,1,19325,2.11179,,0,0,12987,0,,,,,
Instances/Instances 3/ar9152_10.gt,9151,10000.0,86400.0,PTVRP_LAYERED_CONT_FIX,1089814.0,27,1,0.0091,24,2,1,14872,1.62518,,0,0,18182,0,,,,,
Instances/Instances 3/berlin52_01.gt,51,10.0,86400.0,PTVRP_LAYERED_CONT_FIX,97661.0,39,7,0.0028,117,50,7,1605,31.4706,,0,0,46,0,,,,,
Instances/Instances 3/berlin52_02.gt,51,20.0,86400.0,PTVRP_LAYERED_CONT_FIX,55621.0,31,4,0.0026,66,34,4,1140,22.3529,,0,0,33,0,,,,,
Instances/Instances 3/berlin52_03.gt,51,50.0,86400.0,PTVRP_LAYERED_CONT_FIX,28190.0,33,2,0.0025,29,20,2,627,12.2941,,0,0,17,0,,,,,
Instances/Instances 3/berlin52_04.gt,51,100.0,86400.0,PTVRP_LAYERED_CONT_FIX,16777.0,18,1,0.0023,15,12,1,383,7.5098,,0,0,6,0,,,,,
Instances/Instances 3/berlin52_05.gt,51,200.0,86400.0,PTVRP_LAYERED_CONT_FIX,11637.0,8,1,0.0022,7,7,1,195,3.82353,,0,0,0,0,,,,,
Instances/Instances 3/berlin52_06.gt,51,500.0,86400.0,PTVRP_LAYERED_CONT_FIX,8113.0,3,1,0.0023,3,3,1,94,1.84314,,0,0,0,0,,,,,
Instances/Instances 3/berlin52_07.gt,51,1000.0,86400.0,PTVRP_LAYERED_CONT_FIX,7852.0,2,1,0.0022,2,2,1,66,1.29412,,0,0,0,0,,,,,
Instances/Instances 3/berlin52_08.gt,51,2000.0,86400.0,PTVRP_LAYERED_CONT_FIX,7803.0,1,1,0.0021,1,1,1,51,1.0,,0,0,0,0,,,,,
Instances/Instances 3/berlin52_09.gt,51,5000.0,86400.0,PTVRP_LAYERED_CONT_FIX,7803.0,1,1,0.0022,1,1,1,51,1.0,,0,0,0,0,,,,,
Instances/Instances 3/berlin52_10.gt,51,10000.0,86400.0,PTVRP_LAYERED_CONT_FIX,7803.0,1,1,0.0021,1,1,1,51,1.0,,0,0,0,0,,,,,
Instances/Instances 3/bier127_01.gt,126,10.0,86400.0,PTVRP_LAYERED_CONT_FIX,2372871.0,89,8,0.0027,307,26,8,1665,13.2143,,0,0,151,0,,,,,
Instances/Instances 3/bier127_02.gt,126,20.0,86400.0,PTVRP_LAYERED_CONT_FIX,1373509.0,77,5,0.0027,171,17,5,1283,10.1825,,0,0,156,0,,,,,
Instances/Instances 3/bier127_03.gt,126,50.0,86400.0,PTVRP_LAYERED_CONT_FIX,568887.0,63,3,0.0031,67,12,3,860,6.8254,,0,0,123,0,,,,,
Instances/Instances 3/bier127_04.gt,126,100.0,86400.0,PTVRP_LAYERED_CONT_FIX,338897.0,34,2,0.0025,32,7,2,557,4.42063,,0,0,95,0,,,,,
Instances/Instances 3/bier127_05.gt,126,200.0,86400.0,PTVRP_LAYERED_CONT_FIX,210471.0,19,1,0.0024,17,5,1,397,3.15079,,0,0,51,0,,,,,
Instances/Instances 3/bier127_06.gt,126,500.0,86400.0,PTVRP_LAYERED_CONT_FIX,148689.0,8,1,0.0023,7,3,1,250,1.98413,,0,0,79,0,,,,,
Instances/Instances 3/bier127_07.gt,126,1000.0,86400.0,PTVRP_LAYERED_CONT_FIX,128916.0,4,1,0.0022,4,2,1,154,1.22222,,0,0,3,0,,,,,
Instances/Instances 3/bier127_08.gt,126,2000.0,86400.0,PTVRP_LAYERED_CONT_FIX,126048.0,2,1,0.0026,2,1,1,126,1.0,,0,0,86,0,,,,,
Instances/Instances 3/bier127_09.gt,126,5000.0,86400.0,PTVRP_LAYERED_CONT_FIX,126048.0,2,1,0.0024,1,1,1,126,1.0,,0,0,86,0,,,,,
Instances/Instances 3/bier127_10.gt,126,10000.0,86400.0,PTVRP_LAYERED_CONT_FIX,126048.0,2,1,0.0024,1,1,1,126,1.0,,0,0,86,0,,,,,
Instances/Instances 3/bm33708_01.gt,33707,10.0,86400.0,PTVRP_LAYERED_CONT_FIX,NO SOLUTION,,,0.0682,85881,108,3,1024116,30.3829,,0,0,5,0,,,,,
Instances/Instances 3/bm33708_02.gt,33707,20.0,86400.0,PTVRP_LAYERED_CONT_FIX,266537121.0,9755,17,0.1221,42884,72,22,923581,27.4003,,0,0,265088,0,,,,,
Instances/Instances 3/bm33708_03.gt,33707,50.0,86400.0,PTVRP_LAYERED_CONT_FIX,107790242.0,6642,11,0.1059,17186,45,13,754081,22.3716,,1,0,424220,0,,,,,
Instances/Instances 3/bm33708_04.gt,33707,100.0,86400.0,PTVRP_LAYERED_CONT_FIX,54391979.0,4686,8,0.0891,8580,32,9,616222,18.2817,,0,0,525883,0,,,,,
Instances/Instances 3/bm33708_05.gt,33707,200.0,86400.0,PTVRP_LAYERED_CONT_FIX,27690303.0,3320,4,0.0748,4288,22,6,487453,14.4615,,1,0,547762,0,,,,,
Instances/Instances 3/bm33708_06.gt,33707,500.0,86400.0,PTVRP_LAYERED_CONT_FIX,11448729.0,1714,3,0.0585,1720,14,3,344042,10.2068,,0,0,359267,0,,,,,
Instances/Instances 3/bm33708_07.gt,33707,1000.0,86400.0,PTVRP_LAYERED_CONT_FIX,6155234.0,877,2,0.0478,861,10,3,257333,7.63441,,0,0,214455,0,,,,,
Instances/Instances 3/bm33708_08.gt,33707,2000.0,86400.0,PTVRP_LAYERED_CONT_FIX,3523371.0,439,1,0.0407,431,7,2,190486,5.65123,,0,0,114731,0,,,,,
Instances/Instances 3/bm33708_09.gt,33707,5000.0,86400.0,PTVRP_LAYERED_CONT_FIX,1960299.0,175,1,0.035,172,4,1,125103,3.71148,,0,0,48176,0,,,,,
Instances/Instances 3/bm33708_10.gt,33707,10000.0,86400.0,PTVRP_LAYERED_CONT_FIX,1445451.0,89,1,0.0315,86,3,1,92442,2.74252,,0,0,15564,0,,,,,
Instances/Instances 3/brd14051_01.gt,14050,10.0,86400.0,PTVRP_LAYERED_CONT_FIX,162296593.0,6002,23,0.0564,35770,82,26,495781,35.2869,,0,0,76416,0,,,,,
Instances/Instances 3/brd14051_02.gt,14050,20.0,86400.0,PTVRP_LAYERED_CONT_FIX,81057860.0,4037,19,0.0509,17767,60,19,433072,30.8236,,0,0,113902,0,,,,,
Instances/Instances 3/brd14051_03.gt,14050,50.0,86400.0,PTVRP_LAYERED_CONT_FIX,33079874.0,3002,9,0.0468,7141,41,12,339228,24.1443,,0,0,160851,0,,,,,
Instances/Instances 3/brd14051_04.gt,14050,100.0,86400.0,PTVRP_LAYERED_CONT_FIX,16930477.0,2162,8,0.0395,3579,30,8,268382,19.1019,,0,0,173046,0,,,,,
Instances/Instances 3/brd14051_05.gt,14050,200.0,86400.0,PTVRP_LAYERED_CONT_FIX,8649644.0,1512,3,0.0326,1793,22,5,206610,14.7053,,0,0,152917,0,,,,,
Instances/Instances 3/brd14051_06.gt,14050,500.0,86400.0,PTVRP_LAYERED_CONT_FIX,3670489.0,729,2,0.0244,716,14,3,140358,9.98989,,1,0,79164,0,,,,,
Instances/Instances 3/brd14051_07.gt,14050,1000.0,86400.0,PTVRP_LAYERED_CONT_FIX,2040231.0,370,1,0.0197,360,10,2,103796,7.38762,,0,0,39404,0,,,,,
Instances/Instances 3/brd14051_08.gt,14050,2000.0,86400.0,PTVRP_LAYERED_CONT_FIX,1247775.0,186,1,0.0167,181,7,1,74477,5.30085,,0,0,22460,0,,,,,
Instances/Instances 3/brd14051_09.gt,14050,5000.0,86400.0,PTVRP_LAYERED_CONT_FIX,768552.0,75,1,0.015,72,4,1,46393,3.30199,,0,0,2684,0,,,,,
Instances/Instances 3/brd14051_10.gt,14050,10000.0,86400.0,PTVRP_LAYERED_CONT_FIX,611852.0,39,1,0.0131,36,3,1,33200,2.36299,,0,0,6868,0,,,,,
Instances/Instances 3/ca4663_01.gt,4662,10.0,86400.0,PTVRP_LAYERED_CONT_FIX,NO SOLUTION,,,0.0069,11811,29,0,14894,3.19477,,0,0,1,0,,,,,
Instances/Instances 3/ca4663_02.gt,4662,20.0,86400.0,PTVRP_LAYERED_CONT_FIX,NO SOLUTION,,,0.0066,5919,20,4,18018,3.86486,,0,0,750,0,,,,,
Instances/Instances 3/ca4663_03.gt,4662,50.0,86400.0,PTVRP_LAYERED_CONT_FIX,NO SOLUTION,,,0.0067,2386,12,4,18120,3.88674,,0,0,8042,0,,,,,
Instances/Instances 3/ca4663_04.gt,4662,100.0,86400.0,PTVRP_LAYERED_CONT_FIX,NO SOLUTION,,,0.0064,1188,9,4,16469,3.5326,,0,0,12866,0,,,,,
Instances/Instances 3/ca4663_05.gt,4662,200.0,86400.0,PTVRP_LAYERED_CONT_FIX,NO SOLUTION,,,0.0066,590,6,3,14566,3.12441,,0,0,20052,0,,,,,
Instances/Instances 3/ca4663_06.gt,4662,500.0,86400.0,PTVRP_LAYERED_CONT_FIX,NO SOLUTION,,,0.0068,236,4,2,11637,2.49614,,0,0,28604,0,,,,,
Instances/Instances 3/ca4663_07.gt,4662,1000.0,86400.0,PTVRP_LAYERED_CONT_FIX,NO SOLUTION,,,0.0064,119,3,2,9793,2.1006,,0,0,38143,0,,,,,
Instances/Instances 3/ca4663_08.gt,4662,2000.0,86400.0,PTVRP_LAYERED_CONT_FIX,NO SOLUTION,,,0.0056,60,3,2,7780,1.66881,,0,0,32017,0,,,,,
Instances/Instances 3/ca4663_09.gt,4662,5000.0,86400.0,PTVRP_LAYERED_CONT_FIX,NO SOLUTION,,,0.0055,24,2,1,5165,1.10789,,0,0,19297,0,,,,,
Instances/Instances 3/ca4663_10.gt,4662,10000.0,86400.0,PTVRP_LAYERED_CONT_FIX,NO SOLUTION,,,0.0054,12,1,1,4662,1.0,,0,0,84932,0,,,,,
Instances/Instances 3/ch130_01.gt,129,10.0,86400.0,PTVRP_LAYERED_CONT_FIX,183001.0,90,9,0.0029,325,77,9,7086,54.9302,,0,0,228,0,,,,,
Instances/Instances 3/ch130_02.gt,129,20.0,86400.0,PTVRP_LAYERED_CONT_FIX,100776.0,73,8,0.0029,166,50,8,5020,38.9147,,0,0,194,0,,,,,
Instances/Instances 3/ch130_03.gt,129,50.0,86400.0,PTVRP_LAYERED_CONT_FIX,42446.0,53,3,0.0026,65,31,4,2859,22.1628,,0,0,117,0,,,,,
Instances/Instances 3/ch130_04.gt,129,100.0,86400.0,PTVRP_LAYERED_CONT_FIX,25835.0,36,2,0.0026,35,23,2,2068,16.031,,0,0,52,0,,,,,
Instances/Instances 3/ch130_05.gt,129,200.0,86400.0,PTVRP_LAYERED_CONT_FIX,13769.0,19,1,0.0024,16,15,1,1089,8.44186,,0,0,12,0,,,,,
Instances/Instances 3/ch130_06.gt,129,500.0,86400.0,PTVRP_LAYERED_CONT_FIX,8377.0,7,1,0.0023,7,7,1,471,3.65116,,0,0,0,0,,,,,
Instances/Instances 3/ch130_07.gt,129,1000.0,86400.0,PTVRP_LAYERED_CONT_FIX,6937.0,4,1,0.0024,4,4,1,276,2.13953,,0,0,0,0,,,,,
Instances/Instances 3/ch130_08.gt,129,2000.0,86400.0,PTVRP_LAYERED_CONT_FIX,6675.0,3,1,0.0022,2,2,1,185,1.43411,,0,0,0,0,,,,,
Instances/Instances 3/ch130_09.gt,129,5000.0,86400.0,PTVRP_LAYERED_CONT_FIX,6291.0,1,1,0.0022,1,1,1,129,1.0,,0,0,0,0,,,,,
Instances/Instances 3/ch130_10.gt,129,10000.0,86400.0,PTVRP_LAYERED_CONT_FIX,6291.0,1,1,0.0022,1,1,1,129,1.0,,0,0,0,0,,,,,
Instances/Instances 3/ch150_01.gt,149,10.0,86400.0,PTVRP_LAYERED_CONT_FIX,236822.0,98,11,0.0029,407,77,11,9034,60.6309,,0,0,318,0,,,,,
Instances/Instances 3/ch150_02.gt,149,20.0,86400.0,PTVRP_LAYERED_CONT_FIX,109287.0,74,7,0.0028,174,49,7,5745,38.557,,0,0,248,0,,,,,
Instances/Instances 3/ch150_03.gt,149,50.0,86400.0,PTVRP_LAYERED_CONT_FIX,47621.0,61,4,0.0028,73,32,4,3575,23.9933,,0,0,142,0,,,,,
Instances/Instances 3/ch150_04.gt,149,100.0,86400.0,PTVRP_LAYERED_CONT_FIX,27859.0,42,2,0.0025,38,23,3,2406,16.1477,,0,0,95,0,,,,,
Instances/Instances 3/ch150_05.gt,149,200.0,86400.0,PTVRP_LAYERED_CONT_FIX,16292.0,23,1,0.0024,21,16,1,1498,10.0537,,0,0,10,0,,,,,
Instances/Instances 3/ch150_06.gt,149,500.0,86400.0,PTVRP_LAYERED_CONT_FIX,9718.0,8,1,0.0024,8,8,1,648,4.34899,,0,0,0,0,,,,,
Instances/Instances 3/ch150_07.gt,149,1000.0,86400.0,PTVRP_LAYERED_CONT_FIX,8117.0,5,1,0.0022,4,4,1,368,2.4698,,0,0,0,0,,,,,
Instances/Instances 3/ch150_08.gt,149,2000.0,86400.0,PTVRP_LAYERED_CONT_FIX,7633.0,3,1,0.0022,2,2,1,220,1.47651,,0,0,0,0,,,,,
Instances/Instances 3/ch150_09.gt,149,5000.0,86400.0,PTVRP_LAYERED_CONT_FIX,7281.0,1,1,0.0023,1,1,1,149,1.0,,0,0,0,0,,,,,
Instances/Instances 3/ch150_10.gt,149,10000.0,86400.0,PTVRP_LAYERED_CONT_FIX,7281.0,1,1,0.0022,1,1,1,149,1.0,,0,0,0,0,,,,,
Instances/Instances 3/ch71009_01.gt,71008,10.0,86400.0,PTVRP_LAYERED_CONT_FIX,NO SOLUTION,,,0.091,180818,60,0,859342,12.102,,0,0,1,0,,,,,
Instances/Instances 3/ch71009_02.gt,71008,20.0,86400.0,PTVRP_LAYERED_CONT_FIX,NO SOLUTION,,,0.0945,90460,46,2,856428,12.061,,0,0,7,0,,,,,
Instances/Instances 3/ch71009_03.gt,71008,50.0,86400.0,PTVRP_LAYERED_CONT_FIX,642210909.0,18641,10,0.1907,36171,30,11,780705,10.9946,,0,0,576086,0,,,,,
Instances/Instances 3/ch71009_04.gt,71008,100.0,86400.0,PTVRP_LAYERED_CONT_FIX,315639950.0,10125,7,0.1485,18088,23,8,686146,9.66294,,1,0,874805,0,,,,,
Instances/Instances 3/ch71009_05.gt,71008,200.0,86400.0,PTVRP_LAYERED_CONT_FIX,157462984.0,6771,5,0.1281,9057,17,6,582671,8.20571,,0,0,1174181,0,,,,,
Instances/Instances 3/ch71009_06.gt,71008,500.0,86400.0,PTVRP_LAYERED_CONT_FIX,64708115.0,3502,3,0.1029,3617,11,4,444447,6.25911,,1,0,1209997,0,,,,,
Instances/Instances 3/ch71009_07.gt,71008,1000.0,86400.0,PTVRP_LAYERED_CONT_FIX,34240606.0,1836,2,0.091,1809,8,3,348536,4.9084,,1,0,910209,0,,,,,
Instances/Instances 3/ch71009_08.gt,71008,2000.0,86400.0,PTVRP_LAYERED_CONT_FIX,19393780.0,923,1,0.079,906,6,2,265059,3.7328,,0,0,790607,0,,,,,
Instances/Instances 3/ch71009_09.gt,71008,5000.0,86400.0,PTVRP_LAYERED_CONT_FIX,10900388.0,377,1,0.0693,363,4,2,180315,2.53936,,0,0,430117,0,,,,,
Instances/Instances 3/ch71009_10.gt,71008,10000.0,86400.0,PTVRP_LAYERED_CONT_FIX,8260494.0,204,1,0.0621,181,3,1,138249,1.94695,,0,0,405067,0,,,,,
Instances/Instances 3/d1291_01.gt,1290,10.0,86400.0,PTVRP_LAYERED_CONT_FIX,7047490.0,626,18,0.009,3459,83,24,67286,52.1597,,0,0,7051,0,,,,,
Instances/Instances 3/d1291_02.gt,1290,20.0,86400.0,PTVRP_LAYERED_CONT_FIX,3267831.0,493,10,0.0079,1581,60,13,51750,40.1163,,0,0,8533,0,,,,,
Instances/Instances 3/d1291_03.gt,1290,50.0,86400.0,PTVRP_LAYERED_CONT_FIX,1416470.0,377,7,0.007,664,38,8,36869,28.5806,,0,0,8781,0,,,,,
Instances/Instances 3/d1291_04.gt,1290,100.0,86400.0,PTVRP_LAYERED_CONT_FIX,719650.0,257,3,0.006,327,27,5,26899,20.8519,,0,0,6771,0,,,,,
Instances/Instances 3/d1291_05.gt,1290,200.0,86400.0,PTVRP_LAYERED_CONT_FIX,383574.0,169,3,0.0051,164,19,3,19378,15.0217,,0,0,4216,0,,,,,
Instances/Instances 3/d1291_06.gt,1290,500.0,86400.0,PTVRP_LAYERED_CONT_FIX,177362.0,69,1,0.0041,66,12,2,12349,9.57287,,0,0,2302,0,,,,,
Instances/Instances 3/d1291_07.gt,1290,1000.0,86400.0,PTVRP_LAYERED_CONT_FIX,109939.0,35,1,0.0036,33,8,1,8625,6.68605,,0,0,2119,0,,,,,
Instances/Instances 3/d1291_08.gt,1290,2000.0,86400.0,PTVRP_LAYERED_CONT_FIX,78524.0,18,1,0.0035,17,6,1,5941,4.60543,,0,0,983,0,,,,,
Instances/Instances 3/d1291_09.gt,1290,5000.0,86400.0,PTVRP_LAYERED_CONT_FIX,61034.0,8,1,0.0032,7,4,1,3420,2.65116,,0,0,367,0,,,,,
Instances/Instances 3/d1291_10.gt,1290,10000.0,86400.0,PTVRP_LAYERED_CONT_FIX,56230.0,5,1,0.0031,4,2,1,2183,1.69225,,0,0,0,0,,,,,
Instances/Instances 3/d15112_01.gt,15111,10.0,86400.0,PTVRP_LAYERED_CONT_FIX,NO SOLUTION,,,0.0207,38410,56,0,203661,13.4777,,0,0,1,0,,,,,
Instances/Instances 3/d15112_02.gt,15111,20.0,86400.0,PTVRP_LAYERED_CONT_FIX,272296027.0,6790,13,0.0535,19381,44,13,192603,12.7459,,0,0,58876,0,,,,,
Instances/Instances 3/d15112_03.gt,15111,50.0,86400.0,PTVRP_LAYERED_CONT_FIX,105793970.0,3837,8,0.0394,7664,25,8,162713,10.7679,,0,0,100220,0,,,,,
Instances/Instances 3/d15112_04.gt,15111,100.0,86400.0,PTVRP_LAYERED_CONT_FIX,53894103.0,2382,5,0.0313,3859,18,6,136054,9.00364,,0,0,135275,0,,,,,
Instances/Instances 3/d15112_05.gt,15111,200.0,86400.0,PTVRP_LAYERED_CONT_FIX,27369384.0,1648,4,0.0271,1915,13,5,109131,7.22196,,0,0,150797,0,,,,,
Instances/Instances 3/d15112_06.gt,15111,500.0,86400.0,PTVRP_LAYERED_CONT_FIX,11772286.0,796,2,0.0211,777,8,3,78659,5.20541,,0,0,113900,0,,,,,
Instances/Instances 3/d15112_07.gt,15111,1000.0,86400.0,PTVRP_LAYERED_CONT_FIX,6542826.0,398,1,0.0175,387,6,2,59594,3.94375,,0,0,84552,0,,,,,
Instances/Instances 3/d15112_08.gt,15111,2000.0,86400.0,PTVRP_LAYERED_CONT_FIX,4011562.0,200,1,0.0154,194,4,1,44981,2.97671,,0,0,56883,0,,,,,
Instances/Instances 3/d15112_09.gt,15111,5000.0,86400.0,PTVRP_LAYERED_CONT_FIX,2521389.0,82,1,0.0135,78,3,1,30133,1.99411,,0,0,38632,0,,,,,
Instances/Instances 3/d15112_10.gt,15111,10000.0,86400.0,PTVRP_LAYERED_CONT_FIX,2015105.0,41,1,0.0125,39,2,1,20456,1.35372,,0,0,9132,0,,,,,
Instances/Instances 3/d1655_01.gt,1654,10.0,86400.0,PTVRP_LAYERED_CONT_FIX,8436092.0,810,19,0.0104,4183,84,22,85163,51.4891,,0,0,9463,0,,,,,
Instances/Instances 3/d1655_02.gt,1654,20.0,86400.0,PTVRP_LAYERED_CONT_FIX,4471021.0,594,12,0.0094,2148,64,14,67990,41.1064,,0,0,11204,0,,,,,
Instances/Instances 3/d1655_03.gt,1654,50.0,86400.0,PTVRP_LAYERED_CONT_FIX,1777148.0,464,7,0.0085,834,37,8,47398,28.6566,,0,0,11204,0,,,,,
Instances/Instances 3/d1655_04.gt,1654,100.0,86400.0,PTVRP_LAYERED_CONT_FIX,925568.0,300,4,0.0069,420,27,5,35056,21.1947,,0,0,8758,0,,,,,
Instances/Instances 3/d1655_05.gt,1654,200.0,86400.0,PTVRP_LAYERED_CONT_FIX,485977.0,198,2,0.0058,211,19,4,25472,15.4002,,0,0,4961,0,,,,,
Instances/Instances 3/d1655_06.gt,1654,500.0,86400.0,PTVRP_LAYERED_CONT_FIX,225433.0,89,1,0.0053,85,12,2,16225,9.80955,,0,0,1920,0,,,,,
Instances/Instances 3/d1655_07.gt,1654,1000.0,86400.0,PTVRP_LAYERED_CONT_FIX,141378.0,46,1,0.0042,43,8,1,11512,6.9601,,0,0,1339,0,,,,,
Instances/Instances 3/d1655_08.gt,1654,2000.0,86400.0,PTVRP_LAYERED_CONT_FIX,99160.0,24,1,0.004,22,6,1,7878,4.763,,0,0,1000,0,,,,,
Instances/Instances 3/d1655_09.gt,1654,5000.0,86400.0,PTVRP_LAYERED_CONT_FIX,74894.0,11,1,0.0036,9,4,1,4734,2.86215,,0,0,653,0,,,,,
Instances/Instances 3/d1655_10.gt,1654,10000.0,86400.0,PTVRP_LAYERED_CONT_FIX,67599.0,5,1,0.0035,5,3,1,3186,1.92624,,0,0,473,0,,,,,
Instances/Instances 3/d18512_01.gt,18511,10.0,86400.0,PTVRP_LAYERED_CONT_FIX,231120636.0,8019,22,0.0735,47400,86,27,598357,32.3244,,0,0,95353,0,,,,,
Instances/Instances 3/d18512_02.gt,18511,20.0,86400.0,PTVRP_LAYERED_CONT_FIX,115151869.0,5273,18,0.0684,23462,60,18,529873,28.6248,,0,0,146262,0,,,,,
Instances/Instances 3/d18512_03.gt,18511,50.0,86400.0,PTVRP_LAYERED_CONT_FIX,47512090.0,3953,10,0.0593,9465,38,14,421187,22.7533,,0,0,213650,0,,,,,
Instances/Instances 3/d18512_04.gt,18511,100.0,86400.0,PTVRP_LAYERED_CONT_FIX,24042189.0,2869,6,0.0499,4717,27,8,336735,18.1911,,0,0,240806,0,,,,,
Instances/Instances 3/d18512_05.gt,18511,200.0,86400.0,PTVRP_LAYERED_CONT_FIX,12297824.0,1959,3,0.0418,2363,20,5,260965,14.0978,,0,0,214483,0,,,,,
Instances/Instances 3/d18512_06.gt,18511,500.0,86400.0,PTVRP_LAYERED_CONT_FIX,5204128.0,960,2,0.0316,946,13,3,179208,9.68116,,0,0,115333,0,,,,,
Instances/Instances 3/d18512_07.gt,18511,1000.0,86400.0,PTVRP_LAYERED_CONT_FIX,2864202.0,482,1,0.0267,470,9,2,131792,7.11966,,0,0,56461,0,,,,,
Instances/Instances 3/d18512_08.gt,18511,2000.0,86400.0,PTVRP_LAYERED_CONT_FIX,1744047.0,245,1,0.0221,237,7,2,95778,5.17411,,0,0,27405,0,,,,,
Instances/Instances 3/d18512_09.gt,18511,5000.0,86400.0,PTVRP_LAYERED_CONT_FIX,1075475.0,100,1,0.0189,96,4,1,61092,3.30031,,0,0,6864,0,,,,,
Instances/Instances 3/d18512_10.gt,18511,10000.0,86400.0,PTVRP_LAYERED_CONT_FIX,852236.0,50,1,0.0169,48,3,1,43147,2.33088,,0,0,8568,0,,,,,
Instances/Instances 3/d198_01.gt,197,10.0,86400.0,PTVRP_LAYERED_CONT_FIX,755350.0,122,11,0.0035,521,74,15,9656,49.0152,,0,0,605,0,,,,,
Instances/Instances 3/d198_02.gt,197,20.0,86400.0,PTVRP_LAYERED_CONT_FIX,408690.0,91,8,0.003,259,54,8,6937,35.2132,,0,0,555,0,,,,,
Instances/Instances 3/d198_03.gt,197,50.0,86400.0,PTVRP_LAYERED_CONT_FIX,170605.0,83,4,0.0029,105,33,4,4144,21.0355,,0,0,402,0,,,,,
Instances/Instances 3/d198_04.gt,197,100.0,86400.0,PTVRP_LAYERED_CONT_FIX,90414.0,49,2,0.0027,53,21,4,2716,13.7868,,0,0,230,0,,,,,
Instances/Instances 3/d198_05.gt,197,200.0,86400.0,PTVRP_LAYERED_CONT_FIX,49883.0,28,1,0.0025,26,14,3,1856,9.42132,,0,0,185,0,,,,,
Instances/Instances 3/d198_06.gt,197,500.0,86400.0,PTVRP_LAYERED_CONT_FIX,27714.0,11,1,0.0023,10,8,1,1012,5.13706,,0,0,58,0,,,,,
Instances/Instances 3/d198_07.gt,197,1000.0,86400.0,PTVRP_LAYERED_CONT_FIX,20371.0,6,1,0.0023,5,5,1,599,3.04061,,0,0,0,0,,,,,
Instances/Instances 3/d198_08.gt,197,2000.0,86400.0,PTVRP_LAYERED_CONT_FIX,17786.0,3,1,0.0024,3,3,1,363,1.84264,,0,0,0,0,,,,,
Instances/Instances 3/d198_09.gt,197,5000.0,86400.0,PTVRP_LAYERED_CONT_FIX,17527.0,1,1,0.0023,1,1,1,197,1.0,,0,0,0,0,,,,,
Instances/Instances 3/d198_10.gt,197,10000.0,86400.0,PTVRP_LAYERED_CONT_FIX,17527.0,1,1,0.0023,1,1,1,197,1.0,,0,0,0,0,,,,,
Instances/Instances 3/d2103_01.gt,2102,10.0,86400.0,PTVRP_LAYERED_CONT_FIX,12997338.0,986,20,0.013,5444,78,21,99772,47.4653,,0,0,12147,0,,,,,
Instances/Instances 3/d2103_02.gt,2102,20.0,86400.0,PTVRP_LAYERED_CONT_FIX,6550658.0,765,14,0.0108,2693,53,14,80647,38.3668,,0,0,15428,0,,,,,
Instances/Instances 3/d2103_03.gt,2102,50.0,86400.0,PTVRP_LAYERED_CONT_FIX,2749274.0,589,8,0.0095,1094,35,8,57900,27.5452,,0,0,15821,0,,,,,
Instances/Instances 3/d2103_04.gt,2102,100.0,86400.0,PTVRP_LAYERED_CONT_FIX,1380591.0,394,4,0.0079,538,27,5,43032,20.4719,,0,0,12477,0,,,,,
Instances/Instances 3/d2103_05.gt,2102,200.0,86400.0,PTVRP_LAYERED_CONT_FIX,722504.0,260,2,0.0067,269,19,4,31579,15.0233,,0,0,10215,0,,,,,
Instances/Instances 3/d2103_06.gt,2102,500.0,86400.0,PTVRP_LAYERED_CONT_FIX,324497.0,111,2,0.0055,109,12,2,20576,9.78877,,0,0,5654,0,,,,,
Instances/Instances 3/d2103_07.gt,2102,1000.0,86400.0,PTVRP_LAYERED_CONT_FIX,201444.0,57,1,0.0045,55,8,1,14560,6.92674,,0,0,3262,0,,,,,
Instances/Instances 3/d2103_08.gt,2102,2000.0,86400.0,PTVRP_LAYERED_CONT_FIX,133949.0,32,1,0.0041,28,6,1,10275,4.8882,,0,0,2821,0,,,,,
Instances/Instances 3/d2103_09.gt,2102,5000.0,86400.0,PTVRP_LAYERED_CONT_FIX,100359.0,12,1,0.0038,11,4,1,6319,3.00618,,0,0,1382,0,,,,,
Instances/Instances 3/d2103_10.gt,2102,10000.0,86400.0,PTVRP_LAYERED_CONT_FIX,91308.0,6,1,0.0037,6,3,1,4607,2.19172,,0,0,2126,0,,,,,
Instances/Instances 3/d493_01.gt,492,10.0,86400.0,PTVRP_LAYERED_CONT_FIX,1861604.0,288,15,0.0046,1259,81,15,24673,50.1484,,0,0,1767,0,,,,,
Instances/Instances 3/d493_02.gt,492,20.0,86400.0,PTVRP_LAYERED_CONT_FIX,929771.0,227,11,0.0043,598,54,11,17883,36.3476,,0,0,1736,0,,,,,
Instances/Instances 3/d493_03.gt,492,50.0,86400.0,PTVRP_LAYERED_CONT_FIX,405994.0,184,4,0.0039,252,37,5,11961,24.311,,0,0,1384,0,,,,,
Instances/Instances 3/d493_04.gt,492,100.0,86400.0,PTVRP_LAYERED_CONT_FIX,215511.0,122,3,0.0036,126,24,4,8593,17.4654,,0,0,838,0,,,,,
Instances/Instances 3/d493_05.gt,492,200.0,86400.0,PTVRP_LAYERED_CONT_FIX,121988.0,66,2,0.003,64,17,2,6044,12.2846,,0,0,450,0,,,,,
Instances/Instances 3/d493_06.gt,492,500.0,86400.0,PTVRP_LAYERED_CONT_FIX,67997.0,30,1,0.0029,26,11,1,3742,7.60569,,0,0,163,0,,,,,
Instances/Instances 3/d493_07.gt,492,1000.0,86400.0,PTVRP_LAYERED_CONT_FIX,50723.0,14,1,0.0026,14,7,1,2474,5.02846,,0,0,32,0,,,,,
Instances/Instances 3/d493_08.gt,492,2000.0,86400.0,PTVRP_LAYERED_CONT_FIX,42184.0,7,1,0.0025,6,4,1,1484,3.01626,,0,0,0,0,,,,,
Instances/Instances 3/d493_09.gt,492,5000.0,86400.0,PTVRP_LAYERED_CONT_FIX,38646.0,4,1,0.0026,3,3,1,905,1.83943,,0,0,0,0,,,,,
Instances/Instances 3/d493_10.gt,492,10000.0,86400.0,PTVRP_LAYERED_CONT_FIX,37916.0,2,1,0.0024,2,2,1,584,1.18699,,0,0,0,0,,,,,
Instances/Instances 3/d657_01.gt,656,10.0,86400.0,PTVRP_LAYERED_CONT_FIX,3276262.0,382,13,0.0052,1645,66,15,26983,41.1326,,0,0,2410,0,,,,,
Instances/Instances 3/d657_02.gt,656,20.0,86400.0,PTVRP_LAYERED_CONT_FIX,1727859.0,282,10,0.0048,830,41,10,20785,31.6845,,0,0,2531,0,,,,,
Instances/Instances 3/d657_03.gt,656,50.0,86400.0,PTVRP_LAYERED_CONT_FIX,730947.0,228,5,0.0044,332,26,6,13972,21.2988,,0,0,2271,0,,,,,
Instances/Instances 3/d657_04.gt,656,100.0,86400.0,PTVRP_LAYERED_CONT_FIX,393602.0,150,3,0.0038,170,20,4,10122,15.4299,,0,0,1470,0,,,,,
Instances/Instances 3/d657_05.gt,656,200.0,86400.0,PTVRP_LAYERED_CONT_FIX,215306.0,88,2,0.0033,87,13,2,7242,11.0396,,0,0,805,0,,,,,
Instances/Instances 3/d657_06.gt,656,500.0,86400.0,PTVRP_LAYERED_CONT_FIX,107647.0,36,1,0.0037,33,8,1,4388,6.68902,,0,0,235,0,,,,,
Instances/Instances 3/d657_07.gt,656,1000.0,86400.0,PTVRP_LAYERED_CONT_FIX,76768.0,19,1,0.0031,17,6,1,3026,4.6128,,0,0,81,0,,,,,
Instances/Instances 3/d657_08.gt,656,2000.0,86400.0,PTVRP_LAYERED_CONT_FIX,62372.0,10,1,0.0028,9,4,1,2156,3.28659,,0,0,0,0,,,,,
Instances/Instances 3/d657_09.gt,656,5000.0,86400.0,PTVRP_LAYERED_CONT_FIX,53349.0,4,1,0.0029,4,3,1,1186,1.80793,,0,0,132,0,,,,,
Instances/Instances 3/d657_10.gt,656,10000.0,86400.0,PTVRP_LAYERED_CONT_FIX,52507.0,2,1,0.0027,2,2,1,934,1.42378,,0,0,0,0,,,,,
Instances/Instances 3/dj38_01.gt,37,10.0,86400.0,PTVRP_LAYERED_CONT_FIX,124396.0,31,15,0.0025,101,42,15,1108,29.9459,,0,0,32,0,,,,,
Instances/Instances 3/dj38_02.gt,37,20.0,86400.0,PTVRP_LAYERED_CONT_FIX,64157.0,25,6,0.0024,51,29,6,718,19.4054,,0,0,27,0,,,,,
Instances/Instances 3/dj38_03.gt,37,50.0,86400.0,PTVRP_LAYERED_CONT_FIX,28160.0,25,2,0.0026,21,18,2,419,11.3243,,0,0,15,0,,,,,
Instances/Instances 3/dj38_04.gt,37,100.0,86400.0,PTVRP_LAYERED_CONT_FIX,15411.0,11,1,0.0023,9,9,2,165,4.45946,,0,0,0,0,,,,,
Instances/Instances 3/dj38_05.gt,37,200.0,86400.0,PTVRP_LAYERED_CONT_FIX,10734.0,6,1,0.0023,5,5,1,104,2.81081,,0,0,0,0,,,,,
Instances/Instances 3/dj38_06.gt,37,500.0,86400.0,PTVRP_LAYERED_CONT_FIX,8070.0,2,1,0.0025,2,2,1,51,1.37838,,0,0,0,0,,,,,
Instances/Instances 3/dj38_07.gt,37,1000.0,86400.0,PTVRP_LAYERED_CONT_FIX,8070.0,2,1,0.0023,2,2,1,40,1.08108,,0,0,0,0,,,,,
Instances/Instances 3/dj38_08.gt,37,2000.0,86400.0,PTVRP_LAYERED_CONT_FIX,8048.0,1,1,0.0023,1,1,1,37,1.0,,0,0,0,0,,,,,
Instances/Instances 3/dj38_09.gt,37,5000.0,86400.0,PTVRP_LAYERED_CONT_FIX,8048.0,1,1,0.0025,1,1,1,37,1.0,,0,0,0,0,,,,,
Instances/Instances 3/dj38_10.gt,37,10000.0,86400.0,PTVRP_LAYERED_CONT_FIX,8048.0,1,1,0.0023,1,1,1,37,1.0,,0,0,0,0,,,,,
Instances/Instances 3/eg7146_01.gt,7145,10.0,86400.0,PTVRP_LAYERED_CONT_FIX,56520751.0,2898,27,0.0371,18149,111,32,396383,55.477,,0,0,55864,0,,,,,
Instances/Instances 3/eg7146_02.gt,7145,20.0,86400.0,PTVRP_LAYERED_CONT_FIX,28073479.0,2042,16,0.0335,9068,82,27,335957,47.0199,,0,0,78176,0,,,,,
Instances/Instances 3/eg7146_03.gt,7145,50.0,86400.0,PTVRP_LAYERED_CONT_FIX,11583407.0,1548,9,0.0297,3654,53,11,252966,35.4046,,1,0,100905,0,,,,,
Instances/Instances 3/eg7146_04.gt,7145,100.0,86400.0,PTVRP_LAYERED_CONT_FIX,5804540.0,1063,6,0.026,1810,38,8,195505,27.3625,,0,0,101049,0,,,,,
Instances/Instances 3/eg7146_05.gt,7145,200.0,86400.0,PTVRP_LAYERED_CONT_FIX,3008147.0,747,4,0.0207,915,28,6,148227,20.7456,,0,0,83584,0,,,,,
Instances/Instances 3/eg7146_06.gt,7145,500.0,86400.0,PTVRP_LAYERED_CONT_FIX,1271420.0,370,2,0.0149,362,18,4,97902,13.7022,,0,0,41620,0,,,,,
Instances/Instances 3/eg7146_07.gt,7145,1000.0,86400.0,PTVRP_LAYERED_CONT_FIX,716363.0,190,1,0.0123,185,13,2,71496,10.0064,,0,0,19158,0,,,,,
Instances/Instances 3/eg7146_08.gt,7145,2000.0,86400.0,PTVRP_LAYERED_CONT_FIX,437220.0,94,1,0.0103,92,9,2,50512,7.06956,,0,0,8141,0,,,,,
Instances/Instances 3/eg7146_09.gt,7145,5000.0,86400.0,PTVRP_LAYERED_CONT_FIX,272828.0,38,1,0.0085,37,6,1,31296,4.38013,,0,0,1577,0,,,,,
Instances/Instances 3/eg7146_10.gt,7145,10000.0,86400.0,PTVRP_LAYERED_CONT_FIX,223307.0,20,1,0.0078,19,4,1,22950,3.21204,,0,0,528,0,,,,,
Instances/Instances 3/ei8246_01.gt,8245,10.0,86400.0,PTVRP_LAYERED_CONT_FIX,57072244.0,3383,24,0.0395,21129,109,25,409838,49.7075,,0,0,55298,0,,,,,
Instances/Instances 3/ei8246_02.gt,8245,20.0,86400.0,PTVRP_LAYERED_CONT_FIX,28746376.0,2514,18,0.0375,10489,72,19,342924,41.5918,,0,0,76215,0,,,,,
Instances/Instances 3/ei8246_03.gt,8245,50.0,86400.0,PTVRP_LAYERED_CONT_FIX,11774658.0,1887,9,0.0333,4215,44,11,255880,31.0346,,1,0,94239,0,,,,,
Instances/Instances 3/ei8246_04.gt,8245,100.0,86400.0,PTVRP_LAYERED_CONT_FIX,5992487.0,1319,5,0.0274,2098,31,6,196224,23.7992,,0,0,89292,0,,,,,
Instances/Instances 3/ei8246_05.gt,8245,200.0,86400.0,PTVRP_LAYERED_CONT_FIX,3085049.0,949,3,0.0223,1052,21,4,147316,17.8673,,0,0,64835,0,,,,,
Instances/Instances 3/ei8246_06.gt,8245,500.0,86400.0,PTVRP_LAYERED_CONT_FIX,1324683.0,434,2,0.017,421,14,2,98213,11.9118,,0,0,26663,0,,,,,
Instances/Instances 3/ei8246_07.gt,8245,1000.0,86400.0,PTVRP_LAYERED_CONT_FIX,754549.0,219,1,0.0141,212,10,2,71344,8.653,,0,0,11615,0,,,,,
Instances/Instances 3/ei8246_08.gt,8245,2000.0,86400.0,PTVRP_LAYERED_CONT_FIX,471952.0,108,1,0.0127,105,7,1,50087,6.07483,,0,0,4654,0,,,,,
Instances/Instances 3/ei8246_09.gt,8245,5000.0,86400.0,PTVRP_LAYERED_CONT_FIX,307174.0,46,1,0.0109,43,4,1,31791,3.85579,,0,0,0,0,,,,,
Instances/Instances 3/ei8246_10.gt,8245,10000.0,86400.0,PTVRP_LAYERED_CONT_FIX,251520.0,23,1,0.0097,21,3,1,23496,2.84973,,0,0,78,0,,,,,
Instances/Instances 3/eil101_01.gt,100,10.0,86400.0,PTVRP_LAYERED_CONT_FIX,15232.0,73,12,0.003,266,193,12,12553,125.53,,0,0,48,0,,,,,
Instances/Instances 3/eil101_02.gt,100,20.0,86400.0,PTVRP_LAYERED_CONT_FIX,7407.0,62,4,0.0027,128,128,4,6390,63.9,,0,0,0,0,,,,,
Instances/Instances 3/eil101_03.gt,100,50.0,86400.0,PTVRP_LAYERED_CONT_FIX,3441.0,52,2,0.0025,52,52,3,2646,26.46,,0,0,0,0,,,,,
Instances/Instances 3/eil101_04.gt,100,100.0,86400.0,PTVRP_LAYERED_CONT_FIX,1815.0,29,1,0.0023,25,25,2,1254,12.54,,0,0,0,0,,,,,
Instances/Instances 3/eil101_05.gt,100,200.0,86400.0,PTVRP_LAYERED_CONT_FIX,1232.0,17,1,0.0023,15,15,1,736,7.36,,0,0,0,0,,,,,
Instances/Instances 3/eil101_06.gt,100,500.0,86400.0,PTVRP_LAYERED_CONT_FIX,790.0,7,1,0.0021,5,5,1,294,2.94,,0,0,0,0,,,,,
Instances/Instances 3/eil101_07.gt,100,1000.0,86400.0,PTVRP_LAYERED_CONT_FIX,709.0,5,1,0.0022,3,3,1,181,1.81,,0,0,0,0,,,,,
Instances/Instances 3/eil101_08.gt,100,2000.0,86400.0,PTVRP_LAYERED_CONT_FIX,664.0,3,1,0.0022,2,2,1,120,1.2,,0,0,0,0,,,,,
Instances/Instances 3/eil101_09.gt,100,5000.0,86400.0,PTVRP_LAYERED_CONT_FIX,652.0,2,1,0.0023,1,1,1,100,1.0,,0,0,0,0,,,,,
Instances/Instances 3/eil101_10.gt,100,10000.0,86400.0,PTVRP_LAYERED_CONT_FIX,652.0,2,1,0.0022,1,1,1,100,1.0,,0,0,0,0,,,,,
Instances/Instances 3/eil51_01.gt,50,10.0,86400.0,PTVRP_LAYERED_CONT_FIX,6400.0,44,9,0.0024,121,121,9,3110,62.2,,0,0,0,0,,,,,
Instances/Instances 3/eil51_02.gt,50,20.0,86400.0,PTVRP_LAYERED_CONT_FIX,3959.0,38,4,0.0025,64,64,4,1630,32.6,,0,0,0,0,,,,,
Instances/Instances 3/eil51_03.gt,50,50.0,86400.0,PTVRP_LAYERED_CONT_FIX,1584.0,28,2,0.0023,27,27,2,675,13.5,,0,0,0,0,,,,,
Instances/Instances 3/eil51_04.gt,50,100.0,86400.0,PTVRP_LAYERED_CONT_FIX,1016.0,16,1,0.0022,13,13,1,368,7.36,,0,0,0,0,,,,,
Instances/Instances 3/eil51_05.gt,50,200.0,86400.0,PTVRP_LAYERED_CONT_FIX,573.0,6,1,0.0023,5,5,1,137,2.74,,0,0,0,0,,,,,
Instances/Instances 3/eil51_06.gt,50,500.0,86400.0,PTVRP_LAYERED_CONT_FIX,499.0,3,1,0.0023,3,3,1,87,1.74,,0,0,0,0,,,,,
Instances/Instances 3/eil51_07.gt,50,1000.0,86400.0,PTVRP_LAYERED_CONT_FIX,456.0,2,1,0.0022,2,2,1,62,1.24,,0,0,0,0,,,,,
Instances/Instances 3/eil51_08.gt,50,2000.0,86400.0,PTVRP_LAYERED_CONT_FIX,442.0,1,1,0.0022,1,1,1,50,1.0,,0,0,0,0,,,,,
Instances/Instances 3/eil51_09.gt,50,5000.0,86400.0,PTVRP_LAYERED_CONT_FIX,442.0,1,1,0.0022,1,1,1,50,1.0,,0,0,0,0,,,,,
Instances/Instances 3/eil51_10.gt,50,10000.0,86400.0,PTVRP_LAYERED_CONT_FIX,442.0,1,1,0.0022,1,1,1,50,1.0,,0,0,0,0,,,,,
Instances/Instances 3/eil76_01.gt,75,10.0,86400.0,PTVRP_LAYERED_CONT_FIX,9893.0,62,8,0.0027,187,169,8,6954,92.72,,0,0,14,0,,,,,
Instances/Instances 3/eil76_02.gt,75,20.0,86400.0,PTVRP_LAYERED_CONT_FIX,5462.0,47,5,0.0025,95,95,5,3491,46.5467,,0,0,0,0,,,,,
Instances/Instances 3/eil76_03.gt,75,50.0,86400.0,PTVRP_LAYERED_CONT_FIX,2346.0,40,2,0.0025,35,35,2,1438,19.1733,,0,0,0,0,,,,,
Instances/Instances 3/eil76_04.gt,75,100.0,86400.0,PTVRP_LAYERED_CONT_FIX,1376.0,22,1,0.0023,19,19,1,731,9.74667,,0,0,0,0,,,,,
Instances/Instances 3/eil76_05.gt,75,200.0,86400.0,PTVRP_LAYERED_CONT_FIX,954.0,11,1,0.0022,10,10,1,420,5.6,,0,0,0,0,,,,,
Instances/Instances 3/eil76_06.gt,75,500.0,86400.0,PTVRP_LAYERED_CONT_FIX,639.0,4,1,0.0023,4,4,1,167,2.22667,,0,0,0,0,,,,,
Instances/Instances 3/eil76_07.gt,75,1000.0,86400.0,PTVRP_LAYERED_CONT_FIX,600.0,3,1,0.0022,3,3,1,122,1.62667,,0,0,0,0,,,,,
Instances/Instances 3/eil76_08.gt,75,2000.0,86400.0,PTVRP_LAYERED_CONT_FIX,574.0,2,1,0.0022,2,2,1,76,1.01333,,0,0,0,0,,,,,
Instances/Instances 3/eil76_09.gt,75,5000.0,86400.0,PTVRP_LAYERED_CONT_FIX,573.0,1,1,0.0023,1,1,1,75,1.0,,0,0,0,0,,,,,
Instances/Instances 3/eil76_10.gt,75,10000.0,86400.0,PTVRP_LAYERED_CONT_FIX,573.0,1,1,0.0021,1,1,1,75,1.0,,0,0,0,0,,,,,
Instances/Instances 3/fi10639_01.gt,10638,10.0,86400.0,PTVRP_LAYERED_CONT_FIX,166094138.0,5055,20,0.0428,27094,62,22,279357,26.2603,,0,0,46245,0,,,,,
Instances/Instances 3/fi10639_02.gt,10638,20.0,86400.0,PTVRP_LAYERED_CONT_FIX,83837548.0,3256,15,0.0372,13501,42,16,250021,23.5026,,0,0,71247,0,,,,,
Instances/Instances 3/fi10639_03.gt,10638,50.0,86400.0,PTVRP_LAYERED_CONT_FIX,33871348.0,2296,10,0.0329,5400,28,13,202102,18.9981,,0,0,108844,0,,,,,
Instances/Instances 3/fi10639_04.gt,10638,100.0,86400.0,PTVRP_LAYERED_CONT_FIX,17218486.0,1646,6,0.0279,2692,22,7,162375,15.2637,,0,0,124355,0,,,,,
Instances/Instances 3/fi10639_05.gt,10638,200.0,86400.0,PTVRP_LAYERED_CONT_FIX,8880244.0,1152,4,0.0238,1353,16,5,126557,11.8967,,0,0,115821,0,,,,,
Instances/Instances 3/fi10639_06.gt,10638,500.0,86400.0,PTVRP_LAYERED_CONT_FIX,3781368.0,551,2,0.0188,541,11,3,87716,8.24553,,0,0,63396,0,,,,,
Instances/Instances 3/fi10639_07.gt,10638,1000.0,86400.0,PTVRP_LAYERED_CONT_FIX,2126089.0,280,1,0.0151,272,8,3,65451,6.15257,,0,0,35253,0,,,,,
Instances/Instances 3/fi10639_08.gt,10638,2000.0,86400.0,PTVRP_LAYERED_CONT_FIX,1308109.0,140,1,0.0126,136,6,2,47068,4.42452,,0,0,14549,0,,,,,
Instances/Instances 3/fi10639_09.gt,10638,5000.0,86400.0,PTVRP_LAYERED_CONT_FIX,820354.0,57,1,0.0109,55,4,1,30856,2.90055,,0,0,6703,0,,,,,
Instances/Instances 3/fi10639_10.gt,10638,10000.0,86400.0,PTVRP_LAYERED_CONT_FIX,660167.0,30,1,0.0104,28,3,1,21226,1.9953,,0,0,1708,0,,,,,
Instances/Instances 3/fl1400_01.gt,1399,10.0,86400.0,PTVRP_LAYERED_CONT_FIX,6984703.0,434,28,0.0086,3554,110,37,95012,67.9142,,0,0,14886,0,,,,,
Instances/Instances 3/fl1400_02.gt,1399,20.0,86400.0,PTVRP_LAYERED_CONT_FIX,3501534.0,343,21,0.0087,1768,79,26,82400,58.8992,,0,0,22469,0,,,,,
Instances/Instances 3/fl1400_03.gt,1399,50.0,86400.0,PTVRP_LAYERED_CONT_FIX,1481164.0,265,10,0.008,740,61,14,63722,45.5482,,0,0,30617,0,,,,,
Instances/Instances 3/fl1400_04.gt,1399,100.0,86400.0,PTVRP_LAYERED_CONT_FIX,742586.0,181,7,0.0067,361,48,10,47722,34.1115,,0,0,27617,0,,,,,
Instances/Instances 3/fl1400_05.gt,1399,200.0,86400.0,PTVRP_LAYERED_CONT_FIX,364536.0,126,4,0.0055,175,34,6,33093,23.6548,,0,0,15325,0,,,,,
Instances/Instances 3/fl1400_06.gt,1399,500.0,86400.0,PTVRP_LAYERED_CONT_FIX,161829.0,68,2,0.0047,73,22,3,21071,15.0615,,0,0,7922,0,,,,,
Instances/Instances 3/fl1400_07.gt,1399,1000.0,86400.0,PTVRP_LAYERED_CONT_FIX,88503.0,37,1,0.004,36,15,3,13874,9.91708,,0,0,2139,0,,,,,
Instances/Instances 3/fl1400_08.gt,1399,2000.0,86400.0,PTVRP_LAYERED_CONT_FIX,53320.0,20,1,0.0039,18,9,2,8801,6.29092,,0,0,523,0,,,,,
Instances/Instances 3/fl1400_09.gt,1399,5000.0,86400.0,PTVRP_LAYERED_CONT_FIX,32739.0,8,1,0.0032,8,6,1,5151,3.68192,,0,0,136,0,,,,,
Instances/Instances 3/fl1400_10.gt,1399,10000.0,86400.0,PTVRP_LAYERED_CONT_FIX,25261.0,4,1,0.0031,4,4,1,3264,2.3331,,0,0,0,0,,,,,
Instances/Instances 3/fl1577_01.gt,1576,10.0,86400.0,PTVRP_LAYERED_CONT_FIX,5031187.0,669,29,0.011,4010,164,32,134794,85.5292,,0,0,13499,0,,,,,
Instances/Instances 3/fl1577_02.gt,1576,20.0,86400.0,PTVRP_LAYERED_CONT_FIX,2575760.0,501,14,0.0114,2008,112,22,104263,66.1567,,0,0,15907,0,,,,,
Instances/Instances 3/fl1577_03.gt,1576,50.0,86400.0,PTVRP_LAYERED_CONT_FIX,1047851.0,389,7,0.0092,813,67,11,72282,45.8642,,0,0,15302,0,,,,,
Instances/Instances 3/fl1577_04.gt,1576,100.0,86400.0,PTVRP_LAYERED_CONT_FIX,527925.0,282,4,0.0077,407,46,6,52918,33.5774,,1,0,10932,0,,,,,
Instances/Instances 3/fl1577_05.gt,1576,200.0,86400.0,PTVRP_LAYERED_CONT_FIX,280084.0,176,3,0.0063,204,32,4,37953,24.0819,,0,0,7775,0,,,,,
Instances/Instances 3/fl1577_06.gt,1576,500.0,86400.0,PTVRP_LAYERED_CONT_FIX,120644.0,85,2,0.0048,81,19,2,23698,15.0368,,0,0,3661,0,,,,,
Instances/Instances 3/fl1577_07.gt,1576,1000.0,86400.0,PTVRP_LAYERED_CONT_FIX,69422.0,43,1,0.0042,41,13,2,16395,10.4029,,0,0,1728,0,,,,,
Instances/Instances 3/fl1577_08.gt,1576,2000.0,86400.0,PTVRP_LAYERED_CONT_FIX,44928.0,22,1,0.0037,21,9,1,10776,6.83756,,0,0,435,0,,,,,
Instances/Instances 3/fl1577_09.gt,1576,5000.0,86400.0,PTVRP_LAYERED_CONT_FIX,30368.0,9,1,0.0034,8,6,1,6099,3.86992,,0,0,428,0,,,,,
Instances/Instances 3/fl1577_10.gt,1576,10000.0,86400.0,PTVRP_LAYERED_CONT_FIX,25235.0,5,1,0.0032,5,4,1,3984,2.52792,,0,0,0,0,,,,,
Instances/Instances 3/fl3795_01.gt,3794,10.0,86400.0,PTVRP_LAYERED_CONT_FIX,13543623.0,1322,39,0.0246,9733,189,39,371771,97.9892,,0,0,46015,0,,,,,
Instances/Instances 3/fl3795_02.gt,3794,20.0,86400.0,PTVRP_LAYERED_CONT_FIX,6820241.0,1012,17,0.0239,4873,130,26,305741,80.5854,,0,0,62887,0,,,,,
Instances/Instances 3/fl3795_03.gt,3794,50.0,86400.0,PTVRP_LAYERED_CONT_FIX,2707005.0,765,10,0.0214,1927,85,15,222323,58.5986,,1,0,75235,0,,,,,
Instances/Instances 3/fl3795_04.gt,3794,100.0,86400.0,PTVRP_LAYERED_CONT_FIX,1376200.0,532,7,0.0174,966,59,11,168227,44.3403,,0,0,70615,0,,,,,
Instances/Instances 3/fl3795_05.gt,3794,200.0,86400.0,PTVRP_LAYERED_CONT_FIX,705826.0,374,4,0.0143,484,41,7,123440,32.5356,,0,0,52746,0,,,,,
Instances/Instances 3/fl3795_06.gt,3794,500.0,86400.0,PTVRP_LAYERED_CONT_FIX,292507.0,192,2,0.0103,194,26,3,79871,21.0519,,0,0,30667,0,,,,,
Instances/Instances 3/fl3795_07.gt,3794,1000.0,86400.0,PTVRP_LAYERED_CONT_FIX,161600.0,101,2,0.0082,99,18,2,56534,14.9009,,0,0,15994,0,,,,,
Instances/Instances 3/fl3795_08.gt,3794,2000.0,86400.0,PTVRP_LAYERED_CONT_FIX,92177.0,51,1,0.007,48,13,1,38775,10.2201,,0,0,8603,0,,,,,
Instances/Instances 3/fl3795_09.gt,3794,5000.0,86400.0,PTVRP_LAYERED_CONT_FIX,52383.0,21,1,0.0064,20,8,1,23476,6.18766,,0,0,9246,0,,,,,
Instances/Instances 3/fl3795_10.gt,3794,10000.0,86400.0,PTVRP_LAYERED_CONT_FIX,39795.0,12,1,0.0053,10,6,1,15141,3.99077,,0,0,80,0,,,,,
Instances/Instances 3/fl417_01.gt,416,10.0,86400.0,PTVRP_LAYERED_CONT_FIX,2149449.0,170,30,0.0045,1098,89,30,23796,57.2019,,0,0,2987,0,,,,,
Instances/Instances 3/fl417_02.gt,416,20.0,86400.0,PTVRP_LAYERED_CONT_FIX,1003696.0,121,15,0.0038,512,60,18,18721,45.0024,,0,0,3862,0,,,,,
Instances/Instances 3/fl417_03.gt,416,50.0,86400.0,PTVRP_LAYERED_CONT_FIX,439626.0,96,8,0.0035,221,43,9,12655,30.4207,,0,0,2975,0,,,,,
Instances/Instances 3/fl417_04.gt,416,100.0,86400.0,PTVRP_LAYERED_CONT_FIX,214650.0,68,6,0.0032,104,30,7,8746,21.024,,0,0,2068,0,,,,,
Instances/Instances 3/fl417_05.gt,416,200.0,86400.0,PTVRP_LAYERED_CONT_FIX,118812.0,49,3,0.003,56,21,3,6210,14.9279,,0,0,1299,0,,,,,
Instances/Instances 3/fl417_06.gt,416,500.0,86400.0,PTVRP_LAYERED_CONT_FIX,51657.0,23,1,0.0039,22,13,3,3597,8.64663,,0,0,462,0,,,,,
Instances/Instances 3/fl417_07.gt,416,1000.0,86400.0,PTVRP_LAYERED_CONT_FIX,32593.0,13,1,0.0027,12,9,2,2317,5.56971,,0,0,128,0,,,,,
Instances/Instances 3/fl417_08.gt,416,2000.0,86400.0,PTVRP_LAYERED_CONT_FIX,21512.0,6,1,0.0025,6,6,1,1346,3.23558,,0,0,0,0,,,,,
Instances/Instances 3/fl417_09.gt,416,5000.0,86400.0,PTVRP_LAYERED_CONT_FIX,14735.0,3,1,0.0024,3,3,1,664,1.59615,,0,0,0,0,,,,,
Instances/Instances 3/fl417_10.gt,416,10000.0,86400.0,PTVRP_LAYERED_CONT_FIX,13776.0,2,1,0.0023,2,2,1,461,1.10817,,0,0,0,0,,,,,
Instances/Instances 3/fnl4461_01.gt,4460,10.0,86400.0,PTVRP_LAYERED_CONT_FIX,33285849.0,2075,20,0.022,11597,74,22,191138,42.8561,,0,0,23709,0,,,,,
Instances/Instances 3/fnl4461_02.gt,4460,20.0,86400.0,PTVRP_LAYERED_CONT_FIX,16797639.0,1541,13,0.02,5748,57,15,156649,35.1231,,0,0,30575,0,,,,,
Instances/Instances 3/fnl4461_03.gt,4460,50.0,86400.0,PTVRP_LAYERED_CONT_FIX,6933757.0,1221,8,0.0182,2302,34,8,113723,25.4984,,0,0,34856,0,,,,,
Instances/Instances 3/fnl4461_04.gt,4460,100.0,86400.0,PTVRP_LAYERED_CONT_FIX,3558776.0,820,5,0.0146,1159,25,6,86470,19.3879,,0,0,29952,0,,,,,
Instances/Instances 3/fnl4461_05.gt,4460,200.0,86400.0,PTVRP_LAYERED_CONT_FIX,1798753.0,545,2,0.0119,564,17,3,63364,14.2072,,0,0,19258,0,,,,,
Instances/Instances 3/fnl4461_06.gt,4460,500.0,86400.0,PTVRP_LAYERED_CONT_FIX,814997.0,239,2,0.0092,230,11,2,42207,9.46345,,0,0,7787,0,,,,,
Instances/Instances 3/fnl4461_07.gt,4460,1000.0,86400.0,PTVRP_LAYERED_CONT_FIX,487873.0,118,1,0.0076,114,8,1,29759,6.67242,,0,0,2747,0,,,,,
Instances/Instances 3/fnl4461_08.gt,4460,2000.0,86400.0,PTVRP_LAYERED_CONT_FIX,328389.0,59,1,0.0067,57,5,1,21451,4.80964,,0,0,1139,0,,,,,
Instances/Instances 3/fnl4461_09.gt,4460,5000.0,86400.0,PTVRP_LAYERED_CONT_FIX,234775.0,26,1,0.0057,23,3,1,12783,2.86614,,0,0,0,0,,,,,
Instances/Instances 3/fnl4461_10.gt,4460,10000.0,86400.0,PTVRP_LAYERED_CONT_FIX,206588.0,13,1,0.0053,12,2,1,8542,1.91525,,0,0,0,0,,,,,
Instances/Instances 3/gil262_01.gt,261,10.0,86400.0,PTVRP_LAYERED_CONT_FIX,112367.0,174,11,0.004,693,163,12,34818,133.402,,0,0,645,0,,,,,
Instances/Instances 3/gil262_02.gt,261,20.0,86400.0,PTVRP_LAYERED_CONT_FIX,55593.0,139,7,0.0038,320,111,8,23317,89.3372,,0,0,531,0,,,,,
Instances/Instances 3/gil262_03.gt,261,50.0,86400.0,PTVRP_LAYERED_CONT_FIX,23607.0,100,4,0.0034,133,72,4,13132,50.3142,,0,0,236,0,,,,,
Instances/Instances 3/gil262_04.gt,261,100.0,86400.0,PTVRP_LAYERED_CONT_FIX,13102.0,66,2,0.0031,68,51,2,8257,31.636,,0,0,107,0,,,,,
Instances/Instances 3/gil262_05.gt,261,200.0,86400.0,PTVRP_LAYERED_CONT_FIX,7750.0,37,2,0.0033,36,35,2,4817,18.4559,,0,0,7,0,,,,,
Instances/Instances 3/gil262_06.gt,261,500.0,86400.0,PTVRP_LAYERED_CONT_FIX,4142.0,14,1,0.0026,13,13,1,1770,6.78161,,0,0,0,0,,,,,
Instances/Instances 3/gil262_07.gt,261,1000.0,86400.0,PTVRP_LAYERED_CONT_FIX,3337.0,8,1,0.0024,7,7,1,1017,3.89655,,0,0,0,0,,,,,
Instances/Instances 3/gil262_08.gt,261,2000.0,86400.0,PTVRP_LAYERED_CONT_FIX,2843.0,4,1,0.0024,4,4,1,578,2.21456,,0,0,0,0,,,,,
Instances/Instances 3/gil262_09.gt,261,5000.0,86400.0,PTVRP_LAYERED_CONT_FIX,2695.0,2,1,0.0023,2,2,1,321,1.22989,,0,0,0,0,,,,,
Instances/Instances 3/gil262_10.gt,261,10000.0,86400.0,PTVRP_LAYERED_CONT_FIX,2645.0,1,1,0.0022,1,1,1,261,1.0,,0,0,0,0,,,,,
Instances/Instances 3/gr9882_01.gt,9881,10.0,86400.0,PTVRP_LAYERED_CONT_FIX,110435208.0,4235,24,0.0433,25180,77,25,368263,37.2698,,0,0,55847,0,,,,,
Instances/Instances 3/gr9882_02.gt,9881,20.0,86400.0,PTVRP_LAYERED_CONT_FIX,55512558.0,2947,17,0.0377,12558,60,19,319730,32.3581,,0,0,81860,0,,,,,
Instances/Instances 3/gr9882_03.gt,9881,50.0,86400.0,PTVRP_LAYERED_CONT_FIX,22433983.0,2136,10,0.033,5033,40,13,249695,25.2702,,0,0,116522,0,,,,,
Instances/Instances 3/gr9882_04.gt,9881,100.0,86400.0,PTVRP_LAYERED_CONT_FIX,11535214.0,1501,6,0.0292,2527,28,8,197498,19.9877,,0,0,127694,0,,,,,
Instances/Instances 3/gr9882_05.gt,9881,200.0,86400.0,PTVRP_LAYERED_CONT_FIX,5843012.0,1063,4,0.0241,1258,22,7,151728,15.3555,,1,0,109992,0,,,,,
Instances/Instances 3/gr9882_06.gt,9881,500.0,86400.0,PTVRP_LAYERED_CONT_FIX,2461167.0,510,2,0.018,501,14,3,103217,10.446,,0,0,59850,0,,,,,
Instances/Instances 3/gr9882_07.gt,9881,1000.0,86400.0,PTVRP_LAYERED_CONT_FIX,1387089.0,264,1,0.0149,256,10,3,75745,7.66572,,0,0,26771,0,,,,,
Instances/Instances 3/gr9882_08.gt,9881,2000.0,86400.0,PTVRP_LAYERED_CONT_FIX,824776.0,129,1,0.0125,126,7,2,54381,5.50359,,0,0,11500,0,,,,,
Instances/Instances 3/gr9882_09.gt,9881,5000.0,86400.0,PTVRP_LAYERED_CONT_FIX,504524.0,53,1,0.0106,51,4,1,34579,3.49954,,0,0,2688,0,,,,,
Instances/Instances 3/gr9882_10.gt,9881,10000.0,86400.0,PTVRP_LAYERED_CONT_FIX,396637.0,27,1,0.0099,26,3,1,25135,2.54377,,0,0,1308,0,,,,,
Instances/Instances 3/ho14473_01.gt,14472,10.0,86400.0,PTVRP_LAYERED_CONT_FIX,81424388.0,5014,48,0.0721,36735,143,57,987841,68.2588,,0,0,144515,0,,,,,
Instances/Instances 3/ho14473_02.gt,14472,20.0,86400.0,PTVRP_LAYERED_CONT_FIX,41547285.0,3634,30,0.0748,18578,103,36,845373,58.4144,,0,0,207571,0,,,,,
Instances/Instances 3/ho14473_03.gt,14472,50.0,86400.0,PTVRP_LAYERED_CONT_FIX,16757738.0,2647,16,0.0634,7397,77,19,643978,44.4982,,0,0,282266,0,,,,,
Instances/Instances 3/ho14473_04.gt,14472,100.0,86400.0,PTVRP_LAYERED_CONT_FIX,8464073.0,1967,8,0.053,3681,61,10,500886,34.6107,,0,0,291207,0,,,,,
Instances/Instances 3/ho14473_05.gt,14472,200.0,86400.0,PTVRP_LAYERED_CONT_FIX,4340861.0,1475,5,0.0452,1848,45,6,379586,26.229,,0,0,241606,0,,,,,
Instances/Instances 3/ho14473_06.gt,14472,500.0,86400.0,PTVRP_LAYERED_CONT_FIX,1817829.0,739,2,0.0337,742,28,4,255232,17.6363,,0,0,131629,0,,,,,
Instances/Instances 3/ho14473_07.gt,14472,1000.0,86400.0,PTVRP_LAYERED_CONT_FIX,975379.0,378,1,0.0259,368,19,2,184083,12.7199,,0,0,63000,0,,,,,
Instances/Instances 3/ho14473_08.gt,14472,2000.0,86400.0,PTVRP_LAYERED_CONT_FIX,571305.0,191,1,0.0205,186,13,1,132195,9.13454,,0,0,29719,0,,,,,
Instances/Instances 3/ho14473_09.gt,14472,5000.0,86400.0,PTVRP_LAYERED_CONT_FIX,327973.0,76,1,0.0163,74,8,1,81968,5.6639,,0,0,6374,0,,,,,
Instances/Instances 3/ho14473_10.gt,14472,10000.0,86400.0,PTVRP_LAYERED_CONT_FIX,248946.0,40,1,0.0151,37,5,1,59413,4.10538,,0,0,7901,0,,,,,
Instances/Instances 3/it16862_01.gt,16861,10.0,86400.0,PTVRP_LAYERED_CONT_FIX,275184989.0,8151,26,0.0728,43433,90,28,507718,30.112,,0,0,80514,0,,,,,
Instances/Instances 3/it16862_02.gt,16861,20.0,86400.0,PTVRP_LAYERED_CONT_FIX,135413716.0,5132,18,0.0637,21551,63,18,453908,26.9206,,0,0,125193,0,,,,,
Instances/Instances 3/it16862_03.gt,16861,50.0,86400.0,PTVRP_LAYERED_CONT_FIX,55071556.0,3436,10,0.0542,8686,42,13,366403,21.7308,,0,0,195424,0,,,,,
Instances/Instances 3/it16862_04.gt,16861,100.0,86400.0,PTVRP_LAYERED_CONT_FIX,27421558.0,2385,7,0.0451,4276,31,7,295885,17.5485,,0,0,239019,0,,,,,
Instances/Instances 3/it16862_05.gt,16861,200.0,86400.0,PTVRP_LAYERED_CONT_FIX,14031721.0,1756,4,0.0381,2151,22,5,233261,13.8344,,0,0,246719,0,,,,,
Instances/Instances 3/it16862_06.gt,16861,500.0,86400.0,PTVRP_LAYERED_CONT_FIX,5864106.0,868,2,0.0295,861,13,3,162771,9.6537,,0,0,168349,0,,,,,
Instances/Instances 3/it16862_07.gt,16861,1000.0,86400.0,PTVRP_LAYERED_CONT_FIX,3160788.0,437,2,0.0247,428,9,2,121053,7.17947,,0,0,95149,0,,,,,
Instances/Instances 3/it16862_08.gt,16861,2000.0,86400.0,PTVRP_LAYERED_CONT_FIX,1837954.0,219,1,0.0275,215,7,2,89389,5.30152,,0,0,47914,0,,,,,
Instances/Instances 3/it16862_09.gt,16861,5000.0,86400.0,PTVRP_LAYERED_CONT_FIX,1066950.0,90,1,0.0188,87,4,1,58456,3.46694,,0,0,14273,0,,,,,
Instances/Instances 3/it16862_10.gt,16861,10000.0,86400.0,PTVRP_LAYERED_CONT_FIX,797995.0,46,1,0.0179,43,3,1,42776,2.53698,,0,0,7848,0,,,,,
Instances/Instances 3/ja9847_01.gt,9846,10.0,86400.0,PTVRP_LAYERED_CONT_FIX,NO SOLUTION,,,0.0171,25088,70,0,197030,20.0112,,0,0,1,0,,,,,
Instances/Instances 3/ja9847_02.gt,9846,20.0,86400.0,PTVRP_LAYERED_CONT_FIX,NO SOLUTION,,,0.0171,12430,47,2,180515,18.3338,,0,0,31,0,,,,,
Instances/Instances 3/ja9847_03.gt,9846,50.0,86400.0,PTVRP_LAYERED_CONT_FIX,55218627.0,2281,12,0.0284,4978,33,12,150208,15.2557,,0,0,89439,0,,,,,
Instances/Instances 3/ja9847_04.gt,9846,100.0,86400.0,PTVRP_LAYERED_CONT_FIX,27981221.0,1425,6,0.0332,2529,24,8,125255,12.7214,,0,0,118949,0,,,,,
Instances/Instances 3/ja9847_05.gt,9846,200.0,86400.0,PTVRP_LAYERED_CONT_FIX,13881495.0,963,4,0.0227,1243,17,5,100434,10.2005,,0,0,135676,0,,,,,
Instances/Instances 3/ja9847_06.gt,9846,500.0,86400.0,PTVRP_LAYERED_CONT_FIX,5797883.0,487,3,0.0205,501,11,3,72432,7.35649,,0,0,121357,0,,,,,
Instances/Instances 3/ja9847_07.gt,9846,1000.0,86400.0,PTVRP_LAYERED_CONT_FIX,3117902.0,257,1,0.0156,251,8,3,54945,5.58044,,0,0,78050,0,,,,,
Instances/Instances 3/ja9847_08.gt,9846,2000.0,86400.0,PTVRP_LAYERED_CONT_FIX,1775675.0,128,1,0.0139,126,5,2,40570,4.12046,,0,0,63937,0,,,,,
Instances/Instances 3/ja9847_09.gt,9846,5000.0,86400.0,PTVRP_LAYERED_CONT_FIX,1011632.0,54,1,0.0109,51,4,1,27118,2.75421,,0,0,27262,0,,,,,
Instances/Instances 3/ja9847_10.gt,9846,10000.0,86400.0,PTVRP_LAYERED_CONT_FIX,752747.0,27,1,0.0096,26,3,1,19018,1.93155,,0,0,20972,0,,,,,
Instances/Instances 3/kroA100_01.gt,99,10.0,86400.0,PTVRP_LAYERED_CONT_FIX,701399.0,67,9,0.0028,242,33,9,2306,23.2929,,0,0,199,0,,,,,
Instances/Instances 3/kroA100_02.gt,99,20.0,86400.0,PTVRP_LAYERED_CONT_FIX,351799.0,49,6,0.0027,120,24,6,1740,17.5758,,0,0,193,0,,,,,
Instances/Instances 3/kroA100_03.gt,99,50.0,86400.0,PTVRP_LAYERED_CONT_FIX,159715.0,46,3,0.0025,51,15,4,1174,11.8586,,0,0,151,0,,,,,
Instances/Instances 3/kroA100_04.gt,99,100.0,86400.0,PTVRP_LAYERED_CONT_FIX,82549.0,27,2,0.0023,24,10,2,761,7.68687,,0,0,50,0,,,,,
Instances/Instances 3/kroA100_05.gt,99,200.0,86400.0,PTVRP_LAYERED_CONT_FIX,52117.0,14,1,0.0023,13,7,1,528,5.33333,,0,0,20,0,,,,,
Instances/Instances 3/kroA100_06.gt,99,500.0,86400.0,PTVRP_LAYERED_CONT_FIX,31389.0,5,1,0.0022,5,4,1,262,2.64646,,0,0,0,0,,,,,
Instances/Instances 3/kroA100_07.gt,99,1000.0,86400.0,PTVRP_LAYERED_CONT_FIX,25111.0,4,1,0.0022,3,3,1,164,1.65657,,0,0,0,0,,,,,
Instances/Instances 3/kroA100_08.gt,99,2000.0,86400.0,PTVRP_LAYERED_CONT_FIX,23670.0,2,1,0.0026,2,2,1,116,1.17172,,0,0,0,0,,,,,
Instances/Instances 3/kroA100_09.gt,99,5000.0,86400.0,PTVRP_LAYERED_CONT_FIX,22624.0,1,1,0.0023,1,1,1,99,1.0,,0,0,0,0,,,,,
Instances/Instances 3/kroA100_10.gt,99,10000.0,86400.0,PTVRP_LAYERED_CONT_FIX,22624.0,1,1,0.0023,1,1,1,99,1.0,,0,0,0,0,,,,,
Instances/Instances 3/kroA150_01.gt,149,10.0,86400.0,PTVRP_LAYERED_CONT_FIX,1048872.0,89,12,0.0039,369,36,12,3862,25.9195,,0,0,314,0,,,,,
Instances/Instances 3/kroA150_02.gt,149,20.0,86400.0,PTVRP_LAYERED_CONT_FIX,531749.0,77,7,0.0027,186,26,7,2889,19.3893,,0,0,321,0,,,,,
Instances/Instances 3/kroA150_03.gt,149,50.0,86400.0,PTVRP_LAYERED_CONT_FIX,216607.0,64,3,0.0026,70,16,4,1865,12.5168,,0,0,250,0,,,,,
Instances/Instances 3/kroA150_04.gt,149,100.0,86400.0,PTVRP_LAYERED_CONT_FIX,122973.0,37,2,0.0026,35,11,3,1303,8.74497,,0,0,140,0,,,,,
Instances/Instances 3/kroA150_05.gt,149,200.0,86400.0,PTVRP_LAYERED_CONT_FIX,67491.0,19,1,0.0024,18,8,1,872,5.85235,,0,0,78,0,,,,,
Instances/Instances 3/kroA150_06.gt,149,500.0,86400.0,PTVRP_LAYERED_CONT_FIX,41974.0,9,1,0.0023,8,5,1,560,3.75839,,0,0,80,0,,,,,
Instances/Instances 3/kroA150_07.gt,149,1000.0,86400.0,PTVRP_LAYERED_CONT_FIX,34529.0,5,1,0.0029,4,4,1,379,2.54362,,0,0,87,0,,,,,
Instances/Instances 3/kroA150_08.gt,149,2000.0,86400.0,PTVRP_LAYERED_CONT_FIX,29219.0,3,1,0.0025,2,2,1,227,1.52349,,0,0,0,0,,,,,
Instances/Instances 3/kroA150_09.gt,149,5000.0,86400.0,PTVRP_LAYERED_CONT_FIX,27630.0,1,1,0.0024,1,1,1,149,1.0,,0,0,0,0,,,,,
Instances/Instances 3/kroA150_10.gt,149,10000.0,86400.0,PTVRP_LAYERED_CONT_FIX,27630.0,1,1,0.0023,1,1,1,149,1.0,,0,0,0,0,,,,,
Instances/Instances 3/kroA200_01.gt,199,10.0,86400.0,PTVRP_LAYERED_CONT_FIX,1419120.0,126,13,0.003,513,40,13,5560,27.9397,,0,0,480,0,,,,,
Instances/Instances 3/kroA200_02.gt,199,20.0,86400.0,PTVRP_LAYERED_CONT_FIX,682026.0,91,6,0.0028,241,29,7,4147,20.8392,,0,0,512,0,,,,,
Instances/Instances 3/kroA200_03.gt,199,50.0,86400.0,PTVRP_LAYERED_CONT_FIX,317596.0,81,4,0.0028,105,18,5,2823,14.1859,,0,0,442,0,,,,,
Instances/Instances 3/kroA200_04.gt,199,100.0,86400.0,PTVRP_LAYERED_CONT_FIX,178481.0,59,2,0.0028,54,13,3,2034,10.2211,,0,0,278,0,,,,,
Instances/Instances 3/kroA200_05.gt,199,200.0,86400.0,PTVRP_LAYERED_CONT_FIX,87357.0,27,1,0.0025,24,8,2,1295,6.50754,,0,0,140,0,,,,,
Instances/Instances 3/kroA200_06.gt,199,500.0,86400.0,PTVRP_LAYERED_CONT_FIX,53071.0,11,1,0.0025,11,5,1,789,3.96482,,0,0,4,0,,,,,
Instances/Instances 3/kroA200_07.gt,199,1000.0,86400.0,PTVRP_LAYERED_CONT_FIX,40471.0,6,1,0.0023,6,4,1,586,2.94472,,0,0,0,0,,,,,
Instances/Instances 3/kroA200_08.gt,199,2000.0,86400.0,PTVRP_LAYERED_CONT_FIX,33296.0,3,1,0.0023,3,3,1,353,1.77387,,0,0,0,0,,,,,
Instances/Instances 3/kroA200_09.gt,199,5000.0,86400.0,PTVRP_LAYERED_CONT_FIX,30902.0,1,1,0.0022,1,1,1,199,1.0,,0,0,0,0,,,,,
Instances/Instances 3/kroA200_10.gt,199,10000.0,86400.0,PTVRP_LAYERED_CONT_FIX,30902.0,1,1,0.0023,1,1,1,199,1.0,,0,0,0,0,,,,,
Instances/Instances 3/kroB100_01.gt,99,10.0,86400.0,PTVRP_LAYERED_CONT_FIX,715686.0,67,10,0.0025,264,39,11,2430,24.5455,,0,0,185,0,,,,,
Instances/Instances 3/kroB100_02.gt,99,20.0,86400.0,PTVRP_LAYERED_CONT_FIX,361631.0,53,6,0.0024,125,26,6,1755,17.7273,,0,0,177,0,,,,,
Instances/Instances 3/kroB100_03.gt,99,50.0,86400.0,PTVRP_LAYERED_CONT_FIX,143168.0,41,3,0.0024,47,14,3,1099,11.101,,0,0,134,0,,,,,
Instances/Instances 3/kroB100_04.gt,99,100.0,86400.0,PTVRP_LAYERED_CONT_FIX,85698.0,27,2,0.0024,25,10,2,757,7.64646,,0,0,55,0,,,,,
Instances/Instances 3/kroB100_05.gt,99,200.0,86400.0,PTVRP_LAYERED_CONT_FIX,55051.0,15,1,0.0023,14,8,1,539,5.44444,,0,0,41,0,,,,,
Instances/Instances 3/kroB100_06.gt,99,500.0,86400.0,PTVRP_LAYERED_CONT_FIX,32940.0,6,1,0.0024,6,4,1,274,2.76768,,0,0,0,0,,,,,
Instances/Instances 3/kroB100_07.gt,99,1000.0,86400.0,PTVRP_LAYERED_CONT_FIX,26294.0,4,1,0.0022,3,3,1,194,1.9596,,0,0,0,0,,,,,
Instances/Instances 3/kroB100_08.gt,99,2000.0,86400.0,PTVRP_LAYERED_CONT_FIX,24490.0,2,1,0.0023,2,2,1,119,1.20202,,0,0,0,0,,,,,
Instances/Instances 3/kroB100_09.gt,99,5000.0,86400.0,PTVRP_LAYERED_CONT_FIX,24472.0,1,1,0.0022,1,1,1,99,1.0,,0,0,0,0,,,,,
Instances/Instances 3/kroB100_10.gt,99,10000.0,86400.0,PTVRP_LAYERED_CONT_FIX,24472.0,1,1,0.0022,1,1,1,99,1.0,,0,0,0,0,,,,,
Instances/Instances 3/kroB150_01.gt,149,10.0,86400.0,PTVRP_LAYERED_CONT_FIX,1104436.0,98,12,0.0027,394,38,12,3967,26.6242,,0,0,312,0,,,,,
Instances/Instances 3/kroB150_02.gt,149,20.0,86400.0,PTVRP_LAYERED_CONT_FIX,547594.0,66,8,0.0027,177,24,8,2828,18.9799,,0,0,317,0,,,,,
Instances/Instances 3/kroB150_03.gt,149,50.0,86400.0,PTVRP_LAYERED_CONT_FIX,252520.0,67,4,0.0026,80,17,4,1986,13.3289,,0,0,282,0,,,,,
Instances/Instances 3/kroB150_04.gt,149,100.0,86400.0,PTVRP_LAYERED_CONT_FIX,129944.0,35,3,0.0025,38,12,3,1342,9.00671,,0,0,136,0,,,,,
Instances/Instances 3/kroB150_05.gt,149,200.0,86400.0,PTVRP_LAYERED_CONT_FIX,80467.0,23,1,0.0025,21,9,2,992,6.65772,,0,0,89,0,,,,,
Instances/Instances 3/kroB150_06.gt,149,500.0,86400.0,PTVRP_LAYERED_CONT_FIX,40856.0,8,1,0.0023,7,5,1,512,3.43624,,0,0,47,0,,,,,
Instances/Instances 3/kroB150_07.gt,149,1000.0,86400.0,PTVRP_LAYERED_CONT_FIX,33971.0,5,1,0.0023,4,4,1,347,2.32886,,0,0,25,0,,,,,
Instances/Instances 3/kroB150_08.gt,149,2000.0,86400.0,PTVRP_LAYERED_CONT_FIX,28852.0,2,1,0.0022,2,2,1,221,1.48322,,0,0,0,0,,,,,
Instances/Instances 3/kroB150_09.gt,149,5000.0,86400.0,PTVRP_LAYERED_CONT_FIX,27979.0,1,1,0.0026,1,1,1,149,1.0,,0,0,0,0,,,,,
Instances/Instances 3/kroB150_10.gt,149,10000.0,86400.0,PTVRP_LAYERED_CONT_FIX,27979.0,1,1,0.0023,1,1,1,149,1.0,,0,0,0,0,,,,,
Instances/Instances 3/kroB200_01.gt,199,10.0,86400.0,PTVRP_LAYERED_CONT_FIX,1382288.0,129,14,0.0039,506,43,14,5722,28.7538,,0,0,490,0,,,,,
Instances/Instances 3/kroB200_02.gt,199,20.0,86400.0,PTVRP_LAYERED_CONT_FIX,674226.0,100,6,0.0029,249,29,8,4359,21.9045,,0,0,522,0,,,,,
Instances/Instances 3/kroB200_03.gt,199,50.0,86400.0,PTVRP_LAYERED_CONT_FIX,320833.0,93,4,0.0028,111,21,5,2998,15.0653,,0,0,478,0,,,,,
Instances/Instances 3/kroB200_04.gt,199,100.0,86400.0,PTVRP_LAYERED_CONT_FIX,161234.0,52,2,0.0026,52,13,2,2059,10.3467,,0,0,316,0,,,,,
Instances/Instances 3/kroB200_05.gt,199,200.0,86400.0,PTVRP_LAYERED_CONT_FIX,92715.0,30,1,0.0025,27,9,2,1452,7.29648,,0,0,140,0,,,,,
Instances/Instances 3/kroB200_06.gt,199,500.0,86400.0,PTVRP_LAYERED_CONT_FIX,53980.0,13,1,0.0024,11,6,1,817,4.10553,,0,0,18,0,,,,,
Instances/Instances 3/kroB200_07.gt,199,1000.0,86400.0,PTVRP_LAYERED_CONT_FIX,41003.0,6,1,0.0023,6,4,1,562,2.82412,,0,0,0,0,,,,,
Instances/Instances 3/kroB200_08.gt,199,2000.0,86400.0,PTVRP_LAYERED_CONT_FIX,34301.0,4,1,0.0023,3,3,1,359,1.80402,,0,0,0,0,,,,,
Instances/Instances 3/kroB200_09.gt,199,5000.0,86400.0,PTVRP_LAYERED_CONT_FIX,31786.0,2,1,0.0023,2,2,1,218,1.09548,,0,0,0,0,,,,,
Instances/Instances 3/kroB200_10.gt,199,10000.0,86400.0,PTVRP_LAYERED_CONT_FIX,31768.0,1,1,0.0022,1,1,1,199,1.0,,0,0,0,0,,,,,
Instances/Instances 3/kroC100_01.gt,99,10.0,86400.0,PTVRP_LAYERED_CONT_FIX,729741.0,60,12,0.0027,257,35,12,2402,24.2626,,0,0,179,0,,,,,
Instances/Instances 3/kroC100_02.gt,99,20.0,86400.0,PTVRP_LAYERED_CONT_FIX,371907.0,50,6,0.0034,123,22,6,1739,17.5657,,0,0,181,0,,,,,
Instances/Instances 3/kroC100_03.gt,99,50.0,86400.0,PTVRP_LAYERED_CONT_FIX,155822.0,45,3,0.0025,49,14,3,1112,11.2323,,0,0,114,0,,,,,
Instances/Instances 3/kroC100_04.gt,99,100.0,86400.0,PTVRP_LAYERED_CONT_FIX,90678.0,28,2,0.0023,26,11,2,786,7.93939,,0,0,71,0,,,,,
Instances/Instances 3/kroC100_05.gt,99,200.0,86400.0,PTVRP_LAYERED_CONT_FIX,59289.0,17,1,0.0023,15,8,2,555,5.60606,,0,0,19,0,,,,,
Instances/Instances 3/kroC100_06.gt,99,500.0,86400.0,PTVRP_LAYERED_CONT_FIX,32663.0,6,1,0.0023,6,5,1,294,2.9697,,0,0,9,0,,,,,
Instances/Instances 3/kroC100_07.gt,99,1000.0,86400.0,PTVRP_LAYERED_CONT_FIX,26061.0,4,1,0.0022,3,3,1,180,1.81818,,0,0,0,0,,,,,
Instances/Instances 3/kroC100_08.gt,99,2000.0,86400.0,PTVRP_LAYERED_CONT_FIX,23764.0,2,1,0.0022,2,2,1,121,1.22222,,0,0,0,0,,,,,
Instances/Instances 3/kroC100_09.gt,99,5000.0,86400.0,PTVRP_LAYERED_CONT_FIX,22713.0,1,1,0.0021,1,1,1,99,1.0,,0,0,0,0,,,,,
Instances/Instances 3/kroC100_10.gt,99,10000.0,86400.0,PTVRP_LAYERED_CONT_FIX,22713.0,1,1,0.0024,1,1,1,99,1.0,,0,0,0,0,,,,,
Instances/Instances 3/kroD100_01.gt,99,10.0,86400.0,PTVRP_LAYERED_CONT_FIX,653242.0,66,9,0.0025,255,39,9,2461,24.8586,,0,0,177,0,,,,,
Instances/Instances 3/kroD100_02.gt,99,20.0,86400.0,PTVRP_LAYERED_CONT_FIX,345002.0,51,5,0.0024,124,24,5,1784,18.0202,,0,0,180,0,,,,,
Instances/Instances 3/kroD100_03.gt,99,50.0,86400.0,PTVRP_LAYERED_CONT_FIX,150778.0,41,3,0.0024,48,14,4,1085,10.9596,,0,0,117,0,,,,,
Instances/Instances 3/kroD100_04.gt,99,100.0,86400.0,PTVRP_LAYERED_CONT_FIX,80842.0,30,1,0.0023,26,10,2,829,8.37374,,0,0,78,0,,,,,
Instances/Instances 3/kroD100_05.gt,99,200.0,86400.0,PTVRP_LAYERED_CONT_FIX,55500.0,16,1,0.0023,15,8,1,560,5.65657,,0,0,25,0,,,,,
Instances/Instances 3/kroD100_06.gt,99,500.0,86400.0,PTVRP_LAYERED_CONT_FIX,32259.0,7,1,0.0022,6,5,1,305,3.08081,,0,0,23,0,,,,,
Instances/Instances 3/kroD100_07.gt,99,1000.0,86400.0,PTVRP_LAYERED_CONT_FIX,25441.0,4,1,0.0022,3,3,1,180,1.81818,,0,0,0,0,,,,,
Instances/Instances 3/kroD100_08.gt,99,2000.0,86400.0,PTVRP_LAYERED_CONT_FIX,23833.0,2,1,0.0027,2,2,1,123,1.24242,,0,0,0,0,,,,,
Instances/Instances 3/kroD100_09.gt,99,5000.0,86400.0,PTVRP_LAYERED_CONT_FIX,23792.0,1,1,0.0022,1,1,1,99,1.0,,0,0,0,0,,,,,
Instances/Instances 3/kroD100_10.gt,99,10000.0,86400.0,PTVRP_LAYERED_CONT_FIX,23792.0,1,1,0.0021,1,1,1,99,1.0,,0,0,0,0,,,,,
Instances/Instances 3/kroE100_01.gt,99,10.0,86400.0,PTVRP_LAYERED_CONT_FIX,699690.0,62,11,0.0028,256,36,11,2368,23.9192,,0,0,170,0,,,,,
Instances/Instances 3/kroE100_02.gt,99,20.0,86400.0,PTVRP_LAYERED_CONT_FIX,383437.0,56,6,0.0026,124,23,6,1645,16.6162,,0,0,168,0,,,,,
Instances/Instances 3/kroE100_03.gt,99,50.0,86400.0,PTVRP_LAYERED_CONT_FIX,156593.0,40,3,0.0023,49,15,3,1063,10.7374,,0,0,133,0,,,,,
Instances/Instances 3/kroE100_04.gt,99,100.0,86400.0,PTVRP_LAYERED_CONT_FIX,90282.0,29,2,0.0024,26,10,2,746,7.53535,,0,0,52,0,,,,,
Instances/Instances 3/kroE100_05.gt,99,200.0,86400.0,PTVRP_LAYERED_CONT_FIX,58408.0,17,1,0.0022,15,8,1,550,5.55556,,0,0,65,0,,,,,
Instances/Instances 3/kroE100_06.gt,99,500.0,86400.0,PTVRP_LAYERED_CONT_FIX,33882.0,7,1,0.0022,6,4,1,289,2.91919,,0,0,0,0,,,,,
Instances/Instances 3/kroE100_07.gt,99,1000.0,86400.0,PTVRP_LAYERED_CONT_FIX,25429.0,3,1,0.0021,3,3,1,178,1.79798,,0,0,0,0,,,,,
Instances/Instances 3/kroE100_08.gt,99,2000.0,86400.0,PTVRP_LAYERED_CONT_FIX,25287.0,2,1,0.0021,2,2,1,124,1.25253,,0,0,0,0,,,,,
Instances/Instances 3/kroE100_09.gt,99,5000.0,86400.0,PTVRP_LAYERED_CONT_FIX,24552.0,1,1,0.0022,1,1,1,99,1.0,,0,0,0,0,,,,,
Instances/Instances 3/kroE100_10.gt,99,10000.0,86400.0,PTVRP_LAYERED_CONT_FIX,24552.0,1,1,0.0022,1,1,1,99,1.0,,0,0,0,0,,,,,
Instances/Instances 3/kz9976_01.gt,9975,10.0,86400.0,PTVRP_LAYERED_CONT_FIX,NO SOLUTION,,,0.0127,25244,37,0,92032,9.22627,,0,0,2,0,,,,,
Instances/Instances 3/kz9976_02.gt,9975,20.0,86400.0,PTVRP_LAYERED_CONT_FIX,NO SOLUTION,,,0.0128,12672,33,12,92041,9.22717,,0,0,3971,0,,,,,
Instances/Instances 3/kz9976_03.gt,9975,50.0,86400.0,PTVRP_LAYERED_CONT_FIX,112279617.0,3259,8,0.0286,5118,23,9,82509,8.27158,,0,0,57289,0,,,,,
Instances/Instances 3/kz9976_04.gt,9975,100.0,86400.0,PTVRP_LAYERED_CONT_FIX,53535869.0,1698,5,0.0233,2530,16,6,71266,7.14446,,0,0,82139,0,,,,,
Instances/Instances 3/kz9976_05.gt,9975,200.0,86400.0,PTVRP_LAYERED_CONT_FIX,27446897.0,1052,4,0.0186,1289,12,4,59779,5.99288,,0,0,106711,0,,,,,
Instances/Instances 3/kz9976_06.gt,9975,500.0,86400.0,PTVRP_LAYERED_CONT_FIX,11297928.0,500,2,0.014,506,7,3,44543,4.46546,,1,0,114975,0,,,,,
Instances/Instances 3/kz9976_07.gt,9975,1000.0,86400.0,PTVRP_LAYERED_CONT_FIX,6099274.0,260,1,0.0127,254,5,2,34305,3.4391,,0,0,104187,0,,,,,
Instances/Instances 3/kz9976_08.gt,9975,2000.0,86400.0,PTVRP_LAYERED_CONT_FIX,3537289.0,131,1,0.0123,127,4,1,26168,2.62336,,0,0,73727,0,,,,,
Instances/Instances 3/kz9976_09.gt,9975,5000.0,86400.0,PTVRP_LAYERED_CONT_FIX,2030972.0,55,1,0.0109,52,2,1,19207,1.92551,,0,0,101221,0,,,,,
Instances/Instances 3/kz9976_10.gt,9975,10000.0,86400.0,PTVRP_LAYERED_CONT_FIX,1529484.0,28,1,0.0091,26,2,1,11466,1.14947,,0,0,6161,0,,,,,
Instances/Instances 3/lin105_01.gt,104,10.0,86400.0,PTVRP_LAYERED_CONT_FIX,487430.0,69,9,0.0026,272,48,10,3429,32.9712,,0,0,210,0,,,,,
Instances/Instances 3/lin105_02.gt,104,20.0,86400.0,PTVRP_LAYERED_CONT_FIX,270194.0,48,7,0.0027,137,33,7,2425,23.3173,,0,0,191,0,,,,,
Instances/Instances 3/lin105_03.gt,104,50.0,86400.0,PTVRP_LAYERED_CONT_FIX,108787.0,40,4,0.0027,50,20,4,1476,14.1923,,0,0,137,0,,,,,
Instances/Instances 3/lin105_04.gt,104,100.0,86400.0,PTVRP_LAYERED_CONT_FIX,61853.0,23,2,0.0024,26,13,2,1033,9.93269,,0,0,77,0,,,,,
Instances/Instances 3/lin105_05.gt,104,200.0,86400.0,PTVRP_LAYERED_CONT_FIX,32006.0,15,1,0.0023,13,10,1,633,6.08654,,0,0,34,0,,,,,
Instances/Instances 3/lin105_06.gt,104,500.0,86400.0,PTVRP_LAYERED_CONT_FIX,21595.0,6,1,0.0024,5,5,1,319,3.06731,,0,0,0,0,,,,,
Instances/Instances 3/lin105_07.gt,104,1000.0,86400.0,PTVRP_LAYERED_CONT_FIX,18091.0,3,1,0.0025,3,3,1,198,1.90385,,0,0,0,0,,,,,
Instances/Instances 3/lin105_08.gt,104,2000.0,86400.0,PTVRP_LAYERED_CONT_FIX,17033.0,2,1,0.0027,2,2,1,125,1.20192,,0,0,0,0,,,,,
Instances/Instances 3/lin105_09.gt,104,5000.0,86400.0,PTVRP_LAYERED_CONT_FIX,17033.0,2,1,0.0023,1,1,1,104,1.0,,0,0,0,0,,,,,
Instances/Instances 3/lin105_10.gt,104,10000.0,86400.0,PTVRP_LAYERED_CONT_FIX,17033.0,2,1,0.0022,1,1,1,104,1.0,,0,0,0,0,,,,,
Instances/Instances 3/lin318_01.gt,317,10.0,86400.0,PTVRP_LAYERED_CONT_FIX,2323080.0,183,14,0.0034,815,46,14,9454,29.8233,,0,0,881,0,,,,,
Instances/Instances 3/lin318_02.gt,317,20.0,86400.0,PTVRP_LAYERED_CONT_FIX,1140467.0,145,7,0.0033,374,34,10,7026,22.164,,0,0,917,0,,,,,
Instances/Instances 3/lin318_03.gt,317,50.0,86400.0,PTVRP_LAYERED_CONT_FIX,521019.0,114,4,0.0031,162,20,6,4895,15.4416,,0,0,839,0,,,,,
Instances/Instances 3/lin318_04.gt,317,100.0,86400.0,PTVRP_LAYERED_CONT_FIX,264200.0,73,3,0.0029,77,14,3,3419,10.7855,,0,0,514,0,,,,,
Instances/Instances 3/lin318_05.gt,317,200.0,86400.0,PTVRP_LAYERED_CONT_FIX,151682.0,47,1,0.0026,40,10,2,2455,7.74448,,0,0,280,0,,,,,
Instances/Instances 3/lin318_06.gt,317,500.0,86400.0,PTVRP_LAYERED_CONT_FIX,83335.0,18,1,0.0027,16,6,1,1547,4.88013,,0,0,138,0,,,,,
Instances/Instances 3/lin318_07.gt,317,1000.0,86400.0,PTVRP_LAYERED_CONT_FIX,59858.0,10,1,0.0025,8,4,1,1008,3.17981,,0,0,1,0,,,,,
Instances/Instances 3/lin318_08.gt,317,2000.0,86400.0,PTVRP_LAYERED_CONT_FIX,51479.0,6,1,0.0024,5,3,1,741,2.33754,,0,0,0,0,,,,,
Instances/Instances 3/lin318_09.gt,317,5000.0,86400.0,PTVRP_LAYERED_CONT_FIX,46049.0,2,1,0.0023,2,2,1,438,1.3817,,0,0,0,0,,,,,
Instances/Instances 3/lin318_10.gt,317,10000.0,86400.0,PTVRP_LAYERED_CONT_FIX,46049.0,2,1,0.0023,1,1,1,317,1.0,,0,0,0,0,,,,,
Instances/Instances 3/linhp318_01.gt,317,10.0,86400.0,PTVRP_LAYERED_CONT_FIX,2422886.0,190,13,0.0035,834,48,15,9607,30.306,,0,0,903,0,,,,,
Instances/Instances 3/linhp318_02.gt,317,20.0,86400.0,PTVRP_LAYERED_CONT_FIX,1241823.0,142,9,0.0042,414,32,9,7359,23.2145,,0,0,941,0,,,,,
Instances/Instances 3/linhp318_03.gt,317,50.0,86400.0,PTVRP_LAYERED_CONT_FIX,539987.0,123,4,0.0033,170,20,5,5039,15.8959,,0,0,862,0,,,,,
Instances/Instances 3/linhp318_04.gt,317,100.0,86400.0,PTVRP_LAYERED_CONT_FIX,273931.0,80,2,0.0034,80,14,3,3482,10.9842,,0,0,577,0,,,,,
Instances/Instances 3/linhp318_05.gt,317,200.0,86400.0,PTVRP_LAYERED_CONT_FIX,143469.0,42,1,0.0028,38,9,2,2373,7.4858,,0,0,234,0,,,,,
Instances/Instances 3/linhp318_06.gt,317,500.0,86400.0,PTVRP_LAYERED_CONT_FIX,83044.0,20,1,0.0025,17,6,1,1559,4.91798,,0,0,185,0,,,,,
Instances/Instances 3/linhp318_07.gt,317,1000.0,86400.0,PTVRP_LAYERED_CONT_FIX,61428.0,10,1,0.0025,9,4,1,1027,3.23975,,0,0,0,0,,,,,
Instances/Instances 3/linhp318_08.gt,317,2000.0,86400.0,PTVRP_LAYERED_CONT_FIX,50329.0,5,1,0.0024,5,3,1,717,2.26183,,0,0,0,0,,,,,
Instances/Instances 3/linhp318_09.gt,317,5000.0,86400.0,PTVRP_LAYERED_CONT_FIX,46168.0,2,1,0.0023,2,2,1,430,1.35647,,0,0,0,0,,,,,
Instances/Instances 3/linhp318_10.gt,317,10000.0,86400.0,PTVRP_LAYERED_CONT_FIX,46168.0,2,1,0.0024,1,1,1,317,1.0,,0,0,0,0,,,,,
Instances/Instances 3/lu980_01.gt,979,10.0,86400.0,PTVRP_LAYERED_CONT_FIX,1238199.0,486,20,0.0091,2580,158,22,112563,114.978,,0,0,6406,0,,,,,
Instances/Instances 3/lu980_02.gt,979,20.0,86400.0,PTVRP_LAYERED_CONT_FIX,597749.0,366,15,0.0081,1211,101,15,80296,82.0184,,0,0,6388,0,,,,,
Instances/Instances 3/lu980_03.gt,979,50.0,86400.0,PTVRP_LAYERED_CONT_FIX,260096.0,291,6,0.0072,504,65,6,52740,53.8713,,0,0,5264,0,,,,,
Instances/Instances 3/lu980_04.gt,979,100.0,86400.0,PTVRP_LAYERED_CONT_FIX,134615.0,197,3,0.0061,252,46,4,37171,37.9683,,0,0,3216,0,,,,,
Instances/Instances 3/lu980_05.gt,979,200.0,86400.0,PTVRP_LAYERED_CONT_FIX,72181.0,128,3,0.0049,127,33,3,25823,26.3769,,0,0,1705,0,,,,,
Instances/Instances 3/lu980_06.gt,979,500.0,86400.0,PTVRP_LAYERED_CONT_FIX,33701.0,53,1,0.0038,50,20,1,15083,15.4065,,0,0,640,0,,,,,
Instances/Instances 3/lu980_07.gt,979,1000.0,86400.0,PTVRP_LAYERED_CONT_FIX,22041.0,26,1,0.0034,25,14,1,9579,9.78447,,0,0,107,0,,,,,
Instances/Instances 3/lu980_08.gt,979,2000.0,86400.0,PTVRP_LAYERED_CONT_FIX,16239.0,14,1,0.003,13,10,1,6039,6.16854,,0,0,94,0,,,,,
Instances/Instances 3/lu980_09.gt,979,5000.0,86400.0,PTVRP_LAYERED_CONT_FIX,13197.0,6,1,0.003,6,6,1,2968,3.03166,,0,0,0,0,,,,,
Instances/Instances 3/lu980_10.gt,979,10000.0,86400.0,PTVRP_LAYERED_CONT_FIX,12225.0,3,1,0.0027,3,3,1,1735,1.77222,,0,0,0,0,,,,,
Instances/Instances 3/mo14185_01.gt,14184,10.0,86400.0,PTVRP_LAYERED_CONT_FIX,190178737.0,6239,24,0.0669,36310,82,27,449019,31.6567,,0,0,73321,0,,,,,
Instances/Instances 3/mo14185_02.gt,14184,20.0,86400.0,PTVRP_LAYERED_CONT_FIX,94886942.0,3918,18,0.0526,18142,58,19,405254,28.5712,,0,0,115881,0,,,,,
Instances/Instances 3/mo14185_03.gt,14184,50.0,86400.0,PTVRP_LAYERED_CONT_FIX,38265507.0,2878,12,0.0467,7211,41,12,328625,23.1687,,0,0,183041,0,,,,,
Instances/Instances 3/mo14185_04.gt,14184,100.0,86400.0,PTVRP_LAYERED_CONT_FIX,19578291.0,1972,7,0.0362,3633,30,9,267735,18.8758,,0,0,219740,0,,,,,
Instances/Instances 3/mo14185_05.gt,14184,200.0,86400.0,PTVRP_LAYERED_CONT_FIX,10007962.0,1444,4,0.0325,1823,21,5,210796,14.8615,,0,0,220378,0,,,,,
Instances/Instances 3/mo14185_06.gt,14184,500.0,86400.0,PTVRP_LAYERED_CONT_FIX,4167445.0,725,2,0.0256,723,13,3,146265,10.312,,0,0,138321,0,,,,,
Instances/Instances 3/mo14185_07.gt,14184,1000.0,86400.0,PTVRP_LAYERED_CONT_FIX,2278933.0,371,2,0.0205,364,10,3,108603,7.65673,,0,0,63043,0,,,,,
Instances/Instances 3/mo14185_08.gt,14184,2000.0,86400.0,PTVRP_LAYERED_CONT_FIX,1338812.0,186,1,0.0174,182,7,2,79549,5.60836,,0,0,34123,0,,,,,
Instances/Instances 3/mo14185_09.gt,14184,5000.0,86400.0,PTVRP_LAYERED_CONT_FIX,783172.0,77,1,0.0149,73,4,1,51369,3.62162,,0,0,7135,0,,,,,
Instances/Instances 3/mo14185_10.gt,14184,10000.0,86400.0,PTVRP_LAYERED_CONT_FIX,603909.0,39,1,0.0131,37,3,1,37472,2.64185,,0,0,1933,0,,,,,
Instances/Instances 3/mu1979_01.gt,1978,10.0,86400.0,PTVRP_LAYERED_CONT_FIX,21170613.0,942,24,0.0114,4967,101,31,86552,43.7573,,0,0,10989,0,,,,,
Instances/Instances 3/mu1979_02.gt,1978,20.0,86400.0,PTVRP_LAYERED_CONT_FIX,10601470.0,639,14,0.01,2547,71,16,72089,36.4454,,0,0,14742,0,,,,,
Instances/Instances 3/mu1979_03.gt,1978,50.0,86400.0,PTVRP_LAYERED_CONT_FIX,4384693.0,474,9,0.009,1026,46,11,52586,26.5854,,0,0,18390,0,,,,,
Instances/Instances 3/mu1979_04.gt,1978,100.0,86400.0,PTVRP_LAYERED_CONT_FIX,2134080.0,337,6,0.0076,500,32,10,39829,20.136,,0,0,18796,0,,,,,
Instances/Instances 3/mu1979_05.gt,1978,200.0,86400.0,PTVRP_LAYERED_CONT_FIX,1109709.0,225,3,0.0059,251,23,5,29607,14.9681,,0,0,15587,0,,,,,
Instances/Instances 3/mu1979_06.gt,1978,500.0,86400.0,PTVRP_LAYERED_CONT_FIX,481068.0,102,3,0.0051,101,14,3,19529,9.8731,,0,0,8621,0,,,,,
Instances/Instances 3/mu1979_07.gt,1978,1000.0,86400.0,PTVRP_LAYERED_CONT_FIX,281196.0,53,1,0.0043,50,9,2,13777,6.96512,,0,0,4018,0,,,,,
Instances/Instances 3/mu1979_08.gt,1978,2000.0,86400.0,PTVRP_LAYERED_CONT_FIX,187097.0,27,1,0.0041,26,7,1,9838,4.97371,,0,0,1067,0,,,,,
Instances/Instances 3/mu1979_09.gt,1978,5000.0,86400.0,PTVRP_LAYERED_CONT_FIX,126324.0,12,1,0.005,11,4,1,6265,3.16734,,0,0,150,0,,,,,
Instances/Instances 3/mu1979_10.gt,1978,10000.0,86400.0,PTVRP_LAYERED_CONT_FIX,110058.0,6,1,0.0045,6,3,1,4477,2.2634,,0,0,44,0,,,,,
Instances/Instances 3/nrw1379_01.gt,1378,10.0,86400.0,PTVRP_LAYERED_CONT_FIX,5653357.0,730,16,0.0082,3486,74,18,73193,53.1154,,0,0,6664,0,,,,,
Instances/Instances 3/nrw1379_02.gt,1378,20.0,86400.0,PTVRP_LAYERED_CONT_FIX,2864393.0,575,11,0.0084,1745,54,11,56606,41.0784,,0,0,7362,0,,,,,
Instances/Instances 3/nrw1379_03.gt,1378,50.0,86400.0,PTVRP_LAYERED_CONT_FIX,1249891.0,477,6,0.0069,715,36,8,38768,28.1335,,0,0,6675,0,,,,,
Instances/Instances 3/nrw1379_04.gt,1378,100.0,86400.0,PTVRP_LAYERED_CONT_FIX,639977.0,292,3,0.0064,355,25,4,28277,20.5203,,0,0,4405,0,,,,,
Instances/Instances 3/nrw1379_05.gt,1378,200.0,86400.0,PTVRP_LAYERED_CONT_FIX,336992.0,177,2,0.0052,175,18,2,20178,14.643,,0,0,2385,0,,,,,
Instances/Instances 3/nrw1379_06.gt,1378,500.0,86400.0,PTVRP_LAYERED_CONT_FIX,159940.0,74,1,0.0043,70,11,2,12754,9.25544,,0,0,672,0,,,,,
Instances/Instances 3/nrw1379_07.gt,1378,1000.0,86400.0,PTVRP_LAYERED_CONT_FIX,107812.0,38,1,0.0038,36,8,1,9014,6.54136,,0,0,519,0,,,,,
Instances/Instances 3/nrw1379_08.gt,1378,2000.0,86400.0,PTVRP_LAYERED_CONT_FIX,80077.0,20,1,0.0035,18,6,1,6147,4.46081,,0,0,17,0,,,,,
Instances/Instances 3/nrw1379_09.gt,1378,5000.0,86400.0,PTVRP_LAYERED_CONT_FIX,64945.0,10,1,0.0033,8,3,1,3554,2.5791,,0,0,0,0,,,,,
Instances/Instances 3/nrw1379_10.gt,1378,10000.0,86400.0,PTVRP_LAYERED_CONT_FIX,60155.0,5,1,0.0031,4,2,1,2365,1.71626,,0,0,0,0,,,,,
Instances/Instances 3/nu3496_01.gt,3495,10.0,86400.0,PTVRP_LAYERED_CONT_FIX,19679188.0,1495,27,0.0177,8861,111,28,201176,57.5611,,0,0,23384,0,,,,,
Instances/Instances 3/nu3496_02.gt,3495,20.0,86400.0,PTVRP_LAYERED_CONT_FIX,9982322.0,1133,16,0.0177,4412,75,18,161637,46.2481,,0,0,29933,0,,,,,
Instances/Instances 3/nu3496_03.gt,3495,50.0,86400.0,PTVRP_LAYERED_CONT_FIX,4081427.0,911,10,0.0158,1753,49,11,114640,32.8011,,0,0,33904,0,,,,,
Instances/Instances 3/nu3496_04.gt,3495,100.0,86400.0,PTVRP_LAYERED_CONT_FIX,2118845.0,595,6,0.0128,889,35,7,86302,24.693,,0,0,30886,0,,,,,
Instances/Instances 3/nu3496_05.gt,3495,200.0,86400.0,PTVRP_LAYERED_CONT_FIX,1114055.0,408,4,0.0104,450,26,5,63529,18.1771,,0,0,21409,0,,,,,
Instances/Instances 3/nu3496_06.gt,3495,500.0,86400.0,PTVRP_LAYERED_CONT_FIX,479236.0,186,1,0.0079,177,16,2,40758,11.6618,,0,0,9740,0,,,,,
Instances/Instances 3/nu3496_07.gt,3495,1000.0,86400.0,PTVRP_LAYERED_CONT_FIX,280981.0,92,1,0.0065,89,11,1,28762,8.22947,,0,0,4139,0,,,,,
Instances/Instances 3/nu3496_08.gt,3495,2000.0,86400.0,PTVRP_LAYERED_CONT_FIX,185342.0,47,1,0.0057,45,8,1,20217,5.78455,,0,0,2691,0,,,,,
Instances/Instances 3/nu3496_09.gt,3495,5000.0,86400.0,PTVRP_LAYERED_CONT_FIX,127054.0,21,1,0.005,18,5,1,12300,3.51931,,0,0,751,0,,,,,
Instances/Instances 3/nu3496_10.gt,3495,10000.0,86400.0,PTVRP_LAYERED_CONT_FIX,110197.0,11,1,0.0047,9,3,1,8629,2.46896,,0,0,190,0,,,,,
Instances/Instances 3/p654_01.gt,653,10.0,86400.0,PTVRP_LAYERED_CONT_FIX,8542444.0,280,17,0.0045,1651,49,17,18246,27.9418,,0,0,3171,0,,,,,
Instances/Instances 3/p654_02.gt,653,20.0,86400.0,PTVRP_LAYERED_CONT_FIX,4130591.0,177,14,0.004,797,36,15,16537,25.3247,,0,0,5169,0,,,,,
Instances/Instances 3/p654_03.gt,653,50.0,86400.0,PTVRP_LAYERED_CONT_FIX,1792804.0,151,7,0.0039,341,27,13,13671,20.9357,,0,0,8112,0,,,,,
Instances/Instances 3/p654_04.gt,653,100.0,86400.0,PTVRP_LAYERED_CONT_FIX,882536.0,88,6,0.0036,165,23,9,10631,16.2802,,0,0,8455,0,,,,,
Instances/Instances 3/p654_05.gt,653,200.0,86400.0,PTVRP_LAYERED_CONT_FIX,460540.0,70,3,0.0034,84,17,5,7918,12.1256,,0,0,5326,0,,,,,
Instances/Instances 3/p654_06.gt,653,500.0,86400.0,PTVRP_LAYERED_CONT_FIX,207954.0,33,3,0.003,35,11,3,5164,7.90812,,0,0,2351,0,,,,,
Instances/Instances 3/p654_07.gt,653,1000.0,86400.0,PTVRP_LAYERED_CONT_FIX,115213.0,18,1,0.0029,17,8,3,3393,5.19602,,0,0,891,0,,,,,
Instances/Instances 3/p654_08.gt,653,2000.0,86400.0,PTVRP_LAYERED_CONT_FIX,73369.0,9,1,0.0027,9,5,1,2215,3.39204,,0,0,167,0,,,,,
Instances/Instances 3/p654_09.gt,653,5000.0,86400.0,PTVRP_LAYERED_CONT_FIX,47469.0,4,1,0.0032,4,3,1,1302,1.99387,,0,0,4,0,,,,,
Instances/Instances 3/p654_10.gt,653,10000.0,86400.0,PTVRP_LAYERED_CONT_FIX,40143.0,2,1,0.0027,2,2,1,920,1.40888,,0,0,0,0,,,,,
Instances/Instances 3/pcb1173_01.gt,1172,10.0,86400.0,PTVRP_LAYERED_CONT_FIX,5492447.0,632,18,0.0072,2996,74,18,56723,48.3985,,0,0,5362,0,,,,,
Instances/Instances 3/pcb1173_02.gt,1172,20.0,86400.0,PTVRP_LAYERED_CONT_FIX,2864320.0,476,10,0.0074,1486,51,13,43628,37.2253,,0,0,6022,0,,,,,
Instances/Instances 3/pcb1173_03.gt,1172,50.0,86400.0,PTVRP_LAYERED_CONT_FIX,1196657.0,380,5,0.0067,597,33,7,30046,25.6365,,0,0,5421,0,,,,,
Instances/Instances 3/pcb1173_04.gt,1172,100.0,86400.0,PTVRP_LAYERED_CONT_FIX,620414.0,250,3,0.0055,298,23,4,21883,18.6715,,0,0,3815,0,,,,,
Instances/Instances 3/pcb1173_05.gt,1172,200.0,86400.0,PTVRP_LAYERED_CONT_FIX,330572.0,157,2,0.0045,150,15,2,15784,13.4676,,0,0,2151,0,,,,,
Instances/Instances 3/pcb1173_06.gt,1172,500.0,86400.0,PTVRP_LAYERED_CONT_FIX,158018.0,62,1,0.0042,59,10,1,9773,8.33874,,0,0,568,0,,,,,
Instances/Instances 3/pcb1173_07.gt,1172,1000.0,86400.0,PTVRP_LAYERED_CONT_FIX,105872.0,33,1,0.004,30,7,1,7030,5.99829,,0,0,607,0,,,,,
Instances/Instances 3/pcb1173_08.gt,1172,2000.0,86400.0,PTVRP_LAYERED_CONT_FIX,78914.0,16,1,0.0033,16,5,1,4935,4.21075,,0,0,447,0,,,,,
Instances/Instances 3/pcb1173_09.gt,1172,5000.0,86400.0,PTVRP_LAYERED_CONT_FIX,64560.0,7,1,0.0034,6,3,1,2903,2.47696,,0,0,0,0,,,,,
Instances/Instances 3/pcb1173_10.gt,1172,10000.0,86400.0,PTVRP_LAYERED_CONT_FIX,61052.0,4,1,0.003,3,2,1,1952,1.66553,,0,0,0,0,,,,,
Instances/Instances 3/pcb3038_01.gt,3037,10.0,86400.0,PTVRP_LAYERED_CONT_FIX,21095837.0,1469,19,0.0169,7730,78,19,128316,42.2509,,0,0,15624,0,,,,,
Instances/Instances 3/pcb3038_02.gt,3037,20.0,86400.0,PTVRP_LAYERED_CONT_FIX,10835812.0,1087,12,0.0147,3858,54,15,103757,34.1643,,0,0,19632,0,,,,,
Instances/Instances 3/pcb3038_03.gt,3037,50.0,86400.0,PTVRP_LAYERED_CONT_FIX,4471439.0,852,7,0.0131,1543,31,9,74619,24.57,,0,0,21160,0,,,,,
Instances/Instances 3/pcb3038_04.gt,3037,100.0,86400.0,PTVRP_LAYERED_CONT_FIX,2289406.0,586,4,0.0108,773,23,5,56151,18.489,,0,0,17304,0,,,,,
Instances/Instances 3/pcb3038_05.gt,3037,200.0,86400.0,PTVRP_LAYERED_CONT_FIX,1189258.0,376,3,0.0087,385,16,3,41292,13.5963,,0,0,10997,0,,,,,
Instances/Instances 3/pcb3038_06.gt,3037,500.0,86400.0,PTVRP_LAYERED_CONT_FIX,544627.0,164,1,0.0068,155,10,2,26937,8.86961,,0,0,4788,0,,,,,
Instances/Instances 3/pcb3038_07.gt,3037,1000.0,86400.0,PTVRP_LAYERED_CONT_FIX,336337.0,82,1,0.0064,78,7,1,19714,6.49127,,0,0,3514,0,,,,,
Instances/Instances 3/pcb3038_08.gt,3037,2000.0,86400.0,PTVRP_LAYERED_CONT_FIX,229404.0,42,1,0.0052,39,5,1,14264,4.69674,,0,0,1607,0,,,,,
Instances/Instances 3/pcb3038_09.gt,3037,5000.0,86400.0,PTVRP_LAYERED_CONT_FIX,172113.0,17,1,0.0049,16,3,1,8529,2.80836,,0,0,0,0,,,,,
Instances/Instances 3/pcb3038_10.gt,3037,10000.0,86400.0,PTVRP_LAYERED_CONT_FIX,153126.0,10,1,0.0044,8,2,1,5702,1.87751,,0,0,0,0,,,,,
Instances/Instances 3/pcb442_01.gt,441,10.0,86400.0,PTVRP_LAYERED_CONT_FIX,2985167.0,257,13,0.0044,1072,46,13,13599,30.8367,,0,0,1308,0,,,,,
Instances/Instances 3/pcb442_02.gt,441,20.0,86400.0,PTVRP_LAYERED_CONT_FIX,1591676.0,190,9,0.0041,556,32,10,10687,24.2336,,0,0,1449,0,,,,,
Instances/Instances 3/pcb442_03.gt,441,50.0,86400.0,PTVRP_LAYERED_CONT_FIX,666538.0,174,3,0.0038,223,21,7,7284,16.517,,0,0,1245,0,,,,,
Instances/Instances 3/pcb442_04.gt,441,100.0,86400.0,PTVRP_LAYERED_CONT_FIX,352858.0,107,2,0.0033,110,14,3,5181,11.7483,,0,0,767,0,,,,,
Instances/Instances 3/pcb442_05.gt,441,200.0,86400.0,PTVRP_LAYERED_CONT_FIX,191037.0,61,1,0.0032,56,10,2,3707,8.4059,,0,0,365,0,,,,,
Instances/Instances 3/pcb442_06.gt,441,500.0,86400.0,PTVRP_LAYERED_CONT_FIX,103755.0,24,1,0.0028,23,6,1,2316,5.2517,,0,0,173,0,,,,,
Instances/Instances 3/pcb442_07.gt,441,1000.0,86400.0,PTVRP_LAYERED_CONT_FIX,75297.0,12,1,0.0028,12,4,1,1547,3.50794,,0,0,0,0,,,,,
Instances/Instances 3/pcb442_08.gt,441,2000.0,86400.0,PTVRP_LAYERED_CONT_FIX,63158.0,7,1,0.0026,6,3,1,1098,2.4898,,0,0,0,0,,,,,
Instances/Instances 3/pcb442_09.gt,441,5000.0,86400.0,PTVRP_LAYERED_CONT_FIX,56573.0,3,1,0.0025,3,2,1,680,1.54195,,0,0,0,0,,,,,
Instances/Instances 3/pcb442_10.gt,441,10000.0,86400.0,PTVRP_LAYERED_CONT_FIX,55052.0,2,1,0.0024,2,1,1,441,1.0,,0,0,0,0,,,,,
Instances/Instances 3/pm8079_01.gt,8078,10.0,86400.0,PTVRP_LAYERED_CONT_FIX,42933464.0,3016,29,0.0455,20682,157,39,572824,70.9116,,0,0,73780,0,,,,,
Instances/Instances 3/pm8079_02.gt,8078,20.0,86400.0,PTVRP_LAYERED_CONT_FIX,21678833.0,2234,18,0.0474,10374,106,24,474020,58.6804,,0,0,99863,0,,,,,
Instances/Instances 3/pm8079_03.gt,8078,50.0,86400.0,PTVRP_LAYERED_CONT_FIX,8752999.0,1679,10,0.0374,4086,65,17,345054,42.7153,,1,0,123835,0,,,,,
Instances/Instances 3/pm8079_04.gt,8078,100.0,86400.0,PTVRP_LAYERED_CONT_FIX,4476368.0,1199,6,0.031,2053,47,8,263863,32.6644,,0,0,117903,0,,,,,
Instances/Instances 3/pm8079_05.gt,8078,200.0,86400.0,PTVRP_LAYERED_CONT_FIX,2274327.0,846,4,0.0248,1021,33,5,196422,24.3157,,0,0,91489,0,,,,,
Instances/Instances 3/pm8079_06.gt,8078,500.0,86400.0,PTVRP_LAYERED_CONT_FIX,960838.0,419,2,0.018,412,21,3,129787,16.0667,,0,0,46709,0,,,,,
Instances/Instances 3/pm8079_07.gt,8078,1000.0,86400.0,PTVRP_LAYERED_CONT_FIX,530978.0,213,1,0.0153,206,14,2,92885,11.4985,,0,0,22910,0,,,,,
Instances/Instances 3/pm8079_08.gt,8078,2000.0,86400.0,PTVRP_LAYERED_CONT_FIX,319194.0,106,1,0.0121,103,10,1,66343,8.2128,,0,0,9921,0,,,,,
Instances/Instances 3/pm8079_09.gt,8078,5000.0,86400.0,PTVRP_LAYERED_CONT_FIX,192786.0,45,1,0.0095,42,6,1,41013,5.07712,,0,0,2317,0,,,,,
Instances/Instances 3/pm8079_10.gt,8078,10000.0,86400.0,PTVRP_LAYERED_CONT_FIX,152073.0,22,1,0.009,21,4,1,28725,3.55595,,0,0,1246,0,,,,,
Instances/Instances 3/pr1002_01.gt,1001,10.0,86400.0,PTVRP_LAYERED_CONT_FIX,NO SOLUTION,,,0.0034,2639,37,4,13900,13.8861,,0,0,2,0,,,,,
Instances/Instances 3/pr1002_02.gt,1001,20.0,86400.0,PTVRP_LAYERED_CONT_FIX,12903461.0,402,9,0.0054,1257,27,9,12162,12.1499,,0,0,3132,0,,,,,
Instances/Instances 3/pr1002_03.gt,1001,50.0,86400.0,PTVRP_LAYERED_CONT_FIX,5624823.0,328,5,0.0048,529,15,6,9444,9.43457,,0,0,3974,0,,,,,
Instances/Instances 3/pr1002_04.gt,1001,100.0,86400.0,PTVRP_LAYERED_CONT_FIX,2842708.0,196,4,0.0049,254,9,4,7173,7.16583,,0,0,4002,0,,,,,
Instances/Instances 3/pr1002_05.gt,1001,200.0,86400.0,PTVRP_LAYERED_CONT_FIX,1514476.0,134,2,0.004,129,7,2,5503,5.4975,,0,0,3268,0,,,,,
Instances/Instances 3/pr1002_06.gt,1001,500.0,86400.0,PTVRP_LAYERED_CONT_FIX,720872.0,55,1,0.0034,51,5,1,3709,3.70529,,0,0,1570,0,,,,,
Instances/Instances 3/pr1002_07.gt,1001,1000.0,86400.0,PTVRP_LAYERED_CONT_FIX,481810.0,28,1,0.0032,26,3,1,2731,2.72827,,0,0,1298,0,,,,,
Instances/Instances 3/pr1002_08.gt,1001,2000.0,86400.0,PTVRP_LAYERED_CONT_FIX,368457.0,15,1,0.003,13,2,1,1922,1.92008,,0,0,112,0,,,,,
Instances/Instances 3/pr1002_09.gt,1001,5000.0,86400.0,PTVRP_LAYERED_CONT_FIX,297554.0,6,1,0.0028,6,1,1,1001,1.0,,0,0,0,0,,,,,
Instances/Instances 3/pr1002_10.gt,1001,10000.0,86400.0,PTVRP_LAYERED_CONT_FIX,283439.0,4,1,0.0028,3,1,1,1001,1.0,,0,0,210,0,,,,,
Instances/Instances 3/pr107_01.gt,106,10.0,86400.0,PTVRP_LAYERED_CONT_FIX,2842350.0,71,10,0.0025,276,28,10,1472,13.8868,,0,0,162,0,,,,,
Instances/Instances 3/pr107_02.gt,106,20.0,86400.0,PTVRP_LAYERED_CONT_FIX,1417795.0,57,7,0.0025,137,20,7,1178,11.1132,,0,0,224,0,,,,,
Instances/Instances 3/pr107_03.gt,106,50.0,86400.0,PTVRP_LAYERED_CONT_FIX,616267.0,37,5,0.0025,55,13,5,814,7.67925,,0,0,232,0,,,,,
Instances/Instances 3/pr107_04.gt,106,100.0,86400.0,PTVRP_LAYERED_CONT_FIX,280299.0,24,2,0.0027,24,8,3,555,5.23585,,0,0,191,0,,,,,
Instances/Instances 3/pr107_05.gt,106,200.0,86400.0,PTVRP_LAYERED_CONT_FIX,182443.0,16,2,0.0023,14,5,2,417,3.93396,,0,0,212,0,,,,,
Instances/Instances 3/pr107_06.gt,106,500.0,86400.0,PTVRP_LAYERED_CONT_FIX,85521.0,7,1,0.0023,6,3,1,257,2.42453,,0,0,76,0,,,,,
Instances/Instances 3/pr107_07.gt,106,1000.0,86400.0,PTVRP_LAYERED_CONT_FIX,65048.0,3,1,0.0024,3,2,1,172,1.62264,,0,0,0,0,,,,,
Instances/Instances 3/pr107_08.gt,106,2000.0,86400.0,PTVRP_LAYERED_CONT_FIX,51947.0,3,1,0.0023,2,2,1,136,1.28302,,0,0,10,0,,,,,
Instances/Instances 3/pr107_09.gt,106,5000.0,86400.0,PTVRP_LAYERED_CONT_FIX,50502.0,2,1,0.0025,1,1,1,106,1.0,,0,0,0,0,,,,,
Instances/Instances 3/pr107_10.gt,106,10000.0,86400.0,PTVRP_LAYERED_CONT_FIX,50502.0,2,1,0.0023,1,1,1,106,1.0,,0,0,0,0,,,,,
Instances/Instances 3/pr124_01.gt,123,10.0,86400.0,PTVRP_LAYERED_CONT_FIX,2738248.0,80,8,0.0026,296,21,9,1499,12.187,,0,0,224,0,,,,,
Instances/Instances 3/pr124_02.gt,123,20.0,86400.0,PTVRP_LAYERED_CONT_FIX,1512911.0,59,8,0.0027,159,15,8,1300,10.5691,,0,0,278,0,,,,,
Instances/Instances 3/pr124_03.gt,123,50.0,86400.0,PTVRP_LAYERED_CONT_FIX,587135.0,44,3,0.0027,58,12,6,889,7.22764,,0,0,308,0,,,,,
Instances/Instances 3/pr124_04.gt,123,100.0,86400.0,PTVRP_LAYERED_CONT_FIX,343373.0,30,2,0.0025,32,9,4,664,5.39837,,0,0,216,0,,,,,
Instances/Instances 3/pr124_05.gt,123,200.0,86400.0,PTVRP_LAYERED_CONT_FIX,187917.0,16,2,0.0023,16,6,2,467,3.79675,,0,0,181,0,,,,,
Instances/Instances 3/pr124_06.gt,123,500.0,86400.0,PTVRP_LAYERED_CONT_FIX,102185.0,7,1,0.0024,7,3,1,299,2.43089,,0,0,152,0,,,,,
Instances/Instances 3/pr124_07.gt,123,1000.0,86400.0,PTVRP_LAYERED_CONT_FIX,81923.0,4,1,0.0023,4,2,1,205,1.66667,,0,0,0,0,,,,,
Instances/Instances 3/pr124_08.gt,123,2000.0,86400.0,PTVRP_LAYERED_CONT_FIX,71966.0,2,1,0.0022,2,2,1,142,1.15447,,0,0,45,0,,,,,
Instances/Instances 3/pr124_09.gt,123,5000.0,86400.0,PTVRP_LAYERED_CONT_FIX,66676.0,1,1,0.0024,1,1,1,123,1.0,,0,0,0,0,,,,,
Instances/Instances 3/pr124_10.gt,123,10000.0,86400.0,PTVRP_LAYERED_CONT_FIX,66676.0,1,1,0.0023,1,1,1,123,1.0,,0,0,0,0,,,,,
Instances/Instances 3/pr136_01.gt,135,10.0,86400.0,PTVRP_LAYERED_CONT_FIX,NO SOLUTION,,,0.0025,338,17,8,1409,10.437,,0,0,66,0,,,,,
Instances/Instances 3/pr136_02.gt,135,20.0,86400.0,PTVRP_LAYERED_CONT_FIX,1811364.0,71,6,0.0028,164,12,6,1135,8.40741,,0,0,231,0,,,,,
Instances/Instances 3/pr136_03.gt,135,50.0,86400.0,PTVRP_LAYERED_CONT_FIX,790973.0,54,4,0.0027,66,8,4,805,5.96296,,0,0,208,0,,,,,
Instances/Instances 3/pr136_04.gt,135,100.0,86400.0,PTVRP_LAYERED_CONT_FIX,432928.0,34,2,0.0025,35,6,3,607,4.4963,,0,0,185,0,,,,,
Instances/Instances 3/pr136_05.gt,135,200.0,86400.0,PTVRP_LAYERED_CONT_FIX,254531.0,20,1,0.0025,18,4,2,454,3.36296,,0,0,135,0,,,,,
Instances/Instances 3/pr136_06.gt,135,500.0,86400.0,PTVRP_LAYERED_CONT_FIX,147667.0,8,1,0.0023,7,3,1,260,1.92593,,0,0,13,0,,,,,
Instances/Instances 3/pr136_07.gt,135,1000.0,86400.0,PTVRP_LAYERED_CONT_FIX,121669.0,4,1,0.0024,4,2,1,227,1.68148,,0,0,59,0,,,,,
Instances/Instances 3/pr136_08.gt,135,2000.0,86400.0,PTVRP_LAYERED_CONT_FIX,111704.0,2,1,0.0022,2,1,1,135,1.0,,0,0,0,0,,,,,
Instances/Instances 3/pr136_09.gt,135,5000.0,86400.0,PTVRP_LAYERED_CONT_FIX,107219.0,2,1,0.0023,1,1,1,135,1.0,,0,0,6,0,,,,,
Instances/Instances 3/pr136_10.gt,135,10000.0,86400.0,PTVRP_LAYERED_CONT_FIX,107219.0,2,1,0.0032,1,1,1,135,1.0,,0,0,6,0,,,,,
Instances/Instances 3/pr144_01.gt,143,10.0,86400.0,PTVRP_LAYERED_CONT_FIX,3349011.0,80,10,0.0032,352,31,10,1847,12.9161,,0,0,285,0,,,,,
Instances/Instances 3/pr144_02.gt,143,20.0,86400.0,PTVRP_LAYERED_CONT_FIX,1617568.0,60,9,0.0028,173,17,9,1526,10.6713,,0,0,344,0,,,,,
Instances/Instances 3/pr144_03.gt,143,50.0,86400.0,PTVRP_LAYERED_CONT_FIX,706596.0,56,5,0.0029,70,10,5,1080,7.55245,,0,0,362,0,,,,,
Instances/Instances 3/pr144_04.gt,143,100.0,86400.0,PTVRP_LAYERED_CONT_FIX,373881.0,32,2,0.0025,37,8,3,826,5.77622,,0,0,351,0,,,,,
Instances/Instances 3/pr144_05.gt,143,200.0,86400.0,PTVRP_LAYERED_CONT_FIX,208818.0,20,1,0.0025,19,6,2,584,4.08392,,0,0,283,0,,,,,
Instances/Instances 3/pr144_06.gt,143,500.0,86400.0,PTVRP_LAYERED_CONT_FIX,112221.0,8,1,0.0024,8,3,1,370,2.58741,,0,0,53,0,,,,,
Instances/Instances 3/pr144_07.gt,143,1000.0,86400.0,PTVRP_LAYERED_CONT_FIX,82543.0,4,1,0.0024,4,2,1,249,1.74126,,0,0,0,0,,,,,
Instances/Instances 3/pr144_08.gt,143,2000.0,86400.0,PTVRP_LAYERED_CONT_FIX,71677.0,3,1,0.0025,2,2,1,194,1.35664,,0,0,96,0,,,,,
Instances/Instances 3/pr144_09.gt,143,5000.0,86400.0,PTVRP_LAYERED_CONT_FIX,68780.0,1,1,0.0023,1,1,1,143,1.0,,0,0,0,0,,,,,
Instances/Instances 3/pr144_10.gt,143,10000.0,86400.0,PTVRP_LAYERED_CONT_FIX,68780.0,1,1,0.0023,1,1,1,143,1.0,,0,0,0,0,,,,,
Instances/Instances 3/pr152_01.gt,151,10.0,86400.0,PTVRP_LAYERED_CONT_FIX,4095117.0,102,9,0.003,381,25,10,1836,12.1589,,0,0,252,0,,,,,
Instances/Instances 3/pr152_02.gt,151,20.0,86400.0,PTVRP_LAYERED_CONT_FIX,1944988.0,74,6,0.0027,176,18,6,1496,9.90728,,0,0,318,0,,,,,
Instances/Instances 3/pr152_03.gt,151,50.0,86400.0,PTVRP_LAYERED_CONT_FIX,900697.0,62,5,0.0027,78,11,5,1093,7.23841,,0,0,337,0,,,,,
Instances/Instances 3/pr152_04.gt,151,100.0,86400.0,PTVRP_LAYERED_CONT_FIX,435559.0,32,2,0.0027,35,7,3,756,5.00662,,0,0,272,0,,,,,
Instances/Instances 3/pr152_05.gt,151,200.0,86400.0,PTVRP_LAYERED_CONT_FIX,250001.0,21,1,0.0024,18,5,2,568,3.76159,,0,0,256,0,,,,,
Instances/Instances 3/pr152_06.gt,151,500.0,86400.0,PTVRP_LAYERED_CONT_FIX,142253.0,9,1,0.0023,8,3,1,386,2.55629,,0,0,96,0,,,,,
Instances/Instances 3/pr152_07.gt,151,1000.0,86400.0,PTVRP_LAYERED_CONT_FIX,106584.0,4,1,0.0023,4,2,1,261,1.72848,,0,0,0,0,,,,,
Instances/Instances 3/pr152_08.gt,151,2000.0,86400.0,PTVRP_LAYERED_CONT_FIX,91842.0,2,1,0.0022,2,2,1,199,1.31788,,0,0,44,0,,,,,
Instances/Instances 3/pr152_09.gt,151,5000.0,86400.0,PTVRP_LAYERED_CONT_FIX,89575.0,2,1,0.0023,1,1,1,151,1.0,,0,0,3,0,,,,,
Instances/Instances 3/pr152_10.gt,151,10000.0,86400.0,PTVRP_LAYERED_CONT_FIX,89575.0,2,1,0.0023,1,1,1,151,1.0,,0,0,3,0,,,,,
Instances/Instances 3/pr226_01.gt,225,10.0,86400.0,PTVRP_LAYERED_CONT_FIX,7069881.0,147,12,0.003,555,23,13,2651,11.7822,,0,0,482,0,,,,,
Instances/Instances 3/pr226_02.gt,225,20.0,86400.0,PTVRP_LAYERED_CONT_FIX,3544375.0,111,7,0.0035,280,20,10,2344,10.4178,,0,0,652,0,,,,,
Instances/Instances 3/pr226_03.gt,225,50.0,86400.0,PTVRP_LAYERED_CONT_FIX,1394984.0,63,5,0.0031,105,14,5,1754,7.79556,,0,0,876,0,,,,,
Instances/Instances 3/pr226_04.gt,225,100.0,86400.0,PTVRP_LAYERED_CONT_FIX,788316.0,44,3,0.0026,57,11,4,1341,5.96,,0,0,808,0,,,,,
Instances/Instances 3/pr226_05.gt,225,200.0,86400.0,PTVRP_LAYERED_CONT_FIX,403590.0,28,2,0.0026,28,7,2,988,4.39111,,0,0,580,0,,,,,
Instances/Instances 3/pr226_06.gt,225,500.0,86400.0,PTVRP_LAYERED_CONT_FIX,206012.0,13,1,0.0023,11,4,1,674,2.99556,,0,0,590,0,,,,,
Instances/Instances 3/pr226_07.gt,225,1000.0,86400.0,PTVRP_LAYERED_CONT_FIX,135981.0,6,1,0.0025,6,3,1,457,2.03111,,0,0,52,0,,,,,
Instances/Instances 3/pr226_08.gt,225,2000.0,86400.0,PTVRP_LAYERED_CONT_FIX,112778.0,4,1,0.0028,3,2,1,338,1.50222,,0,0,295,0,,,,,
Instances/Instances 3/pr226_09.gt,225,5000.0,86400.0,PTVRP_LAYERED_CONT_FIX,97856.0,2,1,0.0026,2,1,1,225,1.0,,0,0,0,0,,,,,
Instances/Instances 3/pr226_10.gt,225,10000.0,86400.0,PTVRP_LAYERED_CONT_FIX,97856.0,2,1,0.0034,1,1,1,225,1.0,,0,0,0,0,,,,,
Instances/Instances 3/pr2392_01.gt,2391,10.0,86400.0,PTVRP_LAYERED_CONT_FIX,59233110.0,1458,15,0.0137,5906,36,15,36179,15.1313,,0,0,6190,0,,,,,
Instances/Instances 3/pr2392_02.gt,2391,20.0,86400.0,PTVRP_LAYERED_CONT_FIX,30752105.0,952,11,0.01,3046,27,11,32549,13.6131,,0,0,8993,0,,,,,
Instances/Instances 3/pr2392_03.gt,2391,50.0,86400.0,PTVRP_LAYERED_CONT_FIX,12574931.0,667,7,0.0086,1219,16,7,25824,10.8005,,0,0,12955,0,,,,,
Instances/Instances 3/pr2392_04.gt,2391,100.0,86400.0,PTVRP_LAYERED_CONT_FIX,6472349.0,452,4,0.0083,606,11,5,20432,8.54538,,0,0,13849,0,,,,,
Instances/Instances 3/pr2392_05.gt,2391,200.0,86400.0,PTVRP_LAYERED_CONT_FIX,3347377.0,297,3,0.0069,303,9,3,15650,6.54538,,0,0,11487,0,,,,,
Instances/Instances 3/pr2392_06.gt,2391,500.0,86400.0,PTVRP_LAYERED_CONT_FIX,1564893.0,131,1,0.0054,125,5,2,10973,4.58929,,0,0,6377,0,,,,,
Instances/Instances 3/pr2392_07.gt,2391,1000.0,86400.0,PTVRP_LAYERED_CONT_FIX,935720.0,65,1,0.0045,61,4,1,7486,3.13091,,0,0,1450,0,,,,,
Instances/Instances 3/pr2392_08.gt,2391,2000.0,86400.0,PTVRP_LAYERED_CONT_FIX,644791.0,32,1,0.0044,31,3,1,5693,2.38101,,0,0,2625,0,,,,,
Instances/Instances 3/pr2392_09.gt,2391,5000.0,86400.0,PTVRP_LAYERED_CONT_FIX,471148.0,15,1,0.0042,13,2,1,4594,1.92137,,0,0,2600,0,,,,,
Instances/Instances 3/pr2392_10.gt,2391,10000.0,86400.0,PTVRP_LAYERED_CONT_FIX,420652.0,8,1,0.0038,7,1,1,2391,1.0,,0,0,0,0,,,,,
Instances/Instances 3/pr264_01.gt,263,10.0,86400.0,PTVRP_LAYERED_CONT_FIX,4898412.0,147,12,0.0037,613,35,12,4787,18.2015,,0,0,731,0,,,,,
Instances/Instances 3/pr264_02.gt,263,20.0,86400.0,PTVRP_LAYERED_CONT_FIX,2754287.0,104,9,0.0029,349,31,9,4136,15.7262,,0,0,936,0,,,,,
Instances/Instances 3/pr264_03.gt,263,50.0,86400.0,PTVRP_LAYERED_CONT_FIX,1147944.0,86,5,0.0032,141,20,6,3075,11.692,,0,0,1169,0,,,,,
Instances/Instances 3/pr264_04.gt,263,100.0,86400.0,PTVRP_LAYERED_CONT_FIX,597027.0,56,4,0.0027,69,13,5,2245,8.53612,,0,0,1253,0,,,,,
Instances/Instances 3/pr264_05.gt,263,200.0,86400.0,PTVRP_LAYERED_CONT_FIX,283876.0,33,2,0.0028,32,9,3,1570,5.96958,,0,0,967,0,,,,,
Instances/Instances 3/pr264_06.gt,263,500.0,86400.0,PTVRP_LAYERED_CONT_FIX,138174.0,15,1,0.003,14,6,2,1015,3.85932,,0,0,539,0,,,,,
Instances/Instances 3/pr264_07.gt,263,1000.0,86400.0,PTVRP_LAYERED_CONT_FIX,92769.0,8,1,0.0026,7,4,1,716,2.72243,,0,0,99,0,,,,,
Instances/Instances 3/pr264_08.gt,263,2000.0,86400.0,PTVRP_LAYERED_CONT_FIX,68322.0,5,1,0.0024,4,3,1,502,1.90875,,0,0,177,0,,,,,
Instances/Instances 3/pr264_09.gt,263,5000.0,86400.0,PTVRP_LAYERED_CONT_FIX,53706.0,2,1,0.0026,2,2,1,330,1.25475,,0,0,86,0,,,,,
Instances/Instances 3/pr264_10.gt,263,10000.0,86400.0,PTVRP_LAYERED_CONT_FIX,50874.0,1,1,0.0023,1,1,1,263,1.0,,0,0,0,0,,,,,
Instances/Instances 3/pr299_01.gt,298,10.0,86400.0,PTVRP_LAYERED_CONT_FIX,2952053.0,177,14,0.0033,713,37,14,7178,24.0872,,0,0,817,0,,,,,
Instances/Instances 3/pr299_02.gt,298,20.0,86400.0,PTVRP_LAYERED_CONT_FIX,1687892.0,138,9,0.0037,396,30,9,5906,19.8188,,0,0,946,0,,,,,
Instances/Instances 3/pr299_03.gt,298,50.0,86400.0,PTVRP_LAYERED_CONT_FIX,729539.0,124,4,0.0031,158,18,5,4063,13.6342,,0,0,883,0,,,,,
Instances/Instances 3/pr299_04.gt,298,100.0,86400.0,PTVRP_LAYERED_CONT_FIX,355455.0,69,2,0.0031,75,13,3,2879,9.66107,,0,0,591,0,,,,,
Instances/Instances 3/pr299_05.gt,298,200.0,86400.0,PTVRP_LAYERED_CONT_FIX,193567.0,40,1,0.0027,37,9,2,2028,6.80537,,0,0,296,0,,,,,
Instances/Instances 3/pr299_06.gt,298,500.0,86400.0,PTVRP_LAYERED_CONT_FIX,102998.0,17,1,0.0025,16,5,1,1296,4.34899,,0,0,37,0,,,,,
Instances/Instances 3/pr299_07.gt,298,1000.0,86400.0,PTVRP_LAYERED_CONT_FIX,75081.0,9,1,0.0026,8,4,1,953,3.19799,,0,0,153,0,,,,,
Instances/Instances 3/pr299_08.gt,298,2000.0,86400.0,PTVRP_LAYERED_CONT_FIX,60992.0,5,1,0.003,4,3,1,624,2.09396,,0,0,231,0,,,,,
Instances/Instances 3/pr299_09.gt,298,5000.0,86400.0,PTVRP_LAYERED_CONT_FIX,55003.0,2,1,0.0025,2,2,1,402,1.34899,,0,0,0,0,,,,,
Instances/Instances 3/pr299_10.gt,298,10000.0,86400.0,PTVRP_LAYERED_CONT_FIX,54703.0,1,1,0.0024,1,1,1,298,1.0,,0,0,0,0,,,,,
Instances/Instances 3/pr439_01.gt,438,10.0,86400.0,PTVRP_LAYERED_CONT_FIX,7480967.0,270,10,0.0041,1076,41,12,8221,18.7694,,0,0,1128,0,,,,,
Instances/Instances 3/pr439_02.gt,438,20.0,86400.0,PTVRP_LAYERED_CONT_FIX,4099770.0,194,8,0.0037,577,28,10,6914,15.7854,,0,0,1411,0,,,,,
Instances/Instances 3/pr439_03.gt,438,50.0,86400.0,PTVRP_LAYERED_CONT_FIX,1696529.0,163,4,0.0035,222,16,6,4852,11.0776,,0,0,1552,0,,,,,
Instances/Instances 3/pr439_04.gt,438,100.0,86400.0,PTVRP_LAYERED_CONT_FIX,870009.0,101,3,0.0032,110,12,4,3620,8.26484,,0,0,1381,0,,,,,
Instances/Instances 3/pr439_05.gt,438,200.0,86400.0,PTVRP_LAYERED_CONT_FIX,485210.0,61,2,0.0037,57,9,2,2632,6.00913,,0,0,993,0,,,,,
Instances/Instances 3/pr439_06.gt,438,500.0,86400.0,PTVRP_LAYERED_CONT_FIX,248155.0,25,1,0.0027,23,5,1,1688,3.85388,,0,0,580,0,,,,,
Instances/Instances 3/pr439_07.gt,438,1000.0,86400.0,PTVRP_LAYERED_CONT_FIX,171597.0,13,1,0.0028,12,4,1,1205,2.75114,,0,0,437,0,,,,,
Instances/Instances 3/pr439_08.gt,438,2000.0,86400.0,PTVRP_LAYERED_CONT_FIX,136860.0,7,1,0.0024,6,3,1,893,2.03881,,0,0,375,0,,,,,
Instances/Instances 3/pr439_09.gt,438,5000.0,86400.0,PTVRP_LAYERED_CONT_FIX,119090.0,3,1,0.0026,3,2,1,574,1.3105,,0,0,321,0,,,,,
Instances/Instances 3/pr439_10.gt,438,10000.0,86400.0,PTVRP_LAYERED_CONT_FIX,117489.0,2,1,0.0024,2,1,1,438,1.0,,0,0,20,0,,,,,
Instances/Instances 3/pr76_01.gt,75,10.0,86400.0,PTVRP_LAYERED_CONT_FIX,NO SOLUTION,,,0.0023,203,14,7,636,8.48,,0,0,65,0,,,,,
Instances/Instances 3/pr76_02.gt,75,20.0,86400.0,PTVRP_LAYERED_CONT_FIX,1266198.0,47,5,0.0027,93,10,5,503,6.70667,,0,0,96,0,,,,,
Instances/Instances 3/pr76_03.gt,75,50.0,86400.0,PTVRP_LAYERED_CONT_FIX,592735.0,39,3,0.0024,43,7,3,368,4.90667,,0,0,87,0,,,,,
Instances/Instances 3/pr76_04.gt,75,100.0,86400.0,PTVRP_LAYERED_CONT_FIX,287762.0,21,1,0.0026,18,4,2,240,3.2,,0,0,46,0,,,,,
Instances/Instances 3/pr76_05.gt,75,200.0,86400.0,PTVRP_LAYERED_CONT_FIX,206226.0,13,1,0.0025,11,4,1,183,2.44,,0,0,32,0,,,,,
Instances/Instances 3/pr76_06.gt,75,500.0,86400.0,PTVRP_LAYERED_CONT_FIX,142980.0,4,1,0.0027,4,2,1,127,1.69333,,0,0,26,0,,,,,
Instances/Instances 3/pr76_07.gt,75,1000.0,86400.0,PTVRP_LAYERED_CONT_FIX,127410.0,3,1,0.0023,3,2,1,82,1.09333,,0,0,7,0,,,,,
Instances/Instances 3/pr76_08.gt,75,2000.0,86400.0,PTVRP_LAYERED_CONT_FIX,124689.0,2,1,0.0025,1,1,1,75,1.0,,0,0,5,0,,,,,
Instances/Instances 3/pr76_09.gt,75,5000.0,86400.0,PTVRP_LAYERED_CONT_FIX,124689.0,2,1,0.0023,1,1,1,75,1.0,,0,0,5,0,,,,,
Instances/Instances 3/pr76_10.gt,75,10000.0,86400.0,PTVRP_LAYERED_CONT_FIX,124689.0,2,1,0.0025,1,1,1,75,1.0,,0,0,5,0,,,,,
Instances/Instances 3/qa194_01.gt,193,10.0,86400.0,PTVRP_LAYERED_CONT_FIX,397222.0,120,17,0.0034,508,95,18,11684,60.5389,,0,0,497,0,,,,,
Instances/Instances 3/qa194_02.gt,193,20.0,86400.0,PTVRP_LAYERED_CONT_FIX,206184.0,97,8,0.0032,251,52,8,8030,41.6062,,0,0,447,0,,,,,
Instances/Instances 3/qa194_03.gt,193,50.0,86400.0,PTVRP_LAYERED_CONT_FIX,84019.0,69,5,0.0036,97,36,5,4883,25.3005,,0,0,346,0,,,,,
Instances/Instances 3/qa194_04.gt,193,100.0,86400.0,PTVRP_LAYERED_CONT_FIX,47863.0,44,3,0.0029,50,23,3,3322,17.2124,,0,0,195,0,,,,,
Instances/Instances 3/qa194_05.gt,193,200.0,86400.0,PTVRP_LAYERED_CONT_FIX,28008.0,29,2,0.0031,27,18,3,2311,11.9741,,0,0,60,0,,,,,
Instances/Instances 3/qa194_06.gt,193,500.0,86400.0,PTVRP_LAYERED_CONT_FIX,16405.0,12,1,0.0024,11,10,1,1098,5.68912,,0,0,0,0,,,,,
Instances/Instances 3/qa194_07.gt,193,1000.0,86400.0,PTVRP_LAYERED_CONT_FIX,12920.0,6,1,0.0026,6,6,1,615,3.18653,,0,0,0,0,,,,,
Instances/Instances 3/qa194_08.gt,193,2000.0,86400.0,PTVRP_LAYERED_CONT_FIX,11111.0,3,1,0.0024,3,3,1,344,1.78238,,0,0,0,0,,,,,
Instances/Instances 3/qa194_09.gt,193,5000.0,86400.0,PTVRP_LAYERED_CONT_FIX,10469.0,1,1,0.0029,1,1,1,193,1.0,,0,0,0,0,,,,,
Instances/Instances 3/qa194_10.gt,193,10000.0,86400.0,PTVRP_LAYERED_CONT_FIX,10469.0,1,1,0.0022,1,1,1,193,1.0,,0,0,0,0,,,,,
Instances/Instances 3/rat195_01.gt,194,10.0,86400.0,PTVRP_LAYERED_CONT_FIX,98540.0,134,11,0.0037,522,143,11,22013,113.469,,0,0,419,0,,,,,
Instances/Instances 3/rat195_02.gt,194,20.0,86400.0,PTVRP_LAYERED_CONT_FIX,49336.0,104,6,0.0033,246,99,6,14334,73.8866,,0,0,326,0,,,,,
Instances/Instances 3/rat195_03.gt,194,50.0,86400.0,PTVRP_LAYERED_CONT_FIX,21091.0,87,3,0.0041,101,61,4,8404,43.3196,,0,0,159,0,,,,,
Instances/Instances 3/rat195_04.gt,194,100.0,86400.0,PTVRP_LAYERED_CONT_FIX,10698.0,56,2,0.0028,48,42,2,4803,24.7577,,0,0,38,0,,,,,
Instances/Instances 3/rat195_05.gt,194,200.0,86400.0,PTVRP_LAYERED_CONT_FIX,6564.0,28,1,0.0025,25,25,2,2585,13.3247,,0,0,0,0,,,,,
Instances/Instances 3/rat195_06.gt,194,500.0,86400.0,PTVRP_LAYERED_CONT_FIX,3827.0,11,1,0.0026,10,10,1,1045,5.3866,,0,0,0,0,,,,,
Instances/Instances 3/rat195_07.gt,194,1000.0,86400.0,PTVRP_LAYERED_CONT_FIX,2942.0,5,1,0.0029,5,5,1,572,2.94845,,0,0,0,0,,,,,
Instances/Instances 3/rat195_08.gt,194,2000.0,86400.0,PTVRP_LAYERED_CONT_FIX,2622.0,3,1,0.0026,3,3,1,340,1.75258,,0,0,0,0,,,,,
Instances/Instances 3/rat195_09.gt,194,5000.0,86400.0,PTVRP_LAYERED_CONT_FIX,2581.0,1,1,0.0023,1,1,1,194,1.0,,0,0,0,0,,,,,
Instances/Instances 3/rat195_10.gt,194,10000.0,86400.0,PTVRP_LAYERED_CONT_FIX,2581.0,1,1,0.0025,1,1,1,194,1.0,,0,0,0,0,,,,,
Instances/Instances 3/rat575_01.gt,574,10.0,86400.0,PTVRP_LAYERED_CONT_FIX,471901.0,334,14,0.0073,1496,142,18,67779,118.082,,0,0,2421,0,,,,,
Instances/Instances 3/rat575_02.gt,574,20.0,86400.0,PTVRP_LAYERED_CONT_FIX,235476.0,265,9,0.0065,726,97,9,47899,83.4477,,0,0,2185,0,,,,,
Instances/Instances 3/rat575_03.gt,574,50.0,86400.0,PTVRP_LAYERED_CONT_FIX,94852.0,203,4,0.0056,283,61,6,29673,51.6951,,0,0,1381,0,,,,,
Instances/Instances 3/rat575_04.gt,574,100.0,86400.0,PTVRP_LAYERED_CONT_FIX,53425.0,133,3,0.0045,147,43,3,20579,35.8519,,0,0,695,0,,,,,
Instances/Instances 3/rat575_05.gt,574,200.0,86400.0,PTVRP_LAYERED_CONT_FIX,29058.0,79,2,0.004,74,30,2,13789,24.0226,,0,0,330,0,,,,,
Instances/Instances 3/rat575_06.gt,574,500.0,86400.0,PTVRP_LAYERED_CONT_FIX,14520.0,30,1,0.0038,29,19,1,7407,12.9042,,0,0,118,0,,,,,
Instances/Instances 3/rat575_07.gt,574,1000.0,86400.0,PTVRP_LAYERED_CONT_FIX,10685.0,17,1,0.0031,15,14,1,4524,7.88153,,0,0,30,0,,,,,
Instances/Instances 3/rat575_08.gt,574,2000.0,86400.0,PTVRP_LAYERED_CONT_FIX,8644.0,9,1,0.0029,8,8,1,2410,4.19861,,0,0,0,0,,,,,
Instances/Instances 3/rat575_09.gt,574,5000.0,86400.0,PTVRP_LAYERED_CONT_FIX,7550.0,4,1,0.0029,3,3,1,1122,1.9547,,0,0,0,0,,,,,
Instances/Instances 3/rat575_10.gt,574,10000.0,86400.0,PTVRP_LAYERED_CONT_FIX,7378.0,3,1,0.0028,2,2,1,750,1.30662,,0,0,0,0,,,,,
Instances/Instances 3/rat783_01.gt,782,10.0,86400.0,PTVRP_LAYERED_CONT_FIX,724330.0,425,14,0.0078,2009,150,17,93712,119.836,,0,0,3951,0,,,,,
Instances/Instances 3/rat783_02.gt,782,20.0,86400.0,PTVRP_LAYERED_CONT_FIX,362745.0,344,9,0.0077,974,98,10,66908,85.5601,,0,0,3795,0,,,,,
Instances/Instances 3/rat783_03.gt,782,50.0,86400.0,PTVRP_LAYERED_CONT_FIX,155735.0,276,5,0.0071,402,64,6,43193,55.234,,1,0,2718,0,,,,,
Instances/Instances 3/rat783_04.gt,782,100.0,86400.0,PTVRP_LAYERED_CONT_FIX,80354.0,176,3,0.0053,196,45,3,29399,37.5946,,0,0,1388,0,,,,,
Instances/Instances 3/rat783_05.gt,782,200.0,86400.0,PTVRP_LAYERED_CONT_FIX,43678.0,109,2,0.0045,101,32,2,20443,26.1419,,0,0,667,0,,,,,
Instances/Instances 3/rat783_06.gt,782,500.0,86400.0,PTVRP_LAYERED_CONT_FIX,21898.0,43,1,0.0038,40,20,1,11566,14.7903,,0,0,296,0,,,,,
Instances/Instances 3/rat783_07.gt,782,1000.0,86400.0,PTVRP_LAYERED_CONT_FIX,15074.0,23,1,0.0034,20,14,1,7461,9.54092,,0,0,104,0,,,,,
Instances/Instances 3/rat783_08.gt,782,2000.0,86400.0,PTVRP_LAYERED_CONT_FIX,11474.0,12,1,0.003,10,10,1,4286,5.48082,,0,0,22,0,,,,,
Instances/Instances 3/rat783_09.gt,782,5000.0,86400.0,PTVRP_LAYERED_CONT_FIX,9899.0,5,1,0.0028,4,4,1,1962,2.50895,,0,0,0,0,,,,,
Instances/Instances 3/rat783_10.gt,782,10000.0,86400.0,PTVRP_LAYERED_CONT_FIX,9552.0,3,1,0.0027,2,2,1,1165,1.48977,,0,0,0,0,,,,,
Instances/Instances 3/rat99_01.gt,98,10.0,86400.0,PTVRP_LAYERED_CONT_FIX,30816.0,69,7,0.0028,221,124,8,8569,87.4388,,0,0,89,0,,,,,
Instances/Instances 3/rat99_02.gt,98,20.0,86400.0,PTVRP_LAYERED_CONT_FIX,16698.0,59,5,0.0031,115,88,5,5389,54.9898,,0,0,31,0,,,,,
Instances/Instances 3/rat99_03.gt,98,50.0,86400.0,PTVRP_LAYERED_CONT_FIX,8264.0,51,3,0.0027,51,51,3,2389,24.3776,,0,0,0,0,,,,,
Instances/Instances 3/rat99_04.gt,98,100.0,86400.0,PTVRP_LAYERED_CONT_FIX,4617.0,29,2,0.0025,26,26,2,1300,13.2653,,0,0,0,0,,,,,
Instances/Instances 3/rat99_05.gt,98,200.0,86400.0,PTVRP_LAYERED_CONT_FIX,2637.0,14,1,0.0024,12,12,1,617,6.29592,,0,0,0,0,,,,,
Instances/Instances 3/rat99_06.gt,98,500.0,86400.0,PTVRP_LAYERED_CONT_FIX,1792.0,6,1,0.0023,6,6,1,313,3.19388,,0,0,0,0,,,,,
Instances/Instances 3/rat99_07.gt,98,1000.0,86400.0,PTVRP_LAYERED_CONT_FIX,1499.0,3,1,0.0024,3,3,1,180,1.83673,,0,0,0,0,,,,,
Instances/Instances 3/rat99_08.gt,98,2000.0,86400.0,PTVRP_LAYERED_CONT_FIX,1399.0,2,1,0.0024,2,2,1,125,1.27551,,0,0,0,0,,,,,
Instances/Instances 3/rat99_09.gt,98,5000.0,86400.0,PTVRP_LAYERED_CONT_FIX,1395.0,1,1,0.0023,1,1,1,98,1.0,,0,0,0,0,,,,,
Instances/Instances 3/rat99_10.gt,98,10000.0,86400.0,PTVRP_LAYERED_CONT_FIX,1395.0,1,1,0.0025,1,1,1,98,1.0,,0,0,0,0,,,,,
Instances/Instances 3/rd100_01.gt,99,10.0,86400.0,PTVRP_LAYERED_CONT_FIX,201225.0,63,9,0.0027,220,56,9,3792,38.303,,0,0,149,0,,,,,
Instances/Instances 3/rd100_02.gt,99,20.0,86400.0,PTVRP_LAYERED_CONT_FIX,114753.0,54,6,0.0026,117,38,7,2813,28.4141,,0,0,142,0,,,,,
Instances/Instances 3/rd100_03.gt,99,50.0,86400.0,PTVRP_LAYERED_CONT_FIX,54984.0,46,3,0.0033,52,25,4,1740,17.5758,,0,0,87,0,,,,,
Instances/Instances 3/rd100_04.gt,99,100.0,86400.0,PTVRP_LAYERED_CONT_FIX,29763.0,27,2,0.0025,26,16,2,1073,10.8384,,0,0,31,0,,,,,
Instances/Instances 3/rd100_05.gt,99,200.0,86400.0,PTVRP_LAYERED_CONT_FIX,17924.0,15,1,0.0023,13,12,1,696,7.0303,,0,0,5,0,,,,,
Instances/Instances 3/rd100_06.gt,99,500.0,86400.0,PTVRP_LAYERED_CONT_FIX,11741.0,6,1,0.0026,6,6,1,321,3.24242,,0,0,0,0,,,,,
Instances/Instances 3/rd100_07.gt,99,1000.0,86400.0,PTVRP_LAYERED_CONT_FIX,9875.0,4,1,0.0024,3,3,1,188,1.89899,,0,0,0,0,,,,,
Instances/Instances 3/rd100_08.gt,99,2000.0,86400.0,PTVRP_LAYERED_CONT_FIX,9159.0,3,1,0.0023,2,2,1,120,1.21212,,0,0,0,0,,,,,
Instances/Instances 3/rd100_09.gt,99,5000.0,86400.0,PTVRP_LAYERED_CONT_FIX,8967.0,2,1,0.0023,1,1,1,99,1.0,,0,0,0,0,,,,,
Instances/Instances 3/rd100_10.gt,99,10000.0,86400.0,PTVRP_LAYERED_CONT_FIX,8967.0,2,1,0.0022,1,1,1,99,1.0,,0,0,0,0,,,,,
Instances/Instances 3/rd400_01.gt,399,10.0,86400.0,PTVRP_LAYERED_CONT_FIX,851551.0,241,15,0.0046,1000,80,15,24464,61.3133,,0,0,1417,0,,,,,
Instances/Instances 3/rd400_02.gt,399,20.0,86400.0,PTVRP_LAYERED_CONT_FIX,434910.0,199,7,0.0042,506,60,8,18222,45.6692,,0,0,1337,0,,,,,
Instances/Instances 3/rd400_03.gt,399,50.0,86400.0,PTVRP_LAYERED_CONT_FIX,187827.0,150,5,0.0039,204,36,5,11611,29.1003,,0,0,966,0,,,,,
Instances/Instances 3/rd400_04.gt,399,100.0,86400.0,PTVRP_LAYERED_CONT_FIX,95985.0,94,2,0.0034,97,25,3,7820,19.599,,0,0,516,0,,,,,
Instances/Instances 3/rd400_05.gt,399,200.0,86400.0,PTVRP_LAYERED_CONT_FIX,57378.0,59,1,0.0032,54,18,2,5787,14.5038,,0,0,256,0,,,,,
Instances/Instances 3/rd400_06.gt,399,500.0,86400.0,PTVRP_LAYERED_CONT_FIX,29353.0,23,1,0.0027,21,11,1,3323,8.32832,,0,0,165,0,,,,,
Instances/Instances 3/rd400_07.gt,399,1000.0,86400.0,PTVRP_LAYERED_CONT_FIX,21319.0,11,1,0.0026,11,8,1,2034,5.09774,,0,0,42,0,,,,,
Instances/Instances 3/rd400_08.gt,399,2000.0,86400.0,PTVRP_LAYERED_CONT_FIX,18089.0,7,1,0.0026,6,5,1,1212,3.03759,,0,0,0,0,,,,,
Instances/Instances 3/rd400_09.gt,399,5000.0,86400.0,PTVRP_LAYERED_CONT_FIX,15679.0,3,1,0.0025,3,3,1,601,1.50627,,0,0,0,0,,,,,
Instances/Instances 3/rd400_10.gt,399,10000.0,86400.0,PTVRP_LAYERED_CONT_FIX,15337.0,2,1,0.0025,2,2,1,400,1.00251,,0,0,0,0,,,,,
Instances/Instances 3/rl11849_01.gt,11848,10.0,86400.0,PTVRP_LAYERED_CONT_FIX,NO SOLUTION,,,0.0178,30018,62,18,188928,15.946,,0,0,4506,0,,,,,
Instances/Instances 3/rl11849_02.gt,11848,20.0,86400.0,PTVRP_LAYERED_CONT_FIX,173031497.0,4599,13,0.0425,15180,44,14,176325,14.8823,,0,0,54137,0,,,,,
Instances/Instances 3/rl11849_03.gt,11848,50.0,86400.0,PTVRP_LAYERED_CONT_FIX,68919574.0,2769,9,0.0334,6085,28,9,148438,12.5285,,0,0,90592,0,,,,,
Instances/Instances 3/rl11849_04.gt,11848,100.0,86400.0,PTVRP_LAYERED_CONT_FIX,34716965.0,1812,5,0.0274,3031,21,6,123121,10.3917,,1,0,119753,0,,,,,
Instances/Instances 3/rl11849_05.gt,11848,200.0,86400.0,PTVRP_LAYERED_CONT_FIX,17970324.0,1292,4,0.023,1533,14,5,98808,8.33964,,0,0,130896,0,,,,,
Instances/Instances 3/rl11849_06.gt,11848,500.0,86400.0,PTVRP_LAYERED_CONT_FIX,7471232.0,613,2,0.0195,605,9,3,70108,5.91729,,0,0,109901,0,,,,,
Instances/Instances 3/rl11849_07.gt,11848,1000.0,86400.0,PTVRP_LAYERED_CONT_FIX,4147345.0,311,1,0.0151,303,6,2,52973,4.47105,,0,0,91920,0,,,,,
Instances/Instances 3/rl11849_08.gt,11848,2000.0,86400.0,PTVRP_LAYERED_CONT_FIX,2478882.0,155,1,0.0137,151,4,1,38002,3.20746,,0,0,63171,0,,,,,
Instances/Instances 3/rl11849_09.gt,11848,5000.0,86400.0,PTVRP_LAYERED_CONT_FIX,1501231.0,66,1,0.0113,61,3,1,23679,1.99857,,0,0,4161,0,,,,,
Instances/Instances 3/rl11849_10.gt,11848,10000.0,86400.0,PTVRP_LAYERED_CONT_FIX,1184855.0,34,1,0.0111,31,2,1,23153,1.95417,,0,0,60380,0,,,,,
Instances/Instances 3/rl1304_01.gt,1303,10.0,86400.0,PTVRP_LAYERED_CONT_FIX,NO SOLUTION,,,0.0039,3286,42,6,18124,13.9094,,0,0,43,0,,,,,
Instances/Instances 3/rl1304_02.gt,1303,20.0,86400.0,PTVRP_LAYERED_CONT_FIX,19139564.0,568,9,0.0064,1665,28,11,16263,12.4812,,0,0,4559,0,,,,,
Instances/Instances 3/rl1304_03.gt,1303,50.0,86400.0,PTVRP_LAYERED_CONT_FIX,7819815.0,394,6,0.0055,675,17,7,12946,9.93553,,0,0,6564,0,,,,,
Instances/Instances 3/rl1304_04.gt,1303,100.0,86400.0,PTVRP_LAYERED_CONT_FIX,3897915.0,248,4,0.0049,330,12,5,10177,7.81044,,0,0,7276,0,,,,,
Instances/Instances 3/rl1304_05.gt,1303,200.0,86400.0,PTVRP_LAYERED_CONT_FIX,2080639.0,164,2,0.0042,167,8,3,7759,5.95472,,0,0,6613,0,,,,,
Instances/Instances 3/rl1304_06.gt,1303,500.0,86400.0,PTVRP_LAYERED_CONT_FIX,931038.0,69,1,0.0043,66,5,2,5281,4.05295,,0,0,4429,0,,,,,
Instances/Instances 3/rl1304_07.gt,1303,1000.0,86400.0,PTVRP_LAYERED_CONT_FIX,588312.0,36,1,0.0036,34,4,1,3905,2.99693,,0,0,3521,0,,,,,
Instances/Instances 3/rl1304_08.gt,1303,2000.0,86400.0,PTVRP_LAYERED_CONT_FIX,402794.0,19,1,0.0035,17,3,1,2645,2.02993,,0,0,173,0,,,,,
Instances/Instances 3/rl1304_09.gt,1303,5000.0,86400.0,PTVRP_LAYERED_CONT_FIX,306416.0,9,1,0.0031,7,2,1,1818,1.39524,,0,0,1027,0,,,,,
Instances/Instances 3/rl1304_10.gt,1303,10000.0,86400.0,PTVRP_LAYERED_CONT_FIX,279685.0,5,1,0.0029,4,1,1,1303,1.0,,0,0,431,0,,,,,
Instances/Instances 3/rl1323_01.gt,1322,10.0,86400.0,PTVRP_LAYERED_CONT_FIX,NO SOLUTION,,,0.0038,3441,31,12,17334,13.112,,0,0,431,0,,,,,
Instances/Instances 3/rl1323_02.gt,1322,20.0,86400.0,PTVRP_LAYERED_CONT_FIX,19699766.0,552,9,0.0064,1667,25,10,15692,11.8699,,0,0,4438,0,,,,,
Instances/Instances 3/rl1323_03.gt,1322,50.0,86400.0,PTVRP_LAYERED_CONT_FIX,7991523.0,394,6,0.0057,667,14,7,12481,9.441,,0,0,6523,0,,,,,
Instances/Instances 3/rl1323_04.gt,1322,100.0,86400.0,PTVRP_LAYERED_CONT_FIX,4156895.0,248,4,0.0047,341,11,5,10036,7.59153,,0,0,7348,0,,,,,
Instances/Instances 3/rl1323_05.gt,1322,200.0,86400.0,PTVRP_LAYERED_CONT_FIX,2180148.0,172,2,0.0043,170,8,3,7661,5.79501,,0,0,6432,0,,,,,
Instances/Instances 3/rl1323_06.gt,1322,500.0,86400.0,PTVRP_LAYERED_CONT_FIX,999201.0,72,1,0.0037,68,5,2,5173,3.91301,,0,0,3050,0,,,,,
Instances/Instances 3/rl1323_07.gt,1322,1000.0,86400.0,PTVRP_LAYERED_CONT_FIX,628803.0,35,1,0.0034,35,4,1,3838,2.90318,,0,0,3590,0,,,,,
Instances/Instances 3/rl1323_08.gt,1322,2000.0,86400.0,PTVRP_LAYERED_CONT_FIX,431896.0,19,1,0.0033,17,2,1,2566,1.941,,0,0,87,0,,,,,
Instances/Instances 3/rl1323_09.gt,1322,5000.0,86400.0,PTVRP_LAYERED_CONT_FIX,330625.0,8,1,0.0031,7,2,1,1727,1.30635,,0,0,1201,0,,,,,
Instances/Instances 3/rl1323_10.gt,1322,10000.0,86400.0,PTVRP_LAYERED_CONT_FIX,305210.0,5,1,0.003,4,1,1,1322,1.0,,0,0,531,0,,,,,
Instances/Instances 3/rl1889_01.gt,1888,10.0,86400.0,PTVRP_LAYERED_CONT_FIX,NO SOLUTION,,,0.0048,4815,38,4,24090,12.7595,,0,0,4,0,,,,,
Instances/Instances 3/rl1889_02.gt,1888,20.0,86400.0,PTVRP_LAYERED_CONT_FIX,30029449.0,795,10,0.0079,2411,28,10,22520,11.928,,0,0,6846,0,,,,,
Instances/Instances 3/rl1889_03.gt,1888,50.0,86400.0,PTVRP_LAYERED_CONT_FIX,12231684.0,521,6,0.0069,968,15,8,18452,9.77331,,0,0,10582,0,,,,,
Instances/Instances 3/rl1889_04.gt,1888,100.0,86400.0,PTVRP_LAYERED_CONT_FIX,6250762.0,353,4,0.0065,482,13,5,14964,7.92585,,0,0,12926,0,,,,,
Instances/Instances 3/rl1889_05.gt,1888,200.0,86400.0,PTVRP_LAYERED_CONT_FIX,3284905.0,219,2,0.0053,244,10,4,11687,6.19015,,0,0,12388,0,,,,,
Instances/Instances 3/rl1889_06.gt,1888,500.0,86400.0,PTVRP_LAYERED_CONT_FIX,1444382.0,101,1,0.0045,96,6,2,8013,4.24417,,0,0,8051,0,,,,,
Instances/Instances 3/rl1889_07.gt,1888,1000.0,86400.0,PTVRP_LAYERED_CONT_FIX,874742.0,52,1,0.0042,50,4,2,5873,3.1107,,0,0,5821,0,,,,,
Instances/Instances 3/rl1889_08.gt,1888,2000.0,86400.0,PTVRP_LAYERED_CONT_FIX,576310.0,26,1,0.004,24,3,1,4037,2.13824,,0,0,882,0,,,,,
Instances/Instances 3/rl1889_09.gt,1888,5000.0,86400.0,PTVRP_LAYERED_CONT_FIX,405617.0,11,1,0.0039,10,2,1,3493,1.85011,,0,0,6735,0,,,,,
Instances/Instances 3/rl1889_10.gt,1888,10000.0,86400.0,PTVRP_LAYERED_CONT_FIX,359033.0,6,1,0.0035,5,1,1,1888,1.0,,0,0,0,0,,,,,
Instances/Instances 3/rl5915_01.gt,5914,10.0,86400.0,PTVRP_LAYERED_CONT_FIX,NO SOLUTION,,,0.0097,14839,48,5,90828,15.3581,,0,0,66,0,,,,,
Instances/Instances 3/rl5915_02.gt,5914,20.0,86400.0,PTVRP_LAYERED_CONT_FIX,84106777.0,2262,12,0.0207,7511,36,13,84674,14.3176,,0,0,26021,0,,,,,
Instances/Instances 3/rl5915_03.gt,5914,50.0,86400.0,PTVRP_LAYERED_CONT_FIX,34062687.0,1467,8,0.0174,3033,22,9,70728,11.9594,,0,0,42669,0,,,,,
Instances/Instances 3/rl5915_04.gt,5914,100.0,86400.0,PTVRP_LAYERED_CONT_FIX,17126113.0,952,6,0.0145,1505,17,6,58062,9.81772,,0,0,54578,0,,,,,
Instances/Instances 3/rl5915_05.gt,5914,200.0,86400.0,PTVRP_LAYERED_CONT_FIX,8816092.0,656,3,0.012,755,12,4,46222,7.81569,,0,0,60313,0,,,,,
Instances/Instances 3/rl5915_06.gt,5914,500.0,86400.0,PTVRP_LAYERED_CONT_FIX,3815546.0,316,2,0.0098,306,8,3,32697,5.52875,,0,0,50580,0,,,,,
Instances/Instances 3/rl5915_07.gt,5914,1000.0,86400.0,PTVRP_LAYERED_CONT_FIX,2105311.0,155,1,0.0082,150,6,2,24164,4.0859,,0,0,33151,0,,,,,
Instances/Instances 3/rl5915_08.gt,5914,2000.0,86400.0,PTVRP_LAYERED_CONT_FIX,1327245.0,81,1,0.008,76,4,1,17804,3.01048,,0,0,29322,0,,,,,
Instances/Instances 3/rl5915_09.gt,5914,5000.0,86400.0,PTVRP_LAYERED_CONT_FIX,839782.0,35,1,0.0072,31,2,1,11640,1.96821,,0,0,2108,0,,,,,
Instances/Instances 3/rl5915_10.gt,5914,10000.0,86400.0,PTVRP_LAYERED_CONT_FIX,686835.0,18,1,0.0082,16,2,1,8973,1.51725,,0,0,21036,0,,,,,
Instances/Instances 3/rl5934_01.gt,5933,10.0,86400.0,PTVRP_LAYERED_CONT_FIX,NO SOLUTION,,,0.0096,15157,46,4,94193,15.8761,,0,0,3,0,,,,,
Instances/Instances 3/rl5934_02.gt,5933,20.0,86400.0,PTVRP_LAYERED_CONT_FIX,83602771.0,2376,13,0.0218,7533,35,13,87038,14.6702,,0,0,26415,0,,,,,
Instances/Instances 3/rl5934_03.gt,5933,50.0,86400.0,PTVRP_LAYERED_CONT_FIX,33259022.0,1454,8,0.0176,3029,23,9,72541,12.2267,,0,0,43335,0,,,,,
Instances/Instances 3/rl5934_04.gt,5933,100.0,86400.0,PTVRP_LAYERED_CONT_FIX,17180449.0,981,5,0.0145,1535,17,7,59465,10.0228,,0,0,54577,0,,,,,
Instances/Instances 3/rl5934_05.gt,5933,200.0,86400.0,PTVRP_LAYERED_CONT_FIX,8670229.0,647,3,0.013,758,12,4,46900,7.90494,,0,0,57546,0,,,,,
Instances/Instances 3/rl5934_06.gt,5933,500.0,86400.0,PTVRP_LAYERED_CONT_FIX,3739989.0,308,2,0.0101,304,8,3,32923,5.54913,,0,0,43878,0,,,,,
Instances/Instances 3/rl5934_07.gt,5933,1000.0,86400.0,PTVRP_LAYERED_CONT_FIX,2122527.0,159,1,0.0082,153,5,2,24629,4.15119,,0,0,31260,0,,,,,
Instances/Instances 3/rl5934_08.gt,5933,2000.0,86400.0,PTVRP_LAYERED_CONT_FIX,1301907.0,80,1,0.0074,76,4,2,17709,2.98483,,0,0,20444,0,,,,,
Instances/Instances 3/rl5934_09.gt,5933,5000.0,86400.0,PTVRP_LAYERED_CONT_FIX,834248.0,34,1,0.0066,31,2,1,11667,1.96646,,0,0,3890,0,,,,,
Instances/Instances 3/rl5934_10.gt,5933,10000.0,86400.0,PTVRP_LAYERED_CONT_FIX,679767.0,19,1,0.0068,16,2,1,9965,1.67959,,0,0,23690,0,,,,,
Instances/Instances 3/rw1621_01.gt,1620,10.0,86400.0,PTVRP_LAYERED_CONT_FIX,4699717.0,722,25,0.0111,4189,132,25,136422,84.2111,,0,0,13034,0,,,,,
Instances/Instances 3/rw1621_02.gt,1620,20.0,86400.0,PTVRP_LAYERED_CONT_FIX,2345740.0,543,13,0.0103,2072,103,17,105597,65.1833,,0,0,15412,0,,,,,
Instances/Instances 3/rw1621_03.gt,1620,50.0,86400.0,PTVRP_LAYERED_CONT_FIX,965063.0,434,8,0.009,824,60,11,71611,44.2043,,0,0,14677,0,,,,,
Instances/Instances 3/rw1621_04.gt,1620,100.0,86400.0,PTVRP_LAYERED_CONT_FIX,506231.0,292,5,0.0076,423,42,6,52862,32.6309,,0,0,11640,0,,,,,
Instances/Instances 3/rw1621_05.gt,1620,200.0,86400.0,PTVRP_LAYERED_CONT_FIX,260128.0,198,3,0.0068,207,29,4,37570,23.1914,,0,0,7208,0,,,,,
Instances/Instances 3/rw1621_06.gt,1620,500.0,86400.0,PTVRP_LAYERED_CONT_FIX,114574.0,86,1,0.0051,83,18,2,23404,14.4469,,0,0,2303,0,,,,,
Instances/Instances 3/rw1621_07.gt,1620,1000.0,86400.0,PTVRP_LAYERED_CONT_FIX,68398.0,43,1,0.0042,41,13,2,16052,9.90864,,0,0,957,0,,,,,
Instances/Instances 3/rw1621_08.gt,1620,2000.0,86400.0,PTVRP_LAYERED_CONT_FIX,46842.0,23,1,0.0038,21,9,1,10854,6.7,,0,0,578,0,,,,,
Instances/Instances 3/rw1621_09.gt,1620,5000.0,86400.0,PTVRP_LAYERED_CONT_FIX,33543.0,10,1,0.0033,9,5,1,6150,3.7963,,0,0,0,0,,,,,
Instances/Instances 3/rw1621_10.gt,1620,10000.0,86400.0,PTVRP_LAYERED_CONT_FIX,29392.0,5,1,0.0032,5,4,1,4102,2.5321,,0,0,0,0,,,,,
Instances/Instances 3/st70_01.gt,69,10.0,86400.0,PTVRP_LAYERED_CONT_FIX,13829.0,45,8,0.0024,152,132,8,5239,75.9275,,0,0,23,0,,,,,
Instances/Instances 3/st70_02.gt,69,20.0,86400.0,PTVRP_LAYERED_CONT_FIX,8001.0,41,6,0.0024,81,81,6,2936,42.5507,,0,0,0,0,,,,,
Instances/Instances 3/st70_03.gt,69,50.0,86400.0,PTVRP_LAYERED_CONT_FIX,3652.0,36,3,0.0029,36,36,3,1325,19.2029,,0,0,0,0,,,,,
Instances/Instances 3/st70_04.gt,69,100.0,86400.0,PTVRP_LAYERED_CONT_FIX,1928.0,19,1,0.0024,17,17,2,554,8.02899,,0,0,0,0,,,,,
Instances/Instances 3/st70_05.gt,69,200.0,86400.0,PTVRP_LAYERED_CONT_FIX,1331.0,11,1,0.0024,10,10,1,355,5.14493,,0,0,0,0,,,,,
Instances/Instances 3/st70_06.gt,69,500.0,86400.0,PTVRP_LAYERED_CONT_FIX,893.0,4,1,0.0024,4,4,1,158,2.28986,,0,0,0,0,,,,,
Instances/Instances 3/st70_07.gt,69,1000.0,86400.0,PTVRP_LAYERED_CONT_FIX,794.0,3,1,0.0024,2,2,1,97,1.4058,,0,0,0,0,,,,,
Instances/Instances 3/st70_08.gt,69,2000.0,86400.0,PTVRP_LAYERED_CONT_FIX,780.0,1,1,0.0024,1,1,1,69,1.0,,0,0,0,0,,,,,
Instances/Instances 3/st70_09.gt,69,5000.0,86400.0,PTVRP_LAYERED_CONT_FIX,780.0,1,1,0.0023,1,1,1,69,1.0,,0,0,0,0,,,,,
Instances/Instances 3/st70_10.gt,69,10000.0,86400.0,PTVRP_LAYERED_CONT_FIX,780.0,1,1,0.0023,1,1,1,69,1.0,,0,0,0,0,,,,,
Instances/Instances 3/sw24978_01.gt,24977,10.0,86400.0,PTVRP_LAYERED_CONT_FIX,NO SOLUTION,,,0.0479,63843,87,22,703328,28.159,,0,0,44341,0,,,,,
Instances/Instances 3/sw24978_02.gt,24977,20.0,86400.0,PTVRP_LAYERED_CONT_FIX,215776977.0,7551,18,0.0905,31795,62,18,637031,25.5047,,0,0,184600,0,,,,,
Instances/Instances 3/sw24978_03.gt,24977,50.0,86400.0,PTVRP_LAYERED_CONT_FIX,86938039.0,4886,10,0.0776,12716,40,12,522703,20.9274,,0,0,299613,0,,,,,
Instances/Instances 3/sw24978_04.gt,24977,100.0,86400.0,PTVRP_LAYERED_CONT_FIX,44146043.0,3487,8,0.0635,6404,30,8,429432,17.1931,,0,0,378713,0,,,,,
Instances/Instances 3/sw24978_05.gt,24977,200.0,86400.0,PTVRP_LAYERED_CONT_FIX,22141705.0,2467,4,0.0534,3158,20,6,339243,13.5822,,0,0,397368,0,,,,,
Instances/Instances 3/sw24978_06.gt,24977,500.0,86400.0,PTVRP_LAYERED_CONT_FIX,9376744.0,1284,2,0.0411,1281,13,3,240252,9.61893,,0,0,272066,0,,,,,
Instances/Instances 3/sw24978_07.gt,24977,1000.0,86400.0,PTVRP_LAYERED_CONT_FIX,5014862.0,650,1,0.034,636,9,2,179029,7.16775,,0,0,148261,0,,,,,
Instances/Instances 3/sw24978_08.gt,24977,2000.0,86400.0,PTVRP_LAYERED_CONT_FIX,2899692.0,327,1,0.0287,319,7,2,132494,5.30464,,0,0,80087,0,,,,,
Instances/Instances 3/sw24978_09.gt,24977,5000.0,86400.0,PTVRP_LAYERED_CONT_FIX,1654829.0,130,1,0.0242,128,4,1,89699,3.59126,,0,0,41103,0,,,,,
Instances/Instances 3/sw24978_10.gt,24977,10000.0,86400.0,PTVRP_LAYERED_CONT_FIX,1246108.0,68,1,0.0221,64,3,1,66303,2.65456,,0,0,21942,0,,,,,
Instances/Instances 3/ts225_01.gt,224,10.0,86400.0,PTVRP_LAYERED_CONT_FIX,6556133.0,162,9,0.0034,567,22,9,2391,10.6741,,0,0,343,0,,,,,
Instances/Instances 3/ts225_02.gt,224,20.0,86400.0,PTVRP_LAYERED_CONT_FIX,3748470.0,118,6,0.003,312,14,6,2069,9.23661,,0,0,435,0,,,,,
Instances/Instances 3/ts225_03.gt,224,50.0,86400.0,PTVRP_LAYERED_CONT_FIX,1415669.0,100,3,0.0037,115,9,4,1500,6.69643,,0,0,559,0,,,,,
Instances/Instances 3/ts225_04.gt,224,100.0,86400.0,PTVRP_LAYERED_CONT_FIX,788723.0,62,2,0.0032,60,6,3,1145,5.11161,,0,0,457,0,,,,,
Instances/Instances 3/ts225_05.gt,224,200.0,86400.0,PTVRP_LAYERED_CONT_FIX,428839.0,31,2,0.003,30,5,2,848,3.78571,,0,0,413,0,,,,,
Instances/Instances 3/ts225_06.gt,224,500.0,86400.0,PTVRP_LAYERED_CONT_FIX,236458.0,12,1,0.0029,11,3,1,534,2.38393,,0,0,192,0,,,,,
Instances/Instances 3/ts225_07.gt,224,1000.0,86400.0,PTVRP_LAYERED_CONT_FIX,168954.0,7,1,0.0029,6,2,1,402,1.79464,,0,0,52,0,,,,,
Instances/Instances 3/ts225_08.gt,224,2000.0,86400.0,PTVRP_LAYERED_CONT_FIX,148763.0,4,1,0.0028,3,2,1,226,1.00893,,0,0,2,0,,,,,
Instances/Instances 3/ts225_09.gt,224,5000.0,86400.0,PTVRP_LAYERED_CONT_FIX,143060.0,3,1,0.0028,2,1,1,224,1.0,,0,0,22,0,,,,,
Instances/Instances 3/ts225_10.gt,224,10000.0,86400.0,PTVRP_LAYERED_CONT_FIX,143060.0,3,1,0.0024,1,1,1,224,1.0,,0,0,22,0,,,,,
Instances/Instances 3/tsp225_01.gt,224,10.0,86400.0,PTVRP_LAYERED_CONT_FIX,165557.0,145,12,0.0038,570,122,12,21747,97.0848,,0,0,561,0,,,,,
Instances/Instances 3/tsp225_02.gt,224,20.0,86400.0,PTVRP_LAYERED_CONT_FIX,97798.0,118,9,0.0036,312,90,9,15630,69.7768,,0,0,523,0,,,,,
Instances/Instances 3/tsp225_03.gt,224,50.0,86400.0,PTVRP_LAYERED_CONT_FIX,36199.0,99,3,0.0035,115,53,4,8888,39.6786,,0,0,299,0,,,,,
Instances/Instances 3/tsp225_04.gt,224,100.0,86400.0,PTVRP_LAYERED_CONT_FIX,21346.0,64,2,0.0029,60,38,2,5690,25.4018,,0,0,108,0,,,,,
Instances/Instances 3/tsp225_05.gt,224,200.0,86400.0,PTVRP_LAYERED_CONT_FIX,11893.0,32,1,0.0033,29,25,2,3212,14.3393,,0,0,10,0,,,,,
Instances/Instances 3/tsp225_06.gt,224,500.0,86400.0,PTVRP_LAYERED_CONT_FIX,6450.0,12,1,0.0027,11,11,1,1313,5.86161,,0,0,0,0,,,,,
Instances/Instances 3/tsp225_07.gt,224,1000.0,86400.0,PTVRP_LAYERED_CONT_FIX,5199.0,7,1,0.0034,6,6,1,740,3.30357,,0,0,0,0,,,,,
Instances/Instances 3/tsp225_08.gt,224,2000.0,86400.0,PTVRP_LAYERED_CONT_FIX,4600.0,3,1,0.0024,3,3,1,424,1.89286,,0,0,0,0,,,,,
Instances/Instances 3/tsp225_09.gt,224,5000.0,86400.0,PTVRP_LAYERED_CONT_FIX,4425.0,2,1,0.0025,2,2,1,259,1.15625,,0,0,0,0,,,,,
Instances/Instances 3/tsp225_10.gt,224,10000.0,86400.0,PTVRP_LAYERED_CONT_FIX,4418.0,1,1,0.0023,1,1,1,224,1.0,,0,0,0,0,,,,,
Instances/Instances 3/tz6117_01.gt,6116,10.0,86400.0,PTVRP_LAYERED_CONT_FIX,121747404.0,3363,17,0.0269,15444,66,20,126627,20.7042,,0,0,21402,0,,,,,
Instances/Instances 3/tz6117_02.gt,6116,20.0,86400.0,PTVRP_LAYERED_CONT_FIX,62122181.0,2109,13,0.0241,7899,38,14,116235,19.0051,,0,0,33767,0,,,,,
Instances/Instances 3/tz6117_03.gt,6116,50.0,86400.0,PTVRP_LAYERED_CONT_FIX,24897459.0,1411,9,0.0192,3109,25,11,95411,15.6002,,0,0,54921,0,,,,,
Instances/Instances 3/tz6117_04.gt,6116,100.0,86400.0,PTVRP_LAYERED_CONT_FIX,12796072.0,974,5,0.017,1577,19,8,78421,12.8223,,0,0,68948,0,,,,,
Instances/Instances 3/tz6117_05.gt,6116,200.0,86400.0,PTVRP_LAYERED_CONT_FIX,6388578.0,654,4,0.0167,770,15,5,61625,10.076,,0,0,72234,0,,,,,
Instances/Instances 3/tz6117_06.gt,6116,500.0,86400.0,PTVRP_LAYERED_CONT_FIX,2800909.0,322,2,0.0114,315,11,3,43524,7.11642,,0,0,44439,0,,,,,
Instances/Instances 3/tz6117_07.gt,6116,1000.0,86400.0,PTVRP_LAYERED_CONT_FIX,1564677.0,162,1,0.009,157,8,3,32694,5.34565,,0,0,26652,0,,,,,
Instances/Instances 3/tz6117_08.gt,6116,2000.0,86400.0,PTVRP_LAYERED_CONT_FIX,958294.0,81,1,0.0077,79,6,1,23745,3.88244,,0,0,10495,0,,,,,
Instances/Instances 3/tz6117_09.gt,6116,5000.0,86400.0,PTVRP_LAYERED_CONT_FIX,613237.0,33,1,0.0068,32,4,1,14616,2.3898,,0,0,2569,0,,,,,
Instances/Instances 3/tz6117_10.gt,6116,10000.0,86400.0,PTVRP_LAYERED_CONT_FIX,497770.0,17,1,0.0066,16,3,1,12521,2.04725,,0,0,2154,0,,,,,
Instances/Instances 3/u1060_01.gt,1059,10.0,86400.0,PTVRP_LAYERED_CONT_FIX,27657271.0,700,11,0.0068,2711,35,11,15645,14.7734,,0,0,2326,0,,,,,
Instances/Instances 3/u1060_02.gt,1059,20.0,86400.0,PTVRP_LAYERED_CONT_FIX,13760289.0,459,8,0.0061,1327,23,9,13551,12.796,,0,0,3314,0,,,,,
Instances/Instances 3/u1060_03.gt,1059,50.0,86400.0,PTVRP_LAYERED_CONT_FIX,5674230.0,348,5,0.0058,555,16,6,10681,10.0859,,0,0,4625,0,,,,,
Instances/Instances 3/u1060_04.gt,1059,100.0,86400.0,PTVRP_LAYERED_CONT_FIX,2971375.0,214,4,0.0045,274,11,4,8223,7.76487,,0,0,4696,0,,,,,
Instances/Instances 3/u1060_05.gt,1059,200.0,86400.0,PTVRP_LAYERED_CONT_FIX,1538512.0,135,3,0.0041,135,8,3,6212,5.86591,,0,0,4222,0,,,,,
Instances/Instances 3/u1060_06.gt,1059,500.0,86400.0,PTVRP_LAYERED_CONT_FIX,724094.0,59,1,0.0041,54,5,2,4151,3.91974,,0,0,1944,0,,,,,
Instances/Instances 3/u1060_07.gt,1059,1000.0,86400.0,PTVRP_LAYERED_CONT_FIX,463130.0,28,1,0.0033,27,3,1,3031,2.86213,,0,0,1958,0,,,,,
Instances/Instances 3/u1060_08.gt,1059,2000.0,86400.0,PTVRP_LAYERED_CONT_FIX,344575.0,15,1,0.0031,14,2,1,2048,1.9339,,0,0,20,0,,,,,
Instances/Instances 3/u1060_09.gt,1059,5000.0,86400.0,PTVRP_LAYERED_CONT_FIX,265974.0,8,1,0.0029,6,2,1,1147,1.0831,,0,0,143,0,,,,,
Instances/Instances 3/u1060_10.gt,1059,10000.0,86400.0,PTVRP_LAYERED_CONT_FIX,245381.0,4,1,0.0029,3,1,1,1059,1.0,,0,0,515,0,,,,,
Instances/Instances 3/u1432_01.gt,1431,10.0,86400.0,PTVRP_LAYERED_CONT_FIX,15121146.0,755,14,0.0083,3503,43,16,38041,26.5835,,0,0,4953,0,,,,,
Instances/Instances 3/u1432_02.gt,1431,20.0,86400.0,PTVRP_LAYERED_CONT_FIX,8132376.0,552,12,0.0074,1832,33,13,31570,22.0615,,0,0,6177,0,,,,,
Instances/Instances 3/u1432_03.gt,1431,50.0,86400.0,PTVRP_LAYERED_CONT_FIX,3305377.0,442,5,0.0059,719,22,6,22667,15.84,,0,0,6578,0,,,,,
Instances/Instances 3/u1432_04.gt,1431,100.0,86400.0,PTVRP_LAYERED_CONT_FIX,1723255.0,292,3,0.0057,362,15,4,17046,11.9119,,0,0,5629,0,,,,,
Instances/Instances 3/u1432_05.gt,1431,200.0,86400.0,PTVRP_LAYERED_CONT_FIX,927506.0,187,2,0.0046,184,10,2,12670,8.85395,,0,0,3544,0,,,,,
Instances/Instances 3/u1432_06.gt,1431,500.0,86400.0,PTVRP_LAYERED_CONT_FIX,444446.0,79,1,0.0039,74,7,1,8270,5.77918,,0,0,1634,0,,,,,
Instances/Instances 3/u1432_07.gt,1431,1000.0,86400.0,PTVRP_LAYERED_CONT_FIX,293385.0,41,1,0.0035,37,5,1,5570,3.89238,,0,0,83,0,,,,,
Instances/Instances 3/u1432_08.gt,1431,2000.0,86400.0,PTVRP_LAYERED_CONT_FIX,218691.0,23,1,0.0033,19,3,1,4075,2.84766,,0,0,0,0,,,,,
Instances/Instances 3/u1432_09.gt,1431,5000.0,86400.0,PTVRP_LAYERED_CONT_FIX,173788.0,9,1,0.0032,8,2,1,2673,1.86792,,0,0,0,0,,,,,
Instances/Instances 3/u1432_10.gt,1431,10000.0,86400.0,PTVRP_LAYERED_CONT_FIX,163339.0,6,1,0.0031,4,2,1,1620,1.13208,,0,0,290,0,,,,,
Instances/Instances 3/u159_01.gt,158,10.0,86400.0,PTVRP_LAYERED_CONT_FIX,1955024.0,104,10,0.0033,419,30,14,3155,19.9684,,0,0,323,0,,,,,
Instances/Instances 3/u159_02.gt,158,20.0,86400.0,PTVRP_LAYERED_CONT_FIX,951395.0,82,6,0.0029,195,20,6,2390,15.1266,,0,0,367,0,,,,,
Instances/Instances 3/u159_03.gt,158,50.0,86400.0,PTVRP_LAYERED_CONT_FIX,384199.0,59,4,0.0027,74,13,4,1557,9.85443,,0,0,300,0,,,,,
Instances/Instances 3/u159_04.gt,158,100.0,86400.0,PTVRP_LAYERED_CONT_FIX,211969.0,38,2,0.0026,38,8,2,1118,7.07595,,0,0,164,0,,,,,
Instances/Instances 3/u159_05.gt,158,200.0,86400.0,PTVRP_LAYERED_CONT_FIX,125701.0,20,2,0.0025,20,7,2,802,5.07595,,0,0,82,0,,,,,
Instances/Instances 3/u159_06.gt,158,500.0,86400.0,PTVRP_LAYERED_CONT_FIX,70115.0,8,1,0.0024,8,4,1,466,2.94937,,0,0,84,0,,,,,
Instances/Instances 3/u159_07.gt,158,1000.0,86400.0,PTVRP_LAYERED_CONT_FIX,55634.0,4,1,0.0023,4,3,1,355,2.24684,,0,0,0,0,,,,,
Instances/Instances 3/u159_08.gt,158,2000.0,86400.0,PTVRP_LAYERED_CONT_FIX,49745.0,3,1,0.0023,3,2,1,239,1.51266,,0,0,0,0,,,,,
Instances/Instances 3/u159_09.gt,158,5000.0,86400.0,PTVRP_LAYERED_CONT_FIX,47792.0,1,1,0.0024,1,1,1,158,1.0,,0,0,0,0,,,,,
Instances/Instances 3/u159_10.gt,158,10000.0,86400.0,PTVRP_LAYERED_CONT_FIX,47792.0,1,1,0.0023,1,1,1,158,1.0,,0,0,0,0,,,,,
Instances/Instances 3/u1817_01.gt,1816,10.0,86400.0,PTVRP_LAYERED_CONT_FIX,8331342.0,886,19,0.0112,4658,86,20,102270,56.3161,,0,0,10590,0,,,,,
Instances/Instances 3/u1817_02.gt,1816,20.0,86400.0,PTVRP_LAYERED_CONT_FIX,4240676.0,668,13,0.0107,2320,61,15,80562,44.3623,,0,0,12280,0,,,,,
Instances/Instances 3/u1817_03.gt,1816,50.0,86400.0,PTVRP_LAYERED_CONT_FIX,1751242.0,535,8,0.0091,921,38,8,55707,30.6757,,0,0,12121,0,,,,,
Instances/Instances 3/u1817_04.gt,1816,100.0,86400.0,PTVRP_LAYERED_CONT_FIX,926278.0,372,4,0.0079,469,27,5,41358,22.7742,,0,0,8993,0,,,,,
Instances/Instances 3/u1817_05.gt,1816,200.0,86400.0,PTVRP_LAYERED_CONT_FIX,473231.0,228,2,0.0063,232,19,3,29857,16.4411,,0,0,5265,0,,,,,
Instances/Instances 3/u1817_06.gt,1816,500.0,86400.0,PTVRP_LAYERED_CONT_FIX,213504.0,97,1,0.0051,92,12,2,19007,10.4664,,0,0,2282,0,,,,,
Instances/Instances 3/u1817_07.gt,1816,1000.0,86400.0,PTVRP_LAYERED_CONT_FIX,135079.0,50,1,0.0044,47,9,1,13622,7.5011,,0,0,1598,0,,,,,
Instances/Instances 3/u1817_08.gt,1816,2000.0,86400.0,PTVRP_LAYERED_CONT_FIX,94956.0,25,1,0.0042,23,6,1,9736,5.36123,,0,0,991,0,,,,,
Instances/Instances 3/u1817_09.gt,1816,5000.0,86400.0,PTVRP_LAYERED_CONT_FIX,71935.0,11,1,0.0036,10,4,1,6045,3.32874,,0,0,11,0,,,,,
Instances/Instances 3/u1817_10.gt,1816,10000.0,86400.0,PTVRP_LAYERED_CONT_FIX,64428.0,6,1,0.0036,5,3,1,4281,2.35738,,0,0,0,0,,,,,
Instances/Instances 3/u2152_01.gt,2151,10.0,86400.0,PTVRP_LAYERED_CONT_FIX,9937986.0,1041,19,0.0128,5503,93,22,122501,56.9507,,0,0,12886,0,,,,,
Instances/Instances 3/u2152_02.gt,2151,20.0,86400.0,PTVRP_LAYERED_CONT_FIX,5090787.0,768,14,0.0126,2736,62,17,96606,44.9121,,0,0,15270,0,,,,,
Instances/Instances 3/u2152_03.gt,2151,50.0,86400.0,PTVRP_LAYERED_CONT_FIX,2115005.0,596,7,0.0109,1107,41,9,67931,31.5811,,0,0,15478,0,,,,,
Instances/Instances 3/u2152_04.gt,2151,100.0,86400.0,PTVRP_LAYERED_CONT_FIX,1079166.0,406,4,0.0092,549,28,6,50226,23.3501,,0,0,11728,0,,,,,
Instances/Instances 3/u2152_05.gt,2151,200.0,86400.0,PTVRP_LAYERED_CONT_FIX,558921.0,263,2,0.008,272,20,3,36355,16.9014,,0,0,7179,0,,,,,
Instances/Instances 3/u2152_06.gt,2151,500.0,86400.0,PTVRP_LAYERED_CONT_FIX,255346.0,113,2,0.0057,110,13,2,23509,10.9293,,0,0,2704,0,,,,,
Instances/Instances 3/u2152_07.gt,2151,1000.0,86400.0,PTVRP_LAYERED_CONT_FIX,157568.0,59,1,0.0049,55,9,1,16271,7.56439,,0,0,381,0,,,,,
Instances/Instances 3/u2152_08.gt,2151,2000.0,86400.0,PTVRP_LAYERED_CONT_FIX,108774.0,30,1,0.0043,28,6,1,11679,5.42957,,0,0,47,0,,,,,
Instances/Instances 3/u2152_09.gt,2151,5000.0,86400.0,PTVRP_LAYERED_CONT_FIX,80340.0,13,1,0.004,11,4,1,7437,3.45746,,0,0,0,0,,,,,
Instances/Instances 3/u2152_10.gt,2151,10000.0,86400.0,PTVRP_LAYERED_CONT_FIX,71897.0,7,1,0.0038,6,3,1,5282,2.4556,,0,0,0,0,,,,,
Instances/Instances 3/u2319_01.gt,2318,10.0,86400.0,PTVRP_LAYERED_CONT_FIX,23843851.0,1247,16,0.0123,5928,53,16,65696,28.3417,,0,0,8000,0,,,,,
Instances/Instances 3/u2319_02.gt,2318,20.0,86400.0,PTVRP_LAYERED_CONT_FIX,12290127.0,937,10,0.0113,2970,34,13,53766,23.195,,0,0,9977,0,,,,,
Instances/Instances 3/u2319_03.gt,2318,50.0,86400.0,PTVRP_LAYERED_CONT_FIX,5087921.0,743,6,0.0097,1182,22,7,38520,16.6178,,0,0,10699,0,,,,,
Instances/Instances 3/u2319_04.gt,2318,100.0,86400.0,PTVRP_LAYERED_CONT_FIX,2666310.0,499,4,0.008,595,15,4,28967,12.4965,,0,0,8774,0,,,,,
Instances/Instances 3/u2319_05.gt,2318,200.0,86400.0,PTVRP_LAYERED_CONT_FIX,1384929.0,298,2,0.0067,291,11,2,21160,9.12856,,0,0,5156,0,,,,,
Instances/Instances 3/u2319_06.gt,2318,500.0,86400.0,PTVRP_LAYERED_CONT_FIX,678790.0,126,1,0.0053,119,7,2,13780,5.94478,,0,0,1643,0,,,,,
Instances/Instances 3/u2319_07.gt,2318,1000.0,86400.0,PTVRP_LAYERED_CONT_FIX,443781.0,63,1,0.0048,60,5,1,9819,4.23598,,0,0,1099,0,,,,,
Instances/Instances 3/u2319_08.gt,2318,2000.0,86400.0,PTVRP_LAYERED_CONT_FIX,334721.0,33,1,0.0042,30,3,1,6713,2.89603,,0,0,0,0,,,,,
Instances/Instances 3/u2319_09.gt,2318,5000.0,86400.0,PTVRP_LAYERED_CONT_FIX,267641.0,15,1,0.004,12,2,1,4430,1.91113,,0,0,0,0,,,,,
Instances/Instances 3/u2319_10.gt,2318,10000.0,86400.0,PTVRP_LAYERED_CONT_FIX,249892.0,8,1,0.0038,6,2,1,4225,1.82269,,0,0,2584,0,,,,,
Instances/Instances 3/u574_01.gt,573,10.0,86400.0,PTVRP_LAYERED_CONT_FIX,2779006.0,317,14,0.0048,1490,60,17,25231,44.0332,,0,0,2107,0,,,,,
Instances/Instances 3/u574_02.gt,573,20.0,86400.0,PTVRP_LAYERED_CONT_FIX,1425860.0,271,12,0.0046,740,44,13,19212,33.5288,,0,0,2218,0,,,,,
Instances/Instances 3/u574_03.gt,573,50.0,86400.0,PTVRP_LAYERED_CONT_FIX,567373.0,206,4,0.0044,284,28,5,12652,22.0803,,0,0,1880,0,,,,,
Instances/Instances 3/u574_04.gt,573,100.0,86400.0,PTVRP_LAYERED_CONT_FIX,307809.0,126,3,0.0036,144,19,3,9220,16.0908,,0,0,1298,0,,,,,
Instances/Instances 3/u574_05.gt,573,200.0,86400.0,PTVRP_LAYERED_CONT_FIX,165067.0,79,2,0.0034,73,14,2,6567,11.4607,,0,0,641,0,,,,,
Instances/Instances 3/u574_06.gt,573,500.0,86400.0,PTVRP_LAYERED_CONT_FIX,88198.0,32,1,0.0029,31,9,1,4091,7.13962,,0,0,206,0,,,,,
Instances/Instances 3/u574_07.gt,573,1000.0,86400.0,PTVRP_LAYERED_CONT_FIX,59901.0,17,1,0.0032,15,6,1,2868,5.00524,,0,0,128,0,,,,,
Instances/Instances 3/u574_08.gt,573,2000.0,86400.0,PTVRP_LAYERED_CONT_FIX,47119.0,8,1,0.0028,8,4,1,1821,3.17801,,0,0,0,0,,,,,
Instances/Instances 3/u574_09.gt,573,5000.0,86400.0,PTVRP_LAYERED_CONT_FIX,41461.0,4,1,0.0026,3,3,1,1109,1.93543,,0,0,63,0,,,,,
Instances/Instances 3/u574_10.gt,573,10000.0,86400.0,PTVRP_LAYERED_CONT_FIX,40147.0,2,1,0.0026,2,2,1,746,1.30192,,0,0,0,0,,,,,
Instances/Instances 3/u724_01.gt,723,10.0,86400.0,PTVRP_LAYERED_CONT_FIX,3504519.0,399,16,0.0055,1867,62,17,32603,45.0941,,0,0,3006,0,,,,,
Instances/Instances 3/u724_02.gt,723,20.0,86400.0,PTVRP_LAYERED_CONT_FIX,1805735.0,303,9,0.0051,930,45,16,25099,34.7151,,0,0,3304,0,,,,,
Instances/Instances 3/u724_03.gt,723,50.0,86400.0,PTVRP_LAYERED_CONT_FIX,729631.0,248,6,0.0047,357,29,7,16768,23.1923,,0,0,2928,0,,,,,
Instances/Instances 3/u724_04.gt,723,100.0,86400.0,PTVRP_LAYERED_CONT_FIX,397244.0,169,3,0.0042,185,21,5,12325,17.047,,0,0,1832,0,,,,,
Instances/Instances 3/u724_05.gt,723,200.0,86400.0,PTVRP_LAYERED_CONT_FIX,216490.0,101,3,0.0035,95,15,3,8896,12.3043,,0,0,977,0,,,,,
Instances/Instances 3/u724_06.gt,723,500.0,86400.0,PTVRP_LAYERED_CONT_FIX,105412.0,40,1,0.003,38,9,1,5595,7.73859,,0,0,552,0,,,,,
Instances/Instances 3/u724_07.gt,723,1000.0,86400.0,PTVRP_LAYERED_CONT_FIX,70163.0,20,1,0.0028,18,6,1,3689,5.10235,,0,0,62,0,,,,,
Instances/Instances 3/u724_08.gt,723,2000.0,86400.0,PTVRP_LAYERED_CONT_FIX,55415.0,11,1,0.0028,10,4,1,2443,3.37898,,0,0,0,0,,,,,
Instances/Instances 3/u724_09.gt,723,5000.0,86400.0,PTVRP_LAYERED_CONT_FIX,46721.0,5,1,0.0027,4,3,1,1593,2.20332,,0,0,0,0,,,,,
Instances/Instances 3/u724_10.gt,723,10000.0,86400.0,PTVRP_LAYERED_CONT_FIX,45169.0,3,1,0.0025,2,2,1,1051,1.45367,,0,0,0,0,,,,,
Instances/Instances 3/usa13509_01.gt,13508,10.0,86400.0,PTVRP_LAYERED_CONT_FIX,NO SOLUTION,,,0.0105,34525,17,0,5154,0.381552,,0,0,0,0,,,,,
Instances/Instances 3/usa13509_02.gt,13508,20.0,86400.0,PTVRP_LAYERED_CONT_FIX,NO SOLUTION,,,0.01,17125,14,0,7117,0.526873,,0,0,0,0,,,,,
Instances/Instances 3/usa13509_03.gt,13508,50.0,86400.0,PTVRP_LAYERED_CONT_FIX,NO SOLUTION,,,0.01,6879,11,0,9461,0.7004,,0,0,0,0,,,,,
Instances/Instances 3/usa13509_04.gt,13508,100.0,86400.0,PTVRP_LAYERED_CONT_FIX,NO SOLUTION,,,0.0106,3446,8,0,8666,0.641546,,0,0,0,0,,,,,
Instances/Instances 3/usa13509_05.gt,13508,200.0,86400.0,PTVRP_LAYERED_CONT_FIX,NO SOLUTION,,,0.0105,1726,7,0,7865,0.582248,,0,0,0,0,,,,,
Instances/Instances 3/usa13509_06.gt,13508,500.0,86400.0,PTVRP_LAYERED_CONT_FIX,NO SOLUTION,,,0.0111,685,4,0,6697,0.49578,,0,0,0,0,,,,,
Instances/Instances 3/usa13509_07.gt,13508,1000.0,86400.0,PTVRP_LAYERED_CONT_FIX,NO SOLUTION,,,0.0101,347,2,0,6285,0.46528,,0,0,0,0,,,,,
Instances/Instances 3/usa13509_08.gt,13508,2000.0,86400.0,PTVRP_LAYERED_CONT_FIX,NO SOLUTION,,,0.0099,172,2,0,6196,0.458691,,0,0,0,0,,,,,
Instances/Instances 3/usa13509_09.gt,13508,5000.0,86400.0,PTVRP_LAYERED_CONT_FIX,NO SOLUTION,,,0.0109,69,1,0,6142,0.454694,,0,0,0,0,,,,,
Instances/Instances 3/usa13509_10.gt,13508,10000.0,86400.0,PTVRP_LAYERED_CONT_FIX,NO SOLUTION,,,0.0099,35,1,0,6142,0.454694,,0,0,0,0,,,,,
Instances/Instances 3/uy734_01.gt,733,10.0,86400.0,PTVRP_LAYERED_CONT_FIX,6455596.0,385,18,0.0055,1831,42,21,21599,29.4666,,0,0,2543,0,,,,,
Instances/Instances 3/uy734_02.gt,733,20.0,86400.0,PTVRP_LAYERED_CONT_FIX,3522264.0,305,11,0.005,972,36,16,17721,24.176,,0,0,3048,0,,,,,
Instances/Instances 3/uy734_03.gt,733,50.0,86400.0,PTVRP_LAYERED_CONT_FIX,1413591.0,250,7,0.0049,375,25,7,12401,16.9181,,0,0,3301,0,,,,,
Instances/Instances 3/uy734_04.gt,733,100.0,86400.0,PTVRP_LAYERED_CONT_FIX,744082.0,166,3,0.0042,189,19,5,9179,12.5225,,0,0,2540,0,,,,,
Instances/Instances 3/uy734_05.gt,733,200.0,86400.0,PTVRP_LAYERED_CONT_FIX,394191.0,98,2,0.0042,93,13,3,6587,8.98636,,0,0,1495,0,,,,,
Instances/Instances 3/uy734_06.gt,733,500.0,86400.0,PTVRP_LAYERED_CONT_FIX,200634.0,40,1,0.003,38,8,2,4227,5.76671,,0,0,454,0,,,,,
Instances/Instances 3/uy734_07.gt,733,1000.0,86400.0,PTVRP_LAYERED_CONT_FIX,135339.0,21,1,0.003,19,5,1,2892,3.94543,,0,0,93,0,,,,,
Instances/Instances 3/uy734_08.gt,733,2000.0,86400.0,PTVRP_LAYERED_CONT_FIX,105571.0,11,1,0.0028,10,4,1,2064,2.81583,,0,0,125,0,,,,,
Instances/Instances 3/uy734_09.gt,733,5000.0,86400.0,PTVRP_LAYERED_CONT_FIX,90390.0,5,1,0.0027,4,2,1,1277,1.74216,,0,0,0,0,,,,,
Instances/Instances 3/uy734_10.gt,733,10000.0,86400.0,PTVRP_LAYERED_CONT_FIX,85530.0,3,1,0.0026,2,2,1,985,1.34379,,0,0,572,0,,,,,
Instances/Instances 3/vm1084_01.gt,1083,10.0,86400.0,PTVRP_LAYERED_CONT_FIX,NO SOLUTION,,,0.0038,2778,28,8,12920,11.9298,,0,0,204,0,,,,,
Instances/Instances 3/vm1084_02.gt,1083,20.0,86400.0,PTVRP_LAYERED_CONT_FIX,17871874.0,498,10,0.0062,1399,19,10,12064,11.1394,,0,0,3578,0,,,,,
Instances/Instances 3/vm1084_03.gt,1083,50.0,86400.0,PTVRP_LAYERED_CONT_FIX,7110556.0,315,6,0.005,552,15,7,9853,9.09788,,0,0,5585,0,,,,,
Instances/Instances 3/vm1084_04.gt,1083,100.0,86400.0,PTVRP_LAYERED_CONT_FIX,3648999.0,196,5,0.0043,277,12,5,8006,7.39243,,0,0,7054,0,,,,,
Instances/Instances 3/vm1084_05.gt,1083,200.0,86400.0,PTVRP_LAYERED_CONT_FIX,1941710.0,136,2,0.0039,140,9,4,6297,5.8144,,0,0,7404,0,,,,,
Instances/Instances 3/vm1084_06.gt,1083,500.0,86400.0,PTVRP_LAYERED_CONT_FIX,876851.0,59,1,0.0034,56,6,2,4337,4.00462,,0,0,5028,0,,,,,
Instances/Instances 3/vm1084_07.gt,1083,1000.0,86400.0,PTVRP_LAYERED_CONT_FIX,550504.0,31,1,0.0032,29,4,1,3156,2.91413,,0,0,2872,0,,,,,
Instances/Instances 3/vm1084_08.gt,1083,2000.0,86400.0,PTVRP_LAYERED_CONT_FIX,378356.0,16,1,0.003,14,3,1,2275,2.10065,,0,0,1438,0,,,,,
Instances/Instances 3/vm1084_09.gt,1083,5000.0,86400.0,PTVRP_LAYERED_CONT_FIX,285400.0,7,1,0.0033,6,2,1,1460,1.34811,,0,0,1300,0,,,,,
Instances/Instances 3/vm1084_10.gt,1083,10000.0,86400.0,PTVRP_LAYERED_CONT_FIX,260270.0,4,1,0.003,3,1,1,1083,1.0,,0,0,450,0,,,,,
Instances/Instances 3/vm1748_01.gt,1747,10.0,86400.0,PTVRP_LAYERED_CONT_FIX,NO SOLUTION,,,0.0045,4494,30,11,19959,11.4247,,0,0,596,0,,,,,
Instances/Instances 3/vm1748_02.gt,1747,20.0,86400.0,PTVRP_LAYERED_CONT_FIX,30946455.0,795,9,0.0083,2230,19,9,18752,10.7338,,0,0,5806,0,,,,,
Instances/Instances 3/vm1748_03.gt,1747,50.0,86400.0,PTVRP_LAYERED_CONT_FIX,12213681.0,500,7,0.0068,892,14,7,15885,9.09273,,0,0,9673,0,,,,,
Instances/Instances 3/vm1748_04.gt,1747,100.0,86400.0,PTVRP_LAYERED_CONT_FIX,6385114.0,325,5,0.0058,457,12,6,13146,7.5249,,0,0,12166,0,,,,,
Instances/Instances 3/vm1748_05.gt,1747,200.0,86400.0,PTVRP_LAYERED_CONT_FIX,3289473.0,203,3,0.005,225,9,5,10419,5.96394,,0,0,12862,0,,,,,
Instances/Instances 3/vm1748_06.gt,1747,500.0,86400.0,PTVRP_LAYERED_CONT_FIX,1457735.0,93,1,0.0041,89,6,3,7311,4.18489,,0,0,10647,0,,,,,
Instances/Instances 3/vm1748_07.gt,1747,1000.0,86400.0,PTVRP_LAYERED_CONT_FIX,868091.0,46,1,0.0037,44,4,1,5310,3.0395,,0,0,7134,0,,,,,
Instances/Instances 3/vm1748_08.gt,1747,2000.0,86400.0,PTVRP_LAYERED_CONT_FIX,606626.0,24,1,0.0035,23,3,1,3979,2.27762,,0,0,3834,0,,,,,
Instances/Instances 3/vm1748_09.gt,1747,5000.0,86400.0,PTVRP_LAYERED_CONT_FIX,427694.0,11,1,0.0034,9,2,1,2740,1.5684,,0,0,2513,0,,,,,
Instances/Instances 3/vm1748_10.gt,1747,10000.0,86400.0,PTVRP_LAYERED_CONT_FIX,374783.0,6,1,0.0032,5,1,1,1747,1.0,,0,0,1293,0,,,,,
Instances/Instances 3/vm22775_01.gt,22774,10.0,86400.0,PTVRP_LAYERED_CONT_FIX,NO SOLUTION,,,0.0396,58063,94,4,467554,20.5302,,0,0,14,0,,,,,
Instances/Instances 3/vm22775_02.gt,22774,20.0,86400.0,PTVRP_LAYERED_CONT_FIX,272765485.0,7450,18,0.0761,29037,69,18,448344,19.6867,,0,0,148879,0,,,,,
Instances/Instances 3/vm22775_03.gt,22774,50.0,86400.0,PTVRP_LAYERED_CONT_FIX,107936644.0,4113,12,0.0633,11573,46,12,397699,17.4629,,0,0,284276,0,,,,,
Instances/Instances 3/vm22775_04.gt,22774,100.0,86400.0,PTVRP_LAYERED_CONT_FIX,54435928.0,2658,7,0.0568,5793,31,10,344671,15.1344,,0,0,419240,0,,,,,
Instances/Instances 3/vm22775_05.gt,22774,200.0,86400.0,PTVRP_LAYERED_CONT_FIX,27675734.0,2010,5,0.0463,2913,22,7,288996,12.6897,,0,0,535952,0,,,,,
Instances/Instances 3/vm22775_06.gt,22774,500.0,86400.0,PTVRP_LAYERED_CONT_FIX,11248304.0,1109,2,0.0379,1157,14,4,216379,9.50114,,0,0,508935,0,,,,,
Instances/Instances 3/vm22775_07.gt,22774,1000.0,86400.0,PTVRP_LAYERED_CONT_FIX,5885376.0,590,2,0.0331,583,10,4,167212,7.34223,,0,0,322464,0,,,,,
Instances/Instances 3/vm22775_08.gt,22774,2000.0,86400.0,PTVRP_LAYERED_CONT_FIX,3193893.0,294,1,0.0271,291,7,3,126200,5.54141,,0,0,181190,0,,,,,
Instances/Instances 3/vm22775_09.gt,22774,5000.0,86400.0,PTVRP_LAYERED_CONT_FIX,1606236.0,118,1,0.0228,116,5,2,85518,3.75507,,0,0,68100,0,,,,,
Instances/Instances 3/vm22775_10.gt,22774,10000.0,86400.0,PTVRP_LAYERED_CONT_FIX,1086866.0,61,1,0.022,59,3,1,64667,2.83951,,0,0,50016,0,,,,,
Instances/Instances 3/wi29_01.gt,28,10.0,86400.0,PTVRP_LAYERED_CONT_FIX,446870.0,19,7,0.0025,70,17,7,313,11.1786,,0,0,28,0,,,,,
Instances/Instances 3/wi29_02.gt,28,20.0,86400.0,PTVRP_LAYERED_CONT_FIX,261376.0,19,5,0.0023,35,12,5,211,7.53571,,0,0,28,0,,,,,
Instances/Instances 3/wi29_03.gt,28,50.0,86400.0,PTVRP_LAYERED_CONT_FIX,98036.0,14,2,0.0023,14,7,3,149,5.32143,,0,0,20,0,,,,,
Instances/Instances 3/wi29_04.gt,28,100.0,86400.0,PTVRP_LAYERED_CONT_FIX,73682.0,9,2,0.0022,9,5,2,110,3.92857,,0,0,15,0,,,,,
Instances/Instances 3/wi29_05.gt,28,200.0,86400.0,PTVRP_LAYERED_CONT_FIX,41037.0,4,1,0.0022,4,3,1,55,1.96429,,0,0,0,0,,,,,
Instances/Instances 3/wi29_06.gt,28,500.0,86400.0,PTVRP_LAYERED_CONT_FIX,37103.0,3,1,0.0021,2,2,1,40,1.42857,,0,0,0,0,,,,,
Instances/Instances 3/wi29_07.gt,28,1000.0,86400.0,PTVRP_LAYERED_CONT_FIX,33110.0,1,1,0.0022,1,1,1,28,1.0,,0,0,0,0,,,,,
Instances/Instances 3/wi29_08.gt,28,2000.0,86400.0,PTVRP_LAYERED_CONT_FIX,33110.0,1,1,0.0026,1,1,1,28,1.0,,0,0,0,0,,,,,
Instances/Instances 3/wi29_09.gt,28,5000.0,86400.0,PTVRP_LAYERED_CONT_FIX,33110.0,1,1,0.0022,1,1,1,28,1.0,,0,0,0,0,,,,,
Instances/Instances 3/wi29_10.gt,28,10000.0,86400.0,PTVRP_LAYERED_CONT_FIX,33110.0,1,1,0.0022,1,1,1,28,1.0,,0,0,0,0,,,,,
Instances/Instances 3/ym7663_01.gt,7662,10.0,86400.0,PTVRP_LAYERED_CONT_FIX,NO SOLUTION,,,0.0218,19501,91,27,329599,43.0174,,0,0,48978,0,,,,,
Instances/Instances 3/ym7663_02.gt,7662,20.0,86400.0,PTVRP_LAYERED_CONT_FIX,38039089.0,2306,20,0.0333,9900,64,20,284250,37.0987,,0,0,70328,0,,,,,
Instances/Instances 3/ym7663_03.gt,7662,50.0,86400.0,PTVRP_LAYERED_CONT_FIX,15220581.0,1603,9,0.0292,3882,42,11,215953,28.1849,,0,0,94514,0,,,,,
Instances/Instances 3/ym7663_04.gt,7662,100.0,86400.0,PTVRP_LAYERED_CONT_FIX,7747573.0,1198,5,0.0248,1955,31,8,168903,22.0442,,0,0,94107,0,,,,,
Instances/Instances 3/ym7663_05.gt,7662,200.0,86400.0,PTVRP_LAYERED_CONT_FIX,4001165.0,822,3,0.02,979,23,5,128126,16.7223,,0,0,77274,0,,,,,
Instances/Instances 3/ym7663_06.gt,7662,500.0,86400.0,PTVRP_LAYERED_CONT_FIX,1685481.0,399,2,0.015,388,14,3,86113,11.239,,0,0,36337,0,,,,,
Instances/Instances 3/ym7663_07.gt,7662,1000.0,86400.0,PTVRP_LAYERED_CONT_FIX,952410.0,201,1,0.012,196,10,2,62892,8.2083,,0,0,17600,0,,,,,
Instances/Instances 3/ym7663_08.gt,7662,2000.0,86400.0,PTVRP_LAYERED_CONT_FIX,586128.0,103,1,0.0102,98,7,2,45371,5.92156,,0,0,8828,0,,,,,
Instances/Instances 3/ym7663_09.gt,7662,5000.0,86400.0,PTVRP_LAYERED_CONT_FIX,375923.0,42,1,0.0086,40,5,1,28903,3.77225,,0,0,2988,0,,,,,
Instances/Instances 3/ym7663_10.gt,7662,10000.0,86400.0,PTVRP_LAYERED_CONT_FIX,306838.0,21,1,0.0083,20,3,1,20513,2.67724,,0,0,1846,0,,,,,
Instances/Instances 3/zi929_01.gt,928,10.0,86400.0,PTVRP_LAYERED_CONT_FIX,10085136.0,423,21,0.0058,2391,59,28,28890,31.1315,,0,0,4389,0,,,,,
Instances/Instances 3/zi929_02.gt,928,20.0,86400.0,PTVRP_LAYERED_CONT_FIX,4971798.0,320,18,0.0056,1166,53,19,24745,26.6649,,0,0,6261,0,,,,,
Instances/Instances 3/zi929_03.gt,928,50.0,86400.0,PTVRP_LAYERED_CONT_FIX,2059292.0,253,7,0.0052,466,39,11,18392,19.819,,0,0,7758,0,,,,,
Instances/Instances 3/zi929_04.gt,928,100.0,86400.0,PTVRP_LAYERED_CONT_FIX,1076890.0,168,5,0.0049,236,31,6,13831,14.9041,,0,0,6708,0,,,,,
Instances/Instances 3/zi929_05.gt,928,200.0,86400.0,PTVRP_LAYERED_CONT_FIX,579773.0,107,3,0.0039,118,20,4,9691,10.4429,,0,0,3887,0,,,,,
Instances/Instances 3/zi929_06.gt,928,500.0,86400.0,PTVRP_LAYERED_CONT_FIX,285131.0,54,1,0.0033,49,11,2,5908,6.36638,,0,0,1536,0,,,,,
Instances/Instances 3/zi929_07.gt,928,1000.0,86400.0,PTVRP_LAYERED_CONT_FIX,184644.0,26,1,0.0032,24,7,1,3910,4.21336,,0,0,875,0,,,,,
Instances/Instances 3/zi929_08.gt,928,2000.0,86400.0,PTVRP_LAYERED_CONT_FIX,136842.0,14,1,0.003,12,4,1,2660,2.86638,,0,0,197,0,,,,,
Instances/Instances 3/zi929_09.gt,928,5000.0,86400.0,PTVRP_LAYERED_CONT_FIX,111189.0,6,1,0.0027,5,2,1,1645,1.77263,,0,0,0,0,,,,,
Instances/Instances 3/zi929_10.gt,928,10000.0,86400.0,PTVRP_LAYERED_CONT_FIX,101349.0,3,1,0.0027,3,2,1,1305,1.40625,,0,0,207,0,,,,,
