instance,n,Q,horizon,solver,cost,templates,max_m,seconds,K_full_tour,K_allocated,max_layer_used,layer_iterations,eff_K,revived_arcs,revived_starts,revived_improving,gap_vs_first
Instances/Instances 1/a280_01.gt,279,100.0,86400.0,PTVRP_CONT,16387.0,72,2,0.0044,,,,,,0,,0,
Instances/Instances 1/a280_02.gt,279,200.0,86400.0,PTVRP_CONT,8816.0,36,2,0.0042,,,,,,0,,0,
Instances/Instances 1/a280_03.gt,279,500.0,86400.0,PTVRP_CONT,4897.0,15,1,0.0042,,,,,,0,,0,
Instances/Instances 1/a280_04.gt,279,1000.0,86400.0,PTVRP_CONT,3722.0,9,1,0.004,,,,,,0,,0,
Instances/Instances 1/a280_05.gt,279,2000.0,86400.0,PTVRP_CONT,3176.0,4,1,0.0048,,,,,,0,,0,
Instances/Instances 1/a280_06.gt,279,5000.0,86400.0,PTVRP_CONT,2855.0,2,1,0.0067,,,,,,0,,0,
Instances/Instances 1/a280_07.gt,279,10000.0,86400.0,PTVRP_CONT,2835.0,1,1,0.0046,,,,,,0,,0,
Instances/Instances 1/a280_08.gt,279,20000.0,86400.0,PTVRP_CONT,2835.0,1,1,0.0063,,,,,,0,,0,
Instances/Instances 1/a280_09.gt,279,50000.0,86400.0,PTVRP_CONT,2835.0,1,1,0.0046,,,,,,0,,0,
Instances/Instances 1/a280_10.gt,279,100000.0,86400.0,PTVRP_CONT,2835.0,1,1,0.0039,,,,,,0,,0,
Instances/Instances 1/ar9152_01.gt,9151,100.0,86400.0,PTVRP_CONT,28717346.0,1467,5,0.2503,,,,,,0,,0,
Instances/Instances 1/ar9152_02.gt,9151,200.0,86400.0,PTVRP_CONT,14570814.0,978,5,0.2525,,,,,,0,,0,
Instances/Instances 1/ar9152_03.gt,9151,500.0,86400.0,PTVRP_CONT,6223523.0,476,2,0.2482,,,,,,0,,0,
Instances/Instances 1/ar9152_04.gt,9151,1000.0,86400.0,PTVRP_CONT,3468503.0,239,2,0.3529,,,,,,0,,0,
Instances/Instances 1/ar9152_05.gt,9151,2000.0,86400.0,PTVRP_CONT,2131437.0,123,1,0.2544,,,,,,0,,0,
Instances/Instances 1/ar9152_06.gt,9151,5000.0,86400.0,PTVRP_CONT,1329482.0,51,1,0.3215,,,,,,0,,0,
Instances/Instances 1/ar9152_07.gt,9151,10000.0,86400.0,PTVRP_CONT,1090437.0,27,1,0.2651,,,,,,0,,0,
Instances/Instances 1/ar9152_08.gt,9151,20000.0,86400.0,PTVRP_CONT,986552.0,15,1,0.2627,,,,,,0,,0,
Instances/Instances 1/ar9152_09.gt,9151,50000.0,86400.0,PTVRP_CONT,970633.0,13,1,0.2726,,,,,,0,,0,
Instances/Instances 1/ar9152_10.gt,9151,100000.0,86400.0,PTVRP_CONT,970633.0,13,1,0.2665,,,,,,0,,0,
Instances/Instances 1/berlin52_01.gt,51,100.0,86400.0,PTVRP_CONT,14644.0,14,1,0.0051,,,,,,0,,0,
Instances/Instances 1/berlin52_02.gt,51,200.0,86400.0,PTVRP_CONT,11269.0,8,1,0.0069,,,,,,0,,0,
Instances/Instances 1/berlin52_03.gt,51,500.0,86400.0,PTVRP_CONT,8619.0,4,1,0.0048,,,,,,0,,0,
Instances/Instances 1/berlin52_04.gt,51,1000.0,86400.0,PTVRP_CONT,7852.0,2,1,0.004,,,,,,0,,0,
Instances/Instances 1/berlin52_05.gt,51,2000.0,86400.0,PTVRP_CONT,7803.0,1,1,0.0047,,,,,,0,,0,
Instances/Instances 1/berlin52_06.gt,51,5000.0,86400.0,PTVRP_CONT,7803.0,1,1,0.0038,,,,,,0,,0,
Instances/Instances 1/berlin52_07.gt,51,10000.0,86400.0,PTVRP_CONT,7803.0,1,1,0.0038,,,,,,0,,0,
Instances/Instances 1/berlin52_08.gt,51,20000.0,86400.0,PTVRP_CONT,7803.0,1,1,0.0053,,,,,,0,,0,
Instances/Instances 1/berlin52_09.gt,51,50000.0,86400.0,PTVRP_CONT,7803.0,1,1,0.0036,,,,,,0,,0,
Instances/Instances 1/berlin52_10.gt,51,100000.0,86400.0,PTVRP_CONT,7803.0,1,1,0.0049,,,,,,0,,0,
Instances/Instances 1/bier127_01.gt,126,100.0,86400.0,PTVRP_CONT,328886.0,35,2,0.0038,,,,,,0,,0,
Instances/Instances 1/bier127_02.gt,126,200.0,86400.0,PTVRP_CONT,214093.0,20,1,0.0036,,,,,,0,,0,
Instances/Instances 1/bier127_03.gt,126,500.0,86400.0,PTVRP_CONT,147478.0,8,1,0.0039,,,,,,0,,0,
Instances/Instances 1/bier127_04.gt,126,1000.0,86400.0,PTVRP_CONT,129773.0,4,1,0.004,,,,,,0,,0,
Instances/Instances 1/bier127_05.gt,126,2000.0,86400.0,PTVRP_CONT,126048.0,2,1,0.0046,,,,,,0,,0,
Instances/Instances 1/bier127_06.gt,126,5000.0,86400.0,PTVRP_CONT,126048.0,2,1,0.0036,,,,,,0,,0,
Instances/Instances 1/bier127_07.gt,126,10000.0,86400.0,PTVRP_CONT,126048.0,2,1,0.0039,,,,,,0,,0,
Instances/Instances 1/bier127_08.gt,126,20000.0,86400.0,PTVRP_CONT,126048.0,2,1,0.0042,,,,,,0,,0,
Instances/Instances 1/bier127_09.gt,126,50000.0,86400.0,PTVRP_CONT,126048.0,2,1,0.0038,,,,,,0,,0,
Instances/Instances 1/bier127_10.gt,126,100000.0,86400.0,PTVRP_CONT,126048.0,2,1,0.0036,,,,,,0,,0,
Instances/Instances 1/bm33708_01.gt,33707,100.0,86400.0,PTVRP_CONT,54311911.0,4710,7,3.3509,,,,,,1,,1,
Instances/Instances 1/bm33708_02.gt,33707,200.0,86400.0,PTVRP_CONT,27566313.0,3312,4,3.3027,,,,,,1,,1,
Instances/Instances 1/bm33708_03.gt,33707,500.0,86400.0,PTVRP_CONT,11486555.0,1721,2,3.3944,,,,,,0,,0,
Instances/Instances 1/bm33708_04.gt,33707,1000.0,86400.0,PTVRP_CONT,6132031.0,878,1,3.6032,,,,,,0,,0,
Instances/Instances 1/bm33708_05.gt,33707,2000.0,86400.0,PTVRP_CONT,3523882.0,437,1,3.5597,,,,,,2,,2,
Instances/Instances 1/bm33708_06.gt,33707,5000.0,86400.0,PTVRP_CONT,1962016.0,178,1,3.5892,,,,,,1,,1,
Instances/Instances 1/bm33708_07.gt,33707,10000.0,86400.0,PTVRP_CONT,1448460.0,90,1,3.5951,,,,,,5,,5,
Instances/Instances 1/bm33708_08.gt,33707,20000.0,86400.0,PTVRP_CONT,1194002.0,47,1,3.5338,,,,,,3,,3,
Instances/Instances 1/bm33708_09.gt,33707,50000.0,86400.0,PTVRP_CONT,1051830.0,20,1,3.6118,,,,,,0,,0,
Instances/Instances 1/bm33708_10.gt,33707,100000.0,86400.0,PTVRP_CONT,1025973.0,15,1,3.6207,,,,,,3,,3,
Instances/Instances 1/brd14051_01.gt,14050,100.0,86400.0,PTVRP_CONT,16950869.0,2180,6,0.5934,,,,,,0,,0,
Instances/Instances 1/brd14051_02.gt,14050,200.0,86400.0,PTVRP_CONT,8596446.0,1486,4,0.603,,,,,,0,,0,
Instances/Instances 1/brd14051_03.gt,14050,500.0,86400.0,PTVRP_CONT,3646827.0,737,2,0.6279,,,,,,0,,0,
Instances/Instances 1/brd14051_04.gt,14050,1000.0,86400.0,PTVRP_CONT,2040540.0,368,1,0.6311,,,,,,0,,0,
Instances/Instances 1/brd14051_05.gt,14050,2000.0,86400.0,PTVRP_CONT,1236617.0,184,1,0.767,,,,,,0,,0,
Instances/Instances 1/brd14051_06.gt,14050,5000.0,86400.0,PTVRP_CONT,768899.0,76,1,0.6189,,,,,,0,,0,
Instances/Instances 1/brd14051_07.gt,14050,10000.0,86400.0,PTVRP_CONT,613871.0,40,1,0.6824,,,,,,0,,0,
Instances/Instances 1/brd14051_08.gt,14050,20000.0,86400.0,PTVRP_CONT,535568.0,20,1,0.6426,,,,,,3,,3,
Instances/Instances 1/brd14051_09.gt,14050,50000.0,86400.0,PTVRP_CONT,494413.0,9,1,0.6825,,,,,,0,,0,
Instances/Instances 1/brd14051_10.gt,14050,100000.0,86400.0,PTVRP_CONT,487545.0,7,1,0.656,,,,,,3,,3,
Instances/Instances 1/ca4663_01.gt,4662,100.0,86400.0,PTVRP_CONT,NO SOLUTION,,,0.0749,,,,,,0,,0,
Instances/Instances 1/ca4663_02.gt,4662,200.0,86400.0,PTVRP_CONT,NO SOLUTION,,,0.0683,,,,,,0,,0,
Instances/Instances 1/ca4663_03.gt,4662,500.0,86400.0,PTVRP_CONT,NO SOLUTION,,,0.0673,,,,,,0,,0,
Instances/Instances 1/ca4663_04.gt,4662,1000.0,86400.0,PTVRP_CONT,NO SOLUTION,,,0.0685,,,,,,0,,0,
Instances/Instances 1/ca4663_05.gt,4662,2000.0,86400.0,PTVRP_CONT,NO SOLUTION,,,0.0696,,,,,,0,,0,
Instances/Instances 1/ca4663_06.gt,4662,5000.0,86400.0,PTVRP_CONT,NO SOLUTION,,,0.0721,,,,,,0,,0,
Instances/Instances 1/ca4663_07.gt,4662,10000.0,86400.0,PTVRP_CONT,NO SOLUTION,,,0.0726,,,,,,0,,0,
Instances/Instances 1/ca4663_08.gt,4662,20000.0,86400.0,PTVRP_CONT,NO SOLUTION,,,0.0738,,,,,,0,,0,
Instances/Instances 1/ca4663_09.gt,4662,50000.0,86400.0,PTVRP_CONT,NO SOLUTION,,,0.0729,,,,,,0,,0,
Instances/Instances 1/ca4663_10.gt,4662,100000.0,86400.0,PTVRP_CONT,NO SOLUTION,,,0.0898,,,,,,0,,0,
Instances/Instances 1/ch130_01.gt,129,100.0,86400.0,PTVRP_CONT,23377.0,36,2,0.0044,,,,,,0,,0,
Instances/Instances 1/ch130_02.gt,129,200.0,86400.0,PTVRP_CONT,14025.0,20,1,0.0041,,,,,,0,,0,
Instances/Instances 1/ch130_03.gt,129,500.0,86400.0,PTVRP_CONT,9031.0,8,1,0.005,,,,,,0,,0,
Instances/Instances 1/ch130_04.gt,129,1000.0,86400.0,PTVRP_CONT,7424.0,5,1,0.0044,,,,,,0,,0,
Instances/Instances 1/ch130_05.gt,129,2000.0,86400.0,PTVRP_CONT,6533.0,2,1,0.0039,,,,,,0,,0,
Instances/Instances 1/ch130_06.gt,129,5000.0,86400.0,PTVRP_CONT,6291.0,1,1,0.0045,,,,,,0,,0,
Instances/Instances 1/ch130_07.gt,129,10000.0,86400.0,PTVRP_CONT,6291.0,1,1,0.0051,,,,,,0,,0,
Instances/Instances 1/ch130_08.gt,129,20000.0,86400.0,PTVRP_CONT,6291.0,1,1,0.0048,,,,,,0,,0,
Instances/Instances 1/ch130_09.gt,129,50000.0,86400.0,PTVRP_CONT,6291.0,1,1,0.0052,,,,,,0,,0,
Instances/Instances 1/ch130_10.gt,129,100000.0,86400.0,PTVRP_CONT,6291.0,1,1,0.0051,,,,,,0,,0,
Instances/Instances 1/ch150_01.gt,149,100.0,86400.0,PTVRP_CONT,28985.0,44,2,0.0038,,,,,,0,,0,
Instances/Instances 1/ch150_02.gt,149,200.0,86400.0,PTVRP_CONT,15615.0,21,1,0.0041,,,,,,0,,0,
Instances/Instances 1/ch150_03.gt,149,500.0,86400.0,PTVRP_CONT,9611.0,9,1,0.0036,,,,,,0,,0,
Instances/Instances 1/ch150_04.gt,149,1000.0,86400.0,PTVRP_CONT,8060.0,5,1,0.0039,,,,,,0,,0,
Instances/Instances 1/ch150_05.gt,149,2000.0,86400.0,PTVRP_CONT,7467.0,3,1,0.0037,,,,,,0,,0,
Instances/Instances 1/ch150_06.gt,149,5000.0,86400.0,PTVRP_CONT,7281.0,1,1,0.0037,,,,,,0,,0,
Instances/Instances 1/ch150_07.gt,149,10000.0,86400.0,PTVRP_CONT,7281.0,1,1,0.0044,,,,,,0,,0,
Instances/Instances 1/ch150_08.gt,149,20000.0,86400.0,PTVRP_CONT,7281.0,1,1,0.0037,,,,,,0,,0,
Instances/Instances 1/ch150_09.gt,149,50000.0,86400.0,PTVRP_CONT,7281.0,1,1,0.0039,,,,,,0,,0,
Instances/Instances 1/ch150_10.gt,149,100000.0,86400.0,PTVRP_CONT,7281.0,1,1,0.005,,,,,,0,,0,
Instances/Instances 1/ch71009_01.gt,71008,100.0,86400.0,PTVRP_CONT,314697654.0,10228,6,15.4239,,,,,,0,,0,
Instances/Instances 1/ch71009_02.gt,71008,200.0,86400.0,PTVRP_CONT,157714607.0,6667,5,14.5157,,,,,,0,,0,
Instances/Instances 1/ch71009_03.gt,71008,500.0,86400.0,PTVRP_CONT,64684308.0,3536,3,14.1961,,,,,,1,,1,
Instances/Instances 1/ch71009_04.gt,71008,1000.0,86400.0,PTVRP_CONT,34256373.0,1837,2,14.7647,,,,,,2,,2,
Instances/Instances 1/ch71009_05.gt,71008,2000.0,86400.0,PTVRP_CONT,19367843.0,923,1,15.6553,,,,,,3,,3,
Instances/Instances 1/ch71009_06.gt,71008,5000.0,86400.0,PTVRP_CONT,10872483.0,375,1,15.3508,,,,,,2,,2,
Instances/Instances 1/ch71009_07.gt,71008,10000.0,86400.0,PTVRP_CONT,8261810.0,204,1,15.6128,,,,,,2,,2,
Instances/Instances 1/ch71009_08.gt,71008,20000.0,86400.0,PTVRP_CONT,7108473.0,120,1,14.8605,,,,,,2,,2,
Instances/Instances 1/ch71009_09.gt,71008,50000.0,86400.0,PTVRP_CONT,6671779.0,84,1,15.1205,,,,,,3,,3,
Instances/Instances 1/ch71009_10.gt,71008,100000.0,86400.0,PTVRP_CONT,6650715.0,82,1,15.0546,,,,,,5,,5,
Instances/Instances 1/d1291_01.gt,1290,100.0,86400.0,PTVRP_CONT,768417.0,261,5,0.0113,,,,,,4,,4,
Instances/Instances 1/d1291_02.gt,1290,200.0,86400.0,PTVRP_CONT,367546.0,158,3,0.011,,,,,,0,,0,
Instances/Instances 1/d1291_03.gt,1290,500.0,86400.0,PTVRP_CONT,178154.0,70,1,0.0128,,,,,,9,,9,
Instances/Instances 1/d1291_04.gt,1290,1000.0,86400.0,PTVRP_CONT,110025.0,35,1,0.0123,,,,,,0,,0,
Instances/Instances 1/d1291_05.gt,1290,2000.0,86400.0,PTVRP_CONT,78610.0,18,1,0.0112,,,,,,0,,0,
Instances/Instances 1/d1291_06.gt,1290,5000.0,86400.0,PTVRP_CONT,61167.0,8,1,0.0118,,,,,,0,,0,
Instances/Instances 1/d1291_07.gt,1290,10000.0,86400.0,PTVRP_CONT,56230.0,5,1,0.0108,,,,,,0,,0,
Instances/Instances 1/d1291_08.gt,1290,20000.0,86400.0,PTVRP_CONT,53710.0,2,1,0.012,,,,,,0,,0,
Instances/Instances 1/d1291_09.gt,1290,50000.0,86400.0,PTVRP_CONT,53688.0,1,1,0.0123,,,,,,0,,0,
Instances/Instances 1/d1291_10.gt,1290,100000.0,86400.0,PTVRP_CONT,53688.0,1,1,0.0124,,,,,,0,,0,
Instances/Instances 1/d15112_01.gt,15111,100.0,86400.0,PTVRP_CONT,53788704.0,2388,5,0.6654,,,,,,0,,0,
Instances/Instances 1/d15112_02.gt,15111,200.0,86400.0,PTVRP_CONT,27647861.0,1647,4,0.6643,,,,,,0,,0,
Instances/Instances 1/d15112_03.gt,15111,500.0,86400.0,PTVRP_CONT,11626925.0,784,2,0.6583,,,,,,0,,0,
Instances/Instances 1/d15112_04.gt,15111,1000.0,86400.0,PTVRP_CONT,6549550.0,399,1,0.6688,,,,,,0,,0,
Instances/Instances 1/d15112_05.gt,15111,2000.0,86400.0,PTVRP_CONT,3986206.0,197,1,0.6685,,,,,,0,,0,
Instances/Instances 1/d15112_06.gt,15111,5000.0,86400.0,PTVRP_CONT,2517833.0,82,1,0.6718,,,,,,0,,0,
Instances/Instances 1/d15112_07.gt,15111,10000.0,86400.0,PTVRP_CONT,2016391.0,41,1,0.6861,,,,,,0,,0,
Instances/Instances 1/d15112_08.gt,15111,20000.0,86400.0,PTVRP_CONT,1832536.0,24,1,0.704,,,,,,0,,0,
Instances/Instances 1/d15112_09.gt,15111,50000.0,86400.0,PTVRP_CONT,1819674.0,24,1,0.7173,,,,,,0,,0,
Instances/Instances 1/d15112_10.gt,15111,100000.0,86400.0,PTVRP_CONT,1819674.0,24,1,0.6899,,,,,,0,,0,
Instances/Instances 1/d1655_01.gt,1654,100.0,86400.0,PTVRP_CONT,920931.0,323,4,0.0159,,,,,,0,,0,
Instances/Instances 1/d1655_02.gt,1654,200.0,86400.0,PTVRP_CONT,497810.0,213,2,0.0155,,,,,,0,,0,
Instances/Instances 1/d1655_03.gt,1654,500.0,86400.0,PTVRP_CONT,221226.0,87,1,0.0143,,,,,,7,,7,
Instances/Instances 1/d1655_04.gt,1654,1000.0,86400.0,PTVRP_CONT,139737.0,45,1,0.0147,,,,,,0,,0,
Instances/Instances 1/d1655_05.gt,1654,2000.0,86400.0,PTVRP_CONT,97963.0,24,1,0.0151,,,,,,0,,0,
Instances/Instances 1/d1655_06.gt,1654,5000.0,86400.0,PTVRP_CONT,74780.0,11,1,0.0165,,,,,,0,,0,
Instances/Instances 1/d1655_07.gt,1654,10000.0,86400.0,PTVRP_CONT,67599.0,5,1,0.0173,,,,,,0,,0,
Instances/Instances 1/d1655_08.gt,1654,20000.0,86400.0,PTVRP_CONT,66176.0,3,1,0.0169,,,,,,0,,0,
Instances/Instances 1/d1655_09.gt,1654,50000.0,86400.0,PTVRP_CONT,65597.0,1,1,0.0177,,,,,,0,,0,
Instances/Instances 1/d1655_10.gt,1654,100000.0,86400.0,PTVRP_CONT,65597.0,1,1,0.0172,,,,,,0,,0,
Instances/Instances 1/d18512_01.gt,18511,100.0,86400.0,PTVRP_CONT,24130075.0,2865,6,1.0266,,,,,,1,,1,
Instances/Instances 1/d18512_02.gt,18511,200.0,86400.0,PTVRP_CONT,12188367.0,1995,3,1.0212,,,,,,1,,1,
Instances/Instances 1/d18512_03.gt,18511,500.0,86400.0,PTVRP_CONT,5222711.0,960,2,1.0246,,,,,,1,,1,
Instances/Instances 1/d18512_04.gt,18511,1000.0,86400.0,PTVRP_CONT,2876916.0,483,1,1.0166,,,,,,0,,0,
Instances/Instances 1/d18512_05.gt,18511,2000.0,86400.0,PTVRP_CONT,1743333.0,242,1,1.0315,,,,,,1,,1,
Instances/Instances 1/d18512_06.gt,18511,5000.0,86400.0,PTVRP_CONT,1070282.0,99,1,1.0182,,,,,,1,,1,
Instances/Instances 1/d18512_07.gt,18511,10000.0,86400.0,PTVRP_CONT,848838.0,51,1,1.0615,,,,,,0,,0,
Instances/Instances 1/d18512_08.gt,18511,20000.0,86400.0,PTVRP_CONT,741916.0,26,1,1.0385,,,,,,1,,1,
Instances/Instances 1/d18512_09.gt,18511,50000.0,86400.0,PTVRP_CONT,677542.0,11,1,1.0576,,,,,,1,,1,
Instances/Instances 1/d18512_10.gt,18511,100000.0,86400.0,PTVRP_CONT,672457.0,9,1,1.073,,,,,,1,,1,
Instances/Instances 1/d198_01.gt,197,100.0,86400.0,PTVRP_CONT,87758.0,48,2,0.0043,,,,,,0,,0,
Instances/Instances 1/d198_02.gt,197,200.0,86400.0,PTVRP_CONT,50344.0,28,1,0.0045,,,,,,0,,0,
Instances/Instances 1/d198_03.gt,197,500.0,86400.0,PTVRP_CONT,28510.0,12,1,0.0039,,,,,,0,,0,
Instances/Instances 1/d198_04.gt,197,1000.0,86400.0,PTVRP_CONT,20609.0,6,1,0.0084,,,,,,0,,0,
Instances/Instances 1/d198_05.gt,197,2000.0,86400.0,PTVRP_CONT,17770.0,3,1,0.0051,,,,,,0,,0,
Instances/Instances 1/d198_06.gt,197,5000.0,86400.0,PTVRP_CONT,17527.0,1,1,0.004,,,,,,0,,0,
Instances/Instances 1/d198_07.gt,197,10000.0,86400.0,PTVRP_CONT,17527.0,1,1,0.0044,,,,,,0,,0,
Instances/Instances 1/d198_08.gt,197,20000.0,86400.0,PTVRP_CONT,17527.0,1,1,0.0041,,,,,,0,,0,
Instances/Instances 1/d198_09.gt,197,50000.0,86400.0,PTVRP_CONT,17527.0,1,1,0.004,,,,,,0,,0,
Instances/Instances 1/d198_10.gt,197,100000.0,86400.0,PTVRP_CONT,17527.0,1,1,0.0043,,,,,,0,,0,
Instances/Instances 1/d2103_01.gt,2102,100.0,86400.0,PTVRP_CONT,1406040.0,385,4,0.0312,,,,,,0,,0,
Instances/Instances 1/d2103_02.gt,2102,200.0,86400.0,PTVRP_CONT,723617.0,260,3,0.0286,,,,,,0,,0,
Instances/Instances 1/d2103_03.gt,2102,500.0,86400.0,PTVRP_CONT,332914.0,114,1,0.0223,,,,,,0,,0,
Instances/Instances 1/d2103_04.gt,2102,1000.0,86400.0,PTVRP_CONT,199704.0,56,1,0.0204,,,,,,0,,0,
Instances/Instances 1/d2103_05.gt,2102,2000.0,86400.0,PTVRP_CONT,132584.0,31,1,0.0209,,,,,,0,,0,
Instances/Instances 1/d2103_06.gt,2102,5000.0,86400.0,PTVRP_CONT,100628.0,11,1,0.0224,,,,,,0,,0,
Instances/Instances 1/d2103_07.gt,2102,10000.0,86400.0,PTVRP_CONT,91251.0,6,1,0.0214,,,,,,0,,0,
Instances/Instances 1/d2103_08.gt,2102,20000.0,86400.0,PTVRP_CONT,86881.0,3,1,0.0234,,,,,,0,,0,
Instances/Instances 1/d2103_09.gt,2102,50000.0,86400.0,PTVRP_CONT,84458.0,2,1,0.0245,,,,,,0,,0,
Instances/Instances 1/d2103_10.gt,2102,100000.0,86400.0,PTVRP_CONT,84457.0,1,1,0.0229,,,,,,0,,0,
Instances/Instances 1/d493_01.gt,492,100.0,86400.0,PTVRP_CONT,218874.0,121,3,0.0055,,,,,,0,,0,
Instances/Instances 1/d493_02.gt,492,200.0,86400.0,PTVRP_CONT,117917.0,63,2,0.005,,,,,,0,,0,
Instances/Instances 1/d493_03.gt,492,500.0,86400.0,PTVRP_CONT,66689.0,27,1,0.0053,,,,,,0,,0,
Instances/Instances 1/d493_04.gt,492,1000.0,86400.0,PTVRP_CONT,50395.0,14,1,0.0049,,,,,,0,,0,
Instances/Instances 1/d493_05.gt,492,2000.0,86400.0,PTVRP_CONT,42464.0,7,1,0.0054,,,,,,0,,0,
Instances/Instances 1/d493_06.gt,492,5000.0,86400.0,PTVRP_CONT,38646.0,4,1,0.0052,,,,,,0,,0,
Instances/Instances 1/d493_07.gt,492,10000.0,86400.0,PTVRP_CONT,37916.0,2,1,0.0054,,,,,,0,,0,
Instances/Instances 1/d493_08.gt,492,20000.0,86400.0,PTVRP_CONT,37734.0,1,1,0.0049,,,,,,0,,0,
Instances/Instances 1/d493_09.gt,492,50000.0,86400.0,PTVRP_CONT,37734.0,1,1,0.0048,,,,,,0,,0,
Instances/Instances 1/d493_10.gt,492,100000.0,86400.0,PTVRP_CONT,37734.0,1,1,0.005,,,,,,0,,0,
Instances/Instances 1/d657_01.gt,656,100.0,86400.0,PTVRP_CONT,374201.0,152,2,0.0064,,,,,,0,,0,
Instances/Instances 1/d657_02.gt,656,200.0,86400.0,PTVRP_CONT,209715.0,90,2,0.0059,,,,,,0,,0,
Instances/Instances 1/d657_03.gt,656,500.0,86400.0,PTVRP_CONT,109006.0,36,1,0.0069,,,,,,0,,0,
Instances/Instances 1/d657_04.gt,656,1000.0,86400.0,PTVRP_CONT,78389.0,19,1,0.0054,,,,,,0,,0,
Instances/Instances 1/d657_05.gt,656,2000.0,86400.0,PTVRP_CONT,62326.0,10,1,0.0067,,,,,,0,,0,
Instances/Instances 1/d657_06.gt,656,5000.0,86400.0,PTVRP_CONT,53349.0,4,1,0.0066,,,,,,0,,0,
Instances/Instances 1/d657_07.gt,656,10000.0,86400.0,PTVRP_CONT,52507.0,2,1,0.0066,,,,,,0,,0,
Instances/Instances 1/d657_08.gt,656,20000.0,86400.0,PTVRP_CONT,52008.0,1,1,0.0078,,,,,,0,,0,
Instances/Instances 1/d657_09.gt,656,50000.0,86400.0,PTVRP_CONT,52008.0,1,1,0.006,,,,,,0,,0,
Instances/Instances 1/d657_10.gt,656,100000.0,86400.0,PTVRP_CONT,52008.0,1,1,0.0071,,,,,,0,,0,
Instances/Instances 1/dj38_01.gt,37,100.0,86400.0,PTVRP_CONT,17501.0,12,2,0.0044,,,,,,0,,0,
Instances/Instances 1/dj38_02.gt,37,200.0,86400.0,PTVRP_CONT,11667.0,6,1,0.0051,,,,,,0,,0,
Instances/Instances 1/dj38_03.gt,37,500.0,86400.0,PTVRP_CONT,8402.0,3,1,0.0057,,,,,,0,,0,
Instances/Instances 1/dj38_04.gt,37,1000.0,86400.0,PTVRP_CONT,8048.0,1,1,0.0055,,,,,,0,,0,
Instances/Instances 1/dj38_05.gt,37,2000.0,86400.0,PTVRP_CONT,8048.0,1,1,0.0042,,,,,,0,,0,
Instances/Instances 1/dj38_06.gt,37,5000.0,86400.0,PTVRP_CONT,8048.0,1,1,0.0048,,,,,,0,,0,
Instances/Instances 1/dj38_07.gt,37,10000.0,86400.0,PTVRP_CONT,8048.0,1,1,0.0042,,,,,,0,,0,
Instances/Instances 1/dj38_08.gt,37,20000.0,86400.0,PTVRP_CONT,8048.0,1,1,0.0041,,,,,,0,,0,
Instances/Instances 1/dj38_09.gt,37,50000.0,86400.0,PTVRP_CONT,8048.0,1,1,0.0048,,,,,,0,,0,
Instances/Instances 1/dj38_10.gt,37,100000.0,86400.0,PTVRP_CONT,8048.0,1,1,0.005,,,,,,0,,0,
Instances/Instances 1/eg7146_01.gt,7145,100.0,86400.0,PTVRP_CONT,5872828.0,1076,6,0.1615,,,,,,3,,3,
Instances/Instances 1/eg7146_02.gt,7145,200.0,86400.0,PTVRP_CONT,2972502.0,770,4,0.1694,,,,,,0,,0,
Instances/Instances 1/eg7146_03.gt,7145,500.0,86400.0,PTVRP_CONT,1281035.0,373,2,0.1603,,,,,,1,,1,
Instances/Instances 1/eg7146_04.gt,7145,1000.0,86400.0,PTVRP_CONT,708528.0,186,1,0.1604,,,,,,3,,1,
Instances/Instances 1/eg7146_05.gt,7145,2000.0,86400.0,PTVRP_CONT,437580.0,95,1,0.1619,,,,,,2,,2,
Instances/Instances 1/eg7146_06.gt,7145,5000.0,86400.0,PTVRP_CONT,273169.0,38,1,0.1801,,,,,,0,,0,
Instances/Instances 1/eg7146_07.gt,7145,10000.0,86400.0,PTVRP_CONT,222770.0,20,1,0.1813,,,,,,4,,4,
Instances/Instances 1/eg7146_08.gt,7145,20000.0,86400.0,PTVRP_CONT,200051.0,10,1,0.1809,,,,,,3,,3,
Instances/Instances 1/eg7146_09.gt,7145,50000.0,86400.0,PTVRP_CONT,186570.0,5,1,0.186,,,,,,1,,1,
Instances/Instances 1/eg7146_10.gt,7145,100000.0,86400.0,PTVRP_CONT,184251.0,3,1,0.1906,,,,,,1,,1,
Instances/Instances 1/ei8246_01.gt,8245,100.0,86400.0,PTVRP_CONT,6036095.0,1384,6,0.2056,,,,,,0,,0,
Instances/Instances 1/ei8246_02.gt,8245,200.0,86400.0,PTVRP_CONT,3075949.0,917,3,0.2115,,,,,,0,,0,
Instances/Instances 1/ei8246_03.gt,8245,500.0,86400.0,PTVRP_CONT,1324735.0,436,2,0.2106,,,,,,2,,1,
Instances/Instances 1/ei8246_04.gt,8245,1000.0,86400.0,PTVRP_CONT,752179.0,218,1,0.2114,,,,,,1,,1,
Instances/Instances 1/ei8246_05.gt,8245,2000.0,86400.0,PTVRP_CONT,473280.0,110,1,0.2126,,,,,,0,,0,
Instances/Instances 1/ei8246_06.gt,8245,5000.0,86400.0,PTVRP_CONT,305629.0,45,1,0.2169,,,,,,0,,0,
Instances/Instances 1/ei8246_07.gt,8245,10000.0,86400.0,PTVRP_CONT,252631.0,24,1,0.2249,,,,,,0,,0,
Instances/Instances 1/ei8246_08.gt,8245,20000.0,86400.0,PTVRP_CONT,228782.0,13,1,0.2423,,,,,,1,,1,
Instances/Instances 1/ei8246_09.gt,8245,50000.0,86400.0,PTVRP_CONT,214769.0,6,1,0.2287,,,,,,0,,0,
Instances/Instances 1/ei8246_10.gt,8245,100000.0,86400.0,PTVRP_CONT,211535.0,4,1,0.2479,,,,,,1,,1,
Instances/Instances 1/eil101_01.gt,100,100.0,86400.0,PTVRP_CONT,1941.0,30,2,0.0058,,,,,,0,,0,
Instances/Instances 1/eil101_02.gt,100,200.0,86400.0,PTVRP_CONT,1166.0,15,1,0.0051,,,,,,0,,0,
Instances/Instances 1/eil101_03.gt,100,500.0,86400.0,PTVRP_CONT,827.0,6,1,0.0034,,,,,,0,,0,
Instances/Instances 1/eil101_04.gt,100,1000.0,86400.0,PTVRP_CONT,701.0,3,1,0.0046,,,,,,0,,0,
Instances/Instances 1/eil101_05.gt,100,2000.0,86400.0,PTVRP_CONT,664.0,2,1,0.0045,,,,,,0,,0,
Instances/Instances 1/eil101_06.gt,100,5000.0,86400.0,PTVRP_CONT,652.0,1,1,0.0057,,,,,,0,,0,
Instances/Instances 1/eil101_07.gt,100,10000.0,86400.0,PTVRP_CONT,652.0,1,1,0.0046,,,,,,0,,0,
Instances/Instances 1/eil101_08.gt,100,20000.0,86400.0,PTVRP_CONT,652.0,1,1,0.0059,,,,,,0,,0,
Instances/Instances 1/eil101_09.gt,100,50000.0,86400.0,PTVRP_CONT,652.0,1,1,0.0042,,,,,,0,,0,
Instances/Instances 1/eil101_10.gt,100,100000.0,86400.0,PTVRP_CONT,652.0,1,1,0.0047,,,,,,0,,0,
Instances/Instances 1/eil51_01.gt,50,100.0,86400.0,PTVRP_CONT,941.0,15,1,0.0042,,,,,,0,,0,
Instances/Instances 1/eil51_02.gt,50,200.0,86400.0,PTVRP_CONT,664.0,7,1,0.0049,,,,,,0,,0,
Instances/Instances 1/eil51_03.gt,50,500.0,86400.0,PTVRP_CONT,490.0,3,1,0.0044,,,,,,0,,0,
Instances/Instances 1/eil51_04.gt,50,1000.0,86400.0,PTVRP_CONT,474.0,2,1,0.0061,,,,,,0,,0,
Instances/Instances 1/eil51_05.gt,50,2000.0,86400.0,PTVRP_CONT,442.0,1,1,0.0049,,,,,,0,,0,
Instances/Instances 1/eil51_06.gt,50,5000.0,86400.0,PTVRP_CONT,442.0,1,1,0.0065,,,,,,0,,0,
Instances/Instances 1/eil51_07.gt,50,10000.0,86400.0,PTVRP_CONT,442.0,1,1,0.0049,,,,,,0,,0,
Instances/Instances 1/eil51_08.gt,50,20000.0,86400.0,PTVRP_CONT,442.0,1,1,0.0056,,,,,,0,,0,
Instances/Instances 1/eil51_09.gt,50,50000.0,86400.0,PTVRP_CONT,442.0,1,1,0.0041,,,,,,0,,0,
Instances/Instances 1/eil51_10.gt,50,100000.0,86400.0,PTVRP_CONT,442.0,1,1,0.0054,,,,,,0,,0,
Instances/Instances 1/eil76_01.gt,75,100.0,86400.0,PTVRP_CONT,1401.0,23,1,0.0039,,,,,,0,,0,
Instances/Instances 1/eil76_02.gt,75,200.0,86400.0,PTVRP_CONT,931.0,12,1,0.0047,,,,,,0,,0,
Instances/Instances 1/eil76_03.gt,75,500.0,86400.0,PTVRP_CONT,664.0,5,1,0.0044,,,,,,0,,0,
Instances/Instances 1/eil76_04.gt,75,1000.0,86400.0,PTVRP_CONT,600.0,3,1,0.0049,,,,,,0,,0,
Instances/Instances 1/eil76_05.gt,75,2000.0,86400.0,PTVRP_CONT,573.0,1,1,0.0037,,,,,,0,,0,
Instances/Instances 1/eil76_06.gt,75,5000.0,86400.0,PTVRP_CONT,573.0,1,1,0.004,,,,,,0,,0,
Instances/Instances 1/eil76_07.gt,75,10000.0,86400.0,PTVRP_CONT,573.0,1,1,0.0047,,,,,,0,,0,
Instances/Instances 1/eil76_08.gt,75,20000.0,86400.0,PTVRP_CONT,573.0,1,1,0.0038,,,,,,0,,0,
Instances/Instances 1/eil76_09.gt,75,50000.0,86400.0,PTVRP_CONT,573.0,1,1,0.005,,,,,,0,,0,
Instances/Instances 1/eil76_10.gt,75,100000.0,86400.0,PTVRP_CONT,573.0,1,1,0.004,,,,,,0,,0,
Instances/Instances 1/fi10639_01.gt,10638,100.0,86400.0,PTVRP_CONT,17282915.0,1662,6,0.3405,,,,,,0,,0,
Instances/Instances 1/fi10639_02.gt,10638,200.0,86400.0,PTVRP_CONT,8893028.0,1158,3,0.3343,,,,,,0,,0,
Instances/Instances 1/fi10639_03.gt,10638,500.0,86400.0,PTVRP_CONT,3763490.0,557,2,0.3476,,,,,,0,,0,
Instances/Instances 1/fi10639_04.gt,10638,1000.0,86400.0,PTVRP_CONT,2108169.0,277,1,0.358,,,,,,0,,0,
Instances/Instances 1/fi10639_05.gt,10638,2000.0,86400.0,PTVRP_CONT,1303908.0,140,1,0.3375,,,,,,0,,0,
Instances/Instances 1/fi10639_06.gt,10638,5000.0,86400.0,PTVRP_CONT,820119.0,58,1,0.3505,,,,,,0,,0,
Instances/Instances 1/fi10639_07.gt,10638,10000.0,86400.0,PTVRP_CONT,660140.0,30,1,0.3523,,,,,,0,,0,
Instances/Instances 1/fi10639_08.gt,10638,20000.0,86400.0,PTVRP_CONT,585300.0,14,1,0.3488,,,,,,1,,1,
Instances/Instances 1/fi10639_09.gt,10638,50000.0,86400.0,PTVRP_CONT,551822.0,8,1,0.3754,,,,,,0,,0,
Instances/Instances 1/fi10639_10.gt,10638,100000.0,86400.0,PTVRP_CONT,551822.0,8,1,0.3688,,,,,,0,,0,
Instances/Instances 1/fl1400_01.gt,1399,100.0,86400.0,PTVRP_CONT,727206.0,162,6,0.0163,,,,,,0,,0,
Instances/Instances 1/fl1400_02.gt,1399,200.0,86400.0,PTVRP_CONT,369796.0,132,3,0.0626,,,,,,0,,0,
Instances/Instances 1/fl1400_03.gt,1399,500.0,86400.0,PTVRP_CONT,163619.0,73,2,0.013,,,,,,0,,0,
Instances/Instances 1/fl1400_04.gt,1399,1000.0,86400.0,PTVRP_CONT,90227.0,37,2,0.0117,,,,,,0,,0,
Instances/Instances 1/fl1400_05.gt,1399,2000.0,86400.0,PTVRP_CONT,53314.0,19,1,0.0122,,,,,,3,,3,
Instances/Instances 1/fl1400_06.gt,1399,5000.0,86400.0,PTVRP_CONT,32739.0,8,1,0.0144,,,,,,0,,0,
Instances/Instances 1/fl1400_07.gt,1399,10000.0,86400.0,PTVRP_CONT,25452.0,4,1,0.0134,,,,,,0,,0,
Instances/Instances 1/fl1400_08.gt,1399,20000.0,86400.0,PTVRP_CONT,22330.0,2,1,0.0124,,,,,,0,,0,
Instances/Instances 1/fl1400_09.gt,1399,50000.0,86400.0,PTVRP_CONT,22250.0,1,1,0.0124,,,,,,0,,0,
Instances/Instances 1/fl1400_10.gt,1399,100000.0,86400.0,PTVRP_CONT,22250.0,1,1,0.0121,,,,,,0,,0,
Instances/Instances 1/fl1577_01.gt,1576,100.0,86400.0,PTVRP_CONT,534844.0,262,6,0.0136,,,,,,1,,1,
Instances/Instances 1/fl1577_02.gt,1576,200.0,86400.0,PTVRP_CONT,278030.0,186,3,0.0137,,,,,,0,,0,
Instances/Instances 1/fl1577_03.gt,1576,500.0,86400.0,PTVRP_CONT,120347.0,85,1,0.0142,,,,,,0,,0,
Instances/Instances 1/fl1577_04.gt,1576,1000.0,86400.0,PTVRP_CONT,69180.0,43,1,0.0149,,,,,,0,,0,
Instances/Instances 1/fl1577_05.gt,1576,2000.0,86400.0,PTVRP_CONT,45021.0,22,1,0.0157,,,,,,0,,0,
Instances/Instances 1/fl1577_06.gt,1576,5000.0,86400.0,PTVRP_CONT,30431.0,10,1,0.0174,,,,,,0,,0,
Instances/Instances 1/fl1577_07.gt,1576,10000.0,86400.0,PTVRP_CONT,25235.0,5,1,0.0155,,,,,,0,,0,
Instances/Instances 1/fl1577_08.gt,1576,20000.0,86400.0,PTVRP_CONT,23781.0,3,1,0.0161,,,,,,0,,0,
Instances/Instances 1/fl1577_09.gt,1576,50000.0,86400.0,PTVRP_CONT,23697.0,1,1,0.0154,,,,,,0,,0,
Instances/Instances 1/fl1577_10.gt,1576,100000.0,86400.0,PTVRP_CONT,23697.0,1,1,0.0151,,,,,,0,,0,
Instances/Instances 1/fl3795_01.gt,3794,100.0,86400.0,PTVRP_CONT,1406061.0,540,6,0.0545,,,,,,0,,0,
Instances/Instances 1/fl3795_02.gt,3794,200.0,86400.0,PTVRP_CONT,714398.0,374,4,0.0523,,,,,,0,,0,
Instances/Instances 1/fl3795_03.gt,3794,500.0,86400.0,PTVRP_CONT,292849.0,192,2,0.0527,,,,,,0,,0,
Instances/Instances 1/fl3795_04.gt,3794,1000.0,86400.0,PTVRP_CONT,159179.0,100,1,0.0534,,,,,,0,,0,
Instances/Instances 1/fl3795_05.gt,3794,2000.0,86400.0,PTVRP_CONT,93815.0,51,1,0.057,,,,,,0,,0,
Instances/Instances 1/fl3795_06.gt,3794,5000.0,86400.0,PTVRP_CONT,51747.0,21,1,0.0604,,,,,,0,,0,
Instances/Instances 1/fl3795_07.gt,3794,10000.0,86400.0,PTVRP_CONT,40046.0,11,1,0.0659,,,,,,1,,1,
Instances/Instances 1/fl3795_08.gt,3794,20000.0,86400.0,PTVRP_CONT,34168.0,6,1,0.064,,,,,,1,,1,
Instances/Instances 1/fl3795_09.gt,3794,50000.0,86400.0,PTVRP_CONT,30739.0,3,1,0.0637,,,,,,0,,0,
Instances/Instances 1/fl3795_10.gt,3794,100000.0,86400.0,PTVRP_CONT,30708.0,1,1,0.0609,,,,,,0,,0,
Instances/Instances 1/fl417_01.gt,416,100.0,86400.0,PTVRP_CONT,228870.0,69,5,0.0058,,,,,,0,,0,
Instances/Instances 1/fl417_02.gt,416,200.0,86400.0,PTVRP_CONT,110050.0,48,2,0.0058,,,,,,0,,0,
Instances/Instances 1/fl417_03.gt,416,500.0,86400.0,PTVRP_CONT,52409.0,24,1,0.0048,,,,,,0,,0,
Instances/Instances 1/fl417_04.gt,416,1000.0,86400.0,PTVRP_CONT,30091.0,12,1,0.0045,,,,,,0,,0,
Instances/Instances 1/fl417_05.gt,416,2000.0,86400.0,PTVRP_CONT,22180.0,7,1,0.0055,,,,,,0,,0,
Instances/Instances 1/fl417_06.gt,416,5000.0,86400.0,PTVRP_CONT,14735.0,3,1,0.0048,,,,,,0,,0,
Instances/Instances 1/fl417_07.gt,416,10000.0,86400.0,PTVRP_CONT,13776.0,2,1,0.0043,,,,,,0,,0,
Instances/Instances 1/fl417_08.gt,416,20000.0,86400.0,PTVRP_CONT,13750.0,1,1,0.0052,,,,,,0,,0,
Instances/Instances 1/fl417_09.gt,416,50000.0,86400.0,PTVRP_CONT,13750.0,1,1,0.0056,,,,,,0,,0,
Instances/Instances 1/fl417_10.gt,416,100000.0,86400.0,PTVRP_CONT,13750.0,1,1,0.0051,,,,,,0,,0,
Instances/Instances 1/fnl4461_01.gt,4460,100.0,86400.0,PTVRP_CONT,3582667.0,834,4,0.0655,,,,,,0,,0,
Instances/Instances 1/fnl4461_02.gt,4460,200.0,86400.0,PTVRP_CONT,1837638.0,545,3,0.0673,,,,,,0,,0,
Instances/Instances 1/fnl4461_03.gt,4460,500.0,86400.0,PTVRP_CONT,823101.0,240,1,0.0719,,,,,,0,,0,
Instances/Instances 1/fnl4461_04.gt,4460,1000.0,86400.0,PTVRP_CONT,493280.0,121,1,0.0663,,,,,,0,,0,
Instances/Instances 1/fnl4461_05.gt,4460,2000.0,86400.0,PTVRP_CONT,328926.0,60,1,0.0684,,,,,,2,,2,
Instances/Instances 1/fnl4461_06.gt,4460,5000.0,86400.0,PTVRP_CONT,236264.0,26,1,0.0693,,,,,,0,,0,
Instances/Instances 1/fnl4461_07.gt,4460,10000.0,86400.0,PTVRP_CONT,205790.0,13,1,0.0711,,,,,,0,,0,
Instances/Instances 1/fnl4461_08.gt,4460,20000.0,86400.0,PTVRP_CONT,193945.0,8,1,0.0754,,,,,,0,,0,
Instances/Instances 1/fnl4461_09.gt,4460,50000.0,86400.0,PTVRP_CONT,187221.0,4,1,0.0799,,,,,,0,,0,
Instances/Instances 1/fnl4461_10.gt,4460,100000.0,86400.0,PTVRP_CONT,187145.0,3,1,0.0776,,,,,,0,,0,
Instances/Instances 1/gil262_01.gt,261,100.0,86400.0,PTVRP_CONT,13466.0,63,2,0.0048,,,,,,1,,1,
Instances/Instances 1/gil262_02.gt,261,200.0,86400.0,PTVRP_CONT,7175.0,35,1,0.0053,,,,,,0,,0,
Instances/Instances 1/gil262_03.gt,261,500.0,86400.0,PTVRP_CONT,4196.0,14,1,0.0048,,,,,,0,,0,
Instances/Instances 1/gil262_04.gt,261,1000.0,86400.0,PTVRP_CONT,3287.0,8,1,0.0043,,,,,,0,,0,
Instances/Instances 1/gil262_05.gt,261,2000.0,86400.0,PTVRP_CONT,2873.0,4,1,0.0041,,,,,,0,,0,
Instances/Instances 1/gil262_06.gt,261,5000.0,86400.0,PTVRP_CONT,2667.0,2,1,0.004,,,,,,0,,0,
Instances/Instances 1/gil262_07.gt,261,10000.0,86400.0,PTVRP_CONT,2645.0,1,1,0.0051,,,,,,0,,0,
Instances/Instances 1/gil262_08.gt,261,20000.0,86400.0,PTVRP_CONT,2645.0,1,1,0.0042,,,,,,0,,0,
Instances/Instances 1/gil262_09.gt,261,50000.0,86400.0,PTVRP_CONT,2645.0,1,1,0.0052,,,,,,0,,0,
Instances/Instances 1/gil262_10.gt,261,100000.0,86400.0,PTVRP_CONT,2645.0,1,1,0.0042,,,,,,0,,0,
Instances/Instances 1/gr9882_01.gt,9881,100.0,86400.0,PTVRP_CONT,11487691.0,1457,6,0.3017,,,,,,0,,0,
Instances/Instances 1/gr9882_02.gt,9881,200.0,86400.0,PTVRP_CONT,5868339.0,1038,3,0.3611,,,,,,1,,1,
Instances/Instances 1/gr9882_03.gt,9881,500.0,86400.0,PTVRP_CONT,2464249.0,510,2,0.2947,,,,,,0,,0,
Instances/Instances 1/gr9882_04.gt,9881,1000.0,86400.0,PTVRP_CONT,1376698.0,260,1,0.3256,,,,,,1,,1,
Instances/Instances 1/gr9882_05.gt,9881,2000.0,86400.0,PTVRP_CONT,824838.0,130,1,0.2984,,,,,,0,,0,
Instances/Instances 1/gr9882_06.gt,9881,5000.0,86400.0,PTVRP_CONT,501483.0,52,1,0.3035,,,,,,0,,0,
Instances/Instances 1/gr9882_07.gt,9881,10000.0,86400.0,PTVRP_CONT,399596.0,27,1,0.3027,,,,,,0,,0,
Instances/Instances 1/gr9882_08.gt,9881,20000.0,86400.0,PTVRP_CONT,343807.0,14,1,0.314,,,,,,0,,0,
Instances/Instances 1/gr9882_09.gt,9881,50000.0,86400.0,PTVRP_CONT,317771.0,6,1,0.3304,,,,,,0,,0,
Instances/Instances 1/gr9882_10.gt,9881,100000.0,86400.0,PTVRP_CONT,313501.0,5,1,0.3359,,,,,,0,,0,
Instances/Instances 1/ho14473_01.gt,14472,100.0,86400.0,PTVRP_CONT,8450979.0,2011,7,0.6284,,,,,,0,,0,
Instances/Instances 1/ho14473_02.gt,14472,200.0,86400.0,PTVRP_CONT,4354156.0,1459,5,0.6314,,,,,,0,,0,
Instances/Instances 1/ho14473_03.gt,14472,500.0,86400.0,PTVRP_CONT,1807631.0,749,3,0.7448,,,,,,0,,0,
Instances/Instances 1/ho14473_04.gt,14472,1000.0,86400.0,PTVRP_CONT,974659.0,377,1,0.6682,,,,,,0,,0,
Instances/Instances 1/ho14473_05.gt,14472,2000.0,86400.0,PTVRP_CONT,570975.0,189,1,0.6582,,,,,,0,,0,
Instances/Instances 1/ho14473_06.gt,14472,5000.0,86400.0,PTVRP_CONT,331612.0,78,1,0.6732,,,,,,0,,0,
Instances/Instances 1/ho14473_07.gt,14472,10000.0,86400.0,PTVRP_CONT,248892.0,40,1,0.6805,,,,,,0,,0,
Instances/Instances 1/ho14473_08.gt,14472,20000.0,86400.0,PTVRP_CONT,210554.0,21,1,1.2502,,,,,,0,,0,
Instances/Instances 1/ho14473_09.gt,14472,50000.0,86400.0,PTVRP_CONT,187851.0,9,1,1.2881,,,,,,0,,0,
Instances/Instances 1/ho14473_10.gt,14472,100000.0,86400.0,PTVRP_CONT,181545.0,4,1,0.8655,,,,,,0,,0,
Instances/Instances 1/it16862_01.gt,16861,100.0,86400.0,PTVRP_CONT,27987539.0,2424,6,1.2327,,,,,,0,,0,
Instances/Instances 1/it16862_02.gt,16861,200.0,86400.0,PTVRP_CONT,14072619.0,1701,4,1.7062,,,,,,0,,0,
Instances/Instances 1/it16862_03.gt,16861,500.0,86400.0,PTVRP_CONT,5921913.0,886,2,0.8736,,,,,,0,,0,
Instances/Instances 1/it16862_04.gt,16861,1000.0,86400.0,PTVRP_CONT,3150614.0,439,2,0.8563,,,,,,0,,0,
Instances/Instances 1/it16862_05.gt,16861,2000.0,86400.0,PTVRP_CONT,1841830.0,220,1,0.836,,,,,,2,,2,
Instances/Instances 1/it16862_06.gt,16861,5000.0,86400.0,PTVRP_CONT,1060736.0,89,1,0.8781,,,,,,1,,1,
Instances/Instances 1/it16862_07.gt,16861,10000.0,86400.0,PTVRP_CONT,799388.0,46,1,0.8729,,,,,,1,,1,
Instances/Instances 1/it16862_08.gt,16861,20000.0,86400.0,PTVRP_CONT,675310.0,24,1,0.8882,,,,,,1,,1,
Instances/Instances 1/it16862_09.gt,16861,50000.0,86400.0,PTVRP_CONT,599939.0,10,1,0.8885,,,,,,0,,0,
Instances/Instances 1/it16862_10.gt,16861,100000.0,86400.0,PTVRP_CONT,592244.0,8,1,0.9145,,,,,,1,,1,
Instances/Instances 1/ja9847_01.gt,9846,100.0,86400.0,PTVRP_CONT,27648638.0,1468,6,0.3858,,,,,,0,,0,
Instances/Instances 1/ja9847_02.gt,9846,200.0,86400.0,PTVRP_CONT,13847756.0,969,4,0.2886,,,,,,0,,0,
Instances/Instances 1/ja9847_03.gt,9846,500.0,86400.0,PTVRP_CONT,5809604.0,493,2,0.2944,,,,,,1,,1,
Instances/Instances 1/ja9847_04.gt,9846,1000.0,86400.0,PTVRP_CONT,3142417.0,260,1,0.2999,,,,,,1,,1,
Instances/Instances 1/ja9847_05.gt,9846,2000.0,86400.0,PTVRP_CONT,1777436.0,127,1,0.2955,,,,,,0,,0,
Instances/Instances 1/ja9847_06.gt,9846,5000.0,86400.0,PTVRP_CONT,1002457.0,53,1,0.3146,,,,,,1,,1,
Instances/Instances 1/ja9847_07.gt,9846,10000.0,86400.0,PTVRP_CONT,755860.0,27,1,0.3016,,,,,,0,,0,
Instances/Instances 1/ja9847_08.gt,9846,20000.0,86400.0,PTVRP_CONT,619091.0,14,1,0.3607,,,,,,0,,0,
Instances/Instances 1/ja9847_09.gt,9846,50000.0,86400.0,PTVRP_CONT,573619.0,8,1,0.3838,,,,,,0,,0,
Instances/Instances 1/ja9847_10.gt,9846,100000.0,86400.0,PTVRP_CONT,573619.0,8,1,0.3324,,,,,,0,,0,
Instances/Instances 1/kroA100_01.gt,99,100.0,86400.0,PTVRP_CONT,86834.0,25,2,0.0054,,,,,,0,,0,
Instances/Instances 1/kroA100_02.gt,99,200.0,86400.0,PTVRP_CONT,50084.0,13,1,0.004,,,,,,0,,0,
Instances/Instances 1/kroA100_03.gt,99,500.0,86400.0,PTVRP_CONT,32654.0,7,1,0.0043,,,,,,0,,0,
Instances/Instances 1/kroA100_04.gt,99,1000.0,86400.0,PTVRP_CONT,25740.0,4,1,0.0043,,,,,,0,,0,
Instances/Instances 1/kroA100_05.gt,99,2000.0,86400.0,PTVRP_CONT,23670.0,2,1,0.0043,,,,,,0,,0,
Instances/Instances 1/kroA100_06.gt,99,5000.0,86400.0,PTVRP_CONT,22624.0,1,1,0.0036,,,,,,0,,0,
Instances/Instances 1/kroA100_07.gt,99,10000.0,86400.0,PTVRP_CONT,22624.0,1,1,0.0038,,,,,,0,,0,
Instances/Instances 1/kroA100_08.gt,99,20000.0,86400.0,PTVRP_CONT,22624.0,1,1,0.0035,,,,,,0,,0,
Instances/Instances 1/kroA100_09.gt,99,50000.0,86400.0,PTVRP_CONT,22624.0,1,1,0.0041,,,,,,0,,0,
Instances/Instances 1/kroA100_10.gt,99,100000.0,86400.0,PTVRP_CONT,22624.0,1,1,0.0046,,,,,,0,,0,
Instances/Instances 1/kroA150_01.gt,149,100.0,86400.0,PTVRP_CONT,128307.0,39,2,0.0055,,,,,,0,,0,
Instances/Instances 1/kroA150_02.gt,149,200.0,86400.0,PTVRP_CONT,72363.0,21,1,0.0048,,,,,,0,,0,
Instances/Instances 1/kroA150_03.gt,149,500.0,86400.0,PTVRP_CONT,40115.0,8,1,0.0039,,,,,,0,,0,
Instances/Instances 1/kroA150_04.gt,149,1000.0,86400.0,PTVRP_CONT,33898.0,5,1,0.0045,,,,,,0,,0,
Instances/Instances 1/kroA150_05.gt,149,2000.0,86400.0,PTVRP_CONT,28781.0,2,1,0.0045,,,,,,0,,0,
Instances/Instances 1/kroA150_06.gt,149,5000.0,86400.0,PTVRP_CONT,27630.0,1,1,0.0047,,,,,,0,,0,
Instances/Instances 1/kroA150_07.gt,149,10000.0,86400.0,PTVRP_CONT,27630.0,1,1,0.0048,,,,,,0,,0,
Instances/Instances 1/kroA150_08.gt,149,20000.0,86400.0,PTVRP_CONT,27630.0,1,1,0.0063,,,,,,0,,0,
Instances/Instances 1/kroA150_09.gt,149,50000.0,86400.0,PTVRP_CONT,27630.0,1,1,0.0055,,,,,,0,,0,
Instances/Instances 1/kroA150_10.gt,149,100000.0,86400.0,PTVRP_CONT,27630.0,1,1,0.0047,,,,,,0,,0,
Instances/Instances 1/kroA200_01.gt,199,100.0,86400.0,PTVRP_CONT,168343.0,50,2,0.0043,,,,,,0,,0,
Instances/Instances 1/kroA200_02.gt,199,200.0,86400.0,PTVRP_CONT,88322.0,27,1,0.0049,,,,,,0,,0,
Instances/Instances 1/kroA200_03.gt,199,500.0,86400.0,PTVRP_CONT,53593.0,12,1,0.0038,,,,,,0,,0,
Instances/Instances 1/kroA200_04.gt,199,1000.0,86400.0,PTVRP_CONT,40258.0,8,1,0.0046,,,,,,0,,0,
Instances/Instances 1/kroA200_05.gt,199,2000.0,86400.0,PTVRP_CONT,33244.0,3,1,0.0045,,,,,,0,,0,
Instances/Instances 1/kroA200_06.gt,199,5000.0,86400.0,PTVRP_CONT,30958.0,2,1,0.0048,,,,,,0,,0,
Instances/Instances 1/kroA200_07.gt,199,10000.0,86400.0,PTVRP_CONT,30902.0,1,1,0.0044,,,,,,0,,0,
Instances/Instances 1/kroA200_08.gt,199,20000.0,86400.0,PTVRP_CONT,30902.0,1,1,0.0045,,,,,,0,,0,
Instances/Instances 1/kroA200_09.gt,199,50000.0,86400.0,PTVRP_CONT,30902.0,1,1,0.0047,,,,,,0,,0,
Instances/Instances 1/kroA200_10.gt,199,100000.0,86400.0,PTVRP_CONT,30902.0,1,1,0.0043,,,,,,0,,0,
Instances/Instances 1/kroB100_01.gt,99,100.0,86400.0,PTVRP_CONT,86708.0,28,2,0.0044,,,,,,0,,0,
Instances/Instances 1/kroB100_02.gt,99,200.0,86400.0,PTVRP_CONT,51033.0,15,1,0.0048,,,,,,0,,0,
Instances/Instances 1/kroB100_03.gt,99,500.0,86400.0,PTVRP_CONT,31663.0,6,1,0.0043,,,,,,0,,0,
Instances/Instances 1/kroB100_04.gt,99,1000.0,86400.0,PTVRP_CONT,26294.0,4,1,0.0043,,,,,,0,,0,
Instances/Instances 1/kroB100_05.gt,99,2000.0,86400.0,PTVRP_CONT,24490.0,2,1,0.0045,,,,,,0,,0,
Instances/Instances 1/kroB100_06.gt,99,5000.0,86400.0,PTVRP_CONT,24472.0,1,1,0.0041,,,,,,0,,0,
Instances/Instances 1/kroB100_07.gt,99,10000.0,86400.0,PTVRP_CONT,24472.0,1,1,0.0047,,,,,,0,,0,
Instances/Instances 1/kroB100_08.gt,99,20000.0,86400.0,PTVRP_CONT,24472.0,1,1,0.0037,,,,,,0,,0,
Instances/Instances 1/kroB100_09.gt,99,50000.0,86400.0,PTVRP_CONT,24472.0,1,1,0.004,,,,,,0,,0,
Instances/Instances 1/kroB100_10.gt,99,100000.0,86400.0,PTVRP_CONT,24472.0,1,1,0.0055,,,,,,0,,0,
Instances/Instances 1/kroB150_01.gt,149,100.0,86400.0,PTVRP_CONT,133262.0,42,2,0.005,,,,,,0,,0,
Instances/Instances 1/kroB150_02.gt,149,200.0,86400.0,PTVRP_CONT,72209.0,19,1,0.0054,,,,,,0,,0,
Instances/Instances 1/kroB150_03.gt,149,500.0,86400.0,PTVRP_CONT,43866.0,9,1,0.0041,,,,,,0,,0,
Instances/Instances 1/kroB150_04.gt,149,1000.0,86400.0,PTVRP_CONT,33533.0,5,1,0.0039,,,,,,0,,0,
Instances/Instances 1/kroB150_05.gt,149,2000.0,86400.0,PTVRP_CONT,28883.0,3,1,0.0039,,,,,,0,,0,
Instances/Instances 1/kroB150_06.gt,149,5000.0,86400.0,PTVRP_CONT,27979.0,1,1,0.0045,,,,,,0,,0,
Instances/Instances 1/kroB150_07.gt,149,10000.0,86400.0,PTVRP_CONT,27979.0,1,1,0.0039,,,,,,0,,0,
Instances/Instances 1/kroB150_08.gt,149,20000.0,86400.0,PTVRP_CONT,27979.0,1,1,0.0036,,,,,,0,,0,
Instances/Instances 1/kroB150_09.gt,149,50000.0,86400.0,PTVRP_CONT,27979.0,1,1,0.0043,,,,,,0,,0,
Instances/Instances 1/kroB150_10.gt,149,100000.0,86400.0,PTVRP_CONT,27979.0,1,1,0.0039,,,,,,0,,0,
Instances/Instances 1/kroB200_01.gt,199,100.0,86400.0,PTVRP_CONT,163688.0,56,2,0.0046,,,,,,0,,0,
Instances/Instances 1/kroB200_02.gt,199,200.0,86400.0,PTVRP_CONT,85498.0,27,1,0.0047,,,,,,0,,0,
Instances/Instances 1/kroB200_03.gt,199,500.0,86400.0,PTVRP_CONT,55153.0,13,1,0.004,,,,,,0,,0,
Instances/Instances 1/kroB200_04.gt,199,1000.0,86400.0,PTVRP_CONT,40240.0,6,1,0.0054,,,,,,0,,0,
Instances/Instances 1/kroB200_05.gt,199,2000.0,86400.0,PTVRP_CONT,33729.0,3,1,0.0044,,,,,,0,,0,
Instances/Instances 1/kroB200_06.gt,199,5000.0,86400.0,PTVRP_CONT,31786.0,2,1,0.006,,,,,,0,,0,
Instances/Instances 1/kroB200_07.gt,199,10000.0,86400.0,PTVRP_CONT,31768.0,1,1,0.0052,,,,,,0,,0,
Instances/Instances 1/kroB200_08.gt,199,20000.0,86400.0,PTVRP_CONT,31768.0,1,1,0.0053,,,,,,0,,0,
Instances/Instances 1/kroB200_09.gt,199,50000.0,86400.0,PTVRP_CONT,31768.0,1,1,0.0048,,,,,,0,,0,
Instances/Instances 1/kroB200_10.gt,199,100000.0,86400.0,PTVRP_CONT,31768.0,1,1,0.005,,,,,,0,,0,
Instances/Instances 1/kroC100_01.gt,99,100.0,86400.0,PTVRP_CONT,90576.0,28,2,0.0059,,,,,,0,,0,
Instances/Instances 1/kroC100_02.gt,99,200.0,86400.0,PTVRP_CONT,51395.0,14,1,0.0053,,,,,,0,,0,
Instances/Instances 1/kroC100_03.gt,99,500.0,86400.0,PTVRP_CONT,31936.0,6,1,0.0052,,,,,,0,,0,
Instances/Instances 1/kroC100_04.gt,99,1000.0,86400.0,PTVRP_CONT,25737.0,4,1,0.0051,,,,,,0,,0,
Instances/Instances 1/kroC100_05.gt,99,2000.0,86400.0,PTVRP_CONT,23764.0,2,1,0.0038,,,,,,0,,0,
Instances/Instances 1/kroC100_06.gt,99,5000.0,86400.0,PTVRP_CONT,22713.0,1,1,0.0051,,,,,,0,,0,
Instances/Instances 1/kroC100_07.gt,99,10000.0,86400.0,PTVRP_CONT,22713.0,1,1,0.004,,,,,,0,,0,
Instances/Instances 1/kroC100_08.gt,99,20000.0,86400.0,PTVRP_CONT,22713.0,1,1,0.0056,,,,,,0,,0,
Instances/Instances 1/kroC100_09.gt,99,50000.0,86400.0,PTVRP_CONT,22713.0,1,1,0.0057,,,,,,0,,0,
Instances/Instances 1/kroC100_10.gt,99,100000.0,86400.0,PTVRP_CONT,22713.0,1,1,0.0054,,,,,,0,,0,
Instances/Instances 1/kroD100_01.gt,99,100.0,86400.0,PTVRP_CONT,82273.0,28,2,0.0044,,,,,,0,,0,
Instances/Instances 1/kroD100_02.gt,99,200.0,86400.0,PTVRP_CONT,49618.0,15,1,0.0045,,,,,,0,,0,
Instances/Instances 1/kroD100_03.gt,99,500.0,86400.0,PTVRP_CONT,31926.0,6,1,0.0045,,,,,,0,,0,
Instances/Instances 1/kroD100_04.gt,99,1000.0,86400.0,PTVRP_CONT,24890.0,4,1,0.0046,,,,,,0,,0,
Instances/Instances 1/kroD100_05.gt,99,2000.0,86400.0,PTVRP_CONT,23833.0,2,1,0.0061,,,,,,0,,0,
Instances/Instances 1/kroD100_06.gt,99,5000.0,86400.0,PTVRP_CONT,23792.0,1,1,0.0039,,,,,,0,,0,
Instances/Instances 1/kroD100_07.gt,99,10000.0,86400.0,PTVRP_CONT,23792.0,1,1,0.0049,,,,,,0,,0,
Instances/Instances 1/kroD100_08.gt,99,20000.0,86400.0,PTVRP_CONT,23792.0,1,1,0.0042,,,,,,0,,0,
Instances/Instances 1/kroD100_09.gt,99,50000.0,86400.0,PTVRP_CONT,23792.0,1,1,0.0045,,,,,,0,,0,
Instances/Instances 1/kroD100_10.gt,99,100000.0,86400.0,PTVRP_CONT,23792.0,1,1,0.0042,,,,,,0,,0,
Instances/Instances 1/kroE100_01.gt,99,100.0,86400.0,PTVRP_CONT,86110.0,27,2,0.0035,,,,,,0,,0,
Instances/Instances 1/kroE100_02.gt,99,200.0,86400.0,PTVRP_CONT,53184.0,14,1,0.0038,,,,,,0,,0,
Instances/Instances 1/kroE100_03.gt,99,500.0,86400.0,PTVRP_CONT,33160.0,6,1,0.0036,,,,,,0,,0,
Instances/Instances 1/kroE100_04.gt,99,1000.0,86400.0,PTVRP_CONT,26063.0,3,1,0.0039,,,,,,0,,0,
Instances/Instances 1/kroE100_05.gt,99,2000.0,86400.0,PTVRP_CONT,25287.0,2,1,0.0037,,,,,,0,,0,
Instances/Instances 1/kroE100_06.gt,99,5000.0,86400.0,PTVRP_CONT,24552.0,1,1,0.0039,,,,,,0,,0,
Instances/Instances 1/kroE100_07.gt,99,10000.0,86400.0,PTVRP_CONT,24552.0,1,1,0.0041,,,,,,0,,0,
Instances/Instances 1/kroE100_08.gt,99,20000.0,86400.0,PTVRP_CONT,24552.0,1,1,0.0036,,,,,,0,,0,
Instances/Instances 1/kroE100_09.gt,99,50000.0,86400.0,PTVRP_CONT,24552.0,1,1,0.0035,,,,,,0,,0,
Instances/Instances 1/kroE100_10.gt,99,100000.0,86400.0,PTVRP_CONT,24552.0,1,1,0.0038,,,,,,0,,0,
Instances/Instances 1/kz9976_01.gt,9975,100.0,86400.0,PTVRP_CONT,53922029.0,1712,5,0.3,,,,,,0,,0,
Instances/Instances 1/kz9976_02.gt,9975,200.0,86400.0,PTVRP_CONT,26996117.0,1048,4,0.292,,,,,,0,,0,
Instances/Instances 1/kz9976_03.gt,9975,500.0,86400.0,PTVRP_CONT,11392172.0,517,2,0.2936,,,,,,1,,1,
Instances/Instances 1/kz9976_04.gt,9975,1000.0,86400.0,PTVRP_CONT,6041162.0,260,1,0.3417,,,,,,0,,0,
Instances/Instances 1/kz9976_05.gt,9975,2000.0,86400.0,PTVRP_CONT,3572025.0,133,1,0.3047,,,,,,0,,0,
Instances/Instances 1/kz9976_06.gt,9975,5000.0,86400.0,PTVRP_CONT,2020775.0,52,1,0.3176,,,,,,1,,1,
Instances/Instances 1/kz9976_07.gt,9975,10000.0,86400.0,PTVRP_CONT,1523406.0,27,1,0.309,,,,,,0,,0,
Instances/Instances 1/kz9976_08.gt,9975,20000.0,86400.0,PTVRP_CONT,1339347.0,18,1,0.3177,,,,,,0,,0,
Instances/Instances 1/kz9976_09.gt,9975,50000.0,86400.0,PTVRP_CONT,1338578.0,18,1,0.307,,,,,,1,,1,
Instances/Instances 1/kz9976_10.gt,9975,100000.0,86400.0,PTVRP_CONT,1338578.0,18,1,0.3142,,,,,,1,,1,
Instances/Instances 1/lin105_01.gt,104,100.0,86400.0,PTVRP_CONT,60512.0,30,2,0.0038,,,,,,0,,0,
Instances/Instances 1/lin105_02.gt,104,200.0,86400.0,PTVRP_CONT,38095.0,15,2,0.0045,,,,,,0,,0,
Instances/Instances 1/lin105_03.gt,104,500.0,86400.0,PTVRP_CONT,21949.0,6,1,0.0038,,,,,,0,,0,
Instances/Instances 1/lin105_04.gt,104,1000.0,86400.0,PTVRP_CONT,18166.0,3,1,0.0036,,,,,,0,,0,
Instances/Instances 1/lin105_05.gt,104,2000.0,86400.0,PTVRP_CONT,17033.0,2,1,0.0036,,,,,,0,,0,
Instances/Instances 1/lin105_06.gt,104,5000.0,86400.0,PTVRP_CONT,17033.0,1,1,0.0037,,,,,,0,,0,
Instances/Instances 1/lin105_07.gt,104,10000.0,86400.0,PTVRP_CONT,17033.0,1,1,0.0036,,,,,,0,,0,
Instances/Instances 1/lin105_08.gt,104,20000.0,86400.0,PTVRP_CONT,17033.0,1,1,0.0038,,,,,,0,,0,
Instances/Instances 1/lin105_09.gt,104,50000.0,86400.0,PTVRP_CONT,17033.0,1,1,0.0037,,,,,,0,,0,
Instances/Instances 1/lin105_10.gt,104,100000.0,86400.0,PTVRP_CONT,17033.0,1,1,0.0036,,,,,,0,,0,
Instances/Instances 1/lin318_01.gt,317,100.0,86400.0,PTVRP_CONT,270492.0,76,2,0.0045,,,,,,0,,0,
Instances/Instances 1/lin318_02.gt,317,200.0,86400.0,PTVRP_CONT,144461.0,42,1,0.0046,,,,,,0,,0,
Instances/Instances 1/lin318_03.gt,317,500.0,86400.0,PTVRP_CONT,82401.0,19,1,0.0047,,,,,,0,,0,
Instances/Instances 1/lin318_04.gt,317,1000.0,86400.0,PTVRP_CONT,60046.0,10,1,0.0049,,,,,,0,,0,
Instances/Instances 1/lin318_05.gt,317,2000.0,86400.0,PTVRP_CONT,51204.0,5,1,0.0047,,,,,,0,,0,
Instances/Instances 1/lin318_06.gt,317,5000.0,86400.0,PTVRP_CONT,46049.0,2,1,0.0045,,,,,,0,,0,
Instances/Instances 1/lin318_07.gt,317,10000.0,86400.0,PTVRP_CONT,46049.0,1,1,0.0044,,,,,,0,,0,
Instances/Instances 1/lin318_08.gt,317,20000.0,86400.0,PTVRP_CONT,46049.0,1,1,0.0048,,,,,,0,,0,
Instances/Instances 1/lin318_09.gt,317,50000.0,86400.0,PTVRP_CONT,46049.0,1,1,0.0043,,,,,,0,,0,
Instances/Instances 1/lin318_10.gt,317,100000.0,86400.0,PTVRP_CONT,46049.0,1,1,0.0045,,,,,,0,,0,
Instances/Instances 1/linhp318_01.gt,317,100.0,86400.0,PTVRP_CONT,281713.0,86,2,0.0048,,,,,,0,,0,
Instances/Instances 1/linhp318_02.gt,317,200.0,86400.0,PTVRP_CONT,153902.0,46,1,0.0042,,,,,,0,,0,
Instances/Instances 1/linhp318_03.gt,317,500.0,86400.0,PTVRP_CONT,84379.0,20,1,0.0043,,,,,,0,,0,
Instances/Instances 1/linhp318_04.gt,317,1000.0,86400.0,PTVRP_CONT,60788.0,10,1,0.0041,,,,,,0,,0,
Instances/Instances 1/linhp318_05.gt,317,2000.0,86400.0,PTVRP_CONT,49996.0,5,1,0.0042,,,,,,0,,0,
Instances/Instances 1/linhp318_06.gt,317,5000.0,86400.0,PTVRP_CONT,46168.0,2,1,0.004,,,,,,0,,0,
Instances/Instances 1/linhp318_07.gt,317,10000.0,86400.0,PTVRP_CONT,46168.0,1,1,0.0038,,,,,,0,,0,
Instances/Instances 1/linhp318_08.gt,317,20000.0,86400.0,PTVRP_CONT,46168.0,1,1,0.0043,,,,,,0,,0,
Instances/Instances 1/linhp318_09.gt,317,50000.0,86400.0,PTVRP_CONT,46168.0,1,1,0.0041,,,,,,0,,0,
Instances/Instances 1/linhp318_10.gt,317,100000.0,86400.0,PTVRP_CONT,46168.0,1,1,0.0041,,,,,,0,,0,
Instances/Instances 1/lu980_01.gt,979,100.0,86400.0,PTVRP_CONT,136841.0,206,3,0.008,,,,,,0,,0,
Instances/Instances 1/lu980_02.gt,979,200.0,86400.0,PTVRP_CONT,68580.0,127,2,0.0086,,,,,,0,,0,
Instances/Instances 1/lu980_03.gt,979,500.0,86400.0,PTVRP_CONT,34251.0,54,1,0.008,,,,,,0,,0,
Instances/Instances 1/lu980_04.gt,979,1000.0,86400.0,PTVRP_CONT,22180.0,27,1,0.0081,,,,,,0,,0,
Instances/Instances 1/lu980_05.gt,979,2000.0,86400.0,PTVRP_CONT,16388.0,15,1,0.0084,,,,,,0,,0,
Instances/Instances 1/lu980_06.gt,979,5000.0,86400.0,PTVRP_CONT,13150.0,6,1,0.008,,,,,,0,,0,
Instances/Instances 1/lu980_07.gt,979,10000.0,86400.0,PTVRP_CONT,12225.0,3,1,0.0081,,,,,,0,,0,
Instances/Instances 1/lu980_08.gt,979,20000.0,86400.0,PTVRP_CONT,11920.0,2,1,0.0078,,,,,,0,,0,
Instances/Instances 1/lu980_09.gt,979,50000.0,86400.0,PTVRP_CONT,11919.0,1,1,0.0082,,,,,,0,,0,
Instances/Instances 1/lu980_10.gt,979,100000.0,86400.0,PTVRP_CONT,11919.0,1,1,0.0083,,,,,,0,,0,
Instances/Instances 1/mo14185_01.gt,14184,100.0,86400.0,PTVRP_CONT,19646765.0,1992,6,0.6341,,,,,,0,,0,
Instances/Instances 1/mo14185_02.gt,14184,200.0,86400.0,PTVRP_CONT,9961714.0,1434,4,0.708,,,,,,1,,1,
Instances/Instances 1/mo14185_03.gt,14184,500.0,86400.0,PTVRP_CONT,4148566.0,723,2,0.6116,,,,,,0,,0,
Instances/Instances 1/mo14185_04.gt,14184,1000.0,86400.0,PTVRP_CONT,2271048.0,372,1,0.6039,,,,,,0,,0,
Instances/Instances 1/mo14185_05.gt,14184,2000.0,86400.0,PTVRP_CONT,1342638.0,189,1,0.6008,,,,,,1,,1,
Instances/Instances 1/mo14185_06.gt,14184,5000.0,86400.0,PTVRP_CONT,784414.0,75,1,0.6138,,,,,,1,,1,
Instances/Instances 1/mo14185_07.gt,14184,10000.0,86400.0,PTVRP_CONT,603241.0,40,1,0.6133,,,,,,2,,2,
Instances/Instances 1/mo14185_08.gt,14184,20000.0,86400.0,PTVRP_CONT,514688.0,20,1,0.6191,,,,,,2,,2,
Instances/Instances 1/mo14185_09.gt,14184,50000.0,86400.0,PTVRP_CONT,463398.0,9,1,0.6748,,,,,,0,,0,
Instances/Instances 1/mo14185_10.gt,14184,100000.0,86400.0,PTVRP_CONT,455029.0,7,1,0.6681,,,,,,1,,1,
Instances/Instances 1/mu1979_01.gt,1978,100.0,86400.0,PTVRP_CONT,2177670.0,311,7,0.0183,,,,,,0,,0,
Instances/Instances 1/mu1979_02.gt,1978,200.0,86400.0,PTVRP_CONT,1127695.0,231,4,0.0183,,,,,,1,,1,
Instances/Instances 1/mu1979_03.gt,1978,500.0,86400.0,PTVRP_CONT,503808.0,107,2,0.0195,,,,,,0,,0,
Instances/Instances 1/mu1979_04.gt,1978,1000.0,86400.0,PTVRP_CONT,281013.0,52,1,0.0191,,,,,,0,,0,
Instances/Instances 1/mu1979_05.gt,1978,2000.0,86400.0,PTVRP_CONT,185137.0,27,1,0.0197,,,,,,0,,0,
Instances/Instances 1/mu1979_06.gt,1978,5000.0,86400.0,PTVRP_CONT,125279.0,12,1,0.0214,,,,,,0,,0,
Instances/Instances 1/mu1979_07.gt,1978,10000.0,86400.0,PTVRP_CONT,109386.0,6,1,0.0216,,,,,,1,,1,
Instances/Instances 1/mu1979_08.gt,1978,20000.0,86400.0,PTVRP_CONT,101983.0,4,1,0.023,,,,,,0,,0,
Instances/Instances 1/mu1979_09.gt,1978,50000.0,86400.0,PTVRP_CONT,101151.0,2,1,0.0214,,,,,,0,,0,
Instances/Instances 1/mu1979_10.gt,1978,100000.0,86400.0,PTVRP_CONT,101151.0,2,1,0.0215,,,,,,0,,0,
Instances/Instances 1/nrw1379_01.gt,1378,100.0,86400.0,PTVRP_CONT,626327.0,300,3,0.0125,,,,,,0,,0,
Instances/Instances 1/nrw1379_02.gt,1378,200.0,86400.0,PTVRP_CONT,331275.0,184,2,0.014,,,,,,0,,0,
Instances/Instances 1/nrw1379_03.gt,1378,500.0,86400.0,PTVRP_CONT,165379.0,75,1,0.0134,,,,,,0,,0,
Instances/Instances 1/nrw1379_04.gt,1378,1000.0,86400.0,PTVRP_CONT,108128.0,39,1,0.0119,,,,,,0,,0,
Instances/Instances 1/nrw1379_05.gt,1378,2000.0,86400.0,PTVRP_CONT,80183.0,20,1,0.0127,,,,,,0,,0,
Instances/Instances 1/nrw1379_06.gt,1378,5000.0,86400.0,PTVRP_CONT,64536.0,9,1,0.0152,,,,,,0,,0,
Instances/Instances 1/nrw1379_07.gt,1378,10000.0,86400.0,PTVRP_CONT,60155.0,4,1,0.0128,,,,,,0,,0,
Instances/Instances 1/nrw1379_08.gt,1378,20000.0,86400.0,PTVRP_CONT,59232.0,2,1,0.0131,,,,,,0,,0,
Instances/Instances 1/nrw1379_09.gt,1378,50000.0,86400.0,PTVRP_CONT,58840.0,1,1,0.0141,,,,,,0,,0,
Instances/Instances 1/nrw1379_10.gt,1378,100000.0,86400.0,PTVRP_CONT,58840.0,1,1,0.014,,,,,,0,,0,
Instances/Instances 1/nu3496_01.gt,3495,100.0,86400.0,PTVRP_CONT,2096506.0,618,5,0.0453,,,,,,0,,0,
Instances/Instances 1/nu3496_02.gt,3495,200.0,86400.0,PTVRP_CONT,1083302.0,412,3,0.0455,,,,,,0,,0,
Instances/Instances 1/nu3496_03.gt,3495,500.0,86400.0,PTVRP_CONT,477097.0,185,1,0.044,,,,,,1,,1,
Instances/Instances 1/nu3496_04.gt,3495,1000.0,86400.0,PTVRP_CONT,283052.0,94,1,0.0453,,,,,,0,,0,
Instances/Instances 1/nu3496_05.gt,3495,2000.0,86400.0,PTVRP_CONT,187401.0,48,1,0.0452,,,,,,0,,0,
Instances/Instances 1/nu3496_06.gt,3495,5000.0,86400.0,PTVRP_CONT,127127.0,20,1,0.0481,,,,,,0,,0,
Instances/Instances 1/nu3496_07.gt,3495,10000.0,86400.0,PTVRP_CONT,110055.0,11,1,0.049,,,,,,0,,0,
Instances/Instances 1/nu3496_08.gt,3495,20000.0,86400.0,PTVRP_CONT,100794.0,6,1,0.0507,,,,,,0,,0,
Instances/Instances 1/nu3496_09.gt,3495,50000.0,86400.0,PTVRP_CONT,97414.0,2,1,0.0514,,,,,,0,,0,
Instances/Instances 1/nu3496_10.gt,3495,100000.0,86400.0,PTVRP_CONT,97408.0,2,1,0.0519,,,,,,0,,0,
Instances/Instances 1/p654_01.gt,653,100.0,86400.0,PTVRP_CONT,894357.0,92,6,0.006,,,,,,0,,0,
Instances/Instances 1/p654_02.gt,653,200.0,86400.0,PTVRP_CONT,444127.0,71,2,0.0058,,,,,,0,,0,
Instances/Instances 1/p654_03.gt,653,500.0,86400.0,PTVRP_CONT,207237.0,33,2,0.007,,,,,,0,,0,
Instances/Instances 1/p654_04.gt,653,1000.0,86400.0,PTVRP_CONT,116082.0,18,1,0.0059,,,,,,0,,0,
Instances/Instances 1/p654_05.gt,653,2000.0,86400.0,PTVRP_CONT,74787.0,9,1,0.0062,,,,,,0,,0,
Instances/Instances 1/p654_06.gt,653,5000.0,86400.0,PTVRP_CONT,47469.0,4,1,0.0058,,,,,,0,,0,
Instances/Instances 1/p654_07.gt,653,10000.0,86400.0,PTVRP_CONT,40143.0,2,1,0.0062,,,,,,0,,0,
Instances/Instances 1/p654_08.gt,653,20000.0,86400.0,PTVRP_CONT,39899.0,1,1,0.0065,,,,,,0,,0,
Instances/Instances 1/p654_09.gt,653,50000.0,86400.0,PTVRP_CONT,39899.0,1,1,0.0066,,,,,,0,,0,
Instances/Instances 1/p654_10.gt,653,100000.0,86400.0,PTVRP_CONT,39899.0,1,1,0.0064,,,,,,0,,0,
Instances/Instances 1/pcb1173_01.gt,1172,100.0,86400.0,PTVRP_CONT,614012.0,264,3,0.0094,,,,,,0,,0,
Instances/Instances 1/pcb1173_02.gt,1172,200.0,86400.0,PTVRP_CONT,329516.0,155,2,0.0096,,,,,,0,,0,
Instances/Instances 1/pcb1173_03.gt,1172,500.0,86400.0,PTVRP_CONT,160266.0,64,1,0.009,,,,,,0,,0,
Instances/Instances 1/pcb1173_04.gt,1172,1000.0,86400.0,PTVRP_CONT,104941.0,32,1,0.009,,,,,,0,,0,
Instances/Instances 1/pcb1173_05.gt,1172,2000.0,86400.0,PTVRP_CONT,78742.0,18,1,0.0102,,,,,,0,,0,
Instances/Instances 1/pcb1173_06.gt,1172,5000.0,86400.0,PTVRP_CONT,64331.0,7,1,0.0108,,,,,,0,,0,
Instances/Instances 1/pcb1173_07.gt,1172,10000.0,86400.0,PTVRP_CONT,61295.0,4,1,0.011,,,,,,0,,0,
Instances/Instances 1/pcb1173_08.gt,1172,20000.0,86400.0,PTVRP_CONT,59749.0,2,1,0.0105,,,,,,0,,0,
Instances/Instances 1/pcb1173_09.gt,1172,50000.0,86400.0,PTVRP_CONT,59707.0,1,1,0.0105,,,,,,0,,0,
Instances/Instances 1/pcb1173_10.gt,1172,100000.0,86400.0,PTVRP_CONT,59707.0,1,1,0.0103,,,,,,0,,0,
Instances/Instances 1/pcb3038_01.gt,3037,100.0,86400.0,PTVRP_CONT,2291713.0,573,4,0.0426,,,,,,0,,0,
Instances/Instances 1/pcb3038_02.gt,3037,200.0,86400.0,PTVRP_CONT,1201573.0,381,2,0.0397,,,,,,0,,0,
Instances/Instances 1/pcb3038_03.gt,3037,500.0,86400.0,PTVRP_CONT,544419.0,161,1,0.0338,,,,,,0,,0,
Instances/Instances 1/pcb3038_04.gt,3037,1000.0,86400.0,PTVRP_CONT,333787.0,82,1,0.0351,,,,,,0,,0,
Instances/Instances 1/pcb3038_05.gt,3037,2000.0,86400.0,PTVRP_CONT,230461.0,42,1,0.0349,,,,,,0,,0,
Instances/Instances 1/pcb3038_06.gt,3037,5000.0,86400.0,PTVRP_CONT,171682.0,18,1,0.0431,,,,,,0,,0,
Instances/Instances 1/pcb3038_07.gt,3037,10000.0,86400.0,PTVRP_CONT,152925.0,9,1,0.0421,,,,,,0,,0,
Instances/Instances 1/pcb3038_08.gt,3037,20000.0,86400.0,PTVRP_CONT,144169.0,5,1,0.0374,,,,,,0,,0,
Instances/Instances 1/pcb3038_09.gt,3037,50000.0,86400.0,PTVRP_CONT,142509.0,3,1,0.0401,,,,,,0,,0,
Instances/Instances 1/pcb3038_10.gt,3037,100000.0,86400.0,PTVRP_CONT,142509.0,3,1,0.0487,,,,,,0,,0,
Instances/Instances 1/pcb442_01.gt,441,100.0,86400.0,PTVRP_CONT,343207.0,112,3,0.0072,,,,,,0,,0,
Instances/Instances 1/pcb442_02.gt,441,200.0,86400.0,PTVRP_CONT,195366.0,59,2,0.0064,,,,,,0,,0,
Instances/Instances 1/pcb442_03.gt,441,500.0,86400.0,PTVRP_CONT,103872.0,25,1,0.0058,,,,,,0,,0,
Instances/Instances 1/pcb442_04.gt,441,1000.0,86400.0,PTVRP_CONT,76065.0,12,1,0.0062,,,,,,0,,0,
Instances/Instances 1/pcb442_05.gt,441,2000.0,86400.0,PTVRP_CONT,62444.0,7,1,0.0062,,,,,,0,,0,
Instances/Instances 1/pcb442_06.gt,441,5000.0,86400.0,PTVRP_CONT,56982.0,3,1,0.0058,,,,,,0,,0,
Instances/Instances 1/pcb442_07.gt,441,10000.0,86400.0,PTVRP_CONT,55551.0,2,1,0.0051,,,,,,0,,0,
Instances/Instances 1/pcb442_08.gt,441,20000.0,86400.0,PTVRP_CONT,55035.0,1,1,0.0056,,,,,,0,,0,
Instances/Instances 1/pcb442_09.gt,441,50000.0,86400.0,PTVRP_CONT,55035.0,1,1,0.0047,,,,,,0,,0,
Instances/Instances 1/pcb442_10.gt,441,100000.0,86400.0,PTVRP_CONT,55035.0,1,1,0.0044,,,,,,0,,0,
Instances/Instances 1/pm8079_01.gt,8078,100.0,86400.0,PTVRP_CONT,4492596.0,1210,7,0.2007,,,,,,0,,0,
Instances/Instances 1/pm8079_02.gt,8078,200.0,86400.0,PTVRP_CONT,2293687.0,830,5,0.203,,,,,,0,,0,
Instances/Instances 1/pm8079_03.gt,8078,500.0,86400.0,PTVRP_CONT,959042.0,417,2,0.2034,,,,,,0,,0,
Instances/Instances 1/pm8079_04.gt,8078,1000.0,86400.0,PTVRP_CONT,531809.0,212,1,0.2126,,,,,,0,,0,
Instances/Instances 1/pm8079_05.gt,8078,2000.0,86400.0,PTVRP_CONT,318227.0,107,1,0.226,,,,,,0,,0,
Instances/Instances 1/pm8079_06.gt,8078,5000.0,86400.0,PTVRP_CONT,192355.0,45,1,0.2137,,,,,,0,,0,
Instances/Instances 1/pm8079_07.gt,8078,10000.0,86400.0,PTVRP_CONT,151902.0,22,1,0.2208,,,,,,0,,0,
Instances/Instances 1/pm8079_08.gt,8078,20000.0,86400.0,PTVRP_CONT,132448.0,12,1,0.2287,,,,,,0,,0,
Instances/Instances 1/pm8079_09.gt,8078,50000.0,86400.0,PTVRP_CONT,119944.0,5,1,0.2458,,,,,,3,,1,
Instances/Instances 1/pm8079_10.gt,8078,100000.0,86400.0,PTVRP_CONT,116736.0,3,1,0.24,,,,,,0,,0,
Instances/Instances 1/pr1002_01.gt,1001,100.0,86400.0,PTVRP_CONT,2942522.0,220,3,0.0087,,,,,,0,,0,
Instances/Instances 1/pr1002_02.gt,1001,200.0,86400.0,PTVRP_CONT,1484090.0,130,2,0.0097,,,,,,0,,0,
Instances/Instances 1/pr1002_03.gt,1001,500.0,86400.0,PTVRP_CONT,747933.0,57,1,0.0083,,,,,,0,,0,
Instances/Instances 1/pr1002_04.gt,1001,1000.0,86400.0,PTVRP_CONT,482853.0,28,1,0.0088,,,,,,0,,0,
Instances/Instances 1/pr1002_05.gt,1001,2000.0,86400.0,PTVRP_CONT,364862.0,14,1,0.0087,,,,,,0,,0,
Instances/Instances 1/pr1002_06.gt,1001,5000.0,86400.0,PTVRP_CONT,296228.0,6,1,0.0088,,,,,,0,,0,
Instances/Instances 1/pr1002_07.gt,1001,10000.0,86400.0,PTVRP_CONT,283439.0,4,1,0.009,,,,,,0,,0,
Instances/Instances 1/pr1002_08.gt,1001,20000.0,86400.0,PTVRP_CONT,283439.0,4,1,0.0094,,,,,,0,,0,
Instances/Instances 1/pr1002_09.gt,1001,50000.0,86400.0,PTVRP_CONT,283439.0,4,1,0.0102,,,,,,0,,0,
Instances/Instances 1/pr1002_10.gt,1001,100000.0,86400.0,PTVRP_CONT,283439.0,4,1,0.0087,,,,,,0,,0,
Instances/Instances 1/pr107_01.gt,106,100.0,86400.0,PTVRP_CONT,315817.0,29,3,0.005,,,,,,0,,0,
Instances/Instances 1/pr107_02.gt,106,200.0,86400.0,PTVRP_CONT,176802.0,16,1,0.0043,,,,,,0,,0,
Instances/Instances 1/pr107_03.gt,106,500.0,86400.0,PTVRP_CONT,88082.0,6,1,0.0047,,,,,,0,,0,
Instances/Instances 1/pr107_04.gt,106,1000.0,86400.0,PTVRP_CONT,64305.0,3,1,0.0047,,,,,,0,,0,
Instances/Instances 1/pr107_05.gt,106,2000.0,86400.0,PTVRP_CONT,52505.0,2,1,0.0052,,,,,,0,,0,
Instances/Instances 1/pr107_06.gt,106,5000.0,86400.0,PTVRP_CONT,50502.0,1,1,0.0049,,,,,,0,,0,
Instances/Instances 1/pr107_07.gt,106,10000.0,86400.0,PTVRP_CONT,50502.0,1,1,0.0049,,,,,,0,,0,
Instances/Instances 1/pr107_08.gt,106,20000.0,86400.0,PTVRP_CONT,50502.0,1,1,0.0046,,,,,,0,,0,
Instances/Instances 1/pr107_09.gt,106,50000.0,86400.0,PTVRP_CONT,50502.0,1,1,0.0036,,,,,,0,,0,
Instances/Instances 1/pr107_10.gt,106,100000.0,86400.0,PTVRP_CONT,50502.0,1,1,0.0513,,,,,,0,,0,
Instances/Instances 1/pr124_01.gt,123,100.0,86400.0,PTVRP_CONT,323864.0,30,3,0.0058,,,,,,0,,0,
Instances/Instances 1/pr124_02.gt,123,200.0,86400.0,PTVRP_CONT,194567.0,17,2,0.0051,,,,,,0,,0,
Instances/Instances 1/pr124_03.gt,123,500.0,86400.0,PTVRP_CONT,98181.0,7,1,0.0047,,,,,,0,,0,
Instances/Instances 1/pr124_04.gt,123,1000.0,86400.0,PTVRP_CONT,83325.0,4,1,0.0052,,,,,,0,,0,
Instances/Instances 1/pr124_05.gt,123,2000.0,86400.0,PTVRP_CONT,71966.0,2,1,0.0041,,,,,,0,,0,
Instances/Instances 1/pr124_06.gt,123,5000.0,86400.0,PTVRP_CONT,66676.0,1,1,0.004,,,,,,0,,0,
Instances/Instances 1/pr124_07.gt,123,10000.0,86400.0,PTVRP_CONT,66676.0,1,1,0.0035,,,,,,0,,0,
Instances/Instances 1/pr124_08.gt,123,20000.0,86400.0,PTVRP_CONT,66676.0,1,1,0.0034,,,,,,0,,0,
Instances/Instances 1/pr124_09.gt,123,50000.0,86400.0,PTVRP_CONT,66676.0,1,1,0.0043,,,,,,0,,0,
Instances/Instances 1/pr124_10.gt,123,100000.0,86400.0,PTVRP_CONT,66676.0,1,1,0.0036,,,,,,0,,0,
Instances/Instances 1/pr136_01.gt,135,100.0,86400.0,PTVRP_CONT,432084.0,38,2,0.0037,,,,,,0,,0,
Instances/Instances 1/pr136_02.gt,135,200.0,86400.0,PTVRP_CONT,248708.0,18,1,0.0042,,,,,,0,,0,
Instances/Instances 1/pr136_03.gt,135,500.0,86400.0,PTVRP_CONT,146072.0,8,1,0.0037,,,,,,0,,0,
Instances/Instances 1/pr136_04.gt,135,1000.0,86400.0,PTVRP_CONT,121273.0,4,1,0.0054,,,,,,0,,0,
Instances/Instances 1/pr136_05.gt,135,2000.0,86400.0,PTVRP_CONT,113148.0,2,1,0.0049,,,,,,0,,0,
Instances/Instances 1/pr136_06.gt,135,5000.0,86400.0,PTVRP_CONT,107219.0,2,1,0.0045,,,,,,0,,0,
Instances/Instances 1/pr136_07.gt,135,10000.0,86400.0,PTVRP_CONT,107219.0,2,1,0.0052,,,,,,0,,0,
Instances/Instances 1/pr136_08.gt,135,20000.0,86400.0,PTVRP_CONT,107219.0,2,1,0.0056,,,,,,0,,0,
Instances/Instances 1/pr136_09.gt,135,50000.0,86400.0,PTVRP_CONT,107219.0,2,1,0.0042,,,,,,0,,0,
Instances/Instances 1/pr136_10.gt,135,100000.0,86400.0,PTVRP_CONT,107219.0,2,1,0.0043,,,,,,0,,0,
Instances/Instances 1/pr144_01.gt,143,100.0,86400.0,PTVRP_CONT,373881.0,34,3,0.0046,,,,,,0,,0,
Instances/Instances 1/pr144_02.gt,143,200.0,86400.0,PTVRP_CONT,206883.0,20,1,0.0046,,,,,,0,,0,
Instances/Instances 1/pr144_03.gt,143,500.0,86400.0,PTVRP_CONT,115732.0,9,1,0.0046,,,,,,0,,0,
Instances/Instances 1/pr144_04.gt,143,1000.0,86400.0,PTVRP_CONT,82943.0,5,1,0.0051,,,,,,0,,0,
Instances/Instances 1/pr144_05.gt,143,2000.0,86400.0,PTVRP_CONT,71677.0,3,1,0.0043,,,,,,0,,0,
Instances/Instances 1/pr144_06.gt,143,5000.0,86400.0,PTVRP_CONT,68780.0,1,1,0.0038,,,,,,0,,0,
Instances/Instances 1/pr144_07.gt,143,10000.0,86400.0,PTVRP_CONT,68780.0,1,1,0.0042,,,,,,0,,0,
Instances/Instances 1/pr144_08.gt,143,20000.0,86400.0,PTVRP_CONT,68780.0,1,1,0.0046,,,,,,0,,0,
Instances/Instances 1/pr144_09.gt,143,50000.0,86400.0,PTVRP_CONT,68780.0,1,1,0.0047,,,,,,0,,0,
Instances/Instances 1/pr144_10.gt,143,100000.0,86400.0,PTVRP_CONT,68780.0,1,1,0.0056,,,,,,0,,0,
Instances/Instances 1/pr152_01.gt,151,100.0,86400.0,PTVRP_CONT,455588.0,35,2,0.0039,,,,,,0,,0,
Instances/Instances 1/pr152_02.gt,151,200.0,86400.0,PTVRP_CONT,250170.0,21,1,0.0046,,,,,,0,,0,
Instances/Instances 1/pr152_03.gt,151,500.0,86400.0,PTVRP_CONT,144000.0,9,1,0.0042,,,,,,0,,0,
Instances/Instances 1/pr152_04.gt,151,1000.0,86400.0,PTVRP_CONT,103893.0,5,1,0.0049,,,,,,0,,0,
Instances/Instances 1/pr152_05.gt,151,2000.0,86400.0,PTVRP_CONT,89575.0,2,1,0.0036,,,,,,0,,0,
Instances/Instances 1/pr152_06.gt,151,5000.0,86400.0,PTVRP_CONT,89575.0,2,1,0.0042,,,,,,0,,0,
Instances/Instances 1/pr152_07.gt,151,10000.0,86400.0,PTVRP_CONT,89575.0,2,1,0.0059,,,,,,0,,0,
Instances/Instances 1/pr152_08.gt,151,20000.0,86400.0,PTVRP_CONT,89575.0,2,1,0.0044,,,,,,0,,0,
Instances/Instances 1/pr152_09.gt,151,50000.0,86400.0,PTVRP_CONT,89575.0,2,1,0.0042,,,,,,0,,0,
Instances/Instances 1/pr152_10.gt,151,100000.0,86400.0,PTVRP_CONT,89575.0,2,1,0.0041,,,,,,0,,0,
Instances/Instances 1/pr226_01.gt,225,100.0,86400.0,PTVRP_CONT,769822.0,44,4,0.0058,,,,,,0,,0,
Instances/Instances 1/pr226_02.gt,225,200.0,86400.0,PTVRP_CONT,407301.0,27,2,0.0048,,,,,,0,,0,
Instances/Instances 1/pr226_03.gt,225,500.0,86400.0,PTVRP_CONT,192335.0,12,1,0.0052,,,,,,0,,0,
Instances/Instances 1/pr226_04.gt,225,1000.0,86400.0,PTVRP_CONT,139942.0,6,1,0.0047,,,,,,0,,0,
Instances/Instances 1/pr226_05.gt,225,2000.0,86400.0,PTVRP_CONT,112647.0,4,1,0.0047,,,,,,0,,0,
Instances/Instances 1/pr226_06.gt,225,5000.0,86400.0,PTVRP_CONT,97856.0,2,1,0.0042,,,,,,0,,0,
Instances/Instances 1/pr226_07.gt,225,10000.0,86400.0,PTVRP_CONT,97856.0,2,1,0.0042,,,,,,0,,0,
Instances/Instances 1/pr226_08.gt,225,20000.0,86400.0,PTVRP_CONT,97856.0,2,1,0.0056,,,,,,0,,0,
Instances/Instances 1/pr226_09.gt,225,50000.0,86400.0,PTVRP_CONT,97856.0,2,1,0.0057,,,,,,0,,0,
Instances/Instances 1/pr226_10.gt,225,100000.0,86400.0,PTVRP_CONT,97856.0,2,1,0.0049,,,,,,0,,0,
Instances/Instances 1/pr2392_01.gt,2391,100.0,86400.0,PTVRP_CONT,6271806.0,449,3,0.0228,,,,,,0,,0,
Instances/Instances 1/pr2392_02.gt,2391,200.0,86400.0,PTVRP_CONT,3378291.0,304,2,0.0244,,,,,,0,,0,
Instances/Instances 1/pr2392_03.gt,2391,500.0,86400.0,PTVRP_CONT,1530907.0,127,1,0.0239,,,,,,0,,0,
Instances/Instances 1/pr2392_04.gt,2391,1000.0,86400.0,PTVRP_CONT,936165.0,64,1,0.0249,,,,,,0,,0,
Instances/Instances 1/pr2392_05.gt,2391,2000.0,86400.0,PTVRP_CONT,642735.0,32,1,0.0245,,,,,,0,,0,
Instances/Instances 1/pr2392_06.gt,2391,5000.0,86400.0,PTVRP_CONT,475497.0,15,1,0.027,,,,,,0,,0,
Instances/Instances 1/pr2392_07.gt,2391,10000.0,86400.0,PTVRP_CONT,422099.0,8,1,0.0257,,,,,,0,,0,
Instances/Instances 1/pr2392_08.gt,2391,20000.0,86400.0,PTVRP_CONT,410093.0,6,1,0.025,,,,,,0,,0,
Instances/Instances 1/pr2392_09.gt,2391,50000.0,86400.0,PTVRP_CONT,410093.0,6,1,0.0249,,,,,,0,,0,
Instances/Instances 1/pr2392_10.gt,2391,100000.0,86400.0,PTVRP_CONT,410093.0,6,1,0.0262,,,,,,0,,0,
Instances/Instances 1/pr264_01.gt,263,100.0,86400.0,PTVRP_CONT,532550.0,48,3,0.0053,,,,,,0,,0,
Instances/Instances 1/pr264_02.gt,263,200.0,86400.0,PTVRP_CONT,309817.0,33,2,0.0057,,,,,,0,,0,
Instances/Instances 1/pr264_03.gt,263,500.0,86400.0,PTVRP_CONT,145078.0,15,1,0.0044,,,,,,0,,0,
Instances/Instances 1/pr264_04.gt,263,1000.0,86400.0,PTVRP_CONT,93307.0,8,1,0.0058,,,,,,0,,0,
Instances/Instances 1/pr264_05.gt,263,2000.0,86400.0,PTVRP_CONT,66092.0,4,1,0.0044,,,,,,0,,0,
Instances/Instances 1/pr264_06.gt,263,5000.0,86400.0,PTVRP_CONT,53706.0,2,1,0.0049,,,,,,0,,0,
Instances/Instances 1/pr264_07.gt,263,10000.0,86400.0,PTVRP_CONT,50874.0,1,1,0.0042,,,,,,0,,0,
Instances/Instances 1/pr264_08.gt,263,20000.0,86400.0,PTVRP_CONT,50874.0,1,1,0.0045,,,,,,0,,0,
Instances/Instances 1/pr264_09.gt,263,50000.0,86400.0,PTVRP_CONT,50874.0,1,1,0.0047,,,,,,0,,0,
Instances/Instances 1/pr264_10.gt,263,100000.0,86400.0,PTVRP_CONT,50874.0,1,1,0.0041,,,,,,0,,0,
Instances/Instances 1/pr299_01.gt,298,100.0,86400.0,PTVRP_CONT,340299.0,61,3,0.0053,,,,,,0,,0,
Instances/Instances 1/pr299_02.gt,298,200.0,86400.0,PTVRP_CONT,203569.0,42,2,0.005,,,,,,0,,0,
Instances/Instances 1/pr299_03.gt,298,500.0,86400.0,PTVRP_CONT,106423.0,17,1,0.0049,,,,,,0,,0,
Instances/Instances 1/pr299_04.gt,298,1000.0,86400.0,PTVRP_CONT,73519.0,8,1,0.0065,,,,,,0,,0,
Instances/Instances 1/pr299_05.gt,298,2000.0,86400.0,PTVRP_CONT,60992.0,5,1,0.0061,,,,,,0,,0,
Instances/Instances 1/pr299_06.gt,298,5000.0,86400.0,PTVRP_CONT,54833.0,2,1,0.0052,,,,,,0,,0,
Instances/Instances 1/pr299_07.gt,298,10000.0,86400.0,PTVRP_CONT,54703.0,1,1,0.0053,,,,,,0,,0,
Instances/Instances 1/pr299_08.gt,298,20000.0,86400.0,PTVRP_CONT,54703.0,1,1,0.0049,,,,,,0,,0,
Instances/Instances 1/pr299_09.gt,298,50000.0,86400.0,PTVRP_CONT,54703.0,1,1,0.0052,,,,,,0,,0,
Instances/Instances 1/pr299_10.gt,298,100000.0,86400.0,PTVRP_CONT,54703.0,1,1,0.0054,,,,,,0,,0,
Instances/Instances 1/pr439_01.gt,438,100.0,86400.0,PTVRP_CONT,840706.0,98,3,0.0051,,,,,,0,,0,
Instances/Instances 1/pr439_02.gt,438,200.0,86400.0,PTVRP_CONT,491435.0,61,2,0.0058,,,,,,0,,0,
Instances/Instances 1/pr439_03.gt,438,500.0,86400.0,PTVRP_CONT,245398.0,24,1,0.0068,,,,,,0,,0,
Instances/Instances 1/pr439_04.gt,438,1000.0,86400.0,PTVRP_CONT,168640.0,12,1,0.0056,,,,,,0,,0,
Instances/Instances 1/pr439_05.gt,438,2000.0,86400.0,PTVRP_CONT,138124.0,7,1,0.0051,,,,,,0,,0,
Instances/Instances 1/pr439_06.gt,438,5000.0,86400.0,PTVRP_CONT,119090.0,3,1,0.0049,,,,,,0,,0,
Instances/Instances 1/pr439_07.gt,438,10000.0,86400.0,PTVRP_CONT,117489.0,2,1,0.0047,,,,,,0,,0,
Instances/Instances 1/pr439_08.gt,438,20000.0,86400.0,PTVRP_CONT,117489.0,2,1,0.0056,,,,,,0,,0,
Instances/Instances 1/pr439_09.gt,438,50000.0,86400.0,PTVRP_CONT,117489.0,2,1,0.0045,,,,,,0,,0,
Instances/Instances 1/pr439_10.gt,438,100000.0,86400.0,PTVRP_CONT,117489.0,2,1,0.007,,,,,,0,,0,
Instances/Instances 1/pr76_01.gt,75,100.0,86400.0,PTVRP_CONT,327253.0,22,2,0.0054,,,,,,0,,0,
Instances/Instances 1/pr76_02.gt,75,200.0,86400.0,PTVRP_CONT,200553.0,12,1,0.0061,,,,,,0,,0,
Instances/Instances 1/pr76_03.gt,75,500.0,86400.0,PTVRP_CONT,149322.0,5,1,0.0044,,,,,,0,,0,
Instances/Instances 1/pr76_04.gt,75,1000.0,86400.0,PTVRP_CONT,124689.0,2,1,0.0066,,,,,,0,,0,
Instances/Instances 1/pr76_05.gt,75,2000.0,86400.0,PTVRP_CONT,124689.0,2,1,0.0066,,,,,,0,,0,
Instances/Instances 1/pr76_06.gt,75,5000.0,86400.0,PTVRP_CONT,124689.0,2,1,0.0052,,,,,,0,,0,
Instances/Instances 1/pr76_07.gt,75,10000.0,86400.0,PTVRP_CONT,124689.0,2,1,0.0044,,,,,,0,,0,
Instances/Instances 1/pr76_08.gt,75,20000.0,86400.0,PTVRP_CONT,124689.0,2,1,0.004,,,,,,0,,0,
Instances/Instances 1/pr76_09.gt,75,50000.0,86400.0,PTVRP_CONT,124689.0,2,1,0.0042,,,,,,0,,0,
Instances/Instances 1/pr76_10.gt,75,100000.0,86400.0,PTVRP_CONT,124689.0,2,1,0.0046,,,,,,0,,0,
Instances/Instances 1/qa194_01.gt,193,100.0,86400.0,PTVRP_CONT,48026.0,52,3,0.0045,,,,,,0,,0,
Instances/Instances 1/qa194_02.gt,193,200.0,86400.0,PTVRP_CONT,27409.0,28,1,0.0053,,,,,,0,,0,
Instances/Instances 1/qa194_03.gt,193,500.0,86400.0,PTVRP_CONT,15625.0,11,1,0.0047,,,,,,0,,0,
Instances/Instances 1/qa194_04.gt,193,1000.0,86400.0,PTVRP_CONT,12944.0,6,1,0.005,,,,,,0,,0,
Instances/Instances 1/qa194_05.gt,193,2000.0,86400.0,PTVRP_CONT,11131.0,3,1,0.0042,,,,,,0,,0,
Instances/Instances 1/qa194_06.gt,193,5000.0,86400.0,PTVRP_CONT,10519.0,2,1,0.005,,,,,,0,,0,
Instances/Instances 1/qa194_07.gt,193,10000.0,86400.0,PTVRP_CONT,10469.0,1,1,0.0057,,,,,,0,,0,
Instances/Instances 1/qa194_08.gt,193,20000.0,86400.0,PTVRP_CONT,10469.0,1,1,0.0044,,,,,,0,,0,
Instances/Instances 1/qa194_09.gt,193,50000.0,86400.0,PTVRP_CONT,10469.0,1,1,0.0039,,,,,,0,,0,
Instances/Instances 1/qa194_10.gt,193,100000.0,86400.0,PTVRP_CONT,10469.0,1,1,0.0037,,,,,,0,,0,
Instances/Instances 1/rat195_01.gt,194,100.0,86400.0,PTVRP_CONT,11847.0,54,2,0.0037,,,,,,0,,0,
Instances/Instances 1/rat195_02.gt,194,200.0,86400.0,PTVRP_CONT,6561.0,28,1,0.0052,,,,,,0,,0,
Instances/Instances 1/rat195_03.gt,194,500.0,86400.0,PTVRP_CONT,3777.0,11,1,0.0052,,,,,,0,,0,
Instances/Instances 1/rat195_04.gt,194,1000.0,86400.0,PTVRP_CONT,2972.0,6,1,0.006,,,,,,0,,0,
Instances/Instances 1/rat195_05.gt,194,2000.0,86400.0,PTVRP_CONT,2663.0,3,1,0.0059,,,,,,0,,0,
Instances/Instances 1/rat195_06.gt,194,5000.0,86400.0,PTVRP_CONT,2581.0,1,1,0.0057,,,,,,0,,0,
Instances/Instances 1/rat195_07.gt,194,10000.0,86400.0,PTVRP_CONT,2581.0,1,1,0.0047,,,,,,0,,0,
Instances/Instances 1/rat195_08.gt,194,20000.0,86400.0,PTVRP_CONT,2581.0,1,1,0.0049,,,,,,0,,0,
Instances/Instances 1/rat195_09.gt,194,50000.0,86400.0,PTVRP_CONT,2581.0,1,1,0.0044,,,,,,0,,0,
Instances/Instances 1/rat195_10.gt,194,100000.0,86400.0,PTVRP_CONT,2581.0,1,1,0.0052,,,,,,0,,0,
Instances/Instances 1/rat575_01.gt,574,100.0,86400.0,PTVRP_CONT,54101.0,140,2,0.0063,,,,,,0,,0,
Instances/Instances 1/rat575_02.gt,574,200.0,86400.0,PTVRP_CONT,28335.0,79,2,0.0071,,,,,,0,,0,
Instances/Instances 1/rat575_03.gt,574,500.0,86400.0,PTVRP_CONT,14521.0,30,1,0.0067,,,,,,0,,0,
Instances/Instances 1/rat575_04.gt,574,1000.0,86400.0,PTVRP_CONT,10607.0,16,1,0.0059,,,,,,0,,0,
Instances/Instances 1/rat575_05.gt,574,2000.0,86400.0,PTVRP_CONT,8580.0,8,1,0.0074,,,,,,0,,0,
Instances/Instances 1/rat575_06.gt,574,5000.0,86400.0,PTVRP_CONT,7591.0,3,1,0.0072,,,,,,0,,0,
Instances/Instances 1/rat575_07.gt,574,10000.0,86400.0,PTVRP_CONT,7378.0,3,1,0.0058,,,,,,0,,0,
Instances/Instances 1/rat575_08.gt,574,20000.0,86400.0,PTVRP_CONT,7265.0,1,1,0.0061,,,,,,0,,0,
Instances/Instances 1/rat575_09.gt,574,50000.0,86400.0,PTVRP_CONT,7265.0,1,1,0.0061,,,,,,0,,0,
Instances/Instances 1/rat575_10.gt,574,100000.0,86400.0,PTVRP_CONT,7265.0,1,1,0.007,,,,,,0,,0,
Instances/Instances 1/rat783_01.gt,782,100.0,86400.0,PTVRP_CONT,81721.0,177,3,0.0089,,,,,,0,,0,
Instances/Instances 1/rat783_02.gt,782,200.0,86400.0,PTVRP_CONT,42440.0,105,2,0.0074,,,,,,0,,0,
Instances/Instances 1/rat783_03.gt,782,500.0,86400.0,PTVRP_CONT,22025.0,43,1,0.0092,,,,,,0,,0,
Instances/Instances 1/rat783_04.gt,782,1000.0,86400.0,PTVRP_CONT,15097.0,23,1,0.0077,,,,,,0,,0,
Instances/Instances 1/rat783_05.gt,782,2000.0,86400.0,PTVRP_CONT,11598.0,11,1,0.0108,,,,,,0,,0,
Instances/Instances 1/rat783_06.gt,782,5000.0,86400.0,PTVRP_CONT,9892.0,5,1,0.0088,,,,,,0,,0,
Instances/Instances 1/rat783_07.gt,782,10000.0,86400.0,PTVRP_CONT,9552.0,3,1,0.0089,,,,,,0,,0,
Instances/Instances 1/rat783_08.gt,782,20000.0,86400.0,PTVRP_CONT,9389.0,1,1,0.0086,,,,,,0,,0,
Instances/Instances 1/rat783_09.gt,782,50000.0,86400.0,PTVRP_CONT,9389.0,1,1,0.0077,,,,,,0,,0,
Instances/Instances 1/rat783_10.gt,782,100000.0,86400.0,PTVRP_CONT,9389.0,1,1,0.0074,,,,,,0,,0,
Instances/Instances 1/rat99_01.gt,98,100.0,86400.0,PTVRP_CONT,4164.0,25,2,0.0057,,,,,,0,,0,
Instances/Instances 1/rat99_02.gt,98,200.0,86400.0,PTVRP_CONT,2540.0,13,1,0.005,,,,,,0,,0,
Instances/Instances 1/rat99_03.gt,98,500.0,86400.0,PTVRP_CONT,1744.0,6,1,0.0064,,,,,,0,,0,
Instances/Instances 1/rat99_04.gt,98,1000.0,86400.0,PTVRP_CONT,1497.0,3,1,0.0045,,,,,,0,,0,
Instances/Instances 1/rat99_05.gt,98,2000.0,86400.0,PTVRP_CONT,1399.0,2,1,0.0055,,,,,,0,,0,
Instances/Instances 1/rat99_06.gt,98,5000.0,86400.0,PTVRP_CONT,1395.0,1,1,0.0043,,,,,,0,,0,
Instances/Instances 1/rat99_07.gt,98,10000.0,86400.0,PTVRP_CONT,1395.0,1,1,0.0056,,,,,,0,,0,
Instances/Instances 1/rat99_08.gt,98,20000.0,86400.0,PTVRP_CONT,1395.0,1,1,0.0058,,,,,,0,,0,
Instances/Instances 1/rat99_09.gt,98,50000.0,86400.0,PTVRP_CONT,1395.0,1,1,0.0051,,,,,,0,,0,
Instances/Instances 1/rat99_10.gt,98,100000.0,86400.0,PTVRP_CONT,1395.0,1,1,0.0042,,,,,,0,,0,
Instances/Instances 1/rd100_01.gt,99,100.0,86400.0,PTVRP_CONT,26860.0,26,1,0.0046,,,,,,0,,0,
Instances/Instances 1/rd100_02.gt,99,200.0,86400.0,PTVRP_CONT,17125.0,14,1,0.0047,,,,,,0,,0,
Instances/Instances 1/rd100_03.gt,99,500.0,86400.0,PTVRP_CONT,11463.0,6,1,0.0068,,,,,,0,,0,
Instances/Instances 1/rd100_04.gt,99,1000.0,86400.0,PTVRP_CONT,9816.0,3,1,0.0049,,,,,,0,,0,
Instances/Instances 1/rd100_05.gt,99,2000.0,86400.0,PTVRP_CONT,9356.0,2,1,0.0053,,,,,,0,,0,
Instances/Instances 1/rd100_06.gt,99,5000.0,86400.0,PTVRP_CONT,8967.0,1,1,0.0056,,,,,,0,,0,
Instances/Instances 1/rd100_07.gt,99,10000.0,86400.0,PTVRP_CONT,8967.0,1,1,0.0047,,,,,,0,,0,
Instances/Instances 1/rd100_08.gt,99,20000.0,86400.0,PTVRP_CONT,8967.0,1,1,0.0046,,,,,,0,,0,
Instances/Instances 1/rd100_09.gt,99,50000.0,86400.0,PTVRP_CONT,8967.0,1,1,0.005,,,,,,0,,0,
Instances/Instances 1/rd100_10.gt,99,100000.0,86400.0,PTVRP_CONT,8967.0,1,1,0.0052,,,,,,0,,0,
Instances/Instances 1/rd400_01.gt,399,100.0,86400.0,PTVRP_CONT,99006.0,101,2,0.0057,,,,,,0,,0,
Instances/Instances 1/rd400_02.gt,399,200.0,86400.0,PTVRP_CONT,54509.0,56,1,0.0061,,,,,,0,,0,
Instances/Instances 1/rd400_03.gt,399,500.0,86400.0,PTVRP_CONT,29878.0,23,1,0.0059,,,,,,0,,0,
Instances/Instances 1/rd400_04.gt,399,1000.0,86400.0,PTVRP_CONT,21169.0,11,1,0.0051,,,,,,0,,0,
Instances/Instances 1/rd400_05.gt,399,2000.0,86400.0,PTVRP_CONT,18032.0,8,1,0.005,,,,,,0,,0,
Instances/Instances 1/rd400_06.gt,399,5000.0,86400.0,PTVRP_CONT,15880.0,3,1,0.0048,,,,,,0,,0,
Instances/Instances 1/rd400_07.gt,399,10000.0,86400.0,PTVRP_CONT,15507.0,2,1,0.0047,,,,,,0,,0,
Instances/Instances 1/rd400_08.gt,399,20000.0,86400.0,PTVRP_CONT,15316.0,1,1,0.0047,,,,,,0,,0,
Instances/Instances 1/rd400_09.gt,399,50000.0,86400.0,PTVRP_CONT,15316.0,1,1,0.0052,,,,,,0,,0,
Instances/Instances 1/rd400_10.gt,399,100000.0,86400.0,PTVRP_CONT,15316.0,1,1,0.0056,,,,,,0,,0,
Instances/Instances 1/rl11849_01.gt,11848,100.0,86400.0,PTVRP_CONT,34562643.0,1790,6,0.4126,,,,,,0,,0,
Instances/Instances 1/rl11849_02.gt,11848,200.0,86400.0,PTVRP_CONT,17809296.0,1274,4,0.4103,,,,,,0,,0,
Instances/Instances 1/rl11849_03.gt,11848,500.0,86400.0,PTVRP_CONT,7531671.0,621,2,0.4498,,,,,,1,,1,
Instances/Instances 1/rl11849_04.gt,11848,1000.0,86400.0,PTVRP_CONT,4139341.0,313,1,0.4134,,,,,,0,,0,
Instances/Instances 1/rl11849_05.gt,11848,2000.0,86400.0,PTVRP_CONT,2513746.0,160,1,0.4152,,,,,,0,,0,
Instances/Instances 1/rl11849_06.gt,11848,5000.0,86400.0,PTVRP_CONT,1505293.0,66,1,0.4162,,,,,,0,,0,
Instances/Instances 1/rl11849_07.gt,11848,10000.0,86400.0,PTVRP_CONT,1185215.0,33,1,0.4183,,,,,,0,,0,
Instances/Instances 1/rl11849_08.gt,11848,20000.0,86400.0,PTVRP_CONT,1024038.0,18,1,0.4259,,,,,,0,,0,
Instances/Instances 1/rl11849_09.gt,11848,50000.0,86400.0,PTVRP_CONT,994667.0,14,1,0.4293,,,,,,0,,0,
Instances/Instances 1/rl11849_10.gt,11848,100000.0,86400.0,PTVRP_CONT,994667.0,14,1,0.5049,,,,,,0,,0,
Instances/Instances 1/rl1304_01.gt,1303,100.0,86400.0,PTVRP_CONT,3961808.0,256,3,0.0102,,,,,,0,,0,
Instances/Instances 1/rl1304_02.gt,1303,200.0,86400.0,PTVRP_CONT,2088153.0,171,2,0.0102,,,,,,0,,0,
Instances/Instances 1/rl1304_03.gt,1303,500.0,86400.0,PTVRP_CONT,961355.0,72,1,0.0095,,,,,,0,,0,
Instances/Instances 1/rl1304_04.gt,1303,1000.0,86400.0,PTVRP_CONT,577486.0,35,1,0.0107,,,,,,0,,0,
Instances/Instances 1/rl1304_05.gt,1303,2000.0,86400.0,PTVRP_CONT,405682.0,19,1,0.0104,,,,,,0,,0,
Instances/Instances 1/rl1304_06.gt,1303,5000.0,86400.0,PTVRP_CONT,299168.0,8,1,0.0107,,,,,,0,,0,
Instances/Instances 1/rl1304_07.gt,1303,10000.0,86400.0,PTVRP_CONT,279685.0,4,1,0.0107,,,,,,0,,0,
Instances/Instances 1/rl1304_08.gt,1303,20000.0,86400.0,PTVRP_CONT,277708.0,4,1,0.0103,,,,,,0,,0,
Instances/Instances 1/rl1304_09.gt,1303,50000.0,86400.0,PTVRP_CONT,277708.0,4,1,0.0126,,,,,,0,,0,
Instances/Instances 1/rl1304_10.gt,1303,100000.0,86400.0,PTVRP_CONT,277708.0,4,1,0.0115,,,,,,0,,0,
Instances/Instances 1/rl1323_01.gt,1322,100.0,86400.0,PTVRP_CONT,4333098.0,245,4,0.0119,,,,,,0,,0,
Instances/Instances 1/rl1323_02.gt,1322,200.0,86400.0,PTVRP_CONT,2158890.0,163,2,0.0119,,,,,,0,,0,
Instances/Instances 1/rl1323_03.gt,1322,500.0,86400.0,PTVRP_CONT,994180.0,71,1,0.0122,,,,,,0,,0,
Instances/Instances 1/rl1323_04.gt,1322,1000.0,86400.0,PTVRP_CONT,623637.0,36,1,0.0119,,,,,,0,,0,
Instances/Instances 1/rl1323_05.gt,1322,2000.0,86400.0,PTVRP_CONT,430065.0,18,1,0.0123,,,,,,0,,0,
Instances/Instances 1/rl1323_06.gt,1322,5000.0,86400.0,PTVRP_CONT,331374.0,8,1,0.0127,,,,,,0,,0,
Instances/Instances 1/rl1323_07.gt,1322,10000.0,86400.0,PTVRP_CONT,305210.0,5,1,0.013,,,,,,0,,0,
Instances/Instances 1/rl1323_08.gt,1322,20000.0,86400.0,PTVRP_CONT,305210.0,5,1,0.012,,,,,,0,,0,
Instances/Instances 1/rl1323_09.gt,1322,50000.0,86400.0,PTVRP_CONT,305210.0,5,1,0.0118,,,,,,0,,0,
Instances/Instances 1/rl1323_10.gt,1322,100000.0,86400.0,PTVRP_CONT,305210.0,5,1,0.0117,,,,,,0,,0,
Instances/Instances 1/rl1889_01.gt,1888,100.0,86400.0,PTVRP_CONT,6228521.0,344,5,0.0178,,,,,,0,,0,
Instances/Instances 1/rl1889_02.gt,1888,200.0,86400.0,PTVRP_CONT,3218612.0,226,3,0.0174,,,,,,0,,0,
Instances/Instances 1/rl1889_03.gt,1888,500.0,86400.0,PTVRP_CONT,1445235.0,102,1,0.0171,,,,,,0,,0,
Instances/Instances 1/rl1889_04.gt,1888,1000.0,86400.0,PTVRP_CONT,863473.0,51,1,0.0179,,,,,,0,,0,
Instances/Instances 1/rl1889_05.gt,1888,2000.0,86400.0,PTVRP_CONT,581959.0,26,1,0.0176,,,,,,0,,0,
Instances/Instances 1/rl1889_06.gt,1888,5000.0,86400.0,PTVRP_CONT,407084.0,11,1,0.0188,,,,,,0,,0,
Instances/Instances 1/rl1889_07.gt,1888,10000.0,86400.0,PTVRP_CONT,359202.0,6,1,0.0187,,,,,,0,,0,
Instances/Instances 1/rl1889_08.gt,1888,20000.0,86400.0,PTVRP_CONT,351630.0,6,1,0.0265,,,,,,0,,0,
Instances/Instances 1/rl1889_09.gt,1888,50000.0,86400.0,PTVRP_CONT,351630.0,6,1,0.0194,,,,,,0,,0,
Instances/Instances 1/rl1889_10.gt,1888,100000.0,86400.0,PTVRP_CONT,351630.0,6,1,0.0185,,,,,,0,,0,
Instances/Instances 1/rl5915_01.gt,5914,100.0,86400.0,PTVRP_CONT,16941723.0,927,5,0.1115,,,,,,0,,0,
Instances/Instances 1/rl5915_02.gt,5914,200.0,86400.0,PTVRP_CONT,8795198.0,657,3,0.1336,,,,,,0,,0,
Instances/Instances 1/rl5915_03.gt,5914,500.0,86400.0,PTVRP_CONT,3812692.0,312,2,0.1311,,,,,,0,,0,
Instances/Instances 1/rl5915_04.gt,5914,1000.0,86400.0,PTVRP_CONT,2130660.0,157,1,0.1105,,,,,,0,,0,
Instances/Instances 1/rl5915_05.gt,5914,2000.0,86400.0,PTVRP_CONT,1325177.0,80,1,0.1119,,,,,,0,,0,
Instances/Instances 1/rl5915_06.gt,5914,5000.0,86400.0,PTVRP_CONT,845893.0,34,1,0.1129,,,,,,0,,0,
Instances/Instances 1/rl5915_07.gt,5914,10000.0,86400.0,PTVRP_CONT,684223.0,18,1,0.114,,,,,,0,,0,
Instances/Instances 1/rl5915_08.gt,5914,20000.0,86400.0,PTVRP_CONT,624324.0,10,1,0.1169,,,,,,0,,0,
Instances/Instances 1/rl5915_09.gt,5914,50000.0,86400.0,PTVRP_CONT,616974.0,8,1,0.1174,,,,,,0,,0,
Instances/Instances 1/rl5915_10.gt,5914,100000.0,86400.0,PTVRP_CONT,616974.0,8,1,0.1165,,,,,,0,,0,
Instances/Instances 1/rl5934_01.gt,5933,100.0,86400.0,PTVRP_CONT,17063015.0,996,5,0.1141,,,,,,0,,0,
Instances/Instances 1/rl5934_02.gt,5933,200.0,86400.0,PTVRP_CONT,8697938.0,658,4,0.1177,,,,,,0,,0,
Instances/Instances 1/rl5934_03.gt,5933,500.0,86400.0,PTVRP_CONT,3708635.0,311,2,0.1094,,,,,,0,,0,
Instances/Instances 1/rl5934_04.gt,5933,1000.0,86400.0,PTVRP_CONT,2127667.0,157,1,0.1093,,,,,,0,,0,
Instances/Instances 1/rl5934_05.gt,5933,2000.0,86400.0,PTVRP_CONT,1299956.0,80,1,0.1115,,,,,,0,,0,
Instances/Instances 1/rl5934_06.gt,5933,5000.0,86400.0,PTVRP_CONT,833835.0,34,1,0.1132,,,,,,0,,0,
Instances/Instances 1/rl5934_07.gt,5933,10000.0,86400.0,PTVRP_CONT,681392.0,18,1,0.1152,,,,,,0,,0,
Instances/Instances 1/rl5934_08.gt,5933,20000.0,86400.0,PTVRP_CONT,613159.0,9,1,0.119,,,,,,0,,0,
Instances/Instances 1/rl5934_09.gt,5933,50000.0,86400.0,PTVRP_CONT,610282.0,9,1,0.1331,,,,,,0,,0,
Instances/Instances 1/rl5934_10.gt,5933,100000.0,86400.0,PTVRP_CONT,610282.0,9,1,0.1709,,,,,,0,,0,
Instances/Instances 1/rw1621_01.gt,1620,100.0,86400.0,PTVRP_CONT,505772.0,301,5,0.017,,,,,,0,,0,
Instances/Instances 1/rw1621_02.gt,1620,200.0,86400.0,PTVRP_CONT,256645.0,193,2,0.0142,,,,,,0,,0,
Instances/Instances 1/rw1621_03.gt,1620,500.0,86400.0,PTVRP_CONT,115222.0,87,1,0.0146,,,,,,0,,0,
Instances/Instances 1/rw1621_04.gt,1620,1000.0,86400.0,PTVRP_CONT,69012.0,45,1,0.0161,,,,,,0,,0,
Instances/Instances 1/rw1621_05.gt,1620,2000.0,86400.0,PTVRP_CONT,47035.0,23,1,0.0165,,,,,,0,,0,
Instances/Instances 1/rw1621_06.gt,1620,5000.0,86400.0,PTVRP_CONT,33470.0,10,1,0.0169,,,,,,0,,0,
Instances/Instances 1/rw1621_07.gt,1620,10000.0,86400.0,PTVRP_CONT,29392.0,5,1,0.0161,,,,,,0,,0,
Instances/Instances 1/rw1621_08.gt,1620,20000.0,86400.0,PTVRP_CONT,27739.0,3,1,0.0154,,,,,,0,,0,
Instances/Instances 1/rw1621_09.gt,1620,50000.0,86400.0,PTVRP_CONT,27418.0,1,1,0.0143,,,,,,0,,0,
Instances/Instances 1/rw1621_10.gt,1620,100000.0,86400.0,PTVRP_CONT,27418.0,1,1,0.0154,,,,,,0,,0,
Instances/Instances 1/st70_01.gt,69,100.0,86400.0,PTVRP_CONT,1877.0,16,2,0.0035,,,,,,0,,0,
Instances/Instances 1/st70_02.gt,69,200.0,86400.0,PTVRP_CONT,1254.0,9,1,0.0045,,,,,,0,,0,
Instances/Instances 1/st70_03.gt,69,500.0,86400.0,PTVRP_CONT,890.0,5,1,0.0041,,,,,,0,,0,
Instances/Instances 1/st70_04.gt,69,1000.0,86400.0,PTVRP_CONT,794.0,3,1,0.0049,,,,,,0,,0,
Instances/Instances 1/st70_05.gt,69,2000.0,86400.0,PTVRP_CONT,780.0,1,1,0.0054,,,,,,0,,0,
Instances/Instances 1/st70_06.gt,69,5000.0,86400.0,PTVRP_CONT,780.0,1,1,0.0044,,,,,,0,,0,
Instances/Instances 1/st70_07.gt,69,10000.0,86400.0,PTVRP_CONT,780.0,1,1,0.0053,,,,,,0,,0,
Instances/Instances 1/st70_08.gt,69,20000.0,86400.0,PTVRP_CONT,780.0,1,1,0.0043,,,,,,0,,0,
Instances/Instances 1/st70_09.gt,69,50000.0,86400.0,PTVRP_CONT,780.0,1,1,0.0041,,,,,,0,,0,
Instances/Instances 1/st70_10.gt,69,100000.0,86400.0,PTVRP_CONT,780.0,1,1,0.004,,,,,,0,,0,
Instances/Instances 1/sw24978_01.gt,24977,100.0,86400.0,PTVRP_CONT,43962617.0,3462,7,1.814,,,,,,0,,0,
Instances/Instances 1/sw24978_02.gt,24977,200.0,86400.0,PTVRP_CONT,22326305.0,2493,4,1.7974,,,,,,1,,1,
Instances/Instances 1/sw24978_03.gt,24977,500.0,86400.0,PTVRP_CONT,9310817.0,1274,2,1.7916,,,,,,1,,1,
Instances/Instances 1/sw24978_04.gt,24977,1000.0,86400.0,PTVRP_CONT,5042409.0,657,1,1.8521,,,,,,1,,1,
Instances/Instances 1/sw24978_05.gt,24977,2000.0,86400.0,PTVRP_CONT,2891595.0,325,1,1.788,,,,,,3,,3,
Instances/Instances 1/sw24978_06.gt,24977,5000.0,86400.0,PTVRP_CONT,1662823.0,133,1,1.8129,,,,,,1,,1,
Instances/Instances 1/sw24978_07.gt,24977,10000.0,86400.0,PTVRP_CONT,1244321.0,68,1,1.8493,,,,,,1,,1,
Instances/Instances 1/sw24978_08.gt,24977,20000.0,86400.0,PTVRP_CONT,1039172.0,36,1,1.8391,,,,,,3,,3,
Instances/Instances 1/sw24978_09.gt,24977,50000.0,86400.0,PTVRP_CONT,938916.0,16,1,1.8849,,,,,,0,,0,
Instances/Instances 1/sw24978_10.gt,24977,100000.0,86400.0,PTVRP_CONT,921494.0,13,1,1.9199,,,,,,3,,3,
Instances/Instances 1/ts225_01.gt,224,100.0,86400.0,PTVRP_CONT,753549.0,57,2,0.0046,,,,,,0,,0,
Instances/Instances 1/ts225_02.gt,224,200.0,86400.0,PTVRP_CONT,464853.0,35,1,0.0044,,,,,,0,,0,
Instances/Instances 1/ts225_03.gt,224,500.0,86400.0,PTVRP_CONT,238729.0,13,1,0.0039,,,,,,0,,0,
Instances/Instances 1/ts225_04.gt,224,1000.0,86400.0,PTVRP_CONT,175964.0,7,1,0.004,,,,,,0,,0,
Instances/Instances 1/ts225_05.gt,224,2000.0,86400.0,PTVRP_CONT,148763.0,4,1,0.0039,,,,,,0,,0,
Instances/Instances 1/ts225_06.gt,224,5000.0,86400.0,PTVRP_CONT,143060.0,3,1,0.0037,,,,,,0,,0,
Instances/Instances 1/ts225_07.gt,224,10000.0,86400.0,PTVRP_CONT,143060.0,3,1,0.0042,,,,,,0,,0,
Instances/Instances 1/ts225_08.gt,224,20000.0,86400.0,PTVRP_CONT,143060.0,3,1,0.0045,,,,,,0,,0,
Instances/Instances 1/ts225_09.gt,224,50000.0,86400.0,PTVRP_CONT,143060.0,3,1,0.0045,,,,,,0,,0,
Instances/Instances 1/ts225_10.gt,224,100000.0,86400.0,PTVRP_CONT,143060.0,3,1,0.0041,,,,,,0,,0,
Instances/Instances 1/tsp225_01.gt,224,100.0,86400.0,PTVRP_CONT,20111.0,59,2,0.0045,,,,,,0,,0,
Instances/Instances 1/tsp225_02.gt,224,200.0,86400.0,PTVRP_CONT,12470.0,33,2,0.0042,,,,,,0,,0,
Instances/Instances 1/tsp225_03.gt,224,500.0,86400.0,PTVRP_CONT,6755.0,13,1,0.0043,,,,,,0,,0,
Instances/Instances 1/tsp225_04.gt,224,1000.0,86400.0,PTVRP_CONT,5378.0,7,1,0.0045,,,,,,0,,0,
Instances/Instances 1/tsp225_05.gt,224,2000.0,86400.0,PTVRP_CONT,4684.0,3,1,0.0039,,,,,,0,,0,
Instances/Instances 1/tsp225_06.gt,224,5000.0,86400.0,PTVRP_CONT,4425.0,2,1,0.0041,,,,,,0,,0,
Instances/Instances 1/tsp225_07.gt,224,10000.0,86400.0,PTVRP_CONT,4418.0,1,1,0.0042,,,,,,0,,0,
Instances/Instances 1/tsp225_08.gt,224,20000.0,86400.0,PTVRP_CONT,4418.0,1,1,0.0038,,,,,,0,,0,
Instances/Instances 1/tsp225_09.gt,224,50000.0,86400.0,PTVRP_CONT,4418.0,1,1,0.0043,,,,,,0,,0,
Instances/Instances 1/tsp225_10.gt,224,100000.0,86400.0,PTVRP_CONT,4418.0,1,1,0.0048,,,,,,0,,0,
Instances/Instances 1/tz6117_01.gt,6116,100.0,86400.0,PTVRP_CONT,12551427.0,953,6,0.2105,,,,,,0,,0,
Instances/Instances 1/tz6117_02.gt,6116,200.0,86400.0,PTVRP_CONT,6569900.0,668,4,0.1387,,,,,,0,,0,
Instances/Instances 1/tz6117_03.gt,6116,500.0,86400.0,PTVRP_CONT,2774760.0,313,2,0.1187,,,,,,0,,0,
Instances/Instances 1/tz6117_04.gt,6116,1000.0,86400.0,PTVRP_CONT,1571641.0,163,1,0.1174,,,,,,0,,0,
Instances/Instances 1/tz6117_05.gt,6116,2000.0,86400.0,PTVRP_CONT,952249.0,80,1,0.1256,,,,,,0,,0,
Instances/Instances 1/tz6117_06.gt,6116,5000.0,86400.0,PTVRP_CONT,619718.0,33,1,0.121,,,,,,0,,0,
Instances/Instances 1/tz6117_07.gt,6116,10000.0,86400.0,PTVRP_CONT,499588.0,18,1,0.1228,,,,,,0,,0,
Instances/Instances 1/tz6117_08.gt,6116,20000.0,86400.0,PTVRP_CONT,441005.0,9,1,0.1429,,,,,,1,,1,
Instances/Instances 1/tz6117_09.gt,6116,50000.0,86400.0,PTVRP_CONT,422925.0,6,1,0.1348,,,,,,0,,0,
Instances/Instances 1/tz6117_10.gt,6116,100000.0,86400.0,PTVRP_CONT,422925.0,6,1,0.1322,,,,,,0,,0,
Instances/Instances 1/u1060_01.gt,1059,100.0,86400.0,PTVRP_CONT,2929446.0,220,3,0.0078,,,,,,0,,0,
Instances/Instances 1/u1060_02.gt,1059,200.0,86400.0,PTVRP_CONT,1537507.0,130,3,0.0096,,,,,,0,,0,
Instances/Instances 1/u1060_03.gt,1059,500.0,86400.0,PTVRP_CONT,729871.0,59,1,0.0079,,,,,,0,,0,
Instances/Instances 1/u1060_04.gt,1059,1000.0,86400.0,PTVRP_CONT,469462.0,29,1,0.0077,,,,,,0,,0,
Instances/Instances 1/u1060_05.gt,1059,2000.0,86400.0,PTVRP_CONT,342351.0,15,1,0.0089,,,,,,0,,0,
Instances/Instances 1/u1060_06.gt,1059,5000.0,86400.0,PTVRP_CONT,262408.0,7,1,0.009,,,,,,0,,0,
Instances/Instances 1/u1060_07.gt,1059,10000.0,86400.0,PTVRP_CONT,245381.0,4,1,0.0082,,,,,,0,,0,
Instances/Instances 1/u1060_08.gt,1059,20000.0,86400.0,PTVRP_CONT,245381.0,4,1,0.0082,,,,,,0,,0,
Instances/Instances 1/u1060_09.gt,1059,50000.0,86400.0,PTVRP_CONT,245381.0,4,1,0.0085,,,,,,0,,0,
Instances/Instances 1/u1060_10.gt,1059,100000.0,86400.0,PTVRP_CONT,245381.0,4,1,0.008,,,,,,0,,0,
Instances/Instances 1/u1432_01.gt,1431,100.0,86400.0,PTVRP_CONT,1689644.0,295,3,0.0114,,,,,,0,,0,
Instances/Instances 1/u1432_02.gt,1431,200.0,86400.0,PTVRP_CONT,930390.0,189,2,0.0107,,,,,,0,,0,
Instances/Instances 1/u1432_03.gt,1431,500.0,86400.0,PTVRP_CONT,439256.0,76,1,0.0115,,,,,,0,,0,
Instances/Instances 1/u1432_04.gt,1431,1000.0,86400.0,PTVRP_CONT,289266.0,39,1,0.0115,,,,,,0,,0,
Instances/Instances 1/u1432_05.gt,1431,2000.0,86400.0,PTVRP_CONT,217969.0,21,1,0.0131,,,,,,0,,0,
Instances/Instances 1/u1432_06.gt,1431,5000.0,86400.0,PTVRP_CONT,173513.0,9,1,0.0117,,,,,,0,,0,
Instances/Instances 1/u1432_07.gt,1431,10000.0,86400.0,PTVRP_CONT,163339.0,5,1,0.0113,,,,,,0,,0,
Instances/Instances 1/u1432_08.gt,1431,20000.0,86400.0,PTVRP_CONT,157856.0,3,1,0.0121,,,,,,0,,0,
Instances/Instances 1/u1432_09.gt,1431,50000.0,86400.0,PTVRP_CONT,157856.0,3,1,0.0121,,,,,,0,,0,
Instances/Instances 1/u1432_10.gt,1431,100000.0,86400.0,PTVRP_CONT,157856.0,3,1,0.0135,,,,,,0,,0,
Instances/Instances 1/u159_01.gt,158,100.0,86400.0,PTVRP_CONT,235559.0,43,2,0.0051,,,,,,0,,0,
Instances/Instances 1/u159_02.gt,158,200.0,86400.0,PTVRP_CONT,124624.0,21,1,0.0038,,,,,,0,,0,
Instances/Instances 1/u159_03.gt,158,500.0,86400.0,PTVRP_CONT,70246.0,9,1,0.0037,,,,,,0,,0,
Instances/Instances 1/u159_04.gt,158,1000.0,86400.0,PTVRP_CONT,55116.0,4,1,0.0047,,,,,,0,,0,
Instances/Instances 1/u159_05.gt,158,2000.0,86400.0,PTVRP_CONT,49328.0,3,1,0.0043,,,,,,0,,0,
Instances/Instances 1/u159_06.gt,158,5000.0,86400.0,PTVRP_CONT,47792.0,1,1,0.0034,,,,,,0,,0,
Instances/Instances 1/u159_07.gt,158,10000.0,86400.0,PTVRP_CONT,47792.0,1,1,0.0036,,,,,,0,,0,
Instances/Instances 1/u159_08.gt,158,20000.0,86400.0,PTVRP_CONT,47792.0,1,1,0.0046,,,,,,0,,0,
Instances/Instances 1/u159_09.gt,158,50000.0,86400.0,PTVRP_CONT,47792.0,1,1,0.0046,,,,,,0,,0,
Instances/Instances 1/u159_10.gt,158,100000.0,86400.0,PTVRP_CONT,47792.0,1,1,0.0052,,,,,,0,,0,
Instances/Instances 1/u1817_01.gt,1816,100.0,86400.0,PTVRP_CONT,908323.0,349,4,0.0154,,,,,,0,,0,
Instances/Instances 1/u1817_02.gt,1816,200.0,86400.0,PTVRP_CONT,471171.0,234,2,0.0164,,,,,,0,,0,
Instances/Instances 1/u1817_03.gt,1816,500.0,86400.0,PTVRP_CONT,214917.0,97,1,0.0172,,,,,,0,,0,
Instances/Instances 1/u1817_04.gt,1816,1000.0,86400.0,PTVRP_CONT,136524.0,50,1,0.0172,,,,,,0,,0,
Instances/Instances 1/u1817_05.gt,1816,2000.0,86400.0,PTVRP_CONT,94826.0,26,1,0.0236,,,,,,0,,0,
Instances/Instances 1/u1817_06.gt,1816,5000.0,86400.0,PTVRP_CONT,71523.0,11,1,0.0202,,,,,,0,,0,
Instances/Instances 1/u1817_07.gt,1816,10000.0,86400.0,PTVRP_CONT,64609.0,6,1,0.0188,,,,,,0,,0,
Instances/Instances 1/u1817_08.gt,1816,20000.0,86400.0,PTVRP_CONT,61253.0,3,1,0.0197,,,,,,0,,0,
Instances/Instances 1/u1817_09.gt,1816,50000.0,86400.0,PTVRP_CONT,60413.0,2,1,0.0185,,,,,,0,,0,
Instances/Instances 1/u1817_10.gt,1816,100000.0,86400.0,PTVRP_CONT,60413.0,2,1,0.019,,,,,,0,,0,
Instances/Instances 1/u2152_01.gt,2151,100.0,86400.0,PTVRP_CONT,1077821.0,423,4,0.0234,,,,,,3,,3,
Instances/Instances 1/u2152_02.gt,2151,200.0,86400.0,PTVRP_CONT,564444.0,269,3,0.0235,,,,,,1,,1,
Instances/Instances 1/u2152_03.gt,2151,500.0,86400.0,PTVRP_CONT,256154.0,117,1,0.0216,,,,,,1,,1,
Instances/Instances 1/u2152_04.gt,2151,1000.0,86400.0,PTVRP_CONT,157044.0,58,1,0.0217,,,,,,1,,1,
Instances/Instances 1/u2152_05.gt,2151,2000.0,86400.0,PTVRP_CONT,108100.0,29,1,0.0262,,,,,,2,,2,
Instances/Instances 1/u2152_06.gt,2151,5000.0,86400.0,PTVRP_CONT,80318.0,13,1,0.0253,,,,,,1,,1,
Instances/Instances 1/u2152_07.gt,2151,10000.0,86400.0,PTVRP_CONT,71831.0,7,1,0.024,,,,,,1,,1,
Instances/Instances 1/u2152_08.gt,2151,20000.0,86400.0,PTVRP_CONT,68776.0,5,1,0.0241,,,,,,0,,0,
Instances/Instances 1/u2152_09.gt,2151,50000.0,86400.0,PTVRP_CONT,67272.0,2,1,0.0239,,,,,,0,,0,
Instances/Instances 1/u2152_10.gt,2151,100000.0,86400.0,PTVRP_CONT,67272.0,2,1,0.0263,,,,,,0,,0,
Instances/Instances 1/u2319_01.gt,2318,100.0,86400.0,PTVRP_CONT,2655554.0,494,4,0.0229,,,,,,0,,0,
Instances/Instances 1/u2319_02.gt,2318,200.0,86400.0,PTVRP_CONT,1410729.0,307,2,0.0234,,,,,,0,,0,
Instances/Instances 1/u2319_03.gt,2318,500.0,86400.0,PTVRP_CONT,676171.0,126,1,0.0318,,,,,,0,,0,
Instances/Instances 1/u2319_04.gt,2318,1000.0,86400.0,PTVRP_CONT,444889.0,65,1,0.0239,,,,,,0,,0,
Instances/Instances 1/u2319_05.gt,2318,2000.0,86400.0,PTVRP_CONT,328171.0,32,1,0.0243,,,,,,0,,0,
Instances/Instances 1/u2319_06.gt,2318,5000.0,86400.0,PTVRP_CONT,267819.0,14,1,0.0236,,,,,,0,,0,
Instances/Instances 1/u2319_07.gt,2318,10000.0,86400.0,PTVRP_CONT,250126.0,8,1,0.0246,,,,,,0,,0,
Instances/Instances 1/u2319_08.gt,2318,20000.0,86400.0,PTVRP_CONT,243057.0,4,1,0.0265,,,,,,0,,0,
Instances/Instances 1/u2319_09.gt,2318,50000.0,86400.0,PTVRP_CONT,243057.0,4,1,0.0259,,,,,,0,,0,
Instances/Instances 1/u2319_10.gt,2318,100000.0,86400.0,PTVRP_CONT,243057.0,4,1,0.0267,,,,,,0,,0,
Instances/Instances 1/u574_01.gt,573,100.0,86400.0,PTVRP_CONT,315211.0,137,2,0.0077,,,,,,0,,0,
Instances/Instances 1/u574_02.gt,573,200.0,86400.0,PTVRP_CONT,170127.0,80,2,0.007,,,,,,0,,0,
Instances/Instances 1/u574_03.gt,573,500.0,86400.0,PTVRP_CONT,84338.0,32,1,0.0067,,,,,,0,,0,
Instances/Instances 1/u574_04.gt,573,1000.0,86400.0,PTVRP_CONT,59257.0,16,1,0.0069,,,,,,0,,0,
Instances/Instances 1/u574_05.gt,573,2000.0,86400.0,PTVRP_CONT,47781.0,9,1,0.007,,,,,,0,,0,
Instances/Instances 1/u574_06.gt,573,5000.0,86400.0,PTVRP_CONT,41906.0,4,1,0.0074,,,,,,0,,0,
Instances/Instances 1/u574_07.gt,573,10000.0,86400.0,PTVRP_CONT,40177.0,2,1,0.0072,,,,,,0,,0,
Instances/Instances 1/u574_08.gt,573,20000.0,86400.0,PTVRP_CONT,40130.0,1,1,0.0071,,,,,,0,,0,
Instances/Instances 1/u574_09.gt,573,50000.0,86400.0,PTVRP_CONT,40130.0,1,1,0.0067,,,,,,0,,0,
Instances/Instances 1/u574_10.gt,573,100000.0,86400.0,PTVRP_CONT,40130.0,1,1,0.0062,,,,,,0,,0,
Instances/Instances 1/u724_01.gt,723,100.0,86400.0,PTVRP_CONT,394021.0,162,4,0.0081,,,,,,0,,0,
Instances/Instances 1/u724_02.gt,723,200.0,86400.0,PTVRP_CONT,211719.0,99,2,0.0074,,,,,,0,,0,
Instances/Instances 1/u724_03.gt,723,500.0,86400.0,PTVRP_CONT,103492.0,38,1,0.0065,,,,,,0,,0,
Instances/Instances 1/u724_04.gt,723,1000.0,86400.0,PTVRP_CONT,72273.0,21,1,0.0068,,,,,,0,,0,
Instances/Instances 1/u724_05.gt,723,2000.0,86400.0,PTVRP_CONT,55174.0,11,1,0.008,,,,,,0,,0,
Instances/Instances 1/u724_06.gt,723,5000.0,86400.0,PTVRP_CONT,46182.0,5,1,0.0075,,,,,,0,,0,
Instances/Instances 1/u724_07.gt,723,10000.0,86400.0,PTVRP_CONT,45169.0,3,1,0.0075,,,,,,0,,0,
Instances/Instances 1/u724_08.gt,723,20000.0,86400.0,PTVRP_CONT,44989.0,1,1,0.0077,,,,,,0,,0,
Instances/Instances 1/u724_09.gt,723,50000.0,86400.0,PTVRP_CONT,44989.0,1,1,0.007,,,,,,0,,0,
Instances/Instances 1/u724_10.gt,723,100000.0,86400.0,PTVRP_CONT,44989.0,1,1,0.0081,,,,,,0,,0,
Instances/Instances 1/usa13509_01.gt,13508,100.0,86400.0,PTVRP_CONT,NO SOLUTION,,,0.5386,,,,,,0,,0,
Instances/Instances 1/usa13509_02.gt,13508,200.0,86400.0,PTVRP_CONT,NO SOLUTION,,,0.5239,,,,,,0,,0,
Instances/Instances 1/usa13509_03.gt,13508,500.0,86400.0,PTVRP_CONT,NO SOLUTION,,,0.5263,,,,,,0,,0,
Instances/Instances 1/usa13509_04.gt,13508,1000.0,86400.0,PTVRP_CONT,NO SOLUTION,,,0.5221,,,,,,0,,0,
Instances/Instances 1/usa13509_05.gt,13508,2000.0,86400.0,PTVRP_CONT,NO SOLUTION,,,0.5312,,,,,,0,,0,
Instances/Instances 1/usa13509_06.gt,13508,5000.0,86400.0,PTVRP_CONT,NO SOLUTION,,,0.5269,,,,,,0,,0,
Instances/Instances 1/usa13509_07.gt,13508,10000.0,86400.0,PTVRP_CONT,NO SOLUTION,,,0.5208,,,,,,0,,0,
Instances/Instances 1/usa13509_08.gt,13508,20000.0,86400.0,PTVRP_CONT,NO SOLUTION,,,0.5235,,,,,,0,,0,
Instances/Instances 1/usa13509_09.gt,13508,50000.0,86400.0,PTVRP_CONT,NO SOLUTION,,,0.5245,,,,,,0,,0,
Instances/Instances 1/usa13509_10.gt,13508,100000.0,86400.0,PTVRP_CONT,NO SOLUTION,,,0.5372,,,,,,0,,0,
Instances/Instances 1/uy734_01.gt,733,100.0,86400.0,PTVRP_CONT,732294.0,158,3,0.008,,,,,,0,,0,
Instances/Instances 1/uy734_02.gt,733,200.0,86400.0,PTVRP_CONT,411705.0,99,3,0.0067,,,,,,0,,0,
Instances/Instances 1/uy734_03.gt,733,500.0,86400.0,PTVRP_CONT,199476.0,40,1,0.0072,,,,,,0,,0,
Instances/Instances 1/uy734_04.gt,733,1000.0,86400.0,PTVRP_CONT,136400.0,21,1,0.0065,,,,,,0,,0,
Instances/Instances 1/uy734_05.gt,733,2000.0,86400.0,PTVRP_CONT,105514.0,11,1,0.0071,,,,,,0,,0,
Instances/Instances 1/uy734_06.gt,733,5000.0,86400.0,PTVRP_CONT,90227.0,5,1,0.0077,,,,,,0,,0,
Instances/Instances 1/uy734_07.gt,733,10000.0,86400.0,PTVRP_CONT,85530.0,3,1,0.0062,,,,,,0,,0,
Instances/Instances 1/uy734_08.gt,733,20000.0,86400.0,PTVRP_CONT,85164.0,1,1,0.0067,,,,,,0,,0,
Instances/Instances 1/uy734_09.gt,733,50000.0,86400.0,PTVRP_CONT,85164.0,1,1,0.0069,,,,,,0,,0,
Instances/Instances 1/uy734_10.gt,733,100000.0,86400.0,PTVRP_CONT,85164.0,1,1,0.0063,,,,,,0,,0,
Instances/Instances 1/vm1084_01.gt,1083,100.0,86400.0,PTVRP_CONT,3726449.0,217,4,0.0107,,,,,,0,,0,
Instances/Instances 1/vm1084_02.gt,1083,200.0,86400.0,PTVRP_CONT,1932716.0,130,3,0.0084,,,,,,0,,0,
Instances/Instances 1/vm1084_03.gt,1083,500.0,86400.0,PTVRP_CONT,881795.0,59,1,0.0081,,,,,,0,,0,
Instances/Instances 1/vm1084_04.gt,1083,1000.0,86400.0,PTVRP_CONT,538552.0,29,1,0.0092,,,,,,0,,0,
Instances/Instances 1/vm1084_05.gt,1083,2000.0,86400.0,PTVRP_CONT,381674.0,16,1,0.0089,,,,,,0,,0,
Instances/Instances 1/vm1084_06.gt,1083,5000.0,86400.0,PTVRP_CONT,285395.0,7,1,0.0101,,,,,,0,,0,
Instances/Instances 1/vm1084_07.gt,1083,10000.0,86400.0,PTVRP_CONT,260270.0,4,1,0.0109,,,,,,0,,0,
Instances/Instances 1/vm1084_08.gt,1083,20000.0,86400.0,PTVRP_CONT,260270.0,4,1,0.0091,,,,,,0,,0,
Instances/Instances 1/vm1084_09.gt,1083,50000.0,86400.0,PTVRP_CONT,260270.0,4,1,0.0097,,,,,,0,,0,
Instances/Instances 1/vm1084_10.gt,1083,100000.0,86400.0,PTVRP_CONT,260270.0,4,1,0.0098,,,,,,0,,0,
Instances/Instances 1/vm1748_01.gt,1747,100.0,86400.0,PTVRP_CONT,6327619.0,317,5,0.0178,,,,,,0,,0,
Instances/Instances 1/vm1748_02.gt,1747,200.0,86400.0,PTVRP_CONT,3280108.0,216,3,0.0162,,,,,,0,,0,
Instances/Instances 1/vm1748_03.gt,1747,500.0,86400.0,PTVRP_CONT,1460856.0,92,2,0.0154,,,,,,0,,0,
Instances/Instances 1/vm1748_04.gt,1747,1000.0,86400.0,PTVRP_CONT,890115.0,49,1,0.016,,,,,,0,,0,
Instances/Instances 1/vm1748_05.gt,1747,2000.0,86400.0,PTVRP_CONT,609402.0,24,1,0.0192,,,,,,0,,0,
Instances/Instances 1/vm1748_06.gt,1747,5000.0,86400.0,PTVRP_CONT,428261.0,10,1,0.0164,,,,,,0,,0,
Instances/Instances 1/vm1748_07.gt,1747,10000.0,86400.0,PTVRP_CONT,376320.0,6,1,0.0156,,,,,,0,,0,
Instances/Instances 1/vm1748_08.gt,1747,20000.0,86400.0,PTVRP_CONT,370285.0,5,1,0.015,,,,,,0,,0,
Instances/Instances 1/vm1748_09.gt,1747,50000.0,86400.0,PTVRP_CONT,370285.0,5,1,0.0149,,,,,,0,,0,
Instances/Instances 1/vm1748_10.gt,1747,100000.0,86400.0,PTVRP_CONT,370285.0,5,1,0.0162,,,,,,0,,0,
Instances/Instances 1/vm22775_01.gt,22774,100.0,86400.0,PTVRP_CONT,54441730.0,2712,8,1.4886,,,,,,0,,0,
Instances/Instances 1/vm22775_02.gt,22774,200.0,86400.0,PTVRP_CONT,27584502.0,1942,5,1.5354,,,,,,0,,0,
Instances/Instances 1/vm22775_03.gt,22774,500.0,86400.0,PTVRP_CONT,11229261.0,1107,3,1.4986,,,,,,0,,0,
Instances/Instances 1/vm22775_04.gt,22774,1000.0,86400.0,PTVRP_CONT,5855160.0,588,2,1.502,,,,,,0,,0,
Instances/Instances 1/vm22775_05.gt,22774,2000.0,86400.0,PTVRP_CONT,3205006.0,296,1,1.5194,,,,,,0,,0,
Instances/Instances 1/vm22775_06.gt,22774,5000.0,86400.0,PTVRP_CONT,1611192.0,118,1,1.541,,,,,,0,,0,
Instances/Instances 1/vm22775_07.gt,22774,10000.0,86400.0,PTVRP_CONT,1085937.0,61,1,1.6565,,,,,,0,,0,
Instances/Instances 1/vm22775_08.gt,22774,20000.0,86400.0,PTVRP_CONT,824494.0,30,1,1.6589,,,,,,0,,0,
Instances/Instances 1/vm22775_09.gt,22774,50000.0,86400.0,PTVRP_CONT,667934.0,13,1,1.6175,,,,,,0,,0,
Instances/Instances 1/vm22775_10.gt,22774,100000.0,86400.0,PTVRP_CONT,630951.0,8,1,1.7762,,,,,,4,,4,
Instances/Instances 1/wi29_01.gt,28,100.0,86400.0,PTVRP_CONT,63832.0,8,1,0.005,,,,,,0,,0,
Instances/Instances 1/wi29_02.gt,28,200.0,86400.0,PTVRP_CONT,43652.0,5,1,0.0036,,,,,,0,,0,
Instances/Instances 1/wi29_03.gt,28,500.0,86400.0,PTVRP_CONT,34911.0,3,1,0.0047,,,,,,0,,0,
Instances/Instances 1/wi29_04.gt,28,1000.0,86400.0,PTVRP_CONT,33110.0,1,1,0.0038,,,,,,0,,0,
Instances/Instances 1/wi29_05.gt,28,2000.0,86400.0,PTVRP_CONT,33110.0,1,1,0.0039,,,,,,0,,0,
Instances/Instances 1/wi29_06.gt,28,5000.0,86400.0,PTVRP_CONT,33110.0,1,1,0.0043,,,,,,0,,0,
Instances/Instances 1/wi29_07.gt,28,10000.0,86400.0,PTVRP_CONT,33110.0,1,1,0.0036,,,,,,0,,0,
Instances/Instances 1/wi29_08.gt,28,20000.0,86400.0,PTVRP_CONT,33110.0,1,1,0.0045,,,,,,0,,0,
Instances/Instances 1/wi29_09.gt,28,50000.0,86400.0,PTVRP_CONT,33110.0,1,1,0.0041,,,,,,0,,0,
Instances/Instances 1/wi29_10.gt,28,100000.0,86400.0,PTVRP_CONT,33110.0,1,1,0.0044,,,,,,0,,0,
Instances/Instances 1/ym7663_01.gt,7662,100.0,86400.0,PTVRP_CONT,7752216.0,1133,5,0.2399,,,,,,0,,0,
Instances/Instances 1/ym7663_02.gt,7662,200.0,86400.0,PTVRP_CONT,4018081.0,839,3,0.2125,,,,,,0,,0,
Instances/Instances 1/ym7663_03.gt,7662,500.0,86400.0,PTVRP_CONT,1695913.0,401,2,0.2519,,,,,,0,,0,
Instances/Instances 1/ym7663_04.gt,7662,1000.0,86400.0,PTVRP_CONT,953947.0,201,1,0.1889,,,,,,2,,2,
Instances/Instances 1/ym7663_05.gt,7662,2000.0,86400.0,PTVRP_CONT,584538.0,101,1,0.2206,,,,,,1,,1,
Instances/Instances 1/ym7663_06.gt,7662,5000.0,86400.0,PTVRP_CONT,374947.0,41,1,0.2073,,,,,,0,,0,
Instances/Instances 1/ym7663_07.gt,7662,10000.0,86400.0,PTVRP_CONT,306692.0,22,1,0.2047,,,,,,0,,0,
Instances/Instances 1/ym7663_08.gt,7662,20000.0,86400.0,PTVRP_CONT,274088.0,11,1,0.1994,,,,,,0,,0,
Instances/Instances 1/ym7663_09.gt,7662,50000.0,86400.0,PTVRP_CONT,257285.0,5,1,0.2095,,,,,,1,,1,
Instances/Instances 1/ym7663_10.gt,7662,100000.0,86400.0,PTVRP_CONT,255251.0,4,1,0.2171,,,,,,1,,1,
Instances/Instances 1/zi929_01.gt,928,100.0,86400.0,PTVRP_CONT,1109222.0,162,5,0.0091,,,,,,0,,0,
Instances/Instances 1/zi929_02.gt,928,200.0,86400.0,PTVRP_CONT,570785.0,108,4,0.0077,,,,,,0,,0,
Instances/Instances 1/zi929_03.gt,928,500.0,86400.0,PTVRP_CONT,275845.0,50,1,0.0086,,,,,,0,,0,
Instances/Instances 1/zi929_04.gt,928,1000.0,86400.0,PTVRP_CONT,181723.0,26,1,0.0092,,,,,,0,,0,
Instances/Instances 1/zi929_05.gt,928,2000.0,86400.0,PTVRP_CONT,137565.0,14,1,0.0086,,,,,,0,,0,
Instances/Instances 1/zi929_06.gt,928,5000.0,86400.0,PTVRP_CONT,111798.0,6,1,0.008,,,,,,0,,0,
Instances/Instances 1/zi929_07.gt,928,10000.0,86400.0,PTVRP_CONT,101349.0,3,1,0.0076,,,,,,0,,0,
Instances/Instances 1/zi929_08.gt,928,20000.0,86400.0,PTVRP_CONT,100905.0,2,1,0.0081,,,,,,0,,0,
Instances/Instances 1/zi929_09.gt,928,50000.0,86400.0,PTVRP_CONT,100905.0,2,1,0.009,,,,,,0,,0,
Instances/Instances 1/zi929_10.gt,928,100000.0,86400.0,PTVRP_CONT,100905.0,2,1,0.0077,,,,,,0,,0,
Instances/Instances 2/a280_01.gt,279,20.0,86400.0,PTVRP_CONT,73065.0,133,8,0.0064,,,,,,0,,0,
Instances/Instances 2/a280_02.gt,279,20.0,86400.0,PTVRP_CONT,69627.0,138,6,0.0047,,,,,,0,,0,
Instances/Instances 2/a280_03.gt,279,20.0,86400.0,PTVRP_CONT,70033.0,138,6,0.0064,,,,,,0,,0,
Instances/Instances 2/a280_04.gt,279,20.0,86400.0,PTVRP_CONT,72211.0,126,8,0.0046,,,,,,0,,0,
Instances/Instances 2/a280_05.gt,279,20.0,86400.0,PTVRP_CONT,71540.0,129,7,0.0073,,,,,,0,,0,
Instances/Instances 2/a280_06.gt,279,20.0,86400.0,PTVRP_CONT,72625.0,125,7,0.0049,,,,,,0,,0,
Instances/Instances 2/a280_07.gt,279,20.0,86400.0,PTVRP_CONT,75409.0,144,7,0.005,,,,,,0,,0,
Instances/Instances 2/a280_08.gt,279,20.0,86400.0,PTVRP_CONT,73218.0,130,7,0.0056,,,,,,0,,0,
Instances/Instances 2/a280_09.gt,279,20.0,86400.0,PTVRP_CONT,70552.0,137,9,0.0054,,,,,,0,,0,
Instances/Instances 2/a280_10.gt,279,20.0,86400.0,PTVRP_CONT,69316.0,136,7,0.0049,,,,,,0,,0,
Instances/Instances 2/ar9152_01.gt,9151,20.0,86400.0,PTVRP_CONT,NO SOLUTION,,,0.2506,,,,,,0,,0,
Instances/Instances 2/ar9152_02.gt,9151,20.0,86400.0,PTVRP_CONT,NO SOLUTION,,,0.2451,,,,,,0,,0,
Instances/Instances 2/ar9152_03.gt,9151,20.0,86400.0,PTVRP_CONT,NO SOLUTION,,,0.2492,,,,,,0,,0,
Instances/Instances 2/ar9152_04.gt,9151,20.0,86400.0,PTVRP_CONT,NO SOLUTION,,,0.2618,,,,,,0,,0,
Instances/Instances 2/ar9152_05.gt,9151,20.0,86400.0,PTVRP_CONT,NO SOLUTION,,,0.2725,,,,,,0,,0,
Instances/Instances 2/ar9152_06.gt,9151,20.0,86400.0,PTVRP_CONT,NO SOLUTION,,,0.2456,,,,,,0,,0,
Instances/Instances 2/ar9152_07.gt,9151,20.0,86400.0,PTVRP_CONT,NO SOLUTION,,,0.2501,,,,,,0,,0,
Instances/Instances 2/ar9152_08.gt,9151,20.0,86400.0,PTVRP_CONT,NO SOLUTION,,,0.2455,,,,,,0,,0,
Instances/Instances 2/ar9152_09.gt,9151,20.0,86400.0,PTVRP_CONT,NO SOLUTION,,,0.2476,,,,,,0,,0,
Instances/Instances 2/ar9152_10.gt,9151,20.0,86400.0,PTVRP_CONT,NO SOLUTION,,,0.2464,,,,,,0,,0,
Instances/Instances 2/berlin52_01.gt,51,20.0,86400.0,PTVRP_CONT,51496.0,35,4,0.0059,,,,,,0,,0,
Instances/Instances 2/berlin52_02.gt,51,20.0,86400.0,PTVRP_CONT,55621.0,31,4,0.0047,,,,,,0,,0,
Instances/Instances 2/berlin52_03.gt,51,20.0,86400.0,PTVRP_CONT,68168.0,35,5,0.0039,,,,,,0,,0,
Instances/Instances 2/berlin52_04.gt,51,20.0,86400.0,PTVRP_CONT,65530.0,41,4,0.0051,,,,,,0,,0,
Instances/Instances 2/berlin52_05.gt,51,20.0,86400.0,PTVRP_CONT,65234.0,35,5,0.0041,,,,,,0,,0,
Instances/Instances 2/berlin52_06.gt,51,20.0,86400.0,PTVRP_CONT,59666.0,29,5,0.0043,,,,,,0,,0,
Instances/Instances 2/berlin52_07.gt,51,20.0,86400.0,PTVRP_CONT,70707.0,37,5,0.0046,,,,,,0,,0,
Instances/Instances 2/berlin52_08.gt,51,20.0,86400.0,PTVRP_CONT,55987.0,33,5,0.0039,,,,,,0,,0,
Instances/Instances 2/berlin52_09.gt,51,20.0,86400.0,PTVRP_CONT,67848.0,34,4,0.0046,,,,,,0,,0,
Instances/Instances 2/berlin52_10.gt,51,20.0,86400.0,PTVRP_CONT,64579.0,35,4,0.0038,,,,,,0,,0,
Instances/Instances 2/bier127_01.gt,126,20.0,86400.0,PTVRP_CONT,1285131.0,74,5,0.004,,,,,,0,,0,
Instances/Instances 2/bier127_02.gt,126,20.0,86400.0,PTVRP_CONT,1373509.0,77,5,0.0042,,,,,,0,,0,
Instances/Instances 2/bier127_03.gt,126,20.0,86400.0,PTVRP_CONT,1315115.0,81,7,0.0049,,,,,,0,,0,
Instances/Instances 2/bier127_04.gt,126,20.0,86400.0,PTVRP_CONT,1384370.0,74,6,0.0046,,,,,,0,,0,
Instances/Instances 2/bier127_05.gt,126,20.0,86400.0,PTVRP_CONT,1350243.0,73,5,0.0039,,,,,,0,,0,
Instances/Instances 2/bier127_06.gt,126,20.0,86400.0,PTVRP_CONT,1283571.0,68,6,0.0042,,,,,,0,,0,
Instances/Instances 2/bier127_07.gt,126,20.0,86400.0,PTVRP_CONT,1309712.0,70,6,0.0038,,,,,,0,,0,
Instances/Instances 2/bier127_08.gt,126,20.0,86400.0,PTVRP_CONT,1220999.0,76,4,0.0045,,,,,,0,,0,
Instances/Instances 2/bier127_09.gt,126,20.0,86400.0,PTVRP_CONT,1330236.0,72,6,0.0044,,,,,,0,,0,
Instances/Instances 2/bier127_10.gt,126,20.0,86400.0,PTVRP_CONT,1210161.0,76,6,0.0043,,,,,,0,,0,
Instances/Instances 2/bm33708_01.gt,33707,20.0,86400.0,PTVRP_CONT,266607781.0,9733,18,3.4103,,,,,,0,,0,
Instances/Instances 2/bm33708_02.gt,33707,20.0,86400.0,PTVRP_CONT,266537121.0,9754,17,3.7738,,,,,,0,,0,
Instances/Instances 2/bm33708_03.gt,33707,20.0,86400.0,PTVRP_CONT,267500602.0,9706,17,3.2605,,,,,,0,,0,
Instances/Instances 2/bm33708_04.gt,33707,20.0,86400.0,PTVRP_CONT,267076808.0,9835,18,3.2846,,,,,,0,,0,
Instances/Instances 2/bm33708_05.gt,33707,20.0,86400.0,PTVRP_CONT,267589178.0,9755,17,3.2585,,,,,,0,,0,
Instances/Instances 2/bm33708_06.gt,33707,20.0,86400.0,PTVRP_CONT,266496539.0,9774,18,3.2558,,,,,,0,,0,
Instances/Instances 2/bm33708_07.gt,33707,20.0,86400.0,PTVRP_CONT,268064290.0,9866,18,3.3147,,,,,,0,,0,
Instances/Instances 2/bm33708_08.gt,33707,20.0,86400.0,PTVRP_CONT,267513339.0,9940,18,3.3794,,,,,,0,,0,
Instances/Instances 2/bm33708_09.gt,33707,20.0,86400.0,PTVRP_CONT,266621135.0,9803,17,3.2568,,,,,,0,,0,
Instances/Instances 2/bm33708_10.gt,33707,20.0,86400.0,PTVRP_CONT,265598639.0,9645,18,3.3897,,,,,,0,,0,
Instances/Instances 2/brd14051_01.gt,14050,20.0,86400.0,PTVRP_CONT,81780746.0,4066,20,0.5823,,,,,,0,,0,
Instances/Instances 2/brd14051_02.gt,14050,20.0,86400.0,PTVRP_CONT,81057860.0,4037,19,0.6349,,,,,,0,,0,
Instances/Instances 2/brd14051_03.gt,14050,20.0,86400.0,PTVRP_CONT,81217832.0,4098,16,0.5888,,,,,,0,,0,
Instances/Instances 2/brd14051_04.gt,14050,20.0,86400.0,PTVRP_CONT,81710438.0,4117,19,0.5976,,,,,,0,,0,
Instances/Instances 2/brd14051_05.gt,14050,20.0,86400.0,PTVRP_CONT,81621139.0,4123,21,0.5809,,,,,,1,,1,
Instances/Instances 2/brd14051_06.gt,14050,20.0,86400.0,PTVRP_CONT,81705145.0,4124,15,0.5754,,,,,,0,,0,
Instances/Instances 2/brd14051_07.gt,14050,20.0,86400.0,PTVRP_CONT,81806096.0,4136,16,0.5876,,,,,,0,,0,
Instances/Instances 2/brd14051_08.gt,14050,20.0,86400.0,PTVRP_CONT,82753631.0,4160,16,0.5834,,,,,,0,,0,
Instances/Instances 2/brd14051_09.gt,14050,20.0,86400.0,PTVRP_CONT,82016611.0,4152,16,0.5781,,,,,,0,,0,
Instances/Instances 2/brd14051_10.gt,14050,20.0,86400.0,PTVRP_CONT,81447471.0,4107,20,0.5743,,,,,,0,,0,
Instances/Instances 2/ca4663_01.gt,4662,20.0,86400.0,PTVRP_CONT,NO SOLUTION,,,0.1084,,,,,,0,,0,
Instances/Instances 2/ca4663_02.gt,4662,20.0,86400.0,PTVRP_CONT,NO SOLUTION,,,0.0696,,,,,,0,,0,
Instances/Instances 2/ca4663_03.gt,4662,20.0,86400.0,PTVRP_CONT,NO SOLUTION,,,0.0684,,,,,,0,,0,
Instances/Instances 2/ca4663_04.gt,4662,20.0,86400.0,PTVRP_CONT,NO SOLUTION,,,0.069,,,,,,0,,0,
Instances/Instances 2/ca4663_05.gt,4662,20.0,86400.0,PTVRP_CONT,NO SOLUTION,,,0.0689,,,,,,0,,0,
Instances/Instances 2/ca4663_06.gt,4662,20.0,86400.0,PTVRP_CONT,NO SOLUTION,,,0.0699,,,,,,0,,0,
Instances/Instances 2/ca4663_07.gt,4662,20.0,86400.0,PTVRP_CONT,NO SOLUTION,,,0.0713,,,,,,0,,0,
Instances/Instances 2/ca4663_08.gt,4662,20.0,86400.0,PTVRP_CONT,NO SOLUTION,,,0.0689,,,,,,0,,0,
Instances/Instances 2/ca4663_09.gt,4662,20.0,86400.0,PTVRP_CONT,NO SOLUTION,,,0.0699,,,,,,0,,0,
Instances/Instances 2/ca4663_10.gt,4662,20.0,86400.0,PTVRP_CONT,NO SOLUTION,,,0.0717,,,,,,0,,0,
Instances/Instances 2/ch130_01.gt,129,20.0,86400.0,PTVRP_CONT,97546.0,65,6,0.005,,,,,,0,,0,
Instances/Instances 2/ch130_02.gt,129,20.0,86400.0,PTVRP_CONT,100776.0,73,8,0.0036,,,,,,0,,0,
Instances/Instances 2/ch130_03.gt,129,20.0,86400.0,PTVRP_CONT,99916.0,69,6,0.0038,,,,,,0,,0,
Instances/Instances 2/ch130_04.gt,129,20.0,86400.0,PTVRP_CONT,108977.0,71,7,0.004,,,,,,0,,0,
Instances/Instances 2/ch130_05.gt,129,20.0,86400.0,PTVRP_CONT,96310.0,68,6,0.0041,,,,,,0,,0,
Instances/Instances 2/ch130_06.gt,129,20.0,86400.0,PTVRP_CONT,94305.0,69,7,0.0042,,,,,,0,,0,
Instances/Instances 2/ch130_07.gt,129,20.0,86400.0,PTVRP_CONT,95705.0,72,6,0.0037,,,,,,0,,0,
Instances/Instances 2/ch130_08.gt,129,20.0,86400.0,PTVRP_CONT,105568.0,69,6,0.005,,,,,,0,,0,
Instances/Instances 2/ch130_09.gt,129,20.0,86400.0,PTVRP_CONT,97617.0,74,6,0.0042,,,,,,0,,0,
Instances/Instances 2/ch130_10.gt,129,20.0,86400.0,PTVRP_CONT,97471.0,68,6,0.0046,,,,,,0,,0,
Instances/Instances 2/ch150_01.gt,149,20.0,86400.0,PTVRP_CONT,125618.0,83,6,0.0052,,,,,,0,,0,
Instances/Instances 2/ch150_02.gt,149,20.0,86400.0,PTVRP_CONT,109287.0,74,7,0.0041,,,,,,0,,0,
Instances/Instances 2/ch150_03.gt,149,20.0,86400.0,PTVRP_CONT,111233.0,84,7,0.0064,,,,,,1,,1,
Instances/Instances 2/ch150_04.gt,149,20.0,86400.0,PTVRP_CONT,116220.0,79,11,0.0045,,,,,,0,,0,
Instances/Instances 2/ch150_05.gt,149,20.0,86400.0,PTVRP_CONT,121717.0,87,7,0.0062,,,,,,0,,0,
Instances/Instances 2/ch150_06.gt,149,20.0,86400.0,PTVRP_CONT,112498.0,81,7,0.0053,,,,,,0,,0,
Instances/Instances 2/ch150_07.gt,149,20.0,86400.0,PTVRP_CONT,119674.0,74,8,0.0065,,,,,,0,,0,
Instances/Instances 2/ch150_08.gt,149,20.0,86400.0,PTVRP_CONT,123117.0,76,7,0.0065,,,,,,0,,0,
Instances/Instances 2/ch150_09.gt,149,20.0,86400.0,PTVRP_CONT,114490.0,77,6,0.0041,,,,,,0,,0,
Instances/Instances 2/ch150_10.gt,149,20.0,86400.0,PTVRP_CONT,116533.0,80,5,0.0058,,,,,,0,,0,
Instances/Instances 2/ch71009_01.gt,71008,20.0,86400.0,PTVRP_CONT,NO SOLUTION,,,26.7521,,,,,,0,,0,
Instances/Instances 2/ch71009_02.gt,71008,20.0,86400.0,PTVRP_CONT,NO SOLUTION,,,16.0097,,,,,,0,,0,
Instances/Instances 2/ch71009_03.gt,71008,20.0,86400.0,PTVRP_CONT,NO SOLUTION,,,14.9613,,,,,,0,,0,
Instances/Instances 2/ch71009_04.gt,71008,20.0,86400.0,PTVRP_CONT,NO SOLUTION,,,14.6953,,,,,,0,,0,
Instances/Instances 2/ch71009_05.gt,71008,20.0,86400.0,PTVRP_CONT,NO SOLUTION,,,16.2266,,,,,,0,,0,
Instances/Instances 2/ch71009_06.gt,71008,20.0,86400.0,PTVRP_CONT,NO SOLUTION,,,23.6011,,,,,,0,,0,
Instances/Instances 2/ch71009_07.gt,71008,20.0,86400.0,PTVRP_CONT,NO SOLUTION,,,14.8134,,,,,,0,,0,
Instances/Instances 2/ch71009_08.gt,71008,20.0,86400.0,PTVRP_CONT,NO SOLUTION,,,14.7364,,,,,,0,,0,
Instances/Instances 2/ch71009_09.gt,71008,20.0,86400.0,PTVRP_CONT,NO SOLUTION,,,14.4171,,,,,,0,,0,
Instances/Instances 2/ch71009_10.gt,71008,20.0,86400.0,PTVRP_CONT,NO SOLUTION,,,14.418,,,,,,0,,0,
Instances/Instances 2/d1291_01.gt,1290,20.0,86400.0,PTVRP_CONT,3596492.0,488,13,0.0098,,,,,,0,,0,
Instances/Instances 2/d1291_02.gt,1290,20.0,86400.0,PTVRP_CONT,3267831.0,493,10,0.0112,,,,,,0,,0,
Instances/Instances 2/d1291_03.gt,1290,20.0,86400.0,PTVRP_CONT,3436670.0,483,12,0.011,,,,,,0,,0,
Instances/Instances 2/d1291_04.gt,1290,20.0,86400.0,PTVRP_CONT,3363161.0,501,13,0.0114,,,,,,0,,0,
Instances/Instances 2/d1291_05.gt,1290,20.0,86400.0,PTVRP_CONT,3429998.0,492,10,0.011,,,,,,0,,0,
Instances/Instances 2/d1291_06.gt,1290,20.0,86400.0,PTVRP_CONT,3413697.0,465,11,0.0126,,,,,,0,,0,
Instances/Instances 2/d1291_07.gt,1290,20.0,86400.0,PTVRP_CONT,3385304.0,487,10,0.0125,,,,,,0,,0,
Instances/Instances 2/d1291_08.gt,1290,20.0,86400.0,PTVRP_CONT,3368128.0,461,14,0.012,,,,,,0,,0,
Instances/Instances 2/d1291_09.gt,1290,20.0,86400.0,PTVRP_CONT,3418892.0,493,12,0.0115,,,,,,0,,0,
Instances/Instances 2/d1291_10.gt,1290,20.0,86400.0,PTVRP_CONT,3383842.0,470,18,0.0124,,,,,,0,,0,
Instances/Instances 2/d15112_01.gt,15111,20.0,86400.0,PTVRP_CONT,269951897.0,6657,13,0.6699,,,,,,0,,0,
Instances/Instances 2/d15112_02.gt,15111,20.0,86400.0,PTVRP_CONT,272296027.0,6790,13,0.6664,,,,,,0,,0,
Instances/Instances 2/d15112_03.gt,15111,20.0,86400.0,PTVRP_CONT,267831077.0,6600,13,0.7243,,,,,,0,,0,
Instances/Instances 2/d15112_04.gt,15111,20.0,86400.0,PTVRP_CONT,271386986.0,6780,12,0.682,,,,,,0,,0,
Instances/Instances 2/d15112_05.gt,15111,20.0,86400.0,PTVRP_CONT,269217706.0,6736,11,0.7151,,,,,,0,,0,
Instances/Instances 2/d15112_06.gt,15111,20.0,86400.0,PTVRP_CONT,272615922.0,6748,12,0.6706,,,,,,0,,0,
Instances/Instances 2/d15112_07.gt,15111,20.0,86400.0,PTVRP_CONT,270564799.0,6641,13,0.6763,,,,,,0,,0,
Instances/Instances 2/d15112_08.gt,15111,20.0,86400.0,PTVRP_CONT,271805424.0,6838,12,0.6757,,,,,,0,,0,
Instances/Instances 2/d15112_09.gt,15111,20.0,86400.0,PTVRP_CONT,273322269.0,6817,14,0.6659,,,,,,0,,0,
Instances/Instances 2/d15112_10.gt,15111,20.0,86400.0,PTVRP_CONT,269279118.0,6708,12,0.6677,,,,,,0,,0,
Instances/Instances 2/d1655_01.gt,1654,20.0,86400.0,PTVRP_CONT,4311096.0,614,14,0.016,,,,,,0,,0,
Instances/Instances 2/d1655_02.gt,1654,20.0,86400.0,PTVRP_CONT,4471021.0,594,12,0.0161,,,,,,0,,0,
Instances/Instances 2/d1655_03.gt,1654,20.0,86400.0,PTVRP_CONT,4285921.0,596,12,0.0159,,,,,,0,,0,
Instances/Instances 2/d1655_04.gt,1654,20.0,86400.0,PTVRP_CONT,4342170.0,601,13,0.0153,,,,,,0,,0,
Instances/Instances 2/d1655_05.gt,1654,20.0,86400.0,PTVRP_CONT,4321143.0,606,11,0.0154,,,,,,0,,0,
Instances/Instances 2/d1655_06.gt,1654,20.0,86400.0,PTVRP_CONT,4361788.0,586,13,0.015,,,,,,1,,1,
Instances/Instances 2/d1655_07.gt,1654,20.0,86400.0,PTVRP_CONT,4415572.0,586,12,0.0159,,,,,,0,,0,
Instances/Instances 2/d1655_08.gt,1654,20.0,86400.0,PTVRP_CONT,4420119.0,573,13,0.0157,,,,,,0,,0,
Instances/Instances 2/d1655_09.gt,1654,20.0,86400.0,PTVRP_CONT,4454408.0,593,11,0.0157,,,,,,0,,0,
Instances/Instances 2/d1655_10.gt,1654,20.0,86400.0,PTVRP_CONT,4456696.0,604,13,0.015,,,,,,0,,0,
Instances/Instances 2/d18512_01.gt,18511,20.0,86400.0,PTVRP_CONT,116490296.0,5262,16,1.0017,,,,,,0,,0,
Instances/Instances 2/d18512_02.gt,18511,20.0,86400.0,PTVRP_CONT,115151869.0,5273,18,1.0367,,,,,,0,,0,
Instances/Instances 2/d18512_03.gt,18511,20.0,86400.0,PTVRP_CONT,116670558.0,5379,16,0.9974,,,,,,0,,0,
Instances/Instances 2/d18512_04.gt,18511,20.0,86400.0,PTVRP_CONT,116055615.0,5306,18,0.9872,,,,,,0,,0,
Instances/Instances 2/d18512_05.gt,18511,20.0,86400.0,PTVRP_CONT,116156809.0,5316,16,0.9851,,,,,,0,,0,
Instances/Instances 2/d18512_06.gt,18511,20.0,86400.0,PTVRP_CONT,116330575.0,5363,17,0.9903,,,,,,0,,0,
Instances/Instances 2/d18512_07.gt,18511,20.0,86400.0,PTVRP_CONT,115406918.0,5243,18,1.0062,,,,,,0,,0,
Instances/Instances 2/d18512_08.gt,18511,20.0,86400.0,PTVRP_CONT,116422205.0,5311,18,0.9926,,,,,,0,,0,
Instances/Instances 2/d18512_09.gt,18511,20.0,86400.0,PTVRP_CONT,117224983.0,5366,18,1.008,,,,,,0,,0,
Instances/Instances 2/d18512_10.gt,18511,20.0,86400.0,PTVRP_CONT,117109102.0,5370,16,0.9898,,,,,,0,,0,
Instances/Instances 2/d198_01.gt,197,20.0,86400.0,PTVRP_CONT,391429.0,92,8,0.0066,,,,,,0,,0,
Instances/Instances 2/d198_02.gt,197,20.0,86400.0,PTVRP_CONT,408690.0,89,8,0.0058,,,,,,0,,0,
Instances/Instances 2/d198_03.gt,197,20.0,86400.0,PTVRP_CONT,417189.0,82,10,0.0054,,,,,,0,,0,
Instances/Instances 2/d198_04.gt,197,20.0,86400.0,PTVRP_CONT,407027.0,89,7,0.0054,,,,,,0,,0,
Instances/Instances 2/d198_05.gt,197,20.0,86400.0,PTVRP_CONT,408752.0,91,8,0.0057,,,,,,0,,0,
Instances/Instances 2/d198_06.gt,197,20.0,86400.0,PTVRP_CONT,392701.0,87,9,0.0052,,,,,,0,,0,
Instances/Instances 2/d198_07.gt,197,20.0,86400.0,PTVRP_CONT,391049.0,87,7,0.0039,,,,,,0,,0,
Instances/Instances 2/d198_08.gt,197,20.0,86400.0,PTVRP_CONT,411048.0,86,10,0.0052,,,,,,0,,0,
Instances/Instances 2/d198_09.gt,197,20.0,86400.0,PTVRP_CONT,398457.0,87,9,0.0048,,,,,,0,,0,
Instances/Instances 2/d198_10.gt,197,20.0,86400.0,PTVRP_CONT,419449.0,94,9,0.005,,,,,,0,,0,
Instances/Instances 2/d2103_01.gt,2102,20.0,86400.0,PTVRP_CONT,6627894.0,737,13,0.0203,,,,,,0,,0,
Instances/Instances 2/d2103_02.gt,2102,20.0,86400.0,PTVRP_CONT,6550658.0,765,14,0.0224,,,,,,0,,0,
Instances/Instances 2/d2103_03.gt,2102,20.0,86400.0,PTVRP_CONT,6670710.0,738,12,0.0211,,,,,,0,,0,
Instances/Instances 2/d2103_04.gt,2102,20.0,86400.0,PTVRP_CONT,6510116.0,736,11,0.0205,,,,,,0,,0,
Instances/Instances 2/d2103_05.gt,2102,20.0,86400.0,PTVRP_CONT,6523059.0,769,12,0.0212,,,,,,0,,0,
Instances/Instances 2/d2103_06.gt,2102,20.0,86400.0,PTVRP_CONT,6499593.0,733,15,0.0207,,,,,,0,,0,
Instances/Instances 2/d2103_07.gt,2102,20.0,86400.0,PTVRP_CONT,6603452.0,731,14,0.0215,,,,,,0,,0,
Instances/Instances 2/d2103_08.gt,2102,20.0,86400.0,PTVRP_CONT,6632885.0,708,15,0.0215,,,,,,0,,0,
Instances/Instances 2/d2103_09.gt,2102,20.0,86400.0,PTVRP_CONT,6507514.0,744,12,0.0226,,,,,,0,,0,
Instances/Instances 2/d2103_10.gt,2102,20.0,86400.0,PTVRP_CONT,6558459.0,739,12,0.0579,,,,,,0,,0,
Instances/Instances 2/d493_01.gt,492,20.0,86400.0,PTVRP_CONT,971521.0,222,9,0.015,,,,,,0,,0,
Instances/Instances 2/d493_02.gt,492,20.0,86400.0,PTVRP_CONT,929771.0,227,11,0.0073,,,,,,0,,0,
Instances/Instances 2/d493_03.gt,492,20.0,86400.0,PTVRP_CONT,981444.0,236,9,0.0065,,,,,,0,,0,
Instances/Instances 2/d493_04.gt,492,20.0,86400.0,PTVRP_CONT,950693.0,213,9,0.0049,,,,,,0,,0,
Instances/Instances 2/d493_05.gt,492,20.0,86400.0,PTVRP_CONT,967441.0,217,9,0.0052,,,,,,0,,0,
Instances/Instances 2/d493_06.gt,492,20.0,86400.0,PTVRP_CONT,979290.0,210,11,0.0053,,,,,,0,,0,
Instances/Instances 2/d493_07.gt,492,20.0,86400.0,PTVRP_CONT,1009277.0,240,9,0.0058,,,,,,0,,0,
Instances/Instances 2/d493_08.gt,492,20.0,86400.0,PTVRP_CONT,907855.0,207,8,0.0052,,,,,,0,,0,
Instances/Instances 2/d493_09.gt,492,20.0,86400.0,PTVRP_CONT,981104.0,219,8,0.0062,,,,,,0,,0,
Instances/Instances 2/d493_10.gt,492,20.0,86400.0,PTVRP_CONT,936308.0,221,8,0.0053,,,,,,0,,0,
Instances/Instances 2/d657_01.gt,656,20.0,86400.0,PTVRP_CONT,1705077.0,297,10,0.0081,,,,,,0,,0,
Instances/Instances 2/d657_02.gt,656,20.0,86400.0,PTVRP_CONT,1727859.0,282,10,0.0082,,,,,,0,,0,
Instances/Instances 2/d657_03.gt,656,20.0,86400.0,PTVRP_CONT,1739518.0,282,9,0.0073,,,,,,0,,0,
Instances/Instances 2/d657_04.gt,656,20.0,86400.0,PTVRP_CONT,1775842.0,287,9,0.0064,,,,,,0,,0,
Instances/Instances 2/d657_05.gt,656,20.0,86400.0,PTVRP_CONT,1801103.0,289,10,0.0074,,,,,,0,,0,
Instances/Instances 2/d657_06.gt,656,20.0,86400.0,PTVRP_CONT,1695067.0,289,9,0.0081,,,,,,0,,0,
Instances/Instances 2/d657_07.gt,656,20.0,86400.0,PTVRP_CONT,1743333.0,270,9,0.0081,,,,,,0,,0,
Instances/Instances 2/d657_08.gt,656,20.0,86400.0,PTVRP_CONT,1808360.0,267,9,0.007,,,,,,0,,0,
Instances/Instances 2/d657_09.gt,656,20.0,86400.0,PTVRP_CONT,1766629.0,282,11,0.0069,,,,,,0,,0,
Instances/Instances 2/d657_10.gt,656,20.0,86400.0,PTVRP_CONT,1762735.0,287,8,0.0079,,,,,,0,,0,
Instances/Instances 2/dj38_01.gt,37,20.0,86400.0,PTVRP_CONT,66218.0,22,6,0.0061,,,,,,0,,0,
Instances/Instances 2/dj38_02.gt,37,20.0,86400.0,PTVRP_CONT,64157.0,25,6,0.0049,,,,,,0,,0,
Instances/Instances 2/dj38_03.gt,37,20.0,86400.0,PTVRP_CONT,61669.0,24,6,0.0052,,,,,,0,,0,
Instances/Instances 2/dj38_04.gt,37,20.0,86400.0,PTVRP_CONT,55039.0,25,4,0.0047,,,,,,0,,0,
Instances/Instances 2/dj38_05.gt,37,20.0,86400.0,PTVRP_CONT,60527.0,24,4,0.004,,,,,,0,,0,
Instances/Instances 2/dj38_06.gt,37,20.0,86400.0,PTVRP_CONT,60774.0,25,4,0.0036,,,,,,0,,0,
Instances/Instances 2/dj38_07.gt,37,20.0,86400.0,PTVRP_CONT,67059.0,23,5,0.004,,,,,,0,,0,
Instances/Instances 2/dj38_08.gt,37,20.0,86400.0,PTVRP_CONT,63246.0,24,5,0.0042,,,,,,0,,0,
Instances/Instances 2/dj38_09.gt,37,20.0,86400.0,PTVRP_CONT,53493.0,21,5,0.0038,,,,,,0,,0,
Instances/Instances 2/dj38_10.gt,37,20.0,86400.0,PTVRP_CONT,60902.0,27,5,0.0043,,,,,,0,,0,
Instances/Instances 2/eg7146_01.gt,7145,20.0,86400.0,PTVRP_CONT,28407450.0,2097,19,0.1696,,,,,,0,,0,
Instances/Instances 2/eg7146_02.gt,7145,20.0,86400.0,PTVRP_CONT,28073479.0,2041,16,0.1582,,,,,,0,,0,
Instances/Instances 2/eg7146_03.gt,7145,20.0,86400.0,PTVRP_CONT,28491277.0,2009,18,0.1564,,,,,,0,,0,
Instances/Instances 2/eg7146_04.gt,7145,20.0,86400.0,PTVRP_CONT,28123360.0,2092,17,0.1627,,,,,,0,,0,
Instances/Instances 2/eg7146_05.gt,7145,20.0,86400.0,PTVRP_CONT,28428563.0,2052,19,0.1559,,,,,,0,,0,
Instances/Instances 2/eg7146_06.gt,7145,20.0,86400.0,PTVRP_CONT,28187821.0,2037,20,0.1606,,,,,,0,,0,
Instances/Instances 2/eg7146_07.gt,7145,20.0,86400.0,PTVRP_CONT,28409479.0,2133,17,0.1582,,,,,,0,,0,
Instances/Instances 2/eg7146_08.gt,7145,20.0,86400.0,PTVRP_CONT,28452009.0,2074,18,0.1681,,,,,,0,,0,
Instances/Instances 2/eg7146_09.gt,7145,20.0,86400.0,PTVRP_CONT,28190030.0,2053,17,0.1573,,,,,,0,,0,
Instances/Instances 2/eg7146_10.gt,7145,20.0,86400.0,PTVRP_CONT,28544110.0,2075,19,0.1613,,,,,,0,,0,
Instances/Instances 2/ei8246_01.gt,8245,20.0,86400.0,PTVRP_CONT,28936243.0,2513,16,0.2067,,,,,,0,,0,
Instances/Instances 2/ei8246_02.gt,8245,20.0,86400.0,PTVRP_CONT,28746376.0,2514,18,0.2045,,,,,,0,,0,
Instances/Instances 2/ei8246_03.gt,8245,20.0,86400.0,PTVRP_CONT,28768482.0,2552,15,0.2063,,,,,,0,,0,
Instances/Instances 2/ei8246_04.gt,8245,20.0,86400.0,PTVRP_CONT,28754078.0,2483,18,0.2054,,,,,,0,,0,
Instances/Instances 2/ei8246_05.gt,8245,20.0,86400.0,PTVRP_CONT,28790458.0,2555,18,0.2077,,,,,,0,,0,
Instances/Instances 2/ei8246_06.gt,8245,20.0,86400.0,PTVRP_CONT,28772425.0,2557,16,0.221,,,,,,0,,0,
Instances/Instances 2/ei8246_07.gt,8245,20.0,86400.0,PTVRP_CONT,28900417.0,2520,19,0.2086,,,,,,1,,1,
Instances/Instances 2/ei8246_08.gt,8245,20.0,86400.0,PTVRP_CONT,28655630.0,2448,17,0.2064,,,,,,0,,0,
Instances/Instances 2/ei8246_09.gt,8245,20.0,86400.0,PTVRP_CONT,28994360.0,2555,16,0.2049,,,,,,0,,0,
Instances/Instances 2/ei8246_10.gt,8245,20.0,86400.0,PTVRP_CONT,28400086.0,2494,17,0.2072,,,,,,0,,0,
Instances/Instances 2/eil101_01.gt,100,20.0,86400.0,PTVRP_CONT,8224.0,63,6,0.0062,,,,,,0,,0,
Instances/Instances 2/eil101_02.gt,100,20.0,86400.0,PTVRP_CONT,7407.0,62,4,0.0065,,,,,,0,,0,
Instances/Instances 2/eil101_03.gt,100,20.0,86400.0,PTVRP_CONT,7855.0,58,5,0.0064,,,,,,0,,0,
Instances/Instances 2/eil101_04.gt,100,20.0,86400.0,PTVRP_CONT,7190.0,65,5,0.0049,,,,,,0,,0,
Instances/Instances 2/eil101_05.gt,100,20.0,86400.0,PTVRP_CONT,8342.0,57,7,0.004,,,,,,0,,0,
Instances/Instances 2/eil101_06.gt,100,20.0,86400.0,PTVRP_CONT,7020.0,59,6,0.0047,,,,,,0,,0,
Instances/Instances 2/eil101_07.gt,100,20.0,86400.0,PTVRP_CONT,7268.0,60,6,0.0051,,,,,,0,,0,
Instances/Instances 2/eil101_08.gt,100,20.0,86400.0,PTVRP_CONT,7768.0,55,6,0.0049,,,,,,0,,0,
Instances/Instances 2/eil101_09.gt,100,20.0,86400.0,PTVRP_CONT,7533.0,62,6,0.0048,,,,,,0,,0,
Instances/Instances 2/eil101_10.gt,100,20.0,86400.0,PTVRP_CONT,8180.0,61,6,0.0049,,,,,,0,,0,
Instances/Instances 2/eil51_01.gt,50,20.0,86400.0,PTVRP_CONT,3528.0,33,5,0.004,,,,,,0,,0,
Instances/Instances 2/eil51_02.gt,50,20.0,86400.0,PTVRP_CONT,3959.0,35,5,0.0051,,,,,,0,,0,
Instances/Instances 2/eil51_03.gt,50,20.0,86400.0,PTVRP_CONT,3735.0,31,4,0.0042,,,,,,0,,0,
Instances/Instances 2/eil51_04.gt,50,20.0,86400.0,PTVRP_CONT,3878.0,33,5,0.004,,,,,,0,,0,
Instances/Instances 2/eil51_05.gt,50,20.0,86400.0,PTVRP_CONT,2841.0,32,4,0.0045,,,,,,0,,0,
Instances/Instances 2/eil51_06.gt,50,20.0,86400.0,PTVRP_CONT,3710.0,36,4,0.0038,,,,,,0,,0,
Instances/Instances 2/eil51_07.gt,50,20.0,86400.0,PTVRP_CONT,3829.0,35,5,0.0041,,,,,,0,,0,
Instances/Instances 2/eil51_08.gt,50,20.0,86400.0,PTVRP_CONT,3576.0,37,5,0.0043,,,,,,0,,0,
Instances/Instances 2/eil51_09.gt,50,20.0,86400.0,PTVRP_CONT,3953.0,31,6,0.0043,,,,,,0,,0,
Instances/Instances 2/eil51_10.gt,50,20.0,86400.0,PTVRP_CONT,3961.0,34,7,0.0044,,,,,,0,,0,
Instances/Instances 2/eil76_01.gt,75,20.0,86400.0,PTVRP_CONT,5405.0,50,5,0.004,,,,,,0,,0,
Instances/Instances 2/eil76_02.gt,75,20.0,86400.0,PTVRP_CONT,5462.0,47,5,0.0048,,,,,,0,,0,
Instances/Instances 2/eil76_03.gt,75,20.0,86400.0,PTVRP_CONT,5202.0,48,5,0.0055,,,,,,0,,0,
Instances/Instances 2/eil76_04.gt,75,20.0,86400.0,PTVRP_CONT,5353.0,45,4,0.0036,,,,,,0,,0,
Instances/Instances 2/eil76_05.gt,75,20.0,86400.0,PTVRP_CONT,5822.0,49,4,0.0049,,,,,,0,,0,
Instances/Instances 2/eil76_06.gt,75,20.0,86400.0,PTVRP_CONT,5093.0,45,4,0.0053,,,,,,0,,0,
Instances/Instances 2/eil76_07.gt,75,20.0,86400.0,PTVRP_CONT,6197.0,47,5,0.0055,,,,,,0,,0,
Instances/Instances 2/eil76_08.gt,75,20.0,86400.0,PTVRP_CONT,6005.0,52,6,0.005,,,,,,0,,0,
Instances/Instances 2/eil76_09.gt,75,20.0,86400.0,PTVRP_CONT,5550.0,44,5,0.0055,,,,,,0,,0,
Instances/Instances 2/eil76_10.gt,75,20.0,86400.0,PTVRP_CONT,5222.0,50,4,0.0055,,,,,,0,,0,
Instances/Instances 2/fi10639_01.gt,10638,20.0,86400.0,PTVRP_CONT,83469131.0,3245,15,0.3368,,,,,,0,,0,
Instances/Instances 2/fi10639_02.gt,10638,20.0,86400.0,PTVRP_CONT,83837548.0,3256,15,0.3388,,,,,,0,,0,
Instances/Instances 2/fi10639_03.gt,10638,20.0,86400.0,PTVRP_CONT,83200082.0,3188,15,0.3353,,,,,,0,,0,
Instances/Instances 2/fi10639_04.gt,10638,20.0,86400.0,PTVRP_CONT,83057911.0,3236,15,0.3392,,,,,,0,,0,
Instances/Instances 2/fi10639_05.gt,10638,20.0,86400.0,PTVRP_CONT,83673127.0,3205,15,0.3397,,,,,,0,,0,
Instances/Instances 2/fi10639_06.gt,10638,20.0,86400.0,PTVRP_CONT,83690020.0,3237,16,0.3389,,,,,,0,,0,
Instances/Instances 2/fi10639_07.gt,10638,20.0,86400.0,PTVRP_CONT,84032931.0,3155,15,0.338,,,,,,0,,0,
Instances/Instances 2/fi10639_08.gt,10638,20.0,86400.0,PTVRP_CONT,83891806.0,3254,15,0.3352,,,,,,0,,0,
Instances/Instances 2/fi10639_09.gt,10638,20.0,86400.0,PTVRP_CONT,83128034.0,3205,16,0.3368,,,,,,0,,0,
Instances/Instances 2/fi10639_10.gt,10638,20.0,86400.0,PTVRP_CONT,83505986.0,3272,16,0.3359,,,,,,0,,0,
Instances/Instances 2/fl1400_01.gt,1399,20.0,86400.0,PTVRP_CONT,3522838.0,314,20,0.0131,,,,,,0,,0,
Instances/Instances 2/fl1400_02.gt,1399,20.0,86400.0,PTVRP_CONT,3501534.0,343,21,0.0122,,,,,,0,,0,
Instances/Instances 2/fl1400_03.gt,1399,20.0,86400.0,PTVRP_CONT,3649593.0,343,20,0.0124,,,,,,0,,0,
Instances/Instances 2/fl1400_04.gt,1399,20.0,86400.0,PTVRP_CONT,3605379.0,341,20,0.0131,,,,,,0,,0,
Instances/Instances 2/fl1400_05.gt,1399,20.0,86400.0,PTVRP_CONT,3452856.0,356,22,0.0128,,,,,,0,,0,
Instances/Instances 2/fl1400_06.gt,1399,20.0,86400.0,PTVRP_CONT,3596218.0,357,20,0.0131,,,,,,0,,0,
Instances/Instances 2/fl1400_07.gt,1399,20.0,86400.0,PTVRP_CONT,3547896.0,325,20,0.0139,,,,,,0,,0,
Instances/Instances 2/fl1400_08.gt,1399,20.0,86400.0,PTVRP_CONT,3455538.0,334,17,0.0114,,,,,,0,,0,
Instances/Instances 2/fl1400_09.gt,1399,20.0,86400.0,PTVRP_CONT,3533464.0,326,22,0.0124,,,,,,0,,0,
Instances/Instances 2/fl1400_10.gt,1399,20.0,86400.0,PTVRP_CONT,3497474.0,340,21,0.0112,,,,,,0,,0,
Instances/Instances 2/fl1577_01.gt,1576,20.0,86400.0,PTVRP_CONT,2552865.0,501,13,0.0139,,,,,,0,,0,
Instances/Instances 2/fl1577_02.gt,1576,20.0,86400.0,PTVRP_CONT,2575760.0,501,14,0.0131,,,,,,0,,0,
Instances/Instances 2/fl1577_03.gt,1576,20.0,86400.0,PTVRP_CONT,2559176.0,504,13,0.0163,,,,,,0,,0,
Instances/Instances 2/fl1577_04.gt,1576,20.0,86400.0,PTVRP_CONT,2529304.0,517,15,0.0158,,,,,,0,,0,
Instances/Instances 2/fl1577_05.gt,1576,20.0,86400.0,PTVRP_CONT,2603206.0,514,13,0.0145,,,,,,0,,0,
Instances/Instances 2/fl1577_06.gt,1576,20.0,86400.0,PTVRP_CONT,2550728.0,501,13,0.0149,,,,,,0,,0,
Instances/Instances 2/fl1577_07.gt,1576,20.0,86400.0,PTVRP_CONT,2521192.0,506,15,0.0152,,,,,,0,,0,
Instances/Instances 2/fl1577_08.gt,1576,20.0,86400.0,PTVRP_CONT,2576473.0,509,16,0.0159,,,,,,0,,0,
Instances/Instances 2/fl1577_09.gt,1576,20.0,86400.0,PTVRP_CONT,2525377.0,510,18,0.015,,,,,,0,,0,
Instances/Instances 2/fl1577_10.gt,1576,20.0,86400.0,PTVRP_CONT,2548258.0,516,16,0.0137,,,,,,0,,0,
Instances/Instances 2/fl3795_01.gt,3794,20.0,86400.0,PTVRP_CONT,6833040.0,984,21,0.051,,,,,,0,,0,
Instances/Instances 2/fl3795_02.gt,3794,20.0,86400.0,PTVRP_CONT,6820241.0,1012,17,0.0526,,,,,,0,,0,
Instances/Instances 2/fl3795_03.gt,3794,20.0,86400.0,PTVRP_CONT,6667065.0,951,20,0.0519,,,,,,0,,0,
Instances/Instances 2/fl3795_04.gt,3794,20.0,86400.0,PTVRP_CONT,6692019.0,994,25,0.0573,,,,,,0,,0,
Instances/Instances 2/fl3795_05.gt,3794,20.0,86400.0,PTVRP_CONT,6744047.0,996,20,0.0519,,,,,,0,,0,
Instances/Instances 2/fl3795_06.gt,3794,20.0,86400.0,PTVRP_CONT,6667681.0,975,20,0.0523,,,,,,0,,0,
Instances/Instances 2/fl3795_07.gt,3794,20.0,86400.0,PTVRP_CONT,6832596.0,1001,23,0.0502,,,,,,0,,0,
Instances/Instances 2/fl3795_08.gt,3794,20.0,86400.0,PTVRP_CONT,6593318.0,979,22,0.0526,,,,,,0,,0,
Instances/Instances 2/fl3795_09.gt,3794,20.0,86400.0,PTVRP_CONT,6767380.0,996,20,0.0508,,,,,,0,,0,
Instances/Instances 2/fl3795_10.gt,3794,20.0,86400.0,PTVRP_CONT,6760145.0,1002,20,0.0514,,,,,,0,,0,
Instances/Instances 2/fl417_01.gt,416,20.0,86400.0,PTVRP_CONT,1094548.0,130,14,0.0076,,,,,,0,,0,
Instances/Instances 2/fl417_02.gt,416,20.0,86400.0,PTVRP_CONT,1003696.0,121,15,0.0066,,,,,,0,,0,
Instances/Instances 2/fl417_03.gt,416,20.0,86400.0,PTVRP_CONT,1068558.0,128,14,0.0056,,,,,,0,,0,
Instances/Instances 2/fl417_04.gt,416,20.0,86400.0,PTVRP_CONT,1022162.0,118,15,0.0067,,,,,,0,,0,
Instances/Instances 2/fl417_05.gt,416,20.0,86400.0,PTVRP_CONT,1084392.0,124,19,0.0059,,,,,,0,,0,
Instances/Instances 2/fl417_06.gt,416,20.0,86400.0,PTVRP_CONT,1045791.0,110,13,0.0066,,,,,,0,,0,
Instances/Instances 2/fl417_07.gt,416,20.0,86400.0,PTVRP_CONT,1099613.0,127,15,0.0047,,,,,,0,,0,
Instances/Instances 2/fl417_08.gt,416,20.0,86400.0,PTVRP_CONT,1071387.0,135,14,0.0063,,,,,,0,,0,
Instances/Instances 2/fl417_09.gt,416,20.0,86400.0,PTVRP_CONT,1039365.0,117,12,0.0156,,,,,,0,,0,
Instances/Instances 2/fl417_10.gt,416,20.0,86400.0,PTVRP_CONT,1105941.0,123,18,0.0073,,,,,,0,,0,
Instances/Instances 2/fnl4461_01.gt,4460,20.0,86400.0,PTVRP_CONT,16961715.0,1530,15,0.0727,,,,,,0,,0,
Instances/Instances 2/fnl4461_02.gt,4460,20.0,86400.0,PTVRP_CONT,16797639.0,1541,13,0.1148,,,,,,0,,0,
Instances/Instances 2/fnl4461_03.gt,4460,20.0,86400.0,PTVRP_CONT,16850587.0,1562,16,0.0813,,,,,,0,,0,
Instances/Instances 2/fnl4461_04.gt,4460,20.0,86400.0,PTVRP_CONT,16840451.0,1535,14,0.0756,,,,,,0,,0,
Instances/Instances 2/fnl4461_05.gt,4460,20.0,86400.0,PTVRP_CONT,16398390.0,1526,14,0.0665,,,,,,0,,0,
Instances/Instances 2/fnl4461_06.gt,4460,20.0,86400.0,PTVRP_CONT,16665040.0,1545,14,0.0681,,,,,,0,,0,
Instances/Instances 2/fnl4461_07.gt,4460,20.0,86400.0,PTVRP_CONT,16513749.0,1544,13,0.0676,,,,,,0,,0,
Instances/Instances 2/fnl4461_08.gt,4460,20.0,86400.0,PTVRP_CONT,16397634.0,1534,16,0.0648,,,,,,0,,0,
Instances/Instances 2/fnl4461_09.gt,4460,20.0,86400.0,PTVRP_CONT,16486954.0,1561,13,0.0665,,,,,,0,,0,
Instances/Instances 2/fnl4461_10.gt,4460,20.0,86400.0,PTVRP_CONT,16571552.0,1537,12,0.0664,,,,,,0,,0,
Instances/Instances 2/gil262_01.gt,261,20.0,86400.0,PTVRP_CONT,58935.0,128,7,0.0043,,,,,,0,,0,
Instances/Instances 2/gil262_02.gt,261,20.0,86400.0,PTVRP_CONT,55593.0,138,7,0.0041,,,,,,0,,0,
Instances/Instances 2/gil262_03.gt,261,20.0,86400.0,PTVRP_CONT,55722.0,132,9,0.0043,,,,,,0,,0,
Instances/Instances 2/gil262_04.gt,261,20.0,86400.0,PTVRP_CONT,57260.0,132,7,0.0041,,,,,,0,,0,
Instances/Instances 2/gil262_05.gt,261,20.0,86400.0,PTVRP_CONT,59977.0,129,8,0.0046,,,,,,0,,0,
Instances/Instances 2/gil262_06.gt,261,20.0,86400.0,PTVRP_CONT,53836.0,136,6,0.0046,,,,,,0,,0,
Instances/Instances 2/gil262_07.gt,261,20.0,86400.0,PTVRP_CONT,58426.0,124,8,0.0058,,,,,,0,,0,
Instances/Instances 2/gil262_08.gt,261,20.0,86400.0,PTVRP_CONT,56352.0,139,6,0.0049,,,,,,0,,0,
Instances/Instances 2/gil262_09.gt,261,20.0,86400.0,PTVRP_CONT,55474.0,135,6,0.0049,,,,,,0,,0,
Instances/Instances 2/gil262_10.gt,261,20.0,86400.0,PTVRP_CONT,55945.0,125,7,0.004,,,,,,0,,0,
Instances/Instances 2/gr9882_01.gt,9881,20.0,86400.0,PTVRP_CONT,55589654.0,2907,15,0.293,,,,,,0,,0,
Instances/Instances 2/gr9882_02.gt,9881,20.0,86400.0,PTVRP_CONT,55512558.0,2947,17,0.2977,,,,,,1,,1,
Instances/Instances 2/gr9882_03.gt,9881,20.0,86400.0,PTVRP_CONT,55168530.0,2827,16,0.3155,,,,,,0,,0,
Instances/Instances 2/gr9882_04.gt,9881,20.0,86400.0,PTVRP_CONT,55785700.0,2866,18,0.3026,,,,,,0,,0,
Instances/Instances 2/gr9882_05.gt,9881,20.0,86400.0,PTVRP_CONT,55340799.0,2899,18,0.3002,,,,,,0,,0,
Instances/Instances 2/gr9882_06.gt,9881,20.0,86400.0,PTVRP_CONT,55108055.0,2800,16,0.2882,,,,,,0,,0,
Instances/Instances 2/gr9882_07.gt,9881,20.0,86400.0,PTVRP_CONT,56330416.0,2923,14,0.2903,,,,,,0,,0,
Instances/Instances 2/gr9882_08.gt,9881,20.0,86400.0,PTVRP_CONT,55301954.0,2873,16,0.2907,,,,,,0,,0,
Instances/Instances 2/gr9882_09.gt,9881,20.0,86400.0,PTVRP_CONT,55660726.0,2916,18,0.3206,,,,,,0,,0,
Instances/Instances 2/gr9882_10.gt,9881,20.0,86400.0,PTVRP_CONT,55084954.0,2885,19,0.2878,,,,,,0,,0,
Instances/Instances 2/ho14473_01.gt,14472,20.0,86400.0,PTVRP_CONT,41054525.0,3473,39,0.6079,,,,,,0,,0,
Instances/Instances 2/ho14473_02.gt,14472,20.0,86400.0,PTVRP_CONT,41547285.0,3486,30,0.6253,,,,,,0,,0,
Instances/Instances 2/ho14473_03.gt,14472,20.0,86400.0,PTVRP_CONT,41257934.0,3529,40,0.6525,,,,,,0,,0,
Instances/Instances 2/ho14473_04.gt,14472,20.0,86400.0,PTVRP_CONT,41111090.0,3535,34,0.6123,,,,,,0,,0,
Instances/Instances 2/ho14473_05.gt,14472,20.0,86400.0,PTVRP_CONT,41431239.0,3592,38,0.6095,,,,,,0,,0,
Instances/Instances 2/ho14473_06.gt,14472,20.0,86400.0,PTVRP_CONT,41493497.0,3428,40,0.6117,,,,,,0,,0,
Instances/Instances 2/ho14473_07.gt,14472,20.0,86400.0,PTVRP_CONT,41036496.0,3486,33,0.6147,,,,,,0,,0,
Instances/Instances 2/ho14473_08.gt,14472,20.0,86400.0,PTVRP_CONT,41396972.0,3444,37,0.614,,,,,,0,,0,
Instances/Instances 2/ho14473_09.gt,14472,20.0,86400.0,PTVRP_CONT,41064579.0,3468,34,0.6185,,,,,,0,,0,
Instances/Instances 2/ho14473_10.gt,14472,20.0,86400.0,PTVRP_CONT,41212839.0,3458,31,0.6136,,,,,,0,,0,
Instances/Instances 2/it16862_01.gt,16861,20.0,86400.0,PTVRP_CONT,137173624.0,5151,16,0.8187,,,,,,0,,0,
Instances/Instances 2/it16862_02.gt,16861,20.0,86400.0,PTVRP_CONT,135413716.0,5132,18,0.822,,,,,,0,,0,
Instances/Instances 2/it16862_03.gt,16861,20.0,86400.0,PTVRP_CONT,136673116.0,5190,16,0.8266,,,,,,0,,0,
Instances/Instances 2/it16862_04.gt,16861,20.0,86400.0,PTVRP_CONT,134279401.0,5098,16,0.8277,,,,,,0,,0,
Instances/Instances 2/it16862_05.gt,16861,20.0,86400.0,PTVRP_CONT,134949013.0,5070,15,0.8321,,,,,,0,,0,
Instances/Instances 2/it16862_06.gt,16861,20.0,86400.0,PTVRP_CONT,135015607.0,5154,16,0.8249,,,,,,0,,0,
Instances/Instances 2/it16862_07.gt,16861,20.0,86400.0,PTVRP_CONT,134793494.0,5099,20,0.8185,,,,,,0,,0,
Instances/Instances 2/it16862_08.gt,16861,20.0,86400.0,PTVRP_CONT,134825917.0,5132,16,0.8173,,,,,,0,,0,
Instances/Instances 2/it16862_09.gt,16861,20.0,86400.0,PTVRP_CONT,136147772.0,5225,16,0.8267,,,,,,0,,0,
Instances/Instances 2/it16862_10.gt,16861,20.0,86400.0,PTVRP_CONT,134487444.0,5111,16,0.9148,,,,,,0,,0,
Instances/Instances 2/ja9847_01.gt,9846,20.0,86400.0,PTVRP_CONT,NO SOLUTION,,,0.2847,,,,,,0,,0,
Instances/Instances 2/ja9847_02.gt,9846,20.0,86400.0,PTVRP_CONT,NO SOLUTION,,,0.2827,,,,,,0,,0,
Instances/Instances 2/ja9847_03.gt,9846,20.0,86400.0,PTVRP_CONT,NO SOLUTION,,,0.2808,,,,,,0,,0,
Instances/Instances 2/ja9847_04.gt,9846,20.0,86400.0,PTVRP_CONT,NO SOLUTION,,,0.2821,,,,,,0,,0,
Instances/Instances 2/ja9847_05.gt,9846,20.0,86400.0,PTVRP_CONT,NO SOLUTION,,,0.2865,,,,,,0,,0,
Instances/Instances 2/ja9847_06.gt,9846,20.0,86400.0,PTVRP_CONT,NO SOLUTION,,,0.2791,,,,,,0,,0,
Instances/Instances 2/ja9847_07.gt,9846,20.0,86400.0,PTVRP_CONT,NO SOLUTION,,,0.2823,,,,,,0,,0,
Instances/Instances 2/ja9847_08.gt,9846,20.0,86400.0,PTVRP_CONT,NO SOLUTION,,,0.2867,,,,,,0,,0,
Instances/Instances 2/ja9847_09.gt,9846,20.0,86400.0,PTVRP_CONT,NO SOLUTION,,,0.2793,,,,,,0,,0,
Instances/Instances 2/ja9847_10.gt,9846,20.0,86400.0,PTVRP_CONT,NO SOLUTION,,,0.2829,,,,,,0,,0,
Instances/Instances 2/kroA100_01.gt,99,20.0,86400.0,PTVRP_CONT,370636.0,50,7,0.0057,,,,,,0,,0,
Instances/Instances 2/kroA100_02.gt,99,20.0,86400.0,PTVRP_CONT,351799.0,49,6,0.005,,,,,,0,,0,
Instances/Instances 2/kroA100_03.gt,99,20.0,86400.0,PTVRP_CONT,373500.0,53,6,0.0052,,,,,,0,,0,
Instances/Instances 2/kroA100_04.gt,99,20.0,86400.0,PTVRP_CONT,342430.0,53,5,0.0049,,,,,,0,,0,
Instances/Instances 2/kroA100_05.gt,99,20.0,86400.0,PTVRP_CONT,370999.0,56,6,0.0054,,,,,,0,,0,
Instances/Instances 2/kroA100_06.gt,99,20.0,86400.0,PTVRP_CONT,325271.0,47,7,0.0052,,,,,,0,,0,
Instances/Instances 2/kroA100_07.gt,99,20.0,86400.0,PTVRP_CONT,329845.0,49,9,0.0048,,,,,,0,,0,
Instances/Instances 2/kroA100_08.gt,99,20.0,86400.0,PTVRP_CONT,357594.0,59,5,0.0043,,,,,,0,,0,
Instances/Instances 2/kroA100_09.gt,99,20.0,86400.0,PTVRP_CONT,353355.0,50,6,0.0045,,,,,,0,,0,
Instances/Instances 2/kroA100_10.gt,99,20.0,86400.0,PTVRP_CONT,393692.0,53,6,0.0047,,,,,,0,,0,
Instances/Instances 2/kroA150_01.gt,149,20.0,86400.0,PTVRP_CONT,553296.0,72,9,0.0042,,,,,,0,,0,
Instances/Instances 2/kroA150_02.gt,149,20.0,86400.0,PTVRP_CONT,531749.0,77,7,0.0047,,,,,,0,,0,
Instances/Instances 2/kroA150_03.gt,149,20.0,86400.0,PTVRP_CONT,499174.0,75,7,0.0057,,,,,,0,,0,
Instances/Instances 2/kroA150_04.gt,149,20.0,86400.0,PTVRP_CONT,530437.0,70,7,0.0046,,,,,,0,,0,
Instances/Instances 2/kroA150_05.gt,149,20.0,86400.0,PTVRP_CONT,491176.0,74,7,0.0049,,,,,,0,,0,
Instances/Instances 2/kroA150_06.gt,149,20.0,86400.0,PTVRP_CONT,529459.0,68,7,0.0047,,,,,,0,,0,
Instances/Instances 2/kroA150_07.gt,149,20.0,86400.0,PTVRP_CONT,590204.0,78,7,0.0057,,,,,,0,,0,
Instances/Instances 2/kroA150_08.gt,149,20.0,86400.0,PTVRP_CONT,561364.0,68,7,0.0043,,,,,,0,,0,
Instances/Instances 2/kroA150_09.gt,149,20.0,86400.0,PTVRP_CONT,590437.0,74,7,0.0052,,,,,,0,,0,
Instances/Instances 2/kroA150_10.gt,149,20.0,86400.0,PTVRP_CONT,530351.0,70,7,0.0039,,,,,,0,,0,
Instances/Instances 2/kroA200_01.gt,199,20.0,86400.0,PTVRP_CONT,741456.0,95,7,0.0044,,,,,,0,,0,
Instances/Instances 2/kroA200_02.gt,199,20.0,86400.0,PTVRP_CONT,682026.0,91,6,0.005,,,,,,0,,0,
Instances/Instances 2/kroA200_03.gt,199,20.0,86400.0,PTVRP_CONT,759333.0,92,7,0.0042,,,,,,0,,0,
Instances/Instances 2/kroA200_04.gt,199,20.0,86400.0,PTVRP_CONT,790719.0,94,9,0.005,,,,,,0,,0,
Instances/Instances 2/kroA200_05.gt,199,20.0,86400.0,PTVRP_CONT,668520.0,91,7,0.0046,,,,,,0,,0,
Instances/Instances 2/kroA200_06.gt,199,20.0,86400.0,PTVRP_CONT,748516.0,92,7,0.0047,,,,,,0,,0,
Instances/Instances 2/kroA200_07.gt,199,20.0,86400.0,PTVRP_CONT,769244.0,93,9,0.0049,,,,,,0,,0,
Instances/Instances 2/kroA200_08.gt,199,20.0,86400.0,PTVRP_CONT,726706.0,87,8,0.0057,,,,,,0,,0,
Instances/Instances 2/kroA200_09.gt,199,20.0,86400.0,PTVRP_CONT,663457.0,94,7,0.0049,,,,,,0,,0,
Instances/Instances 2/kroA200_10.gt,199,20.0,86400.0,PTVRP_CONT,749818.0,90,8,0.0042,,,,,,0,,0,
Instances/Instances 2/kroB100_01.gt,99,20.0,86400.0,PTVRP_CONT,378993.0,61,6,0.0041,,,,,,0,,0,
Instances/Instances 2/kroB100_02.gt,99,20.0,86400.0,PTVRP_CONT,361631.0,53,6,0.004,,,,,,0,,0,
Instances/Instances 2/kroB100_03.gt,99,20.0,86400.0,PTVRP_CONT,330911.0,48,6,0.0043,,,,,,0,,0,
Instances/Instances 2/kroB100_04.gt,99,20.0,86400.0,PTVRP_CONT,359805.0,56,7,0.0042,,,,,,0,,0,
Instances/Instances 2/kroB100_05.gt,99,20.0,86400.0,PTVRP_CONT,407062.0,51,7,0.005,,,,,,0,,0,
Instances/Instances 2/kroB100_06.gt,99,20.0,86400.0,PTVRP_CONT,383232.0,51,7,0.0044,,,,,,0,,0,
Instances/Instances 2/kroB100_07.gt,99,20.0,86400.0,PTVRP_CONT,419085.0,56,7,0.0041,,,,,,0,,0,
Instances/Instances 2/kroB100_08.gt,99,20.0,86400.0,PTVRP_CONT,366728.0,54,6,0.0041,,,,,,0,,0,
Instances/Instances 2/kroB100_09.gt,99,20.0,86400.0,PTVRP_CONT,334796.0,45,7,0.0038,,,,,,0,,0,
Instances/Instances 2/kroB100_10.gt,99,20.0,86400.0,PTVRP_CONT,367537.0,56,6,0.0043,,,,,,0,,0,
Instances/Instances 2/kroB150_01.gt,149,20.0,86400.0,PTVRP_CONT,576374.0,79,8,0.0054,,,,,,0,,0,
Instances/Instances 2/kroB150_02.gt,149,20.0,86400.0,PTVRP_CONT,547594.0,66,8,0.0049,,,,,,0,,0,
Instances/Instances 2/kroB150_03.gt,149,20.0,86400.0,PTVRP_CONT,582023.0,74,9,0.0059,,,,,,0,,0,
Instances/Instances 2/kroB150_04.gt,149,20.0,86400.0,PTVRP_CONT,560316.0,64,8,0.0049,,,,,,0,,0,
Instances/Instances 2/kroB150_05.gt,149,20.0,86400.0,PTVRP_CONT,630724.0,78,9,0.0053,,,,,,0,,0,
Instances/Instances 2/kroB150_06.gt,149,20.0,86400.0,PTVRP_CONT,512348.0,66,8,0.0056,,,,,,0,,0,
Instances/Instances 2/kroB150_07.gt,149,20.0,86400.0,PTVRP_CONT,562626.0,76,8,0.0049,,,,,,0,,0,
Instances/Instances 2/kroB150_08.gt,149,20.0,86400.0,PTVRP_CONT,557331.0,74,8,0.005,,,,,,0,,0,
Instances/Instances 2/kroB150_09.gt,149,20.0,86400.0,PTVRP_CONT,581315.0,70,7,0.0053,,,,,,0,,0,
Instances/Instances 2/kroB150_10.gt,149,20.0,86400.0,PTVRP_CONT,573945.0,74,7,0.0058,,,,,,0,,0,
Instances/Instances 2/kroB200_01.gt,199,20.0,86400.0,PTVRP_CONT,720543.0,96,7,0.0045,,,,,,0,,0,
Instances/Instances 2/kroB200_02.gt,199,20.0,86400.0,PTVRP_CONT,674226.0,100,6,0.0053,,,,,,0,,0,
Instances/Instances 2/kroB200_03.gt,199,20.0,86400.0,PTVRP_CONT,765927.0,105,8,0.006,,,,,,0,,0,
Instances/Instances 2/kroB200_04.gt,199,20.0,86400.0,PTVRP_CONT,697662.0,96,8,0.0059,,,,,,0,,0,
Instances/Instances 2/kroB200_05.gt,199,20.0,86400.0,PTVRP_CONT,716445.0,98,10,0.0044,,,,,,0,,0,
Instances/Instances 2/kroB200_06.gt,199,20.0,86400.0,PTVRP_CONT,742880.0,100,7,0.0036,,,,,,0,,0,
Instances/Instances 2/kroB200_07.gt,199,20.0,86400.0,PTVRP_CONT,728023.0,95,10,0.0054,,,,,,0,,0,
Instances/Instances 2/kroB200_08.gt,199,20.0,86400.0,PTVRP_CONT,696489.0,99,8,0.005,,,,,,0,,0,
Instances/Instances 2/kroB200_09.gt,199,20.0,86400.0,PTVRP_CONT,755683.0,95,8,0.0058,,,,,,0,,0,
Instances/Instances 2/kroB200_10.gt,199,20.0,86400.0,PTVRP_CONT,684751.0,90,7,0.0045,,,,,,0,,0,
Instances/Instances 2/kroC100_01.gt,99,20.0,86400.0,PTVRP_CONT,383855.0,49,7,0.0045,,,,,,0,,0,
Instances/Instances 2/kroC100_02.gt,99,20.0,86400.0,PTVRP_CONT,371907.0,50,6,0.0051,,,,,,0,,0,
Instances/Instances 2/kroC100_03.gt,99,20.0,86400.0,PTVRP_CONT,363169.0,51,5,0.0048,,,,,,0,,0,
Instances/Instances 2/kroC100_04.gt,99,20.0,86400.0,PTVRP_CONT,387636.0,53,6,0.005,,,,,,0,,0,
Instances/Instances 2/kroC100_05.gt,99,20.0,86400.0,PTVRP_CONT,441690.0,54,7,0.0048,,,,,,0,,0,
Instances/Instances 2/kroC100_06.gt,99,20.0,86400.0,PTVRP_CONT,402652.0,54,8,0.0035,,,,,,0,,0,
Instances/Instances 2/kroC100_07.gt,99,20.0,86400.0,PTVRP_CONT,371087.0,52,6,0.0051,,,,,,0,,0,
Instances/Instances 2/kroC100_08.gt,99,20.0,86400.0,PTVRP_CONT,382468.0,57,6,0.0054,,,,,,0,,0,
Instances/Instances 2/kroC100_09.gt,99,20.0,86400.0,PTVRP_CONT,384692.0,49,6,0.0047,,,,,,0,,0,
Instances/Instances 2/kroC100_10.gt,99,20.0,86400.0,PTVRP_CONT,395625.0,52,7,0.0052,,,,,,0,,0,
Instances/Instances 2/kroD100_01.gt,99,20.0,86400.0,PTVRP_CONT,345875.0,54,7,0.0044,,,,,,0,,0,
Instances/Instances 2/kroD100_02.gt,99,20.0,86400.0,PTVRP_CONT,345002.0,51,5,0.005,,,,,,0,,0,
Instances/Instances 2/kroD100_03.gt,99,20.0,86400.0,PTVRP_CONT,345425.0,53,5,0.0058,,,,,,0,,0,
Instances/Instances 2/kroD100_04.gt,99,20.0,86400.0,PTVRP_CONT,331306.0,57,6,0.005,,,,,,0,,0,
Instances/Instances 2/kroD100_05.gt,99,20.0,86400.0,PTVRP_CONT,401310.0,58,7,0.0055,,,,,,0,,0,
Instances/Instances 2/kroD100_06.gt,99,20.0,86400.0,PTVRP_CONT,363794.0,53,7,0.0058,,,,,,0,,0,
Instances/Instances 2/kroD100_07.gt,99,20.0,86400.0,PTVRP_CONT,338564.0,47,6,0.0048,,,,,,0,,0,
Instances/Instances 2/kroD100_08.gt,99,20.0,86400.0,PTVRP_CONT,359121.0,57,7,0.0048,,,,,,0,,0,
Instances/Instances 2/kroD100_09.gt,99,20.0,86400.0,PTVRP_CONT,359655.0,57,7,0.0037,,,,,,0,,0,
Instances/Instances 2/kroD100_10.gt,99,20.0,86400.0,PTVRP_CONT,377767.0,50,7,0.0034,,,,,,0,,0,
Instances/Instances 2/kroE100_01.gt,99,20.0,86400.0,PTVRP_CONT,366106.0,53,8,0.0044,,,,,,0,,0,
Instances/Instances 2/kroE100_02.gt,99,20.0,86400.0,PTVRP_CONT,383437.0,56,6,0.0043,,,,,,0,,0,
Instances/Instances 2/kroE100_03.gt,99,20.0,86400.0,PTVRP_CONT,368814.0,55,5,0.0045,,,,,,0,,0,
Instances/Instances 2/kroE100_04.gt,99,20.0,86400.0,PTVRP_CONT,388418.0,55,5,0.005,,,,,,0,,0,
Instances/Instances 2/kroE100_05.gt,99,20.0,86400.0,PTVRP_CONT,427958.0,56,8,0.0056,,,,,,0,,0,
Instances/Instances 2/kroE100_06.gt,99,20.0,86400.0,PTVRP_CONT,391953.0,51,7,0.0048,,,,,,0,,0,
Instances/Instances 2/kroE100_07.gt,99,20.0,86400.0,PTVRP_CONT,367717.0,50,6,0.0048,,,,,,0,,0,
Instances/Instances 2/kroE100_08.gt,99,20.0,86400.0,PTVRP_CONT,396538.0,54,7,0.0048,,,,,,0,,0,
Instances/Instances 2/kroE100_09.gt,99,20.0,86400.0,PTVRP_CONT,380502.0,54,5,0.0053,,,,,,0,,0,
Instances/Instances 2/kroE100_10.gt,99,20.0,86400.0,PTVRP_CONT,396164.0,58,7,0.0044,,,,,,0,,0,
Instances/Instances 2/kz9976_01.gt,9975,20.0,86400.0,PTVRP_CONT,NO SOLUTION,,,0.2844,,,,,,0,,0,
Instances/Instances 2/kz9976_02.gt,9975,20.0,86400.0,PTVRP_CONT,NO SOLUTION,,,0.2902,,,,,,0,,0,
Instances/Instances 2/kz9976_03.gt,9975,20.0,86400.0,PTVRP_CONT,NO SOLUTION,,,0.288,,,,,,0,,0,
Instances/Instances 2/kz9976_04.gt,9975,20.0,86400.0,PTVRP_CONT,NO SOLUTION,,,0.2902,,,,,,0,,0,
Instances/Instances 2/kz9976_05.gt,9975,20.0,86400.0,PTVRP_CONT,NO SOLUTION,,,0.2873,,,,,,0,,0,
Instances/Instances 2/kz9976_06.gt,9975,20.0,86400.0,PTVRP_CONT,NO SOLUTION,,,0.29,,,,,,0,,0,
Instances/Instances 2/kz9976_07.gt,9975,20.0,86400.0,PTVRP_CONT,NO SOLUTION,,,0.2917,,,,,,0,,0,
Instances/Instances 2/kz9976_08.gt,9975,20.0,86400.0,PTVRP_CONT,NO SOLUTION,,,0.2907,,,,,,0,,0,
Instances/Instances 2/kz9976_09.gt,9975,20.0,86400.0,PTVRP_CONT,NO SOLUTION,,,0.3092,,,,,,0,,0,
Instances/Instances 2/kz9976_10.gt,9975,20.0,86400.0,PTVRP_CONT,NO SOLUTION,,,0.2913,,,,,,0,,0,
Instances/Instances 2/lin105_01.gt,104,20.0,86400.0,PTVRP_CONT,256859.0,52,7,0.0056,,,,,,0,,0,
Instances/Instances 2/lin105_02.gt,104,20.0,86400.0,PTVRP_CONT,270194.0,48,7,0.0045,,,,,,0,,0,
Instances/Instances 2/lin105_03.gt,104,20.0,86400.0,PTVRP_CONT,243273.0,57,7,0.0053,,,,,,0,,0,
Instances/Instances 2/lin105_04.gt,104,20.0,86400.0,PTVRP_CONT,259216.0,58,6,0.0036,,,,,,0,,0,
Instances/Instances 2/lin105_05.gt,104,20.0,86400.0,PTVRP_CONT,228942.0,54,6,0.0054,,,,,,0,,0,
Instances/Instances 2/lin105_06.gt,104,20.0,86400.0,PTVRP_CONT,248028.0,52,7,0.0045,,,,,,0,,0,
Instances/Instances 2/lin105_07.gt,104,20.0,86400.0,PTVRP_CONT,276882.0,61,7,0.0048,,,,,,0,,0,
Instances/Instances 2/lin105_08.gt,104,20.0,86400.0,PTVRP_CONT,239648.0,53,7,0.0053,,,,,,0,,0,
Instances/Instances 2/lin105_09.gt,104,20.0,86400.0,PTVRP_CONT,265155.0,53,8,0.0046,,,,,,0,,0,
Instances/Instances 2/lin105_10.gt,104,20.0,86400.0,PTVRP_CONT,264002.0,58,10,0.0043,,,,,,0,,0,
Instances/Instances 2/lin318_01.gt,317,20.0,86400.0,PTVRP_CONT,1203102.0,146,9,0.0045,,,,,,0,,0,
Instances/Instances 2/lin318_02.gt,317,20.0,86400.0,PTVRP_CONT,1140467.0,145,7,0.0046,,,,,,0,,0,
Instances/Instances 2/lin318_03.gt,317,20.0,86400.0,PTVRP_CONT,1225544.0,136,8,0.0061,,,,,,0,,0,
Instances/Instances 2/lin318_04.gt,317,20.0,86400.0,PTVRP_CONT,1160301.0,155,8,0.0053,,,,,,0,,0,
Instances/Instances 2/lin318_05.gt,317,20.0,86400.0,PTVRP_CONT,1204055.0,149,8,0.0051,,,,,,0,,0,
Instances/Instances 2/lin318_06.gt,317,20.0,86400.0,PTVRP_CONT,1220766.0,143,9,0.0053,,,,,,0,,0,
Instances/Instances 2/lin318_07.gt,317,20.0,86400.0,PTVRP_CONT,1162224.0,148,6,0.0054,,,,,,0,,0,
Instances/Instances 2/lin318_08.gt,317,20.0,86400.0,PTVRP_CONT,1300076.0,151,10,0.0049,,,,,,0,,0,
Instances/Instances 2/lin318_09.gt,317,20.0,86400.0,PTVRP_CONT,1199595.0,143,7,0.0056,,,,,,0,,0,
Instances/Instances 2/lin318_10.gt,317,20.0,86400.0,PTVRP_CONT,1249664.0,152,9,0.0046,,,,,,0,,0,
Instances/Instances 2/linhp318_01.gt,317,20.0,86400.0,PTVRP_CONT,1256145.0,151,9,0.0059,,,,,,0,,0,
Instances/Instances 2/linhp318_02.gt,317,20.0,86400.0,PTVRP_CONT,1241823.0,142,9,0.0053,,,,,,0,,0,
Instances/Instances 2/linhp318_03.gt,317,20.0,86400.0,PTVRP_CONT,1280941.0,155,8,0.0048,,,,,,0,,0,
Instances/Instances 2/linhp318_04.gt,317,20.0,86400.0,PTVRP_CONT,1216901.0,144,9,0.0053,,,,,,0,,0,
Instances/Instances 2/linhp318_05.gt,317,20.0,86400.0,PTVRP_CONT,1144043.0,144,8,0.0048,,,,,,0,,0,
Instances/Instances 2/linhp318_06.gt,317,20.0,86400.0,PTVRP_CONT,1265582.0,149,10,0.0062,,,,,,0,,0,
Instances/Instances 2/linhp318_07.gt,317,20.0,86400.0,PTVRP_CONT,1218659.0,150,9,0.0063,,,,,,0,,0,
Instances/Instances 2/linhp318_08.gt,317,20.0,86400.0,PTVRP_CONT,1224658.0,135,8,0.0049,,,,,,0,,0,
Instances/Instances 2/linhp318_09.gt,317,20.0,86400.0,PTVRP_CONT,1176953.0,153,8,0.005,,,,,,0,,0,
Instances/Instances 2/linhp318_10.gt,317,20.0,86400.0,PTVRP_CONT,1304745.0,144,9,0.0051,,,,,,0,,0,
Instances/Instances 2/lu980_01.gt,979,20.0,86400.0,PTVRP_CONT,634375.0,372,13,0.0101,,,,,,0,,0,
Instances/Instances 2/lu980_02.gt,979,20.0,86400.0,PTVRP_CONT,597749.0,355,15,0.0082,,,,,,0,,0,
Instances/Instances 2/lu980_03.gt,979,20.0,86400.0,PTVRP_CONT,625997.0,356,13,0.0102,,,,,,0,,0,
Instances/Instances 2/lu980_04.gt,979,20.0,86400.0,PTVRP_CONT,621015.0,346,13,0.0096,,,,,,0,,0,
Instances/Instances 2/lu980_05.gt,979,20.0,86400.0,PTVRP_CONT,629769.0,360,12,0.0094,,,,,,0,,0,
Instances/Instances 2/lu980_06.gt,979,20.0,86400.0,PTVRP_CONT,615319.0,357,15,0.0107,,,,,,0,,0,
Instances/Instances 2/lu980_07.gt,979,20.0,86400.0,PTVRP_CONT,615606.0,351,10,0.0098,,,,,,1,,1,
Instances/Instances 2/lu980_08.gt,979,20.0,86400.0,PTVRP_CONT,611653.0,342,13,0.009,,,,,,0,,0,
Instances/Instances 2/lu980_09.gt,979,20.0,86400.0,PTVRP_CONT,622039.0,348,13,0.0096,,,,,,0,,0,
Instances/Instances 2/lu980_10.gt,979,20.0,86400.0,PTVRP_CONT,602928.0,370,11,0.0105,,,,,,0,,0,
Instances/Instances 2/mo14185_01.gt,14184,20.0,86400.0,PTVRP_CONT,95461861.0,3985,16,0.5791,,,,,,0,,0,
Instances/Instances 2/mo14185_02.gt,14184,20.0,86400.0,PTVRP_CONT,94886942.0,3918,18,0.58,,,,,,0,,0,
Instances/Instances 2/mo14185_03.gt,14184,20.0,86400.0,PTVRP_CONT,94282186.0,3931,16,0.5844,,,,,,0,,0,
Instances/Instances 2/mo14185_04.gt,14184,20.0,86400.0,PTVRP_CONT,95143267.0,3982,18,0.5738,,,,,,1,,1,
Instances/Instances 2/mo14185_05.gt,14184,20.0,86400.0,PTVRP_CONT,95356468.0,3925,16,0.5773,,,,,,0,,0,
Instances/Instances 2/mo14185_06.gt,14184,20.0,86400.0,PTVRP_CONT,94652703.0,3966,16,0.5755,,,,,,0,,0,
Instances/Instances 2/mo14185_07.gt,14184,20.0,86400.0,PTVRP_CONT,95212243.0,3967,16,0.5809,,,,,,0,,0,
Instances/Instances 2/mo14185_08.gt,14184,20.0,86400.0,PTVRP_CONT,95089409.0,3952,16,0.5772,,,,,,0,,0,
Instances/Instances 2/mo14185_09.gt,14184,20.0,86400.0,PTVRP_CONT,94795522.0,3935,17,0.5799,,,,,,0,,0,
Instances/Instances 2/mo14185_10.gt,14184,20.0,86400.0,PTVRP_CONT,95543168.0,3872,15,0.5781,,,,,,0,,0,
Instances/Instances 2/mu1979_01.gt,1978,20.0,86400.0,PTVRP_CONT,10552448.0,657,15,0.0177,,,,,,0,,0,
Instances/Instances 2/mu1979_02.gt,1978,20.0,86400.0,PTVRP_CONT,10601470.0,639,14,0.0199,,,,,,0,,0,
Instances/Instances 2/mu1979_03.gt,1978,20.0,86400.0,PTVRP_CONT,10855526.0,677,15,0.0176,,,,,,0,,0,
Instances/Instances 2/mu1979_04.gt,1978,20.0,86400.0,PTVRP_CONT,10284597.0,666,16,0.0201,,,,,,0,,0,
Instances/Instances 2/mu1979_05.gt,1978,20.0,86400.0,PTVRP_CONT,10377139.0,667,17,0.0227,,,,,,0,,0,
Instances/Instances 2/mu1979_06.gt,1978,20.0,86400.0,PTVRP_CONT,10282292.0,667,14,0.0203,,,,,,0,,0,
Instances/Instances 2/mu1979_07.gt,1978,20.0,86400.0,PTVRP_CONT,10525543.0,680,15,0.0193,,,,,,0,,0,
Instances/Instances 2/mu1979_08.gt,1978,20.0,86400.0,PTVRP_CONT,10349452.0,665,16,0.0193,,,,,,0,,0,
Instances/Instances 2/mu1979_09.gt,1978,20.0,86400.0,PTVRP_CONT,10707959.0,672,15,0.0193,,,,,,0,,0,
Instances/Instances 2/mu1979_10.gt,1978,20.0,86400.0,PTVRP_CONT,10473496.0,664,17,0.0202,,,,,,0,,0,
Instances/Instances 2/nrw1379_01.gt,1378,20.0,86400.0,PTVRP_CONT,2900697.0,561,11,0.014,,,,,,0,,0,
Instances/Instances 2/nrw1379_02.gt,1378,20.0,86400.0,PTVRP_CONT,2864393.0,575,11,0.0128,,,,,,0,,0,
Instances/Instances 2/nrw1379_03.gt,1378,20.0,86400.0,PTVRP_CONT,2991694.0,567,9,0.0138,,,,,,0,,0,
Instances/Instances 2/nrw1379_04.gt,1378,20.0,86400.0,PTVRP_CONT,2967649.0,532,10,0.0129,,,,,,0,,0,
Instances/Instances 2/nrw1379_05.gt,1378,20.0,86400.0,PTVRP_CONT,2923442.0,549,9,0.0138,,,,,,0,,0,
Instances/Instances 2/nrw1379_06.gt,1378,20.0,86400.0,PTVRP_CONT,2859195.0,554,10,0.0127,,,,,,0,,0,
Instances/Instances 2/nrw1379_07.gt,1378,20.0,86400.0,PTVRP_CONT,2941464.0,562,11,0.0125,,,,,,0,,0,
Instances/Instances 2/nrw1379_08.gt,1378,20.0,86400.0,PTVRP_CONT,2908918.0,548,10,0.0134,,,,,,0,,0,
Instances/Instances 2/nrw1379_09.gt,1378,20.0,86400.0,PTVRP_CONT,2966966.0,554,11,0.0129,,,,,,0,,0,
Instances/Instances 2/nrw1379_10.gt,1378,20.0,86400.0,PTVRP_CONT,2823534.0,543,10,0.0133,,,,,,0,,0,
Instances/Instances 2/nu3496_01.gt,3495,20.0,86400.0,PTVRP_CONT,9981936.0,1089,15,0.0453,,,,,,0,,0,
Instances/Instances 2/nu3496_02.gt,3495,20.0,86400.0,PTVRP_CONT,9982322.0,1105,16,0.0446,,,,,,0,,0,
Instances/Instances 2/nu3496_03.gt,3495,20.0,86400.0,PTVRP_CONT,9948983.0,1093,17,0.0451,,,,,,0,,0,
Instances/Instances 2/nu3496_04.gt,3495,20.0,86400.0,PTVRP_CONT,10066631.0,1111,15,0.0436,,,,,,0,,0,
Instances/Instances 2/nu3496_05.gt,3495,20.0,86400.0,PTVRP_CONT,10278441.0,1118,19,0.0445,,,,,,0,,0,
Instances/Instances 2/nu3496_06.gt,3495,20.0,86400.0,PTVRP_CONT,10018229.0,1119,19,0.0459,,,,,,1,,1,
Instances/Instances 2/nu3496_07.gt,3495,20.0,86400.0,PTVRP_CONT,9991035.0,1106,15,0.0444,,,,,,0,,0,
Instances/Instances 2/nu3496_08.gt,3495,20.0,86400.0,PTVRP_CONT,10052721.0,1139,18,0.05,,,,,,0,,0,
Instances/Instances 2/nu3496_09.gt,3495,20.0,86400.0,PTVRP_CONT,10135816.0,1110,18,0.0439,,,,,,0,,0,
Instances/Instances 2/nu3496_10.gt,3495,20.0,86400.0,PTVRP_CONT,10168191.0,1144,15,0.0452,,,,,,0,,0,
Instances/Instances 2/p654_01.gt,653,20.0,86400.0,PTVRP_CONT,4302441.0,170,13,0.0086,,,,,,0,,0,
Instances/Instances 2/p654_02.gt,653,20.0,86400.0,PTVRP_CONT,4130591.0,177,14,0.0077,,,,,,0,,0,
Instances/Instances 2/p654_03.gt,653,20.0,86400.0,PTVRP_CONT,4415693.0,193,14,0.0068,,,,,,0,,0,
Instances/Instances 2/p654_04.gt,653,20.0,86400.0,PTVRP_CONT,4249123.0,173,14,0.0071,,,,,,0,,0,
Instances/Instances 2/p654_05.gt,653,20.0,86400.0,PTVRP_CONT,4315902.0,188,13,0.0083,,,,,,0,,0,
Instances/Instances 2/p654_06.gt,653,20.0,86400.0,PTVRP_CONT,4422172.0,174,14,0.0075,,,,,,0,,0,
Instances/Instances 2/p654_07.gt,653,20.0,86400.0,PTVRP_CONT,4326441.0,166,15,0.0061,,,,,,0,,0,
Instances/Instances 2/p654_08.gt,653,20.0,86400.0,PTVRP_CONT,4343680.0,184,16,0.0082,,,,,,0,,0,
Instances/Instances 2/p654_09.gt,653,20.0,86400.0,PTVRP_CONT,4048578.0,172,15,0.0077,,,,,,0,,0,
Instances/Instances 2/p654_10.gt,653,20.0,86400.0,PTVRP_CONT,4325444.0,165,15,0.0076,,,,,,0,,0,
Instances/Instances 2/pcb1173_01.gt,1172,20.0,86400.0,PTVRP_CONT,2827187.0,470,10,0.011,,,,,,0,,0,
Instances/Instances 2/pcb1173_02.gt,1172,20.0,86400.0,PTVRP_CONT,2864320.0,476,10,0.012,,,,,,0,,0,
Instances/Instances 2/pcb1173_03.gt,1172,20.0,86400.0,PTVRP_CONT,2871166.0,489,10,0.0131,,,,,,0,,0,
Instances/Instances 2/pcb1173_04.gt,1172,20.0,86400.0,PTVRP_CONT,2867451.0,479,12,0.0123,,,,,,0,,0,
Instances/Instances 2/pcb1173_05.gt,1172,20.0,86400.0,PTVRP_CONT,2869183.0,485,12,0.0113,,,,,,0,,0,
Instances/Instances 2/pcb1173_06.gt,1172,20.0,86400.0,PTVRP_CONT,2815360.0,480,10,0.0112,,,,,,0,,0,
Instances/Instances 2/pcb1173_07.gt,1172,20.0,86400.0,PTVRP_CONT,2884723.0,487,9,0.0107,,,,,,0,,0,
Instances/Instances 2/pcb1173_08.gt,1172,20.0,86400.0,PTVRP_CONT,2877236.0,472,10,0.0104,,,,,,0,,0,
Instances/Instances 2/pcb1173_09.gt,1172,20.0,86400.0,PTVRP_CONT,2903698.0,476,9,0.011,,,,,,0,,0,
Instances/Instances 2/pcb1173_10.gt,1172,20.0,86400.0,PTVRP_CONT,2858486.0,448,10,0.0093,,,,,,0,,0,
Instances/Instances 2/pcb3038_01.gt,3037,20.0,86400.0,PTVRP_CONT,10777614.0,1074,12,0.0345,,,,,,0,,0,
Instances/Instances 2/pcb3038_02.gt,3037,20.0,86400.0,PTVRP_CONT,10835812.0,1087,12,0.0343,,,,,,0,,0,
Instances/Instances 2/pcb3038_03.gt,3037,20.0,86400.0,PTVRP_CONT,10822884.0,1098,11,0.0343,,,,,,0,,0,
Instances/Instances 2/pcb3038_04.gt,3037,20.0,86400.0,PTVRP_CONT,10768265.0,1104,12,0.0347,,,,,,0,,0,
Instances/Instances 2/pcb3038_05.gt,3037,20.0,86400.0,PTVRP_CONT,10717926.0,1106,13,0.0473,,,,,,0,,0,
Instances/Instances 2/pcb3038_06.gt,3037,20.0,86400.0,PTVRP_CONT,10875623.0,1066,13,0.0348,,,,,,0,,0,
Instances/Instances 2/pcb3038_07.gt,3037,20.0,86400.0,PTVRP_CONT,10930516.0,1093,14,0.0963,,,,,,0,,0,
Instances/Instances 2/pcb3038_08.gt,3037,20.0,86400.0,PTVRP_CONT,10559144.0,1064,12,0.0478,,,,,,0,,0,
Instances/Instances 2/pcb3038_09.gt,3037,20.0,86400.0,PTVRP_CONT,10769633.0,1049,12,0.0336,,,,,,0,,0,
Instances/Instances 2/pcb3038_10.gt,3037,20.0,86400.0,PTVRP_CONT,10959725.0,1071,12,0.033,,,,,,0,,0,
Instances/Instances 2/pcb442_01.gt,441,20.0,86400.0,PTVRP_CONT,1550629.0,196,7,0.0052,,,,,,0,,0,
Instances/Instances 2/pcb442_02.gt,441,20.0,86400.0,PTVRP_CONT,1591676.0,190,9,0.0051,,,,,,0,,0,
Instances/Instances 2/pcb442_03.gt,441,20.0,86400.0,PTVRP_CONT,1591679.0,207,13,0.0053,,,,,,0,,0,
Instances/Instances 2/pcb442_04.gt,441,20.0,86400.0,PTVRP_CONT,1591505.0,202,8,0.0055,,,,,,0,,0,
Instances/Instances 2/pcb442_05.gt,441,20.0,86400.0,PTVRP_CONT,1567429.0,198,7,0.0101,,,,,,0,,0,
Instances/Instances 2/pcb442_06.gt,441,20.0,86400.0,PTVRP_CONT,1595493.0,209,9,0.0052,,,,,,0,,0,
Instances/Instances 2/pcb442_07.gt,441,20.0,86400.0,PTVRP_CONT,1612167.0,200,8,0.0045,,,,,,0,,0,
Instances/Instances 2/pcb442_08.gt,441,20.0,86400.0,PTVRP_CONT,1618543.0,197,8,0.0043,,,,,,0,,0,
Instances/Instances 2/pcb442_09.gt,441,20.0,86400.0,PTVRP_CONT,1544559.0,199,7,0.0047,,,,,,0,,0,
Instances/Instances 2/pcb442_10.gt,441,20.0,86400.0,PTVRP_CONT,1578438.0,195,7,0.0051,,,,,,0,,0,
Instances/Instances 2/pm8079_01.gt,8078,20.0,86400.0,PTVRP_CONT,21704398.0,2219,21,0.1957,,,,,,0,,0,
Instances/Instances 2/pm8079_02.gt,8078,20.0,86400.0,PTVRP_CONT,21678833.0,2156,18,0.2023,,,,,,0,,0,
Instances/Instances 2/pm8079_03.gt,8078,20.0,86400.0,PTVRP_CONT,21477132.0,2166,18,0.1975,,,,,,0,,0,
Instances/Instances 2/pm8079_04.gt,8078,20.0,86400.0,PTVRP_CONT,21634095.0,2183,18,0.1958,,,,,,0,,0,
Instances/Instances 2/pm8079_05.gt,8078,20.0,86400.0,PTVRP_CONT,21503058.0,2206,22,0.1976,,,,,,0,,0,
Instances/Instances 2/pm8079_06.gt,8078,20.0,86400.0,PTVRP_CONT,21505027.0,2189,20,0.1977,,,,,,0,,0,
Instances/Instances 2/pm8079_07.gt,8078,20.0,86400.0,PTVRP_CONT,21616220.0,2148,21,0.198,,,,,,0,,0,
Instances/Instances 2/pm8079_08.gt,8078,20.0,86400.0,PTVRP_CONT,21632245.0,2168,23,0.1985,,,,,,0,,0,
Instances/Instances 2/pm8079_09.gt,8078,20.0,86400.0,PTVRP_CONT,21613529.0,2195,19,0.1996,,,,,,0,,0,
Instances/Instances 2/pm8079_10.gt,8078,20.0,86400.0,PTVRP_CONT,21699619.0,2190,17,0.2052,,,,,,0,,0,
Instances/Instances 2/pr1002_01.gt,1001,20.0,86400.0,PTVRP_CONT,13704076.0,443,8,0.008,,,,,,0,,0,
Instances/Instances 2/pr1002_02.gt,1001,20.0,86400.0,PTVRP_CONT,12903461.0,402,9,0.0083,,,,,,0,,0,
Instances/Instances 2/pr1002_03.gt,1001,20.0,86400.0,PTVRP_CONT,13634685.0,439,9,0.0098,,,,,,0,,0,
Instances/Instances 2/pr1002_04.gt,1001,20.0,86400.0,PTVRP_CONT,13193001.0,443,9,0.0089,,,,,,0,,0,
Instances/Instances 2/pr1002_05.gt,1001,20.0,86400.0,PTVRP_CONT,13202785.0,430,9,0.0081,,,,,,0,,0,
Instances/Instances 2/pr1002_06.gt,1001,20.0,86400.0,PTVRP_CONT,13057482.0,443,8,0.0081,,,,,,0,,0,
Instances/Instances 2/pr1002_07.gt,1001,20.0,86400.0,PTVRP_CONT,13085155.0,419,8,0.0086,,,,,,0,,0,
Instances/Instances 2/pr1002_08.gt,1001,20.0,86400.0,PTVRP_CONT,13586632.0,454,9,0.0082,,,,,,0,,0,
Instances/Instances 2/pr1002_09.gt,1001,20.0,86400.0,PTVRP_CONT,13270092.0,438,9,0.0084,,,,,,0,,0,
Instances/Instances 2/pr1002_10.gt,1001,20.0,86400.0,PTVRP_CONT,13126103.0,454,11,0.0089,,,,,,0,,0,
Instances/Instances 2/pr107_01.gt,106,20.0,86400.0,PTVRP_CONT,1431303.0,52,6,0.0038,,,,,,0,,0,
Instances/Instances 2/pr107_02.gt,106,20.0,86400.0,PTVRP_CONT,1417795.0,56,7,0.0046,,,,,,0,,0,
Instances/Instances 2/pr107_03.gt,106,20.0,86400.0,PTVRP_CONT,1497646.0,55,8,0.0041,,,,,,0,,0,
Instances/Instances 2/pr107_04.gt,106,20.0,86400.0,PTVRP_CONT,1285625.0,57,5,0.0042,,,,,,0,,0,
Instances/Instances 2/pr107_05.gt,106,20.0,86400.0,PTVRP_CONT,1514781.0,53,6,0.0039,,,,,,0,,0,
Instances/Instances 2/pr107_06.gt,106,20.0,86400.0,PTVRP_CONT,1409257.0,51,6,0.0038,,,,,,0,,0,
Instances/Instances 2/pr107_07.gt,106,20.0,86400.0,PTVRP_CONT,1486634.0,54,6,0.004,,,,,,0,,0,
Instances/Instances 2/pr107_08.gt,106,20.0,86400.0,PTVRP_CONT,1501182.0,59,5,0.0037,,,,,,0,,0,
Instances/Instances 2/pr107_09.gt,106,20.0,86400.0,PTVRP_CONT,1642401.0,59,8,0.0043,,,,,,0,,0,
Instances/Instances 2/pr107_10.gt,106,20.0,86400.0,PTVRP_CONT,1499834.0,54,6,0.0041,,,,,,0,,0,
Instances/Instances 2/pr124_01.gt,123,20.0,86400.0,PTVRP_CONT,1409460.0,56,6,0.0038,,,,,,0,,0,
Instances/Instances 2/pr124_02.gt,123,20.0,86400.0,PTVRP_CONT,1512911.0,59,8,0.0041,,,,,,0,,0,
Instances/Instances 2/pr124_03.gt,123,20.0,86400.0,PTVRP_CONT,1379859.0,54,7,0.0037,,,,,,0,,0,
Instances/Instances 2/pr124_04.gt,123,20.0,86400.0,PTVRP_CONT,1501588.0,58,7,0.0042,,,,,,0,,0,
Instances/Instances 2/pr124_05.gt,123,20.0,86400.0,PTVRP_CONT,1458345.0,59,6,0.0039,,,,,,0,,0,
Instances/Instances 2/pr124_06.gt,123,20.0,86400.0,PTVRP_CONT,1509084.0,62,7,0.0038,,,,,,0,,0,
Instances/Instances 2/pr124_07.gt,123,20.0,86400.0,PTVRP_CONT,1455663.0,61,6,0.0041,,,,,,0,,0,
Instances/Instances 2/pr124_08.gt,123,20.0,86400.0,PTVRP_CONT,1422417.0,57,7,0.0038,,,,,,0,,0,
Instances/Instances 2/pr124_09.gt,123,20.0,86400.0,PTVRP_CONT,1395787.0,58,6,0.0043,,,,,,0,,0,
Instances/Instances 2/pr124_10.gt,123,20.0,86400.0,PTVRP_CONT,1455833.0,60,8,0.0038,,,,,,0,,0,
Instances/Instances 2/pr136_01.gt,135,20.0,86400.0,PTVRP_CONT,1850248.0,73,5,0.0039,,,,,,0,,0,
Instances/Instances 2/pr136_02.gt,135,20.0,86400.0,PTVRP_CONT,1811364.0,71,6,0.0049,,,,,,0,,0,
Instances/Instances 2/pr136_03.gt,135,20.0,86400.0,PTVRP_CONT,1815904.0,74,5,0.004,,,,,,0,,0,
Instances/Instances 2/pr136_04.gt,135,20.0,86400.0,PTVRP_CONT,1885185.0,64,6,0.0041,,,,,,0,,0,
Instances/Instances 2/pr136_05.gt,135,20.0,86400.0,PTVRP_CONT,1900246.0,64,7,0.004,,,,,,0,,0,
Instances/Instances 2/pr136_06.gt,135,20.0,86400.0,PTVRP_CONT,1872818.0,67,7,0.0038,,,,,,0,,0,
Instances/Instances 2/pr136_07.gt,135,20.0,86400.0,PTVRP_CONT,1815655.0,64,6,0.0056,,,,,,0,,0,
Instances/Instances 2/pr136_08.gt,135,20.0,86400.0,PTVRP_CONT,1801967.0,67,6,0.0041,,,,,,0,,0,
Instances/Instances 2/pr136_09.gt,135,20.0,86400.0,PTVRP_CONT,1845761.0,66,7,0.0041,,,,,,0,,0,
Instances/Instances 2/pr136_10.gt,135,20.0,86400.0,PTVRP_CONT,1887371.0,70,7,0.0045,,,,,,0,,0,
Instances/Instances 2/pr144_01.gt,143,20.0,86400.0,PTVRP_CONT,1698228.0,67,6,0.0043,,,,,,0,,0,
Instances/Instances 2/pr144_02.gt,143,20.0,86400.0,PTVRP_CONT,1617568.0,61,9,0.0046,,,,,,0,,0,
Instances/Instances 2/pr144_03.gt,143,20.0,86400.0,PTVRP_CONT,1688668.0,73,7,0.0043,,,,,,0,,0,
Instances/Instances 2/pr144_04.gt,143,20.0,86400.0,PTVRP_CONT,1675395.0,67,6,0.0039,,,,,,0,,0,
Instances/Instances 2/pr144_05.gt,143,20.0,86400.0,PTVRP_CONT,1702929.0,66,7,0.004,,,,,,0,,0,
Instances/Instances 2/pr144_06.gt,143,20.0,86400.0,PTVRP_CONT,1753112.0,61,7,0.0039,,,,,,0,,0,
Instances/Instances 2/pr144_07.gt,143,20.0,86400.0,PTVRP_CONT,1682719.0,58,8,0.0039,,,,,,0,,0,
Instances/Instances 2/pr144_08.gt,143,20.0,86400.0,PTVRP_CONT,1642233.0,69,7,0.0044,,,,,,0,,0,
Instances/Instances 2/pr144_09.gt,143,20.0,86400.0,PTVRP_CONT,1904478.0,74,7,0.004,,,,,,0,,0,
Instances/Instances 2/pr144_10.gt,143,20.0,86400.0,PTVRP_CONT,1476934.0,61,7,0.0039,,,,,,0,,0,
Instances/Instances 2/pr152_01.gt,151,20.0,86400.0,PTVRP_CONT,2079458.0,74,6,0.005,,,,,,0,,0,
Instances/Instances 2/pr152_02.gt,151,20.0,86400.0,PTVRP_CONT,1944988.0,74,6,0.0044,,,,,,0,,0,
Instances/Instances 2/pr152_03.gt,151,20.0,86400.0,PTVRP_CONT,2156455.0,71,6,0.0044,,,,,,0,,0,
Instances/Instances 2/pr152_04.gt,151,20.0,86400.0,PTVRP_CONT,1936300.0,70,8,0.0046,,,,,,0,,0,
Instances/Instances 2/pr152_05.gt,151,20.0,86400.0,PTVRP_CONT,1985891.0,73,7,0.005,,,,,,0,,0,
Instances/Instances 2/pr152_06.gt,151,20.0,86400.0,PTVRP_CONT,2138380.0,70,6,0.0186,,,,,,0,,0,
Instances/Instances 2/pr152_07.gt,151,20.0,86400.0,PTVRP_CONT,2033638.0,69,9,0.0076,,,,,,0,,0,
Instances/Instances 2/pr152_08.gt,151,20.0,86400.0,PTVRP_CONT,2114265.0,80,8,0.0042,,,,,,0,,0,
Instances/Instances 2/pr152_09.gt,151,20.0,86400.0,PTVRP_CONT,1981662.0,69,6,0.0043,,,,,,0,,0,
Instances/Instances 2/pr152_10.gt,151,20.0,86400.0,PTVRP_CONT,2028140.0,77,6,0.0041,,,,,,0,,0,
Instances/Instances 2/pr226_01.gt,225,20.0,86400.0,PTVRP_CONT,3535353.0,96,8,0.0042,,,,,,0,,0,
Instances/Instances 2/pr226_02.gt,225,20.0,86400.0,PTVRP_CONT,3544375.0,111,7,0.0047,,,,,,0,,0,
Instances/Instances 2/pr226_03.gt,225,20.0,86400.0,PTVRP_CONT,3342649.0,93,8,0.0042,,,,,,0,,0,
Instances/Instances 2/pr226_04.gt,225,20.0,86400.0,PTVRP_CONT,3649079.0,95,8,0.0048,,,,,,0,,0,
Instances/Instances 2/pr226_05.gt,225,20.0,86400.0,PTVRP_CONT,3518702.0,96,8,0.0043,,,,,,0,,0,
Instances/Instances 2/pr226_06.gt,225,20.0,86400.0,PTVRP_CONT,3611797.0,96,8,0.004,,,,,,0,,0,
Instances/Instances 2/pr226_07.gt,225,20.0,86400.0,PTVRP_CONT,3521200.0,108,8,0.004,,,,,,0,,0,
Instances/Instances 2/pr226_08.gt,225,20.0,86400.0,PTVRP_CONT,3638252.0,94,9,0.0038,,,,,,0,,0,
Instances/Instances 2/pr226_09.gt,225,20.0,86400.0,PTVRP_CONT,3639720.0,105,8,0.0044,,,,,,0,,0,
Instances/Instances 2/pr226_10.gt,225,20.0,86400.0,PTVRP_CONT,3555876.0,95,8,0.0042,,,,,,0,,0,
Instances/Instances 2/pr2392_01.gt,2391,20.0,86400.0,PTVRP_CONT,29811896.0,961,10,0.0301,,,,,,0,,0,
Instances/Instances 2/pr2392_02.gt,2391,20.0,86400.0,PTVRP_CONT,30752105.0,951,11,0.024,,,,,,0,,0,
Instances/Instances 2/pr2392_03.gt,2391,20.0,86400.0,PTVRP_CONT,30705051.0,977,10,0.0233,,,,,,0,,0,
Instances/Instances 2/pr2392_04.gt,2391,20.0,86400.0,PTVRP_CONT,30673585.0,962,10,0.0445,,,,,,0,,0,
Instances/Instances 2/pr2392_05.gt,2391,20.0,86400.0,PTVRP_CONT,30598641.0,941,11,0.031,,,,,,0,,0,
Instances/Instances 2/pr2392_06.gt,2391,20.0,86400.0,PTVRP_CONT,31809095.0,977,10,0.0298,,,,,,0,,0,
Instances/Instances 2/pr2392_07.gt,2391,20.0,86400.0,PTVRP_CONT,30869934.0,942,10,0.033,,,,,,0,,0,
Instances/Instances 2/pr2392_08.gt,2391,20.0,86400.0,PTVRP_CONT,31062591.0,942,9,0.0239,,,,,,0,,0,
Instances/Instances 2/pr2392_09.gt,2391,20.0,86400.0,PTVRP_CONT,30949049.0,953,10,0.0234,,,,,,0,,0,
Instances/Instances 2/pr2392_10.gt,2391,20.0,86400.0,PTVRP_CONT,30949317.0,962,9,0.0239,,,,,,0,,0,
Instances/Instances 2/pr264_01.gt,263,20.0,86400.0,PTVRP_CONT,2473645.0,102,8,0.0042,,,,,,0,,0,
Instances/Instances 2/pr264_02.gt,263,20.0,86400.0,PTVRP_CONT,2754287.0,104,9,0.0046,,,,,,0,,0,
Instances/Instances 2/pr264_03.gt,263,20.0,86400.0,PTVRP_CONT,2806747.0,102,9,0.0045,,,,,,0,,0,
Instances/Instances 2/pr264_04.gt,263,20.0,86400.0,PTVRP_CONT,2793414.0,106,8,0.0039,,,,,,0,,0,
Instances/Instances 2/pr264_05.gt,263,20.0,86400.0,PTVRP_CONT,2554231.0,103,9,0.0047,,,,,,0,,0,
Instances/Instances 2/pr264_06.gt,263,20.0,86400.0,PTVRP_CONT,2607218.0,105,8,0.0043,,,,,,0,,0,
Instances/Instances 2/pr264_07.gt,263,20.0,86400.0,PTVRP_CONT,2811004.0,114,8,0.0052,,,,,,0,,0,
Instances/Instances 2/pr264_08.gt,263,20.0,86400.0,PTVRP_CONT,2742833.0,112,8,0.0047,,,,,,0,,0,
Instances/Instances 2/pr264_09.gt,263,20.0,86400.0,PTVRP_CONT,2620680.0,112,7,0.0055,,,,,,0,,0,
Instances/Instances 2/pr264_10.gt,263,20.0,86400.0,PTVRP_CONT,2753544.0,112,8,0.0042,,,,,,0,,0,
Instances/Instances 2/pr299_01.gt,298,20.0,86400.0,PTVRP_CONT,1535659.0,141,9,0.0053,,,,,,0,,0,
Instances/Instances 2/pr299_02.gt,298,20.0,86400.0,PTVRP_CONT,1687892.0,138,9,0.0042,,,,,,0,,0,
Instances/Instances 2/pr299_03.gt,298,20.0,86400.0,PTVRP_CONT,1747370.0,135,9,0.0052,,,,,,0,,0,
Instances/Instances 2/pr299_04.gt,298,20.0,86400.0,PTVRP_CONT,1578636.0,132,7,0.0047,,,,,,0,,0,
Instances/Instances 2/pr299_05.gt,298,20.0,86400.0,PTVRP_CONT,1582612.0,136,7,0.0055,,,,,,0,,0,
Instances/Instances 2/pr299_06.gt,298,20.0,86400.0,PTVRP_CONT,1653161.0,131,8,0.0049,,,,,,0,,0,
Instances/Instances 2/pr299_07.gt,298,20.0,86400.0,PTVRP_CONT,1672617.0,142,7,0.0044,,,,,,0,,0,
Instances/Instances 2/pr299_08.gt,298,20.0,86400.0,PTVRP_CONT,1572474.0,142,9,0.0053,,,,,,0,,0,
Instances/Instances 2/pr299_09.gt,298,20.0,86400.0,PTVRP_CONT,1724977.0,132,11,0.0044,,,,,,0,,0,
Instances/Instances 2/pr299_10.gt,298,20.0,86400.0,PTVRP_CONT,1616890.0,138,7,0.0053,,,,,,0,,0,
Instances/Instances 2/pr439_01.gt,438,20.0,86400.0,PTVRP_CONT,3824747.0,197,9,0.0047,,,,,,0,,0,
Instances/Instances 2/pr439_02.gt,438,20.0,86400.0,PTVRP_CONT,4099770.0,194,8,0.0056,,,,,,0,,0,
Instances/Instances 2/pr439_03.gt,438,20.0,86400.0,PTVRP_CONT,4054221.0,185,8,0.0046,,,,,,0,,0,
Instances/Instances 2/pr439_04.gt,438,20.0,86400.0,PTVRP_CONT,3978076.0,188,9,0.0055,,,,,,0,,0,
Instances/Instances 2/pr439_05.gt,438,20.0,86400.0,PTVRP_CONT,4104375.0,188,10,0.0047,,,,,,0,,0,
Instances/Instances 2/pr439_06.gt,438,20.0,86400.0,PTVRP_CONT,4041211.0,182,9,0.0058,,,,,,0,,0,
Instances/Instances 2/pr439_07.gt,438,20.0,86400.0,PTVRP_CONT,4199725.0,188,8,0.0054,,,,,,0,,0,
Instances/Instances 2/pr439_08.gt,438,20.0,86400.0,PTVRP_CONT,4037110.0,196,9,0.0056,,,,,,0,,0,
Instances/Instances 2/pr439_09.gt,438,20.0,86400.0,PTVRP_CONT,3948707.0,181,10,0.0052,,,,,,0,,0,
Instances/Instances 2/pr439_10.gt,438,20.0,86400.0,PTVRP_CONT,4033077.0,197,10,0.0048,,,,,,0,,0,
Instances/Instances 2/pr76_01.gt,75,20.0,86400.0,PTVRP_CONT,1305457.0,44,5,0.0041,,,,,,0,,0,
Instances/Instances 2/pr76_02.gt,75,20.0,86400.0,PTVRP_CONT,1266198.0,47,5,0.0042,,,,,,0,,0,
Instances/Instances 2/pr76_03.gt,75,20.0,86400.0,PTVRP_CONT,1374740.0,45,5,0.0037,,,,,,0,,0,
Instances/Instances 2/pr76_04.gt,75,20.0,86400.0,PTVRP_CONT,1102781.0,44,4,0.0037,,,,,,0,,0,
Instances/Instances 2/pr76_05.gt,75,20.0,86400.0,PTVRP_CONT,1321112.0,45,5,0.0043,,,,,,0,,0,
Instances/Instances 2/pr76_06.gt,75,20.0,86400.0,PTVRP_CONT,1185484.0,44,5,0.0038,,,,,,0,,0,
Instances/Instances 2/pr76_07.gt,75,20.0,86400.0,PTVRP_CONT,1299235.0,46,6,0.0044,,,,,,0,,0,
Instances/Instances 2/pr76_08.gt,75,20.0,86400.0,PTVRP_CONT,1267144.0,44,5,0.0036,,,,,,0,,0,
Instances/Instances 2/pr76_09.gt,75,20.0,86400.0,PTVRP_CONT,1302172.0,50,4,0.0035,,,,,,0,,0,
Instances/Instances 2/pr76_10.gt,75,20.0,86400.0,PTVRP_CONT,1264889.0,49,5,0.0042,,,,,,0,,0,
Instances/Instances 2/qa194_01.gt,193,20.0,86400.0,PTVRP_CONT,208610.0,97,12,0.0037,,,,,,0,,0,
Instances/Instances 2/qa194_02.gt,193,20.0,86400.0,PTVRP_CONT,206184.0,97,8,0.0038,,,,,,0,,0,
Instances/Instances 2/qa194_03.gt,193,20.0,86400.0,PTVRP_CONT,194807.0,96,11,0.0037,,,,,,0,,0,
Instances/Instances 2/qa194_04.gt,193,20.0,86400.0,PTVRP_CONT,205333.0,99,8,0.0036,,,,,,0,,0,
Instances/Instances 2/qa194_05.gt,193,20.0,86400.0,PTVRP_CONT,213739.0,95,9,0.0039,,,,,,0,,0,
Instances/Instances 2/qa194_06.gt,193,20.0,86400.0,PTVRP_CONT,205617.0,98,7,0.0058,,,,,,0,,0,
Instances/Instances 2/qa194_07.gt,193,20.0,86400.0,PTVRP_CONT,212746.0,96,11,0.0047,,,,,,0,,0,
Instances/Instances 2/qa194_08.gt,193,20.0,86400.0,PTVRP_CONT,204376.0,95,8,0.0042,,,,,,0,,0,
Instances/Instances 2/qa194_09.gt,193,20.0,86400.0,PTVRP_CONT,197279.0,87,7,0.0037,,,,,,0,,0,
Instances/Instances 2/qa194_10.gt,193,20.0,86400.0,PTVRP_CONT,200774.0,97,8,0.0053,,,,,,0,,0,
Instances/Instances 2/rat195_01.gt,194,20.0,86400.0,PTVRP_CONT,51522.0,105,8,0.0046,,,,,,0,,0,
Instances/Instances 2/rat195_02.gt,194,20.0,86400.0,PTVRP_CONT,49336.0,104,6,0.0053,,,,,,0,,0,
Instances/Instances 2/rat195_03.gt,194,20.0,86400.0,PTVRP_CONT,49859.0,105,6,0.0043,,,,,,0,,0,
Instances/Instances 2/rat195_04.gt,194,20.0,86400.0,PTVRP_CONT,46427.0,93,6,0.0048,,,,,,0,,0,
Instances/Instances 2/rat195_05.gt,194,20.0,86400.0,PTVRP_CONT,49234.0,97,6,0.005,,,,,,0,,0,
Instances/Instances 2/rat195_06.gt,194,20.0,86400.0,PTVRP_CONT,48974.0,102,6,0.0056,,,,,,0,,0,
Instances/Instances 2/rat195_07.gt,194,20.0,86400.0,PTVRP_CONT,46434.0,100,6,0.0058,,,,,,0,,0,
Instances/Instances 2/rat195_08.gt,194,20.0,86400.0,PTVRP_CONT,46647.0,101,6,0.0052,,,,,,0,,0,
Instances/Instances 2/rat195_09.gt,194,20.0,86400.0,PTVRP_CONT,48678.0,106,7,0.004,,,,,,0,,0,
Instances/Instances 2/rat195_10.gt,194,20.0,86400.0,PTVRP_CONT,51300.0,101,7,0.0045,,,,,,0,,0,
Instances/Instances 2/rat575_01.gt,574,20.0,86400.0,PTVRP_CONT,244321.0,280,8,0.0063,,,,,,0,,0,
Instances/Instances 2/rat575_02.gt,574,20.0,86400.0,PTVRP_CONT,235476.0,264,9,0.008,,,,,,0,,0,
Instances/Instances 2/rat575_03.gt,574,20.0,86400.0,PTVRP_CONT,228624.0,257,8,0.0078,,,,,,0,,0,
Instances/Instances 2/rat575_04.gt,574,20.0,86400.0,PTVRP_CONT,239521.0,245,9,0.0072,,,,,,0,,0,
Instances/Instances 2/rat575_05.gt,574,20.0,86400.0,PTVRP_CONT,241476.0,275,9,0.0061,,,,,,0,,0,
Instances/Instances 2/rat575_06.gt,574,20.0,86400.0,PTVRP_CONT,229830.0,250,9,0.0062,,,,,,0,,0,
Instances/Instances 2/rat575_07.gt,574,20.0,86400.0,PTVRP_CONT,240093.0,265,8,0.0061,,,,,,0,,0,
Instances/Instances 2/rat575_08.gt,574,20.0,86400.0,PTVRP_CONT,237577.0,263,8,0.007,,,,,,0,,0,
Instances/Instances 2/rat575_09.gt,574,20.0,86400.0,PTVRP_CONT,231237.0,250,9,0.0066,,,,,,0,,0,
Instances/Instances 2/rat575_10.gt,574,20.0,86400.0,PTVRP_CONT,238829.0,273,8,0.0056,,,,,,0,,0,
Instances/Instances 2/rat783_01.gt,782,20.0,86400.0,PTVRP_CONT,373979.0,335,9,0.0085,,,,,,0,,0,
Instances/Instances 2/rat783_02.gt,782,20.0,86400.0,PTVRP_CONT,362745.0,344,9,0.0083,,,,,,0,,0,
Instances/Instances 2/rat783_03.gt,782,20.0,86400.0,PTVRP_CONT,373525.0,328,10,0.008,,,,,,0,,0,
Instances/Instances 2/rat783_04.gt,782,20.0,86400.0,PTVRP_CONT,364461.0,332,9,0.0086,,,,,,0,,0,
Instances/Instances 2/rat783_05.gt,782,20.0,86400.0,PTVRP_CONT,371661.0,322,9,0.0084,,,,,,0,,0,
Instances/Instances 2/rat783_06.gt,782,20.0,86400.0,PTVRP_CONT,372016.0,329,10,0.0094,,,,,,0,,0,
Instances/Instances 2/rat783_07.gt,782,20.0,86400.0,PTVRP_CONT,373490.0,340,10,0.0074,,,,,,0,,0,
Instances/Instances 2/rat783_08.gt,782,20.0,86400.0,PTVRP_CONT,363212.0,342,8,0.0084,,,,,,0,,0,
Instances/Instances 2/rat783_09.gt,782,20.0,86400.0,PTVRP_CONT,369314.0,315,9,0.0098,,,,,,0,,0,
Instances/Instances 2/rat783_10.gt,782,20.0,86400.0,PTVRP_CONT,373809.0,349,9,0.0088,,,,,,0,,0,
Instances/Instances 2/rat99_01.gt,98,20.0,86400.0,PTVRP_CONT,16503.0,57,5,0.0052,,,,,,0,,0,
Instances/Instances 2/rat99_02.gt,98,20.0,86400.0,PTVRP_CONT,16698.0,59,5,0.0049,,,,,,0,,0,
Instances/Instances 2/rat99_03.gt,98,20.0,86400.0,PTVRP_CONT,19043.0,54,6,0.0048,,,,,,0,,0,
Instances/Instances 2/rat99_04.gt,98,20.0,86400.0,PTVRP_CONT,19667.0,53,7,0.0049,,,,,,0,,0,
Instances/Instances 2/rat99_05.gt,98,20.0,86400.0,PTVRP_CONT,17139.0,51,6,0.0053,,,,,,0,,0,
Instances/Instances 2/rat99_06.gt,98,20.0,86400.0,PTVRP_CONT,19685.0,54,6,0.0049,,,,,,0,,0,
Instances/Instances 2/rat99_07.gt,98,20.0,86400.0,PTVRP_CONT,19017.0,58,6,0.0051,,,,,,0,,0,
Instances/Instances 2/rat99_08.gt,98,20.0,86400.0,PTVRP_CONT,18759.0,57,6,0.0041,,,,,,0,,0,
Instances/Instances 2/rat99_09.gt,98,20.0,86400.0,PTVRP_CONT,19984.0,55,6,0.0044,,,,,,0,,0,
Instances/Instances 2/rat99_10.gt,98,20.0,86400.0,PTVRP_CONT,16893.0,57,6,0.0058,,,,,,0,,0,
Instances/Instances 2/rd100_01.gt,99,20.0,86400.0,PTVRP_CONT,107009.0,50,6,0.0044,,,,,,0,,0,
Instances/Instances 2/rd100_02.gt,99,20.0,86400.0,PTVRP_CONT,114753.0,54,6,0.0042,,,,,,0,,0,
Instances/Instances 2/rd100_03.gt,99,20.0,86400.0,PTVRP_CONT,126240.0,53,5,0.0047,,,,,,0,,0,
Instances/Instances 2/rd100_04.gt,99,20.0,86400.0,PTVRP_CONT,123072.0,51,6,0.0047,,,,,,0,,0,
Instances/Instances 2/rd100_05.gt,99,20.0,86400.0,PTVRP_CONT,121979.0,54,8,0.0042,,,,,,0,,0,
Instances/Instances 2/rd100_06.gt,99,20.0,86400.0,PTVRP_CONT,128855.0,54,9,0.004,,,,,,0,,0,
Instances/Instances 2/rd100_07.gt,99,20.0,86400.0,PTVRP_CONT,127747.0,55,8,0.0052,,,,,,0,,0,
Instances/Instances 2/rd100_08.gt,99,20.0,86400.0,PTVRP_CONT,127958.0,59,6,0.0037,,,,,,0,,0,
Instances/Instances 2/rd100_09.gt,99,20.0,86400.0,PTVRP_CONT,127965.0,52,6,0.0047,,,,,,0,,0,
Instances/Instances 2/rd100_10.gt,99,20.0,86400.0,PTVRP_CONT,106914.0,55,6,0.0038,,,,,,0,,0,
Instances/Instances 2/rd400_01.gt,399,20.0,86400.0,PTVRP_CONT,442893.0,194,7,0.0056,,,,,,0,,0,
Instances/Instances 2/rd400_02.gt,399,20.0,86400.0,PTVRP_CONT,434910.0,197,7,0.0049,,,,,,0,,0,
Instances/Instances 2/rd400_03.gt,399,20.0,86400.0,PTVRP_CONT,442789.0,184,7,0.0054,,,,,,0,,0,
Instances/Instances 2/rd400_04.gt,399,20.0,86400.0,PTVRP_CONT,425893.0,184,8,0.0056,,,,,,0,,0,
Instances/Instances 2/rd400_05.gt,399,20.0,86400.0,PTVRP_CONT,464395.0,188,8,0.0046,,,,,,0,,0,
Instances/Instances 2/rd400_06.gt,399,20.0,86400.0,PTVRP_CONT,441987.0,181,9,0.0062,,,,,,0,,0,
Instances/Instances 2/rd400_07.gt,399,20.0,86400.0,PTVRP_CONT,453152.0,181,7,0.0056,,,,,,0,,0,
Instances/Instances 2/rd400_08.gt,399,20.0,86400.0,PTVRP_CONT,456541.0,180,8,0.0054,,,,,,0,,0,
Instances/Instances 2/rd400_09.gt,399,20.0,86400.0,PTVRP_CONT,438132.0,185,8,0.0054,,,,,,0,,0,
Instances/Instances 2/rd400_10.gt,399,20.0,86400.0,PTVRP_CONT,434207.0,201,7,0.0054,,,,,,0,,0,
Instances/Instances 2/rl11849_01.gt,11848,20.0,86400.0,PTVRP_CONT,171385867.0,4565,13,0.4117,,,,,,0,,0,
Instances/Instances 2/rl11849_02.gt,11848,20.0,86400.0,PTVRP_CONT,173031497.0,4599,13,0.4171,,,,,,0,,0,
Instances/Instances 2/rl11849_03.gt,11848,20.0,86400.0,PTVRP_CONT,172895095.0,4641,12,0.4145,,,,,,0,,0,
Instances/Instances 2/rl11849_04.gt,11848,20.0,86400.0,PTVRP_CONT,172025814.0,4599,15,0.4137,,,,,,0,,0,
Instances/Instances 2/rl11849_05.gt,11848,20.0,86400.0,PTVRP_CONT,174319743.0,4623,12,0.4194,,,,,,0,,0,
Instances/Instances 2/rl11849_06.gt,11848,20.0,86400.0,PTVRP_CONT,171465839.0,4577,13,0.4129,,,,,,0,,0,
Instances/Instances 2/rl11849_07.gt,11848,20.0,86400.0,PTVRP_CONT,171756795.0,4578,13,0.4267,,,,,,0,,0,
Instances/Instances 2/rl11849_08.gt,11848,20.0,86400.0,PTVRP_CONT,170491759.0,4571,13,0.4128,,,,,,0,,0,
Instances/Instances 2/rl11849_09.gt,11848,20.0,86400.0,PTVRP_CONT,171735237.0,4610,14,0.415,,,,,,0,,0,
Instances/Instances 2/rl11849_10.gt,11848,20.0,86400.0,PTVRP_CONT,172077577.0,4594,13,0.4122,,,,,,0,,0,
Instances/Instances 2/rl1304_01.gt,1303,20.0,86400.0,PTVRP_CONT,18841723.0,580,10,0.0128,,,,,,0,,0,
Instances/Instances 2/rl1304_02.gt,1303,20.0,86400.0,PTVRP_CONT,19139564.0,568,9,0.0125,,,,,,0,,0,
Instances/Instances 2/rl1304_03.gt,1303,20.0,86400.0,PTVRP_CONT,19282011.0,568,9,0.0114,,,,,,0,,0,
Instances/Instances 2/rl1304_04.gt,1303,20.0,86400.0,PTVRP_CONT,18549178.0,547,8,0.012,,,,,,0,,0,
Instances/Instances 2/rl1304_05.gt,1303,20.0,86400.0,PTVRP_CONT,19084314.0,558,11,0.0124,,,,,,0,,0,
Instances/Instances 2/rl1304_06.gt,1303,20.0,86400.0,PTVRP_CONT,18619879.0,542,9,0.0127,,,,,,0,,0,
Instances/Instances 2/rl1304_07.gt,1303,20.0,86400.0,PTVRP_CONT,18964091.0,571,10,0.0132,,,,,,0,,0,
Instances/Instances 2/rl1304_08.gt,1303,20.0,86400.0,PTVRP_CONT,19031367.0,560,10,0.013,,,,,,0,,0,
Instances/Instances 2/rl1304_09.gt,1303,20.0,86400.0,PTVRP_CONT,19545017.0,590,9,0.0118,,,,,,0,,0,
Instances/Instances 2/rl1304_10.gt,1303,20.0,86400.0,PTVRP_CONT,18969604.0,555,9,0.0103,,,,,,0,,0,
Instances/Instances 2/rl1323_01.gt,1322,20.0,86400.0,PTVRP_CONT,20770192.0,557,9,0.0103,,,,,,0,,0,
Instances/Instances 2/rl1323_02.gt,1322,20.0,86400.0,PTVRP_CONT,19699766.0,552,9,0.0114,,,,,,0,,0,
Instances/Instances 2/rl1323_03.gt,1322,20.0,86400.0,PTVRP_CONT,19735787.0,551,11,0.012,,,,,,0,,0,
Instances/Instances 2/rl1323_04.gt,1322,20.0,86400.0,PTVRP_CONT,19850592.0,592,9,0.0113,,,,,,0,,0,
Instances/Instances 2/rl1323_05.gt,1322,20.0,86400.0,PTVRP_CONT,19888821.0,551,9,0.0114,,,,,,0,,0,
Instances/Instances 2/rl1323_06.gt,1322,20.0,86400.0,PTVRP_CONT,19912518.0,568,9,0.0127,,,,,,0,,0,
Instances/Instances 2/rl1323_07.gt,1322,20.0,86400.0,PTVRP_CONT,20063143.0,596,9,0.0117,,,,,,0,,0,
Instances/Instances 2/rl1323_08.gt,1322,20.0,86400.0,PTVRP_CONT,19909984.0,589,8,0.0117,,,,,,0,,0,
Instances/Instances 2/rl1323_09.gt,1322,20.0,86400.0,PTVRP_CONT,19854660.0,551,9,0.0122,,,,,,0,,0,
Instances/Instances 2/rl1323_10.gt,1322,20.0,86400.0,PTVRP_CONT,20589182.0,582,8,0.0114,,,,,,0,,0,
Instances/Instances 2/rl1889_01.gt,1888,20.0,86400.0,PTVRP_CONT,30137720.0,789,9,0.0204,,,,,,0,,0,
Instances/Instances 2/rl1889_02.gt,1888,20.0,86400.0,PTVRP_CONT,30029449.0,795,10,0.0177,,,,,,0,,0,
Instances/Instances 2/rl1889_03.gt,1888,20.0,86400.0,PTVRP_CONT,30498623.0,795,9,0.0172,,,,,,0,,0,
Instances/Instances 2/rl1889_04.gt,1888,20.0,86400.0,PTVRP_CONT,30392815.0,797,9,0.0168,,,,,,0,,0,
Instances/Instances 2/rl1889_05.gt,1888,20.0,86400.0,PTVRP_CONT,30730885.0,819,9,0.0169,,,,,,0,,0,
Instances/Instances 2/rl1889_06.gt,1888,20.0,86400.0,PTVRP_CONT,30377145.0,803,9,0.0166,,,,,,0,,0,
Instances/Instances 2/rl1889_07.gt,1888,20.0,86400.0,PTVRP_CONT,30931729.0,812,9,0.0168,,,,,,0,,0,
Instances/Instances 2/rl1889_08.gt,1888,20.0,86400.0,PTVRP_CONT,30117798.0,793,10,0.0171,,,,,,0,,0,
Instances/Instances 2/rl1889_09.gt,1888,20.0,86400.0,PTVRP_CONT,30520490.0,786,9,0.0169,,,,,,0,,0,
Instances/Instances 2/rl1889_10.gt,1888,20.0,86400.0,PTVRP_CONT,30514984.0,826,11,0.0176,,,,,,0,,0,
Instances/Instances 2/rl5915_01.gt,5914,20.0,86400.0,PTVRP_CONT,83146568.0,2270,11,0.1097,,,,,,0,,0,
Instances/Instances 2/rl5915_02.gt,5914,20.0,86400.0,PTVRP_CONT,84106777.0,2262,12,0.1105,,,,,,0,,0,
Instances/Instances 2/rl5915_03.gt,5914,20.0,86400.0,PTVRP_CONT,85380535.0,2355,12,0.1364,,,,,,0,,0,
Instances/Instances 2/rl5915_04.gt,5914,20.0,86400.0,PTVRP_CONT,84244193.0,2312,12,0.1195,,,,,,0,,0,
Instances/Instances 2/rl5915_05.gt,5914,20.0,86400.0,PTVRP_CONT,84434909.0,2316,11,0.1122,,,,,,0,,0,
Instances/Instances 2/rl5915_06.gt,5914,20.0,86400.0,PTVRP_CONT,85259782.0,2314,13,0.1127,,,,,,0,,0,
Instances/Instances 2/rl5915_07.gt,5914,20.0,86400.0,PTVRP_CONT,83033370.0,2274,11,0.1115,,,,,,0,,0,
Instances/Instances 2/rl5915_08.gt,5914,20.0,86400.0,PTVRP_CONT,84923141.0,2359,12,0.1142,,,,,,0,,0,
Instances/Instances 2/rl5915_09.gt,5914,20.0,86400.0,PTVRP_CONT,83988831.0,2325,12,0.112,,,,,,0,,0,
Instances/Instances 2/rl5915_10.gt,5914,20.0,86400.0,PTVRP_CONT,84554193.0,2278,12,0.1116,,,,,,0,,0,
Instances/Instances 2/rl5934_01.gt,5933,20.0,86400.0,PTVRP_CONT,84169002.0,2339,12,0.1121,,,,,,0,,0,
Instances/Instances 2/rl5934_02.gt,5933,20.0,86400.0,PTVRP_CONT,83602771.0,2376,13,0.1179,,,,,,0,,0,
Instances/Instances 2/rl5934_03.gt,5933,20.0,86400.0,PTVRP_CONT,83317175.0,2322,12,0.1133,,,,,,0,,0,
Instances/Instances 2/rl5934_04.gt,5933,20.0,86400.0,PTVRP_CONT,84493612.0,2382,12,0.1124,,,,,,0,,0,
Instances/Instances 2/rl5934_05.gt,5933,20.0,86400.0,PTVRP_CONT,83077048.0,2319,11,0.1129,,,,,,0,,0,
Instances/Instances 2/rl5934_06.gt,5933,20.0,86400.0,PTVRP_CONT,83817739.0,2322,12,0.1139,,,,,,0,,0,
Instances/Instances 2/rl5934_07.gt,5933,20.0,86400.0,PTVRP_CONT,84257474.0,2338,12,0.1124,,,,,,0,,0,
Instances/Instances 2/rl5934_08.gt,5933,20.0,86400.0,PTVRP_CONT,83745960.0,2370,11,0.1135,,,,,,0,,0,
Instances/Instances 2/rl5934_09.gt,5933,20.0,86400.0,PTVRP_CONT,83387390.0,2306,12,0.1122,,,,,,0,,0,
Instances/Instances 2/rl5934_10.gt,5933,20.0,86400.0,PTVRP_CONT,84434454.0,2320,12,0.1119,,,,,,0,,0,
Instances/Instances 2/rw1621_01.gt,1620,20.0,86400.0,PTVRP_CONT,2391345.0,531,13,0.0162,,,,,,0,,0,
Instances/Instances 2/rw1621_02.gt,1620,20.0,86400.0,PTVRP_CONT,2345740.0,522,13,0.0156,,,,,,0,,0,
Instances/Instances 2/rw1621_03.gt,1620,20.0,86400.0,PTVRP_CONT,2336815.0,512,14,0.015,,,,,,0,,0,
Instances/Instances 2/rw1621_04.gt,1620,20.0,86400.0,PTVRP_CONT,2395601.0,519,15,0.0159,,,,,,0,,0,
Instances/Instances 2/rw1621_05.gt,1620,20.0,86400.0,PTVRP_CONT,2365160.0,507,14,0.0154,,,,,,0,,0,
Instances/Instances 2/rw1621_06.gt,1620,20.0,86400.0,PTVRP_CONT,2349905.0,508,14,0.0135,,,,,,0,,0,
Instances/Instances 2/rw1621_07.gt,1620,20.0,86400.0,PTVRP_CONT,2333904.0,511,14,0.0147,,,,,,0,,0,
Instances/Instances 2/rw1621_08.gt,1620,20.0,86400.0,PTVRP_CONT,2354681.0,526,16,0.0146,,,,,,0,,0,
Instances/Instances 2/rw1621_09.gt,1620,20.0,86400.0,PTVRP_CONT,2386590.0,532,17,0.0147,,,,,,0,,0,
Instances/Instances 2/rw1621_10.gt,1620,20.0,86400.0,PTVRP_CONT,2314082.0,507,12,0.0164,,,,,,0,,0,
Instances/Instances 2/st70_01.gt,69,20.0,86400.0,PTVRP_CONT,7414.0,41,4,0.0061,,,,,,0,,0,
Instances/Instances 2/st70_02.gt,69,20.0,86400.0,PTVRP_CONT,8001.0,41,6,0.0051,,,,,,0,,0,
Instances/Instances 2/st70_03.gt,69,20.0,86400.0,PTVRP_CONT,8201.0,38,6,0.0045,,,,,,0,,0,
Instances/Instances 2/st70_04.gt,69,20.0,86400.0,PTVRP_CONT,7794.0,40,5,0.0048,,,,,,0,,0,
Instances/Instances 2/st70_05.gt,69,20.0,86400.0,PTVRP_CONT,8613.0,46,5,0.0049,,,,,,0,,0,
Instances/Instances 2/st70_06.gt,69,20.0,86400.0,PTVRP_CONT,7912.0,39,8,0.0052,,,,,,0,,0,
Instances/Instances 2/st70_07.gt,69,20.0,86400.0,PTVRP_CONT,7519.0,45,5,0.0054,,,,,,0,,0,
Instances/Instances 2/st70_08.gt,69,20.0,86400.0,PTVRP_CONT,8409.0,45,6,0.0049,,,,,,0,,0,
Instances/Instances 2/st70_09.gt,69,20.0,86400.0,PTVRP_CONT,8576.0,35,5,0.0047,,,,,,0,,0,
Instances/Instances 2/st70_10.gt,69,20.0,86400.0,PTVRP_CONT,7702.0,43,4,0.005,,,,,,0,,0,
Instances/Instances 2/sw24978_01.gt,24977,20.0,86400.0,PTVRP_CONT,216192004.0,7552,19,1.7927,,,,,,0,,0,
Instances/Instances 2/sw24978_02.gt,24977,20.0,86400.0,PTVRP_CONT,215776977.0,7551,18,1.7752,,,,,,0,,0,
Instances/Instances 2/sw24978_03.gt,24977,20.0,86400.0,PTVRP_CONT,215946893.0,7454,16,1.7722,,,,,,0,,0,
Instances/Instances 2/sw24978_04.gt,24977,20.0,86400.0,PTVRP_CONT,217284219.0,7519,17,1.8111,,,,,,0,,0,
Instances/Instances 2/sw24978_05.gt,24977,20.0,86400.0,PTVRP_CONT,213948099.0,7446,16,1.8015,,,,,,0,,0,
Instances/Instances 2/sw24978_06.gt,24977,20.0,86400.0,PTVRP_CONT,217919768.0,7359,16,1.7861,,,,,,0,,0,
Instances/Instances 2/sw24978_07.gt,24977,20.0,86400.0,PTVRP_CONT,216165836.0,7552,17,1.7807,,,,,,0,,0,
Instances/Instances 2/sw24978_08.gt,24977,20.0,86400.0,PTVRP_CONT,215549520.0,7504,16,1.7797,,,,,,0,,0,
Instances/Instances 2/sw24978_09.gt,24977,20.0,86400.0,PTVRP_CONT,216207311.0,7406,17,1.7889,,,,,,0,,0,
Instances/Instances 2/sw24978_10.gt,24977,20.0,86400.0,PTVRP_CONT,216718697.0,7435,15,1.7746,,,,,,0,,0,
Instances/Instances 2/ts225_01.gt,224,20.0,86400.0,PTVRP_CONT,3372707.0,113,7,0.0048,,,,,,0,,0,
Instances/Instances 2/ts225_02.gt,224,20.0,86400.0,PTVRP_CONT,3748470.0,117,6,0.0042,,,,,,0,,0,
Instances/Instances 2/ts225_03.gt,224,20.0,86400.0,PTVRP_CONT,3371946.0,110,6,0.0044,,,,,,0,,0,
Instances/Instances 2/ts225_04.gt,224,20.0,86400.0,PTVRP_CONT,3545039.0,120,6,0.0051,,,,,,0,,0,
Instances/Instances 2/ts225_05.gt,224,20.0,86400.0,PTVRP_CONT,3415885.0,119,6,0.0041,,,,,,0,,0,
Instances/Instances 2/ts225_06.gt,224,20.0,86400.0,PTVRP_CONT,3230129.0,100,6,0.005,,,,,,0,,0,
Instances/Instances 2/ts225_07.gt,224,20.0,86400.0,PTVRP_CONT,3149938.0,106,7,0.0043,,,,,,0,,0,
Instances/Instances 2/ts225_08.gt,224,20.0,86400.0,PTVRP_CONT,3304624.0,109,6,0.0041,,,,,,0,,0,
Instances/Instances 2/ts225_09.gt,224,20.0,86400.0,PTVRP_CONT,3430212.0,116,6,0.0046,,,,,,0,,0,
Instances/Instances 2/ts225_10.gt,224,20.0,86400.0,PTVRP_CONT,3402079.0,120,6,0.0048,,,,,,0,,0,
Instances/Instances 2/tsp225_01.gt,224,20.0,86400.0,PTVRP_CONT,86922.0,101,9,0.0044,,,,,,0,,0,
Instances/Instances 2/tsp225_02.gt,224,20.0,86400.0,PTVRP_CONT,97798.0,117,9,0.0046,,,,,,0,,0,
Instances/Instances 2/tsp225_03.gt,224,20.0,86400.0,PTVRP_CONT,84826.0,120,6,0.0047,,,,,,0,,0,
Instances/Instances 2/tsp225_04.gt,224,20.0,86400.0,PTVRP_CONT,92291.0,127,7,0.0047,,,,,,0,,0,
Instances/Instances 2/tsp225_05.gt,224,20.0,86400.0,PTVRP_CONT,90043.0,113,7,0.005,,,,,,0,,0,
Instances/Instances 2/tsp225_06.gt,224,20.0,86400.0,PTVRP_CONT,82844.0,114,7,0.0052,,,,,,0,,0,
Instances/Instances 2/tsp225_07.gt,224,20.0,86400.0,PTVRP_CONT,80454.0,112,7,0.0048,,,,,,0,,0,
Instances/Instances 2/tsp225_08.gt,224,20.0,86400.0,PTVRP_CONT,86411.0,113,7,0.0046,,,,,,0,,0,
Instances/Instances 2/tsp225_09.gt,224,20.0,86400.0,PTVRP_CONT,88603.0,114,5,0.0046,,,,,,0,,0,
Instances/Instances 2/tsp225_10.gt,224,20.0,86400.0,PTVRP_CONT,88679.0,112,7,0.004,,,,,,0,,0,
Instances/Instances 2/tz6117_01.gt,6116,20.0,86400.0,PTVRP_CONT,60869139.0,2046,13,0.1179,,,,,,0,,0,
Instances/Instances 2/tz6117_02.gt,6116,20.0,86400.0,PTVRP_CONT,62122181.0,2109,13,0.1171,,,,,,0,,0,
Instances/Instances 2/tz6117_03.gt,6116,20.0,86400.0,PTVRP_CONT,61444518.0,2028,14,0.1178,,,,,,0,,0,
Instances/Instances 2/tz6117_04.gt,6116,20.0,86400.0,PTVRP_CONT,62026420.0,2037,14,0.1172,,,,,,0,,0,
Instances/Instances 2/tz6117_05.gt,6116,20.0,86400.0,PTVRP_CONT,60352701.0,2003,13,0.1173,,,,,,0,,0,
Instances/Instances 2/tz6117_06.gt,6116,20.0,86400.0,PTVRP_CONT,62026603.0,2050,14,0.1179,,,,,,0,,0,
Instances/Instances 2/tz6117_07.gt,6116,20.0,86400.0,PTVRP_CONT,61598615.0,2061,14,0.1174,,,,,,0,,0,
Instances/Instances 2/tz6117_08.gt,6116,20.0,86400.0,PTVRP_CONT,60967364.0,2006,14,0.1162,,,,,,0,,0,
Instances/Instances 2/tz6117_09.gt,6116,20.0,86400.0,PTVRP_CONT,60901269.0,2040,13,0.1204,,,,,,0,,0,
Instances/Instances 2/tz6117_10.gt,6116,20.0,86400.0,PTVRP_CONT,61121943.0,2012,13,0.1184,,,,,,0,,0,
Instances/Instances 2/u1060_01.gt,1059,20.0,86400.0,PTVRP_CONT,13870350.0,469,10,0.0082,,,,,,0,,0,
Instances/Instances 2/u1060_02.gt,1059,20.0,86400.0,PTVRP_CONT,13760289.0,458,8,0.0086,,,,,,0,,0,
Instances/Instances 2/u1060_03.gt,1059,20.0,86400.0,PTVRP_CONT,13852243.0,445,8,0.0092,,,,,,0,,0,
Instances/Instances 2/u1060_04.gt,1059,20.0,86400.0,PTVRP_CONT,13986545.0,447,9,0.0088,,,,,,0,,0,
Instances/Instances 2/u1060_05.gt,1059,20.0,86400.0,PTVRP_CONT,13716105.0,448,10,0.0087,,,,,,0,,0,
Instances/Instances 2/u1060_06.gt,1059,20.0,86400.0,PTVRP_CONT,13753742.0,461,8,0.0091,,,,,,0,,0,
Instances/Instances 2/u1060_07.gt,1059,20.0,86400.0,PTVRP_CONT,13567504.0,468,9,0.0087,,,,,,0,,0,
Instances/Instances 2/u1060_08.gt,1059,20.0,86400.0,PTVRP_CONT,13771723.0,466,8,0.0094,,,,,,0,,0,
Instances/Instances 2/u1060_09.gt,1059,20.0,86400.0,PTVRP_CONT,13601824.0,444,9,0.0098,,,,,,0,,0,
Instances/Instances 2/u1060_10.gt,1059,20.0,86400.0,PTVRP_CONT,13915840.0,478,9,0.0096,,,,,,0,,0,
Instances/Instances 2/u1432_01.gt,1431,20.0,86400.0,PTVRP_CONT,7772481.0,574,9,0.0137,,,,,,0,,0,
Instances/Instances 2/u1432_02.gt,1431,20.0,86400.0,PTVRP_CONT,8132376.0,552,12,0.0133,,,,,,0,,0,
Instances/Instances 2/u1432_03.gt,1431,20.0,86400.0,PTVRP_CONT,7945782.0,585,10,0.0131,,,,,,0,,0,
Instances/Instances 2/u1432_04.gt,1431,20.0,86400.0,PTVRP_CONT,7970819.0,559,9,0.013,,,,,,0,,0,
Instances/Instances 2/u1432_05.gt,1431,20.0,86400.0,PTVRP_CONT,8107144.0,574,11,0.0139,,,,,,0,,0,
Instances/Instances 2/u1432_06.gt,1431,20.0,86400.0,PTVRP_CONT,8099615.0,566,12,0.0125,,,,,,0,,0,
Instances/Instances 2/u1432_07.gt,1431,20.0,86400.0,PTVRP_CONT,8168845.0,592,10,0.014,,,,,,0,,0,
Instances/Instances 2/u1432_08.gt,1431,20.0,86400.0,PTVRP_CONT,8111613.0,570,10,0.013,,,,,,0,,0,
Instances/Instances 2/u1432_09.gt,1431,20.0,86400.0,PTVRP_CONT,8187961.0,586,10,0.0135,,,,,,0,,0,
Instances/Instances 2/u1432_10.gt,1431,20.0,86400.0,PTVRP_CONT,8113847.0,594,10,0.0128,,,,,,0,,0,
Instances/Instances 2/u159_01.gt,158,20.0,86400.0,PTVRP_CONT,1025901.0,76,7,0.0055,,,,,,0,,0,
Instances/Instances 2/u159_02.gt,158,20.0,86400.0,PTVRP_CONT,951395.0,82,6,0.0036,,,,,,0,,0,
Instances/Instances 2/u159_03.gt,158,20.0,86400.0,PTVRP_CONT,885393.0,86,9,0.0049,,,,,,0,,0,
Instances/Instances 2/u159_04.gt,158,20.0,86400.0,PTVRP_CONT,909853.0,70,7,0.0042,,,,,,0,,0,
Instances/Instances 2/u159_05.gt,158,20.0,86400.0,PTVRP_CONT,943505.0,79,8,0.0042,,,,,,0,,0,
Instances/Instances 2/u159_06.gt,158,20.0,86400.0,PTVRP_CONT,832112.0,70,7,0.0042,,,,,,0,,0,
Instances/Instances 2/u159_07.gt,158,20.0,86400.0,PTVRP_CONT,954499.0,84,9,0.0044,,,,,,0,,0,
Instances/Instances 2/u159_08.gt,158,20.0,86400.0,PTVRP_CONT,984192.0,74,7,0.0046,,,,,,0,,0,
Instances/Instances 2/u159_09.gt,158,20.0,86400.0,PTVRP_CONT,954241.0,77,8,0.0042,,,,,,0,,0,
Instances/Instances 2/u159_10.gt,158,20.0,86400.0,PTVRP_CONT,970410.0,73,7,0.0038,,,,,,0,,0,
Instances/Instances 2/u1817_01.gt,1816,20.0,86400.0,PTVRP_CONT,4252091.0,658,13,0.017,,,,,,0,,0,
Instances/Instances 2/u1817_02.gt,1816,20.0,86400.0,PTVRP_CONT,4240676.0,668,13,0.0161,,,,,,0,,0,
Instances/Instances 2/u1817_03.gt,1816,20.0,86400.0,PTVRP_CONT,4236344.0,675,12,0.0195,,,,,,0,,0,
Instances/Instances 2/u1817_04.gt,1816,20.0,86400.0,PTVRP_CONT,4361150.0,659,12,0.0177,,,,,,0,,0,
Instances/Instances 2/u1817_05.gt,1816,20.0,86400.0,PTVRP_CONT,4243549.0,642,12,0.0177,,,,,,0,,0,
Instances/Instances 2/u1817_06.gt,1816,20.0,86400.0,PTVRP_CONT,4212711.0,658,13,0.0177,,,,,,0,,0,
Instances/Instances 2/u1817_07.gt,1816,20.0,86400.0,PTVRP_CONT,4294253.0,655,13,0.0177,,,,,,0,,0,
Instances/Instances 2/u1817_08.gt,1816,20.0,86400.0,PTVRP_CONT,4237097.0,673,12,0.0194,,,,,,0,,0,
Instances/Instances 2/u1817_09.gt,1816,20.0,86400.0,PTVRP_CONT,4240644.0,683,12,0.0166,,,,,,0,,0,
Instances/Instances 2/u1817_10.gt,1816,20.0,86400.0,PTVRP_CONT,4246557.0,650,12,0.033,,,,,,0,,0,
Instances/Instances 2/u2152_01.gt,2151,20.0,86400.0,PTVRP_CONT,5069364.0,776,12,0.0209,,,,,,0,,0,
Instances/Instances 2/u2152_02.gt,2151,20.0,86400.0,PTVRP_CONT,5090787.0,768,14,0.021,,,,,,0,,0,
Instances/Instances 2/u2152_03.gt,2151,20.0,86400.0,PTVRP_CONT,5128013.0,775,14,0.02,,,,,,0,,0,
Instances/Instances 2/u2152_04.gt,2151,20.0,86400.0,PTVRP_CONT,5077847.0,784,11,0.0211,,,,,,0,,0,
Instances/Instances 2/u2152_05.gt,2151,20.0,86400.0,PTVRP_CONT,5046396.0,796,13,0.0252,,,,,,0,,0,
Instances/Instances 2/u2152_06.gt,2151,20.0,86400.0,PTVRP_CONT,5111368.0,765,13,0.0217,,,,,,0,,0,
Instances/Instances 2/u2152_07.gt,2151,20.0,86400.0,PTVRP_CONT,5106143.0,755,14,0.0208,,,,,,0,,0,
Instances/Instances 2/u2152_08.gt,2151,20.0,86400.0,PTVRP_CONT,5074650.0,756,13,0.0208,,,,,,0,,0,
Instances/Instances 2/u2152_09.gt,2151,20.0,86400.0,PTVRP_CONT,5035489.0,784,13,0.0219,,,,,,0,,0,
Instances/Instances 2/u2152_10.gt,2151,20.0,86400.0,PTVRP_CONT,5134528.0,782,13,0.0214,,,,,,0,,0,
Instances/Instances 2/u2319_01.gt,2318,20.0,86400.0,PTVRP_CONT,12257919.0,916,10,0.0237,,,,,,0,,0,
Instances/Instances 2/u2319_02.gt,2318,20.0,86400.0,PTVRP_CONT,12290127.0,937,10,0.0239,,,,,,0,,0,
Instances/Instances 2/u2319_03.gt,2318,20.0,86400.0,PTVRP_CONT,12225779.0,940,10,0.0228,,,,,,0,,0,
Instances/Instances 2/u2319_04.gt,2318,20.0,86400.0,PTVRP_CONT,12331550.0,949,10,0.0227,,,,,,0,,0,
Instances/Instances 2/u2319_05.gt,2318,20.0,86400.0,PTVRP_CONT,12027767.0,934,12,0.0234,,,,,,0,,0,
Instances/Instances 2/u2319_06.gt,2318,20.0,86400.0,PTVRP_CONT,12273892.0,919,10,0.0238,,,,,,0,,0,
Instances/Instances 2/u2319_07.gt,2318,20.0,86400.0,PTVRP_CONT,12191228.0,932,11,0.0239,,,,,,0,,0,
Instances/Instances 2/u2319_08.gt,2318,20.0,86400.0,PTVRP_CONT,12334476.0,943,11,0.024,,,,,,0,,0,
Instances/Instances 2/u2319_09.gt,2318,20.0,86400.0,PTVRP_CONT,12354447.0,940,11,0.024,,,,,,0,,0,
Instances/Instances 2/u2319_10.gt,2318,20.0,86400.0,PTVRP_CONT,12309912.0,927,13,0.024,,,,,,0,,0,
Instances/Instances 2/u574_01.gt,573,20.0,86400.0,PTVRP_CONT,1434352.0,249,9,0.0069,,,,,,0,,0,
Instances/Instances 2/u574_02.gt,573,20.0,86400.0,PTVRP_CONT,1425860.0,271,12,0.0069,,,,,,0,,0,
Instances/Instances 2/u574_03.gt,573,20.0,86400.0,PTVRP_CONT,1357613.0,264,8,0.0061,,,,,,0,,0,
Instances/Instances 2/u574_04.gt,573,20.0,86400.0,PTVRP_CONT,1392639.0,245,10,0.0062,,,,,,0,,0,
Instances/Instances 2/u574_05.gt,573,20.0,86400.0,PTVRP_CONT,1381372.0,247,10,0.0054,,,,,,0,,0,
Instances/Instances 2/u574_06.gt,573,20.0,86400.0,PTVRP_CONT,1476267.0,238,11,0.006,,,,,,0,,0,
Instances/Instances 2/u574_07.gt,573,20.0,86400.0,PTVRP_CONT,1411816.0,265,9,0.0056,,,,,,0,,0,
Instances/Instances 2/u574_08.gt,573,20.0,86400.0,PTVRP_CONT,1417451.0,254,10,0.0055,,,,,,0,,0,
Instances/Instances 2/u574_09.gt,573,20.0,86400.0,PTVRP_CONT,1346205.0,247,8,0.0058,,,,,,0,,0,
Instances/Instances 2/u574_10.gt,573,20.0,86400.0,PTVRP_CONT,1409795.0,253,10,0.0057,,,,,,0,,0,
Instances/Instances 2/u724_01.gt,723,20.0,86400.0,PTVRP_CONT,1805898.0,321,9,0.0065,,,,,,0,,0,
Instances/Instances 2/u724_02.gt,723,20.0,86400.0,PTVRP_CONT,1805735.0,303,9,0.0061,,,,,,0,,0,
Instances/Instances 2/u724_03.gt,723,20.0,86400.0,PTVRP_CONT,1742959.0,311,9,0.006,,,,,,0,,0,
Instances/Instances 2/u724_04.gt,723,20.0,86400.0,PTVRP_CONT,1816240.0,290,12,0.0063,,,,,,0,,0,
Instances/Instances 2/u724_05.gt,723,20.0,86400.0,PTVRP_CONT,1856694.0,302,10,0.0065,,,,,,0,,0,
Instances/Instances 2/u724_06.gt,723,20.0,86400.0,PTVRP_CONT,1814651.0,309,11,0.0067,,,,,,0,,0,
Instances/Instances 2/u724_07.gt,723,20.0,86400.0,PTVRP_CONT,1730151.0,290,10,0.0066,,,,,,0,,0,
Instances/Instances 2/u724_08.gt,723,20.0,86400.0,PTVRP_CONT,1766716.0,298,13,0.0059,,,,,,0,,0,
Instances/Instances 2/u724_09.gt,723,20.0,86400.0,PTVRP_CONT,1847344.0,300,10,0.0068,,,,,,0,,0,
Instances/Instances 2/u724_10.gt,723,20.0,86400.0,PTVRP_CONT,1785052.0,300,9,0.0064,,,,,,0,,0,
Instances/Instances 2/usa13509_01.gt,13508,20.0,86400.0,PTVRP_CONT,NO SOLUTION,,,0.5316,,,,,,0,,0,
Instances/Instances 2/usa13509_02.gt,13508,20.0,86400.0,PTVRP_CONT,NO SOLUTION,,,0.5318,,,,,,0,,0,
Instances/Instances 2/usa13509_03.gt,13508,20.0,86400.0,PTVRP_CONT,NO SOLUTION,,,0.5356,,,,,,0,,0,
Instances/Instances 2/usa13509_04.gt,13508,20.0,86400.0,PTVRP_CONT,NO SOLUTION,,,0.5252,,,,,,0,,0,
Instances/Instances 2/usa13509_05.gt,13508,20.0,86400.0,PTVRP_CONT,NO SOLUTION,,,0.5246,,,,,,0,,0,
Instances/Instances 2/usa13509_06.gt,13508,20.0,86400.0,PTVRP_CONT,NO SOLUTION,,,0.5737,,,,,,0,,0,
Instances/Instances 2/usa13509_07.gt,13508,20.0,86400.0,PTVRP_CONT,NO SOLUTION,,,0.5278,,,,,,0,,0,
Instances/Instances 2/usa13509_08.gt,13508,20.0,86400.0,PTVRP_CONT,NO SOLUTION,,,0.5228,,,,,,0,,0,
Instances/Instances 2/usa13509_09.gt,13508,20.0,86400.0,PTVRP_CONT,NO SOLUTION,,,0.5263,,,,,,0,,0,
Instances/Instances 2/usa13509_10.gt,13508,20.0,86400.0,PTVRP_CONT,NO SOLUTION,,,0.5251,,,,,,0,,0,
Instances/Instances 2/uy734_01.gt,733,20.0,86400.0,PTVRP_CONT,3323235.0,302,13,0.0091,,,,,,0,,0,
Instances/Instances 2/uy734_02.gt,733,20.0,86400.0,PTVRP_CONT,3522264.0,305,11,0.007,,,,,,0,,0,
Instances/Instances 2/uy734_03.gt,733,20.0,86400.0,PTVRP_CONT,3380518.0,304,11,0.0088,,,,,,0,,0,
Instances/Instances 2/uy734_04.gt,733,20.0,86400.0,PTVRP_CONT,3406459.0,307,10,0.0084,,,,,,0,,0,
Instances/Instances 2/uy734_05.gt,733,20.0,86400.0,PTVRP_CONT,3349271.0,298,13,0.0071,,,,,,0,,0,
Instances/Instances 2/uy734_06.gt,733,20.0,86400.0,PTVRP_CONT,3416362.0,305,10,0.0069,,,,,,0,,0,
Instances/Instances 2/uy734_07.gt,733,20.0,86400.0,PTVRP_CONT,3377940.0,302,12,0.007,,,,,,0,,0,
Instances/Instances 2/uy734_08.gt,733,20.0,86400.0,PTVRP_CONT,3461662.0,307,11,0.0073,,,,,,0,,0,
Instances/Instances 2/uy734_09.gt,733,20.0,86400.0,PTVRP_CONT,3422421.0,302,9,0.0084,,,,,,0,,0,
Instances/Instances 2/uy734_10.gt,733,20.0,86400.0,PTVRP_CONT,3384784.0,300,13,0.0072,,,,,,0,,0,
Instances/Instances 2/vm1084_01.gt,1083,20.0,86400.0,PTVRP_CONT,17941763.0,472,10,0.011,,,,,,0,,0,
Instances/Instances 2/vm1084_02.gt,1083,20.0,86400.0,PTVRP_CONT,17871874.0,498,10,0.0106,,,,,,0,,0,
Instances/Instances 2/vm1084_03.gt,1083,20.0,86400.0,PTVRP_CONT,17739421.0,483,9,0.0101,,,,,,0,,0,
Instances/Instances 2/vm1084_04.gt,1083,20.0,86400.0,PTVRP_CONT,17545103.0,482,9,0.0097,,,,,,0,,0,
Instances/Instances 2/vm1084_05.gt,1083,20.0,86400.0,PTVRP_CONT,17833855.0,482,9,0.0105,,,,,,0,,0,
Instances/Instances 2/vm1084_06.gt,1083,20.0,86400.0,PTVRP_CONT,17540137.0,493,10,0.0088,,,,,,0,,0,
Instances/Instances 2/vm1084_07.gt,1083,20.0,86400.0,PTVRP_CONT,18133464.0,499,8,0.011,,,,,,0,,0,
Instances/Instances 2/vm1084_08.gt,1083,20.0,86400.0,PTVRP_CONT,17919102.0,479,10,0.0102,,,,,,0,,0,
Instances/Instances 2/vm1084_09.gt,1083,20.0,86400.0,PTVRP_CONT,17820291.0,493,8,0.0087,,,,,,0,,0,
Instances/Instances 2/vm1084_10.gt,1083,20.0,86400.0,PTVRP_CONT,17302288.0,473,8,0.0083,,,,,,0,,0,
Instances/Instances 2/vm1748_01.gt,1747,20.0,86400.0,PTVRP_CONT,30957344.0,785,9,0.016,,,,,,0,,0,
Instances/Instances 2/vm1748_02.gt,1747,20.0,86400.0,PTVRP_CONT,30946455.0,795,9,0.0153,,,,,,0,,0,
Instances/Instances 2/vm1748_03.gt,1747,20.0,86400.0,PTVRP_CONT,30569413.0,822,9,0.0159,,,,,,0,,0,
Instances/Instances 2/vm1748_04.gt,1747,20.0,86400.0,PTVRP_CONT,31156713.0,798,9,0.0163,,,,,,0,,0,
Instances/Instances 2/vm1748_05.gt,1747,20.0,86400.0,PTVRP_CONT,31091076.0,809,9,0.0156,,,,,,0,,0,
Instances/Instances 2/vm1748_06.gt,1747,20.0,86400.0,PTVRP_CONT,30636599.0,804,9,0.016,,,,,,0,,0,
Instances/Instances 2/vm1748_07.gt,1747,20.0,86400.0,PTVRP_CONT,30173820.0,753,9,0.0148,,,,,,0,,0,
Instances/Instances 2/vm1748_08.gt,1747,20.0,86400.0,PTVRP_CONT,31049903.0,808,10,0.015,,,,,,0,,0,
Instances/Instances 2/vm1748_09.gt,1747,20.0,86400.0,PTVRP_CONT,30597194.0,770,8,0.0159,,,,,,0,,0,
Instances/Instances 2/vm1748_10.gt,1747,20.0,86400.0,PTVRP_CONT,30881962.0,780,9,0.0167,,,,,,0,,0,
Instances/Instances 2/vm22775_01.gt,22774,20.0,86400.0,PTVRP_CONT,271789200.0,7370,16,1.4984,,,,,,0,,0,
Instances/Instances 2/vm22775_02.gt,22774,20.0,86400.0,PTVRP_CONT,272765485.0,7449,18,1.4868,,,,,,0,,0,
Instances/Instances 2/vm22775_03.gt,22774,20.0,86400.0,PTVRP_CONT,271122383.0,7490,16,1.4987,,,,,,0,,0,
Instances/Instances 2/vm22775_04.gt,22774,20.0,86400.0,PTVRP_CONT,271765235.0,7338,16,1.5575,,,,,,0,,0,
Instances/Instances 2/vm22775_05.gt,22774,20.0,86400.0,PTVRP_CONT,273727586.0,7416,16,1.5037,,,,,,0,,0,
Instances/Instances 2/vm22775_06.gt,22774,20.0,86400.0,PTVRP_CONT,271459169.0,7300,17,1.4795,,,,,,0,,0,
Instances/Instances 2/vm22775_07.gt,22774,20.0,86400.0,PTVRP_CONT,273454688.0,7361,21,1.4862,,,,,,0,,0,
Instances/Instances 2/vm22775_08.gt,22774,20.0,86400.0,PTVRP_CONT,272927407.0,7379,16,1.4748,,,,,,0,,0,
Instances/Instances 2/vm22775_09.gt,22774,20.0,86400.0,PTVRP_CONT,270920641.0,7370,17,1.4897,,,,,,0,,0,
Instances/Instances 2/vm22775_10.gt,22774,20.0,86400.0,PTVRP_CONT,272426022.0,7406,16,1.481,,,,,,0,,0,
Instances/Instances 2/wi29_01.gt,28,20.0,86400.0,PTVRP_CONT,253201.0,17,5,0.0055,,,,,,0,,0,
Instances/Instances 2/wi29_02.gt,28,20.0,86400.0,PTVRP_CONT,261376.0,19,5,0.0046,,,,,,0,,0,
Instances/Instances 2/wi29_03.gt,28,20.0,86400.0,PTVRP_CONT,219391.0,17,5,0.0042,,,,,,0,,0,
Instances/Instances 2/wi29_04.gt,28,20.0,86400.0,PTVRP_CONT,285853.0,18,7,0.0046,,,,,,0,,0,
Instances/Instances 2/wi29_05.gt,28,20.0,86400.0,PTVRP_CONT,210958.0,17,4,0.005,,,,,,0,,0,
Instances/Instances 2/wi29_06.gt,28,20.0,86400.0,PTVRP_CONT,326358.0,17,7,0.0043,,,,,,0,,0,
Instances/Instances 2/wi29_07.gt,28,20.0,86400.0,PTVRP_CONT,248200.0,18,3,0.0046,,,,,,0,,0,
Instances/Instances 2/wi29_08.gt,28,20.0,86400.0,PTVRP_CONT,262679.0,19,6,0.0046,,,,,,0,,0,
Instances/Instances 2/wi29_09.gt,28,20.0,86400.0,PTVRP_CONT,216460.0,15,4,0.0042,,,,,,0,,0,
Instances/Instances 2/wi29_10.gt,28,20.0,86400.0,PTVRP_CONT,222558.0,15,5,0.0046,,,,,,0,,0,
Instances/Instances 2/ym7663_01.gt,7662,20.0,86400.0,PTVRP_CONT,37449141.0,2280,21,0.1836,,,,,,0,,0,
Instances/Instances 2/ym7663_02.gt,7662,20.0,86400.0,PTVRP_CONT,38039089.0,2301,20,0.1804,,,,,,0,,0,
Instances/Instances 2/ym7663_03.gt,7662,20.0,86400.0,PTVRP_CONT,37498361.0,2247,16,0.1766,,,,,,0,,0,
Instances/Instances 2/ym7663_04.gt,7662,20.0,86400.0,PTVRP_CONT,37415386.0,2288,15,0.1783,,,,,,0,,0,
Instances/Instances 2/ym7663_05.gt,7662,20.0,86400.0,PTVRP_CONT,37775912.0,2261,17,0.1787,,,,,,0,,0,
Instances/Instances 2/ym7663_06.gt,7662,20.0,86400.0,PTVRP_CONT,37268322.0,2219,18,0.1776,,,,,,0,,0,
Instances/Instances 2/ym7663_07.gt,7662,20.0,86400.0,PTVRP_CONT,37797803.0,2284,18,0.1813,,,,,,0,,0,
Instances/Instances 2/ym7663_08.gt,7662,20.0,86400.0,PTVRP_CONT,37585117.0,2264,19,0.1825,,,,,,0,,0,
Instances/Instances 2/ym7663_09.gt,7662,20.0,86400.0,PTVRP_CONT,37722326.0,2266,20,0.1782,,,,,,0,,0,
Instances/Instances 2/ym7663_10.gt,7662,20.0,86400.0,PTVRP_CONT,37922689.0,2226,20,0.1763,,,,,,0,,0,
Instances/Instances 2/zi929_01.gt,928,20.0,86400.0,PTVRP_CONT,5163866.0,343,14,0.0097,,,,,,0,,0,
Instances/Instances 2/zi929_02.gt,928,20.0,86400.0,PTVRP_CONT,4971798.0,320,18,0.01,,,,,,0,,0,
Instances/Instances 2/zi929_03.gt,928,20.0,86400.0,PTVRP_CONT,4946344.0,312,14,0.0097,,,,,,0,,0,
Instances/Instances 2/zi929_04.gt,928,20.0,86400.0,PTVRP_CONT,4996468.0,324,17,0.0091,,,,,,0,,0,
Instances/Instances 2/zi929_05.gt,928,20.0,86400.0,PTVRP_CONT,5058673.0,306,16,0.0096,,,,,,0,,0,
Instances/Instances 2/zi929_06.gt,928,20.0,86400.0,PTVRP_CONT,5211894.0,316,14,0.009,,,,,,0,,0,
Instances/Instances 2/zi929_07.gt,928,20.0,86400.0,PTVRP_CONT,5067200.0,328,14,0.0087,,,,,,0,,0,
Instances/Instances 2/zi929_08.gt,928,20.0,86400.0,PTVRP_CONT,5109945.0,315,17,0.0091,,,,,,0,,0,
Instances/Instances 2/zi929_09.gt,928,20.0,86400.0,PTVRP_CONT,4869021.0,328,15,0.008,,,,,,0,,0,
Instances/Instances 2/zi929_10.gt,928,20.0,86400.0,PTVRP_CONT,5188654.0,324,18,0.0098,,,,,,0,,0,
Instances/Instances 3/a280_01.gt,279,10.0,86400.0,PTVRP_CONT,140031.0,179,11,0.0069,,,,,,0,,0,
Instances/Instances 3/a280_02.gt,279,10.0,86400.0,PTVRP_CONT,134245.0,164,15,0.0065,,,,,,0,,0,
Instances/Instances 3/a280_03.gt,279,10.0,86400.0,PTVRP_CONT,134959.0,168,12,0.0059,,,,,,0,,0,
Instances/Instances 3/a280_04.gt,279,10.0,86400.0,PTVRP_CONT,137740.0,174,11,0.0044,,,,,,0,,0,
Instances/Instances 3/a280_05.gt,279,10.0,86400.0,PTVRP_CONT,137973.0,174,11,0.0048,,,,,,0,,0,
Instances/Instances 3/a280_06.gt,279,10.0,86400.0,PTVRP_CONT,139552.0,168,12,0.006,,,,,,0,,0,
Instances/Instances 3/a280_07.gt,279,10.0,86400.0,PTVRP_CONT,144531.0,168,13,0.0061,,,,,,0,,0,
Instances/Instances 3/a280_08.gt,279,10.0,86400.0,PTVRP_CONT,140522.0,168,10,0.0055,,,,,,0,,0,
Instances/Instances 3/a280_09.gt,279,10.0,86400.0,PTVRP_CONT,135599.0,170,15,0.0055,,,,,,0,,0,
Instances/Instances 3/a280_10.gt,279,10.0,86400.0,PTVRP_CONT,133598.0,163,11,0.0055,,,,,,0,,0,
Instances/Instances 3/ar9152_01.gt,9151,10.0,86400.0,PTVRP_CONT,NO SOLUTION,,,0.2452,,,,,,0,,0,
Instances/Instances 3/ar9152_02.gt,9151,10.0,86400.0,PTVRP_CONT,NO SOLUTION,,,0.2429,,,,,,0,,0,
Instances/Instances 3/ar9152_03.gt,9151,10.0,86400.0,PTVRP_CONT,NO SOLUTION,,,0.2449,,,,,,0,,0,
Instances/Instances 3/ar9152_04.gt,9151,10.0,86400.0,PTVRP_CONT,NO SOLUTION,,,0.2434,,,,,,0,,0,
Instances/Instances 3/ar9152_05.gt,9151,10.0,86400.0,PTVRP_CONT,NO SOLUTION,,,0.2466,,,,,,0,,0,
Instances/Instances 3/ar9152_06.gt,9151,10.0,86400.0,PTVRP_CONT,NO SOLUTION,,,0.2473,,,,,,0,,0,
Instances/Instances 3/ar9152_07.gt,9151,10.0,86400.0,PTVRP_CONT,NO SOLUTION,,,0.2462,,,,,,0,,0,
Instances/Instances 3/ar9152_08.gt,9151,10.0,86400.0,PTVRP_CONT,NO SOLUTION,,,0.245,,,,,,0,,0,
Instances/Instances 3/ar9152_09.gt,9151,10.0,86400.0,PTVRP_CONT,NO SOLUTION,,,0.2458,,,,,,0,,0,
Instances/Instances 3/ar9152_10.gt,9151,10.0,86400.0,PTVRP_CONT,NO SOLUTION,,,0.2514,,,,,,0,,0,
Instances/Instances 3/berlin52_01.gt,51,10.0,86400.0,PTVRP_CONT,97661.0,39,7,0.0048,,,,,,0,,0,
Instances/Instances 3/berlin52_02.gt,51,10.0,86400.0,PTVRP_CONT,103571.0,40,8,0.0054,,,,,,0,,0,
Instances/Instances 3/berlin52_03.gt,51,10.0,86400.0,PTVRP_CONT,121606.0,43,6,0.0043,,,,,,0,,0,
Instances/Instances 3/berlin52_04.gt,51,10.0,86400.0,PTVRP_CONT,123858.0,44,8,0.0042,,,,,,0,,0,
Instances/Instances 3/berlin52_05.gt,51,10.0,86400.0,PTVRP_CONT,120000.0,39,6,0.0038,,,,,,0,,0,
Instances/Instances 3/berlin52_06.gt,51,10.0,86400.0,PTVRP_CONT,109441.0,40,6,0.0042,,,,,,0,,0,
Instances/Instances 3/berlin52_07.gt,51,10.0,86400.0,PTVRP_CONT,131065.0,42,8,0.0046,,,,,,0,,0,
Instances/Instances 3/berlin52_08.gt,51,10.0,86400.0,PTVRP_CONT,99399.0,40,6,0.0046,,,,,,0,,0,
Instances/Instances 3/berlin52_09.gt,51,10.0,86400.0,PTVRP_CONT,122913.0,41,6,0.0045,,,,,,0,,0,
Instances/Instances 3/berlin52_10.gt,51,10.0,86400.0,PTVRP_CONT,116231.0,43,7,0.0048,,,,,,0,,0,
Instances/Instances 3/bier127_01.gt,126,10.0,86400.0,PTVRP_CONT,2372871.0,89,8,0.0044,,,,,,0,,0,
Instances/Instances 3/bier127_02.gt,126,10.0,86400.0,PTVRP_CONT,NO SOLUTION,,,0.0044,,,,,,0,,0,
Instances/Instances 3/bier127_03.gt,126,10.0,86400.0,PTVRP_CONT,NO SOLUTION,,,0.0045,,,,,,0,,0,
Instances/Instances 3/bier127_04.gt,126,10.0,86400.0,PTVRP_CONT,NO SOLUTION,,,0.004,,,,,,0,,0,
Instances/Instances 3/bier127_05.gt,126,10.0,86400.0,PTVRP_CONT,2501155.0,95,9,0.0043,,,,,,0,,0,
Instances/Instances 3/bier127_06.gt,126,10.0,86400.0,PTVRP_CONT,NO SOLUTION,,,0.0047,,,,,,0,,0,
Instances/Instances 3/bier127_07.gt,126,10.0,86400.0,PTVRP_CONT,NO SOLUTION,,,0.0042,,,,,,0,,0,
Instances/Instances 3/bier127_08.gt,126,10.0,86400.0,PTVRP_CONT,NO SOLUTION,,,0.0043,,,,,,0,,0,
Instances/Instances 3/bier127_09.gt,126,10.0,86400.0,PTVRP_CONT,NO SOLUTION,,,0.004,,,,,,0,,0,
Instances/Instances 3/bier127_10.gt,126,10.0,86400.0,PTVRP_CONT,NO SOLUTION,,,0.0041,,,,,,0,,0,
Instances/Instances 3/bm33708_01.gt,33707,10.0,86400.0,PTVRP_CONT,NO SOLUTION,,,3.5661,,,,,,0,,0,
Instances/Instances 3/bm33708_02.gt,33707,10.0,86400.0,PTVRP_CONT,NO SOLUTION,,,3.4411,,,,,,0,,0,
Instances/Instances 3/bm33708_03.gt,33707,10.0,86400.0,PTVRP_CONT,NO SOLUTION,,,3.434,,,,,,0,,0,
Instances/Instances 3/bm33708_04.gt,33707,10.0,86400.0,PTVRP_CONT,NO SOLUTION,,,3.2629,,,,,,0,,0,
Instances/Instances 3/bm33708_05.gt,33707,10.0,86400.0,PTVRP_CONT,NO SOLUTION,,,3.2068,,,,,,0,,0,
Instances/Instances 3/bm33708_06.gt,33707,10.0,86400.0,PTVRP_CONT,NO SOLUTION,,,3.1997,,,,,,0,,0,
Instances/Instances 3/bm33708_07.gt,33707,10.0,86400.0,PTVRP_CONT,NO SOLUTION,,,3.2075,,,,,,0,,0,
Instances/Instances 3/bm33708_08.gt,33707,10.0,86400.0,PTVRP_CONT,NO SOLUTION,,,3.1712,,,,,,0,,0,
Instances/Instances 3/bm33708_09.gt,33707,10.0,86400.0,PTVRP_CONT,NO SOLUTION,,,3.1679,,,,,,0,,0,
Instances/Instances 3/bm33708_10.gt,33707,10.0,86400.0,PTVRP_CONT,NO SOLUTION,,,3.2669,,,,,,0,,0,
Instances/Instances 3/brd14051_01.gt,14050,10.0,86400.0,PTVRP_CONT,162296593.0,6002,23,0.5768,,,,,,0,,0,
Instances/Instances 3/brd14051_02.gt,14050,10.0,86400.0,PTVRP_CONT,160815080.0,6005,25,0.5745,,,,,,0,,0,
Instances/Instances 3/brd14051_03.gt,14050,10.0,86400.0,PTVRP_CONT,161097353.0,6051,23,0.585,,,,,,0,,0,
Instances/Instances 3/brd14051_04.gt,14050,10.0,86400.0,PTVRP_CONT,162174071.0,5999,25,0.577,,,,,,0,,0,
Instances/Instances 3/brd14051_05.gt,14050,10.0,86400.0,PTVRP_CONT,161905991.0,6084,24,0.6488,,,,,,0,,0,
Instances/Instances 3/brd14051_06.gt,14050,10.0,86400.0,PTVRP_CONT,162135672.0,6002,24,0.576,,,,,,0,,0,
Instances/Instances 3/brd14051_07.gt,14050,10.0,86400.0,PTVRP_CONT,162357864.0,6011,24,0.5777,,,,,,0,,0,
Instances/Instances 3/brd14051_08.gt,14050,10.0,86400.0,PTVRP_CONT,164184438.0,6081,24,0.5747,,,,,,0,,0,
Instances/Instances 3/brd14051_09.gt,14050,10.0,86400.0,PTVRP_CONT,162721864.0,6127,23,0.5737,,,,,,0,,0,
Instances/Instances 3/brd14051_10.gt,14050,10.0,86400.0,PTVRP_CONT,161716360.0,6075,24,0.5763,,,,,,0,,0,
Instances/Instances 3/ca4663_01.gt,4662,10.0,86400.0,PTVRP_CONT,NO SOLUTION,,,0.068,,,,,,0,,0,
Instances/Instances 3/ca4663_02.gt,4662,10.0,86400.0,PTVRP_CONT,NO SOLUTION,,,0.0674,,,,,,0,,0,
Instances/Instances 3/ca4663_03.gt,4662,10.0,86400.0,PTVRP_CONT,NO SOLUTION,,,0.0678,,,,,,0,,0,
Instances/Instances 3/ca4663_04.gt,4662,10.0,86400.0,PTVRP_CONT,NO SOLUTION,,,0.0678,,,,,,0,,0,
Instances/Instances 3/ca4663_05.gt,4662,10.0,86400.0,PTVRP_CONT,NO SOLUTION,,,0.0676,,,,,,0,,0,
Instances/Instances 3/ca4663_06.gt,4662,10.0,86400.0,PTVRP_CONT,NO SOLUTION,,,0.0693,,,,,,0,,0,
Instances/Instances 3/ca4663_07.gt,4662,10.0,86400.0,PTVRP_CONT,NO SOLUTION,,,0.0693,,,,,,0,,0,
Instances/Instances 3/ca4663_08.gt,4662,10.0,86400.0,PTVRP_CONT,NO SOLUTION,,,0.0715,,,,,,0,,0,
Instances/Instances 3/ca4663_09.gt,4662,10.0,86400.0,PTVRP_CONT,NO SOLUTION,,,0.0854,,,,,,0,,0,
Instances/Instances 3/ca4663_10.gt,4662,10.0,86400.0,PTVRP_CONT,NO SOLUTION,,,0.0697,,,,,,0,,0,
Instances/Instances 3/ch130_01.gt,129,10.0,86400.0,PTVRP_CONT,183001.0,90,9,0.0041,,,,,,0,,0,
Instances/Instances 3/ch130_02.gt,129,10.0,86400.0,PTVRP_CONT,189850.0,83,14,0.0047,,,,,,0,,0,
Instances/Instances 3/ch130_03.gt,129,10.0,86400.0,PTVRP_CONT,188041.0,92,12,0.0037,,,,,,0,,0,
Instances/Instances 3/ch130_04.gt,129,10.0,86400.0,PTVRP_CONT,204523.0,92,12,0.0047,,,,,,0,,0,
Instances/Instances 3/ch130_05.gt,129,10.0,86400.0,PTVRP_CONT,180670.0,85,10,0.0041,,,,,,0,,0,
Instances/Instances 3/ch130_06.gt,129,10.0,86400.0,PTVRP_CONT,178842.0,86,11,0.0046,,,,,,0,,0,
Instances/Instances 3/ch130_07.gt,129,10.0,86400.0,PTVRP_CONT,180444.0,88,10,0.0042,,,,,,0,,0,
Instances/Instances 3/ch130_08.gt,129,10.0,86400.0,PTVRP_CONT,198515.0,94,9,0.004,,,,,,0,,0,
Instances/Instances 3/ch130_09.gt,129,10.0,86400.0,PTVRP_CONT,184710.0,90,11,0.0045,,,,,,0,,0,
Instances/Instances 3/ch130_10.gt,129,10.0,86400.0,PTVRP_CONT,184325.0,87,10,0.0042,,,,,,0,,0,
Instances/Instances 3/ch150_01.gt,149,10.0,86400.0,PTVRP_CONT,236822.0,97,11,0.0045,,,,,,0,,0,
Instances/Instances 3/ch150_02.gt,149,10.0,86400.0,PTVRP_CONT,205537.0,101,8,0.0039,,,,,,0,,0,
Instances/Instances 3/ch150_03.gt,149,10.0,86400.0,PTVRP_CONT,210032.0,101,9,0.004,,,,,,0,,0,
Instances/Instances 3/ch150_04.gt,149,10.0,86400.0,PTVRP_CONT,220234.0,106,10,0.0042,,,,,,0,,0,
Instances/Instances 3/ch150_05.gt,149,10.0,86400.0,PTVRP_CONT,228044.0,104,13,0.0045,,,,,,0,,0,
Instances/Instances 3/ch150_06.gt,149,10.0,86400.0,PTVRP_CONT,212598.0,100,10,0.0051,,,,,,0,,0,
Instances/Instances 3/ch150_07.gt,149,10.0,86400.0,PTVRP_CONT,225934.0,100,9,0.0038,,,,,,0,,0,
Instances/Instances 3/ch150_08.gt,149,10.0,86400.0,PTVRP_CONT,233995.0,100,9,0.0049,,,,,,0,,0,
Instances/Instances 3/ch150_09.gt,149,10.0,86400.0,PTVRP_CONT,217384.0,97,12,0.0038,,,,,,0,,0,
Instances/Instances 3/ch150_10.gt,149,10.0,86400.0,PTVRP_CONT,218360.0,107,8,0.0045,,,,,,0,,0,
Instances/Instances 3/ch71009_01.gt,71008,10.0,86400.0,PTVRP_CONT,NO SOLUTION,,,14.3414,,,,,,0,,0,
Instances/Instances 3/ch71009_02.gt,71008,10.0,86400.0,PTVRP_CONT,NO SOLUTION,,,14.1941,,,,,,0,,0,
Instances/Instances 3/ch71009_03.gt,71008,10.0,86400.0,PTVRP_CONT,NO SOLUTION,,,14.3325,,,,,,0,,0,
Instances/Instances 3/ch71009_04.gt,71008,10.0,86400.0,PTVRP_CONT,NO SOLUTION,,,14.0671,,,,,,0,,0,
Instances/Instances 3/ch71009_05.gt,71008,10.0,86400.0,PTVRP_CONT,NO SOLUTION,,,14.4237,,,,,,0,,0,
Instances/Instances 3/ch71009_06.gt,71008,10.0,86400.0,PTVRP_CONT,NO SOLUTION,,,14.1587,,,,,,0,,0,
Instances/Instances 3/ch71009_07.gt,71008,10.0,86400.0,PTVRP_CONT,NO SOLUTION,,,14.2862,,,,,,0,,0,
Instances/Instances 3/ch71009_08.gt,71008,10.0,86400.0,PTVRP_CONT,NO SOLUTION,,,14.3321,,,,,,0,,0,
Instances/Instances 3/ch71009_09.gt,71008,10.0,86400.0,PTVRP_CONT,NO SOLUTION,,,14.3625,,,,,,0,,0,
Instances/Instances 3/ch71009_10.gt,71008,10.0,86400.0,PTVRP_CONT,NO SOLUTION,,,14.3494,,,,,,0,,0,
Instances/Instances 3/d1291_01.gt,1290,10.0,86400.0,PTVRP_CONT,7047490.0,626,18,0.0133,,,,,,0,,0,
Instances/Instances 3/d1291_02.gt,1290,10.0,86400.0,PTVRP_CONT,6401254.0,624,17,0.0129,,,,,,0,,0,
Instances/Instances 3/d1291_03.gt,1290,10.0,86400.0,PTVRP_CONT,6717332.0,640,17,0.0119,,,,,,0,,0,
Instances/Instances 3/d1291_04.gt,1290,10.0,86400.0,PTVRP_CONT,6581313.0,625,17,0.0113,,,,,,0,,0,
Instances/Instances 3/d1291_05.gt,1290,10.0,86400.0,PTVRP_CONT,6711677.0,633,19,0.0123,,,,,,0,,0,
Instances/Instances 3/d1291_06.gt,1290,10.0,86400.0,PTVRP_CONT,6675794.0,602,19,0.0123,,,,,,0,,0,
Instances/Instances 3/d1291_07.gt,1290,10.0,86400.0,PTVRP_CONT,6634690.0,635,21,0.0114,,,,,,0,,0,
Instances/Instances 3/d1291_08.gt,1290,10.0,86400.0,PTVRP_CONT,6587813.0,612,20,0.0119,,,,,,0,,0,
Instances/Instances 3/d1291_09.gt,1290,10.0,86400.0,PTVRP_CONT,6684618.0,606,20,0.0118,,,,,,1,,1,
Instances/Instances 3/d1291_10.gt,1290,10.0,86400.0,PTVRP_CONT,6614974.0,625,16,0.0119,,,,,,0,,0,
Instances/Instances 3/d15112_01.gt,15111,10.0,86400.0,PTVRP_CONT,NO SOLUTION,,,0.6553,,,,,,0,,0,
Instances/Instances 3/d15112_02.gt,15111,10.0,86400.0,PTVRP_CONT,NO SOLUTION,,,0.6539,,,,,,0,,0,
Instances/Instances 3/d15112_03.gt,15111,10.0,86400.0,PTVRP_CONT,NO SOLUTION,,,0.6548,,,,,,0,,0,
Instances/Instances 3/d15112_04.gt,15111,10.0,86400.0,PTVRP_CONT,NO SOLUTION,,,0.6499,,,,,,0,,0,
Instances/Instances 3/d15112_05.gt,15111,10.0,86400.0,PTVRP_CONT,NO SOLUTION,,,0.6437,,,,,,0,,0,
Instances/Instances 3/d15112_06.gt,15111,10.0,86400.0,PTVRP_CONT,NO SOLUTION,,,0.6445,,,,,,0,,0,
Instances/Instances 3/d15112_07.gt,15111,10.0,86400.0,PTVRP_CONT,NO SOLUTION,,,0.6538,,,,,,0,,0,
Instances/Instances 3/d15112_08.gt,15111,10.0,86400.0,PTVRP_CONT,NO SOLUTION,,,0.6471,,,,,,0,,0,
Instances/Instances 3/d15112_09.gt,15111,10.0,86400.0,PTVRP_CONT,NO SOLUTION,,,0.6505,,,,,,0,,0,
Instances/Instances 3/d15112_10.gt,15111,10.0,86400.0,PTVRP_CONT,NO SOLUTION,,,0.6517,,,,,,0,,0,
Instances/Instances 3/d1655_01.gt,1654,10.0,86400.0,PTVRP_CONT,8436092.0,808,19,0.0164,,,,,,0,,0,
Instances/Instances 3/d1655_02.gt,1654,10.0,86400.0,PTVRP_CONT,8758582.0,809,19,0.0168,,,,,,0,,0,
Instances/Instances 3/d1655_03.gt,1654,10.0,86400.0,PTVRP_CONT,8393898.0,789,19,0.0171,,,,,,0,,0,
Instances/Instances 3/d1655_04.gt,1654,10.0,86400.0,PTVRP_CONT,8491391.0,821,19,0.0161,,,,,,0,,0,
Instances/Instances 3/d1655_05.gt,1654,10.0,86400.0,PTVRP_CONT,8469009.0,835,19,0.017,,,,,,0,,0,
Instances/Instances 3/d1655_06.gt,1654,10.0,86400.0,PTVRP_CONT,8534083.0,794,22,0.016,,,,,,0,,0,
Instances/Instances 3/d1655_07.gt,1654,10.0,86400.0,PTVRP_CONT,8661560.0,778,18,0.0144,,,,,,0,,0,
Instances/Instances 3/d1655_08.gt,1654,10.0,86400.0,PTVRP_CONT,8645009.0,783,21,0.0157,,,,,,0,,0,
Instances/Instances 3/d1655_09.gt,1654,10.0,86400.0,PTVRP_CONT,8711928.0,815,18,0.0148,,,,,,0,,0,
Instances/Instances 3/d1655_10.gt,1654,10.0,86400.0,PTVRP_CONT,8725167.0,805,21,0.0159,,,,,,0,,0,
Instances/Instances 3/d18512_01.gt,18511,10.0,86400.0,PTVRP_CONT,231120636.0,8019,22,0.9893,,,,,,0,,0,
Instances/Instances 3/d18512_02.gt,18511,10.0,86400.0,PTVRP_CONT,228529458.0,7949,24,0.9755,,,,,,0,,0,
Instances/Instances 3/d18512_03.gt,18511,10.0,86400.0,PTVRP_CONT,231569951.0,8044,22,0.9768,,,,,,0,,0,
Instances/Instances 3/d18512_04.gt,18511,10.0,86400.0,PTVRP_CONT,230192202.0,7902,26,0.9814,,,,,,0,,0,
Instances/Instances 3/d18512_05.gt,18511,10.0,86400.0,PTVRP_CONT,230461247.0,7861,26,0.9969,,,,,,0,,0,
Instances/Instances 3/d18512_06.gt,18511,10.0,86400.0,PTVRP_CONT,230855520.0,7974,22,0.9933,,,,,,0,,0,
Instances/Instances 3/d18512_07.gt,18511,10.0,86400.0,PTVRP_CONT,228951634.0,7989,23,0.9892,,,,,,0,,0,
Instances/Instances 3/d18512_08.gt,18511,10.0,86400.0,PTVRP_CONT,231033923.0,7955,23,0.9889,,,,,,0,,0,
Instances/Instances 3/d18512_09.gt,18511,10.0,86400.0,PTVRP_CONT,232602434.0,8022,23,1.0886,,,,,,0,,0,
Instances/Instances 3/d18512_10.gt,18511,10.0,86400.0,PTVRP_CONT,232387434.0,7991,31,0.9907,,,,,,0,,0,
Instances/Instances 3/d198_01.gt,197,10.0,86400.0,PTVRP_CONT,755350.0,122,11,0.0057,,,,,,0,,0,
Instances/Instances 3/d198_02.gt,197,10.0,86400.0,PTVRP_CONT,787648.0,118,14,0.0065,,,,,,0,,0,
Instances/Instances 3/d198_03.gt,197,10.0,86400.0,PTVRP_CONT,805081.0,120,14,0.0045,,,,,,0,,0,
Instances/Instances 3/d198_04.gt,197,10.0,86400.0,PTVRP_CONT,786428.0,121,12,0.0054,,,,,,0,,0,
Instances/Instances 3/d198_05.gt,197,10.0,86400.0,PTVRP_CONT,787354.0,112,15,0.0052,,,,,,0,,0,
Instances/Instances 3/d198_06.gt,197,10.0,86400.0,PTVRP_CONT,757625.0,110,18,0.0051,,,,,,0,,0,
Instances/Instances 3/d198_07.gt,197,10.0,86400.0,PTVRP_CONT,748162.0,122,12,0.0045,,,,,,0,,0,
Instances/Instances 3/d198_08.gt,197,10.0,86400.0,PTVRP_CONT,791564.0,114,14,0.0048,,,,,,0,,0,
Instances/Instances 3/d198_09.gt,197,10.0,86400.0,PTVRP_CONT,769840.0,117,11,0.0048,,,,,,0,,0,
Instances/Instances 3/d198_10.gt,197,10.0,86400.0,PTVRP_CONT,798297.0,121,13,0.0054,,,,,,0,,0,
Instances/Instances 3/d2103_01.gt,2102,10.0,86400.0,PTVRP_CONT,12997338.0,986,20,0.0211,,,,,,0,,0,
Instances/Instances 3/d2103_02.gt,2102,10.0,86400.0,PTVRP_CONT,12833809.0,1022,18,0.0214,,,,,,0,,0,
Instances/Instances 3/d2103_03.gt,2102,10.0,86400.0,PTVRP_CONT,13063743.0,1031,21,0.0213,,,,,,0,,0,
Instances/Instances 3/d2103_04.gt,2102,10.0,86400.0,PTVRP_CONT,12757990.0,974,20,0.0202,,,,,,0,,0,
Instances/Instances 3/d2103_05.gt,2102,10.0,86400.0,PTVRP_CONT,12794343.0,1010,20,0.0213,,,,,,0,,0,
Instances/Instances 3/d2103_06.gt,2102,10.0,86400.0,PTVRP_CONT,12733053.0,982,19,0.0213,,,,,,0,,0,
Instances/Instances 3/d2103_07.gt,2102,10.0,86400.0,PTVRP_CONT,12925597.0,1011,19,0.021,,,,,,0,,0,
Instances/Instances 3/d2103_08.gt,2102,10.0,86400.0,PTVRP_CONT,13004013.0,958,20,0.0215,,,,,,0,,0,
Instances/Instances 3/d2103_09.gt,2102,10.0,86400.0,PTVRP_CONT,12742967.0,992,19,0.0203,,,,,,0,,0,
Instances/Instances 3/d2103_10.gt,2102,10.0,86400.0,PTVRP_CONT,12865600.0,995,19,0.0204,,,,,,0,,0,
Instances/Instances 3/d493_01.gt,492,10.0,86400.0,PTVRP_CONT,1861604.0,288,15,0.0057,,,,,,0,,0,
Instances/Instances 3/d493_02.gt,492,10.0,86400.0,PTVRP_CONT,1778966.0,280,14,0.0063,,,,,,0,,0,
Instances/Instances 3/d493_03.gt,492,10.0,86400.0,PTVRP_CONT,1873148.0,303,13,0.005,,,,,,0,,0,
Instances/Instances 3/d493_04.gt,492,10.0,86400.0,PTVRP_CONT,1830994.0,298,12,0.007,,,,,,0,,0,
Instances/Instances 3/d493_05.gt,492,10.0,86400.0,PTVRP_CONT,1847155.0,285,15,0.0054,,,,,,0,,0,
Instances/Instances 3/d493_06.gt,492,10.0,86400.0,PTVRP_CONT,1889474.0,279,14,0.0057,,,,,,0,,0,
Instances/Instances 3/d493_07.gt,492,10.0,86400.0,PTVRP_CONT,1942428.0,303,12,0.0051,,,,,,0,,0,
Instances/Instances 3/d493_08.gt,492,10.0,86400.0,PTVRP_CONT,1743548.0,280,13,0.0056,,,,,,0,,0,
Instances/Instances 3/d493_09.gt,492,10.0,86400.0,PTVRP_CONT,1877018.0,299,12,0.0055,,,,,,0,,0,
Instances/Instances 3/d493_10.gt,492,10.0,86400.0,PTVRP_CONT,1793640.0,283,13,0.0055,,,,,,0,,0,
Instances/Instances 3/d657_01.gt,656,10.0,86400.0,PTVRP_CONT,3276262.0,382,13,0.0059,,,,,,0,,0,
Instances/Instances 3/d657_02.gt,656,10.0,86400.0,PTVRP_CONT,3342495.0,374,15,0.0069,,,,,,0,,0,
Instances/Instances 3/d657_03.gt,656,10.0,86400.0,PTVRP_CONT,3356199.0,369,13,0.007,,,,,,0,,0,
Instances/Instances 3/d657_04.gt,656,10.0,86400.0,PTVRP_CONT,3435877.0,370,15,0.0069,,,,,,0,,0,
Instances/Instances 3/d657_05.gt,656,10.0,86400.0,PTVRP_CONT,3481489.0,358,17,0.0091,,,,,,0,,0,
Instances/Instances 3/d657_06.gt,656,10.0,86400.0,PTVRP_CONT,3264502.0,359,14,0.0083,,,,,,0,,0,
Instances/Instances 3/d657_07.gt,656,10.0,86400.0,PTVRP_CONT,3360459.0,378,14,0.008,,,,,,0,,0,
Instances/Instances 3/d657_08.gt,656,10.0,86400.0,PTVRP_CONT,3483374.0,375,14,0.0075,,,,,,0,,0,
Instances/Instances 3/d657_09.gt,656,10.0,86400.0,PTVRP_CONT,3417306.0,372,15,0.0078,,,,,,0,,0,
Instances/Instances 3/d657_10.gt,656,10.0,86400.0,PTVRP_CONT,3395202.0,364,14,0.0069,,,,,,0,,0,
Instances/Instances 3/dj38_01.gt,37,10.0,86400.0,PTVRP_CONT,124396.0,31,15,0.0043,,,,,,0,,0,
Instances/Instances 3/dj38_02.gt,37,10.0,86400.0,PTVRP_CONT,120057.0,32,8,0.0054,,,,,,0,,0,
Instances/Instances 3/dj38_03.gt,37,10.0,86400.0,PTVRP_CONT,113556.0,31,12,0.0046,,,,,,0,,0,
Instances/Instances 3/dj38_04.gt,37,10.0,86400.0,PTVRP_CONT,100332.0,27,7,0.0077,,,,,,0,,0,
Instances/Instances 3/dj38_05.gt,37,10.0,86400.0,PTVRP_CONT,110624.0,28,8,0.0047,,,,,,0,,0,
Instances/Instances 3/dj38_06.gt,37,10.0,86400.0,PTVRP_CONT,111638.0,28,7,0.0045,,,,,,0,,0,
Instances/Instances 3/dj38_07.gt,37,10.0,86400.0,PTVRP_CONT,121004.0,27,8,0.0036,,,,,,0,,0,
Instances/Instances 3/dj38_08.gt,37,10.0,86400.0,PTVRP_CONT,117094.0,31,7,0.0045,,,,,,0,,0,
Instances/Instances 3/dj38_09.gt,37,10.0,86400.0,PTVRP_CONT,97831.0,26,5,0.0055,,,,,,0,,0,
Instances/Instances 3/dj38_10.gt,37,10.0,86400.0,PTVRP_CONT,115962.0,32,5,0.0057,,,,,,0,,0,
Instances/Instances 3/eg7146_01.gt,7145,10.0,86400.0,PTVRP_CONT,56520751.0,2893,27,0.1733,,,,,,0,,0,
Instances/Instances 3/eg7146_02.gt,7145,10.0,86400.0,PTVRP_CONT,55767751.0,2869,29,0.1729,,,,,,0,,0,
Instances/Instances 3/eg7146_03.gt,7145,10.0,86400.0,PTVRP_CONT,56762325.0,2892,26,0.1626,,,,,,0,,0,
Instances/Instances 3/eg7146_04.gt,7145,10.0,86400.0,PTVRP_CONT,55885680.0,2900,29,0.163,,,,,,0,,0,
Instances/Instances 3/eg7146_05.gt,7145,10.0,86400.0,PTVRP_CONT,56562484.0,2878,27,0.1736,,,,,,0,,0,
Instances/Instances 3/eg7146_06.gt,7145,10.0,86400.0,PTVRP_CONT,56092246.0,2991,27,0.1613,,,,,,0,,0,
Instances/Instances 3/eg7146_07.gt,7145,10.0,86400.0,PTVRP_CONT,56562148.0,2899,28,0.1599,,,,,,0,,0,
Instances/Instances 3/eg7146_08.gt,7145,10.0,86400.0,PTVRP_CONT,56607426.0,2861,30,0.1575,,,,,,0,,0,
Instances/Instances 3/eg7146_09.gt,7145,10.0,86400.0,PTVRP_CONT,56069185.0,2834,28,0.1557,,,,,,0,,0,
Instances/Instances 3/eg7146_10.gt,7145,10.0,86400.0,PTVRP_CONT,56874986.0,2906,28,0.1576,,,,,,0,,0,
Instances/Instances 3/ei8246_01.gt,8245,10.0,86400.0,PTVRP_CONT,57072244.0,3383,24,0.2061,,,,,,0,,0,
Instances/Instances 3/ei8246_02.gt,8245,10.0,86400.0,PTVRP_CONT,56731433.0,3404,22,0.2092,,,,,,0,,0,
Instances/Instances 3/ei8246_03.gt,8245,10.0,86400.0,PTVRP_CONT,56779595.0,3421,25,0.2082,,,,,,0,,0,
Instances/Instances 3/ei8246_04.gt,8245,10.0,86400.0,PTVRP_CONT,56701619.0,3334,25,0.2074,,,,,,0,,0,
Instances/Instances 3/ei8246_05.gt,8245,10.0,86400.0,PTVRP_CONT,56823034.0,3383,26,0.2071,,,,,,0,,0,
Instances/Instances 3/ei8246_06.gt,8245,10.0,86400.0,PTVRP_CONT,56758231.0,3433,24,0.2062,,,,,,0,,0,
Instances/Instances 3/ei8246_07.gt,8245,10.0,86400.0,PTVRP_CONT,57014081.0,3406,25,0.2098,,,,,,0,,0,
Instances/Instances 3/ei8246_08.gt,8245,10.0,86400.0,PTVRP_CONT,56515148.0,3344,24,0.2057,,,,,,0,,0,
Instances/Instances 3/ei8246_09.gt,8245,10.0,86400.0,PTVRP_CONT,57210286.0,3357,23,0.2093,,,,,,0,,0,
Instances/Instances 3/ei8246_10.gt,8245,10.0,86400.0,PTVRP_CONT,56019434.0,3391,29,0.2074,,,,,,0,,0,
Instances/Instances 3/eil101_01.gt,100,10.0,86400.0,PTVRP_CONT,15232.0,73,12,0.0052,,,,,,0,,0,
Instances/Instances 3/eil101_02.gt,100,10.0,86400.0,PTVRP_CONT,13896.0,79,8,0.0051,,,,,,0,,0,
Instances/Instances 3/eil101_03.gt,100,10.0,86400.0,PTVRP_CONT,14643.0,72,9,0.0045,,,,,,0,,0,
Instances/Instances 3/eil101_04.gt,100,10.0,86400.0,PTVRP_CONT,13593.0,70,9,0.0052,,,,,,0,,0,
Instances/Instances 3/eil101_05.gt,100,10.0,86400.0,PTVRP_CONT,15353.0,80,9,0.0122,,,,,,0,,0,
Instances/Instances 3/eil101_06.gt,100,10.0,86400.0,PTVRP_CONT,13206.0,76,9,0.0071,,,,,,0,,0,
Instances/Instances 3/eil101_07.gt,100,10.0,86400.0,PTVRP_CONT,13764.0,66,9,0.0046,,,,,,0,,0,
Instances/Instances 3/eil101_08.gt,100,10.0,86400.0,PTVRP_CONT,14337.0,74,8,0.0045,,,,,,0,,0,
Instances/Instances 3/eil101_09.gt,100,10.0,86400.0,PTVRP_CONT,14002.0,76,9,0.0045,,,,,,0,,0,
Instances/Instances 3/eil101_10.gt,100,10.0,86400.0,PTVRP_CONT,15212.0,76,9,0.0037,,,,,,0,,0,
Instances/Instances 3/eil51_01.gt,50,10.0,86400.0,PTVRP_CONT,6400.0,44,9,0.0054,,,,,,0,,0,
Instances/Instances 3/eil51_02.gt,50,10.0,86400.0,PTVRP_CONT,6955.0,41,7,0.0046,,,,,,0,,0,
Instances/Instances 3/eil51_03.gt,50,10.0,86400.0,PTVRP_CONT,6886.0,39,8,0.0057,,,,,,0,,0,
Instances/Instances 3/eil51_04.gt,50,10.0,86400.0,PTVRP_CONT,7154.0,41,7,0.0046,,,,,,0,,0,
Instances/Instances 3/eil51_05.gt,50,10.0,86400.0,PTVRP_CONT,5056.0,38,5,0.0048,,,,,,0,,0,
Instances/Instances 3/eil51_06.gt,50,10.0,86400.0,PTVRP_CONT,6653.0,41,7,0.0041,,,,,,0,,0,
Instances/Instances 3/eil51_07.gt,50,10.0,86400.0,PTVRP_CONT,6845.0,42,7,0.0042,,,,,,0,,0,
Instances/Instances 3/eil51_08.gt,50,10.0,86400.0,PTVRP_CONT,6358.0,41,7,0.0045,,,,,,0,,0,
Instances/Instances 3/eil51_09.gt,50,10.0,86400.0,PTVRP_CONT,7037.0,41,6,0.0043,,,,,,0,,0,
Instances/Instances 3/eil51_10.gt,50,10.0,86400.0,PTVRP_CONT,6996.0,40,9,0.0041,,,,,,0,,0,
Instances/Instances 3/eil76_01.gt,75,10.0,86400.0,PTVRP_CONT,9893.0,62,8,0.0042,,,,,,0,,0,
Instances/Instances 3/eil76_02.gt,75,10.0,86400.0,PTVRP_CONT,10084.0,59,7,0.0048,,,,,,0,,0,
Instances/Instances 3/eil76_03.gt,75,10.0,86400.0,PTVRP_CONT,9469.0,60,9,0.0045,,,,,,0,,0,
Instances/Instances 3/eil76_04.gt,75,10.0,86400.0,PTVRP_CONT,9967.0,65,8,0.0042,,,,,,0,,0,
Instances/Instances 3/eil76_05.gt,75,10.0,86400.0,PTVRP_CONT,10847.0,61,7,0.0044,,,,,,0,,0,
Instances/Instances 3/eil76_06.gt,75,10.0,86400.0,PTVRP_CONT,9202.0,58,8,0.0043,,,,,,0,,0,
Instances/Instances 3/eil76_07.gt,75,10.0,86400.0,PTVRP_CONT,11363.0,58,8,0.0043,,,,,,0,,0,
Instances/Instances 3/eil76_08.gt,75,10.0,86400.0,PTVRP_CONT,11172.0,60,7,0.0039,,,,,,0,,0,
Instances/Instances 3/eil76_09.gt,75,10.0,86400.0,PTVRP_CONT,10430.0,54,8,0.0046,,,,,,0,,0,
Instances/Instances 3/eil76_10.gt,75,10.0,86400.0,PTVRP_CONT,9587.0,59,7,0.0051,,,,,,0,,0,
Instances/Instances 3/fi10639_01.gt,10638,10.0,86400.0,PTVRP_CONT,166094138.0,5055,20,0.3397,,,,,,0,,0,
Instances/Instances 3/fi10639_02.gt,10638,10.0,86400.0,PTVRP_CONT,166966174.0,5152,21,0.3433,,,,,,0,,0,
Instances/Instances 3/fi10639_03.gt,10638,10.0,86400.0,PTVRP_CONT,165600399.0,4922,20,0.3397,,,,,,0,,0,
Instances/Instances 3/fi10639_04.gt,10638,10.0,86400.0,PTVRP_CONT,165396224.0,5019,20,0.3407,,,,,,0,,0,
Instances/Instances 3/fi10639_05.gt,10638,10.0,86400.0,PTVRP_CONT,166385899.0,5032,19,0.3398,,,,,,0,,0,
Instances/Instances 3/fi10639_06.gt,10638,10.0,86400.0,PTVRP_CONT,166758718.0,5089,19,0.3404,,,,,,0,,0,
Instances/Instances 3/fi10639_07.gt,10638,10.0,86400.0,PTVRP_CONT,167205300.0,5041,20,0.3389,,,,,,0,,0,
Instances/Instances 3/fi10639_08.gt,10638,10.0,86400.0,PTVRP_CONT,167140841.0,5042,18,0.3389,,,,,,0,,0,
Instances/Instances 3/fi10639_09.gt,10638,10.0,86400.0,PTVRP_CONT,165456878.0,5030,22,0.34,,,,,,0,,0,
Instances/Instances 3/fi10639_10.gt,10638,10.0,86400.0,PTVRP_CONT,166357039.0,5074,20,0.3456,,,,,,0,,0,
Instances/Instances 3/fl1400_01.gt,1399,10.0,86400.0,PTVRP_CONT,6984703.0,434,28,0.0119,,,,,,0,,0,
Instances/Instances 3/fl1400_02.gt,1399,10.0,86400.0,PTVRP_CONT,6927543.0,445,31,0.0123,,,,,,0,,0,
Instances/Instances 3/fl1400_03.gt,1399,10.0,86400.0,PTVRP_CONT,7228426.0,442,32,0.0126,,,,,,0,,0,
Instances/Instances 3/fl1400_04.gt,1399,10.0,86400.0,PTVRP_CONT,7139005.0,432,30,0.0124,,,,,,0,,0,
Instances/Instances 3/fl1400_05.gt,1399,10.0,86400.0,PTVRP_CONT,6840253.0,457,28,0.0129,,,,,,0,,0,
Instances/Instances 3/fl1400_06.gt,1399,10.0,86400.0,PTVRP_CONT,7122580.0,457,41,0.0128,,,,,,0,,0,
Instances/Instances 3/fl1400_07.gt,1399,10.0,86400.0,PTVRP_CONT,7023771.0,434,40,0.0181,,,,,,0,,0,
Instances/Instances 3/fl1400_08.gt,1399,10.0,86400.0,PTVRP_CONT,6846840.0,435,32,0.0138,,,,,,0,,0,
Instances/Instances 3/fl1400_09.gt,1399,10.0,86400.0,PTVRP_CONT,7001263.0,431,31,0.013,,,,,,0,,0,
Instances/Instances 3/fl1400_10.gt,1399,10.0,86400.0,PTVRP_CONT,6929315.0,474,27,0.0157,,,,,,0,,0,
Instances/Instances 3/fl1577_01.gt,1576,10.0,86400.0,PTVRP_CONT,5031187.0,669,29,0.0144,,,,,,0,,0,
Instances/Instances 3/fl1577_02.gt,1576,10.0,86400.0,PTVRP_CONT,5085836.0,670,26,0.0161,,,,,,0,,0,
Instances/Instances 3/fl1577_03.gt,1576,10.0,86400.0,PTVRP_CONT,5041398.0,651,22,0.0145,,,,,,0,,0,
Instances/Instances 3/fl1577_04.gt,1576,10.0,86400.0,PTVRP_CONT,4990258.0,699,20,0.0147,,,,,,0,,0,
Instances/Instances 3/fl1577_05.gt,1576,10.0,86400.0,PTVRP_CONT,5132595.0,662,30,0.0163,,,,,,0,,0,
Instances/Instances 3/fl1577_06.gt,1576,10.0,86400.0,PTVRP_CONT,5023026.0,664,26,0.0155,,,,,,0,,0,
Instances/Instances 3/fl1577_07.gt,1576,10.0,86400.0,PTVRP_CONT,4970862.0,682,21,0.0145,,,,,,0,,0,
Instances/Instances 3/fl1577_08.gt,1576,10.0,86400.0,PTVRP_CONT,5074212.0,680,25,0.0154,,,,,,0,,0,
Instances/Instances 3/fl1577_09.gt,1576,10.0,86400.0,PTVRP_CONT,4981749.0,701,22,0.0159,,,,,,0,,0,
Instances/Instances 3/fl1577_10.gt,1576,10.0,86400.0,PTVRP_CONT,5022095.0,669,27,0.0173,,,,,,0,,0,
Instances/Instances 3/fl3795_01.gt,3794,10.0,86400.0,PTVRP_CONT,13543623.0,1319,39,0.0513,,,,,,0,,0,
Instances/Instances 3/fl3795_02.gt,3794,10.0,86400.0,PTVRP_CONT,13514021.0,1340,31,0.0529,,,,,,0,,0,
Instances/Instances 3/fl3795_03.gt,3794,10.0,86400.0,PTVRP_CONT,13213477.0,1325,33,0.0517,,,,,,0,,0,
Instances/Instances 3/fl3795_04.gt,3794,10.0,86400.0,PTVRP_CONT,13263837.0,1337,34,0.0504,,,,,,0,,0,
Instances/Instances 3/fl3795_05.gt,3794,10.0,86400.0,PTVRP_CONT,13373700.0,1378,29,0.0503,,,,,,0,,0,
Instances/Instances 3/fl3795_06.gt,3794,10.0,86400.0,PTVRP_CONT,13210776.0,1388,32,0.0517,,,,,,0,,0,
Instances/Instances 3/fl3795_07.gt,3794,10.0,86400.0,PTVRP_CONT,13544911.0,1363,32,0.0522,,,,,,0,,0,
Instances/Instances 3/fl3795_08.gt,3794,10.0,86400.0,PTVRP_CONT,13066430.0,1355,30,0.05,,,,,,0,,0,
Instances/Instances 3/fl3795_09.gt,3794,10.0,86400.0,PTVRP_CONT,13418227.0,1334,29,0.0517,,,,,,0,,0,
Instances/Instances 3/fl3795_10.gt,3794,10.0,86400.0,PTVRP_CONT,13398051.0,1368,31,0.0601,,,,,,0,,0,
Instances/Instances 3/fl417_01.gt,416,10.0,86400.0,PTVRP_CONT,2149449.0,170,30,0.007,,,,,,0,,0,
Instances/Instances 3/fl417_02.gt,416,10.0,86400.0,PTVRP_CONT,1972925.0,173,19,0.0064,,,,,,0,,0,
Instances/Instances 3/fl417_03.gt,416,10.0,86400.0,PTVRP_CONT,2110688.0,174,27,0.0055,,,,,,0,,0,
Instances/Instances 3/fl417_04.gt,416,10.0,86400.0,PTVRP_CONT,2017705.0,162,23,0.0057,,,,,,0,,0,
Instances/Instances 3/fl417_05.gt,416,10.0,86400.0,PTVRP_CONT,2139259.0,160,26,0.0055,,,,,,0,,0,
Instances/Instances 3/fl417_06.gt,416,10.0,86400.0,PTVRP_CONT,2064592.0,160,20,0.0047,,,,,,0,,0,
Instances/Instances 3/fl417_07.gt,416,10.0,86400.0,PTVRP_CONT,2161680.0,181,24,0.0057,,,,,,0,,0,
Instances/Instances 3/fl417_08.gt,416,10.0,86400.0,PTVRP_CONT,2110698.0,172,26,0.0051,,,,,,0,,0,
Instances/Instances 3/fl417_09.gt,416,10.0,86400.0,PTVRP_CONT,2053309.0,157,25,0.0056,,,,,,0,,0,
Instances/Instances 3/fl417_10.gt,416,10.0,86400.0,PTVRP_CONT,2177982.0,173,27,0.0052,,,,,,0,,0,
Instances/Instances 3/fnl4461_01.gt,4460,10.0,86400.0,PTVRP_CONT,33285849.0,2075,20,0.0668,,,,,,0,,0,
Instances/Instances 3/fnl4461_02.gt,4460,10.0,86400.0,PTVRP_CONT,32953672.0,2083,22,0.0666,,,,,,0,,0,
Instances/Instances 3/fnl4461_03.gt,4460,10.0,86400.0,PTVRP_CONT,33084912.0,2098,20,0.0669,,,,,,0,,0,
Instances/Instances 3/fnl4461_04.gt,4460,10.0,86400.0,PTVRP_CONT,33095782.0,2095,20,0.0665,,,,,,0,,0,
Instances/Instances 3/fnl4461_05.gt,4460,10.0,86400.0,PTVRP_CONT,32230079.0,2059,22,0.0687,,,,,,0,,0,
Instances/Instances 3/fnl4461_06.gt,4460,10.0,86400.0,PTVRP_CONT,32719280.0,2041,20,0.0667,,,,,,0,,0,
Instances/Instances 3/fnl4461_07.gt,4460,10.0,86400.0,PTVRP_CONT,32426780.0,2094,20,0.0667,,,,,,0,,0,
Instances/Instances 3/fnl4461_08.gt,4460,10.0,86400.0,PTVRP_CONT,32183278.0,2030,19,0.0676,,,,,,0,,0,
Instances/Instances 3/fnl4461_09.gt,4460,10.0,86400.0,PTVRP_CONT,32364940.0,2093,21,0.069,,,,,,0,,0,
Instances/Instances 3/fnl4461_10.gt,4460,10.0,86400.0,PTVRP_CONT,32543499.0,2082,20,0.0714,,,,,,0,,0,
Instances/Instances 3/gil262_01.gt,261,10.0,86400.0,PTVRP_CONT,112367.0,173,11,0.0047,,,,,,0,,0,
Instances/Instances 3/gil262_02.gt,261,10.0,86400.0,PTVRP_CONT,105563.0,165,10,0.0046,,,,,,0,,0,
Instances/Instances 3/gil262_03.gt,261,10.0,86400.0,PTVRP_CONT,105816.0,169,11,0.0044,,,,,,0,,0,
Instances/Instances 3/gil262_04.gt,261,10.0,86400.0,PTVRP_CONT,108297.0,163,9,0.0048,,,,,,0,,0,
Instances/Instances 3/gil262_05.gt,261,10.0,86400.0,PTVRP_CONT,114666.0,170,10,0.0052,,,,,,0,,0,
Instances/Instances 3/gil262_06.gt,261,10.0,86400.0,PTVRP_CONT,102928.0,160,15,0.0046,,,,,,0,,0,
Instances/Instances 3/gil262_07.gt,261,10.0,86400.0,PTVRP_CONT,111238.0,167,11,0.0052,,,,,,0,,0,
Instances/Instances 3/gil262_08.gt,261,10.0,86400.0,PTVRP_CONT,107137.0,171,11,0.0054,,,,,,0,,0,
Instances/Instances 3/gil262_09.gt,261,10.0,86400.0,PTVRP_CONT,105177.0,160,11,0.0049,,,,,,0,,0,
Instances/Instances 3/gil262_10.gt,261,10.0,86400.0,PTVRP_CONT,107665.0,163,11,0.0045,,,,,,0,,0,
Instances/Instances 3/gr9882_01.gt,9881,10.0,86400.0,PTVRP_CONT,110435208.0,4235,24,0.2912,,,,,,0,,0,
Instances/Instances 3/gr9882_02.gt,9881,10.0,86400.0,PTVRP_CONT,110438778.0,4293,23,0.3174,,,,,,0,,0,
Instances/Instances 3/gr9882_03.gt,9881,10.0,86400.0,PTVRP_CONT,109540367.0,4185,23,0.2906,,,,,,0,,0,
Instances/Instances 3/gr9882_04.gt,9881,10.0,86400.0,PTVRP_CONT,110880436.0,4240,21,0.2937,,,,,,0,,0,
Instances/Instances 3/gr9882_05.gt,9881,10.0,86400.0,PTVRP_CONT,109960238.0,4275,23,0.2924,,,,,,0,,0,
Instances/Instances 3/gr9882_06.gt,9881,10.0,86400.0,PTVRP_CONT,109525426.0,4198,23,0.2937,,,,,,0,,0,
Instances/Instances 3/gr9882_07.gt,9881,10.0,86400.0,PTVRP_CONT,111938101.0,4223,24,0.2922,,,,,,0,,0,
Instances/Instances 3/gr9882_08.gt,9881,10.0,86400.0,PTVRP_CONT,109877449.0,4278,25,0.3101,,,,,,0,,0,
Instances/Instances 3/gr9882_09.gt,9881,10.0,86400.0,PTVRP_CONT,110610898.0,4263,25,0.2893,,,,,,0,,0,
Instances/Instances 3/gr9882_10.gt,9881,10.0,86400.0,PTVRP_CONT,109488558.0,4190,21,0.2901,,,,,,0,,0,
Instances/Instances 3/ho14473_01.gt,14472,10.0,86400.0,PTVRP_CONT,81424388.0,4537,59,0.611,,,,,,0,,0,
Instances/Instances 3/ho14473_02.gt,14472,10.0,86400.0,PTVRP_CONT,82372280.0,4543,61,0.6103,,,,,,0,,0,
Instances/Instances 3/ho14473_03.gt,14472,10.0,86400.0,PTVRP_CONT,81781083.0,4536,57,0.6062,,,,,,0,,0,
Instances/Instances 3/ho14473_04.gt,14472,10.0,86400.0,PTVRP_CONT,81527203.0,4473,51,0.6065,,,,,,0,,0,
Instances/Instances 3/ho14473_05.gt,14472,10.0,86400.0,PTVRP_CONT,82174926.0,4521,53,0.6043,,,,,,0,,0,
Instances/Instances 3/ho14473_06.gt,14472,10.0,86400.0,PTVRP_CONT,82314977.0,4552,58,0.6069,,,,,,0,,0,
Instances/Instances 3/ho14473_07.gt,14472,10.0,86400.0,PTVRP_CONT,81376150.0,4517,54,0.6074,,,,,,0,,0,
Instances/Instances 3/ho14473_08.gt,14472,10.0,86400.0,PTVRP_CONT,82098123.0,4456,52,0.6078,,,,,,0,,0,
Instances/Instances 3/ho14473_09.gt,14472,10.0,86400.0,PTVRP_CONT,81441678.0,4428,46,0.607,,,,,,0,,0,
Instances/Instances 3/ho14473_10.gt,14472,10.0,86400.0,PTVRP_CONT,81698743.0,4463,56,0.6073,,,,,,0,,0,
Instances/Instances 3/it16862_01.gt,16861,10.0,86400.0,PTVRP_CONT,275184989.0,8151,26,0.822,,,,,,0,,0,
Instances/Instances 3/it16862_02.gt,16861,10.0,86400.0,PTVRP_CONT,271502317.0,8111,21,0.8124,,,,,,0,,0,
Instances/Instances 3/it16862_03.gt,16861,10.0,86400.0,PTVRP_CONT,274118516.0,8192,24,0.8113,,,,,,0,,0,
Instances/Instances 3/it16862_04.gt,16861,10.0,86400.0,PTVRP_CONT,269283911.0,8064,24,0.8253,,,,,,0,,0,
Instances/Instances 3/it16862_05.gt,16861,10.0,86400.0,PTVRP_CONT,271180946.0,8183,25,0.8247,,,,,,0,,0,
Instances/Instances 3/it16862_06.gt,16861,10.0,86400.0,PTVRP_CONT,270956247.0,8058,25,0.8209,,,,,,0,,0,
Instances/Instances 3/it16862_07.gt,16861,10.0,86400.0,PTVRP_CONT,270140254.0,7993,21,0.8195,,,,,,0,,0,
Instances/Instances 3/it16862_08.gt,16861,10.0,86400.0,PTVRP_CONT,270433715.0,8037,23,0.8227,,,,,,0,,0,
Instances/Instances 3/it16862_09.gt,16861,10.0,86400.0,PTVRP_CONT,273015938.0,8128,24,0.8258,,,,,,0,,0,
Instances/Instances 3/it16862_10.gt,16861,10.0,86400.0,PTVRP_CONT,270011126.0,8125,23,0.8245,,,,,,0,,0,
Instances/Instances 3/ja9847_01.gt,9846,10.0,86400.0,PTVRP_CONT,NO SOLUTION,,,0.2854,,,,,,0,,0,
Instances/Instances 3/ja9847_02.gt,9846,10.0,86400.0,PTVRP_CONT,NO SOLUTION,,,0.2912,,,,,,0,,0,
Instances/Instances 3/ja9847_03.gt,9846,10.0,86400.0,PTVRP_CONT,NO SOLUTION,,,0.2879,,,,,,0,,0,
Instances/Instances 3/ja9847_04.gt,9846,10.0,86400.0,PTVRP_CONT,NO SOLUTION,,,0.2848,,,,,,0,,0,
Instances/Instances 3/ja9847_05.gt,9846,10.0,86400.0,PTVRP_CONT,NO SOLUTION,,,0.2854,,,,,,0,,0,
Instances/Instances 3/ja9847_06.gt,9846,10.0,86400.0,PTVRP_CONT,NO SOLUTION,,,0.2907,,,,,,0,,0,
Instances/Instances 3/ja9847_07.gt,9846,10.0,86400.0,PTVRP_CONT,NO SOLUTION,,,0.2837,,,,,,0,,0,
Instances/Instances 3/ja9847_08.gt,9846,10.0,86400.0,PTVRP_CONT,NO SOLUTION,,,0.2844,,,,,,0,,0,
Instances/Instances 3/ja9847_09.gt,9846,10.0,86400.0,PTVRP_CONT,NO SOLUTION,,,0.2858,,,,,,0,,0,
Instances/Instances 3/ja9847_10.gt,9846,10.0,86400.0,PTVRP_CONT,NO SOLUTION,,,0.283,,,,,,0,,0,
Instances/Instances 3/kroA100_01.gt,99,10.0,86400.0,PTVRP_CONT,701399.0,67,9,0.0067,,,,,,0,,0,
Instances/Instances 3/kroA100_02.gt,99,10.0,86400.0,PTVRP_CONT,668280.0,70,8,0.0194,,,,,,0,,0,
Instances/Instances 3/kroA100_03.gt,99,10.0,86400.0,PTVRP_CONT,709585.0,67,10,0.0048,,,,,,0,,0,
Instances/Instances 3/kroA100_04.gt,99,10.0,86400.0,PTVRP_CONT,645594.0,69,9,0.005,,,,,,0,,0,
Instances/Instances 3/kroA100_05.gt,99,10.0,86400.0,PTVRP_CONT,705987.0,65,9,0.0047,,,,,,0,,0,
Instances/Instances 3/kroA100_06.gt,99,10.0,86400.0,PTVRP_CONT,617519.0,68,9,0.0036,,,,,,0,,0,
Instances/Instances 3/kroA100_07.gt,99,10.0,86400.0,PTVRP_CONT,615490.0,69,9,0.0056,,,,,,0,,0,
Instances/Instances 3/kroA100_08.gt,99,10.0,86400.0,PTVRP_CONT,679225.0,66,9,0.0069,,,,,,0,,0,
Instances/Instances 3/kroA100_09.gt,99,10.0,86400.0,PTVRP_CONT,660672.0,67,9,0.0046,,,,,,0,,0,
Instances/Instances 3/kroA100_10.gt,99,10.0,86400.0,PTVRP_CONT,740424.0,68,11,0.0041,,,,,,0,,0,
Instances/Instances 3/kroA150_01.gt,149,10.0,86400.0,PTVRP_CONT,1048872.0,89,12,0.0048,,,,,,0,,0,
Instances/Instances 3/kroA150_02.gt,149,10.0,86400.0,PTVRP_CONT,1013251.0,101,9,0.0044,,,,,,0,,0,
Instances/Instances 3/kroA150_03.gt,149,10.0,86400.0,PTVRP_CONT,949076.0,96,10,0.004,,,,,,0,,0,
Instances/Instances 3/kroA150_04.gt,149,10.0,86400.0,PTVRP_CONT,1011207.0,97,10,0.0045,,,,,,0,,0,
Instances/Instances 3/kroA150_05.gt,149,10.0,86400.0,PTVRP_CONT,933052.0,93,9,0.0047,,,,,,0,,0,
Instances/Instances 3/kroA150_06.gt,149,10.0,86400.0,PTVRP_CONT,1015270.0,95,13,0.0046,,,,,,0,,0,
Instances/Instances 3/kroA150_07.gt,149,10.0,86400.0,PTVRP_CONT,1125706.0,104,11,0.0053,,,,,,0,,0,
Instances/Instances 3/kroA150_08.gt,149,10.0,86400.0,PTVRP_CONT,1071109.0,93,11,0.0049,,,,,,0,,0,
Instances/Instances 3/kroA150_09.gt,149,10.0,86400.0,PTVRP_CONT,1123351.0,111,9,0.0039,,,,,,0,,0,
Instances/Instances 3/kroA150_10.gt,149,10.0,86400.0,PTVRP_CONT,1005577.0,104,8,0.0041,,,,,,0,,0,
Instances/Instances 3/kroA200_01.gt,199,10.0,86400.0,PTVRP_CONT,1419120.0,126,13,0.0052,,,,,,0,,0,
Instances/Instances 3/kroA200_02.gt,199,10.0,86400.0,PTVRP_CONT,1301414.0,123,12,0.005,,,,,,0,,0,
Instances/Instances 3/kroA200_03.gt,199,10.0,86400.0,PTVRP_CONT,1447751.0,113,12,0.0039,,,,,,0,,0,
Instances/Instances 3/kroA200_04.gt,199,10.0,86400.0,PTVRP_CONT,1517945.0,117,15,0.0043,,,,,,0,,0,
Instances/Instances 3/kroA200_05.gt,199,10.0,86400.0,PTVRP_CONT,1277440.0,118,11,0.0041,,,,,,0,,0,
Instances/Instances 3/kroA200_06.gt,199,10.0,86400.0,PTVRP_CONT,1441787.0,122,14,0.005,,,,,,0,,0,
Instances/Instances 3/kroA200_07.gt,199,10.0,86400.0,PTVRP_CONT,1471343.0,124,13,0.0051,,,,,,0,,0,
Instances/Instances 3/kroA200_08.gt,199,10.0,86400.0,PTVRP_CONT,1382401.0,124,13,0.005,,,,,,0,,0,
Instances/Instances 3/kroA200_09.gt,199,10.0,86400.0,PTVRP_CONT,1270833.0,125,10,0.0053,,,,,,0,,0,
Instances/Instances 3/kroA200_10.gt,199,10.0,86400.0,PTVRP_CONT,1430895.0,123,11,0.0041,,,,,,0,,0,
Instances/Instances 3/kroB100_01.gt,99,10.0,86400.0,PTVRP_CONT,715686.0,67,10,0.0038,,,,,,0,,0,
Instances/Instances 3/kroB100_02.gt,99,10.0,86400.0,PTVRP_CONT,680826.0,65,10,0.0056,,,,,,0,,0,
Instances/Instances 3/kroB100_03.gt,99,10.0,86400.0,PTVRP_CONT,631680.0,64,9,0.0054,,,,,,0,,0,
Instances/Instances 3/kroB100_04.gt,99,10.0,86400.0,PTVRP_CONT,679875.0,68,9,0.0044,,,,,,0,,0,
Instances/Instances 3/kroB100_05.gt,99,10.0,86400.0,PTVRP_CONT,759455.0,71,12,0.0059,,,,,,0,,0,
Instances/Instances 3/kroB100_06.gt,99,10.0,86400.0,PTVRP_CONT,728976.0,64,11,0.0051,,,,,,0,,0,
Instances/Instances 3/kroB100_07.gt,99,10.0,86400.0,PTVRP_CONT,780813.0,71,11,0.0043,,,,,,0,,0,
Instances/Instances 3/kroB100_08.gt,99,10.0,86400.0,PTVRP_CONT,684087.0,59,9,0.005,,,,,,0,,0,
Instances/Instances 3/kroB100_09.gt,99,10.0,86400.0,PTVRP_CONT,634875.0,66,10,0.005,,,,,,0,,0,
Instances/Instances 3/kroB100_10.gt,99,10.0,86400.0,PTVRP_CONT,691007.0,67,12,0.0048,,,,,,0,,0,
Instances/Instances 3/kroB150_01.gt,149,10.0,86400.0,PTVRP_CONT,1104436.0,98,12,0.0055,,,,,,0,,0,
Instances/Instances 3/kroB150_02.gt,149,10.0,86400.0,PTVRP_CONT,1043182.0,96,10,0.0049,,,,,,0,,0,
Instances/Instances 3/kroB150_03.gt,149,10.0,86400.0,PTVRP_CONT,1130756.0,97,13,0.0054,,,,,,0,,0,
Instances/Instances 3/kroB150_04.gt,149,10.0,86400.0,PTVRP_CONT,1069013.0,93,12,0.0064,,,,,,0,,0,
Instances/Instances 3/kroB150_05.gt,149,10.0,86400.0,PTVRP_CONT,1194362.0,98,10,0.0068,,,,,,0,,0,
Instances/Instances 3/kroB150_06.gt,149,10.0,86400.0,PTVRP_CONT,969658.0,86,10,0.0051,,,,,,0,,0,
Instances/Instances 3/kroB150_07.gt,149,10.0,86400.0,PTVRP_CONT,1074929.0,105,9,0.0049,,,,,,0,,0,
Instances/Instances 3/kroB150_08.gt,149,10.0,86400.0,PTVRP_CONT,1061542.0,100,11,0.0045,,,,,,0,,0,
Instances/Instances 3/kroB150_09.gt,149,10.0,86400.0,PTVRP_CONT,1111188.0,92,13,0.0047,,,,,,0,,0,
Instances/Instances 3/kroB150_10.gt,149,10.0,86400.0,PTVRP_CONT,1088644.0,98,11,0.0052,,,,,,0,,0,
Instances/Instances 3/kroB200_01.gt,199,10.0,86400.0,PTVRP_CONT,1382288.0,129,14,0.0047,,,,,,0,,0,
Instances/Instances 3/kroB200_02.gt,199,10.0,86400.0,PTVRP_CONT,1277857.0,126,11,0.0043,,,,,,0,,0,
Instances/Instances 3/kroB200_03.gt,199,10.0,86400.0,PTVRP_CONT,1461001.0,132,13,0.0052,,,,,,0,,0,
Instances/Instances 3/kroB200_04.gt,199,10.0,86400.0,PTVRP_CONT,1341879.0,124,12,0.006,,,,,,0,,0,
Instances/Instances 3/kroB200_05.gt,199,10.0,86400.0,PTVRP_CONT,1365789.0,127,11,0.005,,,,,,0,,0,
Instances/Instances 3/kroB200_06.gt,199,10.0,86400.0,PTVRP_CONT,1428376.0,136,12,0.0053,,,,,,0,,0,
Instances/Instances 3/kroB200_07.gt,199,10.0,86400.0,PTVRP_CONT,1392874.0,124,15,0.0059,,,,,,0,,0,
Instances/Instances 3/kroB200_08.gt,199,10.0,86400.0,PTVRP_CONT,1336093.0,122,12,0.0051,,,,,,0,,0,
Instances/Instances 3/kroB200_09.gt,199,10.0,86400.0,PTVRP_CONT,1445513.0,135,12,0.0056,,,,,,0,,0,
Instances/Instances 3/kroB200_10.gt,199,10.0,86400.0,PTVRP_CONT,1306257.0,126,12,0.0049,,,,,,0,,0,
Instances/Instances 3/kroC100_01.gt,99,10.0,86400.0,PTVRP_CONT,729741.0,60,12,0.0056,,,,,,0,,0,
Instances/Instances 3/kroC100_02.gt,99,10.0,86400.0,PTVRP_CONT,699705.0,61,11,0.0053,,,,,,0,,0,
Instances/Instances 3/kroC100_03.gt,99,10.0,86400.0,PTVRP_CONT,681203.0,64,11,0.0068,,,,,,0,,0,
Instances/Instances 3/kroC100_04.gt,99,10.0,86400.0,PTVRP_CONT,737465.0,64,9,0.0065,,,,,,0,,0,
Instances/Instances 3/kroC100_05.gt,99,10.0,86400.0,PTVRP_CONT,840633.0,74,8,0.0052,,,,,,0,,0,
Instances/Instances 3/kroC100_06.gt,99,10.0,86400.0,PTVRP_CONT,764793.0,60,14,0.0058,,,,,,0,,0,
Instances/Instances 3/kroC100_07.gt,99,10.0,86400.0,PTVRP_CONT,705581.0,65,13,0.0045,,,,,,0,,0,
Instances/Instances 3/kroC100_08.gt,99,10.0,86400.0,PTVRP_CONT,719808.0,68,11,0.0046,,,,,,0,,0,
Instances/Instances 3/kroC100_09.gt,99,10.0,86400.0,PTVRP_CONT,724202.0,67,11,0.0056,,,,,,0,,0,
Instances/Instances 3/kroC100_10.gt,99,10.0,86400.0,PTVRP_CONT,744838.0,71,14,0.0058,,,,,,0,,0,
Instances/Instances 3/kroD100_01.gt,99,10.0,86400.0,PTVRP_CONT,653242.0,66,9,0.0055,,,,,,0,,0,
Instances/Instances 3/kroD100_02.gt,99,10.0,86400.0,PTVRP_CONT,653243.0,63,10,0.0041,,,,,,0,,0,
Instances/Instances 3/kroD100_03.gt,99,10.0,86400.0,PTVRP_CONT,644781.0,70,9,0.0045,,,,,,0,,0,
Instances/Instances 3/kroD100_04.gt,99,10.0,86400.0,PTVRP_CONT,622870.0,69,8,0.0048,,,,,,0,,0,
Instances/Instances 3/kroD100_05.gt,99,10.0,86400.0,PTVRP_CONT,756943.0,74,9,0.0055,,,,,,0,,0,
Instances/Instances 3/kroD100_06.gt,99,10.0,86400.0,PTVRP_CONT,687061.0,65,9,0.0053,,,,,,0,,0,
Instances/Instances 3/kroD100_07.gt,99,10.0,86400.0,PTVRP_CONT,643576.0,64,9,0.0043,,,,,,0,,0,
Instances/Instances 3/kroD100_08.gt,99,10.0,86400.0,PTVRP_CONT,682404.0,70,10,0.0051,,,,,,0,,0,
Instances/Instances 3/kroD100_09.gt,99,10.0,86400.0,PTVRP_CONT,676464.0,70,9,0.0037,,,,,,0,,0,
Instances/Instances 3/kroD100_10.gt,99,10.0,86400.0,PTVRP_CONT,708156.0,74,11,0.0055,,,,,,0,,0,
Instances/Instances 3/kroE100_01.gt,99,10.0,86400.0,PTVRP_CONT,699690.0,62,11,0.0057,,,,,,0,,0,
Instances/Instances 3/kroE100_02.gt,99,10.0,86400.0,PTVRP_CONT,729508.0,65,11,0.0058,,,,,,0,,0,
Instances/Instances 3/kroE100_03.gt,99,10.0,86400.0,PTVRP_CONT,689893.0,71,9,0.0053,,,,,,0,,0,
Instances/Instances 3/kroE100_04.gt,99,10.0,86400.0,PTVRP_CONT,735116.0,64,9,0.0057,,,,,,0,,0,
Instances/Instances 3/kroE100_05.gt,99,10.0,86400.0,PTVRP_CONT,809301.0,70,11,0.0054,,,,,,0,,0,
Instances/Instances 3/kroE100_06.gt,99,10.0,86400.0,PTVRP_CONT,739501.0,61,9,0.0056,,,,,,0,,0,
Instances/Instances 3/kroE100_07.gt,99,10.0,86400.0,PTVRP_CONT,696935.0,64,10,0.0052,,,,,,0,,0,
Instances/Instances 3/kroE100_08.gt,99,10.0,86400.0,PTVRP_CONT,758659.0,65,10,0.0048,,,,,,0,,0,
Instances/Instances 3/kroE100_09.gt,99,10.0,86400.0,PTVRP_CONT,721416.0,66,9,0.005,,,,,,0,,0,
Instances/Instances 3/kroE100_10.gt,99,10.0,86400.0,PTVRP_CONT,750597.0,71,11,0.0049,,,,,,0,,0,
Instances/Instances 3/kz9976_01.gt,9975,10.0,86400.0,PTVRP_CONT,NO SOLUTION,,,0.3022,,,,,,0,,0,
Instances/Instances 3/kz9976_02.gt,9975,10.0,86400.0,PTVRP_CONT,NO SOLUTION,,,0.332,,,,,,0,,0,
Instances/Instances 3/kz9976_03.gt,9975,10.0,86400.0,PTVRP_CONT,NO SOLUTION,,,0.3068,,,,,,0,,0,
Instances/Instances 3/kz9976_04.gt,9975,10.0,86400.0,PTVRP_CONT,NO SOLUTION,,,0.2963,,,,,,0,,0,
Instances/Instances 3/kz9976_05.gt,9975,10.0,86400.0,PTVRP_CONT,NO SOLUTION,,,0.2939,,,,,,0,,0,
Instances/Instances 3/kz9976_06.gt,9975,10.0,86400.0,PTVRP_CONT,NO SOLUTION,,,0.2955,,,,,,0,,0,
Instances/Instances 3/kz9976_07.gt,9975,10.0,86400.0,PTVRP_CONT,NO SOLUTION,,,0.2936,,,,,,0,,0,
Instances/Instances 3/kz9976_08.gt,9975,10.0,86400.0,PTVRP_CONT,NO SOLUTION,,,0.2947,,,,,,0,,0,
Instances/Instances 3/kz9976_09.gt,9975,10.0,86400.0,PTVRP_CONT,NO SOLUTION,,,0.2916,,,,,,0,,0,
Instances/Instances 3/kz9976_10.gt,9975,10.0,86400.0,PTVRP_CONT,NO SOLUTION,,,0.2936,,,,,,0,,0,
Instances/Instances 3/lin105_01.gt,104,10.0,86400.0,PTVRP_CONT,487430.0,69,9,0.0048,,,,,,0,,0,
Instances/Instances 3/lin105_02.gt,104,10.0,86400.0,PTVRP_CONT,512256.0,67,10,0.0046,,,,,,0,,0,
Instances/Instances 3/lin105_03.gt,104,10.0,86400.0,PTVRP_CONT,458949.0,71,10,0.0053,,,,,,0,,0,
Instances/Instances 3/lin105_04.gt,104,10.0,86400.0,PTVRP_CONT,486420.0,68,12,0.0047,,,,,,0,,0,
Instances/Instances 3/lin105_05.gt,104,10.0,86400.0,PTVRP_CONT,433043.0,69,9,0.0042,,,,,,0,,0,
Instances/Instances 3/lin105_06.gt,104,10.0,86400.0,PTVRP_CONT,461803.0,64,13,0.0046,,,,,,0,,0,
Instances/Instances 3/lin105_07.gt,104,10.0,86400.0,PTVRP_CONT,524106.0,71,16,0.0047,,,,,,0,,0,
Instances/Instances 3/lin105_08.gt,104,10.0,86400.0,PTVRP_CONT,453555.0,68,12,0.0051,,,,,,0,,0,
Instances/Instances 3/lin105_09.gt,104,10.0,86400.0,PTVRP_CONT,500374.0,69,12,0.005,,,,,,0,,0,
Instances/Instances 3/lin105_10.gt,104,10.0,86400.0,PTVRP_CONT,499916.0,78,10,0.0046,,,,,,0,,0,
Instances/Instances 3/lin318_01.gt,317,10.0,86400.0,PTVRP_CONT,2323080.0,182,14,0.0053,,,,,,0,,0,
Instances/Instances 3/lin318_02.gt,317,10.0,86400.0,PTVRP_CONT,2185506.0,189,11,0.0048,,,,,,0,,0,
Instances/Instances 3/lin318_03.gt,317,10.0,86400.0,PTVRP_CONT,2355448.0,195,17,0.0048,,,,,,0,,0,
Instances/Instances 3/lin318_04.gt,317,10.0,86400.0,PTVRP_CONT,2234524.0,198,14,0.0063,,,,,,0,,0,
Instances/Instances 3/lin318_05.gt,317,10.0,86400.0,PTVRP_CONT,2324434.0,198,14,0.0058,,,,,,0,,0,
Instances/Instances 3/lin318_06.gt,317,10.0,86400.0,PTVRP_CONT,2342468.0,185,15,0.0059,,,,,,0,,0,
Instances/Instances 3/lin318_07.gt,317,10.0,86400.0,PTVRP_CONT,2233691.0,177,14,0.0058,,,,,,0,,0,
Instances/Instances 3/lin318_08.gt,317,10.0,86400.0,PTVRP_CONT,2496731.0,195,13,0.0059,,,,,,0,,0,
Instances/Instances 3/lin318_09.gt,317,10.0,86400.0,PTVRP_CONT,2299952.0,192,12,0.0059,,,,,,0,,0,
Instances/Instances 3/lin318_10.gt,317,10.0,86400.0,PTVRP_CONT,2417488.0,185,14,0.006,,,,,,0,,0,
Instances/Instances 3/linhp318_01.gt,317,10.0,86400.0,PTVRP_CONT,2422886.0,190,13,0.0056,,,,,,0,,0,
Instances/Instances 3/linhp318_02.gt,317,10.0,86400.0,PTVRP_CONT,2386979.0,185,13,0.0048,,,,,,0,,0,
Instances/Instances 3/linhp318_03.gt,317,10.0,86400.0,PTVRP_CONT,2460086.0,195,15,0.0056,,,,,,0,,0,
Instances/Instances 3/linhp318_04.gt,317,10.0,86400.0,PTVRP_CONT,2342231.0,195,13,0.0053,,,,,,0,,0,
Instances/Instances 3/linhp318_05.gt,317,10.0,86400.0,PTVRP_CONT,2196723.0,181,12,0.0048,,,,,,0,,0,
Instances/Instances 3/linhp318_06.gt,317,10.0,86400.0,PTVRP_CONT,2445813.0,208,11,0.0048,,,,,,0,,0,
Instances/Instances 3/linhp318_07.gt,317,10.0,86400.0,PTVRP_CONT,2344476.0,188,14,0.0055,,,,,,0,,0,
Instances/Instances 3/linhp318_08.gt,317,10.0,86400.0,PTVRP_CONT,2349404.0,179,15,0.0052,,,,,,0,,0,
Instances/Instances 3/linhp318_09.gt,317,10.0,86400.0,PTVRP_CONT,2264598.0,190,20,0.0058,,,,,,0,,0,
Instances/Instances 3/linhp318_10.gt,317,10.0,86400.0,PTVRP_CONT,2497763.0,192,13,0.006,,,,,,0,,0,
Instances/Instances 3/lu980_01.gt,979,10.0,86400.0,PTVRP_CONT,1238199.0,431,20,0.0095,,,,,,0,,0,
Instances/Instances 3/lu980_02.gt,979,10.0,86400.0,PTVRP_CONT,1165402.0,460,17,0.0099,,,,,,0,,0,
Instances/Instances 3/lu980_03.gt,979,10.0,86400.0,PTVRP_CONT,1222382.0,440,23,0.0108,,,,,,0,,0,
Instances/Instances 3/lu980_04.gt,979,10.0,86400.0,PTVRP_CONT,1208687.0,444,20,0.0094,,,,,,0,,0,
Instances/Instances 3/lu980_05.gt,979,10.0,86400.0,PTVRP_CONT,1230504.0,440,21,0.0104,,,,,,0,,0,
Instances/Instances 3/lu980_06.gt,979,10.0,86400.0,PTVRP_CONT,1198941.0,449,20,0.0094,,,,,,0,,0,
Instances/Instances 3/lu980_07.gt,979,10.0,86400.0,PTVRP_CONT,1199265.0,446,20,0.009,,,,,,0,,0,
Instances/Instances 3/lu980_08.gt,979,10.0,86400.0,PTVRP_CONT,1191115.0,435,18,0.0249,,,,,,0,,0,
Instances/Instances 3/lu980_09.gt,979,10.0,86400.0,PTVRP_CONT,1211996.0,429,21,0.0082,,,,,,0,,0,
Instances/Instances 3/lu980_10.gt,979,10.0,86400.0,PTVRP_CONT,1176320.0,441,19,0.009,,,,,,0,,0,
Instances/Instances 3/mo14185_01.gt,14184,10.0,86400.0,PTVRP_CONT,190178737.0,6239,24,0.5888,,,,,,0,,0,
Instances/Instances 3/mo14185_02.gt,14184,10.0,86400.0,PTVRP_CONT,189013088.0,6210,25,0.5853,,,,,,0,,0,
Instances/Instances 3/mo14185_03.gt,14184,10.0,86400.0,PTVRP_CONT,187695839.0,6074,23,0.6084,,,,,,0,,0,
Instances/Instances 3/mo14185_04.gt,14184,10.0,86400.0,PTVRP_CONT,189513359.0,6121,22,0.5877,,,,,,0,,0,
Instances/Instances 3/mo14185_05.gt,14184,10.0,86400.0,PTVRP_CONT,190030739.0,6188,22,0.5886,,,,,,0,,0,
Instances/Instances 3/mo14185_06.gt,14184,10.0,86400.0,PTVRP_CONT,188462785.0,6201,22,0.5965,,,,,,0,,0,
Instances/Instances 3/mo14185_07.gt,14184,10.0,86400.0,PTVRP_CONT,189510438.0,6167,24,0.5907,,,,,,0,,0,
Instances/Instances 3/mo14185_08.gt,14184,10.0,86400.0,PTVRP_CONT,189230723.0,6209,23,0.5897,,,,,,0,,0,
Instances/Instances 3/mo14185_09.gt,14184,10.0,86400.0,PTVRP_CONT,188776833.0,6211,22,0.5877,,,,,,0,,0,
Instances/Instances 3/mo14185_10.gt,14184,10.0,86400.0,PTVRP_CONT,190259492.0,6150,22,0.5859,,,,,,0,,0,
Instances/Instances 3/mu1979_01.gt,1978,10.0,86400.0,PTVRP_CONT,21170613.0,942,24,0.0195,,,,,,0,,0,
Instances/Instances 3/mu1979_02.gt,1978,10.0,86400.0,PTVRP_CONT,21225319.0,941,17,0.019,,,,,,0,,0,
Instances/Instances 3/mu1979_03.gt,1978,10.0,86400.0,PTVRP_CONT,21681777.0,932,21,0.0212,,,,,,0,,0,
Instances/Instances 3/mu1979_04.gt,1978,10.0,86400.0,PTVRP_CONT,20540625.0,918,21,0.0186,,,,,,0,,0,
Instances/Instances 3/mu1979_05.gt,1978,10.0,86400.0,PTVRP_CONT,20617936.0,930,24,0.0194,,,,,,0,,0,
Instances/Instances 3/mu1979_06.gt,1978,10.0,86400.0,PTVRP_CONT,20581045.0,941,25,0.0185,,,,,,0,,0,
Instances/Instances 3/mu1979_07.gt,1978,10.0,86400.0,PTVRP_CONT,20944937.0,931,19,0.0203,,,,,,0,,0,
Instances/Instances 3/mu1979_08.gt,1978,10.0,86400.0,PTVRP_CONT,20655147.0,919,25,0.02,,,,,,0,,0,
Instances/Instances 3/mu1979_09.gt,1978,10.0,86400.0,PTVRP_CONT,21386643.0,957,25,0.0201,,,,,,0,,0,
Instances/Instances 3/mu1979_10.gt,1978,10.0,86400.0,PTVRP_CONT,20899924.0,957,21,0.0193,,,,,,0,,0,
Instances/Instances 3/nrw1379_01.gt,1378,10.0,86400.0,PTVRP_CONT,5653357.0,730,16,0.0124,,,,,,0,,0,
Instances/Instances 3/nrw1379_02.gt,1378,10.0,86400.0,PTVRP_CONT,5580432.0,741,15,0.0138,,,,,,0,,0,
Instances/Instances 3/nrw1379_03.gt,1378,10.0,86400.0,PTVRP_CONT,5833089.0,754,15,0.0133,,,,,,0,,0,
Instances/Instances 3/nrw1379_04.gt,1378,10.0,86400.0,PTVRP_CONT,5764558.0,742,15,0.0122,,,,,,0,,0,
Instances/Instances 3/nrw1379_05.gt,1378,10.0,86400.0,PTVRP_CONT,5699319.0,725,16,0.0124,,,,,,0,,0,
Instances/Instances 3/nrw1379_06.gt,1378,10.0,86400.0,PTVRP_CONT,5563588.0,747,15,0.0131,,,,,,0,,0,
Instances/Instances 3/nrw1379_07.gt,1378,10.0,86400.0,PTVRP_CONT,5729957.0,750,19,0.0132,,,,,,0,,0,
Instances/Instances 3/nrw1379_08.gt,1378,10.0,86400.0,PTVRP_CONT,5654639.0,734,16,0.014,,,,,,0,,0,
Instances/Instances 3/nrw1379_09.gt,1378,10.0,86400.0,PTVRP_CONT,5784503.0,747,17,0.0138,,,,,,0,,0,
Instances/Instances 3/nrw1379_10.gt,1378,10.0,86400.0,PTVRP_CONT,5490488.0,706,16,0.0139,,,,,,1,,1,
Instances/Instances 3/nu3496_01.gt,3495,10.0,86400.0,PTVRP_CONT,19679188.0,1405,27,0.0442,,,,,,0,,0,
Instances/Instances 3/nu3496_02.gt,3495,10.0,86400.0,PTVRP_CONT,19667114.0,1426,24,0.0446,,,,,,0,,0,
Instances/Instances 3/nu3496_03.gt,3495,10.0,86400.0,PTVRP_CONT,19598847.0,1412,27,0.045,,,,,,0,,0,
Instances/Instances 3/nu3496_04.gt,3495,10.0,86400.0,PTVRP_CONT,19847809.0,1411,24,0.0455,,,,,,0,,0,
Instances/Instances 3/nu3496_05.gt,3495,10.0,86400.0,PTVRP_CONT,20230717.0,1452,26,0.0449,,,,,,0,,0,
Instances/Instances 3/nu3496_06.gt,3495,10.0,86400.0,PTVRP_CONT,19735255.0,1418,24,0.0451,,,,,,0,,0,
Instances/Instances 3/nu3496_07.gt,3495,10.0,86400.0,PTVRP_CONT,19668992.0,1373,26,0.0452,,,,,,0,,0,
Instances/Instances 3/nu3496_08.gt,3495,10.0,86400.0,PTVRP_CONT,19814351.0,1448,23,0.0462,,,,,,0,,0,
Instances/Instances 3/nu3496_09.gt,3495,10.0,86400.0,PTVRP_CONT,19954560.0,1476,24,0.0454,,,,,,0,,0,
Instances/Instances 3/nu3496_10.gt,3495,10.0,86400.0,PTVRP_CONT,20053480.0,1450,23,0.0447,,,,,,0,,0,
Instances/Instances 3/p654_01.gt,653,10.0,86400.0,PTVRP_CONT,8542444.0,280,17,0.0069,,,,,,0,,0,
Instances/Instances 3/p654_02.gt,653,10.0,86400.0,PTVRP_CONT,8180776.0,270,15,0.0068,,,,,,0,,0,
Instances/Instances 3/p654_03.gt,653,10.0,86400.0,PTVRP_CONT,8753569.0,280,20,0.0061,,,,,,0,,0,
Instances/Instances 3/p654_04.gt,653,10.0,86400.0,PTVRP_CONT,8421204.0,278,16,0.0071,,,,,,0,,0,
Instances/Instances 3/p654_05.gt,653,10.0,86400.0,PTVRP_CONT,8551199.0,277,16,0.0057,,,,,,0,,0,
Instances/Instances 3/p654_06.gt,653,10.0,86400.0,PTVRP_CONT,8787699.0,287,17,0.0061,,,,,,0,,0,
Instances/Instances 3/p654_07.gt,653,10.0,86400.0,PTVRP_CONT,8575793.0,280,15,0.0075,,,,,,0,,0,
Instances/Instances 3/p654_08.gt,653,10.0,86400.0,PTVRP_CONT,8603865.0,288,17,0.0082,,,,,,0,,0,
Instances/Instances 3/p654_09.gt,653,10.0,86400.0,PTVRP_CONT,8022594.0,261,17,0.0073,,,,,,0,,0,
Instances/Instances 3/p654_10.gt,653,10.0,86400.0,PTVRP_CONT,8583498.0,279,17,0.0063,,,,,,0,,0,
Instances/Instances 3/pcb1173_01.gt,1172,10.0,86400.0,PTVRP_CONT,5492447.0,632,18,0.0099,,,,,,0,,0,
Instances/Instances 3/pcb1173_02.gt,1172,10.0,86400.0,PTVRP_CONT,5563928.0,640,19,0.0122,,,,,,0,,0,
Instances/Instances 3/pcb1173_03.gt,1172,10.0,86400.0,PTVRP_CONT,5587936.0,633,17,0.0123,,,,,,0,,0,
Instances/Instances 3/pcb1173_04.gt,1172,10.0,86400.0,PTVRP_CONT,5567967.0,626,17,0.0101,,,,,,0,,0,
Instances/Instances 3/pcb1173_05.gt,1172,10.0,86400.0,PTVRP_CONT,5576721.0,609,15,0.0123,,,,,,0,,0,
Instances/Instances 3/pcb1173_06.gt,1172,10.0,86400.0,PTVRP_CONT,5465231.0,645,17,0.0121,,,,,,0,,0,
Instances/Instances 3/pcb1173_07.gt,1172,10.0,86400.0,PTVRP_CONT,5607587.0,647,15,0.0114,,,,,,0,,0,
Instances/Instances 3/pcb1173_08.gt,1172,10.0,86400.0,PTVRP_CONT,5587654.0,610,18,0.0128,,,,,,0,,0,
Instances/Instances 3/pcb1173_09.gt,1172,10.0,86400.0,PTVRP_CONT,5641844.0,612,18,0.0116,,,,,,0,,0,
Instances/Instances 3/pcb1173_10.gt,1172,10.0,86400.0,PTVRP_CONT,5552925.0,633,15,0.0116,,,,,,0,,0,
Instances/Instances 3/pcb3038_01.gt,3037,10.0,86400.0,PTVRP_CONT,21095837.0,1469,19,0.0364,,,,,,0,,0,
Instances/Instances 3/pcb3038_02.gt,3037,10.0,86400.0,PTVRP_CONT,21244818.0,1453,19,0.0372,,,,,,0,,0,
Instances/Instances 3/pcb3038_03.gt,3037,10.0,86400.0,PTVRP_CONT,21218720.0,1484,20,0.0352,,,,,,0,,0,
Instances/Instances 3/pcb3038_04.gt,3037,10.0,86400.0,PTVRP_CONT,21102438.0,1410,21,0.0358,,,,,,0,,0,
Instances/Instances 3/pcb3038_05.gt,3037,10.0,86400.0,PTVRP_CONT,21004164.0,1453,19,0.0367,,,,,,0,,0,
Instances/Instances 3/pcb3038_06.gt,3037,10.0,86400.0,PTVRP_CONT,21288490.0,1471,19,0.0364,,,,,,0,,0,
Instances/Instances 3/pcb3038_07.gt,3037,10.0,86400.0,PTVRP_CONT,21450433.0,1491,19,0.0353,,,,,,0,,0,
Instances/Instances 3/pcb3038_08.gt,3037,10.0,86400.0,PTVRP_CONT,20676972.0,1451,21,0.0381,,,,,,0,,0,
Instances/Instances 3/pcb3038_09.gt,3037,10.0,86400.0,PTVRP_CONT,21100464.0,1395,19,0.0358,,,,,,0,,0,
Instances/Instances 3/pcb3038_10.gt,3037,10.0,86400.0,PTVRP_CONT,21461673.0,1422,20,0.0344,,,,,,0,,0,
Instances/Instances 3/pcb442_01.gt,441,10.0,86400.0,PTVRP_CONT,2985167.0,257,13,0.0076,,,,,,0,,0,
Instances/Instances 3/pcb442_02.gt,441,10.0,86400.0,PTVRP_CONT,3043256.0,264,11,0.0061,,,,,,0,,0,
Instances/Instances 3/pcb442_03.gt,441,10.0,86400.0,PTVRP_CONT,3057377.0,256,13,0.0056,,,,,,0,,0,
Instances/Instances 3/pcb442_04.gt,441,10.0,86400.0,PTVRP_CONT,3058219.0,280,11,0.0061,,,,,,0,,0,
Instances/Instances 3/pcb442_05.gt,441,10.0,86400.0,PTVRP_CONT,3006899.0,262,12,0.0049,,,,,,0,,0,
Instances/Instances 3/pcb442_06.gt,441,10.0,86400.0,PTVRP_CONT,3081123.0,253,13,0.0058,,,,,,0,,0,
Instances/Instances 3/pcb442_07.gt,441,10.0,86400.0,PTVRP_CONT,3097038.0,273,14,0.0054,,,,,,0,,0,
Instances/Instances 3/pcb442_08.gt,441,10.0,86400.0,PTVRP_CONT,3111295.0,269,12,0.0047,,,,,,0,,0,
Instances/Instances 3/pcb442_09.gt,441,10.0,86400.0,PTVRP_CONT,2972519.0,267,11,0.0048,,,,,,0,,0,
Instances/Instances 3/pcb442_10.gt,441,10.0,86400.0,PTVRP_CONT,3053895.0,267,17,0.0057,,,,,,0,,0,
Instances/Instances 3/pm8079_01.gt,8078,10.0,86400.0,PTVRP_CONT,42933464.0,2810,29,0.198,,,,,,0,,0,
Instances/Instances 3/pm8079_02.gt,8078,10.0,86400.0,PTVRP_CONT,42885427.0,2722,34,0.1991,,,,,,0,,0,
Instances/Instances 3/pm8079_03.gt,8078,10.0,86400.0,PTVRP_CONT,42521512.0,2801,31,0.1988,,,,,,0,,0,
Instances/Instances 3/pm8079_04.gt,8078,10.0,86400.0,PTVRP_CONT,42847264.0,2790,43,0.1977,,,,,,0,,0,
Instances/Instances 3/pm8079_05.gt,8078,10.0,86400.0,PTVRP_CONT,42549861.0,2785,32,0.2,,,,,,0,,0,
Instances/Instances 3/pm8079_06.gt,8078,10.0,86400.0,PTVRP_CONT,42547601.0,2771,28,0.1992,,,,,,0,,0,
Instances/Instances 3/pm8079_07.gt,8078,10.0,86400.0,PTVRP_CONT,42787176.0,2822,29,0.2106,,,,,,0,,0,
Instances/Instances 3/pm8079_08.gt,8078,10.0,86400.0,PTVRP_CONT,42824912.0,2790,29,0.1961,,,,,,0,,0,
Instances/Instances 3/pm8079_09.gt,8078,10.0,86400.0,PTVRP_CONT,42804345.0,2836,33,0.197,,,,,,0,,0,
Instances/Instances 3/pm8079_10.gt,8078,10.0,86400.0,PTVRP_CONT,42939753.0,2833,31,0.1983,,,,,,0,,0,
Instances/Instances 3/pr1002_01.gt,1001,10.0,86400.0,PTVRP_CONT,NO SOLUTION,,,0.0087,,,,,,0,,0,
Instances/Instances 3/pr1002_02.gt,1001,10.0,86400.0,PTVRP_CONT,NO SOLUTION,,,0.0089,,,,,,0,,0,
Instances/Instances 3/pr1002_03.gt,1001,10.0,86400.0,PTVRP_CONT,NO SOLUTION,,,0.0086,,,,,,0,,0,
Instances/Instances 3/pr1002_04.gt,1001,10.0,86400.0,PTVRP_CONT,NO SOLUTION,,,0.0098,,,,,,0,,0,
Instances/Instances 3/pr1002_05.gt,1001,10.0,86400.0,PTVRP_CONT,NO SOLUTION,,,0.0096,,,,,,0,,0,
Instances/Instances 3/pr1002_06.gt,1001,10.0,86400.0,PTVRP_CONT,NO SOLUTION,,,0.0086,,,,,,0,,0,
Instances/Instances 3/pr1002_07.gt,1001,10.0,86400.0,PTVRP_CONT,NO SOLUTION,,,0.0086,,,,,,0,,0,
Instances/Instances 3/pr1002_08.gt,1001,10.0,86400.0,PTVRP_CONT,NO SOLUTION,,,0.0088,,,,,,0,,0,
Instances/Instances 3/pr1002_09.gt,1001,10.0,86400.0,PTVRP_CONT,26238795.0,663,11,0.0101,,,,,,0,,0,
Instances/Instances 3/pr1002_10.gt,1001,10.0,86400.0,PTVRP_CONT,NO SOLUTION,,,0.0091,,,,,,0,,0,
Instances/Instances 3/pr107_01.gt,106,10.0,86400.0,PTVRP_CONT,2842350.0,71,10,0.0048,,,,,,0,,0,
Instances/Instances 3/pr107_02.gt,106,10.0,86400.0,PTVRP_CONT,2832765.0,81,10,0.0041,,,,,,0,,0,
Instances/Instances 3/pr107_03.gt,106,10.0,86400.0,PTVRP_CONT,2949729.0,78,10,0.0042,,,,,,0,,0,
Instances/Instances 3/pr107_04.gt,106,10.0,86400.0,PTVRP_CONT,2538563.0,74,11,0.0039,,,,,,0,,0,
Instances/Instances 3/pr107_05.gt,106,10.0,86400.0,PTVRP_CONT,3002051.0,78,9,0.0051,,,,,,0,,0,
Instances/Instances 3/pr107_06.gt,106,10.0,86400.0,PTVRP_CONT,2747923.0,75,11,0.0041,,,,,,0,,0,
Instances/Instances 3/pr107_07.gt,106,10.0,86400.0,PTVRP_CONT,2962783.0,79,9,0.0055,,,,,,0,,0,
Instances/Instances 3/pr107_08.gt,106,10.0,86400.0,PTVRP_CONT,3024084.0,78,8,0.0057,,,,,,0,,0,
Instances/Instances 3/pr107_09.gt,106,10.0,86400.0,PTVRP_CONT,3222280.0,81,9,0.0051,,,,,,0,,0,
Instances/Instances 3/pr107_10.gt,106,10.0,86400.0,PTVRP_CONT,3023371.0,79,10,0.004,,,,,,0,,0,
Instances/Instances 3/pr124_01.gt,123,10.0,86400.0,PTVRP_CONT,2738248.0,80,8,0.0047,,,,,,0,,0,
Instances/Instances 3/pr124_02.gt,123,10.0,86400.0,PTVRP_CONT,2926304.0,80,10,0.0046,,,,,,0,,0,
Instances/Instances 3/pr124_03.gt,123,10.0,86400.0,PTVRP_CONT,2668445.0,76,9,0.0053,,,,,,0,,0,
Instances/Instances 3/pr124_04.gt,123,10.0,86400.0,PTVRP_CONT,2952477.0,87,9,0.0047,,,,,,0,,0,
Instances/Instances 3/pr124_05.gt,123,10.0,86400.0,PTVRP_CONT,2791237.0,83,9,0.0046,,,,,,0,,0,
Instances/Instances 3/pr124_06.gt,123,10.0,86400.0,PTVRP_CONT,2952491.0,91,9,0.0041,,,,,,0,,0,
Instances/Instances 3/pr124_07.gt,123,10.0,86400.0,PTVRP_CONT,2830151.0,85,9,0.0042,,,,,,0,,0,
Instances/Instances 3/pr124_08.gt,123,10.0,86400.0,PTVRP_CONT,2730369.0,80,11,0.0048,,,,,,0,,0,
Instances/Instances 3/pr124_09.gt,123,10.0,86400.0,PTVRP_CONT,2713480.0,81,9,0.0045,,,,,,0,,0,
Instances/Instances 3/pr124_10.gt,123,10.0,86400.0,PTVRP_CONT,2808418.0,87,9,0.0049,,,,,,0,,0,
Instances/Instances 3/pr136_01.gt,135,10.0,86400.0,PTVRP_CONT,NO SOLUTION,,,0.0053,,,,,,0,,0,
Instances/Instances 3/pr136_02.gt,135,10.0,86400.0,PTVRP_CONT,3465435.0,91,9,0.0055,,,,,,0,,0,
Instances/Instances 3/pr136_03.gt,135,10.0,86400.0,PTVRP_CONT,3482228.0,92,8,0.0049,,,,,,0,,0,
Instances/Instances 3/pr136_04.gt,135,10.0,86400.0,PTVRP_CONT,3627284.0,96,9,0.0058,,,,,,0,,0,
Instances/Instances 3/pr136_05.gt,135,10.0,86400.0,PTVRP_CONT,3654384.0,98,10,0.0055,,,,,,0,,0,
Instances/Instances 3/pr136_06.gt,135,10.0,86400.0,PTVRP_CONT,NO SOLUTION,,,0.0056,,,,,,0,,0,
Instances/Instances 3/pr136_07.gt,135,10.0,86400.0,PTVRP_CONT,3438549.0,91,8,0.005,,,,,,0,,0,
Instances/Instances 3/pr136_08.gt,135,10.0,86400.0,PTVRP_CONT,3434377.0,89,8,0.0048,,,,,,0,,0,
Instances/Instances 3/pr136_09.gt,135,10.0,86400.0,PTVRP_CONT,3546661.0,99,11,0.005,,,,,,0,,0,
Instances/Instances 3/pr136_10.gt,135,10.0,86400.0,PTVRP_CONT,3622855.0,96,9,0.0049,,,,,,0,,0,
Instances/Instances 3/pr144_01.gt,143,10.0,86400.0,PTVRP_CONT,3349011.0,79,10,0.0061,,,,,,0,,0,
Instances/Instances 3/pr144_02.gt,143,10.0,86400.0,PTVRP_CONT,3151503.0,83,13,0.005,,,,,,0,,0,
Instances/Instances 3/pr144_03.gt,143,10.0,86400.0,PTVRP_CONT,3289674.0,95,11,0.0056,,,,,,0,,0,
Instances/Instances 3/pr144_04.gt,143,10.0,86400.0,PTVRP_CONT,3327375.0,91,10,0.0054,,,,,,0,,0,
Instances/Instances 3/pr144_05.gt,143,10.0,86400.0,PTVRP_CONT,3318979.0,96,11,0.0051,,,,,,0,,0,
Instances/Instances 3/pr144_06.gt,143,10.0,86400.0,PTVRP_CONT,3438136.0,88,12,0.0057,,,,,,0,,0,
Instances/Instances 3/pr144_07.gt,143,10.0,86400.0,PTVRP_CONT,3276333.0,94,10,0.0057,,,,,,0,,0,
Instances/Instances 3/pr144_08.gt,143,10.0,86400.0,PTVRP_CONT,3165450.0,86,9,0.0055,,,,,,0,,0,
Instances/Instances 3/pr144_09.gt,143,10.0,86400.0,PTVRP_CONT,3730632.0,101,10,0.0058,,,,,,0,,0,
Instances/Instances 3/pr144_10.gt,143,10.0,86400.0,PTVRP_CONT,2887431.0,85,9,0.0062,,,,,,0,,0,
Instances/Instances 3/pr152_01.gt,151,10.0,86400.0,PTVRP_CONT,4095117.0,102,9,0.0066,,,,,,0,,0,
Instances/Instances 3/pr152_02.gt,151,10.0,86400.0,PTVRP_CONT,3884467.0,103,10,0.0064,,,,,,0,,0,
Instances/Instances 3/pr152_03.gt,151,10.0,86400.0,PTVRP_CONT,4308009.0,103,8,0.006,,,,,,0,,0,
Instances/Instances 3/pr152_04.gt,151,10.0,86400.0,PTVRP_CONT,NO SOLUTION,,,0.0042,,,,,,0,,0,
Instances/Instances 3/pr152_05.gt,151,10.0,86400.0,PTVRP_CONT,NO SOLUTION,,,0.0042,,,,,,0,,0,
Instances/Instances 3/pr152_06.gt,151,10.0,86400.0,PTVRP_CONT,4202908.0,108,9,0.0049,,,,,,0,,0,
Instances/Instances 3/pr152_07.gt,151,10.0,86400.0,PTVRP_CONT,4003826.0,102,9,0.0045,,,,,,0,,0,
Instances/Instances 3/pr152_08.gt,151,10.0,86400.0,PTVRP_CONT,4169887.0,111,12,0.0053,,,,,,0,,0,
Instances/Instances 3/pr152_09.gt,151,10.0,86400.0,PTVRP_CONT,3885939.0,109,10,0.0048,,,,,,0,,0,
Instances/Instances 3/pr152_10.gt,151,10.0,86400.0,PTVRP_CONT,4061782.0,105,11,0.0048,,,,,,0,,0,
Instances/Instances 3/pr226_01.gt,225,10.0,86400.0,PTVRP_CONT,7069881.0,147,12,0.0053,,,,,,0,,0,
Instances/Instances 3/pr226_02.gt,225,10.0,86400.0,PTVRP_CONT,NO SOLUTION,,,0.0046,,,,,,0,,0,
Instances/Instances 3/pr226_03.gt,225,10.0,86400.0,PTVRP_CONT,NO SOLUTION,,,0.004,,,,,,0,,0,
Instances/Instances 3/pr226_04.gt,225,10.0,86400.0,PTVRP_CONT,NO SOLUTION,,,0.0064,,,,,,0,,0,
Instances/Instances 3/pr226_05.gt,225,10.0,86400.0,PTVRP_CONT,NO SOLUTION,,,0.005,,,,,,0,,0,
Instances/Instances 3/pr226_06.gt,225,10.0,86400.0,PTVRP_CONT,NO SOLUTION,,,0.0058,,,,,,0,,0,
Instances/Instances 3/pr226_07.gt,225,10.0,86400.0,PTVRP_CONT,NO SOLUTION,,,0.0058,,,,,,0,,0,
Instances/Instances 3/pr226_08.gt,225,10.0,86400.0,PTVRP_CONT,NO SOLUTION,,,0.0059,,,,,,0,,0,
Instances/Instances 3/pr226_09.gt,225,10.0,86400.0,PTVRP_CONT,NO SOLUTION,,,0.0064,,,,,,0,,0,
Instances/Instances 3/pr226_10.gt,225,10.0,86400.0,PTVRP_CONT,NO SOLUTION,,,0.005,,,,,,0,,0,
Instances/Instances 3/pr2392_01.gt,2391,10.0,86400.0,PTVRP_CONT,59233110.0,1458,15,0.0243,,,,,,0,,0,
Instances/Instances 3/pr2392_02.gt,2391,10.0,86400.0,PTVRP_CONT,61455827.0,1518,13,0.0258,,,,,,0,,0,
Instances/Instances 3/pr2392_03.gt,2391,10.0,86400.0,PTVRP_CONT,NO SOLUTION,,,0.023,,,,,,0,,0,
Instances/Instances 3/pr2392_04.gt,2391,10.0,86400.0,PTVRP_CONT,61154647.0,1491,13,0.0258,,,,,,0,,0,
Instances/Instances 3/pr2392_05.gt,2391,10.0,86400.0,PTVRP_CONT,NO SOLUTION,,,0.024,,,,,,0,,0,
Instances/Instances 3/pr2392_06.gt,2391,10.0,86400.0,PTVRP_CONT,63367215.0,1514,13,0.0249,,,,,,0,,0,
Instances/Instances 3/pr2392_07.gt,2391,10.0,86400.0,PTVRP_CONT,61568743.0,1462,14,0.0234,,,,,,0,,0,
Instances/Instances 3/pr2392_08.gt,2391,10.0,86400.0,PTVRP_CONT,NO SOLUTION,,,0.0223,,,,,,0,,0,
Instances/Instances 3/pr2392_09.gt,2391,10.0,86400.0,PTVRP_CONT,61739153.0,1484,14,0.0237,,,,,,0,,0,
Instances/Instances 3/pr2392_10.gt,2391,10.0,86400.0,PTVRP_CONT,61905857.0,1525,14,0.0252,,,,,,0,,0,
Instances/Instances 3/pr264_01.gt,263,10.0,86400.0,PTVRP_CONT,4898412.0,147,12,0.0055,,,,,,0,,0,
Instances/Instances 3/pr264_02.gt,263,10.0,86400.0,PTVRP_CONT,5469074.0,156,12,0.004,,,,,,0,,0,
Instances/Instances 3/pr264_03.gt,263,10.0,86400.0,PTVRP_CONT,5600488.0,175,13,0.005,,,,,,0,,0,
Instances/Instances 3/pr264_04.gt,263,10.0,86400.0,PTVRP_CONT,5521963.0,163,12,0.0055,,,,,,0,,0,
Instances/Instances 3/pr264_05.gt,263,10.0,86400.0,PTVRP_CONT,5070497.0,156,13,0.0041,,,,,,0,,0,
Instances/Instances 3/pr264_06.gt,263,10.0,86400.0,PTVRP_CONT,5146593.0,160,12,0.0039,,,,,,0,,0,
Instances/Instances 3/pr264_07.gt,263,10.0,86400.0,PTVRP_CONT,5556735.0,158,14,0.0054,,,,,,0,,0,
Instances/Instances 3/pr264_08.gt,263,10.0,86400.0,PTVRP_CONT,5444873.0,157,14,0.0045,,,,,,0,,0,
Instances/Instances 3/pr264_09.gt,263,10.0,86400.0,PTVRP_CONT,5194033.0,159,12,0.005,,,,,,0,,0,
Instances/Instances 3/pr264_10.gt,263,10.0,86400.0,PTVRP_CONT,5463349.0,162,12,0.0048,,,,,,0,,0,
Instances/Instances 3/pr299_01.gt,298,10.0,86400.0,PTVRP_CONT,2952053.0,177,14,0.0048,,,,,,0,,0,
Instances/Instances 3/pr299_02.gt,298,10.0,86400.0,PTVRP_CONT,3261806.0,186,14,0.004,,,,,,0,,0,
Instances/Instances 3/pr299_03.gt,298,10.0,86400.0,PTVRP_CONT,3366029.0,186,12,0.005,,,,,,0,,0,
Instances/Instances 3/pr299_04.gt,298,10.0,86400.0,PTVRP_CONT,3047528.0,167,12,0.0041,,,,,,0,,0,
Instances/Instances 3/pr299_05.gt,298,10.0,86400.0,PTVRP_CONT,3045661.0,172,11,0.0051,,,,,,0,,0,
Instances/Instances 3/pr299_06.gt,298,10.0,86400.0,PTVRP_CONT,3194351.0,177,11,0.0042,,,,,,0,,0,
Instances/Instances 3/pr299_07.gt,298,10.0,86400.0,PTVRP_CONT,3247132.0,178,14,0.0048,,,,,,0,,0,
Instances/Instances 3/pr299_08.gt,298,10.0,86400.0,PTVRP_CONT,3038194.0,173,12,0.0045,,,,,,0,,0,
Instances/Instances 3/pr299_09.gt,298,10.0,86400.0,PTVRP_CONT,3334326.0,184,12,0.0042,,,,,,0,,0,
Instances/Instances 3/pr299_10.gt,298,10.0,86400.0,PTVRP_CONT,3101259.0,175,14,0.0051,,,,,,0,,0,
Instances/Instances 3/pr439_01.gt,438,10.0,86400.0,PTVRP_CONT,7480967.0,270,10,0.0057,,,,,,0,,0,
Instances/Instances 3/pr439_02.gt,438,10.0,86400.0,PTVRP_CONT,7999497.0,273,13,0.0048,,,,,,0,,0,
Instances/Instances 3/pr439_03.gt,438,10.0,86400.0,PTVRP_CONT,NO SOLUTION,,,0.0044,,,,,,0,,0,
Instances/Instances 3/pr439_04.gt,438,10.0,86400.0,PTVRP_CONT,NO SOLUTION,,,0.0042,,,,,,0,,0,
Instances/Instances 3/pr439_05.gt,438,10.0,86400.0,PTVRP_CONT,8025635.0,266,16,0.0058,,,,,,0,,0,
Instances/Instances 3/pr439_06.gt,438,10.0,86400.0,PTVRP_CONT,NO SOLUTION,,,0.0044,,,,,,0,,0,
Instances/Instances 3/pr439_07.gt,438,10.0,86400.0,PTVRP_CONT,NO SOLUTION,,,0.0047,,,,,,0,,0,
Instances/Instances 3/pr439_08.gt,438,10.0,86400.0,PTVRP_CONT,NO SOLUTION,,,0.005,,,,,,0,,0,
Instances/Instances 3/pr439_09.gt,438,10.0,86400.0,PTVRP_CONT,NO SOLUTION,,,0.0042,,,,,,0,,0,
Instances/Instances 3/pr439_10.gt,438,10.0,86400.0,PTVRP_CONT,7840130.0,265,12,0.0047,,,,,,0,,0,
Instances/Instances 3/pr76_01.gt,75,10.0,86400.0,PTVRP_CONT,NO SOLUTION,,,0.0045,,,,,,0,,0,
Instances/Instances 3/pr76_02.gt,75,10.0,86400.0,PTVRP_CONT,NO SOLUTION,,,0.0042,,,,,,0,,0,
Instances/Instances 3/pr76_03.gt,75,10.0,86400.0,PTVRP_CONT,NO SOLUTION,,,0.0042,,,,,,0,,0,
Instances/Instances 3/pr76_04.gt,75,10.0,86400.0,PTVRP_CONT,NO SOLUTION,,,0.0043,,,,,,0,,0,
Instances/Instances 3/pr76_05.gt,75,10.0,86400.0,PTVRP_CONT,NO SOLUTION,,,0.0039,,,,,,0,,0,
Instances/Instances 3/pr76_06.gt,75,10.0,86400.0,PTVRP_CONT,2198661.0,54,7,0.0046,,,,,,0,,0,
Instances/Instances 3/pr76_07.gt,75,10.0,86400.0,PTVRP_CONT,NO SOLUTION,,,0.0042,,,,,,0,,0,
Instances/Instances 3/pr76_08.gt,75,10.0,86400.0,PTVRP_CONT,NO SOLUTION,,,0.0052,,,,,,0,,0,
Instances/Instances 3/pr76_09.gt,75,10.0,86400.0,PTVRP_CONT,NO SOLUTION,,,0.0063,,,,,,0,,0,
Instances/Instances 3/pr76_10.gt,75,10.0,86400.0,PTVRP_CONT,NO SOLUTION,,,0.0059,,,,,,0,,0,
Instances/Instances 3/qa194_01.gt,193,10.0,86400.0,PTVRP_CONT,397222.0,119,17,0.0077,,,,,,0,,0,
Instances/Instances 3/qa194_02.gt,193,10.0,86400.0,PTVRP_CONT,394061.0,125,10,0.0061,,,,,,0,,0,
Instances/Instances 3/qa194_03.gt,193,10.0,86400.0,PTVRP_CONT,373224.0,123,13,0.005,,,,,,0,,0,
Instances/Instances 3/qa194_04.gt,193,10.0,86400.0,PTVRP_CONT,391411.0,126,14,0.0039,,,,,,0,,0,
Instances/Instances 3/qa194_05.gt,193,10.0,86400.0,PTVRP_CONT,403650.0,130,12,0.0046,,,,,,0,,0,
Instances/Instances 3/qa194_06.gt,193,10.0,86400.0,PTVRP_CONT,394858.0,122,11,0.0037,,,,,,0,,0,
Instances/Instances 3/qa194_07.gt,193,10.0,86400.0,PTVRP_CONT,404906.0,121,12,0.004,,,,,,0,,0,
Instances/Instances 3/qa194_08.gt,193,10.0,86400.0,PTVRP_CONT,391155.0,121,13,0.0042,,,,,,0,,0,
Instances/Instances 3/qa194_09.gt,193,10.0,86400.0,PTVRP_CONT,374826.0,122,20,0.0039,,,,,,0,,0,
Instances/Instances 3/qa194_10.gt,193,10.0,86400.0,PTVRP_CONT,382570.0,123,11,0.0047,,,,,,0,,0,
Instances/Instances 3/rat195_01.gt,194,10.0,86400.0,PTVRP_CONT,98540.0,134,11,0.0047,,,,,,0,,0,
Instances/Instances 3/rat195_02.gt,194,10.0,86400.0,PTVRP_CONT,94314.0,130,11,0.0049,,,,,,0,,0,
Instances/Instances 3/rat195_03.gt,194,10.0,86400.0,PTVRP_CONT,94818.0,120,10,0.0045,,,,,,0,,0,
Instances/Instances 3/rat195_04.gt,194,10.0,86400.0,PTVRP_CONT,87178.0,127,9,0.0048,,,,,,0,,0,
Instances/Instances 3/rat195_05.gt,194,10.0,86400.0,PTVRP_CONT,93874.0,117,10,0.0044,,,,,,0,,0,
Instances/Instances 3/rat195_06.gt,194,10.0,86400.0,PTVRP_CONT,93715.0,133,12,0.0043,,,,,,0,,0,
Instances/Instances 3/rat195_07.gt,194,10.0,86400.0,PTVRP_CONT,88104.0,129,11,0.0038,,,,,,0,,0,
Instances/Instances 3/rat195_08.gt,194,10.0,86400.0,PTVRP_CONT,89023.0,127,12,0.0044,,,,,,0,,0,
Instances/Instances 3/rat195_09.gt,194,10.0,86400.0,PTVRP_CONT,91653.0,137,10,0.0042,,,,,,0,,0,
Instances/Instances 3/rat195_10.gt,194,10.0,86400.0,PTVRP_CONT,97668.0,123,12,0.0046,,,,,,0,,0,
Instances/Instances 3/rat575_01.gt,574,10.0,86400.0,PTVRP_CONT,471901.0,333,14,0.0067,,,,,,0,,0,
Instances/Instances 3/rat575_02.gt,574,10.0,86400.0,PTVRP_CONT,454201.0,329,16,0.0066,,,,,,0,,0,
Instances/Instances 3/rat575_03.gt,574,10.0,86400.0,PTVRP_CONT,440963.0,326,14,0.0062,,,,,,0,,0,
Instances/Instances 3/rat575_04.gt,574,10.0,86400.0,PTVRP_CONT,461536.0,331,17,0.0071,,,,,,0,,0,
Instances/Instances 3/rat575_05.gt,574,10.0,86400.0,PTVRP_CONT,467188.0,344,14,0.0068,,,,,,0,,0,
Instances/Instances 3/rat575_06.gt,574,10.0,86400.0,PTVRP_CONT,443838.0,326,13,0.0061,,,,,,0,,0,
Instances/Instances 3/rat575_07.gt,574,10.0,86400.0,PTVRP_CONT,463217.0,356,13,0.0062,,,,,,0,,0,
Instances/Instances 3/rat575_08.gt,574,10.0,86400.0,PTVRP_CONT,459210.0,335,12,0.0063,,,,,,0,,0,
Instances/Instances 3/rat575_09.gt,574,10.0,86400.0,PTVRP_CONT,445686.0,342,13,0.0056,,,,,,0,,0,
Instances/Instances 3/rat575_10.gt,574,10.0,86400.0,PTVRP_CONT,461722.0,346,13,0.0074,,,,,,0,,0,
Instances/Instances 3/rat783_01.gt,782,10.0,86400.0,PTVRP_CONT,724330.0,423,14,0.0082,,,,,,0,,0,
Instances/Instances 3/rat783_02.gt,782,10.0,86400.0,PTVRP_CONT,702792.0,431,15,0.0086,,,,,,0,,0,
Instances/Instances 3/rat783_03.gt,782,10.0,86400.0,PTVRP_CONT,723849.0,449,16,0.0085,,,,,,0,,0,
Instances/Instances 3/rat783_04.gt,782,10.0,86400.0,PTVRP_CONT,705808.0,430,14,0.0082,,,,,,0,,0,
Instances/Instances 3/rat783_05.gt,782,10.0,86400.0,PTVRP_CONT,719690.0,438,15,0.0082,,,,,,0,,0,
Instances/Instances 3/rat783_06.gt,782,10.0,86400.0,PTVRP_CONT,720841.0,444,16,0.0085,,,,,,0,,0,
Instances/Instances 3/rat783_07.gt,782,10.0,86400.0,PTVRP_CONT,722484.0,443,13,0.0085,,,,,,0,,0,
Instances/Instances 3/rat783_08.gt,782,10.0,86400.0,PTVRP_CONT,704351.0,447,14,0.0087,,,,,,0,,0,
Instances/Instances 3/rat783_09.gt,782,10.0,86400.0,PTVRP_CONT,715764.0,453,13,0.0086,,,,,,0,,0,
Instances/Instances 3/rat783_10.gt,782,10.0,86400.0,PTVRP_CONT,724694.0,432,14,0.0084,,,,,,0,,0,
Instances/Instances 3/rat99_01.gt,98,10.0,86400.0,PTVRP_CONT,30816.0,69,7,0.0054,,,,,,0,,0,
Instances/Instances 3/rat99_02.gt,98,10.0,86400.0,PTVRP_CONT,30976.0,74,7,0.0057,,,,,,0,,0,
Instances/Instances 3/rat99_03.gt,98,10.0,86400.0,PTVRP_CONT,35851.0,67,11,0.006,,,,,,0,,0,
Instances/Instances 3/rat99_04.gt,98,10.0,86400.0,PTVRP_CONT,36989.0,63,9,0.005,,,,,,0,,0,
Instances/Instances 3/rat99_05.gt,98,10.0,86400.0,PTVRP_CONT,32166.0,72,7,0.0041,,,,,,0,,0,
Instances/Instances 3/rat99_06.gt,98,10.0,86400.0,PTVRP_CONT,37249.0,69,9,0.0044,,,,,,0,,0,
Instances/Instances 3/rat99_07.gt,98,10.0,86400.0,PTVRP_CONT,36012.0,63,10,0.004,,,,,,0,,0,
Instances/Instances 3/rat99_08.gt,98,10.0,86400.0,PTVRP_CONT,34923.0,67,11,0.0046,,,,,,0,,0,
Instances/Instances 3/rat99_09.gt,98,10.0,86400.0,PTVRP_CONT,36927.0,74,9,0.0046,,,,,,0,,0,
Instances/Instances 3/rat99_10.gt,98,10.0,86400.0,PTVRP_CONT,31864.0,63,8,0.0041,,,,,,0,,0,
Instances/Instances 3/rd100_01.gt,99,10.0,86400.0,PTVRP_CONT,201225.0,63,9,0.0041,,,,,,0,,0,
Instances/Instances 3/rd100_02.gt,99,10.0,86400.0,PTVRP_CONT,212931.0,69,8,0.0041,,,,,,0,,0,
Instances/Instances 3/rd100_03.gt,99,10.0,86400.0,PTVRP_CONT,239007.0,66,13,0.0059,,,,,,0,,0,
Instances/Instances 3/rd100_04.gt,99,10.0,86400.0,PTVRP_CONT,229960.0,63,12,0.0058,,,,,,0,,0,
Instances/Instances 3/rd100_05.gt,99,10.0,86400.0,PTVRP_CONT,231324.0,75,8,0.0057,,,,,,0,,0,
Instances/Instances 3/rd100_06.gt,99,10.0,86400.0,PTVRP_CONT,241404.0,71,9,0.0056,,,,,,0,,0,
Instances/Instances 3/rd100_07.gt,99,10.0,86400.0,PTVRP_CONT,245382.0,70,16,0.0054,,,,,,0,,0,
Instances/Instances 3/rd100_08.gt,99,10.0,86400.0,PTVRP_CONT,238446.0,73,11,0.0048,,,,,,0,,0,
Instances/Instances 3/rd100_09.gt,99,10.0,86400.0,PTVRP_CONT,240387.0,68,8,0.0056,,,,,,0,,0,
Instances/Instances 3/rd100_10.gt,99,10.0,86400.0,PTVRP_CONT,200465.0,61,9,0.005,,,,,,0,,0,
Instances/Instances 3/rd400_01.gt,399,10.0,86400.0,PTVRP_CONT,851551.0,241,15,0.0061,,,,,,0,,0,
Instances/Instances 3/rd400_02.gt,399,10.0,86400.0,PTVRP_CONT,834873.0,252,12,0.0076,,,,,,0,,0,
Instances/Instances 3/rd400_03.gt,399,10.0,86400.0,PTVRP_CONT,850403.0,238,13,0.0071,,,,,,0,,0,
Instances/Instances 3/rd400_04.gt,399,10.0,86400.0,PTVRP_CONT,818097.0,242,13,0.0067,,,,,,0,,0,
Instances/Instances 3/rd400_05.gt,399,10.0,86400.0,PTVRP_CONT,892389.0,243,14,0.0063,,,,,,0,,0,
Instances/Instances 3/rd400_06.gt,399,10.0,86400.0,PTVRP_CONT,852932.0,239,14,0.0061,,,,,,0,,0,
Instances/Instances 3/rd400_07.gt,399,10.0,86400.0,PTVRP_CONT,871332.0,235,15,0.0066,,,,,,0,,0,
Instances/Instances 3/rd400_08.gt,399,10.0,86400.0,PTVRP_CONT,878797.0,233,16,0.0061,,,,,,0,,0,
Instances/Instances 3/rd400_09.gt,399,10.0,86400.0,PTVRP_CONT,842201.0,249,12,0.0054,,,,,,0,,0,
Instances/Instances 3/rd400_10.gt,399,10.0,86400.0,PTVRP_CONT,835330.0,239,14,0.0057,,,,,,0,,0,
Instances/Instances 3/rl11849_01.gt,11848,10.0,86400.0,PTVRP_CONT,NO SOLUTION,,,0.4063,,,,,,0,,0,
Instances/Instances 3/rl11849_02.gt,11848,10.0,86400.0,PTVRP_CONT,NO SOLUTION,,,0.4051,,,,,,0,,0,
Instances/Instances 3/rl11849_03.gt,11848,10.0,86400.0,PTVRP_CONT,NO SOLUTION,,,0.4072,,,,,,0,,0,
Instances/Instances 3/rl11849_04.gt,11848,10.0,86400.0,PTVRP_CONT,NO SOLUTION,,,0.4035,,,,,,0,,0,
Instances/Instances 3/rl11849_05.gt,11848,10.0,86400.0,PTVRP_CONT,NO SOLUTION,,,0.4069,,,,,,0,,0,
Instances/Instances 3/rl11849_06.gt,11848,10.0,86400.0,PTVRP_CONT,NO SOLUTION,,,0.4049,,,,,,0,,0,
Instances/Instances 3/rl11849_07.gt,11848,10.0,86400.0,PTVRP_CONT,NO SOLUTION,,,0.4033,,,,,,0,,0,
Instances/Instances 3/rl11849_08.gt,11848,10.0,86400.0,PTVRP_CONT,NO SOLUTION,,,0.4055,,,,,,0,,0,
Instances/Instances 3/rl11849_09.gt,11848,10.0,86400.0,PTVRP_CONT,NO SOLUTION,,,0.4028,,,,,,0,,0,
Instances/Instances 3/rl11849_10.gt,11848,10.0,86400.0,PTVRP_CONT,NO SOLUTION,,,0.4096,,,,,,0,,0,
Instances/Instances 3/rl1304_01.gt,1303,10.0,86400.0,PTVRP_CONT,NO SOLUTION,,,0.0113,,,,,,0,,0,
Instances/Instances 3/rl1304_02.gt,1303,10.0,86400.0,PTVRP_CONT,NO SOLUTION,,,0.0121,,,,,,0,,0,
Instances/Instances 3/rl1304_03.gt,1303,10.0,86400.0,PTVRP_CONT,NO SOLUTION,,,0.0112,,,,,,0,,0,
Instances/Instances 3/rl1304_04.gt,1303,10.0,86400.0,PTVRP_CONT,NO SOLUTION,,,0.0116,,,,,,0,,0,
Instances/Instances 3/rl1304_05.gt,1303,10.0,86400.0,PTVRP_CONT,NO SOLUTION,,,0.0112,,,,,,0,,0,
Instances/Instances 3/rl1304_06.gt,1303,10.0,86400.0,PTVRP_CONT,NO SOLUTION,,,0.0104,,,,,,0,,0,
Instances/Instances 3/rl1304_07.gt,1303,10.0,86400.0,PTVRP_CONT,NO SOLUTION,,,0.0121,,,,,,0,,0,
Instances/Instances 3/rl1304_08.gt,1303,10.0,86400.0,PTVRP_CONT,NO SOLUTION,,,0.011,,,,,,0,,0,
Instances/Instances 3/rl1304_09.gt,1303,10.0,86400.0,PTVRP_CONT,NO SOLUTION,,,0.0112,,,,,,0,,0,
Instances/Instances 3/rl1304_10.gt,1303,10.0,86400.0,PTVRP_CONT,NO SOLUTION,,,0.0114,,,,,,0,,0,
Instances/Instances 3/rl1323_01.gt,1322,10.0,86400.0,PTVRP_CONT,NO SOLUTION,,,0.0175,,,,,,0,,0,
Instances/Instances 3/rl1323_02.gt,1322,10.0,86400.0,PTVRP_CONT,NO SOLUTION,,,0.0122,,,,,,0,,0,
Instances/Instances 3/rl1323_03.gt,1322,10.0,86400.0,PTVRP_CONT,NO SOLUTION,,,0.0123,,,,,,0,,0,
Instances/Instances 3/rl1323_04.gt,1322,10.0,86400.0,PTVRP_CONT,NO SOLUTION,,,0.0119,,,,,,0,,0,
Instances/Instances 3/rl1323_05.gt,1322,10.0,86400.0,PTVRP_CONT,NO SOLUTION,,,0.0113,,,,,,0,,0,
Instances/Instances 3/rl1323_06.gt,1322,10.0,86400.0,PTVRP_CONT,NO SOLUTION,,,0.0106,,,,,,0,,0,
Instances/Instances 3/rl1323_07.gt,1322,10.0,86400.0,PTVRP_CONT,NO SOLUTION,,,0.0109,,,,,,0,,0,
Instances/Instances 3/rl1323_08.gt,1322,10.0,86400.0,PTVRP_CONT,NO SOLUTION,,,0.0116,,,,,,0,,0,
Instances/Instances 3/rl1323_09.gt,1322,10.0,86400.0,PTVRP_CONT,NO SOLUTION,,,0.0111,,,,,,0,,0,
Instances/Instances 3/rl1323_10.gt,1322,10.0,86400.0,PTVRP_CONT,NO SOLUTION,,,0.0121,,,,,,0,,0,
Instances/Instances 3/rl1889_01.gt,1888,10.0,86400.0,PTVRP_CONT,NO SOLUTION,,,0.017,,,,,,0,,0,
Instances/Instances 3/rl1889_02.gt,1888,10.0,86400.0,PTVRP_CONT,NO SOLUTION,,,0.0162,,,,,,0,,0,
Instances/Instances 3/rl1889_03.gt,1888,10.0,86400.0,PTVRP_CONT,NO SOLUTION,,,0.0173,,,,,,0,,0,
Instances/Instances 3/rl1889_04.gt,1888,10.0,86400.0,PTVRP_CONT,NO SOLUTION,,,0.0168,,,,,,0,,0,
Instances/Instances 3/rl1889_05.gt,1888,10.0,86400.0,PTVRP_CONT,NO SOLUTION,,,0.0166,,,,,,0,,0,
Instances/Instances 3/rl1889_06.gt,1888,10.0,86400.0,PTVRP_CONT,NO SOLUTION,,,0.0178,,,,,,0,,0,
Instances/Instances 3/rl1889_07.gt,1888,10.0,86400.0,PTVRP_CONT,NO SOLUTION,,,0.0183,,,,,,0,,0,
Instances/Instances 3/rl1889_08.gt,1888,10.0,86400.0,PTVRP_CONT,NO SOLUTION,,,0.0169,,,,,,0,,0,
Instances/Instances 3/rl1889_09.gt,1888,10.0,86400.0,PTVRP_CONT,NO SOLUTION,,,0.0174,,,,,,0,,0,
Instances/Instances 3/rl1889_10.gt,1888,10.0,86400.0,PTVRP_CONT,NO SOLUTION,,,0.0168,,,,,,0,,0,
Instances/Instances 3/rl5915_01.gt,5914,10.0,86400.0,PTVRP_CONT,NO SOLUTION,,,0.1083,,,,,,0,,0,
Instances/Instances 3/rl5915_02.gt,5914,10.0,86400.0,PTVRP_CONT,NO SOLUTION,,,0.1096,,,,,,0,,0,
Instances/Instances 3/rl5915_03.gt,5914,10.0,86400.0,PTVRP_CONT,NO SOLUTION,,,0.1073,,,,,,0,,0,
Instances/Instances 3/rl5915_04.gt,5914,10.0,86400.0,PTVRP_CONT,NO SOLUTION,,,0.112,,,,,,0,,0,
Instances/Instances 3/rl5915_05.gt,5914,10.0,86400.0,PTVRP_CONT,NO SOLUTION,,,0.1072,,,,,,0,,0,
Instances/Instances 3/rl5915_06.gt,5914,10.0,86400.0,PTVRP_CONT,NO SOLUTION,,,0.1074,,,,,,0,,0,
Instances/Instances 3/rl5915_07.gt,5914,10.0,86400.0,PTVRP_CONT,NO SOLUTION,,,0.1075,,,,,,0,,0,
Instances/Instances 3/rl5915_08.gt,5914,10.0,86400.0,PTVRP_CONT,NO SOLUTION,,,0.1064,,,,,,0,,0,
Instances/Instances 3/rl5915_09.gt,5914,10.0,86400.0,PTVRP_CONT,NO SOLUTION,,,0.1073,,,,,,0,,0,
Instances/Instances 3/rl5915_10.gt,5914,10.0,86400.0,PTVRP_CONT,NO SOLUTION,,,0.1057,,,,,,0,,0,
Instances/Instances 3/rl5934_01.gt,5933,10.0,86400.0,PTVRP_CONT,NO SOLUTION,,,0.1098,,,,,,0,,0,
Instances/Instances 3/rl5934_02.gt,5933,10.0,86400.0,PTVRP_CONT,NO SOLUTION,,,0.1075,,,,,,0,,0,
Instances/Instances 3/rl5934_03.gt,5933,10.0,86400.0,PTVRP_CONT,NO SOLUTION,,,0.107,,,,,,0,,0,
Instances/Instances 3/rl5934_04.gt,5933,10.0,86400.0,PTVRP_CONT,NO SOLUTION,,,0.1078,,,,,,0,,0,
Instances/Instances 3/rl5934_05.gt,5933,10.0,86400.0,PTVRP_CONT,NO SOLUTION,,,0.1076,,,,,,0,,0,
Instances/Instances 3/rl5934_06.gt,5933,10.0,86400.0,PTVRP_CONT,NO SOLUTION,,,0.1096,,,,,,0,,0,
Instances/Instances 3/rl5934_07.gt,5933,10.0,86400.0,PTVRP_CONT,NO SOLUTION,,,0.1099,,,,,,0,,0,
Instances/Instances 3/rl5934_08.gt,5933,10.0,86400.0,PTVRP_CONT,NO SOLUTION,,,0.1083,,,,,,0,,0,
Instances/Instances 3/rl5934_09.gt,5933,10.0,86400.0,PTVRP_CONT,NO SOLUTION,,,0.1082,,,,,,0,,0,
Instances/Instances 3/rl5934_10.gt,5933,10.0,86400.0,PTVRP_CONT,NO SOLUTION,,,0.107,,,,,,0,,0,
Instances/Instances 3/rw1621_01.gt,1620,10.0,86400.0,PTVRP_CONT,4699717.0,646,25,0.0155,,,,,,0,,0,
Instances/Instances 3/rw1621_02.gt,1620,10.0,86400.0,PTVRP_CONT,4611680.0,637,25,0.0151,,,,,,0,,0,
Instances/Instances 3/rw1621_03.gt,1620,10.0,86400.0,PTVRP_CONT,4597742.0,638,26,0.0143,,,,,,0,,0,
Instances/Instances 3/rw1621_04.gt,1620,10.0,86400.0,PTVRP_CONT,4708510.0,648,25,0.0136,,,,,,0,,0,
Instances/Instances 3/rw1621_05.gt,1620,10.0,86400.0,PTVRP_CONT,4647032.0,636,26,0.0133,,,,,,0,,0,
Instances/Instances 3/rw1621_06.gt,1620,10.0,86400.0,PTVRP_CONT,4616264.0,644,29,0.014,,,,,,0,,0,
Instances/Instances 3/rw1621_07.gt,1620,10.0,86400.0,PTVRP_CONT,4583308.0,635,22,0.0142,,,,,,0,,0,
Instances/Instances 3/rw1621_08.gt,1620,10.0,86400.0,PTVRP_CONT,4624804.0,632,26,0.014,,,,,,0,,0,
Instances/Instances 3/rw1621_09.gt,1620,10.0,86400.0,PTVRP_CONT,4689576.0,634,21,0.0138,,,,,,0,,0,
Instances/Instances 3/rw1621_10.gt,1620,10.0,86400.0,PTVRP_CONT,4554245.0,629,34,0.0132,,,,,,0,,0,
Instances/Instances 3/st70_01.gt,69,10.0,86400.0,PTVRP_CONT,13829.0,45,8,0.0045,,,,,,0,,0,
Instances/Instances 3/st70_02.gt,69,10.0,86400.0,PTVRP_CONT,14631.0,47,9,0.0042,,,,,,0,,0,
Instances/Instances 3/st70_03.gt,69,10.0,86400.0,PTVRP_CONT,15112.0,53,7,0.0038,,,,,,0,,0,
Instances/Instances 3/st70_04.gt,69,10.0,86400.0,PTVRP_CONT,14748.0,52,9,0.0039,,,,,,0,,0,
Instances/Instances 3/st70_05.gt,69,10.0,86400.0,PTVRP_CONT,16017.0,53,8,0.0039,,,,,,0,,0,
Instances/Instances 3/st70_06.gt,69,10.0,86400.0,PTVRP_CONT,14473.0,48,9,0.0039,,,,,,0,,0,
Instances/Instances 3/st70_07.gt,69,10.0,86400.0,PTVRP_CONT,13670.0,55,9,0.0038,,,,,,0,,0,
Instances/Instances 3/st70_08.gt,69,10.0,86400.0,PTVRP_CONT,15303.0,54,7,0.0037,,,,,,0,,0,
Instances/Instances 3/st70_09.gt,69,10.0,86400.0,PTVRP_CONT,15825.0,53,8,0.0044,,,,,,0,,0,
Instances/Instances 3/st70_10.gt,69,10.0,86400.0,PTVRP_CONT,14697.0,46,8,0.0038,,,,,,0,,0,
Instances/Instances 3/sw24978_01.gt,24977,10.0,86400.0,PTVRP_CONT,NO SOLUTION,,,1.759,,,,,,0,,0,
Instances/Instances 3/sw24978_02.gt,24977,10.0,86400.0,PTVRP_CONT,NO SOLUTION,,,1.7513,,,,,,0,,0,
Instances/Instances 3/sw24978_03.gt,24977,10.0,86400.0,PTVRP_CONT,NO SOLUTION,,,1.813,,,,,,0,,0,
Instances/Instances 3/sw24978_04.gt,24977,10.0,86400.0,PTVRP_CONT,NO SOLUTION,,,1.8321,,,,,,0,,0,
Instances/Instances 3/sw24978_05.gt,24977,10.0,86400.0,PTVRP_CONT,NO SOLUTION,,,1.817,,,,,,0,,0,
Instances/Instances 3/sw24978_06.gt,24977,10.0,86400.0,PTVRP_CONT,NO SOLUTION,,,1.7712,,,,,,0,,0,
Instances/Instances 3/sw24978_07.gt,24977,10.0,86400.0,PTVRP_CONT,NO SOLUTION,,,1.7793,,,,,,0,,0,
Instances/Instances 3/sw24978_08.gt,24977,10.0,86400.0,PTVRP_CONT,NO SOLUTION,,,1.7945,,,,,,0,,0,
Instances/Instances 3/sw24978_09.gt,24977,10.0,86400.0,PTVRP_CONT,NO SOLUTION,,,1.8124,,,,,,0,,0,
Instances/Instances 3/sw24978_10.gt,24977,10.0,86400.0,PTVRP_CONT,NO SOLUTION,,,1.7652,,,,,,0,,0,
Instances/Instances 3/ts225_01.gt,224,10.0,86400.0,PTVRP_CONT,6556133.0,162,9,0.0047,,,,,,0,,0,
Instances/Instances 3/ts225_02.gt,224,10.0,86400.0,PTVRP_CONT,7322584.0,165,8,0.0053,,,,,,0,,0,
Instances/Instances 3/ts225_03.gt,224,10.0,86400.0,PTVRP_CONT,6494470.0,164,9,0.0048,,,,,,0,,0,
Instances/Instances 3/ts225_04.gt,224,10.0,86400.0,PTVRP_CONT,6882733.0,171,9,0.004,,,,,,0,,0,
Instances/Instances 3/ts225_05.gt,224,10.0,86400.0,PTVRP_CONT,6576806.0,161,9,0.0048,,,,,,0,,0,
Instances/Instances 3/ts225_06.gt,224,10.0,86400.0,PTVRP_CONT,6259972.0,159,9,0.0047,,,,,,0,,0,
Instances/Instances 3/ts225_07.gt,224,10.0,86400.0,PTVRP_CONT,6151092.0,152,9,0.0046,,,,,,0,,0,
Instances/Instances 3/ts225_08.gt,224,10.0,86400.0,PTVRP_CONT,6385728.0,158,8,0.0049,,,,,,0,,0,
Instances/Instances 3/ts225_09.gt,224,10.0,86400.0,PTVRP_CONT,6719653.0,167,8,0.0047,,,,,,0,,0,
Instances/Instances 3/ts225_10.gt,224,10.0,86400.0,PTVRP_CONT,6582608.0,163,9,0.0047,,,,,,0,,0,
Instances/Instances 3/tsp225_01.gt,224,10.0,86400.0,PTVRP_CONT,165557.0,145,12,0.0048,,,,,,0,,0,
Instances/Instances 3/tsp225_02.gt,224,10.0,86400.0,PTVRP_CONT,185624.0,153,10,0.0043,,,,,,0,,0,
Instances/Instances 3/tsp225_03.gt,224,10.0,86400.0,PTVRP_CONT,161779.0,149,9,0.0039,,,,,,0,,0,
Instances/Instances 3/tsp225_04.gt,224,10.0,86400.0,PTVRP_CONT,175486.0,152,10,0.0046,,,,,,0,,0,
Instances/Instances 3/tsp225_05.gt,224,10.0,86400.0,PTVRP_CONT,172190.0,146,11,0.0046,,,,,,0,,0,
Instances/Instances 3/tsp225_06.gt,224,10.0,86400.0,PTVRP_CONT,157511.0,146,11,0.0048,,,,,,0,,0,
Instances/Instances 3/tsp225_07.gt,224,10.0,86400.0,PTVRP_CONT,153057.0,145,12,0.0042,,,,,,0,,0,
Instances/Instances 3/tsp225_08.gt,224,10.0,86400.0,PTVRP_CONT,162394.0,152,12,0.0048,,,,,,0,,0,
Instances/Instances 3/tsp225_09.gt,224,10.0,86400.0,PTVRP_CONT,167741.0,148,10,0.0056,,,,,,0,,0,
Instances/Instances 3/tsp225_10.gt,224,10.0,86400.0,PTVRP_CONT,168703.0,141,11,0.0053,,,,,,0,,0,
Instances/Instances 3/tz6117_01.gt,6116,10.0,86400.0,PTVRP_CONT,121747404.0,3363,17,0.1192,,,,,,0,,0,
Instances/Instances 3/tz6117_02.gt,6116,10.0,86400.0,PTVRP_CONT,124345043.0,3347,17,0.1209,,,,,,0,,0,
Instances/Instances 3/tz6117_03.gt,6116,10.0,86400.0,PTVRP_CONT,123054875.0,3344,16,0.1215,,,,,,0,,0,
Instances/Instances 3/tz6117_04.gt,6116,10.0,86400.0,PTVRP_CONT,124276207.0,3359,17,0.1188,,,,,,0,,0,
Instances/Instances 3/tz6117_05.gt,6116,10.0,86400.0,PTVRP_CONT,120919473.0,3275,17,0.1198,,,,,,0,,0,
Instances/Instances 3/tz6117_06.gt,6116,10.0,86400.0,PTVRP_CONT,124272474.0,3354,17,0.1209,,,,,,0,,0,
Instances/Instances 3/tz6117_07.gt,6116,10.0,86400.0,PTVRP_CONT,123420900.0,3354,18,0.1221,,,,,,0,,0,
Instances/Instances 3/tz6117_08.gt,6116,10.0,86400.0,PTVRP_CONT,122131338.0,3340,18,0.1219,,,,,,0,,0,
Instances/Instances 3/tz6117_09.gt,6116,10.0,86400.0,PTVRP_CONT,121980798.0,3313,16,0.121,,,,,,0,,0,
Instances/Instances 3/tz6117_10.gt,6116,10.0,86400.0,PTVRP_CONT,122542104.0,3337,18,0.1198,,,,,,0,,0,
Instances/Instances 3/u1060_01.gt,1059,10.0,86400.0,PTVRP_CONT,27657271.0,700,11,0.0105,,,,,,0,,0,
Instances/Instances 3/u1060_02.gt,1059,10.0,86400.0,PTVRP_CONT,NO SOLUTION,,,0.0094,,,,,,0,,0,
Instances/Instances 3/u1060_03.gt,1059,10.0,86400.0,PTVRP_CONT,27558339.0,706,12,0.0105,,,,,,0,,0,
Instances/Instances 3/u1060_04.gt,1059,10.0,86400.0,PTVRP_CONT,27898027.0,710,11,0.0104,,,,,,0,,0,
Instances/Instances 3/u1060_05.gt,1059,10.0,86400.0,PTVRP_CONT,NO SOLUTION,,,0.0097,,,,,,0,,0,
Instances/Instances 3/u1060_06.gt,1059,10.0,86400.0,PTVRP_CONT,27471254.0,714,12,0.0116,,,,,,0,,0,
Instances/Instances 3/u1060_07.gt,1059,10.0,86400.0,PTVRP_CONT,27045692.0,692,12,0.0124,,,,,,0,,0,
Instances/Instances 3/u1060_08.gt,1059,10.0,86400.0,PTVRP_CONT,27444606.0,699,13,0.0116,,,,,,0,,0,
Instances/Instances 3/u1060_09.gt,1059,10.0,86400.0,PTVRP_CONT,NO SOLUTION,,,0.0091,,,,,,0,,0,
Instances/Instances 3/u1060_10.gt,1059,10.0,86400.0,PTVRP_CONT,27711302.0,705,11,0.0101,,,,,,0,,0,
Instances/Instances 3/u1432_01.gt,1431,10.0,86400.0,PTVRP_CONT,15121146.0,752,14,0.0145,,,,,,0,,0,
Instances/Instances 3/u1432_02.gt,1431,10.0,86400.0,PTVRP_CONT,15819478.0,781,15,0.0146,,,,,,0,,0,
Instances/Instances 3/u1432_03.gt,1431,10.0,86400.0,PTVRP_CONT,15460467.0,753,15,0.0126,,,,,,0,,0,
Instances/Instances 3/u1432_04.gt,1431,10.0,86400.0,PTVRP_CONT,15505579.0,763,15,0.0123,,,,,,0,,0,
Instances/Instances 3/u1432_05.gt,1431,10.0,86400.0,PTVRP_CONT,15779241.0,776,15,0.0143,,,,,,0,,0,
Instances/Instances 3/u1432_06.gt,1431,10.0,86400.0,PTVRP_CONT,15757989.0,789,15,0.0133,,,,,,0,,0,
Instances/Instances 3/u1432_07.gt,1431,10.0,86400.0,PTVRP_CONT,15920491.0,779,15,0.0141,,,,,,0,,0,
Instances/Instances 3/u1432_08.gt,1431,10.0,86400.0,PTVRP_CONT,15810068.0,744,15,0.0136,,,,,,0,,0,
Instances/Instances 3/u1432_09.gt,1431,10.0,86400.0,PTVRP_CONT,15906911.0,738,14,0.0121,,,,,,0,,0,
Instances/Instances 3/u1432_10.gt,1431,10.0,86400.0,PTVRP_CONT,15771713.0,780,15,0.0148,,,,,,0,,0,
Instances/Instances 3/u159_01.gt,158,10.0,86400.0,PTVRP_CONT,1955024.0,104,10,0.0068,,,,,,0,,0,
Instances/Instances 3/u159_02.gt,158,10.0,86400.0,PTVRP_CONT,1804726.0,96,12,0.0058,,,,,,0,,0,
Instances/Instances 3/u159_03.gt,158,10.0,86400.0,PTVRP_CONT,1700890.0,103,12,0.0054,,,,,,0,,0,
Instances/Instances 3/u159_04.gt,158,10.0,86400.0,PTVRP_CONT,1730740.0,97,12,0.0045,,,,,,0,,0,
Instances/Instances 3/u159_05.gt,158,10.0,86400.0,PTVRP_CONT,1817579.0,99,13,0.0044,,,,,,0,,0,
Instances/Instances 3/u159_06.gt,158,10.0,86400.0,PTVRP_CONT,1597865.0,99,9,0.0045,,,,,,0,,0,
Instances/Instances 3/u159_07.gt,158,10.0,86400.0,PTVRP_CONT,1823566.0,98,13,0.0051,,,,,,0,,0,
Instances/Instances 3/u159_08.gt,158,10.0,86400.0,PTVRP_CONT,1880216.0,96,9,0.0037,,,,,,0,,0,
Instances/Instances 3/u159_09.gt,158,10.0,86400.0,PTVRP_CONT,1823680.0,96,13,0.0044,,,,,,0,,0,
Instances/Instances 3/u159_10.gt,158,10.0,86400.0,PTVRP_CONT,1857083.0,101,12,0.0038,,,,,,0,,0,
Instances/Instances 3/u1817_01.gt,1816,10.0,86400.0,PTVRP_CONT,8331342.0,886,19,0.0174,,,,,,0,,0,
Instances/Instances 3/u1817_02.gt,1816,10.0,86400.0,PTVRP_CONT,8306233.0,907,18,0.0174,,,,,,0,,0,
Instances/Instances 3/u1817_03.gt,1816,10.0,86400.0,PTVRP_CONT,8296413.0,878,19,0.0174,,,,,,0,,0,
Instances/Instances 3/u1817_04.gt,1816,10.0,86400.0,PTVRP_CONT,8540228.0,863,21,0.0171,,,,,,0,,0,
Instances/Instances 3/u1817_05.gt,1816,10.0,86400.0,PTVRP_CONT,8314402.0,859,21,0.0173,,,,,,0,,0,
Instances/Instances 3/u1817_06.gt,1816,10.0,86400.0,PTVRP_CONT,8251983.0,875,17,0.0184,,,,,,0,,0,
Instances/Instances 3/u1817_07.gt,1816,10.0,86400.0,PTVRP_CONT,8401806.0,904,19,0.0157,,,,,,0,,0,
Instances/Instances 3/u1817_08.gt,1816,10.0,86400.0,PTVRP_CONT,8300667.0,883,19,0.0185,,,,,,0,,0,
Instances/Instances 3/u1817_09.gt,1816,10.0,86400.0,PTVRP_CONT,8298174.0,898,20,0.0167,,,,,,0,,0,
Instances/Instances 3/u1817_10.gt,1816,10.0,86400.0,PTVRP_CONT,8316281.0,874,20,0.0175,,,,,,0,,0,
Instances/Instances 3/u2152_01.gt,2151,10.0,86400.0,PTVRP_CONT,9937986.0,1041,19,0.0221,,,,,,0,,0,
Instances/Instances 3/u2152_02.gt,2151,10.0,86400.0,PTVRP_CONT,9973001.0,1017,25,0.0229,,,,,,0,,0,
Instances/Instances 3/u2152_03.gt,2151,10.0,86400.0,PTVRP_CONT,10050850.0,992,21,0.0227,,,,,,0,,0,
Instances/Instances 3/u2152_04.gt,2151,10.0,86400.0,PTVRP_CONT,9956878.0,1040,20,0.0605,,,,,,0,,0,
Instances/Instances 3/u2152_05.gt,2151,10.0,86400.0,PTVRP_CONT,9893251.0,1020,22,0.0267,,,,,,0,,0,
Instances/Instances 3/u2152_06.gt,2151,10.0,86400.0,PTVRP_CONT,10022190.0,1028,18,0.0204,,,,,,0,,0,
Instances/Instances 3/u2152_07.gt,2151,10.0,86400.0,PTVRP_CONT,10001003.0,1052,17,0.0215,,,,,,0,,0,
Instances/Instances 3/u2152_08.gt,2151,10.0,86400.0,PTVRP_CONT,9941750.0,1012,22,0.0206,,,,,,0,,0,
Instances/Instances 3/u2152_09.gt,2151,10.0,86400.0,PTVRP_CONT,9868487.0,1036,17,0.0219,,,,,,0,,0,
Instances/Instances 3/u2152_10.gt,2151,10.0,86400.0,PTVRP_CONT,10046468.0,1031,21,0.0202,,,,,,0,,0,
Instances/Instances 3/u2319_01.gt,2318,10.0,86400.0,PTVRP_CONT,23843851.0,1247,16,0.0233,,,,,,0,,0,
Instances/Instances 3/u2319_02.gt,2318,10.0,86400.0,PTVRP_CONT,23932928.0,1224,15,0.0239,,,,,,0,,0,
Instances/Instances 3/u2319_03.gt,2318,10.0,86400.0,PTVRP_CONT,23785324.0,1245,18,0.0217,,,,,,0,,0,
Instances/Instances 3/u2319_04.gt,2318,10.0,86400.0,PTVRP_CONT,24007177.0,1225,16,0.0236,,,,,,0,,0,
Instances/Instances 3/u2319_05.gt,2318,10.0,86400.0,PTVRP_CONT,23416903.0,1235,17,0.0282,,,,,,0,,0,
Instances/Instances 3/u2319_06.gt,2318,10.0,86400.0,PTVRP_CONT,23885466.0,1240,17,0.0251,,,,,,0,,0,
Instances/Instances 3/u2319_07.gt,2318,10.0,86400.0,PTVRP_CONT,23695297.0,1276,15,0.0259,,,,,,0,,0,
Instances/Instances 3/u2319_08.gt,2318,10.0,86400.0,PTVRP_CONT,23961428.0,1224,15,0.0243,,,,,,0,,0,
Instances/Instances 3/u2319_09.gt,2318,10.0,86400.0,PTVRP_CONT,24013325.0,1224,15,0.0248,,,,,,0,,0,
Instances/Instances 3/u2319_10.gt,2318,10.0,86400.0,PTVRP_CONT,23949574.0,1270,16,0.0248,,,,,,0,,0,
Instances/Instances 3/u574_01.gt,573,10.0,86400.0,PTVRP_CONT,2779006.0,317,14,0.0071,,,,,,0,,0,
Instances/Instances 3/u574_02.gt,573,10.0,86400.0,PTVRP_CONT,2754450.0,336,13,0.0059,,,,,,0,,0,
Instances/Instances 3/u574_03.gt,573,10.0,86400.0,PTVRP_CONT,2624600.0,331,14,0.0066,,,,,,0,,0,
Instances/Instances 3/u574_04.gt,573,10.0,86400.0,PTVRP_CONT,2683545.0,316,15,0.0072,,,,,,0,,0,
Instances/Instances 3/u574_05.gt,573,10.0,86400.0,PTVRP_CONT,2674886.0,342,13,0.0069,,,,,,0,,0,
Instances/Instances 3/u574_06.gt,573,10.0,86400.0,PTVRP_CONT,2865712.0,322,15,0.0068,,,,,,0,,0,
Instances/Instances 3/u574_07.gt,573,10.0,86400.0,PTVRP_CONT,2722244.0,336,14,0.0063,,,,,,0,,0,
Instances/Instances 3/u574_08.gt,573,10.0,86400.0,PTVRP_CONT,2739624.0,326,14,0.0082,,,,,,0,,0,
Instances/Instances 3/u574_09.gt,573,10.0,86400.0,PTVRP_CONT,2605599.0,318,17,0.0078,,,,,,0,,0,
Instances/Instances 3/u574_10.gt,573,10.0,86400.0,PTVRP_CONT,2720618.0,330,17,0.0077,,,,,,0,,0,
Instances/Instances 3/u724_01.gt,723,10.0,86400.0,PTVRP_CONT,3504519.0,399,16,0.0072,,,,,,0,,0,
Instances/Instances 3/u724_02.gt,723,10.0,86400.0,PTVRP_CONT,3510237.0,403,21,0.0077,,,,,,0,,0,
Instances/Instances 3/u724_03.gt,723,10.0,86400.0,PTVRP_CONT,3382713.0,390,15,0.0081,,,,,,0,,0,
Instances/Instances 3/u724_04.gt,723,10.0,86400.0,PTVRP_CONT,3530333.0,401,21,0.0085,,,,,,0,,0,
Instances/Instances 3/u724_05.gt,723,10.0,86400.0,PTVRP_CONT,3606877.0,393,16,0.0089,,,,,,0,,0,
Instances/Instances 3/u724_06.gt,723,10.0,86400.0,PTVRP_CONT,3515840.0,400,16,0.0082,,,,,,0,,0,
Instances/Instances 3/u724_07.gt,723,10.0,86400.0,PTVRP_CONT,3360153.0,402,19,0.0089,,,,,,0,,0,
Instances/Instances 3/u724_08.gt,723,10.0,86400.0,PTVRP_CONT,3417645.0,412,16,0.0086,,,,,,0,,0,
Instances/Instances 3/u724_09.gt,723,10.0,86400.0,PTVRP_CONT,3589144.0,395,16,0.0082,,,,,,0,,0,
Instances/Instances 3/u724_10.gt,723,10.0,86400.0,PTVRP_CONT,3468814.0,389,17,0.0083,,,,,,0,,0,
Instances/Instances 3/usa13509_01.gt,13508,10.0,86400.0,PTVRP_CONT,NO SOLUTION,,,0.518,,,,,,0,,0,
Instances/Instances 3/usa13509_02.gt,13508,10.0,86400.0,PTVRP_CONT,NO SOLUTION,,,0.5235,,,,,,0,,0,
Instances/Instances 3/usa13509_03.gt,13508,10.0,86400.0,PTVRP_CONT,NO SOLUTION,,,0.5203,,,,,,0,,0,
Instances/Instances 3/usa13509_04.gt,13508,10.0,86400.0,PTVRP_CONT,NO SOLUTION,,,0.5165,,,,,,0,,0,
Instances/Instances 3/usa13509_05.gt,13508,10.0,86400.0,PTVRP_CONT,NO SOLUTION,,,0.5206,,,,,,0,,0,
Instances/Instances 3/usa13509_06.gt,13508,10.0,86400.0,PTVRP_CONT,NO SOLUTION,,,0.5177,,,,,,0,,0,
Instances/Instances 3/usa13509_07.gt,13508,10.0,86400.0,PTVRP_CONT,NO SOLUTION,,,0.6429,,,,,,0,,0,
Instances/Instances 3/usa13509_08.gt,13508,10.0,86400.0,PTVRP_CONT,NO SOLUTION,,,0.5195,,,,,,0,,0,
Instances/Instances 3/usa13509_09.gt,13508,10.0,86400.0,PTVRP_CONT,NO SOLUTION,,,0.5263,,,,,,0,,0,
Instances/Instances 3/usa13509_10.gt,13508,10.0,86400.0,PTVRP_CONT,NO SOLUTION,,,0.5118,,,,,,0,,0,
Instances/Instances 3/uy734_01.gt,733,10.0,86400.0,PTVRP_CONT,6455596.0,385,18,0.0073,,,,,,0,,0,
Instances/Instances 3/uy734_02.gt,733,10.0,86400.0,PTVRP_CONT,6827211.0,404,21,0.0077,,,,,,0,,0,
Instances/Instances 3/uy734_03.gt,733,10.0,86400.0,PTVRP_CONT,6564553.0,399,19,0.009,,,,,,0,,0,
Instances/Instances 3/uy734_04.gt,733,10.0,86400.0,PTVRP_CONT,6589188.0,397,17,0.0091,,,,,,0,,0,
Instances/Instances 3/uy734_05.gt,733,10.0,86400.0,PTVRP_CONT,6492238.0,399,14,0.0077,,,,,,0,,0,
Instances/Instances 3/uy734_06.gt,733,10.0,86400.0,PTVRP_CONT,6615086.0,406,19,0.0074,,,,,,0,,0,
Instances/Instances 3/uy734_07.gt,733,10.0,86400.0,PTVRP_CONT,6573768.0,393,16,0.0081,,,,,,0,,0,
Instances/Instances 3/uy734_08.gt,733,10.0,86400.0,PTVRP_CONT,6711269.0,400,20,0.008,,,,,,0,,0,
Instances/Instances 3/uy734_09.gt,733,10.0,86400.0,PTVRP_CONT,6641721.0,414,15,0.0079,,,,,,0,,0,
Instances/Instances 3/uy734_10.gt,733,10.0,86400.0,PTVRP_CONT,6558463.0,392,18,0.0089,,,,,,0,,0,
Instances/Instances 3/vm1084_01.gt,1083,10.0,86400.0,PTVRP_CONT,NO SOLUTION,,,0.0089,,,,,,0,,0,
Instances/Instances 3/vm1084_02.gt,1083,10.0,86400.0,PTVRP_CONT,NO SOLUTION,,,0.0093,,,,,,0,,0,
Instances/Instances 3/vm1084_03.gt,1083,10.0,86400.0,PTVRP_CONT,NO SOLUTION,,,0.0105,,,,,,0,,0,
Instances/Instances 3/vm1084_04.gt,1083,10.0,86400.0,PTVRP_CONT,NO SOLUTION,,,0.0108,,,,,,0,,0,
Instances/Instances 3/vm1084_05.gt,1083,10.0,86400.0,PTVRP_CONT,NO SOLUTION,,,0.0108,,,,,,0,,0,
Instances/Instances 3/vm1084_06.gt,1083,10.0,86400.0,PTVRP_CONT,NO SOLUTION,,,0.0107,,,,,,0,,0,
Instances/Instances 3/vm1084_07.gt,1083,10.0,86400.0,PTVRP_CONT,NO SOLUTION,,,0.0105,,,,,,0,,0,
Instances/Instances 3/vm1084_08.gt,1083,10.0,86400.0,PTVRP_CONT,NO SOLUTION,,,0.0108,,,,,,0,,0,
Instances/Instances 3/vm1084_09.gt,1083,10.0,86400.0,PTVRP_CONT,NO SOLUTION,,,0.0108,,,,,,0,,0,
Instances/Instances 3/vm1084_10.gt,1083,10.0,86400.0,PTVRP_CONT,NO SOLUTION,,,0.0087,,,,,,0,,0,
Instances/Instances 3/vm1748_01.gt,1747,10.0,86400.0,PTVRP_CONT,NO SOLUTION,,,0.0137,,,,,,0,,0,
Instances/Instances 3/vm1748_02.gt,1747,10.0,86400.0,PTVRP_CONT,NO SOLUTION,,,0.0146,,,,,,0,,0,
Instances/Instances 3/vm1748_03.gt,1747,10.0,86400.0,PTVRP_CONT,NO SOLUTION,,,0.0155,,,,,,0,,0,
Instances/Instances 3/vm1748_04.gt,1747,10.0,86400.0,PTVRP_CONT,NO SOLUTION,,,0.014,,,,,,0,,0,
Instances/Instances 3/vm1748_05.gt,1747,10.0,86400.0,PTVRP_CONT,NO SOLUTION,,,0.0142,,,,,,0,,0,
Instances/Instances 3/vm1748_06.gt,1747,10.0,86400.0,PTVRP_CONT,NO SOLUTION,,,0.0146,,,,,,0,,0,
Instances/Instances 3/vm1748_07.gt,1747,10.0,86400.0,PTVRP_CONT,NO SOLUTION,,,0.0157,,,,,,0,,0,
Instances/Instances 3/vm1748_08.gt,1747,10.0,86400.0,PTVRP_CONT,NO SOLUTION,,,0.0143,,,,,,0,,0,
Instances/Instances 3/vm1748_09.gt,1747,10.0,86400.0,PTVRP_CONT,NO SOLUTION,,,0.0146,,,,,,0,,0,
Instances/Instances 3/vm1748_10.gt,1747,10.0,86400.0,PTVRP_CONT,NO SOLUTION,,,0.0149,,,,,,0,,0,
Instances/Instances 3/vm22775_01.gt,22774,10.0,86400.0,PTVRP_CONT,NO SOLUTION,,,1.4548,,,,,,0,,0,
Instances/Instances 3/vm22775_02.gt,22774,10.0,86400.0,PTVRP_CONT,NO SOLUTION,,,1.4632,,,,,,0,,0,
Instances/Instances 3/vm22775_03.gt,22774,10.0,86400.0,PTVRP_CONT,NO SOLUTION,,,1.4697,,,,,,0,,0,
Instances/Instances 3/vm22775_04.gt,22774,10.0,86400.0,PTVRP_CONT,NO SOLUTION,,,1.4506,,,,,,0,,0,
Instances/Instances 3/vm22775_05.gt,22774,10.0,86400.0,PTVRP_CONT,NO SOLUTION,,,1.46,,,,,,0,,0,
Instances/Instances 3/vm22775_06.gt,22774,10.0,86400.0,PTVRP_CONT,NO SOLUTION,,,1.4669,,,,,,0,,0,
Instances/Instances 3/vm22775_07.gt,22774,10.0,86400.0,PTVRP_CONT,NO SOLUTION,,,1.4935,,,,,,0,,0,
Instances/Instances 3/vm22775_08.gt,22774,10.0,86400.0,PTVRP_CONT,NO SOLUTION,,,1.8704,,,,,,0,,0,
Instances/Instances 3/vm22775_09.gt,22774,10.0,86400.0,PTVRP_CONT,NO SOLUTION,,,1.632,,,,,,0,,0,
Instances/Instances 3/vm22775_10.gt,22774,10.0,86400.0,PTVRP_CONT,NO SOLUTION,,,1.4965,,,,,,0,,0,
Instances/Instances 3/wi29_01.gt,28,10.0,86400.0,PTVRP_CONT,446870.0,19,7,0.0053,,,,,,0,,0,
Instances/Instances 3/wi29_02.gt,28,10.0,86400.0,PTVRP_CONT,466074.0,21,9,0.0048,,,,,,0,,0,
Instances/Instances 3/wi29_03.gt,28,10.0,86400.0,PTVRP_CONT,402508.0,20,9,0.0051,,,,,,0,,0,
Instances/Instances 3/wi29_04.gt,28,10.0,86400.0,PTVRP_CONT,529299.0,24,9,0.0045,,,,,,0,,0,
Instances/Instances 3/wi29_05.gt,28,10.0,86400.0,PTVRP_CONT,394740.0,20,8,0.0039,,,,,,0,,0,
Instances/Instances 3/wi29_06.gt,28,10.0,86400.0,PTVRP_CONT,614990.0,20,9,0.0033,,,,,,0,,0,
Instances/Instances 3/wi29_07.gt,28,10.0,86400.0,PTVRP_CONT,461649.0,21,6,0.0046,,,,,,0,,0,
Instances/Instances 3/wi29_08.gt,28,10.0,86400.0,PTVRP_CONT,488072.0,20,9,0.0053,,,,,,0,,0,
Instances/Instances 3/wi29_09.gt,28,10.0,86400.0,PTVRP_CONT,380343.0,20,5,0.0041,,,,,,0,,0,
Instances/Instances 3/wi29_10.gt,28,10.0,86400.0,PTVRP_CONT,406223.0,21,10,0.005,,,,,,0,,0,
Instances/Instances 3/ym7663_01.gt,7662,10.0,86400.0,PTVRP_CONT,NO SOLUTION,,,0.1749,,,,,,0,,0,
Instances/Instances 3/ym7663_02.gt,7662,10.0,86400.0,PTVRP_CONT,NO SOLUTION,,,0.1873,,,,,,0,,0,
Instances/Instances 3/ym7663_03.gt,7662,10.0,86400.0,PTVRP_CONT,NO SOLUTION,,,0.1777,,,,,,0,,0,
Instances/Instances 3/ym7663_04.gt,7662,10.0,86400.0,PTVRP_CONT,NO SOLUTION,,,0.1724,,,,,,0,,0,
Instances/Instances 3/ym7663_05.gt,7662,10.0,86400.0,PTVRP_CONT,NO SOLUTION,,,0.1746,,,,,,0,,0,
Instances/Instances 3/ym7663_06.gt,7662,10.0,86400.0,PTVRP_CONT,NO SOLUTION,,,0.1769,,,,,,0,,0,
Instances/Instances 3/ym7663_07.gt,7662,10.0,86400.0,PTVRP_CONT,NO SOLUTION,,,0.1772,,,,,,0,,0,
Instances/Instances 3/ym7663_08.gt,7662,10.0,86400.0,PTVRP_CONT,NO SOLUTION,,,0.1762,,,,,,0,,0,
Instances/Instances 3/ym7663_09.gt,7662,10.0,86400.0,PTVRP_CONT,NO SOLUTION,,,0.1758,,,,,,0,,0,
Instances/Instances 3/ym7663_10.gt,7662,10.0,86400.0,PTVRP_CONT,NO SOLUTION,,,0.2151,,,,,,0,,0,
Instances/Instances 3/zi929_01.gt,928,10.0,86400.0,PTVRP_CONT,10085136.0,423,21,0.0083,,,,,,0,,0,
Instances/Instances 3/zi929_02.gt,928,10.0,86400.0,PTVRP_CONT,9697540.0,418,22,0.0087,,,,,,0,,0,
Instances/Instances 3/zi929_03.gt,928,10.0,86400.0,PTVRP_CONT,9661041.0,438,21,0.0089,,,,,,0,,0,
Instances/Instances 3/zi929_04.gt,928,10.0,86400.0,PTVRP_CONT,9743139.0,440,21,0.0089,,,,,,0,,0,
Instances/Instances 3/zi929_05.gt,928,10.0,86400.0,PTVRP_CONT,9883469.0,440,23,0.0093,,,,,,0,,0,
Instances/Instances 3/zi929_06.gt,928,10.0,86400.0,PTVRP_CONT,10161255.0,428,19,0.0097,,,,,,0,,0,
Instances/Instances 3/zi929_07.gt,928,10.0,86400.0,PTVRP_CONT,9894043.0,441,22,0.0095,,,,,,0,,0,
Instances/Instances 3/zi929_08.gt,928,10.0,86400.0,PTVRP_CONT,9969947.0,428,24,0.0086,,,,,,0,,0,
Instances/Instances 3/zi929_09.gt,928,10.0,86400.0,PTVRP_CONT,9519449.0,432,19,0.0078,,,,,,0,,0,
Instances/Instances 3/zi929_10.gt,928,10.0,86400.0,PTVRP_CONT,10134151.0,465,21,0.0096,,,,,,0,,0,
