instance,n,Q,horizon,solver,cost,templates,max_m,seconds,K_full_tour,K_allocated,max_layer_used,layer_iterations,eff_K,revived_arcs,revived_starts,revived_improving,infeasible_skips,unsafe_pops,blocked_pops,unsorted_queries,gap_vs_first
Instances/Instances 1/a280_01.gt,279,100.0,86400.0,PTVRP_LAYERED_SAFE,16387.0,72,2,0.0027,72,49,3,9114,32.6667,,0,0,138,0,0,0,
Instances/Instances 1/a280_02.gt,279,200.0,86400.0,PTVRP_LAYERED_SAFE,8816.0,36,2,0.0023,34,33,2,4983,17.8602,,0,0,0,0,0,0,
Instances/Instances 1/a280_03.gt,279,500.0,86400.0,PTVRP_LAYERED_SAFE,4897.0,15,1,0.0021,14,14,1,2159,7.73835,,0,0,0,0,0,0,
Instances/Instances 1/a280_04.gt,279,1000.0,86400.0,PTVRP_LAYERED_SAFE,3722.0,9,1,0.0018,8,8,1,1129,4.04659,,0,0,0,0,0,0,
Instances/Instances 1/a280_05.gt,279,2000.0,86400.0,PTVRP_LAYERED_SAFE,3176.0,4,1,0.0018,4,4,1,647,2.319,,0,0,0,0,0,0,
Instances/Instances 1/a280_06.gt,279,5000.0,86400.0,PTVRP_LAYERED_SAFE,2855.0,2,1,0.0017,2,2,1,368,1.319,,0,0,0,0,0,0,
Instances/Instances 1/a280_07.gt,279,10000.0,86400.0,PTVRP_LAYERED_SAFE,2835.0,1,1,0.0016,1,1,1,279,1.0,,0,0,0,0,0,0,
Instances/Instances 1/a280_08.gt,279,20000.0,86400.0,PTVRP_LAYERED_SAFE,2835.0,1,1,0.0017,1,1,1,279,1.0,,0,0,0,0,0,0,
Instances/Instances 1/a280_09.gt,279,50000.0,86400.0,PTVRP_LAYERED_SAFE,2835.0,1,1,0.0017,1,1,1,279,1.0,,0,0,0,0,0,0,
Instances/Instances 1/a280_10.gt,279,100000.0,86400.0,PTVRP_LAYERED_SAFE,2835.0,1,1,0.0017,1,1,1,279,1.0,,0,0,0,0,0,0,
Instances/Instances 1/ar9152_01.gt,9151,100.0,86400.0,PTVRP_LAYERED_SAFE,28717346.0,1467,5,0.017,2331,22,7,95544,10.4408,,0,0,89403,0,0,0,
Instances/Instances 1/ar9152_02.gt,9151,200.0,86400.0,PTVRP_LAYERED_SAFE,14570814.0,978,5,0.0141,1166,15,6,76122,8.31844,,0,0,96448,0,0,0,
Instances/Instances 1/ar9152_03.gt,9151,500.0,86400.0,PTVRP_LAYERED_SAFE,6223523.0,476,2,0.0102,466,10,3,53919,5.89214,,0,0,80094,0,0,0,
Instances/Instances 1/ar9152_04.gt,9151,1000.0,86400.0,PTVRP_LAYERED_SAFE,3468503.0,239,2,0.0086,233,7,2,40490,4.42465,,0,0,56245,0,0,0,
Instances/Instances 1/ar9152_05.gt,9151,2000.0,86400.0,PTVRP_LAYERED_SAFE,2131437.0,123,1,0.008,118,5,1,29585,3.23298,,0,0,41757,0,0,0,
Instances/Instances 1/ar9152_06.gt,9151,5000.0,86400.0,PTVRP_LAYERED_SAFE,1329482.0,51,1,0.0069,47,3,1,19246,2.10316,,0,0,13602,0,0,0,
Instances/Instances 1/ar9152_07.gt,9151,10000.0,86400.0,PTVRP_LAYERED_SAFE,1090437.0,27,1,0.0071,24,2,1,15008,1.64004,,0,0,20323,0,0,0,
Instances/Instances 1/ar9152_08.gt,9151,20000.0,86400.0,PTVRP_LAYERED_SAFE,986552.0,15,1,0.0057,12,1,1,9151,1.0,,0,0,17616,0,0,0,
Instances/Instances 1/ar9152_09.gt,9151,50000.0,86400.0,PTVRP_LAYERED_SAFE,970633.0,13,1,0.0065,5,1,1,9151,1.0,,0,0,31982,0,0,0,
Instances/Instances 1/ar9152_10.gt,9151,100000.0,86400.0,PTVRP_LAYERED_SAFE,970633.0,13,1,0.0061,3,1,1,9151,1.0,,0,0,31982,0,0,0,
Instances/Instances 1/berlin52_01.gt,51,100.0,86400.0,PTVRP_LAYERED_SAFE,14644.0,14,1,0.0016,12,11,1,343,6.72549,,0,0,0,0,0,0,
Instances/Instances 1/berlin52_02.gt,51,200.0,86400.0,PTVRP_LAYERED_SAFE,11269.0,8,1,0.0017,7,7,1,204,4.0,,0,0,0,0,0,0,
Instances/Instances 1/berlin52_03.gt,51,500.0,86400.0,PTVRP_LAYERED_SAFE,8619.0,4,1,0.0016,3,3,1,95,1.86275,,0,0,0,0,0,0,
Instances/Instances 1/berlin52_04.gt,51,1000.0,86400.0,PTVRP_LAYERED_SAFE,7852.0,2,1,0.0015,2,2,1,67,1.31373,,0,0,0,0,0,0,
Instances/Instances 1/berlin52_05.gt,51,2000.0,86400.0,PTVRP_LAYERED_SAFE,7803.0,1,1,0.0015,1,1,1,51,1.0,,0,0,0,0,0,0,
Instances/Instances 1/berlin52_06.gt,51,5000.0,86400.0,PTVRP_LAYERED_SAFE,7803.0,1,1,0.0015,1,1,1,51,1.0,,0,0,0,0,0,0,
Instances/Instances 1/berlin52_07.gt,51,10000.0,86400.0,PTVRP_LAYERED_SAFE,7803.0,1,1,0.0015,1,1,1,51,1.0,,0,0,0,0,0,0,
Instances/Instances 1/berlin52_08.gt,51,20000.0,86400.0,PTVRP_LAYERED_SAFE,7803.0,1,1,0.0014,1,1,1,51,1.0,,0,0,0,0,0,0,
Instances/Instances 1/berlin52_09.gt,51,50000.0,86400.0,PTVRP_LAYERED_SAFE,7803.0,1,1,0.0016,1,1,1,51,1.0,,0,0,0,0,0,0,
Instances/Instances 1/berlin52_10.gt,51,100000.0,86400.0,PTVRP_LAYERED_SAFE,7803.0,1,1,0.0015,1,1,1,51,1.0,,0,0,0,0,0,0,
Instances/Instances 1/bier127_01.gt,126,100.0,86400.0,PTVRP_LAYERED_SAFE,328886.0,35,2,0.0016,31,7,2,557,4.42063,,0,0,89,0,0,0,
Instances/Instances 1/bier127_02.gt,126,200.0,86400.0,PTVRP_LAYERED_SAFE,214093.0,20,1,0.0016,18,5,1,387,3.07143,,0,0,36,0,0,0,
Instances/Instances 1/bier127_03.gt,126,500.0,86400.0,PTVRP_LAYERED_SAFE,147478.0,8,1,0.0016,7,3,1,252,2.0,,0,0,59,0,0,0,
Instances/Instances 1/bier127_04.gt,126,1000.0,86400.0,PTVRP_LAYERED_SAFE,129773.0,4,1,0.0017,4,2,1,155,1.23016,,0,0,15,0,0,0,
Instances/Instances 1/bier127_05.gt,126,2000.0,86400.0,PTVRP_LAYERED_SAFE,126048.0,2,1,0.0016,2,1,1,126,1.0,,0,0,86,0,0,0,
Instances/Instances 1/bier127_06.gt,126,5000.0,86400.0,PTVRP_LAYERED_SAFE,126048.0,2,1,0.0017,1,1,1,126,1.0,,0,0,86,0,0,0,
Instances/Instances 1/bier127_07.gt,126,10000.0,86400.0,PTVRP_LAYERED_SAFE,126048.0,2,1,0.0016,1,1,1,126,1.0,,0,0,86,0,0,0,
Instances/Instances 1/bier127_08.gt,126,20000.0,86400.0,PTVRP_LAYERED_SAFE,126048.0,2,1,0.0015,1,1,1,126,1.0,,0,0,86,0,0,0,
Instances/Instances 1/bier127_09.gt,126,50000.0,86400.0,PTVRP_LAYERED_SAFE,126048.0,2,1,0.0015,1,1,1,126,1.0,,0,0,86,0,0,0,
Instances/Instances 1/bier127_10.gt,126,100000.0,86400.0,PTVRP_LAYERED_SAFE,126048.0,2,1,0.0015,1,1,1,126,1.0,,0,0,86,0,0,0,
Instances/Instances 1/bm33708_01.gt,33707,100.0,86400.0,PTVRP_LAYERED_SAFE,54311911.0,4710,7,0.0664,8589,32,9,616639,18.2941,,1,0,525803,0,0,0,
Instances/Instances 1/bm33708_02.gt,33707,200.0,86400.0,PTVRP_LAYERED_SAFE,27566313.0,3312,4,0.0548,4289,23,6,487873,14.4739,,1,0,544915,0,0,0,
Instances/Instances 1/bm33708_03.gt,33707,500.0,86400.0,PTVRP_LAYERED_SAFE,11486555.0,1720,2,0.0418,1719,14,4,343906,10.2028,,0,0,369131,0,0,0,
Instances/Instances 1/bm33708_04.gt,33707,1000.0,86400.0,PTVRP_LAYERED_SAFE,6132031.0,878,1,0.0341,858,10,3,257359,7.63518,,0,0,206704,0,0,0,
Instances/Instances 1/bm33708_05.gt,33707,2000.0,86400.0,PTVRP_LAYERED_SAFE,3523882.0,437,1,0.0276,429,7,3,189070,5.60922,,0,0,111970,0,0,0,
Instances/Instances 1/bm33708_06.gt,33707,5000.0,86400.0,PTVRP_LAYERED_SAFE,1962016.0,178,1,0.0236,172,4,2,125154,3.713,,0,0,48035,0,0,0,
Instances/Instances 1/bm33708_07.gt,33707,10000.0,86400.0,PTVRP_LAYERED_SAFE,1448460.0,90,1,0.0209,87,3,1,92824,2.75385,,0,0,16054,0,0,0,
Instances/Instances 1/bm33708_08.gt,33707,20000.0,86400.0,PTVRP_LAYERED_SAFE,1194002.0,47,1,0.0202,44,2,1,66639,1.97701,,0,0,6833,0,0,0,
Instances/Instances 1/bm33708_09.gt,33707,50000.0,86400.0,PTVRP_LAYERED_SAFE,1051830.0,20,1,0.018,18,1,1,33707,1.0,,0,0,0,0,0,0,
Instances/Instances 1/bm33708_10.gt,33707,100000.0,86400.0,PTVRP_LAYERED_SAFE,1025973.0,15,1,0.0191,9,1,1,33707,1.0,,0,0,138009,0,0,0,
Instances/Instances 1/brd14051_01.gt,14050,100.0,86400.0,PTVRP_LAYERED_SAFE,16950869.0,2180,6,0.0325,3577,30,7,268092,19.0813,,0,0,173624,0,0,0,
Instances/Instances 1/brd14051_02.gt,14050,200.0,86400.0,PTVRP_LAYERED_SAFE,8596446.0,1486,4,0.0272,1777,22,6,205848,14.6511,,0,0,151613,0,0,0,
Instances/Instances 1/brd14051_03.gt,14050,500.0,86400.0,PTVRP_LAYERED_SAFE,3646827.0,737,2,0.0202,715,15,3,140425,9.99466,,0,0,78307,0,0,0,
Instances/Instances 1/brd14051_04.gt,14050,1000.0,86400.0,PTVRP_LAYERED_SAFE,2040540.0,368,1,0.0159,358,10,2,103547,7.36989,,0,0,43381,0,0,0,
Instances/Instances 1/brd14051_05.gt,14050,2000.0,86400.0,PTVRP_LAYERED_SAFE,1236617.0,184,1,0.0132,180,7,1,74978,5.33651,,0,0,25588,0,0,0,
Instances/Instances 1/brd14051_06.gt,14050,5000.0,86400.0,PTVRP_LAYERED_SAFE,768899.0,76,1,0.0105,72,4,1,46317,3.29658,,0,0,2387,0,0,0,
Instances/Instances 1/brd14051_07.gt,14050,10000.0,86400.0,PTVRP_LAYERED_SAFE,613871.0,40,1,0.0096,36,3,1,33383,2.37601,,0,0,5030,0,0,0,
Instances/Instances 1/brd14051_08.gt,14050,20000.0,86400.0,PTVRP_LAYERED_SAFE,535568.0,20,1,0.0087,19,2,1,27341,1.94598,,0,0,0,0,0,0,
Instances/Instances 1/brd14051_09.gt,14050,50000.0,86400.0,PTVRP_LAYERED_SAFE,494413.0,9,1,0.0075,8,1,1,14050,1.0,,0,0,0,0,0,0,
Instances/Instances 1/brd14051_10.gt,14050,100000.0,86400.0,PTVRP_LAYERED_SAFE,487545.0,7,1,0.0083,4,1,1,14050,1.0,,0,0,24890,0,0,0,
Instances/Instances 1/ca4663_01.gt,4662,100.0,86400.0,PTVRP_LAYERED_SAFE,NO SOLUTION,,,0.0049,1182,9,3,16388,3.51523,,0,0,12786,0,0,0,
Instances/Instances 1/ca4663_02.gt,4662,200.0,86400.0,PTVRP_LAYERED_SAFE,NO SOLUTION,,,0.0043,592,7,3,14590,3.12956,,0,0,19432,0,0,0,
Instances/Instances 1/ca4663_03.gt,4662,500.0,86400.0,PTVRP_LAYERED_SAFE,NO SOLUTION,,,0.0042,239,5,2,11781,2.52703,,0,0,32114,0,0,0,
Instances/Instances 1/ca4663_04.gt,4662,1000.0,86400.0,PTVRP_LAYERED_SAFE,NO SOLUTION,,,0.0043,119,3,2,9900,2.12355,,0,0,40290,0,0,0,
Instances/Instances 1/ca4663_05.gt,4662,2000.0,86400.0,PTVRP_LAYERED_SAFE,NO SOLUTION,,,0.004,59,3,2,7751,1.66259,,0,0,31242,0,0,0,
Instances/Instances 1/ca4663_06.gt,4662,5000.0,86400.0,PTVRP_LAYERED_SAFE,NO SOLUTION,,,0.0038,24,2,1,5233,1.12248,,0,0,21036,0,0,0,
Instances/Instances 1/ca4663_07.gt,4662,10000.0,86400.0,PTVRP_LAYERED_SAFE,NO SOLUTION,,,0.0038,12,1,1,4662,1.0,,0,0,83800,0,0,0,
Instances/Instances 1/ca4663_08.gt,4662,20000.0,86400.0,PTVRP_LAYERED_SAFE,NO SOLUTION,,,0.0039,6,1,1,4662,1.0,,0,0,116358,0,0,0,
Instances/Instances 1/ca4663_09.gt,4662,50000.0,86400.0,PTVRP_LAYERED_SAFE,NO SOLUTION,,,0.0038,3,1,1,4662,1.0,,0,0,116358,0,0,0,
Instances/Instances 1/ca4663_10.gt,4662,100000.0,86400.0,PTVRP_LAYERED_SAFE,NO SOLUTION,,,0.0037,2,1,1,4662,1.0,,0,0,116358,0,0,0,
Instances/Instances 1/ch130_01.gt,129,100.0,86400.0,PTVRP_LAYERED_SAFE,23377.0,36,2,0.0018,33,22,2,1872,14.5116,,0,0,39,0,0,0,
Instances/Instances 1/ch130_02.gt,129,200.0,86400.0,PTVRP_LAYERED_SAFE,14025.0,20,1,0.0017,17,15,1,1130,8.75969,,0,0,11,0,0,0,
Instances/Instances 1/ch130_03.gt,129,500.0,86400.0,PTVRP_LAYERED_SAFE,9031.0,8,1,0.0016,7,7,1,472,3.65891,,0,0,0,0,0,0,
Instances/Instances 1/ch130_04.gt,129,1000.0,86400.0,PTVRP_LAYERED_SAFE,7424.0,5,1,0.0019,4,4,1,311,2.41085,,0,0,0,0,0,0,
Instances/Instances 1/ch130_05.gt,129,2000.0,86400.0,PTVRP_LAYERED_SAFE,6533.0,2,1,0.0017,2,2,1,175,1.35659,,0,0,0,0,0,0,
Instances/Instances 1/ch130_06.gt,129,5000.0,86400.0,PTVRP_LAYERED_SAFE,6291.0,1,1,0.0016,1,1,1,129,1.0,,0,0,0,0,0,0,
Instances/Instances 1/ch130_07.gt,129,10000.0,86400.0,PTVRP_LAYERED_SAFE,6291.0,1,1,0.0017,1,1,1,129,1.0,,0,0,0,0,0,0,
Instances/Instances 1/ch130_08.gt,129,20000.0,86400.0,PTVRP_LAYERED_SAFE,6291.0,1,1,0.0016,1,1,1,129,1.0,,0,0,0,0,0,0,
Instances/Instances 1/ch130_09.gt,129,50000.0,86400.0,PTVRP_LAYERED_SAFE,6291.0,1,1,0.0016,1,1,1,129,1.0,,0,0,0,0,0,0,
Instances/Instances 1/ch130_10.gt,129,100000.0,86400.0,PTVRP_LAYERED_SAFE,6291.0,1,1,0.0016,1,1,1,129,1.0,,0,0,0,0,0,0,
Instances/Instances 1/ch150_01.gt,149,100.0,86400.0,PTVRP_LAYERED_SAFE,28985.0,44,2,0.0023,41,23,2,2433,16.3289,,0,0,83,0,0,0,
Instances/Instances 1/ch150_02.gt,149,200.0,86400.0,PTVRP_LAYERED_SAFE,15615.0,21,1,0.0017,18,15,1,1333,8.94631,,0,0,25,0,0,0,
Instances/Instances 1/ch150_03.gt,149,500.0,86400.0,PTVRP_LAYERED_SAFE,9611.0,9,1,0.0017,8,8,1,623,4.18121,,0,0,0,0,0,0,
Instances/Instances 1/ch150_04.gt,149,1000.0,86400.0,PTVRP_LAYERED_SAFE,8060.0,5,1,0.0016,4,4,1,371,2.48993,,0,0,0,0,0,0,
Instances/Instances 1/ch150_05.gt,149,2000.0,86400.0,PTVRP_LAYERED_SAFE,7467.0,3,1,0.0015,3,3,1,226,1.51678,,0,0,0,0,0,0,
Instances/Instances 1/ch150_06.gt,149,5000.0,86400.0,PTVRP_LAYERED_SAFE,7281.0,1,1,0.0016,1,1,1,149,1.0,,0,0,0,0,0,0,
Instances/Instances 1/ch150_07.gt,149,10000.0,86400.0,PTVRP_LAYERED_SAFE,7281.0,1,1,0.0016,1,1,1,149,1.0,,0,0,0,0,0,0,
Instances/Instances 1/ch150_08.gt,149,20000.0,86400.0,PTVRP_LAYERED_SAFE,7281.0,1,1,0.0017,1,1,1,149,1.0,,0,0,0,0,0,0,
Instances/Instances 1/ch150_09.gt,149,50000.0,86400.0,PTVRP_LAYERED_SAFE,7281.0,1,1,0.0016,1,1,1,149,1.0,,0,0,0,0,0,0,
Instances/Instances 1/ch150_10.gt,149,100000.0,86400.0,PTVRP_LAYERED_SAFE,7281.0,1,1,0.0017,1,1,1,149,1.0,,0,0,0,0,0,0,
Instances/Instances 1/ch71009_01.gt,71008,100.0,86400.0,PTVRP_LAYERED_SAFE,314697654.0,10228,6,0.1064,18082,22,8,686158,9.66311,,0,0,869937,0,0,0,
Instances/Instances 1/ch71009_02.gt,71008,200.0,86400.0,PTVRP_LAYERED_SAFE,157714607.0,6667,5,0.0929,9046,17,6,582177,8.19875,,0,0,1168005,0,0,0,
Instances/Instances 1/ch71009_03.gt,71008,500.0,86400.0,PTVRP_LAYERED_SAFE,64684308.0,3536,3,0.074,3618,11,4,444326,6.25741,,1,0,1224112,0,0,0,
Instances/Instances 1/ch71009_04.gt,71008,1000.0,86400.0,PTVRP_LAYERED_SAFE,34256373.0,1837,2,0.061,1809,8,3,348950,4.91424,,0,0,954074,0,0,0,
Instances/Instances 1/ch71009_05.gt,71008,2000.0,86400.0,PTVRP_LAYERED_SAFE,19367843.0,923,1,0.0527,906,6,2,266381,3.75142,,0,0,774259,0,0,0,
Instances/Instances 1/ch71009_06.gt,71008,5000.0,86400.0,PTVRP_LAYERED_SAFE,10872483.0,375,1,0.0432,362,4,2,180895,2.54753,,0,0,416939,0,0,0,
Instances/Instances 1/ch71009_07.gt,71008,10000.0,86400.0,PTVRP_LAYERED_SAFE,8261810.0,204,1,0.0396,181,3,1,138102,1.94488,,0,0,407144,0,0,0,
Instances/Instances 1/ch71009_08.gt,71008,20000.0,86400.0,PTVRP_LAYERED_SAFE,7108473.0,120,1,0.0368,91,2,1,98966,1.39373,,0,0,294447,0,0,0,
Instances/Instances 1/ch71009_09.gt,71008,50000.0,86400.0,PTVRP_LAYERED_SAFE,6671779.0,84,1,0.0398,37,1,1,71008,1.0,,1,1,655207,0,0,0,
Instances/Instances 1/ch71009_10.gt,71008,100000.0,86400.0,PTVRP_LAYERED_SAFE,6650715.0,82,1,0.0413,19,1,1,71008,1.0,,1,1,874242,0,0,0,
Instances/Instances 1/d1291_01.gt,1290,100.0,86400.0,PTVRP_LAYERED_SAFE,768417.0,261,5,0.0049,346,27,5,27534,21.3442,,0,0,7093,0,0,0,
Instances/Instances 1/d1291_02.gt,1290,200.0,86400.0,PTVRP_LAYERED_SAFE,367546.0,158,3,0.0043,159,19,3,19024,14.7473,,0,0,4151,0,0,0,
Instances/Instances 1/d1291_03.gt,1290,500.0,86400.0,PTVRP_LAYERED_SAFE,178154.0,70,1,0.0034,67,12,2,12358,9.57984,,0,0,2261,0,0,0,
Instances/Instances 1/d1291_04.gt,1290,1000.0,86400.0,PTVRP_LAYERED_SAFE,110025.0,35,1,0.0032,33,8,1,8630,6.68992,,0,0,1992,0,0,0,
Instances/Instances 1/d1291_05.gt,1290,2000.0,86400.0,PTVRP_LAYERED_SAFE,78610.0,18,1,0.0026,17,6,1,5844,4.53023,,0,0,871,0,0,0,
Instances/Instances 1/d1291_06.gt,1290,5000.0,86400.0,PTVRP_LAYERED_SAFE,61167.0,8,1,0.0024,7,4,1,3425,2.65504,,0,0,392,0,0,0,
Instances/Instances 1/d1291_07.gt,1290,10000.0,86400.0,PTVRP_LAYERED_SAFE,56230.0,5,1,0.0023,4,2,1,2182,1.69147,,0,0,0,0,0,0,
Instances/Instances 1/d1291_08.gt,1290,20000.0,86400.0,PTVRP_LAYERED_SAFE,53710.0,2,1,0.0024,2,2,1,1808,1.40155,,0,0,0,0,0,0,
Instances/Instances 1/d1291_09.gt,1290,50000.0,86400.0,PTVRP_LAYERED_SAFE,53688.0,1,1,0.0023,1,1,1,1290,1.0,,0,0,0,0,0,0,
Instances/Instances 1/d1291_10.gt,1290,100000.0,86400.0,PTVRP_LAYERED_SAFE,53688.0,1,1,0.0024,1,1,1,1290,1.0,,0,0,0,0,0,0,
Instances/Instances 1/d15112_01.gt,15111,100.0,86400.0,PTVRP_LAYERED_SAFE,53788704.0,2388,5,0.0244,3841,17,6,135457,8.96413,,0,0,134730,0,0,0,
Instances/Instances 1/d15112_02.gt,15111,200.0,86400.0,PTVRP_LAYERED_SAFE,27647861.0,1647,4,0.02,1939,13,5,109720,7.26094,,0,0,151588,0,0,0,
Instances/Instances 1/d15112_03.gt,15111,500.0,86400.0,PTVRP_LAYERED_SAFE,11626925.0,784,2,0.015,767,8,3,78307,5.18212,,0,0,112541,0,0,0,
Instances/Instances 1/d15112_04.gt,15111,1000.0,86400.0,PTVRP_LAYERED_SAFE,6549550.0,399,1,0.014,386,6,2,59639,3.94673,,0,0,86344,0,0,0,
Instances/Instances 1/d15112_05.gt,15111,2000.0,86400.0,PTVRP_LAYERED_SAFE,3986206.0,197,1,0.0119,192,4,1,44612,2.95229,,0,0,49759,0,0,0,
Instances/Instances 1/d15112_06.gt,15111,5000.0,86400.0,PTVRP_LAYERED_SAFE,2517833.0,82,1,0.0092,78,3,1,30032,1.98743,,0,0,37294,0,0,0,
Instances/Instances 1/d15112_07.gt,15111,10000.0,86400.0,PTVRP_LAYERED_SAFE,2016391.0,41,1,0.0087,39,2,1,20799,1.37641,,0,0,10705,0,0,0,
Instances/Instances 1/d15112_08.gt,15111,20000.0,86400.0,PTVRP_LAYERED_SAFE,1832536.0,24,1,0.0082,20,1,1,15111,1.0,,0,0,64869,0,0,0,
Instances/Instances 1/d15112_09.gt,15111,50000.0,86400.0,PTVRP_LAYERED_SAFE,1819674.0,24,1,0.0083,8,1,1,15111,1.0,,0,0,91309,0,0,0,
Instances/Instances 1/d15112_10.gt,15111,100000.0,86400.0,PTVRP_LAYERED_SAFE,1819674.0,24,1,0.0083,4,1,1,15111,1.0,,0,0,91309,0,0,0,
Instances/Instances 1/d1655_01.gt,1654,100.0,86400.0,PTVRP_LAYERED_SAFE,920931.0,323,4,0.005,419,26,6,34932,21.1197,,0,0,8585,0,0,0,
Instances/Instances 1/d1655_02.gt,1654,200.0,86400.0,PTVRP_LAYERED_SAFE,497810.0,213,2,0.0044,215,19,3,25653,15.5097,,0,0,5466,0,0,0,
Instances/Instances 1/d1655_03.gt,1654,500.0,86400.0,PTVRP_LAYERED_SAFE,221226.0,87,1,0.0037,84,11,2,16235,9.8156,,0,0,2387,0,0,0,
Instances/Instances 1/d1655_04.gt,1654,1000.0,86400.0,PTVRP_LAYERED_SAFE,139737.0,45,1,0.0028,42,8,1,11443,6.91838,,0,0,1136,0,0,0,
Instances/Instances 1/d1655_05.gt,1654,2000.0,86400.0,PTVRP_LAYERED_SAFE,97963.0,24,1,0.0026,22,6,1,7915,4.78537,,0,0,824,0,0,0,
Instances/Instances 1/d1655_06.gt,1654,5000.0,86400.0,PTVRP_LAYERED_SAFE,74780.0,11,1,0.0024,9,4,1,4589,2.77449,,0,0,384,0,0,0,
Instances/Instances 1/d1655_07.gt,1654,10000.0,86400.0,PTVRP_LAYERED_SAFE,67599.0,5,1,0.0029,5,3,1,3313,2.00302,,0,0,684,0,0,0,
Instances/Instances 1/d1655_08.gt,1654,20000.0,86400.0,PTVRP_LAYERED_SAFE,66176.0,3,1,0.0023,3,2,1,2527,1.52781,,0,0,0,0,0,0,
Instances/Instances 1/d1655_09.gt,1654,50000.0,86400.0,PTVRP_LAYERED_SAFE,65597.0,1,1,0.0024,1,1,1,1654,1.0,,0,0,0,0,0,0,
Instances/Instances 1/d1655_10.gt,1654,100000.0,86400.0,PTVRP_LAYERED_SAFE,65597.0,1,1,0.0025,1,1,1,1654,1.0,,0,0,0,0,0,0,
Instances/Instances 1/d18512_01.gt,18511,100.0,86400.0,PTVRP_LAYERED_SAFE,24130075.0,2865,6,0.0373,4740,27,8,337471,18.2308,,1,0,242574,0,0,0,
Instances/Instances 1/d18512_02.gt,18511,200.0,86400.0,PTVRP_LAYERED_SAFE,12188367.0,1995,3,0.0305,2347,20,5,260595,14.0778,,0,0,214216,0,0,0,
Instances/Instances 1/d18512_03.gt,18511,500.0,86400.0,PTVRP_LAYERED_SAFE,5222711.0,960,2,0.0232,947,13,3,179509,9.69742,,0,0,118105,0,0,0,
Instances/Instances 1/d18512_04.gt,18511,1000.0,86400.0,PTVRP_LAYERED_SAFE,2876916.0,483,1,0.0192,472,9,2,132214,7.14246,,0,0,57156,0,0,0,
Instances/Instances 1/d18512_05.gt,18511,2000.0,86400.0,PTVRP_LAYERED_SAFE,1743333.0,242,1,0.0155,237,7,1,95826,5.17671,,0,0,27830,0,0,0,
Instances/Instances 1/d18512_06.gt,18511,5000.0,86400.0,PTVRP_LAYERED_SAFE,1070282.0,99,1,0.0134,95,4,1,60633,3.27551,,0,0,6020,0,0,0,
Instances/Instances 1/d18512_07.gt,18511,10000.0,86400.0,PTVRP_LAYERED_SAFE,848838.0,51,1,0.012,47,3,1,42567,2.29955,,0,0,6781,0,0,0,
Instances/Instances 1/d18512_08.gt,18511,20000.0,86400.0,PTVRP_LAYERED_SAFE,741916.0,26,1,0.0109,24,2,1,36245,1.95802,,0,0,31,0,0,0,
Instances/Instances 1/d18512_09.gt,18511,50000.0,86400.0,PTVRP_LAYERED_SAFE,677542.0,11,1,0.0095,10,1,1,18511,1.0,,0,0,0,0,0,0,
Instances/Instances 1/d18512_10.gt,18511,100000.0,86400.0,PTVRP_LAYERED_SAFE,672457.0,9,1,0.0107,5,1,1,18511,1.0,,0,0,41318,0,0,0,
Instances/Instances 1/d198_01.gt,197,100.0,86400.0,PTVRP_LAYERED_SAFE,87758.0,48,2,0.0022,53,22,3,2764,14.0305,,0,0,209,0,0,0,
Instances/Instances 1/d198_02.gt,197,200.0,86400.0,PTVRP_LAYERED_SAFE,50344.0,28,1,0.0021,26,14,3,1826,9.26904,,0,0,139,0,0,0,
Instances/Instances 1/d198_03.gt,197,500.0,86400.0,PTVRP_LAYERED_SAFE,28510.0,12,1,0.0021,11,8,1,1019,5.17259,,0,0,14,0,0,0,
Instances/Instances 1/d198_04.gt,197,1000.0,86400.0,PTVRP_LAYERED_SAFE,20609.0,6,1,0.0019,6,6,1,601,3.05076,,0,0,4,0,0,0,
Instances/Instances 1/d198_05.gt,197,2000.0,86400.0,PTVRP_LAYERED_SAFE,17770.0,3,1,0.0019,3,3,1,369,1.8731,,0,0,0,0,0,0,
Instances/Instances 1/d198_06.gt,197,5000.0,86400.0,PTVRP_LAYERED_SAFE,17527.0,1,1,0.0018,1,1,1,197,1.0,,0,0,0,0,0,0,
Instances/Instances 1/d198_07.gt,197,10000.0,86400.0,PTVRP_LAYERED_SAFE,17527.0,1,1,0.0018,1,1,1,197,1.0,,0,0,0,0,0,0,
Instances/Instances 1/d198_08.gt,197,20000.0,86400.0,PTVRP_LAYERED_SAFE,17527.0,1,1,0.0017,1,1,1,197,1.0,,0,0,0,0,0,0,
Instances/Instances 1/d198_09.gt,197,50000.0,86400.0,PTVRP_LAYERED_SAFE,17527.0,1,1,0.0017,1,1,1,197,1.0,,0,0,0,0,0,0,
Instances/Instances 1/d198_10.gt,197,100000.0,86400.0,PTVRP_LAYERED_SAFE,17527.0,1,1,0.0016,1,1,1,197,1.0,,0,0,0,0,0,0,
Instances/Instances 1/d2103_01.gt,2102,100.0,86400.0,PTVRP_LAYERED_SAFE,1406040.0,385,4,0.0066,545,27,6,43223,20.5628,,0,0,12624,0,0,0,
Instances/Instances 1/d2103_02.gt,2102,200.0,86400.0,PTVRP_LAYERED_SAFE,723617.0,262,2,0.0055,270,19,3,31679,15.0709,,0,0,9922,0,0,0,
Instances/Instances 1/d2103_03.gt,2102,500.0,86400.0,PTVRP_LAYERED_SAFE,332914.0,114,1,0.0041,110,12,2,20723,9.85871,,0,0,6111,0,0,0,
Instances/Instances 1/d2103_04.gt,2102,1000.0,86400.0,PTVRP_LAYERED_SAFE,199704.0,56,1,0.0033,54,8,1,14517,6.90628,,0,0,3206,0,0,0,
Instances/Instances 1/d2103_05.gt,2102,2000.0,86400.0,PTVRP_LAYERED_SAFE,132584.0,31,1,0.0031,27,6,1,10253,4.87774,,0,0,2475,0,0,0,
Instances/Instances 1/d2103_06.gt,2102,5000.0,86400.0,PTVRP_LAYERED_SAFE,100628.0,11,1,0.0027,11,4,1,6301,2.99762,,0,0,1982,0,0,0,
Instances/Instances 1/d2103_07.gt,2102,10000.0,86400.0,PTVRP_LAYERED_SAFE,91251.0,6,1,0.0026,6,3,1,4569,2.17364,,0,0,2678,0,0,0,
Instances/Instances 1/d2103_08.gt,2102,20000.0,86400.0,PTVRP_LAYERED_SAFE,86881.0,3,1,0.0024,3,2,1,3430,1.63178,,0,0,0,0,0,0,
Instances/Instances 1/d2103_09.gt,2102,50000.0,86400.0,PTVRP_LAYERED_SAFE,84458.0,2,1,0.0024,2,1,1,2102,1.0,,0,0,0,0,0,0,
Instances/Instances 1/d2103_10.gt,2102,100000.0,86400.0,PTVRP_LAYERED_SAFE,84457.0,1,1,0.0025,1,1,1,2102,1.0,,0,0,0,0,0,0,
Instances/Instances 1/d493_01.gt,492,100.0,86400.0,PTVRP_LAYERED_SAFE,218874.0,121,3,0.0025,126,25,3,8531,17.3394,,0,0,825,0,0,0,
Instances/Instances 1/d493_02.gt,492,200.0,86400.0,PTVRP_LAYERED_SAFE,117917.0,63,2,0.0023,60,17,2,5792,11.7724,,0,0,344,0,0,0,
Instances/Instances 1/d493_03.gt,492,500.0,86400.0,PTVRP_LAYERED_SAFE,66689.0,27,1,0.0019,26,10,1,3656,7.43089,,0,0,108,0,0,0,
Instances/Instances 1/d493_04.gt,492,1000.0,86400.0,PTVRP_LAYERED_SAFE,50395.0,14,1,0.0019,13,7,1,2438,4.95528,,0,0,38,0,0,0,
Instances/Instances 1/d493_05.gt,492,2000.0,86400.0,PTVRP_LAYERED_SAFE,42464.0,7,1,0.0017,7,5,1,1597,3.24593,,0,0,32,0,0,0,
Instances/Instances 1/d493_06.gt,492,5000.0,86400.0,PTVRP_LAYERED_SAFE,38646.0,4,1,0.0018,3,3,1,895,1.81911,,0,0,0,0,0,0,
Instances/Instances 1/d493_07.gt,492,10000.0,86400.0,PTVRP_LAYERED_SAFE,37916.0,2,1,0.0017,2,2,1,607,1.23374,,0,0,0,0,0,0,
Instances/Instances 1/d493_08.gt,492,20000.0,86400.0,PTVRP_LAYERED_SAFE,37734.0,1,1,0.0017,1,1,1,492,1.0,,0,0,0,0,0,0,
Instances/Instances 1/d493_09.gt,492,50000.0,86400.0,PTVRP_LAYERED_SAFE,37734.0,1,1,0.0017,1,1,1,492,1.0,,0,0,0,0,0,0,
Instances/Instances 1/d493_10.gt,492,100000.0,86400.0,PTVRP_LAYERED_SAFE,37734.0,1,1,0.0018,1,1,1,492,1.0,,0,0,0,0,0,0,
Instances/Instances 1/d657_01.gt,656,100.0,86400.0,PTVRP_LAYERED_SAFE,374201.0,152,2,0.0028,165,20,3,10037,15.3003,,0,0,1529,0,0,0,
Instances/Instances 1/d657_02.gt,656,200.0,86400.0,PTVRP_LAYERED_SAFE,209715.0,90,2,0.0026,83,13,2,7154,10.9055,,0,0,911,0,0,0,
Instances/Instances 1/d657_03.gt,656,500.0,86400.0,PTVRP_LAYERED_SAFE,109006.0,36,1,0.0022,34,8,1,4456,6.79268,,0,0,373,0,0,0,
Instances/Instances 1/d657_04.gt,656,1000.0,86400.0,PTVRP_LAYERED_SAFE,78389.0,19,1,0.0019,17,6,1,3036,4.62805,,0,0,159,0,0,0,
Instances/Instances 1/d657_05.gt,656,2000.0,86400.0,PTVRP_LAYERED_SAFE,62326.0,10,1,0.002,9,4,1,2174,3.31402,,0,0,0,0,0,0,
Instances/Instances 1/d657_06.gt,656,5000.0,86400.0,PTVRP_LAYERED_SAFE,53349.0,4,1,0.0019,4,2,1,1123,1.71189,,0,0,0,0,0,0,
Instances/Instances 1/d657_07.gt,656,10000.0,86400.0,PTVRP_LAYERED_SAFE,52507.0,2,1,0.002,2,2,1,911,1.38872,,0,0,0,0,0,0,
Instances/Instances 1/d657_08.gt,656,20000.0,86400.0,PTVRP_LAYERED_SAFE,52008.0,1,1,0.0022,1,1,1,656,1.0,,0,0,0,0,0,0,
Instances/Instances 1/d657_09.gt,656,50000.0,86400.0,PTVRP_LAYERED_SAFE,52008.0,1,1,0.002,1,1,1,656,1.0,,0,0,0,0,0,0,
Instances/Instances 1/d657_10.gt,656,100000.0,86400.0,PTVRP_LAYERED_SAFE,52008.0,1,1,0.0021,1,1,1,656,1.0,,0,0,0,0,0,0,
Instances/Instances 1/dj38_01.gt,37,100.0,86400.0,PTVRP_LAYERED_SAFE,17501.0,12,2,0.0018,11,11,2,211,5.7027,,0,0,1,0,0,0,
Instances/Instances 1/dj38_02.gt,37,200.0,86400.0,PTVRP_LAYERED_SAFE,11667.0,6,1,0.0018,6,6,1,109,2.94595,,0,0,0,0,0,0,
Instances/Instances 1/dj38_03.gt,37,500.0,86400.0,PTVRP_LAYERED_SAFE,8402.0,3,1,0.0016,3,3,1,60,1.62162,,0,0,0,0,0,0,
Instances/Instances 1/dj38_04.gt,37,1000.0,86400.0,PTVRP_LAYERED_SAFE,8048.0,1,1,0.0016,1,1,1,37,1.0,,0,0,0,0,0,0,
Instances/Instances 1/dj38_05.gt,37,2000.0,86400.0,PTVRP_LAYERED_SAFE,8048.0,1,1,0.0015,1,1,1,37,1.0,,0,0,0,0,0,0,
Instances/Instances 1/dj38_06.gt,37,5000.0,86400.0,PTVRP_LAYERED_SAFE,8048.0,1,1,0.0016,1,1,1,37,1.0,,0,0,0,0,0,0,
Instances/Instances 1/dj38_07.gt,37,10000.0,86400.0,PTVRP_LAYERED_SAFE,8048.0,1,1,0.0016,1,1,1,37,1.0,,0,0,0,0,0,0,
Instances/Instances 1/dj38_08.gt,37,20000.0,86400.0,PTVRP_LAYERED_SAFE,8048.0,1,1,0.0016,1,1,1,37,1.0,,0,0,0,0,0,0,
Instances/Instances 1/dj38_09.gt,37,50000.0,86400.0,PTVRP_LAYERED_SAFE,8048.0,1,1,0.0018,1,1,1,37,1.0,,0,0,0,0,0,0,
Instances/Instances 1/dj38_10.gt,37,100000.0,86400.0,PTVRP_LAYERED_SAFE,8048.0,1,1,0.0018,1,1,1,37,1.0,,0,0,0,0,0,0,
Instances/Instances 1/eg7146_01.gt,7145,100.0,86400.0,PTVRP_LAYERED_SAFE,5872828.0,1076,6,0.0194,1815,39,8,195130,27.31,,1,0,101460,0,0,0,
Instances/Instances 1/eg7146_02.gt,7145,200.0,86400.0,PTVRP_LAYERED_SAFE,2972502.0,770,4,0.0151,907,28,6,147568,20.6533,,0,0,82405,0,0,0,
Instances/Instances 1/eg7146_03.gt,7145,500.0,86400.0,PTVRP_LAYERED_SAFE,1281035.0,373,2,0.0112,366,18,5,98622,13.8029,,0,0,41161,0,0,0,
Instances/Instances 1/eg7146_04.gt,7145,1000.0,86400.0,PTVRP_LAYERED_SAFE,708528.0,186,1,0.0089,181,13,2,71033,9.94164,,0,0,19322,0,0,0,
Instances/Instances 1/eg7146_05.gt,7145,2000.0,86400.0,PTVRP_LAYERED_SAFE,437580.0,95,1,0.0073,92,9,1,50636,7.08691,,0,0,9156,0,0,0,
Instances/Instances 1/eg7146_06.gt,7145,5000.0,86400.0,PTVRP_LAYERED_SAFE,273169.0,38,1,0.0067,37,6,1,31102,4.35297,,0,0,1755,0,0,0,
Instances/Instances 1/eg7146_07.gt,7145,10000.0,86400.0,PTVRP_LAYERED_SAFE,222770.0,20,1,0.0059,19,4,1,23026,3.22267,,0,0,451,0,0,0,
Instances/Instances 1/eg7146_08.gt,7145,20000.0,86400.0,PTVRP_LAYERED_SAFE,200051.0,10,1,0.0054,10,3,1,16779,2.34836,,0,0,81,0,0,0,
Instances/Instances 1/eg7146_09.gt,7145,50000.0,86400.0,PTVRP_LAYERED_SAFE,186570.0,5,1,0.0044,4,2,1,10220,1.43037,,0,0,15,0,0,0,
Instances/Instances 1/eg7146_10.gt,7145,100000.0,86400.0,PTVRP_LAYERED_SAFE,184251.0,3,1,0.0043,2,1,1,7145,1.0,,0,0,93,0,0,0,
Instances/Instances 1/ei8246_01.gt,8245,100.0,86400.0,PTVRP_LAYERED_SAFE,6036095.0,1381,6,0.0212,2113,32,6,196748,23.8627,,0,0,89249,0,0,0,
Instances/Instances 1/ei8246_02.gt,8245,200.0,86400.0,PTVRP_LAYERED_SAFE,3075949.0,917,3,0.0166,1049,22,4,147350,17.8714,,0,0,65401,0,0,0,
Instances/Instances 1/ei8246_03.gt,8245,500.0,86400.0,PTVRP_LAYERED_SAFE,1324735.0,436,2,0.0123,422,14,3,98162,11.9056,,0,0,26434,0,0,0,
Instances/Instances 1/ei8246_04.gt,8245,1000.0,86400.0,PTVRP_LAYERED_SAFE,752179.0,218,1,0.0097,210,10,2,70783,8.58496,,0,0,11356,0,0,0,
Instances/Instances 1/ei8246_05.gt,8245,2000.0,86400.0,PTVRP_LAYERED_SAFE,473280.0,110,1,0.0081,106,7,1,50741,6.15415,,0,0,5757,0,0,0,
Instances/Instances 1/ei8246_06.gt,8245,5000.0,86400.0,PTVRP_LAYERED_SAFE,305629.0,45,1,0.007,43,4,1,31829,3.8604,,0,0,0,0,0,0,
Instances/Instances 1/ei8246_07.gt,8245,10000.0,86400.0,PTVRP_LAYERED_SAFE,252631.0,24,1,0.0065,22,3,1,23587,2.86076,,0,0,38,0,0,0,
Instances/Instances 1/ei8246_08.gt,8245,20000.0,86400.0,PTVRP_LAYERED_SAFE,228782.0,13,1,0.0057,11,2,1,15685,1.90237,,0,0,0,0,0,0,
Instances/Instances 1/ei8246_09.gt,8245,50000.0,86400.0,PTVRP_LAYERED_SAFE,214769.0,6,1,0.0049,5,1,1,8245,1.0,,0,0,0,0,0,0,
Instances/Instances 1/ei8246_10.gt,8245,100000.0,86400.0,PTVRP_LAYERED_SAFE,211535.0,4,1,0.0052,3,1,1,8245,1.0,,0,0,581,0,0,0,
Instances/Instances 1/eil101_01.gt,100,100.0,86400.0,PTVRP_LAYERED_SAFE,1941.0,30,2,0.0017,27,27,2,1433,14.33,,0,0,0,0,0,0,
Instances/Instances 1/eil101_02.gt,100,200.0,86400.0,PTVRP_LAYERED_SAFE,1166.0,16,1,0.0016,13,13,1,687,6.87,,0,0,0,0,0,0,
Instances/Instances 1/eil101_03.gt,100,500.0,86400.0,PTVRP_LAYERED_SAFE,827.0,7,1,0.0016,6,6,1,312,3.12,,0,0,0,0,0,0,
Instances/Instances 1/eil101_04.gt,100,1000.0,86400.0,PTVRP_LAYERED_SAFE,701.0,4,1,0.0016,3,3,1,172,1.72,,0,0,0,0,0,0,
Instances/Instances 1/eil101_05.gt,100,2000.0,86400.0,PTVRP_LAYERED_SAFE,664.0,3,1,0.0017,2,2,1,129,1.29,,0,0,0,0,0,0,
Instances/Instances 1/eil101_06.gt,100,5000.0,86400.0,PTVRP_LAYERED_SAFE,652.0,2,1,0.0017,1,1,1,100,1.0,,0,0,0,0,0,0,
Instances/Instances 1/eil101_07.gt,100,10000.0,86400.0,PTVRP_LAYERED_SAFE,652.0,2,1,0.0017,1,1,1,100,1.0,,0,0,0,0,0,0,
Instances/Instances 1/eil101_08.gt,100,20000.0,86400.0,PTVRP_LAYERED_SAFE,652.0,2,1,0.0016,1,1,1,100,1.0,,0,0,0,0,0,0,
Instances/Instances 1/eil101_09.gt,100,50000.0,86400.0,PTVRP_LAYERED_SAFE,652.0,2,1,0.0018,1,1,1,100,1.0,,0,0,0,0,0,0,
Instances/Instances 1/eil101_10.gt,100,100000.0,86400.0,PTVRP_LAYERED_SAFE,652.0,2,1,0.0016,1,1,1,100,1.0,,0,0,0,0,0,0,
Instances/Instances 1/eil51_01.gt,50,100.0,86400.0,PTVRP_LAYERED_SAFE,941.0,15,1,0.0016,13,13,1,335,6.7,,0,0,0,0,0,0,
Instances/Instances 1/eil51_02.gt,50,200.0,86400.0,PTVRP_LAYERED_SAFE,664.0,7,1,0.0016,7,7,1,187,3.74,,0,0,0,0,0,0,
Instances/Instances 1/eil51_03.gt,50,500.0,86400.0,PTVRP_LAYERED_SAFE,490.0,3,1,0.0015,3,3,1,92,1.84,,0,0,0,0,0,0,
Instances/Instances 1/eil51_04.gt,50,1000.0,86400.0,PTVRP_LAYERED_SAFE,474.0,2,1,0.0017,2,2,1,64,1.28,,0,0,0,0,0,0,
Instances/Instances 1/eil51_05.gt,50,2000.0,86400.0,PTVRP_LAYERED_SAFE,442.0,1,1,0.0016,1,1,1,50,1.0,,0,0,0,0,0,0,
Instances/Instances 1/eil51_06.gt,50,5000.0,86400.0,PTVRP_LAYERED_SAFE,442.0,1,1,0.0016,1,1,1,50,1.0,,0,0,0,0,0,0,
Instances/Instances 1/eil51_07.gt,50,10000.0,86400.0,PTVRP_LAYERED_SAFE,442.0,1,1,0.0015,1,1,1,50,1.0,,0,0,0,0,0,0,
Instances/Instances 1/eil51_08.gt,50,20000.0,86400.0,PTVRP_LAYERED_SAFE,442.0,1,1,0.0016,1,1,1,50,1.0,,0,0,0,0,0,0,
Instances/Instances 1/eil51_09.gt,50,50000.0,86400.0,PTVRP_LAYERED_SAFE,442.0,1,1,0.0015,1,1,1,50,1.0,,0,0,0,0,0,0,
Instances/Instances 1/eil51_10.gt,50,100000.0,86400.0,PTVRP_LAYERED_SAFE,442.0,1,1,0.0016,1,1,1,50,1.0,,0,0,0,0,0,0,
Instances/Instances 1/eil76_01.gt,75,100.0,86400.0,PTVRP_LAYERED_SAFE,1401.0,23,1,0.0016,19,19,1,739,9.85333,,0,0,0,0,0,0,
Instances/Instances 1/eil76_02.gt,75,200.0,86400.0,PTVRP_LAYERED_SAFE,931.0,12,1,0.0017,10,10,1,384,5.12,,0,0,0,0,0,0,
Instances/Instances 1/eil76_03.gt,75,500.0,86400.0,PTVRP_LAYERED_SAFE,664.0,5,1,0.0018,4,4,1,182,2.42667,,0,0,0,0,0,0,
Instances/Instances 1/eil76_04.gt,75,1000.0,86400.0,PTVRP_LAYERED_SAFE,600.0,3,1,0.0015,2,2,1,109,1.45333,,0,0,0,0,0,0,
Instances/Instances 1/eil76_05.gt,75,2000.0,86400.0,PTVRP_LAYERED_SAFE,573.0,1,1,0.0017,1,1,1,75,1.0,,0,0,0,0,0,0,
Instances/Instances 1/eil76_06.gt,75,5000.0,86400.0,PTVRP_LAYERED_SAFE,573.0,1,1,0.0016,1,1,1,75,1.0,,0,0,0,0,0,0,
Instances/Instances 1/eil76_07.gt,75,10000.0,86400.0,PTVRP_LAYERED_SAFE,573.0,1,1,0.0016,1,1,1,75,1.0,,0,0,0,0,0,0,
Instances/Instances 1/eil76_08.gt,75,20000.0,86400.0,PTVRP_LAYERED_SAFE,573.0,1,1,0.0015,1,1,1,75,1.0,,0,0,0,0,0,0,
Instances/Instances 1/eil76_09.gt,75,50000.0,86400.0,PTVRP_LAYERED_SAFE,573.0,1,1,0.0015,1,1,1,75,1.0,,0,0,0,0,0,0,
Instances/Instances 1/eil76_10.gt,75,100000.0,86400.0,PTVRP_LAYERED_SAFE,573.0,1,1,0.0016,1,1,1,75,1.0,,0,0,0,0,0,0,
Instances/Instances 1/fi10639_01.gt,10638,100.0,86400.0,PTVRP_LAYERED_SAFE,17282915.0,1662,6,0.0205,2710,22,8,162931,15.3159,,0,0,124124,0,0,0,
Instances/Instances 1/fi10639_02.gt,10638,200.0,86400.0,PTVRP_LAYERED_SAFE,8893028.0,1158,3,0.0169,1351,17,5,126648,11.9052,,0,0,116031,0,0,0,
Instances/Instances 1/fi10639_03.gt,10638,500.0,86400.0,PTVRP_LAYERED_SAFE,3763490.0,557,2,0.0129,540,11,3,87665,8.24074,,0,0,65088,0,0,0,
Instances/Instances 1/fi10639_04.gt,10638,1000.0,86400.0,PTVRP_LAYERED_SAFE,2108169.0,277,1,0.0108,270,8,2,64943,6.10481,,0,0,34347,0,0,0,
Instances/Instances 1/fi10639_05.gt,10638,2000.0,86400.0,PTVRP_LAYERED_SAFE,1303908.0,140,1,0.009,136,6,2,46892,4.40797,,0,0,15589,0,0,0,
Instances/Instances 1/fi10639_06.gt,10638,5000.0,86400.0,PTVRP_LAYERED_SAFE,820119.0,58,1,0.0087,55,4,1,30889,2.90365,,0,0,6712,0,0,0,
Instances/Instances 1/fi10639_07.gt,10638,10000.0,86400.0,PTVRP_LAYERED_SAFE,660140.0,30,1,0.0068,28,3,1,21226,1.9953,,0,0,2402,0,0,0,
Instances/Instances 1/fi10639_08.gt,10638,20000.0,86400.0,PTVRP_LAYERED_SAFE,585300.0,14,1,0.0067,14,2,1,16779,1.57727,,0,0,5152,0,0,0,
Instances/Instances 1/fi10639_09.gt,10638,50000.0,86400.0,PTVRP_LAYERED_SAFE,551822.0,8,1,0.0061,6,1,1,10638,1.0,,0,0,14814,0,0,0,
Instances/Instances 1/fi10639_10.gt,10638,100000.0,86400.0,PTVRP_LAYERED_SAFE,551822.0,8,1,0.0062,3,1,1,10638,1.0,,0,0,17802,0,0,0,
Instances/Instances 1/fl1400_01.gt,1399,100.0,86400.0,PTVRP_LAYERED_SAFE,727206.0,162,6,0.0048,356,49,10,47585,34.0136,,0,0,28129,0,0,0,
Instances/Instances 1/fl1400_02.gt,1399,200.0,86400.0,PTVRP_LAYERED_SAFE,369796.0,132,3,0.0042,177,35,5,33303,23.8049,,0,0,16123,0,0,0,
Instances/Instances 1/fl1400_03.gt,1399,500.0,86400.0,PTVRP_LAYERED_SAFE,163619.0,73,2,0.0034,74,23,4,21259,15.1959,,0,0,7757,0,0,0,
Instances/Instances 1/fl1400_04.gt,1399,1000.0,86400.0,PTVRP_LAYERED_SAFE,90227.0,37,2,0.0028,37,15,2,14031,10.0293,,0,0,2306,0,0,0,
Instances/Instances 1/fl1400_05.gt,1399,2000.0,86400.0,PTVRP_LAYERED_SAFE,53314.0,19,1,0.0027,18,9,2,8796,6.28735,,0,0,394,0,0,0,
Instances/Instances 1/fl1400_06.gt,1399,5000.0,86400.0,PTVRP_LAYERED_SAFE,32739.0,8,1,0.0025,8,6,1,5133,3.66905,,0,0,131,0,0,0,
Instances/Instances 1/fl1400_07.gt,1399,10000.0,86400.0,PTVRP_LAYERED_SAFE,25452.0,4,1,0.0025,4,4,1,3269,2.33667,,0,0,0,0,0,0,
Instances/Instances 1/fl1400_08.gt,1399,20000.0,86400.0,PTVRP_LAYERED_SAFE,22330.0,2,1,0.0023,2,2,1,2018,1.44246,,0,0,0,0,0,0,
Instances/Instances 1/fl1400_09.gt,1399,50000.0,86400.0,PTVRP_LAYERED_SAFE,22250.0,1,1,0.0023,1,1,1,1399,1.0,,0,0,0,0,0,0,
Instances/Instances 1/fl1400_10.gt,1399,100000.0,86400.0,PTVRP_LAYERED_SAFE,22250.0,1,1,0.0022,1,1,1,1399,1.0,,0,0,0,0,0,0,
Instances/Instances 1/fl1577_01.gt,1576,100.0,86400.0,PTVRP_LAYERED_SAFE,534844.0,263,6,0.0061,401,46,6,52559,33.3496,,1,0,11992,0,0,0,
Instances/Instances 1/fl1577_02.gt,1576,200.0,86400.0,PTVRP_LAYERED_SAFE,278030.0,186,3,0.0052,201,31,4,37660,23.8959,,0,0,8131,0,0,0,
Instances/Instances 1/fl1577_03.gt,1576,500.0,86400.0,PTVRP_LAYERED_SAFE,120347.0,86,1,0.0037,82,19,2,23790,15.0952,,0,0,3900,0,0,0,
Instances/Instances 1/fl1577_04.gt,1576,1000.0,86400.0,PTVRP_LAYERED_SAFE,69180.0,43,1,0.003,41,13,2,16434,10.4277,,0,0,1407,0,0,0,
Instances/Instances 1/fl1577_05.gt,1576,2000.0,86400.0,PTVRP_LAYERED_SAFE,45021.0,23,1,0.0026,21,9,1,10798,6.85152,,0,0,515,0,0,0,
Instances/Instances 1/fl1577_06.gt,1576,5000.0,86400.0,PTVRP_LAYERED_SAFE,30431.0,10,1,0.0023,9,6,1,6077,3.85596,,0,0,835,0,0,0,
Instances/Instances 1/fl1577_07.gt,1576,10000.0,86400.0,PTVRP_LAYERED_SAFE,25235.0,5,1,0.0022,5,4,1,3999,2.53744,,0,0,0,0,0,0,
Instances/Instances 1/fl1577_08.gt,1576,20000.0,86400.0,PTVRP_LAYERED_SAFE,23781.0,3,1,0.0022,3,3,1,2384,1.51269,,0,0,0,0,0,0,
Instances/Instances 1/fl1577_09.gt,1576,50000.0,86400.0,PTVRP_LAYERED_SAFE,23697.0,2,1,0.0021,1,1,1,1576,1.0,,0,0,0,0,0,0,
Instances/Instances 1/fl1577_10.gt,1576,100000.0,86400.0,PTVRP_LAYERED_SAFE,23697.0,2,1,0.002,1,1,1,1576,1.0,,0,0,0,0,0,0,
Instances/Instances 1/fl3795_01.gt,3794,100.0,86400.0,PTVRP_LAYERED_SAFE,1406061.0,540,6,0.013,974,58,11,168421,44.3914,,0,0,71225,0,0,0,
Instances/Instances 1/fl3795_02.gt,3794,200.0,86400.0,PTVRP_LAYERED_SAFE,714398.0,374,4,0.0105,488,40,6,123778,32.6247,,0,0,55427,0,0,0,
Instances/Instances 1/fl3795_03.gt,3794,500.0,86400.0,PTVRP_LAYERED_SAFE,292849.0,193,2,0.0075,193,25,3,79658,20.9958,,0,0,30733,0,0,0,
Instances/Instances 1/fl3795_04.gt,3794,1000.0,86400.0,PTVRP_LAYERED_SAFE,159179.0,100,1,0.0061,97,18,2,56205,14.8142,,0,0,17040,0,0,0,
Instances/Instances 1/fl3795_05.gt,3794,2000.0,86400.0,PTVRP_LAYERED_SAFE,93815.0,51,1,0.0054,49,13,1,38910,10.2557,,0,0,10304,0,0,0,
Instances/Instances 1/fl3795_06.gt,3794,5000.0,86400.0,PTVRP_LAYERED_SAFE,51747.0,21,1,0.0044,20,8,1,23454,6.18187,,0,0,8152,0,0,0,
Instances/Instances 1/fl3795_07.gt,3794,10000.0,86400.0,PTVRP_LAYERED_SAFE,40046.0,11,1,0.0036,10,6,1,15199,4.00606,,0,0,192,0,0,0,
Instances/Instances 1/fl3795_08.gt,3794,20000.0,86400.0,PTVRP_LAYERED_SAFE,34168.0,6,1,0.0033,5,4,1,10469,2.75936,,0,0,0,0,0,0,
Instances/Instances 1/fl3795_09.gt,3794,50000.0,86400.0,PTVRP_LAYERED_SAFE,30739.0,3,1,0.0029,2,2,1,5614,1.4797,,0,0,0,0,0,0,
Instances/Instances 1/fl3795_10.gt,3794,100000.0,86400.0,PTVRP_LAYERED_SAFE,30708.0,2,1,0.0029,1,1,1,3794,1.0,,0,0,0,0,0,0,
Instances/Instances 1/fl417_01.gt,416,100.0,86400.0,PTVRP_LAYERED_SAFE,228870.0,69,5,0.0026,110,31,6,8978,21.5817,,0,0,2135,0,0,0,
Instances/Instances 1/fl417_02.gt,416,200.0,86400.0,PTVRP_LAYERED_SAFE,110050.0,48,2,0.0023,52,20,4,5903,14.1899,,0,0,1161,0,0,0,
Instances/Instances 1/fl417_03.gt,416,500.0,86400.0,PTVRP_LAYERED_SAFE,52409.0,24,1,0.0022,23,13,3,3655,8.78606,,0,0,563,0,0,0,
Instances/Instances 1/fl417_04.gt,416,1000.0,86400.0,PTVRP_LAYERED_SAFE,30091.0,12,1,0.002,11,8,2,2182,5.24519,,0,0,23,0,0,0,
Instances/Instances 1/fl417_05.gt,416,2000.0,86400.0,PTVRP_LAYERED_SAFE,22180.0,7,1,0.0018,6,6,1,1358,3.26442,,0,0,0,0,0,0,
Instances/Instances 1/fl417_06.gt,416,5000.0,86400.0,PTVRP_LAYERED_SAFE,14735.0,3,1,0.0017,3,3,1,658,1.58173,,0,0,0,0,0,0,
Instances/Instances 1/fl417_07.gt,416,10000.0,86400.0,PTVRP_LAYERED_SAFE,13776.0,2,1,0.0017,2,2,1,465,1.11779,,0,0,0,0,0,0,
Instances/Instances 1/fl417_08.gt,416,20000.0,86400.0,PTVRP_LAYERED_SAFE,13750.0,1,1,0.0017,1,1,1,416,1.0,,0,0,0,0,0,0,
Instances/Instances 1/fl417_09.gt,416,50000.0,86400.0,PTVRP_LAYERED_SAFE,13750.0,1,1,0.0016,1,1,1,416,1.0,,0,0,0,0,0,0,
Instances/Instances 1/fl417_10.gt,416,100000.0,86400.0,PTVRP_LAYERED_SAFE,13750.0,1,1,0.0018,1,1,1,416,1.0,,0,0,0,0,0,0,
Instances/Instances 1/fnl4461_01.gt,4460,100.0,86400.0,PTVRP_LAYERED_SAFE,3582667.0,834,4,0.0106,1160,24,6,86519,19.3989,,0,0,30108,0,0,0,
Instances/Instances 1/fnl4461_02.gt,4460,200.0,86400.0,PTVRP_LAYERED_SAFE,1837638.0,545,3,0.0087,575,17,4,63915,14.3307,,0,0,19939,0,0,0,
Instances/Instances 1/fnl4461_03.gt,4460,500.0,86400.0,PTVRP_LAYERED_SAFE,823101.0,240,1,0.0065,231,11,2,42216,9.46547,,0,0,8048,0,0,0,
Instances/Instances 1/fnl4461_04.gt,4460,1000.0,86400.0,PTVRP_LAYERED_SAFE,493280.0,121,1,0.0055,116,8,1,30190,6.76906,,0,0,3534,0,0,0,
Instances/Instances 1/fnl4461_05.gt,4460,2000.0,86400.0,PTVRP_LAYERED_SAFE,328926.0,60,1,0.0048,57,5,1,21406,4.79955,,0,0,1002,0,0,0,
Instances/Instances 1/fnl4461_06.gt,4460,5000.0,86400.0,PTVRP_LAYERED_SAFE,236264.0,26,1,0.0041,23,3,1,12799,2.86973,,0,0,0,0,0,0,
Instances/Instances 1/fnl4461_07.gt,4460,10000.0,86400.0,PTVRP_LAYERED_SAFE,205790.0,13,1,0.0037,12,2,1,8512,1.90852,,0,0,0,0,0,0,
Instances/Instances 1/fnl4461_08.gt,4460,20000.0,86400.0,PTVRP_LAYERED_SAFE,193945.0,8,1,0.0039,6,2,1,8138,1.82466,,0,0,0,0,0,0,
Instances/Instances 1/fnl4461_09.gt,4460,50000.0,86400.0,PTVRP_LAYERED_SAFE,187221.0,4,1,0.0036,3,1,1,4460,1.0,,0,0,33,0,0,0,
Instances/Instances 1/fnl4461_10.gt,4460,100000.0,86400.0,PTVRP_LAYERED_SAFE,187145.0,3,1,0.0037,2,1,1,4460,1.0,,0,0,247,0,0,0,
Instances/Instances 1/gil262_01.gt,261,100.0,86400.0,PTVRP_LAYERED_SAFE,13466.0,63,2,0.0021,70,51,3,8612,32.9962,,0,0,97,0,0,0,
Instances/Instances 1/gil262_02.gt,261,200.0,86400.0,PTVRP_LAYERED_SAFE,7175.0,35,1,0.0019,32,32,2,4535,17.3755,,0,0,0,0,0,0,
Instances/Instances 1/gil262_03.gt,261,500.0,86400.0,PTVRP_LAYERED_SAFE,4196.0,14,1,0.0018,14,14,1,1844,7.06513,,0,0,0,0,0,0,
Instances/Instances 1/gil262_04.gt,261,1000.0,86400.0,PTVRP_LAYERED_SAFE,3287.0,8,1,0.0018,7,7,1,1022,3.91571,,0,0,0,0,0,0,
Instances/Instances 1/gil262_05.gt,261,2000.0,86400.0,PTVRP_LAYERED_SAFE,2873.0,4,1,0.0018,4,4,1,612,2.34483,,0,0,0,0,0,0,
Instances/Instances 1/gil262_06.gt,261,5000.0,86400.0,PTVRP_LAYERED_SAFE,2667.0,2,1,0.0018,2,2,1,315,1.2069,,0,0,0,0,0,0,
Instances/Instances 1/gil262_07.gt,261,10000.0,86400.0,PTVRP_LAYERED_SAFE,2645.0,1,1,0.0017,1,1,1,261,1.0,,0,0,0,0,0,0,
Instances/Instances 1/gil262_08.gt,261,20000.0,86400.0,PTVRP_LAYERED_SAFE,2645.0,1,1,0.0017,1,1,1,261,1.0,,0,0,0,0,0,0,
Instances/Instances 1/gil262_09.gt,261,50000.0,86400.0,PTVRP_LAYERED_SAFE,2645.0,1,1,0.0018,1,1,1,261,1.0,,0,0,0,0,0,0,
Instances/Instances 1/gil262_10.gt,261,100000.0,86400.0,PTVRP_LAYERED_SAFE,2645.0,1,1,0.0016,1,1,1,261,1.0,,0,0,0,0,0,0,
Instances/Instances 1/gr9882_01.gt,9881,100.0,86400.0,PTVRP_LAYERED_SAFE,11487691.0,1457,6,0.0229,2518,29,8,197321,19.9697,,0,0,127278,0,0,0,
Instances/Instances 1/gr9882_02.gt,9881,200.0,86400.0,PTVRP_LAYERED_SAFE,5868339.0,1038,3,0.0175,1256,21,5,151452,15.3276,,1,0,112256,0,0,0,
Instances/Instances 1/gr9882_03.gt,9881,500.0,86400.0,PTVRP_LAYERED_SAFE,2464249.0,510,2,0.0131,504,14,4,103463,10.4709,,0,0,59428,0,0,0,
Instances/Instances 1/gr9882_04.gt,9881,1000.0,86400.0,PTVRP_LAYERED_SAFE,1376698.0,260,1,0.0112,253,10,3,75581,7.64912,,0,0,28883,0,0,0,
Instances/Instances 1/gr9882_05.gt,9881,2000.0,86400.0,PTVRP_LAYERED_SAFE,824838.0,130,1,0.0102,126,7,1,54340,5.49944,,0,0,11568,0,0,0,
Instances/Instances 1/gr9882_06.gt,9881,5000.0,86400.0,PTVRP_LAYERED_SAFE,501483.0,52,1,0.0082,51,4,1,34940,3.53608,,0,0,2958,0,0,0,
Instances/Instances 1/gr9882_07.gt,9881,10000.0,86400.0,PTVRP_LAYERED_SAFE,399596.0,27,1,0.0073,26,3,1,25191,2.54944,,0,0,1435,0,0,0,
Instances/Instances 1/gr9882_08.gt,9881,20000.0,86400.0,PTVRP_LAYERED_SAFE,343807.0,14,1,0.0064,13,2,1,18998,1.92268,,0,0,2428,0,0,0,
Instances/Instances 1/gr9882_09.gt,9881,50000.0,86400.0,PTVRP_LAYERED_SAFE,317771.0,6,1,0.0055,6,1,1,9881,1.0,,0,0,0,0,0,0,
Instances/Instances 1/gr9882_10.gt,9881,100000.0,86400.0,PTVRP_LAYERED_SAFE,313501.0,5,1,0.0057,3,1,1,9881,1.0,,0,0,9738,0,0,0,
Instances/Instances 1/ho14473_01.gt,14472,100.0,86400.0,PTVRP_LAYERED_SAFE,8450979.0,2017,7,0.0396,3674,61,10,500629,34.5929,,0,0,289667,0,0,0,
Instances/Instances 1/ho14473_02.gt,14472,200.0,86400.0,PTVRP_LAYERED_SAFE,4354156.0,1460,5,0.0325,1858,45,7,380529,26.2942,,0,0,244435,0,0,0,
Instances/Instances 1/ho14473_03.gt,14472,500.0,86400.0,PTVRP_LAYERED_SAFE,1807631.0,749,3,0.0243,740,27,3,255041,17.6231,,0,0,133991,0,0,0,
Instances/Instances 1/ho14473_04.gt,14472,1000.0,86400.0,PTVRP_LAYERED_SAFE,974659.0,377,1,0.0192,369,20,2,184132,12.7233,,0,0,64155,0,0,0,
Instances/Instances 1/ho14473_05.gt,14472,2000.0,86400.0,PTVRP_LAYERED_SAFE,570975.0,189,1,0.0153,185,13,2,132452,9.15229,,0,0,31201,0,0,0,
Instances/Instances 1/ho14473_06.gt,14472,5000.0,86400.0,PTVRP_LAYERED_SAFE,331612.0,78,1,0.0124,75,8,1,82758,5.71849,,0,0,7953,0,0,0,
Instances/Instances 1/ho14473_07.gt,14472,10000.0,86400.0,PTVRP_LAYERED_SAFE,248892.0,40,1,0.0101,37,5,1,59686,4.12424,,0,0,8149,0,0,0,
Instances/Instances 1/ho14473_08.gt,14472,20000.0,86400.0,PTVRP_LAYERED_SAFE,210554.0,21,1,0.0094,19,4,1,40809,2.81986,,0,0,3621,0,0,0,
Instances/Instances 1/ho14473_09.gt,14472,50000.0,86400.0,PTVRP_LAYERED_SAFE,187851.0,9,1,0.0079,8,2,1,26940,1.86153,,0,0,541,0,0,0,
Instances/Instances 1/ho14473_10.gt,14472,100000.0,86400.0,PTVRP_LAYERED_SAFE,181545.0,4,1,0.0076,4,2,1,18250,1.26106,,0,0,1214,0,0,0,
Instances/Instances 1/it16862_01.gt,16861,100.0,86400.0,PTVRP_LAYERED_SAFE,27987539.0,2424,6,0.0331,4344,30,8,297033,17.6166,,0,0,239320,0,0,0,
Instances/Instances 1/it16862_02.gt,16861,200.0,86400.0,PTVRP_LAYERED_SAFE,14072619.0,1701,4,0.0281,2156,22,5,233475,13.847,,0,0,241117,0,0,0,
Instances/Instances 1/it16862_03.gt,16861,500.0,86400.0,PTVRP_LAYERED_SAFE,5921913.0,886,2,0.0233,869,13,3,163736,9.71093,,0,0,166314,0,0,0,
Instances/Instances 1/it16862_04.gt,16861,1000.0,86400.0,PTVRP_LAYERED_SAFE,3150614.0,439,2,0.0174,428,9,2,120710,7.15912,,0,0,92030,0,0,0,
Instances/Instances 1/it16862_05.gt,16861,2000.0,86400.0,PTVRP_LAYERED_SAFE,1841830.0,220,1,0.0146,216,7,2,90056,5.34108,,0,0,49046,0,0,0,
Instances/Instances 1/it16862_06.gt,16861,5000.0,86400.0,PTVRP_LAYERED_SAFE,1060736.0,89,1,0.0123,87,4,1,58889,3.49262,,0,0,13790,0,0,0,
Instances/Instances 1/it16862_07.gt,16861,10000.0,86400.0,PTVRP_LAYERED_SAFE,799388.0,46,1,0.0109,43,3,1,42551,2.52363,,0,0,6853,0,0,0,
Instances/Instances 1/it16862_08.gt,16861,20000.0,86400.0,PTVRP_LAYERED_SAFE,675310.0,24,1,0.0102,22,2,1,32835,1.94739,,0,0,6065,0,0,0,
Instances/Instances 1/it16862_09.gt,16861,50000.0,86400.0,PTVRP_LAYERED_SAFE,599939.0,10,1,0.0086,9,1,1,16861,1.0,,0,0,61,0,0,0,
Instances/Instances 1/it16862_10.gt,16861,100000.0,86400.0,PTVRP_LAYERED_SAFE,592244.0,8,1,0.0092,5,1,1,16861,1.0,,0,0,46161,0,0,0,
Instances/Instances 1/ja9847_01.gt,9846,100.0,86400.0,PTVRP_LAYERED_SAFE,27648638.0,1468,6,0.0173,2509,24,8,125059,12.7015,,0,0,118795,0,0,0,
Instances/Instances 1/ja9847_02.gt,9846,200.0,86400.0,PTVRP_LAYERED_SAFE,13847756.0,969,4,0.0144,1243,17,5,100323,10.1892,,0,0,140251,0,0,0,
Instances/Instances 1/ja9847_03.gt,9846,500.0,86400.0,PTVRP_LAYERED_SAFE,5809604.0,493,2,0.0115,498,11,3,72006,7.31322,,0,0,121715,0,0,0,
Instances/Instances 1/ja9847_04.gt,9846,1000.0,86400.0,PTVRP_LAYERED_SAFE,3142417.0,260,1,0.0097,253,8,3,55162,5.60248,,0,0,79703,0,0,0,
Instances/Instances 1/ja9847_05.gt,9846,2000.0,86400.0,PTVRP_LAYERED_SAFE,1777436.0,127,1,0.0089,125,5,2,40169,4.07973,,0,0,67972,0,0,0,
Instances/Instances 1/ja9847_06.gt,9846,5000.0,86400.0,PTVRP_LAYERED_SAFE,1002457.0,53,1,0.0078,51,3,1,26950,2.73715,,0,0,25769,0,0,0,
Instances/Instances 1/ja9847_07.gt,9846,10000.0,86400.0,PTVRP_LAYERED_SAFE,755860.0,27,1,0.0072,26,2,1,18950,1.92464,,0,0,19384,0,0,0,
Instances/Instances 1/ja9847_08.gt,9846,20000.0,86400.0,PTVRP_LAYERED_SAFE,619091.0,14,1,0.0062,13,2,1,15130,1.53666,,0,0,7919,0,0,0,
Instances/Instances 1/ja9847_09.gt,9846,50000.0,86400.0,PTVRP_LAYERED_SAFE,573619.0,8,1,0.006,6,1,1,9846,1.0,,0,0,85908,0,0,0,
Instances/Instances 1/ja9847_10.gt,9846,100000.0,86400.0,PTVRP_LAYERED_SAFE,573619.0,8,1,0.0064,3,1,1,9846,1.0,,0,0,86164,0,0,0,
Instances/Instances 1/kroA100_01.gt,99,100.0,86400.0,PTVRP_LAYERED_SAFE,86834.0,25,2,0.0018,25,11,2,755,7.62626,,0,0,80,0,0,0,
Instances/Instances 1/kroA100_02.gt,99,200.0,86400.0,PTVRP_LAYERED_SAFE,50084.0,13,1,0.0018,12,7,1,513,5.18182,,0,0,28,0,0,0,
Instances/Instances 1/kroA100_03.gt,99,500.0,86400.0,PTVRP_LAYERED_SAFE,32654.0,7,1,0.0017,6,5,1,302,3.05051,,0,0,29,0,0,0,
Instances/Instances 1/kroA100_04.gt,99,1000.0,86400.0,PTVRP_LAYERED_SAFE,25740.0,4,1,0.0017,3,3,1,164,1.65657,,0,0,0,0,0,0,
Instances/Instances 1/kroA100_05.gt,99,2000.0,86400.0,PTVRP_LAYERED_SAFE,23670.0,2,1,0.0018,2,2,1,120,1.21212,,0,0,0,0,0,0,
Instances/Instances 1/kroA100_06.gt,99,5000.0,86400.0,PTVRP_LAYERED_SAFE,22624.0,1,1,0.0019,1,1,1,99,1.0,,0,0,0,0,0,0,
Instances/Instances 1/kroA100_07.gt,99,10000.0,86400.0,PTVRP_LAYERED_SAFE,22624.0,1,1,0.0018,1,1,1,99,1.0,,0,0,0,0,0,0,
Instances/Instances 1/kroA100_08.gt,99,20000.0,86400.0,PTVRP_LAYERED_SAFE,22624.0,1,1,0.0018,1,1,1,99,1.0,,0,0,0,0,0,0,
Instances/Instances 1/kroA100_09.gt,99,50000.0,86400.0,PTVRP_LAYERED_SAFE,22624.0,1,1,0.0019,1,1,1,99,1.0,,0,0,0,0,0,0,
Instances/Instances 1/kroA100_10.gt,99,100000.0,86400.0,PTVRP_LAYERED_SAFE,22624.0,1,1,0.0018,1,1,1,99,1.0,,0,0,0,0,0,0,
Instances/Instances 1/kroA150_01.gt,149,100.0,86400.0,PTVRP_LAYERED_SAFE,128307.0,39,2,0.0021,37,11,3,1348,9.04698,,0,0,168,0,0,0,
Instances/Instances 1/kroA150_02.gt,149,200.0,86400.0,PTVRP_LAYERED_SAFE,72363.0,21,1,0.0021,19,8,1,907,6.08725,,0,0,68,0,0,0,
Instances/Instances 1/kroA150_03.gt,149,500.0,86400.0,PTVRP_LAYERED_SAFE,40115.0,8,1,0.0019,7,5,1,541,3.63087,,0,0,78,0,0,0,
Instances/Instances 1/kroA150_04.gt,149,1000.0,86400.0,PTVRP_LAYERED_SAFE,33898.0,5,1,0.0019,4,3,1,323,2.16779,,0,0,0,0,0,0,
Instances/Instances 1/kroA150_05.gt,149,2000.0,86400.0,PTVRP_LAYERED_SAFE,28781.0,2,1,0.0018,2,2,1,204,1.36913,,0,0,0,0,0,0,
Instances/Instances 1/kroA150_06.gt,149,5000.0,86400.0,PTVRP_LAYERED_SAFE,27630.0,1,1,0.002,1,1,1,149,1.0,,0,0,0,0,0,0,
Instances/Instances 1/kroA150_07.gt,149,10000.0,86400.0,PTVRP_LAYERED_SAFE,27630.0,1,1,0.002,1,1,1,149,1.0,,0,0,0,0,0,0,
Instances/Instances 1/kroA150_08.gt,149,20000.0,86400.0,PTVRP_LAYERED_SAFE,27630.0,1,1,0.0018,1,1,1,149,1.0,,0,0,0,0,0,0,
Instances/Instances 1/kroA150_09.gt,149,50000.0,86400.0,PTVRP_LAYERED_SAFE,27630.0,1,1,0.0018,1,1,1,149,1.0,,0,0,0,0,0,0,
Instances/Instances 1/kroA150_10.gt,149,100000.0,86400.0,PTVRP_LAYERED_SAFE,27630.0,1,1,0.0019,1,1,1,149,1.0,,0,0,0,0,0,0,
Instances/Instances 1/kroA200_01.gt,199,100.0,86400.0,PTVRP_LAYERED_SAFE,168343.0,50,2,0.0021,52,12,3,2010,10.1005,,0,0,267,0,0,0,
Instances/Instances 1/kroA200_02.gt,199,200.0,86400.0,PTVRP_LAYERED_SAFE,88322.0,27,1,0.0018,25,8,2,1328,6.67337,,0,0,81,0,0,0,
Instances/Instances 1/kroA200_03.gt,199,500.0,86400.0,PTVRP_LAYERED_SAFE,53593.0,12,1,0.0018,11,6,1,797,4.00503,,0,0,1,0,0,0,
Instances/Instances 1/kroA200_04.gt,199,1000.0,86400.0,PTVRP_LAYERED_SAFE,40258.0,8,1,0.0018,6,4,1,574,2.88442,,0,0,0,0,0,0,
Instances/Instances 1/kroA200_05.gt,199,2000.0,86400.0,PTVRP_LAYERED_SAFE,33244.0,3,1,0.0017,3,3,1,334,1.67839,,0,0,0,0,0,0,
Instances/Instances 1/kroA200_06.gt,199,5000.0,86400.0,PTVRP_LAYERED_SAFE,30958.0,2,1,0.0017,2,2,1,202,1.01508,,0,0,0,0,0,0,
Instances/Instances 1/kroA200_07.gt,199,10000.0,86400.0,PTVRP_LAYERED_SAFE,30902.0,1,1,0.0018,1,1,1,199,1.0,,0,0,0,0,0,0,
Instances/Instances 1/kroA200_08.gt,199,20000.0,86400.0,PTVRP_LAYERED_SAFE,30902.0,1,1,0.0017,1,1,1,199,1.0,,0,0,0,0,0,0,
Instances/Instances 1/kroA200_09.gt,199,50000.0,86400.0,PTVRP_LAYERED_SAFE,30902.0,1,1,0.0017,1,1,1,199,1.0,,0,0,0,0,0,0,
Instances/Instances 1/kroA200_10.gt,199,100000.0,86400.0,PTVRP_LAYERED_SAFE,30902.0,1,1,0.0018,1,1,1,199,1.0,,0,0,0,0,0,0,
Instances/Instances 1/kroB100_01.gt,99,100.0,86400.0,PTVRP_LAYERED_SAFE,86708.0,28,2,0.0018,27,11,2,808,8.16162,,0,0,83,0,0,0,
Instances/Instances 1/kroB100_02.gt,99,200.0,86400.0,PTVRP_LAYERED_SAFE,51033.0,15,1,0.0018,13,7,1,513,5.18182,,0,0,25,0,0,0,
Instances/Instances 1/kroB100_03.gt,99,500.0,86400.0,PTVRP_LAYERED_SAFE,31663.0,6,1,0.0016,5,4,1,273,2.75758,,0,0,0,0,0,0,
Instances/Instances 1/kroB100_04.gt,99,1000.0,86400.0,PTVRP_LAYERED_SAFE,26294.0,4,1,0.0016,3,3,1,177,1.78788,,0,0,0,0,0,0,
Instances/Instances 1/kroB100_05.gt,99,2000.0,86400.0,PTVRP_LAYERED_SAFE,24490.0,2,1,0.0016,2,2,1,124,1.25253,,0,0,0,0,0,0,
Instances/Instances 1/kroB100_06.gt,99,5000.0,86400.0,PTVRP_LAYERED_SAFE,24472.0,1,1,0.0017,1,1,1,99,1.0,,0,0,0,0,0,0,
Instances/Instances 1/kroB100_07.gt,99,10000.0,86400.0,PTVRP_LAYERED_SAFE,24472.0,1,1,0.0016,1,1,1,99,1.0,,0,0,0,0,0,0,
Instances/Instances 1/kroB100_08.gt,99,20000.0,86400.0,PTVRP_LAYERED_SAFE,24472.0,1,1,0.0018,1,1,1,99,1.0,,0,0,0,0,0,0,
Instances/Instances 1/kroB100_09.gt,99,50000.0,86400.0,PTVRP_LAYERED_SAFE,24472.0,1,1,0.0017,1,1,1,99,1.0,,0,0,0,0,0,0,
Instances/Instances 1/kroB100_10.gt,99,100000.0,86400.0,PTVRP_LAYERED_SAFE,24472.0,1,1,0.0016,1,1,1,99,1.0,,0,0,0,0,0,0,
Instances/Instances 1/kroB150_01.gt,149,100.0,86400.0,PTVRP_LAYERED_SAFE,133262.0,42,2,0.0019,40,12,3,1399,9.38926,,0,0,165,0,0,0,
Instances/Instances 1/kroB150_02.gt,149,200.0,86400.0,PTVRP_LAYERED_SAFE,72209.0,19,1,0.0018,18,8,1,907,6.08725,,0,0,63,0,0,0,
Instances/Instances 1/kroB150_03.gt,149,500.0,86400.0,PTVRP_LAYERED_SAFE,43866.0,9,1,0.0016,8,5,1,541,3.63087,,0,0,8,0,0,0,
Instances/Instances 1/kroB150_04.gt,149,1000.0,86400.0,PTVRP_LAYERED_SAFE,33533.0,5,1,0.0016,4,4,1,327,2.19463,,0,0,10,0,0,0,
Instances/Instances 1/kroB150_05.gt,149,2000.0,86400.0,PTVRP_LAYERED_SAFE,28883.0,3,1,0.0016,3,3,1,230,1.54362,,0,0,0,0,0,0,
Instances/Instances 1/kroB150_06.gt,149,5000.0,86400.0,PTVRP_LAYERED_SAFE,27979.0,1,1,0.0016,1,1,1,149,1.0,,0,0,0,0,0,0,
Instances/Instances 1/kroB150_07.gt,149,10000.0,86400.0,PTVRP_LAYERED_SAFE,27979.0,1,1,0.0017,1,1,1,149,1.0,,0,0,0,0,0,0,
Instances/Instances 1/kroB150_08.gt,149,20000.0,86400.0,PTVRP_LAYERED_SAFE,27979.0,1,1,0.0017,1,1,1,149,1.0,,0,0,0,0,0,0,
Instances/Instances 1/kroB150_09.gt,149,50000.0,86400.0,PTVRP_LAYERED_SAFE,27979.0,1,1,0.0018,1,1,1,149,1.0,,0,0,0,0,0,0,
Instances/Instances 1/kroB150_10.gt,149,100000.0,86400.0,PTVRP_LAYERED_SAFE,27979.0,1,1,0.0017,1,1,1,149,1.0,,0,0,0,0,0,0,
Instances/Instances 1/kroB200_01.gt,199,100.0,86400.0,PTVRP_LAYERED_SAFE,163688.0,56,2,0.0022,51,14,2,2035,10.2261,,0,0,311,0,0,0,
Instances/Instances 1/kroB200_02.gt,199,200.0,86400.0,PTVRP_LAYERED_SAFE,85498.0,27,1,0.0019,25,9,1,1420,7.13568,,0,0,154,0,0,0,
Instances/Instances 1/kroB200_03.gt,199,500.0,86400.0,PTVRP_LAYERED_SAFE,55153.0,13,1,0.0019,12,6,1,864,4.34171,,0,0,59,0,0,0,
Instances/Instances 1/kroB200_04.gt,199,1000.0,86400.0,PTVRP_LAYERED_SAFE,40240.0,6,1,0.0018,6,4,1,574,2.88442,,0,0,0,0,0,0,
Instances/Instances 1/kroB200_05.gt,199,2000.0,86400.0,PTVRP_LAYERED_SAFE,33729.0,3,1,0.0019,3,3,1,385,1.93467,,0,0,0,0,0,0,
Instances/Instances 1/kroB200_06.gt,199,5000.0,86400.0,PTVRP_LAYERED_SAFE,31786.0,2,1,0.0018,2,2,1,210,1.05528,,0,0,0,0,0,0,
Instances/Instances 1/kroB200_07.gt,199,10000.0,86400.0,PTVRP_LAYERED_SAFE,31768.0,1,1,0.0019,1,1,1,199,1.0,,0,0,0,0,0,0,
Instances/Instances 1/kroB200_08.gt,199,20000.0,86400.0,PTVRP_LAYERED_SAFE,31768.0,1,1,0.0018,1,1,1,199,1.0,,0,0,0,0,0,0,
Instances/Instances 1/kroB200_09.gt,199,50000.0,86400.0,PTVRP_LAYERED_SAFE,31768.0,1,1,0.002,1,1,1,199,1.0,,0,0,0,0,0,0,
Instances/Instances 1/kroB200_10.gt,199,100000.0,86400.0,PTVRP_LAYERED_SAFE,31768.0,1,1,0.0018,1,1,1,199,1.0,,0,0,0,0,0,0,
Instances/Instances 1/kroC100_01.gt,99,100.0,86400.0,PTVRP_LAYERED_SAFE,90576.0,28,2,0.002,26,10,2,780,7.87879,,0,0,62,0,0,0,
Instances/Instances 1/kroC100_02.gt,99,200.0,86400.0,PTVRP_LAYERED_SAFE,51395.0,14,1,0.002,13,7,1,515,5.20202,,0,0,23,0,0,0,
Instances/Instances 1/kroC100_03.gt,99,500.0,86400.0,PTVRP_LAYERED_SAFE,31936.0,6,1,0.002,5,4,1,274,2.76768,,0,0,0,0,0,0,
Instances/Instances 1/kroC100_04.gt,99,1000.0,86400.0,PTVRP_LAYERED_SAFE,25737.0,4,1,0.0018,3,3,1,178,1.79798,,0,0,0,0,0,0,
Instances/Instances 1/kroC100_05.gt,99,2000.0,86400.0,PTVRP_LAYERED_SAFE,23764.0,2,1,0.0017,2,2,1,131,1.32323,,0,0,0,0,0,0,
Instances/Instances 1/kroC100_06.gt,99,5000.0,86400.0,PTVRP_LAYERED_SAFE,22713.0,1,1,0.0017,1,1,1,99,1.0,,0,0,0,0,0,0,
Instances/Instances 1/kroC100_07.gt,99,10000.0,86400.0,PTVRP_LAYERED_SAFE,22713.0,1,1,0.002,1,1,1,99,1.0,,0,0,0,0,0,0,
Instances/Instances 1/kroC100_08.gt,99,20000.0,86400.0,PTVRP_LAYERED_SAFE,22713.0,1,1,0.0018,1,1,1,99,1.0,,0,0,0,0,0,0,
Instances/Instances 1/kroC100_09.gt,99,50000.0,86400.0,PTVRP_LAYERED_SAFE,22713.0,1,1,0.0018,1,1,1,99,1.0,,0,0,0,0,0,0,
Instances/Instances 1/kroC100_10.gt,99,100000.0,86400.0,PTVRP_LAYERED_SAFE,22713.0,1,1,0.0017,1,1,1,99,1.0,,0,0,0,0,0,0,
Instances/Instances 1/kroD100_01.gt,99,100.0,86400.0,PTVRP_LAYERED_SAFE,82273.0,28,2,0.0019,26,11,2,798,8.06061,,0,0,61,0,0,0,
Instances/Instances 1/kroD100_02.gt,99,200.0,86400.0,PTVRP_LAYERED_SAFE,49618.0,15,1,0.0016,13,7,1,531,5.36364,,0,0,26,0,0,0,
Instances/Instances 1/kroD100_03.gt,99,500.0,86400.0,PTVRP_LAYERED_SAFE,31926.0,6,1,0.0016,5,4,1,267,2.69697,,0,0,0,0,0,0,
Instances/Instances 1/kroD100_04.gt,99,1000.0,86400.0,PTVRP_LAYERED_SAFE,24890.0,4,1,0.0016,3,3,1,190,1.91919,,0,0,0,0,0,0,
Instances/Instances 1/kroD100_05.gt,99,2000.0,86400.0,PTVRP_LAYERED_SAFE,23833.0,2,1,0.0016,2,2,1,126,1.27273,,0,0,0,0,0,0,
Instances/Instances 1/kroD100_06.gt,99,5000.0,86400.0,PTVRP_LAYERED_SAFE,23792.0,1,1,0.0015,1,1,1,99,1.0,,0,0,0,0,0,0,
Instances/Instances 1/kroD100_07.gt,99,10000.0,86400.0,PTVRP_LAYERED_SAFE,23792.0,1,1,0.0016,1,1,1,99,1.0,,0,0,0,0,0,0,
Instances/Instances 1/kroD100_08.gt,99,20000.0,86400.0,PTVRP_LAYERED_SAFE,23792.0,1,1,0.0017,1,1,1,99,1.0,,0,0,0,0,0,0,
Instances/Instances 1/kroD100_09.gt,99,50000.0,86400.0,PTVRP_LAYERED_SAFE,23792.0,1,1,0.0017,1,1,1,99,1.0,,0,0,0,0,0,0,
Instances/Instances 1/kroD100_10.gt,99,100000.0,86400.0,PTVRP_LAYERED_SAFE,23792.0,1,1,0.0018,1,1,1,99,1.0,,0,0,0,0,0,0,
Instances/Instances 1/kroE100_01.gt,99,100.0,86400.0,PTVRP_LAYERED_SAFE,86110.0,27,2,0.0018,26,11,2,789,7.9697,,0,0,74,0,0,0,
Instances/Instances 1/kroE100_02.gt,99,200.0,86400.0,PTVRP_LAYERED_SAFE,53184.0,14,1,0.0019,13,7,1,480,4.84848,,0,0,22,0,0,0,
Instances/Instances 1/kroE100_03.gt,99,500.0,86400.0,PTVRP_LAYERED_SAFE,33160.0,6,1,0.0019,5,4,1,273,2.75758,,0,0,0,0,0,0,
Instances/Instances 1/kroE100_04.gt,99,1000.0,86400.0,PTVRP_LAYERED_SAFE,26063.0,3,1,0.0017,3,3,1,174,1.75758,,0,0,0,0,0,0,
Instances/Instances 1/kroE100_05.gt,99,2000.0,86400.0,PTVRP_LAYERED_SAFE,25287.0,2,1,0.0016,2,2,1,131,1.32323,,0,0,0,0,0,0,
Instances/Instances 1/kroE100_06.gt,99,5000.0,86400.0,PTVRP_LAYERED_SAFE,24552.0,1,1,0.0017,1,1,1,99,1.0,,0,0,0,0,0,0,
Instances/Instances 1/kroE100_07.gt,99,10000.0,86400.0,PTVRP_LAYERED_SAFE,24552.0,1,1,0.0016,1,1,1,99,1.0,,0,0,0,0,0,0,
Instances/Instances 1/kroE100_08.gt,99,20000.0,86400.0,PTVRP_LAYERED_SAFE,24552.0,1,1,0.0016,1,1,1,99,1.0,,0,0,0,0,0,0,
Instances/Instances 1/kroE100_09.gt,99,50000.0,86400.0,PTVRP_LAYERED_SAFE,24552.0,1,1,0.0016,1,1,1,99,1.0,,0,0,0,0,0,0,
Instances/Instances 1/kroE100_10.gt,99,100000.0,86400.0,PTVRP_LAYERED_SAFE,24552.0,1,1,0.0015,1,1,1,99,1.0,,0,0,0,0,0,0,
Instances/Instances 1/kz9976_01.gt,9975,100.0,86400.0,PTVRP_LAYERED_SAFE,53922029.0,1712,5,0.0158,2525,15,6,71170,7.13484,,0,0,82441,0,0,0,
Instances/Instances 1/kz9976_02.gt,9975,200.0,86400.0,PTVRP_LAYERED_SAFE,26996117.0,1048,4,0.0126,1268,11,5,59426,5.95749,,0,0,106799,0,0,0,
Instances/Instances 1/kz9976_03.gt,9975,500.0,86400.0,PTVRP_LAYERED_SAFE,11392172.0,517,2,0.0102,512,7,4,44634,4.47459,,0,0,112217,0,0,0,
Instances/Instances 1/kz9976_04.gt,9975,1000.0,86400.0,PTVRP_LAYERED_SAFE,6041162.0,260,1,0.0087,253,5,2,34414,3.45003,,0,0,97540,0,0,0,
Instances/Instances 1/kz9976_05.gt,9975,2000.0,86400.0,PTVRP_LAYERED_SAFE,3572025.0,133,1,0.0076,129,4,1,26504,2.65704,,0,0,79731,0,0,0,
Instances/Instances 1/kz9976_06.gt,9975,5000.0,86400.0,PTVRP_LAYERED_SAFE,2020775.0,52,1,0.007,51,2,1,19198,1.92461,,0,0,106820,0,0,0,
Instances/Instances 1/kz9976_07.gt,9975,10000.0,86400.0,PTVRP_LAYERED_SAFE,1523406.0,27,1,0.0062,26,2,1,11385,1.14135,,0,0,6978,0,0,0,
Instances/Instances 1/kz9976_08.gt,9975,20000.0,86400.0,PTVRP_LAYERED_SAFE,1339347.0,18,1,0.0067,13,1,1,9975,1.0,,0,0,92711,0,0,0,
Instances/Instances 1/kz9976_09.gt,9975,50000.0,86400.0,PTVRP_LAYERED_SAFE,1338578.0,18,1,0.0063,6,1,1,9975,1.0,,0,0,116096,0,0,0,
Instances/Instances 1/kz9976_10.gt,9975,100000.0,86400.0,PTVRP_LAYERED_SAFE,1338578.0,18,1,0.0065,3,1,1,9975,1.0,,0,0,116096,0,0,0,
Instances/Instances 1/lin105_01.gt,104,100.0,86400.0,PTVRP_LAYERED_SAFE,60512.0,31,2,0.0018,28,14,2,1056,10.1538,,0,0,81,0,0,0,
Instances/Instances 1/lin105_02.gt,104,200.0,86400.0,PTVRP_LAYERED_SAFE,38095.0,15,2,0.0019,14,10,2,644,6.19231,,0,0,36,0,0,0,
Instances/Instances 1/lin105_03.gt,104,500.0,86400.0,PTVRP_LAYERED_SAFE,21949.0,6,1,0.0018,5,5,1,316,3.03846,,0,0,0,0,0,0,
Instances/Instances 1/lin105_04.gt,104,1000.0,86400.0,PTVRP_LAYERED_SAFE,18166.0,4,1,0.0017,3,3,1,196,1.88462,,0,0,0,0,0,0,
Instances/Instances 1/lin105_05.gt,104,2000.0,86400.0,PTVRP_LAYERED_SAFE,17033.0,2,1,0.0017,2,2,1,127,1.22115,,0,0,0,0,0,0,
Instances/Instances 1/lin105_06.gt,104,5000.0,86400.0,PTVRP_LAYERED_SAFE,17033.0,2,1,0.0018,1,1,1,104,1.0,,0,0,0,0,0,0,
Instances/Instances 1/lin105_07.gt,104,10000.0,86400.0,PTVRP_LAYERED_SAFE,17033.0,2,1,0.0016,1,1,1,104,1.0,,0,0,0,0,0,0,
Instances/Instances 1/lin105_08.gt,104,20000.0,86400.0,PTVRP_LAYERED_SAFE,17033.0,2,1,0.0017,1,1,1,104,1.0,,0,0,0,0,0,0,
Instances/Instances 1/lin105_09.gt,104,50000.0,86400.0,PTVRP_LAYERED_SAFE,17033.0,2,1,0.0015,1,1,1,104,1.0,,0,0,0,0,0,0,
Instances/Instances 1/lin105_10.gt,104,100000.0,86400.0,PTVRP_LAYERED_SAFE,17033.0,2,1,0.0016,1,1,1,104,1.0,,0,0,0,0,0,0,
Instances/Instances 1/lin318_01.gt,317,100.0,86400.0,PTVRP_LAYERED_SAFE,270492.0,77,2,0.0022,82,14,3,3573,11.2713,,0,0,586,0,0,0,
Instances/Instances 1/lin318_02.gt,317,200.0,86400.0,PTVRP_LAYERED_SAFE,144461.0,42,1,0.002,38,10,2,2386,7.52681,,0,0,286,0,0,0,
Instances/Instances 1/lin318_03.gt,317,500.0,86400.0,PTVRP_LAYERED_SAFE,82401.0,19,1,0.0019,17,6,1,1526,4.81388,,0,0,112,0,0,0,
Instances/Instances 1/lin318_04.gt,317,1000.0,86400.0,PTVRP_LAYERED_SAFE,60046.0,10,1,0.002,8,4,1,1024,3.23028,,0,0,6,0,0,0,
Instances/Instances 1/lin318_05.gt,317,2000.0,86400.0,PTVRP_LAYERED_SAFE,51204.0,5,1,0.0019,4,3,1,711,2.2429,,0,0,0,0,0,0,
Instances/Instances 1/lin318_06.gt,317,5000.0,86400.0,PTVRP_LAYERED_SAFE,46049.0,2,1,0.0018,2,2,1,436,1.37539,,0,0,0,0,0,0,
Instances/Instances 1/lin318_07.gt,317,10000.0,86400.0,PTVRP_LAYERED_SAFE,46049.0,2,1,0.0018,1,1,1,317,1.0,,0,0,0,0,0,0,
Instances/Instances 1/lin318_08.gt,317,20000.0,86400.0,PTVRP_LAYERED_SAFE,46049.0,2,1,0.0019,1,1,1,317,1.0,,0,0,0,0,0,0,
Instances/Instances 1/lin318_09.gt,317,50000.0,86400.0,PTVRP_LAYERED_SAFE,46049.0,2,1,0.0017,1,1,1,317,1.0,,0,0,0,0,0,0,
Instances/Instances 1/lin318_10.gt,317,100000.0,86400.0,PTVRP_LAYERED_SAFE,46049.0,2,1,0.0017,1,1,1,317,1.0,,0,0,0,0,0,0,
Instances/Instances 1/linhp318_01.gt,317,100.0,86400.0,PTVRP_LAYERED_SAFE,281713.0,86,2,0.0021,84,15,4,3637,11.4732,,0,0,537,0,0,0,
Instances/Instances 1/linhp318_02.gt,317,200.0,86400.0,PTVRP_LAYERED_SAFE,153902.0,46,1,0.002,42,10,2,2533,7.99054,,0,0,268,0,0,0,
Instances/Instances 1/linhp318_03.gt,317,500.0,86400.0,PTVRP_LAYERED_SAFE,84379.0,21,1,0.0019,17,6,1,1619,5.10726,,0,0,160,0,0,0,
Instances/Instances 1/linhp318_04.gt,317,1000.0,86400.0,PTVRP_LAYERED_SAFE,60788.0,11,1,0.0018,8,4,1,1034,3.26183,,0,0,0,0,0,0,
Instances/Instances 1/linhp318_05.gt,317,2000.0,86400.0,PTVRP_LAYERED_SAFE,49996.0,5,1,0.0018,4,3,1,713,2.24921,,0,0,0,0,0,0,
Instances/Instances 1/linhp318_06.gt,317,5000.0,86400.0,PTVRP_LAYERED_SAFE,46168.0,2,1,0.0017,2,2,1,434,1.36909,,0,0,0,0,0,0,
Instances/Instances 1/linhp318_07.gt,317,10000.0,86400.0,PTVRP_LAYERED_SAFE,46168.0,2,1,0.0016,1,1,1,317,1.0,,0,0,0,0,0,0,
Instances/Instances 1/linhp318_08.gt,317,20000.0,86400.0,PTVRP_LAYERED_SAFE,46168.0,2,1,0.0017,1,1,1,317,1.0,,0,0,0,0,0,0,
Instances/Instances 1/linhp318_09.gt,317,50000.0,86400.0,PTVRP_LAYERED_SAFE,46168.0,2,1,0.0017,1,1,1,317,1.0,,0,0,0,0,0,0,
Instances/Instances 1/linhp318_10.gt,317,100000.0,86400.0,PTVRP_LAYERED_SAFE,46168.0,2,1,0.0017,1,1,1,317,1.0,,0,0,0,0,0,0,
Instances/Instances 1/lu980_01.gt,979,100.0,86400.0,PTVRP_LAYERED_SAFE,136841.0,205,3,0.0044,258,47,4,37737,38.5465,,0,0,3389,0,0,0,
Instances/Instances 1/lu980_02.gt,979,200.0,86400.0,PTVRP_LAYERED_SAFE,68580.0,127,2,0.0036,122,31,3,25077,25.6149,,0,0,1632,0,0,0,
Instances/Instances 1/lu980_03.gt,979,500.0,86400.0,PTVRP_LAYERED_SAFE,34251.0,54,1,0.0028,51,20,1,15102,15.4259,,0,0,685,0,0,0,
Instances/Instances 1/lu980_04.gt,979,1000.0,86400.0,PTVRP_LAYERED_SAFE,22180.0,27,1,0.0026,26,14,1,9774,9.98366,,0,0,56,0,0,0,
Instances/Instances 1/lu980_05.gt,979,2000.0,86400.0,PTVRP_LAYERED_SAFE,16388.0,15,1,0.0023,13,10,1,6208,6.34116,,0,0,62,0,0,0,
Instances/Instances 1/lu980_06.gt,979,5000.0,86400.0,PTVRP_LAYERED_SAFE,13150.0,6,1,0.002,5,5,1,2959,3.02247,,0,0,0,0,0,0,
Instances/Instances 1/lu980_07.gt,979,10000.0,86400.0,PTVRP_LAYERED_SAFE,12225.0,3,1,0.002,3,3,1,1723,1.75996,,0,0,0,0,0,0,
Instances/Instances 1/lu980_08.gt,979,20000.0,86400.0,PTVRP_LAYERED_SAFE,11920.0,2,1,0.0019,2,2,1,1161,1.1859,,0,0,0,0,0,0,
Instances/Instances 1/lu980_09.gt,979,50000.0,86400.0,PTVRP_LAYERED_SAFE,11919.0,1,1,0.0019,1,1,1,979,1.0,,0,0,0,0,0,0,
Instances/Instances 1/lu980_10.gt,979,100000.0,86400.0,PTVRP_LAYERED_SAFE,11919.0,1,1,0.002,1,1,1,979,1.0,,0,0,0,0,0,0,
Instances/Instances 1/mo14185_01.gt,14184,100.0,86400.0,PTVRP_LAYERED_SAFE,19646765.0,1993,6,0.0292,3631,29,9,267466,18.8569,,0,0,219603,0,0,0,
Instances/Instances 1/mo14185_02.gt,14184,200.0,86400.0,PTVRP_LAYERED_SAFE,9961714.0,1434,4,0.0241,1815,21,6,210744,14.8579,,1,0,224055,0,0,0,
Instances/Instances 1/mo14185_03.gt,14184,500.0,86400.0,PTVRP_LAYERED_SAFE,4148566.0,723,2,0.0179,722,14,3,146334,10.3168,,0,0,132650,0,0,0,
Instances/Instances 1/mo14185_04.gt,14184,1000.0,86400.0,PTVRP_LAYERED_SAFE,2271048.0,372,1,0.0147,364,10,3,109196,7.69853,,0,0,66037,0,0,0,
Instances/Instances 1/mo14185_05.gt,14184,2000.0,86400.0,PTVRP_LAYERED_SAFE,1342638.0,189,1,0.0134,183,7,2,79698,5.61887,,0,0,30975,0,0,0,
Instances/Instances 1/mo14185_06.gt,14184,5000.0,86400.0,PTVRP_LAYERED_SAFE,784414.0,75,1,0.0114,73,4,1,51556,3.6348,,0,0,6986,0,0,0,
Instances/Instances 1/mo14185_07.gt,14184,10000.0,86400.0,PTVRP_LAYERED_SAFE,603241.0,40,1,0.0092,37,3,1,37467,2.6415,,0,0,2118,0,0,0,
Instances/Instances 1/mo14185_08.gt,14184,20000.0,86400.0,PTVRP_LAYERED_SAFE,514688.0,20,1,0.0084,19,2,1,27585,1.9448,,0,0,5246,0,0,0,
Instances/Instances 1/mo14185_09.gt,14184,50000.0,86400.0,PTVRP_LAYERED_SAFE,463398.0,9,1,0.0076,8,1,1,14184,1.0,,0,0,0,0,0,0,
Instances/Instances 1/mo14185_10.gt,14184,100000.0,86400.0,PTVRP_LAYERED_SAFE,455029.0,7,1,0.0074,4,1,1,14184,1.0,,0,0,38423,0,0,0,
Instances/Instances 1/mu1979_01.gt,1978,100.0,86400.0,PTVRP_LAYERED_SAFE,2177670.0,311,7,0.0055,497,31,7,39433,19.9358,,0,0,18031,0,0,0,
Instances/Instances 1/mu1979_02.gt,1978,200.0,86400.0,PTVRP_LAYERED_SAFE,1127695.0,231,4,0.0048,255,23,6,29801,15.0662,,1,0,15894,0,0,0,
Instances/Instances 1/mu1979_03.gt,1978,500.0,86400.0,PTVRP_LAYERED_SAFE,503808.0,107,2,0.0038,103,14,4,19689,9.95399,,0,0,9036,0,0,0,
Instances/Instances 1/mu1979_04.gt,1978,1000.0,86400.0,PTVRP_LAYERED_SAFE,281013.0,52,1,0.0033,50,9,2,13612,6.8817,,0,0,3658,0,0,0,
Instances/Instances 1/mu1979_05.gt,1978,2000.0,86400.0,PTVRP_LAYERED_SAFE,185137.0,27,1,0.0032,26,7,2,9831,4.97017,,0,0,963,0,0,0,
Instances/Instances 1/mu1979_06.gt,1978,5000.0,86400.0,PTVRP_LAYERED_SAFE,125279.0,12,1,0.0035,11,4,1,6272,3.17088,,0,0,326,0,0,0,
Instances/Instances 1/mu1979_07.gt,1978,10000.0,86400.0,PTVRP_LAYERED_SAFE,109386.0,6,1,0.0025,5,3,1,4509,2.27958,,0,0,37,0,0,0,
Instances/Instances 1/mu1979_08.gt,1978,20000.0,86400.0,PTVRP_LAYERED_SAFE,101983.0,4,1,0.0024,3,2,1,3167,1.60111,,0,0,142,0,0,0,
Instances/Instances 1/mu1979_09.gt,1978,50000.0,86400.0,PTVRP_LAYERED_SAFE,101151.0,2,1,0.0023,2,1,1,1978,1.0,,0,0,0,0,0,0,
Instances/Instances 1/mu1979_10.gt,1978,100000.0,86400.0,PTVRP_LAYERED_SAFE,101151.0,2,1,0.0024,1,1,1,1978,1.0,,0,0,5,0,0,0,
Instances/Instances 1/nrw1379_01.gt,1378,100.0,86400.0,PTVRP_LAYERED_SAFE,626327.0,300,3,0.0045,349,25,5,28015,20.3302,,0,0,4142,0,0,0,
Instances/Instances 1/nrw1379_02.gt,1378,200.0,86400.0,PTVRP_LAYERED_SAFE,331275.0,184,2,0.0038,175,18,3,20163,14.6321,,0,0,2328,0,0,0,
Instances/Instances 1/nrw1379_03.gt,1378,500.0,86400.0,PTVRP_LAYERED_SAFE,165379.0,75,1,0.003,72,11,2,12950,9.39768,,0,0,1168,0,0,0,
Instances/Instances 1/nrw1379_04.gt,1378,1000.0,86400.0,PTVRP_LAYERED_SAFE,108128.0,39,1,0.0029,36,8,1,8950,6.49492,,0,0,497,0,0,0,
Instances/Instances 1/nrw1379_05.gt,1378,2000.0,86400.0,PTVRP_LAYERED_SAFE,80183.0,20,1,0.0026,18,6,1,6205,4.5029,,0,0,319,0,0,0,
Instances/Instances 1/nrw1379_06.gt,1378,5000.0,86400.0,PTVRP_LAYERED_SAFE,64536.0,10,1,0.0022,7,3,1,3569,2.58999,,0,0,0,0,0,0,
Instances/Instances 1/nrw1379_07.gt,1378,10000.0,86400.0,PTVRP_LAYERED_SAFE,60155.0,5,1,0.002,4,2,1,2354,1.70827,,0,0,0,0,0,0,
Instances/Instances 1/nrw1379_08.gt,1378,20000.0,86400.0,PTVRP_LAYERED_SAFE,59232.0,3,1,0.002,2,2,1,1990,1.44412,,0,0,0,0,0,0,
Instances/Instances 1/nrw1379_09.gt,1378,50000.0,86400.0,PTVRP_LAYERED_SAFE,58840.0,2,1,0.0019,1,1,1,1378,1.0,,0,0,0,0,0,0,
Instances/Instances 1/nrw1379_10.gt,1378,100000.0,86400.0,PTVRP_LAYERED_SAFE,58840.0,2,1,0.002,1,1,1,1378,1.0,,0,0,0,0,0,0,
Instances/Instances 1/nu3496_01.gt,3495,100.0,86400.0,PTVRP_LAYERED_SAFE,2096506.0,618,5,0.0093,887,34,8,86354,24.7079,,0,0,29916,0,0,0,
Instances/Instances 1/nu3496_02.gt,3495,200.0,86400.0,PTVRP_LAYERED_SAFE,1083302.0,412,3,0.0078,442,26,4,62882,17.992,,0,0,20574,0,0,0,
Instances/Instances 1/nu3496_03.gt,3495,500.0,86400.0,PTVRP_LAYERED_SAFE,477097.0,185,1,0.0057,176,16,2,40554,11.6034,,0,0,10056,0,0,0,
Instances/Instances 1/nu3496_04.gt,3495,1000.0,86400.0,PTVRP_LAYERED_SAFE,283052.0,94,1,0.0046,89,11,1,28953,8.28412,,0,0,4357,0,0,0,
Instances/Instances 1/nu3496_05.gt,3495,2000.0,86400.0,PTVRP_LAYERED_SAFE,187401.0,48,1,0.004,45,8,1,20276,5.80143,,0,0,2883,0,0,0,
Instances/Instances 1/nu3496_06.gt,3495,5000.0,86400.0,PTVRP_LAYERED_SAFE,127127.0,20,1,0.0035,18,5,1,12221,3.49671,,0,0,763,0,0,0,
Instances/Instances 1/nu3496_07.gt,3495,10000.0,86400.0,PTVRP_LAYERED_SAFE,110055.0,11,1,0.0032,9,3,1,8605,2.46209,,0,0,136,0,0,0,
Instances/Instances 1/nu3496_08.gt,3495,20000.0,86400.0,PTVRP_LAYERED_SAFE,100794.0,6,1,0.0032,5,2,1,6194,1.77225,,0,0,0,0,0,0,
Instances/Instances 1/nu3496_09.gt,3495,50000.0,86400.0,PTVRP_LAYERED_SAFE,97414.0,2,1,0.0029,2,1,1,3495,1.0,,0,0,0,0,0,0,
Instances/Instances 1/nu3496_10.gt,3495,100000.0,86400.0,PTVRP_LAYERED_SAFE,97408.0,2,1,0.0031,1,1,1,3495,1.0,,0,0,62,0,0,0,
Instances/Instances 1/p654_01.gt,653,100.0,86400.0,PTVRP_LAYERED_SAFE,894357.0,92,6,0.0029,166,22,8,10586,16.2113,,0,0,8313,0,0,0,
Instances/Instances 1/p654_02.gt,653,200.0,86400.0,PTVRP_LAYERED_SAFE,444127.0,71,2,0.0028,80,17,5,7747,11.8637,,0,0,5438,0,0,0,
Instances/Instances 1/p654_03.gt,653,500.0,86400.0,PTVRP_LAYERED_SAFE,207237.0,33,2,0.0025,35,11,3,5127,7.85145,,0,0,2610,0,0,0,
Instances/Instances 1/p654_04.gt,653,1000.0,86400.0,PTVRP_LAYERED_SAFE,116082.0,18,1,0.0021,17,8,2,3312,5.07198,,0,0,1002,0,0,0,
Instances/Instances 1/p654_05.gt,653,2000.0,86400.0,PTVRP_LAYERED_SAFE,74787.0,9,1,0.0019,9,5,1,2199,3.36753,,0,0,208,0,0,0,
Instances/Instances 1/p654_06.gt,653,5000.0,86400.0,PTVRP_LAYERED_SAFE,47469.0,4,1,0.0018,4,3,1,1402,2.14701,,0,0,3,0,0,0,
Instances/Instances 1/p654_07.gt,653,10000.0,86400.0,PTVRP_LAYERED_SAFE,40143.0,2,1,0.0019,2,2,1,937,1.43492,,0,0,0,0,0,0,
Instances/Instances 1/p654_08.gt,653,20000.0,86400.0,PTVRP_LAYERED_SAFE,39899.0,1,1,0.0018,1,1,1,653,1.0,,0,0,0,0,0,0,
Instances/Instances 1/p654_09.gt,653,50000.0,86400.0,PTVRP_LAYERED_SAFE,39899.0,1,1,0.0018,1,1,1,653,1.0,,0,0,0,0,0,0,
Instances/Instances 1/p654_10.gt,653,100000.0,86400.0,PTVRP_LAYERED_SAFE,39899.0,1,1,0.0017,1,1,1,653,1.0,,0,0,0,0,0,0,
Instances/Instances 1/pcb1173_01.gt,1172,100.0,86400.0,PTVRP_LAYERED_SAFE,614012.0,264,3,0.004,300,22,4,22055,18.8183,,0,0,3769,0,0,0,
Instances/Instances 1/pcb1173_02.gt,1172,200.0,86400.0,PTVRP_LAYERED_SAFE,329516.0,155,2,0.0033,149,16,2,15679,13.378,,0,0,2216,0,0,0,
Instances/Instances 1/pcb1173_03.gt,1172,500.0,86400.0,PTVRP_LAYERED_SAFE,160266.0,64,1,0.0029,60,10,2,9894,8.44198,,0,0,686,0,0,0,
Instances/Instances 1/pcb1173_04.gt,1172,1000.0,86400.0,PTVRP_LAYERED_SAFE,104941.0,32,1,0.0025,30,7,1,6853,5.84727,,0,0,328,0,0,0,
Instances/Instances 1/pcb1173_05.gt,1172,2000.0,86400.0,PTVRP_LAYERED_SAFE,78742.0,18,1,0.0023,15,5,1,4944,4.21843,,0,0,408,0,0,0,
Instances/Instances 1/pcb1173_06.gt,1172,5000.0,86400.0,PTVRP_LAYERED_SAFE,64331.0,7,1,0.0021,6,3,1,2920,2.49147,,0,0,0,0,0,0,
Instances/Instances 1/pcb1173_07.gt,1172,10000.0,86400.0,PTVRP_LAYERED_SAFE,61295.0,4,1,0.0021,3,2,1,1965,1.67662,,0,0,0,0,0,0,
Instances/Instances 1/pcb1173_08.gt,1172,20000.0,86400.0,PTVRP_LAYERED_SAFE,59749.0,2,1,0.002,2,2,1,1550,1.32253,,0,0,0,0,0,0,
Instances/Instances 1/pcb1173_09.gt,1172,50000.0,86400.0,PTVRP_LAYERED_SAFE,59707.0,1,1,0.0021,1,1,1,1172,1.0,,0,0,0,0,0,0,
Instances/Instances 1/pcb1173_10.gt,1172,100000.0,86400.0,PTVRP_LAYERED_SAFE,59707.0,1,1,0.002,1,1,1,1172,1.0,,0,0,0,0,0,0,
Instances/Instances 1/pcb3038_01.gt,3037,100.0,86400.0,PTVRP_LAYERED_SAFE,2291713.0,574,4,0.0086,773,23,5,56184,18.4998,,0,0,17533,0,0,0,
Instances/Instances 1/pcb3038_02.gt,3037,200.0,86400.0,PTVRP_LAYERED_SAFE,1201573.0,382,2,0.0063,386,16,3,41295,13.5973,,0,0,11145,0,0,0,
Instances/Instances 1/pcb3038_03.gt,3037,500.0,86400.0,PTVRP_LAYERED_SAFE,544419.0,162,1,0.0053,155,10,2,26831,8.83471,,0,0,4711,0,0,0,
Instances/Instances 1/pcb3038_04.gt,3037,1000.0,86400.0,PTVRP_LAYERED_SAFE,333787.0,82,1,0.004,78,7,1,19685,6.48173,,0,0,3520,0,0,0,
Instances/Instances 1/pcb3038_05.gt,3037,2000.0,86400.0,PTVRP_LAYERED_SAFE,230461.0,42,1,0.0042,39,5,1,14256,4.69411,,0,0,1578,0,0,0,
Instances/Instances 1/pcb3038_06.gt,3037,5000.0,86400.0,PTVRP_LAYERED_SAFE,171682.0,18,1,0.0033,16,3,1,8517,2.80441,,0,0,0,0,0,0,
Instances/Instances 1/pcb3038_07.gt,3037,10000.0,86400.0,PTVRP_LAYERED_SAFE,152925.0,10,1,0.0031,8,2,1,5683,1.87125,,0,0,0,0,0,0,
Instances/Instances 1/pcb3038_08.gt,3037,20000.0,86400.0,PTVRP_LAYERED_SAFE,144169.0,5,1,0.003,4,2,1,5272,1.73592,,0,0,16,0,0,0,
Instances/Instances 1/pcb3038_09.gt,3037,50000.0,86400.0,PTVRP_LAYERED_SAFE,142509.0,3,1,0.003,2,1,1,3037,1.0,,0,0,91,0,0,0,
Instances/Instances 1/pcb3038_10.gt,3037,100000.0,86400.0,PTVRP_LAYERED_SAFE,142509.0,3,1,0.0028,1,1,1,3037,1.0,,0,0,91,0,0,0,
Instances/Instances 1/pcb442_01.gt,441,100.0,86400.0,PTVRP_LAYERED_SAFE,343207.0,112,3,0.0023,108,14,3,5110,11.5873,,0,0,709,0,0,0,
Instances/Instances 1/pcb442_02.gt,441,200.0,86400.0,PTVRP_LAYERED_SAFE,195366.0,59,2,0.0021,56,10,2,3748,8.49887,,0,0,407,0,0,0,
Instances/Instances 1/pcb442_03.gt,441,500.0,86400.0,PTVRP_LAYERED_SAFE,103872.0,25,1,0.002,23,6,1,2309,5.23583,,0,0,162,0,0,0,
Instances/Instances 1/pcb442_04.gt,441,1000.0,86400.0,PTVRP_LAYERED_SAFE,76065.0,12,1,0.0017,11,4,1,1525,3.45805,,0,0,0,0,0,0,
Instances/Instances 1/pcb442_05.gt,441,2000.0,86400.0,PTVRP_LAYERED_SAFE,62444.0,7,1,0.0017,6,3,1,1084,2.45805,,0,0,0,0,0,0,
Instances/Instances 1/pcb442_06.gt,441,5000.0,86400.0,PTVRP_LAYERED_SAFE,56982.0,3,1,0.0017,3,2,1,694,1.5737,,0,0,0,0,0,0,
Instances/Instances 1/pcb442_07.gt,441,10000.0,86400.0,PTVRP_LAYERED_SAFE,55551.0,2,1,0.0017,2,1,1,441,1.0,,0,0,0,0,0,0,
Instances/Instances 1/pcb442_08.gt,441,20000.0,86400.0,PTVRP_LAYERED_SAFE,55035.0,1,1,0.0017,1,1,1,441,1.0,,0,0,0,0,0,0,
Instances/Instances 1/pcb442_09.gt,441,50000.0,86400.0,PTVRP_LAYERED_SAFE,55035.0,1,1,0.0018,1,1,1,441,1.0,,0,0,0,0,0,0,
Instances/Instances 1/pcb442_10.gt,441,100000.0,86400.0,PTVRP_LAYERED_SAFE,55035.0,1,1,0.0017,1,1,1,441,1.0,,0,0,0,0,0,0,
Instances/Instances 1/pm8079_01.gt,8078,100.0,86400.0,PTVRP_LAYERED_SAFE,4492596.0,1214,7,0.023,2069,47,9,264866,32.7886,,0,0,118026,0,0,0,
Instances/Instances 1/pm8079_02.gt,8078,200.0,86400.0,PTVRP_LAYERED_SAFE,2293687.0,830,5,0.0214,1038,33,5,197723,24.4767,,0,0,94157,0,0,0,
Instances/Instances 1/pm8079_03.gt,8078,500.0,86400.0,PTVRP_LAYERED_SAFE,959042.0,417,2,0.0147,409,20,3,129080,15.9792,,0,0,44903,0,0,0,
Instances/Instances 1/pm8079_04.gt,8078,1000.0,86400.0,PTVRP_LAYERED_SAFE,531809.0,212,1,0.0109,206,14,2,92931,11.5042,,0,0,22853,0,0,0,
Instances/Instances 1/pm8079_05.gt,8078,2000.0,86400.0,PTVRP_LAYERED_SAFE,318227.0,107,1,0.0088,103,10,1,66278,8.20475,,0,0,11170,0,0,0,
Instances/Instances 1/pm8079_06.gt,8078,5000.0,86400.0,PTVRP_LAYERED_SAFE,192355.0,45,1,0.0073,42,6,1,41201,5.1004,,0,0,2315,0,0,0,
Instances/Instances 1/pm8079_07.gt,8078,10000.0,86400.0,PTVRP_LAYERED_SAFE,151902.0,22,1,0.0061,21,4,1,28596,3.53999,,0,0,1893,0,0,0,
Instances/Instances 1/pm8079_08.gt,8078,20000.0,86400.0,PTVRP_LAYERED_SAFE,132448.0,12,1,0.0059,11,3,1,20474,2.53454,,0,0,439,0,0,0,
Instances/Instances 1/pm8079_09.gt,8078,50000.0,86400.0,PTVRP_LAYERED_SAFE,119944.0,5,1,0.0054,5,2,1,14213,1.75947,,0,0,0,0,0,0,
Instances/Instances 1/pm8079_10.gt,8078,100000.0,86400.0,PTVRP_LAYERED_SAFE,116736.0,3,1,0.0047,3,1,1,8078,1.0,,0,0,0,0,0,0,
Instances/Instances 1/pr1002_01.gt,1001,100.0,86400.0,PTVRP_LAYERED_SAFE,2942522.0,220,3,0.003,264,10,4,7289,7.28172,,0,0,3989,0,0,0,
Instances/Instances 1/pr1002_02.gt,1001,200.0,86400.0,PTVRP_LAYERED_SAFE,1484090.0,130,2,0.0033,126,7,2,5411,5.40559,,0,0,2985,0,0,0,
Instances/Instances 1/pr1002_03.gt,1001,500.0,86400.0,PTVRP_LAYERED_SAFE,747933.0,57,1,0.0024,53,5,1,3748,3.74426,,0,0,1951,0,0,0,
Instances/Instances 1/pr1002_04.gt,1001,1000.0,86400.0,PTVRP_LAYERED_SAFE,482853.0,28,1,0.0025,26,3,1,2766,2.76324,,0,0,1342,0,0,0,
Instances/Instances 1/pr1002_05.gt,1001,2000.0,86400.0,PTVRP_LAYERED_SAFE,364862.0,14,1,0.0021,13,2,1,1916,1.91409,,0,0,71,0,0,0,
Instances/Instances 1/pr1002_06.gt,1001,5000.0,86400.0,PTVRP_LAYERED_SAFE,296228.0,6,1,0.0021,6,1,1,1001,1.0,,0,0,0,0,0,0,
Instances/Instances 1/pr1002_07.gt,1001,10000.0,86400.0,PTVRP_LAYERED_SAFE,283439.0,4,1,0.0019,3,1,1,1001,1.0,,0,0,210,0,0,0,
Instances/Instances 1/pr1002_08.gt,1001,20000.0,86400.0,PTVRP_LAYERED_SAFE,283439.0,4,1,0.0021,2,1,1,1001,1.0,,0,0,210,0,0,0,
Instances/Instances 1/pr1002_09.gt,1001,50000.0,86400.0,PTVRP_LAYERED_SAFE,283439.0,4,1,0.0021,1,1,1,1001,1.0,,0,0,210,0,0,0,
Instances/Instances 1/pr1002_10.gt,1001,100000.0,86400.0,PTVRP_LAYERED_SAFE,283439.0,4,1,0.0019,1,1,1,1001,1.0,,0,0,210,0,0,0,
Instances/Instances 1/pr107_01.gt,106,100.0,86400.0,PTVRP_LAYERED_SAFE,315817.0,29,3,0.0019,28,9,3,591,5.57547,,0,0,197,0,0,0,
Instances/Instances 1/pr107_02.gt,106,200.0,86400.0,PTVRP_LAYERED_SAFE,176802.0,17,1,0.0016,14,6,2,419,3.95283,,0,0,183,0,0,0,
Instances/Instances 1/pr107_03.gt,106,500.0,86400.0,PTVRP_LAYERED_SAFE,88082.0,7,1,0.0018,6,3,1,259,2.4434,,0,0,53,0,0,0,
Instances/Instances 1/pr107_04.gt,106,1000.0,86400.0,PTVRP_LAYERED_SAFE,64305.0,3,1,0.0018,3,2,1,168,1.58491,,0,0,0,0,0,0,
Instances/Instances 1/pr107_05.gt,106,2000.0,86400.0,PTVRP_LAYERED_SAFE,52505.0,3,1,0.0015,2,2,1,139,1.31132,,0,0,10,0,0,0,
Instances/Instances 1/pr107_06.gt,106,5000.0,86400.0,PTVRP_LAYERED_SAFE,50502.0,2,1,0.0015,1,1,1,106,1.0,,0,0,0,0,0,0,
Instances/Instances 1/pr107_07.gt,106,10000.0,86400.0,PTVRP_LAYERED_SAFE,50502.0,2,1,0.0015,1,1,1,106,1.0,,0,0,0,0,0,0,
Instances/Instances 1/pr107_08.gt,106,20000.0,86400.0,PTVRP_LAYERED_SAFE,50502.0,2,1,0.0018,1,1,1,106,1.0,,0,0,0,0,0,0,
Instances/Instances 1/pr107_09.gt,106,50000.0,86400.0,PTVRP_LAYERED_SAFE,50502.0,2,1,0.0015,1,1,1,106,1.0,,0,0,0,0,0,0,
Instances/Instances 1/pr107_10.gt,106,100000.0,86400.0,PTVRP_LAYERED_SAFE,50502.0,2,1,0.0016,1,1,1,106,1.0,,0,0,0,0,0,0,
Instances/Instances 1/pr124_01.gt,123,100.0,86400.0,PTVRP_LAYERED_SAFE,323864.0,30,3,0.002,30,8,3,640,5.20325,,0,0,202,0,0,0,
Instances/Instances 1/pr124_02.gt,123,200.0,86400.0,PTVRP_LAYERED_SAFE,194567.0,17,2,0.0021,16,6,2,469,3.81301,,0,0,190,0,0,0,
Instances/Instances 1/pr124_03.gt,123,500.0,86400.0,PTVRP_LAYERED_SAFE,98181.0,7,1,0.0018,6,3,1,288,2.34146,,0,0,119,0,0,0,
Instances/Instances 1/pr124_04.gt,123,1000.0,86400.0,PTVRP_LAYERED_SAFE,83325.0,4,1,0.0019,4,2,1,210,1.70732,,0,0,0,0,0,0,
Instances/Instances 1/pr124_05.gt,123,2000.0,86400.0,PTVRP_LAYERED_SAFE,71966.0,2,1,0.002,2,2,1,152,1.23577,,0,0,47,0,0,0,
Instances/Instances 1/pr124_06.gt,123,5000.0,86400.0,PTVRP_LAYERED_SAFE,66676.0,1,1,0.0019,1,1,1,123,1.0,,0,0,0,0,0,0,
Instances/Instances 1/pr124_07.gt,123,10000.0,86400.0,PTVRP_LAYERED_SAFE,66676.0,1,1,0.0017,1,1,1,123,1.0,,0,0,0,0,0,0,
Instances/Instances 1/pr124_08.gt,123,20000.0,86400.0,PTVRP_LAYERED_SAFE,66676.0,1,1,0.0016,1,1,1,123,1.0,,0,0,0,0,0,0,
Instances/Instances 1/pr124_09.gt,123,50000.0,86400.0,PTVRP_LAYERED_SAFE,66676.0,1,1,0.0017,1,1,1,123,1.0,,0,0,0,0,0,0,
Instances/Instances 1/pr124_10.gt,123,100000.0,86400.0,PTVRP_LAYERED_SAFE,66676.0,1,1,0.0019,1,1,1,123,1.0,,0,0,0,0,0,0,
Instances/Instances 1/pr136_01.gt,135,100.0,86400.0,PTVRP_LAYERED_SAFE,432084.0,38,2,0.0022,34,6,2,605,4.48148,,0,0,176,0,0,0,
Instances/Instances 1/pr136_02.gt,135,200.0,86400.0,PTVRP_LAYERED_SAFE,248708.0,18,1,0.0021,17,4,1,446,3.3037,,0,0,123,0,0,0,
Instances/Instances 1/pr136_03.gt,135,500.0,86400.0,PTVRP_LAYERED_SAFE,146072.0,8,1,0.0019,7,3,1,254,1.88148,,0,0,2,0,0,0,
Instances/Instances 1/pr136_04.gt,135,1000.0,86400.0,PTVRP_LAYERED_SAFE,121273.0,4,1,0.0018,4,2,1,228,1.68889,,0,0,49,0,0,0,
Instances/Instances 1/pr136_05.gt,135,2000.0,86400.0,PTVRP_LAYERED_SAFE,113148.0,2,1,0.0018,2,1,1,135,1.0,,0,0,0,0,0,0,
Instances/Instances 1/pr136_06.gt,135,5000.0,86400.0,PTVRP_LAYERED_SAFE,107219.0,2,1,0.0019,1,1,1,135,1.0,,0,0,6,0,0,0,
Instances/Instances 1/pr136_07.gt,135,10000.0,86400.0,PTVRP_LAYERED_SAFE,107219.0,2,1,0.0018,1,1,1,135,1.0,,0,0,6,0,0,0,
Instances/Instances 1/pr136_08.gt,135,20000.0,86400.0,PTVRP_LAYERED_SAFE,107219.0,2,1,0.0019,1,1,1,135,1.0,,0,0,6,0,0,0,
Instances/Instances 1/pr136_09.gt,135,50000.0,86400.0,PTVRP_LAYERED_SAFE,107219.0,2,1,0.0017,1,1,1,135,1.0,,0,0,6,0,0,0,
Instances/Instances 1/pr136_10.gt,135,100000.0,86400.0,PTVRP_LAYERED_SAFE,107219.0,2,1,0.0019,1,1,1,135,1.0,,0,0,6,0,0,0,
Instances/Instances 1/pr144_01.gt,143,100.0,86400.0,PTVRP_LAYERED_SAFE,373881.0,34,3,0.0019,36,8,4,807,5.64336,,0,0,349,0,0,0,
Instances/Instances 1/pr144_02.gt,143,200.0,86400.0,PTVRP_LAYERED_SAFE,206883.0,20,1,0.002,18,5,2,558,3.9021,,0,0,227,0,0,0,
Instances/Instances 1/pr144_03.gt,143,500.0,86400.0,PTVRP_LAYERED_SAFE,115732.0,9,1,0.0017,7,3,1,361,2.52448,,0,0,45,0,0,0,
Instances/Instances 1/pr144_04.gt,143,1000.0,86400.0,PTVRP_LAYERED_SAFE,82943.0,5,1,0.002,4,2,1,250,1.74825,,0,0,0,0,0,0,
Instances/Instances 1/pr144_05.gt,143,2000.0,86400.0,PTVRP_LAYERED_SAFE,71677.0,3,1,0.002,2,2,1,207,1.44755,,0,0,142,0,0,0,
Instances/Instances 1/pr144_06.gt,143,5000.0,86400.0,PTVRP_LAYERED_SAFE,68780.0,1,1,0.0019,1,1,1,143,1.0,,0,0,0,0,0,0,
Instances/Instances 1/pr144_07.gt,143,10000.0,86400.0,PTVRP_LAYERED_SAFE,68780.0,1,1,0.0018,1,1,1,143,1.0,,0,0,0,0,0,0,
Instances/Instances 1/pr144_08.gt,143,20000.0,86400.0,PTVRP_LAYERED_SAFE,68780.0,1,1,0.0019,1,1,1,143,1.0,,0,0,0,0,0,0,
Instances/Instances 1/pr144_09.gt,143,50000.0,86400.0,PTVRP_LAYERED_SAFE,68780.0,1,1,0.002,1,1,1,143,1.0,,0,0,0,0,0,0,
Instances/Instances 1/pr144_10.gt,143,100000.0,86400.0,PTVRP_LAYERED_SAFE,68780.0,1,1,0.0019,1,1,1,143,1.0,,0,0,0,0,0,0,
Instances/Instances 1/pr152_01.gt,151,100.0,86400.0,PTVRP_LAYERED_SAFE,455588.0,35,2,0.002,39,8,4,806,5.33775,,0,0,285,0,0,0,
Instances/Instances 1/pr152_02.gt,151,200.0,86400.0,PTVRP_LAYERED_SAFE,250170.0,21,1,0.002,18,5,2,577,3.82119,,0,0,258,0,0,0,
Instances/Instances 1/pr152_03.gt,151,500.0,86400.0,PTVRP_LAYERED_SAFE,144000.0,9,1,0.0021,8,3,1,388,2.56954,,0,0,75,0,0,0,
Instances/Instances 1/pr152_04.gt,151,1000.0,86400.0,PTVRP_LAYERED_SAFE,103893.0,5,1,0.0018,4,2,1,255,1.68874,,0,0,4,0,0,0,
Instances/Instances 1/pr152_05.gt,151,2000.0,86400.0,PTVRP_LAYERED_SAFE,89575.0,2,1,0.002,2,2,1,178,1.17881,,0,0,54,0,0,0,
Instances/Instances 1/pr152_06.gt,151,5000.0,86400.0,PTVRP_LAYERED_SAFE,89575.0,2,1,0.0018,1,1,1,151,1.0,,0,0,3,0,0,0,
Instances/Instances 1/pr152_07.gt,151,10000.0,86400.0,PTVRP_LAYERED_SAFE,89575.0,2,1,0.0019,1,1,1,151,1.0,,0,0,3,0,0,0,
Instances/Instances 1/pr152_08.gt,151,20000.0,86400.0,PTVRP_LAYERED_SAFE,89575.0,2,1,0.0016,1,1,1,151,1.0,,0,0,3,0,0,0,
Instances/Instances 1/pr152_09.gt,151,50000.0,86400.0,PTVRP_LAYERED_SAFE,89575.0,2,1,0.0018,1,1,1,151,1.0,,0,0,3,0,0,0,
Instances/Instances 1/pr152_10.gt,151,100000.0,86400.0,PTVRP_LAYERED_SAFE,89575.0,2,1,0.0015,1,1,1,151,1.0,,0,0,3,0,0,0,
Instances/Instances 1/pr226_01.gt,225,100.0,86400.0,PTVRP_LAYERED_SAFE,769822.0,44,4,0.002,56,9,4,1321,5.87111,,0,0,775,0,0,0,
Instances/Instances 1/pr226_02.gt,225,200.0,86400.0,PTVRP_LAYERED_SAFE,407301.0,27,2,0.0017,28,7,2,969,4.30667,,0,0,506,0,0,0,
Instances/Instances 1/pr226_03.gt,225,500.0,86400.0,PTVRP_LAYERED_SAFE,192335.0,12,1,0.0019,11,4,1,629,2.79556,,0,0,368,0,0,0,
Instances/Instances 1/pr226_04.gt,225,1000.0,86400.0,PTVRP_LAYERED_SAFE,139942.0,6,1,0.0016,6,3,1,478,2.12444,,0,0,111,0,0,0,
Instances/Instances 1/pr226_05.gt,225,2000.0,86400.0,PTVRP_LAYERED_SAFE,112647.0,4,1,0.0018,3,2,1,345,1.53333,,0,0,294,0,0,0,
Instances/Instances 1/pr226_06.gt,225,5000.0,86400.0,PTVRP_LAYERED_SAFE,97856.0,2,1,0.0018,2,1,1,225,1.0,,0,0,0,0,0,0,
Instances/Instances 1/pr226_07.gt,225,10000.0,86400.0,PTVRP_LAYERED_SAFE,97856.0,2,1,0.0017,1,1,1,225,1.0,,0,0,0,0,0,0,
Instances/Instances 1/pr226_08.gt,225,20000.0,86400.0,PTVRP_LAYERED_SAFE,97856.0,2,1,0.0017,1,1,1,225,1.0,,0,0,0,0,0,0,
Instances/Instances 1/pr226_09.gt,225,50000.0,86400.0,PTVRP_LAYERED_SAFE,97856.0,2,1,0.0019,1,1,1,225,1.0,,0,0,0,0,0,0,
Instances/Instances 1/pr226_10.gt,225,100000.0,86400.0,PTVRP_LAYERED_SAFE,97856.0,2,1,0.0016,1,1,1,225,1.0,,0,0,0,0,0,0,
Instances/Instances 1/pr2392_01.gt,2391,100.0,86400.0,PTVRP_LAYERED_SAFE,6271806.0,450,3,0.006,591,12,5,20275,8.47972,,0,0,13898,0,0,0,
Instances/Instances 1/pr2392_02.gt,2391,200.0,86400.0,PTVRP_LAYERED_SAFE,3378291.0,305,2,0.0045,305,9,3,15786,6.60226,,0,0,12400,0,0,0,
Instances/Instances 1/pr2392_03.gt,2391,500.0,86400.0,PTVRP_LAYERED_SAFE,1530907.0,127,1,0.004,122,5,2,10784,4.51025,,0,0,7049,0,0,0,
Instances/Instances 1/pr2392_04.gt,2391,1000.0,86400.0,PTVRP_LAYERED_SAFE,936165.0,65,1,0.0033,61,4,1,7509,3.14053,,0,0,1669,0,0,0,
Instances/Instances 1/pr2392_05.gt,2391,2000.0,86400.0,PTVRP_LAYERED_SAFE,642735.0,33,1,0.0032,31,3,1,5579,2.33333,,0,0,2573,0,0,0,
Instances/Instances 1/pr2392_06.gt,2391,5000.0,86400.0,PTVRP_LAYERED_SAFE,475497.0,15,1,0.003,13,2,1,4594,1.92137,,0,0,2058,0,0,0,
Instances/Instances 1/pr2392_07.gt,2391,10000.0,86400.0,PTVRP_LAYERED_SAFE,422099.0,8,1,0.0028,7,1,1,2391,1.0,,0,0,0,0,0,0,
Instances/Instances 1/pr2392_08.gt,2391,20000.0,86400.0,PTVRP_LAYERED_SAFE,410093.0,6,1,0.0028,4,1,1,2391,1.0,,0,0,1063,0,0,0,
Instances/Instances 1/pr2392_09.gt,2391,50000.0,86400.0,PTVRP_LAYERED_SAFE,410093.0,6,1,0.0027,2,1,1,2391,1.0,,0,0,1063,0,0,0,
Instances/Instances 1/pr2392_10.gt,2391,100000.0,86400.0,PTVRP_LAYERED_SAFE,410093.0,6,1,0.0026,1,1,1,2391,1.0,,0,0,1063,0,0,0,
Instances/Instances 1/pr264_01.gt,263,100.0,86400.0,PTVRP_LAYERED_SAFE,532550.0,48,3,0.0022,62,13,4,2129,8.09506,,0,0,1174,0,0,0,
Instances/Instances 1/pr264_02.gt,263,200.0,86400.0,PTVRP_LAYERED_SAFE,309817.0,33,2,0.0018,35,10,3,1666,6.3346,,0,0,1011,0,0,0,
Instances/Instances 1/pr264_03.gt,263,500.0,86400.0,PTVRP_LAYERED_SAFE,145078.0,15,1,0.0019,15,6,2,1070,4.06844,,0,0,513,0,0,0,
Instances/Instances 1/pr264_04.gt,263,1000.0,86400.0,PTVRP_LAYERED_SAFE,93307.0,8,1,0.0017,7,4,1,720,2.73764,,0,0,114,0,0,0,
Instances/Instances 1/pr264_05.gt,263,2000.0,86400.0,PTVRP_LAYERED_SAFE,66092.0,4,1,0.0016,4,3,1,470,1.78707,,0,0,84,0,0,0,
Instances/Instances 1/pr264_06.gt,263,5000.0,86400.0,PTVRP_LAYERED_SAFE,53706.0,2,1,0.0018,2,2,1,326,1.23954,,0,0,127,0,0,0,
Instances/Instances 1/pr264_07.gt,263,10000.0,86400.0,PTVRP_LAYERED_SAFE,50874.0,1,1,0.0015,1,1,1,263,1.0,,0,0,0,0,0,0,
Instances/Instances 1/pr264_08.gt,263,20000.0,86400.0,PTVRP_LAYERED_SAFE,50874.0,1,1,0.0017,1,1,1,263,1.0,,0,0,0,0,0,0,
Instances/Instances 1/pr264_09.gt,263,50000.0,86400.0,PTVRP_LAYERED_SAFE,50874.0,1,1,0.0018,1,1,1,263,1.0,,0,0,0,0,0,0,
Instances/Instances 1/pr264_10.gt,263,100000.0,86400.0,PTVRP_LAYERED_SAFE,50874.0,1,1,0.0016,1,1,1,263,1.0,,0,0,0,0,0,0,
Instances/Instances 1/pr299_01.gt,298,100.0,86400.0,PTVRP_LAYERED_SAFE,340299.0,61,3,0.0022,72,12,3,2841,9.53356,,0,0,622,0,0,0,
Instances/Instances 1/pr299_02.gt,298,200.0,86400.0,PTVRP_LAYERED_SAFE,203569.0,42,2,0.002,40,9,2,2126,7.13423,,0,0,365,0,0,0,
Instances/Instances 1/pr299_03.gt,298,500.0,86400.0,PTVRP_LAYERED_SAFE,106423.0,17,1,0.002,16,6,1,1304,4.37584,,0,0,25,0,0,0,
Instances/Instances 1/pr299_04.gt,298,1000.0,86400.0,PTVRP_LAYERED_SAFE,73519.0,8,1,0.0019,8,4,1,874,2.93289,,0,0,105,0,0,0,
Instances/Instances 1/pr299_05.gt,298,2000.0,86400.0,PTVRP_LAYERED_SAFE,60992.0,5,1,0.0018,4,3,1,623,2.0906,,0,0,156,0,0,0,
Instances/Instances 1/pr299_06.gt,298,5000.0,86400.0,PTVRP_LAYERED_SAFE,54833.0,2,1,0.0018,2,2,1,401,1.34564,,0,0,0,0,0,0,
Instances/Instances 1/pr299_07.gt,298,10000.0,86400.0,PTVRP_LAYERED_SAFE,54703.0,1,1,0.0019,1,1,1,298,1.0,,0,0,0,0,0,0,
Instances/Instances 1/pr299_08.gt,298,20000.0,86400.0,PTVRP_LAYERED_SAFE,54703.0,1,1,0.0016,1,1,1,298,1.0,,0,0,0,0,0,0,
Instances/Instances 1/pr299_09.gt,298,50000.0,86400.0,PTVRP_LAYERED_SAFE,54703.0,1,1,0.0018,1,1,1,298,1.0,,0,0,0,0,0,0,
Instances/Instances 1/pr299_10.gt,298,100000.0,86400.0,PTVRP_LAYERED_SAFE,54703.0,1,1,0.0018,1,1,1,298,1.0,,0,0,0,0,0,0,
Instances/Instances 1/pr439_01.gt,438,100.0,86400.0,PTVRP_LAYERED_SAFE,840706.0,98,3,0.0022,108,12,3,3615,8.25342,,0,0,1431,0,0,0,
Instances/Instances 1/pr439_02.gt,438,200.0,86400.0,PTVRP_LAYERED_SAFE,491435.0,61,2,0.0023,58,9,3,2722,6.21461,,0,0,1089,0,0,0,
Instances/Instances 1/pr439_03.gt,438,500.0,86400.0,PTVRP_LAYERED_SAFE,245398.0,24,1,0.0021,23,5,1,1679,3.83333,,0,0,660,0,0,0,
Instances/Instances 1/pr439_04.gt,438,1000.0,86400.0,PTVRP_LAYERED_SAFE,168640.0,12,1,0.0018,11,4,1,1148,2.621,,0,0,103,0,0,0,
Instances/Instances 1/pr439_05.gt,438,2000.0,86400.0,PTVRP_LAYERED_SAFE,138124.0,7,1,0.0017,6,3,1,891,2.03425,,0,0,436,0,0,0,
Instances/Instances 1/pr439_06.gt,438,5000.0,86400.0,PTVRP_LAYERED_SAFE,119090.0,3,1,0.0019,3,2,1,573,1.30822,,0,0,349,0,0,0,
Instances/Instances 1/pr439_07.gt,438,10000.0,86400.0,PTVRP_LAYERED_SAFE,117489.0,2,1,0.0017,2,1,1,438,1.0,,0,0,20,0,0,0,
Instances/Instances 1/pr439_08.gt,438,20000.0,86400.0,PTVRP_LAYERED_SAFE,117489.0,2,1,0.0016,1,1,1,438,1.0,,0,0,20,0,0,0,
Instances/Instances 1/pr439_09.gt,438,50000.0,86400.0,PTVRP_LAYERED_SAFE,117489.0,2,1,0.0016,1,1,1,438,1.0,,0,0,20,0,0,0,
Instances/Instances 1/pr439_10.gt,438,100000.0,86400.0,PTVRP_LAYERED_SAFE,117489.0,2,1,0.0019,1,1,1,438,1.0,,0,0,20,0,0,0,
Instances/Instances 1/pr76_01.gt,75,100.0,86400.0,PTVRP_LAYERED_SAFE,327253.0,22,2,0.0017,21,5,2,265,3.53333,,0,0,59,0,0,0,
Instances/Instances 1/pr76_02.gt,75,200.0,86400.0,PTVRP_LAYERED_SAFE,200553.0,12,1,0.0017,10,3,1,179,2.38667,,0,0,36,0,0,0,
Instances/Instances 1/pr76_03.gt,75,500.0,86400.0,PTVRP_LAYERED_SAFE,149322.0,5,1,0.0015,5,2,1,133,1.77333,,0,0,37,0,0,0,
Instances/Instances 1/pr76_04.gt,75,1000.0,86400.0,PTVRP_LAYERED_SAFE,124689.0,2,1,0.0015,2,1,1,75,1.0,,0,0,0,0,0,0,
Instances/Instances 1/pr76_05.gt,75,2000.0,86400.0,PTVRP_LAYERED_SAFE,124689.0,2,1,0.0018,2,1,1,75,1.0,,0,0,5,0,0,0,
Instances/Instances 1/pr76_06.gt,75,5000.0,86400.0,PTVRP_LAYERED_SAFE,124689.0,2,1,0.0016,1,1,1,75,1.0,,0,0,5,0,0,0,
Instances/Instances 1/pr76_07.gt,75,10000.0,86400.0,PTVRP_LAYERED_SAFE,124689.0,2,1,0.0016,1,1,1,75,1.0,,0,0,5,0,0,0,
Instances/Instances 1/pr76_08.gt,75,20000.0,86400.0,PTVRP_LAYERED_SAFE,124689.0,2,1,0.0017,1,1,1,75,1.0,,0,0,5,0,0,0,
Instances/Instances 1/pr76_09.gt,75,50000.0,86400.0,PTVRP_LAYERED_SAFE,124689.0,2,1,0.0019,1,1,1,75,1.0,,0,0,5,0,0,0,
Instances/Instances 1/pr76_10.gt,75,100000.0,86400.0,PTVRP_LAYERED_SAFE,124689.0,2,1,0.0018,1,1,1,75,1.0,,0,0,5,0,0,0,
Instances/Instances 1/qa194_01.gt,193,100.0,86400.0,PTVRP_LAYERED_SAFE,48026.0,52,3,0.0024,51,24,4,3409,17.6632,,0,0,196,0,0,0,
Instances/Instances 1/qa194_02.gt,193,200.0,86400.0,PTVRP_LAYERED_SAFE,27409.0,28,1,0.002,26,17,2,2044,10.5907,,0,0,59,0,0,0,
Instances/Instances 1/qa194_03.gt,193,500.0,86400.0,PTVRP_LAYERED_SAFE,15625.0,11,1,0.0016,10,10,1,1040,5.3886,,0,0,1,0,0,0,
Instances/Instances 1/qa194_04.gt,193,1000.0,86400.0,PTVRP_LAYERED_SAFE,12944.0,6,1,0.0017,5,5,1,568,2.94301,,0,0,0,0,0,0,
Instances/Instances 1/qa194_05.gt,193,2000.0,86400.0,PTVRP_LAYERED_SAFE,11131.0,3,1,0.0021,3,3,1,371,1.92228,,0,0,0,0,0,0,
Instances/Instances 1/qa194_06.gt,193,5000.0,86400.0,PTVRP_LAYERED_SAFE,10519.0,2,1,0.002,2,2,1,201,1.04145,,0,0,0,0,0,0,
Instances/Instances 1/qa194_07.gt,193,10000.0,86400.0,PTVRP_LAYERED_SAFE,10469.0,1,1,0.0018,1,1,1,193,1.0,,0,0,0,0,0,0,
Instances/Instances 1/qa194_08.gt,193,20000.0,86400.0,PTVRP_LAYERED_SAFE,10469.0,1,1,0.0018,1,1,1,193,1.0,,0,0,0,0,0,0,
Instances/Instances 1/qa194_09.gt,193,50000.0,86400.0,PTVRP_LAYERED_SAFE,10469.0,1,1,0.0018,1,1,1,193,1.0,,0,0,0,0,0,0,
Instances/Instances 1/qa194_10.gt,193,100000.0,86400.0,PTVRP_LAYERED_SAFE,10469.0,1,1,0.0018,1,1,1,193,1.0,,0,0,0,0,0,0,
Instances/Instances 1/rat195_01.gt,194,100.0,86400.0,PTVRP_LAYERED_SAFE,11847.0,54,2,0.0019,53,44,3,4949,25.5103,,0,0,32,0,0,0,
Instances/Instances 1/rat195_02.gt,194,200.0,86400.0,PTVRP_LAYERED_SAFE,6561.0,28,1,0.0017,25,25,2,2448,12.6186,,0,0,0,0,0,0,
Instances/Instances 1/rat195_03.gt,194,500.0,86400.0,PTVRP_LAYERED_SAFE,3777.0,11,1,0.0017,11,11,1,1109,5.71649,,0,0,0,0,0,0,
Instances/Instances 1/rat195_04.gt,194,1000.0,86400.0,PTVRP_LAYERED_SAFE,2972.0,6,1,0.0016,5,5,1,583,3.00515,,0,0,0,0,0,0,
Instances/Instances 1/rat195_05.gt,194,2000.0,86400.0,PTVRP_LAYERED_SAFE,2663.0,3,1,0.0019,3,3,1,353,1.81959,,0,0,0,0,0,0,
Instances/Instances 1/rat195_06.gt,194,5000.0,86400.0,PTVRP_LAYERED_SAFE,2581.0,1,1,0.002,1,1,1,194,1.0,,0,0,0,0,0,0,
Instances/Instances 1/rat195_07.gt,194,10000.0,86400.0,PTVRP_LAYERED_SAFE,2581.0,1,1,0.0018,1,1,1,194,1.0,,0,0,0,0,0,0,
Instances/Instances 1/rat195_08.gt,194,20000.0,86400.0,PTVRP_LAYERED_SAFE,2581.0,1,1,0.0019,1,1,1,194,1.0,,0,0,0,0,0,0,
Instances/Instances 1/rat195_09.gt,194,50000.0,86400.0,PTVRP_LAYERED_SAFE,2581.0,1,1,0.0018,1,1,1,194,1.0,,0,0,0,0,0,0,
Instances/Instances 1/rat195_10.gt,194,100000.0,86400.0,PTVRP_LAYERED_SAFE,2581.0,1,1,0.0017,1,1,1,194,1.0,,0,0,0,0,0,0,
Instances/Instances 1/rat575_01.gt,574,100.0,86400.0,PTVRP_LAYERED_SAFE,54101.0,140,2,0.0036,150,44,3,20931,36.4652,,0,0,749,0,0,0,
Instances/Instances 1/rat575_02.gt,574,200.0,86400.0,PTVRP_LAYERED_SAFE,28335.0,79,2,0.0026,73,31,2,13569,23.6394,,0,0,276,0,0,0,
Instances/Instances 1/rat575_03.gt,574,500.0,86400.0,PTVRP_LAYERED_SAFE,14521.0,30,1,0.0024,29,19,1,7489,13.047,,0,0,108,0,0,0,
Instances/Instances 1/rat575_04.gt,574,1000.0,86400.0,PTVRP_LAYERED_SAFE,10607.0,16,1,0.002,15,14,1,4401,7.66725,,0,0,2,0,0,0,
Instances/Instances 1/rat575_05.gt,574,2000.0,86400.0,PTVRP_LAYERED_SAFE,8580.0,8,1,0.002,8,8,1,2412,4.20209,,0,0,0,0,0,0,
Instances/Instances 1/rat575_06.gt,574,5000.0,86400.0,PTVRP_LAYERED_SAFE,7591.0,3,1,0.002,3,3,1,1114,1.94077,,0,0,0,0,0,0,
Instances/Instances 1/rat575_07.gt,574,10000.0,86400.0,PTVRP_LAYERED_SAFE,7378.0,3,1,0.0019,2,2,1,761,1.32578,,0,0,0,0,0,0,
Instances/Instances 1/rat575_08.gt,574,20000.0,86400.0,PTVRP_LAYERED_SAFE,7265.0,1,1,0.0017,1,1,1,574,1.0,,0,0,0,0,0,0,
Instances/Instances 1/rat575_09.gt,574,50000.0,86400.0,PTVRP_LAYERED_SAFE,7265.0,1,1,0.0019,1,1,1,574,1.0,,0,0,0,0,0,0,
Instances/Instances 1/rat575_10.gt,574,100000.0,86400.0,PTVRP_LAYERED_SAFE,7265.0,1,1,0.0018,1,1,1,574,1.0,,0,0,0,0,0,0,
Instances/Instances 1/rat783_01.gt,782,100.0,86400.0,PTVRP_LAYERED_SAFE,81721.0,177,3,0.0037,201,45,4,29980,38.3376,,0,0,1524,0,0,0,
Instances/Instances 1/rat783_02.gt,782,200.0,86400.0,PTVRP_LAYERED_SAFE,42440.0,105,2,0.0034,98,31,2,20102,25.7059,,0,0,708,0,0,0,
Instances/Instances 1/rat783_03.gt,782,500.0,86400.0,PTVRP_LAYERED_SAFE,22025.0,44,1,0.0024,41,20,1,11887,15.2008,,0,0,392,0,0,0,
Instances/Instances 1/rat783_04.gt,782,1000.0,86400.0,PTVRP_LAYERED_SAFE,15097.0,23,1,0.0022,20,14,1,7203,9.211,,0,0,230,0,0,0,
Instances/Instances 1/rat783_05.gt,782,2000.0,86400.0,PTVRP_LAYERED_SAFE,11598.0,12,1,0.0022,11,10,1,4319,5.52302,,0,0,0,0,0,0,
Instances/Instances 1/rat783_06.gt,782,5000.0,86400.0,PTVRP_LAYERED_SAFE,9892.0,5,1,0.0018,4,4,1,1909,2.44118,,0,0,0,0,0,0,
Instances/Instances 1/rat783_07.gt,782,10000.0,86400.0,PTVRP_LAYERED_SAFE,9552.0,3,1,0.0017,2,2,1,1178,1.50639,,0,0,0,0,0,0,
Instances/Instances 1/rat783_08.gt,782,20000.0,86400.0,PTVRP_LAYERED_SAFE,9389.0,2,1,0.0018,1,1,1,782,1.0,,0,0,0,0,0,0,
Instances/Instances 1/rat783_09.gt,782,50000.0,86400.0,PTVRP_LAYERED_SAFE,9389.0,2,1,0.0018,1,1,1,782,1.0,,0,0,0,0,0,0,
Instances/Instances 1/rat783_10.gt,782,100000.0,86400.0,PTVRP_LAYERED_SAFE,9389.0,2,1,0.0019,1,1,1,782,1.0,,0,0,0,0,0,0,
Instances/Instances 1/rat99_01.gt,98,100.0,86400.0,PTVRP_LAYERED_SAFE,4164.0,25,2,0.0018,23,23,2,1130,11.5306,,0,0,0,0,0,0,
Instances/Instances 1/rat99_02.gt,98,200.0,86400.0,PTVRP_LAYERED_SAFE,2540.0,13,1,0.002,12,12,1,623,6.35714,,0,0,0,0,0,0,
Instances/Instances 1/rat99_03.gt,98,500.0,86400.0,PTVRP_LAYERED_SAFE,1744.0,6,1,0.0017,6,6,1,286,2.91837,,0,0,0,0,0,0,
Instances/Instances 1/rat99_04.gt,98,1000.0,86400.0,PTVRP_LAYERED_SAFE,1497.0,3,1,0.0016,3,3,1,180,1.83673,,0,0,0,0,0,0,
Instances/Instances 1/rat99_05.gt,98,2000.0,86400.0,PTVRP_LAYERED_SAFE,1399.0,2,1,0.0015,2,2,1,113,1.15306,,0,0,0,0,0,0,
Instances/Instances 1/rat99_06.gt,98,5000.0,86400.0,PTVRP_LAYERED_SAFE,1395.0,1,1,0.0015,1,1,1,98,1.0,,0,0,0,0,0,0,
Instances/Instances 1/rat99_07.gt,98,10000.0,86400.0,PTVRP_LAYERED_SAFE,1395.0,1,1,0.0017,1,1,1,98,1.0,,0,0,0,0,0,0,
Instances/Instances 1/rat99_08.gt,98,20000.0,86400.0,PTVRP_LAYERED_SAFE,1395.0,1,1,0.0017,1,1,1,98,1.0,,0,0,0,0,0,0,
Instances/Instances 1/rat99_09.gt,98,50000.0,86400.0,PTVRP_LAYERED_SAFE,1395.0,1,1,0.0018,1,1,1,98,1.0,,0,0,0,0,0,0,
Instances/Instances 1/rat99_10.gt,98,100000.0,86400.0,PTVRP_LAYERED_SAFE,1395.0,1,1,0.0016,1,1,1,98,1.0,,0,0,0,0,0,0,
Instances/Instances 1/rd100_01.gt,99,100.0,86400.0,PTVRP_LAYERED_SAFE,26860.0,27,1,0.0019,22,15,2,995,10.0505,,0,0,24,0,0,0,
Instances/Instances 1/rd100_02.gt,99,200.0,86400.0,PTVRP_LAYERED_SAFE,17125.0,14,1,0.0016,12,11,1,640,6.46465,,0,0,5,0,0,0,
Instances/Instances 1/rd100_03.gt,99,500.0,86400.0,PTVRP_LAYERED_SAFE,11463.0,6,1,0.0018,6,6,1,308,3.11111,,0,0,0,0,0,0,
Instances/Instances 1/rd100_04.gt,99,1000.0,86400.0,PTVRP_LAYERED_SAFE,9816.0,4,1,0.0015,3,3,1,177,1.78788,,0,0,0,0,0,0,
Instances/Instances 1/rd100_05.gt,99,2000.0,86400.0,PTVRP_LAYERED_SAFE,9356.0,3,1,0.0017,2,2,1,123,1.24242,,0,0,0,0,0,0,
Instances/Instances 1/rd100_06.gt,99,5000.0,86400.0,PTVRP_LAYERED_SAFE,8967.0,2,1,0.0016,1,1,1,99,1.0,,0,0,0,0,0,0,
Instances/Instances 1/rd100_07.gt,99,10000.0,86400.0,PTVRP_LAYERED_SAFE,8967.0,2,1,0.0018,1,1,1,99,1.0,,0,0,0,0,0,0,
Instances/Instances 1/rd100_08.gt,99,20000.0,86400.0,PTVRP_LAYERED_SAFE,8967.0,2,1,0.0016,1,1,1,99,1.0,,0,0,0,0,0,0,
Instances/Instances 1/rd100_09.gt,99,50000.0,86400.0,PTVRP_LAYERED_SAFE,8967.0,2,1,0.0018,1,1,1,99,1.0,,0,0,0,0,0,0,
Instances/Instances 1/rd100_10.gt,99,100000.0,86400.0,PTVRP_LAYERED_SAFE,8967.0,2,1,0.0018,1,1,1,99,1.0,,0,0,0,0,0,0,
Instances/Instances 1/rd400_01.gt,399,100.0,86400.0,PTVRP_LAYERED_SAFE,99006.0,101,2,0.0026,100,26,3,8067,20.218,,0,0,542,0,0,0,
Instances/Instances 1/rd400_02.gt,399,200.0,86400.0,PTVRP_LAYERED_SAFE,54509.0,56,1,0.0024,51,17,2,5613,14.0677,,0,0,200,0,0,0,
Instances/Instances 1/rd400_03.gt,399,500.0,86400.0,PTVRP_LAYERED_SAFE,29878.0,23,1,0.002,21,11,1,3285,8.23308,,0,0,210,0,0,0,
Instances/Instances 1/rd400_04.gt,399,1000.0,86400.0,PTVRP_LAYERED_SAFE,21169.0,11,1,0.0021,10,7,1,1917,4.80451,,0,0,0,0,0,0,
Instances/Instances 1/rd400_05.gt,399,2000.0,86400.0,PTVRP_LAYERED_SAFE,18032.0,8,1,0.0018,6,6,1,1289,3.23058,,0,0,29,0,0,0,
Instances/Instances 1/rd400_06.gt,399,5000.0,86400.0,PTVRP_LAYERED_SAFE,15880.0,3,1,0.002,3,3,1,616,1.54386,,0,0,0,0,0,0,
Instances/Instances 1/rd400_07.gt,399,10000.0,86400.0,PTVRP_LAYERED_SAFE,15507.0,2,1,0.0018,2,2,1,409,1.02506,,0,0,0,0,0,0,
Instances/Instances 1/rd400_08.gt,399,20000.0,86400.0,PTVRP_LAYERED_SAFE,15316.0,1,1,0.0018,1,1,1,399,1.0,,0,0,0,0,0,0,
Instances/Instances 1/rd400_09.gt,399,50000.0,86400.0,PTVRP_LAYERED_SAFE,15316.0,1,1,0.0019,1,1,1,399,1.0,,0,0,0,0,0,0,
Instances/Instances 1/rd400_10.gt,399,100000.0,86400.0,PTVRP_LAYERED_SAFE,15316.0,1,1,0.0019,1,1,1,399,1.0,,0,0,0,0,0,0,
Instances/Instances 1/rl11849_01.gt,11848,100.0,86400.0,PTVRP_LAYERED_SAFE,34562643.0,1790,6,0.0232,3002,21,6,122554,10.3439,,0,0,120195,0,0,0,
Instances/Instances 1/rl11849_02.gt,11848,200.0,86400.0,PTVRP_LAYERED_SAFE,17809296.0,1274,4,0.0196,1518,14,6,98439,8.30849,,0,0,131018,0,0,0,
Instances/Instances 1/rl11849_03.gt,11848,500.0,86400.0,PTVRP_LAYERED_SAFE,7531671.0,621,2,0.0135,609,9,3,70276,5.93147,,0,0,115328,0,0,0,
Instances/Instances 1/rl11849_04.gt,11848,1000.0,86400.0,PTVRP_LAYERED_SAFE,4139341.0,313,1,0.0111,304,6,2,52786,4.45527,,0,0,90522,0,0,0,
Instances/Instances 1/rl11849_05.gt,11848,2000.0,86400.0,PTVRP_LAYERED_SAFE,2513746.0,160,1,0.0094,154,4,1,38969,3.28908,,0,0,64545,0,0,0,
Instances/Instances 1/rl11849_06.gt,11848,5000.0,86400.0,PTVRP_LAYERED_SAFE,1505293.0,66,1,0.0078,61,3,1,23769,2.00616,,0,0,2576,0,0,0,
Instances/Instances 1/rl11849_07.gt,11848,10000.0,86400.0,PTVRP_LAYERED_SAFE,1185215.0,34,1,0.0082,31,2,1,23082,1.94818,,0,0,59729,0,0,0,
Instances/Instances 1/rl11849_08.gt,11848,20000.0,86400.0,PTVRP_LAYERED_SAFE,1024038.0,19,1,0.0072,16,1,1,11848,1.0,,0,0,0,0,0,0,
Instances/Instances 1/rl11849_09.gt,11848,50000.0,86400.0,PTVRP_LAYERED_SAFE,994667.0,14,1,0.0076,7,1,1,11848,1.0,,0,0,43477,0,0,0,
Instances/Instances 1/rl11849_10.gt,11848,100000.0,86400.0,PTVRP_LAYERED_SAFE,994667.0,14,1,0.0074,4,1,1,11848,1.0,,0,0,43477,0,0,0,
Instances/Instances 1/rl1304_01.gt,1303,100.0,86400.0,PTVRP_LAYERED_SAFE,3961808.0,257,3,0.0035,329,11,4,10112,7.76055,,0,0,7467,0,0,0,
Instances/Instances 1/rl1304_02.gt,1303,200.0,86400.0,PTVRP_LAYERED_SAFE,2088153.0,172,2,0.0035,167,8,3,7719,5.92402,,0,0,6647,0,0,0,
Instances/Instances 1/rl1304_03.gt,1303,500.0,86400.0,PTVRP_LAYERED_SAFE,961355.0,73,1,0.0029,68,5,2,5308,4.07368,,0,0,4730,0,0,0,
Instances/Instances 1/rl1304_04.gt,1303,1000.0,86400.0,PTVRP_LAYERED_SAFE,577486.0,35,1,0.0024,33,4,1,3964,3.04221,,0,0,3575,0,0,0,
Instances/Instances 1/rl1304_05.gt,1303,2000.0,86400.0,PTVRP_LAYERED_SAFE,405682.0,19,1,0.0024,17,3,1,2704,2.07521,,0,0,277,0,0,0,
Instances/Instances 1/rl1304_06.gt,1303,5000.0,86400.0,PTVRP_LAYERED_SAFE,299168.0,8,1,0.0022,7,2,1,1761,1.3515,,0,0,423,0,0,0,
Instances/Instances 1/rl1304_07.gt,1303,10000.0,86400.0,PTVRP_LAYERED_SAFE,279685.0,5,1,0.002,4,1,1,1303,1.0,,0,0,215,0,0,0,
Instances/Instances 1/rl1304_08.gt,1303,20000.0,86400.0,PTVRP_LAYERED_SAFE,277708.0,5,1,0.0021,2,1,1,1303,1.0,,0,0,606,0,0,0,
Instances/Instances 1/rl1304_09.gt,1303,50000.0,86400.0,PTVRP_LAYERED_SAFE,277708.0,5,1,0.0024,1,1,1,1303,1.0,,0,0,606,0,0,0,
Instances/Instances 1/rl1304_10.gt,1303,100000.0,86400.0,PTVRP_LAYERED_SAFE,277708.0,5,1,0.0021,1,1,1,1303,1.0,,0,0,606,0,0,0,
Instances/Instances 1/rl1323_01.gt,1322,100.0,86400.0,PTVRP_LAYERED_SAFE,4333098.0,245,4,0.0033,345,11,5,9967,7.53933,,0,0,7309,0,0,0,
Instances/Instances 1/rl1323_02.gt,1322,200.0,86400.0,PTVRP_LAYERED_SAFE,2158890.0,163,2,0.0035,167,8,3,7625,5.76778,,0,0,6383,0,0,0,
Instances/Instances 1/rl1323_03.gt,1322,500.0,86400.0,PTVRP_LAYERED_SAFE,994180.0,71,1,0.0027,67,5,2,5111,3.86611,,0,0,3198,0,0,0,
Instances/Instances 1/rl1323_04.gt,1322,1000.0,86400.0,PTVRP_LAYERED_SAFE,623637.0,36,1,0.0028,35,4,1,3857,2.91755,,0,0,3566,0,0,0,
Instances/Instances 1/rl1323_05.gt,1322,2000.0,86400.0,PTVRP_LAYERED_SAFE,430065.0,19,1,0.0022,17,3,1,2587,1.95688,,0,0,119,0,0,0,
Instances/Instances 1/rl1323_06.gt,1322,5000.0,86400.0,PTVRP_LAYERED_SAFE,331374.0,8,1,0.0024,7,2,1,1727,1.30635,,0,0,829,0,0,0,
Instances/Instances 1/rl1323_07.gt,1322,10000.0,86400.0,PTVRP_LAYERED_SAFE,305210.0,5,1,0.0023,4,1,1,1322,1.0,,0,0,724,0,0,0,
Instances/Instances 1/rl1323_08.gt,1322,20000.0,86400.0,PTVRP_LAYERED_SAFE,305210.0,5,1,0.0023,2,1,1,1322,1.0,,0,0,1043,0,0,0,
Instances/Instances 1/rl1323_09.gt,1322,50000.0,86400.0,PTVRP_LAYERED_SAFE,305210.0,5,1,0.0021,1,1,1,1322,1.0,,0,0,1043,0,0,0,
Instances/Instances 1/rl1323_10.gt,1322,100000.0,86400.0,PTVRP_LAYERED_SAFE,305210.0,5,1,0.0022,1,1,1,1322,1.0,,0,0,1043,0,0,0,
Instances/Instances 1/rl1889_01.gt,1888,100.0,86400.0,PTVRP_LAYERED_SAFE,6228521.0,344,5,0.0042,482,13,5,14900,7.89195,,0,0,12530,0,0,0,
Instances/Instances 1/rl1889_02.gt,1888,200.0,86400.0,PTVRP_LAYERED_SAFE,3218612.0,226,3,0.0036,242,9,4,11656,6.17373,,0,0,12048,0,0,0,
Instances/Instances 1/rl1889_03.gt,1888,500.0,86400.0,PTVRP_LAYERED_SAFE,1445235.0,102,1,0.0031,97,5,3,8003,4.23888,,0,0,7809,0,0,0,
Instances/Instances 1/rl1889_04.gt,1888,1000.0,86400.0,PTVRP_LAYERED_SAFE,863473.0,51,1,0.0029,49,4,1,5853,3.10011,,0,0,5756,0,0,0,
Instances/Instances 1/rl1889_05.gt,1888,2000.0,86400.0,PTVRP_LAYERED_SAFE,581959.0,26,1,0.0026,25,3,1,4084,2.16314,,0,0,857,0,0,0,
Instances/Instances 1/rl1889_06.gt,1888,5000.0,86400.0,PTVRP_LAYERED_SAFE,407084.0,11,1,0.0027,10,2,1,3384,1.79237,,0,0,6818,0,0,0,
Instances/Instances 1/rl1889_07.gt,1888,10000.0,86400.0,PTVRP_LAYERED_SAFE,359202.0,6,1,0.0025,5,1,1,1888,1.0,,0,0,0,0,0,0,
Instances/Instances 1/rl1889_08.gt,1888,20000.0,86400.0,PTVRP_LAYERED_SAFE,351630.0,6,1,0.0026,3,1,1,1888,1.0,,0,0,2292,0,0,0,
Instances/Instances 1/rl1889_09.gt,1888,50000.0,86400.0,PTVRP_LAYERED_SAFE,351630.0,6,1,0.0025,1,1,1,1888,1.0,,0,0,2292,0,0,0,
Instances/Instances 1/rl1889_10.gt,1888,100000.0,86400.0,PTVRP_LAYERED_SAFE,351630.0,6,1,0.0024,1,1,1,1888,1.0,,0,0,2292,0,0,0,
Instances/Instances 1/rl5915_01.gt,5914,100.0,86400.0,PTVRP_LAYERED_SAFE,16941723.0,927,5,0.0099,1484,16,6,57725,9.76074,,0,0,54776,0,0,0,
Instances/Instances 1/rl5915_02.gt,5914,200.0,86400.0,PTVRP_LAYERED_SAFE,8795198.0,657,3,0.0088,752,12,4,46071,7.79016,,0,0,59604,0,0,0,
Instances/Instances 1/rl5915_03.gt,5914,500.0,86400.0,PTVRP_LAYERED_SAFE,3812692.0,312,2,0.0066,304,8,3,32578,5.50862,,0,0,50864,0,0,0,
Instances/Instances 1/rl5915_04.gt,5914,1000.0,86400.0,PTVRP_LAYERED_SAFE,2130660.0,157,1,0.0063,151,6,2,24286,4.10653,,0,0,35642,0,0,0,
Instances/Instances 1/rl5915_05.gt,5914,2000.0,86400.0,PTVRP_LAYERED_SAFE,1325177.0,80,1,0.0054,76,4,1,17884,3.02401,,0,0,30244,0,0,0,
Instances/Instances 1/rl5915_06.gt,5914,5000.0,86400.0,PTVRP_LAYERED_SAFE,845893.0,34,1,0.0049,31,2,1,11624,1.96551,,0,0,1555,0,0,0,
Instances/Instances 1/rl5915_07.gt,5914,10000.0,86400.0,PTVRP_LAYERED_SAFE,684223.0,18,1,0.0044,15,2,1,8900,1.5049,,0,0,20472,0,0,0,
Instances/Instances 1/rl5915_08.gt,5914,20000.0,86400.0,PTVRP_LAYERED_SAFE,624324.0,10,1,0.0043,8,1,1,5914,1.0,,0,0,4753,0,0,0,
Instances/Instances 1/rl5915_09.gt,5914,50000.0,86400.0,PTVRP_LAYERED_SAFE,616974.0,8,1,0.0044,4,1,1,5914,1.0,,0,0,13395,0,0,0,
Instances/Instances 1/rl5915_10.gt,5914,100000.0,86400.0,PTVRP_LAYERED_SAFE,616974.0,8,1,0.0041,2,1,1,5914,1.0,,0,0,13395,0,0,0,
Instances/Instances 1/rl5934_01.gt,5933,100.0,86400.0,PTVRP_LAYERED_SAFE,17063015.0,996,5,0.0119,1516,16,6,59212,9.98011,,0,0,54001,0,0,0,
Instances/Instances 1/rl5934_02.gt,5933,200.0,86400.0,PTVRP_LAYERED_SAFE,8697938.0,658,4,0.0087,754,12,4,46613,7.85656,,0,0,56862,0,0,0,
Instances/Instances 1/rl5934_03.gt,5933,500.0,86400.0,PTVRP_LAYERED_SAFE,3708635.0,312,2,0.0068,303,8,3,32919,5.54846,,0,0,45294,0,0,0,
Instances/Instances 1/rl5934_04.gt,5933,1000.0,86400.0,PTVRP_LAYERED_SAFE,2127667.0,157,1,0.0058,154,6,2,24595,4.14546,,0,0,32451,0,0,0,
Instances/Instances 1/rl5934_05.gt,5933,2000.0,86400.0,PTVRP_LAYERED_SAFE,1299956.0,80,1,0.0051,76,4,1,17752,2.99208,,0,0,22251,0,0,0,
Instances/Instances 1/rl5934_06.gt,5933,5000.0,86400.0,PTVRP_LAYERED_SAFE,833835.0,34,1,0.0045,31,2,1,11675,1.96781,,0,0,3278,0,0,0,
Instances/Instances 1/rl5934_07.gt,5933,10000.0,86400.0,PTVRP_LAYERED_SAFE,681392.0,19,1,0.0045,16,2,1,9956,1.67807,,0,0,25695,0,0,0,
Instances/Instances 1/rl5934_08.gt,5933,20000.0,86400.0,PTVRP_LAYERED_SAFE,613159.0,9,1,0.0042,8,1,1,5933,1.0,,0,0,2296,0,0,0,
Instances/Instances 1/rl5934_09.gt,5933,50000.0,86400.0,PTVRP_LAYERED_SAFE,610282.0,9,1,0.0045,4,1,1,5933,1.0,,0,0,24288,0,0,0,
Instances/Instances 1/rl5934_10.gt,5933,100000.0,86400.0,PTVRP_LAYERED_SAFE,610282.0,9,1,0.0043,2,1,1,5933,1.0,,0,0,24288,0,0,0,
Instances/Instances 1/rw1621_01.gt,1620,100.0,86400.0,PTVRP_LAYERED_SAFE,505772.0,301,5,0.0057,419,42,8,52542,32.4333,,0,0,11697,0,0,0,
Instances/Instances 1/rw1621_02.gt,1620,200.0,86400.0,PTVRP_LAYERED_SAFE,256645.0,193,2,0.0047,208,30,4,37477,23.134,,0,0,6863,0,0,0,
Instances/Instances 1/rw1621_03.gt,1620,500.0,86400.0,PTVRP_LAYERED_SAFE,115222.0,87,1,0.0035,83,18,3,23473,14.4895,,0,0,2344,0,0,0,
Instances/Instances 1/rw1621_04.gt,1620,1000.0,86400.0,PTVRP_LAYERED_SAFE,69012.0,45,1,0.0032,43,13,2,16382,10.1123,,0,0,854,0,0,0,
Instances/Instances 1/rw1621_05.gt,1620,2000.0,86400.0,PTVRP_LAYERED_SAFE,47035.0,23,1,0.003,21,9,1,11000,6.79012,,0,0,478,0,0,0,
Instances/Instances 1/rw1621_06.gt,1620,5000.0,86400.0,PTVRP_LAYERED_SAFE,33470.0,10,1,0.0026,9,5,1,6119,3.77716,,0,0,0,0,0,0,
Instances/Instances 1/rw1621_07.gt,1620,10000.0,86400.0,PTVRP_LAYERED_SAFE,29392.0,5,1,0.0024,5,4,1,4128,2.54815,,0,0,0,0,0,0,
Instances/Instances 1/rw1621_08.gt,1620,20000.0,86400.0,PTVRP_LAYERED_SAFE,27739.0,3,1,0.002,3,3,1,2495,1.54012,,0,0,0,0,0,0,
Instances/Instances 1/rw1621_09.gt,1620,50000.0,86400.0,PTVRP_LAYERED_SAFE,27418.0,1,1,0.002,1,1,1,1620,1.0,,0,0,0,0,0,0,
Instances/Instances 1/rw1621_10.gt,1620,100000.0,86400.0,PTVRP_LAYERED_SAFE,27418.0,1,1,0.002,1,1,1,1620,1.0,,0,0,0,0,0,0,
Instances/Instances 1/st70_01.gt,69,100.0,86400.0,PTVRP_LAYERED_SAFE,1877.0,16,2,0.0016,16,16,2,564,8.17391,,0,0,0,0,0,0,
Instances/Instances 1/st70_02.gt,69,200.0,86400.0,PTVRP_LAYERED_SAFE,1254.0,9,1,0.0015,9,9,1,327,4.73913,,0,0,0,0,0,0,
Instances/Instances 1/st70_03.gt,69,500.0,86400.0,PTVRP_LAYERED_SAFE,890.0,5,1,0.0015,4,4,1,166,2.4058,,0,0,0,0,0,0,
Instances/Instances 1/st70_04.gt,69,1000.0,86400.0,PTVRP_LAYERED_SAFE,794.0,3,1,0.0015,2,2,1,93,1.34783,,0,0,0,0,0,0,
Instances/Instances 1/st70_05.gt,69,2000.0,86400.0,PTVRP_LAYERED_SAFE,780.0,1,1,0.0015,1,1,1,69,1.0,,0,0,0,0,0,0,
Instances/Instances 1/st70_06.gt,69,5000.0,86400.0,PTVRP_LAYERED_SAFE,780.0,1,1,0.0015,1,1,1,69,1.0,,0,0,0,0,0,0,
Instances/Instances 1/st70_07.gt,69,10000.0,86400.0,PTVRP_LAYERED_SAFE,780.0,1,1,0.0017,1,1,1,69,1.0,,0,0,0,0,0,0,
Instances/Instances 1/st70_08.gt,69,20000.0,86400.0,PTVRP_LAYERED_SAFE,780.0,1,1,0.0016,1,1,1,69,1.0,,0,0,0,0,0,0,
Instances/Instances 1/st70_09.gt,69,50000.0,86400.0,PTVRP_LAYERED_SAFE,780.0,1,1,0.0016,1,1,1,69,1.0,,0,0,0,0,0,0,
Instances/Instances 1/st70_10.gt,69,100000.0,86400.0,PTVRP_LAYERED_SAFE,780.0,1,1,0.0015,1,1,1,69,1.0,,0,0,0,0,0,0,
Instances/Instances 1/sw24978_01.gt,24977,100.0,86400.0,PTVRP_LAYERED_SAFE,43962617.0,3462,7,0.0472,6385,29,9,429103,17.1799,,0,0,375549,0,0,0,
Instances/Instances 1/sw24978_02.gt,24977,200.0,86400.0,PTVRP_LAYERED_SAFE,22326305.0,2493,4,0.0404,3180,21,7,340038,13.614,,1,0,399340,0,0,0,
Instances/Instances 1/sw24978_03.gt,24977,500.0,86400.0,PTVRP_LAYERED_SAFE,9310817.0,1274,2,0.0312,1272,13,3,239946,9.60668,,0,0,283941,0,0,0,
Instances/Instances 1/sw24978_04.gt,24977,1000.0,86400.0,PTVRP_LAYERED_SAFE,5042409.0,657,1,0.0248,641,9,3,179742,7.1963,,0,0,151918,0,0,0,
Instances/Instances 1/sw24978_05.gt,24977,2000.0,86400.0,PTVRP_LAYERED_SAFE,2891595.0,325,1,0.0202,316,7,2,132653,5.31101,,0,0,73885,0,0,0,
Instances/Instances 1/sw24978_06.gt,24977,5000.0,86400.0,PTVRP_LAYERED_SAFE,1662823.0,133,1,0.017,129,4,1,89942,3.60099,,0,0,47094,0,0,0,
Instances/Instances 1/sw24978_07.gt,24977,10000.0,86400.0,PTVRP_LAYERED_SAFE,1244321.0,68,1,0.0158,64,3,1,66168,2.64916,,0,0,21500,0,0,0,
Instances/Instances 1/sw24978_08.gt,24977,20000.0,86400.0,PTVRP_LAYERED_SAFE,1039172.0,36,1,0.014,32,2,1,45897,1.83757,,0,0,14597,0,0,0,
Instances/Instances 1/sw24978_09.gt,24977,50000.0,86400.0,PTVRP_LAYERED_SAFE,938916.0,16,1,0.0115,13,1,1,24977,1.0,,0,0,42046,0,0,0,
Instances/Instances 1/sw24978_10.gt,24977,100000.0,86400.0,PTVRP_LAYERED_SAFE,921494.0,13,1,0.0128,7,1,1,24977,1.0,,0,0,74907,0,0,0,
Instances/Instances 1/ts225_01.gt,224,100.0,86400.0,PTVRP_LAYERED_SAFE,753549.0,57,2,0.0019,57,7,4,1126,5.02679,,0,0,391,0,0,0,
Instances/Instances 1/ts225_02.gt,224,200.0,86400.0,PTVRP_LAYERED_SAFE,464853.0,35,1,0.0017,32,5,2,871,3.88839,,0,0,493,0,0,0,
Instances/Instances 1/ts225_03.gt,224,500.0,86400.0,PTVRP_LAYERED_SAFE,238729.0,13,1,0.0016,12,3,1,560,2.5,,0,0,269,0,0,0,
Instances/Instances 1/ts225_04.gt,224,1000.0,86400.0,PTVRP_LAYERED_SAFE,175964.0,7,1,0.0017,6,2,1,410,1.83036,,0,0,28,0,0,0,
Instances/Instances 1/ts225_05.gt,224,2000.0,86400.0,PTVRP_LAYERED_SAFE,148763.0,4,1,0.0016,3,2,1,228,1.01786,,0,0,9,0,0,0,
Instances/Instances 1/ts225_06.gt,224,5000.0,86400.0,PTVRP_LAYERED_SAFE,143060.0,3,1,0.0016,2,1,1,224,1.0,,0,0,22,0,0,0,
Instances/Instances 1/ts225_07.gt,224,10000.0,86400.0,PTVRP_LAYERED_SAFE,143060.0,3,1,0.0015,1,1,1,224,1.0,,0,0,22,0,0,0,
Instances/Instances 1/ts225_08.gt,224,20000.0,86400.0,PTVRP_LAYERED_SAFE,143060.0,3,1,0.0016,1,1,1,224,1.0,,0,0,22,0,0,0,
Instances/Instances 1/ts225_09.gt,224,50000.0,86400.0,PTVRP_LAYERED_SAFE,143060.0,3,1,0.0017,1,1,1,224,1.0,,0,0,22,0,0,0,
Instances/Instances 1/ts225_10.gt,224,100000.0,86400.0,PTVRP_LAYERED_SAFE,143060.0,3,1,0.0016,1,1,1,224,1.0,,0,0,22,0,0,0,
Instances/Instances 1/tsp225_01.gt,224,100.0,86400.0,PTVRP_LAYERED_SAFE,20111.0,59,2,0.002,57,37,3,5656,25.25,,0,0,114,0,0,0,
Instances/Instances 1/tsp225_02.gt,224,200.0,86400.0,PTVRP_LAYERED_SAFE,12470.0,33,2,0.0018,32,27,2,3379,15.0848,,0,0,24,0,0,0,
Instances/Instances 1/tsp225_03.gt,224,500.0,86400.0,PTVRP_LAYERED_SAFE,6755.0,13,1,0.0016,12,12,1,1403,6.26339,,0,0,0,0,0,0,
Instances/Instances 1/tsp225_04.gt,224,1000.0,86400.0,PTVRP_LAYERED_SAFE,5378.0,7,1,0.0016,6,6,1,774,3.45536,,0,0,0,0,0,0,
Instances/Instances 1/tsp225_05.gt,224,2000.0,86400.0,PTVRP_LAYERED_SAFE,4684.0,3,1,0.0016,3,3,1,433,1.93304,,0,0,0,0,0,0,
Instances/Instances 1/tsp225_06.gt,224,5000.0,86400.0,PTVRP_LAYERED_SAFE,4425.0,2,1,0.0018,2,2,1,236,1.05357,,0,0,0,0,0,0,
Instances/Instances 1/tsp225_07.gt,224,10000.0,86400.0,PTVRP_LAYERED_SAFE,4418.0,1,1,0.0016,1,1,1,224,1.0,,0,0,0,0,0,0,
Instances/Instances 1/tsp225_08.gt,224,20000.0,86400.0,PTVRP_LAYERED_SAFE,4418.0,1,1,0.0018,1,1,1,224,1.0,,0,0,0,0,0,0,
Instances/Instances 1/tsp225_09.gt,224,50000.0,86400.0,PTVRP_LAYERED_SAFE,4418.0,1,1,0.0017,1,1,1,224,1.0,,0,0,0,0,0,0,
Instances/Instances 1/tsp225_10.gt,224,100000.0,86400.0,PTVRP_LAYERED_SAFE,4418.0,1,1,0.0016,1,1,1,224,1.0,,0,0,0,0,0,0,
Instances/Instances 1/tz6117_01.gt,6116,100.0,86400.0,PTVRP_LAYERED_SAFE,12551427.0,955,6,0.0136,1545,19,8,78047,12.7611,,0,0,69045,0,0,0,
Instances/Instances 1/tz6117_02.gt,6116,200.0,86400.0,PTVRP_LAYERED_SAFE,6569900.0,668,4,0.0108,790,15,6,62211,10.1718,,0,0,73146,0,0,0,
Instances/Instances 1/tz6117_03.gt,6116,500.0,86400.0,PTVRP_LAYERED_SAFE,2774760.0,313,2,0.0082,311,11,4,43394,7.09516,,0,0,47620,0,0,0,
Instances/Instances 1/tz6117_04.gt,6116,1000.0,86400.0,PTVRP_LAYERED_SAFE,1571641.0,163,1,0.0071,158,8,2,32508,5.31524,,0,0,22743,0,0,0,
Instances/Instances 1/tz6117_05.gt,6116,2000.0,86400.0,PTVRP_LAYERED_SAFE,952249.0,80,1,0.0062,77,6,2,23663,3.86903,,0,0,9876,0,0,0,
Instances/Instances 1/tz6117_06.gt,6116,5000.0,86400.0,PTVRP_LAYERED_SAFE,619718.0,33,1,0.005,32,4,1,14776,2.41596,,0,0,2949,0,0,0,
Instances/Instances 1/tz6117_07.gt,6116,10000.0,86400.0,PTVRP_LAYERED_SAFE,499588.0,18,1,0.0048,16,3,1,12489,2.04202,,0,0,1849,0,0,0,
Instances/Instances 1/tz6117_08.gt,6116,20000.0,86400.0,PTVRP_LAYERED_SAFE,441005.0,9,1,0.0044,8,2,1,7425,1.21403,,0,0,1529,0,0,0,
Instances/Instances 1/tz6117_09.gt,6116,50000.0,86400.0,PTVRP_LAYERED_SAFE,422925.0,6,1,0.0042,4,1,1,6116,1.0,,0,0,5087,0,0,0,
Instances/Instances 1/tz6117_10.gt,6116,100000.0,86400.0,PTVRP_LAYERED_SAFE,422925.0,6,1,0.0045,2,1,1,6116,1.0,,0,0,5160,0,0,0,
Instances/Instances 1/u1060_01.gt,1059,100.0,86400.0,PTVRP_LAYERED_SAFE,2929446.0,220,3,0.0031,272,11,5,8175,7.71955,,0,0,4806,0,0,0,
Instances/Instances 1/u1060_02.gt,1059,200.0,86400.0,PTVRP_LAYERED_SAFE,1537507.0,130,3,0.0033,133,8,3,6168,5.82436,,0,0,4232,0,0,0,
Instances/Instances 1/u1060_03.gt,1059,500.0,86400.0,PTVRP_LAYERED_SAFE,729871.0,59,1,0.0027,56,5,2,4180,3.94712,,0,0,1949,0,0,0,
Instances/Instances 1/u1060_04.gt,1059,1000.0,86400.0,PTVRP_LAYERED_SAFE,469462.0,29,1,0.0027,28,3,1,3068,2.89707,,0,0,2186,0,0,0,
Instances/Instances 1/u1060_05.gt,1059,2000.0,86400.0,PTVRP_LAYERED_SAFE,342351.0,15,1,0.0031,14,2,1,2039,1.9254,,0,0,45,0,0,0,
Instances/Instances 1/u1060_06.gt,1059,5000.0,86400.0,PTVRP_LAYERED_SAFE,262408.0,7,1,0.0024,6,2,1,1269,1.1983,,0,0,262,0,0,0,
Instances/Instances 1/u1060_07.gt,1059,10000.0,86400.0,PTVRP_LAYERED_SAFE,245381.0,4,1,0.0022,3,1,1,1059,1.0,,0,0,666,0,0,0,
Instances/Instances 1/u1060_08.gt,1059,20000.0,86400.0,PTVRP_LAYERED_SAFE,245381.0,4,1,0.0025,2,1,1,1059,1.0,,0,0,861,0,0,0,
Instances/Instances 1/u1060_09.gt,1059,50000.0,86400.0,PTVRP_LAYERED_SAFE,245381.0,4,1,0.0024,1,1,1,1059,1.0,,0,0,861,0,0,0,
Instances/Instances 1/u1060_10.gt,1059,100000.0,86400.0,PTVRP_LAYERED_SAFE,245381.0,4,1,0.0023,1,1,1,1059,1.0,,0,0,861,0,0,0,
Instances/Instances 1/u1432_01.gt,1431,100.0,86400.0,PTVRP_LAYERED_SAFE,1689644.0,295,3,0.0052,351,14,4,16825,11.7575,,0,0,5534,0,0,0,
Instances/Instances 1/u1432_02.gt,1431,200.0,86400.0,PTVRP_LAYERED_SAFE,930390.0,189,2,0.0046,184,10,3,12659,8.84626,,0,0,3622,0,0,0,
Instances/Instances 1/u1432_03.gt,1431,500.0,86400.0,PTVRP_LAYERED_SAFE,439256.0,76,1,0.0036,72,6,2,8264,5.77498,,0,0,2009,0,0,0,
Instances/Instances 1/u1432_04.gt,1431,1000.0,86400.0,PTVRP_LAYERED_SAFE,289266.0,39,1,0.0031,37,5,1,5590,3.90636,,0,0,159,0,0,0,
Instances/Instances 1/u1432_05.gt,1431,2000.0,86400.0,PTVRP_LAYERED_SAFE,217969.0,22,1,0.0028,19,3,1,4071,2.84486,,0,0,0,0,0,0,
Instances/Instances 1/u1432_06.gt,1431,5000.0,86400.0,PTVRP_LAYERED_SAFE,173513.0,9,1,0.0027,8,2,1,2662,1.86024,,0,0,0,0,0,0,
Instances/Instances 1/u1432_07.gt,1431,10000.0,86400.0,PTVRP_LAYERED_SAFE,163339.0,6,1,0.0025,4,2,1,1727,1.20685,,0,0,593,0,0,0,
Instances/Instances 1/u1432_08.gt,1431,20000.0,86400.0,PTVRP_LAYERED_SAFE,157856.0,3,1,0.0026,2,1,1,1431,1.0,,0,0,0,0,0,0,
Instances/Instances 1/u1432_09.gt,1431,50000.0,86400.0,PTVRP_LAYERED_SAFE,157856.0,3,1,0.0026,1,1,1,1431,1.0,,0,0,22,0,0,0,
Instances/Instances 1/u1432_10.gt,1431,100000.0,86400.0,PTVRP_LAYERED_SAFE,157856.0,3,1,0.0027,1,1,1,1431,1.0,,0,0,22,0,0,0,
Instances/Instances 1/u159_01.gt,158,100.0,86400.0,PTVRP_LAYERED_SAFE,235559.0,43,2,0.0024,42,10,3,1180,7.46835,,0,0,208,0,0,0,
Instances/Instances 1/u159_02.gt,158,200.0,86400.0,PTVRP_LAYERED_SAFE,124624.0,21,1,0.002,20,7,2,793,5.01899,,0,0,68,0,0,0,
Instances/Instances 1/u159_03.gt,158,500.0,86400.0,PTVRP_LAYERED_SAFE,70246.0,9,1,0.0021,8,4,1,492,3.11392,,0,0,101,0,0,0,
Instances/Instances 1/u159_04.gt,158,1000.0,86400.0,PTVRP_LAYERED_SAFE,55116.0,4,1,0.0021,4,3,1,350,2.21519,,0,0,5,0,0,0,
Instances/Instances 1/u159_05.gt,158,2000.0,86400.0,PTVRP_LAYERED_SAFE,49328.0,3,1,0.0017,2,2,1,235,1.48734,,0,0,0,0,0,0,
Instances/Instances 1/u159_06.gt,158,5000.0,86400.0,PTVRP_LAYERED_SAFE,47792.0,1,1,0.0019,1,1,1,158,1.0,,0,0,0,0,0,0,
Instances/Instances 1/u159_07.gt,158,10000.0,86400.0,PTVRP_LAYERED_SAFE,47792.0,1,1,0.002,1,1,1,158,1.0,,0,0,0,0,0,0,
Instances/Instances 1/u159_08.gt,158,20000.0,86400.0,PTVRP_LAYERED_SAFE,47792.0,1,1,0.0019,1,1,1,158,1.0,,0,0,0,0,0,0,
Instances/Instances 1/u159_09.gt,158,50000.0,86400.0,PTVRP_LAYERED_SAFE,47792.0,1,1,0.0023,1,1,1,158,1.0,,0,0,0,0,0,0,
Instances/Instances 1/u159_10.gt,158,100000.0,86400.0,PTVRP_LAYERED_SAFE,47792.0,1,1,0.0021,1,1,1,158,1.0,,0,0,0,0,0,0,
Instances/Instances 1/u1817_01.gt,1816,100.0,86400.0,PTVRP_LAYERED_SAFE,908323.0,349,4,0.0074,466,28,5,41446,22.8227,,0,0,8829,0,0,0,
Instances/Instances 1/u1817_02.gt,1816,200.0,86400.0,PTVRP_LAYERED_SAFE,471171.0,234,2,0.0055,232,20,3,29907,16.4686,,0,0,5142,0,0,0,
Instances/Instances 1/u1817_03.gt,1816,500.0,86400.0,PTVRP_LAYERED_SAFE,214917.0,97,1,0.0042,93,13,2,18945,10.4323,,0,0,2096,0,0,0,
Instances/Instances 1/u1817_04.gt,1816,1000.0,86400.0,PTVRP_LAYERED_SAFE,136524.0,50,1,0.0034,47,9,1,13494,7.43062,,0,0,963,0,0,0,
Instances/Instances 1/u1817_05.gt,1816,2000.0,86400.0,PTVRP_LAYERED_SAFE,94826.0,26,1,0.0033,24,6,1,9727,5.35628,,0,0,820,0,0,0,
Instances/Instances 1/u1817_06.gt,1816,5000.0,86400.0,PTVRP_LAYERED_SAFE,71523.0,11,1,0.0031,10,4,1,6120,3.37004,,0,0,90,0,0,0,
Instances/Instances 1/u1817_07.gt,1816,10000.0,86400.0,PTVRP_LAYERED_SAFE,64609.0,6,1,0.0027,5,3,1,4269,2.35077,,0,0,0,0,0,0,
Instances/Instances 1/u1817_08.gt,1816,20000.0,86400.0,PTVRP_LAYERED_SAFE,61253.0,3,1,0.0028,3,2,1,2853,1.57104,,0,0,0,0,0,0,
Instances/Instances 1/u1817_09.gt,1816,50000.0,86400.0,PTVRP_LAYERED_SAFE,60413.0,2,1,0.0025,1,1,1,1816,1.0,,0,0,0,0,0,0,
Instances/Instances 1/u1817_10.gt,1816,100000.0,86400.0,PTVRP_LAYERED_SAFE,60413.0,2,1,0.0024,1,1,1,1816,1.0,,0,0,0,0,0,0,
Instances/Instances 1/u2152_01.gt,2151,100.0,86400.0,PTVRP_LAYERED_SAFE,1077821.0,423,4,0.0083,551,28,5,50239,23.3561,,0,0,11826,0,0,0,
Instances/Instances 1/u2152_02.gt,2151,200.0,86400.0,PTVRP_LAYERED_SAFE,564444.0,269,3,0.0062,274,19,3,36398,16.9214,,0,0,7211,0,0,0,
Instances/Instances 1/u2152_03.gt,2151,500.0,86400.0,PTVRP_LAYERED_SAFE,256154.0,117,1,0.0051,111,13,2,23566,10.9558,,0,0,2697,0,0,0,
Instances/Instances 1/u2152_04.gt,2151,1000.0,86400.0,PTVRP_LAYERED_SAFE,157044.0,58,1,0.004,55,9,1,16227,7.54393,,0,0,213,0,0,0,
Instances/Instances 1/u2152_05.gt,2151,2000.0,86400.0,PTVRP_LAYERED_SAFE,108100.0,29,1,0.0039,28,6,1,11761,5.46769,,0,0,120,0,0,0,
Instances/Instances 1/u2152_06.gt,2151,5000.0,86400.0,PTVRP_LAYERED_SAFE,80318.0,13,1,0.0032,11,4,1,7467,3.47141,,0,0,0,0,0,0,
Instances/Instances 1/u2152_07.gt,2151,10000.0,86400.0,PTVRP_LAYERED_SAFE,71831.0,7,1,0.0034,6,3,1,5298,2.46304,,0,0,0,0,0,0,
Instances/Instances 1/u2152_08.gt,2151,20000.0,86400.0,PTVRP_LAYERED_SAFE,68776.0,5,1,0.0029,3,2,1,3524,1.63831,,0,0,0,0,0,0,
Instances/Instances 1/u2152_09.gt,2151,50000.0,86400.0,PTVRP_LAYERED_SAFE,67272.0,2,1,0.003,2,1,1,2151,1.0,,0,0,0,0,0,0,
Instances/Instances 1/u2152_10.gt,2151,100000.0,86400.0,PTVRP_LAYERED_SAFE,67272.0,2,1,0.0027,1,1,1,2151,1.0,,0,0,0,0,0,0,
Instances/Instances 1/u2319_01.gt,2318,100.0,86400.0,PTVRP_LAYERED_SAFE,2655554.0,494,4,0.0074,593,15,4,28957,12.4922,,0,0,8729,0,0,0,
Instances/Instances 1/u2319_02.gt,2318,200.0,86400.0,PTVRP_LAYERED_SAFE,1410729.0,307,2,0.0062,297,11,2,21379,9.22304,,0,0,5034,0,0,0,
Instances/Instances 1/u2319_03.gt,2318,500.0,86400.0,PTVRP_LAYERED_SAFE,676171.0,126,1,0.0041,119,7,2,13844,5.97239,,0,0,1661,0,0,0,
Instances/Instances 1/u2319_04.gt,2318,1000.0,86400.0,PTVRP_LAYERED_SAFE,444889.0,65,1,0.0039,60,5,1,9827,4.23943,,0,0,1191,0,0,0,
Instances/Instances 1/u2319_05.gt,2318,2000.0,86400.0,PTVRP_LAYERED_SAFE,328171.0,32,1,0.004,30,3,1,6709,2.89431,,0,0,0,0,0,0,
Instances/Instances 1/u2319_06.gt,2318,5000.0,86400.0,PTVRP_LAYERED_SAFE,267819.0,14,1,0.0032,12,2,1,4449,1.91933,,0,0,0,0,0,0,
Instances/Instances 1/u2319_07.gt,2318,10000.0,86400.0,PTVRP_LAYERED_SAFE,250126.0,8,1,0.0032,6,2,1,4197,1.81061,,0,0,2518,0,0,0,
Instances/Instances 1/u2319_08.gt,2318,20000.0,86400.0,PTVRP_LAYERED_SAFE,243057.0,4,1,0.003,3,1,1,2318,1.0,,0,0,0,0,0,0,
Instances/Instances 1/u2319_09.gt,2318,50000.0,86400.0,PTVRP_LAYERED_SAFE,243057.0,4,1,0.0028,2,1,1,2318,1.0,,0,0,170,0,0,0,
Instances/Instances 1/u2319_10.gt,2318,100000.0,86400.0,PTVRP_LAYERED_SAFE,243057.0,4,1,0.0032,1,1,1,2318,1.0,,0,0,170,0,0,0,
Instances/Instances 1/u574_01.gt,573,100.0,86400.0,PTVRP_LAYERED_SAFE,315211.0,137,2,0.0035,149,19,4,9297,16.2251,,0,0,1340,0,0,0,
Instances/Instances 1/u574_02.gt,573,200.0,86400.0,PTVRP_LAYERED_SAFE,170127.0,80,2,0.0026,74,14,2,6600,11.5183,,0,0,705,0,0,0,
Instances/Instances 1/u574_03.gt,573,500.0,86400.0,PTVRP_LAYERED_SAFE,84338.0,32,1,0.0024,29,8,1,4000,6.9808,,0,0,275,0,0,0,
Instances/Instances 1/u574_04.gt,573,1000.0,86400.0,PTVRP_LAYERED_SAFE,59257.0,16,1,0.0026,15,6,1,2849,4.97208,,0,0,391,0,0,0,
Instances/Instances 1/u574_05.gt,573,2000.0,86400.0,PTVRP_LAYERED_SAFE,47781.0,9,1,0.0023,8,4,1,1810,3.15881,,0,0,0,0,0,0,
Instances/Instances 1/u574_06.gt,573,5000.0,86400.0,PTVRP_LAYERED_SAFE,41906.0,4,1,0.0023,4,3,1,1144,1.99651,,0,0,0,0,0,0,
Instances/Instances 1/u574_07.gt,573,10000.0,86400.0,PTVRP_LAYERED_SAFE,40177.0,2,1,0.0022,2,2,1,766,1.33682,,0,0,0,0,0,0,
Instances/Instances 1/u574_08.gt,573,20000.0,86400.0,PTVRP_LAYERED_SAFE,40130.0,1,1,0.0023,1,1,1,573,1.0,,0,0,0,0,0,0,
Instances/Instances 1/u574_09.gt,573,50000.0,86400.0,PTVRP_LAYERED_SAFE,40130.0,1,1,0.002,1,1,1,573,1.0,,0,0,0,0,0,0,
Instances/Instances 1/u574_10.gt,573,100000.0,86400.0,PTVRP_LAYERED_SAFE,40130.0,1,1,0.0022,1,1,1,573,1.0,,0,0,0,0,0,0,
Instances/Instances 1/u724_01.gt,723,100.0,86400.0,PTVRP_LAYERED_SAFE,394021.0,162,4,0.0042,187,21,5,12459,17.2324,,0,0,1973,0,0,0,
Instances/Instances 1/u724_02.gt,723,200.0,86400.0,PTVRP_LAYERED_SAFE,211719.0,99,2,0.0033,93,15,3,8811,12.1867,,0,0,1025,0,0,0,
Instances/Instances 1/u724_03.gt,723,500.0,86400.0,PTVRP_LAYERED_SAFE,103492.0,38,1,0.0028,36,9,2,5351,7.40111,,0,0,394,0,0,0,
Instances/Instances 1/u724_04.gt,723,1000.0,86400.0,PTVRP_LAYERED_SAFE,72273.0,21,1,0.0027,19,7,1,3765,5.20747,,0,0,137,0,0,0,
Instances/Instances 1/u724_05.gt,723,2000.0,86400.0,PTVRP_LAYERED_SAFE,55174.0,11,1,0.0027,10,5,1,2547,3.52282,,0,0,185,0,0,0,
Instances/Instances 1/u724_06.gt,723,5000.0,86400.0,PTVRP_LAYERED_SAFE,46182.0,5,1,0.0024,4,3,1,1603,2.21715,,0,0,0,0,0,0,
Instances/Instances 1/u724_07.gt,723,10000.0,86400.0,PTVRP_LAYERED_SAFE,45169.0,3,1,0.0022,2,2,1,1032,1.42739,,0,0,0,0,0,0,
Instances/Instances 1/u724_08.gt,723,20000.0,86400.0,PTVRP_LAYERED_SAFE,44989.0,1,1,0.0024,1,1,1,723,1.0,,0,0,0,0,0,0,
Instances/Instances 1/u724_09.gt,723,50000.0,86400.0,PTVRP_LAYERED_SAFE,44989.0,1,1,0.0021,1,1,1,723,1.0,,0,0,0,0,0,0,
Instances/Instances 1/u724_10.gt,723,100000.0,86400.0,PTVRP_LAYERED_SAFE,44989.0,1,1,0.002,1,1,1,723,1.0,,0,0,0,0,0,0,
Instances/Instances 1/usa13509_01.gt,13508,100.0,86400.0,PTVRP_LAYERED_SAFE,NO SOLUTION,,,0.0084,3453,9,0,8683,0.642804,,0,0,0,0,0,0,
Instances/Instances 1/usa13509_02.gt,13508,200.0,86400.0,PTVRP_LAYERED_SAFE,NO SOLUTION,,,0.008,1713,6,0,7841,0.580471,,0,0,0,0,0,0,
Instances/Instances 1/usa13509_03.gt,13508,500.0,86400.0,PTVRP_LAYERED_SAFE,NO SOLUTION,,,0.0075,688,4,0,6699,0.495928,,0,0,0,0,0,0,
Instances/Instances 1/usa13509_04.gt,13508,1000.0,86400.0,PTVRP_LAYERED_SAFE,NO SOLUTION,,,0.0078,345,3,0,6293,0.465872,,0,0,0,0,0,0,
Instances/Instances 1/usa13509_05.gt,13508,2000.0,86400.0,PTVRP_LAYERED_SAFE,NO SOLUTION,,,0.0075,173,2,0,6206,0.459431,,0,0,0,0,0,0,
Instances/Instances 1/usa13509_06.gt,13508,5000.0,86400.0,PTVRP_LAYERED_SAFE,NO SOLUTION,,,0.0077,69,1,0,6142,0.454694,,0,0,0,0,0,0,
Instances/Instances 1/usa13509_07.gt,13508,10000.0,86400.0,PTVRP_LAYERED_SAFE,NO SOLUTION,,,0.0076,35,1,0,6142,0.454694,,0,0,0,0,0,0,
Instances/Instances 1/usa13509_08.gt,13508,20000.0,86400.0,PTVRP_LAYERED_SAFE,NO SOLUTION,,,0.0074,18,1,0,6142,0.454694,,0,0,0,0,0,0,
Instances/Instances 1/usa13509_09.gt,13508,50000.0,86400.0,PTVRP_LAYERED_SAFE,NO SOLUTION,,,0.0071,7,1,0,6142,0.454694,,0,0,0,0,0,0,
Instances/Instances 1/usa13509_10.gt,13508,100000.0,86400.0,PTVRP_LAYERED_SAFE,NO SOLUTION,,,0.007,4,1,0,6142,0.454694,,0,0,0,0,0,0,
Instances/Instances 1/uy734_01.gt,733,100.0,86400.0,PTVRP_LAYERED_SAFE,732294.0,158,3,0.0032,184,20,6,9046,12.3411,,0,0,2515,0,0,0,
Instances/Instances 1/uy734_02.gt,733,200.0,86400.0,PTVRP_LAYERED_SAFE,411705.0,99,3,0.0027,98,14,3,6760,9.22237,,0,0,1423,0,0,0,
Instances/Instances 1/uy734_03.gt,733,500.0,86400.0,PTVRP_LAYERED_SAFE,199476.0,40,1,0.0022,38,8,1,4248,5.79536,,0,0,629,0,0,0,
Instances/Instances 1/uy734_04.gt,733,1000.0,86400.0,PTVRP_LAYERED_SAFE,136400.0,21,1,0.0022,19,5,1,2904,3.9618,,0,0,102,0,0,0,
Instances/Instances 1/uy734_05.gt,733,2000.0,86400.0,PTVRP_LAYERED_SAFE,105514.0,11,1,0.002,10,4,1,2004,2.73397,,0,0,53,0,0,0,
Instances/Instances 1/uy734_06.gt,733,5000.0,86400.0,PTVRP_LAYERED_SAFE,90227.0,5,1,0.0018,4,2,1,1274,1.73806,,0,0,0,0,0,0,
Instances/Instances 1/uy734_07.gt,733,10000.0,86400.0,PTVRP_LAYERED_SAFE,85530.0,3,1,0.0019,2,2,1,938,1.27967,,0,0,425,0,0,0,
Instances/Instances 1/uy734_08.gt,733,20000.0,86400.0,PTVRP_LAYERED_SAFE,85164.0,1,1,0.0018,1,1,1,733,1.0,,0,0,0,0,0,0,
Instances/Instances 1/uy734_09.gt,733,50000.0,86400.0,PTVRP_LAYERED_SAFE,85164.0,1,1,0.0018,1,1,1,733,1.0,,0,0,0,0,0,0,
Instances/Instances 1/uy734_10.gt,733,100000.0,86400.0,PTVRP_LAYERED_SAFE,85164.0,1,1,0.0019,1,1,1,733,1.0,,0,0,0,0,0,0,
Instances/Instances 1/vm1084_01.gt,1083,100.0,86400.0,PTVRP_LAYERED_SAFE,3726449.0,217,4,0.0032,278,12,5,7966,7.35549,,0,0,6929,0,0,0,
Instances/Instances 1/vm1084_02.gt,1083,200.0,86400.0,PTVRP_LAYERED_SAFE,1932716.0,130,3,0.0028,140,9,4,6219,5.74238,,0,0,7214,0,0,0,
Instances/Instances 1/vm1084_03.gt,1083,500.0,86400.0,PTVRP_LAYERED_SAFE,881795.0,59,1,0.0023,56,6,2,4263,3.93629,,0,0,5434,0,0,0,
Instances/Instances 1/vm1084_04.gt,1083,1000.0,86400.0,PTVRP_LAYERED_SAFE,538552.0,29,1,0.0024,28,4,1,3131,2.89104,,0,0,2576,0,0,0,
Instances/Instances 1/vm1084_05.gt,1083,2000.0,86400.0,PTVRP_LAYERED_SAFE,381674.0,16,1,0.0021,14,3,1,2290,2.1145,,0,0,1361,0,0,0,
Instances/Instances 1/vm1084_06.gt,1083,5000.0,86400.0,PTVRP_LAYERED_SAFE,285395.0,7,1,0.0022,6,2,1,1471,1.35826,,0,0,1246,0,0,0,
Instances/Instances 1/vm1084_07.gt,1083,10000.0,86400.0,PTVRP_LAYERED_SAFE,260270.0,4,1,0.0022,3,1,1,1083,1.0,,0,0,438,0,0,0,
Instances/Instances 1/vm1084_08.gt,1083,20000.0,86400.0,PTVRP_LAYERED_SAFE,260270.0,4,1,0.0021,2,1,1,1083,1.0,,0,0,453,0,0,0,
Instances/Instances 1/vm1084_09.gt,1083,50000.0,86400.0,PTVRP_LAYERED_SAFE,260270.0,4,1,0.0022,1,1,1,1083,1.0,,0,0,453,0,0,0,
Instances/Instances 1/vm1084_10.gt,1083,100000.0,86400.0,PTVRP_LAYERED_SAFE,260270.0,4,1,0.0021,1,1,1,1083,1.0,,0,0,453,0,0,0,
Instances/Instances 1/vm1748_01.gt,1747,100.0,86400.0,PTVRP_LAYERED_SAFE,6327619.0,317,5,0.0042,450,12,5,13060,7.47567,,0,0,12504,0,0,0,
Instances/Instances 1/vm1748_02.gt,1747,200.0,86400.0,PTVRP_LAYERED_SAFE,3280108.0,216,3,0.0034,223,9,4,10337,5.917,,0,0,13097,0,0,0,
Instances/Instances 1/vm1748_03.gt,1747,500.0,86400.0,PTVRP_LAYERED_SAFE,1460856.0,92,2,0.0029,90,6,2,7248,4.14883,,0,0,10787,0,0,0,
Instances/Instances 1/vm1748_04.gt,1747,1000.0,86400.0,PTVRP_LAYERED_SAFE,890115.0,49,1,0.0027,46,5,1,5426,3.1059,,0,0,8388,0,0,0,
Instances/Instances 1/vm1748_05.gt,1747,2000.0,86400.0,PTVRP_LAYERED_SAFE,609402.0,24,1,0.0026,23,3,1,3981,2.27876,,0,0,4095,0,0,0,
Instances/Instances 1/vm1748_06.gt,1747,5000.0,86400.0,PTVRP_LAYERED_SAFE,428261.0,10,1,0.0025,9,2,1,2674,1.53062,,0,0,2055,0,0,0,
Instances/Instances 1/vm1748_07.gt,1747,10000.0,86400.0,PTVRP_LAYERED_SAFE,376320.0,6,1,0.0025,5,1,1,1747,1.0,,0,0,1712,0,0,0,
Instances/Instances 1/vm1748_08.gt,1747,20000.0,86400.0,PTVRP_LAYERED_SAFE,370285.0,5,1,0.0025,3,1,1,1747,1.0,,0,0,2490,0,0,0,
Instances/Instances 1/vm1748_09.gt,1747,50000.0,86400.0,PTVRP_LAYERED_SAFE,370285.0,5,1,0.0026,1,1,1,1747,1.0,,0,0,2490,0,0,0,
Instances/Instances 1/vm1748_10.gt,1747,100000.0,86400.0,PTVRP_LAYERED_SAFE,370285.0,5,1,0.0024,1,1,1,1747,1.0,,0,0,2490,0,0,0,
Instances/Instances 1/vm22775_01.gt,22774,100.0,86400.0,PTVRP_LAYERED_SAFE,54441730.0,2712,8,0.04,5807,32,10,345163,15.156,,0,0,421348,0,0,0,
Instances/Instances 1/vm22775_02.gt,22774,200.0,86400.0,PTVRP_LAYERED_SAFE,27584502.0,1942,5,0.0327,2904,22,7,288561,12.6706,,0,0,537808,0,0,0,
Instances/Instances 1/vm22775_03.gt,22774,500.0,86400.0,PTVRP_LAYERED_SAFE,11229261.0,1107,3,0.0306,1158,15,4,216404,9.50224,,0,0,509920,0,0,0,
Instances/Instances 1/vm22775_04.gt,22774,1000.0,86400.0,PTVRP_LAYERED_SAFE,5855160.0,588,2,0.0258,580,10,3,166622,7.31633,,0,0,321120,0,0,0,
Instances/Instances 1/vm22775_05.gt,22774,2000.0,86400.0,PTVRP_LAYERED_SAFE,3205006.0,296,1,0.0219,292,8,3,126440,5.55195,,0,0,187275,0,0,0,
Instances/Instances 1/vm22775_06.gt,22774,5000.0,86400.0,PTVRP_LAYERED_SAFE,1611192.0,118,1,0.0159,116,5,2,85693,3.76276,,0,0,70410,0,0,0,
Instances/Instances 1/vm22775_07.gt,22774,10000.0,86400.0,PTVRP_LAYERED_SAFE,1085937.0,61,1,0.0145,59,3,1,65035,2.85567,,0,0,49095,0,0,0,
Instances/Instances 1/vm22775_08.gt,22774,20000.0,86400.0,PTVRP_LAYERED_SAFE,824494.0,30,1,0.0138,30,2,1,44766,1.96566,,0,0,4235,0,0,0,
Instances/Instances 1/vm22775_09.gt,22774,50000.0,86400.0,PTVRP_LAYERED_SAFE,667934.0,13,1,0.0117,12,2,1,23411,1.02797,,0,0,2475,0,0,0,
Instances/Instances 1/vm22775_10.gt,22774,100000.0,86400.0,PTVRP_LAYERED_SAFE,630951.0,8,1,0.0119,6,1,1,22774,1.0,,0,0,177982,0,0,0,
Instances/Instances 1/wi29_01.gt,28,100.0,86400.0,PTVRP_LAYERED_SAFE,63832.0,8,1,0.0018,7,5,1,98,3.5,,0,0,11,0,0,0,
Instances/Instances 1/wi29_02.gt,28,200.0,86400.0,PTVRP_LAYERED_SAFE,43652.0,5,1,0.0021,4,3,1,53,1.89286,,0,0,0,0,0,0,
Instances/Instances 1/wi29_03.gt,28,500.0,86400.0,PTVRP_LAYERED_SAFE,34911.0,3,1,0.0017,2,2,1,36,1.28571,,0,0,0,0,0,0,
Instances/Instances 1/wi29_04.gt,28,1000.0,86400.0,PTVRP_LAYERED_SAFE,33110.0,1,1,0.0017,1,1,1,28,1.0,,0,0,0,0,0,0,
Instances/Instances 1/wi29_05.gt,28,2000.0,86400.0,PTVRP_LAYERED_SAFE,33110.0,1,1,0.0016,1,1,1,28,1.0,,0,0,0,0,0,0,
Instances/Instances 1/wi29_06.gt,28,5000.0,86400.0,PTVRP_LAYERED_SAFE,33110.0,1,1,0.0015,1,1,1,28,1.0,,0,0,0,0,0,0,
Instances/Instances 1/wi29_07.gt,28,10000.0,86400.0,PTVRP_LAYERED_SAFE,33110.0,1,1,0.0016,1,1,1,28,1.0,,0,0,0,0,0,0,
Instances/Instances 1/wi29_08.gt,28,20000.0,86400.0,PTVRP_LAYERED_SAFE,33110.0,1,1,0.0016,1,1,1,28,1.0,,0,0,0,0,0,0,
Instances/Instances 1/wi29_09.gt,28,50000.0,86400.0,PTVRP_LAYERED_SAFE,33110.0,1,1,0.0016,1,1,1,28,1.0,,0,0,0,0,0,0,
Instances/Instances 1/wi29_10.gt,28,100000.0,86400.0,PTVRP_LAYERED_SAFE,33110.0,1,1,0.0016,1,1,1,28,1.0,,0,0,0,0,0,0,
Instances/Instances 1/ym7663_01.gt,7662,100.0,86400.0,PTVRP_LAYERED_SAFE,7752216.0,1133,5,0.0183,1951,32,8,168814,22.0326,,0,0,95759,0,0,0,
Instances/Instances 1/ym7663_02.gt,7662,200.0,86400.0,PTVRP_LAYERED_SAFE,4018081.0,839,3,0.0157,990,23,4,128826,16.8136,,0,0,77086,0,0,0,
Instances/Instances 1/ym7663_03.gt,7662,500.0,86400.0,PTVRP_LAYERED_SAFE,1695913.0,401,2,0.0111,389,15,3,85761,11.193,,0,0,34707,0,0,0,
Instances/Instances 1/ym7663_04.gt,7662,1000.0,86400.0,PTVRP_LAYERED_SAFE,953947.0,201,1,0.0096,196,10,2,62917,8.21156,,0,0,16706,0,0,0,
Instances/Instances 1/ym7663_05.gt,7662,2000.0,86400.0,PTVRP_LAYERED_SAFE,584538.0,101,1,0.0092,98,7,2,45198,5.89898,,0,0,9943,0,0,0,
Instances/Instances 1/ym7663_06.gt,7662,5000.0,86400.0,PTVRP_LAYERED_SAFE,374947.0,41,1,0.0061,39,5,1,28503,3.72005,,0,0,2671,0,0,0,
Instances/Instances 1/ym7663_07.gt,7662,10000.0,86400.0,PTVRP_LAYERED_SAFE,306692.0,22,1,0.0059,20,3,1,20356,2.65675,,0,0,1537,0,0,0,
Instances/Instances 1/ym7663_08.gt,7662,20000.0,86400.0,PTVRP_LAYERED_SAFE,274088.0,11,1,0.0051,10,2,1,14426,1.8828,,0,0,98,0,0,0,
Instances/Instances 1/ym7663_09.gt,7662,50000.0,86400.0,PTVRP_LAYERED_SAFE,257285.0,5,1,0.0048,4,2,1,8966,1.17019,,0,0,3005,0,0,0,
Instances/Instances 1/ym7663_10.gt,7662,100000.0,86400.0,PTVRP_LAYERED_SAFE,255251.0,4,1,0.0047,2,1,1,7662,1.0,,0,0,2205,0,0,0,
Instances/Instances 1/zi929_01.gt,928,100.0,86400.0,PTVRP_LAYERED_SAFE,1109222.0,162,5,0.0031,240,31,7,13862,14.9375,,0,0,6659,0,0,0,
Instances/Instances 1/zi929_02.gt,928,200.0,86400.0,PTVRP_LAYERED_SAFE,570785.0,108,4,0.0028,117,20,4,9705,10.458,,0,0,3632,0,0,0,
Instances/Instances 1/zi929_03.gt,928,500.0,86400.0,PTVRP_LAYERED_SAFE,275845.0,50,1,0.0024,47,10,2,5816,6.26724,,0,0,1429,0,0,0,
Instances/Instances 1/zi929_04.gt,928,1000.0,86400.0,PTVRP_LAYERED_SAFE,181723.0,26,1,0.0022,24,6,2,3897,4.19935,,0,0,603,0,0,0,
Instances/Instances 1/zi929_05.gt,928,2000.0,86400.0,PTVRP_LAYERED_SAFE,137565.0,14,1,0.002,12,4,1,2620,2.82328,,0,0,157,0,0,0,
Instances/Instances 1/zi929_06.gt,928,5000.0,86400.0,PTVRP_LAYERED_SAFE,111798.0,6,1,0.002,5,2,1,1662,1.79095,,0,0,0,0,0,0,
Instances/Instances 1/zi929_07.gt,928,10000.0,86400.0,PTVRP_LAYERED_SAFE,101349.0,3,1,0.0021,3,2,1,1266,1.36422,,0,0,291,0,0,0,
Instances/Instances 1/zi929_08.gt,928,20000.0,86400.0,PTVRP_LAYERED_SAFE,100905.0,2,1,0.002,2,1,1,928,1.0,,0,0,8,0,0,0,
Instances/Instances 1/zi929_09.gt,928,50000.0,86400.0,PTVRP_LAYERED_SAFE,100905.0,2,1,0.002,1,1,1,928,1.0,,0,0,8,0,0,0,
Instances/Instances 1/zi929_10.gt,928,100000.0,86400.0,PTVRP_LAYERED_SAFE,100905.0,2,1,0.002,1,1,1,928,1.0,,0,0,8,0,0,0,
Instances/Instances 2/a280_01.gt,279,20.0,86400.0,PTVRP_LAYERED_SAFE,73065.0,134,8,0.0034,359,112,8,24984,89.5484,,0,0,774,0,0,0,
Instances/Instances 2/a280_02.gt,279,20.0,86400.0,PTVRP_LAYERED_SAFE,69627.0,138,6,0.003,340,112,8,24406,87.4767,,0,0,776,0,0,0,
Instances/Instances 2/a280_03.gt,279,20.0,86400.0,PTVRP_LAYERED_SAFE,70033.0,138,6,0.0029,348,110,9,24899,89.2437,,0,0,784,0,0,0,
Instances/Instances 2/a280_04.gt,279,20.0,86400.0,PTVRP_LAYERED_SAFE,72211.0,126,8,0.0029,359,110,9,24765,88.7634,,0,0,787,0,0,0,
Instances/Instances 2/a280_05.gt,279,20.0,86400.0,PTVRP_LAYERED_SAFE,71540.0,129,7,0.003,353,113,8,24664,88.4014,,0,0,796,0,0,0,
Instances/Instances 2/a280_06.gt,279,20.0,86400.0,PTVRP_LAYERED_SAFE,72625.0,125,7,0.0033,351,110,8,25016,89.6631,,0,0,772,0,0,0,
Instances/Instances 2/a280_07.gt,279,20.0,86400.0,PTVRP_LAYERED_SAFE,75409.0,146,7,0.0031,372,110,9,25328,90.7814,,0,0,821,0,0,0,
Instances/Instances 2/a280_08.gt,279,20.0,86400.0,PTVRP_LAYERED_SAFE,73218.0,131,7,0.0029,358,109,8,25139,90.1039,,0,0,805,0,0,0,
Instances/Instances 2/a280_09.gt,279,20.0,86400.0,PTVRP_LAYERED_SAFE,70552.0,137,9,0.0028,349,108,9,24487,87.767,,0,0,777,0,0,0,
Instances/Instances 2/a280_10.gt,279,20.0,86400.0,PTVRP_LAYERED_SAFE,69316.0,136,7,0.0032,340,110,9,24599,88.1685,,0,0,755,0,0,0,
Instances/Instances 2/ar9152_01.gt,9151,20.0,86400.0,PTVRP_LAYERED_SAFE,NO SOLUTION,,,0.012,11651,42,14,139332,15.2259,,0,0,27835,0,0,0,
Instances/Instances 2/ar9152_02.gt,9151,20.0,86400.0,PTVRP_LAYERED_SAFE,NO SOLUTION,,,0.0137,11655,44,15,139681,15.264,,0,0,27847,0,0,0,
Instances/Instances 2/ar9152_03.gt,9151,20.0,86400.0,PTVRP_LAYERED_SAFE,NO SOLUTION,,,0.0118,11639,42,14,139548,15.2495,,0,0,27716,0,0,0,
Instances/Instances 2/ar9152_04.gt,9151,20.0,86400.0,PTVRP_LAYERED_SAFE,NO SOLUTION,,,0.012,11643,43,14,139503,15.2446,,0,0,27703,0,0,0,
Instances/Instances 2/ar9152_05.gt,9151,20.0,86400.0,PTVRP_LAYERED_SAFE,NO SOLUTION,,,0.0117,11732,41,14,139212,15.2128,,0,0,27804,0,0,0,
Instances/Instances 2/ar9152_06.gt,9151,20.0,86400.0,PTVRP_LAYERED_SAFE,NO SOLUTION,,,0.0129,11735,42,13,139466,15.2405,,0,0,27623,0,0,0,
Instances/Instances 2/ar9152_07.gt,9151,20.0,86400.0,PTVRP_LAYERED_SAFE,NO SOLUTION,,,0.0117,11698,42,16,139247,15.2166,,0,0,27604,0,0,0,
Instances/Instances 2/ar9152_08.gt,9151,20.0,86400.0,PTVRP_LAYERED_SAFE,NO SOLUTION,,,0.0118,11656,43,14,139572,15.2521,,0,0,27620,0,0,0,
Instances/Instances 2/ar9152_09.gt,9151,20.0,86400.0,PTVRP_LAYERED_SAFE,NO SOLUTION,,,0.0117,11756,43,15,139882,15.286,,0,0,27483,0,0,0,
Instances/Instances 2/ar9152_10.gt,9151,20.0,86400.0,PTVRP_LAYERED_SAFE,NO SOLUTION,,,0.0118,11667,42,14,139423,15.2358,,0,0,27651,0,0,0,
Instances/Instances 2/berlin52_01.gt,51,20.0,86400.0,PTVRP_LAYERED_SAFE,51496.0,35,4,0.0017,59,31,4,1076,21.098,,0,0,32,0,0,0,
Instances/Instances 2/berlin52_02.gt,51,20.0,86400.0,PTVRP_LAYERED_SAFE,55621.0,31,4,0.0018,66,34,4,1140,22.3529,,0,0,33,0,0,0,
Instances/Instances 2/berlin52_03.gt,51,20.0,86400.0,PTVRP_LAYERED_SAFE,68168.0,35,5,0.0016,71,35,5,1127,22.098,,0,0,34,0,0,0,
Instances/Instances 2/berlin52_04.gt,51,20.0,86400.0,PTVRP_LAYERED_SAFE,65530.0,41,4,0.0017,72,34,5,1174,23.0196,,0,0,40,0,0,0,
Instances/Instances 2/berlin52_05.gt,51,20.0,86400.0,PTVRP_LAYERED_SAFE,65234.0,35,5,0.0018,68,34,5,1098,21.5294,,0,0,35,0,0,0,
Instances/Instances 2/berlin52_06.gt,51,20.0,86400.0,PTVRP_LAYERED_SAFE,59666.0,29,5,0.0017,61,31,5,1097,21.5098,,0,0,29,0,0,0,
Instances/Instances 2/berlin52_07.gt,51,20.0,86400.0,PTVRP_LAYERED_SAFE,70707.0,37,5,0.0017,75,35,5,1124,22.0392,,0,0,42,0,0,0,
Instances/Instances 2/berlin52_08.gt,51,20.0,86400.0,PTVRP_LAYERED_SAFE,55987.0,33,5,0.0016,59,32,5,990,19.4118,,0,0,32,0,0,0,
Instances/Instances 2/berlin52_09.gt,51,20.0,86400.0,PTVRP_LAYERED_SAFE,67848.0,34,4,0.0018,67,33,4,1120,21.9608,,0,0,36,0,0,0,
Instances/Instances 2/berlin52_10.gt,51,20.0,86400.0,PTVRP_LAYERED_SAFE,64579.0,35,4,0.0017,66,36,4,1142,22.3922,,0,0,42,0,0,0,
Instances/Instances 2/bier127_01.gt,126,20.0,86400.0,PTVRP_LAYERED_SAFE,1285131.0,74,5,0.0019,154,17,6,1244,9.87302,,0,0,156,0,0,0,
Instances/Instances 2/bier127_02.gt,126,20.0,86400.0,PTVRP_LAYERED_SAFE,1373509.0,77,5,0.0018,171,17,5,1283,10.1825,,0,0,156,0,0,0,
Instances/Instances 2/bier127_03.gt,126,20.0,86400.0,PTVRP_LAYERED_SAFE,1315115.0,81,7,0.002,166,20,7,1329,10.5476,,0,0,164,0,0,0,
Instances/Instances 2/bier127_04.gt,126,20.0,86400.0,PTVRP_LAYERED_SAFE,1384370.0,74,6,0.0019,157,17,6,1227,9.7381,,0,0,159,0,0,0,
Instances/Instances 2/bier127_05.gt,126,20.0,86400.0,PTVRP_LAYERED_SAFE,1350243.0,73,5,0.0019,163,18,5,1295,10.2778,,0,0,178,0,0,0,
Instances/Instances 2/bier127_06.gt,126,20.0,86400.0,PTVRP_LAYERED_SAFE,1283571.0,69,6,0.0018,162,18,6,1252,9.93651,,0,0,164,0,0,0,
Instances/Instances 2/bier127_07.gt,126,20.0,86400.0,PTVRP_LAYERED_SAFE,1309712.0,71,6,0.0019,153,17,6,1243,9.86508,,0,0,159,0,0,0,
Instances/Instances 2/bier127_08.gt,126,20.0,86400.0,PTVRP_LAYERED_SAFE,1220999.0,76,4,0.0019,151,17,5,1268,10.0635,,0,0,154,0,0,0,
Instances/Instances 2/bier127_09.gt,126,20.0,86400.0,PTVRP_LAYERED_SAFE,1330236.0,72,6,0.002,165,18,6,1286,10.2063,,0,0,154,0,0,0,
Instances/Instances 2/bier127_10.gt,126,20.0,86400.0,PTVRP_LAYERED_SAFE,1210161.0,76,6,0.0018,146,16,6,1205,9.56349,,0,0,161,0,0,0,
Instances/Instances 2/bm33708_01.gt,33707,20.0,86400.0,PTVRP_LAYERED_SAFE,266607781.0,9733,18,0.0951,42941,74,18,924280,27.421,,0,0,265506,0,0,0,
Instances/Instances 2/bm33708_02.gt,33707,20.0,86400.0,PTVRP_LAYERED_SAFE,266537121.0,9755,17,0.0925,42884,72,22,923581,27.4003,,0,0,265088,0,0,0,
Instances/Instances 2/bm33708_03.gt,33707,20.0,86400.0,PTVRP_LAYERED_SAFE,267500602.0,9706,17,0.0956,42965,71,18,923823,27.4075,,0,0,265564,0,0,0,
Instances/Instances 2/bm33708_04.gt,33707,20.0,86400.0,PTVRP_LAYERED_SAFE,267076808.0,9835,18,0.089,42897,69,19,922477,27.3675,,0,0,265138,0,0,0,
Instances/Instances 2/bm33708_05.gt,33707,20.0,86400.0,PTVRP_LAYERED_SAFE,267589178.0,9756,17,0.0882,42879,71,20,922451,27.3667,,0,0,265715,0,0,0,
Instances/Instances 2/bm33708_06.gt,33707,20.0,86400.0,PTVRP_LAYERED_SAFE,266496539.0,9774,18,0.0924,42996,73,20,924762,27.4353,,0,0,265285,0,0,0,
Instances/Instances 2/bm33708_07.gt,33707,20.0,86400.0,PTVRP_LAYERED_SAFE,268064290.0,9867,18,0.0888,43026,72,19,923214,27.3894,,0,0,264636,0,0,0,
Instances/Instances 2/bm33708_08.gt,33707,20.0,86400.0,PTVRP_LAYERED_SAFE,267513339.0,9944,18,0.0925,43041,74,19,924267,27.4206,,0,0,264236,0,0,0,
Instances/Instances 2/bm33708_09.gt,33707,20.0,86400.0,PTVRP_LAYERED_SAFE,266621135.0,9803,17,0.0906,42855,70,21,923126,27.3868,,0,0,265570,0,0,0,
Instances/Instances 2/bm33708_10.gt,33707,20.0,86400.0,PTVRP_LAYERED_SAFE,265598639.0,9651,18,0.0876,42756,72,18,923020,27.3836,,0,0,265412,0,0,0,
Instances/Instances 2/brd14051_01.gt,14050,20.0,86400.0,PTVRP_LAYERED_SAFE,81780746.0,4064,20,0.038,17885,61,23,433771,30.8734,,0,0,113713,0,0,0,
Instances/Instances 2/brd14051_02.gt,14050,20.0,86400.0,PTVRP_LAYERED_SAFE,81057860.0,4037,19,0.0382,17767,60,19,433072,30.8236,,0,0,113902,0,0,0,
Instances/Instances 2/brd14051_03.gt,14050,20.0,86400.0,PTVRP_LAYERED_SAFE,81217832.0,4104,16,0.0411,17852,59,18,434324,30.9127,,0,0,113336,0,0,0,
Instances/Instances 2/brd14051_04.gt,14050,20.0,86400.0,PTVRP_LAYERED_SAFE,81710438.0,4117,19,0.0433,17895,61,19,434180,30.9025,,0,0,113432,0,0,0,
Instances/Instances 2/brd14051_05.gt,14050,20.0,86400.0,PTVRP_LAYERED_SAFE,81621139.0,4123,21,0.0406,17927,61,24,434359,30.9152,,1,0,113060,0,0,0,
Instances/Instances 2/brd14051_06.gt,14050,20.0,86400.0,PTVRP_LAYERED_SAFE,81705145.0,4124,15,0.041,17891,60,19,433762,30.8727,,0,0,113488,0,0,0,
Instances/Instances 2/brd14051_07.gt,14050,20.0,86400.0,PTVRP_LAYERED_SAFE,81806096.0,4136,16,0.0429,17977,61,21,434885,30.9527,,0,0,113262,0,0,0,
Instances/Instances 2/brd14051_08.gt,14050,20.0,86400.0,PTVRP_LAYERED_SAFE,82753631.0,4160,16,0.0416,18077,61,21,434746,30.9428,,0,0,113077,0,0,0,
Instances/Instances 2/brd14051_09.gt,14050,20.0,86400.0,PTVRP_LAYERED_SAFE,82016611.0,4152,16,0.0388,17993,60,19,434844,30.9498,,0,0,113471,0,0,0,
Instances/Instances 2/brd14051_10.gt,14050,20.0,86400.0,PTVRP_LAYERED_SAFE,81447471.0,4106,20,0.0392,17823,58,20,433422,30.8485,,0,0,113597,0,0,0,
Instances/Instances 2/ca4663_01.gt,4662,20.0,86400.0,PTVRP_LAYERED_SAFE,NO SOLUTION,,,0.0049,5906,20,4,17861,3.83119,,0,0,712,0,0,0,
Instances/Instances 2/ca4663_02.gt,4662,20.0,86400.0,PTVRP_LAYERED_SAFE,NO SOLUTION,,,0.005,5919,20,4,18018,3.86486,,0,0,750,0,0,0,
Instances/Instances 2/ca4663_03.gt,4662,20.0,86400.0,PTVRP_LAYERED_SAFE,NO SOLUTION,,,0.0045,5965,19,4,17916,3.84299,,0,0,697,0,0,0,
Instances/Instances 2/ca4663_04.gt,4662,20.0,86400.0,PTVRP_LAYERED_SAFE,NO SOLUTION,,,0.0047,5938,19,4,17979,3.8565,,0,0,717,0,0,0,
Instances/Instances 2/ca4663_05.gt,4662,20.0,86400.0,PTVRP_LAYERED_SAFE,NO SOLUTION,,,0.0045,5898,20,4,17935,3.84706,,0,0,699,0,0,0,
Instances/Instances 2/ca4663_06.gt,4662,20.0,86400.0,PTVRP_LAYERED_SAFE,NO SOLUTION,,,0.0045,5884,21,4,17985,3.85779,,0,0,679,0,0,0,
Instances/Instances 2/ca4663_07.gt,4662,20.0,86400.0,PTVRP_LAYERED_SAFE,NO SOLUTION,,,0.0043,5926,18,4,17940,3.84813,,0,0,740,0,0,0,
Instances/Instances 2/ca4663_08.gt,4662,20.0,86400.0,PTVRP_LAYERED_SAFE,NO SOLUTION,,,0.0048,5925,19,4,17917,3.8432,,0,0,716,0,0,0,
Instances/Instances 2/ca4663_09.gt,4662,20.0,86400.0,PTVRP_LAYERED_SAFE,NO SOLUTION,,,0.0043,5914,18,4,18021,3.86551,,0,0,749,0,0,0,
Instances/Instances 2/ca4663_10.gt,4662,20.0,86400.0,PTVRP_LAYERED_SAFE,NO SOLUTION,,,0.0043,5895,19,4,18065,3.87495,,0,0,801,0,0,0,
Instances/Instances 2/ch130_01.gt,129,20.0,86400.0,PTVRP_LAYERED_SAFE,97546.0,65,6,0.002,163,51,7,4918,38.124,,0,0,199,0,0,0,
Instances/Instances 2/ch130_02.gt,129,20.0,86400.0,PTVRP_LAYERED_SAFE,100776.0,73,8,0.0025,166,50,8,5020,38.9147,,0,0,194,0,0,0,
Instances/Instances 2/ch130_03.gt,129,20.0,86400.0,PTVRP_LAYERED_SAFE,99916.0,69,6,0.0022,161,49,6,4895,37.9457,,0,0,192,0,0,0,
Instances/Instances 2/ch130_04.gt,129,20.0,86400.0,PTVRP_LAYERED_SAFE,108977.0,71,7,0.0022,175,54,7,5289,41.0,,0,0,198,0,0,0,
Instances/Instances 2/ch130_05.gt,129,20.0,86400.0,PTVRP_LAYERED_SAFE,96310.0,68,6,0.0021,160,48,7,4971,38.5349,,0,0,190,0,0,0,
Instances/Instances 2/ch130_06.gt,129,20.0,86400.0,PTVRP_LAYERED_SAFE,94305.0,69,7,0.002,158,50,9,4833,37.4651,,0,0,182,0,0,0,
Instances/Instances 2/ch130_07.gt,129,20.0,86400.0,PTVRP_LAYERED_SAFE,95705.0,72,6,0.0023,156,48,6,4923,38.1628,,0,0,174,0,0,0,
Instances/Instances 2/ch130_08.gt,129,20.0,86400.0,PTVRP_LAYERED_SAFE,105568.0,69,6,0.0021,173,51,8,5161,40.0078,,0,0,201,0,0,0,
Instances/Instances 2/ch130_09.gt,129,20.0,86400.0,PTVRP_LAYERED_SAFE,97617.0,74,6,0.0023,158,50,6,4863,37.6977,,0,0,193,0,0,0,
Instances/Instances 2/ch130_10.gt,129,20.0,86400.0,PTVRP_LAYERED_SAFE,97471.0,68,6,0.0024,161,50,6,4867,37.7287,,0,0,194,0,0,0,
Instances/Instances 2/ch150_01.gt,149,20.0,86400.0,PTVRP_LAYERED_SAFE,125618.0,83,6,0.0021,204,55,8,6326,42.4564,,0,0,260,0,0,0,
Instances/Instances 2/ch150_02.gt,149,20.0,86400.0,PTVRP_LAYERED_SAFE,109287.0,74,7,0.0025,174,49,7,5745,38.557,,0,0,248,0,0,0,
Instances/Instances 2/ch150_03.gt,149,20.0,86400.0,PTVRP_LAYERED_SAFE,111233.0,84,7,0.0024,182,55,7,6004,40.2953,,1,0,242,0,0,0,
Instances/Instances 2/ch150_04.gt,149,20.0,86400.0,PTVRP_LAYERED_SAFE,116220.0,79,11,0.0024,190,52,11,6137,41.1879,,0,0,260,0,0,0,
Instances/Instances 2/ch150_05.gt,149,20.0,86400.0,PTVRP_LAYERED_SAFE,121717.0,87,7,0.002,201,54,7,6313,42.3691,,0,0,272,0,0,0,
Instances/Instances 2/ch150_06.gt,149,20.0,86400.0,PTVRP_LAYERED_SAFE,112498.0,82,7,0.0021,183,55,7,6008,40.3221,,0,0,267,0,0,0,
Instances/Instances 2/ch150_07.gt,149,20.0,86400.0,PTVRP_LAYERED_SAFE,119674.0,74,8,0.002,193,53,8,6262,42.0268,,0,0,270,0,0,0,
Instances/Instances 2/ch150_08.gt,149,20.0,86400.0,PTVRP_LAYERED_SAFE,123117.0,76,7,0.002,195,53,7,6003,40.2886,,0,0,261,0,0,0,
Instances/Instances 2/ch150_09.gt,149,20.0,86400.0,PTVRP_LAYERED_SAFE,114490.0,78,6,0.0023,190,51,8,6129,41.1342,,0,0,262,0,0,0,
Instances/Instances 2/ch150_10.gt,149,20.0,86400.0,PTVRP_LAYERED_SAFE,116533.0,80,5,0.0021,189,50,6,6161,41.349,,0,0,264,0,0,0,
Instances/Instances 2/ch71009_01.gt,71008,20.0,86400.0,PTVRP_LAYERED_SAFE,NO SOLUTION,,,0.071,90409,46,2,856895,12.0676,,0,0,6,0,0,0,
Instances/Instances 2/ch71009_02.gt,71008,20.0,86400.0,PTVRP_LAYERED_SAFE,NO SOLUTION,,,0.0672,90460,46,2,856428,12.061,,0,0,7,0,0,0,
Instances/Instances 2/ch71009_03.gt,71008,20.0,86400.0,PTVRP_LAYERED_SAFE,NO SOLUTION,,,0.0691,90428,43,1,857114,12.0707,,0,0,3,0,0,0,
Instances/Instances 2/ch71009_04.gt,71008,20.0,86400.0,PTVRP_LAYERED_SAFE,NO SOLUTION,,,0.0706,90436,43,2,856728,12.0652,,0,0,6,0,0,0,
Instances/Instances 2/ch71009_05.gt,71008,20.0,86400.0,PTVRP_LAYERED_SAFE,NO SOLUTION,,,0.0688,90569,41,2,857357,12.0741,,0,0,25,0,0,0,
Instances/Instances 2/ch71009_06.gt,71008,20.0,86400.0,PTVRP_LAYERED_SAFE,NO SOLUTION,,,0.0658,90417,43,2,856810,12.0664,,0,0,13,0,0,0,
Instances/Instances 2/ch71009_07.gt,71008,20.0,86400.0,PTVRP_LAYERED_SAFE,NO SOLUTION,,,0.0654,90401,43,1,857171,12.0715,,0,0,4,0,0,0,
Instances/Instances 2/ch71009_08.gt,71008,20.0,86400.0,PTVRP_LAYERED_SAFE,NO SOLUTION,,,0.0664,90520,42,2,856131,12.0568,,0,0,14,0,0,0,
Instances/Instances 2/ch71009_09.gt,71008,20.0,86400.0,PTVRP_LAYERED_SAFE,NO SOLUTION,,,0.0683,90525,44,2,856760,12.0657,,0,0,30,0,0,0,
Instances/Instances 2/ch71009_10.gt,71008,20.0,86400.0,PTVRP_LAYERED_SAFE,NO SOLUTION,,,0.0692,90377,43,2,857775,12.08,,0,0,7,0,0,0,
Instances/Instances 2/d1291_01.gt,1290,20.0,86400.0,PTVRP_LAYERED_SAFE,3596492.0,488,13,0.0062,1730,59,18,53480,41.4574,,0,0,8511,0,0,0,
Instances/Instances 2/d1291_02.gt,1290,20.0,86400.0,PTVRP_LAYERED_SAFE,3267831.0,493,10,0.0067,1581,60,13,51750,40.1163,,0,0,8533,0,0,0,
Instances/Instances 2/d1291_03.gt,1290,20.0,86400.0,PTVRP_LAYERED_SAFE,3436670.0,483,12,0.006,1660,60,14,52921,41.024,,0,0,8541,0,0,0,
Instances/Instances 2/d1291_04.gt,1290,20.0,86400.0,PTVRP_LAYERED_SAFE,3363161.0,501,13,0.0062,1631,59,15,52498,40.6961,,0,0,8510,0,0,0,
Instances/Instances 2/d1291_05.gt,1290,20.0,86400.0,PTVRP_LAYERED_SAFE,3429998.0,492,10,0.0059,1632,59,15,52241,40.4969,,0,0,8419,0,0,0,
Instances/Instances 2/d1291_06.gt,1290,20.0,86400.0,PTVRP_LAYERED_SAFE,3413697.0,465,11,0.0057,1643,58,15,52559,40.7434,,0,0,8639,0,0,0,
Instances/Instances 2/d1291_07.gt,1290,20.0,86400.0,PTVRP_LAYERED_SAFE,3385304.0,487,10,0.0059,1638,58,15,52478,40.6806,,0,0,8394,0,0,0,
Instances/Instances 2/d1291_08.gt,1290,20.0,86400.0,PTVRP_LAYERED_SAFE,3368128.0,461,14,0.0056,1639,61,16,52543,40.731,,0,0,8571,0,0,0,
Instances/Instances 2/d1291_09.gt,1290,20.0,86400.0,PTVRP_LAYERED_SAFE,3418892.0,493,12,0.0057,1644,56,15,52448,40.6574,,0,0,8569,0,0,0,
Instances/Instances 2/d1291_10.gt,1290,20.0,86400.0,PTVRP_LAYERED_SAFE,3383842.0,470,18,0.0055,1628,61,18,52114,40.3984,,0,0,8475,0,0,0,
Instances/Instances 2/d15112_01.gt,15111,20.0,86400.0,PTVRP_LAYERED_SAFE,269951897.0,6659,13,0.0374,19205,39,13,191944,12.7023,,0,0,59217,0,0,0,
Instances/Instances 2/d15112_02.gt,15111,20.0,86400.0,PTVRP_LAYERED_SAFE,272296027.0,6790,13,0.0376,19381,44,13,192603,12.7459,,0,0,58876,0,0,0,
Instances/Instances 2/d15112_03.gt,15111,20.0,86400.0,PTVRP_LAYERED_SAFE,267831077.0,6600,13,0.0365,19159,41,13,192007,12.7064,,0,0,59313,0,0,0,
Instances/Instances 2/d15112_04.gt,15111,20.0,86400.0,PTVRP_LAYERED_SAFE,271386986.0,6780,12,0.0362,19293,48,14,192084,12.7115,,0,0,58968,0,0,0,
Instances/Instances 2/d15112_05.gt,15111,20.0,86400.0,PTVRP_LAYERED_SAFE,269217706.0,6736,11,0.0389,19144,43,12,192033,12.7082,,0,0,59400,0,0,0,
Instances/Instances 2/d15112_06.gt,15111,20.0,86400.0,PTVRP_LAYERED_SAFE,272615922.0,6748,12,0.0413,19408,45,14,192397,12.7322,,0,0,59010,0,0,0,
Instances/Instances 2/d15112_07.gt,15111,20.0,86400.0,PTVRP_LAYERED_SAFE,270564799.0,6641,13,0.04,19347,41,14,192452,12.7359,,0,0,59024,0,0,0,
Instances/Instances 2/d15112_08.gt,15111,20.0,86400.0,PTVRP_LAYERED_SAFE,271805424.0,6838,12,0.0382,19305,39,14,191993,12.7055,,0,0,58777,0,0,0,
Instances/Instances 2/d15112_09.gt,15111,20.0,86400.0,PTVRP_LAYERED_SAFE,273322269.0,6816,14,0.0418,19380,39,14,192102,12.7127,,0,0,59181,0,0,0,
Instances/Instances 2/d15112_10.gt,15111,20.0,86400.0,PTVRP_LAYERED_SAFE,269279118.0,6708,12,0.0368,19193,43,14,191960,12.7033,,0,0,59245,0,0,0,
Instances/Instances 2/d1655_01.gt,1654,20.0,86400.0,PTVRP_LAYERED_SAFE,4311096.0,614,14,0.0067,2092,56,14,67621,40.8833,,0,0,11191,0,0,0,
Instances/Instances 2/d1655_02.gt,1654,20.0,86400.0,PTVRP_LAYERED_SAFE,4471021.0,594,12,0.0066,2148,64,14,67990,41.1064,,0,0,11204,0,0,0,
Instances/Instances 2/d1655_03.gt,1654,20.0,86400.0,PTVRP_LAYERED_SAFE,4285921.0,596,12,0.0068,2085,58,15,67719,40.9426,,0,0,11325,0,0,0,
Instances/Instances 2/d1655_04.gt,1654,20.0,86400.0,PTVRP_LAYERED_SAFE,4342170.0,601,13,0.0068,2097,58,14,67517,40.8204,,0,0,11169,0,0,0,
Instances/Instances 2/d1655_05.gt,1654,20.0,86400.0,PTVRP_LAYERED_SAFE,4321143.0,606,11,0.0066,2108,59,14,67975,41.0973,,0,0,11430,0,0,0,
Instances/Instances 2/d1655_06.gt,1654,20.0,86400.0,PTVRP_LAYERED_SAFE,4361788.0,586,13,0.0074,2109,56,14,67641,40.8954,,1,0,11200,0,0,0,
Instances/Instances 2/d1655_07.gt,1654,20.0,86400.0,PTVRP_LAYERED_SAFE,4415572.0,587,12,0.0077,2119,62,14,67706,40.9347,,0,0,11205,0,0,0,
Instances/Instances 2/d1655_08.gt,1654,20.0,86400.0,PTVRP_LAYERED_SAFE,4420119.0,573,13,0.0073,2132,63,16,67988,41.1052,,0,0,11313,0,0,0,
Instances/Instances 2/d1655_09.gt,1654,20.0,86400.0,PTVRP_LAYERED_SAFE,4454408.0,593,11,0.0076,2157,58,15,68415,41.3634,,0,0,11152,0,0,0,
Instances/Instances 2/d1655_10.gt,1654,20.0,86400.0,PTVRP_LAYERED_SAFE,4456696.0,604,13,0.007,2147,59,15,68024,41.127,,0,0,11233,0,0,0,
Instances/Instances 2/d18512_01.gt,18511,20.0,86400.0,PTVRP_LAYERED_SAFE,116490296.0,5262,16,0.0549,23700,58,20,530888,28.6796,,0,0,145858,0,0,0,
Instances/Instances 2/d18512_02.gt,18511,20.0,86400.0,PTVRP_LAYERED_SAFE,115151869.0,5273,18,0.0494,23462,60,18,529873,28.6248,,0,0,146262,0,0,0,
Instances/Instances 2/d18512_03.gt,18511,20.0,86400.0,PTVRP_LAYERED_SAFE,116670558.0,5381,16,0.0504,23661,60,18,529881,28.6252,,0,0,144942,0,0,0,
Instances/Instances 2/d18512_04.gt,18511,20.0,86400.0,PTVRP_LAYERED_SAFE,116055615.0,5306,18,0.049,23585,57,18,529789,28.6202,,0,0,145514,0,0,0,
Instances/Instances 2/d18512_05.gt,18511,20.0,86400.0,PTVRP_LAYERED_SAFE,116156809.0,5315,16,0.0497,23628,57,19,530225,28.6438,,0,0,145394,0,0,0,
Instances/Instances 2/d18512_06.gt,18511,20.0,86400.0,PTVRP_LAYERED_SAFE,116330575.0,5363,17,0.0479,23643,59,20,530258,28.6456,,0,0,145377,0,0,0,
Instances/Instances 2/d18512_07.gt,18511,20.0,86400.0,PTVRP_LAYERED_SAFE,115406918.0,5244,18,0.0485,23500,59,20,530010,28.6322,,0,0,146052,0,0,0,
Instances/Instances 2/d18512_08.gt,18511,20.0,86400.0,PTVRP_LAYERED_SAFE,116422205.0,5311,18,0.0484,23692,58,19,530782,28.6739,,0,0,145068,0,0,0,
Instances/Instances 2/d18512_09.gt,18511,20.0,86400.0,PTVRP_LAYERED_SAFE,117224983.0,5365,18,0.0496,23832,58,20,531464,28.7107,,0,0,144889,0,0,0,
Instances/Instances 2/d18512_10.gt,18511,20.0,86400.0,PTVRP_LAYERED_SAFE,117109102.0,5370,16,0.0491,23743,62,20,530592,28.6636,,0,0,145230,0,0,0,
Instances/Instances 2/d198_01.gt,197,20.0,86400.0,PTVRP_LAYERED_SAFE,391429.0,92,8,0.0023,261,54,10,6911,35.0812,,0,0,569,0,0,0,
Instances/Instances 2/d198_02.gt,197,20.0,86400.0,PTVRP_LAYERED_SAFE,408690.0,91,8,0.0022,259,54,8,6937,35.2132,,0,0,555,0,0,0,
Instances/Instances 2/d198_03.gt,197,20.0,86400.0,PTVRP_LAYERED_SAFE,417189.0,82,10,0.0026,263,55,10,6897,35.0102,,0,0,557,0,0,0,
Instances/Instances 2/d198_04.gt,197,20.0,86400.0,PTVRP_LAYERED_SAFE,407027.0,89,7,0.0024,263,56,10,6929,35.1726,,0,0,578,0,0,0,
Instances/Instances 2/d198_05.gt,197,20.0,86400.0,PTVRP_LAYERED_SAFE,408752.0,91,8,0.0022,259,54,9,6862,34.8325,,0,0,584,0,0,0,
Instances/Instances 2/d198_06.gt,197,20.0,86400.0,PTVRP_LAYERED_SAFE,392701.0,87,9,0.0022,245,50,11,6531,33.1523,,0,0,556,0,0,0,
Instances/Instances 2/d198_07.gt,197,20.0,86400.0,PTVRP_LAYERED_SAFE,391049.0,87,7,0.0022,245,54,11,6854,34.7919,,0,0,551,0,0,0,
Instances/Instances 2/d198_08.gt,197,20.0,86400.0,PTVRP_LAYERED_SAFE,411048.0,86,10,0.0021,262,56,10,6947,35.264,,0,0,584,0,0,0,
Instances/Instances 2/d198_09.gt,197,20.0,86400.0,PTVRP_LAYERED_SAFE,398457.0,87,9,0.0022,245,55,9,6734,34.1827,,0,0,566,0,0,0,
Instances/Instances 2/d198_10.gt,197,20.0,86400.0,PTVRP_LAYERED_SAFE,419449.0,94,9,0.0022,259,51,10,6842,34.731,,0,0,535,0,0,0,
Instances/Instances 2/d2103_01.gt,2102,20.0,86400.0,PTVRP_LAYERED_SAFE,6627894.0,737,13,0.0079,2722,52,13,80650,38.3682,,0,0,15312,0,0,0,
Instances/Instances 2/d2103_02.gt,2102,20.0,86400.0,PTVRP_LAYERED_SAFE,6550658.0,765,14,0.0088,2693,53,14,80647,38.3668,,0,0,15428,0,0,0,
Instances/Instances 2/d2103_03.gt,2102,20.0,86400.0,PTVRP_LAYERED_SAFE,6670710.0,738,12,0.0084,2734,55,16,80858,38.4672,,0,0,15349,0,0,0,
Instances/Instances 2/d2103_04.gt,2102,20.0,86400.0,PTVRP_LAYERED_SAFE,6510116.0,736,11,0.0078,2687,56,14,80590,38.3397,,0,0,15520,0,0,0,
Instances/Instances 2/d2103_05.gt,2102,20.0,86400.0,PTVRP_LAYERED_SAFE,6523059.0,769,12,0.008,2686,54,14,80615,38.3516,,0,0,15413,0,0,0,
Instances/Instances 2/d2103_06.gt,2102,20.0,86400.0,PTVRP_LAYERED_SAFE,6499593.0,734,15,0.008,2701,55,15,81035,38.5514,,0,0,15523,0,0,0,
Instances/Instances 2/d2103_07.gt,2102,20.0,86400.0,PTVRP_LAYERED_SAFE,6603452.0,731,14,0.008,2709,55,15,80732,38.4072,,0,0,15483,0,0,0,
Instances/Instances 2/d2103_08.gt,2102,20.0,86400.0,PTVRP_LAYERED_SAFE,6632885.0,708,15,0.0079,2728,54,15,80924,38.4986,,0,0,15585,0,0,0,
Instances/Instances 2/d2103_09.gt,2102,20.0,86400.0,PTVRP_LAYERED_SAFE,6507514.0,744,12,0.0077,2645,55,13,79602,37.8696,,0,0,15233,0,0,0,
Instances/Instances 2/d2103_10.gt,2102,20.0,86400.0,PTVRP_LAYERED_SAFE,6558459.0,739,12,0.0079,2703,55,16,80752,38.4167,,0,0,15413,0,0,0,
Instances/Instances 2/d493_01.gt,492,20.0,86400.0,PTVRP_LAYERED_SAFE,971521.0,222,9,0.0033,630,55,9,18399,37.3963,,0,0,1791,0,0,0,
Instances/Instances 2/d493_02.gt,492,20.0,86400.0,PTVRP_LAYERED_SAFE,929771.0,227,11,0.0033,598,54,11,17883,36.3476,,0,0,1736,0,0,0,
Instances/Instances 2/d493_03.gt,492,20.0,86400.0,PTVRP_LAYERED_SAFE,981444.0,236,9,0.0038,629,55,10,18258,37.1098,,0,0,1734,0,0,0,
Instances/Instances 2/d493_04.gt,492,20.0,86400.0,PTVRP_LAYERED_SAFE,950693.0,213,9,0.0031,628,54,9,18521,37.6443,,0,0,1817,0,0,0,
Instances/Instances 2/d493_05.gt,492,20.0,86400.0,PTVRP_LAYERED_SAFE,967441.0,217,9,0.0032,635,56,9,18468,37.5366,,0,0,1777,0,0,0,
Instances/Instances 2/d493_06.gt,492,20.0,86400.0,PTVRP_LAYERED_SAFE,979290.0,210,11,0.0037,641,57,11,18709,38.0264,,0,0,1784,0,0,0,
Instances/Instances 2/d493_07.gt,492,20.0,86400.0,PTVRP_LAYERED_SAFE,1009277.0,240,9,0.0033,651,56,9,18629,37.8638,,0,0,1839,0,0,0,
Instances/Instances 2/d493_08.gt,492,20.0,86400.0,PTVRP_LAYERED_SAFE,907855.0,207,8,0.0032,590,57,9,18017,36.6199,,0,0,1760,0,0,0,
Instances/Instances 2/d493_09.gt,492,20.0,86400.0,PTVRP_LAYERED_SAFE,981104.0,219,8,0.0031,634,56,10,18532,37.6667,,0,0,1767,0,0,0,
Instances/Instances 2/d493_10.gt,492,20.0,86400.0,PTVRP_LAYERED_SAFE,936308.0,221,8,0.0031,627,58,11,18480,37.561,,0,0,1783,0,0,0,
Instances/Instances 2/d657_01.gt,656,20.0,86400.0,PTVRP_LAYERED_SAFE,1705077.0,300,10,0.0034,823,47,11,20690,31.5396,,0,0,2559,0,0,0,
Instances/Instances 2/d657_02.gt,656,20.0,86400.0,PTVRP_LAYERED_SAFE,1727859.0,282,10,0.0034,830,41,10,20785,31.6845,,0,0,2531,0,0,0,
Instances/Instances 2/d657_03.gt,656,20.0,86400.0,PTVRP_LAYERED_SAFE,1739518.0,282,9,0.0035,830,43,9,20736,31.6098,,0,0,2642,0,0,0,
Instances/Instances 2/d657_04.gt,656,20.0,86400.0,PTVRP_LAYERED_SAFE,1775842.0,287,9,0.0036,848,43,10,20950,31.936,,0,0,2598,0,0,0,
Instances/Instances 2/d657_05.gt,656,20.0,86400.0,PTVRP_LAYERED_SAFE,1801103.0,289,10,0.0035,861,42,12,21094,32.1555,,0,0,2609,0,0,0,
Instances/Instances 2/d657_06.gt,656,20.0,86400.0,PTVRP_LAYERED_SAFE,1695067.0,288,9,0.0041,810,43,9,20670,31.5091,,0,0,2542,0,0,0,
Instances/Instances 2/d657_07.gt,656,20.0,86400.0,PTVRP_LAYERED_SAFE,1743333.0,270,9,0.0035,831,44,10,20797,31.7027,,0,0,2585,0,0,0,
Instances/Instances 2/d657_08.gt,656,20.0,86400.0,PTVRP_LAYERED_SAFE,1808360.0,267,9,0.0036,861,43,10,21108,32.1768,,0,0,2574,0,0,0,
Instances/Instances 2/d657_09.gt,656,20.0,86400.0,PTVRP_LAYERED_SAFE,1766629.0,282,11,0.0041,829,46,11,20740,31.6159,,0,0,2652,0,0,0,
Instances/Instances 2/d657_10.gt,656,20.0,86400.0,PTVRP_LAYERED_SAFE,1762735.0,287,8,0.0041,845,42,12,20921,31.8918,,0,0,2538,0,0,0,
Instances/Instances 2/dj38_01.gt,37,20.0,86400.0,PTVRP_LAYERED_SAFE,66218.0,22,6,0.0018,51,29,6,734,19.8378,,0,0,31,0,0,0,
Instances/Instances 2/dj38_02.gt,37,20.0,86400.0,PTVRP_LAYERED_SAFE,64157.0,25,6,0.0016,51,29,6,718,19.4054,,0,0,27,0,0,0,
Instances/Instances 2/dj38_03.gt,37,20.0,86400.0,PTVRP_LAYERED_SAFE,61669.0,24,6,0.0017,51,32,6,786,21.2432,,0,0,28,0,0,0,
Instances/Instances 2/dj38_04.gt,37,20.0,86400.0,PTVRP_LAYERED_SAFE,55039.0,25,4,0.0019,43,26,4,618,16.7027,,0,0,30,0,0,0,
Instances/Instances 2/dj38_05.gt,37,20.0,86400.0,PTVRP_LAYERED_SAFE,60527.0,24,4,0.0016,49,29,4,676,18.2703,,0,0,31,0,0,0,
Instances/Instances 2/dj38_06.gt,37,20.0,86400.0,PTVRP_LAYERED_SAFE,60774.0,25,4,0.0019,45,26,4,641,17.3243,,0,0,28,0,0,0,
Instances/Instances 2/dj38_07.gt,37,20.0,86400.0,PTVRP_LAYERED_SAFE,67059.0,23,5,0.0017,53,31,5,781,21.1081,,0,0,31,0,0,0,
Instances/Instances 2/dj38_08.gt,37,20.0,86400.0,PTVRP_LAYERED_SAFE,63246.0,24,5,0.0017,47,26,5,702,18.973,,0,0,28,0,0,0,
Instances/Instances 2/dj38_09.gt,37,20.0,86400.0,PTVRP_LAYERED_SAFE,53493.0,21,5,0.0021,42,26,5,649,17.5405,,0,0,27,0,0,0,
Instances/Instances 2/dj38_10.gt,37,20.0,86400.0,PTVRP_LAYERED_SAFE,60902.0,27,5,0.0018,48,28,6,673,18.1892,,0,0,35,0,0,0,
Instances/Instances 2/eg7146_01.gt,7145,20.0,86400.0,PTVRP_LAYERED_SAFE,28407450.0,2097,19,0.0278,9075,78,20,335130,46.9041,,0,0,77959,0,0,0,
Instances/Instances 2/eg7146_02.gt,7145,20.0,86400.0,PTVRP_LAYERED_SAFE,28073479.0,2042,16,0.0255,9068,82,27,335957,47.0199,,0,0,78176,0,0,0,
Instances/Instances 2/eg7146_03.gt,7145,20.0,86400.0,PTVRP_LAYERED_SAFE,28491277.0,2010,18,0.0269,9134,81,20,335822,47.001,,0,0,77658,0,0,0,
Instances/Instances 2/eg7146_04.gt,7145,20.0,86400.0,PTVRP_LAYERED_SAFE,28123360.0,2092,17,0.0268,9048,81,23,335650,46.9769,,0,0,78047,0,0,0,
Instances/Instances 2/eg7146_05.gt,7145,20.0,86400.0,PTVRP_LAYERED_SAFE,28428563.0,2053,19,0.0267,9143,87,21,336609,47.1111,,0,0,77656,0,0,0,
Instances/Instances 2/eg7146_06.gt,7145,20.0,86400.0,PTVRP_LAYERED_SAFE,28187821.0,2037,20,0.0279,9043,79,24,334966,46.8812,,0,0,77823,0,0,0,
Instances/Instances 2/eg7146_07.gt,7145,20.0,86400.0,PTVRP_LAYERED_SAFE,28409479.0,2134,17,0.0262,9206,85,25,337880,47.289,,0,0,77962,0,0,0,
Instances/Instances 2/eg7146_08.gt,7145,20.0,86400.0,PTVRP_LAYERED_SAFE,28452009.0,2075,18,0.0254,9151,84,23,336528,47.0998,,0,0,77727,0,0,0,
Instances/Instances 2/eg7146_09.gt,7145,20.0,86400.0,PTVRP_LAYERED_SAFE,28190030.0,2054,17,0.0258,9091,80,24,335729,46.988,,0,0,77976,0,0,0,
Instances/Instances 2/eg7146_10.gt,7145,20.0,86400.0,PTVRP_LAYERED_SAFE,28544110.0,2083,19,0.0257,9134,80,22,335529,46.96,,0,0,78001,0,0,0,
Instances/Instances 2/ei8246_01.gt,8245,20.0,86400.0,PTVRP_LAYERED_SAFE,28936243.0,2514,16,0.0304,10565,74,19,343575,41.6707,,0,0,75832,0,0,0,
Instances/Instances 2/ei8246_02.gt,8245,20.0,86400.0,PTVRP_LAYERED_SAFE,28746376.0,2514,18,0.0276,10489,72,19,342924,41.5918,,0,0,76215,0,0,0,
Instances/Instances 2/ei8246_03.gt,8245,20.0,86400.0,PTVRP_LAYERED_SAFE,28768482.0,2556,15,0.0287,10536,73,20,343844,41.7033,,0,0,75945,0,0,0,
Instances/Instances 2/ei8246_04.gt,8245,20.0,86400.0,PTVRP_LAYERED_SAFE,28754078.0,2483,18,0.0282,10490,73,18,342908,41.5898,,0,0,76314,0,0,0,
Instances/Instances 2/ei8246_05.gt,8245,20.0,86400.0,PTVRP_LAYERED_SAFE,28790458.0,2555,18,0.0277,10511,70,19,342988,41.5995,,0,0,75916,0,0,0,
Instances/Instances 2/ei8246_06.gt,8245,20.0,86400.0,PTVRP_LAYERED_SAFE,28772425.0,2557,16,0.029,10506,73,20,343170,41.6216,,0,0,76215,0,0,0,
Instances/Instances 2/ei8246_07.gt,8245,20.0,86400.0,PTVRP_LAYERED_SAFE,28900417.0,2520,19,0.0284,10591,76,20,344301,41.7588,,1,0,76317,0,0,0,
Instances/Instances 2/ei8246_08.gt,8245,20.0,86400.0,PTVRP_LAYERED_SAFE,28655630.0,2455,17,0.0303,10434,69,19,341812,41.4569,,0,0,76371,0,0,0,
Instances/Instances 2/ei8246_09.gt,8245,20.0,86400.0,PTVRP_LAYERED_SAFE,28994360.0,2555,16,0.0297,10610,74,19,344399,41.7706,,0,0,75936,0,0,0,
Instances/Instances 2/ei8246_10.gt,8245,20.0,86400.0,PTVRP_LAYERED_SAFE,28400086.0,2495,17,0.029,10388,75,20,342243,41.5092,,0,0,76411,0,0,0,
Instances/Instances 2/eil101_01.gt,100,20.0,86400.0,PTVRP_LAYERED_SAFE,8224.0,63,6,0.0022,133,133,6,6959,69.59,,0,0,1,0,0,0,
Instances/Instances 2/eil101_02.gt,100,20.0,86400.0,PTVRP_LAYERED_SAFE,7407.0,62,4,0.0023,128,128,4,6390,63.9,,0,0,0,0,0,0,
Instances/Instances 2/eil101_03.gt,100,20.0,86400.0,PTVRP_LAYERED_SAFE,7855.0,58,5,0.0023,130,130,6,6544,65.44,,0,0,0,0,0,0,
Instances/Instances 2/eil101_04.gt,100,20.0,86400.0,PTVRP_LAYERED_SAFE,7190.0,65,5,0.002,121,121,5,6070,60.7,,0,0,0,0,0,0,
Instances/Instances 2/eil101_05.gt,100,20.0,86400.0,PTVRP_LAYERED_SAFE,8342.0,57,7,0.002,141,138,7,6887,68.87,,0,0,2,0,0,0,
Instances/Instances 2/eil101_06.gt,100,20.0,86400.0,PTVRP_LAYERED_SAFE,7020.0,59,6,0.002,115,115,6,6070,60.7,,0,0,0,0,0,0,
Instances/Instances 2/eil101_07.gt,100,20.0,86400.0,PTVRP_LAYERED_SAFE,7268.0,60,6,0.002,128,128,6,6478,64.78,,0,0,0,0,0,0,
Instances/Instances 2/eil101_08.gt,100,20.0,86400.0,PTVRP_LAYERED_SAFE,7768.0,56,5,0.0021,125,125,5,6615,66.15,,0,0,0,0,0,0,
Instances/Instances 2/eil101_09.gt,100,20.0,86400.0,PTVRP_LAYERED_SAFE,7533.0,62,6,0.0021,128,128,6,5881,58.81,,0,0,0,0,0,0,
Instances/Instances 2/eil101_10.gt,100,20.0,86400.0,PTVRP_LAYERED_SAFE,8180.0,62,6,0.0021,133,133,6,6527,65.27,,0,0,0,0,0,0,
Instances/Instances 2/eil51_01.gt,50,20.0,86400.0,PTVRP_LAYERED_SAFE,3528.0,33,5,0.002,61,61,5,1568,31.36,,0,0,0,0,0,0,
Instances/Instances 2/eil51_02.gt,50,20.0,86400.0,PTVRP_LAYERED_SAFE,3959.0,38,4,0.0019,64,64,4,1630,32.6,,0,0,0,0,0,0,
Instances/Instances 2/eil51_03.gt,50,20.0,86400.0,PTVRP_LAYERED_SAFE,3735.0,31,4,0.0022,66,66,4,1647,32.94,,0,0,0,0,0,0,
Instances/Instances 2/eil51_04.gt,50,20.0,86400.0,PTVRP_LAYERED_SAFE,3878.0,33,5,0.0022,65,65,5,1738,34.76,,0,0,0,0,0,0,
Instances/Instances 2/eil51_05.gt,50,20.0,86400.0,PTVRP_LAYERED_SAFE,2841.0,34,4,0.0022,50,50,4,1172,23.44,,0,0,0,0,0,0,
Instances/Instances 2/eil51_06.gt,50,20.0,86400.0,PTVRP_LAYERED_SAFE,3710.0,36,4,0.002,62,62,5,1514,30.28,,0,0,0,0,0,0,
Instances/Instances 2/eil51_07.gt,50,20.0,86400.0,PTVRP_LAYERED_SAFE,3829.0,35,5,0.002,63,63,5,1665,33.3,,0,0,0,0,0,0,
Instances/Instances 2/eil51_08.gt,50,20.0,86400.0,PTVRP_LAYERED_SAFE,3576.0,37,5,0.0018,61,61,6,1695,33.9,,0,0,0,0,0,0,
Instances/Instances 2/eil51_09.gt,50,20.0,86400.0,PTVRP_LAYERED_SAFE,3953.0,31,6,0.0017,67,67,6,1573,31.46,,0,0,0,0,0,0,
Instances/Instances 2/eil51_10.gt,50,20.0,86400.0,PTVRP_LAYERED_SAFE,3961.0,35,7,0.0016,67,67,7,1752,35.04,,0,0,0,0,0,0,
Instances/Instances 2/eil76_01.gt,75,20.0,86400.0,PTVRP_LAYERED_SAFE,5405.0,51,5,0.0017,94,94,5,3541,47.2133,,0,0,0,0,0,0,
Instances/Instances 2/eil76_02.gt,75,20.0,86400.0,PTVRP_LAYERED_SAFE,5462.0,47,5,0.0019,95,95,5,3491,46.5467,,0,0,0,0,0,0,
Instances/Instances 2/eil76_03.gt,75,20.0,86400.0,PTVRP_LAYERED_SAFE,5202.0,48,5,0.0019,88,88,5,3542,47.2267,,0,0,0,0,0,0,
Instances/Instances 2/eil76_04.gt,75,20.0,86400.0,PTVRP_LAYERED_SAFE,5353.0,45,4,0.002,92,92,5,3497,46.6267,,0,0,0,0,0,0,
Instances/Instances 2/eil76_05.gt,75,20.0,86400.0,PTVRP_LAYERED_SAFE,5822.0,49,4,0.002,100,100,4,3875,51.6667,,0,0,0,0,0,0,
Instances/Instances 2/eil76_06.gt,75,20.0,86400.0,PTVRP_LAYERED_SAFE,5093.0,45,4,0.0021,90,90,5,3194,42.5867,,0,0,0,0,0,0,
Instances/Instances 2/eil76_07.gt,75,20.0,86400.0,PTVRP_LAYERED_SAFE,6197.0,49,5,0.0019,104,104,5,4223,56.3067,,0,0,0,0,0,0,
Instances/Instances 2/eil76_08.gt,75,20.0,86400.0,PTVRP_LAYERED_SAFE,6005.0,52,6,0.0021,103,103,6,3988,53.1733,,0,0,0,0,0,0,
Instances/Instances 2/eil76_09.gt,75,20.0,86400.0,PTVRP_LAYERED_SAFE,5550.0,44,5,0.0019,93,93,5,3652,48.6933,,0,0,0,0,0,0,
Instances/Instances 2/eil76_10.gt,75,20.0,86400.0,PTVRP_LAYERED_SAFE,5222.0,50,4,0.0021,89,89,4,3396,45.28,,0,0,0,0,0,0,
Instances/Instances 2/fi10639_01.gt,10638,20.0,86400.0,PTVRP_LAYERED_SAFE,83469131.0,3245,15,0.0304,13547,44,17,251363,23.6288,,0,0,71556,0,0,0,
Instances/Instances 2/fi10639_02.gt,10638,20.0,86400.0,PTVRP_LAYERED_SAFE,83837548.0,3256,15,0.0286,13501,42,16,250021,23.5026,,0,0,71247,0,0,0,
Instances/Instances 2/fi10639_03.gt,10638,20.0,86400.0,PTVRP_LAYERED_SAFE,83200082.0,3188,15,0.0264,13499,45,16,250699,23.5664,,0,0,71570,0,0,0,
Instances/Instances 2/fi10639_04.gt,10638,20.0,86400.0,PTVRP_LAYERED_SAFE,83057911.0,3236,15,0.0283,13459,45,17,250765,23.5726,,0,0,71420,0,0,0,
Instances/Instances 2/fi10639_05.gt,10638,20.0,86400.0,PTVRP_LAYERED_SAFE,83673127.0,3206,15,0.0269,13528,45,16,250555,23.5528,,0,0,71403,0,0,0,
Instances/Instances 2/fi10639_06.gt,10638,20.0,86400.0,PTVRP_LAYERED_SAFE,83690020.0,3237,16,0.027,13519,45,16,250368,23.5353,,0,0,71105,0,0,0,
Instances/Instances 2/fi10639_07.gt,10638,20.0,86400.0,PTVRP_LAYERED_SAFE,84032931.0,3155,15,0.0291,13583,43,17,250877,23.5831,,0,0,71463,0,0,0,
Instances/Instances 2/fi10639_08.gt,10638,20.0,86400.0,PTVRP_LAYERED_SAFE,83891806.0,3254,15,0.0269,13529,43,18,250400,23.5383,,0,0,71232,0,0,0,
Instances/Instances 2/fi10639_09.gt,10638,20.0,86400.0,PTVRP_LAYERED_SAFE,83128034.0,3205,16,0.0272,13519,45,17,251197,23.6132,,0,0,71521,0,0,0,
Instances/Instances 2/fi10639_10.gt,10638,20.0,86400.0,PTVRP_LAYERED_SAFE,83505986.0,3272,16,0.0279,13521,48,17,250624,23.5593,,0,0,71380,0,0,0,
Instances/Instances 2/fl1400_01.gt,1399,20.0,86400.0,PTVRP_LAYERED_SAFE,3522838.0,314,20,0.0069,1777,80,28,82635,59.0672,,0,0,22392,0,0,0,
Instances/Instances 2/fl1400_02.gt,1399,20.0,86400.0,PTVRP_LAYERED_SAFE,3501534.0,343,21,0.0064,1768,79,26,82400,58.8992,,0,0,22469,0,0,0,
Instances/Instances 2/fl1400_03.gt,1399,20.0,86400.0,PTVRP_LAYERED_SAFE,3649593.0,343,20,0.0065,1850,81,29,83483,59.6733,,0,0,22037,0,0,0,
Instances/Instances 2/fl1400_04.gt,1399,20.0,86400.0,PTVRP_LAYERED_SAFE,3605379.0,341,20,0.0069,1805,78,28,82700,59.1137,,0,0,22241,0,0,0,
Instances/Instances 2/fl1400_05.gt,1399,20.0,86400.0,PTVRP_LAYERED_SAFE,3452856.0,356,22,0.0067,1748,80,28,82301,58.8284,,0,0,22705,0,0,0,
Instances/Instances 2/fl1400_06.gt,1399,20.0,86400.0,PTVRP_LAYERED_SAFE,3596218.0,357,20,0.007,1820,81,26,83416,59.6254,,0,0,22370,0,0,0,
Instances/Instances 2/fl1400_07.gt,1399,20.0,86400.0,PTVRP_LAYERED_SAFE,3547896.0,332,20,0.0065,1795,86,27,82869,59.2345,,0,0,22344,0,0,0,
Instances/Instances 2/fl1400_08.gt,1399,20.0,86400.0,PTVRP_LAYERED_SAFE,3455538.0,334,17,0.0073,1761,83,24,82571,59.0214,,0,0,22599,0,0,0,
Instances/Instances 2/fl1400_09.gt,1399,20.0,86400.0,PTVRP_LAYERED_SAFE,3533464.0,326,22,0.0068,1794,88,25,83208,59.4768,,0,0,22701,0,0,0,
Instances/Instances 2/fl1400_10.gt,1399,20.0,86400.0,PTVRP_LAYERED_SAFE,3497474.0,340,21,0.0069,1774,83,27,82823,59.2016,,0,0,22493,0,0,0,
Instances/Instances 2/fl1577_01.gt,1576,20.0,86400.0,PTVRP_LAYERED_SAFE,2552865.0,502,13,0.0087,2005,113,20,105127,66.7049,,0,0,16053,0,0,0,
Instances/Instances 2/fl1577_02.gt,1576,20.0,86400.0,PTVRP_LAYERED_SAFE,2575760.0,501,14,0.0078,2008,112,22,104263,66.1567,,0,0,15907,0,0,0,
Instances/Instances 2/fl1577_03.gt,1576,20.0,86400.0,PTVRP_LAYERED_SAFE,2559176.0,505,13,0.0085,2031,111,18,105288,66.8071,,0,0,16109,0,0,0,
Instances/Instances 2/fl1577_04.gt,1576,20.0,86400.0,PTVRP_LAYERED_SAFE,2529304.0,517,15,0.0078,2034,112,20,105905,67.1986,,0,0,16322,0,0,0,
Instances/Instances 2/fl1577_05.gt,1576,20.0,86400.0,PTVRP_LAYERED_SAFE,2603206.0,515,13,0.0079,2035,103,19,104973,66.6072,,0,0,15968,0,0,0,
Instances/Instances 2/fl1577_06.gt,1576,20.0,86400.0,PTVRP_LAYERED_SAFE,2550728.0,501,13,0.0077,2011,109,19,104567,66.3496,,0,0,16030,0,0,0,
Instances/Instances 2/fl1577_07.gt,1576,20.0,86400.0,PTVRP_LAYERED_SAFE,2521192.0,509,15,0.0077,2002,114,17,104772,66.4797,,0,0,16321,0,0,0,
Instances/Instances 2/fl1577_08.gt,1576,20.0,86400.0,PTVRP_LAYERED_SAFE,2576473.0,509,16,0.0082,2017,109,17,104480,66.2944,,0,0,16228,0,0,0,
Instances/Instances 2/fl1577_09.gt,1576,20.0,86400.0,PTVRP_LAYERED_SAFE,2525377.0,510,18,0.0084,1997,108,19,104515,66.3166,,0,0,16098,0,0,0,
Instances/Instances 2/fl1577_10.gt,1576,20.0,86400.0,PTVRP_LAYERED_SAFE,2548258.0,516,16,0.0084,2003,113,17,105197,66.7494,,0,0,16018,0,0,0,
Instances/Instances 2/fl3795_01.gt,3794,20.0,86400.0,PTVRP_LAYERED_SAFE,6833040.0,986,21,0.0183,4867,130,31,304866,80.3548,,0,0,62052,0,0,0,
Instances/Instances 2/fl3795_02.gt,3794,20.0,86400.0,PTVRP_LAYERED_SAFE,6820241.0,1012,17,0.0179,4873,130,26,305741,80.5854,,0,0,62887,0,0,0,
Instances/Instances 2/fl3795_03.gt,3794,20.0,86400.0,PTVRP_LAYERED_SAFE,6667065.0,953,20,0.018,4818,136,32,305331,80.4773,,0,0,62987,0,0,0,
Instances/Instances 2/fl3795_04.gt,3794,20.0,86400.0,PTVRP_LAYERED_SAFE,6692019.0,995,25,0.0181,4829,134,33,305709,80.577,,0,0,63438,0,0,0,
Instances/Instances 2/fl3795_05.gt,3794,20.0,86400.0,PTVRP_LAYERED_SAFE,6744047.0,996,20,0.0183,4840,134,31,305557,80.5369,,0,0,63035,0,0,0,
Instances/Instances 2/fl3795_06.gt,3794,20.0,86400.0,PTVRP_LAYERED_SAFE,6667681.0,977,20,0.02,4830,131,24,306173,80.6993,,0,0,62929,0,0,0,
Instances/Instances 2/fl3795_07.gt,3794,20.0,86400.0,PTVRP_LAYERED_SAFE,6832596.0,1001,23,0.0183,4905,130,30,306480,80.7802,,0,0,62542,0,0,0,
Instances/Instances 2/fl3795_08.gt,3794,20.0,86400.0,PTVRP_LAYERED_SAFE,6593318.0,979,22,0.0181,4792,139,23,306035,80.6629,,0,0,63964,0,0,0,
Instances/Instances 2/fl3795_09.gt,3794,20.0,86400.0,PTVRP_LAYERED_SAFE,6767380.0,996,20,0.0192,4878,132,26,306192,80.7043,,0,0,63066,0,0,0,
Instances/Instances 2/fl3795_10.gt,3794,20.0,86400.0,PTVRP_LAYERED_SAFE,6760145.0,1002,20,0.0189,4869,132,25,305769,80.5928,,0,0,63641,0,0,0,
Instances/Instances 2/fl417_01.gt,416,20.0,86400.0,PTVRP_LAYERED_SAFE,1094548.0,130,14,0.0028,549,60,21,19094,45.899,,0,0,3697,0,0,0,
Instances/Instances 2/fl417_02.gt,416,20.0,86400.0,PTVRP_LAYERED_SAFE,1003696.0,121,15,0.0029,512,60,18,18721,45.0024,,0,0,3862,0,0,0,
Instances/Instances 2/fl417_03.gt,416,20.0,86400.0,PTVRP_LAYERED_SAFE,1068558.0,128,14,0.0028,552,63,17,19045,45.7812,,0,0,3829,0,0,0,
Instances/Instances 2/fl417_04.gt,416,20.0,86400.0,PTVRP_LAYERED_SAFE,1022162.0,118,15,0.003,519,62,15,18832,45.2692,,0,0,3897,0,0,0,
Instances/Instances 2/fl417_05.gt,416,20.0,86400.0,PTVRP_LAYERED_SAFE,1084392.0,127,19,0.0029,559,63,19,19357,46.5312,,0,0,3856,0,0,0,
Instances/Instances 2/fl417_06.gt,416,20.0,86400.0,PTVRP_LAYERED_SAFE,1045791.0,110,13,0.0029,533,64,23,18783,45.1514,,0,0,3805,0,0,0,
Instances/Instances 2/fl417_07.gt,416,20.0,86400.0,PTVRP_LAYERED_SAFE,1099613.0,127,15,0.0029,560,64,19,19209,46.1755,,0,0,3861,0,0,0,
Instances/Instances 2/fl417_08.gt,416,20.0,86400.0,PTVRP_LAYERED_SAFE,1071387.0,135,14,0.0029,546,63,19,18963,45.5841,,0,0,3744,0,0,0,
Instances/Instances 2/fl417_09.gt,416,20.0,86400.0,PTVRP_LAYERED_SAFE,1039365.0,117,12,0.0028,528,64,21,18901,45.4351,,0,0,3702,0,0,0,
Instances/Instances 2/fl417_10.gt,416,20.0,86400.0,PTVRP_LAYERED_SAFE,1105941.0,123,18,0.0029,557,64,21,18971,45.6034,,0,0,3789,0,0,0,
Instances/Instances 2/fnl4461_01.gt,4460,20.0,86400.0,PTVRP_LAYERED_SAFE,16961715.0,1530,15,0.015,5799,53,16,156975,35.1962,,0,0,30599,0,0,0,
Instances/Instances 2/fnl4461_02.gt,4460,20.0,86400.0,PTVRP_LAYERED_SAFE,16797639.0,1541,13,0.0152,5748,57,15,156649,35.1231,,0,0,30575,0,0,0,
Instances/Instances 2/fnl4461_03.gt,4460,20.0,86400.0,PTVRP_LAYERED_SAFE,16850587.0,1562,16,0.0165,5755,53,16,156622,35.117,,0,0,30773,0,0,0,
Instances/Instances 2/fnl4461_04.gt,4460,20.0,86400.0,PTVRP_LAYERED_SAFE,16840451.0,1535,14,0.0153,5792,53,17,157333,35.2765,,0,0,30718,0,0,0,
Instances/Instances 2/fnl4461_05.gt,4460,20.0,86400.0,PTVRP_LAYERED_SAFE,16398390.0,1526,14,0.0165,5640,53,17,155786,34.9296,,0,0,30747,0,0,0,
Instances/Instances 2/fnl4461_06.gt,4460,20.0,86400.0,PTVRP_LAYERED_SAFE,16665040.0,1545,14,0.0147,5729,54,17,156710,35.1368,,0,0,30944,0,0,0,
Instances/Instances 2/fnl4461_07.gt,4460,20.0,86400.0,PTVRP_LAYERED_SAFE,16513749.0,1544,13,0.0147,5690,54,17,156346,35.0552,,0,0,30823,0,0,0,
Instances/Instances 2/fnl4461_08.gt,4460,20.0,86400.0,PTVRP_LAYERED_SAFE,16397634.0,1534,16,0.0162,5634,51,16,155898,34.9547,,0,0,31105,0,0,0,
Instances/Instances 2/fnl4461_09.gt,4460,20.0,86400.0,PTVRP_LAYERED_SAFE,16486954.0,1561,13,0.0148,5669,54,15,156079,34.9953,,0,0,30918,0,0,0,
Instances/Instances 2/fnl4461_10.gt,4460,20.0,86400.0,PTVRP_LAYERED_SAFE,16571552.0,1537,12,0.0147,5670,53,17,155910,34.9574,,0,0,30796,0,0,0,
Instances/Instances 2/gil262_01.gt,261,20.0,86400.0,PTVRP_LAYERED_SAFE,58935.0,128,7,0.0028,347,115,8,24038,92.0996,,0,0,550,0,0,0,
Instances/Instances 2/gil262_02.gt,261,20.0,86400.0,PTVRP_LAYERED_SAFE,55593.0,139,7,0.0028,320,111,8,23317,89.3372,,0,0,531,0,0,0,
Instances/Instances 2/gil262_03.gt,261,20.0,86400.0,PTVRP_LAYERED_SAFE,55722.0,132,9,0.0028,331,113,9,23144,88.6743,,0,0,548,0,0,0,
Instances/Instances 2/gil262_04.gt,261,20.0,86400.0,PTVRP_LAYERED_SAFE,57260.0,133,7,0.0028,339,117,7,23625,90.5172,,0,0,525,0,0,0,
Instances/Instances 2/gil262_05.gt,261,20.0,86400.0,PTVRP_LAYERED_SAFE,59977.0,129,8,0.0028,351,114,8,24233,92.8467,,0,0,566,0,0,0,
Instances/Instances 2/gil262_06.gt,261,20.0,86400.0,PTVRP_LAYERED_SAFE,53836.0,136,6,0.0028,313,109,7,22520,86.2835,,0,0,516,0,0,0,
Instances/Instances 2/gil262_07.gt,261,20.0,86400.0,PTVRP_LAYERED_SAFE,58426.0,125,8,0.0028,343,114,8,23664,90.6667,,0,0,543,0,0,0,
Instances/Instances 2/gil262_08.gt,261,20.0,86400.0,PTVRP_LAYERED_SAFE,56352.0,139,6,0.003,332,113,7,23527,90.1418,,0,0,517,0,0,0,
Instances/Instances 2/gil262_09.gt,261,20.0,86400.0,PTVRP_LAYERED_SAFE,55474.0,135,6,0.0028,323,112,7,22965,87.9885,,0,0,524,0,0,0,
Instances/Instances 2/gil262_10.gt,261,20.0,86400.0,PTVRP_LAYERED_SAFE,55945.0,125,7,0.0028,331,112,8,23255,89.0996,,0,0,535,0,0,0,
Instances/Instances 2/gr9882_01.gt,9881,20.0,86400.0,PTVRP_LAYERED_SAFE,55589654.0,2907,15,0.0321,12590,60,17,320446,32.4305,,0,0,82352,0,0,0,
Instances/Instances 2/gr9882_02.gt,9881,20.0,86400.0,PTVRP_LAYERED_SAFE,55512558.0,2947,17,0.0309,12558,60,19,319730,32.3581,,0,0,81860,0,0,0,
Instances/Instances 2/gr9882_03.gt,9881,20.0,86400.0,PTVRP_LAYERED_SAFE,55168530.0,2827,16,0.0314,12581,61,18,320933,32.4798,,0,0,82631,0,0,0,
Instances/Instances 2/gr9882_04.gt,9881,20.0,86400.0,PTVRP_LAYERED_SAFE,55785700.0,2866,18,0.0385,12633,58,18,320030,32.3884,,0,0,82247,0,0,0,
Instances/Instances 2/gr9882_05.gt,9881,20.0,86400.0,PTVRP_LAYERED_SAFE,55340799.0,2899,18,0.0325,12571,61,19,320025,32.3879,,0,0,82007,0,0,0,
Instances/Instances 2/gr9882_06.gt,9881,20.0,86400.0,PTVRP_LAYERED_SAFE,55108055.0,2800,16,0.0305,12508,57,19,319998,32.3852,,0,0,82163,0,0,0,
Instances/Instances 2/gr9882_07.gt,9881,20.0,86400.0,PTVRP_LAYERED_SAFE,56330416.0,2924,14,0.0296,12774,60,18,321591,32.5464,,0,0,81614,0,0,0,
Instances/Instances 2/gr9882_08.gt,9881,20.0,86400.0,PTVRP_LAYERED_SAFE,55301954.0,2873,16,0.0288,12563,61,19,320093,32.3948,,0,0,82462,0,0,0,
Instances/Instances 2/gr9882_09.gt,9881,20.0,86400.0,PTVRP_LAYERED_SAFE,55660726.0,2916,18,0.0289,12663,58,18,320752,32.4615,,0,0,81968,0,0,0,
Instances/Instances 2/gr9882_10.gt,9881,20.0,86400.0,PTVRP_LAYERED_SAFE,55084954.0,2885,19,0.0282,12520,59,21,319864,32.3716,,0,0,82600,0,0,0,
Instances/Instances 2/ho14473_01.gt,14472,20.0,86400.0,PTVRP_LAYERED_SAFE,41054525.0,3622,33,0.0573,18368,106,41,843321,58.2726,,0,0,207752,0,0,0,
Instances/Instances 2/ho14473_02.gt,14472,20.0,86400.0,PTVRP_LAYERED_SAFE,41547285.0,3634,30,0.0545,18578,103,36,845373,58.4144,,0,0,207571,0,0,0,
Instances/Instances 2/ho14473_03.gt,14472,20.0,86400.0,PTVRP_LAYERED_SAFE,41257934.0,3691,40,0.0551,18492,105,40,844600,58.361,,0,0,208261,0,0,0,
Instances/Instances 2/ho14473_04.gt,14472,20.0,86400.0,PTVRP_LAYERED_SAFE,41111090.0,3676,26,0.0554,18404,103,38,842888,58.2427,,0,0,207947,0,0,0,
Instances/Instances 2/ho14473_05.gt,14472,20.0,86400.0,PTVRP_LAYERED_SAFE,41431239.0,3737,27,0.0575,18474,105,39,843748,58.3021,,0,0,207219,0,0,0,
Instances/Instances 2/ho14473_06.gt,14472,20.0,86400.0,PTVRP_LAYERED_SAFE,41493497.0,3582,28,0.0562,18533,104,33,844438,58.3498,,0,0,207247,0,0,0,
Instances/Instances 2/ho14473_07.gt,14472,20.0,86400.0,PTVRP_LAYERED_SAFE,41036496.0,3642,27,0.0556,18398,103,31,843539,58.2877,,0,0,208434,0,0,0,
Instances/Instances 2/ho14473_08.gt,14472,20.0,86400.0,PTVRP_LAYERED_SAFE,41396972.0,3589,27,0.0566,18504,104,32,844042,58.3224,,0,0,207184,0,0,0,
Instances/Instances 2/ho14473_09.gt,14472,20.0,86400.0,PTVRP_LAYERED_SAFE,41064579.0,3605,23,0.068,18334,103,35,841599,58.1536,,0,0,207925,0,0,0,
Instances/Instances 2/ho14473_10.gt,14472,20.0,86400.0,PTVRP_LAYERED_SAFE,41212839.0,3611,30,0.0628,18336,101,30,841069,58.117,,0,0,207571,0,0,0,
Instances/Instances 2/it16862_01.gt,16861,20.0,86400.0,PTVRP_LAYERED_SAFE,137173624.0,5151,16,0.0539,21717,61,20,453577,26.901,,0,0,124659,0,0,0,
Instances/Instances 2/it16862_02.gt,16861,20.0,86400.0,PTVRP_LAYERED_SAFE,135413716.0,5132,18,0.0497,21551,63,18,453908,26.9206,,0,0,125193,0,0,0,
Instances/Instances 2/it16862_03.gt,16861,20.0,86400.0,PTVRP_LAYERED_SAFE,136673116.0,5193,16,0.0485,21713,60,18,453880,26.9189,,0,0,124395,0,0,0,
Instances/Instances 2/it16862_04.gt,16861,20.0,86400.0,PTVRP_LAYERED_SAFE,134279401.0,5098,16,0.0505,21377,63,18,453164,26.8765,,0,0,126007,0,0,0,
Instances/Instances 2/it16862_05.gt,16861,20.0,86400.0,PTVRP_LAYERED_SAFE,134949013.0,5071,15,0.0479,21510,62,22,454121,26.9332,,0,0,125204,0,0,0,
Instances/Instances 2/it16862_06.gt,16861,20.0,86400.0,PTVRP_LAYERED_SAFE,135015607.0,5154,16,0.0461,21505,60,18,453253,26.8817,,0,0,125171,0,0,0,
Instances/Instances 2/it16862_07.gt,16861,20.0,86400.0,PTVRP_LAYERED_SAFE,134793494.0,5099,20,0.0472,21398,62,20,452695,26.8486,,0,0,126078,0,0,0,
Instances/Instances 2/it16862_08.gt,16861,20.0,86400.0,PTVRP_LAYERED_SAFE,134825917.0,5133,16,0.0451,21425,60,18,453223,26.88,,0,0,126091,0,0,0,
Instances/Instances 2/it16862_09.gt,16861,20.0,86400.0,PTVRP_LAYERED_SAFE,136147772.0,5225,16,0.0458,21508,62,20,452542,26.8396,,0,0,125103,0,0,0,
Instances/Instances 2/it16862_10.gt,16861,20.0,86400.0,PTVRP_LAYERED_SAFE,134487444.0,5114,16,0.0461,21436,61,19,453514,26.8972,,0,0,126289,0,0,0,
Instances/Instances 2/ja9847_01.gt,9846,20.0,86400.0,PTVRP_LAYERED_SAFE,NO SOLUTION,,,0.0125,12544,50,2,180806,18.3634,,0,0,4,0,0,0,
Instances/Instances 2/ja9847_02.gt,9846,20.0,86400.0,PTVRP_LAYERED_SAFE,NO SOLUTION,,,0.0129,12430,47,2,180515,18.3338,,0,0,31,0,0,0,
Instances/Instances 2/ja9847_03.gt,9846,20.0,86400.0,PTVRP_LAYERED_SAFE,NO SOLUTION,,,0.0135,12445,49,2,180350,18.3171,,0,0,8,0,0,0,
Instances/Instances 2/ja9847_04.gt,9846,20.0,86400.0,PTVRP_LAYERED_SAFE,NO SOLUTION,,,0.0125,12644,48,2,181080,18.3912,,0,0,5,0,0,0,
Instances/Instances 2/ja9847_05.gt,9846,20.0,86400.0,PTVRP_LAYERED_SAFE,NO SOLUTION,,,0.0129,12429,50,1,180741,18.3568,,0,0,3,0,0,0,
Instances/Instances 2/ja9847_06.gt,9846,20.0,86400.0,PTVRP_LAYERED_SAFE,NO SOLUTION,,,0.0134,12514,52,2,181135,18.3968,,0,0,3,0,0,0,
Instances/Instances 2/ja9847_07.gt,9846,20.0,86400.0,PTVRP_LAYERED_SAFE,NO SOLUTION,,,0.0124,12545,53,0,180888,18.3717,,0,0,3,0,0,0,
Instances/Instances 2/ja9847_08.gt,9846,20.0,86400.0,PTVRP_LAYERED_SAFE,NO SOLUTION,,,0.0129,12521,50,1,181246,18.4081,,0,0,6,0,0,0,
Instances/Instances 2/ja9847_09.gt,9846,20.0,86400.0,PTVRP_LAYERED_SAFE,NO SOLUTION,,,0.0128,12711,54,2,181537,18.4376,,0,0,4,0,0,0,
Instances/Instances 2/ja9847_10.gt,9846,20.0,86400.0,PTVRP_LAYERED_SAFE,NO SOLUTION,,,0.0125,12533,53,2,181099,18.3932,,0,0,7,0,0,0,
Instances/Instances 2/kroA100_01.gt,99,20.0,86400.0,PTVRP_LAYERED_SAFE,370636.0,50,7,0.0018,121,24,7,1707,17.2424,,0,0,187,0,0,0,
Instances/Instances 2/kroA100_02.gt,99,20.0,86400.0,PTVRP_LAYERED_SAFE,351799.0,49,6,0.0021,120,24,6,1740,17.5758,,0,0,193,0,0,0,
Instances/Instances 2/kroA100_03.gt,99,20.0,86400.0,PTVRP_LAYERED_SAFE,373500.0,53,6,0.0021,128,23,6,1809,18.2727,,0,0,197,0,0,0,
Instances/Instances 2/kroA100_04.gt,99,20.0,86400.0,PTVRP_LAYERED_SAFE,342430.0,53,5,0.0018,117,22,7,1712,17.2929,,0,0,196,0,0,0,
Instances/Instances 2/kroA100_05.gt,99,20.0,86400.0,PTVRP_LAYERED_SAFE,370999.0,56,6,0.0023,124,23,7,1767,17.8485,,0,0,197,0,0,0,
Instances/Instances 2/kroA100_06.gt,99,20.0,86400.0,PTVRP_LAYERED_SAFE,325271.0,47,7,0.0021,108,22,7,1691,17.0808,,0,0,191,0,0,0,
Instances/Instances 2/kroA100_07.gt,99,20.0,86400.0,PTVRP_LAYERED_SAFE,329845.0,49,9,0.0019,116,26,9,1747,17.6465,,0,0,186,0,0,0,
Instances/Instances 2/kroA100_08.gt,99,20.0,86400.0,PTVRP_LAYERED_SAFE,357594.0,59,5,0.0024,118,22,6,1749,17.6667,,0,0,210,0,0,0,
Instances/Instances 2/kroA100_09.gt,99,20.0,86400.0,PTVRP_LAYERED_SAFE,353355.0,50,6,0.002,118,22,7,1772,17.899,,0,0,186,0,0,0,
Instances/Instances 2/kroA100_10.gt,99,20.0,86400.0,PTVRP_LAYERED_SAFE,393692.0,53,6,0.002,132,27,7,1802,18.202,,0,0,195,0,0,0,
Instances/Instances 2/kroA150_01.gt,149,20.0,86400.0,PTVRP_LAYERED_SAFE,553296.0,72,9,0.002,185,25,9,2926,19.6376,,0,0,319,0,0,0,
Instances/Instances 2/kroA150_02.gt,149,20.0,86400.0,PTVRP_LAYERED_SAFE,531749.0,77,7,0.0023,186,26,7,2889,19.3893,,0,0,321,0,0,0,
Instances/Instances 2/kroA150_03.gt,149,20.0,86400.0,PTVRP_LAYERED_SAFE,499174.0,75,7,0.0021,174,26,7,2863,19.2148,,0,0,320,0,0,0,
Instances/Instances 2/kroA150_04.gt,149,20.0,86400.0,PTVRP_LAYERED_SAFE,530437.0,70,7,0.002,175,25,9,2836,19.0336,,0,0,335,0,0,0,
Instances/Instances 2/kroA150_05.gt,149,20.0,86400.0,PTVRP_LAYERED_SAFE,491176.0,74,7,0.0023,173,28,9,2850,19.1275,,0,0,313,0,0,0,
Instances/Instances 2/kroA150_06.gt,149,20.0,86400.0,PTVRP_LAYERED_SAFE,529459.0,68,7,0.0019,181,25,7,2894,19.4228,,0,0,316,0,0,0,
Instances/Instances 2/kroA150_07.gt,149,20.0,86400.0,PTVRP_LAYERED_SAFE,590204.0,78,7,0.0023,200,26,7,3053,20.4899,,0,0,338,0,0,0,
Instances/Instances 2/kroA150_08.gt,149,20.0,86400.0,PTVRP_LAYERED_SAFE,561364.0,68,7,0.002,194,28,9,2999,20.1275,,0,0,332,0,0,0,
Instances/Instances 2/kroA150_09.gt,149,20.0,86400.0,PTVRP_LAYERED_SAFE,590437.0,74,7,0.002,202,25,7,3042,20.4161,,0,0,334,0,0,0,
Instances/Instances 2/kroA150_10.gt,149,20.0,86400.0,PTVRP_LAYERED_SAFE,530351.0,70,7,0.0019,179,24,7,2881,19.3356,,0,0,316,0,0,0,
Instances/Instances 2/kroA200_01.gt,199,20.0,86400.0,PTVRP_LAYERED_SAFE,741456.0,95,7,0.0025,257,28,8,4258,21.397,,0,0,521,0,0,0,
Instances/Instances 2/kroA200_02.gt,199,20.0,86400.0,PTVRP_LAYERED_SAFE,682026.0,91,6,0.0022,241,29,7,4147,20.8392,,0,0,512,0,0,0,
Instances/Instances 2/kroA200_03.gt,199,20.0,86400.0,PTVRP_LAYERED_SAFE,759333.0,92,7,0.0021,262,28,7,4272,21.4673,,0,0,510,0,0,0,
Instances/Instances 2/kroA200_04.gt,199,20.0,86400.0,PTVRP_LAYERED_SAFE,790719.0,94,9,0.0024,268,28,9,4285,21.5327,,0,0,492,0,0,0,
Instances/Instances 2/kroA200_05.gt,199,20.0,86400.0,PTVRP_LAYERED_SAFE,668520.0,90,7,0.0022,235,27,7,4087,20.5377,,0,0,496,0,0,0,
Instances/Instances 2/kroA200_06.gt,199,20.0,86400.0,PTVRP_LAYERED_SAFE,748516.0,92,7,0.0021,255,30,7,4153,20.8693,,0,0,484,0,0,0,
Instances/Instances 2/kroA200_07.gt,199,20.0,86400.0,PTVRP_LAYERED_SAFE,769244.0,93,9,0.0026,265,28,9,4301,21.6131,,0,0,528,0,0,0,
Instances/Instances 2/kroA200_08.gt,199,20.0,86400.0,PTVRP_LAYERED_SAFE,726706.0,87,8,0.0021,245,28,8,4168,20.9447,,0,0,501,0,0,0,
Instances/Instances 2/kroA200_09.gt,199,20.0,86400.0,PTVRP_LAYERED_SAFE,663457.0,94,7,0.0021,226,28,9,4004,20.1206,,0,0,481,0,0,0,
Instances/Instances 2/kroA200_10.gt,199,20.0,86400.0,PTVRP_LAYERED_SAFE,749818.0,90,8,0.0024,254,29,9,4190,21.0553,,0,0,514,0,0,0,
Instances/Instances 2/kroB100_01.gt,99,20.0,86400.0,PTVRP_LAYERED_SAFE,378993.0,61,6,0.002,132,25,6,1809,18.2727,,0,0,175,0,0,0,
Instances/Instances 2/kroB100_02.gt,99,20.0,86400.0,PTVRP_LAYERED_SAFE,361631.0,53,6,0.0021,125,26,6,1755,17.7273,,0,0,177,0,0,0,
Instances/Instances 2/kroB100_03.gt,99,20.0,86400.0,PTVRP_LAYERED_SAFE,330911.0,48,6,0.0021,116,24,6,1701,17.1818,,0,0,163,0,0,0,
Instances/Instances 2/kroB100_04.gt,99,20.0,86400.0,PTVRP_LAYERED_SAFE,359805.0,56,7,0.0021,123,24,7,1722,17.3939,,0,0,165,0,0,0,
Instances/Instances 2/kroB100_05.gt,99,20.0,86400.0,PTVRP_LAYERED_SAFE,407062.0,51,7,0.0021,134,25,7,1808,18.2626,,0,0,180,0,0,0,
Instances/Instances 2/kroB100_06.gt,99,20.0,86400.0,PTVRP_LAYERED_SAFE,383232.0,51,7,0.0022,128,23,7,1738,17.5556,,0,0,176,0,0,0,
Instances/Instances 2/kroB100_07.gt,99,20.0,86400.0,PTVRP_LAYERED_SAFE,419085.0,56,7,0.0021,143,26,7,1866,18.8485,,0,0,186,0,0,0,
Instances/Instances 2/kroB100_08.gt,99,20.0,86400.0,PTVRP_LAYERED_SAFE,366728.0,54,6,0.0021,123,24,7,1753,17.7071,,0,0,170,0,0,0,
Instances/Instances 2/kroB100_09.gt,99,20.0,86400.0,PTVRP_LAYERED_SAFE,334796.0,45,7,0.0019,113,22,7,1653,16.697,,0,0,172,0,0,0,
Instances/Instances 2/kroB100_10.gt,99,20.0,86400.0,PTVRP_LAYERED_SAFE,367537.0,56,6,0.0022,124,23,6,1744,17.6162,,0,0,186,0,0,0,
Instances/Instances 2/kroB150_01.gt,149,20.0,86400.0,PTVRP_LAYERED_SAFE,576374.0,79,8,0.0022,197,25,8,2977,19.9799,,0,0,321,0,0,0,
Instances/Instances 2/kroB150_02.gt,149,20.0,86400.0,PTVRP_LAYERED_SAFE,547594.0,66,8,0.0021,177,24,8,2828,18.9799,,0,0,317,0,0,0,
Instances/Instances 2/kroB150_03.gt,149,20.0,86400.0,PTVRP_LAYERED_SAFE,582023.0,74,9,0.0024,200,25,9,2967,19.9128,,0,0,325,0,0,0,
Instances/Instances 2/kroB150_04.gt,149,20.0,86400.0,PTVRP_LAYERED_SAFE,560316.0,64,8,0.0021,186,25,9,2890,19.396,,0,0,335,0,0,0,
Instances/Instances 2/kroB150_05.gt,149,20.0,86400.0,PTVRP_LAYERED_SAFE,630724.0,78,9,0.0024,209,27,9,3039,20.396,,0,0,327,0,0,0,
Instances/Instances 2/kroB150_06.gt,149,20.0,86400.0,PTVRP_LAYERED_SAFE,512348.0,67,8,0.0024,171,24,8,2783,18.6779,,0,0,333,0,0,0,
Instances/Instances 2/kroB150_07.gt,149,20.0,86400.0,PTVRP_LAYERED_SAFE,562626.0,76,8,0.0022,192,25,8,2929,19.6577,,0,0,327,0,0,0,
Instances/Instances 2/kroB150_08.gt,149,20.0,86400.0,PTVRP_LAYERED_SAFE,557331.0,74,8,0.0022,186,25,8,2879,19.3221,,0,0,309,0,0,0,
Instances/Instances 2/kroB150_09.gt,149,20.0,86400.0,PTVRP_LAYERED_SAFE,581315.0,70,7,0.0024,197,25,10,2979,19.9933,,0,0,343,0,0,0,
Instances/Instances 2/kroB150_10.gt,149,20.0,86400.0,PTVRP_LAYERED_SAFE,573945.0,75,7,0.0023,192,25,7,2937,19.7114,,0,0,313,0,0,0,
Instances/Instances 2/kroB200_01.gt,199,20.0,86400.0,PTVRP_LAYERED_SAFE,720543.0,96,7,0.0022,253,31,7,4354,21.8794,,0,0,531,0,0,0,
Instances/Instances 2/kroB200_02.gt,199,20.0,86400.0,PTVRP_LAYERED_SAFE,674226.0,100,6,0.0027,249,29,8,4359,21.9045,,0,0,522,0,0,0,
Instances/Instances 2/kroB200_03.gt,199,20.0,86400.0,PTVRP_LAYERED_SAFE,765927.0,105,8,0.0024,276,31,9,4506,22.6432,,0,0,521,0,0,0,
Instances/Instances 2/kroB200_04.gt,199,20.0,86400.0,PTVRP_LAYERED_SAFE,697662.0,96,8,0.0022,256,30,8,4365,21.9347,,0,0,525,0,0,0,
Instances/Instances 2/kroB200_05.gt,199,20.0,86400.0,PTVRP_LAYERED_SAFE,716445.0,98,10,0.0026,261,30,10,4387,22.0452,,0,0,525,0,0,0,
Instances/Instances 2/kroB200_06.gt,199,20.0,86400.0,PTVRP_LAYERED_SAFE,742880.0,100,7,0.0025,266,30,7,4419,22.206,,0,0,542,0,0,0,
Instances/Instances 2/kroB200_07.gt,199,20.0,86400.0,PTVRP_LAYERED_SAFE,728023.0,95,10,0.0023,257,30,10,4372,21.9698,,0,0,517,0,0,0,
Instances/Instances 2/kroB200_08.gt,199,20.0,86400.0,PTVRP_LAYERED_SAFE,696489.0,99,8,0.0026,254,31,8,4375,21.9849,,0,0,534,0,0,0,
Instances/Instances 2/kroB200_09.gt,199,20.0,86400.0,PTVRP_LAYERED_SAFE,755683.0,95,8,0.0023,273,32,9,4493,22.5779,,0,0,540,0,0,0,
Instances/Instances 2/kroB200_10.gt,199,20.0,86400.0,PTVRP_LAYERED_SAFE,684751.0,90,7,0.002,240,31,8,4232,21.2663,,0,0,510,0,0,0,
Instances/Instances 2/kroC100_01.gt,99,20.0,86400.0,PTVRP_LAYERED_SAFE,383855.0,49,7,0.0019,129,23,8,1769,17.8687,,0,0,174,0,0,0,
Instances/Instances 2/kroC100_02.gt,99,20.0,86400.0,PTVRP_LAYERED_SAFE,371907.0,50,6,0.0021,123,22,6,1739,17.5657,,0,0,181,0,0,0,
Instances/Instances 2/kroC100_03.gt,99,20.0,86400.0,PTVRP_LAYERED_SAFE,363169.0,51,5,0.0022,121,22,8,1742,17.596,,0,0,177,0,0,0,
Instances/Instances 2/kroC100_04.gt,99,20.0,86400.0,PTVRP_LAYERED_SAFE,387636.0,53,6,0.0018,127,23,6,1740,17.5758,,0,0,176,0,0,0,
Instances/Instances 2/kroC100_05.gt,99,20.0,86400.0,PTVRP_LAYERED_SAFE,441690.0,54,7,0.0022,144,23,7,1845,18.6364,,0,0,175,0,0,0,
Instances/Instances 2/kroC100_06.gt,99,20.0,86400.0,PTVRP_LAYERED_SAFE,402652.0,54,8,0.0018,130,23,8,1757,17.7475,,0,0,166,0,0,0,
Instances/Instances 2/kroC100_07.gt,99,20.0,86400.0,PTVRP_LAYERED_SAFE,371087.0,52,6,0.0021,124,21,7,1756,17.7374,,0,0,176,0,0,0,
Instances/Instances 2/kroC100_08.gt,99,20.0,86400.0,PTVRP_LAYERED_SAFE,382468.0,57,6,0.0018,130,25,7,1801,18.1919,,0,0,185,0,0,0,
Instances/Instances 2/kroC100_09.gt,99,20.0,86400.0,PTVRP_LAYERED_SAFE,384692.0,49,6,0.0021,128,23,7,1761,17.7879,,0,0,174,0,0,0,
Instances/Instances 2/kroC100_10.gt,99,20.0,86400.0,PTVRP_LAYERED_SAFE,395625.0,52,7,0.0018,134,24,7,1824,18.4242,,0,0,170,0,0,0,
Instances/Instances 2/kroD100_01.gt,99,20.0,86400.0,PTVRP_LAYERED_SAFE,345875.0,54,7,0.0022,128,26,7,1828,18.4646,,0,0,189,0,0,0,
Instances/Instances 2/kroD100_02.gt,99,20.0,86400.0,PTVRP_LAYERED_SAFE,345002.0,51,5,0.0018,124,24,5,1784,18.0202,,0,0,180,0,0,0,
Instances/Instances 2/kroD100_03.gt,99,20.0,86400.0,PTVRP_LAYERED_SAFE,345425.0,53,5,0.0018,120,23,6,1733,17.5051,,0,0,188,0,0,0,
Instances/Instances 2/kroD100_04.gt,99,20.0,86400.0,PTVRP_LAYERED_SAFE,331306.0,57,6,0.0021,126,25,7,1864,18.8283,,0,0,185,0,0,0,
Instances/Instances 2/kroD100_05.gt,99,20.0,86400.0,PTVRP_LAYERED_SAFE,401310.0,58,7,0.0019,144,26,7,1884,19.0303,,0,0,184,0,0,0,
Instances/Instances 2/kroD100_06.gt,99,20.0,86400.0,PTVRP_LAYERED_SAFE,363794.0,53,7,0.0018,131,27,7,1866,18.8485,,0,0,180,0,0,0,
Instances/Instances 2/kroD100_07.gt,99,20.0,86400.0,PTVRP_LAYERED_SAFE,338564.0,47,6,0.0019,123,25,6,1796,18.1414,,0,0,179,0,0,0,
Instances/Instances 2/kroD100_08.gt,99,20.0,86400.0,PTVRP_LAYERED_SAFE,359121.0,57,7,0.0023,130,27,7,1848,18.6667,,0,0,184,0,0,0,
Instances/Instances 2/kroD100_09.gt,99,20.0,86400.0,PTVRP_LAYERED_SAFE,359655.0,57,7,0.0019,129,26,7,1787,18.0505,,0,0,178,0,0,0,
Instances/Instances 2/kroD100_10.gt,99,20.0,86400.0,PTVRP_LAYERED_SAFE,377767.0,50,7,0.0022,134,26,7,1824,18.4242,,0,0,186,0,0,0,
Instances/Instances 2/kroE100_01.gt,99,20.0,86400.0,PTVRP_LAYERED_SAFE,366106.0,53,8,0.0018,128,26,8,1785,18.0303,,0,0,178,0,0,0,
Instances/Instances 2/kroE100_02.gt,99,20.0,86400.0,PTVRP_LAYERED_SAFE,383437.0,56,6,0.0021,124,23,6,1645,16.6162,,0,0,168,0,0,0,
Instances/Instances 2/kroE100_03.gt,99,20.0,86400.0,PTVRP_LAYERED_SAFE,368814.0,55,5,0.0018,121,24,7,1652,16.6869,,0,0,171,0,0,0,
Instances/Instances 2/kroE100_04.gt,99,20.0,86400.0,PTVRP_LAYERED_SAFE,388418.0,55,5,0.0021,128,23,7,1736,17.5354,,0,0,167,0,0,0,
Instances/Instances 2/kroE100_05.gt,99,20.0,86400.0,PTVRP_LAYERED_SAFE,427958.0,56,8,0.0019,145,26,8,1832,18.5051,,0,0,190,0,0,0,
Instances/Instances 2/kroE100_06.gt,99,20.0,86400.0,PTVRP_LAYERED_SAFE,391953.0,51,7,0.002,132,26,8,1775,17.9293,,0,0,163,0,0,0,
Instances/Instances 2/kroE100_07.gt,99,20.0,86400.0,PTVRP_LAYERED_SAFE,367717.0,50,6,0.0021,125,25,7,1748,17.6566,,0,0,183,0,0,0,
Instances/Instances 2/kroE100_08.gt,99,20.0,86400.0,PTVRP_LAYERED_SAFE,396538.0,54,7,0.002,131,25,7,1762,17.798,,0,0,185,0,0,0,
Instances/Instances 2/kroE100_09.gt,99,20.0,86400.0,PTVRP_LAYERED_SAFE,380502.0,54,5,0.0021,128,25,7,1682,16.9899,,0,0,172,0,0,0,
Instances/Instances 2/kroE100_10.gt,99,20.0,86400.0,PTVRP_LAYERED_SAFE,396164.0,58,7,0.0021,134,24,8,1796,18.1414,,0,0,185,0,0,0,
Instances/Instances 2/kz9976_01.gt,9975,20.0,86400.0,PTVRP_LAYERED_SAFE,NO SOLUTION,,,0.0101,12622,31,10,91881,9.21113,,0,0,4049,0,0,0,
Instances/Instances 2/kz9976_02.gt,9975,20.0,86400.0,PTVRP_LAYERED_SAFE,NO SOLUTION,,,0.0104,12672,33,12,92041,9.22717,,0,0,3971,0,0,0,
Instances/Instances 2/kz9976_03.gt,9975,20.0,86400.0,PTVRP_LAYERED_SAFE,NO SOLUTION,,,0.0097,12795,33,9,91977,9.22075,,0,0,3987,0,0,0,
Instances/Instances 2/kz9976_04.gt,9975,20.0,86400.0,PTVRP_LAYERED_SAFE,NO SOLUTION,,,0.0096,12649,33,10,92026,9.22566,,0,0,4090,0,0,0,
Instances/Instances 2/kz9976_05.gt,9975,20.0,86400.0,PTVRP_LAYERED_SAFE,NO SOLUTION,,,0.0102,12887,33,11,92221,9.24521,,0,0,3963,0,0,0,
Instances/Instances 2/kz9976_06.gt,9975,20.0,86400.0,PTVRP_LAYERED_SAFE,NO SOLUTION,,,0.0092,12646,31,11,91850,9.20802,,0,0,4010,0,0,0,
Instances/Instances 2/kz9976_07.gt,9975,20.0,86400.0,PTVRP_LAYERED_SAFE,NO SOLUTION,,,0.0097,12663,33,10,91907,9.21373,,0,0,4061,0,0,0,
Instances/Instances 2/kz9976_08.gt,9975,20.0,86400.0,PTVRP_LAYERED_SAFE,NO SOLUTION,,,0.0105,12694,33,11,91994,9.22246,,0,0,3965,0,0,0,
Instances/Instances 2/kz9976_09.gt,9975,20.0,86400.0,PTVRP_LAYERED_SAFE,NO SOLUTION,,,0.0097,12800,32,10,92160,9.2391,,0,0,4050,0,0,0,
Instances/Instances 2/kz9976_10.gt,9975,20.0,86400.0,PTVRP_LAYERED_SAFE,NO SOLUTION,,,0.0094,12623,32,12,91983,9.22135,,0,0,4029,0,0,0,
Instances/Instances 2/lin105_01.gt,104,20.0,86400.0,PTVRP_LAYERED_SAFE,256859.0,53,7,0.0018,136,34,7,2488,23.9231,,0,0,210,0,0,0,
Instances/Instances 2/lin105_02.gt,104,20.0,86400.0,PTVRP_LAYERED_SAFE,270194.0,48,7,0.0021,137,33,7,2425,23.3173,,0,0,191,0,0,0,
Instances/Instances 2/lin105_03.gt,104,20.0,86400.0,PTVRP_LAYERED_SAFE,243273.0,58,7,0.0018,125,32,8,2349,22.5865,,0,0,186,0,0,0,
Instances/Instances 2/lin105_04.gt,104,20.0,86400.0,PTVRP_LAYERED_SAFE,259216.0,59,6,0.002,129,31,10,2442,23.4808,,0,0,188,0,0,0,
Instances/Instances 2/lin105_05.gt,104,20.0,86400.0,PTVRP_LAYERED_SAFE,228942.0,54,6,0.0018,122,32,6,2379,22.875,,0,0,216,0,0,0,
Instances/Instances 2/lin105_06.gt,104,20.0,86400.0,PTVRP_LAYERED_SAFE,248028.0,52,7,0.002,125,29,7,2398,23.0577,,0,0,198,0,0,0,
Instances/Instances 2/lin105_07.gt,104,20.0,86400.0,PTVRP_LAYERED_SAFE,276882.0,61,7,0.0018,136,33,8,2491,23.9519,,0,0,196,0,0,0,
Instances/Instances 2/lin105_08.gt,104,20.0,86400.0,PTVRP_LAYERED_SAFE,239648.0,53,7,0.0019,126,31,7,2389,22.9712,,0,0,184,0,0,0,
Instances/Instances 2/lin105_09.gt,104,20.0,86400.0,PTVRP_LAYERED_SAFE,265155.0,54,8,0.0019,138,33,8,2511,24.1442,,0,0,209,0,0,0,
Instances/Instances 2/lin105_10.gt,104,20.0,86400.0,PTVRP_LAYERED_SAFE,264002.0,58,10,0.002,134,30,10,2476,23.8077,,0,0,204,0,0,0,
Instances/Instances 2/lin318_01.gt,317,20.0,86400.0,PTVRP_LAYERED_SAFE,1203102.0,146,9,0.0023,408,34,10,7315,23.0757,,0,0,953,0,0,0,
Instances/Instances 2/lin318_02.gt,317,20.0,86400.0,PTVRP_LAYERED_SAFE,1140467.0,145,7,0.0029,374,34,10,7026,22.164,,0,0,917,0,0,0,
Instances/Instances 2/lin318_03.gt,317,20.0,86400.0,PTVRP_LAYERED_SAFE,1225544.0,136,8,0.0027,405,35,11,7281,22.9685,,0,0,905,0,0,0,
Instances/Instances 2/lin318_04.gt,317,20.0,86400.0,PTVRP_LAYERED_SAFE,1160301.0,155,8,0.0025,383,33,8,7079,22.3312,,0,0,927,0,0,0,
Instances/Instances 2/lin318_05.gt,317,20.0,86400.0,PTVRP_LAYERED_SAFE,1204055.0,149,8,0.0025,400,32,11,7202,22.7192,,0,0,911,0,0,0,
Instances/Instances 2/lin318_06.gt,317,20.0,86400.0,PTVRP_LAYERED_SAFE,1220766.0,143,9,0.0025,396,33,10,7185,22.6656,,0,0,936,0,0,0,
Instances/Instances 2/lin318_07.gt,317,20.0,86400.0,PTVRP_LAYERED_SAFE,1162224.0,148,6,0.0026,379,32,8,6997,22.0726,,0,0,905,0,0,0,
Instances/Instances 2/lin318_08.gt,317,20.0,86400.0,PTVRP_LAYERED_SAFE,1300076.0,151,10,0.0025,435,34,11,7513,23.7003,,0,0,974,0,0,0,
Instances/Instances 2/lin318_09.gt,317,20.0,86400.0,PTVRP_LAYERED_SAFE,1199595.0,143,7,0.0024,397,33,9,7177,22.6404,,0,0,942,0,0,0,
Instances/Instances 2/lin318_10.gt,317,20.0,86400.0,PTVRP_LAYERED_SAFE,1249664.0,153,9,0.0025,419,34,10,7428,23.4322,,0,0,932,0,0,0,
Instances/Instances 2/linhp318_01.gt,317,20.0,86400.0,PTVRP_LAYERED_SAFE,1256145.0,151,9,0.0024,417,35,9,7428,23.4322,,0,0,956,0,0,0,
Instances/Instances 2/linhp318_02.gt,317,20.0,86400.0,PTVRP_LAYERED_SAFE,1241823.0,142,9,0.0023,414,32,9,7359,23.2145,,0,0,941,0,0,0,
Instances/Instances 2/linhp318_03.gt,317,20.0,86400.0,PTVRP_LAYERED_SAFE,1280941.0,155,8,0.0024,424,33,8,7426,23.4259,,0,0,961,0,0,0,
Instances/Instances 2/linhp318_04.gt,317,20.0,86400.0,PTVRP_LAYERED_SAFE,1216901.0,145,9,0.0023,397,34,11,7202,22.7192,,0,0,958,0,0,0,
Instances/Instances 2/linhp318_05.gt,317,20.0,86400.0,PTVRP_LAYERED_SAFE,1144043.0,144,8,0.0025,371,32,13,7003,22.0915,,0,0,946,0,0,0,
Instances/Instances 2/linhp318_06.gt,317,20.0,86400.0,PTVRP_LAYERED_SAFE,1265582.0,149,10,0.0024,413,34,10,7297,23.0189,,0,0,968,0,0,0,
Instances/Instances 2/linhp318_07.gt,317,20.0,86400.0,PTVRP_LAYERED_SAFE,1218659.0,150,9,0.0034,409,32,9,7303,23.0379,,0,0,955,0,0,0,
Instances/Instances 2/linhp318_08.gt,317,20.0,86400.0,PTVRP_LAYERED_SAFE,1224658.0,136,8,0.0024,407,34,9,7278,22.959,,0,0,959,0,0,0,
Instances/Instances 2/linhp318_09.gt,317,20.0,86400.0,PTVRP_LAYERED_SAFE,1176953.0,153,8,0.0033,393,32,9,7206,22.7319,,0,0,959,0,0,0,
Instances/Instances 2/linhp318_10.gt,317,20.0,86400.0,PTVRP_LAYERED_SAFE,1304745.0,144,9,0.0024,424,34,12,7400,23.3438,,0,0,989,0,0,0,
Instances/Instances 2/lu980_01.gt,979,20.0,86400.0,PTVRP_LAYERED_SAFE,634375.0,390,13,0.0062,1290,107,13,82851,84.6282,,0,0,6465,0,0,0,
Instances/Instances 2/lu980_02.gt,979,20.0,86400.0,PTVRP_LAYERED_SAFE,597749.0,366,15,0.0062,1211,101,15,80296,82.0184,,0,0,6388,0,0,0,
Instances/Instances 2/lu980_03.gt,979,20.0,86400.0,PTVRP_LAYERED_SAFE,625997.0,370,13,0.0062,1259,101,13,81601,83.3514,,0,0,6455,0,0,0,
Instances/Instances 2/lu980_04.gt,979,20.0,86400.0,PTVRP_LAYERED_SAFE,621015.0,364,13,0.0061,1257,101,16,81623,83.3739,,0,0,6411,0,0,0,
Instances/Instances 2/lu980_05.gt,979,20.0,86400.0,PTVRP_LAYERED_SAFE,629769.0,374,12,0.006,1270,101,15,82225,83.9888,,0,0,6494,0,0,0,
Instances/Instances 2/lu980_06.gt,979,20.0,86400.0,PTVRP_LAYERED_SAFE,615319.0,374,15,0.006,1237,103,15,81086,82.8253,,0,0,6359,0,0,0,
Instances/Instances 2/lu980_07.gt,979,20.0,86400.0,PTVRP_LAYERED_SAFE,615606.0,363,10,0.0061,1227,101,15,80534,82.2615,,0,0,6392,0,0,0,
Instances/Instances 2/lu980_08.gt,979,20.0,86400.0,PTVRP_LAYERED_SAFE,611653.0,358,13,0.007,1217,99,14,80278,82.0,,0,0,6356,0,0,0,
Instances/Instances 2/lu980_09.gt,979,20.0,86400.0,PTVRP_LAYERED_SAFE,622039.0,362,13,0.0065,1268,109,15,82444,84.2125,,0,0,6403,0,0,0,
Instances/Instances 2/lu980_10.gt,979,20.0,86400.0,PTVRP_LAYERED_SAFE,602928.0,390,11,0.0069,1227,104,12,80760,82.4923,,0,0,6340,0,0,0,
Instances/Instances 2/mo14185_01.gt,14184,20.0,86400.0,PTVRP_LAYERED_SAFE,95461861.0,3985,16,0.0452,18155,57,19,404494,28.5176,,0,0,115515,0,0,0,
Instances/Instances 2/mo14185_02.gt,14184,20.0,86400.0,PTVRP_LAYERED_SAFE,94886942.0,3918,18,0.0381,18142,58,19,405254,28.5712,,0,0,115881,0,0,0,
Instances/Instances 2/mo14185_03.gt,14184,20.0,86400.0,PTVRP_LAYERED_SAFE,94282186.0,3932,16,0.0392,18028,59,19,404677,28.5305,,0,0,116568,0,0,0,
Instances/Instances 2/mo14185_04.gt,14184,20.0,86400.0,PTVRP_LAYERED_SAFE,95143267.0,3982,18,0.0384,18162,60,20,405214,28.5684,,1,0,115784,0,0,0,
Instances/Instances 2/mo14185_05.gt,14184,20.0,86400.0,PTVRP_LAYERED_SAFE,95356468.0,3925,16,0.038,18225,60,19,405599,28.5955,,0,0,116052,0,0,0,
Instances/Instances 2/mo14185_06.gt,14184,20.0,86400.0,PTVRP_LAYERED_SAFE,94652703.0,3965,16,0.0385,18056,62,20,404779,28.5377,,0,0,116146,0,0,0,
Instances/Instances 2/mo14185_07.gt,14184,20.0,86400.0,PTVRP_LAYERED_SAFE,95212243.0,3968,16,0.0375,18175,59,17,404852,28.5429,,0,0,115594,0,0,0,
Instances/Instances 2/mo14185_08.gt,14184,20.0,86400.0,PTVRP_LAYERED_SAFE,95089409.0,3952,16,0.0394,18122,60,19,404911,28.547,,0,0,116087,0,0,0,
Instances/Instances 2/mo14185_09.gt,14184,20.0,86400.0,PTVRP_LAYERED_SAFE,94795522.0,3935,17,0.0376,18090,58,18,404614,28.5261,,0,0,115998,0,0,0,
Instances/Instances 2/mo14185_10.gt,14184,20.0,86400.0,PTVRP_LAYERED_SAFE,95543168.0,3872,15,0.0376,18277,63,18,405759,28.6068,,0,0,115468,0,0,0,
Instances/Instances 2/mu1979_01.gt,1978,20.0,86400.0,PTVRP_LAYERED_SAFE,10552448.0,657,15,0.0078,2484,67,16,70994,35.8918,,0,0,14625,0,0,0,
Instances/Instances 2/mu1979_02.gt,1978,20.0,86400.0,PTVRP_LAYERED_SAFE,10601470.0,639,14,0.0074,2547,71,16,72089,36.4454,,0,0,14742,0,0,0,
Instances/Instances 2/mu1979_03.gt,1978,20.0,86400.0,PTVRP_LAYERED_SAFE,10855526.0,677,15,0.0077,2565,71,18,71924,36.362,,0,0,14460,0,0,0,
Instances/Instances 2/mu1979_04.gt,1978,20.0,86400.0,PTVRP_LAYERED_SAFE,10284597.0,666,16,0.0077,2499,75,18,71509,36.1522,,0,0,14464,0,0,0,
Instances/Instances 2/mu1979_05.gt,1978,20.0,86400.0,PTVRP_LAYERED_SAFE,10377139.0,667,17,0.0075,2508,72,21,71556,36.1759,,0,0,14671,0,0,0,
Instances/Instances 2/mu1979_06.gt,1978,20.0,86400.0,PTVRP_LAYERED_SAFE,10282292.0,667,14,0.0075,2517,68,17,71551,36.1734,,0,0,14457,0,0,0,
Instances/Instances 2/mu1979_07.gt,1978,20.0,86400.0,PTVRP_LAYERED_SAFE,10525543.0,680,15,0.0077,2488,69,17,71252,36.0222,,0,0,14560,0,0,0,
Instances/Instances 2/mu1979_08.gt,1978,20.0,86400.0,PTVRP_LAYERED_SAFE,10349452.0,665,16,0.0074,2527,77,19,71805,36.3018,,0,0,14606,0,0,0,
Instances/Instances 2/mu1979_09.gt,1978,20.0,86400.0,PTVRP_LAYERED_SAFE,10707959.0,672,15,0.0075,2570,72,18,71855,36.3271,,0,0,14284,0,0,0,
Instances/Instances 2/mu1979_10.gt,1978,20.0,86400.0,PTVRP_LAYERED_SAFE,10473496.0,665,17,0.0073,2551,70,17,72121,36.4616,,0,0,14533,0,0,0,
Instances/Instances 2/nrw1379_01.gt,1378,20.0,86400.0,PTVRP_LAYERED_SAFE,2900697.0,562,11,0.0062,1743,52,11,56470,40.9797,,0,0,7390,0,0,0,
Instances/Instances 2/nrw1379_02.gt,1378,20.0,86400.0,PTVRP_LAYERED_SAFE,2864393.0,575,11,0.0063,1745,54,11,56606,41.0784,,0,0,7362,0,0,0,
Instances/Instances 2/nrw1379_03.gt,1378,20.0,86400.0,PTVRP_LAYERED_SAFE,2991694.0,567,9,0.006,1787,54,14,56801,41.2199,,0,0,7398,0,0,0,
Instances/Instances 2/nrw1379_04.gt,1378,20.0,86400.0,PTVRP_LAYERED_SAFE,2967649.0,532,10,0.0064,1772,54,13,56756,41.1872,,0,0,7338,0,0,0,
Instances/Instances 2/nrw1379_05.gt,1378,20.0,86400.0,PTVRP_LAYERED_SAFE,2923442.0,549,9,0.0059,1741,53,12,56341,40.8861,,0,0,7186,0,0,0,
Instances/Instances 2/nrw1379_06.gt,1378,20.0,86400.0,PTVRP_LAYERED_SAFE,2859195.0,554,10,0.0062,1743,51,11,56639,41.1023,,0,0,7375,0,0,0,
Instances/Instances 2/nrw1379_07.gt,1378,20.0,86400.0,PTVRP_LAYERED_SAFE,2941464.0,562,11,0.006,1757,55,12,56506,41.0058,,0,0,7367,0,0,0,
Instances/Instances 2/nrw1379_08.gt,1378,20.0,86400.0,PTVRP_LAYERED_SAFE,2908918.0,548,10,0.0062,1766,56,13,56899,41.291,,0,0,7285,0,0,0,
Instances/Instances 2/nrw1379_09.gt,1378,20.0,86400.0,PTVRP_LAYERED_SAFE,2966966.0,554,11,0.0061,1772,53,13,56754,41.1858,,0,0,7396,0,0,0,
Instances/Instances 2/nrw1379_10.gt,1378,20.0,86400.0,PTVRP_LAYERED_SAFE,2823534.0,543,10,0.0061,1700,56,11,55900,40.566,,0,0,7355,0,0,0,
Instances/Instances 2/nu3496_01.gt,3495,20.0,86400.0,PTVRP_LAYERED_SAFE,9981936.0,1121,15,0.014,4431,77,17,161821,46.3007,,0,0,29990,0,0,0,
Instances/Instances 2/nu3496_02.gt,3495,20.0,86400.0,PTVRP_LAYERED_SAFE,9982322.0,1133,16,0.0134,4412,75,18,161637,46.2481,,0,0,29933,0,0,0,
Instances/Instances 2/nu3496_03.gt,3495,20.0,86400.0,PTVRP_LAYERED_SAFE,9948983.0,1116,17,0.0133,4383,77,19,160934,46.0469,,0,0,29984,0,0,0,
Instances/Instances 2/nu3496_04.gt,3495,20.0,86400.0,PTVRP_LAYERED_SAFE,10066631.0,1146,15,0.0132,4444,75,18,161531,46.2177,,0,0,29885,0,0,0,
Instances/Instances 2/nu3496_05.gt,3495,20.0,86400.0,PTVRP_LAYERED_SAFE,10278441.0,1149,19,0.0158,4500,74,19,162248,46.4229,,0,0,29653,0,0,0,
Instances/Instances 2/nu3496_06.gt,3495,20.0,86400.0,PTVRP_LAYERED_SAFE,10018229.0,1157,19,0.0146,4414,77,19,161519,46.2143,,1,0,29907,0,0,0,
Instances/Instances 2/nu3496_07.gt,3495,20.0,86400.0,PTVRP_LAYERED_SAFE,9991035.0,1129,15,0.0154,4407,73,18,161021,46.0718,,0,0,29942,0,0,0,
Instances/Instances 2/nu3496_08.gt,3495,20.0,86400.0,PTVRP_LAYERED_SAFE,10052721.0,1163,18,0.0147,4456,76,18,162294,46.4361,,0,0,30095,0,0,0,
Instances/Instances 2/nu3496_09.gt,3495,20.0,86400.0,PTVRP_LAYERED_SAFE,10135816.0,1140,18,0.0139,4499,73,18,162713,46.5559,,0,0,30134,0,0,0,
Instances/Instances 2/nu3496_10.gt,3495,20.0,86400.0,PTVRP_LAYERED_SAFE,10168191.0,1184,15,0.0136,4485,72,18,162409,46.469,,0,0,29955,0,0,0,
Instances/Instances 2/p654_01.gt,653,20.0,86400.0,PTVRP_LAYERED_SAFE,4302441.0,170,13,0.0032,826,36,15,16591,25.4074,,0,0,5105,0,0,0,
Instances/Instances 2/p654_02.gt,653,20.0,86400.0,PTVRP_LAYERED_SAFE,4130591.0,177,14,0.0031,797,36,15,16537,25.3247,,0,0,5169,0,0,0,
Instances/Instances 2/p654_03.gt,653,20.0,86400.0,PTVRP_LAYERED_SAFE,4415693.0,193,14,0.0031,852,36,16,16770,25.6815,,0,0,5095,0,0,0,
Instances/Instances 2/p654_04.gt,653,20.0,86400.0,PTVRP_LAYERED_SAFE,4249123.0,173,14,0.0033,821,37,17,16616,25.4456,,0,0,5020,0,0,0,
Instances/Instances 2/p654_05.gt,653,20.0,86400.0,PTVRP_LAYERED_SAFE,4315902.0,188,13,0.0033,835,36,15,16742,25.6386,,0,0,5167,0,0,0,
Instances/Instances 2/p654_06.gt,653,20.0,86400.0,PTVRP_LAYERED_SAFE,4422172.0,174,14,0.0032,856,37,15,16853,25.8086,,0,0,5112,0,0,0,
Instances/Instances 2/p654_07.gt,653,20.0,86400.0,PTVRP_LAYERED_SAFE,4326441.0,166,15,0.0035,836,36,16,16719,25.6034,,0,0,5047,0,0,0,
Instances/Instances 2/p654_08.gt,653,20.0,86400.0,PTVRP_LAYERED_SAFE,4343680.0,184,16,0.0034,838,37,17,16757,25.6616,,0,0,5042,0,0,0,
Instances/Instances 2/p654_09.gt,653,20.0,86400.0,PTVRP_LAYERED_SAFE,4048578.0,172,15,0.0034,780,33,17,16406,25.124,,0,0,5130,0,0,0,
Instances/Instances 2/p654_10.gt,653,20.0,86400.0,PTVRP_LAYERED_SAFE,4325444.0,165,15,0.0036,834,35,16,16560,25.3599,,0,0,5053,0,0,0,
Instances/Instances 2/pcb1173_01.gt,1172,20.0,86400.0,PTVRP_LAYERED_SAFE,2827187.0,470,10,0.0056,1498,53,11,44033,37.5708,,0,0,5969,0,0,0,
Instances/Instances 2/pcb1173_02.gt,1172,20.0,86400.0,PTVRP_LAYERED_SAFE,2864320.0,476,10,0.0058,1486,51,13,43628,37.2253,,0,0,6022,0,0,0,
Instances/Instances 2/pcb1173_03.gt,1172,20.0,86400.0,PTVRP_LAYERED_SAFE,2871166.0,489,10,0.0053,1493,51,12,43880,37.4403,,0,0,6081,0,0,0,
Instances/Instances 2/pcb1173_04.gt,1172,20.0,86400.0,PTVRP_LAYERED_SAFE,2867451.0,479,12,0.0057,1489,52,12,43754,37.3328,,0,0,5979,0,0,0,
Instances/Instances 2/pcb1173_05.gt,1172,20.0,86400.0,PTVRP_LAYERED_SAFE,2869183.0,484,12,0.0054,1499,50,12,43941,37.4923,,0,0,6075,0,0,0,
Instances/Instances 2/pcb1173_06.gt,1172,20.0,86400.0,PTVRP_LAYERED_SAFE,2815360.0,480,10,0.0059,1466,50,11,43415,37.0435,,0,0,5955,0,0,0,
Instances/Instances 2/pcb1173_07.gt,1172,20.0,86400.0,PTVRP_LAYERED_SAFE,2884723.0,487,9,0.0051,1497,50,12,43783,37.3575,,0,0,6066,0,0,0,
Instances/Instances 2/pcb1173_08.gt,1172,20.0,86400.0,PTVRP_LAYERED_SAFE,2877236.0,472,10,0.0059,1502,53,11,43973,37.5196,,0,0,6026,0,0,0,
Instances/Instances 2/pcb1173_09.gt,1172,20.0,86400.0,PTVRP_LAYERED_SAFE,2903698.0,476,9,0.0058,1492,51,10,43724,37.3072,,0,0,6017,0,0,0,
Instances/Instances 2/pcb1173_10.gt,1172,20.0,86400.0,PTVRP_LAYERED_SAFE,2858486.0,448,10,0.0051,1489,49,10,43700,37.2867,,0,0,5858,0,0,0,
Instances/Instances 2/pcb3038_01.gt,3037,20.0,86400.0,PTVRP_LAYERED_SAFE,10777614.0,1074,12,0.0107,3865,54,14,104234,34.3214,,0,0,19644,0,0,0,
Instances/Instances 2/pcb3038_02.gt,3037,20.0,86400.0,PTVRP_LAYERED_SAFE,10835812.0,1087,12,0.0104,3858,54,15,103757,34.1643,,0,0,19632,0,0,0,
Instances/Instances 2/pcb3038_03.gt,3037,20.0,86400.0,PTVRP_LAYERED_SAFE,10822884.0,1098,11,0.0106,3856,54,16,103961,34.2315,,0,0,19414,0,0,0,
Instances/Instances 2/pcb3038_04.gt,3037,20.0,86400.0,PTVRP_LAYERED_SAFE,10768265.0,1105,12,0.0109,3861,53,15,104121,34.2842,,0,0,19753,0,0,0,
Instances/Instances 2/pcb3038_05.gt,3037,20.0,86400.0,PTVRP_LAYERED_SAFE,10717926.0,1106,13,0.0105,3844,52,15,104092,34.2746,,0,0,19689,0,0,0,
Instances/Instances 2/pcb3038_06.gt,3037,20.0,86400.0,PTVRP_LAYERED_SAFE,10875623.0,1066,13,0.0103,3865,51,15,103905,34.213,,0,0,19747,0,0,0,
Instances/Instances 2/pcb3038_07.gt,3037,20.0,86400.0,PTVRP_LAYERED_SAFE,10930516.0,1093,14,0.0114,3889,55,15,104161,34.2973,,0,0,19784,0,0,0,
Instances/Instances 2/pcb3038_08.gt,3037,20.0,86400.0,PTVRP_LAYERED_SAFE,10559144.0,1064,12,0.0102,3808,52,17,103789,34.1748,,0,0,19756,0,0,0,
Instances/Instances 2/pcb3038_09.gt,3037,20.0,86400.0,PTVRP_LAYERED_SAFE,10769633.0,1049,12,0.0103,3854,51,14,103962,34.2318,,0,0,19594,0,0,0,
Instances/Instances 2/pcb3038_10.gt,3037,20.0,86400.0,PTVRP_LAYERED_SAFE,10959725.0,1071,12,0.0103,3915,52,14,104489,34.4053,,0,0,19572,0,0,0,
Instances/Instances 2/pcb442_01.gt,441,20.0,86400.0,PTVRP_LAYERED_SAFE,1550629.0,196,7,0.0027,536,32,10,10520,23.8549,,0,0,1414,0,0,0,
Instances/Instances 2/pcb442_02.gt,441,20.0,86400.0,PTVRP_LAYERED_SAFE,1591676.0,190,9,0.0028,556,32,10,10687,24.2336,,0,0,1449,0,0,0,
Instances/Instances 2/pcb442_03.gt,441,20.0,86400.0,PTVRP_LAYERED_SAFE,1591679.0,208,13,0.0029,556,34,13,10741,24.356,,0,0,1410,0,0,0,
Instances/Instances 2/pcb442_04.gt,441,20.0,86400.0,PTVRP_LAYERED_SAFE,1591505.0,202,8,0.003,549,33,9,10593,24.0204,,0,0,1431,0,0,0,
Instances/Instances 2/pcb442_05.gt,441,20.0,86400.0,PTVRP_LAYERED_SAFE,1567429.0,200,7,0.0028,556,32,9,10684,24.2268,,0,0,1419,0,0,0,
Instances/Instances 2/pcb442_06.gt,441,20.0,86400.0,PTVRP_LAYERED_SAFE,1595493.0,209,9,0.0028,559,33,9,10698,24.2585,,0,0,1425,0,0,0,
Instances/Instances 2/pcb442_07.gt,441,20.0,86400.0,PTVRP_LAYERED_SAFE,1612167.0,202,8,0.0029,567,33,8,10819,24.5329,,0,0,1432,0,0,0,
Instances/Instances 2/pcb442_08.gt,441,20.0,86400.0,PTVRP_LAYERED_SAFE,1618543.0,197,8,0.0028,567,33,10,10822,24.5397,,0,0,1434,0,0,0,
Instances/Instances 2/pcb442_09.gt,441,20.0,86400.0,PTVRP_LAYERED_SAFE,1544559.0,200,7,0.0028,545,32,10,10668,24.1905,,0,0,1449,0,0,0,
Instances/Instances 2/pcb442_10.gt,441,20.0,86400.0,PTVRP_LAYERED_SAFE,1578438.0,195,7,0.0026,553,33,8,10670,24.195,,0,0,1446,0,0,0,
Instances/Instances 2/pm8079_01.gt,8078,20.0,86400.0,PTVRP_LAYERED_SAFE,21704398.0,2281,21,0.0313,10341,104,27,473132,58.5704,,0,0,99877,0,0,0,
Instances/Instances 2/pm8079_02.gt,8078,20.0,86400.0,PTVRP_LAYERED_SAFE,21678833.0,2234,18,0.0333,10374,106,24,474020,58.6804,,0,0,99863,0,0,0,
Instances/Instances 2/pm8079_03.gt,8078,20.0,86400.0,PTVRP_LAYERED_SAFE,21477132.0,2236,18,0.0337,10213,104,24,470647,58.2628,,0,0,100341,0,0,0,
Instances/Instances 2/pm8079_04.gt,8078,20.0,86400.0,PTVRP_LAYERED_SAFE,21634095.0,2259,18,0.0318,10265,102,23,471671,58.3896,,0,0,100067,0,0,0,
Instances/Instances 2/pm8079_05.gt,8078,20.0,86400.0,PTVRP_LAYERED_SAFE,21503058.0,2260,22,0.032,10208,103,22,470872,58.2907,,0,0,100242,0,0,0,
Instances/Instances 2/pm8079_06.gt,8078,20.0,86400.0,PTVRP_LAYERED_SAFE,21505027.0,2240,20,0.0319,10289,103,27,472890,58.5405,,0,0,100136,0,0,0,
Instances/Instances 2/pm8079_07.gt,8078,20.0,86400.0,PTVRP_LAYERED_SAFE,21616220.0,2217,21,0.0324,10277,105,24,471826,58.4088,,0,0,100183,0,0,0,
Instances/Instances 2/pm8079_08.gt,8078,20.0,86400.0,PTVRP_LAYERED_SAFE,21632245.0,2240,23,0.0317,10280,102,23,471764,58.4011,,0,0,100306,0,0,0,
Instances/Instances 2/pm8079_09.gt,8078,20.0,86400.0,PTVRP_LAYERED_SAFE,21613529.0,2276,19,0.034,10322,108,21,473683,58.6386,,0,0,100125,0,0,0,
Instances/Instances 2/pm8079_10.gt,8078,20.0,86400.0,PTVRP_LAYERED_SAFE,21699619.0,2259,17,0.0375,10315,105,22,472625,58.5077,,0,0,100115,0,0,0,
Instances/Instances 2/pr1002_01.gt,1001,20.0,86400.0,PTVRP_LAYERED_SAFE,13704076.0,443,8,0.0043,1320,26,9,12213,12.2008,,0,0,3012,0,0,0,
Instances/Instances 2/pr1002_02.gt,1001,20.0,86400.0,PTVRP_LAYERED_SAFE,12903461.0,402,9,0.0041,1257,27,9,12162,12.1499,,0,0,3132,0,0,0,
Instances/Instances 2/pr1002_03.gt,1001,20.0,86400.0,PTVRP_LAYERED_SAFE,13634685.0,439,9,0.0042,1322,25,9,12287,12.2747,,0,0,3027,0,0,0,
Instances/Instances 2/pr1002_04.gt,1001,20.0,86400.0,PTVRP_LAYERED_SAFE,13193001.0,443,9,0.0044,1267,25,9,12071,12.0589,,0,0,3063,0,0,0,
Instances/Instances 2/pr1002_05.gt,1001,20.0,86400.0,PTVRP_LAYERED_SAFE,13202785.0,430,9,0.0045,1281,25,10,12121,12.1089,,0,0,3079,0,0,0,
Instances/Instances 2/pr1002_06.gt,1001,20.0,86400.0,PTVRP_LAYERED_SAFE,13057482.0,443,8,0.0045,1262,22,10,12070,12.0579,,0,0,3075,0,0,0,
Instances/Instances 2/pr1002_07.gt,1001,20.0,86400.0,PTVRP_LAYERED_SAFE,13085155.0,419,8,0.0042,1255,23,9,12039,12.027,,0,0,3092,0,0,0,
Instances/Instances 2/pr1002_08.gt,1001,20.0,86400.0,PTVRP_LAYERED_SAFE,13586632.0,454,9,0.0041,1300,23,9,12096,12.0839,,0,0,3087,0,0,0,
Instances/Instances 2/pr1002_09.gt,1001,20.0,86400.0,PTVRP_LAYERED_SAFE,13270092.0,438,9,0.0042,1273,26,10,12089,12.0769,,0,0,3041,0,0,0,
Instances/Instances 2/pr1002_10.gt,1001,20.0,86400.0,PTVRP_LAYERED_SAFE,13126103.0,454,11,0.0042,1277,26,11,12143,12.1309,,0,0,3053,0,0,0,
Instances/Instances 2/pr107_01.gt,106,20.0,86400.0,PTVRP_LAYERED_SAFE,1431303.0,52,6,0.0019,138,20,6,1200,11.3208,,0,0,221,0,0,0,
Instances/Instances 2/pr107_02.gt,106,20.0,86400.0,PTVRP_LAYERED_SAFE,1417795.0,57,7,0.0018,137,20,7,1178,11.1132,,0,0,224,0,0,0,
Instances/Instances 2/pr107_03.gt,106,20.0,86400.0,PTVRP_LAYERED_SAFE,1497646.0,55,8,0.002,137,20,8,1155,10.8962,,0,0,214,0,0,0,
Instances/Instances 2/pr107_04.gt,106,20.0,86400.0,PTVRP_LAYERED_SAFE,1285625.0,58,5,0.0019,119,19,6,1144,10.7925,,0,0,223,0,0,0,
Instances/Instances 2/pr107_05.gt,106,20.0,86400.0,PTVRP_LAYERED_SAFE,1514781.0,53,6,0.0022,136,19,6,1137,10.7264,,0,0,209,0,0,0,
Instances/Instances 2/pr107_06.gt,106,20.0,86400.0,PTVRP_LAYERED_SAFE,1409257.0,51,6,0.0019,127,19,6,1135,10.7075,,0,0,227,0,0,0,
Instances/Instances 2/pr107_07.gt,106,20.0,86400.0,PTVRP_LAYERED_SAFE,1486634.0,54,6,0.0019,136,20,6,1136,10.717,,0,0,225,0,0,0,
Instances/Instances 2/pr107_08.gt,106,20.0,86400.0,PTVRP_LAYERED_SAFE,1501182.0,59,5,0.0021,135,18,5,1108,10.4528,,0,0,199,0,0,0,
Instances/Instances 2/pr107_09.gt,106,20.0,86400.0,PTVRP_LAYERED_SAFE,1642401.0,59,8,0.0023,155,21,8,1200,11.3208,,0,0,211,0,0,0,
Instances/Instances 2/pr107_10.gt,106,20.0,86400.0,PTVRP_LAYERED_SAFE,1499834.0,54,6,0.002,141,19,6,1187,11.1981,,0,0,215,0,0,0,
Instances/Instances 2/pr124_01.gt,123,20.0,86400.0,PTVRP_LAYERED_SAFE,1409460.0,56,6,0.002,148,16,8,1238,10.065,,0,0,292,0,0,0,
Instances/Instances 2/pr124_02.gt,123,20.0,86400.0,PTVRP_LAYERED_SAFE,1512911.0,59,8,0.002,159,15,8,1300,10.5691,,0,0,278,0,0,0,
Instances/Instances 2/pr124_03.gt,123,20.0,86400.0,PTVRP_LAYERED_SAFE,1379859.0,54,7,0.0017,143,15,7,1248,10.1463,,0,0,279,0,0,0,
Instances/Instances 2/pr124_04.gt,123,20.0,86400.0,PTVRP_LAYERED_SAFE,1501588.0,58,7,0.0019,156,16,9,1285,10.4472,,0,0,286,0,0,0,
Instances/Instances 2/pr124_05.gt,123,20.0,86400.0,PTVRP_LAYERED_SAFE,1458345.0,59,6,0.0018,154,16,8,1280,10.4065,,0,0,282,0,0,0,
Instances/Instances 2/pr124_06.gt,123,20.0,86400.0,PTVRP_LAYERED_SAFE,1509084.0,62,7,0.0019,161,16,7,1308,10.6341,,0,0,290,0,0,0,
Instances/Instances 2/pr124_07.gt,123,20.0,86400.0,PTVRP_LAYERED_SAFE,1455663.0,61,6,0.0022,154,15,7,1274,10.3577,,0,0,280,0,0,0,
Instances/Instances 2/pr124_08.gt,123,20.0,86400.0,PTVRP_LAYERED_SAFE,1422417.0,57,7,0.0017,149,16,7,1243,10.1057,,0,0,273,0,0,0,
Instances/Instances 2/pr124_09.gt,123,20.0,86400.0,PTVRP_LAYERED_SAFE,1395787.0,58,6,0.0019,149,15,7,1255,10.2033,,0,0,269,0,0,0,
Instances/Instances 2/pr124_10.gt,123,20.0,86400.0,PTVRP_LAYERED_SAFE,1455833.0,60,8,0.0019,158,16,8,1307,10.626,,0,0,284,0,0,0,
Instances/Instances 2/pr136_01.gt,135,20.0,86400.0,PTVRP_LAYERED_SAFE,1850248.0,73,5,0.0018,169,12,7,1152,8.53333,,0,0,229,0,0,0,
Instances/Instances 2/pr136_02.gt,135,20.0,86400.0,PTVRP_LAYERED_SAFE,1811364.0,71,6,0.0018,164,12,6,1135,8.40741,,0,0,231,0,0,0,
Instances/Instances 2/pr136_03.gt,135,20.0,86400.0,PTVRP_LAYERED_SAFE,1815904.0,74,5,0.0018,163,12,7,1142,8.45926,,0,0,247,0,0,0,
Instances/Instances 2/pr136_04.gt,135,20.0,86400.0,PTVRP_LAYERED_SAFE,1885185.0,64,6,0.0019,172,12,6,1153,8.54074,,0,0,235,0,0,0,
Instances/Instances 2/pr136_05.gt,135,20.0,86400.0,PTVRP_LAYERED_SAFE,1900246.0,64,7,0.0019,174,12,7,1165,8.62963,,0,0,220,0,0,0,
Instances/Instances 2/pr136_06.gt,135,20.0,86400.0,PTVRP_LAYERED_SAFE,1872818.0,67,7,0.002,172,13,7,1177,8.71852,,0,0,239,0,0,0,
Instances/Instances 2/pr136_07.gt,135,20.0,86400.0,PTVRP_LAYERED_SAFE,1815655.0,64,6,0.0021,166,12,6,1159,8.58519,,0,0,242,0,0,0,
Instances/Instances 2/pr136_08.gt,135,20.0,86400.0,PTVRP_LAYERED_SAFE,1801967.0,67,6,0.002,163,13,6,1140,8.44444,,0,0,244,0,0,0,
Instances/Instances 2/pr136_09.gt,135,20.0,86400.0,PTVRP_LAYERED_SAFE,1845761.0,66,7,0.002,169,13,7,1166,8.63704,,0,0,239,0,0,0,
Instances/Instances 2/pr136_10.gt,135,20.0,86400.0,PTVRP_LAYERED_SAFE,1887371.0,70,7,0.0022,174,13,7,1179,8.73333,,0,0,226,0,0,0,
Instances/Instances 2/pr144_01.gt,143,20.0,86400.0,PTVRP_LAYERED_SAFE,1698228.0,67,6,0.0021,176,19,8,1516,10.6014,,0,0,321,0,0,0,
Instances/Instances 2/pr144_02.gt,143,20.0,86400.0,PTVRP_LAYERED_SAFE,1617568.0,60,9,0.0019,173,17,9,1526,10.6713,,0,0,344,0,0,0,
Instances/Instances 2/pr144_03.gt,143,20.0,86400.0,PTVRP_LAYERED_SAFE,1688668.0,73,7,0.0021,175,17,8,1500,10.4895,,0,0,334,0,0,0,
Instances/Instances 2/pr144_04.gt,143,20.0,86400.0,PTVRP_LAYERED_SAFE,1675395.0,67,6,0.0018,181,25,8,1562,10.9231,,0,0,339,0,0,0,
Instances/Instances 2/pr144_05.gt,143,20.0,86400.0,PTVRP_LAYERED_SAFE,1702929.0,66,7,0.0019,182,19,7,1513,10.5804,,0,0,331,0,0,0,
Instances/Instances 2/pr144_06.gt,143,20.0,86400.0,PTVRP_LAYERED_SAFE,1753112.0,61,7,0.0018,182,17,10,1502,10.5035,,0,0,325,0,0,0,
Instances/Instances 2/pr144_07.gt,143,20.0,86400.0,PTVRP_LAYERED_SAFE,1682719.0,60,8,0.0022,172,16,9,1476,10.3217,,0,0,316,0,0,0,
Instances/Instances 2/pr144_08.gt,143,20.0,86400.0,PTVRP_LAYERED_SAFE,1642233.0,69,7,0.0021,170,16,8,1505,10.5245,,0,0,351,0,0,0,
Instances/Instances 2/pr144_09.gt,143,20.0,86400.0,PTVRP_LAYERED_SAFE,1904478.0,76,7,0.0023,199,19,8,1554,10.8671,,0,0,324,0,0,0,
Instances/Instances 2/pr144_10.gt,143,20.0,86400.0,PTVRP_LAYERED_SAFE,1476934.0,63,7,0.0021,159,20,10,1448,10.1259,,0,0,326,0,0,0,
Instances/Instances 2/pr152_01.gt,151,20.0,86400.0,PTVRP_LAYERED_SAFE,2079458.0,74,6,0.0021,191,20,8,1549,10.2583,,0,0,334,0,0,0,
Instances/Instances 2/pr152_02.gt,151,20.0,86400.0,PTVRP_LAYERED_SAFE,1944988.0,74,6,0.0019,176,18,6,1496,9.90728,,0,0,318,0,0,0,
Instances/Instances 2/pr152_03.gt,151,20.0,86400.0,PTVRP_LAYERED_SAFE,2156455.0,71,6,0.002,195,17,7,1548,10.2517,,0,0,330,0,0,0,
Instances/Instances 2/pr152_04.gt,151,20.0,86400.0,PTVRP_LAYERED_SAFE,1936300.0,70,8,0.0019,173,15,8,1477,9.78146,,0,0,344,0,0,0,
Instances/Instances 2/pr152_05.gt,151,20.0,86400.0,PTVRP_LAYERED_SAFE,1985891.0,73,7,0.0019,180,17,7,1512,10.0132,,0,0,348,0,0,0,
Instances/Instances 2/pr152_06.gt,151,20.0,86400.0,PTVRP_LAYERED_SAFE,2138380.0,70,6,0.0019,194,18,6,1557,10.3113,,0,0,335,0,0,0,
Instances/Instances 2/pr152_07.gt,151,20.0,86400.0,PTVRP_LAYERED_SAFE,2033638.0,69,9,0.0019,189,17,9,1560,10.3311,,0,0,349,0,0,0,
Instances/Instances 2/pr152_08.gt,151,20.0,86400.0,PTVRP_LAYERED_SAFE,2114265.0,80,8,0.002,193,18,8,1554,10.2914,,0,0,328,0,0,0,
Instances/Instances 2/pr152_09.gt,151,20.0,86400.0,PTVRP_LAYERED_SAFE,1981662.0,69,6,0.002,183,17,6,1555,10.298,,0,0,345,0,0,0,
Instances/Instances 2/pr152_10.gt,151,20.0,86400.0,PTVRP_LAYERED_SAFE,2028140.0,77,6,0.002,184,16,6,1531,10.1391,,0,0,321,0,0,0,
Instances/Instances 2/pr226_01.gt,225,20.0,86400.0,PTVRP_LAYERED_SAFE,3535353.0,96,8,0.0021,278,19,8,2332,10.3644,,0,0,654,0,0,0,
Instances/Instances 2/pr226_02.gt,225,20.0,86400.0,PTVRP_LAYERED_SAFE,3544375.0,111,7,0.0021,280,20,10,2344,10.4178,,0,0,652,0,0,0,
Instances/Instances 2/pr226_03.gt,225,20.0,86400.0,PTVRP_LAYERED_SAFE,3342649.0,95,8,0.0021,263,18,8,2310,10.2667,,0,0,691,0,0,0,
Instances/Instances 2/pr226_04.gt,225,20.0,86400.0,PTVRP_LAYERED_SAFE,3649079.0,95,8,0.002,285,18,11,2334,10.3733,,0,0,659,0,0,0,
Instances/Instances 2/pr226_05.gt,225,20.0,86400.0,PTVRP_LAYERED_SAFE,3518702.0,96,8,0.002,280,19,9,2344,10.4178,,0,0,652,0,0,0,
Instances/Instances 2/pr226_06.gt,225,20.0,86400.0,PTVRP_LAYERED_SAFE,3611797.0,96,8,0.002,273,18,8,2322,10.32,,0,0,666,0,0,0,
Instances/Instances 2/pr226_07.gt,225,20.0,86400.0,PTVRP_LAYERED_SAFE,3521200.0,108,8,0.0021,274,18,9,2299,10.2178,,0,0,668,0,0,0,
Instances/Instances 2/pr226_08.gt,225,20.0,86400.0,PTVRP_LAYERED_SAFE,3638252.0,94,9,0.0019,282,22,9,2322,10.32,,0,0,654,0,0,0,
Instances/Instances 2/pr226_09.gt,225,20.0,86400.0,PTVRP_LAYERED_SAFE,3639720.0,105,8,0.002,283,19,9,2331,10.36,,0,0,660,0,0,0,
Instances/Instances 2/pr226_10.gt,225,20.0,86400.0,PTVRP_LAYERED_SAFE,3555876.0,95,8,0.0019,283,19,9,2384,10.5956,,0,0,672,0,0,0,
Instances/Instances 2/pr2392_01.gt,2391,20.0,86400.0,PTVRP_LAYERED_SAFE,29811896.0,961,10,0.007,2953,26,12,32408,13.5542,,0,0,9118,0,0,0,
Instances/Instances 2/pr2392_02.gt,2391,20.0,86400.0,PTVRP_LAYERED_SAFE,30752105.0,952,11,0.0068,3046,27,11,32549,13.6131,,0,0,8993,0,0,0,
Instances/Instances 2/pr2392_03.gt,2391,20.0,86400.0,PTVRP_LAYERED_SAFE,30705051.0,978,10,0.007,3047,28,11,32548,13.6127,,0,0,9061,0,0,0,
Instances/Instances 2/pr2392_04.gt,2391,20.0,86400.0,PTVRP_LAYERED_SAFE,30673585.0,962,10,0.007,3029,27,10,32423,13.5604,,0,0,8998,0,0,0,
Instances/Instances 2/pr2392_05.gt,2391,20.0,86400.0,PTVRP_LAYERED_SAFE,30598641.0,942,11,0.007,3028,30,11,32505,13.5947,,0,0,8960,0,0,0,
Instances/Instances 2/pr2392_06.gt,2391,20.0,86400.0,PTVRP_LAYERED_SAFE,31809095.0,977,10,0.008,3119,28,11,32656,13.6579,,0,0,8932,0,0,0,
Instances/Instances 2/pr2392_07.gt,2391,20.0,86400.0,PTVRP_LAYERED_SAFE,30869934.0,942,10,0.0077,3037,26,11,32398,13.55,,0,0,8927,0,0,0,
Instances/Instances 2/pr2392_08.gt,2391,20.0,86400.0,PTVRP_LAYERED_SAFE,31062591.0,942,9,0.0068,3061,30,11,32536,13.6077,,0,0,8923,0,0,0,
Instances/Instances 2/pr2392_09.gt,2391,20.0,86400.0,PTVRP_LAYERED_SAFE,30949049.0,953,10,0.007,3067,30,10,32602,13.6353,,0,0,8910,0,0,0,
Instances/Instances 2/pr2392_10.gt,2391,20.0,86400.0,PTVRP_LAYERED_SAFE,30949317.0,962,9,0.0074,3066,27,11,32618,13.642,,0,0,8940,0,0,0,
Instances/Instances 2/pr264_01.gt,263,20.0,86400.0,PTVRP_LAYERED_SAFE,2473645.0,102,8,0.0024,307,26,8,3984,15.1483,,0,0,944,0,0,0,
Instances/Instances 2/pr264_02.gt,263,20.0,86400.0,PTVRP_LAYERED_SAFE,2754287.0,104,9,0.0026,349,31,9,4136,15.7262,,0,0,936,0,0,0,
Instances/Instances 2/pr264_03.gt,263,20.0,86400.0,PTVRP_LAYERED_SAFE,2806747.0,102,9,0.0025,353,29,9,4202,15.9772,,0,0,917,0,0,0,
Instances/Instances 2/pr264_04.gt,263,20.0,86400.0,PTVRP_LAYERED_SAFE,2793414.0,106,8,0.0024,345,27,9,4139,15.7376,,0,0,921,0,0,0,
Instances/Instances 2/pr264_05.gt,263,20.0,86400.0,PTVRP_LAYERED_SAFE,2554231.0,103,9,0.0025,317,27,9,4003,15.2205,,0,0,957,0,0,0,
Instances/Instances 2/pr264_06.gt,263,20.0,86400.0,PTVRP_LAYERED_SAFE,2607218.0,105,8,0.0024,326,25,9,4034,15.3384,,0,0,944,0,0,0,
Instances/Instances 2/pr264_07.gt,263,20.0,86400.0,PTVRP_LAYERED_SAFE,2811004.0,114,8,0.0027,349,27,9,4114,15.6426,,0,0,899,0,0,0,
Instances/Instances 2/pr264_08.gt,263,20.0,86400.0,PTVRP_LAYERED_SAFE,2742833.0,112,8,0.0024,345,27,9,4089,15.5475,,0,0,939,0,0,0,
Instances/Instances 2/pr264_09.gt,263,20.0,86400.0,PTVRP_LAYERED_SAFE,2620680.0,112,7,0.0025,327,27,9,4070,15.4753,,0,0,957,0,0,0,
Instances/Instances 2/pr264_10.gt,263,20.0,86400.0,PTVRP_LAYERED_SAFE,2753544.0,112,8,0.0025,337,27,11,4039,15.3574,,0,0,911,0,0,0,
Instances/Instances 2/pr299_01.gt,298,20.0,86400.0,PTVRP_LAYERED_SAFE,1535659.0,141,9,0.0026,357,27,11,5663,19.0034,,0,0,925,0,0,0,
Instances/Instances 2/pr299_02.gt,298,20.0,86400.0,PTVRP_LAYERED_SAFE,1687892.0,138,9,0.0028,396,30,9,5906,19.8188,,0,0,946,0,0,0,
Instances/Instances 2/pr299_03.gt,298,20.0,86400.0,PTVRP_LAYERED_SAFE,1747370.0,135,9,0.0026,395,27,10,5829,19.5604,,0,0,916,0,0,0,
Instances/Instances 2/pr299_04.gt,298,20.0,86400.0,PTVRP_LAYERED_SAFE,1578636.0,132,7,0.0022,372,27,9,5739,19.2584,,0,0,897,0,0,0,
Instances/Instances 2/pr299_05.gt,298,20.0,86400.0,PTVRP_LAYERED_SAFE,1582612.0,136,7,0.0024,367,29,9,5726,19.2148,,0,0,915,0,0,0,
Instances/Instances 2/pr299_06.gt,298,20.0,86400.0,PTVRP_LAYERED_SAFE,1653161.0,131,8,0.0025,384,26,10,5862,19.6711,,0,0,944,0,0,0,
Instances/Instances 2/pr299_07.gt,298,20.0,86400.0,PTVRP_LAYERED_SAFE,1672617.0,142,7,0.0025,394,28,10,5930,19.8993,,0,0,911,0,0,0,
Instances/Instances 2/pr299_08.gt,298,20.0,86400.0,PTVRP_LAYERED_SAFE,1572474.0,142,9,0.0026,370,29,9,5791,19.4329,,0,0,970,0,0,0,
Instances/Instances 2/pr299_09.gt,298,20.0,86400.0,PTVRP_LAYERED_SAFE,1724977.0,132,11,0.0028,397,28,11,5862,19.6711,,0,0,920,0,0,0,
Instances/Instances 2/pr299_10.gt,298,20.0,86400.0,PTVRP_LAYERED_SAFE,1616890.0,138,7,0.0027,377,26,10,5762,19.3356,,0,0,939,0,0,0,
Instances/Instances 2/pr439_01.gt,438,20.0,86400.0,PTVRP_LAYERED_SAFE,3824747.0,197,9,0.0028,538,28,9,6793,15.5091,,0,0,1440,0,0,0,
Instances/Instances 2/pr439_02.gt,438,20.0,86400.0,PTVRP_LAYERED_SAFE,4099770.0,194,8,0.003,577,28,10,6914,15.7854,,0,0,1411,0,0,0,
Instances/Instances 2/pr439_03.gt,438,20.0,86400.0,PTVRP_LAYERED_SAFE,4054221.0,185,8,0.0029,553,25,11,6751,15.4132,,0,0,1440,0,0,0,
Instances/Instances 2/pr439_04.gt,438,20.0,86400.0,PTVRP_LAYERED_SAFE,3978076.0,188,9,0.0032,550,27,9,6793,15.5091,,0,0,1398,0,0,0,
Instances/Instances 2/pr439_05.gt,438,20.0,86400.0,PTVRP_LAYERED_SAFE,4104375.0,188,10,0.0031,566,30,10,6771,15.4589,,0,0,1400,0,0,0,
Instances/Instances 2/pr439_06.gt,438,20.0,86400.0,PTVRP_LAYERED_SAFE,4041211.0,182,9,0.0028,563,29,9,6808,15.5434,,0,0,1448,0,0,0,
Instances/Instances 2/pr439_07.gt,438,20.0,86400.0,PTVRP_LAYERED_SAFE,4199725.0,189,8,0.0024,570,28,10,6825,15.5822,,0,0,1385,0,0,0,
Instances/Instances 2/pr439_08.gt,438,20.0,86400.0,PTVRP_LAYERED_SAFE,4037110.0,196,9,0.0026,575,33,10,6889,15.7283,,0,0,1420,0,0,0,
Instances/Instances 2/pr439_09.gt,438,20.0,86400.0,PTVRP_LAYERED_SAFE,3948707.0,181,10,0.0025,541,30,10,6707,15.3128,,0,0,1402,0,0,0,
Instances/Instances 2/pr439_10.gt,438,20.0,86400.0,PTVRP_LAYERED_SAFE,4033077.0,198,10,0.0026,564,31,10,6865,15.6735,,0,0,1419,0,0,0,
Instances/Instances 2/pr76_01.gt,75,20.0,86400.0,PTVRP_LAYERED_SAFE,1305457.0,44,5,0.0018,102,11,6,516,6.88,,0,0,87,0,0,0,
Instances/Instances 2/pr76_02.gt,75,20.0,86400.0,PTVRP_LAYERED_SAFE,1266198.0,47,5,0.0019,93,10,5,503,6.70667,,0,0,96,0,0,0,
Instances/Instances 2/pr76_03.gt,75,20.0,86400.0,PTVRP_LAYERED_SAFE,1374740.0,45,5,0.002,107,11,5,532,7.09333,,0,0,84,0,0,0,
Instances/Instances 2/pr76_04.gt,75,20.0,86400.0,PTVRP_LAYERED_SAFE,1102781.0,44,4,0.0019,86,9,4,469,6.25333,,0,0,81,0,0,0,
Instances/Instances 2/pr76_05.gt,75,20.0,86400.0,PTVRP_LAYERED_SAFE,1321112.0,45,5,0.002,105,11,5,531,7.08,,0,0,91,0,0,0,
Instances/Instances 2/pr76_06.gt,75,20.0,86400.0,PTVRP_LAYERED_SAFE,1185484.0,44,5,0.0019,90,10,5,498,6.64,,0,0,86,0,0,0,
Instances/Instances 2/pr76_07.gt,75,20.0,86400.0,PTVRP_LAYERED_SAFE,1299235.0,46,6,0.002,103,11,6,531,7.08,,0,0,93,0,0,0,
Instances/Instances 2/pr76_08.gt,75,20.0,86400.0,PTVRP_LAYERED_SAFE,1267144.0,44,5,0.0019,98,10,5,509,6.78667,,0,0,80,0,0,0,
Instances/Instances 2/pr76_09.gt,75,20.0,86400.0,PTVRP_LAYERED_SAFE,1302172.0,50,4,0.0019,97,9,5,514,6.85333,,0,0,85,0,0,0,
Instances/Instances 2/pr76_10.gt,75,20.0,86400.0,PTVRP_LAYERED_SAFE,1264889.0,49,5,0.002,93,10,5,501,6.68,,0,0,97,0,0,0,
Instances/Instances 2/qa194_01.gt,193,20.0,86400.0,PTVRP_LAYERED_SAFE,208610.0,98,12,0.0026,254,64,12,8256,42.7772,,0,0,456,0,0,0,
Instances/Instances 2/qa194_02.gt,193,20.0,86400.0,PTVRP_LAYERED_SAFE,206184.0,97,8,0.0023,251,52,8,8030,41.6062,,0,0,447,0,0,0,
Instances/Instances 2/qa194_03.gt,193,20.0,86400.0,PTVRP_LAYERED_SAFE,194807.0,96,11,0.0022,242,59,11,7942,41.1503,,0,0,429,0,0,0,
Instances/Instances 2/qa194_04.gt,193,20.0,86400.0,PTVRP_LAYERED_SAFE,205333.0,99,8,0.0023,248,64,10,8168,42.3212,,0,0,442,0,0,0,
Instances/Instances 2/qa194_05.gt,193,20.0,86400.0,PTVRP_LAYERED_SAFE,213739.0,95,9,0.0024,266,69,12,8409,43.5699,,0,0,453,0,0,0,
Instances/Instances 2/qa194_06.gt,193,20.0,86400.0,PTVRP_LAYERED_SAFE,205617.0,98,7,0.0023,256,64,10,8295,42.9793,,0,0,479,0,0,0,
Instances/Instances 2/qa194_07.gt,193,20.0,86400.0,PTVRP_LAYERED_SAFE,212746.0,96,11,0.0024,264,64,12,8406,43.5544,,0,0,470,0,0,0,
Instances/Instances 2/qa194_08.gt,193,20.0,86400.0,PTVRP_LAYERED_SAFE,204376.0,95,8,0.0023,251,59,10,8093,41.9326,,0,0,457,0,0,0,
Instances/Instances 2/qa194_09.gt,193,20.0,86400.0,PTVRP_LAYERED_SAFE,197279.0,87,7,0.0025,236,55,8,7908,40.9741,,0,0,441,0,0,0,
Instances/Instances 2/qa194_10.gt,193,20.0,86400.0,PTVRP_LAYERED_SAFE,200774.0,97,8,0.0028,241,59,8,7950,41.1917,,0,0,438,0,0,0,
Instances/Instances 2/rat195_01.gt,194,20.0,86400.0,PTVRP_LAYERED_SAFE,51522.0,105,8,0.0028,261,97,8,14907,76.8402,,0,0,349,0,0,0,
Instances/Instances 2/rat195_02.gt,194,20.0,86400.0,PTVRP_LAYERED_SAFE,49336.0,104,6,0.0027,246,99,6,14334,73.8866,,0,0,326,0,0,0,
Instances/Instances 2/rat195_03.gt,194,20.0,86400.0,PTVRP_LAYERED_SAFE,49859.0,105,6,0.0027,252,96,7,14904,76.8247,,0,0,340,0,0,0,
Instances/Instances 2/rat195_04.gt,194,20.0,86400.0,PTVRP_LAYERED_SAFE,46427.0,93,6,0.0028,240,94,7,14465,74.5619,,0,0,336,0,0,0,
Instances/Instances 2/rat195_05.gt,194,20.0,86400.0,PTVRP_LAYERED_SAFE,49234.0,99,6,0.0028,247,97,7,14703,75.7887,,0,0,343,0,0,0,
Instances/Instances 2/rat195_06.gt,194,20.0,86400.0,PTVRP_LAYERED_SAFE,48974.0,102,6,0.0027,245,98,7,14296,73.6907,,0,0,350,0,0,0,
Instances/Instances 2/rat195_07.gt,194,20.0,86400.0,PTVRP_LAYERED_SAFE,46434.0,100,6,0.0029,232,92,8,14203,73.2113,,0,0,324,0,0,0,
Instances/Instances 2/rat195_08.gt,194,20.0,86400.0,PTVRP_LAYERED_SAFE,46647.0,101,6,0.0028,241,96,6,14208,73.2371,,0,0,324,0,0,0,
Instances/Instances 2/rat195_09.gt,194,20.0,86400.0,PTVRP_LAYERED_SAFE,48678.0,108,7,0.0029,246,100,7,14224,73.3196,,0,0,337,0,0,0,
Instances/Instances 2/rat195_10.gt,194,20.0,86400.0,PTVRP_LAYERED_SAFE,51300.0,103,7,0.0028,252,97,7,14647,75.5,,0,0,324,0,0,0,
Instances/Instances 2/rat575_01.gt,574,20.0,86400.0,PTVRP_LAYERED_SAFE,244321.0,280,8,0.0053,748,100,10,48686,84.8188,,0,0,2220,0,0,0,
Instances/Instances 2/rat575_02.gt,574,20.0,86400.0,PTVRP_LAYERED_SAFE,235476.0,265,9,0.005,726,97,9,47899,83.4477,,0,0,2185,0,0,0,
Instances/Instances 2/rat575_03.gt,574,20.0,86400.0,PTVRP_LAYERED_SAFE,228624.0,257,8,0.005,706,99,8,47523,82.7927,,0,0,2150,0,0,0,
Instances/Instances 2/rat575_04.gt,574,20.0,86400.0,PTVRP_LAYERED_SAFE,239521.0,248,9,0.0046,735,99,10,48254,84.0662,,0,0,2188,0,0,0,
Instances/Instances 2/rat575_05.gt,574,20.0,86400.0,PTVRP_LAYERED_SAFE,241476.0,275,9,0.0049,732,97,9,48180,83.9373,,0,0,2222,0,0,0,
Instances/Instances 2/rat575_06.gt,574,20.0,86400.0,PTVRP_LAYERED_SAFE,229830.0,252,9,0.0046,701,96,10,47049,81.9669,,0,0,2144,0,0,0,
Instances/Instances 2/rat575_07.gt,574,20.0,86400.0,PTVRP_LAYERED_SAFE,240093.0,265,8,0.0047,748,101,9,48443,84.3955,,0,0,2238,0,0,0,
Instances/Instances 2/rat575_08.gt,574,20.0,86400.0,PTVRP_LAYERED_SAFE,237577.0,264,8,0.0049,731,97,9,48247,84.054,,0,0,2211,0,0,0,
Instances/Instances 2/rat575_09.gt,574,20.0,86400.0,PTVRP_LAYERED_SAFE,231237.0,253,9,0.0048,730,107,9,48183,83.9425,,0,0,2168,0,0,0,
Instances/Instances 2/rat575_10.gt,574,20.0,86400.0,PTVRP_LAYERED_SAFE,238829.0,273,8,0.0049,739,99,9,48474,84.4495,,0,0,2189,0,0,0,
Instances/Instances 2/rat783_01.gt,782,20.0,86400.0,PTVRP_LAYERED_SAFE,373979.0,335,9,0.006,1005,105,11,67994,86.9488,,0,0,3782,0,0,0,
Instances/Instances 2/rat783_02.gt,782,20.0,86400.0,PTVRP_LAYERED_SAFE,362745.0,344,9,0.0063,974,98,10,66908,85.5601,,0,0,3795,0,0,0,
Instances/Instances 2/rat783_03.gt,782,20.0,86400.0,PTVRP_LAYERED_SAFE,373525.0,328,10,0.0061,1004,104,10,67895,86.8223,,0,0,3749,0,0,0,
Instances/Instances 2/rat783_04.gt,782,20.0,86400.0,PTVRP_LAYERED_SAFE,364461.0,332,9,0.006,976,100,11,66756,85.3657,,0,0,3729,0,0,0,
Instances/Instances 2/rat783_05.gt,782,20.0,86400.0,PTVRP_LAYERED_SAFE,371661.0,322,9,0.0062,1003,103,10,67882,86.8056,,0,0,3746,0,0,0,
Instances/Instances 2/rat783_06.gt,782,20.0,86400.0,PTVRP_LAYERED_SAFE,372016.0,329,10,0.0058,998,105,10,67143,85.8606,,0,0,3764,0,0,0,
Instances/Instances 2/rat783_07.gt,782,20.0,86400.0,PTVRP_LAYERED_SAFE,373490.0,339,10,0.006,1000,107,10,67574,86.4118,,0,0,3781,0,0,0,
Instances/Instances 2/rat783_08.gt,782,20.0,86400.0,PTVRP_LAYERED_SAFE,363212.0,342,8,0.0058,982,103,10,66834,85.4655,,0,0,3733,0,0,0,
Instances/Instances 2/rat783_09.gt,782,20.0,86400.0,PTVRP_LAYERED_SAFE,369314.0,316,9,0.0057,997,104,9,67527,86.3517,,0,0,3764,0,0,0,
Instances/Instances 2/rat783_10.gt,782,20.0,86400.0,PTVRP_LAYERED_SAFE,373809.0,351,9,0.0057,997,103,10,67477,86.2877,,0,0,3748,0,0,0,
Instances/Instances 2/rat99_01.gt,98,20.0,86400.0,PTVRP_LAYERED_SAFE,16503.0,57,5,0.0022,111,88,6,5173,52.7857,,0,0,27,0,0,0,
Instances/Instances 2/rat99_02.gt,98,20.0,86400.0,PTVRP_LAYERED_SAFE,16698.0,59,5,0.0021,115,88,5,5389,54.9898,,0,0,31,0,0,0,
Instances/Instances 2/rat99_03.gt,98,20.0,86400.0,PTVRP_LAYERED_SAFE,19043.0,55,6,0.0021,127,98,6,5466,55.7755,,0,0,41,0,0,0,
Instances/Instances 2/rat99_04.gt,98,20.0,86400.0,PTVRP_LAYERED_SAFE,19667.0,53,7,0.002,126,93,7,5788,59.0612,,0,0,42,0,0,0,
Instances/Instances 2/rat99_05.gt,98,20.0,86400.0,PTVRP_LAYERED_SAFE,17139.0,51,6,0.0021,118,90,7,5303,54.1122,,0,0,32,0,0,0,
Instances/Instances 2/rat99_06.gt,98,20.0,86400.0,PTVRP_LAYERED_SAFE,19685.0,54,6,0.0021,130,95,6,5941,60.6224,,0,0,41,0,0,0,
Instances/Instances 2/rat99_07.gt,98,20.0,86400.0,PTVRP_LAYERED_SAFE,19017.0,58,6,0.0021,129,97,6,5837,59.5612,,0,0,42,0,0,0,
Instances/Instances 2/rat99_08.gt,98,20.0,86400.0,PTVRP_LAYERED_SAFE,18759.0,57,6,0.0021,128,96,7,6099,62.2347,,0,0,46,0,0,0,
Instances/Instances 2/rat99_09.gt,98,20.0,86400.0,PTVRP_LAYERED_SAFE,19984.0,55,6,0.0032,130,98,8,5885,60.051,,0,0,45,0,0,0,
Instances/Instances 2/rat99_10.gt,98,20.0,86400.0,PTVRP_LAYERED_SAFE,16893.0,58,6,0.0029,113,86,6,5109,52.1327,,0,0,28,0,0,0,
Instances/Instances 2/rd100_01.gt,99,20.0,86400.0,PTVRP_LAYERED_SAFE,107009.0,50,6,0.0028,110,38,7,2646,26.7273,,0,0,141,0,0,0,
Instances/Instances 2/rd100_02.gt,99,20.0,86400.0,PTVRP_LAYERED_SAFE,114753.0,54,6,0.002,117,38,7,2813,28.4141,,0,0,142,0,0,0,
Instances/Instances 2/rd100_03.gt,99,20.0,86400.0,PTVRP_LAYERED_SAFE,126240.0,53,5,0.0024,129,39,8,2951,29.8081,,0,0,138,0,0,0,
Instances/Instances 2/rd100_04.gt,99,20.0,86400.0,PTVRP_LAYERED_SAFE,123072.0,51,6,0.0021,126,38,7,2848,28.7677,,0,0,140,0,0,0,
Instances/Instances 2/rd100_05.gt,99,20.0,86400.0,PTVRP_LAYERED_SAFE,121979.0,54,8,0.0021,126,40,8,2957,29.8687,,0,0,142,0,0,0,
Instances/Instances 2/rd100_06.gt,99,20.0,86400.0,PTVRP_LAYERED_SAFE,128855.0,54,9,0.0024,129,39,9,2984,30.1414,,0,0,140,0,0,0,
Instances/Instances 2/rd100_07.gt,99,20.0,86400.0,PTVRP_LAYERED_SAFE,127747.0,55,8,0.0021,133,42,8,3049,30.798,,0,0,141,0,0,0,
Instances/Instances 2/rd100_08.gt,99,20.0,86400.0,PTVRP_LAYERED_SAFE,127958.0,59,6,0.0022,132,39,6,2955,29.8485,,0,0,141,0,0,0,
Instances/Instances 2/rd100_09.gt,99,20.0,86400.0,PTVRP_LAYERED_SAFE,127965.0,52,6,0.0023,131,40,9,2923,29.5253,,0,0,142,0,0,0,
Instances/Instances 2/rd100_10.gt,99,20.0,86400.0,PTVRP_LAYERED_SAFE,106914.0,55,6,0.0021,107,38,6,2677,27.0404,,0,0,145,0,0,0,
Instances/Instances 2/rd400_01.gt,399,20.0,86400.0,PTVRP_LAYERED_SAFE,442893.0,194,7,0.0033,500,58,8,17971,45.0401,,0,0,1369,0,0,0,
Instances/Instances 2/rd400_02.gt,399,20.0,86400.0,PTVRP_LAYERED_SAFE,434910.0,199,7,0.0034,506,60,8,18222,45.6692,,0,0,1337,0,0,0,
Instances/Instances 2/rd400_03.gt,399,20.0,86400.0,PTVRP_LAYERED_SAFE,442789.0,184,7,0.0036,508,56,9,18080,45.3133,,0,0,1356,0,0,0,
Instances/Instances 2/rd400_04.gt,399,20.0,86400.0,PTVRP_LAYERED_SAFE,425893.0,184,8,0.0033,482,53,9,17538,43.9549,,0,0,1315,0,0,0,
Instances/Instances 2/rd400_05.gt,399,20.0,86400.0,PTVRP_LAYERED_SAFE,464395.0,188,8,0.0034,536,60,8,18677,46.8095,,0,0,1411,0,0,0,
Instances/Instances 2/rd400_06.gt,399,20.0,86400.0,PTVRP_LAYERED_SAFE,441987.0,181,9,0.0033,515,58,10,18391,46.0927,,0,0,1394,0,0,0,
Instances/Instances 2/rd400_07.gt,399,20.0,86400.0,PTVRP_LAYERED_SAFE,453152.0,181,7,0.0032,511,55,10,18053,45.2456,,0,0,1363,0,0,0,
Instances/Instances 2/rd400_08.gt,399,20.0,86400.0,PTVRP_LAYERED_SAFE,456541.0,182,8,0.0032,517,54,8,18124,45.4236,,0,0,1349,0,0,0,
Instances/Instances 2/rd400_09.gt,399,20.0,86400.0,PTVRP_LAYERED_SAFE,438132.0,185,8,0.0034,511,58,8,18159,45.5113,,0,0,1357,0,0,0,
Instances/Instances 2/rd400_10.gt,399,20.0,86400.0,PTVRP_LAYERED_SAFE,434207.0,201,7,0.0032,501,55,8,17985,45.0752,,0,0,1396,0,0,0,
Instances/Instances 2/rl11849_01.gt,11848,20.0,86400.0,PTVRP_LAYERED_SAFE,171385867.0,4564,13,0.0319,15009,46,15,176161,14.8684,,0,0,54778,0,0,0,
Instances/Instances 2/rl11849_02.gt,11848,20.0,86400.0,PTVRP_LAYERED_SAFE,173031497.0,4599,13,0.0307,15180,44,14,176325,14.8823,,0,0,54137,0,0,0,
Instances/Instances 2/rl11849_03.gt,11848,20.0,86400.0,PTVRP_LAYERED_SAFE,172895095.0,4640,12,0.0281,15211,42,14,176384,14.8872,,0,0,54141,0,0,0,
Instances/Instances 2/rl11849_04.gt,11848,20.0,86400.0,PTVRP_LAYERED_SAFE,172025814.0,4599,15,0.0286,15154,51,15,176567,14.9027,,0,0,54242,0,0,0,
Instances/Instances 2/rl11849_05.gt,11848,20.0,86400.0,PTVRP_LAYERED_SAFE,174319743.0,4625,12,0.028,15323,46,14,176653,14.9099,,0,0,54047,0,0,0,
Instances/Instances 2/rl11849_06.gt,11848,20.0,86400.0,PTVRP_LAYERED_SAFE,171465839.0,4579,13,0.0316,15119,45,15,176575,14.9034,,0,0,54512,0,0,0,
Instances/Instances 2/rl11849_07.gt,11848,20.0,86400.0,PTVRP_LAYERED_SAFE,171756795.0,4577,13,0.0283,15109,45,13,176071,14.8608,,0,0,54403,0,0,0,
Instances/Instances 2/rl11849_08.gt,11848,20.0,86400.0,PTVRP_LAYERED_SAFE,170491759.0,4570,13,0.0297,15001,46,13,176238,14.8749,,0,0,54461,0,0,0,
Instances/Instances 2/rl11849_09.gt,11848,20.0,86400.0,PTVRP_LAYERED_SAFE,171735237.0,4610,14,0.0274,15124,44,14,176688,14.9129,,0,0,54619,0,0,0,
Instances/Instances 2/rl11849_10.gt,11848,20.0,86400.0,PTVRP_LAYERED_SAFE,172077577.0,4594,13,0.0283,15064,43,14,176133,14.8661,,0,0,54443,0,0,0,
Instances/Instances 2/rl1304_01.gt,1303,20.0,86400.0,PTVRP_LAYERED_SAFE,18841723.0,580,10,0.0045,1643,26,10,16250,12.4712,,0,0,4543,0,0,0,
Instances/Instances 2/rl1304_02.gt,1303,20.0,86400.0,PTVRP_LAYERED_SAFE,19139564.0,568,9,0.0046,1665,28,11,16263,12.4812,,0,0,4559,0,0,0,
Instances/Instances 2/rl1304_03.gt,1303,20.0,86400.0,PTVRP_LAYERED_SAFE,19282011.0,568,9,0.0046,1686,30,10,16248,12.4697,,0,0,4473,0,0,0,
Instances/Instances 2/rl1304_04.gt,1303,20.0,86400.0,PTVRP_LAYERED_SAFE,18549178.0,548,8,0.0047,1650,31,13,16382,12.5725,,0,0,4553,0,0,0,
Instances/Instances 2/rl1304_05.gt,1303,20.0,86400.0,PTVRP_LAYERED_SAFE,19084314.0,558,11,0.0049,1668,28,11,16286,12.4988,,0,0,4474,0,0,0,
Instances/Instances 2/rl1304_06.gt,1303,20.0,86400.0,PTVRP_LAYERED_SAFE,18619879.0,542,9,0.0045,1647,29,11,16286,12.4988,,0,0,4582,0,0,0,
Instances/Instances 2/rl1304_07.gt,1303,20.0,86400.0,PTVRP_LAYERED_SAFE,18964091.0,571,10,0.0048,1668,28,11,16274,12.4896,,0,0,4502,0,0,0,
Instances/Instances 2/rl1304_08.gt,1303,20.0,86400.0,PTVRP_LAYERED_SAFE,19031367.0,560,10,0.005,1671,27,10,16360,12.5556,,0,0,4578,0,0,0,
Instances/Instances 2/rl1304_09.gt,1303,20.0,86400.0,PTVRP_LAYERED_SAFE,19545017.0,590,9,0.0051,1690,29,10,16282,12.4958,,0,0,4591,0,0,0,
Instances/Instances 2/rl1304_10.gt,1303,20.0,86400.0,PTVRP_LAYERED_SAFE,18969604.0,555,9,0.0045,1656,25,10,16283,12.4965,,0,0,4558,0,0,0,
Instances/Instances 2/rl1323_01.gt,1322,20.0,86400.0,PTVRP_LAYERED_SAFE,20770192.0,558,9,0.0046,1721,22,9,15681,11.8616,,0,0,4395,0,0,0,
Instances/Instances 2/rl1323_02.gt,1322,20.0,86400.0,PTVRP_LAYERED_SAFE,19699766.0,552,9,0.0045,1667,25,10,15692,11.8699,,0,0,4438,0,0,0,
Instances/Instances 2/rl1323_03.gt,1322,20.0,86400.0,PTVRP_LAYERED_SAFE,19735787.0,551,11,0.0046,1666,23,11,15650,11.8381,,0,0,4409,0,0,0,
Instances/Instances 2/rl1323_04.gt,1322,20.0,86400.0,PTVRP_LAYERED_SAFE,19850592.0,592,9,0.0049,1705,25,9,15921,12.0431,,0,0,4406,0,0,0,
Instances/Instances 2/rl1323_05.gt,1322,20.0,86400.0,PTVRP_LAYERED_SAFE,19888821.0,551,9,0.0045,1694,24,10,15772,11.9304,,0,0,4333,0,0,0,
Instances/Instances 2/rl1323_06.gt,1322,20.0,86400.0,PTVRP_LAYERED_SAFE,19912518.0,568,9,0.0047,1687,24,9,15815,11.9629,,0,0,4475,0,0,0,
Instances/Instances 2/rl1323_07.gt,1322,20.0,86400.0,PTVRP_LAYERED_SAFE,20063143.0,596,9,0.0052,1701,25,10,15831,11.975,,0,0,4423,0,0,0,
Instances/Instances 2/rl1323_08.gt,1322,20.0,86400.0,PTVRP_LAYERED_SAFE,19909984.0,589,8,0.0049,1690,26,11,15810,11.9592,,0,0,4384,0,0,0,
Instances/Instances 2/rl1323_09.gt,1322,20.0,86400.0,PTVRP_LAYERED_SAFE,19854660.0,551,9,0.0045,1685,25,10,15735,11.9024,,0,0,4418,0,0,0,
Instances/Instances 2/rl1323_10.gt,1322,20.0,86400.0,PTVRP_LAYERED_SAFE,20589182.0,582,8,0.0046,1723,25,9,15792,11.9455,,0,0,4463,0,0,0,
Instances/Instances 2/rl1889_01.gt,1888,20.0,86400.0,PTVRP_LAYERED_SAFE,30137720.0,789,9,0.0052,2408,28,9,22440,11.8856,,0,0,6858,0,0,0,
Instances/Instances 2/rl1889_02.gt,1888,20.0,86400.0,PTVRP_LAYERED_SAFE,30029449.0,795,10,0.0056,2411,28,10,22520,11.928,,0,0,6846,0,0,0,
Instances/Instances 2/rl1889_03.gt,1888,20.0,86400.0,PTVRP_LAYERED_SAFE,30498623.0,795,9,0.0065,2418,24,9,22407,11.8681,,0,0,6777,0,0,0,
Instances/Instances 2/rl1889_04.gt,1888,20.0,86400.0,PTVRP_LAYERED_SAFE,30392815.0,797,9,0.0058,2406,26,10,22366,11.8464,,0,0,6920,0,0,0,
Instances/Instances 2/rl1889_05.gt,1888,20.0,86400.0,PTVRP_LAYERED_SAFE,30730885.0,819,9,0.0057,2440,28,12,22475,11.9041,,0,0,6813,0,0,0,
Instances/Instances 2/rl1889_06.gt,1888,20.0,86400.0,PTVRP_LAYERED_SAFE,30377145.0,803,9,0.0057,2398,30,10,22402,11.8655,,0,0,6846,0,0,0,
Instances/Instances 2/rl1889_07.gt,1888,20.0,86400.0,PTVRP_LAYERED_SAFE,30931729.0,812,9,0.006,2456,25,9,22402,11.8655,,0,0,6742,0,0,0,
Instances/Instances 2/rl1889_08.gt,1888,20.0,86400.0,PTVRP_LAYERED_SAFE,30117798.0,793,10,0.0058,2397,25,10,22399,11.8639,,0,0,6872,0,0,0,
Instances/Instances 2/rl1889_09.gt,1888,20.0,86400.0,PTVRP_LAYERED_SAFE,30520490.0,786,9,0.0055,2418,28,9,22491,11.9126,,0,0,6951,0,0,0,
Instances/Instances 2/rl1889_10.gt,1888,20.0,86400.0,PTVRP_LAYERED_SAFE,30514984.0,826,11,0.0057,2434,31,13,22570,11.9544,,0,0,6773,0,0,0,
Instances/Instances 2/rl5915_01.gt,5914,20.0,86400.0,PTVRP_LAYERED_SAFE,83146568.0,2270,11,0.0138,7420,35,11,84380,14.2678,,0,0,26345,0,0,0,
Instances/Instances 2/rl5915_02.gt,5914,20.0,86400.0,PTVRP_LAYERED_SAFE,84106777.0,2262,12,0.0149,7511,36,13,84674,14.3176,,0,0,26021,0,0,0,
Instances/Instances 2/rl5915_03.gt,5914,20.0,86400.0,PTVRP_LAYERED_SAFE,85380535.0,2355,12,0.0175,7581,36,13,84787,14.3367,,0,0,25895,0,0,0,
Instances/Instances 2/rl5915_04.gt,5914,20.0,86400.0,PTVRP_LAYERED_SAFE,84244193.0,2312,12,0.0142,7521,36,13,84679,14.3184,,0,0,25971,0,0,0,
Instances/Instances 2/rl5915_05.gt,5914,20.0,86400.0,PTVRP_LAYERED_SAFE,84434909.0,2316,11,0.0147,7550,37,14,84821,14.3424,,0,0,25944,0,0,0,
Instances/Instances 2/rl5915_06.gt,5914,20.0,86400.0,PTVRP_LAYERED_SAFE,85259782.0,2314,13,0.0149,7645,37,13,84875,14.3515,,0,0,25760,0,0,0,
Instances/Instances 2/rl5915_07.gt,5914,20.0,86400.0,PTVRP_LAYERED_SAFE,83033370.0,2273,11,0.0149,7468,36,12,84978,14.369,,0,0,26297,0,0,0,
Instances/Instances 2/rl5915_08.gt,5914,20.0,86400.0,PTVRP_LAYERED_SAFE,84923141.0,2359,12,0.0149,7567,36,13,84724,14.326,,0,0,25791,0,0,0,
Instances/Instances 2/rl5915_09.gt,5914,20.0,86400.0,PTVRP_LAYERED_SAFE,83988831.0,2325,12,0.0155,7531,35,13,85011,14.3745,,0,0,26098,0,0,0,
Instances/Instances 2/rl5915_10.gt,5914,20.0,86400.0,PTVRP_LAYERED_SAFE,84554193.0,2278,12,0.0144,7511,36,14,84573,14.3005,,0,0,25970,0,0,0,
Instances/Instances 2/rl5934_01.gt,5933,20.0,86400.0,PTVRP_LAYERED_SAFE,84169002.0,2339,12,0.0148,7579,33,13,87285,14.7118,,0,0,26304,0,0,0,
Instances/Instances 2/rl5934_02.gt,5933,20.0,86400.0,PTVRP_LAYERED_SAFE,83602771.0,2376,13,0.0154,7533,35,13,87038,14.6702,,0,0,26415,0,0,0,
Instances/Instances 2/rl5934_03.gt,5933,20.0,86400.0,PTVRP_LAYERED_SAFE,83317175.0,2322,12,0.0152,7571,37,13,87420,14.7345,,0,0,26463,0,0,0,
Instances/Instances 2/rl5934_04.gt,5933,20.0,86400.0,PTVRP_LAYERED_SAFE,84493612.0,2382,12,0.0155,7672,36,13,87581,14.7617,,0,0,26388,0,0,0,
Instances/Instances 2/rl5934_05.gt,5933,20.0,86400.0,PTVRP_LAYERED_SAFE,83077048.0,2319,11,0.0152,7571,35,12,87315,14.7168,,0,0,26670,0,0,0,
Instances/Instances 2/rl5934_06.gt,5933,20.0,86400.0,PTVRP_LAYERED_SAFE,83817739.0,2322,12,0.0149,7597,34,14,87327,14.7189,,0,0,26353,0,0,0,
Instances/Instances 2/rl5934_07.gt,5933,20.0,86400.0,PTVRP_LAYERED_SAFE,84257474.0,2338,12,0.0153,7630,35,12,87308,14.7157,,0,0,26181,0,0,0,
Instances/Instances 2/rl5934_08.gt,5933,20.0,86400.0,PTVRP_LAYERED_SAFE,83745960.0,2369,11,0.0156,7531,33,13,86780,14.6267,,0,0,26361,0,0,0,
Instances/Instances 2/rl5934_09.gt,5933,20.0,86400.0,PTVRP_LAYERED_SAFE,83387390.0,2306,12,0.0148,7588,34,12,87347,14.7222,,0,0,26523,0,0,0,
Instances/Instances 2/rl5934_10.gt,5933,20.0,86400.0,PTVRP_LAYERED_SAFE,84434454.0,2320,12,0.0145,7641,35,14,87414,14.7335,,0,0,26239,0,0,0,
Instances/Instances 2/rw1621_01.gt,1620,20.0,86400.0,PTVRP_LAYERED_SAFE,2391345.0,553,13,0.0081,2095,92,19,105829,65.3265,,0,0,15084,0,0,0,
Instances/Instances 2/rw1621_02.gt,1620,20.0,86400.0,PTVRP_LAYERED_SAFE,2345740.0,543,13,0.009,2072,103,17,105597,65.1833,,0,0,15412,0,0,0,
Instances/Instances 2/rw1621_03.gt,1620,20.0,86400.0,PTVRP_LAYERED_SAFE,2336815.0,535,14,0.008,2059,97,16,105128,64.8938,,0,0,15148,0,0,0,
Instances/Instances 2/rw1621_04.gt,1620,20.0,86400.0,PTVRP_LAYERED_SAFE,2395601.0,544,15,0.008,2113,99,20,106217,65.566,,0,0,15160,0,0,0,
Instances/Instances 2/rw1621_05.gt,1620,20.0,86400.0,PTVRP_LAYERED_SAFE,2365160.0,532,14,0.0085,2070,104,17,105432,65.0815,,0,0,15280,0,0,0,
Instances/Instances 2/rw1621_06.gt,1620,20.0,86400.0,PTVRP_LAYERED_SAFE,2349905.0,538,14,0.0082,2066,103,19,104993,64.8105,,0,0,15187,0,0,0,
Instances/Instances 2/rw1621_07.gt,1620,20.0,86400.0,PTVRP_LAYERED_SAFE,2333904.0,532,14,0.0092,2043,100,19,104535,64.5278,,0,0,15338,0,0,0,
Instances/Instances 2/rw1621_08.gt,1620,20.0,86400.0,PTVRP_LAYERED_SAFE,2354681.0,543,16,0.0096,2057,99,16,104950,64.784,,0,0,15255,0,0,0,
Instances/Instances 2/rw1621_09.gt,1620,20.0,86400.0,PTVRP_LAYERED_SAFE,2386590.0,548,17,0.0089,2092,99,20,105844,65.3358,,0,0,15231,0,0,0,
Instances/Instances 2/rw1621_10.gt,1620,20.0,86400.0,PTVRP_LAYERED_SAFE,2314082.0,522,12,0.008,2047,97,16,105080,64.8642,,0,0,15141,0,0,0,
Instances/Instances 2/st70_01.gt,69,20.0,86400.0,PTVRP_LAYERED_SAFE,7414.0,41,4,0.0017,76,76,5,2687,38.942,,0,0,0,0,0,0,
Instances/Instances 2/st70_02.gt,69,20.0,86400.0,PTVRP_LAYERED_SAFE,8001.0,41,6,0.002,81,81,6,2936,42.5507,,0,0,0,0,0,0,
Instances/Instances 2/st70_03.gt,69,20.0,86400.0,PTVRP_LAYERED_SAFE,8201.0,38,6,0.0023,88,88,6,3262,47.2754,,0,0,0,0,0,0,
Instances/Instances 2/st70_04.gt,69,20.0,86400.0,PTVRP_LAYERED_SAFE,7794.0,40,5,0.0018,84,84,5,2644,38.3188,,0,0,0,0,0,0,
Instances/Instances 2/st70_05.gt,69,20.0,86400.0,PTVRP_LAYERED_SAFE,8613.0,46,5,0.0019,92,92,5,3246,47.0435,,0,0,0,0,0,0,
Instances/Instances 2/st70_06.gt,69,20.0,86400.0,PTVRP_LAYERED_SAFE,7912.0,39,8,0.0018,86,86,8,3050,44.2029,,0,0,0,0,0,0,
Instances/Instances 2/st70_07.gt,69,20.0,86400.0,PTVRP_LAYERED_SAFE,7519.0,45,5,0.0019,83,83,5,2819,40.8551,,0,0,0,0,0,0,
Instances/Instances 2/st70_08.gt,69,20.0,86400.0,PTVRP_LAYERED_SAFE,8409.0,45,6,0.0018,85,85,6,3050,44.2029,,0,0,0,0,0,0,
Instances/Instances 2/st70_09.gt,69,20.0,86400.0,PTVRP_LAYERED_SAFE,8576.0,35,5,0.0019,94,94,5,3173,45.9855,,0,0,0,0,0,0,
Instances/Instances 2/st70_10.gt,69,20.0,86400.0,PTVRP_LAYERED_SAFE,7702.0,43,4,0.002,83,83,4,2878,41.7101,,0,0,0,0,0,0,
Instances/Instances 2/sw24978_01.gt,24977,20.0,86400.0,PTVRP_LAYERED_SAFE,216192004.0,7551,19,0.0657,31922,63,19,637121,25.5083,,0,0,184590,0,0,0,
Instances/Instances 2/sw24978_02.gt,24977,20.0,86400.0,PTVRP_LAYERED_SAFE,215776977.0,7551,18,0.0644,31795,62,18,637031,25.5047,,0,0,184600,0,0,0,
Instances/Instances 2/sw24978_03.gt,24977,20.0,86400.0,PTVRP_LAYERED_SAFE,215946893.0,7454,16,0.0646,31790,62,19,637007,25.5037,,0,0,184961,0,0,0,
Instances/Instances 2/sw24978_04.gt,24977,20.0,86400.0,PTVRP_LAYERED_SAFE,217284219.0,7519,17,0.0639,32017,62,18,636835,25.4969,,0,0,184300,0,0,0,
Instances/Instances 2/sw24978_05.gt,24977,20.0,86400.0,PTVRP_LAYERED_SAFE,213948099.0,7447,16,0.0632,31573,62,19,636130,25.4686,,0,0,186152,0,0,0,
Instances/Instances 2/sw24978_06.gt,24977,20.0,86400.0,PTVRP_LAYERED_SAFE,217919768.0,7357,16,0.0646,32005,64,18,637618,25.5282,,0,0,184577,0,0,0,
Instances/Instances 2/sw24978_07.gt,24977,20.0,86400.0,PTVRP_LAYERED_SAFE,216165836.0,7553,17,0.065,31762,63,18,636083,25.4667,,0,0,184544,0,0,0,
Instances/Instances 2/sw24978_08.gt,24977,20.0,86400.0,PTVRP_LAYERED_SAFE,215549520.0,7504,16,0.0624,31863,69,21,638459,25.5619,,0,0,184991,0,0,0,
Instances/Instances 2/sw24978_09.gt,24977,20.0,86400.0,PTVRP_LAYERED_SAFE,216207311.0,7406,17,0.0632,31783,60,19,636431,25.4807,,0,0,185439,0,0,0,
Instances/Instances 2/sw24978_10.gt,24977,20.0,86400.0,PTVRP_LAYERED_SAFE,216718697.0,7436,15,0.063,31854,61,18,637008,25.5038,,0,0,184422,0,0,0,
Instances/Instances 2/ts225_01.gt,224,20.0,86400.0,PTVRP_LAYERED_SAFE,3372707.0,116,7,0.0021,284,15,8,2037,9.09375,,0,0,448,0,0,0,
Instances/Instances 2/ts225_02.gt,224,20.0,86400.0,PTVRP_LAYERED_SAFE,3748470.0,118,6,0.0021,312,14,6,2069,9.23661,,0,0,435,0,0,0,
Instances/Instances 2/ts225_03.gt,224,20.0,86400.0,PTVRP_LAYERED_SAFE,3371946.0,111,6,0.002,288,15,7,2059,9.19196,,0,0,468,0,0,0,
Instances/Instances 2/ts225_04.gt,224,20.0,86400.0,PTVRP_LAYERED_SAFE,3545039.0,121,6,0.002,299,15,7,2075,9.26339,,0,0,468,0,0,0,
Instances/Instances 2/ts225_05.gt,224,20.0,86400.0,PTVRP_LAYERED_SAFE,3415885.0,119,6,0.002,291,14,7,2056,9.17857,,0,0,436,0,0,0,
Instances/Instances 2/ts225_06.gt,224,20.0,86400.0,PTVRP_LAYERED_SAFE,3230129.0,101,6,0.002,270,15,6,1993,8.89732,,0,0,468,0,0,0,
Instances/Instances 2/ts225_07.gt,224,20.0,86400.0,PTVRP_LAYERED_SAFE,3149938.0,107,7,0.002,272,16,7,2025,9.04018,,0,0,448,0,0,0,
Instances/Instances 2/ts225_08.gt,224,20.0,86400.0,PTVRP_LAYERED_SAFE,3304624.0,111,6,0.0019,272,14,7,1984,8.85714,,0,0,438,0,0,0,
Instances/Instances 2/ts225_09.gt,224,20.0,86400.0,PTVRP_LAYERED_SAFE,3430212.0,115,6,0.002,291,14,6,2050,9.15179,,0,0,473,0,0,0,
Instances/Instances 2/ts225_10.gt,224,20.0,86400.0,PTVRP_LAYERED_SAFE,3402079.0,122,6,0.002,296,16,7,2086,9.3125,,0,0,470,0,0,0,
Instances/Instances 2/tsp225_01.gt,224,20.0,86400.0,PTVRP_LAYERED_SAFE,86922.0,102,9,0.0024,285,87,9,15204,67.875,,0,0,473,0,0,0,
Instances/Instances 2/tsp225_02.gt,224,20.0,86400.0,PTVRP_LAYERED_SAFE,97798.0,118,9,0.0025,312,90,9,15630,69.7768,,0,0,523,0,0,0,
Instances/Instances 2/tsp225_03.gt,224,20.0,86400.0,PTVRP_LAYERED_SAFE,84826.0,122,6,0.0027,286,86,7,15038,67.1339,,0,0,471,0,0,0,
Instances/Instances 2/tsp225_04.gt,224,20.0,86400.0,PTVRP_LAYERED_SAFE,92291.0,127,7,0.0027,299,85,7,15308,68.3393,,0,0,499,0,0,0,
Instances/Instances 2/tsp225_05.gt,224,20.0,86400.0,PTVRP_LAYERED_SAFE,90043.0,113,7,0.0025,290,88,7,15118,67.4911,,0,0,496,0,0,0,
Instances/Instances 2/tsp225_06.gt,224,20.0,86400.0,PTVRP_LAYERED_SAFE,82844.0,114,7,0.0026,268,82,8,14549,64.9509,,0,0,459,0,0,0,
Instances/Instances 2/tsp225_07.gt,224,20.0,86400.0,PTVRP_LAYERED_SAFE,80454.0,112,7,0.0025,273,83,7,14685,65.558,,0,0,480,0,0,0,
Instances/Instances 2/tsp225_08.gt,224,20.0,86400.0,PTVRP_LAYERED_SAFE,86411.0,113,7,0.0025,271,79,9,14598,65.1696,,0,0,451,0,0,0,
Instances/Instances 2/tsp225_09.gt,224,20.0,86400.0,PTVRP_LAYERED_SAFE,88603.0,116,5,0.0025,292,89,8,15303,68.317,,0,0,507,0,0,0,
Instances/Instances 2/tsp225_10.gt,224,20.0,86400.0,PTVRP_LAYERED_SAFE,88679.0,112,7,0.0026,295,87,7,15261,68.1295,,0,0,488,0,0,0,
Instances/Instances 2/tz6117_01.gt,6116,20.0,86400.0,PTVRP_LAYERED_SAFE,60869139.0,2046,13,0.0158,7722,44,14,115692,18.9163,,0,0,34118,0,0,0,
Instances/Instances 2/tz6117_02.gt,6116,20.0,86400.0,PTVRP_LAYERED_SAFE,62122181.0,2109,13,0.0158,7899,38,14,116235,19.0051,,0,0,33767,0,0,0,
Instances/Instances 2/tz6117_03.gt,6116,20.0,86400.0,PTVRP_LAYERED_SAFE,61444518.0,2028,14,0.0159,7772,43,14,115885,18.9478,,0,0,33997,0,0,0,
Instances/Instances 2/tz6117_04.gt,6116,20.0,86400.0,PTVRP_LAYERED_SAFE,62026420.0,2037,14,0.0175,7884,42,14,116198,18.999,,0,0,33956,0,0,0,
Instances/Instances 2/tz6117_05.gt,6116,20.0,86400.0,PTVRP_LAYERED_SAFE,60352701.0,2003,13,0.0159,7695,41,14,115681,18.9145,,0,0,34357,0,0,0,
Instances/Instances 2/tz6117_06.gt,6116,20.0,86400.0,PTVRP_LAYERED_SAFE,62026603.0,2050,14,0.016,7851,41,16,115930,18.9552,,0,0,33961,0,0,0,
Instances/Instances 2/tz6117_07.gt,6116,20.0,86400.0,PTVRP_LAYERED_SAFE,61598615.0,2060,14,0.0156,7839,40,14,115997,18.9662,,0,0,33922,0,0,0,
Instances/Instances 2/tz6117_08.gt,6116,20.0,86400.0,PTVRP_LAYERED_SAFE,60967364.0,2006,14,0.0156,7810,42,15,116473,19.044,,0,0,34183,0,0,0,
Instances/Instances 2/tz6117_09.gt,6116,20.0,86400.0,PTVRP_LAYERED_SAFE,60901269.0,2042,13,0.0169,7754,42,14,115816,18.9366,,0,0,33937,0,0,0,
Instances/Instances 2/tz6117_10.gt,6116,20.0,86400.0,PTVRP_LAYERED_SAFE,61121943.0,2012,13,0.0158,7828,41,15,116220,19.0026,,0,0,33871,0,0,0,
Instances/Instances 2/u1060_01.gt,1059,20.0,86400.0,PTVRP_LAYERED_SAFE,13870350.0,470,10,0.0045,1356,24,10,13662,12.9008,,0,0,3321,0,0,0,
Instances/Instances 2/u1060_02.gt,1059,20.0,86400.0,PTVRP_LAYERED_SAFE,13760289.0,459,8,0.004,1327,23,9,13551,12.796,,0,0,3314,0,0,0,
Instances/Instances 2/u1060_03.gt,1059,20.0,86400.0,PTVRP_LAYERED_SAFE,13852243.0,445,8,0.0057,1386,25,11,13890,13.1161,,0,0,3356,0,0,0,
Instances/Instances 2/u1060_04.gt,1059,20.0,86400.0,PTVRP_LAYERED_SAFE,13986545.0,447,9,0.0043,1368,25,10,13728,12.9632,,0,0,3333,0,0,0,
Instances/Instances 2/u1060_05.gt,1059,20.0,86400.0,PTVRP_LAYERED_SAFE,13716105.0,449,10,0.004,1348,23,10,13706,12.9424,,0,0,3331,0,0,0,
Instances/Instances 2/u1060_06.gt,1059,20.0,86400.0,PTVRP_LAYERED_SAFE,13753742.0,461,8,0.0042,1349,25,9,13661,12.8999,,0,0,3310,0,0,0,
Instances/Instances 2/u1060_07.gt,1059,20.0,86400.0,PTVRP_LAYERED_SAFE,13567504.0,469,9,0.0042,1334,25,9,13573,12.8168,,0,0,3364,0,0,0,
Instances/Instances 2/u1060_08.gt,1059,20.0,86400.0,PTVRP_LAYERED_SAFE,13771723.0,466,8,0.0059,1350,24,9,13635,12.8754,,0,0,3380,0,0,0,
Instances/Instances 2/u1060_09.gt,1059,20.0,86400.0,PTVRP_LAYERED_SAFE,13601824.0,445,9,0.0041,1331,23,10,13519,12.7658,,0,0,3303,0,0,0,
Instances/Instances 2/u1060_10.gt,1059,20.0,86400.0,PTVRP_LAYERED_SAFE,13915840.0,479,9,0.004,1358,23,9,13688,12.9254,,0,0,3309,0,0,0,
Instances/Instances 2/u1432_01.gt,1431,20.0,86400.0,PTVRP_LAYERED_SAFE,7772481.0,574,9,0.0056,1752,30,11,31145,21.7645,,0,0,6236,0,0,0,
Instances/Instances 2/u1432_02.gt,1431,20.0,86400.0,PTVRP_LAYERED_SAFE,8132376.0,552,12,0.0056,1832,33,13,31570,22.0615,,0,0,6177,0,0,0,
Instances/Instances 2/u1432_03.gt,1431,20.0,86400.0,PTVRP_LAYERED_SAFE,7945782.0,585,10,0.0052,1796,36,12,31433,21.9658,,0,0,6148,0,0,0,
Instances/Instances 2/u1432_04.gt,1431,20.0,86400.0,PTVRP_LAYERED_SAFE,7970819.0,559,9,0.005,1809,33,12,31459,21.9839,,0,0,6122,0,0,0,
Instances/Instances 2/u1432_05.gt,1431,20.0,86400.0,PTVRP_LAYERED_SAFE,8107144.0,574,11,0.005,1834,32,11,31600,22.0825,,0,0,6195,0,0,0,
Instances/Instances 2/u1432_06.gt,1431,20.0,86400.0,PTVRP_LAYERED_SAFE,8099615.0,566,12,0.005,1838,34,12,31649,22.1167,,0,0,6135,0,0,0,
Instances/Instances 2/u1432_07.gt,1431,20.0,86400.0,PTVRP_LAYERED_SAFE,8168845.0,593,10,0.0053,1842,32,11,31580,22.0685,,0,0,6098,0,0,0,
Instances/Instances 2/u1432_08.gt,1431,20.0,86400.0,PTVRP_LAYERED_SAFE,8111613.0,572,10,0.0053,1837,33,12,31636,22.1076,,0,0,6225,0,0,0,
Instances/Instances 2/u1432_09.gt,1431,20.0,86400.0,PTVRP_LAYERED_SAFE,8187961.0,586,10,0.0051,1828,31,11,31428,21.9623,,0,0,6128,0,0,0,
Instances/Instances 2/u1432_10.gt,1431,20.0,86400.0,PTVRP_LAYERED_SAFE,8113847.0,595,10,0.0053,1830,32,13,31619,22.0957,,0,0,6083,0,0,0,
Instances/Instances 2/u159_01.gt,158,20.0,86400.0,PTVRP_LAYERED_SAFE,1025901.0,76,7,0.002,210,24,9,2471,15.6392,,0,0,351,0,0,0,
Instances/Instances 2/u159_02.gt,158,20.0,86400.0,PTVRP_LAYERED_SAFE,951395.0,82,6,0.0019,195,20,6,2390,15.1266,,0,0,367,0,0,0,
Instances/Instances 2/u159_03.gt,158,20.0,86400.0,PTVRP_LAYERED_SAFE,885393.0,86,9,0.0019,185,20,9,2362,14.9494,,0,0,388,0,0,0,
Instances/Instances 2/u159_04.gt,158,20.0,86400.0,PTVRP_LAYERED_SAFE,909853.0,70,7,0.0021,187,19,7,2375,15.0316,,0,0,379,0,0,0,
Instances/Instances 2/u159_05.gt,158,20.0,86400.0,PTVRP_LAYERED_SAFE,943505.0,80,8,0.002,195,22,8,2434,15.4051,,0,0,373,0,0,0,
Instances/Instances 2/u159_06.gt,158,20.0,86400.0,PTVRP_LAYERED_SAFE,832112.0,70,7,0.0019,177,21,7,2333,14.7658,,0,0,397,0,0,0,
Instances/Instances 2/u159_07.gt,158,20.0,86400.0,PTVRP_LAYERED_SAFE,954499.0,86,9,0.0019,191,21,11,2400,15.1899,,0,0,367,0,0,0,
Instances/Instances 2/u159_08.gt,158,20.0,86400.0,PTVRP_LAYERED_SAFE,984192.0,74,7,0.0019,201,22,9,2427,15.3608,,0,0,377,0,0,0,
Instances/Instances 2/u159_09.gt,158,20.0,86400.0,PTVRP_LAYERED_SAFE,954241.0,77,8,0.0021,203,21,10,2453,15.5253,,0,0,378,0,0,0,
Instances/Instances 2/u159_10.gt,158,20.0,86400.0,PTVRP_LAYERED_SAFE,970410.0,73,7,0.002,207,21,9,2513,15.9051,,0,0,393,0,0,0,
Instances/Instances 2/u1817_01.gt,1816,20.0,86400.0,PTVRP_LAYERED_SAFE,4252091.0,658,13,0.0074,2329,62,16,80622,44.3954,,0,0,12486,0,0,0,
Instances/Instances 2/u1817_02.gt,1816,20.0,86400.0,PTVRP_LAYERED_SAFE,4240676.0,668,13,0.0078,2320,61,15,80562,44.3623,,0,0,12280,0,0,0,
Instances/Instances 2/u1817_03.gt,1816,20.0,86400.0,PTVRP_LAYERED_SAFE,4236344.0,675,12,0.0075,2301,59,15,80019,44.0633,,0,0,12463,0,0,0,
Instances/Instances 2/u1817_04.gt,1816,20.0,86400.0,PTVRP_LAYERED_SAFE,4361150.0,659,12,0.0079,2344,61,13,80416,44.2819,,0,0,12483,0,0,0,
Instances/Instances 2/u1817_05.gt,1816,20.0,86400.0,PTVRP_LAYERED_SAFE,4243549.0,642,12,0.008,2313,59,17,80253,44.1922,,0,0,12520,0,0,0,
Instances/Instances 2/u1817_06.gt,1816,20.0,86400.0,PTVRP_LAYERED_SAFE,4212711.0,661,13,0.0075,2294,60,13,80027,44.0677,,0,0,12415,0,0,0,
Instances/Instances 2/u1817_07.gt,1816,20.0,86400.0,PTVRP_LAYERED_SAFE,4294253.0,655,13,0.0075,2319,62,13,80183,44.1536,,0,0,12370,0,0,0,
Instances/Instances 2/u1817_08.gt,1816,20.0,86400.0,PTVRP_LAYERED_SAFE,4237097.0,673,12,0.0077,2295,60,14,80029,44.0688,,0,0,12509,0,0,0,
Instances/Instances 2/u1817_09.gt,1816,20.0,86400.0,PTVRP_LAYERED_SAFE,4240644.0,683,12,0.0077,2330,62,13,80702,44.4394,,0,0,12256,0,0,0,
Instances/Instances 2/u1817_10.gt,1816,20.0,86400.0,PTVRP_LAYERED_SAFE,4246557.0,650,12,0.0088,2320,61,18,80651,44.4113,,0,0,12427,0,0,0,
Instances/Instances 2/u2152_01.gt,2151,20.0,86400.0,PTVRP_LAYERED_SAFE,5069364.0,776,12,0.009,2752,64,15,97113,45.1478,,0,0,15360,0,0,0,
Instances/Instances 2/u2152_02.gt,2151,20.0,86400.0,PTVRP_LAYERED_SAFE,5090787.0,768,14,0.0091,2736,62,17,96606,44.9121,,0,0,15270,0,0,0,
Instances/Instances 2/u2152_03.gt,2151,20.0,86400.0,PTVRP_LAYERED_SAFE,5128013.0,776,14,0.0087,2767,65,14,97083,45.1339,,0,0,15449,0,0,0,
Instances/Instances 2/u2152_04.gt,2151,20.0,86400.0,PTVRP_LAYERED_SAFE,5077847.0,783,11,0.0095,2743,63,15,96832,45.0172,,0,0,15322,0,0,0,
Instances/Instances 2/u2152_05.gt,2151,20.0,86400.0,PTVRP_LAYERED_SAFE,5046396.0,796,13,0.0086,2712,62,18,96273,44.7573,,0,0,15554,0,0,0,
Instances/Instances 2/u2152_06.gt,2151,20.0,86400.0,PTVRP_LAYERED_SAFE,5111368.0,766,13,0.009,2749,61,14,96649,44.9321,,0,0,15368,0,0,0,
Instances/Instances 2/u2152_07.gt,2151,20.0,86400.0,PTVRP_LAYERED_SAFE,5106143.0,755,14,0.0093,2741,63,15,96681,44.947,,0,0,15433,0,0,0,
Instances/Instances 2/u2152_08.gt,2151,20.0,86400.0,PTVRP_LAYERED_SAFE,5074650.0,756,13,0.0089,2747,66,15,96864,45.0321,,0,0,15354,0,0,0,
Instances/Instances 2/u2152_09.gt,2151,20.0,86400.0,PTVRP_LAYERED_SAFE,5035489.0,787,13,0.0094,2739,66,17,96916,45.0563,,0,0,15389,0,0,0,
Instances/Instances 2/u2152_10.gt,2151,20.0,86400.0,PTVRP_LAYERED_SAFE,5134528.0,782,13,0.0089,2783,63,14,97336,45.2515,,0,0,15491,0,0,0,
Instances/Instances 2/u2319_01.gt,2318,20.0,86400.0,PTVRP_LAYERED_SAFE,12257919.0,917,10,0.0068,2964,34,11,53573,23.1117,,0,0,9962,0,0,0,
Instances/Instances 2/u2319_02.gt,2318,20.0,86400.0,PTVRP_LAYERED_SAFE,12290127.0,937,10,0.0079,2970,34,13,53766,23.195,,0,0,9977,0,0,0,
Instances/Instances 2/u2319_03.gt,2318,20.0,86400.0,PTVRP_LAYERED_SAFE,12225779.0,941,10,0.0076,2955,36,13,53557,23.1048,,0,0,9987,0,0,0,
Instances/Instances 2/u2319_04.gt,2318,20.0,86400.0,PTVRP_LAYERED_SAFE,12331550.0,950,10,0.0077,2971,34,12,53632,23.1372,,0,0,10113,0,0,0,
Instances/Instances 2/u2319_05.gt,2318,20.0,86400.0,PTVRP_LAYERED_SAFE,12027767.0,936,12,0.0076,2907,33,12,53231,22.9642,,0,0,10032,0,0,0,
Instances/Instances 2/u2319_06.gt,2318,20.0,86400.0,PTVRP_LAYERED_SAFE,12273892.0,919,10,0.0074,2965,34,12,53656,23.1475,,0,0,9930,0,0,0,
Instances/Instances 2/u2319_07.gt,2318,20.0,86400.0,PTVRP_LAYERED_SAFE,12191228.0,932,11,0.0078,2965,37,12,53768,23.1959,,0,0,10020,0,0,0,
Instances/Instances 2/u2319_08.gt,2318,20.0,86400.0,PTVRP_LAYERED_SAFE,12334476.0,946,11,0.0075,2976,34,12,53649,23.1445,,0,0,9972,0,0,0,
Instances/Instances 2/u2319_09.gt,2318,20.0,86400.0,PTVRP_LAYERED_SAFE,12354447.0,941,11,0.0077,2966,34,13,53552,23.1027,,0,0,9979,0,0,0,
Instances/Instances 2/u2319_10.gt,2318,20.0,86400.0,PTVRP_LAYERED_SAFE,12309912.0,927,13,0.0076,2988,35,13,53790,23.2053,,0,0,10017,0,0,0,
Instances/Instances 2/u574_01.gt,573,20.0,86400.0,PTVRP_LAYERED_SAFE,1434352.0,249,9,0.0033,745,44,10,19288,33.6614,,0,0,2315,0,0,0,
Instances/Instances 2/u574_02.gt,573,20.0,86400.0,PTVRP_LAYERED_SAFE,1425860.0,271,12,0.0034,740,44,13,19212,33.5288,,0,0,2218,0,0,0,
Instances/Instances 2/u574_03.gt,573,20.0,86400.0,PTVRP_LAYERED_SAFE,1357613.0,264,8,0.0039,710,47,11,18881,32.9511,,0,0,2218,0,0,0,
Instances/Instances 2/u574_04.gt,573,20.0,86400.0,PTVRP_LAYERED_SAFE,1392639.0,245,10,0.0034,720,45,10,18986,33.1344,,0,0,2271,0,0,0,
Instances/Instances 2/u574_05.gt,573,20.0,86400.0,PTVRP_LAYERED_SAFE,1381372.0,247,10,0.0033,724,47,10,19180,33.4729,,0,0,2265,0,0,0,
Instances/Instances 2/u574_06.gt,573,20.0,86400.0,PTVRP_LAYERED_SAFE,1476267.0,239,11,0.0032,757,45,12,19329,33.733,,0,0,2245,0,0,0,
Instances/Instances 2/u574_07.gt,573,20.0,86400.0,PTVRP_LAYERED_SAFE,1411816.0,265,9,0.0033,740,45,10,19300,33.6824,,0,0,2278,0,0,0,
Instances/Instances 2/u574_08.gt,573,20.0,86400.0,PTVRP_LAYERED_SAFE,1417451.0,256,10,0.0032,727,46,10,19006,33.1693,,0,0,2308,0,0,0,
Instances/Instances 2/u574_09.gt,573,20.0,86400.0,PTVRP_LAYERED_SAFE,1346205.0,249,8,0.0033,698,44,10,18782,32.7784,,0,0,2153,0,0,0,
Instances/Instances 2/u574_10.gt,573,20.0,86400.0,PTVRP_LAYERED_SAFE,1409795.0,253,10,0.0033,725,46,14,19053,33.2513,,0,0,2237,0,0,0,
Instances/Instances 2/u724_01.gt,723,20.0,86400.0,PTVRP_LAYERED_SAFE,1805898.0,321,9,0.0039,934,45,11,25112,34.7331,,0,0,3369,0,0,0,
Instances/Instances 2/u724_02.gt,723,20.0,86400.0,PTVRP_LAYERED_SAFE,1805735.0,303,9,0.0037,930,45,16,25099,34.7151,,0,0,3304,0,0,0,
Instances/Instances 2/u724_03.gt,723,20.0,86400.0,PTVRP_LAYERED_SAFE,1742959.0,311,9,0.0037,892,46,15,24780,34.2739,,0,0,3327,0,0,0,
Instances/Instances 2/u724_04.gt,723,20.0,86400.0,PTVRP_LAYERED_SAFE,1816240.0,290,12,0.0038,921,44,16,24932,34.4841,,0,0,3324,0,0,0,
Instances/Instances 2/u724_05.gt,723,20.0,86400.0,PTVRP_LAYERED_SAFE,1856694.0,302,10,0.0036,948,46,16,25339,35.047,,0,0,3369,0,0,0,
Instances/Instances 2/u724_06.gt,723,20.0,86400.0,PTVRP_LAYERED_SAFE,1814651.0,309,11,0.0037,937,45,14,25373,35.0941,,0,0,3398,0,0,0,
Instances/Instances 2/u724_07.gt,723,20.0,86400.0,PTVRP_LAYERED_SAFE,1730151.0,290,10,0.0037,888,46,12,24681,34.1369,,0,0,3356,0,0,0,
Instances/Instances 2/u724_08.gt,723,20.0,86400.0,PTVRP_LAYERED_SAFE,1766716.0,298,13,0.0037,916,45,13,25026,34.6141,,0,0,3315,0,0,0,
Instances/Instances 2/u724_09.gt,723,20.0,86400.0,PTVRP_LAYERED_SAFE,1847344.0,300,10,0.0038,951,45,17,25392,35.1203,,0,0,3387,0,0,0,
Instances/Instances 2/u724_10.gt,723,20.0,86400.0,PTVRP_LAYERED_SAFE,1785052.0,300,9,0.0036,917,46,15,24969,34.5353,,0,0,3368,0,0,0,
Instances/Instances 2/usa13509_01.gt,13508,20.0,86400.0,PTVRP_LAYERED_SAFE,NO SOLUTION,,,0.0079,17263,15,0,7102,0.525763,,0,0,0,0,0,0,
Instances/Instances 2/usa13509_02.gt,13508,20.0,86400.0,PTVRP_LAYERED_SAFE,NO SOLUTION,,,0.0069,17125,14,0,7117,0.526873,,0,0,0,0,0,0,
Instances/Instances 2/usa13509_03.gt,13508,20.0,86400.0,PTVRP_LAYERED_SAFE,NO SOLUTION,,,0.0078,17197,14,0,7132,0.527983,,0,0,0,0,0,0,
Instances/Instances 2/usa13509_04.gt,13508,20.0,86400.0,PTVRP_LAYERED_SAFE,NO SOLUTION,,,0.0073,17230,14,0,7110,0.526355,,0,0,0,0,0,0,
Instances/Instances 2/usa13509_05.gt,13508,20.0,86400.0,PTVRP_LAYERED_SAFE,NO SOLUTION,,,0.0069,17257,15,0,7173,0.531019,,0,0,0,0,0,0,
Instances/Instances 2/usa13509_06.gt,13508,20.0,86400.0,PTVRP_LAYERED_SAFE,NO SOLUTION,,,0.0076,17119,14,0,7107,0.526133,,0,0,0,0,0,0,
Instances/Instances 2/usa13509_07.gt,13508,20.0,86400.0,PTVRP_LAYERED_SAFE,NO SOLUTION,,,0.0086,17350,14,0,7085,0.524504,,0,0,0,0,0,0,
Instances/Instances 2/usa13509_08.gt,13508,20.0,86400.0,PTVRP_LAYERED_SAFE,NO SOLUTION,,,0.0073,17177,14,0,7050,0.521913,,0,0,0,0,0,0,
Instances/Instances 2/usa13509_09.gt,13508,20.0,86400.0,PTVRP_LAYERED_SAFE,NO SOLUTION,,,0.009,17212,15,0,7043,0.521395,,0,0,0,0,0,0,
Instances/Instances 2/usa13509_10.gt,13508,20.0,86400.0,PTVRP_LAYERED_SAFE,NO SOLUTION,,,0.0071,17104,14,0,7159,0.529982,,0,0,0,0,0,0,
Instances/Instances 2/uy734_01.gt,733,20.0,86400.0,PTVRP_LAYERED_SAFE,3323235.0,303,13,0.0035,916,36,15,17378,23.708,,0,0,3140,0,0,0,
Instances/Instances 2/uy734_02.gt,733,20.0,86400.0,PTVRP_LAYERED_SAFE,3522264.0,305,11,0.0041,972,36,16,17721,24.176,,0,0,3048,0,0,0,
Instances/Instances 2/uy734_03.gt,733,20.0,86400.0,PTVRP_LAYERED_SAFE,3380518.0,304,11,0.0038,937,36,11,17603,24.015,,0,0,3143,0,0,0,
Instances/Instances 2/uy734_04.gt,733,20.0,86400.0,PTVRP_LAYERED_SAFE,3406459.0,307,10,0.004,944,34,14,17632,24.0546,,0,0,3107,0,0,0,
Instances/Instances 2/uy734_05.gt,733,20.0,86400.0,PTVRP_LAYERED_SAFE,3349271.0,298,13,0.0035,926,34,15,17545,23.9359,,0,0,3112,0,0,0,
Instances/Instances 2/uy734_06.gt,733,20.0,86400.0,PTVRP_LAYERED_SAFE,3416362.0,305,10,0.0036,940,34,16,17537,23.925,,0,0,3164,0,0,0,
Instances/Instances 2/uy734_07.gt,733,20.0,86400.0,PTVRP_LAYERED_SAFE,3377940.0,305,12,0.0041,939,34,13,17571,23.9714,,0,0,3149,0,0,0,
Instances/Instances 2/uy734_08.gt,733,20.0,86400.0,PTVRP_LAYERED_SAFE,3461662.0,307,11,0.004,961,34,12,17737,24.1978,,0,0,3100,0,0,0,
Instances/Instances 2/uy734_09.gt,733,20.0,86400.0,PTVRP_LAYERED_SAFE,3422421.0,303,9,0.0041,943,36,14,17591,23.9986,,0,0,3055,0,0,0,
Instances/Instances 2/uy734_10.gt,733,20.0,86400.0,PTVRP_LAYERED_SAFE,3384784.0,300,13,0.0039,945,36,13,17569,23.9686,,0,0,3124,0,0,0,
Instances/Instances 2/vm1084_01.gt,1083,20.0,86400.0,PTVRP_LAYERED_SAFE,17941763.0,472,10,0.0044,1389,18,10,11964,11.0471,,0,0,3564,0,0,0,
Instances/Instances 2/vm1084_02.gt,1083,20.0,86400.0,PTVRP_LAYERED_SAFE,17871874.0,498,10,0.0046,1399,19,10,12064,11.1394,,0,0,3578,0,0,0,
Instances/Instances 2/vm1084_03.gt,1083,20.0,86400.0,PTVRP_LAYERED_SAFE,17739421.0,483,9,0.0043,1379,19,9,11971,11.0536,,0,0,3556,0,0,0,
Instances/Instances 2/vm1084_04.gt,1083,20.0,86400.0,PTVRP_LAYERED_SAFE,17545103.0,482,9,0.0046,1381,20,11,12027,11.1053,,0,0,3662,0,0,0,
Instances/Instances 2/vm1084_05.gt,1083,20.0,86400.0,PTVRP_LAYERED_SAFE,17833855.0,482,9,0.0043,1395,19,10,12038,11.1154,,0,0,3573,0,0,0,
Instances/Instances 2/vm1084_06.gt,1083,20.0,86400.0,PTVRP_LAYERED_SAFE,17540137.0,493,10,0.0044,1395,20,10,12106,11.1782,,0,0,3559,0,0,0,
Instances/Instances 2/vm1084_07.gt,1083,20.0,86400.0,PTVRP_LAYERED_SAFE,18133464.0,499,8,0.0045,1424,20,9,12100,11.1727,,0,0,3538,0,0,0,
Instances/Instances 2/vm1084_08.gt,1083,20.0,86400.0,PTVRP_LAYERED_SAFE,17919102.0,479,10,0.0041,1390,19,10,12025,11.1034,,0,0,3556,0,0,0,
Instances/Instances 2/vm1084_09.gt,1083,20.0,86400.0,PTVRP_LAYERED_SAFE,17820291.0,493,8,0.0044,1387,19,10,11937,11.0222,,0,0,3580,0,0,0,
Instances/Instances 2/vm1084_10.gt,1083,20.0,86400.0,PTVRP_LAYERED_SAFE,17302288.0,473,8,0.0044,1340,19,10,11965,11.048,,0,0,3628,0,0,0,
Instances/Instances 2/vm1748_01.gt,1747,20.0,86400.0,PTVRP_LAYERED_SAFE,30957344.0,785,9,0.006,2247,21,9,18780,10.7499,,0,0,5729,0,0,0,
Instances/Instances 2/vm1748_02.gt,1747,20.0,86400.0,PTVRP_LAYERED_SAFE,30946455.0,795,9,0.0049,2230,19,9,18752,10.7338,,0,0,5806,0,0,0,
Instances/Instances 2/vm1748_03.gt,1747,20.0,86400.0,PTVRP_LAYERED_SAFE,30569413.0,822,9,0.0058,2228,21,9,18764,10.7407,,0,0,5790,0,0,0,
Instances/Instances 2/vm1748_04.gt,1747,20.0,86400.0,PTVRP_LAYERED_SAFE,31156713.0,798,9,0.0062,2283,21,9,18894,10.8151,,0,0,5661,0,0,0,
Instances/Instances 2/vm1748_05.gt,1747,20.0,86400.0,PTVRP_LAYERED_SAFE,31091076.0,809,9,0.0066,2246,19,9,18781,10.7504,,0,0,5738,0,0,0,
Instances/Instances 2/vm1748_06.gt,1747,20.0,86400.0,PTVRP_LAYERED_SAFE,30636599.0,804,9,0.0061,2225,20,10,18827,10.7768,,0,0,5796,0,0,0,
Instances/Instances 2/vm1748_07.gt,1747,20.0,86400.0,PTVRP_LAYERED_SAFE,30173820.0,753,9,0.0056,2179,19,9,18675,10.6898,,0,0,5821,0,0,0,
Instances/Instances 2/vm1748_08.gt,1747,20.0,86400.0,PTVRP_LAYERED_SAFE,31049903.0,808,10,0.0057,2244,21,10,18735,10.7241,,0,0,5678,0,0,0,
Instances/Instances 2/vm1748_09.gt,1747,20.0,86400.0,PTVRP_LAYERED_SAFE,30597194.0,770,8,0.0058,2238,19,9,18857,10.7939,,0,0,5860,0,0,0,
Instances/Instances 2/vm1748_10.gt,1747,20.0,86400.0,PTVRP_LAYERED_SAFE,30881962.0,780,9,0.0059,2242,20,10,18832,10.7796,,0,0,5777,0,0,0,
Instances/Instances 2/vm22775_01.gt,22774,20.0,86400.0,PTVRP_LAYERED_SAFE,271789200.0,7369,16,0.0518,29032,70,19,448953,19.7134,,0,0,148652,0,0,0,
Instances/Instances 2/vm22775_02.gt,22774,20.0,86400.0,PTVRP_LAYERED_SAFE,272765485.0,7450,18,0.0542,29037,69,18,448344,19.6867,,0,0,148879,0,0,0,
Instances/Instances 2/vm22775_03.gt,22774,20.0,86400.0,PTVRP_LAYERED_SAFE,271122383.0,7489,16,0.0575,28932,70,18,448943,19.713,,0,0,149371,0,0,0,
Instances/Instances 2/vm22775_04.gt,22774,20.0,86400.0,PTVRP_LAYERED_SAFE,271765235.0,7338,16,0.0625,28962,69,17,448485,19.6929,,0,0,149184,0,0,0,
Instances/Instances 2/vm22775_05.gt,22774,20.0,86400.0,PTVRP_LAYERED_SAFE,273727586.0,7416,16,0.0602,29129,71,18,448763,19.7051,,0,0,148560,0,0,0,
Instances/Instances 2/vm22775_06.gt,22774,20.0,86400.0,PTVRP_LAYERED_SAFE,271459169.0,7300,17,0.0552,28923,69,18,448260,19.683,,0,0,149319,0,0,0,
Instances/Instances 2/vm22775_07.gt,22774,20.0,86400.0,PTVRP_LAYERED_SAFE,273454688.0,7360,21,0.0554,29138,68,21,448978,19.7145,,0,0,148789,0,0,0,
Instances/Instances 2/vm22775_08.gt,22774,20.0,86400.0,PTVRP_LAYERED_SAFE,272927407.0,7379,16,0.0577,29018,66,19,448382,19.6883,,0,0,149078,0,0,0,
Instances/Instances 2/vm22775_09.gt,22774,20.0,86400.0,PTVRP_LAYERED_SAFE,270920641.0,7370,17,0.0544,28920,69,18,448636,19.6995,,0,0,149477,0,0,0,
Instances/Instances 2/vm22775_10.gt,22774,20.0,86400.0,PTVRP_LAYERED_SAFE,272426022.0,7406,16,0.0539,29012,65,18,448071,19.6747,,0,0,148855,0,0,0,
Instances/Instances 2/wi29_01.gt,28,20.0,86400.0,PTVRP_LAYERED_SAFE,253201.0,17,5,0.0017,35,13,5,229,8.17857,,0,0,25,0,0,0,
Instances/Instances 2/wi29_02.gt,28,20.0,86400.0,PTVRP_LAYERED_SAFE,261376.0,19,5,0.0019,35,12,5,211,7.53571,,0,0,28,0,0,0,
Instances/Instances 2/wi29_03.gt,28,20.0,86400.0,PTVRP_LAYERED_SAFE,219391.0,17,5,0.0017,34,12,5,239,8.53571,,0,0,27,0,0,0,
Instances/Instances 2/wi29_04.gt,28,20.0,86400.0,PTVRP_LAYERED_SAFE,285853.0,18,7,0.0018,41,13,7,246,8.78571,,0,0,27,0,0,0,
Instances/Instances 2/wi29_05.gt,28,20.0,86400.0,PTVRP_LAYERED_SAFE,210958.0,17,4,0.0017,31,11,4,211,7.53571,,0,0,18,0,0,0,
Instances/Instances 2/wi29_06.gt,28,20.0,86400.0,PTVRP_LAYERED_SAFE,326358.0,17,7,0.0016,46,14,7,261,9.32143,,0,0,30,0,0,0,
Instances/Instances 2/wi29_07.gt,28,20.0,86400.0,PTVRP_LAYERED_SAFE,248200.0,18,3,0.0018,34,13,5,228,8.14286,,0,0,27,0,0,0,
Instances/Instances 2/wi29_08.gt,28,20.0,86400.0,PTVRP_LAYERED_SAFE,262679.0,19,6,0.0018,36,13,6,241,8.60714,,0,0,28,0,0,0,
Instances/Instances 2/wi29_09.gt,28,20.0,86400.0,PTVRP_LAYERED_SAFE,216460.0,15,4,0.0018,30,11,5,201,7.17857,,0,0,19,0,0,0,
Instances/Instances 2/wi29_10.gt,28,20.0,86400.0,PTVRP_LAYERED_SAFE,222558.0,15,5,0.0018,32,13,5,218,7.78571,,0,0,27,0,0,0,
Instances/Instances 2/ym7663_01.gt,7662,20.0,86400.0,PTVRP_LAYERED_SAFE,37449141.0,2280,21,0.0241,9751,68,21,283207,36.9625,,0,0,70138,0,0,0,
Instances/Instances 2/ym7663_02.gt,7662,20.0,86400.0,PTVRP_LAYERED_SAFE,38039089.0,2306,20,0.0236,9900,64,20,284250,37.0987,,0,0,70328,0,0,0,
Instances/Instances 2/ym7663_03.gt,7662,20.0,86400.0,PTVRP_LAYERED_SAFE,37498361.0,2247,16,0.0246,9705,65,20,282838,36.9144,,0,0,70764,0,0,0,
Instances/Instances 2/ym7663_04.gt,7662,20.0,86400.0,PTVRP_LAYERED_SAFE,37415386.0,2288,15,0.0238,9774,63,21,283131,36.9526,,0,0,69991,0,0,0,
Instances/Instances 2/ym7663_05.gt,7662,20.0,86400.0,PTVRP_LAYERED_SAFE,37775912.0,2263,17,0.0237,9790,64,19,282898,36.9222,,0,0,69840,0,0,0,
Instances/Instances 2/ym7663_06.gt,7662,20.0,86400.0,PTVRP_LAYERED_SAFE,37268322.0,2219,18,0.024,9694,62,19,282216,36.8332,,0,0,70204,0,0,0,
Instances/Instances 2/ym7663_07.gt,7662,20.0,86400.0,PTVRP_LAYERED_SAFE,37797803.0,2284,18,0.0246,9777,63,20,282544,36.876,,0,0,69979,0,0,0,
Instances/Instances 2/ym7663_08.gt,7662,20.0,86400.0,PTVRP_LAYERED_SAFE,37585117.0,2264,19,0.026,9748,61,19,281846,36.7849,,0,0,69729,0,0,0,
Instances/Instances 2/ym7663_09.gt,7662,20.0,86400.0,PTVRP_LAYERED_SAFE,37722326.0,2266,20,0.0247,9786,64,20,282951,36.9291,,0,0,69796,0,0,0,
Instances/Instances 2/ym7663_10.gt,7662,20.0,86400.0,PTVRP_LAYERED_SAFE,37922689.0,2229,20,0.0246,9825,64,25,283578,37.011,,0,0,70113,0,0,0,
Instances/Instances 2/zi929_01.gt,928,20.0,86400.0,PTVRP_LAYERED_SAFE,5163866.0,343,14,0.0039,1196,52,18,24706,26.6228,,0,0,6135,0,0,0,
Instances/Instances 2/zi929_02.gt,928,20.0,86400.0,PTVRP_LAYERED_SAFE,4971798.0,320,18,0.0039,1166,53,19,24745,26.6649,,0,0,6261,0,0,0,
Instances/Instances 2/zi929_03.gt,928,20.0,86400.0,PTVRP_LAYERED_SAFE,4946344.0,312,14,0.004,1164,51,17,24756,26.6767,,0,0,6219,0,0,0,
Instances/Instances 2/zi929_04.gt,928,20.0,86400.0,PTVRP_LAYERED_SAFE,4996468.0,324,17,0.0039,1180,52,21,24760,26.681,,0,0,6018,0,0,0,
Instances/Instances 2/zi929_05.gt,928,20.0,86400.0,PTVRP_LAYERED_SAFE,5058673.0,306,16,0.0039,1177,52,20,24762,26.6832,,0,0,6127,0,0,0,
Instances/Instances 2/zi929_06.gt,928,20.0,86400.0,PTVRP_LAYERED_SAFE,5211894.0,316,14,0.0039,1223,53,18,25038,26.9806,,0,0,6091,0,0,0,
Instances/Instances 2/zi929_07.gt,928,20.0,86400.0,PTVRP_LAYERED_SAFE,5067200.0,328,14,0.004,1195,53,19,24770,26.6918,,0,0,6117,0,0,0,
Instances/Instances 2/zi929_08.gt,928,20.0,86400.0,PTVRP_LAYERED_SAFE,5109945.0,315,17,0.0043,1184,53,20,24650,26.5625,,0,0,6104,0,0,0,
Instances/Instances 2/zi929_09.gt,928,20.0,86400.0,PTVRP_LAYERED_SAFE,4869021.0,328,15,0.0041,1143,50,20,24574,26.4806,,0,0,6326,0,0,0,
Instances/Instances 2/zi929_10.gt,928,20.0,86400.0,PTVRP_LAYERED_SAFE,5188654.0,324,18,0.0039,1229,53,19,25075,27.0205,,0,0,6082,0,0,0,
Instances/Instances 3/a280_01.gt,279,10.0,86400.0,PTVRP_LAYERED_SAFE,140031.0,179,11,0.0031,717,160,12,36104,129.405,,0,0,864,0,0,0,
Instances/Instances 3/a280_02.gt,279,10.0,86400.0,PTVRP_LAYERED_SAFE,134245.0,164,15,0.0031,680,165,15,35268,126.409,,0,0,881,0,0,0,
Instances/Instances 3/a280_03.gt,279,10.0,86400.0,PTVRP_LAYERED_SAFE,134959.0,168,12,0.0031,695,157,12,35959,128.885,,0,0,876,0,0,0,
Instances/Instances 3/a280_04.gt,279,10.0,86400.0,PTVRP_LAYERED_SAFE,137740.0,174,11,0.0031,717,161,11,35966,128.91,,0,0,869,0,0,0,
Instances/Instances 3/a280_05.gt,279,10.0,86400.0,PTVRP_LAYERED_SAFE,137973.0,174,11,0.003,706,158,12,35688,127.914,,0,0,872,0,0,0,
Instances/Instances 3/a280_06.gt,279,10.0,86400.0,PTVRP_LAYERED_SAFE,139552.0,168,12,0.0029,701,153,14,36114,129.441,,0,0,887,0,0,0,
Instances/Instances 3/a280_07.gt,279,10.0,86400.0,PTVRP_LAYERED_SAFE,144531.0,168,13,0.0031,744,155,13,36631,131.294,,0,0,889,0,0,0,
Instances/Instances 3/a280_08.gt,279,10.0,86400.0,PTVRP_LAYERED_SAFE,140522.0,168,10,0.003,716,156,11,36386,130.416,,0,0,883,0,0,0,
Instances/Instances 3/a280_09.gt,279,10.0,86400.0,PTVRP_LAYERED_SAFE,135599.0,170,15,0.003,698,158,15,35596,127.584,,0,0,872,0,0,0,
Instances/Instances 3/a280_10.gt,279,10.0,86400.0,PTVRP_LAYERED_SAFE,133598.0,163,11,0.003,680,156,14,35616,127.656,,0,0,850,0,0,0,
Instances/Instances 3/ar9152_01.gt,9151,10.0,86400.0,PTVRP_LAYERED_SAFE,NO SOLUTION,,,0.0111,23301,57,18,150696,16.4677,,0,0,10185,0,0,0,
Instances/Instances 3/ar9152_02.gt,9151,10.0,86400.0,PTVRP_LAYERED_SAFE,NO SOLUTION,,,0.0115,23309,61,17,150940,16.4944,,0,0,10112,0,0,0,
Instances/Instances 3/ar9152_03.gt,9151,10.0,86400.0,PTVRP_LAYERED_SAFE,NO SOLUTION,,,0.0112,23277,56,19,150939,16.4943,,0,0,10163,0,0,0,
Instances/Instances 3/ar9152_04.gt,9151,10.0,86400.0,PTVRP_LAYERED_SAFE,NO SOLUTION,,,0.0108,23286,59,17,150911,16.4912,,0,0,10028,0,0,0,
Instances/Instances 3/ar9152_05.gt,9151,10.0,86400.0,PTVRP_LAYERED_SAFE,NO SOLUTION,,,0.011,23463,53,17,150135,16.4064,,0,0,10075,0,0,0,
Instances/Instances 3/ar9152_06.gt,9151,10.0,86400.0,PTVRP_LAYERED_SAFE,NO SOLUTION,,,0.011,23470,56,18,150652,16.4629,,0,0,10099,0,0,0,
Instances/Instances 3/ar9152_07.gt,9151,10.0,86400.0,PTVRP_LAYERED_SAFE,NO SOLUTION,,,0.0115,23396,56,19,150350,16.4299,,0,0,10027,0,0,0,
Instances/Instances 3/ar9152_08.gt,9151,10.0,86400.0,PTVRP_LAYERED_SAFE,NO SOLUTION,,,0.011,23311,58,20,150691,16.4672,,0,0,10094,0,0,0,
Instances/Instances 3/ar9152_09.gt,9151,10.0,86400.0,PTVRP_LAYERED_SAFE,NO SOLUTION,,,0.0114,23511,60,19,151017,16.5028,,0,0,9982,0,0,0,
Instances/Instances 3/ar9152_10.gt,9151,10.0,86400.0,PTVRP_LAYERED_SAFE,NO SOLUTION,,,0.0109,23333,54,17,150697,16.4678,,0,0,9973,0,0,0,
Instances/Instances 3/berlin52_01.gt,51,10.0,86400.0,PTVRP_LAYERED_SAFE,97661.0,39,7,0.0018,117,50,7,1605,31.4706,,0,0,46,0,0,0,
Instances/Instances 3/berlin52_02.gt,51,10.0,86400.0,PTVRP_LAYERED_SAFE,103571.0,40,8,0.0018,132,55,8,1670,32.7451,,0,0,44,0,0,0,
Instances/Instances 3/berlin52_03.gt,51,10.0,86400.0,PTVRP_LAYERED_SAFE,121606.0,43,6,0.0018,141,55,6,1680,32.9412,,0,0,41,0,0,0,
Instances/Instances 3/berlin52_04.gt,51,10.0,86400.0,PTVRP_LAYERED_SAFE,123858.0,44,8,0.0018,143,55,8,1715,33.6275,,0,0,46,0,0,0,
Instances/Instances 3/berlin52_05.gt,51,10.0,86400.0,PTVRP_LAYERED_SAFE,120000.0,39,6,0.0016,136,55,6,1648,32.3137,,0,0,44,0,0,0,
Instances/Instances 3/berlin52_06.gt,51,10.0,86400.0,PTVRP_LAYERED_SAFE,109441.0,40,6,0.0017,121,51,7,1596,31.2941,,0,0,41,0,0,0,
Instances/Instances 3/berlin52_07.gt,51,10.0,86400.0,PTVRP_LAYERED_SAFE,131065.0,42,8,0.0017,149,57,8,1673,32.8039,,0,0,49,0,0,0,
Instances/Instances 3/berlin52_08.gt,51,10.0,86400.0,PTVRP_LAYERED_SAFE,99399.0,40,6,0.0017,118,49,6,1481,29.0392,,0,0,45,0,0,0,
Instances/Instances 3/berlin52_09.gt,51,10.0,86400.0,PTVRP_LAYERED_SAFE,122913.0,41,6,0.0017,134,52,6,1637,32.098,,0,0,41,0,0,0,
Instances/Instances 3/berlin52_10.gt,51,10.0,86400.0,PTVRP_LAYERED_SAFE,116231.0,43,7,0.0017,132,55,7,1658,32.5098,,0,0,42,0,0,0,
Instances/Instances 3/bier127_01.gt,126,10.0,86400.0,PTVRP_LAYERED_SAFE,2372871.0,89,8,0.0019,307,26,8,1665,13.2143,,0,0,151,0,0,0,
Instances/Instances 3/bier127_02.gt,126,10.0,86400.0,PTVRP_LAYERED_SAFE,NO SOLUTION,,,0.0016,342,27,8,1701,13.5,,0,0,49,0,0,0,
Instances/Instances 3/bier127_03.gt,126,10.0,86400.0,PTVRP_LAYERED_SAFE,NO SOLUTION,,,0.0017,331,28,11,1734,13.7619,,0,0,50,0,0,0,
Instances/Instances 3/bier127_04.gt,126,10.0,86400.0,PTVRP_LAYERED_SAFE,NO SOLUTION,,,0.0016,314,25,8,1616,12.8254,,0,0,84,0,0,0,
Instances/Instances 3/bier127_05.gt,126,10.0,86400.0,PTVRP_LAYERED_SAFE,2501155.0,96,9,0.0019,326,26,9,1704,13.5238,,0,0,149,0,0,0,
Instances/Instances 3/bier127_06.gt,126,10.0,86400.0,PTVRP_LAYERED_SAFE,NO SOLUTION,,,0.0017,323,26,9,1657,13.1508,,0,0,45,0,0,0,
Instances/Instances 3/bier127_07.gt,126,10.0,86400.0,PTVRP_LAYERED_SAFE,NO SOLUTION,,,0.0017,306,26,7,1667,13.2302,,0,0,56,0,0,0,
Instances/Instances 3/bier127_08.gt,126,10.0,86400.0,PTVRP_LAYERED_SAFE,NO SOLUTION,,,0.0016,301,25,7,1720,13.6508,,0,0,54,0,0,0,
Instances/Instances 3/bier127_09.gt,126,10.0,86400.0,PTVRP_LAYERED_SAFE,NO SOLUTION,,,0.0018,329,26,8,1694,13.4444,,0,0,88,0,0,0,
Instances/Instances 3/bier127_10.gt,126,10.0,86400.0,PTVRP_LAYERED_SAFE,NO SOLUTION,,,0.0017,291,26,8,1633,12.9603,,0,0,45,0,0,0,
Instances/Instances 3/bm33708_01.gt,33707,10.0,86400.0,PTVRP_LAYERED_SAFE,NO SOLUTION,,,0.0518,85881,108,3,1024116,30.3829,,0,0,5,0,0,0,
Instances/Instances 3/bm33708_02.gt,33707,10.0,86400.0,PTVRP_LAYERED_SAFE,NO SOLUTION,,,0.0518,85767,99,0,1023398,30.3616,,0,0,3,0,0,0,
Instances/Instances 3/bm33708_03.gt,33707,10.0,86400.0,PTVRP_LAYERED_SAFE,NO SOLUTION,,,0.0532,85929,104,2,1023170,30.3548,,0,0,10,0,0,0,
Instances/Instances 3/bm33708_04.gt,33707,10.0,86400.0,PTVRP_LAYERED_SAFE,NO SOLUTION,,,0.0639,85793,100,3,1022432,30.3329,,0,0,7,0,0,0,
Instances/Instances 3/bm33708_05.gt,33707,10.0,86400.0,PTVRP_LAYERED_SAFE,NO SOLUTION,,,0.0556,85757,106,3,1021940,30.3183,,0,0,12,0,0,0,
Instances/Instances 3/bm33708_06.gt,33707,10.0,86400.0,PTVRP_LAYERED_SAFE,NO SOLUTION,,,0.051,85991,101,1,1023917,30.377,,0,0,3,0,0,0,
Instances/Instances 3/bm33708_07.gt,33707,10.0,86400.0,PTVRP_LAYERED_SAFE,NO SOLUTION,,,0.0498,86052,101,2,1022965,30.3487,,0,0,2,0,0,0,
Instances/Instances 3/bm33708_08.gt,33707,10.0,86400.0,PTVRP_LAYERED_SAFE,NO SOLUTION,,,0.0524,86081,108,0,1024164,30.3843,,0,0,2,0,0,0,
Instances/Instances 3/bm33708_09.gt,33707,10.0,86400.0,PTVRP_LAYERED_SAFE,NO SOLUTION,,,0.0514,85709,97,0,1023075,30.352,,0,0,2,0,0,0,
Instances/Instances 3/bm33708_10.gt,33707,10.0,86400.0,PTVRP_LAYERED_SAFE,NO SOLUTION,,,0.0511,85511,105,0,1022649,30.3394,,0,0,2,0,0,0,
Instances/Instances 3/brd14051_01.gt,14050,10.0,86400.0,PTVRP_LAYERED_SAFE,162296593.0,6002,23,0.043,35770,82,26,495781,35.2869,,0,0,76416,0,0,0,
Instances/Instances 3/brd14051_02.gt,14050,10.0,86400.0,PTVRP_LAYERED_SAFE,160815080.0,6006,25,0.0433,35533,80,26,494911,35.225,,0,0,76827,0,0,0,
Instances/Instances 3/brd14051_03.gt,14050,10.0,86400.0,PTVRP_LAYERED_SAFE,161097353.0,6052,23,0.0429,35704,84,27,495990,35.3018,,0,0,76361,0,0,0,
Instances/Instances 3/brd14051_04.gt,14050,10.0,86400.0,PTVRP_LAYERED_SAFE,162174071.0,5999,25,0.0438,35789,82,29,496507,35.3386,,0,0,76635,0,0,0,
Instances/Instances 3/brd14051_05.gt,14050,10.0,86400.0,PTVRP_LAYERED_SAFE,161905991.0,6085,24,0.0425,35853,82,26,496498,35.3379,,0,0,76400,0,0,0,
Instances/Instances 3/brd14051_06.gt,14050,10.0,86400.0,PTVRP_LAYERED_SAFE,162135672.0,6000,24,0.0429,35781,81,26,495812,35.2891,,0,0,76451,0,0,0,
Instances/Instances 3/brd14051_07.gt,14050,10.0,86400.0,PTVRP_LAYERED_SAFE,162357864.0,6011,24,0.0419,35954,82,27,496969,35.3715,,0,0,76411,0,0,0,
Instances/Instances 3/brd14051_08.gt,14050,10.0,86400.0,PTVRP_LAYERED_SAFE,164184438.0,6081,24,0.0425,36153,81,27,496593,35.3447,,0,0,76032,0,0,0,
Instances/Instances 3/brd14051_09.gt,14050,10.0,86400.0,PTVRP_LAYERED_SAFE,162721864.0,6127,23,0.0461,35985,82,27,496671,35.3502,,0,0,76299,0,0,0,
Instances/Instances 3/brd14051_10.gt,14050,10.0,86400.0,PTVRP_LAYERED_SAFE,161716360.0,6075,24,0.0466,35646,82,26,495759,35.2853,,0,0,76641,0,0,0,
Instances/Instances 3/ca4663_01.gt,4662,10.0,86400.0,PTVRP_LAYERED_SAFE,NO SOLUTION,,,0.0045,11811,29,0,14894,3.19477,,0,0,1,0,0,0,
Instances/Instances 3/ca4663_02.gt,4662,10.0,86400.0,PTVRP_LAYERED_SAFE,NO SOLUTION,,,0.0044,11838,27,0,15058,3.22994,,0,0,2,0,0,0,
Instances/Instances 3/ca4663_03.gt,4662,10.0,86400.0,PTVRP_LAYERED_SAFE,NO SOLUTION,,,0.0053,11929,28,3,14903,3.1967,,0,0,11,0,0,0,
Instances/Instances 3/ca4663_04.gt,4662,10.0,86400.0,PTVRP_LAYERED_SAFE,NO SOLUTION,,,0.0045,11876,26,0,14921,3.20056,,0,0,1,0,0,0,
Instances/Instances 3/ca4663_05.gt,4662,10.0,86400.0,PTVRP_LAYERED_SAFE,NO SOLUTION,,,0.0044,11795,29,0,15070,3.23252,,0,0,1,0,0,0,
Instances/Instances 3/ca4663_06.gt,4662,10.0,86400.0,PTVRP_LAYERED_SAFE,NO SOLUTION,,,0.0046,11768,28,0,14998,3.21707,,0,0,2,0,0,0,
Instances/Instances 3/ca4663_07.gt,4662,10.0,86400.0,PTVRP_LAYERED_SAFE,NO SOLUTION,,,0.0045,11852,25,3,15092,3.23724,,0,0,3,0,0,0,
Instances/Instances 3/ca4663_08.gt,4662,10.0,86400.0,PTVRP_LAYERED_SAFE,NO SOLUTION,,,0.0048,11850,27,1,14995,3.21643,,0,0,3,0,0,0,
Instances/Instances 3/ca4663_09.gt,4662,10.0,86400.0,PTVRP_LAYERED_SAFE,NO SOLUTION,,,0.0046,11828,25,3,15020,3.22179,,0,0,2,0,0,0,
Instances/Instances 3/ca4663_10.gt,4662,10.0,86400.0,PTVRP_LAYERED_SAFE,NO SOLUTION,,,0.0044,11789,27,1,14999,3.21729,,0,0,3,0,0,0,
Instances/Instances 3/ch130_01.gt,129,10.0,86400.0,PTVRP_LAYERED_SAFE,183001.0,90,9,0.0023,325,77,9,7086,54.9302,,0,0,228,0,0,0,
Instances/Instances 3/ch130_02.gt,129,10.0,86400.0,PTVRP_LAYERED_SAFE,189850.0,85,14,0.0022,332,70,14,7208,55.876,,0,0,230,0,0,0,
Instances/Instances 3/ch130_03.gt,129,10.0,86400.0,PTVRP_LAYERED_SAFE,188041.0,92,12,0.0024,322,72,12,7066,54.7752,,0,0,240,0,0,0,
Instances/Instances 3/ch130_04.gt,129,10.0,86400.0,PTVRP_LAYERED_SAFE,204523.0,92,12,0.0022,350,80,12,7493,58.0853,,0,0,240,0,0,0,
Instances/Instances 3/ch130_05.gt,129,10.0,86400.0,PTVRP_LAYERED_SAFE,180670.0,85,10,0.0024,320,73,10,7117,55.1705,,0,0,222,0,0,0,
Instances/Instances 3/ch130_06.gt,129,10.0,86400.0,PTVRP_LAYERED_SAFE,178842.0,86,11,0.0021,315,70,11,6919,53.6357,,0,0,212,0,0,0,
Instances/Instances 3/ch130_07.gt,129,10.0,86400.0,PTVRP_LAYERED_SAFE,180444.0,88,10,0.0021,312,68,10,7040,54.5736,,0,0,223,0,0,0,
Instances/Instances 3/ch130_08.gt,129,10.0,86400.0,PTVRP_LAYERED_SAFE,198515.0,94,9,0.0021,346,70,12,7330,56.8217,,0,0,241,0,0,0,
Instances/Instances 3/ch130_09.gt,129,10.0,86400.0,PTVRP_LAYERED_SAFE,184710.0,90,11,0.0023,316,73,11,7036,54.5426,,0,0,238,0,0,0,
Instances/Instances 3/ch130_10.gt,129,10.0,86400.0,PTVRP_LAYERED_SAFE,184325.0,87,10,0.002,322,67,10,6989,54.1783,,0,0,220,0,0,0,
Instances/Instances 3/ch150_01.gt,149,10.0,86400.0,PTVRP_LAYERED_SAFE,236822.0,98,11,0.0021,407,77,11,9034,60.6309,,0,0,318,0,0,0,
Instances/Instances 3/ch150_02.gt,149,10.0,86400.0,PTVRP_LAYERED_SAFE,205537.0,101,8,0.0022,347,71,8,8248,55.3557,,0,0,298,0,0,0,
Instances/Instances 3/ch150_03.gt,149,10.0,86400.0,PTVRP_LAYERED_SAFE,210032.0,101,9,0.0022,363,77,10,8579,57.5772,,0,0,295,0,0,0,
Instances/Instances 3/ch150_04.gt,149,10.0,86400.0,PTVRP_LAYERED_SAFE,220234.0,106,10,0.0021,379,78,10,8748,58.7114,,0,0,283,0,0,0,
Instances/Instances 3/ch150_05.gt,149,10.0,86400.0,PTVRP_LAYERED_SAFE,228044.0,104,13,0.0022,402,74,13,8966,60.1745,,0,0,287,0,0,0,
Instances/Instances 3/ch150_06.gt,149,10.0,86400.0,PTVRP_LAYERED_SAFE,212598.0,100,10,0.0021,365,74,10,8536,57.2886,,0,0,272,0,0,0,
Instances/Instances 3/ch150_07.gt,149,10.0,86400.0,PTVRP_LAYERED_SAFE,225934.0,100,9,0.0021,386,75,9,8900,59.7315,,0,0,298,0,0,0,
Instances/Instances 3/ch150_08.gt,149,10.0,86400.0,PTVRP_LAYERED_SAFE,233995.0,100,9,0.0022,389,78,10,8618,57.8389,,0,0,300,0,0,0,
Instances/Instances 3/ch150_09.gt,149,10.0,86400.0,PTVRP_LAYERED_SAFE,217384.0,97,12,0.002,379,72,12,8778,58.9128,,0,0,285,0,0,0,
Instances/Instances 3/ch150_10.gt,149,10.0,86400.0,PTVRP_LAYERED_SAFE,218360.0,107,8,0.0022,377,72,9,8827,59.2416,,0,0,308,0,0,0,
Instances/Instances 3/ch71009_01.gt,71008,10.0,86400.0,PTVRP_LAYERED_SAFE,NO SOLUTION,,,0.0724,180818,60,0,859342,12.102,,0,0,1,0,0,0,
Instances/Instances 3/ch71009_02.gt,71008,10.0,86400.0,PTVRP_LAYERED_SAFE,NO SOLUTION,,,0.0749,180920,59,0,858926,12.0962,,0,0,1,0,0,0,
Instances/Instances 3/ch71009_03.gt,71008,10.0,86400.0,PTVRP_LAYERED_SAFE,NO SOLUTION,,,0.0707,180855,58,1,859698,12.1071,,0,0,1,0,0,0,
Instances/Instances 3/ch71009_04.gt,71008,10.0,86400.0,PTVRP_LAYERED_SAFE,NO SOLUTION,,,0.0659,180871,63,0,859659,12.1065,,0,0,2,0,0,0,
Instances/Instances 3/ch71009_05.gt,71008,10.0,86400.0,PTVRP_LAYERED_SAFE,NO SOLUTION,,,0.0641,181137,58,0,859818,12.1087,,0,0,1,0,0,0,
Instances/Instances 3/ch71009_06.gt,71008,10.0,86400.0,PTVRP_LAYERED_SAFE,NO SOLUTION,,,0.065,180833,59,2,859163,12.0995,,0,0,2,0,0,0,
Instances/Instances 3/ch71009_07.gt,71008,10.0,86400.0,PTVRP_LAYERED_SAFE,NO SOLUTION,,,0.0669,180802,65,1,859780,12.1082,,0,0,1,0,0,0,
Instances/Instances 3/ch71009_08.gt,71008,10.0,86400.0,PTVRP_LAYERED_SAFE,NO SOLUTION,,,0.064,181039,55,1,859116,12.0989,,0,0,4,0,0,0,
Instances/Instances 3/ch71009_09.gt,71008,10.0,86400.0,PTVRP_LAYERED_SAFE,NO SOLUTION,,,0.0655,181049,58,2,858685,12.0928,,0,0,3,0,0,0,
Instances/Instances 3/ch71009_10.gt,71008,10.0,86400.0,PTVRP_LAYERED_SAFE,NO SOLUTION,,,0.0629,180754,59,2,860419,12.1172,,0,0,4,0,0,0,
Instances/Instances 3/d1291_01.gt,1290,10.0,86400.0,PTVRP_LAYERED_SAFE,7047490.0,626,18,0.0061,3459,83,24,67286,52.1597,,0,0,7051,0,0,0,
Instances/Instances 3/d1291_02.gt,1290,10.0,86400.0,PTVRP_LAYERED_SAFE,6401254.0,624,17,0.0062,3162,83,20,65481,50.7605,,0,0,7223,0,0,0,
Instances/Instances 3/d1291_03.gt,1290,10.0,86400.0,PTVRP_LAYERED_SAFE,6717332.0,640,17,0.0062,3319,85,21,66782,51.769,,0,0,7158,0,0,0,
Instances/Instances 3/d1291_04.gt,1290,10.0,86400.0,PTVRP_LAYERED_SAFE,6581313.0,625,17,0.0062,3261,85,20,66425,51.4922,,0,0,7249,0,0,0,
Instances/Instances 3/d1291_05.gt,1290,10.0,86400.0,PTVRP_LAYERED_SAFE,6711677.0,633,19,0.0062,3264,83,21,66055,51.2054,,0,0,7166,0,0,0,
Instances/Instances 3/d1291_06.gt,1290,10.0,86400.0,PTVRP_LAYERED_SAFE,6675794.0,602,19,0.0061,3286,81,20,66344,51.4295,,0,0,7218,0,0,0,
Instances/Instances 3/d1291_07.gt,1290,10.0,86400.0,PTVRP_LAYERED_SAFE,6634690.0,635,21,0.0061,3275,83,21,66348,51.4326,,0,0,7160,0,0,0,
Instances/Instances 3/d1291_08.gt,1290,10.0,86400.0,PTVRP_LAYERED_SAFE,6587813.0,612,20,0.0065,3278,89,20,66412,51.4822,,0,0,7121,0,0,0,
Instances/Instances 3/d1291_09.gt,1290,10.0,86400.0,PTVRP_LAYERED_SAFE,6684618.0,606,20,0.0061,3288,78,21,66188,51.3085,,1,0,7199,0,0,0,
Instances/Instances 3/d1291_10.gt,1290,10.0,86400.0,PTVRP_LAYERED_SAFE,6614974.0,625,16,0.0058,3255,81,19,66007,51.1682,,0,0,7176,0,0,0,
Instances/Instances 3/d15112_01.gt,15111,10.0,86400.0,PTVRP_LAYERED_SAFE,NO SOLUTION,,,0.0148,38410,56,0,203661,13.4777,,0,0,1,0,0,0,
Instances/Instances 3/d15112_02.gt,15111,10.0,86400.0,PTVRP_LAYERED_SAFE,NO SOLUTION,,,0.0164,38761,59,3,204538,13.5357,,0,0,6,0,0,0,
Instances/Instances 3/d15112_03.gt,15111,10.0,86400.0,PTVRP_LAYERED_SAFE,NO SOLUTION,,,0.015,38317,60,0,203963,13.4977,,0,0,2,0,0,0,
Instances/Instances 3/d15112_04.gt,15111,10.0,86400.0,PTVRP_LAYERED_SAFE,NO SOLUTION,,,0.0152,38586,68,3,204042,13.5029,,0,0,3,0,0,0,
Instances/Instances 3/d15112_05.gt,15111,10.0,86400.0,PTVRP_LAYERED_SAFE,NO SOLUTION,,,0.0149,38288,59,3,204118,13.5079,,0,0,10,0,0,0,
Instances/Instances 3/d15112_06.gt,15111,10.0,86400.0,PTVRP_LAYERED_SAFE,NO SOLUTION,,,0.0158,38815,63,0,203919,13.4947,,0,0,2,0,0,0,
Instances/Instances 3/d15112_07.gt,15111,10.0,86400.0,PTVRP_LAYERED_SAFE,NO SOLUTION,,,0.0153,38694,59,0,204265,13.5176,,0,0,2,0,0,0,
Instances/Instances 3/d15112_08.gt,15111,10.0,86400.0,PTVRP_LAYERED_SAFE,NO SOLUTION,,,0.0149,38610,57,1,204149,13.51,,0,0,9,0,0,0,
Instances/Instances 3/d15112_09.gt,15111,10.0,86400.0,PTVRP_LAYERED_SAFE,NO SOLUTION,,,0.0147,38759,57,3,203684,13.4792,,0,0,3,0,0,0,
Instances/Instances 3/d15112_10.gt,15111,10.0,86400.0,PTVRP_LAYERED_SAFE,NO SOLUTION,,,0.0155,38385,61,3,203667,13.4781,,0,0,2,0,0,0,
Instances/Instances 3/d1655_01.gt,1654,10.0,86400.0,PTVRP_LAYERED_SAFE,8436092.0,810,19,0.0083,4183,84,22,85163,51.4891,,0,0,9463,0,0,0,
Instances/Instances 3/d1655_02.gt,1654,10.0,86400.0,PTVRP_LAYERED_SAFE,8758582.0,809,19,0.0071,4296,92,22,85469,51.6741,,0,0,9366,0,0,0,
Instances/Instances 3/d1655_03.gt,1654,10.0,86400.0,PTVRP_LAYERED_SAFE,8393898.0,789,19,0.0079,4169,86,23,85348,51.601,,0,0,9512,0,0,0,
Instances/Instances 3/d1655_04.gt,1654,10.0,86400.0,PTVRP_LAYERED_SAFE,8491391.0,821,19,0.0086,4194,81,23,84956,51.364,,0,0,9430,0,0,0,
Instances/Instances 3/d1655_05.gt,1654,10.0,86400.0,PTVRP_LAYERED_SAFE,8469009.0,835,19,0.0082,4215,86,22,85551,51.7237,,0,0,9584,0,0,0,
Instances/Instances 3/d1655_06.gt,1654,10.0,86400.0,PTVRP_LAYERED_SAFE,8534083.0,794,22,0.0077,4217,82,23,84978,51.3773,,0,0,9379,0,0,0,
Instances/Instances 3/d1655_07.gt,1654,10.0,86400.0,PTVRP_LAYERED_SAFE,8661560.0,778,18,0.008,4238,86,22,85113,51.4589,,0,0,9445,0,0,0,
Instances/Instances 3/d1655_08.gt,1654,10.0,86400.0,PTVRP_LAYERED_SAFE,8645009.0,783,21,0.0081,4264,90,21,85478,51.6796,,0,0,9419,0,0,0,
Instances/Instances 3/d1655_09.gt,1654,10.0,86400.0,PTVRP_LAYERED_SAFE,8711928.0,815,18,0.0077,4313,86,20,85921,51.9474,,0,0,9221,0,0,0,
Instances/Instances 3/d1655_10.gt,1654,10.0,86400.0,PTVRP_LAYERED_SAFE,8725167.0,805,21,0.0078,4294,85,22,85459,51.6681,,0,0,9328,0,0,0,
Instances/Instances 3/d18512_01.gt,18511,10.0,86400.0,PTVRP_LAYERED_SAFE,231120636.0,8019,22,0.0588,47400,86,27,598357,32.3244,,0,0,95353,0,0,0,
Instances/Instances 3/d18512_02.gt,18511,10.0,86400.0,PTVRP_LAYERED_SAFE,228529458.0,7949,24,0.0544,46924,86,24,597395,32.2724,,0,0,96013,0,0,0,
Instances/Instances 3/d18512_03.gt,18511,10.0,86400.0,PTVRP_LAYERED_SAFE,231569951.0,8044,22,0.0555,47321,86,25,597062,32.2544,,0,0,95074,0,0,0,
Instances/Instances 3/d18512_04.gt,18511,10.0,86400.0,PTVRP_LAYERED_SAFE,230192202.0,7902,26,0.0542,47169,84,26,596829,32.2419,,0,0,95353,0,0,0,
Instances/Instances 3/d18512_05.gt,18511,10.0,86400.0,PTVRP_LAYERED_SAFE,230461247.0,7861,26,0.0545,47255,85,26,597497,32.2779,,0,0,95359,0,0,0,
Instances/Instances 3/d18512_06.gt,18511,10.0,86400.0,PTVRP_LAYERED_SAFE,230855520.0,7975,22,0.0549,47285,91,26,597269,32.2656,,0,0,95179,0,0,0,
Instances/Instances 3/d18512_07.gt,18511,10.0,86400.0,PTVRP_LAYERED_SAFE,228951634.0,7989,23,0.0557,46999,84,25,597398,32.2726,,0,0,95660,0,0,0,
Instances/Instances 3/d18512_08.gt,18511,10.0,86400.0,PTVRP_LAYERED_SAFE,231033923.0,7958,23,0.0559,47384,85,23,597850,32.297,,0,0,94885,0,0,0,
Instances/Instances 3/d18512_09.gt,18511,10.0,86400.0,PTVRP_LAYERED_SAFE,232602434.0,8021,23,0.056,47663,85,25,598999,32.3591,,0,0,95005,0,0,0,
Instances/Instances 3/d18512_10.gt,18511,10.0,86400.0,PTVRP_LAYERED_SAFE,232387434.0,7991,31,0.0546,47486,88,31,597541,32.2803,,0,0,95035,0,0,0,
Instances/Instances 3/d198_01.gt,197,10.0,86400.0,PTVRP_LAYERED_SAFE,755350.0,122,11,0.0024,521,74,15,9656,49.0152,,0,0,605,0,0,0,
Instances/Instances 3/d198_02.gt,197,10.0,86400.0,PTVRP_LAYERED_SAFE,787648.0,118,14,0.0025,517,79,14,9711,49.2944,,0,0,616,0,0,0,
Instances/Instances 3/d198_03.gt,197,10.0,86400.0,PTVRP_LAYERED_SAFE,805081.0,119,14,0.0021,525,79,15,9646,48.9645,,0,0,603,0,0,0,
Instances/Instances 3/d198_04.gt,197,10.0,86400.0,PTVRP_LAYERED_SAFE,786428.0,121,12,0.0023,525,81,17,9728,49.3807,,0,0,596,0,0,0,
Instances/Instances 3/d198_05.gt,197,10.0,86400.0,PTVRP_LAYERED_SAFE,787354.0,112,15,0.0023,518,73,15,9666,49.066,,0,0,621,0,0,0,
Instances/Instances 3/d198_06.gt,197,10.0,86400.0,PTVRP_LAYERED_SAFE,757625.0,110,18,0.0022,489,71,18,9231,46.8579,,0,0,590,0,0,0,
Instances/Instances 3/d198_07.gt,197,10.0,86400.0,PTVRP_LAYERED_SAFE,748162.0,122,12,0.0023,490,77,16,9582,48.6396,,0,0,588,0,0,0,
Instances/Instances 3/d198_08.gt,197,10.0,86400.0,PTVRP_LAYERED_SAFE,791564.0,114,14,0.0024,523,78,19,9725,49.3655,,0,0,614,0,0,0,
Instances/Instances 3/d198_09.gt,197,10.0,86400.0,PTVRP_LAYERED_SAFE,769840.0,117,11,0.0023,490,71,13,9390,47.665,,0,0,583,0,0,0,
Instances/Instances 3/d198_10.gt,197,10.0,86400.0,PTVRP_LAYERED_SAFE,798297.0,121,13,0.0023,517,73,13,9562,48.5381,,0,0,606,0,0,0,
Instances/Instances 3/d2103_01.gt,2102,10.0,86400.0,PTVRP_LAYERED_SAFE,12997338.0,986,20,0.0086,5444,78,21,99772,47.4653,,0,0,12147,0,0,0,
Instances/Instances 3/d2103_02.gt,2102,10.0,86400.0,PTVRP_LAYERED_SAFE,12833809.0,1022,18,0.0089,5386,75,22,99762,47.4605,,0,0,12148,0,0,0,
Instances/Instances 3/d2103_03.gt,2102,10.0,86400.0,PTVRP_LAYERED_SAFE,13063743.0,1033,21,0.0097,5467,80,22,100007,47.5771,,0,0,12069,0,0,0,
Instances/Instances 3/d2103_04.gt,2102,10.0,86400.0,PTVRP_LAYERED_SAFE,12757990.0,974,20,0.0086,5373,75,24,99678,47.4206,,0,0,12190,0,0,0,
Instances/Instances 3/d2103_05.gt,2102,10.0,86400.0,PTVRP_LAYERED_SAFE,12794343.0,1010,20,0.0086,5372,73,24,99946,47.548,,0,0,12273,0,0,0,
Instances/Instances 3/d2103_06.gt,2102,10.0,86400.0,PTVRP_LAYERED_SAFE,12733053.0,982,19,0.0084,5402,78,23,100236,47.686,,0,0,12235,0,0,0,
Instances/Instances 3/d2103_07.gt,2102,10.0,86400.0,PTVRP_LAYERED_SAFE,12925597.0,1011,19,0.0086,5417,77,22,99969,47.559,,0,0,12239,0,0,0,
Instances/Instances 3/d2103_08.gt,2102,10.0,86400.0,PTVRP_LAYERED_SAFE,13004013.0,957,20,0.0086,5456,75,20,100258,47.6965,,0,0,12217,0,0,0,
Instances/Instances 3/d2103_09.gt,2102,10.0,86400.0,PTVRP_LAYERED_SAFE,12742967.0,992,19,0.0086,5289,73,21,98626,46.9201,,0,0,12133,0,0,0,
Instances/Instances 3/d2103_10.gt,2102,10.0,86400.0,PTVRP_LAYERED_SAFE,12865600.0,995,19,0.0085,5405,79,22,99915,47.5333,,0,0,12251,0,0,0,
Instances/Instances 3/d493_01.gt,492,10.0,86400.0,PTVRP_LAYERED_SAFE,1861604.0,288,15,0.0033,1259,81,15,24673,50.1484,,0,0,1767,0,0,0,
Instances/Instances 3/d493_02.gt,492,10.0,86400.0,PTVRP_LAYERED_SAFE,1778966.0,280,14,0.0035,1195,77,16,23939,48.6565,,0,0,1707,0,0,0,
Instances/Instances 3/d493_03.gt,492,10.0,86400.0,PTVRP_LAYERED_SAFE,1873148.0,303,13,0.0037,1257,77,14,24463,49.7215,,0,0,1724,0,0,0,
Instances/Instances 3/d493_04.gt,492,10.0,86400.0,PTVRP_LAYERED_SAFE,1830994.0,298,12,0.0033,1256,76,12,24810,50.4268,,0,0,1730,0,0,0,
Instances/Instances 3/d493_05.gt,492,10.0,86400.0,PTVRP_LAYERED_SAFE,1847155.0,285,15,0.0033,1269,84,16,24769,50.3435,,0,0,1762,0,0,0,
Instances/Instances 3/d493_06.gt,492,10.0,86400.0,PTVRP_LAYERED_SAFE,1889474.0,279,14,0.0032,1282,83,16,25038,50.8902,,0,0,1786,0,0,0,
Instances/Instances 3/d493_07.gt,492,10.0,86400.0,PTVRP_LAYERED_SAFE,1942428.0,303,12,0.0035,1302,82,14,24841,50.4898,,0,0,1751,0,0,0,
Instances/Instances 3/d493_08.gt,492,10.0,86400.0,PTVRP_LAYERED_SAFE,1743548.0,280,13,0.0035,1180,80,14,24139,49.063,,0,0,1731,0,0,0,
Instances/Instances 3/d493_09.gt,492,10.0,86400.0,PTVRP_LAYERED_SAFE,1877018.0,302,12,0.0034,1268,74,12,24751,50.3069,,0,0,1753,0,0,0,
Instances/Instances 3/d493_10.gt,492,10.0,86400.0,PTVRP_LAYERED_SAFE,1793640.0,283,13,0.0033,1253,90,15,24789,50.3841,,0,0,1767,0,0,0,
Instances/Instances 3/d657_01.gt,656,10.0,86400.0,PTVRP_LAYERED_SAFE,3276262.0,382,13,0.0039,1645,66,15,26983,41.1326,,0,0,2410,0,0,0,
Instances/Instances 3/d657_02.gt,656,10.0,86400.0,PTVRP_LAYERED_SAFE,3342495.0,374,15,0.0037,1659,58,17,27092,41.2988,,0,0,2373,0,0,0,
Instances/Instances 3/d657_03.gt,656,10.0,86400.0,PTVRP_LAYERED_SAFE,3356199.0,369,13,0.0038,1659,63,18,27019,41.1875,,0,0,2394,0,0,0,
Instances/Instances 3/d657_04.gt,656,10.0,86400.0,PTVRP_LAYERED_SAFE,3435877.0,370,15,0.0038,1696,62,15,27246,41.5335,,0,0,2392,0,0,0,
Instances/Instances 3/d657_05.gt,656,10.0,86400.0,PTVRP_LAYERED_SAFE,3481489.0,358,17,0.0037,1721,59,17,27460,41.8598,,0,0,2409,0,0,0,
Instances/Instances 3/d657_06.gt,656,10.0,86400.0,PTVRP_LAYERED_SAFE,3264502.0,359,14,0.0038,1619,63,14,26950,41.0823,,0,0,2408,0,0,0,
Instances/Instances 3/d657_07.gt,656,10.0,86400.0,PTVRP_LAYERED_SAFE,3360459.0,378,14,0.0037,1661,65,16,27083,41.2851,,0,0,2388,0,0,0,
Instances/Instances 3/d657_08.gt,656,10.0,86400.0,PTVRP_LAYERED_SAFE,3483374.0,375,14,0.0036,1721,61,15,27524,41.9573,,0,0,2401,0,0,0,
Instances/Instances 3/d657_09.gt,656,10.0,86400.0,PTVRP_LAYERED_SAFE,3417306.0,372,15,0.0038,1658,66,18,26972,41.1159,,0,0,2420,0,0,0,
Instances/Instances 3/d657_10.gt,656,10.0,86400.0,PTVRP_LAYERED_SAFE,3395202.0,364,14,0.004,1689,61,15,27301,41.6174,,0,0,2423,0,0,0,
Instances/Instances 3/dj38_01.gt,37,10.0,86400.0,PTVRP_LAYERED_SAFE,124396.0,31,15,0.0017,101,42,15,1108,29.9459,,0,0,32,0,0,0,
Instances/Instances 3/dj38_02.gt,37,10.0,86400.0,PTVRP_LAYERED_SAFE,120057.0,32,8,0.0016,102,45,8,1114,30.1081,,0,0,35,0,0,0,
Instances/Instances 3/dj38_03.gt,37,10.0,86400.0,PTVRP_LAYERED_SAFE,113556.0,31,12,0.0016,101,46,12,1175,31.7568,,0,0,34,0,0,0,
Instances/Instances 3/dj38_04.gt,37,10.0,86400.0,PTVRP_LAYERED_SAFE,100332.0,27,7,0.0017,86,38,7,957,25.8649,,0,0,34,0,0,0,
Instances/Instances 3/dj38_05.gt,37,10.0,86400.0,PTVRP_LAYERED_SAFE,110624.0,28,8,0.0017,98,44,8,1030,27.8378,,0,0,29,0,0,0,
Instances/Instances 3/dj38_06.gt,37,10.0,86400.0,PTVRP_LAYERED_SAFE,111638.0,28,7,0.0016,89,39,8,984,26.5946,,0,0,32,0,0,0,
Instances/Instances 3/dj38_07.gt,37,10.0,86400.0,PTVRP_LAYERED_SAFE,121004.0,27,8,0.0016,105,46,8,1172,31.6757,,0,0,37,0,0,0,
Instances/Instances 3/dj38_08.gt,37,10.0,86400.0,PTVRP_LAYERED_SAFE,117094.0,31,7,0.0016,93,39,7,1066,28.8108,,0,0,38,0,0,0,
Instances/Instances 3/dj38_09.gt,37,10.0,86400.0,PTVRP_LAYERED_SAFE,97831.0,26,5,0.0017,84,40,6,992,26.8108,,0,0,32,0,0,0,
Instances/Instances 3/dj38_10.gt,37,10.0,86400.0,PTVRP_LAYERED_SAFE,115962.0,32,5,0.0017,96,40,5,1029,27.8108,,0,0,30,0,0,0,
Instances/Instances 3/eg7146_01.gt,7145,10.0,86400.0,PTVRP_LAYERED_SAFE,56520751.0,2898,27,0.0268,18149,111,32,396383,55.477,,0,0,55864,0,0,0,
Instances/Instances 3/eg7146_02.gt,7145,10.0,86400.0,PTVRP_LAYERED_SAFE,55767751.0,2870,29,0.027,18136,117,32,397362,55.614,,0,0,55856,0,0,0,
Instances/Instances 3/eg7146_03.gt,7145,10.0,86400.0,PTVRP_LAYERED_SAFE,56762325.0,2894,26,0.0278,18268,117,30,397376,55.616,,0,0,55655,0,0,0,
Instances/Instances 3/eg7146_04.gt,7145,10.0,86400.0,PTVRP_LAYERED_SAFE,55885680.0,2901,29,0.0274,18096,115,40,396988,55.5617,,0,0,55747,0,0,0,
Instances/Instances 3/eg7146_05.gt,7145,10.0,86400.0,PTVRP_LAYERED_SAFE,56562484.0,2880,27,0.0308,18285,125,33,398179,55.7283,,0,0,55450,0,0,0,
Instances/Instances 3/eg7146_06.gt,7145,10.0,86400.0,PTVRP_LAYERED_SAFE,56092246.0,2993,27,0.0265,18085,111,29,396249,55.4582,,0,0,55754,0,0,0,
Instances/Instances 3/eg7146_07.gt,7145,10.0,86400.0,PTVRP_LAYERED_SAFE,56562148.0,2904,28,0.0281,18412,123,30,399313,55.8871,,0,0,55522,0,0,0,
Instances/Instances 3/eg7146_08.gt,7145,10.0,86400.0,PTVRP_LAYERED_SAFE,56607426.0,2866,30,0.0271,18302,119,30,398002,55.7036,,0,0,55444,0,0,0,
Instances/Instances 3/eg7146_09.gt,7145,10.0,86400.0,PTVRP_LAYERED_SAFE,56069185.0,2836,28,0.0293,18182,110,33,397005,55.564,,0,0,55715,0,0,0,
Instances/Instances 3/eg7146_10.gt,7145,10.0,86400.0,PTVRP_LAYERED_SAFE,56874986.0,2907,28,0.0292,18268,117,30,396342,55.4712,,0,0,55513,0,0,0,
Instances/Instances 3/ei8246_01.gt,8245,10.0,86400.0,PTVRP_LAYERED_SAFE,57072244.0,3383,24,0.0361,21129,109,25,409838,49.7075,,0,0,55298,0,0,0,
Instances/Instances 3/ei8246_02.gt,8245,10.0,86400.0,PTVRP_LAYERED_SAFE,56731433.0,3403,22,0.0302,20977,102,28,408915,49.5955,,0,0,55559,0,0,0,
Instances/Instances 3/ei8246_03.gt,8245,10.0,86400.0,PTVRP_LAYERED_SAFE,56779595.0,3428,25,0.0306,21072,106,26,410068,49.7354,,0,0,55309,0,0,0,
Instances/Instances 3/ei8246_04.gt,8245,10.0,86400.0,PTVRP_LAYERED_SAFE,56701619.0,3337,25,0.0289,20980,101,26,408926,49.5968,,0,0,55695,0,0,0,
Instances/Instances 3/ei8246_05.gt,8245,10.0,86400.0,PTVRP_LAYERED_SAFE,56823034.0,3389,26,0.0294,21021,98,27,408879,49.5911,,0,0,55339,0,0,0,
Instances/Instances 3/ei8246_06.gt,8245,10.0,86400.0,PTVRP_LAYERED_SAFE,56758231.0,3434,24,0.0295,21012,109,28,409008,49.6068,,0,0,55517,0,0,0,
Instances/Instances 3/ei8246_07.gt,8245,10.0,86400.0,PTVRP_LAYERED_SAFE,57014081.0,3413,25,0.0301,21181,111,29,410814,49.8258,,0,0,55448,0,0,0,
Instances/Instances 3/ei8246_08.gt,8245,10.0,86400.0,PTVRP_LAYERED_SAFE,56515148.0,3345,24,0.0291,20868,97,25,407747,49.4539,,0,0,55570,0,0,0,
Instances/Instances 3/ei8246_09.gt,8245,10.0,86400.0,PTVRP_LAYERED_SAFE,57210286.0,3362,23,0.0301,21220,102,31,410654,49.8064,,0,0,55278,0,0,0,
Instances/Instances 3/ei8246_10.gt,8245,10.0,86400.0,PTVRP_LAYERED_SAFE,56019434.0,3392,29,0.0338,20776,109,29,408585,49.5555,,0,0,55832,0,0,0,
Instances/Instances 3/eil101_01.gt,100,10.0,86400.0,PTVRP_LAYERED_SAFE,15232.0,73,12,0.0023,266,193,12,12553,125.53,,0,0,48,0,0,0,
Instances/Instances 3/eil101_02.gt,100,10.0,86400.0,PTVRP_LAYERED_SAFE,13896.0,78,8,0.0037,255,186,8,11757,117.57,,0,0,44,0,0,0,
Instances/Instances 3/eil101_03.gt,100,10.0,86400.0,PTVRP_LAYERED_SAFE,14643.0,72,9,0.0037,259,190,9,11967,119.67,,0,0,40,0,0,0,
Instances/Instances 3/eil101_04.gt,100,10.0,86400.0,PTVRP_LAYERED_SAFE,13593.0,72,9,0.0037,241,177,9,11290,112.9,,0,0,41,0,0,0,
Instances/Instances 3/eil101_05.gt,100,10.0,86400.0,PTVRP_LAYERED_SAFE,15353.0,80,9,0.0035,281,203,9,12443,124.43,,0,0,47,0,0,0,
Instances/Instances 3/eil101_06.gt,100,10.0,86400.0,PTVRP_LAYERED_SAFE,13206.0,76,9,0.0024,230,181,9,11257,112.57,,0,0,38,0,0,0,
Instances/Instances 3/eil101_07.gt,100,10.0,86400.0,PTVRP_LAYERED_SAFE,13764.0,66,9,0.0034,255,183,9,11905,119.05,,0,0,38,0,0,0,
Instances/Instances 3/eil101_08.gt,100,10.0,86400.0,PTVRP_LAYERED_SAFE,14337.0,74,8,0.0032,249,183,8,12157,121.57,,0,0,38,0,0,0,
Instances/Instances 3/eil101_09.gt,100,10.0,86400.0,PTVRP_LAYERED_SAFE,14002.0,76,9,0.0021,255,191,9,10883,108.83,,0,0,39,0,0,0,
Instances/Instances 3/eil101_10.gt,100,10.0,86400.0,PTVRP_LAYERED_SAFE,15212.0,78,9,0.0023,265,191,9,11958,119.58,,0,0,44,0,0,0,
Instances/Instances 3/eil51_01.gt,50,10.0,86400.0,PTVRP_LAYERED_SAFE,6400.0,44,9,0.0019,121,121,9,3110,62.2,,0,0,0,0,0,0,
Instances/Instances 3/eil51_02.gt,50,10.0,86400.0,PTVRP_LAYERED_SAFE,6955.0,41,7,0.002,127,127,7,3240,64.8,,0,0,0,0,0,0,
Instances/Instances 3/eil51_03.gt,50,10.0,86400.0,PTVRP_LAYERED_SAFE,6886.0,39,8,0.002,132,132,8,3273,65.46,,0,0,0,0,0,0,
Instances/Instances 3/eil51_04.gt,50,10.0,86400.0,PTVRP_LAYERED_SAFE,7154.0,42,7,0.002,130,130,7,3443,68.86,,0,0,0,0,0,0,
Instances/Instances 3/eil51_05.gt,50,10.0,86400.0,PTVRP_LAYERED_SAFE,5056.0,38,5,0.002,100,100,5,2321,46.42,,0,0,0,0,0,0,
Instances/Instances 3/eil51_06.gt,50,10.0,86400.0,PTVRP_LAYERED_SAFE,6653.0,41,7,0.002,124,124,7,3000,60.0,,0,0,0,0,0,0,
Instances/Instances 3/eil51_07.gt,50,10.0,86400.0,PTVRP_LAYERED_SAFE,6845.0,42,7,0.002,125,125,8,3307,66.14,,0,0,0,0,0,0,
Instances/Instances 3/eil51_08.gt,50,10.0,86400.0,PTVRP_LAYERED_SAFE,6358.0,41,7,0.0018,121,121,7,3365,67.3,,0,0,0,0,0,0,
Instances/Instances 3/eil51_09.gt,50,10.0,86400.0,PTVRP_LAYERED_SAFE,7037.0,41,6,0.0017,133,133,7,3122,62.44,,0,0,0,0,0,0,
Instances/Instances 3/eil51_10.gt,50,10.0,86400.0,PTVRP_LAYERED_SAFE,6996.0,40,9,0.0019,133,133,9,3474,69.48,,0,0,0,0,0,0,
Instances/Instances 3/eil76_01.gt,75,10.0,86400.0,PTVRP_LAYERED_SAFE,9893.0,62,8,0.0021,187,169,8,6954,92.72,,0,0,14,0,0,0,
Instances/Instances 3/eil76_02.gt,75,10.0,86400.0,PTVRP_LAYERED_SAFE,10084.0,59,7,0.0019,189,170,8,6871,91.6133,,0,0,14,0,0,0,
Instances/Instances 3/eil76_03.gt,75,10.0,86400.0,PTVRP_LAYERED_SAFE,9469.0,61,9,0.002,175,163,9,6997,93.2933,,0,0,7,0,0,0,
Instances/Instances 3/eil76_04.gt,75,10.0,86400.0,PTVRP_LAYERED_SAFE,9967.0,65,8,0.0019,183,168,8,6897,91.96,,0,0,15,0,0,0,
Instances/Instances 3/eil76_05.gt,75,10.0,86400.0,PTVRP_LAYERED_SAFE,10847.0,61,7,0.0022,199,175,7,7538,100.507,,0,0,14,0,0,0,
Instances/Instances 3/eil76_06.gt,75,10.0,86400.0,PTVRP_LAYERED_SAFE,9202.0,58,8,0.0023,180,166,8,6311,84.1467,,0,0,11,0,0,0,
Instances/Instances 3/eil76_07.gt,75,10.0,86400.0,PTVRP_LAYERED_SAFE,11363.0,58,8,0.0023,208,180,9,8162,108.827,,0,0,16,0,0,0,
Instances/Instances 3/eil76_08.gt,75,10.0,86400.0,PTVRP_LAYERED_SAFE,11172.0,60,7,0.0024,205,177,7,7748,103.307,,0,0,13,0,0,0,
Instances/Instances 3/eil76_09.gt,75,10.0,86400.0,PTVRP_LAYERED_SAFE,10430.0,57,8,0.0022,185,170,8,7190,95.8667,,0,0,13,0,0,0,
Instances/Instances 3/eil76_10.gt,75,10.0,86400.0,PTVRP_LAYERED_SAFE,9587.0,59,7,0.002,178,166,7,6716,89.5467,,0,0,7,0,0,0,
Instances/Instances 3/fi10639_01.gt,10638,10.0,86400.0,PTVRP_LAYERED_SAFE,166094138.0,5055,20,0.0251,27094,62,22,279357,26.2603,,0,0,46245,0,0,0,
Instances/Instances 3/fi10639_02.gt,10638,10.0,86400.0,PTVRP_LAYERED_SAFE,166966174.0,5152,21,0.025,27002,60,21,277885,26.1219,,0,0,45935,0,0,0,
Instances/Instances 3/fi10639_03.gt,10638,10.0,86400.0,PTVRP_LAYERED_SAFE,165600399.0,4922,20,0.0241,26998,61,21,278935,26.2206,,0,0,46294,0,0,0,
Instances/Instances 3/fi10639_04.gt,10638,10.0,86400.0,PTVRP_LAYERED_SAFE,165396224.0,5019,20,0.0284,26918,64,22,278951,26.2221,,0,0,46347,0,0,0,
Instances/Instances 3/fi10639_05.gt,10638,10.0,86400.0,PTVRP_LAYERED_SAFE,166385899.0,5032,19,0.0264,27055,66,21,278915,26.2187,,0,0,46210,0,0,0,
Instances/Instances 3/fi10639_06.gt,10638,10.0,86400.0,PTVRP_LAYERED_SAFE,166758718.0,5089,19,0.0245,27038,64,23,278360,26.1666,,0,0,46233,0,0,0,
Instances/Instances 3/fi10639_07.gt,10638,10.0,86400.0,PTVRP_LAYERED_SAFE,167205300.0,5041,20,0.0243,27166,65,20,278797,26.2077,,0,0,46194,0,0,0,
Instances/Instances 3/fi10639_08.gt,10638,10.0,86400.0,PTVRP_LAYERED_SAFE,167140841.0,5043,18,0.0341,27057,61,21,277936,26.1267,,0,0,45955,0,0,0,
Instances/Instances 3/fi10639_09.gt,10638,10.0,86400.0,PTVRP_LAYERED_SAFE,165456878.0,5030,22,0.033,27038,65,22,279316,26.2564,,0,0,46380,0,0,0,
Instances/Instances 3/fi10639_10.gt,10638,10.0,86400.0,PTVRP_LAYERED_SAFE,166357039.0,5074,20,0.0317,27041,69,21,278750,26.2032,,0,0,46237,0,0,0,
Instances/Instances 3/fl1400_01.gt,1399,10.0,86400.0,PTVRP_LAYERED_SAFE,6984703.0,434,28,0.0064,3554,110,37,95012,67.9142,,0,0,14886,0,0,0,
Instances/Instances 3/fl1400_02.gt,1399,10.0,86400.0,PTVRP_LAYERED_SAFE,6927543.0,445,31,0.0065,3536,107,37,94916,67.8456,,0,0,14881,0,0,0,
Instances/Instances 3/fl1400_03.gt,1399,10.0,86400.0,PTVRP_LAYERED_SAFE,7228426.0,442,32,0.0057,3700,111,34,95873,68.5297,,0,0,14536,0,0,0,
Instances/Instances 3/fl1400_04.gt,1399,10.0,86400.0,PTVRP_LAYERED_SAFE,7139005.0,432,30,0.0063,3609,103,38,95160,68.02,,0,0,14687,0,0,0,
Instances/Instances 3/fl1400_05.gt,1399,10.0,86400.0,PTVRP_LAYERED_SAFE,6840253.0,457,28,0.0066,3495,106,40,94975,67.8878,,0,0,15026,0,0,0,
Instances/Instances 3/fl1400_06.gt,1399,10.0,86400.0,PTVRP_LAYERED_SAFE,7122580.0,457,41,0.0066,3640,110,41,95797,68.4753,,0,0,14675,0,0,0,
Instances/Instances 3/fl1400_07.gt,1399,10.0,86400.0,PTVRP_LAYERED_SAFE,7023771.0,434,40,0.0063,3589,116,40,95294,68.1158,,0,0,14790,0,0,0,
Instances/Instances 3/fl1400_08.gt,1399,10.0,86400.0,PTVRP_LAYERED_SAFE,6846840.0,435,32,0.0063,3522,113,40,95226,68.0672,,0,0,14933,0,0,0,
Instances/Instances 3/fl1400_09.gt,1399,10.0,86400.0,PTVRP_LAYERED_SAFE,7001263.0,431,31,0.0068,3588,116,38,95594,68.3302,,0,0,14852,0,0,0,
Instances/Instances 3/fl1400_10.gt,1399,10.0,86400.0,PTVRP_LAYERED_SAFE,6929315.0,476,27,0.0072,3547,113,39,95298,68.1187,,0,0,14985,0,0,0,
Instances/Instances 3/fl1577_01.gt,1576,10.0,86400.0,PTVRP_LAYERED_SAFE,5031187.0,669,29,0.0088,4010,164,32,134794,85.5292,,0,0,13499,0,0,0,
Instances/Instances 3/fl1577_02.gt,1576,10.0,86400.0,PTVRP_LAYERED_SAFE,5085836.0,671,26,0.0082,4016,167,29,133607,84.776,,0,0,13228,0,0,0,
Instances/Instances 3/fl1577_03.gt,1576,10.0,86400.0,PTVRP_LAYERED_SAFE,5041398.0,651,22,0.0083,4062,158,28,134872,85.5787,,0,0,13539,0,0,0,
Instances/Instances 3/fl1577_04.gt,1576,10.0,86400.0,PTVRP_LAYERED_SAFE,4990258.0,699,20,0.0075,4068,159,27,135512,85.9848,,0,0,13480,0,0,0,
Instances/Instances 3/fl1577_05.gt,1576,10.0,86400.0,PTVRP_LAYERED_SAFE,5132595.0,663,30,0.0076,4069,155,31,134399,85.2786,,0,0,13453,0,0,0,
Instances/Instances 3/fl1577_06.gt,1576,10.0,86400.0,PTVRP_LAYERED_SAFE,5023026.0,665,26,0.0076,4022,158,28,134135,85.111,,0,0,13376,0,0,0,
Instances/Instances 3/fl1577_07.gt,1576,10.0,86400.0,PTVRP_LAYERED_SAFE,4970862.0,682,21,0.008,4003,162,28,134195,85.1491,,0,0,13423,0,0,0,
Instances/Instances 3/fl1577_08.gt,1576,10.0,86400.0,PTVRP_LAYERED_SAFE,5074212.0,680,25,0.0088,4033,162,26,133905,84.9651,,0,0,13521,0,0,0,
Instances/Instances 3/fl1577_09.gt,1576,10.0,86400.0,PTVRP_LAYERED_SAFE,4981749.0,702,22,0.0077,3993,156,30,134192,85.1472,,0,0,13643,0,0,0,
Instances/Instances 3/fl1577_10.gt,1576,10.0,86400.0,PTVRP_LAYERED_SAFE,5022095.0,669,27,0.0358,4005,165,27,134452,85.3122,,0,0,13441,0,0,0,
Instances/Instances 3/fl3795_01.gt,3794,10.0,86400.0,PTVRP_LAYERED_SAFE,13543623.0,1322,39,0.0198,9733,189,39,371771,97.9892,,0,0,46015,0,0,0,
Instances/Instances 3/fl3795_02.gt,3794,10.0,86400.0,PTVRP_LAYERED_SAFE,13514021.0,1340,31,0.0189,9746,190,36,372922,98.2926,,0,0,46095,0,0,0,
Instances/Instances 3/fl3795_03.gt,3794,10.0,86400.0,PTVRP_LAYERED_SAFE,13213477.0,1331,33,0.0199,9635,198,33,373201,98.3661,,0,0,46497,0,0,0,
Instances/Instances 3/fl3795_04.gt,3794,10.0,86400.0,PTVRP_LAYERED_SAFE,13263837.0,1337,34,0.0186,9658,191,34,373604,98.4723,,0,0,46560,0,0,0,
Instances/Instances 3/fl3795_05.gt,3794,10.0,86400.0,PTVRP_LAYERED_SAFE,13373700.0,1379,29,0.0178,9679,196,39,372597,98.2069,,0,0,46340,0,0,0,
Instances/Instances 3/fl3795_06.gt,3794,10.0,86400.0,PTVRP_LAYERED_SAFE,13210776.0,1389,32,0.0183,9659,190,40,374446,98.6943,,0,0,46553,0,0,0,
Instances/Instances 3/fl3795_07.gt,3794,10.0,86400.0,PTVRP_LAYERED_SAFE,13544911.0,1364,32,0.0172,9810,196,33,374006,98.5783,,0,0,45868,0,0,0,
Instances/Instances 3/fl3795_08.gt,3794,10.0,86400.0,PTVRP_LAYERED_SAFE,13066430.0,1357,30,0.0183,9583,201,38,373803,98.5248,,0,0,47034,0,0,0,
Instances/Instances 3/fl3795_09.gt,3794,10.0,86400.0,PTVRP_LAYERED_SAFE,13418227.0,1336,29,0.0173,9755,194,39,373366,98.4096,,0,0,46111,0,0,0,
Instances/Instances 3/fl3795_10.gt,3794,10.0,86400.0,PTVRP_LAYERED_SAFE,13398051.0,1367,31,0.0173,9738,191,36,372824,98.2667,,0,0,46151,0,0,0,
Instances/Instances 3/fl417_01.gt,416,10.0,86400.0,PTVRP_LAYERED_SAFE,2149449.0,170,30,0.0028,1098,89,30,23796,57.2019,,0,0,2987,0,0,0,
Instances/Instances 3/fl417_02.gt,416,10.0,86400.0,PTVRP_LAYERED_SAFE,1972925.0,173,19,0.0031,1024,95,26,23617,56.7716,,0,0,3192,0,0,0,
Instances/Instances 3/fl417_03.gt,416,10.0,86400.0,PTVRP_LAYERED_SAFE,2110688.0,174,27,0.0033,1103,96,27,24043,57.7957,,0,0,3068,0,0,0,
Instances/Instances 3/fl417_04.gt,416,10.0,86400.0,PTVRP_LAYERED_SAFE,2017705.0,162,23,0.0031,1037,93,27,23667,56.8918,,0,0,3086,0,0,0,
Instances/Instances 3/fl417_05.gt,416,10.0,86400.0,PTVRP_LAYERED_SAFE,2139259.0,160,26,0.0029,1118,99,28,24238,58.2644,,0,0,3028,0,0,0,
Instances/Instances 3/fl417_06.gt,416,10.0,86400.0,PTVRP_LAYERED_SAFE,2064592.0,160,20,0.0028,1065,91,23,23629,56.8005,,0,0,3066,0,0,0,
Instances/Instances 3/fl417_07.gt,416,10.0,86400.0,PTVRP_LAYERED_SAFE,2161680.0,181,24,0.0028,1120,96,28,24147,58.0457,,0,0,3012,0,0,0,
Instances/Instances 3/fl417_08.gt,416,10.0,86400.0,PTVRP_LAYERED_SAFE,2110698.0,172,26,0.0029,1092,97,32,23817,57.2524,,0,0,3023,0,0,0,
Instances/Instances 3/fl417_09.gt,416,10.0,86400.0,PTVRP_LAYERED_SAFE,2053309.0,157,25,0.0028,1056,89,29,23818,57.2548,,0,0,3079,0,0,0,
Instances/Instances 3/fl417_10.gt,416,10.0,86400.0,PTVRP_LAYERED_SAFE,2177982.0,173,27,0.0027,1114,93,30,23579,56.6803,,0,0,2973,0,0,0,
Instances/Instances 3/fnl4461_01.gt,4460,10.0,86400.0,PTVRP_LAYERED_SAFE,33285849.0,2075,20,0.0142,11597,74,22,191138,42.8561,,0,0,23709,0,0,0,
Instances/Instances 3/fnl4461_02.gt,4460,10.0,86400.0,PTVRP_LAYERED_SAFE,32953672.0,2083,22,0.0158,11495,81,22,190797,42.7796,,0,0,23800,0,0,0,
Instances/Instances 3/fnl4461_03.gt,4460,10.0,86400.0,PTVRP_LAYERED_SAFE,33084912.0,2102,20,0.0167,11510,74,23,190454,42.7027,,0,0,23715,0,0,0,
Instances/Instances 3/fnl4461_04.gt,4460,10.0,86400.0,PTVRP_LAYERED_SAFE,33095782.0,2095,20,0.0162,11583,75,22,191401,42.915,,0,0,23687,0,0,0,
Instances/Instances 3/fnl4461_05.gt,4460,10.0,86400.0,PTVRP_LAYERED_SAFE,32230079.0,2059,22,0.0171,11279,74,23,190017,42.6047,,0,0,23947,0,0,0,
Instances/Instances 3/fnl4461_06.gt,4460,10.0,86400.0,PTVRP_LAYERED_SAFE,32719280.0,2041,20,0.0166,11458,75,23,190940,42.8117,,0,0,23902,0,0,0,
Instances/Instances 3/fnl4461_07.gt,4460,10.0,86400.0,PTVRP_LAYERED_SAFE,32426780.0,2094,20,0.0162,11379,74,24,190814,42.7834,,0,0,23797,0,0,0,
Instances/Instances 3/fnl4461_08.gt,4460,10.0,86400.0,PTVRP_LAYERED_SAFE,32183278.0,2031,19,0.0161,11268,73,21,190131,42.6303,,0,0,24008,0,0,0,
Instances/Instances 3/fnl4461_09.gt,4460,10.0,86400.0,PTVRP_LAYERED_SAFE,32364940.0,2093,21,0.0161,11337,76,21,190386,42.6874,,0,0,23995,0,0,0,
Instances/Instances 3/fnl4461_10.gt,4460,10.0,86400.0,PTVRP_LAYERED_SAFE,32543499.0,2082,20,0.016,11340,74,20,189905,42.5796,,0,0,23921,0,0,0,
Instances/Instances 3/gil262_01.gt,261,10.0,86400.0,PTVRP_LAYERED_SAFE,112367.0,174,11,0.0031,693,163,12,34818,133.402,,0,0,645,0,0,0,
Instances/Instances 3/gil262_02.gt,261,10.0,86400.0,PTVRP_LAYERED_SAFE,105563.0,165,10,0.0032,640,161,11,33942,130.046,,0,0,666,0,0,0,
Instances/Instances 3/gil262_03.gt,261,10.0,86400.0,PTVRP_LAYERED_SAFE,105816.0,170,11,0.0032,662,169,17,33875,129.789,,0,0,640,0,0,0,
Instances/Instances 3/gil262_04.gt,261,10.0,86400.0,PTVRP_LAYERED_SAFE,108297.0,164,9,0.0032,678,168,14,34498,132.176,,0,0,636,0,0,0,
Instances/Instances 3/gil262_05.gt,261,10.0,86400.0,PTVRP_LAYERED_SAFE,114666.0,170,10,0.0034,702,163,11,35154,134.69,,0,0,661,0,0,0,
Instances/Instances 3/gil262_06.gt,261,10.0,86400.0,PTVRP_LAYERED_SAFE,102928.0,160,15,0.0033,626,156,15,32982,126.368,,0,0,637,0,0,0,
Instances/Instances 3/gil262_07.gt,261,10.0,86400.0,PTVRP_LAYERED_SAFE,111238.0,169,11,0.0031,686,166,11,34606,132.59,,0,0,664,0,0,0,
Instances/Instances 3/gil262_08.gt,261,10.0,86400.0,PTVRP_LAYERED_SAFE,107137.0,172,11,0.0032,664,166,11,34344,131.586,,0,0,631,0,0,0,
Instances/Instances 3/gil262_09.gt,261,10.0,86400.0,PTVRP_LAYERED_SAFE,105177.0,160,11,0.003,645,163,12,33630,128.851,,0,0,645,0,0,0,
Instances/Instances 3/gil262_10.gt,261,10.0,86400.0,PTVRP_LAYERED_SAFE,107665.0,163,11,0.0029,662,164,13,34089,130.609,,0,0,656,0,0,0,
Instances/Instances 3/gr9882_01.gt,9881,10.0,86400.0,PTVRP_LAYERED_SAFE,110435208.0,4235,24,0.0327,25180,77,25,368263,37.2698,,0,0,55847,0,0,0,
Instances/Instances 3/gr9882_02.gt,9881,10.0,86400.0,PTVRP_LAYERED_SAFE,110438778.0,4294,23,0.0311,25115,80,23,367294,37.1717,,0,0,55574,0,0,0,
Instances/Instances 3/gr9882_03.gt,9881,10.0,86400.0,PTVRP_LAYERED_SAFE,109540367.0,4186,23,0.0318,25161,80,27,368766,37.3207,,0,0,55987,0,0,0,
Instances/Instances 3/gr9882_04.gt,9881,10.0,86400.0,PTVRP_LAYERED_SAFE,110880436.0,4240,21,0.0384,25266,79,24,367808,37.2238,,0,0,55717,0,0,0,
Instances/Instances 3/gr9882_05.gt,9881,10.0,86400.0,PTVRP_LAYERED_SAFE,109960238.0,4276,23,0.0318,25141,80,26,367683,37.2111,,0,0,55527,0,0,0,
Instances/Instances 3/gr9882_06.gt,9881,10.0,86400.0,PTVRP_LAYERED_SAFE,109525426.0,4197,23,0.0311,25015,80,24,368028,37.246,,0,0,56110,0,0,0,
Instances/Instances 3/gr9882_07.gt,9881,10.0,86400.0,PTVRP_LAYERED_SAFE,111938101.0,4223,24,0.0325,25548,83,26,368908,37.3351,,0,0,55024,0,0,0,
Instances/Instances 3/gr9882_08.gt,9881,10.0,86400.0,PTVRP_LAYERED_SAFE,109877449.0,4279,25,0.0312,25126,83,27,367975,37.2407,,0,0,55812,0,0,0,
Instances/Instances 3/gr9882_09.gt,9881,10.0,86400.0,PTVRP_LAYERED_SAFE,110610898.0,4263,25,0.0306,25326,79,26,368503,37.2941,,0,0,55604,0,0,0,
Instances/Instances 3/gr9882_10.gt,9881,10.0,86400.0,PTVRP_LAYERED_SAFE,109488558.0,4190,21,0.0318,25039,80,25,367876,37.2306,,0,0,56177,0,0,0,
Instances/Instances 3/ho14473_01.gt,14472,10.0,86400.0,PTVRP_LAYERED_SAFE,81424388.0,5014,48,0.0617,36735,143,57,987841,68.2588,,0,0,144515,0,0,0,
Instances/Instances 3/ho14473_02.gt,14472,10.0,86400.0,PTVRP_LAYERED_SAFE,82372280.0,5006,60,0.0617,37156,147,60,989592,68.3798,,0,0,143893,0,0,0,
Instances/Instances 3/ho14473_03.gt,14472,10.0,86400.0,PTVRP_LAYERED_SAFE,81781083.0,5028,46,0.058,36984,142,48,988512,68.3051,,0,0,144157,0,0,0,
Instances/Instances 3/ho14473_04.gt,14472,10.0,86400.0,PTVRP_LAYERED_SAFE,81527203.0,4984,45,0.0559,36808,148,56,987413,68.2292,,0,0,144097,0,0,0,
Instances/Instances 3/ho14473_05.gt,14472,10.0,86400.0,PTVRP_LAYERED_SAFE,82174926.0,4985,42,0.0572,36947,141,50,988872,68.33,,0,0,144323,0,0,0,
Instances/Instances 3/ho14473_06.gt,14472,10.0,86400.0,PTVRP_LAYERED_SAFE,82314977.0,5031,38,0.0566,37065,149,46,989698,68.3871,,0,0,143946,0,0,0,
Instances/Instances 3/ho14473_07.gt,14472,10.0,86400.0,PTVRP_LAYERED_SAFE,81376150.0,4999,54,0.0589,36796,148,58,988323,68.2921,,0,0,144559,0,0,0,
Instances/Instances 3/ho14473_08.gt,14472,10.0,86400.0,PTVRP_LAYERED_SAFE,82098123.0,4954,36,0.0618,37008,144,49,988549,68.3077,,0,0,144329,0,0,0,
Instances/Instances 3/ho14473_09.gt,14472,10.0,86400.0,PTVRP_LAYERED_SAFE,81441678.0,4856,46,0.06,36668,147,46,986171,68.1434,,0,0,144845,0,0,0,
Instances/Instances 3/ho14473_10.gt,14472,10.0,86400.0,PTVRP_LAYERED_SAFE,81698743.0,4882,41,0.0557,36671,147,50,985003,68.0627,,0,0,144413,0,0,0,
Instances/Instances 3/it16862_01.gt,16861,10.0,86400.0,PTVRP_LAYERED_SAFE,275184989.0,8151,26,0.0528,43433,90,28,507718,30.112,,0,0,80514,0,0,0,
Instances/Instances 3/it16862_02.gt,16861,10.0,86400.0,PTVRP_LAYERED_SAFE,271502317.0,8111,21,0.052,43101,88,23,508602,30.1644,,0,0,80709,0,0,0,
Instances/Instances 3/it16862_03.gt,16861,10.0,86400.0,PTVRP_LAYERED_SAFE,274118516.0,8192,24,0.0514,43426,84,25,508020,30.1299,,0,0,80388,0,0,0,
Instances/Instances 3/it16862_04.gt,16861,10.0,86400.0,PTVRP_LAYERED_SAFE,269283911.0,8065,24,0.0529,42753,88,24,507554,30.1022,,0,0,81358,0,0,0,
Instances/Instances 3/it16862_05.gt,16861,10.0,86400.0,PTVRP_LAYERED_SAFE,271180946.0,8183,25,0.0522,43019,91,25,508812,30.1769,,0,0,81017,0,0,0,
Instances/Instances 3/it16862_06.gt,16861,10.0,86400.0,PTVRP_LAYERED_SAFE,270956247.0,8058,25,0.0519,43009,85,26,507377,30.0918,,0,0,80800,0,0,0,
Instances/Instances 3/it16862_07.gt,16861,10.0,86400.0,PTVRP_LAYERED_SAFE,270140254.0,7993,21,0.0519,42796,86,24,507081,30.0742,,0,0,81421,0,0,0,
Instances/Instances 3/it16862_08.gt,16861,10.0,86400.0,PTVRP_LAYERED_SAFE,270433715.0,8037,23,0.0522,42849,90,25,507930,30.1245,,0,0,81420,0,0,0,
Instances/Instances 3/it16862_09.gt,16861,10.0,86400.0,PTVRP_LAYERED_SAFE,273015938.0,8128,24,0.0832,43015,86,25,506498,30.0396,,0,0,80594,0,0,0,
Instances/Instances 3/it16862_10.gt,16861,10.0,86400.0,PTVRP_LAYERED_SAFE,270011126.0,8126,23,0.0645,42872,85,25,508517,30.1594,,0,0,81325,0,0,0,
Instances/Instances 3/ja9847_01.gt,9846,10.0,86400.0,PTVRP_LAYERED_SAFE,NO SOLUTION,,,0.0151,25088,70,0,197030,20.0112,,0,0,1,0,0,0,
Instances/Instances 3/ja9847_02.gt,9846,10.0,86400.0,PTVRP_LAYERED_SAFE,NO SOLUTION,,,0.0146,24860,67,2,196932,20.0012,,0,0,2,0,0,0,
Instances/Instances 3/ja9847_03.gt,9846,10.0,86400.0,PTVRP_LAYERED_SAFE,NO SOLUTION,,,0.0142,24890,67,0,196619,19.9694,,0,0,1,0,0,0,
Instances/Instances 3/ja9847_04.gt,9846,10.0,86400.0,PTVRP_LAYERED_SAFE,NO SOLUTION,,,0.0138,25288,70,1,197093,20.0176,,0,0,2,0,0,0,
Instances/Instances 3/ja9847_05.gt,9846,10.0,86400.0,PTVRP_LAYERED_SAFE,NO SOLUTION,,,0.0147,24858,73,2,197109,20.0192,,0,0,2,0,0,0,
Instances/Instances 3/ja9847_06.gt,9846,10.0,86400.0,PTVRP_LAYERED_SAFE,NO SOLUTION,,,0.0136,25027,72,1,197332,20.0418,,0,0,1,0,0,0,
Instances/Instances 3/ja9847_07.gt,9846,10.0,86400.0,PTVRP_LAYERED_SAFE,NO SOLUTION,,,0.0136,25090,74,0,196940,20.002,,0,0,0,0,0,0,
Instances/Instances 3/ja9847_08.gt,9846,10.0,86400.0,PTVRP_LAYERED_SAFE,NO SOLUTION,,,0.0128,25041,68,2,197453,20.0541,,0,0,3,0,0,0,
Instances/Instances 3/ja9847_09.gt,9846,10.0,86400.0,PTVRP_LAYERED_SAFE,NO SOLUTION,,,0.0123,25421,73,0,197672,20.0764,,0,0,1,0,0,0,
Instances/Instances 3/ja9847_10.gt,9846,10.0,86400.0,PTVRP_LAYERED_SAFE,NO SOLUTION,,,0.012,25066,72,2,197455,20.0543,,0,0,4,0,0,0,
Instances/Instances 3/kroA100_01.gt,99,10.0,86400.0,PTVRP_LAYERED_SAFE,701399.0,67,9,0.0019,242,33,9,2306,23.2929,,0,0,199,0,0,0,
Instances/Instances 3/kroA100_02.gt,99,10.0,86400.0,PTVRP_LAYERED_SAFE,668280.0,70,8,0.002,239,33,8,2329,23.5253,,0,0,184,0,0,0,
Instances/Instances 3/kroA100_03.gt,99,10.0,86400.0,PTVRP_LAYERED_SAFE,709585.0,68,10,0.0018,255,32,11,2428,24.5253,,0,0,185,0,0,0,
Instances/Instances 3/kroA100_04.gt,99,10.0,86400.0,PTVRP_LAYERED_SAFE,645594.0,69,9,0.0019,234,32,10,2323,23.4646,,0,0,205,0,0,0,
Instances/Instances 3/kroA100_05.gt,99,10.0,86400.0,PTVRP_LAYERED_SAFE,705987.0,65,9,0.0018,248,33,9,2343,23.6667,,0,0,179,0,0,0,
Instances/Instances 3/kroA100_06.gt,99,10.0,86400.0,PTVRP_LAYERED_SAFE,617519.0,68,9,0.0019,216,31,14,2258,22.8081,,0,0,186,0,0,0,
Instances/Instances 3/kroA100_07.gt,99,10.0,86400.0,PTVRP_LAYERED_SAFE,615490.0,69,9,0.0019,231,36,10,2358,23.8182,,0,0,187,0,0,0,
Instances/Instances 3/kroA100_08.gt,99,10.0,86400.0,PTVRP_LAYERED_SAFE,679225.0,66,9,0.0019,236,33,9,2323,23.4646,,0,0,193,0,0,0,
Instances/Instances 3/kroA100_09.gt,99,10.0,86400.0,PTVRP_LAYERED_SAFE,660672.0,67,9,0.0021,236,30,12,2362,23.8586,,0,0,190,0,0,0,
Instances/Instances 3/kroA100_10.gt,99,10.0,86400.0,PTVRP_LAYERED_SAFE,740424.0,68,11,0.0019,264,35,11,2370,23.9394,,0,0,175,0,0,0,
Instances/Instances 3/kroA150_01.gt,149,10.0,86400.0,PTVRP_LAYERED_SAFE,1048872.0,89,12,0.0019,369,36,12,3862,25.9195,,0,0,314,0,0,0,
Instances/Instances 3/kroA150_02.gt,149,10.0,86400.0,PTVRP_LAYERED_SAFE,1013251.0,101,9,0.002,372,37,9,3858,25.8926,,0,0,323,0,0,0,
Instances/Instances 3/kroA150_03.gt,149,10.0,86400.0,PTVRP_LAYERED_SAFE,949076.0,96,10,0.0019,348,35,10,3818,25.6242,,0,0,321,0,0,0,
Instances/Instances 3/kroA150_04.gt,149,10.0,86400.0,PTVRP_LAYERED_SAFE,1011207.0,97,10,0.0022,350,34,10,3716,24.9396,,0,0,319,0,0,0,
Instances/Instances 3/kroA150_05.gt,149,10.0,86400.0,PTVRP_LAYERED_SAFE,933052.0,93,9,0.0022,346,40,10,3801,25.5101,,0,0,330,0,0,0,
Instances/Instances 3/kroA150_06.gt,149,10.0,86400.0,PTVRP_LAYERED_SAFE,1015270.0,95,13,0.0022,362,38,13,3840,25.7718,,0,0,321,0,0,0,
Instances/Instances 3/kroA150_07.gt,149,10.0,86400.0,PTVRP_LAYERED_SAFE,1125706.0,104,11,0.002,400,38,11,4009,26.906,,0,0,318,0,0,0,
Instances/Instances 3/kroA150_08.gt,149,10.0,86400.0,PTVRP_LAYERED_SAFE,1071109.0,93,11,0.0021,388,41,11,3963,26.5973,,0,0,320,0,0,0,
Instances/Instances 3/kroA150_09.gt,149,10.0,86400.0,PTVRP_LAYERED_SAFE,1123351.0,111,9,0.002,404,37,9,4013,26.9329,,0,0,321,0,0,0,
Instances/Instances 3/kroA150_10.gt,149,10.0,86400.0,PTVRP_LAYERED_SAFE,1005577.0,104,8,0.0021,358,34,10,3815,25.604,,0,0,317,0,0,0,
Instances/Instances 3/kroA200_01.gt,199,10.0,86400.0,PTVRP_LAYERED_SAFE,1419120.0,126,13,0.0022,513,40,13,5560,27.9397,,0,0,480,0,0,0,
Instances/Instances 3/kroA200_02.gt,199,10.0,86400.0,PTVRP_LAYERED_SAFE,1301414.0,123,12,0.0022,482,37,12,5503,27.6533,,0,0,502,0,0,0,
Instances/Instances 3/kroA200_03.gt,199,10.0,86400.0,PTVRP_LAYERED_SAFE,1447751.0,113,12,0.0021,523,39,12,5592,28.1005,,0,0,476,0,0,0,
Instances/Instances 3/kroA200_04.gt,199,10.0,86400.0,PTVRP_LAYERED_SAFE,1517945.0,117,15,0.0021,535,41,15,5642,28.3518,,0,0,463,0,0,0,
Instances/Instances 3/kroA200_05.gt,199,10.0,86400.0,PTVRP_LAYERED_SAFE,1277440.0,118,11,0.0021,470,37,12,5403,27.1508,,0,0,485,0,0,0,
Instances/Instances 3/kroA200_06.gt,199,10.0,86400.0,PTVRP_LAYERED_SAFE,1441787.0,122,14,0.0022,509,39,15,5465,27.4623,,0,0,472,0,0,0,
Instances/Instances 3/kroA200_07.gt,199,10.0,86400.0,PTVRP_LAYERED_SAFE,1471343.0,124,13,0.0023,529,40,14,5583,28.0553,,0,0,464,0,0,0,
Instances/Instances 3/kroA200_08.gt,199,10.0,86400.0,PTVRP_LAYERED_SAFE,1382401.0,124,13,0.0022,489,36,13,5497,27.6231,,0,0,476,0,0,0,
Instances/Instances 3/kroA200_09.gt,199,10.0,86400.0,PTVRP_LAYERED_SAFE,1270833.0,125,10,0.0022,452,38,10,5262,26.4422,,0,0,471,0,0,0,
Instances/Instances 3/kroA200_10.gt,199,10.0,86400.0,PTVRP_LAYERED_SAFE,1430895.0,123,11,0.0021,508,40,11,5475,27.5126,,0,0,463,0,0,0,
Instances/Instances 3/kroB100_01.gt,99,10.0,86400.0,PTVRP_LAYERED_SAFE,715686.0,67,10,0.0019,264,39,11,2430,24.5455,,0,0,185,0,0,0,
Instances/Instances 3/kroB100_02.gt,99,10.0,86400.0,PTVRP_LAYERED_SAFE,680826.0,65,10,0.0019,250,35,10,2356,23.798,,0,0,169,0,0,0,
Instances/Instances 3/kroB100_03.gt,99,10.0,86400.0,PTVRP_LAYERED_SAFE,631680.0,64,9,0.0018,231,34,10,2283,23.0606,,0,0,180,0,0,0,
Instances/Instances 3/kroB100_04.gt,99,10.0,86400.0,PTVRP_LAYERED_SAFE,679875.0,68,9,0.0019,245,33,9,2333,23.5657,,0,0,177,0,0,0,
Instances/Instances 3/kroB100_05.gt,99,10.0,86400.0,PTVRP_LAYERED_SAFE,759455.0,71,12,0.0019,268,37,12,2440,24.6465,,0,0,181,0,0,0,
Instances/Instances 3/kroB100_06.gt,99,10.0,86400.0,PTVRP_LAYERED_SAFE,728976.0,64,11,0.0017,256,32,12,2349,23.7273,,0,0,172,0,0,0,
Instances/Instances 3/kroB100_07.gt,99,10.0,86400.0,PTVRP_LAYERED_SAFE,780813.0,71,11,0.0017,286,36,11,2471,24.9596,,0,0,171,0,0,0,
Instances/Instances 3/kroB100_08.gt,99,10.0,86400.0,PTVRP_LAYERED_SAFE,684087.0,59,9,0.0018,246,34,9,2359,23.8283,,0,0,178,0,0,0,
Instances/Instances 3/kroB100_09.gt,99,10.0,86400.0,PTVRP_LAYERED_SAFE,634875.0,66,10,0.0019,225,31,10,2244,22.6667,,0,0,177,0,0,0,
Instances/Instances 3/kroB100_10.gt,99,10.0,86400.0,PTVRP_LAYERED_SAFE,691007.0,67,12,0.0018,248,32,12,2353,23.7677,,0,0,179,0,0,0,
Instances/Instances 3/kroB150_01.gt,149,10.0,86400.0,PTVRP_LAYERED_SAFE,1104436.0,98,12,0.002,394,38,12,3967,26.6242,,0,0,312,0,0,0,
Instances/Instances 3/kroB150_02.gt,149,10.0,86400.0,PTVRP_LAYERED_SAFE,1043182.0,96,10,0.0019,354,34,12,3745,25.1342,,0,0,321,0,0,0,
Instances/Instances 3/kroB150_03.gt,149,10.0,86400.0,PTVRP_LAYERED_SAFE,1130756.0,97,13,0.0021,400,35,13,3926,26.349,,0,0,317,0,0,0,
Instances/Instances 3/kroB150_04.gt,149,10.0,86400.0,PTVRP_LAYERED_SAFE,1069013.0,93,12,0.002,371,33,12,3808,25.557,,0,0,315,0,0,0,
Instances/Instances 3/kroB150_05.gt,149,10.0,86400.0,PTVRP_LAYERED_SAFE,1194362.0,98,10,0.002,417,40,13,4015,26.9463,,0,0,317,0,0,0,
Instances/Instances 3/kroB150_06.gt,149,10.0,86400.0,PTVRP_LAYERED_SAFE,969658.0,86,10,0.002,342,35,10,3707,24.8792,,0,0,303,0,0,0,
Instances/Instances 3/kroB150_07.gt,149,10.0,86400.0,PTVRP_LAYERED_SAFE,1074929.0,105,9,0.0021,384,37,11,3906,26.2148,,0,0,326,0,0,0,
Instances/Instances 3/kroB150_08.gt,149,10.0,86400.0,PTVRP_LAYERED_SAFE,1061542.0,100,11,0.002,371,38,11,3823,25.6577,,0,0,294,0,0,0,
Instances/Instances 3/kroB150_09.gt,149,10.0,86400.0,PTVRP_LAYERED_SAFE,1111188.0,92,13,0.002,394,35,13,3940,26.443,,0,0,304,0,0,0,
Instances/Instances 3/kroB150_10.gt,149,10.0,86400.0,PTVRP_LAYERED_SAFE,1088644.0,98,11,0.002,384,37,12,3939,26.4362,,0,0,315,0,0,0,
Instances/Instances 3/kroB200_01.gt,199,10.0,86400.0,PTVRP_LAYERED_SAFE,1382288.0,129,14,0.0022,506,43,14,5722,28.7538,,0,0,490,0,0,0,
Instances/Instances 3/kroB200_02.gt,199,10.0,86400.0,PTVRP_LAYERED_SAFE,1277857.0,126,11,0.0021,497,43,11,5711,28.6985,,0,0,496,0,0,0,
Instances/Instances 3/kroB200_03.gt,199,10.0,86400.0,PTVRP_LAYERED_SAFE,1461001.0,132,13,0.0022,552,44,19,5904,29.6683,,0,0,488,0,0,0,
Instances/Instances 3/kroB200_04.gt,199,10.0,86400.0,PTVRP_LAYERED_SAFE,1341879.0,124,12,0.0022,512,40,12,5742,28.8543,,0,0,484,0,0,0,
Instances/Instances 3/kroB200_05.gt,199,10.0,86400.0,PTVRP_LAYERED_SAFE,1365789.0,127,11,0.0023,522,42,13,5749,28.8894,,0,0,474,0,0,0,
Instances/Instances 3/kroB200_06.gt,199,10.0,86400.0,PTVRP_LAYERED_SAFE,1428376.0,136,12,0.0023,532,42,14,5780,29.0452,,0,0,483,0,0,0,
Instances/Instances 3/kroB200_07.gt,199,10.0,86400.0,PTVRP_LAYERED_SAFE,1392874.0,124,15,0.0023,513,41,15,5735,28.8191,,0,0,467,0,0,0,
Instances/Instances 3/kroB200_08.gt,199,10.0,86400.0,PTVRP_LAYERED_SAFE,1336093.0,122,12,0.0022,508,44,12,5758,28.9347,,0,0,479,0,0,0,
Instances/Instances 3/kroB200_09.gt,199,10.0,86400.0,PTVRP_LAYERED_SAFE,1445513.0,135,12,0.0021,545,44,12,5897,29.6332,,0,0,488,0,0,0,
Instances/Instances 3/kroB200_10.gt,199,10.0,86400.0,PTVRP_LAYERED_SAFE,1306257.0,126,12,0.0021,480,43,14,5564,27.9598,,0,0,479,0,0,0,
Instances/Instances 3/kroC100_01.gt,99,10.0,86400.0,PTVRP_LAYERED_SAFE,729741.0,60,12,0.0018,257,35,12,2402,24.2626,,0,0,179,0,0,0,
Instances/Instances 3/kroC100_02.gt,99,10.0,86400.0,PTVRP_LAYERED_SAFE,699705.0,61,11,0.0018,246,35,11,2346,23.697,,0,0,180,0,0,0,
Instances/Instances 3/kroC100_03.gt,99,10.0,86400.0,PTVRP_LAYERED_SAFE,681203.0,64,11,0.0018,242,32,11,2364,23.8788,,0,0,182,0,0,0,
Instances/Instances 3/kroC100_04.gt,99,10.0,86400.0,PTVRP_LAYERED_SAFE,737465.0,64,9,0.002,254,32,11,2328,23.5152,,0,0,171,0,0,0,
Instances/Instances 3/kroC100_05.gt,99,10.0,86400.0,PTVRP_LAYERED_SAFE,840633.0,74,8,0.0019,288,32,8,2472,24.9697,,0,0,183,0,0,0,
Instances/Instances 3/kroC100_06.gt,99,10.0,86400.0,PTVRP_LAYERED_SAFE,764793.0,60,14,0.0019,260,35,14,2364,23.8788,,0,0,174,0,0,0,
Instances/Instances 3/kroC100_07.gt,99,10.0,86400.0,PTVRP_LAYERED_SAFE,705581.0,65,13,0.0018,248,31,13,2362,23.8586,,0,0,176,0,0,0,
Instances/Instances 3/kroC100_08.gt,99,10.0,86400.0,PTVRP_LAYERED_SAFE,719808.0,68,11,0.0019,260,35,11,2448,24.7273,,0,0,186,0,0,0,
Instances/Instances 3/kroC100_09.gt,99,10.0,86400.0,PTVRP_LAYERED_SAFE,724202.0,67,11,0.0018,256,31,11,2360,23.8384,,0,0,176,0,0,0,
Instances/Instances 3/kroC100_10.gt,99,10.0,86400.0,PTVRP_LAYERED_SAFE,744838.0,71,14,0.0019,268,36,14,2461,24.8586,,0,0,179,0,0,0,
Instances/Instances 3/kroD100_01.gt,99,10.0,86400.0,PTVRP_LAYERED_SAFE,653242.0,66,9,0.0019,255,39,9,2461,24.8586,,0,0,177,0,0,0,
Instances/Instances 3/kroD100_02.gt,99,10.0,86400.0,PTVRP_LAYERED_SAFE,653243.0,63,10,0.0018,247,33,10,2388,24.1212,,0,0,155,0,0,0,
Instances/Instances 3/kroD100_03.gt,99,10.0,86400.0,PTVRP_LAYERED_SAFE,644781.0,70,9,0.002,240,34,10,2346,23.697,,0,0,180,0,0,0,
Instances/Instances 3/kroD100_04.gt,99,10.0,86400.0,PTVRP_LAYERED_SAFE,622870.0,69,8,0.0018,252,36,9,2491,25.1616,,0,0,176,0,0,0,
Instances/Instances 3/kroD100_05.gt,99,10.0,86400.0,PTVRP_LAYERED_SAFE,756943.0,74,9,0.0018,287,39,10,2528,25.5354,,0,0,168,0,0,0,
Instances/Instances 3/kroD100_06.gt,99,10.0,86400.0,PTVRP_LAYERED_SAFE,687061.0,65,9,0.0018,262,39,12,2500,25.2525,,0,0,165,0,0,0,
Instances/Instances 3/kroD100_07.gt,99,10.0,86400.0,PTVRP_LAYERED_SAFE,643576.0,64,9,0.0018,245,36,10,2432,24.5657,,0,0,167,0,0,0,
Instances/Instances 3/kroD100_08.gt,99,10.0,86400.0,PTVRP_LAYERED_SAFE,682404.0,70,10,0.0019,260,40,10,2470,24.9495,,0,0,164,0,0,0,
Instances/Instances 3/kroD100_09.gt,99,10.0,86400.0,PTVRP_LAYERED_SAFE,676464.0,70,9,0.0018,257,39,12,2436,24.6061,,0,0,172,0,0,0,
Instances/Instances 3/kroD100_10.gt,99,10.0,86400.0,PTVRP_LAYERED_SAFE,708156.0,74,11,0.0018,267,41,11,2447,24.7172,,0,0,171,0,0,0,
Instances/Instances 3/kroE100_01.gt,99,10.0,86400.0,PTVRP_LAYERED_SAFE,699690.0,62,11,0.0018,256,36,11,2368,23.9192,,0,0,170,0,0,0,
Instances/Instances 3/kroE100_02.gt,99,10.0,86400.0,PTVRP_LAYERED_SAFE,729508.0,65,11,0.0018,248,31,11,2252,22.7475,,0,0,168,0,0,0,
Instances/Instances 3/kroE100_03.gt,99,10.0,86400.0,PTVRP_LAYERED_SAFE,689893.0,71,9,0.0019,242,32,9,2238,22.6061,,0,0,174,0,0,0,
Instances/Instances 3/kroE100_04.gt,99,10.0,86400.0,PTVRP_LAYERED_SAFE,735116.0,64,9,0.0018,256,34,9,2335,23.5859,,0,0,168,0,0,0,
Instances/Instances 3/kroE100_05.gt,99,10.0,86400.0,PTVRP_LAYERED_SAFE,809301.0,70,11,0.0018,290,37,11,2446,24.7071,,0,0,174,0,0,0,
Instances/Instances 3/kroE100_06.gt,99,10.0,86400.0,PTVRP_LAYERED_SAFE,739501.0,61,9,0.0022,263,34,9,2397,24.2121,,0,0,173,0,0,0,
Instances/Instances 3/kroE100_07.gt,99,10.0,86400.0,PTVRP_LAYERED_SAFE,696935.0,64,10,0.002,249,32,10,2343,23.6667,,0,0,178,0,0,0,
Instances/Instances 3/kroE100_08.gt,99,10.0,86400.0,PTVRP_LAYERED_SAFE,758659.0,65,10,0.0021,261,34,10,2345,23.6869,,0,0,179,0,0,0,
Instances/Instances 3/kroE100_09.gt,99,10.0,86400.0,PTVRP_LAYERED_SAFE,721416.0,66,9,0.002,256,32,10,2265,22.8788,,0,0,159,0,0,0,
Instances/Instances 3/kroE100_10.gt,99,10.0,86400.0,PTVRP_LAYERED_SAFE,750597.0,71,11,0.002,267,33,11,2404,24.2828,,0,0,181,0,0,0,
Instances/Instances 3/kz9976_01.gt,9975,10.0,86400.0,PTVRP_LAYERED_SAFE,NO SOLUTION,,,0.0113,25244,37,0,92032,9.22627,,0,0,2,0,0,0,
Instances/Instances 3/kz9976_02.gt,9975,10.0,86400.0,PTVRP_LAYERED_SAFE,NO SOLUTION,,,0.0104,25344,41,4,92338,9.25694,,0,0,22,0,0,0,
Instances/Instances 3/kz9976_03.gt,9975,10.0,86400.0,PTVRP_LAYERED_SAFE,NO SOLUTION,,,0.0096,25590,38,2,92078,9.23088,,0,0,5,0,0,0,
Instances/Instances 3/kz9976_04.gt,9975,10.0,86400.0,PTVRP_LAYERED_SAFE,NO SOLUTION,,,0.0097,25298,42,3,92131,9.23619,,0,0,4,0,0,0,
Instances/Instances 3/kz9976_05.gt,9975,10.0,86400.0,PTVRP_LAYERED_SAFE,NO SOLUTION,,,0.009,25774,41,4,92234,9.24652,,0,0,31,0,0,0,
Instances/Instances 3/kz9976_06.gt,9975,10.0,86400.0,PTVRP_LAYERED_SAFE,NO SOLUTION,,,0.0092,25291,39,4,92013,9.22436,,0,0,7,0,0,0,
Instances/Instances 3/kz9976_07.gt,9975,10.0,86400.0,PTVRP_LAYERED_SAFE,NO SOLUTION,,,0.0098,25326,40,3,92172,9.2403,,0,0,13,0,0,0,
Instances/Instances 3/kz9976_08.gt,9975,10.0,86400.0,PTVRP_LAYERED_SAFE,NO SOLUTION,,,0.009,25388,39,0,92230,9.24612,,0,0,2,0,0,0,
Instances/Instances 3/kz9976_09.gt,9975,10.0,86400.0,PTVRP_LAYERED_SAFE,NO SOLUTION,,,0.0087,25600,41,4,92292,9.25233,,0,0,16,0,0,0,
Instances/Instances 3/kz9976_10.gt,9975,10.0,86400.0,PTVRP_LAYERED_SAFE,NO SOLUTION,,,0.009,25245,38,3,92013,9.22436,,0,0,3,0,0,0,
Instances/Instances 3/lin105_01.gt,104,10.0,86400.0,PTVRP_LAYERED_SAFE,487430.0,69,9,0.0018,272,48,10,3429,32.9712,,0,0,210,0,0,0,
Instances/Instances 3/lin105_02.gt,104,10.0,86400.0,PTVRP_LAYERED_SAFE,512256.0,68,10,0.0018,273,45,10,3362,32.3269,,0,0,204,0,0,0,
Instances/Instances 3/lin105_03.gt,104,10.0,86400.0,PTVRP_LAYERED_SAFE,458949.0,71,10,0.0018,249,46,10,3210,30.8654,,0,0,193,0,0,0,
Instances/Instances 3/lin105_04.gt,104,10.0,86400.0,PTVRP_LAYERED_SAFE,486420.0,68,12,0.0019,257,44,17,3360,32.3077,,0,0,199,0,0,0,
Instances/Instances 3/lin105_05.gt,104,10.0,86400.0,PTVRP_LAYERED_SAFE,433043.0,69,9,0.0021,243,44,10,3257,31.3173,,0,0,210,0,0,0,
Instances/Instances 3/lin105_06.gt,104,10.0,86400.0,PTVRP_LAYERED_SAFE,461803.0,66,13,0.0019,250,46,13,3308,31.8077,,0,0,208,0,0,0,
Instances/Instances 3/lin105_07.gt,104,10.0,86400.0,PTVRP_LAYERED_SAFE,524106.0,71,16,0.002,272,47,16,3371,32.4135,,0,0,200,0,0,0,
Instances/Instances 3/lin105_08.gt,104,10.0,86400.0,PTVRP_LAYERED_SAFE,453555.0,68,12,0.0019,252,49,12,3315,31.875,,0,0,189,0,0,0,
Instances/Instances 3/lin105_09.gt,104,10.0,86400.0,PTVRP_LAYERED_SAFE,500374.0,69,12,0.0018,275,49,12,3458,33.25,,0,0,204,0,0,0,
Instances/Instances 3/lin105_10.gt,104,10.0,86400.0,PTVRP_LAYERED_SAFE,499916.0,78,10,0.002,267,46,10,3406,32.75,,0,0,211,0,0,0,
Instances/Instances 3/lin318_01.gt,317,10.0,86400.0,PTVRP_LAYERED_SAFE,2323080.0,183,14,0.0024,815,46,14,9454,29.8233,,0,0,881,0,0,0,
Instances/Instances 3/lin318_02.gt,317,10.0,86400.0,PTVRP_LAYERED_SAFE,2185506.0,190,11,0.0027,748,45,12,9157,28.8864,,0,0,883,0,0,0,
Instances/Instances 3/lin318_03.gt,317,10.0,86400.0,PTVRP_LAYERED_SAFE,2355448.0,196,17,0.0026,809,46,17,9482,29.9117,,0,0,861,0,0,0,
Instances/Instances 3/lin318_04.gt,317,10.0,86400.0,PTVRP_LAYERED_SAFE,2234524.0,198,14,0.0028,765,46,14,9232,29.123,,0,0,908,0,0,0,
Instances/Instances 3/lin318_05.gt,317,10.0,86400.0,PTVRP_LAYERED_SAFE,2324434.0,198,14,0.0028,800,44,15,9392,29.6278,,0,0,859,0,0,0,
Instances/Instances 3/lin318_06.gt,317,10.0,86400.0,PTVRP_LAYERED_SAFE,2342468.0,185,15,0.0029,792,45,18,9345,29.4795,,0,0,880,0,0,0,
Instances/Instances 3/lin318_07.gt,317,10.0,86400.0,PTVRP_LAYERED_SAFE,2233691.0,177,14,0.0028,758,43,14,9166,28.9148,,0,0,898,0,0,0,
Instances/Instances 3/lin318_08.gt,317,10.0,86400.0,PTVRP_LAYERED_SAFE,2496731.0,196,13,0.0027,869,47,17,9727,30.6845,,0,0,879,0,0,0,
Instances/Instances 3/lin318_09.gt,317,10.0,86400.0,PTVRP_LAYERED_SAFE,2299952.0,193,12,0.0025,793,43,15,9316,29.388,,0,0,875,0,0,0,
Instances/Instances 3/lin318_10.gt,317,10.0,86400.0,PTVRP_LAYERED_SAFE,2417488.0,185,14,0.0026,837,46,15,9586,30.2397,,0,0,857,0,0,0,
Instances/Instances 3/linhp318_01.gt,317,10.0,86400.0,PTVRP_LAYERED_SAFE,2422886.0,190,13,0.0026,834,48,15,9607,30.306,,0,0,903,0,0,0,
Instances/Instances 3/linhp318_02.gt,317,10.0,86400.0,PTVRP_LAYERED_SAFE,2386979.0,185,13,0.0025,827,47,13,9502,29.9748,,0,0,864,0,0,0,
Instances/Instances 3/linhp318_03.gt,317,10.0,86400.0,PTVRP_LAYERED_SAFE,2460086.0,195,15,0.0026,848,45,15,9584,30.2334,,0,0,877,0,0,0,
Instances/Instances 3/linhp318_04.gt,317,10.0,86400.0,PTVRP_LAYERED_SAFE,2342231.0,195,13,0.0027,793,46,15,9331,29.4353,,0,0,897,0,0,0,
Instances/Instances 3/linhp318_05.gt,317,10.0,86400.0,PTVRP_LAYERED_SAFE,2196723.0,181,12,0.0027,742,44,15,9129,28.7981,,0,0,875,0,0,0,
Instances/Instances 3/linhp318_06.gt,317,10.0,86400.0,PTVRP_LAYERED_SAFE,2445813.0,208,11,0.0026,826,46,13,9439,29.776,,0,0,898,0,0,0,
Instances/Instances 3/linhp318_07.gt,317,10.0,86400.0,PTVRP_LAYERED_SAFE,2344476.0,189,14,0.0026,817,46,15,9470,29.8738,,0,0,905,0,0,0,
Instances/Instances 3/linhp318_08.gt,317,10.0,86400.0,PTVRP_LAYERED_SAFE,2349404.0,179,15,0.0025,813,45,15,9425,29.7319,,0,0,889,0,0,0,
Instances/Instances 3/linhp318_09.gt,317,10.0,86400.0,PTVRP_LAYERED_SAFE,2264598.0,190,20,0.0024,786,45,20,9340,29.4637,,0,0,908,0,0,0,
Instances/Instances 3/linhp318_10.gt,317,10.0,86400.0,PTVRP_LAYERED_SAFE,2497763.0,192,13,0.0025,848,47,15,9544,30.1073,,0,0,890,0,0,0,
Instances/Instances 3/lu980_01.gt,979,10.0,86400.0,PTVRP_LAYERED_SAFE,1238199.0,486,20,0.0064,2580,158,22,112563,114.978,,0,0,6406,0,0,0,
Instances/Instances 3/lu980_02.gt,979,10.0,86400.0,PTVRP_LAYERED_SAFE,1165402.0,531,17,0.0067,2421,159,17,109380,111.726,,0,0,6459,0,0,0,
Instances/Instances 3/lu980_03.gt,979,10.0,86400.0,PTVRP_LAYERED_SAFE,1222382.0,480,23,0.0066,2518,148,23,111025,113.407,,0,0,6469,0,0,0,
Instances/Instances 3/lu980_04.gt,979,10.0,86400.0,PTVRP_LAYERED_SAFE,1208687.0,492,20,0.0067,2513,156,20,111101,113.484,,0,0,6446,0,0,0,
Instances/Instances 3/lu980_05.gt,979,10.0,86400.0,PTVRP_LAYERED_SAFE,1230504.0,496,21,0.0065,2539,146,21,111799,114.197,,0,0,6476,0,0,0,
Instances/Instances 3/lu980_06.gt,979,10.0,86400.0,PTVRP_LAYERED_SAFE,1198941.0,499,20,0.0065,2473,154,20,110350,112.717,,0,0,6565,0,0,0,
Instances/Instances 3/lu980_07.gt,979,10.0,86400.0,PTVRP_LAYERED_SAFE,1199265.0,493,20,0.0068,2454,150,22,109577,111.927,,0,0,6455,0,0,0,
Instances/Instances 3/lu980_08.gt,979,10.0,86400.0,PTVRP_LAYERED_SAFE,1191115.0,481,17,0.0075,2434,145,23,109081,111.421,,0,0,6425,0,0,0,
Instances/Instances 3/lu980_09.gt,979,10.0,86400.0,PTVRP_LAYERED_SAFE,1211996.0,465,21,0.0072,2536,166,23,112060,114.464,,0,0,6418,0,0,0,
Instances/Instances 3/lu980_10.gt,979,10.0,86400.0,PTVRP_LAYERED_SAFE,1176320.0,493,19,0.0066,2453,153,20,110137,112.499,,0,0,6553,0,0,0,
Instances/Instances 3/mo14185_01.gt,14184,10.0,86400.0,PTVRP_LAYERED_SAFE,190178737.0,6239,24,0.0419,36310,82,27,449019,31.6567,,0,0,73321,0,0,0,
Instances/Instances 3/mo14185_02.gt,14184,10.0,86400.0,PTVRP_LAYERED_SAFE,189013088.0,6210,25,0.0414,36284,82,27,450217,31.7412,,0,0,73598,0,0,0,
Instances/Instances 3/mo14185_03.gt,14184,10.0,86400.0,PTVRP_LAYERED_SAFE,187695839.0,6074,23,0.0416,36055,80,26,449535,31.6931,,0,0,73741,0,0,0,
Instances/Instances 3/mo14185_04.gt,14184,10.0,86400.0,PTVRP_LAYERED_SAFE,189513359.0,6121,22,0.0419,36323,85,28,450245,31.7432,,0,0,73521,0,0,0,
Instances/Instances 3/mo14185_05.gt,14184,10.0,86400.0,PTVRP_LAYERED_SAFE,190030739.0,6193,22,0.042,36449,85,24,450314,31.748,,0,0,73223,0,0,0,
Instances/Instances 3/mo14185_06.gt,14184,10.0,86400.0,PTVRP_LAYERED_SAFE,188462785.0,6202,24,0.0431,36112,87,24,450048,31.7293,,0,0,73812,0,0,0,
Instances/Instances 3/mo14185_07.gt,14184,10.0,86400.0,PTVRP_LAYERED_SAFE,189510438.0,6167,24,0.0414,36349,82,27,449643,31.7007,,0,0,73477,0,0,0,
Instances/Instances 3/mo14185_08.gt,14184,10.0,86400.0,PTVRP_LAYERED_SAFE,189230723.0,6209,23,0.0429,36243,80,25,449584,31.6966,,0,0,73536,0,0,0,
Instances/Instances 3/mo14185_09.gt,14184,10.0,86400.0,PTVRP_LAYERED_SAFE,188776833.0,6211,22,0.0434,36180,83,33,449293,31.676,,0,0,73565,0,0,0,
Instances/Instances 3/mo14185_10.gt,14184,10.0,86400.0,PTVRP_LAYERED_SAFE,190259492.0,6150,22,0.0432,36554,89,26,450698,31.7751,,0,0,73122,0,0,0,
Instances/Instances 3/mu1979_01.gt,1978,10.0,86400.0,PTVRP_LAYERED_SAFE,21170613.0,942,24,0.0083,4967,101,31,86552,43.7573,,0,0,10989,0,0,0,
Instances/Instances 3/mu1979_02.gt,1978,10.0,86400.0,PTVRP_LAYERED_SAFE,21225319.0,941,17,0.0083,5093,104,23,87911,44.4444,,0,0,11046,0,0,0,
Instances/Instances 3/mu1979_03.gt,1978,10.0,86400.0,PTVRP_LAYERED_SAFE,21681777.0,932,21,0.0089,5129,105,28,87442,44.2073,,0,0,10840,0,0,0,
Instances/Instances 3/mu1979_04.gt,1978,10.0,86400.0,PTVRP_LAYERED_SAFE,20540625.0,918,21,0.009,4998,108,23,87265,44.1178,,0,0,11008,0,0,0,
Instances/Instances 3/mu1979_05.gt,1978,10.0,86400.0,PTVRP_LAYERED_SAFE,20617936.0,930,24,0.0095,5015,103,26,87248,44.1092,,0,0,11063,0,0,0,
Instances/Instances 3/mu1979_06.gt,1978,10.0,86400.0,PTVRP_LAYERED_SAFE,20581045.0,941,25,0.0085,5033,102,25,87123,44.046,,0,0,10904,0,0,0,
Instances/Instances 3/mu1979_07.gt,1978,10.0,86400.0,PTVRP_LAYERED_SAFE,20944937.0,931,19,0.0086,4975,103,29,86852,43.909,,0,0,11082,0,0,0,
Instances/Instances 3/mu1979_08.gt,1978,10.0,86400.0,PTVRP_LAYERED_SAFE,20655147.0,919,25,0.0081,5053,107,25,87377,44.1744,,0,0,10900,0,0,0,
Instances/Instances 3/mu1979_09.gt,1978,10.0,86400.0,PTVRP_LAYERED_SAFE,21386643.0,957,25,0.0077,5139,105,32,87480,44.2265,,0,0,10783,0,0,0,
Instances/Instances 3/mu1979_10.gt,1978,10.0,86400.0,PTVRP_LAYERED_SAFE,20899924.0,957,21,0.0082,5101,104,28,87976,44.4772,,0,0,10959,0,0,0,
Instances/Instances 3/nrw1379_01.gt,1378,10.0,86400.0,PTVRP_LAYERED_SAFE,5653357.0,730,16,0.0069,3486,74,18,73193,53.1154,,0,0,6664,0,0,0,
Instances/Instances 3/nrw1379_02.gt,1378,10.0,86400.0,PTVRP_LAYERED_SAFE,5580432.0,741,15,0.0064,3489,76,19,73324,53.2104,,0,0,6639,0,0,0,
Instances/Instances 3/nrw1379_03.gt,1378,10.0,86400.0,PTVRP_LAYERED_SAFE,5833089.0,754,15,0.0064,3573,77,20,73479,53.3229,,0,0,6577,0,0,0,
Instances/Instances 3/nrw1379_04.gt,1378,10.0,86400.0,PTVRP_LAYERED_SAFE,5764558.0,742,15,0.0115,3543,77,19,73291,53.1865,,0,0,6479,0,0,0,
Instances/Instances 3/nrw1379_05.gt,1378,10.0,86400.0,PTVRP_LAYERED_SAFE,5699319.0,725,16,0.0096,3482,74,16,72775,52.812,,0,0,6459,0,0,0,
Instances/Instances 3/nrw1379_06.gt,1378,10.0,86400.0,PTVRP_LAYERED_SAFE,5563588.0,747,15,0.0068,3485,74,17,73290,53.1858,,0,0,6676,0,0,0,
Instances/Instances 3/nrw1379_07.gt,1378,10.0,86400.0,PTVRP_LAYERED_SAFE,5729957.0,750,19,0.0082,3513,74,21,73038,53.0029,,0,0,6541,0,0,0,
Instances/Instances 3/nrw1379_08.gt,1378,10.0,86400.0,PTVRP_LAYERED_SAFE,5654639.0,734,16,0.0072,3531,78,18,73752,53.521,,0,0,6592,0,0,0,
Instances/Instances 3/nrw1379_09.gt,1378,10.0,86400.0,PTVRP_LAYERED_SAFE,5784503.0,747,17,0.0066,3544,76,17,73360,53.2366,,0,0,6543,0,0,0,
Instances/Instances 3/nrw1379_10.gt,1378,10.0,86400.0,PTVRP_LAYERED_SAFE,5490488.0,706,16,0.0075,3399,81,17,72524,52.6299,,1,0,6577,0,0,0,
Instances/Instances 3/nu3496_01.gt,3495,10.0,86400.0,PTVRP_LAYERED_SAFE,19679188.0,1495,27,0.0243,8861,111,28,201176,57.5611,,0,0,23384,0,0,0,
Instances/Instances 3/nu3496_02.gt,3495,10.0,86400.0,PTVRP_LAYERED_SAFE,19667114.0,1513,24,0.0159,8824,110,29,200810,57.4564,,0,0,23375,0,0,0,
Instances/Instances 3/nu3496_03.gt,3495,10.0,86400.0,PTVRP_LAYERED_SAFE,19598847.0,1501,27,0.0155,8765,107,27,199632,57.1193,,0,0,23335,0,0,0,
Instances/Instances 3/nu3496_04.gt,3495,10.0,86400.0,PTVRP_LAYERED_SAFE,19847809.0,1521,24,0.0152,8887,110,35,200732,57.434,,0,0,23291,0,0,0,
Instances/Instances 3/nu3496_05.gt,3495,10.0,86400.0,PTVRP_LAYERED_SAFE,20230717.0,1581,26,0.015,8999,107,26,201477,57.6472,,0,0,23073,0,0,0,
Instances/Instances 3/nu3496_06.gt,3495,10.0,86400.0,PTVRP_LAYERED_SAFE,19735255.0,1519,24,0.0144,8827,110,27,200679,57.4189,,0,0,23473,0,0,0,
Instances/Instances 3/nu3496_07.gt,3495,10.0,86400.0,PTVRP_LAYERED_SAFE,19668992.0,1467,26,0.0141,8813,107,26,199701,57.1391,,0,0,23201,0,0,0,
Instances/Instances 3/nu3496_08.gt,3495,10.0,86400.0,PTVRP_LAYERED_SAFE,19814351.0,1557,23,0.0152,8912,109,32,201533,57.6632,,0,0,23484,0,0,0,
Instances/Instances 3/nu3496_09.gt,3495,10.0,86400.0,PTVRP_LAYERED_SAFE,19954560.0,1587,24,0.0147,8997,110,27,202202,57.8546,,0,0,23268,0,0,0,
Instances/Instances 3/nu3496_10.gt,3495,10.0,86400.0,PTVRP_LAYERED_SAFE,20053480.0,1558,23,0.0156,8970,112,28,201555,57.6695,,0,0,23172,0,0,0,
Instances/Instances 3/p654_01.gt,653,10.0,86400.0,PTVRP_LAYERED_SAFE,8542444.0,280,17,0.0033,1651,49,17,18246,27.9418,,0,0,3171,0,0,0,
Instances/Instances 3/p654_02.gt,653,10.0,86400.0,PTVRP_LAYERED_SAFE,8180776.0,270,15,0.0035,1593,48,17,18154,27.8009,,0,0,3259,0,0,0,
Instances/Instances 3/p654_03.gt,653,10.0,86400.0,PTVRP_LAYERED_SAFE,8753569.0,280,20,0.0035,1704,46,20,18304,28.0306,,0,0,3139,0,0,0,
Instances/Instances 3/p654_04.gt,653,10.0,86400.0,PTVRP_LAYERED_SAFE,8421204.0,278,16,0.0034,1642,50,17,18267,27.974,,0,0,3156,0,0,0,
Instances/Instances 3/p654_05.gt,653,10.0,86400.0,PTVRP_LAYERED_SAFE,8551199.0,276,16,0.0032,1669,46,17,18335,28.0781,,0,0,3192,0,0,0,
Instances/Instances 3/p654_06.gt,653,10.0,86400.0,PTVRP_LAYERED_SAFE,8787699.0,287,17,0.0035,1712,48,17,18374,28.1378,,0,0,3135,0,0,0,
Instances/Instances 3/p654_07.gt,653,10.0,86400.0,PTVRP_LAYERED_SAFE,8575793.0,280,15,0.0037,1671,46,16,18244,27.9387,,0,0,3154,0,0,0,
Instances/Instances 3/p654_08.gt,653,10.0,86400.0,PTVRP_LAYERED_SAFE,8603865.0,288,17,0.0034,1676,51,17,18286,28.0031,,0,0,3112,0,0,0,
Instances/Instances 3/p654_09.gt,653,10.0,86400.0,PTVRP_LAYERED_SAFE,8022594.0,261,17,0.0035,1559,43,17,18037,27.6217,,0,0,3247,0,0,0,
Instances/Instances 3/p654_10.gt,653,10.0,86400.0,PTVRP_LAYERED_SAFE,8583498.0,279,17,0.0038,1668,47,17,18143,27.7841,,0,0,3130,0,0,0,
Instances/Instances 3/pcb1173_01.gt,1172,10.0,86400.0,PTVRP_LAYERED_SAFE,5492447.0,632,18,0.0066,2996,74,18,56723,48.3985,,0,0,5362,0,0,0,
Instances/Instances 3/pcb1173_02.gt,1172,10.0,86400.0,PTVRP_LAYERED_SAFE,5563928.0,640,19,0.0065,2971,74,19,56162,47.9198,,0,0,5314,0,0,0,
Instances/Instances 3/pcb1173_03.gt,1172,10.0,86400.0,PTVRP_LAYERED_SAFE,5587936.0,633,17,0.0058,2985,72,19,56476,48.1877,,0,0,5369,0,0,0,
Instances/Instances 3/pcb1173_04.gt,1172,10.0,86400.0,PTVRP_LAYERED_SAFE,5567967.0,626,17,0.0059,2977,71,17,56413,48.134,,0,0,5346,0,0,0,
Instances/Instances 3/pcb1173_05.gt,1172,10.0,86400.0,PTVRP_LAYERED_SAFE,5576721.0,611,15,0.0063,2997,75,17,56538,48.2406,,0,0,5373,0,0,0,
Instances/Instances 3/pcb1173_06.gt,1172,10.0,86400.0,PTVRP_LAYERED_SAFE,5465231.0,645,17,0.0058,2931,71,17,55970,47.756,,0,0,5329,0,0,0,
Instances/Instances 3/pcb1173_07.gt,1172,10.0,86400.0,PTVRP_LAYERED_SAFE,5607587.0,647,15,0.0058,2994,69,17,56475,48.1869,,0,0,5346,0,0,0,
Instances/Instances 3/pcb1173_08.gt,1172,10.0,86400.0,PTVRP_LAYERED_SAFE,5587654.0,610,18,0.0063,3003,76,18,56666,48.3498,,0,0,5306,0,0,0,
Instances/Instances 3/pcb1173_09.gt,1172,10.0,86400.0,PTVRP_LAYERED_SAFE,5641844.0,612,18,0.0063,2983,72,20,56311,48.0469,,0,0,5370,0,0,0,
Instances/Instances 3/pcb1173_10.gt,1172,10.0,86400.0,PTVRP_LAYERED_SAFE,5552925.0,633,15,0.0059,2977,74,16,56390,48.1143,,0,0,5304,0,0,0,
Instances/Instances 3/pcb3038_01.gt,3037,10.0,86400.0,PTVRP_LAYERED_SAFE,21095837.0,1469,19,0.0126,7730,78,19,128316,42.2509,,0,0,15624,0,0,0,
Instances/Instances 3/pcb3038_02.gt,3037,10.0,86400.0,PTVRP_LAYERED_SAFE,21244818.0,1453,19,0.0114,7716,78,24,127509,41.9852,,0,0,15582,0,0,0,
Instances/Instances 3/pcb3038_03.gt,3037,10.0,86400.0,PTVRP_LAYERED_SAFE,21218720.0,1484,20,0.0123,7712,75,20,127748,42.0639,,0,0,15571,0,0,0,
Instances/Instances 3/pcb3038_04.gt,3037,10.0,86400.0,PTVRP_LAYERED_SAFE,21102438.0,1411,21,0.0121,7721,75,21,128058,42.166,,0,0,15722,0,0,0,
Instances/Instances 3/pcb3038_05.gt,3037,10.0,86400.0,PTVRP_LAYERED_SAFE,21004164.0,1453,19,0.0116,7688,74,21,127878,42.1067,,0,0,15637,0,0,0,
Instances/Instances 3/pcb3038_06.gt,3037,10.0,86400.0,PTVRP_LAYERED_SAFE,21288490.0,1471,19,0.012,7730,73,21,127728,42.0573,,0,0,15633,0,0,0,
Instances/Instances 3/pcb3038_07.gt,3037,10.0,86400.0,PTVRP_LAYERED_SAFE,21450433.0,1493,19,0.0124,7778,77,20,127974,42.1383,,0,0,15680,0,0,0,
Instances/Instances 3/pcb3038_08.gt,3037,10.0,86400.0,PTVRP_LAYERED_SAFE,20676972.0,1451,21,0.012,7616,71,21,127691,42.0451,,0,0,15754,0,0,0,
Instances/Instances 3/pcb3038_09.gt,3037,10.0,86400.0,PTVRP_LAYERED_SAFE,21100464.0,1395,19,0.0117,7707,72,21,127828,42.0902,,0,0,15597,0,0,0,
Instances/Instances 3/pcb3038_10.gt,3037,10.0,86400.0,PTVRP_LAYERED_SAFE,21461673.0,1422,20,0.0118,7829,73,20,128354,42.2634,,0,0,15563,0,0,0,
Instances/Instances 3/pcb442_01.gt,441,10.0,86400.0,PTVRP_LAYERED_SAFE,2985167.0,257,13,0.003,1072,46,13,13599,30.8367,,0,0,1308,0,0,0,
Instances/Instances 3/pcb442_02.gt,441,10.0,86400.0,PTVRP_LAYERED_SAFE,3043256.0,264,11,0.0028,1111,47,12,13809,31.3129,,0,0,1274,0,0,0,
Instances/Instances 3/pcb442_03.gt,441,10.0,86400.0,PTVRP_LAYERED_SAFE,3057377.0,256,13,0.0031,1111,46,15,13831,31.3628,,0,0,1297,0,0,0,
Instances/Instances 3/pcb442_04.gt,441,10.0,86400.0,PTVRP_LAYERED_SAFE,3058219.0,280,11,0.0031,1097,45,14,13713,31.0952,,0,0,1270,0,0,0,
Instances/Instances 3/pcb442_05.gt,441,10.0,86400.0,PTVRP_LAYERED_SAFE,3006899.0,263,12,0.0031,1111,45,12,13839,31.381,,0,0,1279,0,0,0,
Instances/Instances 3/pcb442_06.gt,441,10.0,86400.0,PTVRP_LAYERED_SAFE,3081123.0,253,13,0.0028,1117,45,13,13860,31.4286,,0,0,1280,0,0,0,
Instances/Instances 3/pcb442_07.gt,441,10.0,86400.0,PTVRP_LAYERED_SAFE,3097038.0,273,14,0.0032,1133,46,14,13932,31.5918,,0,0,1284,0,0,0,
Instances/Instances 3/pcb442_08.gt,441,10.0,86400.0,PTVRP_LAYERED_SAFE,3111295.0,269,12,0.0029,1134,49,14,14006,31.7596,,0,0,1335,0,0,0,
Instances/Instances 3/pcb442_09.gt,441,10.0,86400.0,PTVRP_LAYERED_SAFE,2972519.0,267,11,0.003,1090,47,12,13814,31.3243,,0,0,1331,0,0,0,
Instances/Instances 3/pcb442_10.gt,441,10.0,86400.0,PTVRP_LAYERED_SAFE,3053895.0,267,17,0.0029,1105,47,17,13780,31.2472,,0,0,1310,0,0,0,
Instances/Instances 3/pm8079_01.gt,8078,10.0,86400.0,PTVRP_LAYERED_SAFE,42933464.0,3016,29,0.035,20682,157,39,572824,70.9116,,0,0,73780,0,0,0,
Instances/Instances 3/pm8079_02.gt,8078,10.0,86400.0,PTVRP_LAYERED_SAFE,42885427.0,2932,34,0.0339,20747,153,34,573901,71.0449,,0,0,73816,0,0,0,
Instances/Instances 3/pm8079_03.gt,8078,10.0,86400.0,PTVRP_LAYERED_SAFE,42521512.0,3014,31,0.0358,20426,150,36,570660,70.6437,,0,0,74329,0,0,0,
Instances/Instances 3/pm8079_04.gt,8078,10.0,86400.0,PTVRP_LAYERED_SAFE,42847264.0,2992,43,0.0378,20529,154,43,570953,70.68,,0,0,74118,0,0,0,
Instances/Instances 3/pm8079_05.gt,8078,10.0,86400.0,PTVRP_LAYERED_SAFE,42549861.0,2971,27,0.0352,20415,151,33,570356,70.6061,,0,0,74240,0,0,0,
Instances/Instances 3/pm8079_06.gt,8078,10.0,86400.0,PTVRP_LAYERED_SAFE,42547601.0,2982,27,0.0356,20578,150,33,572543,70.8768,,0,0,74295,0,0,0,
Instances/Instances 3/pm8079_07.gt,8078,10.0,86400.0,PTVRP_LAYERED_SAFE,42787176.0,3059,29,0.0367,20553,151,31,571614,70.7618,,0,0,74053,0,0,0,
Instances/Instances 3/pm8079_08.gt,8078,10.0,86400.0,PTVRP_LAYERED_SAFE,42824912.0,2983,29,0.0365,20559,146,31,571261,70.7181,,0,0,73903,0,0,0,
Instances/Instances 3/pm8079_09.gt,8078,10.0,86400.0,PTVRP_LAYERED_SAFE,42804345.0,3044,33,0.038,20643,154,34,573672,71.0166,,0,0,73812,0,0,0,
Instances/Instances 3/pm8079_10.gt,8078,10.0,86400.0,PTVRP_LAYERED_SAFE,42939753.0,3046,31,0.0345,20629,152,36,572277,70.8439,,0,0,74292,0,0,0,
Instances/Instances 3/pr1002_01.gt,1001,10.0,86400.0,PTVRP_LAYERED_SAFE,NO SOLUTION,,,0.0026,2639,37,4,13900,13.8861,,0,0,2,0,0,0,
Instances/Instances 3/pr1002_02.gt,1001,10.0,86400.0,PTVRP_LAYERED_SAFE,NO SOLUTION,,,0.0029,2514,37,0,13875,13.8611,,0,0,2,0,0,0,
Instances/Instances 3/pr1002_03.gt,1001,10.0,86400.0,PTVRP_LAYERED_SAFE,NO SOLUTION,,,0.0028,2644,37,0,14091,14.0769,,0,0,1,0,0,0,
Instances/Instances 3/pr1002_04.gt,1001,10.0,86400.0,PTVRP_LAYERED_SAFE,NO SOLUTION,,,0.0027,2534,36,0,13791,13.7772,,0,0,2,0,0,0,
Instances/Instances 3/pr1002_05.gt,1001,10.0,86400.0,PTVRP_LAYERED_SAFE,NO SOLUTION,,,0.0026,2562,34,3,13910,13.8961,,0,0,10,0,0,0,
Instances/Instances 3/pr1002_06.gt,1001,10.0,86400.0,PTVRP_LAYERED_SAFE,NO SOLUTION,,,0.0027,2524,33,0,13856,13.8422,,0,0,1,0,0,0,
Instances/Instances 3/pr1002_07.gt,1001,10.0,86400.0,PTVRP_LAYERED_SAFE,NO SOLUTION,,,0.0026,2509,32,0,13727,13.7133,,0,0,1,0,0,0,
Instances/Instances 3/pr1002_08.gt,1001,10.0,86400.0,PTVRP_LAYERED_SAFE,NO SOLUTION,,,0.0026,2599,32,4,13788,13.7742,,0,0,4,0,0,0,
Instances/Instances 3/pr1002_09.gt,1001,10.0,86400.0,PTVRP_LAYERED_SAFE,26238795.0,663,11,0.005,2546,37,11,13860,13.8462,,0,0,2182,0,0,0,
Instances/Instances 3/pr1002_10.gt,1001,10.0,86400.0,PTVRP_LAYERED_SAFE,NO SOLUTION,,,0.0027,2553,34,0,13946,13.9321,,0,0,1,0,0,0,
Instances/Instances 3/pr107_01.gt,106,10.0,86400.0,PTVRP_LAYERED_SAFE,2842350.0,71,10,0.002,276,28,10,1472,13.8868,,0,0,162,0,0,0,
Instances/Instances 3/pr107_02.gt,106,10.0,86400.0,PTVRP_LAYERED_SAFE,2832765.0,81,10,0.0018,273,31,10,1449,13.6698,,0,0,170,0,0,0,
Instances/Instances 3/pr107_03.gt,106,10.0,86400.0,PTVRP_LAYERED_SAFE,2949729.0,78,10,0.0022,274,26,10,1382,13.0377,,0,0,153,0,0,0,
Instances/Instances 3/pr107_04.gt,106,10.0,86400.0,PTVRP_LAYERED_SAFE,2538563.0,74,11,0.002,238,28,11,1381,13.0283,,0,0,189,0,0,0,
Instances/Instances 3/pr107_05.gt,106,10.0,86400.0,PTVRP_LAYERED_SAFE,3002051.0,78,9,0.002,271,26,9,1391,13.1226,,0,0,161,0,0,0,
Instances/Instances 3/pr107_06.gt,106,10.0,86400.0,PTVRP_LAYERED_SAFE,2747923.0,75,11,0.0019,254,27,11,1401,13.217,,0,0,171,0,0,0,
Instances/Instances 3/pr107_07.gt,106,10.0,86400.0,PTVRP_LAYERED_SAFE,2962783.0,80,9,0.0018,271,27,9,1380,13.0189,,0,0,159,0,0,0,
Instances/Instances 3/pr107_08.gt,106,10.0,86400.0,PTVRP_LAYERED_SAFE,3024084.0,78,8,0.0019,269,24,10,1392,13.1321,,0,0,164,0,0,0,
Instances/Instances 3/pr107_09.gt,106,10.0,86400.0,PTVRP_LAYERED_SAFE,3222280.0,81,9,0.0019,309,29,11,1452,13.6981,,0,0,157,0,0,0,
Instances/Instances 3/pr107_10.gt,106,10.0,86400.0,PTVRP_LAYERED_SAFE,3023371.0,79,10,0.002,281,25,10,1458,13.7547,,0,0,163,0,0,0,
Instances/Instances 3/pr124_01.gt,123,10.0,86400.0,PTVRP_LAYERED_SAFE,2738248.0,80,8,0.0019,296,21,9,1499,12.187,,0,0,224,0,0,0,
Instances/Instances 3/pr124_02.gt,123,10.0,86400.0,PTVRP_LAYERED_SAFE,2926304.0,80,10,0.0019,318,21,10,1582,12.8618,,0,0,223,0,0,0,
Instances/Instances 3/pr124_03.gt,123,10.0,86400.0,PTVRP_LAYERED_SAFE,2668445.0,76,9,0.0019,286,21,9,1496,12.1626,,0,0,210,0,0,0,
Instances/Instances 3/pr124_04.gt,123,10.0,86400.0,PTVRP_LAYERED_SAFE,2952477.0,87,9,0.0021,311,21,9,1516,12.3252,,0,0,209,0,0,0,
Instances/Instances 3/pr124_05.gt,123,10.0,86400.0,PTVRP_LAYERED_SAFE,2791237.0,83,9,0.002,307,19,9,1542,12.5366,,0,0,216,0,0,0,
Instances/Instances 3/pr124_06.gt,123,10.0,86400.0,PTVRP_LAYERED_SAFE,2952491.0,91,9,0.0019,322,21,9,1551,12.6098,,0,0,208,0,0,0,
Instances/Instances 3/pr124_07.gt,123,10.0,86400.0,PTVRP_LAYERED_SAFE,2830151.0,85,9,0.0019,307,20,9,1530,12.439,,0,0,214,0,0,0,
Instances/Instances 3/pr124_08.gt,123,10.0,86400.0,PTVRP_LAYERED_SAFE,2730369.0,80,11,0.0019,297,21,11,1494,12.1463,,0,0,211,0,0,0,
Instances/Instances 3/pr124_09.gt,123,10.0,86400.0,PTVRP_LAYERED_SAFE,2713480.0,81,9,0.0019,298,21,9,1497,12.1707,,0,0,211,0,0,0,
Instances/Instances 3/pr124_10.gt,123,10.0,86400.0,PTVRP_LAYERED_SAFE,2808418.0,87,9,0.002,315,23,9,1572,12.7805,,0,0,207,0,0,0,
Instances/Instances 3/pr136_01.gt,135,10.0,86400.0,PTVRP_LAYERED_SAFE,NO SOLUTION,,,0.0018,338,17,8,1409,10.437,,0,0,66,0,0,0,
Instances/Instances 3/pr136_02.gt,135,10.0,86400.0,PTVRP_LAYERED_SAFE,3465435.0,91,9,0.0022,328,17,9,1384,10.2519,,0,0,192,0,0,0,
Instances/Instances 3/pr136_03.gt,135,10.0,86400.0,PTVRP_LAYERED_SAFE,3482228.0,92,8,0.0023,326,17,8,1389,10.2889,,0,0,202,0,0,0,
Instances/Instances 3/pr136_04.gt,135,10.0,86400.0,PTVRP_LAYERED_SAFE,3627284.0,96,9,0.0022,343,16,9,1416,10.4889,,0,0,195,0,0,0,
Instances/Instances 3/pr136_05.gt,135,10.0,86400.0,PTVRP_LAYERED_SAFE,3654384.0,98,10,0.0021,347,17,10,1427,10.5704,,0,0,189,0,0,0,
Instances/Instances 3/pr136_06.gt,135,10.0,86400.0,PTVRP_LAYERED_SAFE,NO SOLUTION,,,0.0017,343,16,8,1418,10.5037,,0,0,69,0,0,0,
Instances/Instances 3/pr136_07.gt,135,10.0,86400.0,PTVRP_LAYERED_SAFE,3438549.0,91,8,0.0026,331,17,8,1409,10.437,,0,0,183,0,0,0,
Instances/Instances 3/pr136_08.gt,135,10.0,86400.0,PTVRP_LAYERED_SAFE,3434377.0,89,8,0.002,325,17,11,1382,10.237,,0,0,191,0,0,0,
Instances/Instances 3/pr136_09.gt,135,10.0,86400.0,PTVRP_LAYERED_SAFE,3546661.0,99,11,0.002,338,18,11,1410,10.4444,,0,0,197,0,0,0,
Instances/Instances 3/pr136_10.gt,135,10.0,86400.0,PTVRP_LAYERED_SAFE,3622855.0,96,9,0.002,348,17,9,1429,10.5852,,0,0,194,0,0,0,
Instances/Instances 3/pr144_01.gt,143,10.0,86400.0,PTVRP_LAYERED_SAFE,3349011.0,80,10,0.0019,352,31,10,1847,12.9161,,0,0,285,0,0,0,
Instances/Instances 3/pr144_02.gt,143,10.0,86400.0,PTVRP_LAYERED_SAFE,3151503.0,84,13,0.002,346,29,13,1866,13.049,,0,0,279,0,0,0,
Instances/Instances 3/pr144_03.gt,143,10.0,86400.0,PTVRP_LAYERED_SAFE,3289674.0,95,11,0.0019,350,31,11,1885,13.1818,,0,0,279,0,0,0,
Instances/Instances 3/pr144_04.gt,143,10.0,86400.0,PTVRP_LAYERED_SAFE,3327375.0,91,10,0.002,361,32,11,1921,13.4336,,0,0,281,0,0,0,
Instances/Instances 3/pr144_05.gt,143,10.0,86400.0,PTVRP_LAYERED_SAFE,3318979.0,96,11,0.002,364,31,12,1849,12.9301,,0,0,267,0,0,0,
Instances/Instances 3/pr144_06.gt,143,10.0,86400.0,PTVRP_LAYERED_SAFE,3438136.0,89,12,0.0024,363,29,12,1846,12.9091,,0,0,273,0,0,0,
Instances/Instances 3/pr144_07.gt,143,10.0,86400.0,PTVRP_LAYERED_SAFE,3276333.0,94,10,0.0021,344,28,11,1841,12.8741,,0,0,269,0,0,0,
Instances/Instances 3/pr144_08.gt,143,10.0,86400.0,PTVRP_LAYERED_SAFE,3165450.0,86,9,0.0021,339,27,9,1854,12.965,,0,0,290,0,0,0,
Instances/Instances 3/pr144_09.gt,143,10.0,86400.0,PTVRP_LAYERED_SAFE,3730632.0,101,10,0.002,397,31,10,1868,13.0629,,0,0,255,0,0,0,
Instances/Instances 3/pr144_10.gt,143,10.0,86400.0,PTVRP_LAYERED_SAFE,2887431.0,86,9,0.0021,318,31,11,1806,12.6294,,0,0,283,0,0,0,
Instances/Instances 3/pr152_01.gt,151,10.0,86400.0,PTVRP_LAYERED_SAFE,4095117.0,102,9,0.0025,381,25,10,1836,12.1589,,0,0,252,0,0,0,
Instances/Instances 3/pr152_02.gt,151,10.0,86400.0,PTVRP_LAYERED_SAFE,3884467.0,103,10,0.0021,352,24,10,1797,11.9007,,0,0,246,0,0,0,
Instances/Instances 3/pr152_03.gt,151,10.0,86400.0,PTVRP_LAYERED_SAFE,4308009.0,103,8,0.0022,390,25,10,1866,12.3576,,0,0,260,0,0,0,
Instances/Instances 3/pr152_04.gt,151,10.0,86400.0,PTVRP_LAYERED_SAFE,NO SOLUTION,,,0.0017,346,21,5,1783,11.8079,,0,0,57,0,0,0,
Instances/Instances 3/pr152_05.gt,151,10.0,86400.0,PTVRP_LAYERED_SAFE,NO SOLUTION,,,0.0022,359,25,5,1836,12.1589,,0,0,58,0,0,0,
Instances/Instances 3/pr152_06.gt,151,10.0,86400.0,PTVRP_LAYERED_SAFE,4202908.0,108,9,0.0021,388,26,9,1839,12.1788,,0,0,247,0,0,0,
Instances/Instances 3/pr152_07.gt,151,10.0,86400.0,PTVRP_LAYERED_SAFE,4003826.0,102,9,0.003,378,25,9,1875,12.4172,,0,0,246,0,0,0,
Instances/Instances 3/pr152_08.gt,151,10.0,86400.0,PTVRP_LAYERED_SAFE,4169887.0,111,12,0.0022,386,29,12,1855,12.2848,,0,0,248,0,0,0,
Instances/Instances 3/pr152_09.gt,151,10.0,86400.0,PTVRP_LAYERED_SAFE,3885939.0,109,10,0.0021,365,28,10,1885,12.4834,,0,0,259,0,0,0,
Instances/Instances 3/pr152_10.gt,151,10.0,86400.0,PTVRP_LAYERED_SAFE,4061782.0,105,11,0.002,367,24,11,1858,12.3046,,0,0,259,0,0,0,
Instances/Instances 3/pr226_01.gt,225,10.0,86400.0,PTVRP_LAYERED_SAFE,7069881.0,147,12,0.0034,555,23,13,2651,11.7822,,0,0,482,0,0,0,
Instances/Instances 3/pr226_02.gt,225,10.0,86400.0,PTVRP_LAYERED_SAFE,NO SOLUTION,,,0.0018,559,23,11,2665,11.8444,,0,0,449,0,0,0,
Instances/Instances 3/pr226_03.gt,225,10.0,86400.0,PTVRP_LAYERED_SAFE,NO SOLUTION,,,0.0017,525,23,4,2608,11.5911,,0,0,5,0,0,0,
Instances/Instances 3/pr226_04.gt,225,10.0,86400.0,PTVRP_LAYERED_SAFE,NO SOLUTION,,,0.0023,570,22,4,2613,11.6133,,0,0,11,0,0,0,
Instances/Instances 3/pr226_05.gt,225,10.0,86400.0,PTVRP_LAYERED_SAFE,NO SOLUTION,,,0.0017,559,23,1,2644,11.7511,,0,0,9,0,0,0,
Instances/Instances 3/pr226_06.gt,225,10.0,86400.0,PTVRP_LAYERED_SAFE,NO SOLUTION,,,0.0023,546,24,4,2634,11.7067,,0,0,13,0,0,0,
Instances/Instances 3/pr226_07.gt,225,10.0,86400.0,PTVRP_LAYERED_SAFE,NO SOLUTION,,,0.0023,547,21,4,2573,11.4356,,0,0,13,0,0,0,
Instances/Instances 3/pr226_08.gt,225,10.0,86400.0,PTVRP_LAYERED_SAFE,NO SOLUTION,,,0.0019,564,25,2,2651,11.7822,,0,0,4,0,0,0,
Instances/Instances 3/pr226_09.gt,225,10.0,86400.0,PTVRP_LAYERED_SAFE,NO SOLUTION,,,0.0023,565,24,6,2617,11.6311,,0,0,104,0,0,0,
Instances/Instances 3/pr226_10.gt,225,10.0,86400.0,PTVRP_LAYERED_SAFE,NO SOLUTION,,,0.0017,566,23,4,2699,11.9956,,0,0,7,0,0,0,
Instances/Instances 3/pr2392_01.gt,2391,10.0,86400.0,PTVRP_LAYERED_SAFE,59233110.0,1458,15,0.0156,5906,36,15,36179,15.1313,,0,0,6190,0,0,0,
Instances/Instances 3/pr2392_02.gt,2391,10.0,86400.0,PTVRP_LAYERED_SAFE,61455827.0,1518,13,0.0085,6092,38,15,36216,15.1468,,0,0,6091,0,0,0,
Instances/Instances 3/pr2392_03.gt,2391,10.0,86400.0,PTVRP_LAYERED_SAFE,NO SOLUTION,,,0.005,6094,39,0,36173,15.1288,,0,0,2,0,0,0,
Instances/Instances 3/pr2392_04.gt,2391,10.0,86400.0,PTVRP_LAYERED_SAFE,61154647.0,1491,13,0.0093,6057,38,14,36018,15.064,,0,0,6045,0,0,0,
Instances/Instances 3/pr2392_05.gt,2391,10.0,86400.0,PTVRP_LAYERED_SAFE,NO SOLUTION,,,0.0045,6056,40,14,36190,15.1359,,0,0,6056,0,0,0,
Instances/Instances 3/pr2392_06.gt,2391,10.0,86400.0,PTVRP_LAYERED_SAFE,63367215.0,1514,13,0.0083,6237,38,14,36272,15.1702,,0,0,5975,0,0,0,
Instances/Instances 3/pr2392_07.gt,2391,10.0,86400.0,PTVRP_LAYERED_SAFE,61568743.0,1463,14,0.0084,6073,37,14,36077,15.0887,,0,0,5993,0,0,0,
Instances/Instances 3/pr2392_08.gt,2391,10.0,86400.0,PTVRP_LAYERED_SAFE,NO SOLUTION,,,0.0039,6121,41,0,36195,15.138,,0,0,1,0,0,0,
Instances/Instances 3/pr2392_09.gt,2391,10.0,86400.0,PTVRP_LAYERED_SAFE,61739153.0,1484,14,0.0087,6133,39,16,36271,15.1698,,0,0,6066,0,0,0,
Instances/Instances 3/pr2392_10.gt,2391,10.0,86400.0,PTVRP_LAYERED_SAFE,61905857.0,1525,14,0.009,6131,38,14,36219,15.1481,,0,0,6044,0,0,0,
Instances/Instances 3/pr264_01.gt,263,10.0,86400.0,PTVRP_LAYERED_SAFE,4898412.0,147,12,0.0023,613,35,12,4787,18.2015,,0,0,731,0,0,0,
Instances/Instances 3/pr264_02.gt,263,10.0,86400.0,PTVRP_LAYERED_SAFE,5469074.0,156,12,0.0024,697,43,12,4948,18.8137,,0,0,695,0,0,0,
Instances/Instances 3/pr264_03.gt,263,10.0,86400.0,PTVRP_LAYERED_SAFE,5600488.0,175,13,0.0025,705,40,13,5000,19.0114,,0,0,704,0,0,0,
Instances/Instances 3/pr264_04.gt,263,10.0,86400.0,PTVRP_LAYERED_SAFE,5521963.0,163,12,0.0025,689,37,12,4868,18.5095,,0,0,692,0,0,0,
Instances/Instances 3/pr264_05.gt,263,10.0,86400.0,PTVRP_LAYERED_SAFE,5070497.0,156,13,0.0023,634,35,13,4800,18.251,,0,0,719,0,0,0,
Instances/Instances 3/pr264_06.gt,263,10.0,86400.0,PTVRP_LAYERED_SAFE,5146593.0,160,12,0.0023,651,36,12,4844,18.4183,,0,0,690,0,0,0,
Instances/Instances 3/pr264_07.gt,263,10.0,86400.0,PTVRP_LAYERED_SAFE,5556735.0,158,14,0.0022,698,37,14,4908,18.6616,,0,0,663,0,0,0,
Instances/Instances 3/pr264_08.gt,263,10.0,86400.0,PTVRP_LAYERED_SAFE,5444873.0,157,14,0.0025,690,38,14,4843,18.4144,,0,0,696,0,0,0,
Instances/Instances 3/pr264_09.gt,263,10.0,86400.0,PTVRP_LAYERED_SAFE,5194033.0,159,12,0.0024,654,37,15,4836,18.3878,,0,0,708,0,0,0,
Instances/Instances 3/pr264_10.gt,263,10.0,86400.0,PTVRP_LAYERED_SAFE,5463349.0,162,12,0.0023,674,37,12,4868,18.5095,,0,0,691,0,0,0,
Instances/Instances 3/pr299_01.gt,298,10.0,86400.0,PTVRP_LAYERED_SAFE,2952053.0,177,14,0.0027,713,37,14,7178,24.0872,,0,0,817,0,0,0,
Instances/Instances 3/pr299_02.gt,298,10.0,86400.0,PTVRP_LAYERED_SAFE,3261806.0,186,14,0.0036,791,39,14,7471,25.0705,,0,0,803,0,0,0,
Instances/Instances 3/pr299_03.gt,298,10.0,86400.0,PTVRP_LAYERED_SAFE,3366029.0,186,12,0.0036,790,35,13,7309,24.5268,,0,0,772,0,0,0,
Instances/Instances 3/pr299_04.gt,298,10.0,86400.0,PTVRP_LAYERED_SAFE,3047528.0,167,12,0.0036,744,38,12,7296,24.4832,,0,0,812,0,0,0,
Instances/Instances 3/pr299_05.gt,298,10.0,86400.0,PTVRP_LAYERED_SAFE,3045661.0,172,11,0.0023,733,40,13,7237,24.2852,,0,0,808,0,0,0,
Instances/Instances 3/pr299_06.gt,298,10.0,86400.0,PTVRP_LAYERED_SAFE,3194351.0,177,11,0.0023,768,36,15,7388,24.7919,,0,0,833,0,0,0,
Instances/Instances 3/pr299_07.gt,298,10.0,86400.0,PTVRP_LAYERED_SAFE,3247132.0,178,14,0.0039,788,42,14,7453,25.0101,,0,0,793,0,0,0,
Instances/Instances 3/pr299_08.gt,298,10.0,86400.0,PTVRP_LAYERED_SAFE,3038194.0,173,12,0.0039,739,40,12,7317,24.5537,,0,0,829,0,0,0,
Instances/Instances 3/pr299_09.gt,298,10.0,86400.0,PTVRP_LAYERED_SAFE,3334326.0,184,12,0.0024,793,37,14,7373,24.7416,,0,0,790,0,0,0,
Instances/Instances 3/pr299_10.gt,298,10.0,86400.0,PTVRP_LAYERED_SAFE,3101259.0,175,14,0.0037,753,35,14,7273,24.406,,0,0,810,0,0,0,
Instances/Instances 3/pr439_01.gt,438,10.0,86400.0,PTVRP_LAYERED_SAFE,7480967.0,270,10,0.003,1076,41,12,8221,18.7694,,0,0,1128,0,0,0,
Instances/Instances 3/pr439_02.gt,438,10.0,86400.0,PTVRP_LAYERED_SAFE,7999497.0,273,13,0.0026,1154,38,13,8386,19.1461,,0,0,1091,0,0,0,
Instances/Instances 3/pr439_03.gt,438,10.0,86400.0,PTVRP_LAYERED_SAFE,NO SOLUTION,,,0.002,1106,36,10,8148,18.6027,,0,0,179,0,0,0,
Instances/Instances 3/pr439_04.gt,438,10.0,86400.0,PTVRP_LAYERED_SAFE,NO SOLUTION,,,0.0028,1100,40,12,8245,18.8242,,0,0,169,0,0,0,
Instances/Instances 3/pr439_05.gt,438,10.0,86400.0,PTVRP_LAYERED_SAFE,8025635.0,267,16,0.003,1131,47,16,8218,18.7626,,0,0,1102,0,0,0,
Instances/Instances 3/pr439_06.gt,438,10.0,86400.0,PTVRP_LAYERED_SAFE,NO SOLUTION,,,0.0021,1126,44,12,8247,18.8288,,0,0,168,0,0,0,
Instances/Instances 3/pr439_07.gt,438,10.0,86400.0,PTVRP_LAYERED_SAFE,NO SOLUTION,,,0.0024,1140,43,9,8237,18.8059,,0,0,187,0,0,0,
Instances/Instances 3/pr439_08.gt,438,10.0,86400.0,PTVRP_LAYERED_SAFE,NO SOLUTION,,,0.0025,1150,46,10,8355,19.0753,,0,0,184,0,0,0,
Instances/Instances 3/pr439_09.gt,438,10.0,86400.0,PTVRP_LAYERED_SAFE,NO SOLUTION,,,0.0023,1082,44,9,8190,18.6986,,0,0,167,0,0,0,
Instances/Instances 3/pr439_10.gt,438,10.0,86400.0,PTVRP_LAYERED_SAFE,7840130.0,266,12,0.0028,1128,42,13,8276,18.895,,0,0,1108,0,0,0,
Instances/Instances 3/pr76_01.gt,75,10.0,86400.0,PTVRP_LAYERED_SAFE,NO SOLUTION,,,0.0025,203,14,7,636,8.48,,0,0,65,0,0,0,
Instances/Instances 3/pr76_02.gt,75,10.0,86400.0,PTVRP_LAYERED_SAFE,NO SOLUTION,,,0.0025,185,13,7,628,8.37333,,0,0,62,0,0,0,
Instances/Instances 3/pr76_03.gt,75,10.0,86400.0,PTVRP_LAYERED_SAFE,NO SOLUTION,,,0.0018,213,14,8,659,8.78667,,0,0,14,0,0,0,
Instances/Instances 3/pr76_04.gt,75,10.0,86400.0,PTVRP_LAYERED_SAFE,NO SOLUTION,,,0.0018,171,13,6,600,8.0,,0,0,14,0,0,0,
Instances/Instances 3/pr76_05.gt,75,10.0,86400.0,PTVRP_LAYERED_SAFE,NO SOLUTION,,,0.0024,209,16,6,664,8.85333,,0,0,77,0,0,0,
Instances/Instances 3/pr76_06.gt,75,10.0,86400.0,PTVRP_LAYERED_SAFE,2198661.0,54,7,0.0024,179,15,9,633,8.44,,0,0,74,0,0,0,
Instances/Instances 3/pr76_07.gt,75,10.0,86400.0,PTVRP_LAYERED_SAFE,NO SOLUTION,,,0.0022,206,16,5,674,8.98667,,0,0,14,0,0,0,
Instances/Instances 3/pr76_08.gt,75,10.0,86400.0,PTVRP_LAYERED_SAFE,NO SOLUTION,,,0.0021,195,15,9,632,8.42667,,0,0,20,0,0,0,
Instances/Instances 3/pr76_09.gt,75,10.0,86400.0,PTVRP_LAYERED_SAFE,NO SOLUTION,,,0.0017,194,14,6,640,8.53333,,0,0,26,0,0,0,
Instances/Instances 3/pr76_10.gt,75,10.0,86400.0,PTVRP_LAYERED_SAFE,NO SOLUTION,,,0.0021,186,13,5,610,8.13333,,0,0,20,0,0,0,
Instances/Instances 3/qa194_01.gt,193,10.0,86400.0,PTVRP_LAYERED_SAFE,397222.0,120,17,0.0023,508,95,18,11684,60.5389,,0,0,497,0,0,0,
Instances/Instances 3/qa194_02.gt,193,10.0,86400.0,PTVRP_LAYERED_SAFE,394061.0,125,10,0.0035,501,83,12,11395,59.0415,,0,0,482,0,0,0,
Instances/Instances 3/qa194_03.gt,193,10.0,86400.0,PTVRP_LAYERED_SAFE,373224.0,123,13,0.0024,484,91,13,11282,58.456,,0,0,458,0,0,0,
Instances/Instances 3/qa194_04.gt,193,10.0,86400.0,PTVRP_LAYERED_SAFE,391411.0,126,14,0.0031,495,99,19,11579,59.9948,,0,0,511,0,0,0,
Instances/Instances 3/qa194_05.gt,193,10.0,86400.0,PTVRP_LAYERED_SAFE,403650.0,130,12,0.0023,531,99,17,11819,61.2383,,0,0,487,0,0,0,
Instances/Instances 3/qa194_06.gt,193,10.0,86400.0,PTVRP_LAYERED_SAFE,394858.0,122,11,0.0024,512,95,15,11737,60.8135,,0,0,505,0,0,0,
Instances/Instances 3/qa194_07.gt,193,10.0,86400.0,PTVRP_LAYERED_SAFE,404906.0,121,12,0.0023,528,97,13,11901,61.6632,,0,0,508,0,0,0,
Instances/Instances 3/qa194_08.gt,193,10.0,86400.0,PTVRP_LAYERED_SAFE,391155.0,121,13,0.0032,501,91,19,11503,59.601,,0,0,485,0,0,0,
Instances/Instances 3/qa194_09.gt,193,10.0,86400.0,PTVRP_LAYERED_SAFE,374826.0,122,20,0.0024,471,87,20,11229,58.1813,,0,0,501,0,0,0,
Instances/Instances 3/qa194_10.gt,193,10.0,86400.0,PTVRP_LAYERED_SAFE,382570.0,123,11,0.0035,482,91,12,11355,58.8342,,0,0,495,0,0,0,
Instances/Instances 3/rat195_01.gt,194,10.0,86400.0,PTVRP_LAYERED_SAFE,98540.0,134,11,0.0025,522,143,11,22013,113.469,,0,0,419,0,0,0,
Instances/Instances 3/rat195_02.gt,194,10.0,86400.0,PTVRP_LAYERED_SAFE,94314.0,130,11,0.0026,492,140,11,21336,109.979,,0,0,407,0,0,0,
Instances/Instances 3/rat195_03.gt,194,10.0,86400.0,PTVRP_LAYERED_SAFE,94818.0,121,10,0.0025,503,135,10,21955,113.17,,0,0,427,0,0,0,
Instances/Instances 3/rat195_04.gt,194,10.0,86400.0,PTVRP_LAYERED_SAFE,87178.0,127,9,0.0041,479,135,11,21376,110.186,,0,0,400,0,0,0,
Instances/Instances 3/rat195_05.gt,194,10.0,86400.0,PTVRP_LAYERED_SAFE,93874.0,117,10,0.0026,494,139,10,21633,111.51,,0,0,419,0,0,0,
Instances/Instances 3/rat195_06.gt,194,10.0,86400.0,PTVRP_LAYERED_SAFE,93715.0,133,12,0.0025,490,135,12,21223,109.397,,0,0,417,0,0,0,
Instances/Instances 3/rat195_07.gt,194,10.0,86400.0,PTVRP_LAYERED_SAFE,88104.0,129,11,0.0039,464,130,11,20994,108.216,,0,0,392,0,0,0,
Instances/Instances 3/rat195_08.gt,194,10.0,86400.0,PTVRP_LAYERED_SAFE,89023.0,130,12,0.0029,482,144,12,21239,109.479,,0,0,413,0,0,0,
Instances/Instances 3/rat195_09.gt,194,10.0,86400.0,PTVRP_LAYERED_SAFE,91653.0,137,10,0.003,492,141,10,21102,108.773,,0,0,400,0,0,0,
Instances/Instances 3/rat195_10.gt,194,10.0,86400.0,PTVRP_LAYERED_SAFE,97668.0,123,12,0.003,504,139,12,21671,111.706,,0,0,398,0,0,0,
Instances/Instances 3/rat575_01.gt,574,10.0,86400.0,PTVRP_LAYERED_SAFE,471901.0,334,14,0.005,1496,142,18,67779,118.082,,0,0,2421,0,0,0,
Instances/Instances 3/rat575_02.gt,574,10.0,86400.0,PTVRP_LAYERED_SAFE,454201.0,331,16,0.0072,1451,139,16,66902,116.554,,0,0,2392,0,0,0,
Instances/Instances 3/rat575_03.gt,574,10.0,86400.0,PTVRP_LAYERED_SAFE,440963.0,326,14,0.0047,1412,140,16,66262,115.439,,0,0,2409,0,0,0,
Instances/Instances 3/rat575_04.gt,574,10.0,86400.0,PTVRP_LAYERED_SAFE,461536.0,333,17,0.0048,1470,140,17,67258,117.174,,0,0,2431,0,0,0,
Instances/Instances 3/rat575_05.gt,574,10.0,86400.0,PTVRP_LAYERED_SAFE,467188.0,344,14,0.0047,1464,137,14,67114,116.923,,0,0,2424,0,0,0,
Instances/Instances 3/rat575_06.gt,574,10.0,86400.0,PTVRP_LAYERED_SAFE,443838.0,328,13,0.0047,1401,139,16,65806,114.645,,0,0,2336,0,0,0,
Instances/Instances 3/rat575_07.gt,574,10.0,86400.0,PTVRP_LAYERED_SAFE,463217.0,356,13,0.0049,1496,142,14,67620,117.805,,0,0,2379,0,0,0,
Instances/Instances 3/rat575_08.gt,574,10.0,86400.0,PTVRP_LAYERED_SAFE,459210.0,335,12,0.0047,1462,138,14,67272,117.199,,0,0,2380,0,0,0,
Instances/Instances 3/rat575_09.gt,574,10.0,86400.0,PTVRP_LAYERED_SAFE,445686.0,345,12,0.0049,1459,151,12,67225,117.117,,0,0,2350,0,0,0,
Instances/Instances 3/rat575_10.gt,574,10.0,86400.0,PTVRP_LAYERED_SAFE,461722.0,346,13,0.0047,1477,141,14,67606,117.78,,0,0,2447,0,0,0,
Instances/Instances 3/rat783_01.gt,782,10.0,86400.0,PTVRP_LAYERED_SAFE,724330.0,425,14,0.0059,2009,150,17,93712,119.836,,0,0,3951,0,0,0,
Instances/Instances 3/rat783_02.gt,782,10.0,86400.0,PTVRP_LAYERED_SAFE,702792.0,431,15,0.0064,1947,143,15,92218,117.926,,0,0,4038,0,0,0,
Instances/Instances 3/rat783_03.gt,782,10.0,86400.0,PTVRP_LAYERED_SAFE,723849.0,449,16,0.0065,2008,151,16,93430,119.476,,0,0,3943,0,0,0,
Instances/Instances 3/rat783_04.gt,782,10.0,86400.0,PTVRP_LAYERED_SAFE,705808.0,436,14,0.006,1951,140,14,92100,117.775,,0,0,3947,0,0,0,
Instances/Instances 3/rat783_05.gt,782,10.0,86400.0,PTVRP_LAYERED_SAFE,719690.0,438,15,0.0059,2006,145,19,93580,119.668,,0,0,3977,0,0,0,
Instances/Instances 3/rat783_06.gt,782,10.0,86400.0,PTVRP_LAYERED_SAFE,720841.0,444,16,0.0061,1996,148,16,92646,118.473,,0,0,3890,0,0,0,
Instances/Instances 3/rat783_07.gt,782,10.0,86400.0,PTVRP_LAYERED_SAFE,722484.0,443,13,0.006,1999,149,14,93070,119.015,,0,0,4003,0,0,0,
Instances/Instances 3/rat783_08.gt,782,10.0,86400.0,PTVRP_LAYERED_SAFE,704351.0,449,14,0.0058,1963,144,15,92323,118.06,,0,0,3945,0,0,0,
Instances/Instances 3/rat783_09.gt,782,10.0,86400.0,PTVRP_LAYERED_SAFE,715764.0,453,13,0.0059,1993,148,15,93114,119.072,,0,0,3940,0,0,0,
Instances/Instances 3/rat783_10.gt,782,10.0,86400.0,PTVRP_LAYERED_SAFE,724694.0,432,14,0.0059,1993,142,15,93068,119.013,,0,0,4036,0,0,0,
Instances/Instances 3/rat99_01.gt,98,10.0,86400.0,PTVRP_LAYERED_SAFE,30816.0,69,7,0.0023,221,124,8,8569,87.4388,,0,0,89,0,0,0,
Instances/Instances 3/rat99_02.gt,98,10.0,86400.0,PTVRP_LAYERED_SAFE,30976.0,74,7,0.002,230,125,8,8867,90.4796,,0,0,108,0,0,0,
Instances/Instances 3/rat99_03.gt,98,10.0,86400.0,PTVRP_LAYERED_SAFE,35851.0,67,11,0.0021,253,137,11,8967,91.5,,0,0,103,0,0,0,
Instances/Instances 3/rat99_04.gt,98,10.0,86400.0,PTVRP_LAYERED_SAFE,36989.0,63,9,0.0019,251,133,9,9390,95.8163,,0,0,112,0,0,0,
Instances/Instances 3/rat99_05.gt,98,10.0,86400.0,PTVRP_LAYERED_SAFE,32166.0,72,7,0.0022,235,130,9,8763,89.4184,,0,0,95,0,0,0,
Instances/Instances 3/rat99_06.gt,98,10.0,86400.0,PTVRP_LAYERED_SAFE,37249.0,69,9,0.0023,260,131,10,9634,98.3061,,0,0,109,0,0,0,
Instances/Instances 3/rat99_07.gt,98,10.0,86400.0,PTVRP_LAYERED_SAFE,36012.0,63,10,0.0023,258,135,10,9464,96.5714,,0,0,116,0,0,0,
Instances/Instances 3/rat99_08.gt,98,10.0,86400.0,PTVRP_LAYERED_SAFE,34923.0,68,11,0.0022,255,141,11,9765,99.6429,,0,0,115,0,0,0,
Instances/Instances 3/rat99_09.gt,98,10.0,86400.0,PTVRP_LAYERED_SAFE,36927.0,74,9,0.0024,259,136,11,9538,97.3265,,0,0,107,0,0,0,
Instances/Instances 3/rat99_10.gt,98,10.0,86400.0,PTVRP_LAYERED_SAFE,31864.0,63,8,0.002,225,125,8,8525,86.9898,,0,0,93,0,0,0,
Instances/Instances 3/rd100_01.gt,99,10.0,86400.0,PTVRP_LAYERED_SAFE,201225.0,63,9,0.0019,220,56,9,3792,38.303,,0,0,149,0,0,0,
Instances/Instances 3/rd100_02.gt,99,10.0,86400.0,PTVRP_LAYERED_SAFE,212931.0,69,8,0.0019,233,56,10,4036,40.7677,,0,0,151,0,0,0,
Instances/Instances 3/rd100_03.gt,99,10.0,86400.0,PTVRP_LAYERED_SAFE,239007.0,66,13,0.0019,257,57,13,4214,42.5657,,0,0,154,0,0,0,
Instances/Instances 3/rd100_04.gt,99,10.0,86400.0,PTVRP_LAYERED_SAFE,229960.0,64,12,0.0019,251,54,12,4077,41.1818,,0,0,155,0,0,0,
Instances/Instances 3/rd100_05.gt,99,10.0,86400.0,PTVRP_LAYERED_SAFE,231324.0,75,8,0.0018,252,58,11,4211,42.5354,,0,0,154,0,0,0,
Instances/Instances 3/rd100_06.gt,99,10.0,86400.0,PTVRP_LAYERED_SAFE,241404.0,71,9,0.0018,258,58,9,4261,43.0404,,0,0,168,0,0,0,
Instances/Instances 3/rd100_07.gt,99,10.0,86400.0,PTVRP_LAYERED_SAFE,245382.0,70,16,0.0019,265,61,16,4361,44.0505,,0,0,172,0,0,0,
Instances/Instances 3/rd100_08.gt,99,10.0,86400.0,PTVRP_LAYERED_SAFE,238446.0,73,11,0.0019,263,57,11,4265,43.0808,,0,0,166,0,0,0,
Instances/Instances 3/rd100_09.gt,99,10.0,86400.0,PTVRP_LAYERED_SAFE,240387.0,68,8,0.0018,262,57,9,4191,42.3333,,0,0,163,0,0,0,
Instances/Instances 3/rd100_10.gt,99,10.0,86400.0,PTVRP_LAYERED_SAFE,200465.0,61,9,0.0018,214,52,9,3835,38.7374,,0,0,154,0,0,0,
Instances/Instances 3/rd400_01.gt,399,10.0,86400.0,PTVRP_LAYERED_SAFE,851551.0,241,15,0.0034,1000,80,15,24464,61.3133,,0,0,1417,0,0,0,
Instances/Instances 3/rd400_02.gt,399,10.0,86400.0,PTVRP_LAYERED_SAFE,834873.0,252,12,0.0035,1012,87,13,24801,62.1579,,0,0,1387,0,0,0,
Instances/Instances 3/rd400_03.gt,399,10.0,86400.0,PTVRP_LAYERED_SAFE,850403.0,238,13,0.0035,1016,80,13,24710,61.9298,,0,0,1396,0,0,0,
Instances/Instances 3/rd400_04.gt,399,10.0,86400.0,PTVRP_LAYERED_SAFE,818097.0,242,13,0.0037,964,74,13,23991,60.1278,,0,0,1371,0,0,0,
Instances/Instances 3/rd400_05.gt,399,10.0,86400.0,PTVRP_LAYERED_SAFE,892389.0,243,14,0.0033,1072,84,14,25370,63.584,,0,0,1406,0,0,0,
Instances/Instances 3/rd400_06.gt,399,10.0,86400.0,PTVRP_LAYERED_SAFE,852932.0,239,14,0.0036,1030,85,14,24990,62.6316,,0,0,1408,0,0,0,
Instances/Instances 3/rd400_07.gt,399,10.0,86400.0,PTVRP_LAYERED_SAFE,871332.0,235,15,0.0038,1022,80,15,24511,61.4311,,0,0,1362,0,0,0,
Instances/Instances 3/rd400_08.gt,399,10.0,86400.0,PTVRP_LAYERED_SAFE,878797.0,233,16,0.0035,1034,78,16,24677,61.8471,,0,0,1388,0,0,0,
Instances/Instances 3/rd400_09.gt,399,10.0,86400.0,PTVRP_LAYERED_SAFE,842201.0,249,12,0.0039,1021,83,12,24764,62.0652,,0,0,1402,0,0,0,
Instances/Instances 3/rd400_10.gt,399,10.0,86400.0,PTVRP_LAYERED_SAFE,835330.0,239,14,0.0036,1001,81,15,24593,61.6366,,0,0,1408,0,0,0,
Instances/Instances 3/rl11849_01.gt,11848,10.0,86400.0,PTVRP_LAYERED_SAFE,NO SOLUTION,,,0.0151,30018,62,18,188928,15.946,,0,0,4506,0,0,0,
Instances/Instances 3/rl11849_02.gt,11848,10.0,86400.0,PTVRP_LAYERED_SAFE,NO SOLUTION,,,0.0148,30359,66,16,188640,15.9217,,0,0,4398,0,0,0,
Instances/Instances 3/rl11849_03.gt,11848,10.0,86400.0,PTVRP_LAYERED_SAFE,NO SOLUTION,,,0.0147,30422,61,17,188741,15.9302,,0,0,4385,0,0,0,
Instances/Instances 3/rl11849_04.gt,11848,10.0,86400.0,PTVRP_LAYERED_SAFE,NO SOLUTION,,,0.0142,30307,73,17,188775,15.9331,,0,0,4436,0,0,0,
Instances/Instances 3/rl11849_05.gt,11848,10.0,86400.0,PTVRP_LAYERED_SAFE,NO SOLUTION,,,0.0145,30645,65,16,189023,15.954,,0,0,4381,0,0,0,
Instances/Instances 3/rl11849_06.gt,11848,10.0,86400.0,PTVRP_LAYERED_SAFE,NO SOLUTION,,,0.0132,30238,65,17,189038,15.9553,,0,0,4444,0,0,0,
Instances/Instances 3/rl11849_07.gt,11848,10.0,86400.0,PTVRP_LAYERED_SAFE,NO SOLUTION,,,0.0128,30218,64,18,188364,15.8984,,0,0,4462,0,0,0,
Instances/Instances 3/rl11849_08.gt,11848,10.0,86400.0,PTVRP_LAYERED_SAFE,NO SOLUTION,,,0.0135,30002,66,19,188525,15.912,,0,0,4459,0,0,0,
Instances/Instances 3/rl11849_09.gt,11848,10.0,86400.0,PTVRP_LAYERED_SAFE,NO SOLUTION,,,0.0132,30248,61,18,189433,15.9886,,0,0,4406,0,0,0,
Instances/Instances 3/rl11849_10.gt,11848,10.0,86400.0,PTVRP_LAYERED_SAFE,NO SOLUTION,,,0.0131,30128,61,15,188584,15.9169,,0,0,4446,0,0,0,
Instances/Instances 3/rl1304_01.gt,1303,10.0,86400.0,PTVRP_LAYERED_SAFE,NO SOLUTION,,,0.0041,3286,42,6,18124,13.9094,,0,0,43,0,0,0,
Instances/Instances 3/rl1304_02.gt,1303,10.0,86400.0,PTVRP_LAYERED_SAFE,NO SOLUTION,,,0.0032,3329,43,5,18085,13.8795,,0,0,63,0,0,0,
Instances/Instances 3/rl1304_03.gt,1303,10.0,86400.0,PTVRP_LAYERED_SAFE,NO SOLUTION,,,0.0031,3371,42,6,18061,13.8611,,0,0,49,0,0,0,
Instances/Instances 3/rl1304_04.gt,1303,10.0,86400.0,PTVRP_LAYERED_SAFE,NO SOLUTION,,,0.0028,3300,46,5,18272,14.023,,0,0,54,0,0,0,
Instances/Instances 3/rl1304_05.gt,1303,10.0,86400.0,PTVRP_LAYERED_SAFE,NO SOLUTION,,,0.003,3336,41,6,18201,13.9685,,0,0,46,0,0,0,
Instances/Instances 3/rl1304_06.gt,1303,10.0,86400.0,PTVRP_LAYERED_SAFE,NO SOLUTION,,,0.0031,3294,47,6,18180,13.9524,,0,0,57,0,0,0,
Instances/Instances 3/rl1304_07.gt,1303,10.0,86400.0,PTVRP_LAYERED_SAFE,NO SOLUTION,,,0.003,3335,40,5,18032,13.8388,,0,0,35,0,0,0,
Instances/Instances 3/rl1304_08.gt,1303,10.0,86400.0,PTVRP_LAYERED_SAFE,NO SOLUTION,,,0.0031,3342,39,5,18126,13.911,,0,0,65,0,0,0,
Instances/Instances 3/rl1304_09.gt,1303,10.0,86400.0,PTVRP_LAYERED_SAFE,NO SOLUTION,,,0.0038,3380,41,7,18029,13.8365,,0,0,51,0,0,0,
Instances/Instances 3/rl1304_10.gt,1303,10.0,86400.0,PTVRP_LAYERED_SAFE,NO SOLUTION,,,0.0029,3311,38,5,18015,13.8258,,0,0,47,0,0,0,
Instances/Instances 3/rl1323_01.gt,1322,10.0,86400.0,PTVRP_LAYERED_SAFE,NO SOLUTION,,,0.0028,3441,31,12,17334,13.112,,0,0,431,0,0,0,
Instances/Instances 3/rl1323_02.gt,1322,10.0,86400.0,PTVRP_LAYERED_SAFE,NO SOLUTION,,,0.0028,3334,35,10,17317,13.0991,,0,0,459,0,0,0,
Instances/Instances 3/rl1323_03.gt,1322,10.0,86400.0,PTVRP_LAYERED_SAFE,NO SOLUTION,,,0.0028,3331,33,9,17339,13.1157,,0,0,436,0,0,0,
Instances/Instances 3/rl1323_04.gt,1322,10.0,86400.0,PTVRP_LAYERED_SAFE,NO SOLUTION,,,0.0029,3409,37,14,17588,13.3041,,0,0,424,0,0,0,
Instances/Instances 3/rl1323_05.gt,1322,10.0,86400.0,PTVRP_LAYERED_SAFE,NO SOLUTION,,,0.003,3387,33,11,17490,13.23,,0,0,463,0,0,0,
Instances/Instances 3/rl1323_06.gt,1322,10.0,86400.0,PTVRP_LAYERED_SAFE,NO SOLUTION,,,0.003,3374,33,10,17502,13.239,,0,0,452,0,0,0,
Instances/Instances 3/rl1323_07.gt,1322,10.0,86400.0,PTVRP_LAYERED_SAFE,NO SOLUTION,,,0.0032,3401,36,12,17423,13.1793,,0,0,689,0,0,0,
Instances/Instances 3/rl1323_08.gt,1322,10.0,86400.0,PTVRP_LAYERED_SAFE,NO SOLUTION,,,0.0033,3379,36,9,17456,13.2042,,0,0,433,0,0,0,
Instances/Instances 3/rl1323_09.gt,1322,10.0,86400.0,PTVRP_LAYERED_SAFE,NO SOLUTION,,,0.0028,3370,34,10,17392,13.1558,,0,0,419,0,0,0,
Instances/Instances 3/rl1323_10.gt,1322,10.0,86400.0,PTVRP_LAYERED_SAFE,NO SOLUTION,,,0.0036,3446,35,9,17391,13.1551,,0,0,439,0,0,0,
Instances/Instances 3/rl1889_01.gt,1888,10.0,86400.0,PTVRP_LAYERED_SAFE,NO SOLUTION,,,0.0031,4815,38,4,24090,12.7595,,0,0,4,0,0,0,
Instances/Instances 3/rl1889_02.gt,1888,10.0,86400.0,PTVRP_LAYERED_SAFE,NO SOLUTION,,,0.0034,4822,37,4,24240,12.839,,0,0,6,0,0,0,
Instances/Instances 3/rl1889_03.gt,1888,10.0,86400.0,PTVRP_LAYERED_SAFE,NO SOLUTION,,,0.0034,4836,37,4,24196,12.8157,,0,0,9,0,0,0,
Instances/Instances 3/rl1889_04.gt,1888,10.0,86400.0,PTVRP_LAYERED_SAFE,NO SOLUTION,,,0.0037,4812,38,4,24068,12.7479,,0,0,2,0,0,0,
Instances/Instances 3/rl1889_05.gt,1888,10.0,86400.0,PTVRP_LAYERED_SAFE,NO SOLUTION,,,0.0036,4879,38,4,24179,12.8067,,0,0,12,0,0,0,
Instances/Instances 3/rl1889_06.gt,1888,10.0,86400.0,PTVRP_LAYERED_SAFE,NO SOLUTION,,,0.0032,4795,40,0,24039,12.7325,,0,0,1,0,0,0,
Instances/Instances 3/rl1889_07.gt,1888,10.0,86400.0,PTVRP_LAYERED_SAFE,NO SOLUTION,,,0.0031,4911,36,3,24121,12.776,,0,0,3,0,0,0,
Instances/Instances 3/rl1889_08.gt,1888,10.0,86400.0,PTVRP_LAYERED_SAFE,NO SOLUTION,,,0.0034,4793,37,4,24148,12.7903,,0,0,5,0,0,0,
Instances/Instances 3/rl1889_09.gt,1888,10.0,86400.0,PTVRP_LAYERED_SAFE,NO SOLUTION,,,0.0031,4835,39,4,24066,12.7468,,0,0,5,0,0,0,
Instances/Instances 3/rl1889_10.gt,1888,10.0,86400.0,PTVRP_LAYERED_SAFE,NO SOLUTION,,,0.0036,4867,42,4,24308,12.875,,0,0,5,0,0,0,
Instances/Instances 3/rl5915_01.gt,5914,10.0,86400.0,PTVRP_LAYERED_SAFE,NO SOLUTION,,,0.0069,14839,48,5,90828,15.3581,,0,0,66,0,0,0,
Instances/Instances 3/rl5915_02.gt,5914,10.0,86400.0,PTVRP_LAYERED_SAFE,NO SOLUTION,,,0.0068,15022,48,5,91060,15.3974,,0,0,52,0,0,0,
Instances/Instances 3/rl5915_03.gt,5914,10.0,86400.0,PTVRP_LAYERED_SAFE,NO SOLUTION,,,0.0073,15162,47,15,91039,15.3938,,0,0,6711,0,0,0,
Instances/Instances 3/rl5915_04.gt,5914,10.0,86400.0,PTVRP_LAYERED_SAFE,NO SOLUTION,,,0.0068,15042,48,5,91042,15.3943,,0,0,61,0,0,0,
Instances/Instances 3/rl5915_05.gt,5914,10.0,86400.0,PTVRP_LAYERED_SAFE,NO SOLUTION,,,0.0078,15100,49,17,91146,15.4119,,0,0,8222,0,0,0,
Instances/Instances 3/rl5915_06.gt,5914,10.0,86400.0,PTVRP_LAYERED_SAFE,NO SOLUTION,,,0.0075,15289,49,16,91176,15.417,,0,0,6696,0,0,0,
Instances/Instances 3/rl5915_07.gt,5914,10.0,86400.0,PTVRP_LAYERED_SAFE,NO SOLUTION,,,0.0076,14935,49,5,91398,15.4545,,0,0,48,0,0,0,
Instances/Instances 3/rl5915_08.gt,5914,10.0,86400.0,PTVRP_LAYERED_SAFE,NO SOLUTION,,,0.007,15134,47,5,91103,15.4046,,0,0,53,0,0,0,
Instances/Instances 3/rl5915_09.gt,5914,10.0,86400.0,PTVRP_LAYERED_SAFE,NO SOLUTION,,,0.0071,15061,51,5,91470,15.4667,,0,0,57,0,0,0,
Instances/Instances 3/rl5915_10.gt,5914,10.0,86400.0,PTVRP_LAYERED_SAFE,NO SOLUTION,,,0.0082,15021,48,20,90686,15.3341,,0,0,6838,0,0,0,
Instances/Instances 3/rl5934_01.gt,5933,10.0,86400.0,PTVRP_LAYERED_SAFE,NO SOLUTION,,,0.0073,15157,46,4,94193,15.8761,,0,0,3,0,0,0,
Instances/Instances 3/rl5934_02.gt,5933,10.0,86400.0,PTVRP_LAYERED_SAFE,NO SOLUTION,,,0.0082,15066,46,0,94170,15.8722,,0,0,1,0,0,0,
Instances/Instances 3/rl5934_03.gt,5933,10.0,86400.0,PTVRP_LAYERED_SAFE,NO SOLUTION,,,0.0077,15142,48,4,94495,15.927,,0,0,18,0,0,0,
Instances/Instances 3/rl5934_04.gt,5933,10.0,86400.0,PTVRP_LAYERED_SAFE,NO SOLUTION,,,0.0076,15343,47,4,94568,15.9393,,0,0,24,0,0,0,
Instances/Instances 3/rl5934_05.gt,5933,10.0,86400.0,PTVRP_LAYERED_SAFE,NO SOLUTION,,,0.0083,15142,47,0,94434,15.9167,,0,0,2,0,0,0,
Instances/Instances 3/rl5934_06.gt,5933,10.0,86400.0,PTVRP_LAYERED_SAFE,NO SOLUTION,,,0.0078,15194,47,4,94259,15.8872,,0,0,26,0,0,0,
Instances/Instances 3/rl5934_07.gt,5933,10.0,86400.0,PTVRP_LAYERED_SAFE,NO SOLUTION,,,0.007,15260,49,4,94317,15.897,,0,0,6,0,0,0,
Instances/Instances 3/rl5934_08.gt,5933,10.0,86400.0,PTVRP_LAYERED_SAFE,NO SOLUTION,,,0.007,15061,43,4,93730,15.7981,,0,0,3,0,0,0,
Instances/Instances 3/rl5934_09.gt,5933,10.0,86400.0,PTVRP_LAYERED_SAFE,NO SOLUTION,,,0.0074,15176,45,3,94294,15.8931,,0,0,6,0,0,0,
Instances/Instances 3/rl5934_10.gt,5933,10.0,86400.0,PTVRP_LAYERED_SAFE,NO SOLUTION,,,0.0072,15281,50,0,94528,15.9326,,0,0,2,0,0,0,
Instances/Instances 3/rw1621_01.gt,1620,10.0,86400.0,PTVRP_LAYERED_SAFE,4699717.0,722,25,0.0085,4189,132,25,136422,84.2111,,0,0,13034,0,0,0,
Instances/Instances 3/rw1621_02.gt,1620,10.0,86400.0,PTVRP_LAYERED_SAFE,4611680.0,721,25,0.0095,4143,139,28,136242,84.1,,0,0,13175,0,0,0,
Instances/Instances 3/rw1621_03.gt,1620,10.0,86400.0,PTVRP_LAYERED_SAFE,4597742.0,718,26,0.0086,4117,130,31,135620,83.716,,0,0,13229,0,0,0,
Instances/Instances 3/rw1621_04.gt,1620,10.0,86400.0,PTVRP_LAYERED_SAFE,4708510.0,726,25,0.0088,4225,135,27,136943,84.5327,,0,0,13110,0,0,0,
Instances/Instances 3/rw1621_05.gt,1620,10.0,86400.0,PTVRP_LAYERED_SAFE,4647032.0,699,26,0.0087,4140,148,33,136047,83.9796,,0,0,13141,0,0,0,
Instances/Instances 3/rw1621_06.gt,1620,10.0,86400.0,PTVRP_LAYERED_SAFE,4616264.0,729,29,0.0093,4132,138,32,135511,83.6488,,0,0,13252,0,0,0,
Instances/Instances 3/rw1621_07.gt,1620,10.0,86400.0,PTVRP_LAYERED_SAFE,4583308.0,701,22,0.0087,4085,139,25,135042,83.3593,,0,0,13168,0,0,0,
Instances/Instances 3/rw1621_08.gt,1620,10.0,86400.0,PTVRP_LAYERED_SAFE,4624804.0,705,26,0.0084,4114,135,26,135388,83.5728,,0,0,13192,0,0,0,
Instances/Instances 3/rw1621_09.gt,1620,10.0,86400.0,PTVRP_LAYERED_SAFE,4689576.0,684,20,0.0085,4184,132,27,136288,84.1284,,0,0,12995,0,0,0,
Instances/Instances 3/rw1621_10.gt,1620,10.0,86400.0,PTVRP_LAYERED_SAFE,4554245.0,704,34,0.0085,4094,139,34,135696,83.763,,0,0,13226,0,0,0,
Instances/Instances 3/st70_01.gt,69,10.0,86400.0,PTVRP_LAYERED_SAFE,13829.0,45,8,0.002,152,132,8,5239,75.9275,,0,0,23,0,0,0,
Instances/Instances 3/st70_02.gt,69,10.0,86400.0,PTVRP_LAYERED_SAFE,14631.0,49,9,0.002,162,137,9,5678,82.2899,,0,0,21,0,0,0,
Instances/Instances 3/st70_03.gt,69,10.0,86400.0,PTVRP_LAYERED_SAFE,15112.0,53,7,0.0019,176,142,7,6178,89.5362,,0,0,24,0,0,0,
Instances/Instances 3/st70_04.gt,69,10.0,86400.0,PTVRP_LAYERED_SAFE,14748.0,53,9,0.0019,167,144,9,5127,74.3043,,0,0,26,0,0,0,
Instances/Instances 3/st70_05.gt,69,10.0,86400.0,PTVRP_LAYERED_SAFE,16017.0,53,8,0.0019,183,147,8,6092,88.2899,,0,0,30,0,0,0,
Instances/Instances 3/st70_06.gt,69,10.0,86400.0,PTVRP_LAYERED_SAFE,14473.0,48,9,0.0018,171,143,9,5831,84.5072,,0,0,29,0,0,0,
Instances/Instances 3/st70_07.gt,69,10.0,86400.0,PTVRP_LAYERED_SAFE,13670.0,55,9,0.002,166,143,9,5464,79.1884,,0,0,30,0,0,0,
Instances/Instances 3/st70_08.gt,69,10.0,86400.0,PTVRP_LAYERED_SAFE,15303.0,54,7,0.0021,170,139,9,5855,84.8551,,0,0,27,0,0,0,
Instances/Instances 3/st70_09.gt,69,10.0,86400.0,PTVRP_LAYERED_SAFE,15825.0,53,8,0.0019,187,151,8,5960,86.3768,,0,0,27,0,0,0,
Instances/Instances 3/st70_10.gt,69,10.0,86400.0,PTVRP_LAYERED_SAFE,14697.0,47,8,0.0021,165,138,8,5541,80.3043,,0,0,25,0,0,0,
Instances/Instances 3/sw24978_01.gt,24977,10.0,86400.0,PTVRP_LAYERED_SAFE,NO SOLUTION,,,0.0359,63843,87,22,703328,28.159,,0,0,44341,0,0,0,
Instances/Instances 3/sw24978_02.gt,24977,10.0,86400.0,PTVRP_LAYERED_SAFE,NO SOLUTION,,,0.0356,63589,89,25,703426,28.1629,,0,0,43883,0,0,0,
Instances/Instances 3/sw24978_03.gt,24977,10.0,86400.0,PTVRP_LAYERED_SAFE,NO SOLUTION,,,0.0353,63580,90,24,703635,28.1713,,0,0,44019,0,0,0,
Instances/Instances 3/sw24978_04.gt,24977,10.0,86400.0,PTVRP_LAYERED_SAFE,NO SOLUTION,,,0.0354,64034,90,25,702553,28.128,,0,0,43911,0,0,0,
Instances/Instances 3/sw24978_05.gt,24977,10.0,86400.0,PTVRP_LAYERED_SAFE,NO SOLUTION,,,0.0353,63146,89,24,702468,28.1246,,0,0,44188,0,0,0,
Instances/Instances 3/sw24978_06.gt,24977,10.0,86400.0,PTVRP_LAYERED_SAFE,NO SOLUTION,,,0.0371,64010,90,24,703805,28.1781,,0,0,43920,0,0,0,
Instances/Instances 3/sw24978_07.gt,24977,10.0,86400.0,PTVRP_LAYERED_SAFE,NO SOLUTION,,,0.04,63524,91,24,702307,28.1181,,0,0,44173,0,0,0,
Instances/Instances 3/sw24978_08.gt,24977,10.0,86400.0,PTVRP_LAYERED_SAFE,NO SOLUTION,,,0.0398,63726,101,23,704478,28.2051,,0,0,43876,0,0,0,
Instances/Instances 3/sw24978_09.gt,24977,10.0,86400.0,PTVRP_LAYERED_SAFE,NO SOLUTION,,,0.0398,63565,88,25,702405,28.1221,,0,0,44037,0,0,0,
Instances/Instances 3/sw24978_10.gt,24977,10.0,86400.0,PTVRP_LAYERED_SAFE,NO SOLUTION,,,0.0395,63707,86,22,702535,28.1273,,0,0,44480,0,0,0,
Instances/Instances 3/ts225_01.gt,224,10.0,86400.0,PTVRP_LAYERED_SAFE,6556133.0,162,9,0.0025,567,22,9,2391,10.6741,,0,0,343,0,0,0,
Instances/Instances 3/ts225_02.gt,224,10.0,86400.0,PTVRP_LAYERED_SAFE,7322584.0,166,8,0.0026,623,20,8,2437,10.8795,,0,0,324,0,0,0,
Instances/Instances 3/ts225_03.gt,224,10.0,86400.0,PTVRP_LAYERED_SAFE,6494470.0,164,9,0.0025,575,20,9,2449,10.933,,0,0,366,0,0,0,
Instances/Instances 3/ts225_04.gt,224,10.0,86400.0,PTVRP_LAYERED_SAFE,6882733.0,171,9,0.0026,598,22,9,2451,10.942,,0,0,348,0,0,0,
Instances/Instances 3/ts225_05.gt,224,10.0,86400.0,PTVRP_LAYERED_SAFE,6576806.0,163,9,0.0025,582,21,9,2454,10.9554,,0,0,352,0,0,0,
Instances/Instances 3/ts225_06.gt,224,10.0,86400.0,PTVRP_LAYERED_SAFE,6259972.0,159,9,0.0023,539,21,9,2414,10.7768,,0,0,356,0,0,0,
Instances/Instances 3/ts225_07.gt,224,10.0,86400.0,PTVRP_LAYERED_SAFE,6151092.0,152,9,0.0022,543,23,9,2406,10.7411,,0,0,354,0,0,0,
Instances/Instances 3/ts225_08.gt,224,10.0,86400.0,PTVRP_LAYERED_SAFE,6385728.0,159,8,0.0021,544,19,9,2305,10.2902,,0,0,349,0,0,0,
Instances/Instances 3/ts225_09.gt,224,10.0,86400.0,PTVRP_LAYERED_SAFE,6719653.0,169,8,0.0023,581,20,9,2398,10.7054,,0,0,336,0,0,0,
Instances/Instances 3/ts225_10.gt,224,10.0,86400.0,PTVRP_LAYERED_SAFE,6582608.0,163,9,0.0022,592,24,9,2498,11.1518,,0,0,347,0,0,0,
Instances/Instances 3/tsp225_01.gt,224,10.0,86400.0,PTVRP_LAYERED_SAFE,165557.0,145,12,0.0026,570,122,12,21747,97.0848,,0,0,561,0,0,0,
Instances/Instances 3/tsp225_02.gt,224,10.0,86400.0,PTVRP_LAYERED_SAFE,185624.0,153,11,0.0027,623,125,11,22377,99.8973,,0,0,583,0,0,0,
Instances/Instances 3/tsp225_03.gt,224,10.0,86400.0,PTVRP_LAYERED_SAFE,161779.0,149,9,0.0028,572,121,10,21590,96.3839,,0,0,578,0,0,0,
Instances/Instances 3/tsp225_04.gt,224,10.0,86400.0,PTVRP_LAYERED_SAFE,175486.0,153,10,0.003,598,123,11,21968,98.0714,,0,0,580,0,0,0,
Instances/Instances 3/tsp225_05.gt,224,10.0,86400.0,PTVRP_LAYERED_SAFE,172190.0,146,11,0.0032,580,122,11,21693,96.8438,,0,0,577,0,0,0,
Instances/Instances 3/tsp225_06.gt,224,10.0,86400.0,PTVRP_LAYERED_SAFE,157511.0,147,11,0.0029,536,116,12,20918,93.3839,,0,0,545,0,0,0,
Instances/Instances 3/tsp225_07.gt,224,10.0,86400.0,PTVRP_LAYERED_SAFE,153057.0,145,12,0.0026,545,118,12,21082,94.1161,,0,0,568,0,0,0,
Instances/Instances 3/tsp225_08.gt,224,10.0,86400.0,PTVRP_LAYERED_SAFE,162394.0,152,12,0.0027,541,113,12,20924,93.4107,,0,0,561,0,0,0,
Instances/Instances 3/tsp225_09.gt,224,10.0,86400.0,PTVRP_LAYERED_SAFE,167741.0,149,10,0.0028,583,128,12,21863,97.6027,,0,0,582,0,0,0,
Instances/Instances 3/tsp225_10.gt,224,10.0,86400.0,PTVRP_LAYERED_SAFE,168703.0,142,11,0.0029,590,124,11,21922,97.8661,,0,0,574,0,0,0,
Instances/Instances 3/tz6117_01.gt,6116,10.0,86400.0,PTVRP_LAYERED_SAFE,121747404.0,3363,17,0.0197,15444,66,20,126627,20.7042,,0,0,21402,0,0,0,
Instances/Instances 3/tz6117_02.gt,6116,10.0,86400.0,PTVRP_LAYERED_SAFE,124345043.0,3347,17,0.0195,15798,56,17,126963,20.7592,,0,0,21042,0,0,0,
Instances/Instances 3/tz6117_03.gt,6116,10.0,86400.0,PTVRP_LAYERED_SAFE,123054875.0,3344,16,0.0184,15543,62,19,127190,20.7963,,0,0,21457,0,0,0,
Instances/Instances 3/tz6117_04.gt,6116,10.0,86400.0,PTVRP_LAYERED_SAFE,124276207.0,3360,17,0.0194,15768,60,18,127205,20.7987,,0,0,21137,0,0,0,
Instances/Instances 3/tz6117_05.gt,6116,10.0,86400.0,PTVRP_LAYERED_SAFE,120919473.0,3274,17,0.0186,15389,60,20,126812,20.7345,,0,0,21506,0,0,0,
Instances/Instances 3/tz6117_06.gt,6116,10.0,86400.0,PTVRP_LAYERED_SAFE,124272474.0,3354,17,0.0202,15701,64,18,126762,20.7263,,0,0,21145,0,0,0,
Instances/Instances 3/tz6117_07.gt,6116,10.0,86400.0,PTVRP_LAYERED_SAFE,123420900.0,3354,18,0.0214,15678,58,20,126948,20.7567,,0,0,21210,0,0,0,
Instances/Instances 3/tz6117_08.gt,6116,10.0,86400.0,PTVRP_LAYERED_SAFE,122131338.0,3340,18,0.0163,15619,61,20,127740,20.8862,,0,0,21378,0,0,0,
Instances/Instances 3/tz6117_09.gt,6116,10.0,86400.0,PTVRP_LAYERED_SAFE,121980798.0,3313,16,0.0187,15507,61,18,126794,20.7315,,0,0,21276,0,0,0,
Instances/Instances 3/tz6117_10.gt,6116,10.0,86400.0,PTVRP_LAYERED_SAFE,122542104.0,3337,18,0.0205,15655,61,19,127333,20.8197,,0,0,21270,0,0,0,
Instances/Instances 3/u1060_01.gt,1059,10.0,86400.0,PTVRP_LAYERED_SAFE,27657271.0,700,11,0.0049,2711,35,11,15645,14.7734,,0,0,2326,0,0,0,
Instances/Instances 3/u1060_02.gt,1059,10.0,86400.0,PTVRP_LAYERED_SAFE,NO SOLUTION,,,0.0031,2653,33,12,15584,14.7158,,0,0,1031,0,0,0,
Instances/Instances 3/u1060_03.gt,1059,10.0,86400.0,PTVRP_LAYERED_SAFE,27558339.0,706,12,0.0048,2772,36,12,15935,15.0472,,0,0,2348,0,0,0,
Instances/Instances 3/u1060_04.gt,1059,10.0,86400.0,PTVRP_LAYERED_SAFE,27898027.0,710,11,0.0045,2736,35,13,15706,14.831,,0,0,2311,0,0,0,
Instances/Instances 3/u1060_05.gt,1059,10.0,86400.0,PTVRP_LAYERED_SAFE,NO SOLUTION,,,0.0026,2696,35,13,15689,14.8149,,0,0,2211,0,0,0,
Instances/Instances 3/u1060_06.gt,1059,10.0,86400.0,PTVRP_LAYERED_SAFE,27471254.0,714,12,0.0043,2697,36,13,15700,14.8253,,0,0,2364,0,0,0,
Instances/Instances 3/u1060_07.gt,1059,10.0,86400.0,PTVRP_LAYERED_SAFE,27045692.0,692,12,0.0044,2668,35,12,15590,14.7214,,0,0,2361,0,0,0,
Instances/Instances 3/u1060_08.gt,1059,10.0,86400.0,PTVRP_LAYERED_SAFE,27444606.0,699,13,0.0048,2699,32,14,15600,14.7309,,0,0,2338,0,0,0,
Instances/Instances 3/u1060_09.gt,1059,10.0,86400.0,PTVRP_LAYERED_SAFE,NO SOLUTION,,,0.0029,2661,32,14,15505,14.6412,,0,0,1020,0,0,0,
Instances/Instances 3/u1060_10.gt,1059,10.0,86400.0,PTVRP_LAYERED_SAFE,27711302.0,705,11,0.0052,2716,33,11,15720,14.8442,,0,0,2331,0,0,0,
Instances/Instances 3/u1432_01.gt,1431,10.0,86400.0,PTVRP_LAYERED_SAFE,15121146.0,755,14,0.0064,3503,43,16,38041,26.5835,,0,0,4953,0,0,0,
Instances/Instances 3/u1432_02.gt,1431,10.0,86400.0,PTVRP_LAYERED_SAFE,15819478.0,781,15,0.0064,3663,46,16,38537,26.9301,,0,0,4834,0,0,0,
Instances/Instances 3/u1432_03.gt,1431,10.0,86400.0,PTVRP_LAYERED_SAFE,15460467.0,756,15,0.0063,3592,52,16,38352,26.8008,,0,0,4859,0,0,0,
Instances/Instances 3/u1432_04.gt,1431,10.0,86400.0,PTVRP_LAYERED_SAFE,15505579.0,763,15,0.0062,3617,49,16,38426,26.8526,,0,0,4884,0,0,0,
Instances/Instances 3/u1432_05.gt,1431,10.0,86400.0,PTVRP_LAYERED_SAFE,15779241.0,777,15,0.0061,3668,45,16,38466,26.8805,,0,0,4924,0,0,0,
Instances/Instances 3/u1432_06.gt,1431,10.0,86400.0,PTVRP_LAYERED_SAFE,15757989.0,789,15,0.0064,3675,48,15,38608,26.9797,,0,0,4851,0,0,0,
Instances/Instances 3/u1432_07.gt,1431,10.0,86400.0,PTVRP_LAYERED_SAFE,15920491.0,780,15,0.0057,3683,46,16,38512,26.9126,,0,0,4904,0,0,0,
Instances/Instances 3/u1432_08.gt,1431,10.0,86400.0,PTVRP_LAYERED_SAFE,15810068.0,745,15,0.0056,3673,49,15,38610,26.9811,,0,0,4879,0,0,0,
Instances/Instances 3/u1432_09.gt,1431,10.0,86400.0,PTVRP_LAYERED_SAFE,15906911.0,739,14,0.0055,3655,46,16,38385,26.8239,,0,0,4895,0,0,0,
Instances/Instances 3/u1432_10.gt,1431,10.0,86400.0,PTVRP_LAYERED_SAFE,15771713.0,780,15,0.0058,3660,47,16,38496,26.9015,,0,0,4833,0,0,0,
Instances/Instances 3/u159_01.gt,158,10.0,86400.0,PTVRP_LAYERED_SAFE,1955024.0,104,10,0.0022,419,30,14,3155,19.9684,,0,0,323,0,0,0,
Instances/Instances 3/u159_02.gt,158,10.0,86400.0,PTVRP_LAYERED_SAFE,1804726.0,96,12,0.0023,390,27,12,3065,19.3987,,0,0,327,0,0,0,
Instances/Instances 3/u159_03.gt,158,10.0,86400.0,PTVRP_LAYERED_SAFE,1700890.0,103,12,0.0024,369,29,12,3056,19.3418,,0,0,352,0,0,0,
Instances/Instances 3/u159_04.gt,158,10.0,86400.0,PTVRP_LAYERED_SAFE,1730740.0,97,12,0.0023,373,27,13,3072,19.443,,0,0,346,0,0,0,
Instances/Instances 3/u159_05.gt,158,10.0,86400.0,PTVRP_LAYERED_SAFE,1817579.0,99,13,0.0024,389,27,13,3107,19.6646,,0,0,340,0,0,0,
Instances/Instances 3/u159_06.gt,158,10.0,86400.0,PTVRP_LAYERED_SAFE,1597865.0,100,9,0.0022,353,29,11,3023,19.1329,,0,0,337,0,0,0,
Instances/Instances 3/u159_07.gt,158,10.0,86400.0,PTVRP_LAYERED_SAFE,1823566.0,98,13,0.0019,382,27,13,3065,19.3987,,0,0,328,0,0,0,
Instances/Instances 3/u159_08.gt,158,10.0,86400.0,PTVRP_LAYERED_SAFE,1880216.0,96,9,0.002,401,30,9,3093,19.5759,,0,0,318,0,0,0,
Instances/Instances 3/u159_09.gt,158,10.0,86400.0,PTVRP_LAYERED_SAFE,1823680.0,97,13,0.002,405,30,13,3146,19.9114,,0,0,334,0,0,0,
Instances/Instances 3/u159_10.gt,158,10.0,86400.0,PTVRP_LAYERED_SAFE,1857083.0,101,12,0.0022,413,29,12,3185,20.1582,,0,0,340,0,0,0,
Instances/Instances 3/u1817_01.gt,1816,10.0,86400.0,PTVRP_LAYERED_SAFE,8331342.0,886,19,0.0084,4658,86,20,102270,56.3161,,0,0,10590,0,0,0,
Instances/Instances 3/u1817_02.gt,1816,10.0,86400.0,PTVRP_LAYERED_SAFE,8306233.0,908,18,0.009,4639,85,20,102252,56.3062,,0,0,10465,0,0,0,
Instances/Instances 3/u1817_03.gt,1816,10.0,86400.0,PTVRP_LAYERED_SAFE,8296413.0,878,19,0.008,4601,85,23,101410,55.8425,,0,0,10501,0,0,0,
Instances/Instances 3/u1817_04.gt,1816,10.0,86400.0,PTVRP_LAYERED_SAFE,8540228.0,866,21,0.0079,4687,83,21,101771,56.0413,,0,0,10439,0,0,0,
Instances/Instances 3/u1817_05.gt,1816,10.0,86400.0,PTVRP_LAYERED_SAFE,8314402.0,863,18,0.0086,4625,83,19,101741,56.0248,,0,0,10534,0,0,0,
Instances/Instances 3/u1817_06.gt,1816,10.0,86400.0,PTVRP_LAYERED_SAFE,8251983.0,875,17,0.0088,4587,83,21,101512,55.8987,,0,0,10485,0,0,0,
Instances/Instances 3/u1817_07.gt,1816,10.0,86400.0,PTVRP_LAYERED_SAFE,8401806.0,904,19,0.0093,4637,87,21,101639,55.9686,,0,0,10516,0,0,0,
Instances/Instances 3/u1817_08.gt,1816,10.0,86400.0,PTVRP_LAYERED_SAFE,8300667.0,883,19,0.0096,4589,85,21,101405,55.8398,,0,0,10506,0,0,0,
Instances/Instances 3/u1817_09.gt,1816,10.0,86400.0,PTVRP_LAYERED_SAFE,8298174.0,901,20,0.0103,4659,85,21,102281,56.3221,,0,0,10415,0,0,0,
Instances/Instances 3/u1817_10.gt,1816,10.0,86400.0,PTVRP_LAYERED_SAFE,8316281.0,874,20,0.0093,4639,87,22,102172,56.2621,,0,0,10496,0,0,0,
Instances/Instances 3/u2152_01.gt,2151,10.0,86400.0,PTVRP_LAYERED_SAFE,9937986.0,1041,19,0.0108,5503,93,22,122501,56.9507,,0,0,12886,0,0,0,
Instances/Instances 3/u2152_02.gt,2151,10.0,86400.0,PTVRP_LAYERED_SAFE,9973001.0,1017,25,0.0109,5472,90,25,121925,56.6829,,0,0,12875,0,0,0,
Instances/Instances 3/u2152_03.gt,2151,10.0,86400.0,PTVRP_LAYERED_SAFE,10050850.0,992,21,0.0106,5533,93,24,122431,56.9182,,0,0,12808,0,0,0,
Instances/Instances 3/u2152_04.gt,2151,10.0,86400.0,PTVRP_LAYERED_SAFE,9956878.0,1040,20,0.0096,5485,92,20,122083,56.7564,,0,0,12915,0,0,0,
Instances/Instances 3/u2152_05.gt,2151,10.0,86400.0,PTVRP_LAYERED_SAFE,9893251.0,1020,22,0.0104,5423,88,22,121617,56.5397,,0,0,13091,0,0,0,
Instances/Instances 3/u2152_06.gt,2151,10.0,86400.0,PTVRP_LAYERED_SAFE,10022190.0,1028,18,0.0106,5497,87,20,121899,56.6709,,0,0,12913,0,0,0,
Instances/Instances 3/u2152_07.gt,2151,10.0,86400.0,PTVRP_LAYERED_SAFE,10001003.0,1052,17,0.0096,5482,92,21,121914,56.6778,,0,0,12864,0,0,0,
Instances/Instances 3/u2152_08.gt,2151,10.0,86400.0,PTVRP_LAYERED_SAFE,9941750.0,1012,22,0.01,5493,94,23,122213,56.8168,,0,0,12859,0,0,0,
Instances/Instances 3/u2152_09.gt,2151,10.0,86400.0,PTVRP_LAYERED_SAFE,9868487.0,1036,17,0.0093,5478,94,23,122085,56.7573,,0,0,12885,0,0,0,
Instances/Instances 3/u2152_10.gt,2151,10.0,86400.0,PTVRP_LAYERED_SAFE,10046468.0,1031,21,0.0092,5565,88,22,122759,57.0707,,0,0,12912,0,0,0,
Instances/Instances 3/u2319_01.gt,2318,10.0,86400.0,PTVRP_LAYERED_SAFE,23843851.0,1247,16,0.0085,5928,53,16,65696,28.3417,,0,0,8000,0,0,0,
Instances/Instances 3/u2319_02.gt,2318,10.0,86400.0,PTVRP_LAYERED_SAFE,23932928.0,1225,15,0.0086,5940,48,16,65799,28.3861,,0,0,7957,0,0,0,
Instances/Instances 3/u2319_03.gt,2318,10.0,86400.0,PTVRP_LAYERED_SAFE,23785324.0,1245,18,0.0086,5910,50,18,65723,28.3533,,0,0,8038,0,0,0,
Instances/Instances 3/u2319_04.gt,2318,10.0,86400.0,PTVRP_LAYERED_SAFE,24007177.0,1226,16,0.0089,5942,49,16,65607,28.3033,,0,0,8007,0,0,0,
Instances/Instances 3/u2319_05.gt,2318,10.0,86400.0,PTVRP_LAYERED_SAFE,23416903.0,1236,17,0.0093,5813,46,17,65349,28.192,,0,0,8080,0,0,0,
Instances/Instances 3/u2319_06.gt,2318,10.0,86400.0,PTVRP_LAYERED_SAFE,23885466.0,1240,17,0.0088,5930,48,17,65830,28.3995,,0,0,7952,0,0,0,
Instances/Instances 3/u2319_07.gt,2318,10.0,86400.0,PTVRP_LAYERED_SAFE,23695297.0,1276,15,0.0084,5929,52,16,65910,28.434,,0,0,8005,0,0,0,
Instances/Instances 3/u2319_08.gt,2318,10.0,86400.0,PTVRP_LAYERED_SAFE,23961428.0,1224,15,0.0084,5952,47,16,65720,28.352,,0,0,8020,0,0,0,
Instances/Instances 3/u2319_09.gt,2318,10.0,86400.0,PTVRP_LAYERED_SAFE,24013325.0,1224,15,0.0087,5932,49,17,65609,28.3041,,0,0,8010,0,0,0,
Instances/Instances 3/u2319_10.gt,2318,10.0,86400.0,PTVRP_LAYERED_SAFE,23949574.0,1272,16,0.0088,5975,48,16,65868,28.4159,,0,0,8036,0,0,0,
Instances/Instances 3/u574_01.gt,573,10.0,86400.0,PTVRP_LAYERED_SAFE,2779006.0,317,14,0.0035,1490,60,17,25231,44.0332,,0,0,2107,0,0,0,
Instances/Instances 3/u574_02.gt,573,10.0,86400.0,PTVRP_LAYERED_SAFE,2754450.0,336,13,0.0036,1480,64,16,25173,43.9319,,0,0,2082,0,0,0,
Instances/Instances 3/u574_03.gt,573,10.0,86400.0,PTVRP_LAYERED_SAFE,2624600.0,331,14,0.0034,1419,66,15,24738,43.1728,,0,0,2120,0,0,0,
Instances/Instances 3/u574_04.gt,573,10.0,86400.0,PTVRP_LAYERED_SAFE,2683545.0,316,15,0.0036,1439,63,15,24907,43.4677,,0,0,2111,0,0,0,
Instances/Instances 3/u574_05.gt,573,10.0,86400.0,PTVRP_LAYERED_SAFE,2674886.0,342,13,0.0035,1448,66,14,25102,43.808,,0,0,2092,0,0,0,
Instances/Instances 3/u574_06.gt,573,10.0,86400.0,PTVRP_LAYERED_SAFE,2865712.0,322,15,0.0035,1514,66,18,25225,44.0227,,0,0,2071,0,0,0,
Instances/Instances 3/u574_07.gt,573,10.0,86400.0,PTVRP_LAYERED_SAFE,2722244.0,336,14,0.0038,1479,63,15,25258,44.0803,,0,0,2091,0,0,0,
Instances/Instances 3/u574_08.gt,573,10.0,86400.0,PTVRP_LAYERED_SAFE,2739624.0,326,14,0.0036,1453,65,14,24935,43.5166,,0,0,2136,0,0,0,
Instances/Instances 3/u574_09.gt,573,10.0,86400.0,PTVRP_LAYERED_SAFE,2605599.0,317,17,0.0035,1395,63,20,24688,43.0855,,0,0,2132,0,0,0,
Instances/Instances 3/u574_10.gt,573,10.0,86400.0,PTVRP_LAYERED_SAFE,2720618.0,330,17,0.0039,1449,65,17,24897,43.4503,,0,0,2076,0,0,0,
Instances/Instances 3/u724_01.gt,723,10.0,86400.0,PTVRP_LAYERED_SAFE,3504519.0,399,16,0.004,1867,62,17,32603,45.0941,,0,0,3006,0,0,0,
Instances/Instances 3/u724_02.gt,723,10.0,86400.0,PTVRP_LAYERED_SAFE,3510237.0,403,21,0.004,1860,61,21,32549,45.0194,,0,0,2941,0,0,0,
Instances/Instances 3/u724_03.gt,723,10.0,86400.0,PTVRP_LAYERED_SAFE,3382713.0,390,15,0.004,1783,63,20,32072,44.3596,,0,0,2965,0,0,0,
Instances/Instances 3/u724_04.gt,723,10.0,86400.0,PTVRP_LAYERED_SAFE,3530333.0,401,21,0.0042,1841,61,24,32296,44.6694,,0,0,2984,0,0,0,
Instances/Instances 3/u724_05.gt,723,10.0,86400.0,PTVRP_LAYERED_SAFE,3606877.0,393,16,0.0041,1895,62,22,32779,45.3375,,0,0,2984,0,0,0,
Instances/Instances 3/u724_06.gt,723,10.0,86400.0,PTVRP_LAYERED_SAFE,3515840.0,400,16,0.0041,1874,65,21,32868,45.4606,,0,0,3012,0,0,0,
Instances/Instances 3/u724_07.gt,723,10.0,86400.0,PTVRP_LAYERED_SAFE,3360153.0,402,19,0.0042,1776,65,20,32013,44.278,,0,0,2975,0,0,0,
Instances/Instances 3/u724_08.gt,723,10.0,86400.0,PTVRP_LAYERED_SAFE,3417645.0,412,16,0.0043,1831,64,24,32567,45.0443,,0,0,3021,0,0,0,
Instances/Instances 3/u724_09.gt,723,10.0,86400.0,PTVRP_LAYERED_SAFE,3589144.0,395,16,0.004,1901,63,25,32984,45.621,,0,0,3014,0,0,0,
Instances/Instances 3/u724_10.gt,723,10.0,86400.0,PTVRP_LAYERED_SAFE,3468814.0,389,17,0.0041,1833,62,23,32395,44.8064,,0,0,2960,0,0,0,
Instances/Instances 3/usa13509_01.gt,13508,10.0,86400.0,PTVRP_LAYERED_SAFE,NO SOLUTION,,,0.0072,34525,17,0,5154,0.381552,,0,0,0,0,0,0,
Instances/Instances 3/usa13509_02.gt,13508,10.0,86400.0,PTVRP_LAYERED_SAFE,NO SOLUTION,,,0.0069,34249,18,0,5248,0.388511,,0,0,0,0,0,0,
Instances/Instances 3/usa13509_03.gt,13508,10.0,86400.0,PTVRP_LAYERED_SAFE,NO SOLUTION,,,0.0069,34393,18,0,5323,0.394063,,0,0,0,0,0,0,
Instances/Instances 3/usa13509_04.gt,13508,10.0,86400.0,PTVRP_LAYERED_SAFE,NO SOLUTION,,,0.0069,34460,18,0,5308,0.392952,,0,0,0,0,0,0,
Instances/Instances 3/usa13509_05.gt,13508,10.0,86400.0,PTVRP_LAYERED_SAFE,NO SOLUTION,,,0.0066,34514,19,0,5282,0.391028,,0,0,0,0,0,0,
Instances/Instances 3/usa13509_06.gt,13508,10.0,86400.0,PTVRP_LAYERED_SAFE,NO SOLUTION,,,0.0071,34237,19,0,5243,0.38814,,0,0,0,0,0,0,
Instances/Instances 3/usa13509_07.gt,13508,10.0,86400.0,PTVRP_LAYERED_SAFE,NO SOLUTION,,,0.0068,34699,17,0,5235,0.387548,,0,0,0,0,0,0,
Instances/Instances 3/usa13509_08.gt,13508,10.0,86400.0,PTVRP_LAYERED_SAFE,NO SOLUTION,,,0.0069,34354,16,0,5183,0.383699,,0,0,0,0,0,0,
Instances/Instances 3/usa13509_09.gt,13508,10.0,86400.0,PTVRP_LAYERED_SAFE,NO SOLUTION,,,0.0067,34424,19,0,5201,0.385031,,0,0,0,0,0,0,
Instances/Instances 3/usa13509_10.gt,13508,10.0,86400.0,PTVRP_LAYERED_SAFE,NO SOLUTION,,,0.0065,34208,17,0,5235,0.387548,,0,0,0,0,0,0,
Instances/Instances 3/uy734_01.gt,733,10.0,86400.0,PTVRP_LAYERED_SAFE,6455596.0,385,18,0.0039,1831,42,21,21599,29.4666,,0,0,2543,0,0,0,
Instances/Instances 3/uy734_02.gt,733,10.0,86400.0,PTVRP_LAYERED_SAFE,6827211.0,404,21,0.0036,1944,46,21,22128,30.1883,,0,0,2530,0,0,0,
Instances/Instances 3/uy734_03.gt,733,10.0,86400.0,PTVRP_LAYERED_SAFE,6564553.0,399,19,0.0039,1874,53,21,21953,29.9495,,0,0,2553,0,0,0,
Instances/Instances 3/uy734_04.gt,733,10.0,86400.0,PTVRP_LAYERED_SAFE,6589188.0,397,17,0.0037,1888,48,21,22006,30.0218,,0,0,2589,0,0,0,
Instances/Instances 3/uy734_05.gt,733,10.0,86400.0,PTVRP_LAYERED_SAFE,6492238.0,399,14,0.0038,1851,45,21,21906,29.8854,,0,0,2589,0,0,0,
Instances/Instances 3/uy734_06.gt,733,10.0,86400.0,PTVRP_LAYERED_SAFE,6615086.0,406,19,0.0037,1879,47,19,21810,29.7544,,0,0,2572,0,0,0,
Instances/Instances 3/uy734_07.gt,733,10.0,86400.0,PTVRP_LAYERED_SAFE,6573768.0,393,16,0.0039,1877,48,19,21893,29.8677,,0,0,2594,0,0,0,
Instances/Instances 3/uy734_08.gt,733,10.0,86400.0,PTVRP_LAYERED_SAFE,6711269.0,400,20,0.0042,1922,49,20,22049,30.0805,,0,0,2560,0,0,0,
Instances/Instances 3/uy734_09.gt,733,10.0,86400.0,PTVRP_LAYERED_SAFE,6641721.0,414,15,0.0042,1885,46,23,21923,29.9086,,0,0,2518,0,0,0,
Instances/Instances 3/uy734_10.gt,733,10.0,86400.0,PTVRP_LAYERED_SAFE,6558463.0,392,18,0.0037,1889,48,18,21926,29.9127,,0,0,2580,0,0,0,
Instances/Instances 3/vm1084_01.gt,1083,10.0,86400.0,PTVRP_LAYERED_SAFE,NO SOLUTION,,,0.0026,2778,28,8,12920,11.9298,,0,0,204,0,0,0,
Instances/Instances 3/vm1084_02.gt,1083,10.0,86400.0,PTVRP_LAYERED_SAFE,NO SOLUTION,,,0.0025,2798,25,8,13016,12.0185,,0,0,182,0,0,0,
Instances/Instances 3/vm1084_03.gt,1083,10.0,86400.0,PTVRP_LAYERED_SAFE,NO SOLUTION,,,0.0025,2757,23,7,12965,11.9714,,0,0,161,0,0,0,
Instances/Instances 3/vm1084_04.gt,1083,10.0,86400.0,PTVRP_LAYERED_SAFE,NO SOLUTION,,,0.0024,2762,24,10,13024,12.0259,,0,0,199,0,0,0,
Instances/Instances 3/vm1084_05.gt,1083,10.0,86400.0,PTVRP_LAYERED_SAFE,NO SOLUTION,,,0.0025,2789,25,7,12974,11.9797,,0,0,182,0,0,0,
Instances/Instances 3/vm1084_06.gt,1083,10.0,86400.0,PTVRP_LAYERED_SAFE,NO SOLUTION,,,0.0026,2790,27,7,13147,12.1394,,0,0,177,0,0,0,
Instances/Instances 3/vm1084_07.gt,1083,10.0,86400.0,PTVRP_LAYERED_SAFE,NO SOLUTION,,,0.0027,2848,25,8,13090,12.0868,,0,0,164,0,0,0,
Instances/Instances 3/vm1084_08.gt,1083,10.0,86400.0,PTVRP_LAYERED_SAFE,NO SOLUTION,,,0.0026,2780,24,7,12956,11.9631,,0,0,178,0,0,0,
Instances/Instances 3/vm1084_09.gt,1083,10.0,86400.0,PTVRP_LAYERED_SAFE,NO SOLUTION,,,0.0024,2774,24,8,12960,11.9668,,0,0,149,0,0,0,
Instances/Instances 3/vm1084_10.gt,1083,10.0,86400.0,PTVRP_LAYERED_SAFE,NO SOLUTION,,,0.0026,2680,25,8,12966,11.9723,,0,0,158,0,0,0,
Instances/Instances 3/vm1748_01.gt,1747,10.0,86400.0,PTVRP_LAYERED_SAFE,NO SOLUTION,,,0.0029,4494,30,11,19959,11.4247,,0,0,596,0,0,0,
Instances/Instances 3/vm1748_02.gt,1747,10.0,86400.0,PTVRP_LAYERED_SAFE,NO SOLUTION,,,0.0029,4459,26,11,19984,11.439,,0,0,574,0,0,0,
Instances/Instances 3/vm1748_03.gt,1747,10.0,86400.0,PTVRP_LAYERED_SAFE,NO SOLUTION,,,0.003,4456,28,11,19910,11.3967,,0,0,555,0,0,0,
Instances/Instances 3/vm1748_04.gt,1747,10.0,86400.0,PTVRP_LAYERED_SAFE,NO SOLUTION,,,0.0029,4565,28,11,19938,11.4127,,0,0,577,0,0,0,
Instances/Instances 3/vm1748_05.gt,1747,10.0,86400.0,PTVRP_LAYERED_SAFE,NO SOLUTION,,,0.0029,4492,27,12,19884,11.3818,,0,0,561,0,0,0,
Instances/Instances 3/vm1748_06.gt,1747,10.0,86400.0,PTVRP_LAYERED_SAFE,NO SOLUTION,,,0.0029,4450,26,12,19986,11.4402,,0,0,576,0,0,0,
Instances/Instances 3/vm1748_07.gt,1747,10.0,86400.0,PTVRP_LAYERED_SAFE,NO SOLUTION,,,0.0029,4358,27,11,19928,11.407,,0,0,594,0,0,0,
Instances/Instances 3/vm1748_08.gt,1747,10.0,86400.0,PTVRP_LAYERED_SAFE,NO SOLUTION,,,0.0029,4487,30,12,19857,11.3663,,0,0,579,0,0,0,
Instances/Instances 3/vm1748_09.gt,1747,10.0,86400.0,PTVRP_LAYERED_SAFE,NO SOLUTION,,,0.0032,4475,27,13,19975,11.4339,,0,0,566,0,0,0,
Instances/Instances 3/vm1748_10.gt,1747,10.0,86400.0,PTVRP_LAYERED_SAFE,NO SOLUTION,,,0.0032,4484,29,11,19976,11.4345,,0,0,562,0,0,0,
Instances/Instances 3/vm22775_01.gt,22774,10.0,86400.0,PTVRP_LAYERED_SAFE,NO SOLUTION,,,0.0275,58063,94,4,467554,20.5302,,0,0,14,0,0,0,
Instances/Instances 3/vm22775_02.gt,22774,10.0,86400.0,PTVRP_LAYERED_SAFE,NO SOLUTION,,,0.0274,58074,93,3,466847,20.4991,,0,0,8,0,0,0,
Instances/Instances 3/vm22775_03.gt,22774,10.0,86400.0,PTVRP_LAYERED_SAFE,NO SOLUTION,,,0.0269,57863,96,0,467855,20.5434,,0,0,2,0,0,0,
Instances/Instances 3/vm22775_04.gt,22774,10.0,86400.0,PTVRP_LAYERED_SAFE,NO SOLUTION,,,0.027,57924,92,4,467120,20.5111,,0,0,8,0,0,0,
Instances/Instances 3/vm22775_05.gt,22774,10.0,86400.0,PTVRP_LAYERED_SAFE,NO SOLUTION,,,0.0269,58258,96,0,467336,20.5206,,0,0,3,0,0,0,
Instances/Instances 3/vm22775_06.gt,22774,10.0,86400.0,PTVRP_LAYERED_SAFE,NO SOLUTION,,,0.0283,57846,93,0,467770,20.5397,,0,0,2,0,0,0,
Instances/Instances 3/vm22775_07.gt,22774,10.0,86400.0,PTVRP_LAYERED_SAFE,NO SOLUTION,,,0.0275,58276,92,3,467736,20.5382,,0,0,3,0,0,0,
Instances/Instances 3/vm22775_08.gt,22774,10.0,86400.0,PTVRP_LAYERED_SAFE,NO SOLUTION,,,0.0292,58036,91,28,467315,20.5197,,0,0,86092,0,0,0,
Instances/Instances 3/vm22775_09.gt,22774,10.0,86400.0,PTVRP_LAYERED_SAFE,NO SOLUTION,,,0.0269,57840,96,2,467686,20.536,,0,0,4,0,0,0,
Instances/Instances 3/vm22775_10.gt,22774,10.0,86400.0,PTVRP_LAYERED_SAFE,NO SOLUTION,,,0.0274,58024,89,0,467019,20.5067,,0,0,2,0,0,0,
Instances/Instances 3/wi29_01.gt,28,10.0,86400.0,PTVRP_LAYERED_SAFE,446870.0,19,7,0.0018,70,17,7,313,11.1786,,0,0,28,0,0,0,
Instances/Instances 3/wi29_02.gt,28,10.0,86400.0,PTVRP_LAYERED_SAFE,466074.0,21,9,0.0016,69,15,9,285,10.1786,,0,0,29,0,0,0,
Instances/Instances 3/wi29_03.gt,28,10.0,86400.0,PTVRP_LAYERED_SAFE,402508.0,20,9,0.0017,68,17,9,308,11.0,,0,0,26,0,0,0,
Instances/Instances 3/wi29_04.gt,28,10.0,86400.0,PTVRP_LAYERED_SAFE,529299.0,24,9,0.0018,81,18,9,329,11.75,,0,0,29,0,0,0,
Instances/Instances 3/wi29_05.gt,28,10.0,86400.0,PTVRP_LAYERED_SAFE,394740.0,20,8,0.0017,61,16,8,297,10.6071,,0,0,30,0,0,0,
Instances/Instances 3/wi29_06.gt,28,10.0,86400.0,PTVRP_LAYERED_SAFE,614990.0,20,9,0.0017,92,18,9,337,12.0357,,0,0,31,0,0,0,
Instances/Instances 3/wi29_07.gt,28,10.0,86400.0,PTVRP_LAYERED_SAFE,461649.0,21,6,0.0016,67,18,6,300,10.7143,,0,0,26,0,0,0,
Instances/Instances 3/wi29_08.gt,28,10.0,86400.0,PTVRP_LAYERED_SAFE,488072.0,20,9,0.0017,72,19,9,325,11.6071,,0,0,29,0,0,0,
Instances/Instances 3/wi29_09.gt,28,10.0,86400.0,PTVRP_LAYERED_SAFE,380343.0,20,5,0.0016,59,16,5,287,10.25,,0,0,31,0,0,0,
Instances/Instances 3/wi29_10.gt,28,10.0,86400.0,PTVRP_LAYERED_SAFE,406223.0,21,10,0.0017,64,19,10,297,10.6071,,0,0,25,0,0,0,
Instances/Instances 3/ym7663_01.gt,7662,10.0,86400.0,PTVRP_LAYERED_SAFE,NO SOLUTION,,,0.0163,19501,91,27,329599,43.0174,,0,0,48978,0,0,0,
Instances/Instances 3/ym7663_02.gt,7662,10.0,86400.0,PTVRP_LAYERED_SAFE,NO SOLUTION,,,0.0159,19800,89,29,330571,43.1442,,0,0,48774,0,0,0,
Instances/Instances 3/ym7663_03.gt,7662,10.0,86400.0,PTVRP_LAYERED_SAFE,NO SOLUTION,,,0.0171,19410,89,29,329263,42.9735,,0,0,49413,0,0,0,
Instances/Instances 3/ym7663_04.gt,7662,10.0,86400.0,PTVRP_LAYERED_SAFE,NO SOLUTION,,,0.0166,19547,88,27,329554,43.0115,,0,0,48863,0,0,0,
Instances/Instances 3/ym7663_05.gt,7662,10.0,86400.0,PTVRP_LAYERED_SAFE,NO SOLUTION,,,0.0167,19580,90,28,329113,42.9539,,0,0,48795,0,0,0,
Instances/Instances 3/ym7663_06.gt,7662,10.0,86400.0,PTVRP_LAYERED_SAFE,NO SOLUTION,,,0.0176,19388,83,25,328500,42.8739,,0,0,49021,0,0,0,
Instances/Instances 3/ym7663_07.gt,7662,10.0,86400.0,PTVRP_LAYERED_SAFE,NO SOLUTION,,,0.0178,19553,86,27,328738,42.905,,0,0,48964,0,0,0,
Instances/Instances 3/ym7663_08.gt,7662,10.0,86400.0,PTVRP_LAYERED_SAFE,NO SOLUTION,,,0.017,19495,84,27,327966,42.8042,,0,0,48816,0,0,0,
Instances/Instances 3/ym7663_09.gt,7662,10.0,86400.0,PTVRP_LAYERED_SAFE,NO SOLUTION,,,0.0166,19571,85,28,329560,43.0123,,0,0,48863,0,0,0,
Instances/Instances 3/ym7663_10.gt,7662,10.0,86400.0,PTVRP_LAYERED_SAFE,NO SOLUTION,,,0.0162,19649,90,28,329722,43.0334,,0,0,48920,0,0,0,
Instances/Instances 3/zi929_01.gt,928,10.0,86400.0,PTVRP_LAYERED_SAFE,10085136.0,423,21,0.0041,2391,59,28,28890,31.1315,,0,0,4389,0,0,0,
Instances/Instances 3/zi929_02.gt,928,10.0,86400.0,PTVRP_LAYERED_SAFE,9697540.0,418,22,0.004,2331,60,26,28830,31.0668,,0,0,4389,0,0,0,
Instances/Instances 3/zi929_03.gt,928,10.0,86400.0,PTVRP_LAYERED_SAFE,9661041.0,438,21,0.0048,2328,58,25,29007,31.2575,,0,0,4404,0,0,0,
Instances/Instances 3/zi929_04.gt,928,10.0,86400.0,PTVRP_LAYERED_SAFE,9743139.0,440,21,0.0048,2360,58,29,28998,31.2478,,0,0,4310,0,0,0,
Instances/Instances 3/zi929_05.gt,928,10.0,86400.0,PTVRP_LAYERED_SAFE,9883469.0,440,23,0.0045,2354,57,27,28872,31.1121,,0,0,4399,0,0,0,
Instances/Instances 3/zi929_06.gt,928,10.0,86400.0,PTVRP_LAYERED_SAFE,10161255.0,428,19,0.0048,2445,59,32,29181,31.445,,0,0,4241,0,0,0,
Instances/Instances 3/zi929_07.gt,928,10.0,86400.0,PTVRP_LAYERED_SAFE,9894043.0,441,22,0.0049,2389,59,26,29043,31.2963,,0,0,4365,0,0,0,
Instances/Instances 3/zi929_08.gt,928,10.0,86400.0,PTVRP_LAYERED_SAFE,9969947.0,428,24,0.0048,2368,59,24,28900,31.1422,,0,0,4355,0,0,0,
Instances/Instances 3/zi929_09.gt,928,10.0,86400.0,PTVRP_LAYERED_SAFE,9519449.0,432,19,0.0044,2285,57,24,28774,31.0065,,0,0,4594,0,0,0,
Instances/Instances 3/zi929_10.gt,928,10.0,86400.0,PTVRP_LAYERED_SAFE,10134151.0,465,21,0.0043,2457,59,29,29250,31.5194,,0,0,4257,0,0,0,
