instance,n,Q,horizon,solver,cost,templates,max_m,seconds,K_full_tour,K_allocated,max_layer_used,layer_iterations,eff_K,revived_arcs,revived_starts,revived_improving,infeasible_skips,unsafe_pops,blocked_pops,unsorted_queries,arcs_scanned,arcs_unsound_stop,gap_vs_first
Instances/Instances 1/a280_01.gt,279,100.0,86400.0,PTVRP_LINEAR,114076.0,2,47,0.0063,,,,,,,,,,,,,,,
Instances/Instances 1/a280_02.gt,279,100.0,86400.0,PTVRP_LINEAR,109227.0,2,46,0.0064,,,,,,,,,,,,,,,
Instances/Instances 1/a280_03.gt,279,100.0,86400.0,PTVRP_LINEAR,110045.0,2,45,0.0074,,,,,,,,,,,,,,,
Instances/Instances 1/a280_04.gt,279,100.0,86400.0,PTVRP_LINEAR,113084.0,2,46,0.0062,,,,,,,,,,,,,,,
Instances/Instances 1/a280_05.gt,279,100.0,86400.0,PTVRP_LINEAR,111826.0,2,46,0.007,,,,,,,,,,,,,,,
Instances/Instances 1/a280_06.gt,279,100.0,86400.0,PTVRP_LINEAR,111233.0,2,46,0.0061,,,,,,,,,,,,,,,
Instances/Instances 1/a280_07.gt,279,100.0,86400.0,PTVRP_LINEAR,117517.0,2,47,0.0063,,,,,,,,,,,,,,,
Instances/Instances 1/a280_08.gt,279,100.0,86400.0,PTVRP_LINEAR,113266.0,2,46,0.0064,,,,,,,,,,,,,,,
Instances/Instances 1/a280_09.gt,279,100.0,86400.0,PTVRP_LINEAR,111289.0,2,46,0.0064,,,,,,,,,,,,,,,
Instances/Instances 1/a280_10.gt,279,100.0,86400.0,PTVRP_LINEAR,108357.0,2,45,0.0062,,,,,,,,,,,,,,,
Instances/Instances 1/ar9152_01.gt,9151,100.0,86400.0,PTVRP_LINEAR,32163901.0,434,16,0.0131,,,,,,,,,,,,,,,
Instances/Instances 1/ar9152_02.gt,9151,100.0,86400.0,PTVRP_LINEAR,32112270.0,434,16,0.0148,,,,,,,,,,,,,,,
Instances/Instances 1/ar9152_03.gt,9151,100.0,86400.0,PTVRP_LINEAR,32171369.0,435,14,0.0138,,,,,,,,,,,,,,,
Instances/Instances 1/ar9152_04.gt,9151,100.0,86400.0,PTVRP_LINEAR,32269593.0,436,16,0.013,,,,,,,,,,,,,,,
Instances/Instances 1/ar9152_05.gt,9151,100.0,86400.0,PTVRP_LINEAR,32526821.0,443,15,0.0132,,,,,,,,,,,,,,,
Instances/Instances 1/ar9152_06.gt,9151,100.0,86400.0,PTVRP_LINEAR,32521367.0,439,17,0.0122,,,,,,,,,,,,,,,
Instances/Instances 1/ar9152_07.gt,9151,100.0,86400.0,PTVRP_LINEAR,32329338.0,442,15,0.011,,,,,,,,,,,,,,,
Instances/Instances 1/ar9152_08.gt,9151,100.0,86400.0,PTVRP_LINEAR,32333642.0,437,15,0.0132,,,,,,,,,,,,,,,
Instances/Instances 1/ar9152_09.gt,9151,100.0,86400.0,PTVRP_LINEAR,32301728.0,436,17,0.0173,,,,,,,,,,,,,,,
Instances/Instances 1/ar9152_10.gt,9151,100.0,86400.0,PTVRP_LINEAR,32342724.0,439,16,0.0138,,,,,,,,,,,,,,,
Instances/Instances 1/berlin52_01.gt,51,100.0,86400.0,PTVRP_LINEAR,85643.0,2,11,0.0047,,,,,,,,,,,,,,,
Instances/Instances 1/berlin52_02.gt,51,100.0,86400.0,PTVRP_LINEAR,84135.0,2,11,0.0059,,,,,,,,,,,,,,,
Instances/Instances 1/berlin52_03.gt,51,100.0,86400.0,PTVRP_LINEAR,80607.0,2,12,0.0046,,,,,,,,,,,,,,,
Instances/Instances 1/berlin52_04.gt,51,100.0,86400.0,PTVRP_LINEAR,84552.0,2,12,0.0052,,,,,,,,,,,,,,,
Instances/Instances 1/berlin52_05.gt,51,100.0,86400.0,PTVRP_LINEAR,73215.0,2,11,0.005,,,,,,,,,,,,,,,
Instances/Instances 1/berlin52_06.gt,51,100.0,86400.0,PTVRP_LINEAR,86035.0,2,11,0.005,,,,,,,,,,,,,,,
Instances/Instances 1/berlin52_07.gt,51,100.0,86400.0,PTVRP_LINEAR,79224.0,2,12,0.0066,,,,,,,,,,,,,,,
Instances/Instances 1/berlin52_08.gt,51,100.0,86400.0,PTVRP_LINEAR,85060.0,2,11,0.0044,,,,,,,,,,,,,,,
Instances/Instances 1/berlin52_09.gt,51,100.0,86400.0,PTVRP_LINEAR,74478.0,2,11,0.0045,,,,,,,,,,,,,,,
Instances/Instances 1/berlin52_10.gt,51,100.0,86400.0,PTVRP_LINEAR,73215.0,2,11,0.0067,,,,,,,,,,,,,,,
Instances/Instances 1/bier127_01.gt,126,100.0,86400.0,PTVRP_LINEAR,544599.0,10,5,0.0053,,,,,,,,,,,,,,,
Instances/Instances 1/bier127_02.gt,126,100.0,86400.0,PTVRP_LINEAR,582371.0,10,6,0.0056,,,,,,,,,,,,,,,
Instances/Instances 1/bier127_03.gt,126,100.0,86400.0,PTVRP_LINEAR,524443.0,11,6,0.0075,,,,,,,,,,,,,,,
Instances/Instances 1/bier127_04.gt,126,100.0,86400.0,PTVRP_LINEAR,571661.0,10,5,0.0065,,,,,,,,,,,,,,,
Instances/Instances 1/bier127_05.gt,126,100.0,86400.0,PTVRP_LINEAR,570891.0,10,6,0.0061,,,,,,,,,,,,,,,
Instances/Instances 1/bier127_06.gt,126,100.0,86400.0,PTVRP_LINEAR,594301.0,9,6,0.0064,,,,,,,,,,,,,,,
Instances/Instances 1/bier127_07.gt,126,100.0,86400.0,PTVRP_LINEAR,537456.0,11,5,0.006,,,,,,,,,,,,,,,
Instances/Instances 1/bier127_08.gt,126,100.0,86400.0,PTVRP_LINEAR,570627.0,9,5,0.0065,,,,,,,,,,,,,,,
Instances/Instances 1/bier127_09.gt,126,100.0,86400.0,PTVRP_LINEAR,611248.0,9,6,0.0068,,,,,,,,,,,,,,,
Instances/Instances 1/bier127_10.gt,126,100.0,86400.0,PTVRP_LINEAR,532202.0,10,6,0.0076,,,,,,,,,,,,,,,
Instances/Instances 1/bm33708_01.gt,33707,100.0,86400.0,PTVRP_LINEAR,63176027.0,810,24,0.0306,,,,,,,,,,,,,,,
Instances/Instances 1/bm33708_02.gt,33707,100.0,86400.0,PTVRP_LINEAR,62957407.0,817,27,0.032,,,,,,,,,,,,,,,
Instances/Instances 1/bm33708_03.gt,33707,100.0,86400.0,PTVRP_LINEAR,63216052.0,812,22,0.0342,,,,,,,,,,,,,,,
Instances/Instances 1/bm33708_04.gt,33707,100.0,86400.0,PTVRP_LINEAR,63173249.0,812,26,0.0342,,,,,,,,,,,,,,,
Instances/Instances 1/bm33708_05.gt,33707,100.0,86400.0,PTVRP_LINEAR,63074505.0,817,25,0.0298,,,,,,,,,,,,,,,
Instances/Instances 1/bm33708_06.gt,33707,100.0,86400.0,PTVRP_LINEAR,63101129.0,807,24,0.0274,,,,,,,,,,,,,,,
Instances/Instances 1/bm33708_07.gt,33707,100.0,86400.0,PTVRP_LINEAR,63156676.0,820,23,0.0307,,,,,,,,,,,,,,,
Instances/Instances 1/bm33708_08.gt,33707,100.0,86400.0,PTVRP_LINEAR,63263906.0,812,23,0.0314,,,,,,,,,,,,,,,
Instances/Instances 1/bm33708_09.gt,33707,100.0,86400.0,PTVRP_LINEAR,62984664.0,813,24,0.029,,,,,,,,,,,,,,,
Instances/Instances 1/bm33708_10.gt,33707,100.0,86400.0,PTVRP_LINEAR,62785752.0,815,23,0.0279,,,,,,,,,,,,,,,
Instances/Instances 1/brd14051_01.gt,14050,100.0,86400.0,PTVRP_LINEAR,21785975.0,288,23,0.0145,,,,,,,,,,,,,,,
Instances/Instances 1/brd14051_02.gt,14050,100.0,86400.0,PTVRP_LINEAR,21597558.0,291,21,0.0132,,,,,,,,,,,,,,,
Instances/Instances 1/brd14051_03.gt,14050,100.0,86400.0,PTVRP_LINEAR,21589031.0,293,23,0.016,,,,,,,,,,,,,,,
Instances/Instances 1/brd14051_04.gt,14050,100.0,86400.0,PTVRP_LINEAR,21735926.0,291,25,0.015,,,,,,,,,,,,,,,
Instances/Instances 1/brd14051_05.gt,14050,100.0,86400.0,PTVRP_LINEAR,21786474.0,289,22,0.0145,,,,,,,,,,,,,,,
Instances/Instances 1/brd14051_06.gt,14050,100.0,86400.0,PTVRP_LINEAR,21719572.0,294,24,0.0132,,,,,,,,,,,,,,,
Instances/Instances 1/brd14051_07.gt,14050,100.0,86400.0,PTVRP_LINEAR,21717393.0,295,21,0.0146,,,,,,,,,,,,,,,
Instances/Instances 1/brd14051_08.gt,14050,100.0,86400.0,PTVRP_LINEAR,22058958.0,289,24,0.014,,,,,,,,,,,,,,,
Instances/Instances 1/brd14051_09.gt,14050,100.0,86400.0,PTVRP_LINEAR,21964277.0,289,23,0.0143,,,,,,,,,,,,,,,
Instances/Instances 1/brd14051_10.gt,14050,100.0,86400.0,PTVRP_LINEAR,21650969.0,291,22,0.0161,,,,,,,,,,,,,,,
Instances/Instances 1/ca4663_01.gt,4662,100.0,86400.0,PTVRP_LINEAR,68723802.0,1032,6,0.0096,,,,,,,,,,,,,,,
Instances/Instances 1/ca4663_02.gt,4662,100.0,86400.0,PTVRP_LINEAR,68364692.0,1027,7,0.0095,,,,,,,,,,,,,,,
Instances/Instances 1/ca4663_03.gt,4662,100.0,86400.0,PTVRP_LINEAR,69197229.0,1045,7,0.0104,,,,,,,,,,,,,,,
Instances/Instances 1/ca4663_04.gt,4662,100.0,86400.0,PTVRP_LINEAR,69335698.0,1041,7,0.0095,,,,,,,,,,,,,,,
Instances/Instances 1/ca4663_05.gt,4662,100.0,86400.0,PTVRP_LINEAR,68578035.0,1030,7,0.0106,,,,,,,,,,,,,,,
Instances/Instances 1/ca4663_06.gt,4662,100.0,86400.0,PTVRP_LINEAR,68579159.0,1034,7,0.0119,,,,,,,,,,,,,,,
Instances/Instances 1/ca4663_07.gt,4662,100.0,86400.0,PTVRP_LINEAR,68836166.0,1033,7,0.01,,,,,,,,,,,,,,,
Instances/Instances 1/ca4663_08.gt,4662,100.0,86400.0,PTVRP_LINEAR,69171910.0,1043,7,0.0095,,,,,,,,,,,,,,,
Instances/Instances 1/ca4663_09.gt,4662,100.0,86400.0,PTVRP_LINEAR,68821315.0,1035,7,0.0113,,,,,,,,,,,,,,,
Instances/Instances 1/ca4663_10.gt,4662,100.0,86400.0,PTVRP_LINEAR,68306982.0,1027,7,0.0091,,,,,,,,,,,,,,,
Instances/Instances 1/ch130_01.gt,129,100.0,86400.0,PTVRP_LINEAR,118816.0,2,20,0.0067,,,,,,,,,,,,,,,
Instances/Instances 1/ch130_02.gt,129,100.0,86400.0,PTVRP_LINEAR,123186.0,2,21,0.0043,,,,,,,,,,,,,,,
Instances/Instances 1/ch130_03.gt,129,100.0,86400.0,PTVRP_LINEAR,117519.0,2,21,0.0049,,,,,,,,,,,,,,,
Instances/Instances 1/ch130_04.gt,129,100.0,86400.0,PTVRP_LINEAR,124960.0,2,20,0.0064,,,,,,,,,,,,,,,
Instances/Instances 1/ch130_05.gt,129,100.0,86400.0,PTVRP_LINEAR,118816.0,2,20,0.0048,,,,,,,,,,,,,,,
Instances/Instances 1/ch130_06.gt,129,100.0,86400.0,PTVRP_LINEAR,118816.0,2,20,0.0056,,,,,,,,,,,,,,,
Instances/Instances 1/ch130_07.gt,129,100.0,86400.0,PTVRP_LINEAR,114534.0,2,19,0.0067,,,,,,,,,,,,,,,
Instances/Instances 1/ch130_08.gt,129,100.0,86400.0,PTVRP_LINEAR,123186.0,2,21,0.0047,,,,,,,,,,,,,,,
Instances/Instances 1/ch130_09.gt,129,100.0,86400.0,PTVRP_LINEAR,113796.0,2,20,0.006,,,,,,,,,,,,,,,
Instances/Instances 1/ch130_10.gt,129,100.0,86400.0,PTVRP_LINEAR,117900.0,2,21,0.0069,,,,,,,,,,,,,,,
Instances/Instances 1/ch150_01.gt,149,100.0,86400.0,PTVRP_LINEAR,162056.0,2,21,0.0049,,,,,,,,,,,,,,,
Instances/Instances 1/ch150_02.gt,149,100.0,86400.0,PTVRP_LINEAR,141954.0,2,19,0.0061,,,,,,,,,,,,,,,
Instances/Instances 1/ch150_03.gt,149,100.0,86400.0,PTVRP_LINEAR,147733.0,2,20,0.0056,,,,,,,,,,,,,,,
Instances/Instances 1/ch150_04.gt,149,100.0,86400.0,PTVRP_LINEAR,153886.0,2,20,0.0045,,,,,,,,,,,,,,,
Instances/Instances 1/ch150_05.gt,149,100.0,86400.0,PTVRP_LINEAR,163115.0,2,21,0.0048,,,,,,,,,,,,,,,
Instances/Instances 1/ch150_06.gt,149,100.0,86400.0,PTVRP_LINEAR,143410.0,2,19,0.0059,,,,,,,,,,,,,,,
Instances/Instances 1/ch150_07.gt,149,100.0,86400.0,PTVRP_LINEAR,156854.0,2,20,0.0042,,,,,,,,,,,,,,,
Instances/Instances 1/ch150_08.gt,149,100.0,86400.0,PTVRP_LINEAR,159259.0,2,21,0.0049,,,,,,,,,,,,,,,
Instances/Instances 1/ch150_09.gt,149,100.0,86400.0,PTVRP_LINEAR,155151.0,2,20,0.0063,,,,,,,,,,,,,,,
Instances/Instances 1/ch150_10.gt,149,100.0,86400.0,PTVRP_LINEAR,152102.0,2,20,0.0048,,,,,,,,,,,,,,,
Instances/Instances 1/ch71009_01.gt,71008,100.0,86400.0,PTVRP_LINEAR,330238545.0,4547,18,0.0655,,,,,,,,,,,,,,,
Instances/Instances 1/ch71009_02.gt,71008,100.0,86400.0,PTVRP_LINEAR,330894716.0,4558,16,0.0686,,,,,,,,,,,,,,,
Instances/Instances 1/ch71009_03.gt,71008,100.0,86400.0,PTVRP_LINEAR,329962662.0,4554,18,0.0697,,,,,,,,,,,,,,,
Instances/Instances 1/ch71009_04.gt,71008,100.0,86400.0,PTVRP_LINEAR,330781727.0,4580,17,0.1723,,,,,,,,,,,,,,,
Instances/Instances 1/ch71009_05.gt,71008,100.0,86400.0,PTVRP_LINEAR,330213650.0,4542,18,0.0659,,,,,,,,,,,,,,,
Instances/Instances 1/ch71009_06.gt,71008,100.0,86400.0,PTVRP_LINEAR,330316874.0,4562,17,0.0721,,,,,,,,,,,,,,,
Instances/Instances 1/ch71009_07.gt,71008,100.0,86400.0,PTVRP_LINEAR,330322319.0,4557,15,0.0716,,,,,,,,,,,,,,,
Instances/Instances 1/ch71009_08.gt,71008,100.0,86400.0,PTVRP_LINEAR,330630297.0,4560,18,0.0657,,,,,,,,,,,,,,,
Instances/Instances 1/ch71009_09.gt,71008,100.0,86400.0,PTVRP_LINEAR,330272274.0,4557,16,0.0644,,,,,,,,,,,,,,,
Instances/Instances 1/ch71009_10.gt,71008,100.0,86400.0,PTVRP_LINEAR,329492206.0,4544,18,0.0621,,,,,,,,,,,,,,,
Instances/Instances 1/d1291_01.gt,1290,100.0,86400.0,PTVRP_LINEAR,1468143.0,21,24,0.0059,,,,,,,,,,,,,,,
Instances/Instances 1/d1291_02.gt,1290,100.0,86400.0,PTVRP_LINEAR,1360756.0,21,21,0.0053,,,,,,,,,,,,,,,
Instances/Instances 1/d1291_03.gt,1290,100.0,86400.0,PTVRP_LINEAR,1423955.0,22,21,0.0061,,,,,,,,,,,,,,,
Instances/Instances 1/d1291_04.gt,1290,100.0,86400.0,PTVRP_LINEAR,1381901.0,21,22,0.0055,,,,,,,,,,,,,,,
Instances/Instances 1/d1291_05.gt,1290,100.0,86400.0,PTVRP_LINEAR,1422092.0,21,22,0.0057,,,,,,,,,,,,,,,
Instances/Instances 1/d1291_06.gt,1290,100.0,86400.0,PTVRP_LINEAR,1396012.0,21,23,0.0051,,,,,,,,,,,,,,,
Instances/Instances 1/d1291_07.gt,1290,100.0,86400.0,PTVRP_LINEAR,1399605.0,21,23,0.005,,,,,,,,,,,,,,,
Instances/Instances 1/d1291_08.gt,1290,100.0,86400.0,PTVRP_LINEAR,1441794.0,20,21,0.0052,,,,,,,,,,,,,,,
Instances/Instances 1/d1291_09.gt,1290,100.0,86400.0,PTVRP_LINEAR,1447577.0,20,21,0.0051,,,,,,,,,,,,,,,
Instances/Instances 1/d1291_10.gt,1290,100.0,86400.0,PTVRP_LINEAR,1430277.0,20,21,0.0062,,,,,,,,,,,,,,,
Instances/Instances 1/d15112_01.gt,15111,100.0,86400.0,PTVRP_LINEAR,59384542.0,799,12,0.0159,,,,,,,,,,,,,,,
Instances/Instances 1/d15112_02.gt,15111,100.0,86400.0,PTVRP_LINEAR,59618478.0,804,16,0.0171,,,,,,,,,,,,,,,
Instances/Instances 1/d15112_03.gt,15111,100.0,86400.0,PTVRP_LINEAR,59188788.0,792,13,0.0159,,,,,,,,,,,,,,,
Instances/Instances 1/d15112_04.gt,15111,100.0,86400.0,PTVRP_LINEAR,59565113.0,800,12,0.0202,,,,,,,,,,,,,,,
Instances/Instances 1/d15112_05.gt,15111,100.0,86400.0,PTVRP_LINEAR,59163423.0,789,15,0.0163,,,,,,,,,,,,,,,
Instances/Instances 1/d15112_06.gt,15111,100.0,86400.0,PTVRP_LINEAR,59897532.0,799,14,0.0157,,,,,,,,,,,,,,,
Instances/Instances 1/d15112_07.gt,15111,100.0,86400.0,PTVRP_LINEAR,59506576.0,798,14,0.0167,,,,,,,,,,,,,,,
Instances/Instances 1/d15112_08.gt,15111,100.0,86400.0,PTVRP_LINEAR,59667692.0,799,14,0.016,,,,,,,,,,,,,,,
Instances/Instances 1/d15112_09.gt,15111,100.0,86400.0,PTVRP_LINEAR,59881333.0,806,13,0.017,,,,,,,,,,,,,,,
Instances/Instances 1/d15112_10.gt,15111,100.0,86400.0,PTVRP_LINEAR,59157019.0,791,13,0.0163,,,,,,,,,,,,,,,
Instances/Instances 1/d1655_01.gt,1654,100.0,86400.0,PTVRP_LINEAR,1731279.0,29,20,0.0061,,,,,,,,,,,,,,,
Instances/Instances 1/d1655_02.gt,1654,100.0,86400.0,PTVRP_LINEAR,1790050.0,28,24,0.0059,,,,,,,,,,,,,,,
Instances/Instances 1/d1655_03.gt,1654,100.0,86400.0,PTVRP_LINEAR,1673887.0,31,20,0.0056,,,,,,,,,,,,,,,
Instances/Instances 1/d1655_04.gt,1654,100.0,86400.0,PTVRP_LINEAR,1770442.0,27,23,0.0062,,,,,,,,,,,,,,,
Instances/Instances 1/d1655_05.gt,1654,100.0,86400.0,PTVRP_LINEAR,1758553.0,28,22,0.0074,,,,,,,,,,,,,,,
Instances/Instances 1/d1655_06.gt,1654,100.0,86400.0,PTVRP_LINEAR,1672377.0,30,22,0.0065,,,,,,,,,,,,,,,
Instances/Instances 1/d1655_07.gt,1654,100.0,86400.0,PTVRP_LINEAR,1711439.0,30,21,0.0071,,,,,,,,,,,,,,,
Instances/Instances 1/d1655_08.gt,1654,100.0,86400.0,PTVRP_LINEAR,1776296.0,28,24,0.0062,,,,,,,,,,,,,,,
Instances/Instances 1/d1655_09.gt,1654,100.0,86400.0,PTVRP_LINEAR,1739511.0,29,22,0.0059,,,,,,,,,,,,,,,
Instances/Instances 1/d1655_10.gt,1654,100.0,86400.0,PTVRP_LINEAR,1776008.0,28,23,0.0062,,,,,,,,,,,,,,,
Instances/Instances 1/d18512_01.gt,18511,100.0,86400.0,PTVRP_LINEAR,30452084.0,397,20,0.0176,,,,,,,,,,,,,,,
Instances/Instances 1/d18512_02.gt,18511,100.0,86400.0,PTVRP_LINEAR,30056863.0,398,19,0.0306,,,,,,,,,,,,,,,
Instances/Instances 1/d18512_03.gt,18511,100.0,86400.0,PTVRP_LINEAR,30327575.0,402,19,0.0274,,,,,,,,,,,,,,,
Instances/Instances 1/d18512_04.gt,18511,100.0,86400.0,PTVRP_LINEAR,30268547.0,401,19,0.0181,,,,,,,,,,,,,,,
Instances/Instances 1/d18512_05.gt,18511,100.0,86400.0,PTVRP_LINEAR,30264852.0,402,19,0.0174,,,,,,,,,,,,,,,
Instances/Instances 1/d18512_06.gt,18511,100.0,86400.0,PTVRP_LINEAR,30259722.0,402,21,0.0178,,,,,,,,,,,,,,,
Instances/Instances 1/d18512_07.gt,18511,100.0,86400.0,PTVRP_LINEAR,30092762.0,405,20,0.0169,,,,,,,,,,,,,,,
Instances/Instances 1/d18512_08.gt,18511,100.0,86400.0,PTVRP_LINEAR,30439606.0,395,21,0.0177,,,,,,,,,,,,,,,
Instances/Instances 1/d18512_09.gt,18511,100.0,86400.0,PTVRP_LINEAR,30477614.0,406,18,0.0176,,,,,,,,,,,,,,,
Instances/Instances 1/d18512_10.gt,18511,100.0,86400.0,PTVRP_LINEAR,30436810.0,402,20,0.0166,,,,,,,,,,,,,,,
Instances/Instances 1/d198_01.gt,197,100.0,86400.0,PTVRP_LINEAR,216430.0,5,16,0.0051,,,,,,,,,,,,,,,
Instances/Instances 1/d198_02.gt,197,100.0,86400.0,PTVRP_LINEAR,213457.0,5,16,0.0057,,,,,,,,,,,,,,,
Instances/Instances 1/d198_03.gt,197,100.0,86400.0,PTVRP_LINEAR,260234.0,4,19,0.0055,,,,,,,,,,,,,,,
Instances/Instances 1/d198_04.gt,197,100.0,86400.0,PTVRP_LINEAR,260636.0,4,19,0.0052,,,,,,,,,,,,,,,
Instances/Instances 1/d198_05.gt,197,100.0,86400.0,PTVRP_LINEAR,256204.0,4,20,0.0048,,,,,,,,,,,,,,,
Instances/Instances 1/d198_06.gt,197,100.0,86400.0,PTVRP_LINEAR,247628.0,4,19,0.0051,,,,,,,,,,,,,,,
Instances/Instances 1/d198_07.gt,197,100.0,86400.0,PTVRP_LINEAR,234165.0,4,19,0.0046,,,,,,,,,,,,,,,
Instances/Instances 1/d198_08.gt,197,100.0,86400.0,PTVRP_LINEAR,213280.0,5,18,0.0046,,,,,,,,,,,,,,,
Instances/Instances 1/d198_09.gt,197,100.0,86400.0,PTVRP_LINEAR,239134.0,4,18,0.0057,,,,,,,,,,,,,,,
Instances/Instances 1/d198_10.gt,197,100.0,86400.0,PTVRP_LINEAR,220579.0,5,16,0.0056,,,,,,,,,,,,,,,
Instances/Instances 1/d2103_01.gt,2102,100.0,86400.0,PTVRP_LINEAR,2259986.0,41,21,0.0072,,,,,,,,,,,,,,,
Instances/Instances 1/d2103_02.gt,2102,100.0,86400.0,PTVRP_LINEAR,2298431.0,39,20,0.0078,,,,,,,,,,,,,,,
Instances/Instances 1/d2103_03.gt,2102,100.0,86400.0,PTVRP_LINEAR,2342060.0,38,20,0.0069,,,,,,,,,,,,,,,
Instances/Instances 1/d2103_04.gt,2102,100.0,86400.0,PTVRP_LINEAR,2369075.0,37,21,0.0068,,,,,,,,,,,,,,,
Instances/Instances 1/d2103_05.gt,2102,100.0,86400.0,PTVRP_LINEAR,2335373.0,39,20,0.0057,,,,,,,,,,,,,,,
Instances/Instances 1/d2103_06.gt,2102,100.0,86400.0,PTVRP_LINEAR,2323735.0,38,19,0.0061,,,,,,,,,,,,,,,
Instances/Instances 1/d2103_07.gt,2102,100.0,86400.0,PTVRP_LINEAR,2344323.0,38,20,0.006,,,,,,,,,,,,,,,
Instances/Instances 1/d2103_08.gt,2102,100.0,86400.0,PTVRP_LINEAR,2369433.0,38,19,0.0061,,,,,,,,,,,,,,,
Instances/Instances 1/d2103_09.gt,2102,100.0,86400.0,PTVRP_LINEAR,2351975.0,36,22,0.0062,,,,,,,,,,,,,,,
Instances/Instances 1/d2103_10.gt,2102,100.0,86400.0,PTVRP_LINEAR,2369781.0,37,21,0.0072,,,,,,,,,,,,,,,
Instances/Instances 1/d493_01.gt,492,100.0,86400.0,PTVRP_LINEAR,585251.0,11,17,0.0056,,,,,,,,,,,,,,,
Instances/Instances 1/d493_02.gt,492,100.0,86400.0,PTVRP_LINEAR,509337.0,12,15,0.005,,,,,,,,,,,,,,,
Instances/Instances 1/d493_03.gt,492,100.0,86400.0,PTVRP_LINEAR,615089.0,10,20,0.0044,,,,,,,,,,,,,,,
Instances/Instances 1/d493_04.gt,492,100.0,86400.0,PTVRP_LINEAR,582220.0,10,20,0.0054,,,,,,,,,,,,,,,
Instances/Instances 1/d493_05.gt,492,100.0,86400.0,PTVRP_LINEAR,582059.0,11,19,0.0062,,,,,,,,,,,,,,,
Instances/Instances 1/d493_06.gt,492,100.0,86400.0,PTVRP_LINEAR,583057.0,11,20,0.0061,,,,,,,,,,,,,,,
Instances/Instances 1/d493_07.gt,492,100.0,86400.0,PTVRP_LINEAR,558323.0,12,14,0.0051,,,,,,,,,,,,,,,
Instances/Instances 1/d493_08.gt,492,100.0,86400.0,PTVRP_LINEAR,578036.0,10,20,0.0057,,,,,,,,,,,,,,,
Instances/Instances 1/d493_09.gt,492,100.0,86400.0,PTVRP_LINEAR,544215.0,12,15,0.0058,,,,,,,,,,,,,,,
Instances/Instances 1/d493_10.gt,492,100.0,86400.0,PTVRP_LINEAR,566845.0,11,18,0.0045,,,,,,,,,,,,,,,
Instances/Instances 1/d657_01.gt,656,100.0,86400.0,PTVRP_LINEAR,838676.0,15,16,0.0049,,,,,,,,,,,,,,,
Instances/Instances 1/d657_02.gt,656,100.0,86400.0,PTVRP_LINEAR,892845.0,14,15,0.005,,,,,,,,,,,,,,,
Instances/Instances 1/d657_03.gt,656,100.0,86400.0,PTVRP_LINEAR,856120.0,16,14,0.006,,,,,,,,,,,,,,,
Instances/Instances 1/d657_04.gt,656,100.0,86400.0,PTVRP_LINEAR,886258.0,15,15,0.0074,,,,,,,,,,,,,,,
Instances/Instances 1/d657_05.gt,656,100.0,86400.0,PTVRP_LINEAR,880916.0,16,15,0.0052,,,,,,,,,,,,,,,
Instances/Instances 1/d657_06.gt,656,100.0,86400.0,PTVRP_LINEAR,851172.0,15,15,0.0049,,,,,,,,,,,,,,,
Instances/Instances 1/d657_07.gt,656,100.0,86400.0,PTVRP_LINEAR,812782.0,17,14,0.0055,,,,,,,,,,,,,,,
Instances/Instances 1/d657_08.gt,656,100.0,86400.0,PTVRP_LINEAR,929783.0,15,18,0.0053,,,,,,,,,,,,,,,
Instances/Instances 1/d657_09.gt,656,100.0,86400.0,PTVRP_LINEAR,894180.0,15,16,0.005,,,,,,,,,,,,,,,
Instances/Instances 1/d657_10.gt,656,100.0,86400.0,PTVRP_LINEAR,877041.0,15,17,0.0049,,,,,,,,,,,,,,,
Instances/Instances 1/dj38_01.gt,37,100.0,86400.0,PTVRP_LINEAR,71972.0,2,10,0.0048,,,,,,,,,,,,,,,
Instances/Instances 1/dj38_02.gt,37,100.0,86400.0,PTVRP_LINEAR,71972.0,2,10,0.0044,,,,,,,,,,,,,,,
Instances/Instances 1/dj38_03.gt,37,100.0,86400.0,PTVRP_LINEAR,71972.0,2,10,0.0052,,,,,,,,,,,,,,,
Instances/Instances 1/dj38_04.gt,37,100.0,86400.0,PTVRP_LINEAR,72432.0,1,9,0.0065,,,,,,,,,,,,,,,
Instances/Instances 1/dj38_05.gt,37,100.0,86400.0,PTVRP_LINEAR,80480.0,1,10,0.0049,,,,,,,,,,,,,,,
Instances/Instances 1/dj38_06.gt,37,100.0,86400.0,PTVRP_LINEAR,72432.0,1,9,0.0045,,,,,,,,,,,,,,,
Instances/Instances 1/dj38_07.gt,37,100.0,86400.0,PTVRP_LINEAR,71972.0,2,10,0.0052,,,,,,,,,,,,,,,
Instances/Instances 1/dj38_08.gt,37,100.0,86400.0,PTVRP_LINEAR,80480.0,1,10,0.0053,,,,,,,,,,,,,,,
Instances/Instances 1/dj38_09.gt,37,100.0,86400.0,PTVRP_LINEAR,72432.0,1,9,0.0065,,,,,,,,,,,,,,,
Instances/Instances 1/dj38_10.gt,37,100.0,86400.0,PTVRP_LINEAR,80480.0,1,10,0.0049,,,,,,,,,,,,,,,
Instances/Instances 1/eg7146_01.gt,7145,100.0,86400.0,PTVRP_LINEAR,7966675.0,113,29,0.0103,,,,,,,,,,,,,,,
Instances/Instances 1/eg7146_02.gt,7145,100.0,86400.0,PTVRP_LINEAR,7946392.0,112,29,0.0098,,,,,,,,,,,,,,,
Instances/Instances 1/eg7146_03.gt,7145,100.0,86400.0,PTVRP_LINEAR,8090069.0,109,30,0.0101,,,,,,,,,,,,,,,
Instances/Instances 1/eg7146_04.gt,7145,100.0,86400.0,PTVRP_LINEAR,7853256.0,114,27,0.0113,,,,,,,,,,,,,,,
Instances/Instances 1/eg7146_05.gt,7145,100.0,86400.0,PTVRP_LINEAR,8006368.0,111,28,0.011,,,,,,,,,,,,,,,
Instances/Instances 1/eg7146_06.gt,7145,100.0,86400.0,PTVRP_LINEAR,7927777.0,113,32,0.0101,,,,,,,,,,,,,,,
Instances/Instances 1/eg7146_07.gt,7145,100.0,86400.0,PTVRP_LINEAR,7883856.0,118,29,0.0088,,,,,,,,,,,,,,,
Instances/Instances 1/eg7146_08.gt,7145,100.0,86400.0,PTVRP_LINEAR,7916137.0,117,30,0.0089,,,,,,,,,,,,,,,
Instances/Instances 1/eg7146_09.gt,7145,100.0,86400.0,PTVRP_LINEAR,8007391.0,109,31,0.0089,,,,,,,,,,,,,,,
Instances/Instances 1/eg7146_10.gt,7145,100.0,86400.0,PTVRP_LINEAR,7962711.0,114,27,0.0089,,,,,,,,,,,,,,,
Instances/Instances 1/ei8246_01.gt,8245,100.0,86400.0,PTVRP_LINEAR,9031812.0,130,25,0.0095,,,,,,,,,,,,,,,
Instances/Instances 1/ei8246_02.gt,8245,100.0,86400.0,PTVRP_LINEAR,8959467.0,128,24,0.0119,,,,,,,,,,,,,,,
Instances/Instances 1/ei8246_03.gt,8245,100.0,86400.0,PTVRP_LINEAR,8961402.0,129,23,0.0109,,,,,,,,,,,,,,,
Instances/Instances 1/ei8246_04.gt,8245,100.0,86400.0,PTVRP_LINEAR,8979451.0,127,24,0.0113,,,,,,,,,,,,,,,
Instances/Instances 1/ei8246_05.gt,8245,100.0,86400.0,PTVRP_LINEAR,9007757.0,125,26,0.01,,,,,,,,,,,,,,,
Instances/Instances 1/ei8246_06.gt,8245,100.0,86400.0,PTVRP_LINEAR,8888349.0,132,25,0.0109,,,,,,,,,,,,,,,
Instances/Instances 1/ei8246_07.gt,8245,100.0,86400.0,PTVRP_LINEAR,9009670.0,129,26,0.0111,,,,,,,,,,,,,,,
Instances/Instances 1/ei8246_08.gt,8245,100.0,86400.0,PTVRP_LINEAR,8939946.0,128,23,0.0138,,,,,,,,,,,,,,,
Instances/Instances 1/ei8246_09.gt,8245,100.0,86400.0,PTVRP_LINEAR,9057721.0,129,26,0.0121,,,,,,,,,,,,,,,
Instances/Instances 1/ei8246_10.gt,8245,100.0,86400.0,PTVRP_LINEAR,8763601.0,132,22,0.0104,,,,,,,,,,,,,,,
Instances/Instances 1/eil101_01.gt,100,100.0,86400.0,PTVRP_LINEAR,17604.0,1,27,0.0043,,,,,,,,,,,,,,,
Instances/Instances 1/eil101_02.gt,100,100.0,86400.0,PTVRP_LINEAR,16952.0,1,26,0.0051,,,,,,,,,,,,,,,
Instances/Instances 1/eil101_03.gt,100,100.0,86400.0,PTVRP_LINEAR,16952.0,1,26,0.0047,,,,,,,,,,,,,,,
Instances/Instances 1/eil101_04.gt,100,100.0,86400.0,PTVRP_LINEAR,16300.0,1,25,0.0045,,,,,,,,,,,,,,,
Instances/Instances 1/eil101_05.gt,100,100.0,86400.0,PTVRP_LINEAR,18908.0,1,29,0.0047,,,,,,,,,,,,,,,
Instances/Instances 1/eil101_06.gt,100,100.0,86400.0,PTVRP_LINEAR,14996.0,1,23,0.0053,,,,,,,,,,,,,,,
Instances/Instances 1/eil101_07.gt,100,100.0,86400.0,PTVRP_LINEAR,16952.0,1,26,0.0053,,,,,,,,,,,,,,,
Instances/Instances 1/eil101_08.gt,100,100.0,86400.0,PTVRP_LINEAR,16300.0,1,25,0.0047,,,,,,,,,,,,,,,
Instances/Instances 1/eil101_09.gt,100,100.0,86400.0,PTVRP_LINEAR,16952.0,1,26,0.0056,,,,,,,,,,,,,,,
Instances/Instances 1/eil101_10.gt,100,100.0,86400.0,PTVRP_LINEAR,17604.0,1,27,0.0057,,,,,,,,,,,,,,,
Instances/Instances 1/eil51_01.gt,50,100.0,86400.0,PTVRP_LINEAR,5746.0,1,13,0.0055,,,,,,,,,,,,,,,
Instances/Instances 1/eil51_02.gt,50,100.0,86400.0,PTVRP_LINEAR,5746.0,1,13,0.0056,,,,,,,,,,,,,,,
Instances/Instances 1/eil51_03.gt,50,100.0,86400.0,PTVRP_LINEAR,6188.0,1,14,0.0062,,,,,,,,,,,,,,,
Instances/Instances 1/eil51_04.gt,50,100.0,86400.0,PTVRP_LINEAR,5746.0,1,13,0.0069,,,,,,,,,,,,,,,
Instances/Instances 1/eil51_05.gt,50,100.0,86400.0,PTVRP_LINEAR,4420.0,1,10,0.0059,,,,,,,,,,,,,,,
Instances/Instances 1/eil51_06.gt,50,100.0,86400.0,PTVRP_LINEAR,5746.0,1,13,0.0076,,,,,,,,,,,,,,,
Instances/Instances 1/eil51_07.gt,50,100.0,86400.0,PTVRP_LINEAR,5746.0,1,13,0.0058,,,,,,,,,,,,,,,
Instances/Instances 1/eil51_08.gt,50,100.0,86400.0,PTVRP_LINEAR,5746.0,1,13,0.0061,,,,,,,,,,,,,,,
Instances/Instances 1/eil51_09.gt,50,100.0,86400.0,PTVRP_LINEAR,6188.0,1,14,0.006,,,,,,,,,,,,,,,
Instances/Instances 1/eil51_10.gt,50,100.0,86400.0,PTVRP_LINEAR,6188.0,1,14,0.0064,,,,,,,,,,,,,,,
Instances/Instances 1/eil76_01.gt,75,100.0,86400.0,PTVRP_LINEAR,10887.0,1,19,0.0049,,,,,,,,,,,,,,,
Instances/Instances 1/eil76_02.gt,75,100.0,86400.0,PTVRP_LINEAR,10887.0,1,19,0.0046,,,,,,,,,,,,,,,
Instances/Instances 1/eil76_03.gt,75,100.0,86400.0,PTVRP_LINEAR,10314.0,1,18,0.0052,,,,,,,,,,,,,,,
Instances/Instances 1/eil76_04.gt,75,100.0,86400.0,PTVRP_LINEAR,10887.0,1,19,0.0065,,,,,,,,,,,,,,,
Instances/Instances 1/eil76_05.gt,75,100.0,86400.0,PTVRP_LINEAR,11460.0,1,20,0.0065,,,,,,,,,,,,,,,
Instances/Instances 1/eil76_06.gt,75,100.0,86400.0,PTVRP_LINEAR,10314.0,1,18,0.0067,,,,,,,,,,,,,,,
Instances/Instances 1/eil76_07.gt,75,100.0,86400.0,PTVRP_LINEAR,12033.0,1,21,0.0074,,,,,,,,,,,,,,,
Instances/Instances 1/eil76_08.gt,75,100.0,86400.0,PTVRP_LINEAR,12033.0,1,21,0.0068,,,,,,,,,,,,,,,
Instances/Instances 1/eil76_09.gt,75,100.0,86400.0,PTVRP_LINEAR,10887.0,1,19,0.0071,,,,,,,,,,,,,,,
Instances/Instances 1/eil76_10.gt,75,100.0,86400.0,PTVRP_LINEAR,10314.0,1,18,0.0071,,,,,,,,,,,,,,,
Instances/Instances 1/fi10639_01.gt,10638,100.0,86400.0,PTVRP_LINEAR,21194580.0,281,16,0.013,,,,,,,,,,,,,,,
Instances/Instances 1/fi10639_02.gt,10638,100.0,86400.0,PTVRP_LINEAR,21322047.0,278,17,0.012,,,,,,,,,,,,,,,
Instances/Instances 1/fi10639_03.gt,10638,100.0,86400.0,PTVRP_LINEAR,21069273.0,281,17,0.0133,,,,,,,,,,,,,,,
Instances/Instances 1/fi10639_04.gt,10638,100.0,86400.0,PTVRP_LINEAR,21144904.0,280,16,0.0125,,,,,,,,,,,,,,,
Instances/Instances 1/fi10639_05.gt,10638,100.0,86400.0,PTVRP_LINEAR,21222221.0,283,16,0.0119,,,,,,,,,,,,,,,
Instances/Instances 1/fi10639_06.gt,10638,100.0,86400.0,PTVRP_LINEAR,21313523.0,280,17,0.013,,,,,,,,,,,,,,,
Instances/Instances 1/fi10639_07.gt,10638,100.0,86400.0,PTVRP_LINEAR,21347122.0,281,18,0.0127,,,,,,,,,,,,,,,
Instances/Instances 1/fi10639_08.gt,10638,100.0,86400.0,PTVRP_LINEAR,21289291.0,280,17,0.013,,,,,,,,,,,,,,,
Instances/Instances 1/fi10639_09.gt,10638,100.0,86400.0,PTVRP_LINEAR,21229011.0,277,19,0.0125,,,,,,,,,,,,,,,
Instances/Instances 1/fi10639_10.gt,10638,100.0,86400.0,PTVRP_LINEAR,21251090.0,279,16,0.0133,,,,,,,,,,,,,,,
Instances/Instances 1/fl1400_01.gt,1399,100.0,86400.0,PTVRP_LINEAR,1057678.0,16,32,0.0064,,,,,,,,,,,,,,,
Instances/Instances 1/fl1400_02.gt,1399,100.0,86400.0,PTVRP_LINEAR,1026753.0,17,33,0.0057,,,,,,,,,,,,,,,
Instances/Instances 1/fl1400_03.gt,1399,100.0,86400.0,PTVRP_LINEAR,1070621.0,16,33,0.0061,,,,,,,,,,,,,,,
Instances/Instances 1/fl1400_04.gt,1399,100.0,86400.0,PTVRP_LINEAR,1043574.0,17,33,0.0064,,,,,,,,,,,,,,,
Instances/Instances 1/fl1400_05.gt,1399,100.0,86400.0,PTVRP_LINEAR,1032847.0,16,31,0.0076,,,,,,,,,,,,,,,
Instances/Instances 1/fl1400_06.gt,1399,100.0,86400.0,PTVRP_LINEAR,1081724.0,16,34,0.0066,,,,,,,,,,,,,,,
Instances/Instances 1/fl1400_07.gt,1399,100.0,86400.0,PTVRP_LINEAR,1072212.0,16,34,0.0058,,,,,,,,,,,,,,,
Instances/Instances 1/fl1400_08.gt,1399,100.0,86400.0,PTVRP_LINEAR,1035954.0,16,32,0.0052,,,,,,,,,,,,,,,
Instances/Instances 1/fl1400_09.gt,1399,100.0,86400.0,PTVRP_LINEAR,1057306.0,16,32,0.0059,,,,,,,,,,,,,,,
Instances/Instances 1/fl1400_10.gt,1399,100.0,86400.0,PTVRP_LINEAR,1048915.0,16,33,0.0051,,,,,,,,,,,,,,,
Instances/Instances 1/fl1577_01.gt,1576,100.0,86400.0,PTVRP_LINEAR,1031124.0,16,38,0.0062,,,,,,,,,,,,,,,
Instances/Instances 1/fl1577_02.gt,1576,100.0,86400.0,PTVRP_LINEAR,1021884.0,16,40,0.0051,,,,,,,,,,,,,,,
Instances/Instances 1/fl1577_03.gt,1576,100.0,86400.0,PTVRP_LINEAR,1049911.0,15,41,0.0056,,,,,,,,,,,,,,,
Instances/Instances 1/fl1577_04.gt,1576,100.0,86400.0,PTVRP_LINEAR,1036986.0,16,35,0.0052,,,,,,,,,,,,,,,
Instances/Instances 1/fl1577_05.gt,1576,100.0,86400.0,PTVRP_LINEAR,1080012.0,15,36,0.0055,,,,,,,,,,,,,,,
Instances/Instances 1/fl1577_06.gt,1576,100.0,86400.0,PTVRP_LINEAR,1050130.0,15,38,0.0065,,,,,,,,,,,,,,,
Instances/Instances 1/fl1577_07.gt,1576,100.0,86400.0,PTVRP_LINEAR,1029523.0,15,39,0.006,,,,,,,,,,,,,,,
Instances/Instances 1/fl1577_08.gt,1576,100.0,86400.0,PTVRP_LINEAR,1066159.0,15,42,0.0062,,,,,,,,,,,,,,,
Instances/Instances 1/fl1577_09.gt,1576,100.0,86400.0,PTVRP_LINEAR,1045998.0,16,38,0.0053,,,,,,,,,,,,,,,
Instances/Instances 1/fl1577_10.gt,1576,100.0,86400.0,PTVRP_LINEAR,1012065.0,17,34,0.0071,,,,,,,,,,,,,,,
Instances/Instances 1/fl3795_01.gt,3794,100.0,86400.0,PTVRP_LINEAR,2150994.0,32,52,0.0069,,,,,,,,,,,,,,,
Instances/Instances 1/fl3795_02.gt,3794,100.0,86400.0,PTVRP_LINEAR,2131671.0,34,48,0.0065,,,,,,,,,,,,,,,
Instances/Instances 1/fl3795_03.gt,3794,100.0,86400.0,PTVRP_LINEAR,2141994.0,31,50,0.0069,,,,,,,,,,,,,,,
Instances/Instances 1/fl3795_04.gt,3794,100.0,86400.0,PTVRP_LINEAR,2112858.0,33,50,0.0068,,,,,,,,,,,,,,,
Instances/Instances 1/fl3795_05.gt,3794,100.0,86400.0,PTVRP_LINEAR,2115499.0,32,52,0.0064,,,,,,,,,,,,,,,
Instances/Instances 1/fl3795_06.gt,3794,100.0,86400.0,PTVRP_LINEAR,2127894.0,32,53,0.0064,,,,,,,,,,,,,,,
Instances/Instances 1/fl3795_07.gt,3794,100.0,86400.0,PTVRP_LINEAR,2195296.0,31,55,0.0067,,,,,,,,,,,,,,,
Instances/Instances 1/fl3795_08.gt,3794,100.0,86400.0,PTVRP_LINEAR,2096295.0,33,50,0.0066,,,,,,,,,,,,,,,
Instances/Instances 1/fl3795_09.gt,3794,100.0,86400.0,PTVRP_LINEAR,2194657.0,30,55,0.0084,,,,,,,,,,,,,,,
Instances/Instances 1/fl3795_10.gt,3794,100.0,86400.0,PTVRP_LINEAR,2186735.0,30,53,0.008,,,,,,,,,,,,,,,
Instances/Instances 1/fl417_01.gt,416,100.0,86400.0,PTVRP_LINEAR,375272.0,6,24,0.005,,,,,,,,,,,,,,,
Instances/Instances 1/fl417_02.gt,416,100.0,86400.0,PTVRP_LINEAR,381186.0,6,24,0.0062,,,,,,,,,,,,,,,
Instances/Instances 1/fl417_03.gt,416,100.0,86400.0,PTVRP_LINEAR,379609.0,6,24,0.0046,,,,,,,,,,,,,,,
Instances/Instances 1/fl417_04.gt,416,100.0,86400.0,PTVRP_LINEAR,376998.0,6,23,0.0063,,,,,,,,,,,,,,,
Instances/Instances 1/fl417_05.gt,416,100.0,86400.0,PTVRP_LINEAR,373216.0,6,24,0.0046,,,,,,,,,,,,,,,
Instances/Instances 1/fl417_06.gt,416,100.0,86400.0,PTVRP_LINEAR,365514.0,6,24,0.0049,,,,,,,,,,,,,,,
Instances/Instances 1/fl417_07.gt,416,100.0,86400.0,PTVRP_LINEAR,380248.0,6,25,0.0049,,,,,,,,,,,,,,,
Instances/Instances 1/fl417_08.gt,416,100.0,86400.0,PTVRP_LINEAR,380834.0,6,25,0.0053,,,,,,,,,,,,,,,
Instances/Instances 1/fl417_09.gt,416,100.0,86400.0,PTVRP_LINEAR,364745.0,6,23,0.0055,,,,,,,,,,,,,,,
Instances/Instances 1/fl417_10.gt,416,100.0,86400.0,PTVRP_LINEAR,369468.0,6,25,0.0066,,,,,,,,,,,,,,,
Instances/Instances 1/fnl4461_01.gt,4460,100.0,86400.0,PTVRP_LINEAR,5804298.0,84,21,0.0077,,,,,,,,,,,,,,,
Instances/Instances 1/fnl4461_02.gt,4460,100.0,86400.0,PTVRP_LINEAR,5763096.0,85,20,0.0082,,,,,,,,,,,,,,,
Instances/Instances 1/fnl4461_03.gt,4460,100.0,86400.0,PTVRP_LINEAR,5701663.0,87,18,0.0092,,,,,,,,,,,,,,,
Instances/Instances 1/fnl4461_04.gt,4460,100.0,86400.0,PTVRP_LINEAR,5792701.0,84,21,0.0076,,,,,,,,,,,,,,,
Instances/Instances 1/fnl4461_05.gt,4460,100.0,86400.0,PTVRP_LINEAR,5513687.0,85,19,0.0078,,,,,,,,,,,,,,,
Instances/Instances 1/fnl4461_06.gt,4460,100.0,86400.0,PTVRP_LINEAR,5732987.0,84,18,0.0081,,,,,,,,,,,,,,,
Instances/Instances 1/fnl4461_07.gt,4460,100.0,86400.0,PTVRP_LINEAR,5681984.0,84,21,0.0076,,,,,,,,,,,,,,,
Instances/Instances 1/fnl4461_08.gt,4460,100.0,86400.0,PTVRP_LINEAR,5651704.0,83,20,0.0082,,,,,,,,,,,,,,,
Instances/Instances 1/fnl4461_09.gt,4460,100.0,86400.0,PTVRP_LINEAR,5644474.0,84,19,0.007,,,,,,,,,,,,,,,
Instances/Instances 1/fnl4461_10.gt,4460,100.0,86400.0,PTVRP_LINEAR,5656250.0,84,21,0.0076,,,,,,,,,,,,,,,
Instances/Instances 1/gil262_01.gt,261,100.0,86400.0,PTVRP_LINEAR,108628.0,2,46,0.0049,,,,,,,,,,,,,,,
Instances/Instances 1/gil262_02.gt,261,100.0,86400.0,PTVRP_LINEAR,102845.0,2,45,0.0051,,,,,,,,,,,,,,,
Instances/Instances 1/gil262_03.gt,261,100.0,86400.0,PTVRP_LINEAR,105851.0,2,46,0.0046,,,,,,,,,,,,,,,
Instances/Instances 1/gil262_04.gt,261,100.0,86400.0,PTVRP_LINEAR,108138.0,2,47,0.0044,,,,,,,,,,,,,,,
Instances/Instances 1/gil262_05.gt,261,100.0,86400.0,PTVRP_LINEAR,110124.0,2,47,0.0044,,,,,,,,,,,,,,,
Instances/Instances 1/gil262_06.gt,261,100.0,86400.0,PTVRP_LINEAR,101844.0,2,45,0.0061,,,,,,,,,,,,,,,
Instances/Instances 1/gil262_07.gt,261,100.0,86400.0,PTVRP_LINEAR,107418.0,2,47,0.0046,,,,,,,,,,,,,,,
Instances/Instances 1/gil262_08.gt,261,100.0,86400.0,PTVRP_LINEAR,105733.0,2,46,0.0045,,,,,,,,,,,,,,,
Instances/Instances 1/gil262_09.gt,261,100.0,86400.0,PTVRP_LINEAR,103764.0,2,46,0.0044,,,,,,,,,,,,,,,
Instances/Instances 1/gil262_10.gt,261,100.0,86400.0,PTVRP_LINEAR,105691.0,2,46,0.0058,,,,,,,,,,,,,,,
Instances/Instances 1/gr9882_01.gt,9881,100.0,86400.0,PTVRP_LINEAR,14840219.0,197,24,0.0118,,,,,,,,,,,,,,,
Instances/Instances 1/gr9882_02.gt,9881,100.0,86400.0,PTVRP_LINEAR,14707978.0,197,21,0.012,,,,,,,,,,,,,,,
Instances/Instances 1/gr9882_03.gt,9881,100.0,86400.0,PTVRP_LINEAR,14668214.0,195,21,0.0111,,,,,,,,,,,,,,,
Instances/Instances 1/gr9882_04.gt,9881,100.0,86400.0,PTVRP_LINEAR,14836897.0,196,21,0.0154,,,,,,,,,,,,,,,
Instances/Instances 1/gr9882_05.gt,9881,100.0,86400.0,PTVRP_LINEAR,14660531.0,199,20,0.0114,,,,,,,,,,,,,,,
Instances/Instances 1/gr9882_06.gt,9881,100.0,86400.0,PTVRP_LINEAR,14662018.0,196,22,0.0122,,,,,,,,,,,,,,,
Instances/Instances 1/gr9882_07.gt,9881,100.0,86400.0,PTVRP_LINEAR,14938711.0,203,23,0.0107,,,,,,,,,,,,,,,
Instances/Instances 1/gr9882_08.gt,9881,100.0,86400.0,PTVRP_LINEAR,14670650.0,199,21,0.0114,,,,,,,,,,,,,,,
Instances/Instances 1/gr9882_09.gt,9881,100.0,86400.0,PTVRP_LINEAR,14754924.0,198,22,0.0117,,,,,,,,,,,,,,,
Instances/Instances 1/gr9882_10.gt,9881,100.0,86400.0,PTVRP_LINEAR,14609194.0,197,21,0.0129,,,,,,,,,,,,,,,
Instances/Instances 1/ho14473_01.gt,14472,100.0,86400.0,PTVRP_LINEAR,11842936.0,164,37,0.0167,,,,,,,,,,,,,,,
Instances/Instances 1/ho14473_02.gt,14472,100.0,86400.0,PTVRP_LINEAR,11873446.0,171,42,0.0142,,,,,,,,,,,,,,,
Instances/Instances 1/ho14473_03.gt,14472,100.0,86400.0,PTVRP_LINEAR,11788433.0,168,37,0.0138,,,,,,,,,,,,,,,
Instances/Instances 1/ho14473_04.gt,14472,100.0,86400.0,PTVRP_LINEAR,11712763.0,172,35,0.0145,,,,,,,,,,,,,,,
Instances/Instances 1/ho14473_05.gt,14472,100.0,86400.0,PTVRP_LINEAR,11763280.0,174,38,0.0145,,,,,,,,,,,,,,,
Instances/Instances 1/ho14473_06.gt,14472,100.0,86400.0,PTVRP_LINEAR,11978414.0,164,41,0.0144,,,,,,,,,,,,,,,
Instances/Instances 1/ho14473_07.gt,14472,100.0,86400.0,PTVRP_LINEAR,11698628.0,170,40,0.015,,,,,,,,,,,,,,,
Instances/Instances 1/ho14473_08.gt,14472,100.0,86400.0,PTVRP_LINEAR,11747429.0,173,33,0.0154,,,,,,,,,,,,,,,
Instances/Instances 1/ho14473_09.gt,14472,100.0,86400.0,PTVRP_LINEAR,11720030.0,170,37,0.0136,,,,,,,,,,,,,,,
Instances/Instances 1/ho14473_10.gt,14472,100.0,86400.0,PTVRP_LINEAR,11716372.0,173,37,0.0142,,,,,,,,,,,,,,,
Instances/Instances 1/it16862_01.gt,16861,100.0,86400.0,PTVRP_LINEAR,32784731.0,428,21,0.0181,,,,,,,,,,,,,,,
Instances/Instances 1/it16862_02.gt,16861,100.0,86400.0,PTVRP_LINEAR,32493499.0,425,23,0.0184,,,,,,,,,,,,,,,
Instances/Instances 1/it16862_03.gt,16861,100.0,86400.0,PTVRP_LINEAR,32803234.0,424,24,0.0177,,,,,,,,,,,,,,,
Instances/Instances 1/it16862_04.gt,16861,100.0,86400.0,PTVRP_LINEAR,32203875.0,420,22,0.0173,,,,,,,,,,,,,,,
Instances/Instances 1/it16862_05.gt,16861,100.0,86400.0,PTVRP_LINEAR,32376856.0,423,23,0.0164,,,,,,,,,,,,,,,
Instances/Instances 1/it16862_06.gt,16861,100.0,86400.0,PTVRP_LINEAR,32338057.0,425,20,0.0163,,,,,,,,,,,,,,,
Instances/Instances 1/it16862_07.gt,16861,100.0,86400.0,PTVRP_LINEAR,32388529.0,418,22,0.0168,,,,,,,,,,,,,,,
Instances/Instances 1/it16862_08.gt,16861,100.0,86400.0,PTVRP_LINEAR,32336957.0,423,23,0.0171,,,,,,,,,,,,,,,
Instances/Instances 1/it16862_09.gt,16861,100.0,86400.0,PTVRP_LINEAR,32552106.0,426,22,0.0179,,,,,,,,,,,,,,,
Instances/Instances 1/it16862_10.gt,16861,100.0,86400.0,PTVRP_LINEAR,32272371.0,424,22,0.0161,,,,,,,,,,,,,,,
Instances/Instances 1/ja9847_01.gt,9846,100.0,86400.0,PTVRP_LINEAR,30335017.0,406,18,0.0126,,,,,,,,,,,,,,,
Instances/Instances 1/ja9847_02.gt,9846,100.0,86400.0,PTVRP_LINEAR,30180393.0,402,18,0.014,,,,,,,,,,,,,,,
Instances/Instances 1/ja9847_03.gt,9846,100.0,86400.0,PTVRP_LINEAR,30561725.0,403,17,0.0131,,,,,,,,,,,,,,,
Instances/Instances 1/ja9847_04.gt,9846,100.0,86400.0,PTVRP_LINEAR,30727803.0,413,19,0.0175,,,,,,,,,,,,,,,
Instances/Instances 1/ja9847_05.gt,9846,100.0,86400.0,PTVRP_LINEAR,30322148.0,399,18,0.0113,,,,,,,,,,,,,,,
Instances/Instances 1/ja9847_06.gt,9846,100.0,86400.0,PTVRP_LINEAR,30418766.0,408,18,0.012,,,,,,,,,,,,,,,
Instances/Instances 1/ja9847_07.gt,9846,100.0,86400.0,PTVRP_LINEAR,30515329.0,402,18,0.0124,,,,,,,,,,,,,,,
Instances/Instances 1/ja9847_08.gt,9846,100.0,86400.0,PTVRP_LINEAR,30180005.0,407,19,0.0128,,,,,,,,,,,,,,,
Instances/Instances 1/ja9847_09.gt,9846,100.0,86400.0,PTVRP_LINEAR,30930607.0,406,19,0.0127,,,,,,,,,,,,,,,
Instances/Instances 1/ja9847_10.gt,9846,100.0,86400.0,PTVRP_LINEAR,30281345.0,403,19,0.0117,,,,,,,,,,,,,,,
Instances/Instances 1/kroA100_01.gt,99,100.0,86400.0,PTVRP_LINEAR,217041.0,4,9,0.0059,,,,,,,,,,,,,,,
Instances/Instances 1/kroA100_02.gt,99,100.0,86400.0,PTVRP_LINEAR,240336.0,3,9,0.0054,,,,,,,,,,,,,,,
Instances/Instances 1/kroA100_03.gt,99,100.0,86400.0,PTVRP_LINEAR,232899.0,4,9,0.0048,,,,,,,,,,,,,,,
Instances/Instances 1/kroA100_04.gt,99,100.0,86400.0,PTVRP_LINEAR,214227.0,4,9,0.0054,,,,,,,,,,,,,,,
Instances/Instances 1/kroA100_05.gt,99,100.0,86400.0,PTVRP_LINEAR,224094.0,4,9,0.0062,,,,,,,,,,,,,,,
Instances/Instances 1/kroA100_06.gt,99,100.0,86400.0,PTVRP_LINEAR,204590.0,3,9,0.0051,,,,,,,,,,,,,,,
Instances/Instances 1/kroA100_07.gt,99,100.0,86400.0,PTVRP_LINEAR,199352.0,4,8,0.0059,,,,,,,,,,,,,,,
Instances/Instances 1/kroA100_08.gt,99,100.0,86400.0,PTVRP_LINEAR,213719.0,4,8,0.0046,,,,,,,,,,,,,,,
Instances/Instances 1/kroA100_09.gt,99,100.0,86400.0,PTVRP_LINEAR,214990.0,4,8,0.0071,,,,,,,,,,,,,,,
Instances/Instances 1/kroA100_10.gt,99,100.0,86400.0,PTVRP_LINEAR,235771.0,4,9,0.0046,,,,,,,,,,,,,,,
Instances/Instances 1/kroA150_01.gt,149,100.0,86400.0,PTVRP_LINEAR,317692.0,5,10,0.0068,,,,,,,,,,,,,,,
Instances/Instances 1/kroA150_02.gt,149,100.0,86400.0,PTVRP_LINEAR,303539.0,5,10,0.0047,,,,,,,,,,,,,,,
Instances/Instances 1/kroA150_03.gt,149,100.0,86400.0,PTVRP_LINEAR,292997.0,5,9,0.0065,,,,,,,,,,,,,,,
Instances/Instances 1/kroA150_04.gt,149,100.0,86400.0,PTVRP_LINEAR,278248.0,5,8,0.0063,,,,,,,,,,,,,,,
Instances/Instances 1/kroA150_05.gt,149,100.0,86400.0,PTVRP_LINEAR,308451.0,4,11,0.0045,,,,,,,,,,,,,,,
Instances/Instances 1/kroA150_06.gt,149,100.0,86400.0,PTVRP_LINEAR,316273.0,5,10,0.0064,,,,,,,,,,,,,,,
Instances/Instances 1/kroA150_07.gt,149,100.0,86400.0,PTVRP_LINEAR,327213.0,5,10,0.0047,,,,,,,,,,,,,,,
Instances/Instances 1/kroA150_08.gt,149,100.0,86400.0,PTVRP_LINEAR,310823.0,5,10,0.0059,,,,,,,,,,,,,,,
Instances/Instances 1/kroA150_09.gt,149,100.0,86400.0,PTVRP_LINEAR,306448.0,5,10,0.0048,,,,,,,,,,,,,,,
Instances/Instances 1/kroA150_10.gt,149,100.0,86400.0,PTVRP_LINEAR,276260.0,5,9,0.0053,,,,,,,,,,,,,,,
Instances/Instances 1/kroA200_01.gt,199,100.0,86400.0,PTVRP_LINEAR,381296.0,6,11,0.006,,,,,,,,,,,,,,,
Instances/Instances 1/kroA200_02.gt,199,100.0,86400.0,PTVRP_LINEAR,373067.0,6,11,0.0048,,,,,,,,,,,,,,,
Instances/Instances 1/kroA200_03.gt,199,100.0,86400.0,PTVRP_LINEAR,389041.0,6,11,0.0066,,,,,,,,,,,,,,,
Instances/Instances 1/kroA200_04.gt,199,100.0,86400.0,PTVRP_LINEAR,386242.0,7,10,0.0045,,,,,,,,,,,,,,,
Instances/Instances 1/kroA200_05.gt,199,100.0,86400.0,PTVRP_LINEAR,354685.0,6,10,0.0059,,,,,,,,,,,,,,,
Instances/Instances 1/kroA200_06.gt,199,100.0,86400.0,PTVRP_LINEAR,390704.0,6,11,0.0051,,,,,,,,,,,,,,,
Instances/Instances 1/kroA200_07.gt,199,100.0,86400.0,PTVRP_LINEAR,402333.0,6,11,0.0063,,,,,,,,,,,,,,,
Instances/Instances 1/kroA200_08.gt,199,100.0,86400.0,PTVRP_LINEAR,377189.0,6,10,0.005,,,,,,,,,,,,,,,
Instances/Instances 1/kroA200_09.gt,199,100.0,86400.0,PTVRP_LINEAR,341283.0,6,10,0.0048,,,,,,,,,,,,,,,
Instances/Instances 1/kroA200_10.gt,199,100.0,86400.0,PTVRP_LINEAR,380124.0,6,11,0.0062,,,,,,,,,,,,,,,
Instances/Instances 1/kroB100_01.gt,99,100.0,86400.0,PTVRP_LINEAR,213399.0,4,9,0.0044,,,,,,,,,,,,,,,
Instances/Instances 1/kroB100_02.gt,99,100.0,86400.0,PTVRP_LINEAR,217306.0,4,9,0.0066,,,,,,,,,,,,,,,
Instances/Instances 1/kroB100_03.gt,99,100.0,86400.0,PTVRP_LINEAR,228534.0,4,9,0.0048,,,,,,,,,,,,,,,
Instances/Instances 1/kroB100_04.gt,99,100.0,86400.0,PTVRP_LINEAR,237828.0,4,9,0.0058,,,,,,,,,,,,,,,
Instances/Instances 1/kroB100_05.gt,99,100.0,86400.0,PTVRP_LINEAR,226800.0,4,9,0.0057,,,,,,,,,,,,,,,
Instances/Instances 1/kroB100_06.gt,99,100.0,86400.0,PTVRP_LINEAR,234548.0,4,10,0.0159,,,,,,,,,,,,,,,
Instances/Instances 1/kroB100_07.gt,99,100.0,86400.0,PTVRP_LINEAR,245214.0,4,10,0.0061,,,,,,,,,,,,,,,
Instances/Instances 1/kroB100_08.gt,99,100.0,86400.0,PTVRP_LINEAR,228189.0,4,9,0.0049,,,,,,,,,,,,,,,
Instances/Instances 1/kroB100_09.gt,99,100.0,86400.0,PTVRP_LINEAR,222131.0,4,9,0.0061,,,,,,,,,,,,,,,
Instances/Instances 1/kroB100_10.gt,99,100.0,86400.0,PTVRP_LINEAR,236670.0,4,10,0.0052,,,,,,,,,,,,,,,
Instances/Instances 1/kroB150_01.gt,149,100.0,86400.0,PTVRP_LINEAR,277554.0,6,9,0.0051,,,,,,,,,,,,,,,
Instances/Instances 1/kroB150_02.gt,149,100.0,86400.0,PTVRP_LINEAR,287479.0,5,9,0.007,,,,,,,,,,,,,,,
Instances/Instances 1/kroB150_03.gt,149,100.0,86400.0,PTVRP_LINEAR,344704.0,5,10,0.005,,,,,,,,,,,,,,,
Instances/Instances 1/kroB150_04.gt,149,100.0,86400.0,PTVRP_LINEAR,264293.0,6,9,0.0054,,,,,,,,,,,,,,,
Instances/Instances 1/kroB150_05.gt,149,100.0,86400.0,PTVRP_LINEAR,289451.0,6,9,0.0054,,,,,,,,,,,,,,,
Instances/Instances 1/kroB150_06.gt,149,100.0,86400.0,PTVRP_LINEAR,304684.0,5,10,0.0044,,,,,,,,,,,,,,,
Instances/Instances 1/kroB150_07.gt,149,100.0,86400.0,PTVRP_LINEAR,284410.0,6,8,0.0054,,,,,,,,,,,,,,,
Instances/Instances 1/kroB150_08.gt,149,100.0,86400.0,PTVRP_LINEAR,300010.0,5,9,0.0051,,,,,,,,,,,,,,,
Instances/Instances 1/kroB150_09.gt,149,100.0,86400.0,PTVRP_LINEAR,339356.0,5,10,0.0053,,,,,,,,,,,,,,,
Instances/Instances 1/kroB150_10.gt,149,100.0,86400.0,PTVRP_LINEAR,326341.0,5,10,0.0051,,,,,,,,,,,,,,,
Instances/Instances 1/kroB200_01.gt,199,100.0,86400.0,PTVRP_LINEAR,389403.0,6,10,0.0049,,,,,,,,,,,,,,,
Instances/Instances 1/kroB200_02.gt,199,100.0,86400.0,PTVRP_LINEAR,397535.0,6,11,0.0048,,,,,,,,,,,,,,,
Instances/Instances 1/kroB200_03.gt,199,100.0,86400.0,PTVRP_LINEAR,422559.0,6,11,0.0053,,,,,,,,,,,,,,,
Instances/Instances 1/kroB200_04.gt,199,100.0,86400.0,PTVRP_LINEAR,396371.0,6,11,0.0051,,,,,,,,,,,,,,,
Instances/Instances 1/kroB200_05.gt,199,100.0,86400.0,PTVRP_LINEAR,389187.0,6,11,0.0049,,,,,,,,,,,,,,,
Instances/Instances 1/kroB200_06.gt,199,100.0,86400.0,PTVRP_LINEAR,408805.0,6,10,0.0047,,,,,,,,,,,,,,,
Instances/Instances 1/kroB200_07.gt,199,100.0,86400.0,PTVRP_LINEAR,371816.0,7,10,0.0043,,,,,,,,,,,,,,,
Instances/Instances 1/kroB200_08.gt,199,100.0,86400.0,PTVRP_LINEAR,391503.0,6,10,0.0053,,,,,,,,,,,,,,,
Instances/Instances 1/kroB200_09.gt,199,100.0,86400.0,PTVRP_LINEAR,408257.0,7,10,0.0048,,,,,,,,,,,,,,,
Instances/Instances 1/kroB200_10.gt,199,100.0,86400.0,PTVRP_LINEAR,385763.0,6,11,0.0045,,,,,,,,,,,,,,,
Instances/Instances 1/kroC100_01.gt,99,100.0,86400.0,PTVRP_LINEAR,211047.0,4,9,0.0061,,,,,,,,,,,,,,,
Instances/Instances 1/kroC100_02.gt,99,100.0,86400.0,PTVRP_LINEAR,227482.0,4,9,0.0045,,,,,,,,,,,,,,,
Instances/Instances 1/kroC100_03.gt,99,100.0,86400.0,PTVRP_LINEAR,198504.0,4,8,0.0047,,,,,,,,,,,,,,,
Instances/Instances 1/kroC100_04.gt,99,100.0,86400.0,PTVRP_LINEAR,200360.0,4,8,0.0067,,,,,,,,,,,,,,,
Instances/Instances 1/kroC100_05.gt,99,100.0,86400.0,PTVRP_LINEAR,238568.0,4,10,0.0046,,,,,,,,,,,,,,,
Instances/Instances 1/kroC100_06.gt,99,100.0,86400.0,PTVRP_LINEAR,238773.0,4,9,0.0045,,,,,,,,,,,,,,,
Instances/Instances 1/kroC100_07.gt,99,100.0,86400.0,PTVRP_LINEAR,238549.0,4,9,0.0071,,,,,,,,,,,,,,,
Instances/Instances 1/kroC100_08.gt,99,100.0,86400.0,PTVRP_LINEAR,236708.0,4,9,0.0043,,,,,,,,,,,,,,,
Instances/Instances 1/kroC100_09.gt,99,100.0,86400.0,PTVRP_LINEAR,236609.0,4,9,0.0045,,,,,,,,,,,,,,,
Instances/Instances 1/kroC100_10.gt,99,100.0,86400.0,PTVRP_LINEAR,241999.0,4,9,0.0054,,,,,,,,,,,,,,,
Instances/Instances 1/kroD100_01.gt,99,100.0,86400.0,PTVRP_LINEAR,224803.0,4,9,0.0135,,,,,,,,,,,,,,,
Instances/Instances 1/kroD100_02.gt,99,100.0,86400.0,PTVRP_LINEAR,212262.0,4,8,0.0068,,,,,,,,,,,,,,,
Instances/Instances 1/kroD100_03.gt,99,100.0,86400.0,PTVRP_LINEAR,233513.0,4,9,0.0056,,,,,,,,,,,,,,,
Instances/Instances 1/kroD100_04.gt,99,100.0,86400.0,PTVRP_LINEAR,226772.0,4,8,0.0053,,,,,,,,,,,,,,,
Instances/Instances 1/kroD100_05.gt,99,100.0,86400.0,PTVRP_LINEAR,235299.0,4,9,0.0052,,,,,,,,,,,,,,,
Instances/Instances 1/kroD100_06.gt,99,100.0,86400.0,PTVRP_LINEAR,235193.0,4,9,0.0054,,,,,,,,,,,,,,,
Instances/Instances 1/kroD100_07.gt,99,100.0,86400.0,PTVRP_LINEAR,211193.0,4,8,0.0048,,,,,,,,,,,,,,,
Instances/Instances 1/kroD100_08.gt,99,100.0,86400.0,PTVRP_LINEAR,220442.0,4,8,0.0067,,,,,,,,,,,,,,,
Instances/Instances 1/kroD100_09.gt,99,100.0,86400.0,PTVRP_LINEAR,213278.0,4,9,0.0051,,,,,,,,,,,,,,,
Instances/Instances 1/kroD100_10.gt,99,100.0,86400.0,PTVRP_LINEAR,223758.0,4,9,0.0065,,,,,,,,,,,,,,,
Instances/Instances 1/kroE100_01.gt,99,100.0,86400.0,PTVRP_LINEAR,231673.0,4,9,0.0053,,,,,,,,,,,,,,,
Instances/Instances 1/kroE100_02.gt,99,100.0,86400.0,PTVRP_LINEAR,215324.0,4,9,0.0046,,,,,,,,,,,,,,,
Instances/Instances 1/kroE100_03.gt,99,100.0,86400.0,PTVRP_LINEAR,195623.0,4,9,0.0048,,,,,,,,,,,,,,,
Instances/Instances 1/kroE100_04.gt,99,100.0,86400.0,PTVRP_LINEAR,203363.0,4,9,0.0048,,,,,,,,,,,,,,,
Instances/Instances 1/kroE100_05.gt,99,100.0,86400.0,PTVRP_LINEAR,254673.0,4,9,0.0071,,,,,,,,,,,,,,,
Instances/Instances 1/kroE100_06.gt,99,100.0,86400.0,PTVRP_LINEAR,220772.0,4,8,0.0043,,,,,,,,,,,,,,,
Instances/Instances 1/kroE100_07.gt,99,100.0,86400.0,PTVRP_LINEAR,221974.0,4,8,0.0049,,,,,,,,,,,,,,,
Instances/Instances 1/kroE100_08.gt,99,100.0,86400.0,PTVRP_LINEAR,213156.0,4,8,0.0062,,,,,,,,,,,,,,,
Instances/Instances 1/kroE100_09.gt,99,100.0,86400.0,PTVRP_LINEAR,232050.0,4,9,0.0051,,,,,,,,,,,,,,,
Instances/Instances 1/kroE100_10.gt,99,100.0,86400.0,PTVRP_LINEAR,233469.0,4,8,0.0044,,,,,,,,,,,,,,,
Instances/Instances 1/kz9976_01.gt,9975,100.0,86400.0,PTVRP_LINEAR,57088316.0,796,10,0.0135,,,,,,,,,,,,,,,
Instances/Instances 1/kz9976_02.gt,9975,100.0,86400.0,PTVRP_LINEAR,57002386.0,789,12,0.0128,,,,,,,,,,,,,,,
Instances/Instances 1/kz9976_03.gt,9975,100.0,86400.0,PTVRP_LINEAR,57808375.0,808,11,0.0139,,,,,,,,,,,,,,,
Instances/Instances 1/kz9976_04.gt,9975,100.0,86400.0,PTVRP_LINEAR,56742433.0,787,14,0.0131,,,,,,,,,,,,,,,
Instances/Instances 1/kz9976_05.gt,9975,100.0,86400.0,PTVRP_LINEAR,58058626.0,810,11,0.0133,,,,,,,,,,,,,,,
Instances/Instances 1/kz9976_06.gt,9975,100.0,86400.0,PTVRP_LINEAR,57037735.0,802,11,0.0123,,,,,,,,,,,,,,,
Instances/Instances 1/kz9976_07.gt,9975,100.0,86400.0,PTVRP_LINEAR,57356398.0,795,11,0.0125,,,,,,,,,,,,,,,
Instances/Instances 1/kz9976_08.gt,9975,100.0,86400.0,PTVRP_LINEAR,57173180.0,801,12,0.0153,,,,,,,,,,,,,,,
Instances/Instances 1/kz9976_09.gt,9975,100.0,86400.0,PTVRP_LINEAR,57706857.0,808,12,0.015,,,,,,,,,,,,,,,
Instances/Instances 1/kz9976_10.gt,9975,100.0,86400.0,PTVRP_LINEAR,57131593.0,799,10,0.0137,,,,,,,,,,,,,,,
Instances/Instances 1/lin105_01.gt,104,100.0,86400.0,PTVRP_LINEAR,192566.0,3,12,0.0047,,,,,,,,,,,,,,,
Instances/Instances 1/lin105_02.gt,104,100.0,86400.0,PTVRP_LINEAR,193506.0,3,13,0.0045,,,,,,,,,,,,,,,
Instances/Instances 1/lin105_03.gt,104,100.0,86400.0,PTVRP_LINEAR,186825.0,3,12,0.0044,,,,,,,,,,,,,,,
Instances/Instances 1/lin105_04.gt,104,100.0,86400.0,PTVRP_LINEAR,185157.0,3,12,0.0047,,,,,,,,,,,,,,,
Instances/Instances 1/lin105_05.gt,104,100.0,86400.0,PTVRP_LINEAR,185586.0,3,12,0.0053,,,,,,,,,,,,,,,
Instances/Instances 1/lin105_06.gt,104,100.0,86400.0,PTVRP_LINEAR,186825.0,3,12,0.0045,,,,,,,,,,,,,,,
Instances/Instances 1/lin105_07.gt,104,100.0,86400.0,PTVRP_LINEAR,186367.0,3,11,0.0048,,,,,,,,,,,,,,,
Instances/Instances 1/lin105_08.gt,104,100.0,86400.0,PTVRP_LINEAR,173988.0,3,12,0.0058,,,,,,,,,,,,,,,
Instances/Instances 1/lin105_09.gt,104,100.0,86400.0,PTVRP_LINEAR,188048.0,3,12,0.0055,,,,,,,,,,,,,,,
Instances/Instances 1/lin105_10.gt,104,100.0,86400.0,PTVRP_LINEAR,196807.0,3,12,0.005,,,,,,,,,,,,,,,
Instances/Instances 1/lin318_01.gt,317,100.0,86400.0,PTVRP_LINEAR,595073.0,10,11,0.0051,,,,,,,,,,,,,,,
Instances/Instances 1/lin318_02.gt,317,100.0,86400.0,PTVRP_LINEAR,568230.0,9,10,0.005,,,,,,,,,,,,,,,
Instances/Instances 1/lin318_03.gt,317,100.0,86400.0,PTVRP_LINEAR,602718.0,9,13,0.005,,,,,,,,,,,,,,,
Instances/Instances 1/lin318_04.gt,317,100.0,86400.0,PTVRP_LINEAR,544893.0,10,11,0.0061,,,,,,,,,,,,,,,
Instances/Instances 1/lin318_05.gt,317,100.0,86400.0,PTVRP_LINEAR,549493.0,11,9,0.005,,,,,,,,,,,,,,,
Instances/Instances 1/lin318_06.gt,317,100.0,86400.0,PTVRP_LINEAR,558342.0,10,10,0.0046,,,,,,,,,,,,,,,
Instances/Instances 1/lin318_07.gt,317,100.0,86400.0,PTVRP_LINEAR,585000.0,9,12,0.0058,,,,,,,,,,,,,,,
Instances/Instances 1/lin318_08.gt,317,100.0,86400.0,PTVRP_LINEAR,626523.0,10,13,0.0044,,,,,,,,,,,,,,,
Instances/Instances 1/lin318_09.gt,317,100.0,86400.0,PTVRP_LINEAR,608452.0,9,13,0.0058,,,,,,,,,,,,,,,
Instances/Instances 1/lin318_10.gt,317,100.0,86400.0,PTVRP_LINEAR,598511.0,10,11,0.0057,,,,,,,,,,,,,,,
Instances/Instances 1/linhp318_01.gt,317,100.0,86400.0,PTVRP_LINEAR,581629.0,10,12,0.0046,,,,,,,,,,,,,,,
Instances/Instances 1/linhp318_02.gt,317,100.0,86400.0,PTVRP_LINEAR,601259.0,9,11,0.0069,,,,,,,,,,,,,,,
Instances/Instances 1/linhp318_03.gt,317,100.0,86400.0,PTVRP_LINEAR,637585.0,9,11,0.0071,,,,,,,,,,,,,,,
Instances/Instances 1/linhp318_04.gt,317,100.0,86400.0,PTVRP_LINEAR,566193.0,10,10,0.0065,,,,,,,,,,,,,,,
Instances/Instances 1/linhp318_05.gt,317,100.0,86400.0,PTVRP_LINEAR,568070.0,9,11,0.0063,,,,,,,,,,,,,,,
Instances/Instances 1/linhp318_06.gt,317,100.0,86400.0,PTVRP_LINEAR,585631.0,9,11,0.0071,,,,,,,,,,,,,,,
Instances/Instances 1/linhp318_07.gt,317,100.0,86400.0,PTVRP_LINEAR,601843.0,9,12,0.0064,,,,,,,,,,,,,,,
Instances/Instances 1/linhp318_08.gt,317,100.0,86400.0,PTVRP_LINEAR,597629.0,9,12,0.0061,,,,,,,,,,,,,,,
Instances/Instances 1/linhp318_09.gt,317,100.0,86400.0,PTVRP_LINEAR,547813.0,10,11,0.0065,,,,,,,,,,,,,,,
Instances/Instances 1/linhp318_10.gt,317,100.0,86400.0,PTVRP_LINEAR,636397.0,9,13,0.0064,,,,,,,,,,,,,,,
Instances/Instances 1/lu980_01.gt,979,100.0,86400.0,PTVRP_LINEAR,543931.0,7,41,0.0065,,,,,,,,,,,,,,,
Instances/Instances 1/lu980_02.gt,979,100.0,86400.0,PTVRP_LINEAR,514002.0,7,40,0.0065,,,,,,,,,,,,,,,
Instances/Instances 1/lu980_03.gt,979,100.0,86400.0,PTVRP_LINEAR,514950.0,8,40,0.005,,,,,,,,,,,,,,,
Instances/Instances 1/lu980_04.gt,979,100.0,86400.0,PTVRP_LINEAR,534238.0,7,41,0.006,,,,,,,,,,,,,,,
Instances/Instances 1/lu980_05.gt,979,100.0,86400.0,PTVRP_LINEAR,516433.0,8,41,0.0052,,,,,,,,,,,,,,,
Instances/Instances 1/lu980_06.gt,979,100.0,86400.0,PTVRP_LINEAR,529994.0,7,41,0.0052,,,,,,,,,,,,,,,
Instances/Instances 1/lu980_07.gt,979,100.0,86400.0,PTVRP_LINEAR,490498.0,8,38,0.0068,,,,,,,,,,,,,,,
Instances/Instances 1/lu980_08.gt,979,100.0,86400.0,PTVRP_LINEAR,501344.0,8,40,0.0056,,,,,,,,,,,,,,,
Instances/Instances 1/lu980_09.gt,979,100.0,86400.0,PTVRP_LINEAR,534527.0,7,42,0.0072,,,,,,,,,,,,,,,
Instances/Instances 1/lu980_10.gt,979,100.0,86400.0,PTVRP_LINEAR,512739.0,7,42,0.0047,,,,,,,,,,,,,,,
Instances/Instances 1/mo14185_01.gt,14184,100.0,86400.0,PTVRP_LINEAR,23668481.0,311,21,0.0134,,,,,,,,,,,,,,,
Instances/Instances 1/mo14185_02.gt,14184,100.0,86400.0,PTVRP_LINEAR,23701635.0,307,20,0.0141,,,,,,,,,,,,,,,
Instances/Instances 1/mo14185_03.gt,14184,100.0,86400.0,PTVRP_LINEAR,23500918.0,306,21,0.0169,,,,,,,,,,,,,,,
Instances/Instances 1/mo14185_04.gt,14184,100.0,86400.0,PTVRP_LINEAR,23694379.0,308,21,0.0151,,,,,,,,,,,,,,,
Instances/Instances 1/mo14185_05.gt,14184,100.0,86400.0,PTVRP_LINEAR,23750204.0,307,22,0.0151,,,,,,,,,,,,,,,
Instances/Instances 1/mo14185_06.gt,14184,100.0,86400.0,PTVRP_LINEAR,23571429.0,309,20,0.0148,,,,,,,,,,,,,,,
Instances/Instances 1/mo14185_07.gt,14184,100.0,86400.0,PTVRP_LINEAR,23785151.0,306,21,0.0137,,,,,,,,,,,,,,,
Instances/Instances 1/mo14185_08.gt,14184,100.0,86400.0,PTVRP_LINEAR,23745134.0,305,21,0.0157,,,,,,,,,,,,,,,
Instances/Instances 1/mo14185_09.gt,14184,100.0,86400.0,PTVRP_LINEAR,23642858.0,309,19,0.0155,,,,,,,,,,,,,,,
Instances/Instances 1/mo14185_10.gt,14184,100.0,86400.0,PTVRP_LINEAR,23752605.0,311,20,0.0162,,,,,,,,,,,,,,,
Instances/Instances 1/mu1979_01.gt,1978,100.0,86400.0,PTVRP_LINEAR,2954367.0,44,24,0.0059,,,,,,,,,,,,,,,
Instances/Instances 1/mu1979_02.gt,1978,100.0,86400.0,PTVRP_LINEAR,3016647.0,43,23,0.006,,,,,,,,,,,,,,,
Instances/Instances 1/mu1979_03.gt,1978,100.0,86400.0,PTVRP_LINEAR,3076597.0,44,26,0.0071,,,,,,,,,,,,,,,
Instances/Instances 1/mu1979_04.gt,1978,100.0,86400.0,PTVRP_LINEAR,2950693.0,42,23,0.0073,,,,,,,,,,,,,,,
Instances/Instances 1/mu1979_05.gt,1978,100.0,86400.0,PTVRP_LINEAR,2870372.0,46,21,0.0056,,,,,,,,,,,,,,,
Instances/Instances 1/mu1979_06.gt,1978,100.0,86400.0,PTVRP_LINEAR,2949860.0,42,23,0.008,,,,,,,,,,,,,,,
Instances/Instances 1/mu1979_07.gt,1978,100.0,86400.0,PTVRP_LINEAR,2913640.0,45,22,0.0053,,,,,,,,,,,,,,,
Instances/Instances 1/mu1979_08.gt,1978,100.0,86400.0,PTVRP_LINEAR,2987763.0,42,23,0.0058,,,,,,,,,,,,,,,
Instances/Instances 1/mu1979_09.gt,1978,100.0,86400.0,PTVRP_LINEAR,2937224.0,46,21,0.0072,,,,,,,,,,,,,,,
Instances/Instances 1/mu1979_10.gt,1978,100.0,86400.0,PTVRP_LINEAR,2922619.0,45,22,0.0054,,,,,,,,,,,,,,,
Instances/Instances 1/nrw1379_01.gt,1378,100.0,86400.0,PTVRP_LINEAR,1388341.0,24,20,0.0054,,,,,,,,,,,,,,,
Instances/Instances 1/nrw1379_02.gt,1378,100.0,86400.0,PTVRP_LINEAR,1403921.0,24,20,0.005,,,,,,,,,,,,,,,
Instances/Instances 1/nrw1379_03.gt,1378,100.0,86400.0,PTVRP_LINEAR,1515231.0,21,20,0.0059,,,,,,,,,,,,,,,
Instances/Instances 1/nrw1379_04.gt,1378,100.0,86400.0,PTVRP_LINEAR,1399389.0,25,20,0.0059,,,,,,,,,,,,,,,
Instances/Instances 1/nrw1379_05.gt,1378,100.0,86400.0,PTVRP_LINEAR,1381352.0,25,20,0.0052,,,,,,,,,,,,,,,
Instances/Instances 1/nrw1379_06.gt,1378,100.0,86400.0,PTVRP_LINEAR,1434823.0,23,22,0.0051,,,,,,,,,,,,,,,
Instances/Instances 1/nrw1379_07.gt,1378,100.0,86400.0,PTVRP_LINEAR,1410796.0,24,20,0.0072,,,,,,,,,,,,,,,
Instances/Instances 1/nrw1379_08.gt,1378,100.0,86400.0,PTVRP_LINEAR,1451476.0,23,21,0.0049,,,,,,,,,,,,,,,
Instances/Instances 1/nrw1379_09.gt,1378,100.0,86400.0,PTVRP_LINEAR,1479271.0,22,21,0.005,,,,,,,,,,,,,,,
Instances/Instances 1/nrw1379_10.gt,1378,100.0,86400.0,PTVRP_LINEAR,1382309.0,23,20,0.0066,,,,,,,,,,,,,,,
Instances/Instances 1/nu3496_01.gt,3495,100.0,86400.0,PTVRP_LINEAR,3527539.0,52,27,0.0063,,,,,,,,,,,,,,,
Instances/Instances 1/nu3496_02.gt,3495,100.0,86400.0,PTVRP_LINEAR,3452684.0,55,25,0.0064,,,,,,,,,,,,,,,
Instances/Instances 1/nu3496_03.gt,3495,100.0,86400.0,PTVRP_LINEAR,3464941.0,54,24,0.007,,,,,,,,,,,,,,,
Instances/Instances 1/nu3496_04.gt,3495,100.0,86400.0,PTVRP_LINEAR,3437764.0,55,26,0.0083,,,,,,,,,,,,,,,
Instances/Instances 1/nu3496_05.gt,3495,100.0,86400.0,PTVRP_LINEAR,3489109.0,56,25,0.0064,,,,,,,,,,,,,,,
Instances/Instances 1/nu3496_06.gt,3495,100.0,86400.0,PTVRP_LINEAR,3517071.0,53,26,0.0068,,,,,,,,,,,,,,,
Instances/Instances 1/nu3496_07.gt,3495,100.0,86400.0,PTVRP_LINEAR,3471652.0,53,25,0.0078,,,,,,,,,,,,,,,
Instances/Instances 1/nu3496_08.gt,3495,100.0,86400.0,PTVRP_LINEAR,3498087.0,54,26,0.0064,,,,,,,,,,,,,,,
Instances/Instances 1/nu3496_09.gt,3495,100.0,86400.0,PTVRP_LINEAR,3498194.0,54,25,0.0066,,,,,,,,,,,,,,,
Instances/Instances 1/nu3496_10.gt,3495,100.0,86400.0,PTVRP_LINEAR,3481200.0,55,25,0.0079,,,,,,,,,,,,,,,
Instances/Instances 1/p654_01.gt,653,100.0,86400.0,PTVRP_LINEAR,1116038.0,16,14,0.0051,,,,,,,,,,,,,,,
Instances/Instances 1/p654_02.gt,653,100.0,86400.0,PTVRP_LINEAR,1083606.0,15,13,0.006,,,,,,,,,,,,,,,
Instances/Instances 1/p654_03.gt,653,100.0,86400.0,PTVRP_LINEAR,1148167.0,16,14,0.0056,,,,,,,,,,,,,,,
Instances/Instances 1/p654_04.gt,653,100.0,86400.0,PTVRP_LINEAR,1103774.0,16,14,0.0092,,,,,,,,,,,,,,,
Instances/Instances 1/p654_05.gt,653,100.0,86400.0,PTVRP_LINEAR,1120205.0,16,14,0.0051,,,,,,,,,,,,,,,
Instances/Instances 1/p654_06.gt,653,100.0,86400.0,PTVRP_LINEAR,1143746.0,16,14,0.0061,,,,,,,,,,,,,,,
Instances/Instances 1/p654_07.gt,653,100.0,86400.0,PTVRP_LINEAR,1134592.0,15,14,0.0061,,,,,,,,,,,,,,,
Instances/Instances 1/p654_08.gt,653,100.0,86400.0,PTVRP_LINEAR,1120775.0,16,14,0.0061,,,,,,,,,,,,,,,
Instances/Instances 1/p654_09.gt,653,100.0,86400.0,PTVRP_LINEAR,1044472.0,16,14,0.005,,,,,,,,,,,,,,,
Instances/Instances 1/p654_10.gt,653,100.0,86400.0,PTVRP_LINEAR,1132060.0,15,14,0.0058,,,,,,,,,,,,,,,
Instances/Instances 1/pcb1173_01.gt,1172,100.0,86400.0,PTVRP_LINEAR,1272777.0,23,16,0.0075,,,,,,,,,,,,,,,
Instances/Instances 1/pcb1173_02.gt,1172,100.0,86400.0,PTVRP_LINEAR,1283294.0,23,20,0.0051,,,,,,,,,,,,,,,
Instances/Instances 1/pcb1173_03.gt,1172,100.0,86400.0,PTVRP_LINEAR,1330659.0,21,19,0.0052,,,,,,,,,,,,,,,
Instances/Instances 1/pcb1173_04.gt,1172,100.0,86400.0,PTVRP_LINEAR,1368383.0,20,20,0.0063,,,,,,,,,,,,,,,
Instances/Instances 1/pcb1173_05.gt,1172,100.0,86400.0,PTVRP_LINEAR,1387678.0,21,18,0.0059,,,,,,,,,,,,,,,
Instances/Instances 1/pcb1173_06.gt,1172,100.0,86400.0,PTVRP_LINEAR,1260366.0,23,16,0.0058,,,,,,,,,,,,,,,
Instances/Instances 1/pcb1173_07.gt,1172,100.0,86400.0,PTVRP_LINEAR,1317633.0,22,18,0.0055,,,,,,,,,,,,,,,
Instances/Instances 1/pcb1173_08.gt,1172,100.0,86400.0,PTVRP_LINEAR,1304984.0,22,17,0.0057,,,,,,,,,,,,,,,
Instances/Instances 1/pcb1173_09.gt,1172,100.0,86400.0,PTVRP_LINEAR,1366506.0,21,19,0.0068,,,,,,,,,,,,,,,
Instances/Instances 1/pcb1173_10.gt,1172,100.0,86400.0,PTVRP_LINEAR,1347476.0,22,18,0.0062,,,,,,,,,,,,,,,
Instances/Instances 1/pcb3038_01.gt,3037,100.0,86400.0,PTVRP_LINEAR,3914155.0,57,19,0.0068,,,,,,,,,,,,,,,
Instances/Instances 1/pcb3038_02.gt,3037,100.0,86400.0,PTVRP_LINEAR,3881285.0,57,18,0.0083,,,,,,,,,,,,,,,
Instances/Instances 1/pcb3038_03.gt,3037,100.0,86400.0,PTVRP_LINEAR,3895137.0,60,18,0.0069,,,,,,,,,,,,,,,
Instances/Instances 1/pcb3038_04.gt,3037,100.0,86400.0,PTVRP_LINEAR,3909101.0,58,19,0.0066,,,,,,,,,,,,,,,
Instances/Instances 1/pcb3038_05.gt,3037,100.0,86400.0,PTVRP_LINEAR,3760511.0,62,17,0.0071,,,,,,,,,,,,,,,
Instances/Instances 1/pcb3038_06.gt,3037,100.0,86400.0,PTVRP_LINEAR,3847857.0,61,18,0.0074,,,,,,,,,,,,,,,
Instances/Instances 1/pcb3038_07.gt,3037,100.0,86400.0,PTVRP_LINEAR,3886402.0,60,18,0.0066,,,,,,,,,,,,,,,
Instances/Instances 1/pcb3038_08.gt,3037,100.0,86400.0,PTVRP_LINEAR,3822036.0,59,18,0.0084,,,,,,,,,,,,,,,
Instances/Instances 1/pcb3038_09.gt,3037,100.0,86400.0,PTVRP_LINEAR,3950732.0,57,19,0.0066,,,,,,,,,,,,,,,
Instances/Instances 1/pcb3038_10.gt,3037,100.0,86400.0,PTVRP_LINEAR,3818876.0,63,20,0.0082,,,,,,,,,,,,,,,
Instances/Instances 1/pcb442_01.gt,441,100.0,86400.0,PTVRP_LINEAR,721536.0,13,11,0.0048,,,,,,,,,,,,,,,
Instances/Instances 1/pcb442_02.gt,441,100.0,86400.0,PTVRP_LINEAR,799516.0,12,12,0.0048,,,,,,,,,,,,,,,
Instances/Instances 1/pcb442_03.gt,441,100.0,86400.0,PTVRP_LINEAR,790675.0,12,12,0.0051,,,,,,,,,,,,,,,
Instances/Instances 1/pcb442_04.gt,441,100.0,86400.0,PTVRP_LINEAR,777164.0,12,12,0.0061,,,,,,,,,,,,,,,
Instances/Instances 1/pcb442_05.gt,441,100.0,86400.0,PTVRP_LINEAR,778259.0,12,12,0.0046,,,,,,,,,,,,,,,
Instances/Instances 1/pcb442_06.gt,441,100.0,86400.0,PTVRP_LINEAR,807330.0,12,12,0.0049,,,,,,,,,,,,,,,
Instances/Instances 1/pcb442_07.gt,441,100.0,86400.0,PTVRP_LINEAR,807521.0,12,12,0.006,,,,,,,,,,,,,,,
Instances/Instances 1/pcb442_08.gt,441,100.0,86400.0,PTVRP_LINEAR,799068.0,12,12,0.0049,,,,,,,,,,,,,,,
Instances/Instances 1/pcb442_09.gt,441,100.0,86400.0,PTVRP_LINEAR,763170.0,12,11,0.0055,,,,,,,,,,,,,,,
Instances/Instances 1/pcb442_10.gt,441,100.0,86400.0,PTVRP_LINEAR,812900.0,11,12,0.0055,,,,,,,,,,,,,,,
Instances/Instances 1/pm8079_01.gt,8078,100.0,86400.0,PTVRP_LINEAR,6666670.0,96,40,0.0112,,,,,,,,,,,,,,,
Instances/Instances 1/pm8079_02.gt,8078,100.0,86400.0,PTVRP_LINEAR,6669832.0,95,40,0.0104,,,,,,,,,,,,,,,
Instances/Instances 1/pm8079_03.gt,8078,100.0,86400.0,PTVRP_LINEAR,6631646.0,94,34,0.0114,,,,,,,,,,,,,,,
Instances/Instances 1/pm8079_04.gt,8078,100.0,86400.0,PTVRP_LINEAR,6600277.0,98,39,0.0103,,,,,,,,,,,,,,,
Instances/Instances 1/pm8079_05.gt,8078,100.0,86400.0,PTVRP_LINEAR,6575899.0,97,36,0.0104,,,,,,,,,,,,,,,
Instances/Instances 1/pm8079_06.gt,8078,100.0,86400.0,PTVRP_LINEAR,6578982.0,97,35,0.0102,,,,,,,,,,,,,,,
Instances/Instances 1/pm8079_07.gt,8078,100.0,86400.0,PTVRP_LINEAR,6617712.0,96,36,0.0103,,,,,,,,,,,,,,,
Instances/Instances 1/pm8079_08.gt,8078,100.0,86400.0,PTVRP_LINEAR,6647101.0,94,35,0.0097,,,,,,,,,,,,,,,
Instances/Instances 1/pm8079_09.gt,8078,100.0,86400.0,PTVRP_LINEAR,6599801.0,97,37,0.0099,,,,,,,,,,,,,,,
Instances/Instances 1/pm8079_10.gt,8078,100.0,86400.0,PTVRP_LINEAR,6651007.0,95,39,0.0098,,,,,,,,,,,,,,,
Instances/Instances 1/pr1002_01.gt,1001,100.0,86400.0,PTVRP_LINEAR,3794045.0,55,8,0.0076,,,,,,,,,,,,,,,
Instances/Instances 1/pr1002_02.gt,1001,100.0,86400.0,PTVRP_LINEAR,3645921.0,53,9,0.007,,,,,,,,,,,,,,,
Instances/Instances 1/pr1002_03.gt,1001,100.0,86400.0,PTVRP_LINEAR,3794249.0,55,8,0.0066,,,,,,,,,,,,,,,
Instances/Instances 1/pr1002_04.gt,1001,100.0,86400.0,PTVRP_LINEAR,3725376.0,52,8,0.0065,,,,,,,,,,,,,,,
Instances/Instances 1/pr1002_05.gt,1001,100.0,86400.0,PTVRP_LINEAR,3701125.0,53,8,0.0063,,,,,,,,,,,,,,,
Instances/Instances 1/pr1002_06.gt,1001,100.0,86400.0,PTVRP_LINEAR,3665171.0,53,7,0.0064,,,,,,,,,,,,,,,
Instances/Instances 1/pr1002_07.gt,1001,100.0,86400.0,PTVRP_LINEAR,3709501.0,52,7,0.0068,,,,,,,,,,,,,,,
Instances/Instances 1/pr1002_08.gt,1001,100.0,86400.0,PTVRP_LINEAR,3736156.0,57,8,0.0073,,,,,,,,,,,,,,,
Instances/Instances 1/pr1002_09.gt,1001,100.0,86400.0,PTVRP_LINEAR,3703565.0,54,8,0.0079,,,,,,,,,,,,,,,
Instances/Instances 1/pr1002_10.gt,1001,100.0,86400.0,PTVRP_LINEAR,3660193.0,53,8,0.0066,,,,,,,,,,,,,,,
Instances/Instances 1/pr107_01.gt,106,100.0,86400.0,PTVRP_LINEAR,398181.0,7,7,0.0062,,,,,,,,,,,,,,,
Instances/Instances 1/pr107_02.gt,106,100.0,86400.0,PTVRP_LINEAR,407669.0,8,6,0.0064,,,,,,,,,,,,,,,
Instances/Instances 1/pr107_03.gt,106,100.0,86400.0,PTVRP_LINEAR,437518.0,6,7,0.0048,,,,,,,,,,,,,,,
Instances/Instances 1/pr107_04.gt,106,100.0,86400.0,PTVRP_LINEAR,382402.0,6,6,0.0049,,,,,,,,,,,,,,,
Instances/Instances 1/pr107_05.gt,106,100.0,86400.0,PTVRP_LINEAR,425470.0,7,7,0.0062,,,,,,,,,,,,,,,
Instances/Instances 1/pr107_06.gt,106,100.0,86400.0,PTVRP_LINEAR,411806.0,7,7,0.0049,,,,,,,,,,,,,,,
Instances/Instances 1/pr107_07.gt,106,100.0,86400.0,PTVRP_LINEAR,452388.0,7,8,0.0051,,,,,,,,,,,,,,,
Instances/Instances 1/pr107_08.gt,106,100.0,86400.0,PTVRP_LINEAR,436872.0,8,7,0.0065,,,,,,,,,,,,,,,
Instances/Instances 1/pr107_09.gt,106,100.0,86400.0,PTVRP_LINEAR,446700.0,8,8,0.0045,,,,,,,,,,,,,,,
Instances/Instances 1/pr107_10.gt,106,100.0,86400.0,PTVRP_LINEAR,431342.0,7,7,0.0056,,,,,,,,,,,,,,,
Instances/Instances 1/pr124_01.gt,123,100.0,86400.0,PTVRP_LINEAR,495463.0,7,6,0.0066,,,,,,,,,,,,,,,
Instances/Instances 1/pr124_02.gt,123,100.0,86400.0,PTVRP_LINEAR,499749.0,8,5,0.0054,,,,,,,,,,,,,,,
Instances/Instances 1/pr124_03.gt,123,100.0,86400.0,PTVRP_LINEAR,463198.0,8,5,0.0072,,,,,,,,,,,,,,,
Instances/Instances 1/pr124_04.gt,123,100.0,86400.0,PTVRP_LINEAR,473362.0,8,5,0.0056,,,,,,,,,,,,,,,
Instances/Instances 1/pr124_05.gt,123,100.0,86400.0,PTVRP_LINEAR,492629.0,8,6,0.0048,,,,,,,,,,,,,,,
Instances/Instances 1/pr124_06.gt,123,100.0,86400.0,PTVRP_LINEAR,500508.0,8,5,0.0056,,,,,,,,,,,,,,,
Instances/Instances 1/pr124_07.gt,123,100.0,86400.0,PTVRP_LINEAR,465832.0,8,5,0.0065,,,,,,,,,,,,,,,
Instances/Instances 1/pr124_08.gt,123,100.0,86400.0,PTVRP_LINEAR,477066.0,8,5,0.0049,,,,,,,,,,,,,,,
Instances/Instances 1/pr124_09.gt,123,100.0,86400.0,PTVRP_LINEAR,468507.0,8,5,0.0061,,,,,,,,,,,,,,,
Instances/Instances 1/pr124_10.gt,123,100.0,86400.0,PTVRP_LINEAR,480926.0,8,6,0.0053,,,,,,,,,,,,,,,
Instances/Instances 1/pr136_01.gt,135,100.0,86400.0,PTVRP_LINEAR,621342.0,10,5,0.0047,,,,,,,,,,,,,,,
Instances/Instances 1/pr136_02.gt,135,100.0,86400.0,PTVRP_LINEAR,633252.0,10,5,0.0048,,,,,,,,,,,,,,,
Instances/Instances 1/pr136_03.gt,135,100.0,86400.0,PTVRP_LINEAR,640550.0,10,5,0.0064,,,,,,,,,,,,,,,
Instances/Instances 1/pr136_04.gt,135,100.0,86400.0,PTVRP_LINEAR,662976.0,10,5,0.0043,,,,,,,,,,,,,,,
Instances/Instances 1/pr136_05.gt,135,100.0,86400.0,PTVRP_LINEAR,663965.0,10,5,0.0047,,,,,,,,,,,,,,,
Instances/Instances 1/pr136_06.gt,135,100.0,86400.0,PTVRP_LINEAR,631922.0,10,5,0.0061,,,,,,,,,,,,,,,
Instances/Instances 1/pr136_07.gt,135,100.0,86400.0,PTVRP_LINEAR,620545.0,10,5,0.0046,,,,,,,,,,,,,,,
Instances/Instances 1/pr136_08.gt,135,100.0,86400.0,PTVRP_LINEAR,636773.0,10,5,0.0048,,,,,,,,,,,,,,,
Instances/Instances 1/pr136_09.gt,135,100.0,86400.0,PTVRP_LINEAR,592589.0,12,4,0.0064,,,,,,,,,,,,,,,
Instances/Instances 1/pr136_10.gt,135,100.0,86400.0,PTVRP_LINEAR,645559.0,10,5,0.0052,,,,,,,,,,,,,,,
Instances/Instances 1/pr144_01.gt,143,100.0,86400.0,PTVRP_LINEAR,538272.0,9,6,0.0059,,,,,,,,,,,,,,,
Instances/Instances 1/pr144_02.gt,143,100.0,86400.0,PTVRP_LINEAR,538860.0,8,6,0.0052,,,,,,,,,,,,,,,
Instances/Instances 1/pr144_03.gt,143,100.0,86400.0,PTVRP_LINEAR,565267.0,8,6,0.0063,,,,,,,,,,,,,,,
Instances/Instances 1/pr144_04.gt,143,100.0,86400.0,PTVRP_LINEAR,533995.0,9,5,0.0067,,,,,,,,,,,,,,,
Instances/Instances 1/pr144_05.gt,143,100.0,86400.0,PTVRP_LINEAR,563609.0,9,6,0.0067,,,,,,,,,,,,,,,
Instances/Instances 1/pr144_06.gt,143,100.0,86400.0,PTVRP_LINEAR,548737.0,9,6,0.0063,,,,,,,,,,,,,,,
Instances/Instances 1/pr144_07.gt,143,100.0,86400.0,PTVRP_LINEAR,552048.0,8,5,0.0062,,,,,,,,,,,,,,,
Instances/Instances 1/pr144_08.gt,143,100.0,86400.0,PTVRP_LINEAR,547707.0,8,6,0.0063,,,,,,,,,,,,,,,
Instances/Instances 1/pr144_09.gt,143,100.0,86400.0,PTVRP_LINEAR,599905.0,9,6,0.0065,,,,,,,,,,,,,,,
Instances/Instances 1/pr144_10.gt,143,100.0,86400.0,PTVRP_LINEAR,447170.0,9,5,0.006,,,,,,,,,,,,,,,
Instances/Instances 1/pr152_01.gt,151,100.0,86400.0,PTVRP_LINEAR,638703.0,10,6,0.0061,,,,,,,,,,,,,,,
Instances/Instances 1/pr152_02.gt,151,100.0,86400.0,PTVRP_LINEAR,629335.0,10,6,0.0062,,,,,,,,,,,,,,,
Instances/Instances 1/pr152_03.gt,151,100.0,86400.0,PTVRP_LINEAR,670740.0,10,6,0.0061,,,,,,,,,,,,,,,
Instances/Instances 1/pr152_04.gt,151,100.0,86400.0,PTVRP_LINEAR,595764.0,11,4,0.0065,,,,,,,,,,,,,,,
Instances/Instances 1/pr152_05.gt,151,100.0,86400.0,PTVRP_LINEAR,621461.0,11,5,0.0068,,,,,,,,,,,,,,,
Instances/Instances 1/pr152_06.gt,151,100.0,86400.0,PTVRP_LINEAR,637548.0,12,5,0.006,,,,,,,,,,,,,,,
Instances/Instances 1/pr152_07.gt,151,100.0,86400.0,PTVRP_LINEAR,658743.0,10,6,0.0063,,,,,,,,,,,,,,,
Instances/Instances 1/pr152_08.gt,151,100.0,86400.0,PTVRP_LINEAR,647332.0,11,5,0.0062,,,,,,,,,,,,,,,
Instances/Instances 1/pr152_09.gt,151,100.0,86400.0,PTVRP_LINEAR,630826.0,10,6,0.006,,,,,,,,,,,,,,,
Instances/Instances 1/pr152_10.gt,151,100.0,86400.0,PTVRP_LINEAR,625994.0,10,5,0.0062,,,,,,,,,,,,,,,
Instances/Instances 1/pr226_01.gt,225,100.0,86400.0,PTVRP_LINEAR,926803.0,15,6,0.0069,,,,,,,,,,,,,,,
Instances/Instances 1/pr226_02.gt,225,100.0,86400.0,PTVRP_LINEAR,913452.0,15,6,0.0062,,,,,,,,,,,,,,,
Instances/Instances 1/pr226_03.gt,225,100.0,86400.0,PTVRP_LINEAR,884591.0,15,6,0.0067,,,,,,,,,,,,,,,
Instances/Instances 1/pr226_04.gt,225,100.0,86400.0,PTVRP_LINEAR,965007.0,15,6,0.006,,,,,,,,,,,,,,,
Instances/Instances 1/pr226_05.gt,225,100.0,86400.0,PTVRP_LINEAR,932437.0,14,6,0.0051,,,,,,,,,,,,,,,
Instances/Instances 1/pr226_06.gt,225,100.0,86400.0,PTVRP_LINEAR,931532.0,14,6,0.0054,,,,,,,,,,,,,,,
Instances/Instances 1/pr226_07.gt,225,100.0,86400.0,PTVRP_LINEAR,944233.0,14,6,0.0058,,,,,,,,,,,,,,,
Instances/Instances 1/pr226_08.gt,225,100.0,86400.0,PTVRP_LINEAR,996057.0,14,7,0.0058,,,,,,,,,,,,,,,
Instances/Instances 1/pr226_09.gt,225,100.0,86400.0,PTVRP_LINEAR,968082.0,14,6,0.0051,,,,,,,,,,,,,,,
Instances/Instances 1/pr226_10.gt,225,100.0,86400.0,PTVRP_LINEAR,961757.0,14,7,0.0059,,,,,,,,,,,,,,,
Instances/Instances 1/pr2392_01.gt,2391,100.0,86400.0,PTVRP_LINEAR,7773021.0,108,10,0.0073,,,,,,,,,,,,,,,
Instances/Instances 1/pr2392_02.gt,2391,100.0,86400.0,PTVRP_LINEAR,7983380.0,108,10,0.0061,,,,,,,,,,,,,,,
Instances/Instances 1/pr2392_03.gt,2391,100.0,86400.0,PTVRP_LINEAR,8030286.0,108,10,0.0064,,,,,,,,,,,,,,,
Instances/Instances 1/pr2392_04.gt,2391,100.0,86400.0,PTVRP_LINEAR,7971864.0,110,9,0.0073,,,,,,,,,,,,,,,
Instances/Instances 1/pr2392_05.gt,2391,100.0,86400.0,PTVRP_LINEAR,7949204.0,111,9,0.0061,,,,,,,,,,,,,,,
Instances/Instances 1/pr2392_06.gt,2391,100.0,86400.0,PTVRP_LINEAR,8249932.0,110,9,0.0062,,,,,,,,,,,,,,,
Instances/Instances 1/pr2392_07.gt,2391,100.0,86400.0,PTVRP_LINEAR,8041275.0,109,9,0.0058,,,,,,,,,,,,,,,
Instances/Instances 1/pr2392_08.gt,2391,100.0,86400.0,PTVRP_LINEAR,8087670.0,110,9,0.0061,,,,,,,,,,,,,,,
Instances/Instances 1/pr2392_09.gt,2391,100.0,86400.0,PTVRP_LINEAR,8029919.0,111,9,0.006,,,,,,,,,,,,,,,
Instances/Instances 1/pr2392_10.gt,2391,100.0,86400.0,PTVRP_LINEAR,8046154.0,109,10,0.0061,,,,,,,,,,,,,,,
Instances/Instances 1/pr264_01.gt,263,100.0,86400.0,PTVRP_LINEAR,726852.0,10,10,0.0053,,,,,,,,,,,,,,,
Instances/Instances 1/pr264_02.gt,263,100.0,86400.0,PTVRP_LINEAR,783972.0,12,11,0.0045,,,,,,,,,,,,,,,
Instances/Instances 1/pr264_03.gt,263,100.0,86400.0,PTVRP_LINEAR,784864.0,11,10,0.0061,,,,,,,,,,,,,,,
Instances/Instances 1/pr264_04.gt,263,100.0,86400.0,PTVRP_LINEAR,782072.0,11,10,0.0062,,,,,,,,,,,,,,,
Instances/Instances 1/pr264_05.gt,263,100.0,86400.0,PTVRP_LINEAR,723022.0,10,10,0.006,,,,,,,,,,,,,,,
Instances/Instances 1/pr264_06.gt,263,100.0,86400.0,PTVRP_LINEAR,750112.0,10,10,0.0062,,,,,,,,,,,,,,,
Instances/Instances 1/pr264_07.gt,263,100.0,86400.0,PTVRP_LINEAR,775929.0,12,10,0.0044,,,,,,,,,,,,,,,
Instances/Instances 1/pr264_08.gt,263,100.0,86400.0,PTVRP_LINEAR,772632.0,11,10,0.0044,,,,,,,,,,,,,,,
Instances/Instances 1/pr264_09.gt,263,100.0,86400.0,PTVRP_LINEAR,758907.0,10,10,0.0045,,,,,,,,,,,,,,,
Instances/Instances 1/pr264_10.gt,263,100.0,86400.0,PTVRP_LINEAR,781449.0,11,10,0.0052,,,,,,,,,,,,,,,
Instances/Instances 1/pr299_01.gt,298,100.0,86400.0,PTVRP_LINEAR,607591.0,10,10,0.0046,,,,,,,,,,,,,,,
Instances/Instances 1/pr299_02.gt,298,100.0,86400.0,PTVRP_LINEAR,678922.0,10,10,0.0044,,,,,,,,,,,,,,,
Instances/Instances 1/pr299_03.gt,298,100.0,86400.0,PTVRP_LINEAR,711645.0,11,11,0.0048,,,,,,,,,,,,,,,
Instances/Instances 1/pr299_04.gt,298,100.0,86400.0,PTVRP_LINEAR,656037.0,11,11,0.0051,,,,,,,,,,,,,,,
Instances/Instances 1/pr299_05.gt,298,100.0,86400.0,PTVRP_LINEAR,622739.0,11,9,0.0064,,,,,,,,,,,,,,,
Instances/Instances 1/pr299_06.gt,298,100.0,86400.0,PTVRP_LINEAR,680052.0,11,10,0.0045,,,,,,,,,,,,,,,
Instances/Instances 1/pr299_07.gt,298,100.0,86400.0,PTVRP_LINEAR,663093.0,11,10,0.0046,,,,,,,,,,,,,,,
Instances/Instances 1/pr299_08.gt,298,100.0,86400.0,PTVRP_LINEAR,687974.0,9,11,0.0047,,,,,,,,,,,,,,,
Instances/Instances 1/pr299_09.gt,298,100.0,86400.0,PTVRP_LINEAR,664212.0,11,10,0.0048,,,,,,,,,,,,,,,
Instances/Instances 1/pr299_10.gt,298,100.0,86400.0,PTVRP_LINEAR,607572.0,12,8,0.0065,,,,,,,,,,,,,,,
Instances/Instances 1/pr439_01.gt,438,100.0,86400.0,PTVRP_LINEAR,1238858.0,19,9,0.0045,,,,,,,,,,,,,,,
Instances/Instances 1/pr439_02.gt,438,100.0,86400.0,PTVRP_LINEAR,1326674.0,19,11,0.0046,,,,,,,,,,,,,,,
Instances/Instances 1/pr439_03.gt,438,100.0,86400.0,PTVRP_LINEAR,1347697.0,19,9,0.0056,,,,,,,,,,,,,,,
Instances/Instances 1/pr439_04.gt,438,100.0,86400.0,PTVRP_LINEAR,1264767.0,20,9,0.005,,,,,,,,,,,,,,,
Instances/Instances 1/pr439_05.gt,438,100.0,86400.0,PTVRP_LINEAR,1283523.0,22,10,0.0055,,,,,,,,,,,,,,,
Instances/Instances 1/pr439_06.gt,438,100.0,86400.0,PTVRP_LINEAR,1278819.0,20,8,0.0053,,,,,,,,,,,,,,,
Instances/Instances 1/pr439_07.gt,438,100.0,86400.0,PTVRP_LINEAR,1336649.0,19,10,0.0054,,,,,,,,,,,,,,,
Instances/Instances 1/pr439_08.gt,438,100.0,86400.0,PTVRP_LINEAR,1290125.0,20,10,0.0051,,,,,,,,,,,,,,,
Instances/Instances 1/pr439_09.gt,438,100.0,86400.0,PTVRP_LINEAR,1240674.0,19,10,0.0054,,,,,,,,,,,,,,,
Instances/Instances 1/pr439_10.gt,438,100.0,86400.0,PTVRP_LINEAR,1273617.0,20,10,0.0057,,,,,,,,,,,,,,,
Instances/Instances 1/pr76_01.gt,75,100.0,86400.0,PTVRP_LINEAR,479837.0,9,4,0.0046,,,,,,,,,,,,,,,
Instances/Instances 1/pr76_02.gt,75,100.0,86400.0,PTVRP_LINEAR,463512.0,9,3,0.0046,,,,,,,,,,,,,,,
Instances/Instances 1/pr76_03.gt,75,100.0,86400.0,PTVRP_LINEAR,483205.0,9,4,0.0044,,,,,,,,,,,,,,,
Instances/Instances 1/pr76_04.gt,75,100.0,86400.0,PTVRP_LINEAR,442887.0,8,3,0.0055,,,,,,,,,,,,,,,
Instances/Instances 1/pr76_05.gt,75,100.0,86400.0,PTVRP_LINEAR,456851.0,9,3,0.0048,,,,,,,,,,,,,,,
Instances/Instances 1/pr76_06.gt,75,100.0,86400.0,PTVRP_LINEAR,440495.0,9,3,0.0042,,,,,,,,,,,,,,,
Instances/Instances 1/pr76_07.gt,75,100.0,86400.0,PTVRP_LINEAR,475245.0,9,4,0.0042,,,,,,,,,,,,,,,
Instances/Instances 1/pr76_08.gt,75,100.0,86400.0,PTVRP_LINEAR,456404.0,9,3,0.0046,,,,,,,,,,,,,,,
Instances/Instances 1/pr76_09.gt,75,100.0,86400.0,PTVRP_LINEAR,439069.0,9,3,0.0055,,,,,,,,,,,,,,,
Instances/Instances 1/pr76_10.gt,75,100.0,86400.0,PTVRP_LINEAR,460861.0,8,4,0.0053,,,,,,,,,,,,,,,
Instances/Instances 1/qa194_01.gt,193,100.0,86400.0,PTVRP_LINEAR,199829.0,3,21,0.0046,,,,,,,,,,,,,,,
Instances/Instances 1/qa194_02.gt,193,100.0,86400.0,PTVRP_LINEAR,198409.0,3,21,0.0045,,,,,,,,,,,,,,,
Instances/Instances 1/qa194_03.gt,193,100.0,86400.0,PTVRP_LINEAR,194065.0,3,21,0.0055,,,,,,,,,,,,,,,
Instances/Instances 1/qa194_04.gt,193,100.0,86400.0,PTVRP_LINEAR,204082.0,3,20,0.0052,,,,,,,,,,,,,,,
Instances/Instances 1/qa194_05.gt,193,100.0,86400.0,PTVRP_LINEAR,207324.0,3,22,0.0062,,,,,,,,,,,,,,,
Instances/Instances 1/qa194_06.gt,193,100.0,86400.0,PTVRP_LINEAR,201701.0,3,21,0.0048,,,,,,,,,,,,,,,
Instances/Instances 1/qa194_07.gt,193,100.0,86400.0,PTVRP_LINEAR,181993.0,4,20,0.0046,,,,,,,,,,,,,,,
Instances/Instances 1/qa194_08.gt,193,100.0,86400.0,PTVRP_LINEAR,196764.0,3,21,0.0042,,,,,,,,,,,,,,,
Instances/Instances 1/qa194_09.gt,193,100.0,86400.0,PTVRP_LINEAR,190748.0,3,21,0.0076,,,,,,,,,,,,,,,
Instances/Instances 1/qa194_10.gt,193,100.0,86400.0,PTVRP_LINEAR,195416.0,3,20,0.0054,,,,,,,,,,,,,,,
Instances/Instances 1/rat195_01.gt,194,100.0,86400.0,PTVRP_LINEAR,93043.0,2,42,0.0051,,,,,,,,,,,,,,,
Instances/Instances 1/rat195_02.gt,194,100.0,86400.0,PTVRP_LINEAR,91330.0,2,41,0.0054,,,,,,,,,,,,,,,
Instances/Instances 1/rat195_03.gt,194,100.0,86400.0,PTVRP_LINEAR,92033.0,2,41,0.0048,,,,,,,,,,,,,,,
Instances/Instances 1/rat195_04.gt,194,100.0,86400.0,PTVRP_LINEAR,90536.0,2,40,0.0061,,,,,,,,,,,,,,,
Instances/Instances 1/rat195_05.gt,194,100.0,86400.0,PTVRP_LINEAR,91995.0,2,41,0.0057,,,,,,,,,,,,,,,
Instances/Instances 1/rat195_06.gt,194,100.0,86400.0,PTVRP_LINEAR,91385.0,2,41,0.0053,,,,,,,,,,,,,,,
Instances/Instances 1/rat195_07.gt,194,100.0,86400.0,PTVRP_LINEAR,90339.0,2,39,0.0048,,,,,,,,,,,,,,,
Instances/Instances 1/rat195_08.gt,194,100.0,86400.0,PTVRP_LINEAR,89290.0,2,40,0.0052,,,,,,,,,,,,,,,
Instances/Instances 1/rat195_09.gt,194,100.0,86400.0,PTVRP_LINEAR,91330.0,2,41,0.0047,,,,,,,,,,,,,,,
Instances/Instances 1/rat195_10.gt,194,100.0,86400.0,PTVRP_LINEAR,91995.0,2,41,0.0069,,,,,,,,,,,,,,,
Instances/Instances 1/rat575_01.gt,574,100.0,86400.0,PTVRP_LINEAR,308986.0,4,41,0.0063,,,,,,,,,,,,,,,
Instances/Instances 1/rat575_02.gt,574,100.0,86400.0,PTVRP_LINEAR,299155.0,4,40,0.0068,,,,,,,,,,,,,,,
Instances/Instances 1/rat575_03.gt,574,100.0,86400.0,PTVRP_LINEAR,287896.0,4,39,0.0068,,,,,,,,,,,,,,,
Instances/Instances 1/rat575_04.gt,574,100.0,86400.0,PTVRP_LINEAR,303037.0,4,41,0.0062,,,,,,,,,,,,,,,
Instances/Instances 1/rat575_05.gt,574,100.0,86400.0,PTVRP_LINEAR,300355.0,4,40,0.0067,,,,,,,,,,,,,,,
Instances/Instances 1/rat575_06.gt,574,100.0,86400.0,PTVRP_LINEAR,290905.0,4,39,0.0068,,,,,,,,,,,,,,,
Instances/Instances 1/rat575_07.gt,574,100.0,86400.0,PTVRP_LINEAR,306745.0,4,41,0.0066,,,,,,,,,,,,,,,
Instances/Instances 1/rat575_08.gt,574,100.0,86400.0,PTVRP_LINEAR,300228.0,4,41,0.0067,,,,,,,,,,,,,,,
Instances/Instances 1/rat575_09.gt,574,100.0,86400.0,PTVRP_LINEAR,299715.0,4,42,0.0071,,,,,,,,,,,,,,,
Instances/Instances 1/rat575_10.gt,574,100.0,86400.0,PTVRP_LINEAR,303010.0,4,41,0.0065,,,,,,,,,,,,,,,
Instances/Instances 1/rat783_01.gt,782,100.0,86400.0,PTVRP_LINEAR,378793.0,6,41,0.0065,,,,,,,,,,,,,,,
Instances/Instances 1/rat783_02.gt,782,100.0,86400.0,PTVRP_LINEAR,375821.0,6,41,0.0066,,,,,,,,,,,,,,,
Instances/Instances 1/rat783_03.gt,782,100.0,86400.0,PTVRP_LINEAR,378019.0,6,42,0.0076,,,,,,,,,,,,,,,
Instances/Instances 1/rat783_04.gt,782,100.0,86400.0,PTVRP_LINEAR,376320.0,6,41,0.0059,,,,,,,,,,,,,,,
Instances/Instances 1/rat783_05.gt,782,100.0,86400.0,PTVRP_LINEAR,375175.0,6,40,0.0072,,,,,,,,,,,,,,,
Instances/Instances 1/rat783_06.gt,782,100.0,86400.0,PTVRP_LINEAR,377055.0,6,41,0.0063,,,,,,,,,,,,,,,
Instances/Instances 1/rat783_07.gt,782,100.0,86400.0,PTVRP_LINEAR,382616.0,6,42,0.0064,,,,,,,,,,,,,,,
Instances/Instances 1/rat783_08.gt,782,100.0,86400.0,PTVRP_LINEAR,374784.0,6,42,0.0063,,,,,,,,,,,,,,,
Instances/Instances 1/rat783_09.gt,782,100.0,86400.0,PTVRP_LINEAR,383749.0,6,42,0.0068,,,,,,,,,,,,,,,
Instances/Instances 1/rat783_10.gt,782,100.0,86400.0,PTVRP_LINEAR,374516.0,6,41,0.0068,,,,,,,,,,,,,,,
Instances/Instances 1/rat99_01.gt,98,100.0,86400.0,PTVRP_LINEAR,32085.0,1,23,0.0067,,,,,,,,,,,,,,,
Instances/Instances 1/rat99_02.gt,98,100.0,86400.0,PTVRP_LINEAR,32085.0,1,23,0.0065,,,,,,,,,,,,,,,
Instances/Instances 1/rat99_03.gt,98,100.0,86400.0,PTVRP_LINEAR,36270.0,1,26,0.0062,,,,,,,,,,,,,,,
Instances/Instances 1/rat99_04.gt,98,100.0,86400.0,PTVRP_LINEAR,36270.0,1,26,0.0066,,,,,,,,,,,,,,,
Instances/Instances 1/rat99_05.gt,98,100.0,86400.0,PTVRP_LINEAR,33480.0,1,24,0.0062,,,,,,,,,,,,,,,
Instances/Instances 1/rat99_06.gt,98,100.0,86400.0,PTVRP_LINEAR,36270.0,1,26,0.0064,,,,,,,,,,,,,,,
Instances/Instances 1/rat99_07.gt,98,100.0,86400.0,PTVRP_LINEAR,36270.0,1,26,0.0058,,,,,,,,,,,,,,,
Instances/Instances 1/rat99_08.gt,98,100.0,86400.0,PTVRP_LINEAR,36270.0,1,26,0.0063,,,,,,,,,,,,,,,
Instances/Instances 1/rat99_09.gt,98,100.0,86400.0,PTVRP_LINEAR,36270.0,1,26,0.0064,,,,,,,,,,,,,,,
Instances/Instances 1/rat99_10.gt,98,100.0,86400.0,PTVRP_LINEAR,32085.0,1,23,0.007,,,,,,,,,,,,,,,
Instances/Instances 1/rd100_01.gt,99,100.0,86400.0,PTVRP_LINEAR,113656.0,2,13,0.0065,,,,,,,,,,,,,,,
Instances/Instances 1/rd100_02.gt,99,100.0,86400.0,PTVRP_LINEAR,119698.0,2,14,0.0061,,,,,,,,,,,,,,,
Instances/Instances 1/rd100_03.gt,99,100.0,86400.0,PTVRP_LINEAR,126774.0,2,14,0.0064,,,,,,,,,,,,,,,
Instances/Instances 1/rd100_04.gt,99,100.0,86400.0,PTVRP_LINEAR,127476.0,2,14,0.0064,,,,,,,,,,,,,,,
Instances/Instances 1/rd100_05.gt,99,100.0,86400.0,PTVRP_LINEAR,126720.0,2,14,0.0084,,,,,,,,,,,,,,,
Instances/Instances 1/rd100_06.gt,99,100.0,86400.0,PTVRP_LINEAR,126720.0,2,14,0.0046,,,,,,,,,,,,,,,
Instances/Instances 1/rd100_07.gt,99,100.0,86400.0,PTVRP_LINEAR,130293.0,2,14,0.0054,,,,,,,,,,,,,,,
Instances/Instances 1/rd100_08.gt,99,100.0,86400.0,PTVRP_LINEAR,132703.0,2,14,0.0064,,,,,,,,,,,,,,,
Instances/Instances 1/rd100_09.gt,99,100.0,86400.0,PTVRP_LINEAR,131183.0,2,14,0.0048,,,,,,,,,,,,,,,
Instances/Instances 1/rd100_10.gt,99,100.0,86400.0,PTVRP_LINEAR,113936.0,2,13,0.0051,,,,,,,,,,,,,,,
Instances/Instances 1/rd400_01.gt,399,100.0,86400.0,PTVRP_LINEAR,366336.0,5,23,0.007,,,,,,,,,,,,,,,
Instances/Instances 1/rd400_02.gt,399,100.0,86400.0,PTVRP_LINEAR,352467.0,6,22,0.0053,,,,,,,,,,,,,,,
Instances/Instances 1/rd400_03.gt,399,100.0,86400.0,PTVRP_LINEAR,370158.0,5,23,0.0049,,,,,,,,,,,,,,,
Instances/Instances 1/rd400_04.gt,399,100.0,86400.0,PTVRP_LINEAR,349066.0,5,24,0.0062,,,,,,,,,,,,,,,
Instances/Instances 1/rd400_05.gt,399,100.0,86400.0,PTVRP_LINEAR,360463.0,6,23,0.0044,,,,,,,,,,,,,,,
Instances/Instances 1/rd400_06.gt,399,100.0,86400.0,PTVRP_LINEAR,347135.0,6,21,0.0045,,,,,,,,,,,,,,,
Instances/Instances 1/rd400_07.gt,399,100.0,86400.0,PTVRP_LINEAR,366926.0,5,23,0.0051,,,,,,,,,,,,,,,
Instances/Instances 1/rd400_08.gt,399,100.0,86400.0,PTVRP_LINEAR,369415.0,6,22,0.0069,,,,,,,,,,,,,,,
Instances/Instances 1/rd400_09.gt,399,100.0,86400.0,PTVRP_LINEAR,369333.0,5,24,0.005,,,,,,,,,,,,,,,
Instances/Instances 1/rd400_10.gt,399,100.0,86400.0,PTVRP_LINEAR,363733.0,5,24,0.0049,,,,,,,,,,,,,,,
Instances/Instances 1/rl11849_01.gt,11848,100.0,86400.0,PTVRP_LINEAR,38768037.0,514,15,0.0135,,,,,,,,,,,,,,,
Instances/Instances 1/rl11849_02.gt,11848,100.0,86400.0,PTVRP_LINEAR,39049078.0,516,15,0.014,,,,,,,,,,,,,,,
Instances/Instances 1/rl11849_03.gt,11848,100.0,86400.0,PTVRP_LINEAR,39174528.0,514,16,0.013,,,,,,,,,,,,,,,
Instances/Instances 1/rl11849_04.gt,11848,100.0,86400.0,PTVRP_LINEAR,38975988.0,513,16,0.0128,,,,,,,,,,,,,,,
Instances/Instances 1/rl11849_05.gt,11848,100.0,86400.0,PTVRP_LINEAR,39464419.0,519,15,0.0145,,,,,,,,,,,,,,,
Instances/Instances 1/rl11849_06.gt,11848,100.0,86400.0,PTVRP_LINEAR,38863200.0,511,16,0.0146,,,,,,,,,,,,,,,
Instances/Instances 1/rl11849_07.gt,11848,100.0,86400.0,PTVRP_LINEAR,38856541.0,516,14,0.013,,,,,,,,,,,,,,,
Instances/Instances 1/rl11849_08.gt,11848,100.0,86400.0,PTVRP_LINEAR,38634149.0,512,16,0.0136,,,,,,,,,,,,,,,
Instances/Instances 1/rl11849_09.gt,11848,100.0,86400.0,PTVRP_LINEAR,38843858.0,509,15,0.0129,,,,,,,,,,,,,,,
Instances/Instances 1/rl11849_10.gt,11848,100.0,86400.0,PTVRP_LINEAR,38931428.0,512,15,0.0143,,,,,,,,,,,,,,,
Instances/Instances 1/rl1304_01.gt,1303,100.0,86400.0,PTVRP_LINEAR,4812179.0,66,9,0.008,,,,,,,,,,,,,,,
Instances/Instances 1/rl1304_02.gt,1303,100.0,86400.0,PTVRP_LINEAR,4865685.0,68,9,0.0071,,,,,,,,,,,,,,,
Instances/Instances 1/rl1304_03.gt,1303,100.0,86400.0,PTVRP_LINEAR,4903754.0,66,10,0.0067,,,,,,,,,,,,,,,
Instances/Instances 1/rl1304_04.gt,1303,100.0,86400.0,PTVRP_LINEAR,4742827.0,67,11,0.0058,,,,,,,,,,,,,,,
Instances/Instances 1/rl1304_05.gt,1303,100.0,86400.0,PTVRP_LINEAR,4868217.0,67,10,0.0061,,,,,,,,,,,,,,,
Instances/Instances 1/rl1304_06.gt,1303,100.0,86400.0,PTVRP_LINEAR,4812931.0,67,9,0.0053,,,,,,,,,,,,,,,
Instances/Instances 1/rl1304_07.gt,1303,100.0,86400.0,PTVRP_LINEAR,4819257.0,67,9,0.0072,,,,,,,,,,,,,,,
Instances/Instances 1/rl1304_08.gt,1303,100.0,86400.0,PTVRP_LINEAR,4851000.0,68,9,0.0068,,,,,,,,,,,,,,,
Instances/Instances 1/rl1304_09.gt,1303,100.0,86400.0,PTVRP_LINEAR,4954086.0,69,9,0.0063,,,,,,,,,,,,,,,
Instances/Instances 1/rl1304_10.gt,1303,100.0,86400.0,PTVRP_LINEAR,4783615.0,68,9,0.0071,,,,,,,,,,,,,,,
Instances/Instances 1/rl1323_01.gt,1322,100.0,86400.0,PTVRP_LINEAR,5170894.0,73,9,0.0079,,,,,,,,,,,,,,,
Instances/Instances 1/rl1323_02.gt,1322,100.0,86400.0,PTVRP_LINEAR,5029009.0,68,8,0.0074,,,,,,,,,,,,,,,
Instances/Instances 1/rl1323_03.gt,1322,100.0,86400.0,PTVRP_LINEAR,5043955.0,70,9,0.006,,,,,,,,,,,,,,,
Instances/Instances 1/rl1323_04.gt,1322,100.0,86400.0,PTVRP_LINEAR,5017708.0,72,8,0.007,,,,,,,,,,,,,,,
Instances/Instances 1/rl1323_05.gt,1322,100.0,86400.0,PTVRP_LINEAR,5087494.0,71,7,0.0077,,,,,,,,,,,,,,,
Instances/Instances 1/rl1323_06.gt,1322,100.0,86400.0,PTVRP_LINEAR,5117910.0,69,8,0.0059,,,,,,,,,,,,,,,
Instances/Instances 1/rl1323_07.gt,1322,100.0,86400.0,PTVRP_LINEAR,5076344.0,73,7,0.006,,,,,,,,,,,,,,,
Instances/Instances 1/rl1323_08.gt,1322,100.0,86400.0,PTVRP_LINEAR,5021267.0,72,9,0.0056,,,,,,,,,,,,,,,
Instances/Instances 1/rl1323_09.gt,1322,100.0,86400.0,PTVRP_LINEAR,5024036.0,70,9,0.0053,,,,,,,,,,,,,,,
Instances/Instances 1/rl1323_10.gt,1322,100.0,86400.0,PTVRP_LINEAR,5155338.0,71,7,0.0059,,,,,,,,,,,,,,,
Instances/Instances 1/rl1889_01.gt,1888,100.0,86400.0,PTVRP_LINEAR,7243732.0,102,7,0.0055,,,,,,,,,,,,,,,
Instances/Instances 1/rl1889_02.gt,1888,100.0,86400.0,PTVRP_LINEAR,7187057.0,100,8,0.0053,,,,,,,,,,,,,,,
Instances/Instances 1/rl1889_03.gt,1888,100.0,86400.0,PTVRP_LINEAR,7364433.0,99,8,0.0056,,,,,,,,,,,,,,,
Instances/Instances 1/rl1889_04.gt,1888,100.0,86400.0,PTVRP_LINEAR,7279786.0,99,9,0.006,,,,,,,,,,,,,,,
Instances/Instances 1/rl1889_05.gt,1888,100.0,86400.0,PTVRP_LINEAR,7342792.0,102,8,0.0061,,,,,,,,,,,,,,,
Instances/Instances 1/rl1889_06.gt,1888,100.0,86400.0,PTVRP_LINEAR,7311395.0,100,9,0.0073,,,,,,,,,,,,,,,
Instances/Instances 1/rl1889_07.gt,1888,100.0,86400.0,PTVRP_LINEAR,7383404.0,103,8,0.0072,,,,,,,,,,,,,,,
Instances/Instances 1/rl1889_08.gt,1888,100.0,86400.0,PTVRP_LINEAR,7222974.0,101,8,0.0076,,,,,,,,,,,,,,,
Instances/Instances 1/rl1889_09.gt,1888,100.0,86400.0,PTVRP_LINEAR,7340308.0,101,9,0.0072,,,,,,,,,,,,,,,
Instances/Instances 1/rl1889_10.gt,1888,100.0,86400.0,PTVRP_LINEAR,7297886.0,101,9,0.0075,,,,,,,,,,,,,,,
Instances/Instances 1/rl5915_01.gt,5914,100.0,86400.0,PTVRP_LINEAR,19424072.0,261,11,0.0099,,,,,,,,,,,,,,,
Instances/Instances 1/rl5915_02.gt,5914,100.0,86400.0,PTVRP_LINEAR,19562865.0,263,11,0.0114,,,,,,,,,,,,,,,
Instances/Instances 1/rl5915_03.gt,5914,100.0,86400.0,PTVRP_LINEAR,19786033.0,261,12,0.0093,,,,,,,,,,,,,,,
Instances/Instances 1/rl5915_04.gt,5914,100.0,86400.0,PTVRP_LINEAR,19584392.0,261,14,0.0095,,,,,,,,,,,,,,,
Instances/Instances 1/rl5915_05.gt,5914,100.0,86400.0,PTVRP_LINEAR,19667620.0,261,11,0.0117,,,,,,,,,,,,,,,
Instances/Instances 1/rl5915_06.gt,5914,100.0,86400.0,PTVRP_LINEAR,19903975.0,265,12,0.0091,,,,,,,,,,,,,,,
Instances/Instances 1/rl5915_07.gt,5914,100.0,86400.0,PTVRP_LINEAR,19403580.0,257,14,0.0094,,,,,,,,,,,,,,,
Instances/Instances 1/rl5915_08.gt,5914,100.0,86400.0,PTVRP_LINEAR,19706685.0,264,11,0.01,,,,,,,,,,,,,,,
Instances/Instances 1/rl5915_09.gt,5914,100.0,86400.0,PTVRP_LINEAR,19644153.0,259,13,0.0096,,,,,,,,,,,,,,,
Instances/Instances 1/rl5915_10.gt,5914,100.0,86400.0,PTVRP_LINEAR,19611201.0,264,13,0.0105,,,,,,,,,,,,,,,
Instances/Instances 1/rl5934_01.gt,5933,100.0,86400.0,PTVRP_LINEAR,19591645.0,258,11,0.0093,,,,,,,,,,,,,,,
Instances/Instances 1/rl5934_02.gt,5933,100.0,86400.0,PTVRP_LINEAR,19451798.0,255,11,0.0103,,,,,,,,,,,,,,,
Instances/Instances 1/rl5934_03.gt,5933,100.0,86400.0,PTVRP_LINEAR,19327488.0,262,12,0.0106,,,,,,,,,,,,,,,
Instances/Instances 1/rl5934_04.gt,5933,100.0,86400.0,PTVRP_LINEAR,19683535.0,259,12,0.0102,,,,,,,,,,,,,,,
Instances/Instances 1/rl5934_05.gt,5933,100.0,86400.0,PTVRP_LINEAR,19393251.0,259,11,0.0102,,,,,,,,,,,,,,,
Instances/Instances 1/rl5934_06.gt,5933,100.0,86400.0,PTVRP_LINEAR,19552820.0,261,13,0.01,,,,,,,,,,,,,,,
Instances/Instances 1/rl5934_07.gt,5933,100.0,86400.0,PTVRP_LINEAR,19647676.0,260,12,0.0095,,,,,,,,,,,,,,,
Instances/Instances 1/rl5934_08.gt,5933,100.0,86400.0,PTVRP_LINEAR,19458823.0,260,11,0.0085,,,,,,,,,,,,,,,
Instances/Instances 1/rl5934_09.gt,5933,100.0,86400.0,PTVRP_LINEAR,19439999.0,258,11,0.0088,,,,,,,,,,,,,,,
Instances/Instances 1/rl5934_10.gt,5933,100.0,86400.0,PTVRP_LINEAR,19653251.0,260,12,0.0092,,,,,,,,,,,,,,,
Instances/Instances 1/rw1621_01.gt,1620,100.0,86400.0,PTVRP_LINEAR,1056658.0,18,30,0.0053,,,,,,,,,,,,,,,
Instances/Instances 1/rw1621_02.gt,1620,100.0,86400.0,PTVRP_LINEAR,1045774.0,18,29,0.0053,,,,,,,,,,,,,,,
Instances/Instances 1/rw1621_03.gt,1620,100.0,86400.0,PTVRP_LINEAR,1084969.0,17,34,0.0068,,,,,,,,,,,,,,,
Instances/Instances 1/rw1621_04.gt,1620,100.0,86400.0,PTVRP_LINEAR,1071220.0,18,35,0.0068,,,,,,,,,,,,,,,
Instances/Instances 1/rw1621_05.gt,1620,100.0,86400.0,PTVRP_LINEAR,1072561.0,17,37,0.0066,,,,,,,,,,,,,,,
Instances/Instances 1/rw1621_06.gt,1620,100.0,86400.0,PTVRP_LINEAR,1144663.0,16,34,0.007,,,,,,,,,,,,,,,
Instances/Instances 1/rw1621_07.gt,1620,100.0,86400.0,PTVRP_LINEAR,1104403.0,16,35,0.0072,,,,,,,,,,,,,,,
Instances/Instances 1/rw1621_08.gt,1620,100.0,86400.0,PTVRP_LINEAR,1076732.0,17,38,0.0073,,,,,,,,,,,,,,,
Instances/Instances 1/rw1621_09.gt,1620,100.0,86400.0,PTVRP_LINEAR,1105402.0,16,37,0.0054,,,,,,,,,,,,,,,
Instances/Instances 1/rw1621_10.gt,1620,100.0,86400.0,PTVRP_LINEAR,1094120.0,17,31,0.0059,,,,,,,,,,,,,,,
Instances/Instances 1/st70_01.gt,69,100.0,86400.0,PTVRP_LINEAR,12480.0,1,16,0.0046,,,,,,,,,,,,,,,
Instances/Instances 1/st70_02.gt,69,100.0,86400.0,PTVRP_LINEAR,13260.0,1,17,0.0062,,,,,,,,,,,,,,,
Instances/Instances 1/st70_03.gt,69,100.0,86400.0,PTVRP_LINEAR,14040.0,1,18,0.0045,,,,,,,,,,,,,,,
Instances/Instances 1/st70_04.gt,69,100.0,86400.0,PTVRP_LINEAR,13260.0,1,17,0.0058,,,,,,,,,,,,,,,
Instances/Instances 1/st70_05.gt,69,100.0,86400.0,PTVRP_LINEAR,14820.0,1,19,0.0045,,,,,,,,,,,,,,,
Instances/Instances 1/st70_06.gt,69,100.0,86400.0,PTVRP_LINEAR,14040.0,1,18,0.0061,,,,,,,,,,,,,,,
Instances/Instances 1/st70_07.gt,69,100.0,86400.0,PTVRP_LINEAR,13260.0,1,17,0.0065,,,,,,,,,,,,,,,
Instances/Instances 1/st70_08.gt,69,100.0,86400.0,PTVRP_LINEAR,13260.0,1,17,0.0055,,,,,,,,,,,,,,,
Instances/Instances 1/st70_09.gt,69,100.0,86400.0,PTVRP_LINEAR,14820.0,1,19,0.0045,,,,,,,,,,,,,,,
Instances/Instances 1/st70_10.gt,69,100.0,86400.0,PTVRP_LINEAR,13260.0,1,17,0.0074,,,,,,,,,,,,,,,
Instances/Instances 1/sw24978_01.gt,24977,100.0,86400.0,PTVRP_LINEAR,50716765.0,659,22,0.0228,,,,,,,,,,,,,,,
Instances/Instances 1/sw24978_02.gt,24977,100.0,86400.0,PTVRP_LINEAR,50693568.0,651,24,0.0233,,,,,,,,,,,,,,,
Instances/Instances 1/sw24978_03.gt,24977,100.0,86400.0,PTVRP_LINEAR,50683693.0,655,24,0.0221,,,,,,,,,,,,,,,
Instances/Instances 1/sw24978_04.gt,24977,100.0,86400.0,PTVRP_LINEAR,50979951.0,659,22,0.0228,,,,,,,,,,,,,,,
Instances/Instances 1/sw24978_05.gt,24977,100.0,86400.0,PTVRP_LINEAR,50181999.0,654,21,0.0219,,,,,,,,,,,,,,,
Instances/Instances 1/sw24978_06.gt,24977,100.0,86400.0,PTVRP_LINEAR,51046347.0,660,23,0.0219,,,,,,,,,,,,,,,
Instances/Instances 1/sw24978_07.gt,24977,100.0,86400.0,PTVRP_LINEAR,50610100.0,657,26,0.0217,,,,,,,,,,,,,,,
Instances/Instances 1/sw24978_08.gt,24977,100.0,86400.0,PTVRP_LINEAR,50561618.0,655,24,0.0219,,,,,,,,,,,,,,,
Instances/Instances 1/sw24978_09.gt,24977,100.0,86400.0,PTVRP_LINEAR,50713169.0,656,22,0.023,,,,,,,,,,,,,,,
Instances/Instances 1/sw24978_10.gt,24977,100.0,86400.0,PTVRP_LINEAR,50776057.0,660,24,0.0227,,,,,,,,,,,,,,,
Instances/Instances 1/ts225_01.gt,224,100.0,86400.0,PTVRP_LINEAR,1034363.0,17,5,0.0045,,,,,,,,,,,,,,,
Instances/Instances 1/ts225_02.gt,224,100.0,86400.0,PTVRP_LINEAR,1163275.0,16,5,0.0049,,,,,,,,,,,,,,,
Instances/Instances 1/ts225_03.gt,224,100.0,86400.0,PTVRP_LINEAR,1067548.0,16,5,0.0046,,,,,,,,,,,,,,,
Instances/Instances 1/ts225_04.gt,224,100.0,86400.0,PTVRP_LINEAR,1071915.0,17,5,0.0044,,,,,,,,,,,,,,,
Instances/Instances 1/ts225_05.gt,224,100.0,86400.0,PTVRP_LINEAR,1104150.0,16,5,0.0043,,,,,,,,,,,,,,,
Instances/Instances 1/ts225_06.gt,224,100.0,86400.0,PTVRP_LINEAR,1041195.0,15,5,0.0046,,,,,,,,,,,,,,,
Instances/Instances 1/ts225_07.gt,224,100.0,86400.0,PTVRP_LINEAR,1005138.0,16,5,0.007,,,,,,,,,,,,,,,
Instances/Instances 1/ts225_08.gt,224,100.0,86400.0,PTVRP_LINEAR,1003904.0,17,4,0.0047,,,,,,,,,,,,,,,
Instances/Instances 1/ts225_09.gt,224,100.0,86400.0,PTVRP_LINEAR,1084113.0,16,4,0.006,,,,,,,,,,,,,,,
Instances/Instances 1/ts225_10.gt,224,100.0,86400.0,PTVRP_LINEAR,1059114.0,18,4,0.0062,,,,,,,,,,,,,,,
Instances/Instances 1/tsp225_01.gt,224,100.0,86400.0,PTVRP_LINEAR,136206.0,2,33,0.0047,,,,,,,,,,,,,,,
Instances/Instances 1/tsp225_02.gt,224,100.0,86400.0,PTVRP_LINEAR,144621.0,2,36,0.0047,,,,,,,,,,,,,,,
Instances/Instances 1/tsp225_03.gt,224,100.0,86400.0,PTVRP_LINEAR,136206.0,2,33,0.0066,,,,,,,,,,,,,,,
Instances/Instances 1/tsp225_04.gt,224,100.0,86400.0,PTVRP_LINEAR,139602.0,2,34,0.0043,,,,,,,,,,,,,,,
Instances/Instances 1/tsp225_05.gt,224,100.0,86400.0,PTVRP_LINEAR,138366.0,2,34,0.0047,,,,,,,,,,,,,,,
Instances/Instances 1/tsp225_06.gt,224,100.0,86400.0,PTVRP_LINEAR,127578.0,2,32,0.006,,,,,,,,,,,,,,,
Instances/Instances 1/tsp225_07.gt,224,100.0,86400.0,PTVRP_LINEAR,130300.0,2,32,0.0045,,,,,,,,,,,,,,,
Instances/Instances 1/tsp225_08.gt,224,100.0,86400.0,PTVRP_LINEAR,130281.0,2,32,0.0056,,,,,,,,,,,,,,,
Instances/Instances 1/tsp225_09.gt,224,100.0,86400.0,PTVRP_LINEAR,138744.0,2,33,0.0065,,,,,,,,,,,,,,,
Instances/Instances 1/tsp225_10.gt,224,100.0,86400.0,PTVRP_LINEAR,139974.0,2,33,0.0063,,,,,,,,,,,,,,,
Instances/Instances 1/tz6117_01.gt,6116,100.0,86400.0,PTVRP_LINEAR,14924785.0,197,14,0.0095,,,,,,,,,,,,,,,
Instances/Instances 1/tz6117_02.gt,6116,100.0,86400.0,PTVRP_LINEAR,15212718.0,201,15,0.0092,,,,,,,,,,,,,,,
Instances/Instances 1/tz6117_03.gt,6116,100.0,86400.0,PTVRP_LINEAR,15073042.0,197,15,0.0085,,,,,,,,,,,,,,,
Instances/Instances 1/tz6117_04.gt,6116,100.0,86400.0,PTVRP_LINEAR,15181649.0,199,13,0.0107,,,,,,,,,,,,,,,
Instances/Instances 1/tz6117_05.gt,6116,100.0,86400.0,PTVRP_LINEAR,14905900.0,193,15,0.0086,,,,,,,,,,,,,,,
Instances/Instances 1/tz6117_06.gt,6116,100.0,86400.0,PTVRP_LINEAR,15253574.0,197,14,0.0098,,,,,,,,,,,,,,,
Instances/Instances 1/tz6117_07.gt,6116,100.0,86400.0,PTVRP_LINEAR,15003903.0,200,14,0.0084,,,,,,,,,,,,,,,
Instances/Instances 1/tz6117_08.gt,6116,100.0,86400.0,PTVRP_LINEAR,14967321.0,199,14,0.0097,,,,,,,,,,,,,,,
Instances/Instances 1/tz6117_09.gt,6116,100.0,86400.0,PTVRP_LINEAR,14930145.0,200,14,0.0097,,,,,,,,,,,,,,,
Instances/Instances 1/tz6117_10.gt,6116,100.0,86400.0,PTVRP_LINEAR,15011517.0,199,15,0.0091,,,,,,,,,,,,,,,
Instances/Instances 1/u1060_01.gt,1059,100.0,86400.0,PTVRP_LINEAR,3791714.0,53,10,0.0055,,,,,,,,,,,,,,,
Instances/Instances 1/u1060_02.gt,1059,100.0,86400.0,PTVRP_LINEAR,3707443.0,54,8,0.0057,,,,,,,,,,,,,,,
Instances/Instances 1/u1060_03.gt,1059,100.0,86400.0,PTVRP_LINEAR,3790236.0,54,8,0.0065,,,,,,,,,,,,,,,
Instances/Instances 1/u1060_04.gt,1059,100.0,86400.0,PTVRP_LINEAR,3793108.0,55,10,0.0062,,,,,,,,,,,,,,,
Instances/Instances 1/u1060_05.gt,1059,100.0,86400.0,PTVRP_LINEAR,3735386.0,54,8,0.0052,,,,,,,,,,,,,,,
Instances/Instances 1/u1060_06.gt,1059,100.0,86400.0,PTVRP_LINEAR,3754354.0,53,9,0.006,,,,,,,,,,,,,,,
Instances/Instances 1/u1060_07.gt,1059,100.0,86400.0,PTVRP_LINEAR,3734560.0,51,9,0.007,,,,,,,,,,,,,,,
Instances/Instances 1/u1060_08.gt,1059,100.0,86400.0,PTVRP_LINEAR,3774498.0,52,10,0.0065,,,,,,,,,,,,,,,
Instances/Instances 1/u1060_09.gt,1059,100.0,86400.0,PTVRP_LINEAR,3733417.0,53,8,0.0054,,,,,,,,,,,,,,,
Instances/Instances 1/u1060_10.gt,1059,100.0,86400.0,PTVRP_LINEAR,3828234.0,52,8,0.0054,,,,,,,,,,,,,,,
Instances/Instances 1/u1432_01.gt,1431,100.0,86400.0,PTVRP_LINEAR,2763239.0,42,12,0.0056,,,,,,,,,,,,,,,
Instances/Instances 1/u1432_02.gt,1431,100.0,86400.0,PTVRP_LINEAR,2838127.0,43,12,0.0059,,,,,,,,,,,,,,,
Instances/Instances 1/u1432_03.gt,1431,100.0,86400.0,PTVRP_LINEAR,2756974.0,44,12,0.0055,,,,,,,,,,,,,,,
Instances/Instances 1/u1432_04.gt,1431,100.0,86400.0,PTVRP_LINEAR,2846209.0,41,13,0.0077,,,,,,,,,,,,,,,
Instances/Instances 1/u1432_05.gt,1431,100.0,86400.0,PTVRP_LINEAR,2894839.0,41,12,0.0073,,,,,,,,,,,,,,,
Instances/Instances 1/u1432_06.gt,1431,100.0,86400.0,PTVRP_LINEAR,2818438.0,44,13,0.0071,,,,,,,,,,,,,,,
Instances/Instances 1/u1432_07.gt,1431,100.0,86400.0,PTVRP_LINEAR,2843061.0,43,11,0.0071,,,,,,,,,,,,,,,
Instances/Instances 1/u1432_08.gt,1431,100.0,86400.0,PTVRP_LINEAR,2787211.0,45,12,0.0093,,,,,,,,,,,,,,,
Instances/Instances 1/u1432_09.gt,1431,100.0,86400.0,PTVRP_LINEAR,2827987.0,44,12,0.0063,,,,,,,,,,,,,,,
Instances/Instances 1/u1432_10.gt,1431,100.0,86400.0,PTVRP_LINEAR,2897080.0,40,13,0.0056,,,,,,,,,,,,,,,
Instances/Instances 1/u159_01.gt,158,100.0,86400.0,PTVRP_LINEAR,421067.0,7,8,0.0046,,,,,,,,,,,,,,,
Instances/Instances 1/u159_02.gt,158,100.0,86400.0,PTVRP_LINEAR,394930.0,7,8,0.0062,,,,,,,,,,,,,,,
Instances/Instances 1/u159_03.gt,158,100.0,86400.0,PTVRP_LINEAR,397770.0,6,8,0.0066,,,,,,,,,,,,,,,
Instances/Instances 1/u159_04.gt,158,100.0,86400.0,PTVRP_LINEAR,413504.0,6,8,0.0051,,,,,,,,,,,,,,,
Instances/Instances 1/u159_05.gt,158,100.0,86400.0,PTVRP_LINEAR,387997.0,7,8,0.0066,,,,,,,,,,,,,,,
Instances/Instances 1/u159_06.gt,158,100.0,86400.0,PTVRP_LINEAR,393997.0,6,7,0.0043,,,,,,,,,,,,,,,
Instances/Instances 1/u159_07.gt,158,100.0,86400.0,PTVRP_LINEAR,425970.0,6,8,0.0063,,,,,,,,,,,,,,,
Instances/Instances 1/u159_08.gt,158,100.0,86400.0,PTVRP_LINEAR,434717.0,6,8,0.0045,,,,,,,,,,,,,,,
Instances/Instances 1/u159_09.gt,158,100.0,86400.0,PTVRP_LINEAR,443390.0,7,7,0.0062,,,,,,,,,,,,,,,
Instances/Instances 1/u159_10.gt,158,100.0,86400.0,PTVRP_LINEAR,416056.0,7,7,0.0044,,,,,,,,,,,,,,,
Instances/Instances 1/u1817_01.gt,1816,100.0,86400.0,PTVRP_LINEAR,1688226.0,31,20,0.0067,,,,,,,,,,,,,,,
Instances/Instances 1/u1817_02.gt,1816,100.0,86400.0,PTVRP_LINEAR,1679516.0,31,19,0.0054,,,,,,,,,,,,,,,
Instances/Instances 1/u1817_03.gt,1816,100.0,86400.0,PTVRP_LINEAR,1782685.0,27,23,0.0059,,,,,,,,,,,,,,,
Instances/Instances 1/u1817_04.gt,1816,100.0,86400.0,PTVRP_LINEAR,1749593.0,29,21,0.0055,,,,,,,,,,,,,,,
Instances/Instances 1/u1817_05.gt,1816,100.0,86400.0,PTVRP_LINEAR,1708745.0,30,20,0.0059,,,,,,,,,,,,,,,
Instances/Instances 1/u1817_06.gt,1816,100.0,86400.0,PTVRP_LINEAR,1716939.0,30,21,0.0055,,,,,,,,,,,,,,,
Instances/Instances 1/u1817_07.gt,1816,100.0,86400.0,PTVRP_LINEAR,1659426.0,32,18,0.0063,,,,,,,,,,,,,,,
Instances/Instances 1/u1817_08.gt,1816,100.0,86400.0,PTVRP_LINEAR,1803797.0,28,22,0.0067,,,,,,,,,,,,,,,
Instances/Instances 1/u1817_09.gt,1816,100.0,86400.0,PTVRP_LINEAR,1742510.0,30,21,0.0055,,,,,,,,,,,,,,,
Instances/Instances 1/u1817_10.gt,1816,100.0,86400.0,PTVRP_LINEAR,1765222.0,29,22,0.006,,,,,,,,,,,,,,,
Instances/Instances 1/u2152_01.gt,2151,100.0,86400.0,PTVRP_LINEAR,2075537.0,33,24,0.0062,,,,,,,,,,,,,,,
Instances/Instances 1/u2152_02.gt,2151,100.0,86400.0,PTVRP_LINEAR,2011213.0,34,21,0.0075,,,,,,,,,,,,,,,
Instances/Instances 1/u2152_03.gt,2151,100.0,86400.0,PTVRP_LINEAR,2028647.0,35,20,0.0058,,,,,,,,,,,,,,,
Instances/Instances 1/u2152_04.gt,2151,100.0,86400.0,PTVRP_LINEAR,2030389.0,34,22,0.0047,,,,,,,,,,,,,,,
Instances/Instances 1/u2152_05.gt,2151,100.0,86400.0,PTVRP_LINEAR,2081853.0,32,23,0.0058,,,,,,,,,,,,,,,
Instances/Instances 1/u2152_06.gt,2151,100.0,86400.0,PTVRP_LINEAR,2032931.0,34,22,0.0057,,,,,,,,,,,,,,,
Instances/Instances 1/u2152_07.gt,2151,100.0,86400.0,PTVRP_LINEAR,2002845.0,34,21,0.0067,,,,,,,,,,,,,,,
Instances/Instances 1/u2152_08.gt,2151,100.0,86400.0,PTVRP_LINEAR,2031806.0,34,21,0.0057,,,,,,,,,,,,,,,
Instances/Instances 1/u2152_09.gt,2151,100.0,86400.0,PTVRP_LINEAR,2065770.0,33,22,0.0073,,,,,,,,,,,,,,,
Instances/Instances 1/u2152_10.gt,2151,100.0,86400.0,PTVRP_LINEAR,2036103.0,35,20,0.0055,,,,,,,,,,,,,,,
Instances/Instances 1/u2319_01.gt,2318,100.0,86400.0,PTVRP_LINEAR,4358574.0,68,12,0.0064,,,,,,,,,,,,,,,
Instances/Instances 1/u2319_02.gt,2318,100.0,86400.0,PTVRP_LINEAR,4433991.0,66,12,0.0068,,,,,,,,,,,,,,,
Instances/Instances 1/u2319_03.gt,2318,100.0,86400.0,PTVRP_LINEAR,4290399.0,69,13,0.0057,,,,,,,,,,,,,,,
Instances/Instances 1/u2319_04.gt,2318,100.0,86400.0,PTVRP_LINEAR,4407396.0,67,11,0.0075,,,,,,,,,,,,,,,
Instances/Instances 1/u2319_05.gt,2318,100.0,86400.0,PTVRP_LINEAR,4375937.0,65,13,0.0062,,,,,,,,,,,,,,,
Instances/Instances 1/u2319_06.gt,2318,100.0,86400.0,PTVRP_LINEAR,4414106.0,68,12,0.006,,,,,,,,,,,,,,,
Instances/Instances 1/u2319_07.gt,2318,100.0,86400.0,PTVRP_LINEAR,4439391.0,65,14,0.0063,,,,,,,,,,,,,,,
Instances/Instances 1/u2319_08.gt,2318,100.0,86400.0,PTVRP_LINEAR,4330353.0,70,11,0.0064,,,,,,,,,,,,,,,
Instances/Instances 1/u2319_09.gt,2318,100.0,86400.0,PTVRP_LINEAR,4501022.0,65,13,0.0059,,,,,,,,,,,,,,,
Instances/Instances 1/u2319_10.gt,2318,100.0,86400.0,PTVRP_LINEAR,4347181.0,70,13,0.006,,,,,,,,,,,,,,,
Instances/Instances 1/u574_01.gt,573,100.0,86400.0,PTVRP_LINEAR,725445.0,13,15,0.0051,,,,,,,,,,,,,,,
Instances/Instances 1/u574_02.gt,573,100.0,86400.0,PTVRP_LINEAR,772002.0,11,18,0.0057,,,,,,,,,,,,,,,
Instances/Instances 1/u574_03.gt,573,100.0,86400.0,PTVRP_LINEAR,701820.0,12,16,0.0065,,,,,,,,,,,,,,,
Instances/Instances 1/u574_04.gt,573,100.0,86400.0,PTVRP_LINEAR,697233.0,13,17,0.0067,,,,,,,,,,,,,,,
Instances/Instances 1/u574_05.gt,573,100.0,86400.0,PTVRP_LINEAR,701690.0,12,16,0.0069,,,,,,,,,,,,,,,
Instances/Instances 1/u574_06.gt,573,100.0,86400.0,PTVRP_LINEAR,691711.0,14,15,0.0061,,,,,,,,,,,,,,,
Instances/Instances 1/u574_07.gt,573,100.0,86400.0,PTVRP_LINEAR,765121.0,11,16,0.0062,,,,,,,,,,,,,,,
Instances/Instances 1/u574_08.gt,573,100.0,86400.0,PTVRP_LINEAR,742237.0,12,16,0.0062,,,,,,,,,,,,,,,
Instances/Instances 1/u574_09.gt,573,100.0,86400.0,PTVRP_LINEAR,733087.0,11,15,0.0063,,,,,,,,,,,,,,,
Instances/Instances 1/u574_10.gt,573,100.0,86400.0,PTVRP_LINEAR,739666.0,11,16,0.0065,,,,,,,,,,,,,,,
Instances/Instances 1/u724_01.gt,723,100.0,86400.0,PTVRP_LINEAR,909553.0,14,17,0.0064,,,,,,,,,,,,,,,
Instances/Instances 1/u724_02.gt,723,100.0,86400.0,PTVRP_LINEAR,856811.0,16,15,0.0061,,,,,,,,,,,,,,,
Instances/Instances 1/u724_03.gt,723,100.0,86400.0,PTVRP_LINEAR,902942.0,13,17,0.0062,,,,,,,,,,,,,,,
Instances/Instances 1/u724_04.gt,723,100.0,86400.0,PTVRP_LINEAR,875045.0,14,17,0.0121,,,,,,,,,,,,,,,
Instances/Instances 1/u724_05.gt,723,100.0,86400.0,PTVRP_LINEAR,935416.0,14,17,0.0049,,,,,,,,,,,,,,,
Instances/Instances 1/u724_06.gt,723,100.0,86400.0,PTVRP_LINEAR,869446.0,15,16,0.0048,,,,,,,,,,,,,,,
Instances/Instances 1/u724_07.gt,723,100.0,86400.0,PTVRP_LINEAR,850263.0,15,15,0.0056,,,,,,,,,,,,,,,
Instances/Instances 1/u724_08.gt,723,100.0,86400.0,PTVRP_LINEAR,869741.0,15,16,0.0065,,,,,,,,,,,,,,,
Instances/Instances 1/u724_09.gt,723,100.0,86400.0,PTVRP_LINEAR,911671.0,14,17,0.0049,,,,,,,,,,,,,,,
Instances/Instances 1/u724_10.gt,723,100.0,86400.0,PTVRP_LINEAR,883632.0,15,16,0.0049,,,,,,,,,,,,,,,
Instances/Instances 1/usa13509_01.gt,13508,100.0,86400.0,PTVRP_LINEAR,2983200570.0,12093,6,0.0513,,,,,,,,,,,,,,,
Instances/Instances 1/usa13509_02.gt,13508,100.0,86400.0,PTVRP_LINEAR,2982999881.0,12091,5,0.0522,,,,,,,,,,,,,,,
Instances/Instances 1/usa13509_03.gt,13508,100.0,86400.0,PTVRP_LINEAR,2982665932.0,12089,5,0.0508,,,,,,,,,,,,,,,
Instances/Instances 1/usa13509_04.gt,13508,100.0,86400.0,PTVRP_LINEAR,2982550735.0,12087,5,0.0534,,,,,,,,,,,,,,,
Instances/Instances 1/usa13509_05.gt,13508,100.0,86400.0,PTVRP_LINEAR,2982940109.0,12096,6,0.0526,,,,,,,,,,,,,,,
Instances/Instances 1/usa13509_06.gt,13508,100.0,86400.0,PTVRP_LINEAR,2982393564.0,12081,6,0.053,,,,,,,,,,,,,,,
Instances/Instances 1/usa13509_07.gt,13508,100.0,86400.0,PTVRP_LINEAR,2983087698.0,12097,5,0.0535,,,,,,,,,,,,,,,
Instances/Instances 1/usa13509_08.gt,13508,100.0,86400.0,PTVRP_LINEAR,2983537763.0,12098,6,0.0543,,,,,,,,,,,,,,,
Instances/Instances 1/usa13509_09.gt,13508,100.0,86400.0,PTVRP_LINEAR,2981930679.0,12076,5,0.0522,,,,,,,,,,,,,,,
Instances/Instances 1/usa13509_10.gt,13508,100.0,86400.0,PTVRP_LINEAR,2983580802.0,12098,6,0.0531,,,,,,,,,,,,,,,
Instances/Instances 1/uy734_01.gt,733,100.0,86400.0,PTVRP_LINEAR,1347827.0,20,12,0.005,,,,,,,,,,,,,,,
Instances/Instances 1/uy734_02.gt,733,100.0,86400.0,PTVRP_LINEAR,1390120.0,21,14,0.0049,,,,,,,,,,,,,,,
Instances/Instances 1/uy734_03.gt,733,100.0,86400.0,PTVRP_LINEAR,1400140.0,19,12,0.0053,,,,,,,,,,,,,,,
Instances/Instances 1/uy734_04.gt,733,100.0,86400.0,PTVRP_LINEAR,1348593.0,21,13,0.0066,,,,,,,,,,,,,,,
Instances/Instances 1/uy734_05.gt,733,100.0,86400.0,PTVRP_LINEAR,1332531.0,20,12,0.0069,,,,,,,,,,,,,,,
Instances/Instances 1/uy734_06.gt,733,100.0,86400.0,PTVRP_LINEAR,1351627.0,21,12,0.0065,,,,,,,,,,,,,,,
Instances/Instances 1/uy734_07.gt,733,100.0,86400.0,PTVRP_LINEAR,1234143.0,24,13,0.0065,,,,,,,,,,,,,,,
Instances/Instances 1/uy734_08.gt,733,100.0,86400.0,PTVRP_LINEAR,1390655.0,21,13,0.0064,,,,,,,,,,,,,,,
Instances/Instances 1/uy734_09.gt,733,100.0,86400.0,PTVRP_LINEAR,1355031.0,21,13,0.0064,,,,,,,,,,,,,,,
Instances/Instances 1/uy734_10.gt,733,100.0,86400.0,PTVRP_LINEAR,1351708.0,21,13,0.0054,,,,,,,,,,,,,,,
Instances/Instances 1/vm1084_01.gt,1083,100.0,86400.0,PTVRP_LINEAR,4442101.0,63,8,0.006,,,,,,,,,,,,,,,
Instances/Instances 1/vm1084_02.gt,1083,100.0,86400.0,PTVRP_LINEAR,4375212.0,64,8,0.0051,,,,,,,,,,,,,,,
Instances/Instances 1/vm1084_03.gt,1083,100.0,86400.0,PTVRP_LINEAR,4446239.0,61,7,0.0069,,,,,,,,,,,,,,,
Instances/Instances 1/vm1084_04.gt,1083,100.0,86400.0,PTVRP_LINEAR,4373017.0,61,8,0.0064,,,,,,,,,,,,,,,
Instances/Instances 1/vm1084_05.gt,1083,100.0,86400.0,PTVRP_LINEAR,4450898.0,61,8,0.0063,,,,,,,,,,,,,,,
Instances/Instances 1/vm1084_06.gt,1083,100.0,86400.0,PTVRP_LINEAR,4389545.0,60,8,0.0058,,,,,,,,,,,,,,,
Instances/Instances 1/vm1084_07.gt,1083,100.0,86400.0,PTVRP_LINEAR,4459953.0,64,8,0.0049,,,,,,,,,,,,,,,
Instances/Instances 1/vm1084_08.gt,1083,100.0,86400.0,PTVRP_LINEAR,4428796.0,63,7,0.0051,,,,,,,,,,,,,,,
Instances/Instances 1/vm1084_09.gt,1083,100.0,86400.0,PTVRP_LINEAR,4418924.0,60,8,0.0053,,,,,,,,,,,,,,,
Instances/Instances 1/vm1084_10.gt,1083,100.0,86400.0,PTVRP_LINEAR,4314595.0,62,8,0.0061,,,,,,,,,,,,,,,
Instances/Instances 1/vm1748_01.gt,1747,100.0,86400.0,PTVRP_LINEAR,7376838.0,102,8,0.0055,,,,,,,,,,,,,,,
Instances/Instances 1/vm1748_02.gt,1747,100.0,86400.0,PTVRP_LINEAR,7325152.0,101,7,0.0068,,,,,,,,,,,,,,,
Instances/Instances 1/vm1748_03.gt,1747,100.0,86400.0,PTVRP_LINEAR,7233978.0,100,8,0.0061,,,,,,,,,,,,,,,
Instances/Instances 1/vm1748_04.gt,1747,100.0,86400.0,PTVRP_LINEAR,7346755.0,104,8,0.0072,,,,,,,,,,,,,,,
Instances/Instances 1/vm1748_05.gt,1747,100.0,86400.0,PTVRP_LINEAR,7380134.0,101,7,0.007,,,,,,,,,,,,,,,
Instances/Instances 1/vm1748_06.gt,1747,100.0,86400.0,PTVRP_LINEAR,7244631.0,100,7,0.0065,,,,,,,,,,,,,,,
Instances/Instances 1/vm1748_07.gt,1747,100.0,86400.0,PTVRP_LINEAR,7183485.0,99,7,0.0057,,,,,,,,,,,,,,,
Instances/Instances 1/vm1748_08.gt,1747,100.0,86400.0,PTVRP_LINEAR,7360601.0,101,7,0.006,,,,,,,,,,,,,,,
Instances/Instances 1/vm1748_09.gt,1747,100.0,86400.0,PTVRP_LINEAR,7221674.0,102,7,0.006,,,,,,,,,,,,,,,
Instances/Instances 1/vm1748_10.gt,1747,100.0,86400.0,PTVRP_LINEAR,7356202.0,98,8,0.0072,,,,,,,,,,,,,,,
Instances/Instances 1/vm22775_01.gt,22774,100.0,86400.0,PTVRP_LINEAR,58357651.0,737,24,0.0212,,,,,,,,,,,,,,,
Instances/Instances 1/vm22775_02.gt,22774,100.0,86400.0,PTVRP_LINEAR,58361793.0,742,27,0.0214,,,,,,,,,,,,,,,
Instances/Instances 1/vm22775_03.gt,22774,100.0,86400.0,PTVRP_LINEAR,58054025.0,737,21,0.0221,,,,,,,,,,,,,,,
Instances/Instances 1/vm22775_04.gt,22774,100.0,86400.0,PTVRP_LINEAR,58323476.0,734,26,0.0213,,,,,,,,,,,,,,,
Instances/Instances 1/vm22775_05.gt,22774,100.0,86400.0,PTVRP_LINEAR,58608816.0,741,27,0.0244,,,,,,,,,,,,,,,
Instances/Instances 1/vm22775_06.gt,22774,100.0,86400.0,PTVRP_LINEAR,58290045.0,736,27,0.0234,,,,,,,,,,,,,,,
Instances/Instances 1/vm22775_07.gt,22774,100.0,86400.0,PTVRP_LINEAR,58611745.0,742,23,0.0214,,,,,,,,,,,,,,,
Instances/Instances 1/vm22775_08.gt,22774,100.0,86400.0,PTVRP_LINEAR,58421108.0,741,22,0.0217,,,,,,,,,,,,,,,
Instances/Instances 1/vm22775_09.gt,22774,100.0,86400.0,PTVRP_LINEAR,58039504.0,737,23,0.0222,,,,,,,,,,,,,,,
Instances/Instances 1/vm22775_10.gt,22774,100.0,86400.0,PTVRP_LINEAR,58413054.0,737,23,0.0217,,,,,,,,,,,,,,,
Instances/Instances 1/wi29_01.gt,28,100.0,86400.0,PTVRP_LINEAR,137303.0,2,4,0.0046,,,,,,,,,,,,,,,
Instances/Instances 1/wi29_02.gt,28,100.0,86400.0,PTVRP_LINEAR,135783.0,2,4,0.0043,,,,,,,,,,,,,,,
Instances/Instances 1/wi29_03.gt,28,100.0,86400.0,PTVRP_LINEAR,136654.0,2,4,0.0065,,,,,,,,,,,,,,,
Instances/Instances 1/wi29_04.gt,28,100.0,86400.0,PTVRP_LINEAR,145118.0,3,4,0.0047,,,,,,,,,,,,,,,
Instances/Instances 1/wi29_05.gt,28,100.0,86400.0,PTVRP_LINEAR,110080.0,3,3,0.0068,,,,,,,,,,,,,,,
Instances/Instances 1/wi29_06.gt,28,100.0,86400.0,PTVRP_LINEAR,149184.0,3,4,0.0043,,,,,,,,,,,,,,,
Instances/Instances 1/wi29_07.gt,28,100.0,86400.0,PTVRP_LINEAR,137902.0,2,4,0.0052,,,,,,,,,,,,,,,
Instances/Instances 1/wi29_08.gt,28,100.0,86400.0,PTVRP_LINEAR,144290.0,3,4,0.0045,,,,,,,,,,,,,,,
Instances/Instances 1/wi29_09.gt,28,100.0,86400.0,PTVRP_LINEAR,73140.0,3,3,0.0046,,,,,,,,,,,,,,,
Instances/Instances 1/wi29_10.gt,28,100.0,86400.0,PTVRP_LINEAR,137902.0,2,4,0.0066,,,,,,,,,,,,,,,
Instances/Instances 1/ym7663_01.gt,7662,100.0,86400.0,PTVRP_LINEAR,10362526.0,143,26,0.0091,,,,,,,,,,,,,,,
Instances/Instances 1/ym7663_02.gt,7662,100.0,86400.0,PTVRP_LINEAR,10416734.0,147,22,0.0097,,,,,,,,,,,,,,,
Instances/Instances 1/ym7663_03.gt,7662,100.0,86400.0,PTVRP_LINEAR,10410347.0,141,25,0.0092,,,,,,,,,,,,,,,
Instances/Instances 1/ym7663_04.gt,7662,100.0,86400.0,PTVRP_LINEAR,10440110.0,142,24,0.0109,,,,,,,,,,,,,,,
Instances/Instances 1/ym7663_05.gt,7662,100.0,86400.0,PTVRP_LINEAR,10391951.0,143,24,0.0097,,,,,,,,,,,,,,,
Instances/Instances 1/ym7663_06.gt,7662,100.0,86400.0,PTVRP_LINEAR,10220252.0,146,24,0.0105,,,,,,,,,,,,,,,
Instances/Instances 1/ym7663_07.gt,7662,100.0,86400.0,PTVRP_LINEAR,10373288.0,147,25,0.0112,,,,,,,,,,,,,,,
Instances/Instances 1/ym7663_08.gt,7662,100.0,86400.0,PTVRP_LINEAR,10369068.0,144,23,0.0105,,,,,,,,,,,,,,,
Instances/Instances 1/ym7663_09.gt,7662,100.0,86400.0,PTVRP_LINEAR,10324262.0,144,25,0.0131,,,,,,,,,,,,,,,
Instances/Instances 1/ym7663_10.gt,7662,100.0,86400.0,PTVRP_LINEAR,10520325.0,142,24,0.0122,,,,,,,,,,,,,,,
Instances/Instances 1/zi929_01.gt,928,100.0,86400.0,PTVRP_LINEAR,1712596.0,26,23,0.0079,,,,,,,,,,,,,,,
Instances/Instances 1/zi929_02.gt,928,100.0,86400.0,PTVRP_LINEAR,1699785.0,24,23,0.0087,,,,,,,,,,,,,,,
Instances/Instances 1/zi929_03.gt,928,100.0,86400.0,PTVRP_LINEAR,1716163.0,24,18,0.0085,,,,,,,,,,,,,,,
Instances/Instances 1/zi929_04.gt,928,100.0,86400.0,PTVRP_LINEAR,1735776.0,24,23,0.0051,,,,,,,,,,,,,,,
Instances/Instances 1/zi929_05.gt,928,100.0,86400.0,PTVRP_LINEAR,1685895.0,25,19,0.0063,,,,,,,,,,,,,,,
Instances/Instances 1/zi929_06.gt,928,100.0,86400.0,PTVRP_LINEAR,1748536.0,27,23,0.0089,,,,,,,,,,,,,,,
Instances/Instances 1/zi929_07.gt,928,100.0,86400.0,PTVRP_LINEAR,1739890.0,24,22,0.0051,,,,,,,,,,,,,,,
Instances/Instances 1/zi929_08.gt,928,100.0,86400.0,PTVRP_LINEAR,1749869.0,24,22,0.0051,,,,,,,,,,,,,,,
Instances/Instances 1/zi929_09.gt,928,100.0,86400.0,PTVRP_LINEAR,1627284.0,26,16,0.0057,,,,,,,,,,,,,,,
Instances/Instances 1/zi929_10.gt,928,100.0,86400.0,PTVRP_LINEAR,1711301.0,26,16,0.0055,,,,,,,,,,,,,,,
Instances/Instances 2/a280_01.gt,279,20.0,86400.0,PTVRP_LINEAR,298275.0,4,102,0.0074,,,,,,,,,,,,,,,
Instances/Instances 2/a280_02.gt,279,20.0,86400.0,PTVRP_LINEAR,288139.0,4,96,0.0063,,,,,,,,,,,,,,,
Instances/Instances 2/a280_03.gt,279,20.0,86400.0,PTVRP_LINEAR,298290.0,4,101,0.0073,,,,,,,,,,,,,,,
Instances/Instances 2/a280_04.gt,279,20.0,86400.0,PTVRP_LINEAR,301994.0,4,104,0.0063,,,,,,,,,,,,,,,
Instances/Instances 2/a280_05.gt,279,20.0,86400.0,PTVRP_LINEAR,297294.0,4,102,0.0067,,,,,,,,,,,,,,,
Instances/Instances 2/a280_06.gt,279,20.0,86400.0,PTVRP_LINEAR,293279.0,4,96,0.0062,,,,,,,,,,,,,,,
Instances/Instances 2/a280_07.gt,279,20.0,86400.0,PTVRP_LINEAR,312656.0,4,103,0.0062,,,,,,,,,,,,,,,
Instances/Instances 2/a280_08.gt,279,20.0,86400.0,PTVRP_LINEAR,299527.0,4,103,0.0064,,,,,,,,,,,,,,,
Instances/Instances 2/a280_09.gt,279,20.0,86400.0,PTVRP_LINEAR,294734.0,4,102,0.0062,,,,,,,,,,,,,,,
Instances/Instances 2/a280_10.gt,279,20.0,86400.0,PTVRP_LINEAR,292768.0,4,99,0.0061,,,,,,,,,,,,,,,
Instances/Instances 2/ar9152_01.gt,9151,20.0,86400.0,PTVRP_LINEAR,151328499.0,2082,31,0.0161,,,,,,,,,,,,,,,
Instances/Instances 2/ar9152_02.gt,9151,20.0,86400.0,PTVRP_LINEAR,149878893.0,2074,30,0.0146,,,,,,,,,,,,,,,
Instances/Instances 2/ar9152_03.gt,9151,20.0,86400.0,PTVRP_LINEAR,151155596.0,2067,27,0.0151,,,,,,,,,,,,,,,
Instances/Instances 2/ar9152_04.gt,9151,20.0,86400.0,PTVRP_LINEAR,151080164.0,2078,29,0.0171,,,,,,,,,,,,,,,
Instances/Instances 2/ar9152_05.gt,9151,20.0,86400.0,PTVRP_LINEAR,153093747.0,2118,28,0.0153,,,,,,,,,,,,,,,
Instances/Instances 2/ar9152_06.gt,9151,20.0,86400.0,PTVRP_LINEAR,152461243.0,2109,31,0.0143,,,,,,,,,,,,,,,
Instances/Instances 2/ar9152_07.gt,9151,20.0,86400.0,PTVRP_LINEAR,151468542.0,2081,29,0.0154,,,,,,,,,,,,,,,
Instances/Instances 2/ar9152_08.gt,9151,20.0,86400.0,PTVRP_LINEAR,150999331.0,2083,30,0.0159,,,,,,,,,,,,,,,
Instances/Instances 2/ar9152_09.gt,9151,20.0,86400.0,PTVRP_LINEAR,151536000.0,2088,31,0.0163,,,,,,,,,,,,,,,
Instances/Instances 2/ar9152_10.gt,9151,20.0,86400.0,PTVRP_LINEAR,152689356.0,2109,31,0.0162,,,,,,,,,,,,,,,
Instances/Instances 2/berlin52_01.gt,51,20.0,86400.0,PTVRP_LINEAR,188250.0,3,27,0.0054,,,,,,,,,,,,,,,
Instances/Instances 2/berlin52_02.gt,51,20.0,86400.0,PTVRP_LINEAR,208213.0,3,31,0.0055,,,,,,,,,,,,,,,
Instances/Instances 2/berlin52_03.gt,51,20.0,86400.0,PTVRP_LINEAR,220975.0,3,31,0.0044,,,,,,,,,,,,,,,
Instances/Instances 2/berlin52_04.gt,51,20.0,86400.0,PTVRP_LINEAR,224769.0,3,31,0.0042,,,,,,,,,,,,,,,
Instances/Instances 2/berlin52_05.gt,51,20.0,86400.0,PTVRP_LINEAR,213468.0,3,32,0.0043,,,,,,,,,,,,,,,
Instances/Instances 2/berlin52_06.gt,51,20.0,86400.0,PTVRP_LINEAR,196805.0,3,29,0.0059,,,,,,,,,,,,,,,
Instances/Instances 2/berlin52_07.gt,51,20.0,86400.0,PTVRP_LINEAR,209656.0,4,28,0.0053,,,,,,,,,,,,,,,
Instances/Instances 2/berlin52_08.gt,51,20.0,86400.0,PTVRP_LINEAR,193868.0,3,26,0.0058,,,,,,,,,,,,,,,
Instances/Instances 2/berlin52_09.gt,51,20.0,86400.0,PTVRP_LINEAR,214624.0,3,27,0.0072,,,,,,,,,,,,,,,
Instances/Instances 2/berlin52_10.gt,51,20.0,86400.0,PTVRP_LINEAR,212033.0,3,31,0.0065,,,,,,,,,,,,,,,
Instances/Instances 2/bier127_01.gt,126,20.0,86400.0,PTVRP_LINEAR,1582793.0,27,12,0.0063,,,,,,,,,,,,,,,
Instances/Instances 2/bier127_02.gt,126,20.0,86400.0,PTVRP_LINEAR,1700881.0,27,13,0.0065,,,,,,,,,,,,,,,
Instances/Instances 2/bier127_03.gt,126,20.0,86400.0,PTVRP_LINEAR,1660624.0,26,16,0.0063,,,,,,,,,,,,,,,
Instances/Instances 2/bier127_04.gt,126,20.0,86400.0,PTVRP_LINEAR,1665341.0,27,12,0.0065,,,,,,,,,,,,,,,
Instances/Instances 2/bier127_05.gt,126,20.0,86400.0,PTVRP_LINEAR,1659249.0,25,14,0.007,,,,,,,,,,,,,,,
Instances/Instances 2/bier127_06.gt,126,20.0,86400.0,PTVRP_LINEAR,1609958.0,26,14,0.0077,,,,,,,,,,,,,,,
Instances/Instances 2/bier127_07.gt,126,20.0,86400.0,PTVRP_LINEAR,1624044.0,27,12,0.0073,,,,,,,,,,,,,,,
Instances/Instances 2/bier127_08.gt,126,20.0,86400.0,PTVRP_LINEAR,1568942.0,27,13,0.0056,,,,,,,,,,,,,,,
Instances/Instances 2/bier127_09.gt,126,20.0,86400.0,PTVRP_LINEAR,1640544.0,26,14,0.0051,,,,,,,,,,,,,,,
Instances/Instances 2/bier127_10.gt,126,20.0,86400.0,PTVRP_LINEAR,1497487.0,25,13,0.0047,,,,,,,,,,,,,,,
Instances/Instances 2/bm33708_01.gt,33707,20.0,86400.0,PTVRP_LINEAR,279422179.0,3644,59,0.0403,,,,,,,,,,,,,,,
Instances/Instances 2/bm33708_02.gt,33707,20.0,86400.0,PTVRP_LINEAR,279202143.0,3623,56,0.0384,,,,,,,,,,,,,,,
Instances/Instances 2/bm33708_03.gt,33707,20.0,86400.0,PTVRP_LINEAR,280330441.0,3648,53,0.0343,,,,,,,,,,,,,,,
Instances/Instances 2/bm33708_04.gt,33707,20.0,86400.0,PTVRP_LINEAR,279934400.0,3650,54,0.0359,,,,,,,,,,,,,,,
Instances/Instances 2/bm33708_05.gt,33707,20.0,86400.0,PTVRP_LINEAR,280088578.0,3656,52,0.0331,,,,,,,,,,,,,,,
Instances/Instances 2/bm33708_06.gt,33707,20.0,86400.0,PTVRP_LINEAR,279133154.0,3623,49,0.0379,,,,,,,,,,,,,,,
Instances/Instances 2/bm33708_07.gt,33707,20.0,86400.0,PTVRP_LINEAR,281165336.0,3648,55,0.0356,,,,,,,,,,,,,,,
Instances/Instances 2/bm33708_08.gt,33707,20.0,86400.0,PTVRP_LINEAR,280479394.0,3644,58,0.0347,,,,,,,,,,,,,,,
Instances/Instances 2/bm33708_09.gt,33707,20.0,86400.0,PTVRP_LINEAR,279417565.0,3627,52,0.0364,,,,,,,,,,,,,,,
Instances/Instances 2/bm33708_10.gt,33707,20.0,86400.0,PTVRP_LINEAR,278536985.0,3615,55,0.0371,,,,,,,,,,,,,,,
Instances/Instances 2/brd14051_01.gt,14050,20.0,86400.0,PTVRP_LINEAR,88347522.0,1127,44,0.0146,,,,,,,,,,,,,,,
Instances/Instances 2/brd14051_02.gt,14050,20.0,86400.0,PTVRP_LINEAR,87519423.0,1116,44,0.0155,,,,,,,,,,,,,,,
Instances/Instances 2/brd14051_03.gt,14050,20.0,86400.0,PTVRP_LINEAR,87769275.0,1121,47,0.0155,,,,,,,,,,,,,,,
Instances/Instances 2/brd14051_04.gt,14050,20.0,86400.0,PTVRP_LINEAR,88370880.0,1124,45,0.0149,,,,,,,,,,,,,,,
Instances/Instances 2/brd14051_05.gt,14050,20.0,86400.0,PTVRP_LINEAR,88099306.0,1125,44,0.0156,,,,,,,,,,,,,,,
Instances/Instances 2/brd14051_06.gt,14050,20.0,86400.0,PTVRP_LINEAR,88085920.0,1132,42,0.0153,,,,,,,,,,,,,,,
Instances/Instances 2/brd14051_07.gt,14050,20.0,86400.0,PTVRP_LINEAR,88314709.0,1129,47,0.0168,,,,,,,,,,,,,,,
Instances/Instances 2/brd14051_08.gt,14050,20.0,86400.0,PTVRP_LINEAR,89177456.0,1145,42,0.016,,,,,,,,,,,,,,,
Instances/Instances 2/brd14051_09.gt,14050,20.0,86400.0,PTVRP_LINEAR,88592987.0,1130,44,0.0159,,,,,,,,,,,,,,,
Instances/Instances 2/brd14051_10.gt,14050,20.0,86400.0,PTVRP_LINEAR,87988467.0,1125,45,0.0145,,,,,,,,,,,,,,,
Instances/Instances 2/ca4663_01.gt,4662,20.0,86400.0,PTVRP_LINEAR,344397236.0,3575,14,0.0163,,,,,,,,,,,,,,,
Instances/Instances 2/ca4663_02.gt,4662,20.0,86400.0,PTVRP_LINEAR,341193269.0,3552,15,0.0179,,,,,,,,,,,,,,,
Instances/Instances 2/ca4663_03.gt,4662,20.0,86400.0,PTVRP_LINEAR,345814372.0,3569,13,0.017,,,,,,,,,,,,,,,
Instances/Instances 2/ca4663_04.gt,4662,20.0,86400.0,PTVRP_LINEAR,346876039.0,3567,14,0.0177,,,,,,,,,,,,,,,
Instances/Instances 2/ca4663_05.gt,4662,20.0,86400.0,PTVRP_LINEAR,341274346.0,3555,15,0.02,,,,,,,,,,,,,,,
Instances/Instances 2/ca4663_06.gt,4662,20.0,86400.0,PTVRP_LINEAR,340569621.0,3558,14,0.0174,,,,,,,,,,,,,,,
Instances/Instances 2/ca4663_07.gt,4662,20.0,86400.0,PTVRP_LINEAR,344346071.0,3574,13,0.0165,,,,,,,,,,,,,,,
Instances/Instances 2/ca4663_08.gt,4662,20.0,86400.0,PTVRP_LINEAR,343809059.0,3559,14,0.0166,,,,,,,,,,,,,,,
Instances/Instances 2/ca4663_09.gt,4662,20.0,86400.0,PTVRP_LINEAR,344014511.0,3549,14,0.0182,,,,,,,,,,,,,,,
Instances/Instances 2/ca4663_10.gt,4662,20.0,86400.0,PTVRP_LINEAR,339533318.0,3531,15,0.0168,,,,,,,,,,,,,,,
Instances/Instances 2/ch130_01.gt,129,20.0,86400.0,PTVRP_LINEAR,310650.0,4,44,0.0049,,,,,,,,,,,,,,,
Instances/Instances 2/ch130_02.gt,129,20.0,86400.0,PTVRP_LINEAR,297975.0,5,41,0.0048,,,,,,,,,,,,,,,
Instances/Instances 2/ch130_03.gt,129,20.0,86400.0,PTVRP_LINEAR,290195.0,5,41,0.005,,,,,,,,,,,,,,,
Instances/Instances 2/ch130_04.gt,129,20.0,86400.0,PTVRP_LINEAR,299882.0,5,46,0.006,,,,,,,,,,,,,,,
Instances/Instances 2/ch130_05.gt,129,20.0,86400.0,PTVRP_LINEAR,304220.0,4,43,0.0078,,,,,,,,,,,,,,,
Instances/Instances 2/ch130_06.gt,129,20.0,86400.0,PTVRP_LINEAR,312598.0,4,49,0.0053,,,,,,,,,,,,,,,
Instances/Instances 2/ch130_07.gt,129,20.0,86400.0,PTVRP_LINEAR,286288.0,5,46,0.0067,,,,,,,,,,,,,,,
Instances/Instances 2/ch130_08.gt,129,20.0,86400.0,PTVRP_LINEAR,315350.0,5,48,0.0048,,,,,,,,,,,,,,,
Instances/Instances 2/ch130_09.gt,129,20.0,86400.0,PTVRP_LINEAR,300354.0,4,46,0.0049,,,,,,,,,,,,,,,
Instances/Instances 2/ch130_10.gt,129,20.0,86400.0,PTVRP_LINEAR,310074.0,4,46,0.0049,,,,,,,,,,,,,,,
Instances/Instances 2/ch150_01.gt,149,20.0,86400.0,PTVRP_LINEAR,357856.0,5,51,0.0045,,,,,,,,,,,,,,,
Instances/Instances 2/ch150_02.gt,149,20.0,86400.0,PTVRP_LINEAR,326312.0,5,44,0.005,,,,,,,,,,,,,,,
Instances/Instances 2/ch150_03.gt,149,20.0,86400.0,PTVRP_LINEAR,340260.0,5,51,0.0056,,,,,,,,,,,,,,,
Instances/Instances 2/ch150_04.gt,149,20.0,86400.0,PTVRP_LINEAR,323376.0,5,46,0.0048,,,,,,,,,,,,,,,
Instances/Instances 2/ch150_05.gt,149,20.0,86400.0,PTVRP_LINEAR,350237.0,5,49,0.0047,,,,,,,,,,,,,,,
Instances/Instances 2/ch150_06.gt,149,20.0,86400.0,PTVRP_LINEAR,332284.0,5,46,0.0044,,,,,,,,,,,,,,,
Instances/Instances 2/ch150_07.gt,149,20.0,86400.0,PTVRP_LINEAR,357648.0,5,49,0.0056,,,,,,,,,,,,,,,
Instances/Instances 2/ch150_08.gt,149,20.0,86400.0,PTVRP_LINEAR,329109.0,6,41,0.0065,,,,,,,,,,,,,,,
Instances/Instances 2/ch150_09.gt,149,20.0,86400.0,PTVRP_LINEAR,338279.0,5,48,0.0047,,,,,,,,,,,,,,,
Instances/Instances 2/ch150_10.gt,149,20.0,86400.0,PTVRP_LINEAR,336096.0,5,44,0.005,,,,,,,,,,,,,,,
Instances/Instances 2/ch71009_01.gt,71008,20.0,86400.0,PTVRP_LINEAR,1709193961.0,23410,29,0.1239,,,,,,,,,,,,,,,
Instances/Instances 2/ch71009_02.gt,71008,20.0,86400.0,PTVRP_LINEAR,1712894258.0,23549,30,0.11,,,,,,,,,,,,,,,
Instances/Instances 2/ch71009_03.gt,71008,20.0,86400.0,PTVRP_LINEAR,1710507092.0,23527,32,0.107,,,,,,,,,,,,,,,
Instances/Instances 2/ch71009_04.gt,71008,20.0,86400.0,PTVRP_LINEAR,1707916618.0,23356,31,0.1016,,,,,,,,,,,,,,,
Instances/Instances 2/ch71009_05.gt,71008,20.0,86400.0,PTVRP_LINEAR,1708220146.0,23419,32,0.0992,,,,,,,,,,,,,,,
Instances/Instances 2/ch71009_06.gt,71008,20.0,86400.0,PTVRP_LINEAR,1711425467.0,23435,31,0.1049,,,,,,,,,,,,,,,
Instances/Instances 2/ch71009_07.gt,71008,20.0,86400.0,PTVRP_LINEAR,1709934073.0,23451,30,0.1068,,,,,,,,,,,,,,,
Instances/Instances 2/ch71009_08.gt,71008,20.0,86400.0,PTVRP_LINEAR,1710149596.0,23467,29,0.1117,,,,,,,,,,,,,,,
Instances/Instances 2/ch71009_09.gt,71008,20.0,86400.0,PTVRP_LINEAR,1712990883.0,23469,29,0.1118,,,,,,,,,,,,,,,
Instances/Instances 2/ch71009_10.gt,71008,20.0,86400.0,PTVRP_LINEAR,1704227367.0,23367,29,0.0983,,,,,,,,,,,,,,,
Instances/Instances 2/d1291_01.gt,1290,20.0,86400.0,PTVRP_LINEAR,4608580.0,65,43,0.0052,,,,,,,,,,,,,,,
Instances/Instances 2/d1291_02.gt,1290,20.0,86400.0,PTVRP_LINEAR,4312836.0,59,51,0.0053,,,,,,,,,,,,,,,
Instances/Instances 2/d1291_03.gt,1290,20.0,86400.0,PTVRP_LINEAR,4499645.0,60,43,0.005,,,,,,,,,,,,,,,
Instances/Instances 2/d1291_04.gt,1290,20.0,86400.0,PTVRP_LINEAR,4381527.0,62,41,0.0067,,,,,,,,,,,,,,,
Instances/Instances 2/d1291_05.gt,1290,20.0,86400.0,PTVRP_LINEAR,4519532.0,59,50,0.0072,,,,,,,,,,,,,,,
Instances/Instances 2/d1291_06.gt,1290,20.0,86400.0,PTVRP_LINEAR,4406029.0,62,41,0.0072,,,,,,,,,,,,,,,
Instances/Instances 2/d1291_07.gt,1290,20.0,86400.0,PTVRP_LINEAR,4409250.0,62,43,0.0055,,,,,,,,,,,,,,,
Instances/Instances 2/d1291_08.gt,1290,20.0,86400.0,PTVRP_LINEAR,4408001.0,61,45,0.0059,,,,,,,,,,,,,,,
Instances/Instances 2/d1291_09.gt,1290,20.0,86400.0,PTVRP_LINEAR,4445690.0,62,42,0.0058,,,,,,,,,,,,,,,
Instances/Instances 2/d1291_10.gt,1290,20.0,86400.0,PTVRP_LINEAR,4374486.0,63,45,0.0056,,,,,,,,,,,,,,,
Instances/Instances 2/d15112_01.gt,15111,20.0,86400.0,PTVRP_LINEAR,279635922.0,3990,26,0.0231,,,,,,,,,,,,,,,
Instances/Instances 2/d15112_02.gt,15111,20.0,86400.0,PTVRP_LINEAR,281982685.0,4030,28,0.0225,,,,,,,,,,,,,,,
Instances/Instances 2/d15112_03.gt,15111,20.0,86400.0,PTVRP_LINEAR,278051264.0,3961,29,0.0238,,,,,,,,,,,,,,,
Instances/Instances 2/d15112_04.gt,15111,20.0,86400.0,PTVRP_LINEAR,281081828.0,4019,36,0.022,,,,,,,,,,,,,,,
Instances/Instances 2/d15112_05.gt,15111,20.0,86400.0,PTVRP_LINEAR,278660513.0,3980,34,0.0232,,,,,,,,,,,,,,,
Instances/Instances 2/d15112_06.gt,15111,20.0,86400.0,PTVRP_LINEAR,282182943.0,4025,29,0.0226,,,,,,,,,,,,,,,
Instances/Instances 2/d15112_07.gt,15111,20.0,86400.0,PTVRP_LINEAR,280180038.0,3994,28,0.0218,,,,,,,,,,,,,,,
Instances/Instances 2/d15112_08.gt,15111,20.0,86400.0,PTVRP_LINEAR,281659148.0,4029,30,0.023,,,,,,,,,,,,,,,
Instances/Instances 2/d15112_09.gt,15111,20.0,86400.0,PTVRP_LINEAR,283589031.0,4047,32,0.0223,,,,,,,,,,,,,,,
Instances/Instances 2/d15112_10.gt,15111,20.0,86400.0,PTVRP_LINEAR,278931721.0,3967,32,0.0225,,,,,,,,,,,,,,,
Instances/Instances 2/d1655_01.gt,1654,20.0,86400.0,PTVRP_LINEAR,5627907.0,75,49,0.006,,,,,,,,,,,,,,,
Instances/Instances 2/d1655_02.gt,1654,20.0,86400.0,PTVRP_LINEAR,5793559.0,77,48,0.0082,,,,,,,,,,,,,,,
Instances/Instances 2/d1655_03.gt,1654,20.0,86400.0,PTVRP_LINEAR,5631400.0,75,46,0.0057,,,,,,,,,,,,,,,
Instances/Instances 2/d1655_04.gt,1654,20.0,86400.0,PTVRP_LINEAR,5678989.0,77,43,0.0058,,,,,,,,,,,,,,,
Instances/Instances 2/d1655_05.gt,1654,20.0,86400.0,PTVRP_LINEAR,5626035.0,78,54,0.0055,,,,,,,,,,,,,,,
Instances/Instances 2/d1655_06.gt,1654,20.0,86400.0,PTVRP_LINEAR,5681312.0,77,48,0.0053,,,,,,,,,,,,,,,
Instances/Instances 2/d1655_07.gt,1654,20.0,86400.0,PTVRP_LINEAR,5765582.0,77,49,0.0059,,,,,,,,,,,,,,,
Instances/Instances 2/d1655_08.gt,1654,20.0,86400.0,PTVRP_LINEAR,5714557.0,77,49,0.0056,,,,,,,,,,,,,,,
Instances/Instances 2/d1655_09.gt,1654,20.0,86400.0,PTVRP_LINEAR,5771238.0,79,47,0.0059,,,,,,,,,,,,,,,
Instances/Instances 2/d1655_10.gt,1654,20.0,86400.0,PTVRP_LINEAR,5804909.0,76,48,0.0052,,,,,,,,,,,,,,,
Instances/Instances 2/d18512_01.gt,18511,20.0,86400.0,PTVRP_LINEAR,124632481.0,1589,44,0.0197,,,,,,,,,,,,,,,
Instances/Instances 2/d18512_02.gt,18511,20.0,86400.0,PTVRP_LINEAR,123491513.0,1574,50,0.0226,,,,,,,,,,,,,,,
Instances/Instances 2/d18512_03.gt,18511,20.0,86400.0,PTVRP_LINEAR,125010104.0,1591,50,0.0207,,,,,,,,,,,,,,,
Instances/Instances 2/d18512_04.gt,18511,20.0,86400.0,PTVRP_LINEAR,124215756.0,1580,49,0.0211,,,,,,,,,,,,,,,
Instances/Instances 2/d18512_05.gt,18511,20.0,86400.0,PTVRP_LINEAR,124403877.0,1590,41,0.0215,,,,,,,,,,,,,,,
Instances/Instances 2/d18512_06.gt,18511,20.0,86400.0,PTVRP_LINEAR,124555037.0,1590,47,0.0193,,,,,,,,,,,,,,,
Instances/Instances 2/d18512_07.gt,18511,20.0,86400.0,PTVRP_LINEAR,123761545.0,1575,45,0.0195,,,,,,,,,,,,,,,
Instances/Instances 2/d18512_08.gt,18511,20.0,86400.0,PTVRP_LINEAR,124558473.0,1595,43,0.02,,,,,,,,,,,,,,,
Instances/Instances 2/d18512_09.gt,18511,20.0,86400.0,PTVRP_LINEAR,125529417.0,1594,49,0.0208,,,,,,,,,,,,,,,
Instances/Instances 2/d18512_10.gt,18511,20.0,86400.0,PTVRP_LINEAR,125257816.0,1599,54,0.0244,,,,,,,,,,,,,,,
Instances/Instances 2/d198_01.gt,197,20.0,86400.0,PTVRP_LINEAR,644285.0,11,38,0.0073,,,,,,,,,,,,,,,
Instances/Instances 2/d198_02.gt,197,20.0,86400.0,PTVRP_LINEAR,660799.0,10,42,0.0063,,,,,,,,,,,,,,,
Instances/Instances 2/d198_03.gt,197,20.0,86400.0,PTVRP_LINEAR,691171.0,11,39,0.0064,,,,,,,,,,,,,,,
Instances/Instances 2/d198_04.gt,197,20.0,86400.0,PTVRP_LINEAR,668492.0,10,42,0.0061,,,,,,,,,,,,,,,
Instances/Instances 2/d198_05.gt,197,20.0,86400.0,PTVRP_LINEAR,679957.0,11,38,0.0051,,,,,,,,,,,,,,,
Instances/Instances 2/d198_06.gt,197,20.0,86400.0,PTVRP_LINEAR,610522.0,12,32,0.0047,,,,,,,,,,,,,,,
Instances/Instances 2/d198_07.gt,197,20.0,86400.0,PTVRP_LINEAR,644987.0,10,39,0.0046,,,,,,,,,,,,,,,
Instances/Instances 2/d198_08.gt,197,20.0,86400.0,PTVRP_LINEAR,666168.0,11,41,0.0065,,,,,,,,,,,,,,,
Instances/Instances 2/d198_09.gt,197,20.0,86400.0,PTVRP_LINEAR,652890.0,11,38,0.005,,,,,,,,,,,,,,,
Instances/Instances 2/d198_10.gt,197,20.0,86400.0,PTVRP_LINEAR,664536.0,12,35,0.007,,,,,,,,,,,,,,,
Instances/Instances 2/d2103_01.gt,2102,20.0,86400.0,PTVRP_LINEAR,8312461.0,108,43,0.0087,,,,,,,,,,,,,,,
Instances/Instances 2/d2103_02.gt,2102,20.0,86400.0,PTVRP_LINEAR,8129441.0,111,38,0.0068,,,,,,,,,,,,,,,
Instances/Instances 2/d2103_03.gt,2102,20.0,86400.0,PTVRP_LINEAR,8317864.0,111,40,0.0063,,,,,,,,,,,,,,,
Instances/Instances 2/d2103_04.gt,2102,20.0,86400.0,PTVRP_LINEAR,8080668.0,112,40,0.0066,,,,,,,,,,,,,,,
Instances/Instances 2/d2103_05.gt,2102,20.0,86400.0,PTVRP_LINEAR,8170650.0,107,42,0.008,,,,,,,,,,,,,,,
Instances/Instances 2/d2103_06.gt,2102,20.0,86400.0,PTVRP_LINEAR,8117767.0,109,41,0.006,,,,,,,,,,,,,,,
Instances/Instances 2/d2103_07.gt,2102,20.0,86400.0,PTVRP_LINEAR,8243544.0,109,39,0.0058,,,,,,,,,,,,,,,
Instances/Instances 2/d2103_08.gt,2102,20.0,86400.0,PTVRP_LINEAR,8197500.0,112,43,0.0071,,,,,,,,,,,,,,,
Instances/Instances 2/d2103_09.gt,2102,20.0,86400.0,PTVRP_LINEAR,8063405.0,111,41,0.0073,,,,,,,,,,,,,,,
Instances/Instances 2/d2103_10.gt,2102,20.0,86400.0,PTVRP_LINEAR,8165996.0,112,40,0.0063,,,,,,,,,,,,,,,
Instances/Instances 2/d493_01.gt,492,20.0,86400.0,PTVRP_LINEAR,1589867.0,26,38,0.005,,,,,,,,,,,,,,,
Instances/Instances 2/d493_02.gt,492,20.0,86400.0,PTVRP_LINEAR,1573993.0,24,46,0.0052,,,,,,,,,,,,,,,
Instances/Instances 2/d493_03.gt,492,20.0,86400.0,PTVRP_LINEAR,1620570.0,25,39,0.0048,,,,,,,,,,,,,,,
Instances/Instances 2/d493_04.gt,492,20.0,86400.0,PTVRP_LINEAR,1629007.0,24,50,0.0054,,,,,,,,,,,,,,,
Instances/Instances 2/d493_05.gt,492,20.0,86400.0,PTVRP_LINEAR,1518166.0,29,39,0.005,,,,,,,,,,,,,,,
Instances/Instances 2/d493_06.gt,492,20.0,86400.0,PTVRP_LINEAR,1625506.0,26,43,0.0051,,,,,,,,,,,,,,,
Instances/Instances 2/d493_07.gt,492,20.0,86400.0,PTVRP_LINEAR,1642224.0,26,50,0.0052,,,,,,,,,,,,,,,
Instances/Instances 2/d493_08.gt,492,20.0,86400.0,PTVRP_LINEAR,1486579.0,25,44,0.0063,,,,,,,,,,,,,,,
Instances/Instances 2/d493_09.gt,492,20.0,86400.0,PTVRP_LINEAR,1596705.0,27,41,0.0069,,,,,,,,,,,,,,,
Instances/Instances 2/d493_10.gt,492,20.0,86400.0,PTVRP_LINEAR,1548106.0,25,42,0.0048,,,,,,,,,,,,,,,
Instances/Instances 2/d657_01.gt,656,20.0,86400.0,PTVRP_LINEAR,2585284.0,37,35,0.0052,,,,,,,,,,,,,,,
Instances/Instances 2/d657_02.gt,656,20.0,86400.0,PTVRP_LINEAR,2609623.0,37,36,0.0055,,,,,,,,,,,,,,,
Instances/Instances 2/d657_03.gt,656,20.0,86400.0,PTVRP_LINEAR,2614029.0,38,34,0.0057,,,,,,,,,,,,,,,
Instances/Instances 2/d657_04.gt,656,20.0,86400.0,PTVRP_LINEAR,2643849.0,39,35,0.0063,,,,,,,,,,,,,,,
Instances/Instances 2/d657_05.gt,656,20.0,86400.0,PTVRP_LINEAR,2610319.0,41,28,0.0079,,,,,,,,,,,,,,,
Instances/Instances 2/d657_06.gt,656,20.0,86400.0,PTVRP_LINEAR,2500241.0,38,37,0.0059,,,,,,,,,,,,,,,
Instances/Instances 2/d657_07.gt,656,20.0,86400.0,PTVRP_LINEAR,2639799.0,37,35,0.0059,,,,,,,,,,,,,,,
Instances/Instances 2/d657_08.gt,656,20.0,86400.0,PTVRP_LINEAR,2598583.0,40,32,0.0062,,,,,,,,,,,,,,,
Instances/Instances 2/d657_09.gt,656,20.0,86400.0,PTVRP_LINEAR,2572583.0,40,31,0.0082,,,,,,,,,,,,,,,
Instances/Instances 2/d657_10.gt,656,20.0,86400.0,PTVRP_LINEAR,2583035.0,40,33,0.0067,,,,,,,,,,,,,,,
Instances/Instances 2/dj38_01.gt,37,20.0,86400.0,PTVRP_LINEAR,176224.0,3,24,0.0053,,,,,,,,,,,,,,,
Instances/Instances 2/dj38_02.gt,37,20.0,86400.0,PTVRP_LINEAR,184801.0,3,21,0.0049,,,,,,,,,,,,,,,
Instances/Instances 2/dj38_03.gt,37,20.0,86400.0,PTVRP_LINEAR,165839.0,3,31,0.0051,,,,,,,,,,,,,,,
Instances/Instances 2/dj38_04.gt,37,20.0,86400.0,PTVRP_LINEAR,162416.0,3,23,0.0061,,,,,,,,,,,,,,,
Instances/Instances 2/dj38_05.gt,37,20.0,86400.0,PTVRP_LINEAR,178093.0,3,27,0.007,,,,,,,,,,,,,,,
Instances/Instances 2/dj38_06.gt,37,20.0,86400.0,PTVRP_LINEAR,169850.0,3,24,0.0048,,,,,,,,,,,,,,,
Instances/Instances 2/dj38_07.gt,37,20.0,86400.0,PTVRP_LINEAR,172710.0,3,29,0.0048,,,,,,,,,,,,,,,
Instances/Instances 2/dj38_08.gt,37,20.0,86400.0,PTVRP_LINEAR,169785.0,3,24,0.0049,,,,,,,,,,,,,,,
Instances/Instances 2/dj38_09.gt,37,20.0,86400.0,PTVRP_LINEAR,140861.0,3,23,0.006,,,,,,,,,,,,,,,
Instances/Instances 2/dj38_10.gt,37,20.0,86400.0,PTVRP_LINEAR,180168.0,3,25,0.007,,,,,,,,,,,,,,,
Instances/Instances 2/eg7146_01.gt,7145,20.0,86400.0,PTVRP_LINEAR,31578112.0,403,59,0.0097,,,,,,,,,,,,,,,
Instances/Instances 2/eg7146_02.gt,7145,20.0,86400.0,PTVRP_LINEAR,31161702.0,403,68,0.0096,,,,,,,,,,,,,,,
Instances/Instances 2/eg7146_03.gt,7145,20.0,86400.0,PTVRP_LINEAR,31562020.0,409,65,0.0099,,,,,,,,,,,,,,,
Instances/Instances 2/eg7146_04.gt,7145,20.0,86400.0,PTVRP_LINEAR,31127487.0,407,57,0.0093,,,,,,,,,,,,,,,
Instances/Instances 2/eg7146_05.gt,7145,20.0,86400.0,PTVRP_LINEAR,31481555.0,412,67,0.0095,,,,,,,,,,,,,,,
Instances/Instances 2/eg7146_06.gt,7145,20.0,86400.0,PTVRP_LINEAR,31130598.0,411,56,0.01,,,,,,,,,,,,,,,
Instances/Instances 2/eg7146_07.gt,7145,20.0,86400.0,PTVRP_LINEAR,31510976.0,405,70,0.0094,,,,,,,,,,,,,,,
Instances/Instances 2/eg7146_08.gt,7145,20.0,86400.0,PTVRP_LINEAR,31421199.0,411,57,0.0094,,,,,,,,,,,,,,,
Instances/Instances 2/eg7146_09.gt,7145,20.0,86400.0,PTVRP_LINEAR,31237115.0,406,64,0.0115,,,,,,,,,,,,,,,
Instances/Instances 2/eg7146_10.gt,7145,20.0,86400.0,PTVRP_LINEAR,31595337.0,408,55,0.0093,,,,,,,,,,,,,,,
Instances/Instances 2/ei8246_01.gt,8245,20.0,86400.0,PTVRP_LINEAR,33240703.0,427,56,0.0114,,,,,,,,,,,,,,,
Instances/Instances 2/ei8246_02.gt,8245,20.0,86400.0,PTVRP_LINEAR,32988729.0,425,48,0.0113,,,,,,,,,,,,,,,
Instances/Instances 2/ei8246_03.gt,8245,20.0,86400.0,PTVRP_LINEAR,33089860.0,422,61,0.0105,,,,,,,,,,,,,,,
Instances/Instances 2/ei8246_04.gt,8245,20.0,86400.0,PTVRP_LINEAR,32976337.0,422,49,0.0107,,,,,,,,,,,,,,,
Instances/Instances 2/ei8246_05.gt,8245,20.0,86400.0,PTVRP_LINEAR,33040458.0,426,50,0.0125,,,,,,,,,,,,,,,
Instances/Instances 2/ei8246_06.gt,8245,20.0,86400.0,PTVRP_LINEAR,32897405.0,425,52,0.0108,,,,,,,,,,,,,,,
Instances/Instances 2/ei8246_07.gt,8245,20.0,86400.0,PTVRP_LINEAR,33203724.0,425,59,0.0112,,,,,,,,,,,,,,,
Instances/Instances 2/ei8246_08.gt,8245,20.0,86400.0,PTVRP_LINEAR,32941401.0,420,47,0.0104,,,,,,,,,,,,,,,
Instances/Instances 2/ei8246_09.gt,8245,20.0,86400.0,PTVRP_LINEAR,33189214.0,428,49,0.0124,,,,,,,,,,,,,,,
Instances/Instances 2/ei8246_10.gt,8245,20.0,86400.0,PTVRP_LINEAR,32640719.0,417,59,0.0109,,,,,,,,,,,,,,,
Instances/Instances 2/eil101_01.gt,100,20.0,86400.0,PTVRP_LINEAR,84978.0,2,131,0.0065,,,,,,,,,,,,,,,
Instances/Instances 2/eil101_02.gt,100,20.0,86400.0,PTVRP_LINEAR,83456.0,1,128,0.0045,,,,,,,,,,,,,,,
Instances/Instances 2/eil101_03.gt,100,20.0,86400.0,PTVRP_LINEAR,84760.0,1,130,0.0044,,,,,,,,,,,,,,,
Instances/Instances 2/eil101_04.gt,100,20.0,86400.0,PTVRP_LINEAR,78892.0,1,121,0.0049,,,,,,,,,,,,,,,
Instances/Instances 2/eil101_05.gt,100,20.0,86400.0,PTVRP_LINEAR,85968.0,2,135,0.0068,,,,,,,,,,,,,,,
Instances/Instances 2/eil101_06.gt,100,20.0,86400.0,PTVRP_LINEAR,74980.0,1,115,0.0048,,,,,,,,,,,,,,,
Instances/Instances 2/eil101_07.gt,100,20.0,86400.0,PTVRP_LINEAR,83456.0,1,128,0.0044,,,,,,,,,,,,,,,
Instances/Instances 2/eil101_08.gt,100,20.0,86400.0,PTVRP_LINEAR,81500.0,1,125,0.0048,,,,,,,,,,,,,,,
Instances/Instances 2/eil101_09.gt,100,20.0,86400.0,PTVRP_LINEAR,83456.0,1,128,0.0063,,,,,,,,,,,,,,,
Instances/Instances 2/eil101_10.gt,100,20.0,86400.0,PTVRP_LINEAR,86214.0,2,133,0.0044,,,,,,,,,,,,,,,
Instances/Instances 2/eil51_01.gt,50,20.0,86400.0,PTVRP_LINEAR,26962.0,1,61,0.0046,,,,,,,,,,,,,,,
Instances/Instances 2/eil51_02.gt,50,20.0,86400.0,PTVRP_LINEAR,28288.0,1,64,0.005,,,,,,,,,,,,,,,
Instances/Instances 2/eil51_03.gt,50,20.0,86400.0,PTVRP_LINEAR,29172.0,1,66,0.006,,,,,,,,,,,,,,,
Instances/Instances 2/eil51_04.gt,50,20.0,86400.0,PTVRP_LINEAR,28730.0,1,65,0.0047,,,,,,,,,,,,,,,
Instances/Instances 2/eil51_05.gt,50,20.0,86400.0,PTVRP_LINEAR,22100.0,1,50,0.0045,,,,,,,,,,,,,,,
Instances/Instances 2/eil51_06.gt,50,20.0,86400.0,PTVRP_LINEAR,27404.0,1,62,0.0049,,,,,,,,,,,,,,,
Instances/Instances 2/eil51_07.gt,50,20.0,86400.0,PTVRP_LINEAR,27846.0,1,63,0.005,,,,,,,,,,,,,,,
Instances/Instances 2/eil51_08.gt,50,20.0,86400.0,PTVRP_LINEAR,26962.0,1,61,0.0063,,,,,,,,,,,,,,,
Instances/Instances 2/eil51_09.gt,50,20.0,86400.0,PTVRP_LINEAR,29614.0,1,67,0.0047,,,,,,,,,,,,,,,
Instances/Instances 2/eil51_10.gt,50,20.0,86400.0,PTVRP_LINEAR,29614.0,1,67,0.005,,,,,,,,,,,,,,,
Instances/Instances 2/eil76_01.gt,75,20.0,86400.0,PTVRP_LINEAR,53862.0,1,94,0.0087,,,,,,,,,,,,,,,
Instances/Instances 2/eil76_02.gt,75,20.0,86400.0,PTVRP_LINEAR,54435.0,1,95,0.0051,,,,,,,,,,,,,,,
Instances/Instances 2/eil76_03.gt,75,20.0,86400.0,PTVRP_LINEAR,50424.0,1,88,0.0047,,,,,,,,,,,,,,,
Instances/Instances 2/eil76_04.gt,75,20.0,86400.0,PTVRP_LINEAR,52716.0,1,92,0.0052,,,,,,,,,,,,,,,
Instances/Instances 2/eil76_05.gt,75,20.0,86400.0,PTVRP_LINEAR,57300.0,1,100,0.0047,,,,,,,,,,,,,,,
Instances/Instances 2/eil76_06.gt,75,20.0,86400.0,PTVRP_LINEAR,51570.0,1,90,0.0047,,,,,,,,,,,,,,,
Instances/Instances 2/eil76_07.gt,75,20.0,86400.0,PTVRP_LINEAR,59592.0,1,104,0.0046,,,,,,,,,,,,,,,
Instances/Instances 2/eil76_08.gt,75,20.0,86400.0,PTVRP_LINEAR,59019.0,1,103,0.0046,,,,,,,,,,,,,,,
Instances/Instances 2/eil76_09.gt,75,20.0,86400.0,PTVRP_LINEAR,53289.0,1,93,0.0048,,,,,,,,,,,,,,,
Instances/Instances 2/eil76_10.gt,75,20.0,86400.0,PTVRP_LINEAR,50997.0,1,89,0.0048,,,,,,,,,,,,,,,
Instances/Instances 2/fi10639_01.gt,10638,20.0,86400.0,PTVRP_LINEAR,88706260.0,1145,33,0.0139,,,,,,,,,,,,,,,
Instances/Instances 2/fi10639_02.gt,10638,20.0,86400.0,PTVRP_LINEAR,89182534.0,1149,32,0.0157,,,,,,,,,,,,,,,
Instances/Instances 2/fi10639_03.gt,10638,20.0,86400.0,PTVRP_LINEAR,88404386.0,1147,40,0.0143,,,,,,,,,,,,,,,
Instances/Instances 2/fi10639_04.gt,10638,20.0,86400.0,PTVRP_LINEAR,88347866.0,1145,32,0.0134,,,,,,,,,,,,,,,
Instances/Instances 2/fi10639_05.gt,10638,20.0,86400.0,PTVRP_LINEAR,88887845.0,1154,34,0.0153,,,,,,,,,,,,,,,
Instances/Instances 2/fi10639_06.gt,10638,20.0,86400.0,PTVRP_LINEAR,88863279.0,1152,33,0.0141,,,,,,,,,,,,,,,
Instances/Instances 2/fi10639_07.gt,10638,20.0,86400.0,PTVRP_LINEAR,89243053.0,1158,29,0.0148,,,,,,,,,,,,,,,
Instances/Instances 2/fi10639_08.gt,10638,20.0,86400.0,PTVRP_LINEAR,89114784.0,1155,32,0.0148,,,,,,,,,,,,,,,
Instances/Instances 2/fi10639_09.gt,10638,20.0,86400.0,PTVRP_LINEAR,88355206.0,1146,32,0.0154,,,,,,,,,,,,,,,
Instances/Instances 2/fi10639_10.gt,10638,20.0,86400.0,PTVRP_LINEAR,88828200.0,1147,34,0.015,,,,,,,,,,,,,,,
Instances/Instances 2/fl1400_01.gt,1399,20.0,86400.0,PTVRP_LINEAR,3939321.0,54,45,0.0056,,,,,,,,,,,,,,,
Instances/Instances 2/fl1400_02.gt,1399,20.0,86400.0,PTVRP_LINEAR,3923418.0,53,44,0.0052,,,,,,,,,,,,,,,
Instances/Instances 2/fl1400_03.gt,1399,20.0,86400.0,PTVRP_LINEAR,4091980.0,54,46,0.0054,,,,,,,,,,,,,,,
Instances/Instances 2/fl1400_04.gt,1399,20.0,86400.0,PTVRP_LINEAR,4038694.0,53,47,0.0052,,,,,,,,,,,,,,,
Instances/Instances 2/fl1400_05.gt,1399,20.0,86400.0,PTVRP_LINEAR,3886928.0,52,43,0.0057,,,,,,,,,,,,,,,
Instances/Instances 2/fl1400_06.gt,1399,20.0,86400.0,PTVRP_LINEAR,4044716.0,54,46,0.0083,,,,,,,,,,,,,,,
Instances/Instances 2/fl1400_07.gt,1399,20.0,86400.0,PTVRP_LINEAR,3964627.0,54,49,0.0053,,,,,,,,,,,,,,,
Instances/Instances 2/fl1400_08.gt,1399,20.0,86400.0,PTVRP_LINEAR,3887408.0,52,45,0.007,,,,,,,,,,,,,,,
Instances/Instances 2/fl1400_09.gt,1399,20.0,86400.0,PTVRP_LINEAR,3956917.0,53,51,0.0055,,,,,,,,,,,,,,,
Instances/Instances 2/fl1400_10.gt,1399,20.0,86400.0,PTVRP_LINEAR,3929503.0,53,43,0.0051,,,,,,,,,,,,,,,
Instances/Instances 2/fl1577_01.gt,1576,20.0,86400.0,PTVRP_LINEAR,3350030.0,46,73,0.006,,,,,,,,,,,,,,,
Instances/Instances 2/fl1577_02.gt,1576,20.0,86400.0,PTVRP_LINEAR,3383870.0,46,83,0.0054,,,,,,,,,,,,,,,
Instances/Instances 2/fl1577_03.gt,1576,20.0,86400.0,PTVRP_LINEAR,3340388.0,49,63,0.0055,,,,,,,,,,,,,,,
Instances/Instances 2/fl1577_04.gt,1576,20.0,86400.0,PTVRP_LINEAR,3341224.0,47,73,0.0075,,,,,,,,,,,,,,,
Instances/Instances 2/fl1577_05.gt,1576,20.0,86400.0,PTVRP_LINEAR,3354289.0,50,86,0.0054,,,,,,,,,,,,,,,
Instances/Instances 2/fl1577_06.gt,1576,20.0,86400.0,PTVRP_LINEAR,3411309.0,45,88,0.0052,,,,,,,,,,,,,,,
Instances/Instances 2/fl1577_07.gt,1576,20.0,86400.0,PTVRP_LINEAR,3342402.0,46,74,0.0065,,,,,,,,,,,,,,,
Instances/Instances 2/fl1577_08.gt,1576,20.0,86400.0,PTVRP_LINEAR,3420002.0,44,78,0.0053,,,,,,,,,,,,,,,
Instances/Instances 2/fl1577_09.gt,1576,20.0,86400.0,PTVRP_LINEAR,3380634.0,44,84,0.0062,,,,,,,,,,,,,,,
Instances/Instances 2/fl1577_10.gt,1576,20.0,86400.0,PTVRP_LINEAR,3376245.0,45,85,0.0052,,,,,,,,,,,,,,,
Instances/Instances 2/fl3795_01.gt,3794,20.0,86400.0,PTVRP_LINEAR,8029632.0,106,87,0.0074,,,,,,,,,,,,,,,
Instances/Instances 2/fl3795_02.gt,3794,20.0,86400.0,PTVRP_LINEAR,7973796.0,107,87,0.0085,,,,,,,,,,,,,,,
Instances/Instances 2/fl3795_03.gt,3794,20.0,86400.0,PTVRP_LINEAR,7876744.0,103,104,0.0066,,,,,,,,,,,,,,,
Instances/Instances 2/fl3795_04.gt,3794,20.0,86400.0,PTVRP_LINEAR,7885639.0,104,95,0.0093,,,,,,,,,,,,,,,
Instances/Instances 2/fl3795_05.gt,3794,20.0,86400.0,PTVRP_LINEAR,7912939.0,107,91,0.0067,,,,,,,,,,,,,,,
Instances/Instances 2/fl3795_06.gt,3794,20.0,86400.0,PTVRP_LINEAR,7891824.0,102,105,0.0067,,,,,,,,,,,,,,,
Instances/Instances 2/fl3795_07.gt,3794,20.0,86400.0,PTVRP_LINEAR,8013410.0,107,94,0.0071,,,,,,,,,,,,,,,
Instances/Instances 2/fl3795_08.gt,3794,20.0,86400.0,PTVRP_LINEAR,7772606.0,103,90,0.007,,,,,,,,,,,,,,,
Instances/Instances 2/fl3795_09.gt,3794,20.0,86400.0,PTVRP_LINEAR,7944182.0,105,108,0.0071,,,,,,,,,,,,,,,
Instances/Instances 2/fl3795_10.gt,3794,20.0,86400.0,PTVRP_LINEAR,7941617.0,106,95,0.0071,,,,,,,,,,,,,,,
Instances/Instances 2/fl417_01.gt,416,20.0,86400.0,PTVRP_LINEAR,1308559.0,18,50,0.0049,,,,,,,,,,,,,,,
Instances/Instances 2/fl417_02.gt,416,20.0,86400.0,PTVRP_LINEAR,1220687.0,17,52,0.0048,,,,,,,,,,,,,,,
Instances/Instances 2/fl417_03.gt,416,20.0,86400.0,PTVRP_LINEAR,1315849.0,18,57,0.0048,,,,,,,,,,,,,,,
Instances/Instances 2/fl417_04.gt,416,20.0,86400.0,PTVRP_LINEAR,1244629.0,17,51,0.0052,,,,,,,,,,,,,,,
Instances/Instances 2/fl417_05.gt,416,20.0,86400.0,PTVRP_LINEAR,1319357.0,17,62,0.0052,,,,,,,,,,,,,,,
Instances/Instances 2/fl417_06.gt,416,20.0,86400.0,PTVRP_LINEAR,1279193.0,17,49,0.0066,,,,,,,,,,,,,,,
Instances/Instances 2/fl417_07.gt,416,20.0,86400.0,PTVRP_LINEAR,1334329.0,18,45,0.0073,,,,,,,,,,,,,,,
Instances/Instances 2/fl417_08.gt,416,20.0,86400.0,PTVRP_LINEAR,1315404.0,17,52,0.0095,,,,,,,,,,,,,,,
Instances/Instances 2/fl417_09.gt,416,20.0,86400.0,PTVRP_LINEAR,1263634.0,17,49,0.0057,,,,,,,,,,,,,,,
Instances/Instances 2/fl417_10.gt,416,20.0,86400.0,PTVRP_LINEAR,1340225.0,18,50,0.0058,,,,,,,,,,,,,,,
Instances/Instances 2/fnl4461_01.gt,4460,20.0,86400.0,PTVRP_LINEAR,20177034.0,262,43,0.0087,,,,,,,,,,,,,,,
Instances/Instances 2/fnl4461_02.gt,4460,20.0,86400.0,PTVRP_LINEAR,19975926.0,265,43,0.0075,,,,,,,,,,,,,,,
Instances/Instances 2/fnl4461_03.gt,4460,20.0,86400.0,PTVRP_LINEAR,20040377.0,263,39,0.0093,,,,,,,,,,,,,,,
Instances/Instances 2/fnl4461_04.gt,4460,20.0,86400.0,PTVRP_LINEAR,20220881.0,256,47,0.0092,,,,,,,,,,,,,,,
Instances/Instances 2/fnl4461_05.gt,4460,20.0,86400.0,PTVRP_LINEAR,19590720.0,261,41,0.0089,,,,,,,,,,,,,,,
Instances/Instances 2/fnl4461_06.gt,4460,20.0,86400.0,PTVRP_LINEAR,19886030.0,264,44,0.008,,,,,,,,,,,,,,,
Instances/Instances 2/fnl4461_07.gt,4460,20.0,86400.0,PTVRP_LINEAR,19820921.0,256,45,0.0081,,,,,,,,,,,,,,,
Instances/Instances 2/fnl4461_08.gt,4460,20.0,86400.0,PTVRP_LINEAR,19565522.0,256,45,0.0083,,,,,,,,,,,,,,,
Instances/Instances 2/fnl4461_09.gt,4460,20.0,86400.0,PTVRP_LINEAR,19758901.0,253,42,0.0074,,,,,,,,,,,,,,,
Instances/Instances 2/fnl4461_10.gt,4460,20.0,86400.0,PTVRP_LINEAR,19743148.0,262,43,0.0086,,,,,,,,,,,,,,,
Instances/Instances 2/gil262_01.gt,261,20.0,86400.0,PTVRP_LINEAR,280423.0,4,104,0.005,,,,,,,,,,,,,,,
Instances/Instances 2/gil262_02.gt,261,20.0,86400.0,PTVRP_LINEAR,266095.0,4,105,0.0049,,,,,,,,,,,,,,,
Instances/Instances 2/gil262_03.gt,261,20.0,86400.0,PTVRP_LINEAR,273863.0,4,106,0.0051,,,,,,,,,,,,,,,
Instances/Instances 2/gil262_04.gt,261,20.0,86400.0,PTVRP_LINEAR,271957.0,4,108,0.0055,,,,,,,,,,,,,,,
Instances/Instances 2/gil262_05.gt,261,20.0,86400.0,PTVRP_LINEAR,281156.0,4,106,0.0044,,,,,,,,,,,,,,,
Instances/Instances 2/gil262_06.gt,261,20.0,86400.0,PTVRP_LINEAR,265673.0,4,100,0.0071,,,,,,,,,,,,,,,
Instances/Instances 2/gil262_07.gt,261,20.0,86400.0,PTVRP_LINEAR,273770.0,4,103,0.0046,,,,,,,,,,,,,,,
Instances/Instances 2/gil262_08.gt,261,20.0,86400.0,PTVRP_LINEAR,271592.0,4,108,0.0068,,,,,,,,,,,,,,,
Instances/Instances 2/gil262_09.gt,261,20.0,86400.0,PTVRP_LINEAR,264220.0,4,103,0.0047,,,,,,,,,,,,,,,
Instances/Instances 2/gil262_10.gt,261,20.0,86400.0,PTVRP_LINEAR,269520.0,4,101,0.0064,,,,,,,,,,,,,,,
Instances/Instances 2/gr9882_01.gt,9881,20.0,86400.0,PTVRP_LINEAR,60211625.0,770,47,0.0122,,,,,,,,,,,,,,,
Instances/Instances 2/gr9882_02.gt,9881,20.0,86400.0,PTVRP_LINEAR,60033950.0,774,42,0.0129,,,,,,,,,,,,,,,
Instances/Instances 2/gr9882_03.gt,9881,20.0,86400.0,PTVRP_LINEAR,59728098.0,764,48,0.0128,,,,,,,,,,,,,,,
Instances/Instances 2/gr9882_04.gt,9881,20.0,86400.0,PTVRP_LINEAR,60361329.0,775,52,0.0144,,,,,,,,,,,,,,,
Instances/Instances 2/gr9882_05.gt,9881,20.0,86400.0,PTVRP_LINEAR,59954993.0,764,47,0.012,,,,,,,,,,,,,,,
Instances/Instances 2/gr9882_06.gt,9881,20.0,86400.0,PTVRP_LINEAR,59622157.0,765,45,0.0133,,,,,,,,,,,,,,,
Instances/Instances 2/gr9882_07.gt,9881,20.0,86400.0,PTVRP_LINEAR,60959134.0,775,47,0.0142,,,,,,,,,,,,,,,
Instances/Instances 2/gr9882_08.gt,9881,20.0,86400.0,PTVRP_LINEAR,59829673.0,764,49,0.0123,,,,,,,,,,,,,,,
Instances/Instances 2/gr9882_09.gt,9881,20.0,86400.0,PTVRP_LINEAR,60193466.0,768,46,0.0129,,,,,,,,,,,,,,,
Instances/Instances 2/gr9882_10.gt,9881,20.0,86400.0,PTVRP_LINEAR,59648218.0,759,45,0.0162,,,,,,,,,,,,,,,
Instances/Instances 2/ho14473_01.gt,14472,20.0,86400.0,PTVRP_LINEAR,45712538.0,582,70,0.0174,,,,,,,,,,,,,,,
Instances/Instances 2/ho14473_02.gt,14472,20.0,86400.0,PTVRP_LINEAR,46361582.0,583,82,0.0156,,,,,,,,,,,,,,,
Instances/Instances 2/ho14473_03.gt,14472,20.0,86400.0,PTVRP_LINEAR,46010230.0,577,70,0.015,,,,,,,,,,,,,,,
Instances/Instances 2/ho14473_04.gt,14472,20.0,86400.0,PTVRP_LINEAR,45880861.0,579,78,0.0161,,,,,,,,,,,,,,,
Instances/Instances 2/ho14473_05.gt,14472,20.0,86400.0,PTVRP_LINEAR,46200062.0,583,70,0.016,,,,,,,,,,,,,,,
Instances/Instances 2/ho14473_06.gt,14472,20.0,86400.0,PTVRP_LINEAR,46284359.0,585,66,0.0149,,,,,,,,,,,,,,,
Instances/Instances 2/ho14473_07.gt,14472,20.0,86400.0,PTVRP_LINEAR,45799266.0,575,68,0.0155,,,,,,,,,,,,,,,
Instances/Instances 2/ho14473_08.gt,14472,20.0,86400.0,PTVRP_LINEAR,46086825.0,584,64,0.014,,,,,,,,,,,,,,,
Instances/Instances 2/ho14473_09.gt,14472,20.0,86400.0,PTVRP_LINEAR,45781137.0,581,71,0.0138,,,,,,,,,,,,,,,
Instances/Instances 2/ho14473_10.gt,14472,20.0,86400.0,PTVRP_LINEAR,45970561.0,580,70,0.014,,,,,,,,,,,,,,,
Instances/Instances 2/it16862_01.gt,16861,20.0,86400.0,PTVRP_LINEAR,144383417.0,1889,51,0.0186,,,,,,,,,,,,,,,
Instances/Instances 2/it16862_02.gt,16861,20.0,86400.0,PTVRP_LINEAR,142680521.0,1868,44,0.021,,,,,,,,,,,,,,,
Instances/Instances 2/it16862_03.gt,16861,20.0,86400.0,PTVRP_LINEAR,143813264.0,1901,40,0.0276,,,,,,,,,,,,,,,
Instances/Instances 2/it16862_04.gt,16861,20.0,86400.0,PTVRP_LINEAR,141340263.0,1861,43,0.0216,,,,,,,,,,,,,,,
Instances/Instances 2/it16862_05.gt,16861,20.0,86400.0,PTVRP_LINEAR,142459398.0,1860,56,0.0218,,,,,,,,,,,,,,,
Instances/Instances 2/it16862_06.gt,16861,20.0,86400.0,PTVRP_LINEAR,142371682.0,1867,45,0.0208,,,,,,,,,,,,,,,
Instances/Instances 2/it16862_07.gt,16861,20.0,86400.0,PTVRP_LINEAR,142252346.0,1855,48,0.0198,,,,,,,,,,,,,,,
Instances/Instances 2/it16862_08.gt,16861,20.0,86400.0,PTVRP_LINEAR,142193556.0,1854,46,0.0201,,,,,,,,,,,,,,,
Instances/Instances 2/it16862_09.gt,16861,20.0,86400.0,PTVRP_LINEAR,143270290.0,1883,42,0.0197,,,,,,,,,,,,,,,
Instances/Instances 2/it16862_10.gt,16861,20.0,86400.0,PTVRP_LINEAR,141642258.0,1854,48,0.0196,,,,,,,,,,,,,,,
Instances/Instances 2/ja9847_01.gt,9846,20.0,86400.0,PTVRP_LINEAR,146309915.0,2042,42,0.0156,,,,,,,,,,,,,,,
Instances/Instances 2/ja9847_02.gt,9846,20.0,86400.0,PTVRP_LINEAR,145190280.0,2037,37,0.0154,,,,,,,,,,,,,,,
Instances/Instances 2/ja9847_03.gt,9846,20.0,86400.0,PTVRP_LINEAR,146838204.0,2048,36,0.0163,,,,,,,,,,,,,,,
Instances/Instances 2/ja9847_04.gt,9846,20.0,86400.0,PTVRP_LINEAR,148420449.0,2079,42,0.0172,,,,,,,,,,,,,,,
Instances/Instances 2/ja9847_05.gt,9846,20.0,86400.0,PTVRP_LINEAR,144878104.0,2026,43,0.0156,,,,,,,,,,,,,,,
Instances/Instances 2/ja9847_06.gt,9846,20.0,86400.0,PTVRP_LINEAR,146491003.0,2033,43,0.0158,,,,,,,,,,,,,,,
Instances/Instances 2/ja9847_07.gt,9846,20.0,86400.0,PTVRP_LINEAR,146787925.0,2039,40,0.0139,,,,,,,,,,,,,,,
Instances/Instances 2/ja9847_08.gt,9846,20.0,86400.0,PTVRP_LINEAR,145692320.0,2039,36,0.0155,,,,,,,,,,,,,,,
Instances/Instances 2/ja9847_09.gt,9846,20.0,86400.0,PTVRP_LINEAR,148994014.0,2074,41,0.0171,,,,,,,,,,,,,,,
Instances/Instances 2/ja9847_10.gt,9846,20.0,86400.0,PTVRP_LINEAR,145333651.0,2029,46,0.0158,,,,,,,,,,,,,,,
Instances/Instances 2/kroA100_01.gt,99,20.0,86400.0,PTVRP_LINEAR,570077.0,9,19,0.0043,,,,,,,,,,,,,,,
Instances/Instances 2/kroA100_02.gt,99,20.0,86400.0,PTVRP_LINEAR,566566.0,9,18,0.0049,,,,,,,,,,,,,,,
Instances/Instances 2/kroA100_03.gt,99,20.0,86400.0,PTVRP_LINEAR,590880.0,9,17,0.005,,,,,,,,,,,,,,,
Instances/Instances 2/kroA100_04.gt,99,20.0,86400.0,PTVRP_LINEAR,546070.0,9,18,0.0048,,,,,,,,,,,,,,,
Instances/Instances 2/kroA100_05.gt,99,20.0,86400.0,PTVRP_LINEAR,586450.0,9,19,0.0059,,,,,,,,,,,,,,,
Instances/Instances 2/kroA100_06.gt,99,20.0,86400.0,PTVRP_LINEAR,544312.0,8,16,0.0044,,,,,,,,,,,,,,,
Instances/Instances 2/kroA100_07.gt,99,20.0,86400.0,PTVRP_LINEAR,559120.0,8,23,0.0057,,,,,,,,,,,,,,,
Instances/Instances 2/kroA100_08.gt,99,20.0,86400.0,PTVRP_LINEAR,555403.0,9,19,0.0058,,,,,,,,,,,,,,,
Instances/Instances 2/kroA100_09.gt,99,20.0,86400.0,PTVRP_LINEAR,575272.0,9,18,0.0046,,,,,,,,,,,,,,,
Instances/Instances 2/kroA100_10.gt,99,20.0,86400.0,PTVRP_LINEAR,606438.0,9,23,0.0068,,,,,,,,,,,,,,,
Instances/Instances 2/kroA150_01.gt,149,20.0,86400.0,PTVRP_LINEAR,842283.0,12,21,0.0071,,,,,,,,,,,,,,,
Instances/Instances 2/kroA150_02.gt,149,20.0,86400.0,PTVRP_LINEAR,836371.0,12,19,0.0065,,,,,,,,,,,,,,,
Instances/Instances 2/kroA150_03.gt,149,20.0,86400.0,PTVRP_LINEAR,795137.0,12,20,0.0064,,,,,,,,,,,,,,,
Instances/Instances 2/kroA150_04.gt,149,20.0,86400.0,PTVRP_LINEAR,796407.0,14,17,0.0071,,,,,,,,,,,,,,,
Instances/Instances 2/kroA150_05.gt,149,20.0,86400.0,PTVRP_LINEAR,800536.0,12,20,0.0063,,,,,,,,,,,,,,,
Instances/Instances 2/kroA150_06.gt,149,20.0,86400.0,PTVRP_LINEAR,813459.0,13,18,0.0062,,,,,,,,,,,,,,,
Instances/Instances 2/kroA150_07.gt,149,20.0,86400.0,PTVRP_LINEAR,883324.0,13,21,0.0065,,,,,,,,,,,,,,,
Instances/Instances 2/kroA150_08.gt,149,20.0,86400.0,PTVRP_LINEAR,857770.0,13,22,0.0064,,,,,,,,,,,,,,,
Instances/Instances 2/kroA150_09.gt,149,20.0,86400.0,PTVRP_LINEAR,879945.0,14,19,0.0067,,,,,,,,,,,,,,,
Instances/Instances 2/kroA150_10.gt,149,20.0,86400.0,PTVRP_LINEAR,804126.0,12,21,0.0064,,,,,,,,,,,,,,,
Instances/Instances 2/kroA200_01.gt,199,20.0,86400.0,PTVRP_LINEAR,1085330.0,17,23,0.0047,,,,,,,,,,,,,,,
Instances/Instances 2/kroA200_02.gt,199,20.0,86400.0,PTVRP_LINEAR,1061876.0,15,21,0.006,,,,,,,,,,,,,,,
Instances/Instances 2/kroA200_03.gt,199,20.0,86400.0,PTVRP_LINEAR,1098481.0,17,21,0.0051,,,,,,,,,,,,,,,
Instances/Instances 2/kroA200_04.gt,199,20.0,86400.0,PTVRP_LINEAR,1147030.0,16,23,0.0052,,,,,,,,,,,,,,,
Instances/Instances 2/kroA200_05.gt,199,20.0,86400.0,PTVRP_LINEAR,1045165.0,14,25,0.0067,,,,,,,,,,,,,,,
Instances/Instances 2/kroA200_06.gt,199,20.0,86400.0,PTVRP_LINEAR,1078854.0,17,22,0.005,,,,,,,,,,,,,,,
Instances/Instances 2/kroA200_07.gt,199,20.0,86400.0,PTVRP_LINEAR,1109091.0,17,22,0.0068,,,,,,,,,,,,,,,
Instances/Instances 2/kroA200_08.gt,199,20.0,86400.0,PTVRP_LINEAR,1060203.0,16,21,0.0044,,,,,,,,,,,,,,,
Instances/Instances 2/kroA200_09.gt,199,20.0,86400.0,PTVRP_LINEAR,1010443.0,16,20,0.0054,,,,,,,,,,,,,,,
Instances/Instances 2/kroA200_10.gt,199,20.0,86400.0,PTVRP_LINEAR,1113292.0,16,21,0.0044,,,,,,,,,,,,,,,
Instances/Instances 2/kroB100_01.gt,99,20.0,86400.0,PTVRP_LINEAR,646019.0,9,21,0.0043,,,,,,,,,,,,,,,
Instances/Instances 2/kroB100_02.gt,99,20.0,86400.0,PTVRP_LINEAR,581628.0,9,22,0.0064,,,,,,,,,,,,,,,
Instances/Instances 2/kroB100_03.gt,99,20.0,86400.0,PTVRP_LINEAR,567619.0,9,15,0.0042,,,,,,,,,,,,,,,
Instances/Instances 2/kroB100_04.gt,99,20.0,86400.0,PTVRP_LINEAR,619498.0,9,18,0.0051,,,,,,,,,,,,,,,
Instances/Instances 2/kroB100_05.gt,99,20.0,86400.0,PTVRP_LINEAR,630920.0,9,20,0.006,,,,,,,,,,,,,,,
Instances/Instances 2/kroB100_06.gt,99,20.0,86400.0,PTVRP_LINEAR,585110.0,10,18,0.0047,,,,,,,,,,,,,,,
Instances/Instances 2/kroB100_07.gt,99,20.0,86400.0,PTVRP_LINEAR,637515.0,11,19,0.0064,,,,,,,,,,,,,,,
Instances/Instances 2/kroB100_08.gt,99,20.0,86400.0,PTVRP_LINEAR,618433.0,9,18,0.0048,,,,,,,,,,,,,,,
Instances/Instances 2/kroB100_09.gt,99,20.0,86400.0,PTVRP_LINEAR,568427.0,8,17,0.0065,,,,,,,,,,,,,,,
Instances/Instances 2/kroB100_10.gt,99,20.0,86400.0,PTVRP_LINEAR,583248.0,9,19,0.0066,,,,,,,,,,,,,,,
Instances/Instances 2/kroB150_01.gt,149,20.0,86400.0,PTVRP_LINEAR,901662.0,13,21,0.0046,,,,,,,,,,,,,,,
Instances/Instances 2/kroB150_02.gt,149,20.0,86400.0,PTVRP_LINEAR,804374.0,13,19,0.0069,,,,,,,,,,,,,,,
Instances/Instances 2/kroB150_03.gt,149,20.0,86400.0,PTVRP_LINEAR,899575.0,12,21,0.0054,,,,,,,,,,,,,,,
Instances/Instances 2/kroB150_04.gt,149,20.0,86400.0,PTVRP_LINEAR,852044.0,12,22,0.0053,,,,,,,,,,,,,,,
Instances/Instances 2/kroB150_05.gt,149,20.0,86400.0,PTVRP_LINEAR,919408.0,14,20,0.006,,,,,,,,,,,,,,,
Instances/Instances 2/kroB150_06.gt,149,20.0,86400.0,PTVRP_LINEAR,792596.0,12,21,0.0049,,,,,,,,,,,,,,,
Instances/Instances 2/kroB150_07.gt,149,20.0,86400.0,PTVRP_LINEAR,882789.0,12,21,0.0062,,,,,,,,,,,,,,,
Instances/Instances 2/kroB150_08.gt,149,20.0,86400.0,PTVRP_LINEAR,857970.0,12,21,0.0053,,,,,,,,,,,,,,,
Instances/Instances 2/kroB150_09.gt,149,20.0,86400.0,PTVRP_LINEAR,887867.0,12,21,0.0054,,,,,,,,,,,,,,,
Instances/Instances 2/kroB150_10.gt,149,20.0,86400.0,PTVRP_LINEAR,846636.0,13,20,0.0074,,,,,,,,,,,,,,,
Instances/Instances 2/kroB200_01.gt,199,20.0,86400.0,PTVRP_LINEAR,1075696.0,16,23,0.0046,,,,,,,,,,,,,,,
Instances/Instances 2/kroB200_02.gt,199,20.0,86400.0,PTVRP_LINEAR,1036760.0,16,22,0.0047,,,,,,,,,,,,,,,
Instances/Instances 2/kroB200_03.gt,199,20.0,86400.0,PTVRP_LINEAR,1168352.0,16,25,0.0064,,,,,,,,,,,,,,,
Instances/Instances 2/kroB200_04.gt,199,20.0,86400.0,PTVRP_LINEAR,1070041.0,16,24,0.0045,,,,,,,,,,,,,,,
Instances/Instances 2/kroB200_05.gt,199,20.0,86400.0,PTVRP_LINEAR,1101758.0,16,22,0.0055,,,,,,,,,,,,,,,
Instances/Instances 2/kroB200_06.gt,199,20.0,86400.0,PTVRP_LINEAR,1145993.0,16,21,0.006,,,,,,,,,,,,,,,
Instances/Instances 2/kroB200_07.gt,199,20.0,86400.0,PTVRP_LINEAR,1105120.0,15,25,0.0051,,,,,,,,,,,,,,,
Instances/Instances 2/kroB200_08.gt,199,20.0,86400.0,PTVRP_LINEAR,1046800.0,16,20,0.0056,,,,,,,,,,,,,,,
Instances/Instances 2/kroB200_09.gt,199,20.0,86400.0,PTVRP_LINEAR,1122442.0,18,22,0.0045,,,,,,,,,,,,,,,
Instances/Instances 2/kroB200_10.gt,199,20.0,86400.0,PTVRP_LINEAR,1046364.0,15,21,0.0046,,,,,,,,,,,,,,,
Instances/Instances 2/kroC100_01.gt,99,20.0,86400.0,PTVRP_LINEAR,588735.0,10,16,0.0084,,,,,,,,,,,,,,,
Instances/Instances 2/kroC100_02.gt,99,20.0,86400.0,PTVRP_LINEAR,608185.0,8,20,0.0043,,,,,,,,,,,,,,,
Instances/Instances 2/kroC100_03.gt,99,20.0,86400.0,PTVRP_LINEAR,603231.0,8,19,0.0047,,,,,,,,,,,,,,,
Instances/Instances 2/kroC100_04.gt,99,20.0,86400.0,PTVRP_LINEAR,612504.0,9,18,0.0051,,,,,,,,,,,,,,,
Instances/Instances 2/kroC100_05.gt,99,20.0,86400.0,PTVRP_LINEAR,676305.0,10,19,0.0045,,,,,,,,,,,,,,,
Instances/Instances 2/kroC100_06.gt,99,20.0,86400.0,PTVRP_LINEAR,629243.0,9,19,0.0044,,,,,,,,,,,,,,,
Instances/Instances 2/kroC100_07.gt,99,20.0,86400.0,PTVRP_LINEAR,612024.0,9,18,0.0061,,,,,,,,,,,,,,,
Instances/Instances 2/kroC100_08.gt,99,20.0,86400.0,PTVRP_LINEAR,621315.0,9,19,0.0049,,,,,,,,,,,,,,,
Instances/Instances 2/kroC100_09.gt,99,20.0,86400.0,PTVRP_LINEAR,617113.0,9,18,0.0044,,,,,,,,,,,,,,,
Instances/Instances 2/kroC100_10.gt,99,20.0,86400.0,PTVRP_LINEAR,621370.0,9,21,0.0065,,,,,,,,,,,,,,,
Instances/Instances 2/kroD100_01.gt,99,20.0,86400.0,PTVRP_LINEAR,593936.0,9,21,0.0047,,,,,,,,,,,,,,,
Instances/Instances 2/kroD100_02.gt,99,20.0,86400.0,PTVRP_LINEAR,587504.0,9,17,0.0045,,,,,,,,,,,,,,,
Instances/Instances 2/kroD100_03.gt,99,20.0,86400.0,PTVRP_LINEAR,538574.0,10,20,0.0048,,,,,,,,,,,,,,,
Instances/Instances 2/kroD100_04.gt,99,20.0,86400.0,PTVRP_LINEAR,612333.0,8,22,0.0048,,,,,,,,,,,,,,,
Instances/Instances 2/kroD100_05.gt,99,20.0,86400.0,PTVRP_LINEAR,626392.0,11,19,0.0044,,,,,,,,,,,,,,,
Instances/Instances 2/kroD100_06.gt,99,20.0,86400.0,PTVRP_LINEAR,616660.0,9,22,0.0046,,,,,,,,,,,,,,,
Instances/Instances 2/kroD100_07.gt,99,20.0,86400.0,PTVRP_LINEAR,594056.0,9,18,0.0074,,,,,,,,,,,,,,,
Instances/Instances 2/kroD100_08.gt,99,20.0,86400.0,PTVRP_LINEAR,605009.0,9,21,0.0047,,,,,,,,,,,,,,,
Instances/Instances 2/kroD100_09.gt,99,20.0,86400.0,PTVRP_LINEAR,589664.0,10,16,0.0044,,,,,,,,,,,,,,,
Instances/Instances 2/kroD100_10.gt,99,20.0,86400.0,PTVRP_LINEAR,624627.0,9,18,0.0049,,,,,,,,,,,,,,,
Instances/Instances 2/kroE100_01.gt,99,20.0,86400.0,PTVRP_LINEAR,583938.0,10,21,0.0053,,,,,,,,,,,,,,,
Instances/Instances 2/kroE100_02.gt,99,20.0,86400.0,PTVRP_LINEAR,621610.0,9,17,0.0059,,,,,,,,,,,,,,,
Instances/Instances 2/kroE100_03.gt,99,20.0,86400.0,PTVRP_LINEAR,614920.0,9,17,0.0044,,,,,,,,,,,,,,,
Instances/Instances 2/kroE100_04.gt,99,20.0,86400.0,PTVRP_LINEAR,629219.0,9,19,0.0047,,,,,,,,,,,,,,,
Instances/Instances 2/kroE100_05.gt,99,20.0,86400.0,PTVRP_LINEAR,646946.0,11,23,0.0047,,,,,,,,,,,,,,,
Instances/Instances 2/kroE100_06.gt,99,20.0,86400.0,PTVRP_LINEAR,649453.0,9,19,0.0064,,,,,,,,,,,,,,,
Instances/Instances 2/kroE100_07.gt,99,20.0,86400.0,PTVRP_LINEAR,592567.0,9,19,0.0044,,,,,,,,,,,,,,,
Instances/Instances 2/kroE100_08.gt,99,20.0,86400.0,PTVRP_LINEAR,637992.0,10,22,0.0047,,,,,,,,,,,,,,,
Instances/Instances 2/kroE100_09.gt,99,20.0,86400.0,PTVRP_LINEAR,629170.0,9,17,0.0043,,,,,,,,,,,,,,,
Instances/Instances 2/kroE100_10.gt,99,20.0,86400.0,PTVRP_LINEAR,613888.0,11,20,0.0069,,,,,,,,,,,,,,,
Instances/Instances 2/kz9976_01.gt,9975,20.0,86400.0,PTVRP_LINEAR,300903332.0,4267,19,0.0195,,,,,,,,,,,,,,,
Instances/Instances 2/kz9976_02.gt,9975,20.0,86400.0,PTVRP_LINEAR,300216678.0,4263,23,0.0207,,,,,,,,,,,,,,,
Instances/Instances 2/kz9976_03.gt,9975,20.0,86400.0,PTVRP_LINEAR,304237659.0,4306,23,0.023,,,,,,,,,,,,,,,
Instances/Instances 2/kz9976_04.gt,9975,20.0,86400.0,PTVRP_LINEAR,298566634.0,4234,19,0.0204,,,,,,,,,,,,,,,
Instances/Instances 2/kz9976_05.gt,9975,20.0,86400.0,PTVRP_LINEAR,305085032.0,4333,22,0.021,,,,,,,,,,,,,,,
Instances/Instances 2/kz9976_06.gt,9975,20.0,86400.0,PTVRP_LINEAR,302181638.0,4294,21,0.0203,,,,,,,,,,,,,,,
Instances/Instances 2/kz9976_07.gt,9975,20.0,86400.0,PTVRP_LINEAR,301394016.0,4289,20,0.0203,,,,,,,,,,,,,,,
Instances/Instances 2/kz9976_08.gt,9975,20.0,86400.0,PTVRP_LINEAR,300569608.0,4271,18,0.0191,,,,,,,,,,,,,,,
Instances/Instances 2/kz9976_09.gt,9975,20.0,86400.0,PTVRP_LINEAR,304853406.0,4328,21,0.0206,,,,,,,,,,,,,,,
Instances/Instances 2/kz9976_10.gt,9975,20.0,86400.0,PTVRP_LINEAR,301542506.0,4265,23,0.0195,,,,,,,,,,,,,,,
Instances/Instances 2/lin105_01.gt,104,20.0,86400.0,PTVRP_LINEAR,454409.0,7,27,0.0048,,,,,,,,,,,,,,,
Instances/Instances 2/lin105_02.gt,104,20.0,86400.0,PTVRP_LINEAR,496072.0,7,27,0.0047,,,,,,,,,,,,,,,
Instances/Instances 2/lin105_03.gt,104,20.0,86400.0,PTVRP_LINEAR,443613.0,7,25,0.0054,,,,,,,,,,,,,,,
Instances/Instances 2/lin105_04.gt,104,20.0,86400.0,PTVRP_LINEAR,460433.0,7,25,0.0061,,,,,,,,,,,,,,,
Instances/Instances 2/lin105_05.gt,104,20.0,86400.0,PTVRP_LINEAR,452595.0,7,24,0.0045,,,,,,,,,,,,,,,
Instances/Instances 2/lin105_06.gt,104,20.0,86400.0,PTVRP_LINEAR,459736.0,7,25,0.0048,,,,,,,,,,,,,,,
Instances/Instances 2/lin105_07.gt,104,20.0,86400.0,PTVRP_LINEAR,481214.0,7,26,0.0063,,,,,,,,,,,,,,,
Instances/Instances 2/lin105_08.gt,104,20.0,86400.0,PTVRP_LINEAR,431392.0,7,28,0.0052,,,,,,,,,,,,,,,
Instances/Instances 2/lin105_09.gt,104,20.0,86400.0,PTVRP_LINEAR,492755.0,7,27,0.0054,,,,,,,,,,,,,,,
Instances/Instances 2/lin105_10.gt,104,20.0,86400.0,PTVRP_LINEAR,471152.0,7,25,0.0055,,,,,,,,,,,,,,,
Instances/Instances 2/lin318_01.gt,317,20.0,86400.0,PTVRP_LINEAR,1710294.0,24,24,0.0073,,,,,,,,,,,,,,,
Instances/Instances 2/lin318_02.gt,317,20.0,86400.0,PTVRP_LINEAR,1639626.0,23,24,0.0049,,,,,,,,,,,,,,,
Instances/Instances 2/lin318_03.gt,317,20.0,86400.0,PTVRP_LINEAR,1761545.0,24,26,0.005,,,,,,,,,,,,,,,
Instances/Instances 2/lin318_04.gt,317,20.0,86400.0,PTVRP_LINEAR,1638486.0,24,22,0.0058,,,,,,,,,,,,,,,
Instances/Instances 2/lin318_05.gt,317,20.0,86400.0,PTVRP_LINEAR,1701345.0,25,25,0.005,,,,,,,,,,,,,,,
Instances/Instances 2/lin318_06.gt,317,20.0,86400.0,PTVRP_LINEAR,1748587.0,23,25,0.0053,,,,,,,,,,,,,,,
Instances/Instances 2/lin318_07.gt,317,20.0,86400.0,PTVRP_LINEAR,1685660.0,23,25,0.0048,,,,,,,,,,,,,,,
Instances/Instances 2/lin318_08.gt,317,20.0,86400.0,PTVRP_LINEAR,1834154.0,25,28,0.0072,,,,,,,,,,,,,,,
Instances/Instances 2/lin318_09.gt,317,20.0,86400.0,PTVRP_LINEAR,1723300.0,23,27,0.0049,,,,,,,,,,,,,,,
Instances/Instances 2/lin318_10.gt,317,20.0,86400.0,PTVRP_LINEAR,1761004.0,26,24,0.0055,,,,,,,,,,,,,,,
Instances/Instances 2/linhp318_01.gt,317,20.0,86400.0,PTVRP_LINEAR,1722730.0,27,21,0.0048,,,,,,,,,,,,,,,
Instances/Instances 2/linhp318_02.gt,317,20.0,86400.0,PTVRP_LINEAR,1746589.0,24,23,0.0058,,,,,,,,,,,,,,,
Instances/Instances 2/linhp318_03.gt,317,20.0,86400.0,PTVRP_LINEAR,1819628.0,24,28,0.0049,,,,,,,,,,,,,,,
Instances/Instances 2/linhp318_04.gt,317,20.0,86400.0,PTVRP_LINEAR,1739169.0,24,24,0.0051,,,,,,,,,,,,,,,
Instances/Instances 2/linhp318_05.gt,317,20.0,86400.0,PTVRP_LINEAR,1608939.0,24,23,0.005,,,,,,,,,,,,,,,
Instances/Instances 2/linhp318_06.gt,317,20.0,86400.0,PTVRP_LINEAR,1766674.0,24,29,0.0049,,,,,,,,,,,,,,,
Instances/Instances 2/linhp318_07.gt,317,20.0,86400.0,PTVRP_LINEAR,1737228.0,25,29,0.0048,,,,,,,,,,,,,,,
Instances/Instances 2/linhp318_08.gt,317,20.0,86400.0,PTVRP_LINEAR,1724088.0,25,27,0.0044,,,,,,,,,,,,,,,
Instances/Instances 2/linhp318_09.gt,317,20.0,86400.0,PTVRP_LINEAR,1677477.0,24,24,0.005,,,,,,,,,,,,,,,
Instances/Instances 2/linhp318_10.gt,317,20.0,86400.0,PTVRP_LINEAR,1790219.0,26,22,0.0052,,,,,,,,,,,,,,,
Instances/Instances 2/lu980_01.gt,979,20.0,86400.0,PTVRP_LINEAR,1270126.0,22,83,0.0067,,,,,,,,,,,,,,,
Instances/Instances 2/lu980_02.gt,979,20.0,86400.0,PTVRP_LINEAR,1238885.0,20,83,0.0062,,,,,,,,,,,,,,,
Instances/Instances 2/lu980_03.gt,979,20.0,86400.0,PTVRP_LINEAR,1248326.0,22,83,0.0065,,,,,,,,,,,,,,,
Instances/Instances 2/lu980_04.gt,979,20.0,86400.0,PTVRP_LINEAR,1275696.0,21,82,0.0063,,,,,,,,,,,,,,,
Instances/Instances 2/lu980_05.gt,979,20.0,86400.0,PTVRP_LINEAR,1264291.0,21,86,0.0064,,,,,,,,,,,,,,,
Instances/Instances 2/lu980_06.gt,979,20.0,86400.0,PTVRP_LINEAR,1241102.0,21,88,0.0067,,,,,,,,,,,,,,,
Instances/Instances 2/lu980_07.gt,979,20.0,86400.0,PTVRP_LINEAR,1271220.0,20,90,0.0071,,,,,,,,,,,,,,,
Instances/Instances 2/lu980_08.gt,979,20.0,86400.0,PTVRP_LINEAR,1276041.0,20,81,0.0076,,,,,,,,,,,,,,,
Instances/Instances 2/lu980_09.gt,979,20.0,86400.0,PTVRP_LINEAR,1272295.0,21,91,0.0068,,,,,,,,,,,,,,,
Instances/Instances 2/lu980_10.gt,979,20.0,86400.0,PTVRP_LINEAR,1195955.0,22,82,0.0065,,,,,,,,,,,,,,,
Instances/Instances 2/mo14185_01.gt,14184,20.0,86400.0,PTVRP_LINEAR,101221409.0,1291,47,0.0169,,,,,,,,,,,,,,,
Instances/Instances 2/mo14185_02.gt,14184,20.0,86400.0,PTVRP_LINEAR,100477070.0,1284,50,0.0164,,,,,,,,,,,,,,,
Instances/Instances 2/mo14185_03.gt,14184,20.0,86400.0,PTVRP_LINEAR,99978545.0,1274,48,0.0163,,,,,,,,,,,,,,,
Instances/Instances 2/mo14185_04.gt,14184,20.0,86400.0,PTVRP_LINEAR,100710675.0,1293,49,0.0183,,,,,,,,,,,,,,,
Instances/Instances 2/mo14185_05.gt,14184,20.0,86400.0,PTVRP_LINEAR,100964274.0,1294,44,0.0183,,,,,,,,,,,,,,,
Instances/Instances 2/mo14185_06.gt,14184,20.0,86400.0,PTVRP_LINEAR,100273635.0,1283,46,0.018,,,,,,,,,,,,,,,
Instances/Instances 2/mo14185_07.gt,14184,20.0,86400.0,PTVRP_LINEAR,100902297.0,1287,50,0.0178,,,,,,,,,,,,,,,
Instances/Instances 2/mo14185_08.gt,14184,20.0,86400.0,PTVRP_LINEAR,100744241.0,1287,43,0.0161,,,,,,,,,,,,,,,
Instances/Instances 2/mo14185_09.gt,14184,20.0,86400.0,PTVRP_LINEAR,100421525.0,1285,45,0.0176,,,,,,,,,,,,,,,
Instances/Instances 2/mo14185_10.gt,14184,20.0,86400.0,PTVRP_LINEAR,101141974.0,1297,45,0.0177,,,,,,,,,,,,,,,
Instances/Instances 2/mu1979_01.gt,1978,20.0,86400.0,PTVRP_LINEAR,11858956.0,160,50,0.0074,,,,,,,,,,,,,,,
Instances/Instances 2/mu1979_02.gt,1978,20.0,86400.0,PTVRP_LINEAR,11938505.0,160,55,0.0071,,,,,,,,,,,,,,,
Instances/Instances 2/mu1979_03.gt,1978,20.0,86400.0,PTVRP_LINEAR,12067772.0,163,52,0.0065,,,,,,,,,,,,,,,
Instances/Instances 2/mu1979_04.gt,1978,20.0,86400.0,PTVRP_LINEAR,11576460.0,156,52,0.0068,,,,,,,,,,,,,,,
Instances/Instances 2/mu1979_05.gt,1978,20.0,86400.0,PTVRP_LINEAR,11574434.0,157,47,0.0057,,,,,,,,,,,,,,,
Instances/Instances 2/mu1979_06.gt,1978,20.0,86400.0,PTVRP_LINEAR,11593463.0,152,53,0.0057,,,,,,,,,,,,,,,
Instances/Instances 2/mu1979_07.gt,1978,20.0,86400.0,PTVRP_LINEAR,11732439.0,157,50,0.006,,,,,,,,,,,,,,,
Instances/Instances 2/mu1979_08.gt,1978,20.0,86400.0,PTVRP_LINEAR,11514178.0,161,46,0.0063,,,,,,,,,,,,,,,
Instances/Instances 2/mu1979_09.gt,1978,20.0,86400.0,PTVRP_LINEAR,12013309.0,159,53,0.0062,,,,,,,,,,,,,,,
Instances/Instances 2/mu1979_10.gt,1978,20.0,86400.0,PTVRP_LINEAR,11743845.0,158,59,0.006,,,,,,,,,,,,,,,
Instances/Instances 2/nrw1379_01.gt,1378,20.0,86400.0,PTVRP_LINEAR,4223589.0,65,40,0.0059,,,,,,,,,,,,,,,
Instances/Instances 2/nrw1379_02.gt,1378,20.0,86400.0,PTVRP_LINEAR,4183090.0,64,50,0.006,,,,,,,,,,,,,,,
Instances/Instances 2/nrw1379_03.gt,1378,20.0,86400.0,PTVRP_LINEAR,4399828.0,62,46,0.0068,,,,,,,,,,,,,,,
Instances/Instances 2/nrw1379_04.gt,1378,20.0,86400.0,PTVRP_LINEAR,4295318.0,63,42,0.0068,,,,,,,,,,,,,,,
Instances/Instances 2/nrw1379_05.gt,1378,20.0,86400.0,PTVRP_LINEAR,4259181.0,63,42,0.0064,,,,,,,,,,,,,,,
Instances/Instances 2/nrw1379_06.gt,1378,20.0,86400.0,PTVRP_LINEAR,4207625.0,63,41,0.0061,,,,,,,,,,,,,,,
Instances/Instances 2/nrw1379_07.gt,1378,20.0,86400.0,PTVRP_LINEAR,4337489.0,62,41,0.0061,,,,,,,,,,,,,,,
Instances/Instances 2/nrw1379_08.gt,1378,20.0,86400.0,PTVRP_LINEAR,4182294.0,66,39,0.0061,,,,,,,,,,,,,,,
Instances/Instances 2/nrw1379_09.gt,1378,20.0,86400.0,PTVRP_LINEAR,4282109.0,64,41,0.0061,,,,,,,,,,,,,,,
Instances/Instances 2/nrw1379_10.gt,1378,20.0,86400.0,PTVRP_LINEAR,4150905.0,61,40,0.0069,,,,,,,,,,,,,,,
Instances/Instances 2/nu3496_01.gt,3495,20.0,86400.0,PTVRP_LINEAR,12087775.0,166,64,0.0079,,,,,,,,,,,,,,,
Instances/Instances 2/nu3496_02.gt,3495,20.0,86400.0,PTVRP_LINEAR,12172007.0,162,65,0.0068,,,,,,,,,,,,,,,
Instances/Instances 2/nu3496_03.gt,3495,20.0,86400.0,PTVRP_LINEAR,12071767.0,161,64,0.0077,,,,,,,,,,,,,,,
Instances/Instances 2/nu3496_04.gt,3495,20.0,86400.0,PTVRP_LINEAR,12283729.0,161,62,0.0081,,,,,,,,,,,,,,,
Instances/Instances 2/nu3496_05.gt,3495,20.0,86400.0,PTVRP_LINEAR,12387865.0,168,53,0.0064,,,,,,,,,,,,,,,
Instances/Instances 2/nu3496_06.gt,3495,20.0,86400.0,PTVRP_LINEAR,12212292.0,161,61,0.0074,,,,,,,,,,,,,,,
Instances/Instances 2/nu3496_07.gt,3495,20.0,86400.0,PTVRP_LINEAR,12198389.0,160,58,0.0085,,,,,,,,,,,,,,,
Instances/Instances 2/nu3496_08.gt,3495,20.0,86400.0,PTVRP_LINEAR,12245051.0,164,55,0.0066,,,,,,,,,,,,,,,
Instances/Instances 2/nu3496_09.gt,3495,20.0,86400.0,PTVRP_LINEAR,12348226.0,162,63,0.0065,,,,,,,,,,,,,,,
Instances/Instances 2/nu3496_10.gt,3495,20.0,86400.0,PTVRP_LINEAR,12318237.0,166,58,0.0065,,,,,,,,,,,,,,,
Instances/Instances 2/p654_01.gt,653,20.0,86400.0,PTVRP_LINEAR,4619158.0,60,26,0.0046,,,,,,,,,,,,,,,
Instances/Instances 2/p654_02.gt,653,20.0,86400.0,PTVRP_LINEAR,4451432.0,56,28,0.0053,,,,,,,,,,,,,,,
Instances/Instances 2/p654_03.gt,653,20.0,86400.0,PTVRP_LINEAR,4704156.0,61,24,0.0061,,,,,,,,,,,,,,,
Instances/Instances 2/p654_04.gt,653,20.0,86400.0,PTVRP_LINEAR,4541469.0,60,24,0.0058,,,,,,,,,,,,,,,
Instances/Instances 2/p654_05.gt,653,20.0,86400.0,PTVRP_LINEAR,4650652.0,59,24,0.0059,,,,,,,,,,,,,,,
Instances/Instances 2/p654_06.gt,653,20.0,86400.0,PTVRP_LINEAR,4729518.0,62,25,0.0064,,,,,,,,,,,,,,,
Instances/Instances 2/p654_07.gt,653,20.0,86400.0,PTVRP_LINEAR,4647651.0,60,25,0.006,,,,,,,,,,,,,,,
Instances/Instances 2/p654_08.gt,653,20.0,86400.0,PTVRP_LINEAR,4652451.0,62,22,0.0066,,,,,,,,,,,,,,,
Instances/Instances 2/p654_09.gt,653,20.0,86400.0,PTVRP_LINEAR,4381701.0,56,23,0.0054,,,,,,,,,,,,,,,
Instances/Instances 2/p654_10.gt,653,20.0,86400.0,PTVRP_LINEAR,4672623.0,61,21,0.0063,,,,,,,,,,,,,,,
Instances/Instances 2/pcb1173_01.gt,1172,20.0,86400.0,PTVRP_LINEAR,3965639.0,60,36,0.0066,,,,,,,,,,,,,,,
Instances/Instances 2/pcb1173_02.gt,1172,20.0,86400.0,PTVRP_LINEAR,4069382.0,58,38,0.0062,,,,,,,,,,,,,,,
Instances/Instances 2/pcb1173_03.gt,1172,20.0,86400.0,PTVRP_LINEAR,4165171.0,55,42,0.0062,,,,,,,,,,,,,,,
Instances/Instances 2/pcb1173_04.gt,1172,20.0,86400.0,PTVRP_LINEAR,4051196.0,59,36,0.005,,,,,,,,,,,,,,,
Instances/Instances 2/pcb1173_05.gt,1172,20.0,86400.0,PTVRP_LINEAR,4096629.0,58,41,0.0051,,,,,,,,,,,,,,,
Instances/Instances 2/pcb1173_06.gt,1172,20.0,86400.0,PTVRP_LINEAR,4085628.0,56,42,0.0057,,,,,,,,,,,,,,,
Instances/Instances 2/pcb1173_07.gt,1172,20.0,86400.0,PTVRP_LINEAR,4056434.0,60,37,0.0065,,,,,,,,,,,,,,,
Instances/Instances 2/pcb1173_08.gt,1172,20.0,86400.0,PTVRP_LINEAR,4092649.0,59,37,0.0052,,,,,,,,,,,,,,,
Instances/Instances 2/pcb1173_09.gt,1172,20.0,86400.0,PTVRP_LINEAR,4078848.0,58,40,0.0054,,,,,,,,,,,,,,,
Instances/Instances 2/pcb1173_10.gt,1172,20.0,86400.0,PTVRP_LINEAR,4066569.0,58,38,0.0055,,,,,,,,,,,,,,,
Instances/Instances 2/pcb3038_01.gt,3037,20.0,86400.0,PTVRP_LINEAR,13220347.0,174,38,0.0073,,,,,,,,,,,,,,,
Instances/Instances 2/pcb3038_02.gt,3037,20.0,86400.0,PTVRP_LINEAR,13231408.0,178,38,0.0065,,,,,,,,,,,,,,,
Instances/Instances 2/pcb3038_03.gt,3037,20.0,86400.0,PTVRP_LINEAR,13258865.0,174,38,0.0064,,,,,,,,,,,,,,,
Instances/Instances 2/pcb3038_04.gt,3037,20.0,86400.0,PTVRP_LINEAR,13135464.0,178,38,0.0064,,,,,,,,,,,,,,,
Instances/Instances 2/pcb3038_05.gt,3037,20.0,86400.0,PTVRP_LINEAR,13088765.0,175,35,0.0072,,,,,,,,,,,,,,,
Instances/Instances 2/pcb3038_06.gt,3037,20.0,86400.0,PTVRP_LINEAR,13173424.0,180,33,0.0067,,,,,,,,,,,,,,,
Instances/Instances 2/pcb3038_07.gt,3037,20.0,86400.0,PTVRP_LINEAR,13298511.0,180,38,0.0069,,,,,,,,,,,,,,,
Instances/Instances 2/pcb3038_08.gt,3037,20.0,86400.0,PTVRP_LINEAR,12892529.0,176,37,0.0077,,,,,,,,,,,,,,,
Instances/Instances 2/pcb3038_09.gt,3037,20.0,86400.0,PTVRP_LINEAR,13180096.0,177,41,0.0078,,,,,,,,,,,,,,,
Instances/Instances 2/pcb3038_10.gt,3037,20.0,86400.0,PTVRP_LINEAR,13342454.0,179,36,0.0073,,,,,,,,,,,,,,,
Instances/Instances 2/pcb442_01.gt,441,20.0,86400.0,PTVRP_LINEAR,2272159.0,31,25,0.0054,,,,,,,,,,,,,,,
Instances/Instances 2/pcb442_02.gt,441,20.0,86400.0,PTVRP_LINEAR,2279495.0,32,25,0.0059,,,,,,,,,,,,,,,
Instances/Instances 2/pcb442_03.gt,441,20.0,86400.0,PTVRP_LINEAR,2322441.0,31,25,0.0055,,,,,,,,,,,,,,,
Instances/Instances 2/pcb442_04.gt,441,20.0,86400.0,PTVRP_LINEAR,2262457.0,33,22,0.0046,,,,,,,,,,,,,,,
Instances/Instances 2/pcb442_05.gt,441,20.0,86400.0,PTVRP_LINEAR,2263619.0,32,23,0.0045,,,,,,,,,,,,,,,
Instances/Instances 2/pcb442_06.gt,441,20.0,86400.0,PTVRP_LINEAR,2352259.0,31,26,0.0054,,,,,,,,,,,,,,,
Instances/Instances 2/pcb442_07.gt,441,20.0,86400.0,PTVRP_LINEAR,2299782.0,33,24,0.0061,,,,,,,,,,,,,,,
Instances/Instances 2/pcb442_08.gt,441,20.0,86400.0,PTVRP_LINEAR,2284184.0,34,24,0.0046,,,,,,,,,,,,,,,
Instances/Instances 2/pcb442_09.gt,441,20.0,86400.0,PTVRP_LINEAR,2234424.0,32,27,0.0047,,,,,,,,,,,,,,,
Instances/Instances 2/pcb442_10.gt,441,20.0,86400.0,PTVRP_LINEAR,2283832.0,33,26,0.005,,,,,,,,,,,,,,,
Instances/Instances 2/pm8079_01.gt,8078,20.0,86400.0,PTVRP_LINEAR,24923732.0,320,82,0.0103,,,,,,,,,,,,,,,
Instances/Instances 2/pm8079_02.gt,8078,20.0,86400.0,PTVRP_LINEAR,24861022.0,322,82,0.0097,,,,,,,,,,,,,,,
Instances/Instances 2/pm8079_03.gt,8078,20.0,86400.0,PTVRP_LINEAR,24692362.0,318,80,0.0101,,,,,,,,,,,,,,,
Instances/Instances 2/pm8079_04.gt,8078,20.0,86400.0,PTVRP_LINEAR,24811734.0,319,72,0.0117,,,,,,,,,,,,,,,
Instances/Instances 2/pm8079_05.gt,8078,20.0,86400.0,PTVRP_LINEAR,24769302.0,316,88,0.0093,,,,,,,,,,,,,,,
Instances/Instances 2/pm8079_06.gt,8078,20.0,86400.0,PTVRP_LINEAR,24730416.0,316,75,0.0122,,,,,,,,,,,,,,,
Instances/Instances 2/pm8079_07.gt,8078,20.0,86400.0,PTVRP_LINEAR,24770106.0,321,73,0.0109,,,,,,,,,,,,,,,
Instances/Instances 2/pm8079_08.gt,8078,20.0,86400.0,PTVRP_LINEAR,24873605.0,319,89,0.0116,,,,,,,,,,,,,,,
Instances/Instances 2/pm8079_09.gt,8078,20.0,86400.0,PTVRP_LINEAR,24808145.0,323,75,0.0123,,,,,,,,,,,,,,,
Instances/Instances 2/pm8079_10.gt,8078,20.0,86400.0,PTVRP_LINEAR,24833456.0,320,82,0.0102,,,,,,,,,,,,,,,
Instances/Instances 2/pr1002_01.gt,1001,20.0,86400.0,PTVRP_LINEAR,14828786.0,205,18,0.0067,,,,,,,,,,,,,,,
Instances/Instances 2/pr1002_02.gt,1001,20.0,86400.0,PTVRP_LINEAR,13981664.0,198,18,0.0071,,,,,,,,,,,,,,,
Instances/Instances 2/pr1002_03.gt,1001,20.0,86400.0,PTVRP_LINEAR,14775057.0,206,17,0.0066,,,,,,,,,,,,,,,
Instances/Instances 2/pr1002_04.gt,1001,20.0,86400.0,PTVRP_LINEAR,14368436.0,197,17,0.0065,,,,,,,,,,,,,,,
Instances/Instances 2/pr1002_05.gt,1001,20.0,86400.0,PTVRP_LINEAR,14306631.0,197,15,0.007,,,,,,,,,,,,,,,
Instances/Instances 2/pr1002_06.gt,1001,20.0,86400.0,PTVRP_LINEAR,14206686.0,196,17,0.006,,,,,,,,,,,,,,,
Instances/Instances 2/pr1002_07.gt,1001,20.0,86400.0,PTVRP_LINEAR,14208926.0,199,16,0.0068,,,,,,,,,,,,,,,
Instances/Instances 2/pr1002_08.gt,1001,20.0,86400.0,PTVRP_LINEAR,14696158.0,206,17,0.0071,,,,,,,,,,,,,,,
Instances/Instances 2/pr1002_09.gt,1001,20.0,86400.0,PTVRP_LINEAR,14392739.0,199,18,0.0067,,,,,,,,,,,,,,,
Instances/Instances 2/pr1002_10.gt,1001,20.0,86400.0,PTVRP_LINEAR,14216543.0,197,19,0.0074,,,,,,,,,,,,,,,
Instances/Instances 2/pr107_01.gt,106,20.0,86400.0,PTVRP_LINEAR,1619890.0,22,16,0.0065,,,,,,,,,,,,,,,
Instances/Instances 2/pr107_02.gt,106,20.0,86400.0,PTVRP_LINEAR,1579889.0,23,15,0.0062,,,,,,,,,,,,,,,
Instances/Instances 2/pr107_03.gt,106,20.0,86400.0,PTVRP_LINEAR,1638521.0,23,13,0.0065,,,,,,,,,,,,,,,
Instances/Instances 2/pr107_04.gt,106,20.0,86400.0,PTVRP_LINEAR,1450549.0,21,16,0.0064,,,,,,,,,,,,,,,
Instances/Instances 2/pr107_05.gt,106,20.0,86400.0,PTVRP_LINEAR,1679023.0,24,13,0.0076,,,,,,,,,,,,,,,
Instances/Instances 2/pr107_06.gt,106,20.0,86400.0,PTVRP_LINEAR,1564835.0,22,14,0.0064,,,,,,,,,,,,,,,
Instances/Instances 2/pr107_07.gt,106,20.0,86400.0,PTVRP_LINEAR,1639627.0,24,15,0.0071,,,,,,,,,,,,,,,
Instances/Instances 2/pr107_08.gt,106,20.0,86400.0,PTVRP_LINEAR,1682583.0,25,15,0.0061,,,,,,,,,,,,,,,
Instances/Instances 2/pr107_09.gt,106,20.0,86400.0,PTVRP_LINEAR,1813611.0,27,16,0.0064,,,,,,,,,,,,,,,
Instances/Instances 2/pr107_10.gt,106,20.0,86400.0,PTVRP_LINEAR,1660899.0,23,14,0.0063,,,,,,,,,,,,,,,
Instances/Instances 2/pr124_01.gt,123,20.0,86400.0,PTVRP_LINEAR,1598346.0,24,10,0.0067,,,,,,,,,,,,,,,
Instances/Instances 2/pr124_02.gt,123,20.0,86400.0,PTVRP_LINEAR,1727385.0,24,10,0.0071,,,,,,,,,,,,,,,
Instances/Instances 2/pr124_03.gt,123,20.0,86400.0,PTVRP_LINEAR,1575809.0,23,10,0.0066,,,,,,,,,,,,,,,
Instances/Instances 2/pr124_04.gt,123,20.0,86400.0,PTVRP_LINEAR,1698601.0,26,10,0.0065,,,,,,,,,,,,,,,
Instances/Instances 2/pr124_05.gt,123,20.0,86400.0,PTVRP_LINEAR,1714919.0,24,11,0.0063,,,,,,,,,,,,,,,
Instances/Instances 2/pr124_06.gt,123,20.0,86400.0,PTVRP_LINEAR,1745815.0,24,14,0.0067,,,,,,,,,,,,,,,
Instances/Instances 2/pr124_07.gt,123,20.0,86400.0,PTVRP_LINEAR,1662829.0,23,12,0.0063,,,,,,,,,,,,,,,
Instances/Instances 2/pr124_08.gt,123,20.0,86400.0,PTVRP_LINEAR,1607814.0,24,13,0.0063,,,,,,,,,,,,,,,
Instances/Instances 2/pr124_09.gt,123,20.0,86400.0,PTVRP_LINEAR,1577974.0,24,11,0.0066,,,,,,,,,,,,,,,
Instances/Instances 2/pr124_10.gt,123,20.0,86400.0,PTVRP_LINEAR,1650559.0,25,13,0.0052,,,,,,,,,,,,,,,
Instances/Instances 2/pr136_01.gt,135,20.0,86400.0,PTVRP_LINEAR,2124579.0,31,8,0.0061,,,,,,,,,,,,,,,
Instances/Instances 2/pr136_02.gt,135,20.0,86400.0,PTVRP_LINEAR,2122308.0,30,9,0.007,,,,,,,,,,,,,,,
Instances/Instances 2/pr136_03.gt,135,20.0,86400.0,PTVRP_LINEAR,2116498.0,32,8,0.0065,,,,,,,,,,,,,,,
Instances/Instances 2/pr136_04.gt,135,20.0,86400.0,PTVRP_LINEAR,2155087.0,33,9,0.0061,,,,,,,,,,,,,,,
Instances/Instances 2/pr136_05.gt,135,20.0,86400.0,PTVRP_LINEAR,2186716.0,32,9,0.0064,,,,,,,,,,,,,,,
Instances/Instances 2/pr136_06.gt,135,20.0,86400.0,PTVRP_LINEAR,2196112.0,32,9,0.0064,,,,,,,,,,,,,,,
Instances/Instances 2/pr136_07.gt,135,20.0,86400.0,PTVRP_LINEAR,2107334.0,31,8,0.0082,,,,,,,,,,,,,,,
Instances/Instances 2/pr136_08.gt,135,20.0,86400.0,PTVRP_LINEAR,2060223.0,31,9,0.0047,,,,,,,,,,,,,,,
Instances/Instances 2/pr136_09.gt,135,20.0,86400.0,PTVRP_LINEAR,2117395.0,31,9,0.0054,,,,,,,,,,,,,,,
Instances/Instances 2/pr136_10.gt,135,20.0,86400.0,PTVRP_LINEAR,2188103.0,31,9,0.0065,,,,,,,,,,,,,,,
Instances/Instances 2/pr144_01.gt,143,20.0,86400.0,PTVRP_LINEAR,1874952.0,27,11,0.0047,,,,,,,,,,,,,,,
Instances/Instances 2/pr144_02.gt,143,20.0,86400.0,PTVRP_LINEAR,1784494.0,27,12,0.0045,,,,,,,,,,,,,,,
Instances/Instances 2/pr144_03.gt,143,20.0,86400.0,PTVRP_LINEAR,1883164.0,29,12,0.0069,,,,,,,,,,,,,,,
Instances/Instances 2/pr144_04.gt,143,20.0,86400.0,PTVRP_LINEAR,1911094.0,27,14,0.0052,,,,,,,,,,,,,,,
Instances/Instances 2/pr144_05.gt,143,20.0,86400.0,PTVRP_LINEAR,1893751.0,28,10,0.0045,,,,,,,,,,,,,,,
Instances/Instances 2/pr144_06.gt,143,20.0,86400.0,PTVRP_LINEAR,1958953.0,29,15,0.0067,,,,,,,,,,,,,,,
Instances/Instances 2/pr144_07.gt,143,20.0,86400.0,PTVRP_LINEAR,1868190.0,28,10,0.0047,,,,,,,,,,,,,,,
Instances/Instances 2/pr144_08.gt,143,20.0,86400.0,PTVRP_LINEAR,1815699.0,27,12,0.0045,,,,,,,,,,,,,,,
Instances/Instances 2/pr144_09.gt,143,20.0,86400.0,PTVRP_LINEAR,2061370.0,32,10,0.005,,,,,,,,,,,,,,,
Instances/Instances 2/pr144_10.gt,143,20.0,86400.0,PTVRP_LINEAR,1633445.0,24,12,0.0067,,,,,,,,,,,,,,,
Instances/Instances 2/pr152_01.gt,151,20.0,86400.0,PTVRP_LINEAR,2238398.0,35,15,0.005,,,,,,,,,,,,,,,
Instances/Instances 2/pr152_02.gt,151,20.0,86400.0,PTVRP_LINEAR,2125811.0,34,11,0.0049,,,,,,,,,,,,,,,
Instances/Instances 2/pr152_03.gt,151,20.0,86400.0,PTVRP_LINEAR,2360538.0,36,13,0.0069,,,,,,,,,,,,,,,
Instances/Instances 2/pr152_04.gt,151,20.0,86400.0,PTVRP_LINEAR,2194783.0,33,13,0.0049,,,,,,,,,,,,,,,
Instances/Instances 2/pr152_05.gt,151,20.0,86400.0,PTVRP_LINEAR,2210252.0,34,14,0.0052,,,,,,,,,,,,,,,
Instances/Instances 2/pr152_06.gt,151,20.0,86400.0,PTVRP_LINEAR,2337898.0,35,13,0.005,,,,,,,,,,,,,,,
Instances/Instances 2/pr152_07.gt,151,20.0,86400.0,PTVRP_LINEAR,2238812.0,35,12,0.0056,,,,,,,,,,,,,,,
Instances/Instances 2/pr152_08.gt,151,20.0,86400.0,PTVRP_LINEAR,2364819.0,35,15,0.005,,,,,,,,,,,,,,,
Instances/Instances 2/pr152_09.gt,151,20.0,86400.0,PTVRP_LINEAR,2181463.0,32,14,0.0046,,,,,,,,,,,,,,,
Instances/Instances 2/pr152_10.gt,151,20.0,86400.0,PTVRP_LINEAR,2252883.0,34,13,0.0067,,,,,,,,,,,,,,,
Instances/Instances 2/pr226_01.gt,225,20.0,86400.0,PTVRP_LINEAR,3759806.0,54,13,0.0049,,,,,,,,,,,,,,,
Instances/Instances 2/pr226_02.gt,225,20.0,86400.0,PTVRP_LINEAR,3811101.0,53,12,0.0056,,,,,,,,,,,,,,,
Instances/Instances 2/pr226_03.gt,225,20.0,86400.0,PTVRP_LINEAR,3507208.0,52,11,0.005,,,,,,,,,,,,,,,
Instances/Instances 2/pr226_04.gt,225,20.0,86400.0,PTVRP_LINEAR,3859545.0,57,11,0.005,,,,,,,,,,,,,,,
Instances/Instances 2/pr226_05.gt,225,20.0,86400.0,PTVRP_LINEAR,3691871.0,53,11,0.0053,,,,,,,,,,,,,,,
Instances/Instances 2/pr226_06.gt,225,20.0,86400.0,PTVRP_LINEAR,3806781.0,55,11,0.0052,,,,,,,,,,,,,,,
Instances/Instances 2/pr226_07.gt,225,20.0,86400.0,PTVRP_LINEAR,3694161.0,54,12,0.0052,,,,,,,,,,,,,,,
Instances/Instances 2/pr226_08.gt,225,20.0,86400.0,PTVRP_LINEAR,3807486.0,56,14,0.0045,,,,,,,,,,,,,,,
Instances/Instances 2/pr226_09.gt,225,20.0,86400.0,PTVRP_LINEAR,3789169.0,55,13,0.005,,,,,,,,,,,,,,,
Instances/Instances 2/pr226_10.gt,225,20.0,86400.0,PTVRP_LINEAR,3778044.0,53,11,0.007,,,,,,,,,,,,,,,
Instances/Instances 2/pr2392_01.gt,2391,20.0,86400.0,PTVRP_LINEAR,31876447.0,433,19,0.0068,,,,,,,,,,,,,,,
Instances/Instances 2/pr2392_02.gt,2391,20.0,86400.0,PTVRP_LINEAR,32552381.0,447,18,0.0086,,,,,,,,,,,,,,,
Instances/Instances 2/pr2392_03.gt,2391,20.0,86400.0,PTVRP_LINEAR,32732028.0,449,21,0.0066,,,,,,,,,,,,,,,
Instances/Instances 2/pr2392_04.gt,2391,20.0,86400.0,PTVRP_LINEAR,32665296.0,444,21,0.0073,,,,,,,,,,,,,,,
Instances/Instances 2/pr2392_05.gt,2391,20.0,86400.0,PTVRP_LINEAR,32506142.0,443,20,0.0066,,,,,,,,,,,,,,,
Instances/Instances 2/pr2392_06.gt,2391,20.0,86400.0,PTVRP_LINEAR,33651167.0,460,22,0.0068,,,,,,,,,,,,,,,
Instances/Instances 2/pr2392_07.gt,2391,20.0,86400.0,PTVRP_LINEAR,32840598.0,447,21,0.0071,,,,,,,,,,,,,,,
Instances/Instances 2/pr2392_08.gt,2391,20.0,86400.0,PTVRP_LINEAR,32998599.0,451,17,0.0071,,,,,,,,,,,,,,,
Instances/Instances 2/pr2392_09.gt,2391,20.0,86400.0,PTVRP_LINEAR,32912032.0,445,18,0.0072,,,,,,,,,,,,,,,
Instances/Instances 2/pr2392_10.gt,2391,20.0,86400.0,PTVRP_LINEAR,33089566.0,449,20,0.0083,,,,,,,,,,,,,,,
Instances/Instances 2/pr264_01.gt,263,20.0,86400.0,PTVRP_LINEAR,2724610.0,37,21,0.0062,,,,,,,,,,,,,,,
Instances/Instances 2/pr264_02.gt,263,20.0,86400.0,PTVRP_LINEAR,3021228.0,41,25,0.0065,,,,,,,,,,,,,,,
Instances/Instances 2/pr264_03.gt,263,20.0,86400.0,PTVRP_LINEAR,3046362.0,43,24,0.0065,,,,,,,,,,,,,,,
Instances/Instances 2/pr264_04.gt,263,20.0,86400.0,PTVRP_LINEAR,3048768.0,41,22,0.0069,,,,,,,,,,,,,,,
Instances/Instances 2/pr264_05.gt,263,20.0,86400.0,PTVRP_LINEAR,2823870.0,39,20,0.0076,,,,,,,,,,,,,,,
Instances/Instances 2/pr264_06.gt,263,20.0,86400.0,PTVRP_LINEAR,2848378.0,38,18,0.0072,,,,,,,,,,,,,,,
Instances/Instances 2/pr264_07.gt,263,20.0,86400.0,PTVRP_LINEAR,3055660.0,44,23,0.0064,,,,,,,,,,,,,,,
Instances/Instances 2/pr264_08.gt,263,20.0,86400.0,PTVRP_LINEAR,2985868.0,43,22,0.0068,,,,,,,,,,,,,,,
Instances/Instances 2/pr264_09.gt,263,20.0,86400.0,PTVRP_LINEAR,2884320.0,39,24,0.0072,,,,,,,,,,,,,,,
Instances/Instances 2/pr264_10.gt,263,20.0,86400.0,PTVRP_LINEAR,2993694.0,42,22,0.0062,,,,,,,,,,,,,,,
Instances/Instances 2/pr299_01.gt,298,20.0,86400.0,PTVRP_LINEAR,1991187.0,28,20,0.006,,,,,,,,,,,,,,,
Instances/Instances 2/pr299_02.gt,298,20.0,86400.0,PTVRP_LINEAR,2150601.0,31,17,0.0055,,,,,,,,,,,,,,,
Instances/Instances 2/pr299_03.gt,298,20.0,86400.0,PTVRP_LINEAR,2179453.0,32,17,0.0052,,,,,,,,,,,,,,,
Instances/Instances 2/pr299_04.gt,298,20.0,86400.0,PTVRP_LINEAR,2070821.0,28,18,0.0061,,,,,,,,,,,,,,,
Instances/Instances 2/pr299_05.gt,298,20.0,86400.0,PTVRP_LINEAR,2069476.0,28,25,0.0049,,,,,,,,,,,,,,,
Instances/Instances 2/pr299_06.gt,298,20.0,86400.0,PTVRP_LINEAR,2101069.0,29,21,0.0047,,,,,,,,,,,,,,,
Instances/Instances 2/pr299_07.gt,298,20.0,86400.0,PTVRP_LINEAR,2139833.0,30,21,0.006,,,,,,,,,,,,,,,
Instances/Instances 2/pr299_08.gt,298,20.0,86400.0,PTVRP_LINEAR,2009436.0,29,19,0.006,,,,,,,,,,,,,,,
Instances/Instances 2/pr299_09.gt,298,20.0,86400.0,PTVRP_LINEAR,2191877.0,30,20,0.0048,,,,,,,,,,,,,,,
Instances/Instances 2/pr299_10.gt,298,20.0,86400.0,PTVRP_LINEAR,2070432.0,28,21,0.0047,,,,,,,,,,,,,,,
Instances/Instances 2/pr439_01.gt,438,20.0,86400.0,PTVRP_LINEAR,4355205.0,63,17,0.0049,,,,,,,,,,,,,,,
Instances/Instances 2/pr439_02.gt,438,20.0,86400.0,PTVRP_LINEAR,4655331.0,66,19,0.0063,,,,,,,,,,,,,,,
Instances/Instances 2/pr439_03.gt,438,20.0,86400.0,PTVRP_LINEAR,4643799.0,64,19,0.0077,,,,,,,,,,,,,,,
Instances/Instances 2/pr439_04.gt,438,20.0,86400.0,PTVRP_LINEAR,4598625.0,62,23,0.0068,,,,,,,,,,,,,,,
Instances/Instances 2/pr439_05.gt,438,20.0,86400.0,PTVRP_LINEAR,4655676.0,64,19,0.0073,,,,,,,,,,,,,,,
Instances/Instances 2/pr439_06.gt,438,20.0,86400.0,PTVRP_LINEAR,4632711.0,65,21,0.0074,,,,,,,,,,,,,,,
Instances/Instances 2/pr439_07.gt,438,20.0,86400.0,PTVRP_LINEAR,4703626.0,68,18,0.0056,,,,,,,,,,,,,,,
Instances/Instances 2/pr439_08.gt,438,20.0,86400.0,PTVRP_LINEAR,4572940.0,64,17,0.0053,,,,,,,,,,,,,,,
Instances/Instances 2/pr439_09.gt,438,20.0,86400.0,PTVRP_LINEAR,4505951.0,63,19,0.0063,,,,,,,,,,,,,,,
Instances/Instances 2/pr439_10.gt,438,20.0,86400.0,PTVRP_LINEAR,4612434.0,63,19,0.005,,,,,,,,,,,,,,,
Instances/Instances 2/pr76_01.gt,75,20.0,86400.0,PTVRP_LINEAR,1528349.0,24,9,0.0067,,,,,,,,,,,,,,,
Instances/Instances 2/pr76_02.gt,75,20.0,86400.0,PTVRP_LINEAR,1490675.0,24,7,0.0054,,,,,,,,,,,,,,,
Instances/Instances 2/pr76_03.gt,75,20.0,86400.0,PTVRP_LINEAR,1578117.0,25,8,0.0061,,,,,,,,,,,,,,,
Instances/Instances 2/pr76_04.gt,75,20.0,86400.0,PTVRP_LINEAR,1305797.0,22,9,0.0074,,,,,,,,,,,,,,,
Instances/Instances 2/pr76_05.gt,75,20.0,86400.0,PTVRP_LINEAR,1543764.0,24,9,0.0054,,,,,,,,,,,,,,,
Instances/Instances 2/pr76_06.gt,75,20.0,86400.0,PTVRP_LINEAR,1401857.0,21,9,0.005,,,,,,,,,,,,,,,
Instances/Instances 2/pr76_07.gt,75,20.0,86400.0,PTVRP_LINEAR,1478924.0,25,7,0.0072,,,,,,,,,,,,,,,
Instances/Instances 2/pr76_08.gt,75,20.0,86400.0,PTVRP_LINEAR,1474376.0,23,9,0.0062,,,,,,,,,,,,,,,
Instances/Instances 2/pr76_09.gt,75,20.0,86400.0,PTVRP_LINEAR,1518576.0,25,8,0.0052,,,,,,,,,,,,,,,
Instances/Instances 2/pr76_10.gt,75,20.0,86400.0,PTVRP_LINEAR,1476269.0,24,8,0.005,,,,,,,,,,,,,,,
Instances/Instances 2/qa194_01.gt,193,20.0,86400.0,PTVRP_LINEAR,499750.0,7,55,0.0051,,,,,,,,,,,,,,,
Instances/Instances 2/qa194_02.gt,193,20.0,86400.0,PTVRP_LINEAR,465534.0,8,42,0.0056,,,,,,,,,,,,,,,
Instances/Instances 2/qa194_03.gt,193,20.0,86400.0,PTVRP_LINEAR,448731.0,8,46,0.0045,,,,,,,,,,,,,,,
Instances/Instances 2/qa194_04.gt,193,20.0,86400.0,PTVRP_LINEAR,467353.0,8,46,0.0061,,,,,,,,,,,,,,,
Instances/Instances 2/qa194_05.gt,193,20.0,86400.0,PTVRP_LINEAR,487842.0,8,47,0.0048,,,,,,,,,,,,,,,
Instances/Instances 2/qa194_06.gt,193,20.0,86400.0,PTVRP_LINEAR,486141.0,8,47,0.0071,,,,,,,,,,,,,,,
Instances/Instances 2/qa194_07.gt,193,20.0,86400.0,PTVRP_LINEAR,511159.0,7,60,0.0053,,,,,,,,,,,,,,,
Instances/Instances 2/qa194_08.gt,193,20.0,86400.0,PTVRP_LINEAR,470776.0,8,45,0.0051,,,,,,,,,,,,,,,
Instances/Instances 2/qa194_09.gt,193,20.0,86400.0,PTVRP_LINEAR,439757.0,8,43,0.0056,,,,,,,,,,,,,,,
Instances/Instances 2/qa194_10.gt,193,20.0,86400.0,PTVRP_LINEAR,451469.0,8,45,0.0052,,,,,,,,,,,,,,,
Instances/Instances 2/rat195_01.gt,194,20.0,86400.0,PTVRP_LINEAR,240428.0,3,90,0.0072,,,,,,,,,,,,,,,
Instances/Instances 2/rat195_02.gt,194,20.0,86400.0,PTVRP_LINEAR,233692.0,3,92,0.0043,,,,,,,,,,,,,,,
Instances/Instances 2/rat195_03.gt,194,20.0,86400.0,PTVRP_LINEAR,234020.0,3,89,0.0062,,,,,,,,,,,,,,,
Instances/Instances 2/rat195_04.gt,194,20.0,86400.0,PTVRP_LINEAR,227242.0,3,86,0.0055,,,,,,,,,,,,,,,
Instances/Instances 2/rat195_05.gt,194,20.0,86400.0,PTVRP_LINEAR,232875.0,3,90,0.0044,,,,,,,,,,,,,,,
Instances/Instances 2/rat195_06.gt,194,20.0,86400.0,PTVRP_LINEAR,226680.0,3,90,0.0063,,,,,,,,,,,,,,,
Instances/Instances 2/rat195_07.gt,194,20.0,86400.0,PTVRP_LINEAR,223949.0,3,83,0.0047,,,,,,,,,,,,,,,
Instances/Instances 2/rat195_08.gt,194,20.0,86400.0,PTVRP_LINEAR,226607.0,3,89,0.006,,,,,,,,,,,,,,,
Instances/Instances 2/rat195_09.gt,194,20.0,86400.0,PTVRP_LINEAR,232069.0,3,91,0.0053,,,,,,,,,,,,,,,
Instances/Instances 2/rat195_10.gt,194,20.0,86400.0,PTVRP_LINEAR,234683.0,3,92,0.005,,,,,,,,,,,,,,,
Instances/Instances 2/rat575_01.gt,574,20.0,86400.0,PTVRP_LINEAR,718454.0,11,82,0.005,,,,,,,,,,,,,,,
Instances/Instances 2/rat575_02.gt,574,20.0,86400.0,PTVRP_LINEAR,707669.0,10,83,0.0047,,,,,,,,,,,,,,,
Instances/Instances 2/rat575_03.gt,574,20.0,86400.0,PTVRP_LINEAR,702366.0,10,88,0.0062,,,,,,,,,,,,,,,
Instances/Instances 2/rat575_04.gt,574,20.0,86400.0,PTVRP_LINEAR,640493.0,12,83,0.0062,,,,,,,,,,,,,,,
Instances/Instances 2/rat575_05.gt,574,20.0,86400.0,PTVRP_LINEAR,732975.0,10,82,0.0069,,,,,,,,,,,,,,,
Instances/Instances 2/rat575_06.gt,574,20.0,86400.0,PTVRP_LINEAR,661505.0,11,81,0.0071,,,,,,,,,,,,,,,
Instances/Instances 2/rat575_07.gt,574,20.0,86400.0,PTVRP_LINEAR,654954.0,12,82,0.0072,,,,,,,,,,,,,,,
Instances/Instances 2/rat575_08.gt,574,20.0,86400.0,PTVRP_LINEAR,639111.0,12,78,0.0051,,,,,,,,,,,,,,,
Instances/Instances 2/rat575_09.gt,574,20.0,86400.0,PTVRP_LINEAR,696059.0,11,93,0.0064,,,,,,,,,,,,,,,
Instances/Instances 2/rat575_10.gt,574,20.0,86400.0,PTVRP_LINEAR,637054.0,12,83,0.005,,,,,,,,,,,,,,,
Instances/Instances 2/rat783_01.gt,782,20.0,86400.0,PTVRP_LINEAR,907192.0,16,84,0.0056,,,,,,,,,,,,,,,
Instances/Instances 2/rat783_02.gt,782,20.0,86400.0,PTVRP_LINEAR,874983.0,16,87,0.0046,,,,,,,,,,,,,,,
Instances/Instances 2/rat783_03.gt,782,20.0,86400.0,PTVRP_LINEAR,894158.0,16,85,0.0054,,,,,,,,,,,,,,,
Instances/Instances 2/rat783_04.gt,782,20.0,86400.0,PTVRP_LINEAR,870755.0,16,84,0.0048,,,,,,,,,,,,,,,
Instances/Instances 2/rat783_05.gt,782,20.0,86400.0,PTVRP_LINEAR,903664.0,16,91,0.0055,,,,,,,,,,,,,,,
Instances/Instances 2/rat783_06.gt,782,20.0,86400.0,PTVRP_LINEAR,901403.0,16,80,0.0072,,,,,,,,,,,,,,,
Instances/Instances 2/rat783_07.gt,782,20.0,86400.0,PTVRP_LINEAR,898344.0,16,92,0.0048,,,,,,,,,,,,,,,
Instances/Instances 2/rat783_08.gt,782,20.0,86400.0,PTVRP_LINEAR,924321.0,15,95,0.0051,,,,,,,,,,,,,,,
Instances/Instances 2/rat783_09.gt,782,20.0,86400.0,PTVRP_LINEAR,881324.0,16,91,0.0066,,,,,,,,,,,,,,,
Instances/Instances 2/rat783_10.gt,782,20.0,86400.0,PTVRP_LINEAR,971199.0,14,95,0.0054,,,,,,,,,,,,,,,
Instances/Instances 2/rat99_01.gt,98,20.0,86400.0,PTVRP_LINEAR,97401.0,2,84,0.0048,,,,,,,,,,,,,,,
Instances/Instances 2/rat99_02.gt,98,20.0,86400.0,PTVRP_LINEAR,98535.0,2,83,0.0044,,,,,,,,,,,,,,,
Instances/Instances 2/rat99_03.gt,98,20.0,86400.0,PTVRP_LINEAR,105320.0,2,92,0.0047,,,,,,,,,,,,,,,
Instances/Instances 2/rat99_04.gt,98,20.0,86400.0,PTVRP_LINEAR,101778.0,2,89,0.0046,,,,,,,,,,,,,,,
Instances/Instances 2/rat99_05.gt,98,20.0,86400.0,PTVRP_LINEAR,98591.0,2,89,0.0066,,,,,,,,,,,,,,,
Instances/Instances 2/rat99_06.gt,98,20.0,86400.0,PTVRP_LINEAR,106132.0,2,91,0.0042,,,,,,,,,,,,,,,
Instances/Instances 2/rat99_07.gt,98,20.0,86400.0,PTVRP_LINEAR,105670.0,2,90,0.0044,,,,,,,,,,,,,,,
Instances/Instances 2/rat99_08.gt,98,20.0,86400.0,PTVRP_LINEAR,103910.0,2,90,0.0056,,,,,,,,,,,,,,,
Instances/Instances 2/rat99_09.gt,98,20.0,86400.0,PTVRP_LINEAR,105670.0,2,90,0.0067,,,,,,,,,,,,,,,
Instances/Instances 2/rat99_10.gt,98,20.0,86400.0,PTVRP_LINEAR,98263.0,2,84,0.0052,,,,,,,,,,,,,,,
Instances/Instances 2/rd100_01.gt,99,20.0,86400.0,PTVRP_LINEAR,300271.0,4,31,0.0045,,,,,,,,,,,,,,,
Instances/Instances 2/rd100_02.gt,99,20.0,86400.0,PTVRP_LINEAR,301721.0,5,31,0.0055,,,,,,,,,,,,,,,
Instances/Instances 2/rd100_03.gt,99,20.0,86400.0,PTVRP_LINEAR,343878.0,5,33,0.005,,,,,,,,,,,,,,,
Instances/Instances 2/rd100_04.gt,99,20.0,86400.0,PTVRP_LINEAR,313246.0,5,32,0.0047,,,,,,,,,,,,,,,
Instances/Instances 2/rd100_05.gt,99,20.0,86400.0,PTVRP_LINEAR,320723.0,5,33,0.0053,,,,,,,,,,,,,,,
Instances/Instances 2/rd100_06.gt,99,20.0,86400.0,PTVRP_LINEAR,323627.0,5,31,0.0056,,,,,,,,,,,,,,,
Instances/Instances 2/rd100_07.gt,99,20.0,86400.0,PTVRP_LINEAR,329460.0,5,38,0.0054,,,,,,,,,,,,,,,
Instances/Instances 2/rd100_08.gt,99,20.0,86400.0,PTVRP_LINEAR,325649.0,5,33,0.0046,,,,,,,,,,,,,,,
Instances/Instances 2/rd100_09.gt,99,20.0,86400.0,PTVRP_LINEAR,328605.0,5,34,0.0044,,,,,,,,,,,,,,,
Instances/Instances 2/rd100_10.gt,99,20.0,86400.0,PTVRP_LINEAR,299833.0,4,28,0.0047,,,,,,,,,,,,,,,
Instances/Instances 2/rd400_01.gt,399,20.0,86400.0,PTVRP_LINEAR,891127.0,15,45,0.0062,,,,,,,,,,,,,,,
Instances/Instances 2/rd400_02.gt,399,20.0,86400.0,PTVRP_LINEAR,915247.0,14,49,0.0046,,,,,,,,,,,,,,,
Instances/Instances 2/rd400_03.gt,399,20.0,86400.0,PTVRP_LINEAR,944609.0,13,49,0.0045,,,,,,,,,,,,,,,
Instances/Instances 2/rd400_04.gt,399,20.0,86400.0,PTVRP_LINEAR,879350.0,14,47,0.0053,,,,,,,,,,,,,,,
Instances/Instances 2/rd400_05.gt,399,20.0,86400.0,PTVRP_LINEAR,883824.0,16,47,0.0057,,,,,,,,,,,,,,,
Instances/Instances 2/rd400_06.gt,399,20.0,86400.0,PTVRP_LINEAR,895309.0,15,45,0.0051,,,,,,,,,,,,,,,
Instances/Instances 2/rd400_07.gt,399,20.0,86400.0,PTVRP_LINEAR,973658.0,13,49,0.0043,,,,,,,,,,,,,,,
Instances/Instances 2/rd400_08.gt,399,20.0,86400.0,PTVRP_LINEAR,978457.0,13,50,0.0052,,,,,,,,,,,,,,,
Instances/Instances 2/rd400_09.gt,399,20.0,86400.0,PTVRP_LINEAR,928062.0,14,50,0.0063,,,,,,,,,,,,,,,
Instances/Instances 2/rd400_10.gt,399,20.0,86400.0,PTVRP_LINEAR,938482.0,14,49,0.0048,,,,,,,,,,,,,,,
Instances/Instances 2/rl11849_01.gt,11848,20.0,86400.0,PTVRP_LINEAR,178202781.0,2460,34,0.0168,,,,,,,,,,,,,,,
Instances/Instances 2/rl11849_02.gt,11848,20.0,86400.0,PTVRP_LINEAR,179850949.0,2472,37,0.0163,,,,,,,,,,,,,,,
Instances/Instances 2/rl11849_03.gt,11848,20.0,86400.0,PTVRP_LINEAR,179659325.0,2483,34,0.0178,,,,,,,,,,,,,,,
Instances/Instances 2/rl11849_04.gt,11848,20.0,86400.0,PTVRP_LINEAR,178730114.0,2461,42,0.0167,,,,,,,,,,,,,,,
Instances/Instances 2/rl11849_05.gt,11848,20.0,86400.0,PTVRP_LINEAR,181136350.0,2498,32,0.0158,,,,,,,,,,,,,,,
Instances/Instances 2/rl11849_06.gt,11848,20.0,86400.0,PTVRP_LINEAR,178296698.0,2452,39,0.0172,,,,,,,,,,,,,,,
Instances/Instances 2/rl11849_07.gt,11848,20.0,86400.0,PTVRP_LINEAR,178360114.0,2461,32,0.0167,,,,,,,,,,,,,,,
Instances/Instances 2/rl11849_08.gt,11848,20.0,86400.0,PTVRP_LINEAR,177300655.0,2444,38,0.0164,,,,,,,,,,,,,,,
Instances/Instances 2/rl11849_09.gt,11848,20.0,86400.0,PTVRP_LINEAR,178396881.0,2465,30,0.0175,,,,,,,,,,,,,,,
Instances/Instances 2/rl11849_10.gt,11848,20.0,86400.0,PTVRP_LINEAR,178613478.0,2465,34,0.0176,,,,,,,,,,,,,,,
Instances/Instances 2/rl1304_01.gt,1303,20.0,86400.0,PTVRP_LINEAR,20021403.0,282,21,0.0063,,,,,,,,,,,,,,,
Instances/Instances 2/rl1304_02.gt,1303,20.0,86400.0,PTVRP_LINEAR,20367391.0,282,18,0.0068,,,,,,,,,,,,,,,
Instances/Instances 2/rl1304_03.gt,1303,20.0,86400.0,PTVRP_LINEAR,20493400.0,282,23,0.0076,,,,,,,,,,,,,,,
Instances/Instances 2/rl1304_04.gt,1303,20.0,86400.0,PTVRP_LINEAR,19674775.0,275,21,0.0055,,,,,,,,,,,,,,,
Instances/Instances 2/rl1304_05.gt,1303,20.0,86400.0,PTVRP_LINEAR,20343771.0,280,19,0.0057,,,,,,,,,,,,,,,
Instances/Instances 2/rl1304_06.gt,1303,20.0,86400.0,PTVRP_LINEAR,19748912.0,276,23,0.0055,,,,,,,,,,,,,,,
Instances/Instances 2/rl1304_07.gt,1303,20.0,86400.0,PTVRP_LINEAR,20184998.0,282,19,0.0055,,,,,,,,,,,,,,,
Instances/Instances 2/rl1304_08.gt,1303,20.0,86400.0,PTVRP_LINEAR,20173090.0,283,18,0.0068,,,,,,,,,,,,,,,
Instances/Instances 2/rl1304_09.gt,1303,20.0,86400.0,PTVRP_LINEAR,20725966.0,291,18,0.0068,,,,,,,,,,,,,,,
Instances/Instances 2/rl1304_10.gt,1303,20.0,86400.0,PTVRP_LINEAR,20043709.0,280,19,0.0055,,,,,,,,,,,,,,,
Instances/Instances 2/rl1323_01.gt,1322,20.0,86400.0,PTVRP_LINEAR,22035401.0,305,19,0.0058,,,,,,,,,,,,,,,
Instances/Instances 2/rl1323_02.gt,1322,20.0,86400.0,PTVRP_LINEAR,20896105.0,291,21,0.0063,,,,,,,,,,,,,,,
Instances/Instances 2/rl1323_03.gt,1322,20.0,86400.0,PTVRP_LINEAR,20917053.0,294,17,0.0068,,,,,,,,,,,,,,,
Instances/Instances 2/rl1323_04.gt,1322,20.0,86400.0,PTVRP_LINEAR,21044517.0,292,25,0.0061,,,,,,,,,,,,,,,
Instances/Instances 2/rl1323_05.gt,1322,20.0,86400.0,PTVRP_LINEAR,21047718.0,294,21,0.006,,,,,,,,,,,,,,,
Instances/Instances 2/rl1323_06.gt,1322,20.0,86400.0,PTVRP_LINEAR,21174363.0,293,18,0.0072,,,,,,,,,,,,,,,
Instances/Instances 2/rl1323_07.gt,1322,20.0,86400.0,PTVRP_LINEAR,21266282.0,300,17,0.007,,,,,,,,,,,,,,,
Instances/Instances 2/rl1323_08.gt,1322,20.0,86400.0,PTVRP_LINEAR,21135185.0,294,20,0.0062,,,,,,,,,,,,,,,
Instances/Instances 2/rl1323_09.gt,1322,20.0,86400.0,PTVRP_LINEAR,21043729.0,292,19,0.0058,,,,,,,,,,,,,,,
Instances/Instances 2/rl1323_10.gt,1322,20.0,86400.0,PTVRP_LINEAR,21779698.0,307,18,0.006,,,,,,,,,,,,,,,
Instances/Instances 2/rl1889_01.gt,1888,20.0,86400.0,PTVRP_LINEAR,31612488.0,445,24,0.006,,,,,,,,,,,,,,,
Instances/Instances 2/rl1889_02.gt,1888,20.0,86400.0,PTVRP_LINEAR,31439967.0,445,24,0.0062,,,,,,,,,,,,,,,
Instances/Instances 2/rl1889_03.gt,1888,20.0,86400.0,PTVRP_LINEAR,32032261.0,450,17,0.0063,,,,,,,,,,,,,,,
Instances/Instances 2/rl1889_04.gt,1888,20.0,86400.0,PTVRP_LINEAR,31737707.0,455,17,0.0066,,,,,,,,,,,,,,,
Instances/Instances 2/rl1889_05.gt,1888,20.0,86400.0,PTVRP_LINEAR,32333147.0,453,21,0.0067,,,,,,,,,,,,,,,
Instances/Instances 2/rl1889_06.gt,1888,20.0,86400.0,PTVRP_LINEAR,31854389.0,451,19,0.0065,,,,,,,,,,,,,,,
Instances/Instances 2/rl1889_07.gt,1888,20.0,86400.0,PTVRP_LINEAR,32413620.0,458,19,0.0079,,,,,,,,,,,,,,,
Instances/Instances 2/rl1889_08.gt,1888,20.0,86400.0,PTVRP_LINEAR,31687206.0,443,16,0.008,,,,,,,,,,,,,,,
Instances/Instances 2/rl1889_09.gt,1888,20.0,86400.0,PTVRP_LINEAR,31969391.0,445,19,0.0069,,,,,,,,,,,,,,,
Instances/Instances 2/rl1889_10.gt,1888,20.0,86400.0,PTVRP_LINEAR,31949112.0,452,19,0.0074,,,,,,,,,,,,,,,
Instances/Instances 2/rl5915_01.gt,5914,20.0,86400.0,PTVRP_LINEAR,86831200.0,1197,31,0.0125,,,,,,,,,,,,,,,
Instances/Instances 2/rl5915_02.gt,5914,20.0,86400.0,PTVRP_LINEAR,87976866.0,1213,25,0.0118,,,,,,,,,,,,,,,
Instances/Instances 2/rl5915_03.gt,5914,20.0,86400.0,PTVRP_LINEAR,89115832.0,1238,24,0.0115,,,,,,,,,,,,,,,
Instances/Instances 2/rl5915_04.gt,5914,20.0,86400.0,PTVRP_LINEAR,88134726.0,1222,23,0.0115,,,,,,,,,,,,,,,
Instances/Instances 2/rl5915_05.gt,5914,20.0,86400.0,PTVRP_LINEAR,88019583.0,1222,25,0.0106,,,,,,,,,,,,,,,
Instances/Instances 2/rl5915_06.gt,5914,20.0,86400.0,PTVRP_LINEAR,89159999.0,1226,24,0.011,,,,,,,,,,,,,,,
Instances/Instances 2/rl5915_07.gt,5914,20.0,86400.0,PTVRP_LINEAR,86889063.0,1197,30,0.0103,,,,,,,,,,,,,,,
Instances/Instances 2/rl5915_08.gt,5914,20.0,86400.0,PTVRP_LINEAR,88724286.0,1229,23,0.0106,,,,,,,,,,,,,,,
Instances/Instances 2/rl5915_09.gt,5914,20.0,86400.0,PTVRP_LINEAR,87820297.0,1212,27,0.0106,,,,,,,,,,,,,,,
Instances/Instances 2/rl5915_10.gt,5914,20.0,86400.0,PTVRP_LINEAR,88174148.0,1213,25,0.0111,,,,,,,,,,,,,,,
Instances/Instances 2/rl5934_01.gt,5933,20.0,86400.0,PTVRP_LINEAR,87813434.0,1219,26,0.0126,,,,,,,,,,,,,,,
Instances/Instances 2/rl5934_02.gt,5933,20.0,86400.0,PTVRP_LINEAR,87392104.0,1206,25,0.0117,,,,,,,,,,,,,,,
Instances/Instances 2/rl5934_03.gt,5933,20.0,86400.0,PTVRP_LINEAR,86991906.0,1195,23,0.0109,,,,,,,,,,,,,,,
Instances/Instances 2/rl5934_04.gt,5933,20.0,86400.0,PTVRP_LINEAR,88383209.0,1223,26,0.0109,,,,,,,,,,,,,,,
Instances/Instances 2/rl5934_05.gt,5933,20.0,86400.0,PTVRP_LINEAR,86919191.0,1188,28,0.0123,,,,,,,,,,,,,,,
Instances/Instances 2/rl5934_06.gt,5933,20.0,86400.0,PTVRP_LINEAR,87788214.0,1222,27,0.0108,,,,,,,,,,,,,,,
Instances/Instances 2/rl5934_07.gt,5933,20.0,86400.0,PTVRP_LINEAR,88072643.0,1207,26,0.0109,,,,,,,,,,,,,,,
Instances/Instances 2/rl5934_08.gt,5933,20.0,86400.0,PTVRP_LINEAR,87427886.0,1212,24,0.0098,,,,,,,,,,,,,,,
Instances/Instances 2/rl5934_09.gt,5933,20.0,86400.0,PTVRP_LINEAR,87111233.0,1203,26,0.0122,,,,,,,,,,,,,,,
Instances/Instances 2/rl5934_10.gt,5933,20.0,86400.0,PTVRP_LINEAR,88044400.0,1227,23,0.011,,,,,,,,,,,,,,,
Instances/Instances 2/rw1621_01.gt,1620,20.0,86400.0,PTVRP_LINEAR,3382901.0,47,67,0.0055,,,,,,,,,,,,,,,
Instances/Instances 2/rw1621_02.gt,1620,20.0,86400.0,PTVRP_LINEAR,3356196.0,46,75,0.0059,,,,,,,,,,,,,,,
Instances/Instances 2/rw1621_03.gt,1620,20.0,86400.0,PTVRP_LINEAR,3355126.0,46,79,0.0064,,,,,,,,,,,,,,,
Instances/Instances 2/rw1621_04.gt,1620,20.0,86400.0,PTVRP_LINEAR,3366155.0,47,77,0.0064,,,,,,,,,,,,,,,
Instances/Instances 2/rw1621_05.gt,1620,20.0,86400.0,PTVRP_LINEAR,3337263.0,49,62,0.0067,,,,,,,,,,,,,,,
Instances/Instances 2/rw1621_06.gt,1620,20.0,86400.0,PTVRP_LINEAR,3328669.0,46,72,0.0052,,,,,,,,,,,,,,,
Instances/Instances 2/rw1621_07.gt,1620,20.0,86400.0,PTVRP_LINEAR,3320849.0,46,68,0.006,,,,,,,,,,,,,,,
Instances/Instances 2/rw1621_08.gt,1620,20.0,86400.0,PTVRP_LINEAR,3337522.0,45,74,0.0054,,,,,,,,,,,,,,,
Instances/Instances 2/rw1621_09.gt,1620,20.0,86400.0,PTVRP_LINEAR,3358148.0,47,74,0.0072,,,,,,,,,,,,,,,
Instances/Instances 2/rw1621_10.gt,1620,20.0,86400.0,PTVRP_LINEAR,3309484.0,46,69,0.0066,,,,,,,,,,,,,,,
Instances/Instances 2/st70_01.gt,69,20.0,86400.0,PTVRP_LINEAR,59280.0,1,76,0.0062,,,,,,,,,,,,,,,
Instances/Instances 2/st70_02.gt,69,20.0,86400.0,PTVRP_LINEAR,63180.0,1,81,0.0069,,,,,,,,,,,,,,,
Instances/Instances 2/st70_03.gt,69,20.0,86400.0,PTVRP_LINEAR,68640.0,1,88,0.0063,,,,,,,,,,,,,,,
Instances/Instances 2/st70_04.gt,69,20.0,86400.0,PTVRP_LINEAR,65520.0,1,84,0.0059,,,,,,,,,,,,,,,
Instances/Instances 2/st70_05.gt,69,20.0,86400.0,PTVRP_LINEAR,71760.0,1,92,0.0067,,,,,,,,,,,,,,,
Instances/Instances 2/st70_06.gt,69,20.0,86400.0,PTVRP_LINEAR,67080.0,1,86,0.0063,,,,,,,,,,,,,,,
Instances/Instances 2/st70_07.gt,69,20.0,86400.0,PTVRP_LINEAR,64740.0,1,83,0.0064,,,,,,,,,,,,,,,
Instances/Instances 2/st70_08.gt,69,20.0,86400.0,PTVRP_LINEAR,66300.0,1,85,0.0059,,,,,,,,,,,,,,,
Instances/Instances 2/st70_09.gt,69,20.0,86400.0,PTVRP_LINEAR,73320.0,1,94,0.0061,,,,,,,,,,,,,,,
Instances/Instances 2/st70_10.gt,69,20.0,86400.0,PTVRP_LINEAR,64740.0,1,83,0.0062,,,,,,,,,,,,,,,
Instances/Instances 2/sw24978_01.gt,24977,20.0,86400.0,PTVRP_LINEAR,226321288.0,2976,51,0.0295,,,,,,,,,,,,,,,
Instances/Instances 2/sw24978_02.gt,24977,20.0,86400.0,PTVRP_LINEAR,226036109.0,2972,45,0.0268,,,,,,,,,,,,,,,
Instances/Instances 2/sw24978_03.gt,24977,20.0,86400.0,PTVRP_LINEAR,226040206.0,2964,53,0.026,,,,,,,,,,,,,,,
Instances/Instances 2/sw24978_04.gt,24977,20.0,86400.0,PTVRP_LINEAR,227562133.0,2987,44,0.03,,,,,,,,,,,,,,,
Instances/Instances 2/sw24978_05.gt,24977,20.0,86400.0,PTVRP_LINEAR,224126750.0,2943,47,0.0268,,,,,,,,,,,,,,,
Instances/Instances 2/sw24978_06.gt,24977,20.0,86400.0,PTVRP_LINEAR,228225108.0,3013,47,0.0281,,,,,,,,,,,,,,,
Instances/Instances 2/sw24978_07.gt,24977,20.0,86400.0,PTVRP_LINEAR,226380820.0,2977,46,0.0277,,,,,,,,,,,,,,,
Instances/Instances 2/sw24978_08.gt,24977,20.0,86400.0,PTVRP_LINEAR,225574205.0,2970,49,0.0257,,,,,,,,,,,,,,,
Instances/Instances 2/sw24978_09.gt,24977,20.0,86400.0,PTVRP_LINEAR,226393520.0,2986,51,0.026,,,,,,,,,,,,,,,
Instances/Instances 2/sw24978_10.gt,24977,20.0,86400.0,PTVRP_LINEAR,226993179.0,2975,48,0.025,,,,,,,,,,,,,,,
Instances/Instances 2/ts225_01.gt,224,20.0,86400.0,PTVRP_LINEAR,3736300.0,56,10,0.0051,,,,,,,,,,,,,,,
Instances/Instances 2/ts225_02.gt,224,20.0,86400.0,PTVRP_LINEAR,4112399.0,58,10,0.005,,,,,,,,,,,,,,,
Instances/Instances 2/ts225_03.gt,224,20.0,86400.0,PTVRP_LINEAR,3762736.0,55,12,0.0059,,,,,,,,,,,,,,,
Instances/Instances 2/ts225_04.gt,224,20.0,86400.0,PTVRP_LINEAR,3896334.0,58,11,0.0059,,,,,,,,,,,,,,,
Instances/Instances 2/ts225_05.gt,224,20.0,86400.0,PTVRP_LINEAR,3801635.0,56,10,0.0061,,,,,,,,,,,,,,,
Instances/Instances 2/ts225_06.gt,224,20.0,86400.0,PTVRP_LINEAR,3651046.0,50,12,0.0045,,,,,,,,,,,,,,,
Instances/Instances 2/ts225_07.gt,224,20.0,86400.0,PTVRP_LINEAR,3569042.0,51,12,0.0054,,,,,,,,,,,,,,,
Instances/Instances 2/ts225_08.gt,224,20.0,86400.0,PTVRP_LINEAR,3645155.0,53,9,0.0064,,,,,,,,,,,,,,,
Instances/Instances 2/ts225_09.gt,224,20.0,86400.0,PTVRP_LINEAR,3831770.0,55,11,0.0048,,,,,,,,,,,,,,,
Instances/Instances 2/ts225_10.gt,224,20.0,86400.0,PTVRP_LINEAR,3762720.0,57,10,0.0046,,,,,,,,,,,,,,,
Instances/Instances 2/tsp225_01.gt,224,20.0,86400.0,PTVRP_LINEAR,332892.0,5,77,0.0057,,,,,,,,,,,,,,,
Instances/Instances 2/tsp225_02.gt,224,20.0,86400.0,PTVRP_LINEAR,349311.0,5,80,0.0068,,,,,,,,,,,,,,,
Instances/Instances 2/tsp225_03.gt,224,20.0,86400.0,PTVRP_LINEAR,334236.0,5,77,0.0052,,,,,,,,,,,,,,,
Instances/Instances 2/tsp225_04.gt,224,20.0,86400.0,PTVRP_LINEAR,329143.0,5,75,0.0048,,,,,,,,,,,,,,,
Instances/Instances 2/tsp225_05.gt,224,20.0,86400.0,PTVRP_LINEAR,339808.0,5,79,0.0046,,,,,,,,,,,,,,,
Instances/Instances 2/tsp225_06.gt,224,20.0,86400.0,PTVRP_LINEAR,317013.0,5,69,0.0055,,,,,,,,,,,,,,,
Instances/Instances 2/tsp225_07.gt,224,20.0,86400.0,PTVRP_LINEAR,322814.0,5,75,0.0053,,,,,,,,,,,,,,,
Instances/Instances 2/tsp225_08.gt,224,20.0,86400.0,PTVRP_LINEAR,327147.0,5,71,0.0048,,,,,,,,,,,,,,,
Instances/Instances 2/tsp225_09.gt,224,20.0,86400.0,PTVRP_LINEAR,330901.0,5,81,0.0067,,,,,,,,,,,,,,,
Instances/Instances 2/tsp225_10.gt,224,20.0,86400.0,PTVRP_LINEAR,339510.0,5,81,0.0066,,,,,,,,,,,,,,,
Instances/Instances 2/tz6117_01.gt,6116,20.0,86400.0,PTVRP_LINEAR,64446078.0,847,30,0.0108,,,,,,,,,,,,,,,
Instances/Instances 2/tz6117_02.gt,6116,20.0,86400.0,PTVRP_LINEAR,65561955.0,868,27,0.0123,,,,,,,,,,,,,,,
Instances/Instances 2/tz6117_03.gt,6116,20.0,86400.0,PTVRP_LINEAR,64915023.0,855,39,0.0106,,,,,,,,,,,,,,,
Instances/Instances 2/tz6117_04.gt,6116,20.0,86400.0,PTVRP_LINEAR,65404226.0,868,38,0.0114,,,,,,,,,,,,,,,
Instances/Instances 2/tz6117_05.gt,6116,20.0,86400.0,PTVRP_LINEAR,63817852.0,846,28,0.0116,,,,,,,,,,,,,,,
Instances/Instances 2/tz6117_06.gt,6116,20.0,86400.0,PTVRP_LINEAR,65538645.0,867,33,0.0101,,,,,,,,,,,,,,,
Instances/Instances 2/tz6117_07.gt,6116,20.0,86400.0,PTVRP_LINEAR,65103532.0,861,30,0.0102,,,,,,,,,,,,,,,
Instances/Instances 2/tz6117_08.gt,6116,20.0,86400.0,PTVRP_LINEAR,64440221.0,854,28,0.01,,,,,,,,,,,,,,,
Instances/Instances 2/tz6117_09.gt,6116,20.0,86400.0,PTVRP_LINEAR,64399517.0,849,29,0.0108,,,,,,,,,,,,,,,
Instances/Instances 2/tz6117_10.gt,6116,20.0,86400.0,PTVRP_LINEAR,64580527.0,850,28,0.0112,,,,,,,,,,,,,,,
Instances/Instances 2/u1060_01.gt,1059,20.0,86400.0,PTVRP_LINEAR,15069613.0,205,20,0.0057,,,,,,,,,,,,,,,
Instances/Instances 2/u1060_02.gt,1059,20.0,86400.0,PTVRP_LINEAR,14955620.0,206,20,0.0056,,,,,,,,,,,,,,,
Instances/Instances 2/u1060_03.gt,1059,20.0,86400.0,PTVRP_LINEAR,14987220.0,207,21,0.008,,,,,,,,,,,,,,,
Instances/Instances 2/u1060_04.gt,1059,20.0,86400.0,PTVRP_LINEAR,15158580.0,211,20,0.0057,,,,,,,,,,,,,,,
Instances/Instances 2/u1060_05.gt,1059,20.0,86400.0,PTVRP_LINEAR,14898945.0,205,18,0.0054,,,,,,,,,,,,,,,
Instances/Instances 2/u1060_06.gt,1059,20.0,86400.0,PTVRP_LINEAR,14848783.0,205,20,0.0054,,,,,,,,,,,,,,,
Instances/Instances 2/u1060_07.gt,1059,20.0,86400.0,PTVRP_LINEAR,14775164.0,205,18,0.0066,,,,,,,,,,,,,,,
Instances/Instances 2/u1060_08.gt,1059,20.0,86400.0,PTVRP_LINEAR,14938556.0,207,18,0.0052,,,,,,,,,,,,,,,
Instances/Instances 2/u1060_09.gt,1059,20.0,86400.0,PTVRP_LINEAR,14708188.0,205,19,0.0053,,,,,,,,,,,,,,,
Instances/Instances 2/u1060_10.gt,1059,20.0,86400.0,PTVRP_LINEAR,15062929.0,213,18,0.0053,,,,,,,,,,,,,,,
Instances/Instances 2/u1432_01.gt,1431,20.0,86400.0,PTVRP_LINEAR,9343631.0,126,23,0.0054,,,,,,,,,,,,,,,
Instances/Instances 2/u1432_02.gt,1431,20.0,86400.0,PTVRP_LINEAR,9712079.0,131,27,0.006,,,,,,,,,,,,,,,
Instances/Instances 2/u1432_03.gt,1431,20.0,86400.0,PTVRP_LINEAR,9547827.0,125,28,0.0063,,,,,,,,,,,,,,,
Instances/Instances 2/u1432_04.gt,1431,20.0,86400.0,PTVRP_LINEAR,9534418.0,129,28,0.0068,,,,,,,,,,,,,,,
Instances/Instances 2/u1432_05.gt,1431,20.0,86400.0,PTVRP_LINEAR,9668698.0,131,24,0.0074,,,,,,,,,,,,,,,
Instances/Instances 2/u1432_06.gt,1431,20.0,86400.0,PTVRP_LINEAR,9699930.0,128,26,0.0061,,,,,,,,,,,,,,,
Instances/Instances 2/u1432_07.gt,1431,20.0,86400.0,PTVRP_LINEAR,9761161.0,131,27,0.0059,,,,,,,,,,,,,,,
Instances/Instances 2/u1432_08.gt,1431,20.0,86400.0,PTVRP_LINEAR,9702373.0,131,23,0.0057,,,,,,,,,,,,,,,
Instances/Instances 2/u1432_09.gt,1431,20.0,86400.0,PTVRP_LINEAR,9757987.0,129,27,0.0053,,,,,,,,,,,,,,,
Instances/Instances 2/u1432_10.gt,1431,20.0,86400.0,PTVRP_LINEAR,9669733.0,130,26,0.0067,,,,,,,,,,,,,,,
Instances/Instances 2/u159_01.gt,158,20.0,86400.0,PTVRP_LINEAR,1327982.0,20,15,0.0061,,,,,,,,,,,,,,,
Instances/Instances 2/u159_02.gt,158,20.0,86400.0,PTVRP_LINEAR,1276515.0,19,15,0.0063,,,,,,,,,,,,,,,
Instances/Instances 2/u159_03.gt,158,20.0,86400.0,PTVRP_LINEAR,1234537.0,17,15,0.006,,,,,,,,,,,,,,,
Instances/Instances 2/u159_04.gt,158,20.0,86400.0,PTVRP_LINEAR,1178863.0,19,13,0.0046,,,,,,,,,,,,,,,
Instances/Instances 2/u159_05.gt,158,20.0,86400.0,PTVRP_LINEAR,1256835.0,19,15,0.0053,,,,,,,,,,,,,,,
Instances/Instances 2/u159_06.gt,158,20.0,86400.0,PTVRP_LINEAR,1129752.0,18,15,0.0063,,,,,,,,,,,,,,,
Instances/Instances 2/u159_07.gt,158,20.0,86400.0,PTVRP_LINEAR,1251965.0,19,13,0.0064,,,,,,,,,,,,,,,
Instances/Instances 2/u159_08.gt,158,20.0,86400.0,PTVRP_LINEAR,1332851.0,18,15,0.0048,,,,,,,,,,,,,,,
Instances/Instances 2/u159_09.gt,158,20.0,86400.0,PTVRP_LINEAR,1260179.0,19,17,0.0053,,,,,,,,,,,,,,,
Instances/Instances 2/u159_10.gt,158,20.0,86400.0,PTVRP_LINEAR,1281576.0,19,16,0.005,,,,,,,,,,,,,,,
Instances/Instances 2/u1817_01.gt,1816,20.0,86400.0,PTVRP_LINEAR,5738387.0,76,45,0.006,,,,,,,,,,,,,,,
Instances/Instances 2/u1817_02.gt,1816,20.0,86400.0,PTVRP_LINEAR,5670730.0,79,46,0.0053,,,,,,,,,,,,,,,
Instances/Instances 2/u1817_03.gt,1816,20.0,86400.0,PTVRP_LINEAR,5672979.0,79,52,0.0059,,,,,,,,,,,,,,,
Instances/Instances 2/u1817_04.gt,1816,20.0,86400.0,PTVRP_LINEAR,5774575.0,80,44,0.0065,,,,,,,,,,,,,,,
Instances/Instances 2/u1817_05.gt,1816,20.0,86400.0,PTVRP_LINEAR,5620096.0,79,44,0.0063,,,,,,,,,,,,,,,
Instances/Instances 2/u1817_06.gt,1816,20.0,86400.0,PTVRP_LINEAR,5578874.0,79,45,0.0057,,,,,,,,,,,,,,,
Instances/Instances 2/u1817_07.gt,1816,20.0,86400.0,PTVRP_LINEAR,5665538.0,81,43,0.0056,,,,,,,,,,,,,,,
Instances/Instances 2/u1817_08.gt,1816,20.0,86400.0,PTVRP_LINEAR,5552669.0,81,42,0.0074,,,,,,,,,,,,,,,
Instances/Instances 2/u1817_09.gt,1816,20.0,86400.0,PTVRP_LINEAR,5689804.0,79,48,0.0079,,,,,,,,,,,,,,,
Instances/Instances 2/u1817_10.gt,1816,20.0,86400.0,PTVRP_LINEAR,5606510.0,81,54,0.0057,,,,,,,,,,,,,,,
Instances/Instances 2/u2152_01.gt,2151,20.0,86400.0,PTVRP_LINEAR,6694885.0,90,50,0.0062,,,,,,,,,,,,,,,
Instances/Instances 2/u2152_02.gt,2151,20.0,86400.0,PTVRP_LINEAR,6776837.0,91,51,0.0087,,,,,,,,,,,,,,,
Instances/Instances 2/u2152_03.gt,2151,20.0,86400.0,PTVRP_LINEAR,6838228.0,88,57,0.0062,,,,,,,,,,,,,,,
Instances/Instances 2/u2152_04.gt,2151,20.0,86400.0,PTVRP_LINEAR,6658799.0,92,44,0.007,,,,,,,,,,,,,,,
Instances/Instances 2/u2152_05.gt,2151,20.0,86400.0,PTVRP_LINEAR,6603167.0,93,44,0.0067,,,,,,,,,,,,,,,
Instances/Instances 2/u2152_06.gt,2151,20.0,86400.0,PTVRP_LINEAR,6711875.0,92,45,0.0066,,,,,,,,,,,,,,,
Instances/Instances 2/u2152_07.gt,2151,20.0,86400.0,PTVRP_LINEAR,6781153.0,88,51,0.0063,,,,,,,,,,,,,,,
Instances/Instances 2/u2152_08.gt,2151,20.0,86400.0,PTVRP_LINEAR,6704347.0,91,49,0.0084,,,,,,,,,,,,,,,
Instances/Instances 2/u2152_09.gt,2151,20.0,86400.0,PTVRP_LINEAR,6642483.0,90,49,0.0064,,,,,,,,,,,,,,,
Instances/Instances 2/u2152_10.gt,2151,20.0,86400.0,PTVRP_LINEAR,6678260.0,95,44,0.0057,,,,,,,,,,,,,,,
Instances/Instances 2/u2319_01.gt,2318,20.0,86400.0,PTVRP_LINEAR,14750912.0,203,27,0.0083,,,,,,,,,,,,,,,
Instances/Instances 2/u2319_02.gt,2318,20.0,86400.0,PTVRP_LINEAR,14865778.0,201,28,0.0069,,,,,,,,,,,,,,,
Instances/Instances 2/u2319_03.gt,2318,20.0,86400.0,PTVRP_LINEAR,14901007.0,200,30,0.008,,,,,,,,,,,,,,,
Instances/Instances 2/u2319_04.gt,2318,20.0,86400.0,PTVRP_LINEAR,14853145.0,204,32,0.0074,,,,,,,,,,,,,,,
Instances/Instances 2/u2319_05.gt,2318,20.0,86400.0,PTVRP_LINEAR,14661034.0,197,27,0.007,,,,,,,,,,,,,,,
Instances/Instances 2/u2319_06.gt,2318,20.0,86400.0,PTVRP_LINEAR,14849661.0,200,25,0.0068,,,,,,,,,,,,,,,
Instances/Instances 2/u2319_07.gt,2318,20.0,86400.0,PTVRP_LINEAR,14729860.0,201,29,0.0094,,,,,,,,,,,,,,,
Instances/Instances 2/u2319_08.gt,2318,20.0,86400.0,PTVRP_LINEAR,14945525.0,198,29,0.0065,,,,,,,,,,,,,,,
Instances/Instances 2/u2319_09.gt,2318,20.0,86400.0,PTVRP_LINEAR,14872767.0,203,27,0.0066,,,,,,,,,,,,,,,
Instances/Instances 2/u2319_10.gt,2318,20.0,86400.0,PTVRP_LINEAR,14861805.0,201,27,0.0075,,,,,,,,,,,,,,,
Instances/Instances 2/u574_01.gt,573,20.0,86400.0,PTVRP_LINEAR,2176507.0,31,33,0.0048,,,,,,,,,,,,,,,
Instances/Instances 2/u574_02.gt,573,20.0,86400.0,PTVRP_LINEAR,2098829.0,34,31,0.0067,,,,,,,,,,,,,,,
Instances/Instances 2/u574_03.gt,573,20.0,86400.0,PTVRP_LINEAR,2026509.0,32,33,0.0065,,,,,,,,,,,,,,,
Instances/Instances 2/u574_04.gt,573,20.0,86400.0,PTVRP_LINEAR,2072633.0,31,33,0.0053,,,,,,,,,,,,,,,
Instances/Instances 2/u574_05.gt,573,20.0,86400.0,PTVRP_LINEAR,2105450.0,30,37,0.0057,,,,,,,,,,,,,,,
Instances/Instances 2/u574_06.gt,573,20.0,86400.0,PTVRP_LINEAR,2192642.0,32,34,0.0059,,,,,,,,,,,,,,,
Instances/Instances 2/u574_07.gt,573,20.0,86400.0,PTVRP_LINEAR,2132866.0,31,35,0.0067,,,,,,,,,,,,,,,
Instances/Instances 2/u574_08.gt,573,20.0,86400.0,PTVRP_LINEAR,2141068.0,31,34,0.0048,,,,,,,,,,,,,,,
Instances/Instances 2/u574_09.gt,573,20.0,86400.0,PTVRP_LINEAR,2038892.0,30,33,0.0048,,,,,,,,,,,,,,,
Instances/Instances 2/u574_10.gt,573,20.0,86400.0,PTVRP_LINEAR,2135139.0,30,39,0.0071,,,,,,,,,,,,,,,
Instances/Instances 2/u724_01.gt,723,20.0,86400.0,PTVRP_LINEAR,2637987.0,39,32,0.005,,,,,,,,,,,,,,,
Instances/Instances 2/u724_02.gt,723,20.0,86400.0,PTVRP_LINEAR,2635033.0,38,36,0.0063,,,,,,,,,,,,,,,
Instances/Instances 2/u724_03.gt,723,20.0,86400.0,PTVRP_LINEAR,2579254.0,38,35,0.005,,,,,,,,,,,,,,,
Instances/Instances 2/u724_04.gt,723,20.0,86400.0,PTVRP_LINEAR,2638865.0,39,36,0.0065,,,,,,,,,,,,,,,
Instances/Instances 2/u724_05.gt,723,20.0,86400.0,PTVRP_LINEAR,2709376.0,38,37,0.005,,,,,,,,,,,,,,,
Instances/Instances 2/u724_06.gt,723,20.0,86400.0,PTVRP_LINEAR,2599409.0,42,36,0.005,,,,,,,,,,,,,,,
Instances/Instances 2/u724_07.gt,723,20.0,86400.0,PTVRP_LINEAR,2597500.0,36,34,0.0047,,,,,,,,,,,,,,,
Instances/Instances 2/u724_08.gt,723,20.0,86400.0,PTVRP_LINEAR,2648137.0,36,36,0.0052,,,,,,,,,,,,,,,
Instances/Instances 2/u724_09.gt,723,20.0,86400.0,PTVRP_LINEAR,2703333.0,38,35,0.0055,,,,,,,,,,,,,,,
Instances/Instances 2/u724_10.gt,723,20.0,86400.0,PTVRP_LINEAR,2633779.0,37,37,0.005,,,,,,,,,,,,,,,
Instances/Instances 2/usa13509_01.gt,13508,20.0,86400.0,PTVRP_LINEAR,5522604725.0,13177,10,0.057,,,,,,,,,,,,,,,
Instances/Instances 2/usa13509_02.gt,13508,20.0,86400.0,PTVRP_LINEAR,5442346344.0,13173,9,0.0702,,,,,,,,,,,,,,,
Instances/Instances 2/usa13509_03.gt,13508,20.0,86400.0,PTVRP_LINEAR,5473726253.0,13169,10,0.0581,,,,,,,,,,,,,,,
Instances/Instances 2/usa13509_04.gt,13508,20.0,86400.0,PTVRP_LINEAR,5444995275.0,13156,9,0.0566,,,,,,,,,,,,,,,
Instances/Instances 2/usa13509_05.gt,13508,20.0,86400.0,PTVRP_LINEAR,5521356232.0,13177,9,0.0616,,,,,,,,,,,,,,,
Instances/Instances 2/usa13509_06.gt,13508,20.0,86400.0,PTVRP_LINEAR,5483331620.0,13125,10,0.0584,,,,,,,,,,,,,,,
Instances/Instances 2/usa13509_07.gt,13508,20.0,86400.0,PTVRP_LINEAR,5510257032.0,13161,10,0.0672,,,,,,,,,,,,,,,
Instances/Instances 2/usa13509_08.gt,13508,20.0,86400.0,PTVRP_LINEAR,5483414789.0,13168,9,0.0772,,,,,,,,,,,,,,,
Instances/Instances 2/usa13509_09.gt,13508,20.0,86400.0,PTVRP_LINEAR,5474217127.0,13153,9,0.0589,,,,,,,,,,,,,,,
Instances/Instances 2/usa13509_10.gt,13508,20.0,86400.0,PTVRP_LINEAR,5450651042.0,13165,10,0.056,,,,,,,,,,,,,,,
Instances/Instances 2/uy734_01.gt,733,20.0,86400.0,PTVRP_LINEAR,4182230.0,59,23,0.0056,,,,,,,,,,,,,,,
Instances/Instances 2/uy734_02.gt,733,20.0,86400.0,PTVRP_LINEAR,4433722.0,61,25,0.0052,,,,,,,,,,,,,,,
Instances/Instances 2/uy734_03.gt,733,20.0,86400.0,PTVRP_LINEAR,4366718.0,59,29,0.0054,,,,,,,,,,,,,,,
Instances/Instances 2/uy734_04.gt,733,20.0,86400.0,PTVRP_LINEAR,4344166.0,59,26,0.0066,,,,,,,,,,,,,,,
Instances/Instances 2/uy734_05.gt,733,20.0,86400.0,PTVRP_LINEAR,4292791.0,57,25,0.0068,,,,,,,,,,,,,,,
Instances/Instances 2/uy734_06.gt,733,20.0,86400.0,PTVRP_LINEAR,4402407.0,58,24,0.0067,,,,,,,,,,,,,,,
Instances/Instances 2/uy734_07.gt,733,20.0,86400.0,PTVRP_LINEAR,4236150.0,61,29,0.0072,,,,,,,,,,,,,,,
Instances/Instances 2/uy734_08.gt,733,20.0,86400.0,PTVRP_LINEAR,4445662.0,60,27,0.0071,,,,,,,,,,,,,,,
Instances/Instances 2/uy734_09.gt,733,20.0,86400.0,PTVRP_LINEAR,4329152.0,61,24,0.0057,,,,,,,,,,,,,,,
Instances/Instances 2/uy734_10.gt,733,20.0,86400.0,PTVRP_LINEAR,4357957.0,58,25,0.0083,,,,,,,,,,,,,,,
Instances/Instances 2/vm1084_01.gt,1083,20.0,86400.0,PTVRP_LINEAR,18947275.0,267,14,0.0059,,,,,,,,,,,,,,,
Instances/Instances 2/vm1084_02.gt,1083,20.0,86400.0,PTVRP_LINEAR,18834710.0,263,15,0.0074,,,,,,,,,,,,,,,
Instances/Instances 2/vm1084_03.gt,1083,20.0,86400.0,PTVRP_LINEAR,18700956.0,267,14,0.0071,,,,,,,,,,,,,,,
Instances/Instances 2/vm1084_04.gt,1083,20.0,86400.0,PTVRP_LINEAR,18593373.0,262,12,0.0061,,,,,,,,,,,,,,,
Instances/Instances 2/vm1084_05.gt,1083,20.0,86400.0,PTVRP_LINEAR,18827864.0,265,14,0.0065,,,,,,,,,,,,,,,
Instances/Instances 2/vm1084_06.gt,1083,20.0,86400.0,PTVRP_LINEAR,18515555.0,262,14,0.0059,,,,,,,,,,,,,,,
Instances/Instances 2/vm1084_07.gt,1083,20.0,86400.0,PTVRP_LINEAR,19102711.0,272,14,0.0065,,,,,,,,,,,,,,,
Instances/Instances 2/vm1084_08.gt,1083,20.0,86400.0,PTVRP_LINEAR,18953714.0,272,13,0.0066,,,,,,,,,,,,,,,
Instances/Instances 2/vm1084_09.gt,1083,20.0,86400.0,PTVRP_LINEAR,18902967.0,268,15,0.0068,,,,,,,,,,,,,,,
Instances/Instances 2/vm1084_10.gt,1083,20.0,86400.0,PTVRP_LINEAR,18254953.0,260,14,0.0061,,,,,,,,,,,,,,,
Instances/Instances 2/vm1748_01.gt,1747,20.0,86400.0,PTVRP_LINEAR,32532254.0,459,15,0.0074,,,,,,,,,,,,,,,
Instances/Instances 2/vm1748_02.gt,1747,20.0,86400.0,PTVRP_LINEAR,32597046.0,459,16,0.0073,,,,,,,,,,,,,,,
Instances/Instances 2/vm1748_03.gt,1747,20.0,86400.0,PTVRP_LINEAR,32078127.0,447,13,0.0097,,,,,,,,,,,,,,,
Instances/Instances 2/vm1748_04.gt,1747,20.0,86400.0,PTVRP_LINEAR,32712546.0,465,15,0.007,,,,,,,,,,,,,,,
Instances/Instances 2/vm1748_05.gt,1747,20.0,86400.0,PTVRP_LINEAR,32482446.0,461,15,0.0077,,,,,,,,,,,,,,,
Instances/Instances 2/vm1748_06.gt,1747,20.0,86400.0,PTVRP_LINEAR,32146198.0,451,15,0.009,,,,,,,,,,,,,,,
Instances/Instances 2/vm1748_07.gt,1747,20.0,86400.0,PTVRP_LINEAR,31646979.0,447,14,0.008,,,,,,,,,,,,,,,
Instances/Instances 2/vm1748_08.gt,1747,20.0,86400.0,PTVRP_LINEAR,32626385.0,460,13,0.0085,,,,,,,,,,,,,,,
Instances/Instances 2/vm1748_09.gt,1747,20.0,86400.0,PTVRP_LINEAR,32204774.0,448,16,0.0085,,,,,,,,,,,,,,,
Instances/Instances 2/vm1748_10.gt,1747,20.0,86400.0,PTVRP_LINEAR,32351343.0,452,15,0.0081,,,,,,,,,,,,,,,
Instances/Instances 2/vm22775_01.gt,22774,20.0,86400.0,PTVRP_LINEAR,280160072.0,3735,49,0.0296,,,,,,,,,,,,,,,
Instances/Instances 2/vm22775_02.gt,22774,20.0,86400.0,PTVRP_LINEAR,281004562.0,3735,43,0.0276,,,,,,,,,,,,,,,
Instances/Instances 2/vm22775_03.gt,22774,20.0,86400.0,PTVRP_LINEAR,279390401.0,3716,58,0.028,,,,,,,,,,,,,,,
Instances/Instances 2/vm22775_04.gt,22774,20.0,86400.0,PTVRP_LINEAR,280067598.0,3733,50,0.0276,,,,,,,,,,,,,,,
Instances/Instances 2/vm22775_05.gt,22774,20.0,86400.0,PTVRP_LINEAR,282003034.0,3755,49,0.0283,,,,,,,,,,,,,,,
Instances/Instances 2/vm22775_06.gt,22774,20.0,86400.0,PTVRP_LINEAR,279625165.0,3722,57,0.0287,,,,,,,,,,,,,,,
Instances/Instances 2/vm22775_07.gt,22774,20.0,86400.0,PTVRP_LINEAR,281640172.0,3765,48,0.0265,,,,,,,,,,,,,,,
Instances/Instances 2/vm22775_08.gt,22774,20.0,86400.0,PTVRP_LINEAR,281404690.0,3748,50,0.0287,,,,,,,,,,,,,,,
Instances/Instances 2/vm22775_09.gt,22774,20.0,86400.0,PTVRP_LINEAR,279287796.0,3715,51,0.0283,,,,,,,,,,,,,,,
Instances/Instances 2/vm22775_10.gt,22774,20.0,86400.0,PTVRP_LINEAR,280455730.0,3733,49,0.028,,,,,,,,,,,,,,,
Instances/Instances 2/wi29_01.gt,28,20.0,86400.0,PTVRP_LINEAR,328435.0,5,9,0.0059,,,,,,,,,,,,,,,
Instances/Instances 2/wi29_02.gt,28,20.0,86400.0,PTVRP_LINEAR,352323.0,6,9,0.0067,,,,,,,,,,,,,,,
Instances/Instances 2/wi29_03.gt,28,20.0,86400.0,PTVRP_LINEAR,293607.0,6,9,0.0075,,,,,,,,,,,,,,,
Instances/Instances 2/wi29_04.gt,28,20.0,86400.0,PTVRP_LINEAR,386162.0,6,9,0.0076,,,,,,,,,,,,,,,
Instances/Instances 2/wi29_05.gt,28,20.0,86400.0,PTVRP_LINEAR,316152.0,5,9,0.0071,,,,,,,,,,,,,,,
Instances/Instances 2/wi29_06.gt,28,20.0,86400.0,PTVRP_LINEAR,437913.0,7,9,0.0075,,,,,,,,,,,,,,,
Instances/Instances 2/wi29_07.gt,28,20.0,86400.0,PTVRP_LINEAR,342095.0,5,9,0.0052,,,,,,,,,,,,,,,
Instances/Instances 2/wi29_08.gt,28,20.0,86400.0,PTVRP_LINEAR,366804.0,5,8,0.0052,,,,,,,,,,,,,,,
Instances/Instances 2/wi29_09.gt,28,20.0,86400.0,PTVRP_LINEAR,303049.0,5,8,0.0061,,,,,,,,,,,,,,,
Instances/Instances 2/wi29_10.gt,28,20.0,86400.0,PTVRP_LINEAR,331462.0,5,9,0.0066,,,,,,,,,,,,,,,
Instances/Instances 2/ym7663_01.gt,7662,20.0,86400.0,PTVRP_LINEAR,41086502.0,530,46,0.0124,,,,,,,,,,,,,,,
Instances/Instances 2/ym7663_02.gt,7662,20.0,86400.0,PTVRP_LINEAR,41594353.0,539,50,0.0118,,,,,,,,,,,,,,,
Instances/Instances 2/ym7663_03.gt,7662,20.0,86400.0,PTVRP_LINEAR,41321789.0,528,47,0.0114,,,,,,,,,,,,,,,
Instances/Instances 2/ym7663_04.gt,7662,20.0,86400.0,PTVRP_LINEAR,41056717.0,527,49,0.0121,,,,,,,,,,,,,,,
Instances/Instances 2/ym7663_05.gt,7662,20.0,86400.0,PTVRP_LINEAR,41303888.0,536,45,0.0104,,,,,,,,,,,,,,,
Instances/Instances 2/ym7663_06.gt,7662,20.0,86400.0,PTVRP_LINEAR,40856001.0,527,46,0.0121,,,,,,,,,,,,,,,
Instances/Instances 2/ym7663_07.gt,7662,20.0,86400.0,PTVRP_LINEAR,41322012.0,534,44,0.0108,,,,,,,,,,,,,,,
Instances/Instances 2/ym7663_08.gt,7662,20.0,86400.0,PTVRP_LINEAR,41038710.0,530,45,0.0117,,,,,,,,,,,,,,,
Instances/Instances 2/ym7663_09.gt,7662,20.0,86400.0,PTVRP_LINEAR,41249006.0,534,45,0.0121,,,,,,,,,,,,,,,
Instances/Instances 2/ym7663_10.gt,7662,20.0,86400.0,PTVRP_LINEAR,41426134.0,539,44,0.0116,,,,,,,,,,,,,,,
Instances/Instances 2/zi929_01.gt,928,20.0,86400.0,PTVRP_LINEAR,5981398.0,82,29,0.0071,,,,,,,,,,,,,,,
Instances/Instances 2/zi929_02.gt,928,20.0,86400.0,PTVRP_LINEAR,5787701.0,80,30,0.0065,,,,,,,,,,,,,,,
Instances/Instances 2/zi929_03.gt,928,20.0,86400.0,PTVRP_LINEAR,5785936.0,79,30,0.0068,,,,,,,,,,,,,,,
Instances/Instances 2/zi929_04.gt,928,20.0,86400.0,PTVRP_LINEAR,5879573.0,78,29,0.0072,,,,,,,,,,,,,,,
Instances/Instances 2/zi929_05.gt,928,20.0,86400.0,PTVRP_LINEAR,5888389.0,79,29,0.0075,,,,,,,,,,,,,,,
Instances/Instances 2/zi929_06.gt,928,20.0,86400.0,PTVRP_LINEAR,6071643.0,80,29,0.0076,,,,,,,,,,,,,,,
Instances/Instances 2/zi929_07.gt,928,20.0,86400.0,PTVRP_LINEAR,5938347.0,80,30,0.0068,,,,,,,,,,,,,,,
Instances/Instances 2/zi929_08.gt,928,20.0,86400.0,PTVRP_LINEAR,6015441.0,79,30,0.0067,,,,,,,,,,,,,,,
Instances/Instances 2/zi929_09.gt,928,20.0,86400.0,PTVRP_LINEAR,5738111.0,77,28,0.0068,,,,,,,,,,,,,,,
Instances/Instances 2/zi929_10.gt,928,20.0,86400.0,PTVRP_LINEAR,6032254.0,81,30,0.0069,,,,,,,,,,,,,,,
Instances/Instances 3/a280_01.gt,279,10.0,86400.0,PTVRP_LINEAR,412239.0,7,139,0.0073,,,,,,,,,,,,,,,
Instances/Instances 3/a280_02.gt,279,10.0,86400.0,PTVRP_LINEAR,440820.0,6,140,0.0064,,,,,,,,,,,,,,,
Instances/Instances 3/a280_03.gt,279,10.0,86400.0,PTVRP_LINEAR,398035.0,7,146,0.0074,,,,,,,,,,,,,,,
Instances/Instances 3/a280_04.gt,279,10.0,86400.0,PTVRP_LINEAR,420252.0,7,141,0.0062,,,,,,,,,,,,,,,
Instances/Instances 3/a280_05.gt,279,10.0,86400.0,PTVRP_LINEAR,416438.0,7,143,0.0068,,,,,,,,,,,,,,,
Instances/Instances 3/a280_06.gt,279,10.0,86400.0,PTVRP_LINEAR,440084.0,6,131,0.0059,,,,,,,,,,,,,,,
Instances/Instances 3/a280_07.gt,279,10.0,86400.0,PTVRP_LINEAR,427322.0,7,141,0.0063,,,,,,,,,,,,,,,
Instances/Instances 3/a280_08.gt,279,10.0,86400.0,PTVRP_LINEAR,454294.0,6,141,0.0064,,,,,,,,,,,,,,,
Instances/Instances 3/a280_09.gt,279,10.0,86400.0,PTVRP_LINEAR,447709.0,6,136,0.0064,,,,,,,,,,,,,,,
Instances/Instances 3/a280_10.gt,279,10.0,86400.0,PTVRP_LINEAR,440992.0,6,142,0.0062,,,,,,,,,,,,,,,
Instances/Instances 3/ar9152_01.gt,9151,10.0,86400.0,PTVRP_LINEAR,293951385.0,4025,40,0.0194,,,,,,,,,,,,,,,
Instances/Instances 3/ar9152_02.gt,9151,10.0,86400.0,PTVRP_LINEAR,292690580.0,4056,43,0.0193,,,,,,,,,,,,,,,
Instances/Instances 3/ar9152_03.gt,9151,10.0,86400.0,PTVRP_LINEAR,293559366.0,4049,38,0.019,,,,,,,,,,,,,,,
Instances/Instances 3/ar9152_04.gt,9151,10.0,86400.0,PTVRP_LINEAR,293551677.0,4027,40,0.0198,,,,,,,,,,,,,,,
Instances/Instances 3/ar9152_05.gt,9151,10.0,86400.0,PTVRP_LINEAR,297502461.0,4087,37,0.0195,,,,,,,,,,,,,,,
Instances/Instances 3/ar9152_06.gt,9151,10.0,86400.0,PTVRP_LINEAR,296720381.0,4090,39,0.0201,,,,,,,,,,,,,,,
Instances/Instances 3/ar9152_07.gt,9151,10.0,86400.0,PTVRP_LINEAR,295026150.0,4063,41,0.0191,,,,,,,,,,,,,,,
Instances/Instances 3/ar9152_08.gt,9151,10.0,86400.0,PTVRP_LINEAR,293560115.0,4046,44,0.0189,,,,,,,,,,,,,,,
Instances/Instances 3/ar9152_09.gt,9151,10.0,86400.0,PTVRP_LINEAR,294356129.0,4068,40,0.0187,,,,,,,,,,,,,,,
Instances/Instances 3/ar9152_10.gt,9151,10.0,86400.0,PTVRP_LINEAR,295730618.0,4039,37,0.0204,,,,,,,,,,,,,,,
Instances/Instances 3/berlin52_01.gt,51,10.0,86400.0,PTVRP_LINEAR,266062.0,4,46,0.007,,,,,,,,,,,,,,,
Instances/Instances 3/berlin52_02.gt,51,10.0,86400.0,PTVRP_LINEAR,280020.0,5,46,0.0068,,,,,,,,,,,,,,,
Instances/Instances 3/berlin52_03.gt,51,10.0,86400.0,PTVRP_LINEAR,311830.0,5,49,0.0074,,,,,,,,,,,,,,,
Instances/Instances 3/berlin52_04.gt,51,10.0,86400.0,PTVRP_LINEAR,306393.0,5,50,0.0064,,,,,,,,,,,,,,,
Instances/Instances 3/berlin52_05.gt,51,10.0,86400.0,PTVRP_LINEAR,320554.0,4,48,0.0062,,,,,,,,,,,,,,,
Instances/Instances 3/berlin52_06.gt,51,10.0,86400.0,PTVRP_LINEAR,287465.0,4,46,0.0064,,,,,,,,,,,,,,,
Instances/Instances 3/berlin52_07.gt,51,10.0,86400.0,PTVRP_LINEAR,326534.0,5,45,0.0066,,,,,,,,,,,,,,,
Instances/Instances 3/berlin52_08.gt,51,10.0,86400.0,PTVRP_LINEAR,279855.0,4,45,0.0063,,,,,,,,,,,,,,,
Instances/Instances 3/berlin52_09.gt,51,10.0,86400.0,PTVRP_LINEAR,302796.0,5,39,0.007,,,,,,,,,,,,,,,
Instances/Instances 3/berlin52_10.gt,51,10.0,86400.0,PTVRP_LINEAR,291011.0,5,47,0.0074,,,,,,,,,,,,,,,
Instances/Instances 3/bier127_01.gt,126,10.0,86400.0,PTVRP_LINEAR,2752749.0,43,18,0.0073,,,,,,,,,,,,,,,
Instances/Instances 3/bier127_02.gt,126,10.0,86400.0,PTVRP_LINEAR,2959466.0,45,21,0.0054,,,,,,,,,,,,,,,
Instances/Instances 3/bier127_03.gt,126,10.0,86400.0,PTVRP_LINEAR,2868752.0,44,24,0.0052,,,,,,,,,,,,,,,
Instances/Instances 3/bier127_04.gt,126,10.0,86400.0,PTVRP_LINEAR,2915936.0,45,17,0.0048,,,,,,,,,,,,,,,
Instances/Instances 3/bier127_05.gt,126,10.0,86400.0,PTVRP_LINEAR,2901758.0,46,20,0.0055,,,,,,,,,,,,,,,
Instances/Instances 3/bier127_06.gt,126,10.0,86400.0,PTVRP_LINEAR,2773398.0,42,20,0.0074,,,,,,,,,,,,,,,
Instances/Instances 3/bier127_07.gt,126,10.0,86400.0,PTVRP_LINEAR,2712732.0,45,20,0.0051,,,,,,,,,,,,,,,
Instances/Instances 3/bier127_08.gt,126,10.0,86400.0,PTVRP_LINEAR,2629519.0,43,17,0.0047,,,,,,,,,,,,,,,
Instances/Instances 3/bier127_09.gt,126,10.0,86400.0,PTVRP_LINEAR,2841388.0,45,19,0.005,,,,,,,,,,,,,,,
Instances/Instances 3/bier127_10.gt,126,10.0,86400.0,PTVRP_LINEAR,2641026.0,40,20,0.0057,,,,,,,,,,,,,,,
Instances/Instances 3/bm33708_01.gt,33707,10.0,86400.0,PTVRP_LINEAR,549644870.0,7595,81,0.0497,,,,,,,,,,,,,,,
Instances/Instances 3/bm33708_02.gt,33707,10.0,86400.0,PTVRP_LINEAR,549062428.0,7564,81,0.0423,,,,,,,,,,,,,,,
Instances/Instances 3/bm33708_03.gt,33707,10.0,86400.0,PTVRP_LINEAR,551046443.0,7566,85,0.0412,,,,,,,,,,,,,,,
Instances/Instances 3/bm33708_04.gt,33707,10.0,86400.0,PTVRP_LINEAR,550855711.0,7605,82,0.0431,,,,,,,,,,,,,,,
Instances/Instances 3/bm33708_05.gt,33707,10.0,86400.0,PTVRP_LINEAR,551394399.0,7609,85,0.0464,,,,,,,,,,,,,,,
Instances/Instances 3/bm33708_06.gt,33707,10.0,86400.0,PTVRP_LINEAR,549627128.0,7585,80,0.0406,,,,,,,,,,,,,,,
Instances/Instances 3/bm33708_07.gt,33707,10.0,86400.0,PTVRP_LINEAR,552211910.0,7601,79,0.0433,,,,,,,,,,,,,,,
Instances/Instances 3/bm33708_08.gt,33707,10.0,86400.0,PTVRP_LINEAR,550778379.0,7581,84,0.0425,,,,,,,,,,,,,,,
Instances/Instances 3/bm33708_09.gt,33707,10.0,86400.0,PTVRP_LINEAR,549391108.0,7585,77,0.0431,,,,,,,,,,,,,,,
Instances/Instances 3/bm33708_10.gt,33707,10.0,86400.0,PTVRP_LINEAR,546922587.0,7540,77,0.0399,,,,,,,,,,,,,,,
Instances/Instances 3/brd14051_01.gt,14050,10.0,86400.0,PTVRP_LINEAR,169766783.0,2239,62,0.0182,,,,,,,,,,,,,,,
Instances/Instances 3/brd14051_02.gt,14050,10.0,86400.0,PTVRP_LINEAR,167956038.0,2235,62,0.0199,,,,,,,,,,,,,,,
Instances/Instances 3/brd14051_03.gt,14050,10.0,86400.0,PTVRP_LINEAR,168423807.0,2221,67,0.0178,,,,,,,,,,,,,,,
Instances/Instances 3/brd14051_04.gt,14050,10.0,86400.0,PTVRP_LINEAR,169236579.0,2239,72,0.0165,,,,,,,,,,,,,,,
Instances/Instances 3/brd14051_05.gt,14050,10.0,86400.0,PTVRP_LINEAR,169331370.0,2241,62,0.0167,,,,,,,,,,,,,,,
Instances/Instances 3/brd14051_06.gt,14050,10.0,86400.0,PTVRP_LINEAR,169362093.0,2247,61,0.0169,,,,,,,,,,,,,,,
Instances/Instances 3/brd14051_07.gt,14050,10.0,86400.0,PTVRP_LINEAR,169754869.0,2244,68,0.0179,,,,,,,,,,,,,,,
Instances/Instances 3/brd14051_08.gt,14050,10.0,86400.0,PTVRP_LINEAR,171397756.0,2264,69,0.0174,,,,,,,,,,,,,,,
Instances/Instances 3/brd14051_09.gt,14050,10.0,86400.0,PTVRP_LINEAR,169920870.0,2247,61,0.0167,,,,,,,,,,,,,,,
Instances/Instances 3/brd14051_10.gt,14050,10.0,86400.0,PTVRP_LINEAR,168961294.0,2233,59,0.0162,,,,,,,,,,,,,,,
Instances/Instances 3/ca4663_01.gt,4662,10.0,86400.0,PTVRP_LINEAR,602775390.0,4192,20,0.0189,,,,,,,,,,,,,,,
Instances/Instances 3/ca4663_02.gt,4662,10.0,86400.0,PTVRP_LINEAR,600830841.0,4237,23,0.0189,,,,,,,,,,,,,,,
Instances/Instances 3/ca4663_03.gt,4662,10.0,86400.0,PTVRP_LINEAR,606596478.0,4218,16,0.018,,,,,,,,,,,,,,,
Instances/Instances 3/ca4663_04.gt,4662,10.0,86400.0,PTVRP_LINEAR,607226980.0,4214,19,0.0189,,,,,,,,,,,,,,,
Instances/Instances 3/ca4663_05.gt,4662,10.0,86400.0,PTVRP_LINEAR,603274396.0,4230,18,0.0222,,,,,,,,,,,,,,,
Instances/Instances 3/ca4663_06.gt,4662,10.0,86400.0,PTVRP_LINEAR,598034137.0,4210,17,0.0186,,,,,,,,,,,,,,,
Instances/Instances 3/ca4663_07.gt,4662,10.0,86400.0,PTVRP_LINEAR,604323770.0,4225,19,0.0201,,,,,,,,,,,,,,,
Instances/Instances 3/ca4663_08.gt,4662,10.0,86400.0,PTVRP_LINEAR,605590597.0,4206,17,0.0192,,,,,,,,,,,,,,,
Instances/Instances 3/ca4663_09.gt,4662,10.0,86400.0,PTVRP_LINEAR,604175996.0,4196,18,0.022,,,,,,,,,,,,,,,
Instances/Instances 3/ca4663_10.gt,4662,10.0,86400.0,PTVRP_LINEAR,600940652.0,4189,19,0.0214,,,,,,,,,,,,,,,
Instances/Instances 3/ch130_01.gt,129,10.0,86400.0,PTVRP_LINEAR,465892.0,7,60,0.0054,,,,,,,,,,,,,,,
Instances/Instances 3/ch130_02.gt,129,10.0,86400.0,PTVRP_LINEAR,459709.0,7,62,0.0046,,,,,,,,,,,,,,,
Instances/Instances 3/ch130_03.gt,129,10.0,86400.0,PTVRP_LINEAR,442967.0,7,55,0.005,,,,,,,,,,,,,,,
Instances/Instances 3/ch130_04.gt,129,10.0,86400.0,PTVRP_LINEAR,484024.0,7,62,0.0051,,,,,,,,,,,,,,,
Instances/Instances 3/ch130_05.gt,129,10.0,86400.0,PTVRP_LINEAR,448741.0,7,59,0.0055,,,,,,,,,,,,,,,
Instances/Instances 3/ch130_06.gt,129,10.0,86400.0,PTVRP_LINEAR,459728.0,7,61,0.0048,,,,,,,,,,,,,,,
Instances/Instances 3/ch130_07.gt,129,10.0,86400.0,PTVRP_LINEAR,429718.0,7,58,0.005,,,,,,,,,,,,,,,
Instances/Instances 3/ch130_08.gt,129,10.0,86400.0,PTVRP_LINEAR,496536.0,7,60,0.0137,,,,,,,,,,,,,,,
Instances/Instances 3/ch130_09.gt,129,10.0,86400.0,PTVRP_LINEAR,446290.0,7,59,0.0073,,,,,,,,,,,,,,,
Instances/Instances 3/ch130_10.gt,129,10.0,86400.0,PTVRP_LINEAR,436791.0,7,59,0.0058,,,,,,,,,,,,,,,
Instances/Instances 3/ch150_01.gt,149,10.0,86400.0,PTVRP_LINEAR,552166.0,7,66,0.0072,,,,,,,,,,,,,,,
Instances/Instances 3/ch150_02.gt,149,10.0,86400.0,PTVRP_LINEAR,459355.0,8,58,0.0215,,,,,,,,,,,,,,,
Instances/Instances 3/ch150_03.gt,149,10.0,86400.0,PTVRP_LINEAR,441249.0,8,65,0.1237,,,,,,,,,,,,,,,
Instances/Instances 3/ch150_04.gt,149,10.0,86400.0,PTVRP_LINEAR,479914.0,8,64,0.0088,,,,,,,,,,,,,,,
Instances/Instances 3/ch150_05.gt,149,10.0,86400.0,PTVRP_LINEAR,544022.0,7,65,0.0051,,,,,,,,,,,,,,,
Instances/Instances 3/ch150_06.gt,149,10.0,86400.0,PTVRP_LINEAR,497185.0,7,67,0.0049,,,,,,,,,,,,,,,
Instances/Instances 3/ch150_07.gt,149,10.0,86400.0,PTVRP_LINEAR,533118.0,7,66,0.0058,,,,,,,,,,,,,,,
Instances/Instances 3/ch150_08.gt,149,10.0,86400.0,PTVRP_LINEAR,530256.0,7,67,0.0048,,,,,,,,,,,,,,,
Instances/Instances 3/ch150_09.gt,149,10.0,86400.0,PTVRP_LINEAR,532279.0,7,63,0.0055,,,,,,,,,,,,,,,
Instances/Instances 3/ch150_10.gt,149,10.0,86400.0,PTVRP_LINEAR,484856.0,8,56,0.0047,,,,,,,,,,,,,,,
Instances/Instances 3/ch71009_01.gt,71008,10.0,86400.0,PTVRP_LINEAR,3294222400.0,41709,43,0.1682,,,,,,,,,,,,,,,
Instances/Instances 3/ch71009_02.gt,71008,10.0,86400.0,PTVRP_LINEAR,3297257935.0,41756,44,0.155,,,,,,,,,,,,,,,
Instances/Instances 3/ch71009_03.gt,71008,10.0,86400.0,PTVRP_LINEAR,3298406067.0,41916,43,0.1502,,,,,,,,,,,,,,,
Instances/Instances 3/ch71009_04.gt,71008,10.0,86400.0,PTVRP_LINEAR,3293659799.0,41743,43,0.1511,,,,,,,,,,,,,,,
Instances/Instances 3/ch71009_05.gt,71008,10.0,86400.0,PTVRP_LINEAR,3294153030.0,41791,45,0.1671,,,,,,,,,,,,,,,
Instances/Instances 3/ch71009_06.gt,71008,10.0,86400.0,PTVRP_LINEAR,3297688314.0,41775,48,0.1421,,,,,,,,,,,,,,,
Instances/Instances 3/ch71009_07.gt,71008,10.0,86400.0,PTVRP_LINEAR,3296775640.0,41676,46,0.1461,,,,,,,,,,,,,,,
Instances/Instances 3/ch71009_08.gt,71008,10.0,86400.0,PTVRP_LINEAR,3298166970.0,41884,42,0.1447,,,,,,,,,,,,,,,
Instances/Instances 3/ch71009_09.gt,71008,10.0,86400.0,PTVRP_LINEAR,3300173863.0,41843,42,0.146,,,,,,,,,,,,,,,
Instances/Instances 3/ch71009_10.gt,71008,10.0,86400.0,PTVRP_LINEAR,3283015618.0,41746,46,0.1502,,,,,,,,,,,,,,,
Instances/Instances 3/d1291_01.gt,1290,10.0,86400.0,PTVRP_LINEAR,8310746.0,110,62,0.0064,,,,,,,,,,,,,,,
Instances/Instances 3/d1291_02.gt,1290,10.0,86400.0,PTVRP_LINEAR,7595580.0,103,53,0.0065,,,,,,,,,,,,,,,
Instances/Instances 3/d1291_03.gt,1290,10.0,86400.0,PTVRP_LINEAR,7948825.0,107,65,0.007,,,,,,,,,,,,,,,
Instances/Instances 3/d1291_04.gt,1290,10.0,86400.0,PTVRP_LINEAR,7795672.0,105,61,0.0065,,,,,,,,,,,,,,,
Instances/Instances 3/d1291_05.gt,1290,10.0,86400.0,PTVRP_LINEAR,7877700.0,107,56,0.0068,,,,,,,,,,,,,,,
Instances/Instances 3/d1291_06.gt,1290,10.0,86400.0,PTVRP_LINEAR,7937393.0,103,67,0.0062,,,,,,,,,,,,,,,
Instances/Instances 3/d1291_07.gt,1290,10.0,86400.0,PTVRP_LINEAR,7890604.0,104,62,0.0082,,,,,,,,,,,,,,,
Instances/Instances 3/d1291_08.gt,1290,10.0,86400.0,PTVRP_LINEAR,7815780.0,106,66,0.0063,,,,,,,,,,,,,,,
Instances/Instances 3/d1291_09.gt,1290,10.0,86400.0,PTVRP_LINEAR,7902204.0,107,61,0.0075,,,,,,,,,,,,,,,
Instances/Instances 3/d1291_10.gt,1290,10.0,86400.0,PTVRP_LINEAR,7790100.0,105,62,0.0068,,,,,,,,,,,,,,,
Instances/Instances 3/d15112_01.gt,15111,10.0,86400.0,PTVRP_LINEAR,552800382.0,7997,44,0.0308,,,,,,,,,,,,,,,
Instances/Instances 3/d15112_02.gt,15111,10.0,86400.0,PTVRP_LINEAR,555565212.0,8092,45,0.0305,,,,,,,,,,,,,,,
Instances/Instances 3/d15112_03.gt,15111,10.0,86400.0,PTVRP_LINEAR,549001971.0,7994,46,0.0327,,,,,,,,,,,,,,,
Instances/Instances 3/d15112_04.gt,15111,10.0,86400.0,PTVRP_LINEAR,553786404.0,8079,46,0.0312,,,,,,,,,,,,,,,
Instances/Instances 3/d15112_05.gt,15111,10.0,86400.0,PTVRP_LINEAR,549629840.0,7985,52,0.0351,,,,,,,,,,,,,,,
Instances/Instances 3/d15112_06.gt,15111,10.0,86400.0,PTVRP_LINEAR,557051262.0,8117,44,0.0335,,,,,,,,,,,,,,,
Instances/Instances 3/d15112_07.gt,15111,10.0,86400.0,PTVRP_LINEAR,553654981.0,8051,46,0.0297,,,,,,,,,,,,,,,
Instances/Instances 3/d15112_08.gt,15111,10.0,86400.0,PTVRP_LINEAR,554813709.0,8094,49,0.0309,,,,,,,,,,,,,,,
Instances/Instances 3/d15112_09.gt,15111,10.0,86400.0,PTVRP_LINEAR,558172299.0,8148,40,0.0303,,,,,,,,,,,,,,,
Instances/Instances 3/d15112_10.gt,15111,10.0,86400.0,PTVRP_LINEAR,550324012.0,7986,42,0.0328,,,,,,,,,,,,,,,
Instances/Instances 3/d1655_01.gt,1654,10.0,86400.0,PTVRP_LINEAR,9928993.0,130,72,0.0059,,,,,,,,,,,,,,,
Instances/Instances 3/d1655_02.gt,1654,10.0,86400.0,PTVRP_LINEAR,10245788.0,135,60,0.0056,,,,,,,,,,,,,,,
Instances/Instances 3/d1655_03.gt,1654,10.0,86400.0,PTVRP_LINEAR,9900249.0,132,73,0.0056,,,,,,,,,,,,,,,
Instances/Instances 3/d1655_04.gt,1654,10.0,86400.0,PTVRP_LINEAR,10013405.0,132,64,0.0057,,,,,,,,,,,,,,,
Instances/Instances 3/d1655_05.gt,1654,10.0,86400.0,PTVRP_LINEAR,9964897.0,132,67,0.0054,,,,,,,,,,,,,,,
Instances/Instances 3/d1655_06.gt,1654,10.0,86400.0,PTVRP_LINEAR,10057746.0,133,59,0.0057,,,,,,,,,,,,,,,
Instances/Instances 3/d1655_07.gt,1654,10.0,86400.0,PTVRP_LINEAR,10166214.0,133,70,0.0057,,,,,,,,,,,,,,,
Instances/Instances 3/d1655_08.gt,1654,10.0,86400.0,PTVRP_LINEAR,10162905.0,133,76,0.0063,,,,,,,,,,,,,,,
Instances/Instances 3/d1655_09.gt,1654,10.0,86400.0,PTVRP_LINEAR,10249663.0,134,72,0.0072,,,,,,,,,,,,,,,
Instances/Instances 3/d1655_10.gt,1654,10.0,86400.0,PTVRP_LINEAR,10226872.0,136,62,0.0058,,,,,,,,,,,,,,,
Instances/Instances 3/d18512_01.gt,18511,10.0,86400.0,PTVRP_LINEAR,240601212.0,3186,73,0.0224,,,,,,,,,,,,,,,
Instances/Instances 3/d18512_02.gt,18511,10.0,86400.0,PTVRP_LINEAR,237933348.0,3159,81,0.0226,,,,,,,,,,,,,,,
Instances/Instances 3/d18512_03.gt,18511,10.0,86400.0,PTVRP_LINEAR,240886708.0,3195,62,0.0225,,,,,,,,,,,,,,,
Instances/Instances 3/d18512_04.gt,18511,10.0,86400.0,PTVRP_LINEAR,239635789.0,3175,78,0.0218,,,,,,,,,,,,,,,
Instances/Instances 3/d18512_05.gt,18511,10.0,86400.0,PTVRP_LINEAR,239798586.0,3173,73,0.0224,,,,,,,,,,,,,,,
Instances/Instances 3/d18512_06.gt,18511,10.0,86400.0,PTVRP_LINEAR,240066540.0,3187,80,0.0221,,,,,,,,,,,,,,,
Instances/Instances 3/d18512_07.gt,18511,10.0,86400.0,PTVRP_LINEAR,238377218.0,3162,69,0.0249,,,,,,,,,,,,,,,
Instances/Instances 3/d18512_08.gt,18511,10.0,86400.0,PTVRP_LINEAR,240317445.0,3186,69,0.0239,,,,,,,,,,,,,,,
Instances/Instances 3/d18512_09.gt,18511,10.0,86400.0,PTVRP_LINEAR,241887894.0,3211,69,0.0238,,,,,,,,,,,,,,,
Instances/Instances 3/d18512_10.gt,18511,10.0,86400.0,PTVRP_LINEAR,241622559.0,3208,76,0.0224,,,,,,,,,,,,,,,
Instances/Instances 3/d198_01.gt,197,10.0,86400.0,PTVRP_LINEAR,1019927.0,18,50,0.0044,,,,,,,,,,,,,,,
Instances/Instances 3/d198_02.gt,197,10.0,86400.0,PTVRP_LINEAR,1074045.0,17,58,0.0058,,,,,,,,,,,,,,,
Instances/Instances 3/d198_03.gt,197,10.0,86400.0,PTVRP_LINEAR,1156692.0,17,56,0.0052,,,,,,,,,,,,,,,
Instances/Instances 3/d198_04.gt,197,10.0,86400.0,PTVRP_LINEAR,1071435.0,17,54,0.0071,,,,,,,,,,,,,,,
Instances/Instances 3/d198_05.gt,197,10.0,86400.0,PTVRP_LINEAR,1052950.0,17,54,0.0065,,,,,,,,,,,,,,,
Instances/Instances 3/d198_06.gt,197,10.0,86400.0,PTVRP_LINEAR,1051895.0,16,55,0.0062,,,,,,,,,,,,,,,
Instances/Instances 3/d198_07.gt,197,10.0,86400.0,PTVRP_LINEAR,1005065.0,17,50,0.0051,,,,,,,,,,,,,,,
Instances/Instances 3/d198_08.gt,197,10.0,86400.0,PTVRP_LINEAR,1094215.0,16,57,0.0074,,,,,,,,,,,,,,,
Instances/Instances 3/d198_09.gt,197,10.0,86400.0,PTVRP_LINEAR,1046998.0,17,52,0.0047,,,,,,,,,,,,,,,
Instances/Instances 3/d198_10.gt,197,10.0,86400.0,PTVRP_LINEAR,1104767.0,17,52,0.005,,,,,,,,,,,,,,,
Instances/Instances 3/d2103_01.gt,2102,10.0,86400.0,PTVRP_LINEAR,14763304.0,196,63,0.0082,,,,,,,,,,,,,,,
Instances/Instances 3/d2103_02.gt,2102,10.0,86400.0,PTVRP_LINEAR,14574745.0,194,54,0.0064,,,,,,,,,,,,,,,
Instances/Instances 3/d2103_03.gt,2102,10.0,86400.0,PTVRP_LINEAR,14886898.0,193,67,0.0078,,,,,,,,,,,,,,,
Instances/Instances 3/d2103_04.gt,2102,10.0,86400.0,PTVRP_LINEAR,14528392.0,191,64,0.0061,,,,,,,,,,,,,,,
Instances/Instances 3/d2103_05.gt,2102,10.0,86400.0,PTVRP_LINEAR,14622700.0,189,62,0.0088,,,,,,,,,,,,,,,
Instances/Instances 3/d2103_06.gt,2102,10.0,86400.0,PTVRP_LINEAR,14519687.0,191,59,0.0061,,,,,,,,,,,,,,,
Instances/Instances 3/d2103_07.gt,2102,10.0,86400.0,PTVRP_LINEAR,14717466.0,193,60,0.0088,,,,,,,,,,,,,,,
Instances/Instances 3/d2103_08.gt,2102,10.0,86400.0,PTVRP_LINEAR,14782313.0,194,63,0.0063,,,,,,,,,,,,,,,
Instances/Instances 3/d2103_09.gt,2102,10.0,86400.0,PTVRP_LINEAR,14542356.0,189,52,0.0084,,,,,,,,,,,,,,,
Instances/Instances 3/d2103_10.gt,2102,10.0,86400.0,PTVRP_LINEAR,14642236.0,192,61,0.0062,,,,,,,,,,,,,,,
Instances/Instances 3/d493_01.gt,492,10.0,86400.0,PTVRP_LINEAR,2688775.0,38,60,0.0074,,,,,,,,,,,,,,,
Instances/Instances 3/d493_02.gt,492,10.0,86400.0,PTVRP_LINEAR,2590937.0,35,59,0.0047,,,,,,,,,,,,,,,
Instances/Instances 3/d493_03.gt,492,10.0,86400.0,PTVRP_LINEAR,2672150.0,38,59,0.0069,,,,,,,,,,,,,,,
Instances/Instances 3/d493_04.gt,492,10.0,86400.0,PTVRP_LINEAR,2615528.0,39,66,0.0048,,,,,,,,,,,,,,,
Instances/Instances 3/d493_05.gt,492,10.0,86400.0,PTVRP_LINEAR,2624850.0,39,60,0.0053,,,,,,,,,,,,,,,
Instances/Instances 3/d493_06.gt,492,10.0,86400.0,PTVRP_LINEAR,2677145.0,39,64,0.005,,,,,,,,,,,,,,,
Instances/Instances 3/d493_07.gt,492,10.0,86400.0,PTVRP_LINEAR,2704778.0,41,62,0.0044,,,,,,,,,,,,,,,
Instances/Instances 3/d493_08.gt,492,10.0,86400.0,PTVRP_LINEAR,2562847.0,36,57,0.0045,,,,,,,,,,,,,,,
Instances/Instances 3/d493_09.gt,492,10.0,86400.0,PTVRP_LINEAR,2610556.0,41,62,0.0048,,,,,,,,,,,,,,,
Instances/Instances 3/d493_10.gt,492,10.0,86400.0,PTVRP_LINEAR,2557291.0,38,60,0.0047,,,,,,,,,,,,,,,
Instances/Instances 3/d657_01.gt,656,10.0,86400.0,PTVRP_LINEAR,4289781.0,57,53,0.0056,,,,,,,,,,,,,,,
Instances/Instances 3/d657_02.gt,656,10.0,86400.0,PTVRP_LINEAR,4337212.0,60,44,0.0053,,,,,,,,,,,,,,,
Instances/Instances 3/d657_03.gt,656,10.0,86400.0,PTVRP_LINEAR,4315410.0,61,41,0.005,,,,,,,,,,,,,,,
Instances/Instances 3/d657_04.gt,656,10.0,86400.0,PTVRP_LINEAR,4459955.0,59,50,0.0061,,,,,,,,,,,,,,,
Instances/Instances 3/d657_05.gt,656,10.0,86400.0,PTVRP_LINEAR,4455929.0,64,48,0.0053,,,,,,,,,,,,,,,
Instances/Instances 3/d657_06.gt,656,10.0,86400.0,PTVRP_LINEAR,4240894.0,59,44,0.005,,,,,,,,,,,,,,,
Instances/Instances 3/d657_07.gt,656,10.0,86400.0,PTVRP_LINEAR,4359063.0,60,48,0.0077,,,,,,,,,,,,,,,
Instances/Instances 3/d657_08.gt,656,10.0,86400.0,PTVRP_LINEAR,4422825.0,63,51,0.005,,,,,,,,,,,,,,,
Instances/Instances 3/d657_09.gt,656,10.0,86400.0,PTVRP_LINEAR,4347567.0,63,42,0.0049,,,,,,,,,,,,,,,
Instances/Instances 3/d657_10.gt,656,10.0,86400.0,PTVRP_LINEAR,4383388.0,63,50,0.0067,,,,,,,,,,,,,,,
Instances/Instances 3/dj38_01.gt,37,10.0,86400.0,PTVRP_LINEAR,265626.0,4,41,0.0046,,,,,,,,,,,,,,,
Instances/Instances 3/dj38_02.gt,37,10.0,86400.0,PTVRP_LINEAR,256760.0,4,41,0.005,,,,,,,,,,,,,,,
Instances/Instances 3/dj38_03.gt,37,10.0,86400.0,PTVRP_LINEAR,251690.0,4,40,0.0048,,,,,,,,,,,,,,,
Instances/Instances 3/dj38_04.gt,37,10.0,86400.0,PTVRP_LINEAR,235722.0,4,32,0.0046,,,,,,,,,,,,,,,
Instances/Instances 3/dj38_05.gt,37,10.0,86400.0,PTVRP_LINEAR,247908.0,4,39,0.0051,,,,,,,,,,,,,,,
Instances/Instances 3/dj38_06.gt,37,10.0,86400.0,PTVRP_LINEAR,219896.0,4,35,0.0074,,,,,,,,,,,,,,,
Instances/Instances 3/dj38_07.gt,37,10.0,86400.0,PTVRP_LINEAR,257184.0,4,42,0.0047,,,,,,,,,,,,,,,
Instances/Instances 3/dj38_08.gt,37,10.0,86400.0,PTVRP_LINEAR,254824.0,4,36,0.0055,,,,,,,,,,,,,,,
Instances/Instances 3/dj38_09.gt,37,10.0,86400.0,PTVRP_LINEAR,233631.0,4,31,0.0054,,,,,,,,,,,,,,,
Instances/Instances 3/dj38_10.gt,37,10.0,86400.0,PTVRP_LINEAR,247654.0,4,37,0.0046,,,,,,,,,,,,,,,
Instances/Instances 3/eg7146_01.gt,7145,10.0,86400.0,PTVRP_LINEAR,59921623.0,796,79,0.0101,,,,,,,,,,,,,,,
Instances/Instances 3/eg7146_02.gt,7145,10.0,86400.0,PTVRP_LINEAR,59201147.0,784,84,0.0097,,,,,,,,,,,,,,,
Instances/Instances 3/eg7146_03.gt,7145,10.0,86400.0,PTVRP_LINEAR,60017061.0,807,81,0.0127,,,,,,,,,,,,,,,
Instances/Instances 3/eg7146_04.gt,7145,10.0,86400.0,PTVRP_LINEAR,59158871.0,787,81,0.0101,,,,,,,,,,,,,,,
Instances/Instances 3/eg7146_05.gt,7145,10.0,86400.0,PTVRP_LINEAR,59904178.0,801,90,0.0097,,,,,,,,,,,,,,,
Instances/Instances 3/eg7146_06.gt,7145,10.0,86400.0,PTVRP_LINEAR,59442312.0,786,81,0.0107,,,,,,,,,,,,,,,
Instances/Instances 3/eg7146_07.gt,7145,10.0,86400.0,PTVRP_LINEAR,60021791.0,797,98,0.0114,,,,,,,,,,,,,,,
Instances/Instances 3/eg7146_08.gt,7145,10.0,86400.0,PTVRP_LINEAR,59999599.0,794,82,0.0188,,,,,,,,,,,,,,,
Instances/Instances 3/eg7146_09.gt,7145,10.0,86400.0,PTVRP_LINEAR,59362744.0,789,80,0.0124,,,,,,,,,,,,,,,
Instances/Instances 3/eg7146_10.gt,7145,10.0,86400.0,PTVRP_LINEAR,60303912.0,801,99,0.0115,,,,,,,,,,,,,,,
Instances/Instances 3/ei8246_01.gt,8245,10.0,86400.0,PTVRP_LINEAR,61762730.0,789,75,0.0136,,,,,,,,,,,,,,,
Instances/Instances 3/ei8246_02.gt,8245,10.0,86400.0,PTVRP_LINEAR,61352152.0,786,82,0.0117,,,,,,,,,,,,,,,
Instances/Instances 3/ei8246_03.gt,8245,10.0,86400.0,PTVRP_LINEAR,61421910.0,785,80,0.0128,,,,,,,,,,,,,,,
Instances/Instances 3/ei8246_04.gt,8245,10.0,86400.0,PTVRP_LINEAR,61305119.0,791,71,0.0117,,,,,,,,,,,,,,,
Instances/Instances 3/ei8246_05.gt,8245,10.0,86400.0,PTVRP_LINEAR,61527145.0,788,67,0.0122,,,,,,,,,,,,,,,
Instances/Instances 3/ei8246_06.gt,8245,10.0,86400.0,PTVRP_LINEAR,61341454.0,790,75,0.0112,,,,,,,,,,,,,,,
Instances/Instances 3/ei8246_07.gt,8245,10.0,86400.0,PTVRP_LINEAR,61702634.0,794,82,0.0112,,,,,,,,,,,,,,,
Instances/Instances 3/ei8246_08.gt,8245,10.0,86400.0,PTVRP_LINEAR,61213487.0,787,79,0.011,,,,,,,,,,,,,,,
Instances/Instances 3/ei8246_09.gt,8245,10.0,86400.0,PTVRP_LINEAR,61841429.0,799,76,0.0121,,,,,,,,,,,,,,,
Instances/Instances 3/ei8246_10.gt,8245,10.0,86400.0,PTVRP_LINEAR,60693979.0,780,87,0.012,,,,,,,,,,,,,,,
Instances/Instances 3/eil101_01.gt,100,10.0,86400.0,PTVRP_LINEAR,106950.0,2,181,0.0049,,,,,,,,,,,,,,,
Instances/Instances 3/eil101_02.gt,100,10.0,86400.0,PTVRP_LINEAR,103842.0,2,181,0.0065,,,,,,,,,,,,,,,
Instances/Instances 3/eil101_03.gt,100,10.0,86400.0,PTVRP_LINEAR,104754.0,2,180,0.0045,,,,,,,,,,,,,,,
Instances/Instances 3/eil101_04.gt,100,10.0,86400.0,PTVRP_LINEAR,98913.0,2,171,0.0064,,,,,,,,,,,,,,,
Instances/Instances 3/eil101_05.gt,100,10.0,86400.0,PTVRP_LINEAR,109152.0,2,196,0.0047,,,,,,,,,,,,,,,
Instances/Instances 3/eil101_06.gt,100,10.0,86400.0,PTVRP_LINEAR,97521.0,2,167,0.0058,,,,,,,,,,,,,,,
Instances/Instances 3/eil101_07.gt,100,10.0,86400.0,PTVRP_LINEAR,103872.0,2,180,0.0047,,,,,,,,,,,,,,,
Instances/Instances 3/eil101_08.gt,100,10.0,86400.0,PTVRP_LINEAR,101235.0,2,174,0.0052,,,,,,,,,,,,,,,
Instances/Instances 3/eil101_09.gt,100,10.0,86400.0,PTVRP_LINEAR,103856.0,2,184,0.0061,,,,,,,,,,,,,,,
Instances/Instances 3/eil101_10.gt,100,10.0,86400.0,PTVRP_LINEAR,106576.0,2,184,0.0049,,,,,,,,,,,,,,,
Instances/Instances 3/eil51_01.gt,50,10.0,86400.0,PTVRP_LINEAR,53482.0,1,121,0.0067,,,,,,,,,,,,,,,
Instances/Instances 3/eil51_02.gt,50,10.0,86400.0,PTVRP_LINEAR,56134.0,1,127,0.0043,,,,,,,,,,,,,,,
Instances/Instances 3/eil51_03.gt,50,10.0,86400.0,PTVRP_LINEAR,58344.0,1,132,0.0069,,,,,,,,,,,,,,,
Instances/Instances 3/eil51_04.gt,50,10.0,86400.0,PTVRP_LINEAR,57460.0,1,130,0.0045,,,,,,,,,,,,,,,
Instances/Instances 3/eil51_05.gt,50,10.0,86400.0,PTVRP_LINEAR,44200.0,1,100,0.0062,,,,,,,,,,,,,,,
Instances/Instances 3/eil51_06.gt,50,10.0,86400.0,PTVRP_LINEAR,54808.0,1,124,0.0051,,,,,,,,,,,,,,,
Instances/Instances 3/eil51_07.gt,50,10.0,86400.0,PTVRP_LINEAR,55250.0,1,125,0.0049,,,,,,,,,,,,,,,
Instances/Instances 3/eil51_08.gt,50,10.0,86400.0,PTVRP_LINEAR,53482.0,1,121,0.006,,,,,,,,,,,,,,,
Instances/Instances 3/eil51_09.gt,50,10.0,86400.0,PTVRP_LINEAR,58786.0,1,133,0.0045,,,,,,,,,,,,,,,
Instances/Instances 3/eil51_10.gt,50,10.0,86400.0,PTVRP_LINEAR,58786.0,1,133,0.0064,,,,,,,,,,,,,,,
Instances/Instances 3/eil76_01.gt,75,10.0,86400.0,PTVRP_LINEAR,86121.0,2,166,0.005,,,,,,,,,,,,,,,
Instances/Instances 3/eil76_02.gt,75,10.0,86400.0,PTVRP_LINEAR,88020.0,2,170,0.0056,,,,,,,,,,,,,,,
Instances/Instances 3/eil76_03.gt,75,10.0,86400.0,PTVRP_LINEAR,87200.0,2,160,0.0056,,,,,,,,,,,,,,,
Instances/Instances 3/eil76_04.gt,75,10.0,86400.0,PTVRP_LINEAR,86448.0,2,163,0.0139,,,,,,,,,,,,,,,
Instances/Instances 3/eil76_05.gt,75,10.0,86400.0,PTVRP_LINEAR,89135.0,2,170,0.0075,,,,,,,,,,,,,,,
Instances/Instances 3/eil76_06.gt,75,10.0,86400.0,PTVRP_LINEAR,86097.0,2,163,0.0052,,,,,,,,,,,,,,,
Instances/Instances 3/eil76_07.gt,75,10.0,86400.0,PTVRP_LINEAR,89946.0,2,173,0.006,,,,,,,,,,,,,,,
Instances/Instances 3/eil76_08.gt,75,10.0,86400.0,PTVRP_LINEAR,89886.0,2,174,0.0053,,,,,,,,,,,,,,,
Instances/Instances 3/eil76_09.gt,75,10.0,86400.0,PTVRP_LINEAR,87480.0,2,165,0.0049,,,,,,,,,,,,,,,
Instances/Instances 3/eil76_10.gt,75,10.0,86400.0,PTVRP_LINEAR,85947.0,2,159,0.0069,,,,,,,,,,,,,,,
Instances/Instances 3/fi10639_01.gt,10638,10.0,86400.0,PTVRP_LINEAR,172185299.0,2356,45,0.0171,,,,,,,,,,,,,,,
Instances/Instances 3/fi10639_02.gt,10638,10.0,86400.0,PTVRP_LINEAR,172997167.0,2374,45,0.0164,,,,,,,,,,,,,,,
Instances/Instances 3/fi10639_03.gt,10638,10.0,86400.0,PTVRP_LINEAR,171561421.0,2340,43,0.0171,,,,,,,,,,,,,,,
Instances/Instances 3/fi10639_04.gt,10638,10.0,86400.0,PTVRP_LINEAR,171239918.0,2359,46,0.0166,,,,,,,,,,,,,,,
Instances/Instances 3/fi10639_05.gt,10638,10.0,86400.0,PTVRP_LINEAR,172366173.0,2369,43,0.0159,,,,,,,,,,,,,,,
Instances/Instances 3/fi10639_06.gt,10638,10.0,86400.0,PTVRP_LINEAR,172705839.0,2379,47,0.0166,,,,,,,,,,,,,,,
Instances/Instances 3/fi10639_07.gt,10638,10.0,86400.0,PTVRP_LINEAR,173300460.0,2370,51,0.0151,,,,,,,,,,,,,,,
Instances/Instances 3/fi10639_08.gt,10638,10.0,86400.0,PTVRP_LINEAR,173342044.0,2384,44,0.0156,,,,,,,,,,,,,,,
Instances/Instances 3/fi10639_09.gt,10638,10.0,86400.0,PTVRP_LINEAR,171584855.0,2356,47,0.0164,,,,,,,,,,,,,,,
Instances/Instances 3/fi10639_10.gt,10638,10.0,86400.0,PTVRP_LINEAR,172365535.0,2358,46,0.0254,,,,,,,,,,,,,,,
Instances/Instances 3/fl1400_01.gt,1399,10.0,86400.0,PTVRP_LINEAR,7489016.0,97,70,0.0061,,,,,,,,,,,,,,,
Instances/Instances 3/fl1400_02.gt,1399,10.0,86400.0,PTVRP_LINEAR,7487993.0,94,76,0.0077,,,,,,,,,,,,,,,
Instances/Instances 3/fl1400_03.gt,1399,10.0,86400.0,PTVRP_LINEAR,7783041.0,98,81,0.0057,,,,,,,,,,,,,,,
Instances/Instances 3/fl1400_04.gt,1399,10.0,86400.0,PTVRP_LINEAR,7668382.0,97,79,0.0059,,,,,,,,,,,,,,,
Instances/Instances 3/fl1400_05.gt,1399,10.0,86400.0,PTVRP_LINEAR,7380131.0,94,80,0.0052,,,,,,,,,,,,,,,
Instances/Instances 3/fl1400_06.gt,1399,10.0,86400.0,PTVRP_LINEAR,7651124.0,98,70,0.0061,,,,,,,,,,,,,,,
Instances/Instances 3/fl1400_07.gt,1399,10.0,86400.0,PTVRP_LINEAR,7574199.0,95,80,0.006,,,,,,,,,,,,,,,
Instances/Instances 3/fl1400_08.gt,1399,10.0,86400.0,PTVRP_LINEAR,7414462.0,93,77,0.0079,,,,,,,,,,,,,,,
Instances/Instances 3/fl1400_09.gt,1399,10.0,86400.0,PTVRP_LINEAR,7546651.0,96,81,0.0063,,,,,,,,,,,,,,,
Instances/Instances 3/fl1400_10.gt,1399,10.0,86400.0,PTVRP_LINEAR,7440742.0,96,69,0.0057,,,,,,,,,,,,,,,
Instances/Instances 3/fl1577_01.gt,1576,10.0,86400.0,PTVRP_LINEAR,5992533.0,80,126,0.0057,,,,,,,,,,,,,,,
Instances/Instances 3/fl1577_02.gt,1576,10.0,86400.0,PTVRP_LINEAR,6074663.0,78,111,0.0058,,,,,,,,,,,,,,,
Instances/Instances 3/fl1577_03.gt,1576,10.0,86400.0,PTVRP_LINEAR,6023676.0,80,118,0.0052,,,,,,,,,,,,,,,
Instances/Instances 3/fl1577_04.gt,1576,10.0,86400.0,PTVRP_LINEAR,6001402.0,76,132,0.0058,,,,,,,,,,,,,,,
Instances/Instances 3/fl1577_05.gt,1576,10.0,86400.0,PTVRP_LINEAR,6096777.0,82,99,0.0062,,,,,,,,,,,,,,,
Instances/Instances 3/fl1577_06.gt,1576,10.0,86400.0,PTVRP_LINEAR,6015676.0,80,116,0.0058,,,,,,,,,,,,,,,
Instances/Instances 3/fl1577_07.gt,1576,10.0,86400.0,PTVRP_LINEAR,5979310.0,77,132,0.0057,,,,,,,,,,,,,,,
Instances/Instances 3/fl1577_08.gt,1576,10.0,86400.0,PTVRP_LINEAR,6055201.0,80,110,0.0059,,,,,,,,,,,,,,,
Instances/Instances 3/fl1577_09.gt,1576,10.0,86400.0,PTVRP_LINEAR,5980603.0,78,106,0.0057,,,,,,,,,,,,,,,
Instances/Instances 3/fl1577_10.gt,1576,10.0,86400.0,PTVRP_LINEAR,5984807.0,80,115,0.0055,,,,,,,,,,,,,,,
Instances/Instances 3/fl3795_01.gt,3794,10.0,86400.0,PTVRP_LINEAR,14935908.0,189,144,0.0092,,,,,,,,,,,,,,,
Instances/Instances 3/fl3795_02.gt,3794,10.0,86400.0,PTVRP_LINEAR,14887200.0,190,143,0.007,,,,,,,,,,,,,,,
Instances/Instances 3/fl3795_03.gt,3794,10.0,86400.0,PTVRP_LINEAR,14543802.0,189,128,0.008,,,,,,,,,,,,,,,
Instances/Instances 3/fl3795_04.gt,3794,10.0,86400.0,PTVRP_LINEAR,14628560.0,187,136,0.0069,,,,,,,,,,,,,,,
Instances/Instances 3/fl3795_05.gt,3794,10.0,86400.0,PTVRP_LINEAR,14714399.0,187,135,0.0068,,,,,,,,,,,,,,,
Instances/Instances 3/fl3795_06.gt,3794,10.0,86400.0,PTVRP_LINEAR,14618952.0,184,144,0.0075,,,,,,,,,,,,,,,
Instances/Instances 3/fl3795_07.gt,3794,10.0,86400.0,PTVRP_LINEAR,14928029.0,188,146,0.0067,,,,,,,,,,,,,,,
Instances/Instances 3/fl3795_08.gt,3794,10.0,86400.0,PTVRP_LINEAR,14492860.0,183,140,0.0078,,,,,,,,,,,,,,,
Instances/Instances 3/fl3795_09.gt,3794,10.0,86400.0,PTVRP_LINEAR,14782174.0,190,141,0.0076,,,,,,,,,,,,,,,
Instances/Instances 3/fl3795_10.gt,3794,10.0,86400.0,PTVRP_LINEAR,14796435.0,189,147,0.0093,,,,,,,,,,,,,,,
Instances/Instances 3/fl417_01.gt,416,10.0,86400.0,PTVRP_LINEAR,2390474.0,32,65,0.0057,,,,,,,,,,,,,,,
Instances/Instances 3/fl417_02.gt,416,10.0,86400.0,PTVRP_LINEAR,2232993.0,30,77,0.0063,,,,,,,,,,,,,,,
Instances/Instances 3/fl417_03.gt,416,10.0,86400.0,PTVRP_LINEAR,2397219.0,32,62,0.0052,,,,,,,,,,,,,,,
Instances/Instances 3/fl417_04.gt,416,10.0,86400.0,PTVRP_LINEAR,2271361.0,30,68,0.007,,,,,,,,,,,,,,,
Instances/Instances 3/fl417_05.gt,416,10.0,86400.0,PTVRP_LINEAR,2394079.0,33,85,0.0053,,,,,,,,,,,,,,,
Instances/Instances 3/fl417_06.gt,416,10.0,86400.0,PTVRP_LINEAR,2331073.0,32,68,0.0046,,,,,,,,,,,,,,,
Instances/Instances 3/fl417_07.gt,416,10.0,86400.0,PTVRP_LINEAR,2415038.0,34,74,0.0069,,,,,,,,,,,,,,,
Instances/Instances 3/fl417_08.gt,416,10.0,86400.0,PTVRP_LINEAR,2381203.0,31,74,0.0045,,,,,,,,,,,,,,,
Instances/Instances 3/fl417_09.gt,416,10.0,86400.0,PTVRP_LINEAR,2325975.0,31,65,0.0047,,,,,,,,,,,,,,,
Instances/Instances 3/fl417_10.gt,416,10.0,86400.0,PTVRP_LINEAR,2432261.0,33,66,0.0054,,,,,,,,,,,,,,,
Instances/Instances 3/fnl4461_01.gt,4460,10.0,86400.0,PTVRP_LINEAR,36809296.0,479,53,0.0077,,,,,,,,,,,,,,,
Instances/Instances 3/fnl4461_02.gt,4460,10.0,86400.0,PTVRP_LINEAR,36475751.0,478,66,0.0108,,,,,,,,,,,,,,,
Instances/Instances 3/fnl4461_03.gt,4460,10.0,86400.0,PTVRP_LINEAR,36542848.0,479,59,0.0092,,,,,,,,,,,,,,,
Instances/Instances 3/fnl4461_04.gt,4460,10.0,86400.0,PTVRP_LINEAR,36662682.0,476,63,0.008,,,,,,,,,,,,,,,
Instances/Instances 3/fnl4461_05.gt,4460,10.0,86400.0,PTVRP_LINEAR,35741580.0,466,56,0.009,,,,,,,,,,,,,,,
Instances/Instances 3/fnl4461_06.gt,4460,10.0,86400.0,PTVRP_LINEAR,36286919.0,472,59,0.008,,,,,,,,,,,,,,,
Instances/Instances 3/fnl4461_07.gt,4460,10.0,86400.0,PTVRP_LINEAR,35956415.0,467,64,0.0096,,,,,,,,,,,,,,,
Instances/Instances 3/fnl4461_08.gt,4460,10.0,86400.0,PTVRP_LINEAR,35740100.0,466,59,0.0087,,,,,,,,,,,,,,,
Instances/Instances 3/fnl4461_09.gt,4460,10.0,86400.0,PTVRP_LINEAR,35915613.0,470,48,0.0086,,,,,,,,,,,,,,,
Instances/Instances 3/fnl4461_10.gt,4460,10.0,86400.0,PTVRP_LINEAR,36071273.0,471,57,0.0082,,,,,,,,,,,,,,,
Instances/Instances 3/gil262_01.gt,261,10.0,86400.0,PTVRP_LINEAR,405035.0,6,155,0.0067,,,,,,,,,,,,,,,
Instances/Instances 3/gil262_02.gt,261,10.0,86400.0,PTVRP_LINEAR,387351.0,6,137,0.0071,,,,,,,,,,,,,,,
Instances/Instances 3/gil262_03.gt,261,10.0,86400.0,PTVRP_LINEAR,387572.0,6,151,0.0065,,,,,,,,,,,,,,,
Instances/Instances 3/gil262_04.gt,261,10.0,86400.0,PTVRP_LINEAR,383626.0,6,148,0.0065,,,,,,,,,,,,,,,
Instances/Instances 3/gil262_05.gt,261,10.0,86400.0,PTVRP_LINEAR,349125.0,7,139,0.0068,,,,,,,,,,,,,,,
Instances/Instances 3/gil262_06.gt,261,10.0,86400.0,PTVRP_LINEAR,393199.0,5,149,0.0063,,,,,,,,,,,,,,,
Instances/Instances 3/gil262_07.gt,261,10.0,86400.0,PTVRP_LINEAR,405490.0,6,154,0.0062,,,,,,,,,,,,,,,
Instances/Instances 3/gil262_08.gt,261,10.0,86400.0,PTVRP_LINEAR,371183.0,6,133,0.0065,,,,,,,,,,,,,,,
Instances/Instances 3/gil262_09.gt,261,10.0,86400.0,PTVRP_LINEAR,384388.0,6,146,0.0063,,,,,,,,,,,,,,,
Instances/Instances 3/gil262_10.gt,261,10.0,86400.0,PTVRP_LINEAR,379312.0,6,139,0.0063,,,,,,,,,,,,,,,
Instances/Instances 3/gr9882_01.gt,9881,10.0,86400.0,PTVRP_LINEAR,115525322.0,1539,73,0.0147,,,,,,,,,,,,,,,
Instances/Instances 3/gr9882_02.gt,9881,10.0,86400.0,PTVRP_LINEAR,115580320.0,1531,58,0.015,,,,,,,,,,,,,,,
Instances/Instances 3/gr9882_03.gt,9881,10.0,86400.0,PTVRP_LINEAR,114513967.0,1522,69,0.014,,,,,,,,,,,,,,,
Instances/Instances 3/gr9882_04.gt,9881,10.0,86400.0,PTVRP_LINEAR,116072514.0,1543,63,0.0146,,,,,,,,,,,,,,,
Instances/Instances 3/gr9882_05.gt,9881,10.0,86400.0,PTVRP_LINEAR,115041446.0,1534,63,0.0128,,,,,,,,,,,,,,,
Instances/Instances 3/gr9882_06.gt,9881,10.0,86400.0,PTVRP_LINEAR,114671086.0,1528,71,0.0137,,,,,,,,,,,,,,,
Instances/Instances 3/gr9882_07.gt,9881,10.0,86400.0,PTVRP_LINEAR,117125947.0,1556,66,0.0145,,,,,,,,,,,,,,,
Instances/Instances 3/gr9882_08.gt,9881,10.0,86400.0,PTVRP_LINEAR,115096552.0,1530,63,0.0151,,,,,,,,,,,,,,,
Instances/Instances 3/gr9882_09.gt,9881,10.0,86400.0,PTVRP_LINEAR,115633737.0,1538,65,0.0153,,,,,,,,,,,,,,,
Instances/Instances 3/gr9882_10.gt,9881,10.0,86400.0,PTVRP_LINEAR,114630787.0,1524,66,0.015,,,,,,,,,,,,,,,
Instances/Instances 3/ho14473_01.gt,14472,10.0,86400.0,PTVRP_LINEAR,86689605.0,1091,102,0.0151,,,,,,,,,,,,,,,
Instances/Instances 3/ho14473_02.gt,14472,10.0,86400.0,PTVRP_LINEAR,87641106.0,1108,99,0.016,,,,,,,,,,,,,,,
Instances/Instances 3/ho14473_03.gt,14472,10.0,86400.0,PTVRP_LINEAR,87033929.0,1100,97,0.0159,,,,,,,,,,,,,,,
Instances/Instances 3/ho14473_04.gt,14472,10.0,86400.0,PTVRP_LINEAR,86688000.0,1100,97,0.0155,,,,,,,,,,,,,,,
Instances/Instances 3/ho14473_05.gt,14472,10.0,86400.0,PTVRP_LINEAR,87409824.0,1108,100,0.016,,,,,,,,,,,,,,,
Instances/Instances 3/ho14473_06.gt,14472,10.0,86400.0,PTVRP_LINEAR,87551305.0,1107,100,0.0151,,,,,,,,,,,,,,,
Instances/Instances 3/ho14473_07.gt,14472,10.0,86400.0,PTVRP_LINEAR,86632125.0,1100,98,0.0159,,,,,,,,,,,,,,,
Instances/Instances 3/ho14473_08.gt,14472,10.0,86400.0,PTVRP_LINEAR,87351431.0,1102,103,0.016,,,,,,,,,,,,,,,
Instances/Instances 3/ho14473_09.gt,14472,10.0,86400.0,PTVRP_LINEAR,86737670.0,1089,102,0.0165,,,,,,,,,,,,,,,
Instances/Instances 3/ho14473_10.gt,14472,10.0,86400.0,PTVRP_LINEAR,86921012.0,1099,90,0.0146,,,,,,,,,,,,,,,
Instances/Instances 3/it16862_01.gt,16861,10.0,86400.0,PTVRP_LINEAR,283552327.0,4014,62,0.0229,,,,,,,,,,,,,,,
Instances/Instances 3/it16862_02.gt,16861,10.0,86400.0,PTVRP_LINEAR,279908132.0,3943,86,0.0234,,,,,,,,,,,,,,,
Instances/Instances 3/it16862_03.gt,16861,10.0,86400.0,PTVRP_LINEAR,282474346.0,3982,56,0.0232,,,,,,,,,,,,,,,
Instances/Instances 3/it16862_04.gt,16861,10.0,86400.0,PTVRP_LINEAR,277582905.0,3905,71,0.0231,,,,,,,,,,,,,,,
Instances/Instances 3/it16862_05.gt,16861,10.0,86400.0,PTVRP_LINEAR,279468580.0,3935,87,0.0234,,,,,,,,,,,,,,,
Instances/Instances 3/it16862_06.gt,16861,10.0,86400.0,PTVRP_LINEAR,279286089.0,3924,77,0.0244,,,,,,,,,,,,,,,
Instances/Instances 3/it16862_07.gt,16861,10.0,86400.0,PTVRP_LINEAR,278379254.0,3893,69,0.0238,,,,,,,,,,,,,,,
Instances/Instances 3/it16862_08.gt,16861,10.0,86400.0,PTVRP_LINEAR,279083667.0,3921,65,0.0242,,,,,,,,,,,,,,,
Instances/Instances 3/it16862_09.gt,16861,10.0,86400.0,PTVRP_LINEAR,281385667.0,3958,70,0.0246,,,,,,,,,,,,,,,
Instances/Instances 3/it16862_10.gt,16861,10.0,86400.0,PTVRP_LINEAR,278636355.0,3918,82,0.0244,,,,,,,,,,,,,,,
Instances/Instances 3/ja9847_01.gt,9846,10.0,86400.0,PTVRP_LINEAR,287649039.0,3980,55,0.0204,,,,,,,,,,,,,,,
Instances/Instances 3/ja9847_02.gt,9846,10.0,86400.0,PTVRP_LINEAR,285195786.0,3954,54,0.0196,,,,,,,,,,,,,,,
Instances/Instances 3/ja9847_03.gt,9846,10.0,86400.0,PTVRP_LINEAR,287332608.0,3964,51,0.019,,,,,,,,,,,,,,,
Instances/Instances 3/ja9847_04.gt,9846,10.0,86400.0,PTVRP_LINEAR,292009905.0,4048,65,0.0202,,,,,,,,,,,,,,,
Instances/Instances 3/ja9847_05.gt,9846,10.0,86400.0,PTVRP_LINEAR,285231412.0,3958,51,0.0202,,,,,,,,,,,,,,,
Instances/Instances 3/ja9847_06.gt,9846,10.0,86400.0,PTVRP_LINEAR,287993463.0,3981,52,0.0238,,,,,,,,,,,,,,,
Instances/Instances 3/ja9847_07.gt,9846,10.0,86400.0,PTVRP_LINEAR,287922441.0,3978,48,0.0202,,,,,,,,,,,,,,,
Instances/Instances 3/ja9847_08.gt,9846,10.0,86400.0,PTVRP_LINEAR,286123349.0,3975,57,0.0225,,,,,,,,,,,,,,,
Instances/Instances 3/ja9847_09.gt,9846,10.0,86400.0,PTVRP_LINEAR,292052738.0,4035,64,0.0204,,,,,,,,,,,,,,,
Instances/Instances 3/ja9847_10.gt,9846,10.0,86400.0,PTVRP_LINEAR,286294729.0,3966,55,0.0204,,,,,,,,,,,,,,,
Instances/Instances 3/kroA100_01.gt,99,10.0,86400.0,PTVRP_LINEAR,945742.0,14,24,0.0062,,,,,,,,,,,,,,,
Instances/Instances 3/kroA100_02.gt,99,10.0,86400.0,PTVRP_LINEAR,917286.0,15,26,0.0049,,,,,,,,,,,,,,,
Instances/Instances 3/kroA100_03.gt,99,10.0,86400.0,PTVRP_LINEAR,940112.0,15,25,0.0063,,,,,,,,,,,,,,,
Instances/Instances 3/kroA100_04.gt,99,10.0,86400.0,PTVRP_LINEAR,901768.0,14,26,0.0051,,,,,,,,,,,,,,,
Instances/Instances 3/kroA100_05.gt,99,10.0,86400.0,PTVRP_LINEAR,985145.0,14,24,0.0049,,,,,,,,,,,,,,,
Instances/Instances 3/kroA100_06.gt,99,10.0,86400.0,PTVRP_LINEAR,865436.0,13,22,0.0067,,,,,,,,,,,,,,,
Instances/Instances 3/kroA100_07.gt,99,10.0,86400.0,PTVRP_LINEAR,898242.0,13,28,0.0062,,,,,,,,,,,,,,,
Instances/Instances 3/kroA100_08.gt,99,10.0,86400.0,PTVRP_LINEAR,914492.0,14,24,0.0064,,,,,,,,,,,,,,,
Instances/Instances 3/kroA100_09.gt,99,10.0,86400.0,PTVRP_LINEAR,907619.0,15,24,0.0062,,,,,,,,,,,,,,,
Instances/Instances 3/kroA100_10.gt,99,10.0,86400.0,PTVRP_LINEAR,995503.0,15,26,0.0063,,,,,,,,,,,,,,,
Instances/Instances 3/kroA150_01.gt,149,10.0,86400.0,PTVRP_LINEAR,1398809.0,20,25,0.0068,,,,,,,,,,,,,,,
Instances/Instances 3/kroA150_02.gt,149,10.0,86400.0,PTVRP_LINEAR,1403974.0,20,28,0.0072,,,,,,,,,,,,,,,
Instances/Instances 3/kroA150_03.gt,149,10.0,86400.0,PTVRP_LINEAR,1292902.0,19,27,0.0071,,,,,,,,,,,,,,,
Instances/Instances 3/kroA150_04.gt,149,10.0,86400.0,PTVRP_LINEAR,1364946.0,20,26,0.007,,,,,,,,,,,,,,,
Instances/Instances 3/kroA150_05.gt,149,10.0,86400.0,PTVRP_LINEAR,1276999.0,19,26,0.0065,,,,,,,,,,,,,,,
Instances/Instances 3/kroA150_06.gt,149,10.0,86400.0,PTVRP_LINEAR,1344069.0,21,24,0.0065,,,,,,,,,,,,,,,
Instances/Instances 3/kroA150_07.gt,149,10.0,86400.0,PTVRP_LINEAR,1473596.0,22,29,0.0049,,,,,,,,,,,,,,,
Instances/Instances 3/kroA150_08.gt,149,10.0,86400.0,PTVRP_LINEAR,1426422.0,20,28,0.0047,,,,,,,,,,,,,,,
Instances/Instances 3/kroA150_09.gt,149,10.0,86400.0,PTVRP_LINEAR,1480006.0,21,26,0.0062,,,,,,,,,,,,,,,
Instances/Instances 3/kroA150_10.gt,149,10.0,86400.0,PTVRP_LINEAR,1398401.0,19,27,0.005,,,,,,,,,,,,,,,
Instances/Instances 3/kroA200_01.gt,199,10.0,86400.0,PTVRP_LINEAR,1827364.0,26,30,0.0052,,,,,,,,,,,,,,,
Instances/Instances 3/kroA200_02.gt,199,10.0,86400.0,PTVRP_LINEAR,1730129.0,24,28,0.0063,,,,,,,,,,,,,,,
Instances/Instances 3/kroA200_03.gt,199,10.0,86400.0,PTVRP_LINEAR,1853852.0,28,28,0.0045,,,,,,,,,,,,,,,
Instances/Instances 3/kroA200_04.gt,199,10.0,86400.0,PTVRP_LINEAR,1900348.0,27,33,0.0054,,,,,,,,,,,,,,,
Instances/Instances 3/kroA200_05.gt,199,10.0,86400.0,PTVRP_LINEAR,1686298.0,25,28,0.0065,,,,,,,,,,,,,,,
Instances/Instances 3/kroA200_06.gt,199,10.0,86400.0,PTVRP_LINEAR,1837320.0,26,31,0.0051,,,,,,,,,,,,,,,
Instances/Instances 3/kroA200_07.gt,199,10.0,86400.0,PTVRP_LINEAR,1909793.0,27,28,0.0071,,,,,,,,,,,,,,,
Instances/Instances 3/kroA200_08.gt,199,10.0,86400.0,PTVRP_LINEAR,1790043.0,25,27,0.0051,,,,,,,,,,,,,,,
Instances/Instances 3/kroA200_09.gt,199,10.0,86400.0,PTVRP_LINEAR,1690397.0,23,26,0.0048,,,,,,,,,,,,,,,
Instances/Instances 3/kroA200_10.gt,199,10.0,86400.0,PTVRP_LINEAR,1864402.0,26,29,0.0055,,,,,,,,,,,,,,,
Instances/Instances 3/kroB100_01.gt,99,10.0,86400.0,PTVRP_LINEAR,1009461.0,15,24,0.0064,,,,,,,,,,,,,,,
Instances/Instances 3/kroB100_02.gt,99,10.0,86400.0,PTVRP_LINEAR,934710.0,15,23,0.0049,,,,,,,,,,,,,,,
Instances/Instances 3/kroB100_03.gt,99,10.0,86400.0,PTVRP_LINEAR,907523.0,13,24,0.006,,,,,,,,,,,,,,,
Instances/Instances 3/kroB100_04.gt,99,10.0,86400.0,PTVRP_LINEAR,962499.0,15,25,0.0054,,,,,,,,,,,,,,,
Instances/Instances 3/kroB100_05.gt,99,10.0,86400.0,PTVRP_LINEAR,1018876.0,16,22,0.0047,,,,,,,,,,,,,,,
Instances/Instances 3/kroB100_06.gt,99,10.0,86400.0,PTVRP_LINEAR,1002726.0,15,23,0.0048,,,,,,,,,,,,,,,
Instances/Instances 3/kroB100_07.gt,99,10.0,86400.0,PTVRP_LINEAR,1061937.0,16,24,0.0063,,,,,,,,,,,,,,,
Instances/Instances 3/kroB100_08.gt,99,10.0,86400.0,PTVRP_LINEAR,926920.0,15,23,0.0043,,,,,,,,,,,,,,,
Instances/Instances 3/kroB100_09.gt,99,10.0,86400.0,PTVRP_LINEAR,931201.0,13,23,0.0047,,,,,,,,,,,,,,,
Instances/Instances 3/kroB100_10.gt,99,10.0,86400.0,PTVRP_LINEAR,952876.0,15,22,0.0062,,,,,,,,,,,,,,,
Instances/Instances 3/kroB150_01.gt,149,10.0,86400.0,PTVRP_LINEAR,1448967.0,22,25,0.0046,,,,,,,,,,,,,,,
Instances/Instances 3/kroB150_02.gt,149,10.0,86400.0,PTVRP_LINEAR,1389365.0,20,26,0.0048,,,,,,,,,,,,,,,
Instances/Instances 3/kroB150_03.gt,149,10.0,86400.0,PTVRP_LINEAR,1469233.0,21,29,0.0062,,,,,,,,,,,,,,,
Instances/Instances 3/kroB150_04.gt,149,10.0,86400.0,PTVRP_LINEAR,1395311.0,21,26,0.005,,,,,,,,,,,,,,,
Instances/Instances 3/kroB150_05.gt,149,10.0,86400.0,PTVRP_LINEAR,1539751.0,23,26,0.0057,,,,,,,,,,,,,,,
Instances/Instances 3/kroB150_06.gt,149,10.0,86400.0,PTVRP_LINEAR,1313246.0,19,27,0.0048,,,,,,,,,,,,,,,
Instances/Instances 3/kroB150_07.gt,149,10.0,86400.0,PTVRP_LINEAR,1403690.0,21,26,0.0061,,,,,,,,,,,,,,,
Instances/Instances 3/kroB150_08.gt,149,10.0,86400.0,PTVRP_LINEAR,1392910.0,21,26,0.0067,,,,,,,,,,,,,,,
Instances/Instances 3/kroB150_09.gt,149,10.0,86400.0,PTVRP_LINEAR,1488589.0,21,29,0.0065,,,,,,,,,,,,,,,
Instances/Instances 3/kroB150_10.gt,149,10.0,86400.0,PTVRP_LINEAR,1445875.0,20,26,0.0062,,,,,,,,,,,,,,,
Instances/Instances 3/kroB200_01.gt,199,10.0,86400.0,PTVRP_LINEAR,1780775.0,26,30,0.0063,,,,,,,,,,,,,,,
Instances/Instances 3/kroB200_02.gt,199,10.0,86400.0,PTVRP_LINEAR,1708524.0,26,32,0.0063,,,,,,,,,,,,,,,
Instances/Instances 3/kroB200_03.gt,199,10.0,86400.0,PTVRP_LINEAR,1856120.0,28,33,0.0064,,,,,,,,,,,,,,,
Instances/Instances 3/kroB200_04.gt,199,10.0,86400.0,PTVRP_LINEAR,1787729.0,24,37,0.0062,,,,,,,,,,,,,,,
Instances/Instances 3/kroB200_05.gt,199,10.0,86400.0,PTVRP_LINEAR,1806515.0,27,31,0.0058,,,,,,,,,,,,,,,
Instances/Instances 3/kroB200_06.gt,199,10.0,86400.0,PTVRP_LINEAR,1833107.0,28,34,0.0062,,,,,,,,,,,,,,,
Instances/Instances 3/kroB200_07.gt,199,10.0,86400.0,PTVRP_LINEAR,1806429.0,26,30,0.0062,,,,,,,,,,,,,,,
Instances/Instances 3/kroB200_08.gt,199,10.0,86400.0,PTVRP_LINEAR,1760037.0,26,35,0.0066,,,,,,,,,,,,,,,
Instances/Instances 3/kroB200_09.gt,199,10.0,86400.0,PTVRP_LINEAR,1916009.0,26,29,0.0068,,,,,,,,,,,,,,,
Instances/Instances 3/kroB200_10.gt,199,10.0,86400.0,PTVRP_LINEAR,1704786.0,25,28,0.0061,,,,,,,,,,,,,,,
Instances/Instances 3/kroC100_01.gt,99,10.0,86400.0,PTVRP_LINEAR,987458.0,15,24,0.006,,,,,,,,,,,,,,,
Instances/Instances 3/kroC100_02.gt,99,10.0,86400.0,PTVRP_LINEAR,977586.0,14,28,0.0061,,,,,,,,,,,,,,,
Instances/Instances 3/kroC100_03.gt,99,10.0,86400.0,PTVRP_LINEAR,929366.0,14,24,0.0059,,,,,,,,,,,,,,,
Instances/Instances 3/kroC100_04.gt,99,10.0,86400.0,PTVRP_LINEAR,1003643.0,15,25,0.0062,,,,,,,,,,,,,,,
Instances/Instances 3/kroC100_05.gt,99,10.0,86400.0,PTVRP_LINEAR,1110985.0,16,25,0.0069,,,,,,,,,,,,,,,
Instances/Instances 3/kroC100_06.gt,99,10.0,86400.0,PTVRP_LINEAR,1000572.0,15,24,0.0062,,,,,,,,,,,,,,,
Instances/Instances 3/kroC100_07.gt,99,10.0,86400.0,PTVRP_LINEAR,924791.0,15,21,0.0066,,,,,,,,,,,,,,,
Instances/Instances 3/kroC100_08.gt,99,10.0,86400.0,PTVRP_LINEAR,959804.0,15,26,0.0059,,,,,,,,,,,,,,,
Instances/Instances 3/kroC100_09.gt,99,10.0,86400.0,PTVRP_LINEAR,990484.0,15,22,0.0053,,,,,,,,,,,,,,,
Instances/Instances 3/kroC100_10.gt,99,10.0,86400.0,PTVRP_LINEAR,1016620.0,15,29,0.005,,,,,,,,,,,,,,,
Instances/Instances 3/kroD100_01.gt,99,10.0,86400.0,PTVRP_LINEAR,929142.0,14,30,0.0058,,,,,,,,,,,,,,,
Instances/Instances 3/kroD100_02.gt,99,10.0,86400.0,PTVRP_LINEAR,925594.0,14,25,0.0057,,,,,,,,,,,,,,,
Instances/Instances 3/kroD100_03.gt,99,10.0,86400.0,PTVRP_LINEAR,937936.0,13,33,0.0047,,,,,,,,,,,,,,,
Instances/Instances 3/kroD100_04.gt,99,10.0,86400.0,PTVRP_LINEAR,924672.0,14,28,0.0056,,,,,,,,,,,,,,,
Instances/Instances 3/kroD100_05.gt,99,10.0,86400.0,PTVRP_LINEAR,1030903.0,16,29,0.0063,,,,,,,,,,,,,,,
Instances/Instances 3/kroD100_06.gt,99,10.0,86400.0,PTVRP_LINEAR,984865.0,15,29,0.0051,,,,,,,,,,,,,,,
Instances/Instances 3/kroD100_07.gt,99,10.0,86400.0,PTVRP_LINEAR,934105.0,13,34,0.0046,,,,,,,,,,,,,,,
Instances/Instances 3/kroD100_08.gt,99,10.0,86400.0,PTVRP_LINEAR,942660.0,14,29,0.0043,,,,,,,,,,,,,,,
Instances/Instances 3/kroD100_09.gt,99,10.0,86400.0,PTVRP_LINEAR,959829.0,14,25,0.0045,,,,,,,,,,,,,,,
Instances/Instances 3/kroD100_10.gt,99,10.0,86400.0,PTVRP_LINEAR,1021959.0,14,28,0.0062,,,,,,,,,,,,,,,
Instances/Instances 3/kroE100_01.gt,99,10.0,86400.0,PTVRP_LINEAR,992415.0,14,28,0.0061,,,,,,,,,,,,,,,
Instances/Instances 3/kroE100_02.gt,99,10.0,86400.0,PTVRP_LINEAR,1022051.0,14,22,0.0058,,,,,,,,,,,,,,,
Instances/Instances 3/kroE100_03.gt,99,10.0,86400.0,PTVRP_LINEAR,950694.0,14,27,0.0059,,,,,,,,,,,,,,,
Instances/Instances 3/kroE100_04.gt,99,10.0,86400.0,PTVRP_LINEAR,985093.0,16,25,0.0061,,,,,,,,,,,,,,,
Instances/Instances 3/kroE100_05.gt,99,10.0,86400.0,PTVRP_LINEAR,1100515.0,15,33,0.0062,,,,,,,,,,,,,,,
Instances/Instances 3/kroE100_06.gt,99,10.0,86400.0,PTVRP_LINEAR,978663.0,16,28,0.0063,,,,,,,,,,,,,,,
Instances/Instances 3/kroE100_07.gt,99,10.0,86400.0,PTVRP_LINEAR,988502.0,14,25,0.0062,,,,,,,,,,,,,,,
Instances/Instances 3/kroE100_08.gt,99,10.0,86400.0,PTVRP_LINEAR,1049847.0,15,26,0.006,,,,,,,,,,,,,,,
Instances/Instances 3/kroE100_09.gt,99,10.0,86400.0,PTVRP_LINEAR,1002268.0,15,24,0.0061,,,,,,,,,,,,,,,
Instances/Instances 3/kroE100_10.gt,99,10.0,86400.0,PTVRP_LINEAR,1039442.0,16,25,0.0059,,,,,,,,,,,,,,,
Instances/Instances 3/kz9976_01.gt,9975,10.0,86400.0,PTVRP_LINEAR,568930094.0,6703,30,0.0256,,,,,,,,,,,,,,,
Instances/Instances 3/kz9976_02.gt,9975,10.0,86400.0,PTVRP_LINEAR,568661580.0,6696,37,0.0253,,,,,,,,,,,,,,,
Instances/Instances 3/kz9976_03.gt,9975,10.0,86400.0,PTVRP_LINEAR,575111755.0,6732,31,0.0257,,,,,,,,,,,,,,,
Instances/Instances 3/kz9976_04.gt,9975,10.0,86400.0,PTVRP_LINEAR,564543551.0,6675,38,0.028,,,,,,,,,,,,,,,
Instances/Instances 3/kz9976_05.gt,9975,10.0,86400.0,PTVRP_LINEAR,575999892.0,6785,29,0.031,,,,,,,,,,,,,,,
Instances/Instances 3/kz9976_06.gt,9975,10.0,86400.0,PTVRP_LINEAR,569391522.0,6668,31,0.026,,,,,,,,,,,,,,,
Instances/Instances 3/kz9976_07.gt,9975,10.0,86400.0,PTVRP_LINEAR,569728747.0,6694,35,0.0257,,,,,,,,,,,,,,,
Instances/Instances 3/kz9976_08.gt,9975,10.0,86400.0,PTVRP_LINEAR,570324408.0,6690,26,0.0263,,,,,,,,,,,,,,,
Instances/Instances 3/kz9976_09.gt,9975,10.0,86400.0,PTVRP_LINEAR,573825030.0,6746,29,0.0273,,,,,,,,,,,,,,,
Instances/Instances 3/kz9976_10.gt,9975,10.0,86400.0,PTVRP_LINEAR,568662748.0,6682,30,0.0272,,,,,,,,,,,,,,,
Instances/Instances 3/lin105_01.gt,104,10.0,86400.0,PTVRP_LINEAR,727537.0,12,37,0.0063,,,,,,,,,,,,,,,
Instances/Instances 3/lin105_02.gt,104,10.0,86400.0,PTVRP_LINEAR,765295.0,12,38,0.005,,,,,,,,,,,,,,,
Instances/Instances 3/lin105_03.gt,104,10.0,86400.0,PTVRP_LINEAR,751352.0,10,34,0.0061,,,,,,,,,,,,,,,
Instances/Instances 3/lin105_04.gt,104,10.0,86400.0,PTVRP_LINEAR,772997.0,10,34,0.005,,,,,,,,,,,,,,,
Instances/Instances 3/lin105_05.gt,104,10.0,86400.0,PTVRP_LINEAR,698881.0,10,40,0.0066,,,,,,,,,,,,,,,
Instances/Instances 3/lin105_06.gt,104,10.0,86400.0,PTVRP_LINEAR,700638.0,11,32,0.007,,,,,,,,,,,,,,,
Instances/Instances 3/lin105_07.gt,104,10.0,86400.0,PTVRP_LINEAR,778513.0,12,36,0.0063,,,,,,,,,,,,,,,
Instances/Instances 3/lin105_08.gt,104,10.0,86400.0,PTVRP_LINEAR,716747.0,11,34,0.0068,,,,,,,,,,,,,,,
Instances/Instances 3/lin105_09.gt,104,10.0,86400.0,PTVRP_LINEAR,763182.0,11,35,0.0068,,,,,,,,,,,,,,,
Instances/Instances 3/lin105_10.gt,104,10.0,86400.0,PTVRP_LINEAR,774383.0,11,38,0.0063,,,,,,,,,,,,,,,
Instances/Instances 3/lin318_01.gt,317,10.0,86400.0,PTVRP_LINEAR,2880906.0,42,32,0.0068,,,,,,,,,,,,,,,
Instances/Instances 3/lin318_02.gt,317,10.0,86400.0,PTVRP_LINEAR,2730855.0,41,27,0.0068,,,,,,,,,,,,,,,
Instances/Instances 3/lin318_03.gt,317,10.0,86400.0,PTVRP_LINEAR,2956887.0,41,36,0.0066,,,,,,,,,,,,,,,
Instances/Instances 3/lin318_04.gt,317,10.0,86400.0,PTVRP_LINEAR,2807133.0,39,32,0.0069,,,,,,,,,,,,,,,
Instances/Instances 3/lin318_05.gt,317,10.0,86400.0,PTVRP_LINEAR,2889159.0,41,32,0.0068,,,,,,,,,,,,,,,
Instances/Instances 3/lin318_06.gt,317,10.0,86400.0,PTVRP_LINEAR,2933944.0,39,31,0.0064,,,,,,,,,,,,,,,
Instances/Instances 3/lin318_07.gt,317,10.0,86400.0,PTVRP_LINEAR,2797975.0,41,29,0.0064,,,,,,,,,,,,,,,
Instances/Instances 3/lin318_08.gt,317,10.0,86400.0,PTVRP_LINEAR,3031595.0,44,34,0.0063,,,,,,,,,,,,,,,
Instances/Instances 3/lin318_09.gt,317,10.0,86400.0,PTVRP_LINEAR,2810415.0,41,33,0.0076,,,,,,,,,,,,,,,
Instances/Instances 3/lin318_10.gt,317,10.0,86400.0,PTVRP_LINEAR,3007971.0,42,31,0.0064,,,,,,,,,,,,,,,
Instances/Instances 3/linhp318_01.gt,317,10.0,86400.0,PTVRP_LINEAR,2998347.0,42,31,0.0072,,,,,,,,,,,,,,,
Instances/Instances 3/linhp318_02.gt,317,10.0,86400.0,PTVRP_LINEAR,2942937.0,42,31,0.006,,,,,,,,,,,,,,,
Instances/Instances 3/linhp318_03.gt,317,10.0,86400.0,PTVRP_LINEAR,3026433.0,43,37,0.0065,,,,,,,,,,,,,,,
Instances/Instances 3/linhp318_04.gt,317,10.0,86400.0,PTVRP_LINEAR,2902598.0,42,40,0.0062,,,,,,,,,,,,,,,
Instances/Instances 3/linhp318_05.gt,317,10.0,86400.0,PTVRP_LINEAR,2831578.0,37,28,0.0069,,,,,,,,,,,,,,,
Instances/Instances 3/linhp318_06.gt,317,10.0,86400.0,PTVRP_LINEAR,3013361.0,42,32,0.007,,,,,,,,,,,,,,,
Instances/Instances 3/linhp318_07.gt,317,10.0,86400.0,PTVRP_LINEAR,2916042.0,39,37,0.0066,,,,,,,,,,,,,,,
Instances/Instances 3/linhp318_08.gt,317,10.0,86400.0,PTVRP_LINEAR,2919993.0,40,39,0.0063,,,,,,,,,,,,,,,
Instances/Instances 3/linhp318_09.gt,317,10.0,86400.0,PTVRP_LINEAR,2822473.0,41,32,0.0061,,,,,,,,,,,,,,,
Instances/Instances 3/linhp318_10.gt,317,10.0,86400.0,PTVRP_LINEAR,3068586.0,44,31,0.0065,,,,,,,,,,,,,,,
Instances/Instances 3/lu980_01.gt,979,10.0,86400.0,PTVRP_LINEAR,2009905.0,34,122,0.0063,,,,,,,,,,,,,,,
Instances/Instances 3/lu980_02.gt,979,10.0,86400.0,PTVRP_LINEAR,1966761.0,31,121,0.0065,,,,,,,,,,,,,,,
Instances/Instances 3/lu980_03.gt,979,10.0,86400.0,PTVRP_LINEAR,2040275.0,33,114,0.007,,,,,,,,,,,,,,,
Instances/Instances 3/lu980_04.gt,979,10.0,86400.0,PTVRP_LINEAR,2036287.0,30,113,0.005,,,,,,,,,,,,,,,
Instances/Instances 3/lu980_05.gt,979,10.0,86400.0,PTVRP_LINEAR,1994282.0,33,114,0.0066,,,,,,,,,,,,,,,
Instances/Instances 3/lu980_06.gt,979,10.0,86400.0,PTVRP_LINEAR,2057932.0,29,116,0.0071,,,,,,,,,,,,,,,
Instances/Instances 3/lu980_07.gt,979,10.0,86400.0,PTVRP_LINEAR,2017481.0,30,121,0.0064,,,,,,,,,,,,,,,
Instances/Instances 3/lu980_08.gt,979,10.0,86400.0,PTVRP_LINEAR,2031255.0,31,112,0.0063,,,,,,,,,,,,,,,
Instances/Instances 3/lu980_09.gt,979,10.0,86400.0,PTVRP_LINEAR,2065472.0,30,106,0.0068,,,,,,,,,,,,,,,
Instances/Instances 3/lu980_10.gt,979,10.0,86400.0,PTVRP_LINEAR,2000582.0,31,110,0.0063,,,,,,,,,,,,,,,
Instances/Instances 3/mo14185_01.gt,14184,10.0,86400.0,PTVRP_LINEAR,196895412.0,2642,67,0.0194,,,,,,,,,,,,,,,
Instances/Instances 3/mo14185_02.gt,14184,10.0,86400.0,PTVRP_LINEAR,195684013.0,2607,66,0.0179,,,,,,,,,,,,,,,
Instances/Instances 3/mo14185_03.gt,14184,10.0,86400.0,PTVRP_LINEAR,194309867.0,2597,61,0.0195,,,,,,,,,,,,,,,
Instances/Instances 3/mo14185_04.gt,14184,10.0,86400.0,PTVRP_LINEAR,196090406.0,2616,70,0.0212,,,,,,,,,,,,,,,
Instances/Instances 3/mo14185_05.gt,14184,10.0,86400.0,PTVRP_LINEAR,196506908.0,2635,68,0.0195,,,,,,,,,,,,,,,
Instances/Instances 3/mo14185_06.gt,14184,10.0,86400.0,PTVRP_LINEAR,195175536.0,2602,69,0.0181,,,,,,,,,,,,,,,
Instances/Instances 3/mo14185_07.gt,14184,10.0,86400.0,PTVRP_LINEAR,196154433.0,2625,60,0.0176,,,,,,,,,,,,,,,
Instances/Instances 3/mo14185_08.gt,14184,10.0,86400.0,PTVRP_LINEAR,195783414.0,2621,57,0.0176,,,,,,,,,,,,,,,
Instances/Instances 3/mo14185_09.gt,14184,10.0,86400.0,PTVRP_LINEAR,195514651.0,2610,61,0.0186,,,,,,,,,,,,,,,
Instances/Instances 3/mo14185_10.gt,14184,10.0,86400.0,PTVRP_LINEAR,196932589.0,2628,59,0.0191,,,,,,,,,,,,,,,
Instances/Instances 3/mu1979_01.gt,1978,10.0,86400.0,PTVRP_LINEAR,22508277.0,319,66,0.0079,,,,,,,,,,,,,,,
Instances/Instances 3/mu1979_02.gt,1978,10.0,86400.0,PTVRP_LINEAR,22670527.0,323,74,0.0061,,,,,,,,,,,,,,,
Instances/Instances 3/mu1979_03.gt,1978,10.0,86400.0,PTVRP_LINEAR,23048199.0,329,69,0.008,,,,,,,,,,,,,,,
Instances/Instances 3/mu1979_04.gt,1978,10.0,86400.0,PTVRP_LINEAR,22006942.0,303,75,0.0061,,,,,,,,,,,,,,,
Instances/Instances 3/mu1979_05.gt,1978,10.0,86400.0,PTVRP_LINEAR,22058815.0,308,74,0.0087,,,,,,,,,,,,,,,
Instances/Instances 3/mu1979_06.gt,1978,10.0,86400.0,PTVRP_LINEAR,21920579.0,312,73,0.0065,,,,,,,,,,,,,,,
Instances/Instances 3/mu1979_07.gt,1978,10.0,86400.0,PTVRP_LINEAR,22407298.0,315,69,0.0062,,,,,,,,,,,,,,,
Instances/Instances 3/mu1979_08.gt,1978,10.0,86400.0,PTVRP_LINEAR,22060136.0,311,71,0.0064,,,,,,,,,,,,,,,
Instances/Instances 3/mu1979_09.gt,1978,10.0,86400.0,PTVRP_LINEAR,22880142.0,320,73,0.006,,,,,,,,,,,,,,,
Instances/Instances 3/mu1979_10.gt,1978,10.0,86400.0,PTVRP_LINEAR,22394452.0,317,71,0.0061,,,,,,,,,,,,,,,
Instances/Instances 3/nrw1379_01.gt,1378,10.0,86400.0,PTVRP_LINEAR,7327013.0,98,60,0.0059,,,,,,,,,,,,,,,
Instances/Instances 3/nrw1379_02.gt,1378,10.0,86400.0,PTVRP_LINEAR,7205584.0,100,59,0.0052,,,,,,,,,,,,,,,
Instances/Instances 3/nrw1379_03.gt,1378,10.0,86400.0,PTVRP_LINEAR,7466844.0,101,65,0.0063,,,,,,,,,,,,,,,
Instances/Instances 3/nrw1379_04.gt,1378,10.0,86400.0,PTVRP_LINEAR,7396489.0,101,64,0.0063,,,,,,,,,,,,,,,
Instances/Instances 3/nrw1379_05.gt,1378,10.0,86400.0,PTVRP_LINEAR,7358575.0,98,59,0.0067,,,,,,,,,,,,,,,
Instances/Instances 3/nrw1379_06.gt,1378,10.0,86400.0,PTVRP_LINEAR,7253307.0,98,63,0.0071,,,,,,,,,,,,,,,
Instances/Instances 3/nrw1379_07.gt,1378,10.0,86400.0,PTVRP_LINEAR,7386451.0,100,62,0.0075,,,,,,,,,,,,,,,
Instances/Instances 3/nrw1379_08.gt,1378,10.0,86400.0,PTVRP_LINEAR,7295283.0,101,62,0.0073,,,,,,,,,,,,,,,
Instances/Instances 3/nrw1379_09.gt,1378,10.0,86400.0,PTVRP_LINEAR,7409278.0,101,62,0.0068,,,,,,,,,,,,,,,
Instances/Instances 3/nrw1379_10.gt,1378,10.0,86400.0,PTVRP_LINEAR,7159133.0,96,63,0.007,,,,,,,,,,,,,,,
Instances/Instances 3/nu3496_01.gt,3495,10.0,86400.0,PTVRP_LINEAR,22141091.0,291,78,0.0082,,,,,,,,,,,,,,,
Instances/Instances 3/nu3496_02.gt,3495,10.0,86400.0,PTVRP_LINEAR,22241427.0,289,79,0.0067,,,,,,,,,,,,,,,
Instances/Instances 3/nu3496_03.gt,3495,10.0,86400.0,PTVRP_LINEAR,22026497.0,293,70,0.0078,,,,,,,,,,,,,,,
Instances/Instances 3/nu3496_04.gt,3495,10.0,86400.0,PTVRP_LINEAR,22256797.0,292,91,0.0085,,,,,,,,,,,,,,,
Instances/Instances 3/nu3496_05.gt,3495,10.0,86400.0,PTVRP_LINEAR,22637794.0,298,71,0.0069,,,,,,,,,,,,,,,
Instances/Instances 3/nu3496_06.gt,3495,10.0,86400.0,PTVRP_LINEAR,22255796.0,289,79,0.0068,,,,,,,,,,,,,,,
Instances/Instances 3/nu3496_07.gt,3495,10.0,86400.0,PTVRP_LINEAR,22072960.0,292,84,0.0085,,,,,,,,,,,,,,,
Instances/Instances 3/nu3496_08.gt,3495,10.0,86400.0,PTVRP_LINEAR,22305521.0,291,86,0.0071,,,,,,,,,,,,,,,
Instances/Instances 3/nu3496_09.gt,3495,10.0,86400.0,PTVRP_LINEAR,22365738.0,299,82,0.0072,,,,,,,,,,,,,,,
Instances/Instances 3/nu3496_10.gt,3495,10.0,86400.0,PTVRP_LINEAR,22539662.0,294,80,0.0071,,,,,,,,,,,,,,,
Instances/Instances 3/p654_01.gt,653,10.0,86400.0,PTVRP_LINEAR,8871811.0,119,31,0.0057,,,,,,,,,,,,,,,
Instances/Instances 3/p654_02.gt,653,10.0,86400.0,PTVRP_LINEAR,8563730.0,114,32,0.0057,,,,,,,,,,,,,,,
Instances/Instances 3/p654_03.gt,653,10.0,86400.0,PTVRP_LINEAR,9115497.0,123,31,0.0057,,,,,,,,,,,,,,,
Instances/Instances 3/p654_04.gt,653,10.0,86400.0,PTVRP_LINEAR,8795297.0,120,30,0.0074,,,,,,,,,,,,,,,
Instances/Instances 3/p654_05.gt,653,10.0,86400.0,PTVRP_LINEAR,8890044.0,120,32,0.0075,,,,,,,,,,,,,,,
Instances/Instances 3/p654_06.gt,653,10.0,86400.0,PTVRP_LINEAR,9160251.0,122,33,0.0059,,,,,,,,,,,,,,,
Instances/Instances 3/p654_07.gt,653,10.0,86400.0,PTVRP_LINEAR,8909329.0,121,27,0.0056,,,,,,,,,,,,,,,
Instances/Instances 3/p654_08.gt,653,10.0,86400.0,PTVRP_LINEAR,9006766.0,119,32,0.0065,,,,,,,,,,,,,,,
Instances/Instances 3/p654_09.gt,653,10.0,86400.0,PTVRP_LINEAR,8405543.0,112,31,0.0052,,,,,,,,,,,,,,,
Instances/Instances 3/p654_10.gt,653,10.0,86400.0,PTVRP_LINEAR,8980213.0,119,30,0.006,,,,,,,,,,,,,,,
Instances/Instances 3/pcb1173_01.gt,1172,10.0,86400.0,PTVRP_LINEAR,6934653.0,96,60,0.006,,,,,,,,,,,,,,,
Instances/Instances 3/pcb1173_02.gt,1172,10.0,86400.0,PTVRP_LINEAR,6979098.0,95,57,0.0066,,,,,,,,,,,,,,,
Instances/Instances 3/pcb1173_03.gt,1172,10.0,86400.0,PTVRP_LINEAR,6985974.0,98,57,0.0073,,,,,,,,,,,,,,,
Instances/Instances 3/pcb1173_04.gt,1172,10.0,86400.0,PTVRP_LINEAR,6965054.0,98,54,0.0062,,,,,,,,,,,,,,,
Instances/Instances 3/pcb1173_05.gt,1172,10.0,86400.0,PTVRP_LINEAR,7021285.0,95,53,0.0055,,,,,,,,,,,,,,,
Instances/Instances 3/pcb1173_06.gt,1172,10.0,86400.0,PTVRP_LINEAR,6844589.0,95,56,0.0062,,,,,,,,,,,,,,,
Instances/Instances 3/pcb1173_07.gt,1172,10.0,86400.0,PTVRP_LINEAR,7070465.0,94,58,0.0072,,,,,,,,,,,,,,,
Instances/Instances 3/pcb1173_08.gt,1172,10.0,86400.0,PTVRP_LINEAR,6996560.0,95,51,0.0056,,,,,,,,,,,,,,,
Instances/Instances 3/pcb1173_09.gt,1172,10.0,86400.0,PTVRP_LINEAR,7064163.0,96,52,0.007,,,,,,,,,,,,,,,
Instances/Instances 3/pcb1173_10.gt,1172,10.0,86400.0,PTVRP_LINEAR,6929964.0,96,58,0.0066,,,,,,,,,,,,,,,
Instances/Instances 3/pcb3038_01.gt,3037,10.0,86400.0,PTVRP_LINEAR,23779172.0,310,54,0.0071,,,,,,,,,,,,,,,
Instances/Instances 3/pcb3038_02.gt,3037,10.0,86400.0,PTVRP_LINEAR,23888433.0,313,50,0.0079,,,,,,,,,,,,,,,
Instances/Instances 3/pcb3038_03.gt,3037,10.0,86400.0,PTVRP_LINEAR,23919458.0,311,52,0.009,,,,,,,,,,,,,,,
Instances/Instances 3/pcb3038_04.gt,3037,10.0,86400.0,PTVRP_LINEAR,23777617.0,311,54,0.009,,,,,,,,,,,,,,,
Instances/Instances 3/pcb3038_05.gt,3037,10.0,86400.0,PTVRP_LINEAR,23677786.0,311,53,0.0097,,,,,,,,,,,,,,,
Instances/Instances 3/pcb3038_06.gt,3037,10.0,86400.0,PTVRP_LINEAR,23938860.0,313,57,0.0091,,,,,,,,,,,,,,,
Instances/Instances 3/pcb3038_07.gt,3037,10.0,86400.0,PTVRP_LINEAR,24099321.0,314,59,0.0069,,,,,,,,,,,,,,,
Instances/Instances 3/pcb3038_08.gt,3037,10.0,86400.0,PTVRP_LINEAR,23375926.0,307,52,0.0069,,,,,,,,,,,,,,,
Instances/Instances 3/pcb3038_09.gt,3037,10.0,86400.0,PTVRP_LINEAR,23712211.0,313,54,0.0073,,,,,,,,,,,,,,,
Instances/Instances 3/pcb3038_10.gt,3037,10.0,86400.0,PTVRP_LINEAR,24159812.0,316,61,0.0091,,,,,,,,,,,,,,,
Instances/Instances 3/pcb442_01.gt,441,10.0,86400.0,PTVRP_LINEAR,3733838.0,55,34,0.0051,,,,,,,,,,,,,,,
Instances/Instances 3/pcb442_02.gt,441,10.0,86400.0,PTVRP_LINEAR,3820465.0,55,34,0.0048,,,,,,,,,,,,,,,
Instances/Instances 3/pcb442_03.gt,441,10.0,86400.0,PTVRP_LINEAR,3817433.0,55,38,0.0041,,,,,,,,,,,,,,,
Instances/Instances 3/pcb442_04.gt,441,10.0,86400.0,PTVRP_LINEAR,3828035.0,55,33,0.0046,,,,,,,,,,,,,,,
Instances/Instances 3/pcb442_05.gt,441,10.0,86400.0,PTVRP_LINEAR,3760200.0,56,33,0.0044,,,,,,,,,,,,,,,
Instances/Instances 3/pcb442_06.gt,441,10.0,86400.0,PTVRP_LINEAR,3901593.0,53,37,0.0045,,,,,,,,,,,,,,,
Instances/Instances 3/pcb442_07.gt,441,10.0,86400.0,PTVRP_LINEAR,3896523.0,55,34,0.0065,,,,,,,,,,,,,,,
Instances/Instances 3/pcb442_08.gt,441,10.0,86400.0,PTVRP_LINEAR,3941173.0,53,33,0.0062,,,,,,,,,,,,,,,
Instances/Instances 3/pcb442_09.gt,441,10.0,86400.0,PTVRP_LINEAR,3762489.0,54,33,0.0069,,,,,,,,,,,,,,,
Instances/Instances 3/pcb442_10.gt,441,10.0,86400.0,PTVRP_LINEAR,3873858.0,52,38,0.007,,,,,,,,,,,,,,,
Instances/Instances 3/pm8079_01.gt,8078,10.0,86400.0,PTVRP_LINEAR,46567390.0,594,127,0.0113,,,,,,,,,,,,,,,
Instances/Instances 3/pm8079_02.gt,8078,10.0,86400.0,PTVRP_LINEAR,46470214.0,587,115,0.0111,,,,,,,,,,,,,,,
Instances/Instances 3/pm8079_03.gt,8078,10.0,86400.0,PTVRP_LINEAR,46099438.0,588,113,0.0113,,,,,,,,,,,,,,,
Instances/Instances 3/pm8079_04.gt,8078,10.0,86400.0,PTVRP_LINEAR,46355747.0,596,105,0.0099,,,,,,,,,,,,,,,
Instances/Instances 3/pm8079_05.gt,8078,10.0,86400.0,PTVRP_LINEAR,46177233.0,590,112,0.0104,,,,,,,,,,,,,,,
Instances/Instances 3/pm8079_06.gt,8078,10.0,86400.0,PTVRP_LINEAR,46136938.0,590,107,0.0116,,,,,,,,,,,,,,,
Instances/Instances 3/pm8079_07.gt,8078,10.0,86400.0,PTVRP_LINEAR,46400723.0,594,123,0.0124,,,,,,,,,,,,,,,
Instances/Instances 3/pm8079_08.gt,8078,10.0,86400.0,PTVRP_LINEAR,46435646.0,593,113,0.0104,,,,,,,,,,,,,,,
Instances/Instances 3/pm8079_09.gt,8078,10.0,86400.0,PTVRP_LINEAR,46429969.0,591,106,0.0104,,,,,,,,,,,,,,,
Instances/Instances 3/pm8079_10.gt,8078,10.0,86400.0,PTVRP_LINEAR,46534077.0,594,126,0.0118,,,,,,,,,,,,,,,
Instances/Instances 3/pr1002_01.gt,1001,10.0,86400.0,PTVRP_LINEAR,28064368.0,418,22,0.0058,,,,,,,,,,,,,,,
Instances/Instances 3/pr1002_02.gt,1001,10.0,86400.0,PTVRP_LINEAR,26730249.0,403,26,0.0069,,,,,,,,,,,,,,,
Instances/Instances 3/pr1002_03.gt,1001,10.0,86400.0,PTVRP_LINEAR,28082404.0,425,29,0.0063,,,,,,,,,,,,,,,
Instances/Instances 3/pr1002_04.gt,1001,10.0,86400.0,PTVRP_LINEAR,27094079.0,415,20,0.0061,,,,,,,,,,,,,,,
Instances/Instances 3/pr1002_05.gt,1001,10.0,86400.0,PTVRP_LINEAR,27106079.0,409,25,0.0062,,,,,,,,,,,,,,,
Instances/Instances 3/pr1002_06.gt,1001,10.0,86400.0,PTVRP_LINEAR,26793032.0,411,24,0.0073,,,,,,,,,,,,,,,
Instances/Instances 3/pr1002_07.gt,1001,10.0,86400.0,PTVRP_LINEAR,26862053.0,401,21,0.0061,,,,,,,,,,,,,,,
Instances/Instances 3/pr1002_08.gt,1001,10.0,86400.0,PTVRP_LINEAR,27882291.0,420,21,0.0067,,,,,,,,,,,,,,,
Instances/Instances 3/pr1002_09.gt,1001,10.0,86400.0,PTVRP_LINEAR,27344389.0,421,23,0.0077,,,,,,,,,,,,,,,
Instances/Instances 3/pr1002_10.gt,1001,10.0,86400.0,PTVRP_LINEAR,26826912.0,401,23,0.0059,,,,,,,,,,,,,,,
Instances/Instances 3/pr107_01.gt,106,10.0,86400.0,PTVRP_LINEAR,2984101.0,47,23,0.0045,,,,,,,,,,,,,,,
Instances/Instances 3/pr107_02.gt,106,10.0,86400.0,PTVRP_LINEAR,3003379.0,48,19,0.0043,,,,,,,,,,,,,,,
Instances/Instances 3/pr107_03.gt,106,10.0,86400.0,PTVRP_LINEAR,3085297.0,47,21,0.0056,,,,,,,,,,,,,,,
Instances/Instances 3/pr107_04.gt,106,10.0,86400.0,PTVRP_LINEAR,2678981.0,46,19,0.0045,,,,,,,,,,,,,,,
Instances/Instances 3/pr107_05.gt,106,10.0,86400.0,PTVRP_LINEAR,3182964.0,48,20,0.0049,,,,,,,,,,,,,,,
Instances/Instances 3/pr107_06.gt,106,10.0,86400.0,PTVRP_LINEAR,2905157.0,45,20,0.0051,,,,,,,,,,,,,,,
Instances/Instances 3/pr107_07.gt,106,10.0,86400.0,PTVRP_LINEAR,3081326.0,45,20,0.0062,,,,,,,,,,,,,,,
Instances/Instances 3/pr107_08.gt,106,10.0,86400.0,PTVRP_LINEAR,3193484.0,49,21,0.0051,,,,,,,,,,,,,,,
Instances/Instances 3/pr107_09.gt,106,10.0,86400.0,PTVRP_LINEAR,3397907.0,55,21,0.0044,,,,,,,,,,,,,,,
Instances/Instances 3/pr107_10.gt,106,10.0,86400.0,PTVRP_LINEAR,3181508.0,48,18,0.0055,,,,,,,,,,,,,,,
Instances/Instances 3/pr124_01.gt,123,10.0,86400.0,PTVRP_LINEAR,2930955.0,45,15,0.0061,,,,,,,,,,,,,,,
Instances/Instances 3/pr124_02.gt,123,10.0,86400.0,PTVRP_LINEAR,3141449.0,48,13,0.0048,,,,,,,,,,,,,,,
Instances/Instances 3/pr124_03.gt,123,10.0,86400.0,PTVRP_LINEAR,2850963.0,42,14,0.0052,,,,,,,,,,,,,,,
Instances/Instances 3/pr124_04.gt,123,10.0,86400.0,PTVRP_LINEAR,3133795.0,50,14,0.0047,,,,,,,,,,,,,,,
Instances/Instances 3/pr124_05.gt,123,10.0,86400.0,PTVRP_LINEAR,3030922.0,46,16,0.0059,,,,,,,,,,,,,,,
Instances/Instances 3/pr124_06.gt,123,10.0,86400.0,PTVRP_LINEAR,3157520.0,47,17,0.0054,,,,,,,,,,,,,,,
Instances/Instances 3/pr124_07.gt,123,10.0,86400.0,PTVRP_LINEAR,3058035.0,47,15,0.0044,,,,,,,,,,,,,,,
Instances/Instances 3/pr124_08.gt,123,10.0,86400.0,PTVRP_LINEAR,2912935.0,45,15,0.0049,,,,,,,,,,,,,,,
Instances/Instances 3/pr124_09.gt,123,10.0,86400.0,PTVRP_LINEAR,2929449.0,44,14,0.0076,,,,,,,,,,,,,,,
Instances/Instances 3/pr124_10.gt,123,10.0,86400.0,PTVRP_LINEAR,3093140.0,45,16,0.0046,,,,,,,,,,,,,,,
Instances/Instances 3/pr136_01.gt,135,10.0,86400.0,PTVRP_LINEAR,3803470.0,57,12,0.0045,,,,,,,,,,,,,,,
Instances/Instances 3/pr136_02.gt,135,10.0,86400.0,PTVRP_LINEAR,3725917.0,60,12,0.0063,,,,,,,,,,,,,,,
Instances/Instances 3/pr136_03.gt,135,10.0,86400.0,PTVRP_LINEAR,3732203.0,60,11,0.0046,,,,,,,,,,,,,,,
Instances/Instances 3/pr136_04.gt,135,10.0,86400.0,PTVRP_LINEAR,3857248.0,61,12,0.0045,,,,,,,,,,,,,,,
Instances/Instances 3/pr136_05.gt,135,10.0,86400.0,PTVRP_LINEAR,3921826.0,62,14,0.0069,,,,,,,,,,,,,,,
Instances/Instances 3/pr136_06.gt,135,10.0,86400.0,PTVRP_LINEAR,3834623.0,58,13,0.0045,,,,,,,,,,,,,,,
Instances/Instances 3/pr136_07.gt,135,10.0,86400.0,PTVRP_LINEAR,3654267.0,58,11,0.0046,,,,,,,,,,,,,,,
Instances/Instances 3/pr136_08.gt,135,10.0,86400.0,PTVRP_LINEAR,3671392.0,56,11,0.0068,,,,,,,,,,,,,,,
Instances/Instances 3/pr136_09.gt,135,10.0,86400.0,PTVRP_LINEAR,3776094.0,58,15,0.0048,,,,,,,,,,,,,,,
Instances/Instances 3/pr136_10.gt,135,10.0,86400.0,PTVRP_LINEAR,3905274.0,61,12,0.0058,,,,,,,,,,,,,,,
Instances/Instances 3/pr144_01.gt,143,10.0,86400.0,PTVRP_LINEAR,3503682.0,51,15,0.0066,,,,,,,,,,,,,,,
Instances/Instances 3/pr144_02.gt,143,10.0,86400.0,PTVRP_LINEAR,3290874.0,51,19,0.0048,,,,,,,,,,,,,,,
Instances/Instances 3/pr144_03.gt,143,10.0,86400.0,PTVRP_LINEAR,3477281.0,50,20,0.0045,,,,,,,,,,,,,,,
Instances/Instances 3/pr144_04.gt,143,10.0,86400.0,PTVRP_LINEAR,3541560.0,54,21,0.0055,,,,,,,,,,,,,,,
Instances/Instances 3/pr144_05.gt,143,10.0,86400.0,PTVRP_LINEAR,3428521.0,51,24,0.0043,,,,,,,,,,,,,,,
Instances/Instances 3/pr144_06.gt,143,10.0,86400.0,PTVRP_LINEAR,3599402.0,57,22,0.0045,,,,,,,,,,,,,,,
Instances/Instances 3/pr144_07.gt,143,10.0,86400.0,PTVRP_LINEAR,3418594.0,53,17,0.0062,,,,,,,,,,,,,,,
Instances/Instances 3/pr144_08.gt,143,10.0,86400.0,PTVRP_LINEAR,3325236.0,51,18,0.0047,,,,,,,,,,,,,,,
Instances/Instances 3/pr144_09.gt,143,10.0,86400.0,PTVRP_LINEAR,3878901.0,61,27,0.0052,,,,,,,,,,,,,,,
Instances/Instances 3/pr144_10.gt,143,10.0,86400.0,PTVRP_LINEAR,3091705.0,45,24,0.0066,,,,,,,,,,,,,,,
Instances/Instances 3/pr152_01.gt,151,10.0,86400.0,PTVRP_LINEAR,4251354.0,67,19,0.0063,,,,,,,,,,,,,,,
Instances/Instances 3/pr152_02.gt,151,10.0,86400.0,PTVRP_LINEAR,4096173.0,63,18,0.0075,,,,,,,,,,,,,,,
Instances/Instances 3/pr152_03.gt,151,10.0,86400.0,PTVRP_LINEAR,4476618.0,69,17,0.0054,,,,,,,,,,,,,,,
Instances/Instances 3/pr152_04.gt,151,10.0,86400.0,PTVRP_LINEAR,4034511.0,62,15,0.0047,,,,,,,,,,,,,,,
Instances/Instances 3/pr152_05.gt,151,10.0,86400.0,PTVRP_LINEAR,4153658.0,68,15,0.0053,,,,,,,,,,,,,,,
Instances/Instances 3/pr152_06.gt,151,10.0,86400.0,PTVRP_LINEAR,4383182.0,67,18,0.0046,,,,,,,,,,,,,,,
Instances/Instances 3/pr152_07.gt,151,10.0,86400.0,PTVRP_LINEAR,4223104.0,64,22,0.006,,,,,,,,,,,,,,,
Instances/Instances 3/pr152_08.gt,151,10.0,86400.0,PTVRP_LINEAR,4349423.0,68,20,0.0048,,,,,,,,,,,,,,,
Instances/Instances 3/pr152_09.gt,151,10.0,86400.0,PTVRP_LINEAR,4084640.0,67,20,0.0045,,,,,,,,,,,,,,,
Instances/Instances 3/pr152_10.gt,151,10.0,86400.0,PTVRP_LINEAR,4280330.0,67,19,0.0047,,,,,,,,,,,,,,,
Instances/Instances 3/pr226_01.gt,225,10.0,86400.0,PTVRP_LINEAR,7231877.0,112,14,0.005,,,,,,,,,,,,,,,
Instances/Instances 3/pr226_02.gt,225,10.0,86400.0,PTVRP_LINEAR,7165640.0,107,14,0.005,,,,,,,,,,,,,,,
Instances/Instances 3/pr226_03.gt,225,10.0,86400.0,PTVRP_LINEAR,6832754.0,101,14,0.0047,,,,,,,,,,,,,,,
Instances/Instances 3/pr226_04.gt,225,10.0,86400.0,PTVRP_LINEAR,7454597.0,114,13,0.0065,,,,,,,,,,,,,,,
Instances/Instances 3/pr226_05.gt,225,10.0,86400.0,PTVRP_LINEAR,7296172.0,110,14,0.0056,,,,,,,,,,,,,,,
Instances/Instances 3/pr226_06.gt,225,10.0,86400.0,PTVRP_LINEAR,7454637.0,108,14,0.0056,,,,,,,,,,,,,,,
Instances/Instances 3/pr226_07.gt,225,10.0,86400.0,PTVRP_LINEAR,7258099.0,107,14,0.0072,,,,,,,,,,,,,,,
Instances/Instances 3/pr226_08.gt,225,10.0,86400.0,PTVRP_LINEAR,7453006.0,113,14,0.0048,,,,,,,,,,,,,,,
Instances/Instances 3/pr226_09.gt,225,10.0,86400.0,PTVRP_LINEAR,7420715.0,114,14,0.0052,,,,,,,,,,,,,,,
Instances/Instances 3/pr226_10.gt,225,10.0,86400.0,PTVRP_LINEAR,7331805.0,109,14,0.0049,,,,,,,,,,,,,,,
Instances/Instances 3/pr2392_01.gt,2391,10.0,86400.0,PTVRP_LINEAR,61279247.0,896,27,0.0076,,,,,,,,,,,,,,,
Instances/Instances 3/pr2392_02.gt,2391,10.0,86400.0,PTVRP_LINEAR,63585126.0,949,27,0.0075,,,,,,,,,,,,,,,
Instances/Instances 3/pr2392_03.gt,2391,10.0,86400.0,PTVRP_LINEAR,63437573.0,942,26,0.0097,,,,,,,,,,,,,,,
Instances/Instances 3/pr2392_04.gt,2391,10.0,86400.0,PTVRP_LINEAR,63197165.0,946,26,0.0075,,,,,,,,,,,,,,,
Instances/Instances 3/pr2392_05.gt,2391,10.0,86400.0,PTVRP_LINEAR,62755985.0,936,26,0.0072,,,,,,,,,,,,,,,
Instances/Instances 3/pr2392_06.gt,2391,10.0,86400.0,PTVRP_LINEAR,65500827.0,986,29,0.0077,,,,,,,,,,,,,,,
Instances/Instances 3/pr2392_07.gt,2391,10.0,86400.0,PTVRP_LINEAR,63504780.0,943,22,0.0078,,,,,,,,,,,,,,,
Instances/Instances 3/pr2392_08.gt,2391,10.0,86400.0,PTVRP_LINEAR,63885570.0,956,24,0.0081,,,,,,,,,,,,,,,
Instances/Instances 3/pr2392_09.gt,2391,10.0,86400.0,PTVRP_LINEAR,63706409.0,945,26,0.0095,,,,,,,,,,,,,,,
Instances/Instances 3/pr2392_10.gt,2391,10.0,86400.0,PTVRP_LINEAR,63729992.0,957,23,0.0083,,,,,,,,,,,,,,,
Instances/Instances 3/pr264_01.gt,263,10.0,86400.0,PTVRP_LINEAR,5150364.0,78,26,0.0048,,,,,,,,,,,,,,,
Instances/Instances 3/pr264_02.gt,263,10.0,86400.0,PTVRP_LINEAR,5768182.0,84,27,0.0062,,,,,,,,,,,,,,,
Instances/Instances 3/pr264_03.gt,263,10.0,86400.0,PTVRP_LINEAR,5832320.0,90,27,0.0092,,,,,,,,,,,,,,,
Instances/Instances 3/pr264_04.gt,263,10.0,86400.0,PTVRP_LINEAR,5831374.0,90,26,0.006,,,,,,,,,,,,,,,
Instances/Instances 3/pr264_05.gt,263,10.0,86400.0,PTVRP_LINEAR,5370814.0,78,27,0.0059,,,,,,,,,,,,,,,
Instances/Instances 3/pr264_06.gt,263,10.0,86400.0,PTVRP_LINEAR,5441379.0,79,26,0.0054,,,,,,,,,,,,,,,
Instances/Instances 3/pr264_07.gt,263,10.0,86400.0,PTVRP_LINEAR,5820099.0,84,25,0.0059,,,,,,,,,,,,,,,
Instances/Instances 3/pr264_08.gt,263,10.0,86400.0,PTVRP_LINEAR,5736247.0,90,26,0.007,,,,,,,,,,,,,,,
Instances/Instances 3/pr264_09.gt,263,10.0,86400.0,PTVRP_LINEAR,5473344.0,79,26,0.0049,,,,,,,,,,,,,,,
Instances/Instances 3/pr264_10.gt,263,10.0,86400.0,PTVRP_LINEAR,5763674.0,85,27,0.0068,,,,,,,,,,,,,,,
Instances/Instances 3/pr299_01.gt,298,10.0,86400.0,PTVRP_LINEAR,3435554.0,48,23,0.0045,,,,,,,,,,,,,,,
Instances/Instances 3/pr299_02.gt,298,10.0,86400.0,PTVRP_LINEAR,3781720.0,53,26,0.0062,,,,,,,,,,,,,,,
Instances/Instances 3/pr299_03.gt,298,10.0,86400.0,PTVRP_LINEAR,3839801.0,55,23,0.0045,,,,,,,,,,,,,,,
Instances/Instances 3/pr299_04.gt,298,10.0,86400.0,PTVRP_LINEAR,3556765.0,50,28,0.0061,,,,,,,,,,,,,,,
Instances/Instances 3/pr299_05.gt,298,10.0,86400.0,PTVRP_LINEAR,3575945.0,49,28,0.0046,,,,,,,,,,,,,,,
Instances/Instances 3/pr299_06.gt,298,10.0,86400.0,PTVRP_LINEAR,3705645.0,51,30,0.006,,,,,,,,,,,,,,,
Instances/Instances 3/pr299_07.gt,298,10.0,86400.0,PTVRP_LINEAR,3742895.0,51,27,0.0048,,,,,,,,,,,,,,,
Instances/Instances 3/pr299_08.gt,298,10.0,86400.0,PTVRP_LINEAR,3507824.0,50,30,0.007,,,,,,,,,,,,,,,
Instances/Instances 3/pr299_09.gt,298,10.0,86400.0,PTVRP_LINEAR,3824701.0,52,26,0.0048,,,,,,,,,,,,,,,
Instances/Instances 3/pr299_10.gt,298,10.0,86400.0,PTVRP_LINEAR,3639525.0,50,27,0.0067,,,,,,,,,,,,,,,
Instances/Instances 3/pr439_01.gt,438,10.0,86400.0,PTVRP_LINEAR,8033577.0,118,24,0.0051,,,,,,,,,,,,,,,
Instances/Instances 3/pr439_02.gt,438,10.0,86400.0,PTVRP_LINEAR,8606460.0,124,34,0.0064,,,,,,,,,,,,,,,
Instances/Instances 3/pr439_03.gt,438,10.0,86400.0,PTVRP_LINEAR,8433988.0,124,34,0.0065,,,,,,,,,,,,,,,
Instances/Instances 3/pr439_04.gt,438,10.0,86400.0,PTVRP_LINEAR,8340284.0,121,29,0.0052,,,,,,,,,,,,,,,
Instances/Instances 3/pr439_05.gt,438,10.0,86400.0,PTVRP_LINEAR,8620254.0,125,25,0.0051,,,,,,,,,,,,,,,
Instances/Instances 3/pr439_06.gt,438,10.0,86400.0,PTVRP_LINEAR,8395690.0,123,28,0.0048,,,,,,,,,,,,,,,
Instances/Instances 3/pr439_07.gt,438,10.0,86400.0,PTVRP_LINEAR,8745594.0,127,27,0.0048,,,,,,,,,,,,,,,
Instances/Instances 3/pr439_08.gt,438,10.0,86400.0,PTVRP_LINEAR,8454893.0,127,28,0.005,,,,,,,,,,,,,,,
Instances/Instances 3/pr439_09.gt,438,10.0,86400.0,PTVRP_LINEAR,8312116.0,120,33,0.0053,,,,,,,,,,,,,,,
Instances/Instances 3/pr439_10.gt,438,10.0,86400.0,PTVRP_LINEAR,8428440.0,124,32,0.0052,,,,,,,,,,,,,,,
Instances/Instances 3/pr76_01.gt,75,10.0,86400.0,PTVRP_LINEAR,2628014.0,41,13,0.0048,,,,,,,,,,,,,,,
Instances/Instances 3/pr76_02.gt,75,10.0,86400.0,PTVRP_LINEAR,2527464.0,41,11,0.006,,,,,,,,,,,,,,,
Instances/Instances 3/pr76_03.gt,75,10.0,86400.0,PTVRP_LINEAR,2754596.0,47,11,0.0051,,,,,,,,,,,,,,,
Instances/Instances 3/pr76_04.gt,75,10.0,86400.0,PTVRP_LINEAR,2291797.0,36,9,0.0046,,,,,,,,,,,,,,,
Instances/Instances 3/pr76_05.gt,75,10.0,86400.0,PTVRP_LINEAR,2616755.0,43,11,0.0045,,,,,,,,,,,,,,,
Instances/Instances 3/pr76_06.gt,75,10.0,86400.0,PTVRP_LINEAR,2364217.0,39,12,0.0056,,,,,,,,,,,,,,,
Instances/Instances 3/pr76_07.gt,75,10.0,86400.0,PTVRP_LINEAR,2603765.0,43,11,0.0047,,,,,,,,,,,,,,,
Instances/Instances 3/pr76_08.gt,75,10.0,86400.0,PTVRP_LINEAR,2541207.0,41,15,0.0066,,,,,,,,,,,,,,,
Instances/Instances 3/pr76_09.gt,75,10.0,86400.0,PTVRP_LINEAR,2591737.0,40,14,0.005,,,,,,,,,,,,,,,
Instances/Instances 3/pr76_10.gt,75,10.0,86400.0,PTVRP_LINEAR,2561515.0,39,13,0.005,,,,,,,,,,,,,,,
Instances/Instances 3/qa194_01.gt,193,10.0,86400.0,PTVRP_LINEAR,735642.0,12,71,0.0044,,,,,,,,,,,,,,,
Instances/Instances 3/qa194_02.gt,193,10.0,86400.0,PTVRP_LINEAR,755413.0,12,66,0.0057,,,,,,,,,,,,,,,
Instances/Instances 3/qa194_03.gt,193,10.0,86400.0,PTVRP_LINEAR,720379.0,11,80,0.0061,,,,,,,,,,,,,,,
Instances/Instances 3/qa194_04.gt,193,10.0,86400.0,PTVRP_LINEAR,733290.0,11,76,0.006,,,,,,,,,,,,,,,
Instances/Instances 3/qa194_05.gt,193,10.0,86400.0,PTVRP_LINEAR,742614.0,12,84,0.0066,,,,,,,,,,,,,,,
Instances/Instances 3/qa194_06.gt,193,10.0,86400.0,PTVRP_LINEAR,732740.0,12,79,0.0056,,,,,,,,,,,,,,,
Instances/Instances 3/qa194_07.gt,193,10.0,86400.0,PTVRP_LINEAR,738367.0,12,80,0.0065,,,,,,,,,,,,,,,
Instances/Instances 3/qa194_08.gt,193,10.0,86400.0,PTVRP_LINEAR,720764.0,12,69,0.0063,,,,,,,,,,,,,,,
Instances/Instances 3/qa194_09.gt,193,10.0,86400.0,PTVRP_LINEAR,703040.0,12,67,0.0058,,,,,,,,,,,,,,,
Instances/Instances 3/qa194_10.gt,193,10.0,86400.0,PTVRP_LINEAR,717320.0,11,64,0.0071,,,,,,,,,,,,,,,
Instances/Instances 3/rat195_01.gt,194,10.0,86400.0,PTVRP_LINEAR,339180.0,5,130,0.0064,,,,,,,,,,,,,,,
Instances/Instances 3/rat195_02.gt,194,10.0,86400.0,PTVRP_LINEAR,341071.0,5,125,0.0065,,,,,,,,,,,,,,,
Instances/Instances 3/rat195_03.gt,194,10.0,86400.0,PTVRP_LINEAR,340516.0,5,120,0.0066,,,,,,,,,,,,,,,
Instances/Instances 3/rat195_04.gt,194,10.0,86400.0,PTVRP_LINEAR,319144.0,5,126,0.0062,,,,,,,,,,,,,,,
Instances/Instances 3/rat195_05.gt,194,10.0,86400.0,PTVRP_LINEAR,335286.0,5,120,0.0062,,,,,,,,,,,,,,,
Instances/Instances 3/rat195_06.gt,194,10.0,86400.0,PTVRP_LINEAR,335761.0,5,117,0.0067,,,,,,,,,,,,,,,
Instances/Instances 3/rat195_07.gt,194,10.0,86400.0,PTVRP_LINEAR,333948.0,5,125,0.0063,,,,,,,,,,,,,,,
Instances/Instances 3/rat195_08.gt,194,10.0,86400.0,PTVRP_LINEAR,332824.0,5,125,0.0063,,,,,,,,,,,,,,,
Instances/Instances 3/rat195_09.gt,194,10.0,86400.0,PTVRP_LINEAR,340669.0,5,121,0.0061,,,,,,,,,,,,,,,
Instances/Instances 3/rat195_10.gt,194,10.0,86400.0,PTVRP_LINEAR,343936.0,5,118,0.0059,,,,,,,,,,,,,,,
Instances/Instances 3/rat575_01.gt,574,10.0,86400.0,PTVRP_LINEAR,1014110.0,17,116,0.0062,,,,,,,,,,,,,,,
Instances/Instances 3/rat575_02.gt,574,10.0,86400.0,PTVRP_LINEAR,1036273.0,16,109,0.0121,,,,,,,,,,,,,,,
Instances/Instances 3/rat575_03.gt,574,10.0,86400.0,PTVRP_LINEAR,1021996.0,16,112,0.0049,,,,,,,,,,,,,,,
Instances/Instances 3/rat575_04.gt,574,10.0,86400.0,PTVRP_LINEAR,1051787.0,16,116,0.0048,,,,,,,,,,,,,,,
Instances/Instances 3/rat575_05.gt,574,10.0,86400.0,PTVRP_LINEAR,1041503.0,16,116,0.0061,,,,,,,,,,,,,,,
Instances/Instances 3/rat575_06.gt,574,10.0,86400.0,PTVRP_LINEAR,1002409.0,16,110,0.006,,,,,,,,,,,,,,,
Instances/Instances 3/rat575_07.gt,574,10.0,86400.0,PTVRP_LINEAR,980562.0,18,108,0.0048,,,,,,,,,,,,,,,
Instances/Instances 3/rat575_08.gt,574,10.0,86400.0,PTVRP_LINEAR,1026772.0,16,113,0.0049,,,,,,,,,,,,,,,
Instances/Instances 3/rat575_09.gt,574,10.0,86400.0,PTVRP_LINEAR,1098201.0,15,121,0.0054,,,,,,,,,,,,,,,
Instances/Instances 3/rat575_10.gt,574,10.0,86400.0,PTVRP_LINEAR,1039038.0,16,109,0.0052,,,,,,,,,,,,,,,
Instances/Instances 3/rat783_01.gt,782,10.0,86400.0,PTVRP_LINEAR,1427216.0,24,112,0.0055,,,,,,,,,,,,,,,
Instances/Instances 3/rat783_02.gt,782,10.0,86400.0,PTVRP_LINEAR,1425085.0,23,114,0.0048,,,,,,,,,,,,,,,
Instances/Instances 3/rat783_03.gt,782,10.0,86400.0,PTVRP_LINEAR,1424336.0,24,109,0.0047,,,,,,,,,,,,,,,
Instances/Instances 3/rat783_04.gt,782,10.0,86400.0,PTVRP_LINEAR,1392461.0,24,106,0.0057,,,,,,,,,,,,,,,
Instances/Instances 3/rat783_05.gt,782,10.0,86400.0,PTVRP_LINEAR,1497736.0,22,125,0.0065,,,,,,,,,,,,,,,
Instances/Instances 3/rat783_06.gt,782,10.0,86400.0,PTVRP_LINEAR,1410131.0,24,109,0.0056,,,,,,,,,,,,,,,
Instances/Instances 3/rat783_07.gt,782,10.0,86400.0,PTVRP_LINEAR,1436524.0,24,114,0.0057,,,,,,,,,,,,,,,
Instances/Instances 3/rat783_08.gt,782,10.0,86400.0,PTVRP_LINEAR,1358147.0,25,102,0.0056,,,,,,,,,,,,,,,
Instances/Instances 3/rat783_09.gt,782,10.0,86400.0,PTVRP_LINEAR,1366522.0,25,112,0.0055,,,,,,,,,,,,,,,
Instances/Instances 3/rat783_10.gt,782,10.0,86400.0,PTVRP_LINEAR,1354727.0,26,106,0.007,,,,,,,,,,,,,,,
Instances/Instances 3/rat99_01.gt,98,10.0,86400.0,PTVRP_LINEAR,170154.0,3,110,0.0043,,,,,,,,,,,,,,,
Instances/Instances 3/rat99_02.gt,98,10.0,86400.0,PTVRP_LINEAR,170537.0,3,113,0.0043,,,,,,,,,,,,,,,
Instances/Instances 3/rat99_03.gt,98,10.0,86400.0,PTVRP_LINEAR,177274.0,3,121,0.0047,,,,,,,,,,,,,,,
Instances/Instances 3/rat99_04.gt,98,10.0,86400.0,PTVRP_LINEAR,170349.0,3,114,0.007,,,,,,,,,,,,,,,
Instances/Instances 3/rat99_05.gt,98,10.0,86400.0,PTVRP_LINEAR,172675.0,3,117,0.0073,,,,,,,,,,,,,,,
Instances/Instances 3/rat99_06.gt,98,10.0,86400.0,PTVRP_LINEAR,174360.0,3,115,0.0042,,,,,,,,,,,,,,,
Instances/Instances 3/rat99_07.gt,98,10.0,86400.0,PTVRP_LINEAR,177163.0,3,120,0.0042,,,,,,,,,,,,,,,
Instances/Instances 3/rat99_08.gt,98,10.0,86400.0,PTVRP_LINEAR,173256.0,3,119,0.0064,,,,,,,,,,,,,,,
Instances/Instances 3/rat99_09.gt,98,10.0,86400.0,PTVRP_LINEAR,175587.0,3,117,0.006,,,,,,,,,,,,,,,
Instances/Instances 3/rat99_10.gt,98,10.0,86400.0,PTVRP_LINEAR,164180.0,3,108,0.0047,,,,,,,,,,,,,,,
Instances/Instances 3/rd100_01.gt,99,10.0,86400.0,PTVRP_LINEAR,424506.0,7,46,0.0043,,,,,,,,,,,,,,,
Instances/Instances 3/rd100_02.gt,99,10.0,86400.0,PTVRP_LINEAR,401543.0,8,42,0.0061,,,,,,,,,,,,,,,
Instances/Instances 3/rd100_03.gt,99,10.0,86400.0,PTVRP_LINEAR,481305.0,7,51,0.0076,,,,,,,,,,,,,,,
Instances/Instances 3/rd100_04.gt,99,10.0,86400.0,PTVRP_LINEAR,456161.0,7,48,0.0069,,,,,,,,,,,,,,,
Instances/Instances 3/rd100_05.gt,99,10.0,86400.0,PTVRP_LINEAR,467471.0,7,48,0.0045,,,,,,,,,,,,,,,
Instances/Instances 3/rd100_06.gt,99,10.0,86400.0,PTVRP_LINEAR,477312.0,7,51,0.0045,,,,,,,,,,,,,,,
Instances/Instances 3/rd100_07.gt,99,10.0,86400.0,PTVRP_LINEAR,481126.0,7,50,0.0054,,,,,,,,,,,,,,,
Instances/Instances 3/rd100_08.gt,99,10.0,86400.0,PTVRP_LINEAR,487689.0,7,52,0.0056,,,,,,,,,,,,,,,
Instances/Instances 3/rd100_09.gt,99,10.0,86400.0,PTVRP_LINEAR,454734.0,8,51,0.0045,,,,,,,,,,,,,,,
Instances/Instances 3/rd100_10.gt,99,10.0,86400.0,PTVRP_LINEAR,407292.0,7,46,0.0048,,,,,,,,,,,,,,,
Instances/Instances 3/rd400_01.gt,399,10.0,86400.0,PTVRP_LINEAR,1413253.0,23,64,0.0047,,,,,,,,,,,,,,,
Instances/Instances 3/rd400_02.gt,399,10.0,86400.0,PTVRP_LINEAR,1400024.0,23,65,0.0078,,,,,,,,,,,,,,,
Instances/Instances 3/rd400_03.gt,399,10.0,86400.0,PTVRP_LINEAR,1446284.0,22,67,0.0048,,,,,,,,,,,,,,,
Instances/Instances 3/rd400_04.gt,399,10.0,86400.0,PTVRP_LINEAR,1390790.0,23,68,0.0046,,,,,,,,,,,,,,,
Instances/Instances 3/rd400_05.gt,399,10.0,86400.0,PTVRP_LINEAR,1528127.0,22,65,0.0049,,,,,,,,,,,,,,,
Instances/Instances 3/rd400_06.gt,399,10.0,86400.0,PTVRP_LINEAR,1496695.0,21,70,0.005,,,,,,,,,,,,,,,
Instances/Instances 3/rd400_07.gt,399,10.0,86400.0,PTVRP_LINEAR,1461986.0,23,67,0.0053,,,,,,,,,,,,,,,
Instances/Instances 3/rd400_08.gt,399,10.0,86400.0,PTVRP_LINEAR,1426049.0,24,62,0.005,,,,,,,,,,,,,,,
Instances/Instances 3/rd400_09.gt,399,10.0,86400.0,PTVRP_LINEAR,1489875.0,21,72,0.0052,,,,,,,,,,,,,,,
Instances/Instances 3/rd400_10.gt,399,10.0,86400.0,PTVRP_LINEAR,1430302.0,22,69,0.0057,,,,,,,,,,,,,,,
Instances/Instances 3/rl11849_01.gt,11848,10.0,86400.0,PTVRP_LINEAR,352367246.0,5190,47,0.021,,,,,,,,,,,,,,,
Instances/Instances 3/rl11849_02.gt,11848,10.0,86400.0,PTVRP_LINEAR,355744438.0,5251,52,0.0232,,,,,,,,,,,,,,,
Instances/Instances 3/rl11849_03.gt,11848,10.0,86400.0,PTVRP_LINEAR,355518235.0,5260,45,0.0251,,,,,,,,,,,,,,,
Instances/Instances 3/rl11849_04.gt,11848,10.0,86400.0,PTVRP_LINEAR,353511076.0,5195,57,0.0236,,,,,,,,,,,,,,,
Instances/Instances 3/rl11849_05.gt,11848,10.0,86400.0,PTVRP_LINEAR,358747302.0,5298,54,0.0254,,,,,,,,,,,,,,,
Instances/Instances 3/rl11849_06.gt,11848,10.0,86400.0,PTVRP_LINEAR,353436052.0,5193,44,0.0244,,,,,,,,,,,,,,,
Instances/Instances 3/rl11849_07.gt,11848,10.0,86400.0,PTVRP_LINEAR,353555727.0,5226,51,0.0229,,,,,,,,,,,,,,,
Instances/Instances 3/rl11849_08.gt,11848,10.0,86400.0,PTVRP_LINEAR,351354322.0,5207,58,0.0213,,,,,,,,,,,,,,,
Instances/Instances 3/rl11849_09.gt,11848,10.0,86400.0,PTVRP_LINEAR,353218891.0,5214,48,0.0212,,,,,,,,,,,,,,,
Instances/Instances 3/rl11849_10.gt,11848,10.0,86400.0,PTVRP_LINEAR,354199351.0,5225,48,0.0231,,,,,,,,,,,,,,,
Instances/Instances 3/rl1304_01.gt,1303,10.0,86400.0,PTVRP_LINEAR,38718179.0,571,30,0.0062,,,,,,,,,,,,,,,
Instances/Instances 3/rl1304_02.gt,1303,10.0,86400.0,PTVRP_LINEAR,39073307.0,579,26,0.0059,,,,,,,,,,,,,,,
Instances/Instances 3/rl1304_03.gt,1303,10.0,86400.0,PTVRP_LINEAR,39445634.0,589,23,0.0066,,,,,,,,,,,,,,,
Instances/Instances 3/rl1304_04.gt,1303,10.0,86400.0,PTVRP_LINEAR,38038034.0,563,35,0.0067,,,,,,,,,,,,,,,
Instances/Instances 3/rl1304_05.gt,1303,10.0,86400.0,PTVRP_LINEAR,39129309.0,576,31,0.0063,,,,,,,,,,,,,,,
Instances/Instances 3/rl1304_06.gt,1303,10.0,86400.0,PTVRP_LINEAR,38439350.0,563,29,0.0077,,,,,,,,,,,,,,,
Instances/Instances 3/rl1304_07.gt,1303,10.0,86400.0,PTVRP_LINEAR,39074380.0,587,24,0.0062,,,,,,,,,,,,,,,
Instances/Instances 3/rl1304_08.gt,1303,10.0,86400.0,PTVRP_LINEAR,38838800.0,579,25,0.0062,,,,,,,,,,,,,,,
Instances/Instances 3/rl1304_09.gt,1303,10.0,86400.0,PTVRP_LINEAR,39956291.0,600,31,0.007,,,,,,,,,,,,,,,
Instances/Instances 3/rl1304_10.gt,1303,10.0,86400.0,PTVRP_LINEAR,38962736.0,580,26,0.0066,,,,,,,,,,,,,,,
Instances/Instances 3/rl1323_01.gt,1322,10.0,86400.0,PTVRP_LINEAR,42482715.0,623,24,0.0068,,,,,,,,,,,,,,,
Instances/Instances 3/rl1323_02.gt,1322,10.0,86400.0,PTVRP_LINEAR,40269074.0,602,30,0.007,,,,,,,,,,,,,,,
Instances/Instances 3/rl1323_03.gt,1322,10.0,86400.0,PTVRP_LINEAR,40510336.0,596,27,0.0067,,,,,,,,,,,,,,,
Instances/Instances 3/rl1323_04.gt,1322,10.0,86400.0,PTVRP_LINEAR,40949880.0,611,32,0.0073,,,,,,,,,,,,,,,
Instances/Instances 3/rl1323_05.gt,1322,10.0,86400.0,PTVRP_LINEAR,40833925.0,617,20,0.0079,,,,,,,,,,,,,,,
Instances/Instances 3/rl1323_06.gt,1322,10.0,86400.0,PTVRP_LINEAR,40916755.0,608,29,0.0067,,,,,,,,,,,,,,,
Instances/Instances 3/rl1323_07.gt,1322,10.0,86400.0,PTVRP_LINEAR,41219316.0,615,28,0.0071,,,,,,,,,,,,,,,
Instances/Instances 3/rl1323_08.gt,1322,10.0,86400.0,PTVRP_LINEAR,40811473.0,613,30,0.0065,,,,,,,,,,,,,,,
Instances/Instances 3/rl1323_09.gt,1322,10.0,86400.0,PTVRP_LINEAR,40873759.0,615,26,0.008,,,,,,,,,,,,,,,
Instances/Instances 3/rl1323_10.gt,1322,10.0,86400.0,PTVRP_LINEAR,42087774.0,633,24,0.0065,,,,,,,,,,,,,,,
Instances/Instances 3/rl1889_01.gt,1888,10.0,86400.0,PTVRP_LINEAR,62190416.0,924,28,0.0083,,,,,,,,,,,,,,,
Instances/Instances 3/rl1889_02.gt,1888,10.0,86400.0,PTVRP_LINEAR,61544350.0,917,27,0.0092,,,,,,,,,,,,,,,
Instances/Instances 3/rl1889_03.gt,1888,10.0,86400.0,PTVRP_LINEAR,62536832.0,923,27,0.0084,,,,,,,,,,,,,,,
Instances/Instances 3/rl1889_04.gt,1888,10.0,86400.0,PTVRP_LINEAR,62331956.0,923,21,0.0072,,,,,,,,,,,,,,,
Instances/Instances 3/rl1889_05.gt,1888,10.0,86400.0,PTVRP_LINEAR,62887914.0,932,32,0.0073,,,,,,,,,,,,,,,
Instances/Instances 3/rl1889_06.gt,1888,10.0,86400.0,PTVRP_LINEAR,62418907.0,916,30,0.0071,,,,,,,,,,,,,,,
Instances/Instances 3/rl1889_07.gt,1888,10.0,86400.0,PTVRP_LINEAR,63217170.0,942,29,0.0075,,,,,,,,,,,,,,,
Instances/Instances 3/rl1889_08.gt,1888,10.0,86400.0,PTVRP_LINEAR,61808877.0,911,27,0.0089,,,,,,,,,,,,,,,
Instances/Instances 3/rl1889_09.gt,1888,10.0,86400.0,PTVRP_LINEAR,62364100.0,930,32,0.007,,,,,,,,,,,,,,,
Instances/Instances 3/rl1889_10.gt,1888,10.0,86400.0,PTVRP_LINEAR,62436923.0,923,32,0.0077,,,,,,,,,,,,,,,
Instances/Instances 3/rl5915_01.gt,5914,10.0,86400.0,PTVRP_LINEAR,171148242.0,2542,39,0.0136,,,,,,,,,,,,,,,
Instances/Instances 3/rl5915_02.gt,5914,10.0,86400.0,PTVRP_LINEAR,173296106.0,2546,35,0.0138,,,,,,,,,,,,,,,
Instances/Instances 3/rl5915_03.gt,5914,10.0,86400.0,PTVRP_LINEAR,175471012.0,2593,38,0.0135,,,,,,,,,,,,,,,
Instances/Instances 3/rl5915_04.gt,5914,10.0,86400.0,PTVRP_LINEAR,173367825.0,2568,35,0.0136,,,,,,,,,,,,,,,
Instances/Instances 3/rl5915_05.gt,5914,10.0,86400.0,PTVRP_LINEAR,173914092.0,2583,35,0.0141,,,,,,,,,,,,,,,
Instances/Instances 3/rl5915_06.gt,5914,10.0,86400.0,PTVRP_LINEAR,176226000.0,2623,43,0.0126,,,,,,,,,,,,,,,
Instances/Instances 3/rl5915_07.gt,5914,10.0,86400.0,PTVRP_LINEAR,171044042.0,2548,40,0.0134,,,,,,,,,,,,,,,
Instances/Instances 3/rl5915_08.gt,5914,10.0,86400.0,PTVRP_LINEAR,174876148.0,2602,36,0.0149,,,,,,,,,,,,,,,
Instances/Instances 3/rl5915_09.gt,5914,10.0,86400.0,PTVRP_LINEAR,172693805.0,2570,40,0.0135,,,,,,,,,,,,,,,
Instances/Instances 3/rl5915_10.gt,5914,10.0,86400.0,PTVRP_LINEAR,174362593.0,2577,38,0.0139,,,,,,,,,,,,,,,
Instances/Instances 3/rl5934_01.gt,5933,10.0,86400.0,PTVRP_LINEAR,172684207.0,2521,38,0.0169,,,,,,,,,,,,,,,
Instances/Instances 3/rl5934_02.gt,5933,10.0,86400.0,PTVRP_LINEAR,171782170.0,2496,34,0.0135,,,,,,,,,,,,,,,
Instances/Instances 3/rl5934_03.gt,5933,10.0,86400.0,PTVRP_LINEAR,171282775.0,2511,37,0.0138,,,,,,,,,,,,,,,
Instances/Instances 3/rl5934_04.gt,5933,10.0,86400.0,PTVRP_LINEAR,173938806.0,2546,41,0.0133,,,,,,,,,,,,,,,
Instances/Instances 3/rl5934_05.gt,5933,10.0,86400.0,PTVRP_LINEAR,171253088.0,2511,38,0.0128,,,,,,,,,,,,,,,
Instances/Instances 3/rl5934_06.gt,5933,10.0,86400.0,PTVRP_LINEAR,172297898.0,2527,34,0.0144,,,,,,,,,,,,,,,
Instances/Instances 3/rl5934_07.gt,5933,10.0,86400.0,PTVRP_LINEAR,173662385.0,2571,38,0.0126,,,,,,,,,,,,,,,
Instances/Instances 3/rl5934_08.gt,5933,10.0,86400.0,PTVRP_LINEAR,172500088.0,2546,34,0.0139,,,,,,,,,,,,,,,
Instances/Instances 3/rl5934_09.gt,5933,10.0,86400.0,PTVRP_LINEAR,171292190.0,2524,32,0.0141,,,,,,,,,,,,,,,
Instances/Instances 3/rl5934_10.gt,5933,10.0,86400.0,PTVRP_LINEAR,173863893.0,2556,33,0.0134,,,,,,,,,,,,,,,
Instances/Instances 3/rw1621_01.gt,1620,10.0,86400.0,PTVRP_LINEAR,5895701.0,76,104,0.0063,,,,,,,,,,,,,,,
Instances/Instances 3/rw1621_02.gt,1620,10.0,86400.0,PTVRP_LINEAR,5768920.0,77,107,0.0056,,,,,,,,,,,,,,,
Instances/Instances 3/rw1621_03.gt,1620,10.0,86400.0,PTVRP_LINEAR,5774542.0,77,92,0.0055,,,,,,,,,,,,,,,
Instances/Instances 3/rw1621_04.gt,1620,10.0,86400.0,PTVRP_LINEAR,5856770.0,78,99,0.007,,,,,,,,,,,,,,,
Instances/Instances 3/rw1621_05.gt,1620,10.0,86400.0,PTVRP_LINEAR,5850246.0,74,124,0.0067,,,,,,,,,,,,,,,
Instances/Instances 3/rw1621_06.gt,1620,10.0,86400.0,PTVRP_LINEAR,5785674.0,76,99,0.0053,,,,,,,,,,,,,,,
Instances/Instances 3/rw1621_07.gt,1620,10.0,86400.0,PTVRP_LINEAR,5765597.0,76,98,0.0082,,,,,,,,,,,,,,,
Instances/Instances 3/rw1621_08.gt,1620,10.0,86400.0,PTVRP_LINEAR,5813916.0,77,108,0.0059,,,,,,,,,,,,,,,
Instances/Instances 3/rw1621_09.gt,1620,10.0,86400.0,PTVRP_LINEAR,5849440.0,79,95,0.006,,,,,,,,,,,,,,,
Instances/Instances 3/rw1621_10.gt,1620,10.0,86400.0,PTVRP_LINEAR,5723830.0,76,97,0.0058,,,,,,,,,,,,,,,
Instances/Instances 3/st70_01.gt,69,10.0,86400.0,PTVRP_LINEAR,88258.0,2,122,0.005,,,,,,,,,,,,,,,
Instances/Instances 3/st70_02.gt,69,10.0,86400.0,PTVRP_LINEAR,93226.0,2,131,0.0061,,,,,,,,,,,,,,,
Instances/Instances 3/st70_03.gt,69,10.0,86400.0,PTVRP_LINEAR,96433.0,2,133,0.0062,,,,,,,,,,,,,,,
Instances/Instances 3/st70_04.gt,69,10.0,86400.0,PTVRP_LINEAR,93459.0,2,139,0.0065,,,,,,,,,,,,,,,
Instances/Instances 3/st70_05.gt,69,10.0,86400.0,PTVRP_LINEAR,93575.0,2,139,0.0068,,,,,,,,,,,,,,,
Instances/Instances 3/st70_06.gt,69,10.0,86400.0,PTVRP_LINEAR,94404.0,2,137,0.0063,,,,,,,,,,,,,,,
Instances/Instances 3/st70_07.gt,69,10.0,86400.0,PTVRP_LINEAR,92101.0,2,136,0.0085,,,,,,,,,,,,,,,
Instances/Instances 3/st70_08.gt,69,10.0,86400.0,PTVRP_LINEAR,92382.0,2,133,0.0085,,,,,,,,,,,,,,,
Instances/Instances 3/st70_09.gt,69,10.0,86400.0,PTVRP_LINEAR,93747.0,2,146,0.0049,,,,,,,,,,,,,,,
Instances/Instances 3/st70_10.gt,69,10.0,86400.0,PTVRP_LINEAR,93368.0,2,132,0.0058,,,,,,,,,,,,,,,
Instances/Instances 3/sw24978_01.gt,24977,10.0,86400.0,PTVRP_LINEAR,445178584.0,6161,70,0.0334,,,,,,,,,,,,,,,
Instances/Instances 3/sw24978_02.gt,24977,10.0,86400.0,PTVRP_LINEAR,444400193.0,6150,74,0.0323,,,,,,,,,,,,,,,
Instances/Instances 3/sw24978_03.gt,24977,10.0,86400.0,PTVRP_LINEAR,445155830.0,6160,74,0.0322,,,,,,,,,,,,,,,
Instances/Instances 3/sw24978_04.gt,24977,10.0,86400.0,PTVRP_LINEAR,446923035.0,6169,72,0.0333,,,,,,,,,,,,,,,
Instances/Instances 3/sw24978_05.gt,24977,10.0,86400.0,PTVRP_LINEAR,440516823.0,6083,63,0.0344,,,,,,,,,,,,,,,
Instances/Instances 3/sw24978_06.gt,24977,10.0,86400.0,PTVRP_LINEAR,448313997.0,6193,69,0.0339,,,,,,,,,,,,,,,
Instances/Instances 3/sw24978_07.gt,24977,10.0,86400.0,PTVRP_LINEAR,444964729.0,6157,69,0.0338,,,,,,,,,,,,,,,
Instances/Instances 3/sw24978_08.gt,24977,10.0,86400.0,PTVRP_LINEAR,443851902.0,6167,71,0.0736,,,,,,,,,,,,,,,
Instances/Instances 3/sw24978_09.gt,24977,10.0,86400.0,PTVRP_LINEAR,445459703.0,6172,60,0.0377,,,,,,,,,,,,,,,
Instances/Instances 3/sw24978_10.gt,24977,10.0,86400.0,PTVRP_LINEAR,446173708.0,6174,59,0.0368,,,,,,,,,,,,,,,
Instances/Instances 3/ts225_01.gt,224,10.0,86400.0,PTVRP_LINEAR,6921886.0,110,17,0.0055,,,,,,,,,,,,,,,
Instances/Instances 3/ts225_02.gt,224,10.0,86400.0,PTVRP_LINEAR,7677866.0,120,15,0.0059,,,,,,,,,,,,,,,
Instances/Instances 3/ts225_03.gt,224,10.0,86400.0,PTVRP_LINEAR,6880772.0,102,17,0.0054,,,,,,,,,,,,,,,
Instances/Instances 3/ts225_04.gt,224,10.0,86400.0,PTVRP_LINEAR,7277816.0,113,17,0.0053,,,,,,,,,,,,,,,
Instances/Instances 3/ts225_05.gt,224,10.0,86400.0,PTVRP_LINEAR,6871625.0,108,15,0.0066,,,,,,,,,,,,,,,
Instances/Instances 3/ts225_06.gt,224,10.0,86400.0,PTVRP_LINEAR,6619700.0,101,16,0.0074,,,,,,,,,,,,,,,
Instances/Instances 3/ts225_07.gt,224,10.0,86400.0,PTVRP_LINEAR,6544447.0,97,18,0.0046,,,,,,,,,,,,,,,
Instances/Instances 3/ts225_08.gt,224,10.0,86400.0,PTVRP_LINEAR,6713252.0,106,12,0.0048,,,,,,,,,,,,,,,
Instances/Instances 3/ts225_09.gt,224,10.0,86400.0,PTVRP_LINEAR,7065981.0,109,14,0.0058,,,,,,,,,,,,,,,
Instances/Instances 3/ts225_10.gt,224,10.0,86400.0,PTVRP_LINEAR,6992888.0,105,18,0.0063,,,,,,,,,,,,,,,
Instances/Instances 3/tsp225_01.gt,224,10.0,86400.0,PTVRP_LINEAR,455112.0,8,99,0.0054,,,,,,,,,,,,,,,
Instances/Instances 3/tsp225_02.gt,224,10.0,86400.0,PTVRP_LINEAR,500755.0,8,109,0.0045,,,,,,,,,,,,,,,
Instances/Instances 3/tsp225_03.gt,224,10.0,86400.0,PTVRP_LINEAR,447028.0,8,102,0.0063,,,,,,,,,,,,,,,
Instances/Instances 3/tsp225_04.gt,224,10.0,86400.0,PTVRP_LINEAR,466855.0,8,110,0.0063,,,,,,,,,,,,,,,
Instances/Instances 3/tsp225_05.gt,224,10.0,86400.0,PTVRP_LINEAR,458305.0,8,108,0.0065,,,,,,,,,,,,,,,
Instances/Instances 3/tsp225_06.gt,224,10.0,86400.0,PTVRP_LINEAR,428974.0,8,98,0.0068,,,,,,,,,,,,,,,
Instances/Instances 3/tsp225_07.gt,224,10.0,86400.0,PTVRP_LINEAR,420595.0,8,104,0.006,,,,,,,,,,,,,,,
Instances/Instances 3/tsp225_08.gt,224,10.0,86400.0,PTVRP_LINEAR,443477.0,8,92,0.0065,,,,,,,,,,,,,,,
Instances/Instances 3/tsp225_09.gt,224,10.0,86400.0,PTVRP_LINEAR,495642.0,7,118,0.0064,,,,,,,,,,,,,,,
Instances/Instances 3/tsp225_10.gt,224,10.0,86400.0,PTVRP_LINEAR,460018.0,8,108,0.0066,,,,,,,,,,,,,,,
Instances/Instances 3/tz6117_01.gt,6116,10.0,86400.0,PTVRP_LINEAR,125812702.0,1792,48,0.0115,,,,,,,,,,,,,,,
Instances/Instances 3/tz6117_02.gt,6116,10.0,86400.0,PTVRP_LINEAR,128454020.0,1836,40,0.0144,,,,,,,,,,,,,,,
Instances/Instances 3/tz6117_03.gt,6116,10.0,86400.0,PTVRP_LINEAR,126984579.0,1823,44,0.0124,,,,,,,,,,,,,,,
Instances/Instances 3/tz6117_04.gt,6116,10.0,86400.0,PTVRP_LINEAR,128084468.0,1824,49,0.0136,,,,,,,,,,,,,,,
Instances/Instances 3/tz6117_05.gt,6116,10.0,86400.0,PTVRP_LINEAR,125044205.0,1786,46,0.0139,,,,,,,,,,,,,,,
Instances/Instances 3/tz6117_06.gt,6116,10.0,86400.0,PTVRP_LINEAR,128228009.0,1843,51,0.013,,,,,,,,,,,,,,,
Instances/Instances 3/tz6117_07.gt,6116,10.0,86400.0,PTVRP_LINEAR,127517818.0,1825,48,0.0143,,,,,,,,,,,,,,,
Instances/Instances 3/tz6117_08.gt,6116,10.0,86400.0,PTVRP_LINEAR,126131733.0,1803,40,0.0139,,,,,,,,,,,,,,,
Instances/Instances 3/tz6117_09.gt,6116,10.0,86400.0,PTVRP_LINEAR,125955417.0,1792,43,0.012,,,,,,,,,,,,,,,
Instances/Instances 3/tz6117_10.gt,6116,10.0,86400.0,PTVRP_LINEAR,126440800.0,1804,48,0.0148,,,,,,,,,,,,,,,
Instances/Instances 3/u1060_01.gt,1059,10.0,86400.0,PTVRP_LINEAR,28796399.0,433,25,0.0074,,,,,,,,,,,,,,,
Instances/Instances 3/u1060_02.gt,1059,10.0,86400.0,PTVRP_LINEAR,28423895.0,425,25,0.0059,,,,,,,,,,,,,,,
Instances/Instances 3/u1060_03.gt,1059,10.0,86400.0,PTVRP_LINEAR,28729972.0,432,27,0.0065,,,,,,,,,,,,,,,
Instances/Instances 3/u1060_04.gt,1059,10.0,86400.0,PTVRP_LINEAR,28995205.0,438,29,0.0081,,,,,,,,,,,,,,,
Instances/Instances 3/u1060_05.gt,1059,10.0,86400.0,PTVRP_LINEAR,28429577.0,424,26,0.008,,,,,,,,,,,,,,,
Instances/Instances 3/u1060_06.gt,1059,10.0,86400.0,PTVRP_LINEAR,28549014.0,434,30,0.0088,,,,,,,,,,,,,,,
Instances/Instances 3/u1060_07.gt,1059,10.0,86400.0,PTVRP_LINEAR,28257806.0,422,25,0.0069,,,,,,,,,,,,,,,
Instances/Instances 3/u1060_08.gt,1059,10.0,86400.0,PTVRP_LINEAR,28639730.0,431,27,0.0064,,,,,,,,,,,,,,,
Instances/Instances 3/u1060_09.gt,1059,10.0,86400.0,PTVRP_LINEAR,28274347.0,430,28,0.0085,,,,,,,,,,,,,,,
Instances/Instances 3/u1060_10.gt,1059,10.0,86400.0,PTVRP_LINEAR,28832761.0,433,30,0.0093,,,,,,,,,,,,,,,
Instances/Instances 3/u1432_01.gt,1431,10.0,86400.0,PTVRP_LINEAR,16863502.0,226,38,0.0055,,,,,,,,,,,,,,,
Instances/Instances 3/u1432_02.gt,1431,10.0,86400.0,PTVRP_LINEAR,17573100.0,234,34,0.0065,,,,,,,,,,,,,,,
Instances/Instances 3/u1432_03.gt,1431,10.0,86400.0,PTVRP_LINEAR,17149248.0,231,37,0.0084,,,,,,,,,,,,,,,
Instances/Instances 3/u1432_04.gt,1431,10.0,86400.0,PTVRP_LINEAR,17246565.0,229,40,0.0058,,,,,,,,,,,,,,,
Instances/Instances 3/u1432_05.gt,1431,10.0,86400.0,PTVRP_LINEAR,17506142.0,235,35,0.0062,,,,,,,,,,,,,,,
Instances/Instances 3/u1432_06.gt,1431,10.0,86400.0,PTVRP_LINEAR,17336696.0,239,33,0.0061,,,,,,,,,,,,,,,
Instances/Instances 3/u1432_07.gt,1431,10.0,86400.0,PTVRP_LINEAR,17671999.0,237,32,0.0081,,,,,,,,,,,,,,,
Instances/Instances 3/u1432_08.gt,1431,10.0,86400.0,PTVRP_LINEAR,17486705.0,238,31,0.0071,,,,,,,,,,,,,,,
Instances/Instances 3/u1432_09.gt,1431,10.0,86400.0,PTVRP_LINEAR,17622803.0,237,32,0.0056,,,,,,,,,,,,,,,
Instances/Instances 3/u1432_10.gt,1431,10.0,86400.0,PTVRP_LINEAR,17524809.0,239,32,0.0064,,,,,,,,,,,,,,,
Instances/Instances 3/u159_01.gt,158,10.0,86400.0,PTVRP_LINEAR,2317603.0,31,24,0.0075,,,,,,,,,,,,,,,
Instances/Instances 3/u159_02.gt,158,10.0,86400.0,PTVRP_LINEAR,2193621.0,31,22,0.0047,,,,,,,,,,,,,,,
Instances/Instances 3/u159_03.gt,158,10.0,86400.0,PTVRP_LINEAR,2047429.0,30,20,0.0053,,,,,,,,,,,,,,,
Instances/Instances 3/u159_04.gt,158,10.0,86400.0,PTVRP_LINEAR,2071441.0,29,22,0.0054,,,,,,,,,,,,,,,
Instances/Instances 3/u159_05.gt,158,10.0,86400.0,PTVRP_LINEAR,2187131.0,31,20,0.008,,,,,,,,,,,,,,,
Instances/Instances 3/u159_06.gt,158,10.0,86400.0,PTVRP_LINEAR,1957481.0,28,21,0.0049,,,,,,,,,,,,,,,
Instances/Instances 3/u159_07.gt,158,10.0,86400.0,PTVRP_LINEAR,2158349.0,30,19,0.0048,,,,,,,,,,,,,,,
Instances/Instances 3/u159_08.gt,158,10.0,86400.0,PTVRP_LINEAR,2240997.0,31,24,0.0058,,,,,,,,,,,,,,,
Instances/Instances 3/u159_09.gt,158,10.0,86400.0,PTVRP_LINEAR,2199050.0,31,24,0.0069,,,,,,,,,,,,,,,
Instances/Instances 3/u159_10.gt,158,10.0,86400.0,PTVRP_LINEAR,2176880.0,32,22,0.0077,,,,,,,,,,,,,,,
Instances/Instances 3/u1817_01.gt,1816,10.0,86400.0,PTVRP_LINEAR,9933101.0,134,75,0.0056,,,,,,,,,,,,,,,
Instances/Instances 3/u1817_02.gt,1816,10.0,86400.0,PTVRP_LINEAR,9940424.0,132,74,0.0062,,,,,,,,,,,,,,,
Instances/Instances 3/u1817_03.gt,1816,10.0,86400.0,PTVRP_LINEAR,9879913.0,132,59,0.0092,,,,,,,,,,,,,,,
Instances/Instances 3/u1817_04.gt,1816,10.0,86400.0,PTVRP_LINEAR,10122977.0,134,64,0.0066,,,,,,,,,,,,,,,
Instances/Instances 3/u1817_05.gt,1816,10.0,86400.0,PTVRP_LINEAR,9962533.0,131,71,0.0063,,,,,,,,,,,,,,,
Instances/Instances 3/u1817_06.gt,1816,10.0,86400.0,PTVRP_LINEAR,9895634.0,129,68,0.0073,,,,,,,,,,,,,,,
Instances/Instances 3/u1817_07.gt,1816,10.0,86400.0,PTVRP_LINEAR,10045687.0,133,72,0.0085,,,,,,,,,,,,,,,
Instances/Instances 3/u1817_08.gt,1816,10.0,86400.0,PTVRP_LINEAR,9866593.0,133,59,0.0064,,,,,,,,,,,,,,,
Instances/Instances 3/u1817_09.gt,1816,10.0,86400.0,PTVRP_LINEAR,9991580.0,130,61,0.0066,,,,,,,,,,,,,,,
Instances/Instances 3/u1817_10.gt,1816,10.0,86400.0,PTVRP_LINEAR,9907838.0,132,74,0.0066,,,,,,,,,,,,,,,
Instances/Instances 3/u2152_01.gt,2151,10.0,86400.0,PTVRP_LINEAR,11774504.0,154,71,0.0095,,,,,,,,,,,,,,,
Instances/Instances 3/u2152_02.gt,2151,10.0,86400.0,PTVRP_LINEAR,11807526.0,155,70,0.0068,,,,,,,,,,,,,,,
Instances/Instances 3/u2152_03.gt,2151,10.0,86400.0,PTVRP_LINEAR,11962283.0,154,67,0.007,,,,,,,,,,,,,,,
Instances/Instances 3/u2152_04.gt,2151,10.0,86400.0,PTVRP_LINEAR,11810903.0,154,63,0.0096,,,,,,,,,,,,,,,
Instances/Instances 3/u2152_05.gt,2151,10.0,86400.0,PTVRP_LINEAR,11684925.0,156,72,0.0073,,,,,,,,,,,,,,,
Instances/Instances 3/u2152_06.gt,2151,10.0,86400.0,PTVRP_LINEAR,11852590.0,158,65,0.008,,,,,,,,,,,,,,,
Instances/Instances 3/u2152_07.gt,2151,10.0,86400.0,PTVRP_LINEAR,11718207.0,160,71,0.0079,,,,,,,,,,,,,,,
Instances/Instances 3/u2152_08.gt,2151,10.0,86400.0,PTVRP_LINEAR,11707133.0,156,72,0.0072,,,,,,,,,,,,,,,
Instances/Instances 3/u2152_09.gt,2151,10.0,86400.0,PTVRP_LINEAR,11705042.0,154,65,0.0083,,,,,,,,,,,,,,,
Instances/Instances 3/u2152_10.gt,2151,10.0,86400.0,PTVRP_LINEAR,11928560.0,155,72,0.0082,,,,,,,,,,,,,,,
Instances/Instances 3/u2319_01.gt,2318,10.0,86400.0,PTVRP_LINEAR,26621283.0,360,34,0.0073,,,,,,,,,,,,,,,
Instances/Instances 3/u2319_02.gt,2318,10.0,86400.0,PTVRP_LINEAR,26700634.0,363,41,0.0071,,,,,,,,,,,,,,,
Instances/Instances 3/u2319_03.gt,2318,10.0,86400.0,PTVRP_LINEAR,26729131.0,359,40,0.0073,,,,,,,,,,,,,,,
Instances/Instances 3/u2319_04.gt,2318,10.0,86400.0,PTVRP_LINEAR,26762442.0,364,35,0.0101,,,,,,,,,,,,,,,
Instances/Instances 3/u2319_05.gt,2318,10.0,86400.0,PTVRP_LINEAR,26258383.0,355,37,0.0089,,,,,,,,,,,,,,,
Instances/Instances 3/u2319_06.gt,2318,10.0,86400.0,PTVRP_LINEAR,26701234.0,362,39,0.0063,,,,,,,,,,,,,,,
Instances/Instances 3/u2319_07.gt,2318,10.0,86400.0,PTVRP_LINEAR,26561280.0,360,42,0.0084,,,,,,,,,,,,,,,
Instances/Instances 3/u2319_08.gt,2318,10.0,86400.0,PTVRP_LINEAR,26762802.0,362,36,0.0081,,,,,,,,,,,,,,,
Instances/Instances 3/u2319_09.gt,2318,10.0,86400.0,PTVRP_LINEAR,26877980.0,361,38,0.0074,,,,,,,,,,,,,,,
Instances/Instances 3/u2319_10.gt,2318,10.0,86400.0,PTVRP_LINEAR,26743716.0,363,34,0.007,,,,,,,,,,,,,,,
Instances/Instances 3/u574_01.gt,573,10.0,86400.0,PTVRP_LINEAR,3655349.0,51,47,0.0072,,,,,,,,,,,,,,,
Instances/Instances 3/u574_02.gt,573,10.0,86400.0,PTVRP_LINEAR,3560153.0,52,45,0.0057,,,,,,,,,,,,,,,
Instances/Instances 3/u574_03.gt,573,10.0,86400.0,PTVRP_LINEAR,3479044.0,49,48,0.0065,,,,,,,,,,,,,,,
Instances/Instances 3/u574_04.gt,573,10.0,86400.0,PTVRP_LINEAR,3494072.0,50,41,0.0058,,,,,,,,,,,,,,,
Instances/Instances 3/u574_05.gt,573,10.0,86400.0,PTVRP_LINEAR,3566427.0,49,54,0.0055,,,,,,,,,,,,,,,
Instances/Instances 3/u574_06.gt,573,10.0,86400.0,PTVRP_LINEAR,3661063.0,53,48,0.0053,,,,,,,,,,,,,,,
Instances/Instances 3/u574_07.gt,573,10.0,86400.0,PTVRP_LINEAR,3566516.0,51,47,0.0056,,,,,,,,,,,,,,,
Instances/Instances 3/u574_08.gt,573,10.0,86400.0,PTVRP_LINEAR,3601857.0,50,52,0.0054,,,,,,,,,,,,,,,
Instances/Instances 3/u574_09.gt,573,10.0,86400.0,PTVRP_LINEAR,3444479.0,49,49,0.0056,,,,,,,,,,,,,,,
Instances/Instances 3/u574_10.gt,573,10.0,86400.0,PTVRP_LINEAR,3542143.0,52,42,0.0047,,,,,,,,,,,,,,,
Instances/Instances 3/u724_01.gt,723,10.0,86400.0,PTVRP_LINEAR,4545685.0,59,53,0.0058,,,,,,,,,,,,,,,
Instances/Instances 3/u724_02.gt,723,10.0,86400.0,PTVRP_LINEAR,4488035.0,63,56,0.007,,,,,,,,,,,,,,,
Instances/Instances 3/u724_03.gt,723,10.0,86400.0,PTVRP_LINEAR,4379852.0,60,45,0.0072,,,,,,,,,,,,,,,
Instances/Instances 3/u724_04.gt,723,10.0,86400.0,PTVRP_LINEAR,4573790.0,61,51,0.0077,,,,,,,,,,,,,,,
Instances/Instances 3/u724_05.gt,723,10.0,86400.0,PTVRP_LINEAR,4582017.0,64,45,0.007,,,,,,,,,,,,,,,
Instances/Instances 3/u724_06.gt,723,10.0,86400.0,PTVRP_LINEAR,4519534.0,63,50,0.0064,,,,,,,,,,,,,,,
Instances/Instances 3/u724_07.gt,723,10.0,86400.0,PTVRP_LINEAR,4262243.0,63,57,0.0065,,,,,,,,,,,,,,,
Instances/Instances 3/u724_08.gt,723,10.0,86400.0,PTVRP_LINEAR,4418652.0,60,55,0.0067,,,,,,,,,,,,,,,
Instances/Instances 3/u724_09.gt,723,10.0,86400.0,PTVRP_LINEAR,4574148.0,64,42,0.0072,,,,,,,,,,,,,,,
Instances/Instances 3/u724_10.gt,723,10.0,86400.0,PTVRP_LINEAR,4464875.0,62,52,0.0084,,,,,,,,,,,,,,,
Instances/Instances 3/usa13509_01.gt,13508,10.0,86400.0,PTVRP_LINEAR,9209755099.0,13353,13,0.0586,,,,,,,,,,,,,,,
Instances/Instances 3/usa13509_02.gt,13508,10.0,86400.0,PTVRP_LINEAR,9083893999.0,13355,14,0.0574,,,,,,,,,,,,,,,
Instances/Instances 3/usa13509_03.gt,13508,10.0,86400.0,PTVRP_LINEAR,9130881744.0,13361,13,0.0583,,,,,,,,,,,,,,,
Instances/Instances 3/usa13509_04.gt,13508,10.0,86400.0,PTVRP_LINEAR,9083646910.0,13361,14,0.0671,,,,,,,,,,,,,,,
Instances/Instances 3/usa13509_05.gt,13508,10.0,86400.0,PTVRP_LINEAR,9211824579.0,13352,13,0.0599,,,,,,,,,,,,,,,
Instances/Instances 3/usa13509_06.gt,13508,10.0,86400.0,PTVRP_LINEAR,9126456068.0,13340,12,0.0615,,,,,,,,,,,,,,,
Instances/Instances 3/usa13509_07.gt,13508,10.0,86400.0,PTVRP_LINEAR,9204449836.0,13352,13,0.0597,,,,,,,,,,,,,,,
Instances/Instances 3/usa13509_08.gt,13508,10.0,86400.0,PTVRP_LINEAR,9151020301.0,13361,12,0.0624,,,,,,,,,,,,,,,
Instances/Instances 3/usa13509_09.gt,13508,10.0,86400.0,PTVRP_LINEAR,9142126613.0,13339,12,0.0582,,,,,,,,,,,,,,,
Instances/Instances 3/usa13509_10.gt,13508,10.0,86400.0,PTVRP_LINEAR,9087831185.0,13356,12,0.0601,,,,,,,,,,,,,,,
Instances/Instances 3/uy734_01.gt,733,10.0,86400.0,PTVRP_LINEAR,7500833.0,101,33,0.0079,,,,,,,,,,,,,,,
Instances/Instances 3/uy734_02.gt,733,10.0,86400.0,PTVRP_LINEAR,7832263.0,107,37,0.0078,,,,,,,,,,,,,,,
Instances/Instances 3/uy734_03.gt,733,10.0,86400.0,PTVRP_LINEAR,7614987.0,101,37,0.0079,,,,,,,,,,,,,,,
Instances/Instances 3/uy734_04.gt,733,10.0,86400.0,PTVRP_LINEAR,7605161.0,103,34,0.0089,,,,,,,,,,,,,,,
Instances/Instances 3/uy734_05.gt,733,10.0,86400.0,PTVRP_LINEAR,7501013.0,101,34,0.007,,,,,,,,,,,,,,,
Instances/Instances 3/uy734_06.gt,733,10.0,86400.0,PTVRP_LINEAR,7572424.0,104,31,0.0073,,,,,,,,,,,,,,,
Instances/Instances 3/uy734_07.gt,733,10.0,86400.0,PTVRP_LINEAR,7592600.0,103,34,0.0091,,,,,,,,,,,,,,,
Instances/Instances 3/uy734_08.gt,733,10.0,86400.0,PTVRP_LINEAR,7781337.0,103,37,0.0086,,,,,,,,,,,,,,,
Instances/Instances 3/uy734_09.gt,733,10.0,86400.0,PTVRP_LINEAR,7620443.0,103,38,0.0071,,,,,,,,,,,,,,,
Instances/Instances 3/uy734_10.gt,733,10.0,86400.0,PTVRP_LINEAR,7547967.0,104,36,0.0069,,,,,,,,,,,,,,,
Instances/Instances 3/vm1084_01.gt,1083,10.0,86400.0,PTVRP_LINEAR,36858111.0,553,18,0.0093,,,,,,,,,,,,,,,
Instances/Instances 3/vm1084_02.gt,1083,10.0,86400.0,PTVRP_LINEAR,36540972.0,551,17,0.0087,,,,,,,,,,,,,,,
Instances/Instances 3/vm1084_03.gt,1083,10.0,86400.0,PTVRP_LINEAR,36222121.0,545,17,0.0098,,,,,,,,,,,,,,,
Instances/Instances 3/vm1084_04.gt,1083,10.0,86400.0,PTVRP_LINEAR,35887608.0,540,19,0.0107,,,,,,,,,,,,,,,
Instances/Instances 3/vm1084_05.gt,1083,10.0,86400.0,PTVRP_LINEAR,36513074.0,542,18,0.0095,,,,,,,,,,,,,,,
Instances/Instances 3/vm1084_06.gt,1083,10.0,86400.0,PTVRP_LINEAR,35858087.0,539,19,0.0091,,,,,,,,,,,,,,,
Instances/Instances 3/vm1084_07.gt,1083,10.0,86400.0,PTVRP_LINEAR,36952451.0,549,20,0.0097,,,,,,,,,,,,,,,
Instances/Instances 3/vm1084_08.gt,1083,10.0,86400.0,PTVRP_LINEAR,36491337.0,542,21,0.009,,,,,,,,,,,,,,,
Instances/Instances 3/vm1084_09.gt,1083,10.0,86400.0,PTVRP_LINEAR,36582308.0,540,19,0.0089,,,,,,,,,,,,,,,
Instances/Instances 3/vm1084_10.gt,1083,10.0,86400.0,PTVRP_LINEAR,35535997.0,521,19,0.0107,,,,,,,,,,,,,,,
Instances/Instances 3/vm1748_01.gt,1747,10.0,86400.0,PTVRP_LINEAR,63583015.0,940,21,0.01,,,,,,,,,,,,,,,
Instances/Instances 3/vm1748_02.gt,1747,10.0,86400.0,PTVRP_LINEAR,63529352.0,939,18,0.0095,,,,,,,,,,,,,,,
Instances/Instances 3/vm1748_03.gt,1747,10.0,86400.0,PTVRP_LINEAR,62597204.0,933,18,0.0116,,,,,,,,,,,,,,,
Instances/Instances 3/vm1748_04.gt,1747,10.0,86400.0,PTVRP_LINEAR,63840542.0,936,21,0.0109,,,,,,,,,,,,,,,
Instances/Instances 3/vm1748_05.gt,1747,10.0,86400.0,PTVRP_LINEAR,63438078.0,930,21,0.0108,,,,,,,,,,,,,,,
Instances/Instances 3/vm1748_06.gt,1747,10.0,86400.0,PTVRP_LINEAR,62657192.0,919,19,0.0106,,,,,,,,,,,,,,,
Instances/Instances 3/vm1748_07.gt,1747,10.0,86400.0,PTVRP_LINEAR,62029522.0,917,20,0.0097,,,,,,,,,,,,,,,
Instances/Instances 3/vm1748_08.gt,1747,10.0,86400.0,PTVRP_LINEAR,63417928.0,929,18,0.0123,,,,,,,,,,,,,,,
Instances/Instances 3/vm1748_09.gt,1747,10.0,86400.0,PTVRP_LINEAR,62882696.0,935,22,0.0122,,,,,,,,,,,,,,,
Instances/Instances 3/vm1748_10.gt,1747,10.0,86400.0,PTVRP_LINEAR,63430572.0,940,21,0.0103,,,,,,,,,,,,,,,
Instances/Instances 3/vm22775_01.gt,22774,10.0,86400.0,PTVRP_LINEAR,561280340.0,8245,58,0.0405,,,,,,,,,,,,,,,
Instances/Instances 3/vm22775_02.gt,22774,10.0,86400.0,PTVRP_LINEAR,563081018.0,8252,61,0.0414,,,,,,,,,,,,,,,
Instances/Instances 3/vm22775_03.gt,22774,10.0,86400.0,PTVRP_LINEAR,559509208.0,8216,61,0.0445,,,,,,,,,,,,,,,
Instances/Instances 3/vm22775_04.gt,22774,10.0,86400.0,PTVRP_LINEAR,560939715.0,8205,60,0.04,,,,,,,,,,,,,,,
Instances/Instances 3/vm22775_05.gt,22774,10.0,86400.0,PTVRP_LINEAR,564252619.0,8295,66,0.0401,,,,,,,,,,,,,,,
Instances/Instances 3/vm22775_06.gt,22774,10.0,86400.0,PTVRP_LINEAR,560562360.0,8209,63,0.0414,,,,,,,,,,,,,,,
Instances/Instances 3/vm22775_07.gt,22774,10.0,86400.0,PTVRP_LINEAR,564717734.0,8297,62,0.0438,,,,,,,,,,,,,,,
Instances/Instances 3/vm22775_08.gt,22774,10.0,86400.0,PTVRP_LINEAR,563504362.0,8284,65,0.0389,,,,,,,,,,,,,,,
Instances/Instances 3/vm22775_09.gt,22774,10.0,86400.0,PTVRP_LINEAR,558622747.0,8174,63,0.0387,,,,,,,,,,,,,,,
Instances/Instances 3/vm22775_10.gt,22774,10.0,86400.0,PTVRP_LINEAR,562444920.0,8257,66,0.04,,,,,,,,,,,,,,,
Instances/Instances 3/wi29_01.gt,28,10.0,86400.0,PTVRP_LINEAR,542840.0,9,12,0.0076,,,,,,,,,,,,,,,
Instances/Instances 3/wi29_02.gt,28,10.0,86400.0,PTVRP_LINEAR,594656.0,9,10,0.0074,,,,,,,,,,,,,,,
Instances/Instances 3/wi29_03.gt,28,10.0,86400.0,PTVRP_LINEAR,504690.0,8,14,0.0087,,,,,,,,,,,,,,,
Instances/Instances 3/wi29_04.gt,28,10.0,86400.0,PTVRP_LINEAR,666050.0,10,11,0.0072,,,,,,,,,,,,,,,
Instances/Instances 3/wi29_05.gt,28,10.0,86400.0,PTVRP_LINEAR,501781.0,9,9,0.0065,,,,,,,,,,,,,,,
Instances/Instances 3/wi29_06.gt,28,10.0,86400.0,PTVRP_LINEAR,697483.0,12,11,0.007,,,,,,,,,,,,,,,
Instances/Instances 3/wi29_07.gt,28,10.0,86400.0,PTVRP_LINEAR,572889.0,8,10,0.0064,,,,,,,,,,,,,,,
Instances/Instances 3/wi29_08.gt,28,10.0,86400.0,PTVRP_LINEAR,582451.0,10,12,0.0074,,,,,,,,,,,,,,,
Instances/Instances 3/wi29_09.gt,28,10.0,86400.0,PTVRP_LINEAR,491196.0,8,13,0.0068,,,,,,,,,,,,,,,
Instances/Instances 3/wi29_10.gt,28,10.0,86400.0,PTVRP_LINEAR,511926.0,7,12,0.0064,,,,,,,,,,,,,,,
Instances/Instances 3/ym7663_01.gt,7662,10.0,86400.0,PTVRP_LINEAR,78231285.0,1037,78,0.0136,,,,,,,,,,,,,,,
Instances/Instances 3/ym7663_02.gt,7662,10.0,86400.0,PTVRP_LINEAR,79268361.0,1051,75,0.0152,,,,,,,,,,,,,,,
Instances/Instances 3/ym7663_03.gt,7662,10.0,86400.0,PTVRP_LINEAR,78286883.0,1032,60,0.0157,,,,,,,,,,,,,,,
Instances/Instances 3/ym7663_04.gt,7662,10.0,86400.0,PTVRP_LINEAR,78207823.0,1032,75,0.0136,,,,,,,,,,,,,,,
Instances/Instances 3/ym7663_05.gt,7662,10.0,86400.0,PTVRP_LINEAR,78726214.0,1040,56,0.0154,,,,,,,,,,,,,,,
Instances/Instances 3/ym7663_06.gt,7662,10.0,86400.0,PTVRP_LINEAR,77802097.0,1035,57,0.016,,,,,,,,,,,,,,,
Instances/Instances 3/ym7663_07.gt,7662,10.0,86400.0,PTVRP_LINEAR,78825930.0,1034,65,0.0145,,,,,,,,,,,,,,,
Instances/Instances 3/ym7663_08.gt,7662,10.0,86400.0,PTVRP_LINEAR,78413232.0,1033,69,0.0132,,,,,,,,,,,,,,,
Instances/Instances 3/ym7663_09.gt,7662,10.0,86400.0,PTVRP_LINEAR,78633915.0,1039,59,0.0141,,,,,,,,,,,,,,,
Instances/Instances 3/ym7663_10.gt,7662,10.0,86400.0,PTVRP_LINEAR,79039430.0,1045,59,0.0145,,,,,,,,,,,,,,,
Instances/Instances 3/zi929_01.gt,928,10.0,86400.0,PTVRP_LINEAR,10976317.0,148,31,0.0096,,,,,,,,,,,,,,,
Instances/Instances 3/zi929_02.gt,928,10.0,86400.0,PTVRP_LINEAR,10634107.0,143,32,0.0093,,,,,,,,,,,,,,,
Instances/Instances 3/zi929_03.gt,928,10.0,86400.0,PTVRP_LINEAR,10589225.0,141,34,0.0081,,,,,,,,,,,,,,,
Instances/Instances 3/zi929_04.gt,928,10.0,86400.0,PTVRP_LINEAR,10708798.0,143,31,0.0086,,,,,,,,,,,,,,,
Instances/Instances 3/zi929_05.gt,928,10.0,86400.0,PTVRP_LINEAR,10784868.0,144,30,0.0087,,,,,,,,,,,,,,,
Instances/Instances 3/zi929_06.gt,928,10.0,86400.0,PTVRP_LINEAR,11092424.0,149,31,0.0092,,,,,,,,,,,,,,,
Instances/Instances 3/zi929_07.gt,928,10.0,86400.0,PTVRP_LINEAR,10753886.0,147,32,0.0082,,,,,,,,,,,,,,,
Instances/Instances 3/zi929_08.gt,928,10.0,86400.0,PTVRP_LINEAR,10903126.0,146,31,0.0081,,,,,,,,,,,,,,,
Instances/Instances 3/zi929_09.gt,928,10.0,86400.0,PTVRP_LINEAR,10463251.0,140,30,0.007,,,,,,,,,,,,,,,
Instances/Instances 3/zi929_10.gt,928,10.0,86400.0,PTVRP_LINEAR,11077361.0,148,31,0.0081,,,,,,,,,,,,,,,
