instance,n,Q,horizon,solver,cost,templates,max_m,seconds,K_full_tour,K_allocated,max_layer_used,layer_iterations,eff_K,revived_arcs,revived_starts,revived_improving,infeasible_skips,unsafe_pops,blocked_pops,unsorted_queries,arcs_scanned,arcs_unsound_stop,gap_vs_first
Instances/Instances 1/a280_01.gt,279,100.0,86400.0,PTVRP_LAYERED_CONT,16387.0,72,2,0.0037,72,72,3,10218,36.6237,,0,0,1290,0,,,,,
Instances/Instances 1/a280_02.gt,279,200.0,86400.0,PTVRP_LAYERED_CONT,8816.0,36,2,0.0029,34,34,2,4991,17.8889,,0,0,8,0,,,,,
Instances/Instances 1/a280_03.gt,279,500.0,86400.0,PTVRP_LAYERED_CONT,4897.0,15,1,0.0026,14,14,1,2159,7.73835,,0,0,0,0,,,,,
Instances/Instances 1/a280_04.gt,279,1000.0,86400.0,PTVRP_LAYERED_CONT,3722.0,9,1,0.0026,8,8,1,1129,4.04659,,0,0,0,0,,,,,
Instances/Instances 1/a280_05.gt,279,2000.0,86400.0,PTVRP_LAYERED_CONT,3176.0,4,1,0.0024,4,4,1,647,2.319,,0,0,0,0,,,,,
Instances/Instances 1/a280_06.gt,279,5000.0,86400.0,PTVRP_LAYERED_CONT,2855.0,2,1,0.0026,2,2,1,368,1.319,,0,0,0,0,,,,,
Instances/Instances 1/a280_07.gt,279,10000.0,86400.0,PTVRP_LAYERED_CONT,2835.0,1,1,0.0024,1,1,1,279,1.0,,0,0,0,0,,,,,
Instances/Instances 1/a280_08.gt,279,20000.0,86400.0,PTVRP_LAYERED_CONT,2835.0,1,1,0.0025,1,1,1,279,1.0,,0,0,0,0,,,,,
Instances/Instances 1/a280_09.gt,279,50000.0,86400.0,PTVRP_LAYERED_CONT,2835.0,1,1,0.0029,1,1,1,279,1.0,,0,0,0,0,,,,,
Instances/Instances 1/a280_10.gt,279,100000.0,86400.0,PTVRP_LAYERED_CONT,2835.0,1,1,0.0024,1,1,1,279,1.0,,0,0,0,0,,,,,
Instances/Instances 1/ar9152_01.gt,9151,100.0,86400.0,PTVRP_LAYERED_CONT,28717346.0,1467,5,0.545,2331,2331,7,10559712,1153.94,,0,0,16294075,0,,,,,
Instances/Instances 1/ar9152_02.gt,9151,200.0,86400.0,PTVRP_LAYERED_CONT,14570814.0,978,5,0.2833,1166,1166,6,5329445,582.389,,0,0,9130241,0,,,,,
Instances/Instances 1/ar9152_03.gt,9151,500.0,86400.0,PTVRP_LAYERED_CONT,6223523.0,476,2,0.1216,466,466,3,2131767,232.955,,0,0,3796538,0,,,,,
Instances/Instances 1/ar9152_04.gt,9151,1000.0,86400.0,PTVRP_LAYERED_CONT,3468503.0,239,2,0.067,233,233,2,1075076,117.482,,0,0,1974654,0,,,,,
Instances/Instances 1/ar9152_05.gt,9151,2000.0,86400.0,PTVRP_LAYERED_CONT,2131437.0,123,1,0.0388,118,118,1,539131,58.915,,0,0,1045718,0,,,,,
Instances/Instances 1/ar9152_06.gt,9151,5000.0,86400.0,PTVRP_LAYERED_CONT,1329482.0,51,1,0.0209,47,47,1,218988,23.9305,,0,0,436095,0,,,,,
Instances/Instances 1/ar9152_07.gt,9151,10000.0,86400.0,PTVRP_LAYERED_CONT,1090437.0,27,1,0.0149,24,24,1,111913,12.2296,,0,0,264217,0,,,,,
Instances/Instances 1/ar9152_08.gt,9151,20000.0,86400.0,PTVRP_LAYERED_CONT,986552.0,15,1,0.0121,12,12,1,58215,6.3616,,0,0,235182,0,,,,,
Instances/Instances 1/ar9152_09.gt,9151,50000.0,86400.0,PTVRP_LAYERED_CONT,970633.0,13,1,0.0108,5,5,1,26352,2.87969,,0,0,624540,0,,,,,
Instances/Instances 1/ar9152_10.gt,9151,100000.0,86400.0,PTVRP_LAYERED_CONT,970633.0,13,1,0.0122,3,3,1,15743,1.72036,,0,0,1258358,0,,,,,
Instances/Instances 1/berlin52_01.gt,51,100.0,86400.0,PTVRP_LAYERED_CONT,14644.0,14,1,0.0027,12,12,1,346,6.78431,,0,0,6,0,,,,,
Instances/Instances 1/berlin52_02.gt,51,200.0,86400.0,PTVRP_LAYERED_CONT,11269.0,8,1,0.0026,7,7,1,204,4.0,,0,0,0,0,,,,,
Instances/Instances 1/berlin52_03.gt,51,500.0,86400.0,PTVRP_LAYERED_CONT,8619.0,4,1,0.0023,3,3,1,95,1.86275,,0,0,0,0,,,,,
Instances/Instances 1/berlin52_04.gt,51,1000.0,86400.0,PTVRP_LAYERED_CONT,7852.0,2,1,0.0024,2,2,1,67,1.31373,,0,0,0,0,,,,,
Instances/Instances 1/berlin52_05.gt,51,2000.0,86400.0,PTVRP_LAYERED_CONT,7803.0,1,1,0.0023,1,1,1,51,1.0,,0,0,0,0,,,,,
Instances/Instances 1/berlin52_06.gt,51,5000.0,86400.0,PTVRP_LAYERED_CONT,7803.0,1,1,0.0023,1,1,1,51,1.0,,0,0,0,0,,,,,
Instances/Instances 1/berlin52_07.gt,51,10000.0,86400.0,PTVRP_LAYERED_CONT,7803.0,1,1,0.0024,1,1,1,51,1.0,,0,0,0,0,,,,,
Instances/Instances 1/berlin52_08.gt,51,20000.0,86400.0,PTVRP_LAYERED_CONT,7803.0,1,1,0.0022,1,1,1,51,1.0,,0,0,0,0,,,,,
Instances/Instances 1/berlin52_09.gt,51,50000.0,86400.0,PTVRP_LAYERED_CONT,7803.0,1,1,0.0023,1,1,1,51,1.0,,0,0,0,0,,,,,
Instances/Instances 1/berlin52_10.gt,51,100000.0,86400.0,PTVRP_LAYERED_CONT,7803.0,1,1,0.0024,1,1,1,51,1.0,,0,0,0,0,,,,,
Instances/Instances 1/bier127_01.gt,126,100.0,86400.0,PTVRP_LAYERED_CONT,328886.0,35,2,0.0027,31,31,2,2019,16.0238,,0,0,2185,0,,,,,
Instances/Instances 1/bier127_02.gt,126,200.0,86400.0,PTVRP_LAYERED_CONT,214093.0,20,1,0.0025,18,18,1,1127,8.94444,,0,0,1336,0,,,,,
Instances/Instances 1/bier127_03.gt,126,500.0,86400.0,PTVRP_LAYERED_CONT,147478.0,8,1,0.0024,7,7,1,478,3.79365,,0,0,480,0,,,,,
Instances/Instances 1/bier127_04.gt,126,1000.0,86400.0,PTVRP_LAYERED_CONT,129773.0,4,1,0.0022,4,4,1,264,2.09524,,0,0,249,0,,,,,
Instances/Instances 1/bier127_05.gt,126,2000.0,86400.0,PTVRP_LAYERED_CONT,126048.0,2,1,0.0024,2,2,1,177,1.40476,,0,0,486,0,,,,,
Instances/Instances 1/bier127_06.gt,126,5000.0,86400.0,PTVRP_LAYERED_CONT,126048.0,2,1,0.0024,1,1,1,126,1.0,,0,0,874,0,,,,,
Instances/Instances 1/bier127_07.gt,126,10000.0,86400.0,PTVRP_LAYERED_CONT,126048.0,2,1,0.0023,1,1,1,126,1.0,,0,0,874,0,,,,,
Instances/Instances 1/bier127_08.gt,126,20000.0,86400.0,PTVRP_LAYERED_CONT,126048.0,2,1,0.0022,1,1,1,126,1.0,,0,0,874,0,,,,,
Instances/Instances 1/bier127_09.gt,126,50000.0,86400.0,PTVRP_LAYERED_CONT,126048.0,2,1,0.0023,1,1,1,126,1.0,,0,0,874,0,,,,,
Instances/Instances 1/bier127_10.gt,126,100000.0,86400.0,PTVRP_LAYERED_CONT,126048.0,2,1,0.0024,1,1,1,126,1.0,,0,0,874,0,,,,,
Instances/Instances 1/bm33708_01.gt,33707,100.0,86400.0,PTVRP_LAYERED_CONT,54311911.0,4710,7,6.3003,8589,8589,9,144336848,4282.1,,1,0,160687167,0,,,,,
Instances/Instances 1/bm33708_02.gt,33707,200.0,86400.0,PTVRP_LAYERED_CONT,27566313.0,3312,4,3.0402,4289,4289,6,72224096,2142.7,,1,0,82605053,0,,,,,
Instances/Instances 1/bm33708_03.gt,33707,500.0,86400.0,PTVRP_LAYERED_CONT,11486555.0,1720,2,1.2128,1719,1719,4,29021144,860.983,,0,0,33356537,0,,,,,
Instances/Instances 1/bm33708_04.gt,33707,1000.0,86400.0,PTVRP_LAYERED_CONT,6132031.0,878,1,0.6199,858,858,3,14485450,429.746,,0,0,16558992,0,,,,,
Instances/Instances 1/bm33708_05.gt,33707,2000.0,86400.0,PTVRP_LAYERED_CONT,3523882.0,437,1,0.3229,429,429,3,7236196,214.679,,0,0,8197989,0,,,,,
Instances/Instances 1/bm33708_06.gt,33707,5000.0,86400.0,PTVRP_LAYERED_CONT,1962016.0,178,1,0.1525,172,172,2,2919333,86.6091,,0,0,3356360,0,,,,,
Instances/Instances 1/bm33708_07.gt,33707,10000.0,86400.0,PTVRP_LAYERED_CONT,1448460.0,90,1,0.1164,87,87,1,1467792,43.5456,,0,0,1754783,0,,,,,
Instances/Instances 1/bm33708_08.gt,33707,20000.0,86400.0,PTVRP_LAYERED_CONT,1194002.0,47,1,0.061,44,44,1,740046,21.9553,,0,0,945194,0,,,,,
Instances/Instances 1/bm33708_09.gt,33707,50000.0,86400.0,PTVRP_LAYERED_CONT,1051830.0,20,1,0.0396,18,18,1,305996,9.07811,,0,0,521338,0,,,,,
Instances/Instances 1/bm33708_10.gt,33707,100000.0,86400.0,PTVRP_LAYERED_CONT,1025973.0,15,1,0.036,9,9,1,161379,4.7877,,0,0,1605517,0,,,,,
Instances/Instances 1/brd14051_01.gt,14050,100.0,86400.0,PTVRP_LAYERED_CONT,16950869.0,2180,6,1.0414,3577,3577,7,25115578,1787.59,,0,0,29262612,0,,,,,
Instances/Instances 1/brd14051_02.gt,14050,200.0,86400.0,PTVRP_LAYERED_CONT,8596446.0,1486,4,0.5357,1777,1777,6,12521422,891.204,,0,0,15070982,0,,,,,
Instances/Instances 1/brd14051_03.gt,14050,500.0,86400.0,PTVRP_LAYERED_CONT,3646827.0,737,2,0.2484,715,715,3,5025596,357.694,,0,0,6014261,0,,,,,
Instances/Instances 1/brd14051_04.gt,14050,1000.0,86400.0,PTVRP_LAYERED_CONT,2040540.0,368,1,0.1191,358,358,2,2514714,178.983,,0,0,2960875,0,,,,,
Instances/Instances 1/brd14051_05.gt,14050,2000.0,86400.0,PTVRP_LAYERED_CONT,1236617.0,184,1,0.0682,180,180,1,1266379,90.1337,,0,0,1508191,0,,,,,
Instances/Instances 1/brd14051_06.gt,14050,5000.0,86400.0,PTVRP_LAYERED_CONT,768899.0,76,1,0.0344,72,72,1,510316,36.3214,,0,0,615041,0,,,,,
Instances/Instances 1/brd14051_07.gt,14050,10000.0,86400.0,PTVRP_LAYERED_CONT,613871.0,40,1,0.023,36,36,1,260725,18.5569,,0,0,336700,0,,,,,
Instances/Instances 1/brd14051_08.gt,14050,20000.0,86400.0,PTVRP_LAYERED_CONT,535568.0,20,1,0.017,19,19,1,135054,9.61238,,0,0,175153,0,,,,,
Instances/Instances 1/brd14051_09.gt,14050,50000.0,86400.0,PTVRP_LAYERED_CONT,494413.0,9,1,0.013,8,8,1,57665,4.10427,,0,0,109751,0,,,,,
Instances/Instances 1/brd14051_10.gt,14050,100000.0,86400.0,PTVRP_LAYERED_CONT,487545.0,7,1,0.0121,4,4,1,32499,2.3131,,0,0,573764,0,,,,,
Instances/Instances 1/ca4663_01.gt,4662,100.0,86400.0,PTVRP_LAYERED_CONT,NO SOLUTION,,,0.1224,1182,1182,3,2774462,595.123,,0,0,3177877,0,,,,,
Instances/Instances 1/ca4663_02.gt,4662,200.0,86400.0,PTVRP_LAYERED_CONT,NO SOLUTION,,,0.0673,592,592,3,1375994,295.151,,0,0,1860047,0,,,,,
Instances/Instances 1/ca4663_03.gt,4662,500.0,86400.0,PTVRP_LAYERED_CONT,NO SOLUTION,,,0.0326,239,239,2,558290,119.753,,0,0,1022760,0,,,,,
Instances/Instances 1/ca4663_04.gt,4662,1000.0,86400.0,PTVRP_LAYERED_CONT,NO SOLUTION,,,0.0191,119,119,2,278906,59.8254,,0,0,658595,0,,,,,
Instances/Instances 1/ca4663_05.gt,4662,2000.0,86400.0,PTVRP_LAYERED_CONT,NO SOLUTION,,,0.0127,59,59,2,139829,29.9934,,0,0,386773,0,,,,,
Instances/Instances 1/ca4663_06.gt,4662,5000.0,86400.0,PTVRP_LAYERED_CONT,NO SOLUTION,,,0.0085,24,24,1,56975,12.2211,,0,0,274514,0,,,,,
Instances/Instances 1/ca4663_07.gt,4662,10000.0,86400.0,PTVRP_LAYERED_CONT,NO SOLUTION,,,0.0072,12,12,1,30091,6.45453,,0,0,360420,0,,,,,
Instances/Instances 1/ca4663_08.gt,4662,20000.0,86400.0,PTVRP_LAYERED_CONT,NO SOLUTION,,,0.0072,6,6,1,16256,3.48692,,0,0,690517,0,,,,,
Instances/Instances 1/ca4663_09.gt,4662,50000.0,86400.0,PTVRP_LAYERED_CONT,NO SOLUTION,,,0.0081,3,3,1,8073,1.73166,,0,0,1589322,0,,,,,
Instances/Instances 1/ca4663_10.gt,4662,100000.0,86400.0,PTVRP_LAYERED_CONT,NO SOLUTION,,,0.0092,2,2,1,5367,1.15122,,0,0,2316224,0,,,,,
Instances/Instances 1/ch130_01.gt,129,100.0,86400.0,PTVRP_LAYERED_CONT,23377.0,36,2,0.0027,33,33,2,2166,16.7907,,0,0,467,0,,,,,
Instances/Instances 1/ch130_02.gt,129,200.0,86400.0,PTVRP_LAYERED_CONT,14025.0,20,1,0.0024,17,17,1,1145,8.87597,,0,0,30,0,,,,,
Instances/Instances 1/ch130_03.gt,129,500.0,86400.0,PTVRP_LAYERED_CONT,9031.0,8,1,0.0022,7,7,1,472,3.65891,,0,0,0,0,,,,,
Instances/Instances 1/ch130_04.gt,129,1000.0,86400.0,PTVRP_LAYERED_CONT,7424.0,5,1,0.0022,4,4,1,311,2.41085,,0,0,0,0,,,,,
Instances/Instances 1/ch130_05.gt,129,2000.0,86400.0,PTVRP_LAYERED_CONT,6533.0,2,1,0.0022,2,2,1,175,1.35659,,0,0,0,0,,,,,
Instances/Instances 1/ch130_06.gt,129,5000.0,86400.0,PTVRP_LAYERED_CONT,6291.0,1,1,0.0024,1,1,1,129,1.0,,0,0,0,0,,,,,
Instances/Instances 1/ch130_07.gt,129,10000.0,86400.0,PTVRP_LAYERED_CONT,6291.0,1,1,0.0023,1,1,1,129,1.0,,0,0,0,0,,,,,
Instances/Instances 1/ch130_08.gt,129,20000.0,86400.0,PTVRP_LAYERED_CONT,6291.0,1,1,0.0022,1,1,1,129,1.0,,0,0,0,0,,,,,
Instances/Instances 1/ch130_09.gt,129,50000.0,86400.0,PTVRP_LAYERED_CONT,6291.0,1,1,0.0023,1,1,1,129,1.0,,0,0,0,0,,,,,
Instances/Instances 1/ch130_10.gt,129,100000.0,86400.0,PTVRP_LAYERED_CONT,6291.0,1,1,0.0022,1,1,1,129,1.0,,0,0,0,0,,,,,
Instances/Instances 1/ch150_01.gt,149,100.0,86400.0,PTVRP_LAYERED_CONT,28985.0,44,2,0.0025,41,41,2,3073,20.6242,,0,0,928,0,,,,,
Instances/Instances 1/ch150_02.gt,149,200.0,86400.0,PTVRP_LAYERED_CONT,15615.0,21,1,0.0025,18,18,1,1364,9.15436,,0,0,62,0,,,,,
Instances/Instances 1/ch150_03.gt,149,500.0,86400.0,PTVRP_LAYERED_CONT,9611.0,9,1,0.0023,8,8,1,623,4.18121,,0,0,0,0,,,,,
Instances/Instances 1/ch150_04.gt,149,1000.0,86400.0,PTVRP_LAYERED_CONT,8060.0,5,1,0.0026,4,4,1,371,2.48993,,0,0,0,0,,,,,
Instances/Instances 1/ch150_05.gt,149,2000.0,86400.0,PTVRP_LAYERED_CONT,7467.0,3,1,0.0022,3,3,1,226,1.51678,,0,0,0,0,,,,,
Instances/Instances 1/ch150_06.gt,149,5000.0,86400.0,PTVRP_LAYERED_CONT,7281.0,1,1,0.0021,1,1,1,149,1.0,,0,0,0,0,,,,,
Instances/Instances 1/ch150_07.gt,149,10000.0,86400.0,PTVRP_LAYERED_CONT,7281.0,1,1,0.0022,1,1,1,149,1.0,,0,0,0,0,,,,,
Instances/Instances 1/ch150_08.gt,149,20000.0,86400.0,PTVRP_LAYERED_CONT,7281.0,1,1,0.0022,1,1,1,149,1.0,,0,0,0,0,,,,,
Instances/Instances 1/ch150_09.gt,149,50000.0,86400.0,PTVRP_LAYERED_CONT,7281.0,1,1,0.0022,1,1,1,149,1.0,,0,0,0,0,,,,,
Instances/Instances 1/ch150_10.gt,149,100000.0,86400.0,PTVRP_LAYERED_CONT,7281.0,1,1,0.0023,1,1,1,149,1.0,,0,0,0,0,,,,,
Instances/Instances 1/ch71009_01.gt,71008,100.0,86400.0,PTVRP_LAYERED_CONT,314697654.0,10228,6,29.9287,18082,18082,8,640006656,9013.16,,0,0,709766009,0,,,,,
Instances/Instances 1/ch71009_02.gt,71008,200.0,86400.0,PTVRP_LAYERED_CONT,157714607.0,6667,5,14.0331,9046,9046,6,321378989,4525.95,,0,0,366379365,0,,,,,
Instances/Instances 1/ch71009_03.gt,71008,500.0,86400.0,PTVRP_LAYERED_CONT,64684308.0,3536,3,5.5564,3618,3618,4,128107010,1804.12,,1,0,149785165,0,,,,,
Instances/Instances 1/ch71009_04.gt,71008,1000.0,86400.0,PTVRP_LAYERED_CONT,34256373.0,1837,2,2.839,1809,1809,3,64369962,906.517,,0,0,75840424,0,,,,,
Instances/Instances 1/ch71009_05.gt,71008,2000.0,86400.0,PTVRP_LAYERED_CONT,19367843.0,923,1,1.3696,906,906,2,32167953,453.019,,0,0,38685329,0,,,,,
Instances/Instances 1/ch71009_06.gt,71008,5000.0,86400.0,PTVRP_LAYERED_CONT,10872483.0,375,1,0.6,362,362,2,12878171,181.362,,0,0,16140584,0,,,,,
Instances/Instances 1/ch71009_07.gt,71008,10000.0,86400.0,PTVRP_LAYERED_CONT,8261810.0,204,1,0.3385,181,181,1,6445240,90.7678,,0,0,8814490,0,,,,,
Instances/Instances 1/ch71009_08.gt,71008,20000.0,86400.0,PTVRP_LAYERED_CONT,7108473.0,120,1,0.2034,91,91,1,3249934,45.7686,,0,0,5484528,0,,,,,
Instances/Instances 1/ch71009_09.gt,71008,50000.0,86400.0,PTVRP_LAYERED_CONT,6671779.0,84,1,0.1259,37,37,1,1321700,18.6134,,1,1,7779841,0,,,,,
Instances/Instances 1/ch71009_10.gt,71008,100000.0,86400.0,PTVRP_LAYERED_CONT,6650715.0,82,1,0.1169,19,19,1,677216,9.53718,,1,1,18494907,0,,,,,
Instances/Instances 1/d1291_01.gt,1290,100.0,86400.0,PTVRP_LAYERED_CONT,768417.0,261,5,0.015,346,346,5,221044,171.352,,0,0,281396,0,,,,,
Instances/Instances 1/d1291_02.gt,1290,200.0,86400.0,PTVRP_LAYERED_CONT,367546.0,158,3,0.009,159,159,3,102921,79.7837,,0,0,145682,0,,,,,
Instances/Instances 1/d1291_03.gt,1290,500.0,86400.0,PTVRP_LAYERED_CONT,178154.0,70,1,0.0054,67,67,2,43446,33.6791,,0,0,61559,0,,,,,
Instances/Instances 1/d1291_04.gt,1290,1000.0,86400.0,PTVRP_LAYERED_CONT,110025.0,35,1,0.0043,33,33,1,21906,16.9814,,0,0,31152,0,,,,,
Instances/Instances 1/d1291_05.gt,1290,2000.0,86400.0,PTVRP_LAYERED_CONT,78610.0,18,1,0.0036,17,17,1,11206,8.68682,,0,0,12872,0,,,,,
Instances/Instances 1/d1291_06.gt,1290,5000.0,86400.0,PTVRP_LAYERED_CONT,61167.0,8,1,0.0031,7,7,1,4965,3.84884,,0,0,4515,0,,,,,
Instances/Instances 1/d1291_07.gt,1290,10000.0,86400.0,PTVRP_LAYERED_CONT,56230.0,5,1,0.003,4,4,1,2797,2.16822,,0,0,2548,0,,,,,
Instances/Instances 1/d1291_08.gt,1290,20000.0,86400.0,PTVRP_LAYERED_CONT,53710.0,2,1,0.0028,2,2,1,1808,1.40155,,0,0,0,0,,,,,
Instances/Instances 1/d1291_09.gt,1290,50000.0,86400.0,PTVRP_LAYERED_CONT,53688.0,1,1,0.0028,1,1,1,1290,1.0,,0,0,0,0,,,,,
Instances/Instances 1/d1291_10.gt,1290,100000.0,86400.0,PTVRP_LAYERED_CONT,53688.0,1,1,0.0029,1,1,1,1290,1.0,,0,0,0,0,,,,,
Instances/Instances 1/d15112_01.gt,15111,100.0,86400.0,PTVRP_LAYERED_CONT,53788704.0,2388,5,1.1938,3841,3841,6,28970505,1917.18,,0,0,33278620,0,,,,,
Instances/Instances 1/d15112_02.gt,15111,200.0,86400.0,PTVRP_LAYERED_CONT,27647861.0,1647,4,0.607,1939,1939,5,14671960,970.946,,0,0,17521604,0,,,,,
Instances/Instances 1/d15112_03.gt,15111,500.0,86400.0,PTVRP_LAYERED_CONT,11626925.0,784,2,0.2506,767,767,3,5797947,383.69,,0,0,7014382,0,,,,,
Instances/Instances 1/d15112_04.gt,15111,1000.0,86400.0,PTVRP_LAYERED_CONT,6549550.0,399,1,0.1362,386,386,2,2930131,193.907,,0,0,3622388,0,,,,,
Instances/Instances 1/d15112_05.gt,15111,2000.0,86400.0,PTVRP_LAYERED_CONT,3986206.0,197,1,0.0758,192,192,1,1444681,95.6046,,0,0,1842535,0,,,,,
Instances/Instances 1/d15112_06.gt,15111,5000.0,86400.0,PTVRP_LAYERED_CONT,2517833.0,82,1,0.0389,78,78,1,594643,39.3517,,0,0,819275,0,,,,,
Instances/Instances 1/d15112_07.gt,15111,10000.0,86400.0,PTVRP_LAYERED_CONT,2016391.0,41,1,0.0258,39,39,1,300746,19.9025,,0,0,464703,0,,,,,
Instances/Instances 1/d15112_08.gt,15111,20000.0,86400.0,PTVRP_LAYERED_CONT,1832536.0,24,1,0.0191,20,20,1,152973,10.1233,,0,0,397995,0,,,,,
Instances/Instances 1/d15112_09.gt,15111,50000.0,86400.0,PTVRP_LAYERED_CONT,1819674.0,24,1,0.0174,8,8,1,66240,4.38356,,0,0,1592063,0,,,,,
Instances/Instances 1/d15112_10.gt,15111,100000.0,86400.0,PTVRP_LAYERED_CONT,1819674.0,24,1,0.0189,4,4,1,36745,2.43167,,0,0,3604007,0,,,,,
Instances/Instances 1/d1655_01.gt,1654,100.0,86400.0,PTVRP_LAYERED_CONT,920931.0,323,4,0.0208,419,419,6,347416,210.046,,0,0,407251,0,,,,,
Instances/Instances 1/d1655_02.gt,1654,200.0,86400.0,PTVRP_LAYERED_CONT,497810.0,213,2,0.0126,215,215,3,177135,107.095,,0,0,216297,0,,,,,
Instances/Instances 1/d1655_03.gt,1654,500.0,86400.0,PTVRP_LAYERED_CONT,221226.0,87,1,0.0071,84,84,2,69724,42.1548,,0,0,81015,0,,,,,
Instances/Instances 1/d1655_04.gt,1654,1000.0,86400.0,PTVRP_LAYERED_CONT,139737.0,45,1,0.0051,42,42,1,35973,21.7491,,0,0,38716,0,,,,,
Instances/Instances 1/d1655_05.gt,1654,2000.0,86400.0,PTVRP_LAYERED_CONT,97963.0,24,1,0.0041,22,22,1,18303,11.0659,,0,0,18147,0,,,,,
Instances/Instances 1/d1655_06.gt,1654,5000.0,86400.0,PTVRP_LAYERED_CONT,74780.0,11,1,0.0035,9,9,1,7730,4.67352,,0,0,7396,0,,,,,
Instances/Instances 1/d1655_07.gt,1654,10000.0,86400.0,PTVRP_LAYERED_CONT,67599.0,5,1,0.0036,5,5,1,4402,2.66143,,0,0,3585,0,,,,,
Instances/Instances 1/d1655_08.gt,1654,20000.0,86400.0,PTVRP_LAYERED_CONT,66176.0,3,1,0.0032,3,3,1,2627,1.58827,,0,0,213,0,,,,,
Instances/Instances 1/d1655_09.gt,1654,50000.0,86400.0,PTVRP_LAYERED_CONT,65597.0,1,1,0.003,1,1,1,1654,1.0,,0,0,0,0,,,,,
Instances/Instances 1/d1655_10.gt,1654,100000.0,86400.0,PTVRP_LAYERED_CONT,65597.0,1,1,0.003,1,1,1,1654,1.0,,0,0,0,0,,,,,
Instances/Instances 1/d18512_01.gt,18511,100.0,86400.0,PTVRP_LAYERED_CONT,24130075.0,2865,6,1.8393,4740,4740,8,44017901,2377.93,,1,0,50210460,0,,,,,
Instances/Instances 1/d18512_02.gt,18511,200.0,86400.0,PTVRP_LAYERED_CONT,12188367.0,1995,3,0.9002,2347,2347,5,21732535,1174.03,,0,0,25392736,0,,,,,
Instances/Instances 1/d18512_03.gt,18511,500.0,86400.0,PTVRP_LAYERED_CONT,5222711.0,960,2,0.372,947,947,3,8770712,473.811,,0,0,10218000,0,,,,,
Instances/Instances 1/d18512_04.gt,18511,1000.0,86400.0,PTVRP_LAYERED_CONT,2876916.0,483,1,0.1962,472,472,2,4370071,236.08,,0,0,5034965,0,,,,,
Instances/Instances 1/d18512_05.gt,18511,2000.0,86400.0,PTVRP_LAYERED_CONT,1743333.0,242,1,0.1088,237,237,1,2199238,118.807,,0,0,2552685,0,,,,,
Instances/Instances 1/d18512_06.gt,18511,5000.0,86400.0,PTVRP_LAYERED_CONT,1070282.0,99,1,0.0538,95,95,1,886149,47.8715,,0,0,1040652,0,,,,,
Instances/Instances 1/d18512_07.gt,18511,10000.0,86400.0,PTVRP_LAYERED_CONT,848838.0,51,1,0.0345,47,47,1,445895,24.0881,,0,0,558957,0,,,,,
Instances/Instances 1/d18512_08.gt,18511,20000.0,86400.0,PTVRP_LAYERED_CONT,741916.0,26,1,0.025,24,24,1,228404,12.3388,,0,0,290509,0,,,,,
Instances/Instances 1/d18512_09.gt,18511,50000.0,86400.0,PTVRP_LAYERED_CONT,677542.0,11,1,0.0182,10,10,1,97965,5.29226,,0,0,178245,0,,,,,
Instances/Instances 1/d18512_10.gt,18511,100000.0,86400.0,PTVRP_LAYERED_CONT,672457.0,9,1,0.0175,5,5,1,53529,2.89174,,0,0,952183,0,,,,,
Instances/Instances 1/d198_01.gt,197,100.0,86400.0,PTVRP_LAYERED_CONT,87758.0,48,2,0.0031,53,53,3,5231,26.5533,,0,0,3462,0,,,,,
Instances/Instances 1/d198_02.gt,197,200.0,86400.0,PTVRP_LAYERED_CONT,50344.0,28,1,0.0026,26,26,3,2681,13.6091,,0,0,1328,0,,,,,
Instances/Instances 1/d198_03.gt,197,500.0,86400.0,PTVRP_LAYERED_CONT,28510.0,12,1,0.0024,11,11,1,1117,5.67005,,0,0,124,0,,,,,
Instances/Instances 1/d198_04.gt,197,1000.0,86400.0,PTVRP_LAYERED_CONT,20609.0,6,1,0.0023,6,6,1,601,3.05076,,0,0,4,0,,,,,
Instances/Instances 1/d198_05.gt,197,2000.0,86400.0,PTVRP_LAYERED_CONT,17770.0,3,1,0.0023,3,3,1,369,1.8731,,0,0,0,0,,,,,
Instances/Instances 1/d198_06.gt,197,5000.0,86400.0,PTVRP_LAYERED_CONT,17527.0,1,1,0.0024,1,1,1,197,1.0,,0,0,0,0,,,,,
Instances/Instances 1/d198_07.gt,197,10000.0,86400.0,PTVRP_LAYERED_CONT,17527.0,1,1,0.0024,1,1,1,197,1.0,,0,0,0,0,,,,,
Instances/Instances 1/d198_08.gt,197,20000.0,86400.0,PTVRP_LAYERED_CONT,17527.0,1,1,0.0022,1,1,1,197,1.0,,0,0,0,0,,,,,
Instances/Instances 1/d198_09.gt,197,50000.0,86400.0,PTVRP_LAYERED_CONT,17527.0,1,1,0.0022,1,1,1,197,1.0,,0,0,0,0,,,,,
Instances/Instances 1/d198_10.gt,197,100000.0,86400.0,PTVRP_LAYERED_CONT,17527.0,1,1,0.0023,1,1,1,197,1.0,,0,0,0,0,,,,,
Instances/Instances 1/d2103_01.gt,2102,100.0,86400.0,PTVRP_LAYERED_CONT,1406040.0,385,4,0.0294,545,545,6,573072,272.632,,0,0,736783,0,,,,,
Instances/Instances 1/d2103_02.gt,2102,200.0,86400.0,PTVRP_LAYERED_CONT,723617.0,262,2,0.0182,270,270,3,284415,135.307,,0,0,438768,0,,,,,
Instances/Instances 1/d2103_03.gt,2102,500.0,86400.0,PTVRP_LAYERED_CONT,332914.0,114,1,0.0096,110,110,2,116908,55.6175,,0,0,229622,0,,,,,
Instances/Instances 1/d2103_04.gt,2102,1000.0,86400.0,PTVRP_LAYERED_CONT,199704.0,56,1,0.0066,54,54,1,56955,27.0956,,0,0,128754,0,,,,,
Instances/Instances 1/d2103_05.gt,2102,2000.0,86400.0,PTVRP_LAYERED_CONT,132584.0,31,1,0.0051,27,27,1,29149,13.8673,,0,0,62717,0,,,,,
Instances/Instances 1/d2103_06.gt,2102,5000.0,86400.0,PTVRP_LAYERED_CONT,100628.0,11,1,0.0042,11,11,1,12646,6.01618,,0,0,31949,0,,,,,
Instances/Instances 1/d2103_07.gt,2102,10000.0,86400.0,PTVRP_LAYERED_CONT,91251.0,6,1,0.0038,6,6,1,6748,3.21028,,0,0,16057,0,,,,,
Instances/Instances 1/d2103_08.gt,2102,20000.0,86400.0,PTVRP_LAYERED_CONT,86881.0,3,1,0.0035,3,3,1,3973,1.8901,,0,0,4230,0,,,,,
Instances/Instances 1/d2103_09.gt,2102,50000.0,86400.0,PTVRP_LAYERED_CONT,84458.0,2,1,0.0036,2,2,1,2212,1.05233,,0,0,485,0,,,,,
Instances/Instances 1/d2103_10.gt,2102,100000.0,86400.0,PTVRP_LAYERED_CONT,84457.0,1,1,0.0034,1,1,1,2102,1.0,,0,0,0,0,,,,,
Instances/Instances 1/d493_01.gt,492,100.0,86400.0,PTVRP_LAYERED_CONT,218874.0,121,3,0.0044,126,126,3,31148,63.3089,,0,0,28663,0,,,,,
Instances/Instances 1/d493_02.gt,492,200.0,86400.0,PTVRP_LAYERED_CONT,117917.0,63,2,0.0034,60,60,2,14625,29.7256,,0,0,11510,0,,,,,
Instances/Instances 1/d493_03.gt,492,500.0,86400.0,PTVRP_LAYERED_CONT,66689.0,27,1,0.0034,26,26,1,6521,13.2541,,0,0,3779,0,,,,,
Instances/Instances 1/d493_04.gt,492,1000.0,86400.0,PTVRP_LAYERED_CONT,50395.0,14,1,0.0027,13,13,1,3373,6.85569,,0,0,1274,0,,,,,
Instances/Instances 1/d493_05.gt,492,2000.0,86400.0,PTVRP_LAYERED_CONT,42464.0,7,1,0.0025,7,7,1,1813,3.68496,,0,0,334,0,,,,,
Instances/Instances 1/d493_06.gt,492,5000.0,86400.0,PTVRP_LAYERED_CONT,38646.0,4,1,0.0028,3,3,1,896,1.82114,,0,0,1,0,,,,,
Instances/Instances 1/d493_07.gt,492,10000.0,86400.0,PTVRP_LAYERED_CONT,37916.0,2,1,0.0024,2,2,1,607,1.23374,,0,0,0,0,,,,,
Instances/Instances 1/d493_08.gt,492,20000.0,86400.0,PTVRP_LAYERED_CONT,37734.0,1,1,0.0024,1,1,1,492,1.0,,0,0,0,0,,,,,
Instances/Instances 1/d493_09.gt,492,50000.0,86400.0,PTVRP_LAYERED_CONT,37734.0,1,1,0.0024,1,1,1,492,1.0,,0,0,0,0,,,,,
Instances/Instances 1/d493_10.gt,492,100000.0,86400.0,PTVRP_LAYERED_CONT,37734.0,1,1,0.0024,1,1,1,492,1.0,,0,0,0,0,,,,,
Instances/Instances 1/d657_01.gt,656,100.0,86400.0,PTVRP_LAYERED_CONT,374201.0,152,2,0.0058,165,165,3,53856,82.0976,,0,0,59946,0,,,,,
Instances/Instances 1/d657_02.gt,656,200.0,86400.0,PTVRP_LAYERED_CONT,209715.0,90,2,0.0043,83,83,2,28017,42.7088,,0,0,29882,0,,,,,
Instances/Instances 1/d657_03.gt,656,500.0,86400.0,PTVRP_LAYERED_CONT,109006.0,36,1,0.0033,34,34,1,11209,17.0869,,0,0,9509,0,,,,,
Instances/Instances 1/d657_04.gt,656,1000.0,86400.0,PTVRP_LAYERED_CONT,78389.0,19,1,0.003,17,17,1,5852,8.92073,,0,0,4171,0,,,,,
Instances/Instances 1/d657_05.gt,656,2000.0,86400.0,PTVRP_LAYERED_CONT,62326.0,10,1,0.0028,9,9,1,3169,4.83079,,0,0,1544,0,,,,,
Instances/Instances 1/d657_06.gt,656,5000.0,86400.0,PTVRP_LAYERED_CONT,53349.0,4,1,0.0026,4,4,1,1424,2.17073,,0,0,570,0,,,,,
Instances/Instances 1/d657_07.gt,656,10000.0,86400.0,PTVRP_LAYERED_CONT,52507.0,2,1,0.0025,2,2,1,911,1.38872,,0,0,0,0,,,,,
Instances/Instances 1/d657_08.gt,656,20000.0,86400.0,PTVRP_LAYERED_CONT,52008.0,1,1,0.0025,1,1,1,656,1.0,,0,0,0,0,,,,,
Instances/Instances 1/d657_09.gt,656,50000.0,86400.0,PTVRP_LAYERED_CONT,52008.0,1,1,0.0025,1,1,1,656,1.0,,0,0,0,0,,,,,
Instances/Instances 1/d657_10.gt,656,100000.0,86400.0,PTVRP_LAYERED_CONT,52008.0,1,1,0.0025,1,1,1,656,1.0,,0,0,0,0,,,,,
Instances/Instances 1/dj38_01.gt,37,100.0,86400.0,PTVRP_LAYERED_CONT,17501.0,12,2,0.0023,11,11,2,211,5.7027,,0,0,1,0,,,,,
Instances/Instances 1/dj38_02.gt,37,200.0,86400.0,PTVRP_LAYERED_CONT,11667.0,6,1,0.0021,6,6,1,109,2.94595,,0,0,0,0,,,,,
Instances/Instances 1/dj38_03.gt,37,500.0,86400.0,PTVRP_LAYERED_CONT,8402.0,3,1,0.0022,3,3,1,60,1.62162,,0,0,0,0,,,,,
Instances/Instances 1/dj38_04.gt,37,1000.0,86400.0,PTVRP_LAYERED_CONT,8048.0,1,1,0.0022,1,1,1,37,1.0,,0,0,0,0,,,,,
Instances/Instances 1/dj38_05.gt,37,2000.0,86400.0,PTVRP_LAYERED_CONT,8048.0,1,1,0.0021,1,1,1,37,1.0,,0,0,0,0,,,,,
Instances/Instances 1/dj38_06.gt,37,5000.0,86400.0,PTVRP_LAYERED_CONT,8048.0,1,1,0.0022,1,1,1,37,1.0,,0,0,0,0,,,,,
Instances/Instances 1/dj38_07.gt,37,10000.0,86400.0,PTVRP_LAYERED_CONT,8048.0,1,1,0.0021,1,1,1,37,1.0,,0,0,0,0,,,,,
Instances/Instances 1/dj38_08.gt,37,20000.0,86400.0,PTVRP_LAYERED_CONT,8048.0,1,1,0.0022,1,1,1,37,1.0,,0,0,0,0,,,,,
Instances/Instances 1/dj38_09.gt,37,50000.0,86400.0,PTVRP_LAYERED_CONT,8048.0,1,1,0.0021,1,1,1,37,1.0,,0,0,0,0,,,,,
Instances/Instances 1/dj38_10.gt,37,100000.0,86400.0,PTVRP_LAYERED_CONT,8048.0,1,1,0.0021,1,1,1,37,1.0,,0,0,0,0,,,,,
Instances/Instances 1/eg7146_01.gt,7145,100.0,86400.0,PTVRP_LAYERED_CONT,5872828.0,1076,6,0.2825,1815,1815,8,6464294,904.73,,0,0,8005977,0,,,,,
Instances/Instances 1/eg7146_02.gt,7145,200.0,86400.0,PTVRP_LAYERED_CONT,2972502.0,770,4,0.1509,907,907,6,3258220,456.014,,0,0,4184021,0,,,,,
Instances/Instances 1/eg7146_03.gt,7145,500.0,86400.0,PTVRP_LAYERED_CONT,1281035.0,373,2,0.0674,366,366,5,1313236,183.798,,0,0,1658118,0,,,,,
Instances/Instances 1/eg7146_04.gt,7145,1000.0,86400.0,PTVRP_LAYERED_CONT,708528.0,186,1,0.0381,181,181,2,652733,91.3552,,0,0,786579,0,,,,,
Instances/Instances 1/eg7146_05.gt,7145,2000.0,86400.0,PTVRP_LAYERED_CONT,437580.0,95,1,0.0229,92,92,1,331185,46.352,,0,0,388746,0,,,,,
Instances/Instances 1/eg7146_06.gt,7145,5000.0,86400.0,PTVRP_LAYERED_CONT,273169.0,38,1,0.0132,37,37,1,133055,18.6221,,0,0,148725,0,,,,,
Instances/Instances 1/eg7146_07.gt,7145,10000.0,86400.0,PTVRP_LAYERED_CONT,222770.0,20,1,0.0099,19,19,1,69119,9.67376,,0,0,74226,0,,,,,
Instances/Instances 1/eg7146_08.gt,7145,20000.0,86400.0,PTVRP_LAYERED_CONT,200051.0,10,1,0.008,10,10,1,36335,5.08537,,0,0,35631,0,,,,,
Instances/Instances 1/eg7146_09.gt,7145,50000.0,86400.0,PTVRP_LAYERED_CONT,186570.0,5,1,0.0072,4,4,1,16780,2.3485,,0,0,19405,0,,,,,
Instances/Instances 1/eg7146_10.gt,7145,100000.0,86400.0,PTVRP_LAYERED_CONT,184251.0,3,1,0.0063,2,2,1,10379,1.45262,,0,0,12835,0,,,,,
Instances/Instances 1/ei8246_01.gt,8245,100.0,86400.0,PTVRP_LAYERED_CONT,6036095.0,1381,6,0.3637,2113,2113,6,8697488,1054.88,,0,0,10173072,0,,,,,
Instances/Instances 1/ei8246_02.gt,8245,200.0,86400.0,PTVRP_LAYERED_CONT,3075949.0,917,3,0.1926,1049,1049,4,4324227,524.467,,0,0,5162939,0,,,,,
Instances/Instances 1/ei8246_03.gt,8245,500.0,86400.0,PTVRP_LAYERED_CONT,1324735.0,436,2,0.0846,422,422,3,1739490,210.975,,0,0,2006659,0,,,,,
Instances/Instances 1/ei8246_04.gt,8245,1000.0,86400.0,PTVRP_LAYERED_CONT,752179.0,218,1,0.048,210,210,2,867988,105.274,,0,0,981799,0,,,,,
Instances/Instances 1/ei8246_05.gt,8245,2000.0,86400.0,PTVRP_LAYERED_CONT,473280.0,110,1,0.0288,106,106,1,438308,53.1605,,0,0,484492,0,,,,,
Instances/Instances 1/ei8246_06.gt,8245,5000.0,86400.0,PTVRP_LAYERED_CONT,305629.0,45,1,0.0169,43,43,1,177740,21.5573,,0,0,199173,0,,,,,
Instances/Instances 1/ei8246_07.gt,8245,10000.0,86400.0,PTVRP_LAYERED_CONT,252631.0,24,1,0.0124,22,22,1,91619,11.1121,,0,0,100557,0,,,,,
Instances/Instances 1/ei8246_08.gt,8245,20000.0,86400.0,PTVRP_LAYERED_CONT,228782.0,13,1,0.0105,11,11,1,47076,5.70964,,0,0,57015,0,,,,,
Instances/Instances 1/ei8246_09.gt,8245,50000.0,86400.0,PTVRP_LAYERED_CONT,214769.0,6,1,0.0083,5,5,1,21708,2.63287,,0,0,41204,0,,,,,
Instances/Instances 1/ei8246_10.gt,8245,100000.0,86400.0,PTVRP_LAYERED_CONT,211535.0,4,1,0.0077,3,3,1,12791,1.55136,,0,0,22904,0,,,,,
Instances/Instances 1/eil101_01.gt,100,100.0,86400.0,PTVRP_LAYERED_CONT,1941.0,30,2,0.0026,27,27,2,1433,14.33,,0,0,0,0,,,,,
Instances/Instances 1/eil101_02.gt,100,200.0,86400.0,PTVRP_LAYERED_CONT,1166.0,16,1,0.0024,13,13,1,687,6.87,,0,0,0,0,,,,,
Instances/Instances 1/eil101_03.gt,100,500.0,86400.0,PTVRP_LAYERED_CONT,827.0,7,1,0.0024,6,6,1,312,3.12,,0,0,0,0,,,,,
Instances/Instances 1/eil101_04.gt,100,1000.0,86400.0,PTVRP_LAYERED_CONT,701.0,4,1,0.0022,3,3,1,172,1.72,,0,0,0,0,,,,,
Instances/Instances 1/eil101_05.gt,100,2000.0,86400.0,PTVRP_LAYERED_CONT,664.0,3,1,0.0022,2,2,1,129,1.29,,0,0,0,0,,,,,
Instances/Instances 1/eil101_06.gt,100,5000.0,86400.0,PTVRP_LAYERED_CONT,652.0,2,1,0.0023,1,1,1,100,1.0,,0,0,0,0,,,,,
Instances/Instances 1/eil101_07.gt,100,10000.0,86400.0,PTVRP_LAYERED_CONT,652.0,2,1,0.0022,1,1,1,100,1.0,,0,0,0,0,,,,,
Instances/Instances 1/eil101_08.gt,100,20000.0,86400.0,PTVRP_LAYERED_CONT,652.0,2,1,0.0022,1,1,1,100,1.0,,0,0,0,0,,,,,
Instances/Instances 1/eil101_09.gt,100,50000.0,86400.0,PTVRP_LAYERED_CONT,652.0,2,1,0.0022,1,1,1,100,1.0,,0,0,0,0,,,,,
Instances/Instances 1/eil101_10.gt,100,100000.0,86400.0,PTVRP_LAYERED_CONT,652.0,2,1,0.0023,1,1,1,100,1.0,,0,0,0,0,,,,,
Instances/Instances 1/eil51_01.gt,50,100.0,86400.0,PTVRP_LAYERED_CONT,941.0,15,1,0.0022,13,13,1,335,6.7,,0,0,0,0,,,,,
Instances/Instances 1/eil51_02.gt,50,200.0,86400.0,PTVRP_LAYERED_CONT,664.0,7,1,0.0022,7,7,1,187,3.74,,0,0,0,0,,,,,
Instances/Instances 1/eil51_03.gt,50,500.0,86400.0,PTVRP_LAYERED_CONT,490.0,3,1,0.0022,3,3,1,92,1.84,,0,0,0,0,,,,,
Instances/Instances 1/eil51_04.gt,50,1000.0,86400.0,PTVRP_LAYERED_CONT,474.0,2,1,0.0021,2,2,1,64,1.28,,0,0,0,0,,,,,
Instances/Instances 1/eil51_05.gt,50,2000.0,86400.0,PTVRP_LAYERED_CONT,442.0,1,1,0.0022,1,1,1,50,1.0,,0,0,0,0,,,,,
Instances/Instances 1/eil51_06.gt,50,5000.0,86400.0,PTVRP_LAYERED_CONT,442.0,1,1,0.0021,1,1,1,50,1.0,,0,0,0,0,,,,,
Instances/Instances 1/eil51_07.gt,50,10000.0,86400.0,PTVRP_LAYERED_CONT,442.0,1,1,0.0023,1,1,1,50,1.0,,0,0,0,0,,,,,
Instances/Instances 1/eil51_08.gt,50,20000.0,86400.0,PTVRP_LAYERED_CONT,442.0,1,1,0.0022,1,1,1,50,1.0,,0,0,0,0,,,,,
Instances/Instances 1/eil51_09.gt,50,50000.0,86400.0,PTVRP_LAYERED_CONT,442.0,1,1,0.0021,1,1,1,50,1.0,,0,0,0,0,,,,,
Instances/Instances 1/eil51_10.gt,50,100000.0,86400.0,PTVRP_LAYERED_CONT,442.0,1,1,0.0022,1,1,1,50,1.0,,0,0,0,0,,,,,
Instances/Instances 1/eil76_01.gt,75,100.0,86400.0,PTVRP_LAYERED_CONT,1401.0,23,1,0.0022,19,19,1,739,9.85333,,0,0,0,0,,,,,
Instances/Instances 1/eil76_02.gt,75,200.0,86400.0,PTVRP_LAYERED_CONT,931.0,12,1,0.0023,10,10,1,384,5.12,,0,0,0,0,,,,,
Instances/Instances 1/eil76_03.gt,75,500.0,86400.0,PTVRP_LAYERED_CONT,664.0,5,1,0.0022,4,4,1,182,2.42667,,0,0,0,0,,,,,
Instances/Instances 1/eil76_04.gt,75,1000.0,86400.0,PTVRP_LAYERED_CONT,600.0,3,1,0.0021,2,2,1,109,1.45333,,0,0,0,0,,,,,
Instances/Instances 1/eil76_05.gt,75,2000.0,86400.0,PTVRP_LAYERED_CONT,573.0,1,1,0.0022,1,1,1,75,1.0,,0,0,0,0,,,,,
Instances/Instances 1/eil76_06.gt,75,5000.0,86400.0,PTVRP_LAYERED_CONT,573.0,1,1,0.0021,1,1,1,75,1.0,,0,0,0,0,,,,,
Instances/Instances 1/eil76_07.gt,75,10000.0,86400.0,PTVRP_LAYERED_CONT,573.0,1,1,0.0021,1,1,1,75,1.0,,0,0,0,0,,,,,
Instances/Instances 1/eil76_08.gt,75,20000.0,86400.0,PTVRP_LAYERED_CONT,573.0,1,1,0.0021,1,1,1,75,1.0,,0,0,0,0,,,,,
Instances/Instances 1/eil76_09.gt,75,50000.0,86400.0,PTVRP_LAYERED_CONT,573.0,1,1,0.0021,1,1,1,75,1.0,,0,0,0,0,,,,,
Instances/Instances 1/eil76_10.gt,75,100000.0,86400.0,PTVRP_LAYERED_CONT,573.0,1,1,0.0022,1,1,1,75,1.0,,0,0,0,0,,,,,
Instances/Instances 1/fi10639_01.gt,10638,100.0,86400.0,PTVRP_LAYERED_CONT,17282915.0,1662,6,0.5866,2710,2710,8,14402274,1353.85,,0,0,16860542,0,,,,,
Instances/Instances 1/fi10639_02.gt,10638,200.0,86400.0,PTVRP_LAYERED_CONT,8893028.0,1158,3,0.3129,1351,1351,5,7208882,677.654,,0,0,8761300,0,,,,,
Instances/Instances 1/fi10639_03.gt,10638,500.0,86400.0,PTVRP_LAYERED_CONT,3763490.0,557,2,0.1324,540,540,3,2868084,269.607,,0,0,3476966,0,,,,,
Instances/Instances 1/fi10639_04.gt,10638,1000.0,86400.0,PTVRP_LAYERED_CONT,2108169.0,277,1,0.0723,270,270,2,1434585,134.855,,0,0,1719783,0,,,,,
Instances/Instances 1/fi10639_05.gt,10638,2000.0,86400.0,PTVRP_LAYERED_CONT,1303908.0,140,1,0.0425,136,136,2,724379,68.0935,,0,0,875918,0,,,,,
Instances/Instances 1/fi10639_06.gt,10638,5000.0,86400.0,PTVRP_LAYERED_CONT,820119.0,58,1,0.0232,55,55,1,292607,27.5058,,0,0,364310,0,,,,,
Instances/Instances 1/fi10639_07.gt,10638,10000.0,86400.0,PTVRP_LAYERED_CONT,660140.0,30,1,0.018,28,28,1,149303,14.0349,,0,0,198063,0,,,,,
Instances/Instances 1/fi10639_08.gt,10638,20000.0,86400.0,PTVRP_LAYERED_CONT,585300.0,14,1,0.0143,14,14,1,77531,7.28812,,0,0,118121,0,,,,,
Instances/Instances 1/fi10639_09.gt,10638,50000.0,86400.0,PTVRP_LAYERED_CONT,551822.0,8,1,0.0112,6,6,1,34389,3.23266,,0,0,223349,0,,,,,
Instances/Instances 1/fi10639_10.gt,10638,100000.0,86400.0,PTVRP_LAYERED_CONT,551822.0,8,1,0.011,3,3,1,20044,1.88419,,0,0,665116,0,,,,,
Instances/Instances 1/fl1400_01.gt,1399,100.0,86400.0,PTVRP_LAYERED_CONT,727206.0,162,6,0.0177,356,356,10,248188,177.404,,0,0,397331,0,,,,,
Instances/Instances 1/fl1400_02.gt,1399,200.0,86400.0,PTVRP_LAYERED_CONT,369796.0,132,3,0.0112,177,177,5,124691,89.1287,,0,0,228867,0,,,,,
Instances/Instances 1/fl1400_03.gt,1399,500.0,86400.0,PTVRP_LAYERED_CONT,163619.0,73,2,0.0066,74,74,4,52446,37.4882,,0,0,101954,0,,,,,
Instances/Instances 1/fl1400_04.gt,1399,1000.0,86400.0,PTVRP_LAYERED_CONT,90227.0,37,2,0.0051,37,37,2,26438,18.8978,,0,0,41184,0,,,,,
Instances/Instances 1/fl1400_05.gt,1399,2000.0,86400.0,PTVRP_LAYERED_CONT,53314.0,19,1,0.0038,18,18,2,12976,9.2752,,0,0,10624,0,,,,,
Instances/Instances 1/fl1400_06.gt,1399,5000.0,86400.0,PTVRP_LAYERED_CONT,32739.0,8,1,0.0033,8,8,1,5760,4.11723,,0,0,1514,0,,,,,
Instances/Instances 1/fl1400_07.gt,1399,10000.0,86400.0,PTVRP_LAYERED_CONT,25452.0,4,1,0.003,4,4,1,3269,2.33667,,0,0,0,0,,,,,
Instances/Instances 1/fl1400_08.gt,1399,20000.0,86400.0,PTVRP_LAYERED_CONT,22330.0,2,1,0.003,2,2,1,2018,1.44246,,0,0,0,0,,,,,
Instances/Instances 1/fl1400_09.gt,1399,50000.0,86400.0,PTVRP_LAYERED_CONT,22250.0,1,1,0.0029,1,1,1,1399,1.0,,0,0,0,0,,,,,
Instances/Instances 1/fl1400_10.gt,1399,100000.0,86400.0,PTVRP_LAYERED_CONT,22250.0,1,1,0.0028,1,1,1,1399,1.0,,0,0,0,0,,,,,
Instances/Instances 1/fl1577_01.gt,1576,100.0,86400.0,PTVRP_LAYERED_CONT,534844.0,263,6,0.019,401,401,6,318509,202.1,,1,0,367250,0,,,,,
Instances/Instances 1/fl1577_02.gt,1576,200.0,86400.0,PTVRP_LAYERED_CONT,278030.0,186,3,0.012,201,201,4,159505,101.209,,0,0,185935,0,,,,,
Instances/Instances 1/fl1577_03.gt,1576,500.0,86400.0,PTVRP_LAYERED_CONT,120347.0,86,1,0.007,82,82,2,63909,40.5514,,0,0,64297,0,,,,,
Instances/Instances 1/fl1577_04.gt,1576,1000.0,86400.0,PTVRP_LAYERED_CONT,69180.0,43,1,0.005,41,41,2,32933,20.8966,,0,0,25482,0,,,,,
Instances/Instances 1/fl1577_05.gt,1576,2000.0,86400.0,PTVRP_LAYERED_CONT,45021.0,23,1,0.0039,21,21,1,16701,10.5971,,0,0,9230,0,,,,,
Instances/Instances 1/fl1577_06.gt,1576,5000.0,86400.0,PTVRP_LAYERED_CONT,30431.0,10,1,0.0034,9,9,1,7101,4.50571,,0,0,3761,0,,,,,
Instances/Instances 1/fl1577_07.gt,1576,10000.0,86400.0,PTVRP_LAYERED_CONT,25235.0,5,1,0.0031,5,5,1,4001,2.53871,,0,0,4,0,,,,,
Instances/Instances 1/fl1577_08.gt,1576,20000.0,86400.0,PTVRP_LAYERED_CONT,23781.0,3,1,0.003,3,3,1,2384,1.51269,,0,0,0,0,,,,,
Instances/Instances 1/fl1577_09.gt,1576,50000.0,86400.0,PTVRP_LAYERED_CONT,23697.0,2,1,0.003,1,1,1,1576,1.0,,0,0,0,0,,,,,
Instances/Instances 1/fl1577_10.gt,1576,100000.0,86400.0,PTVRP_LAYERED_CONT,23697.0,2,1,0.003,1,1,1,1576,1.0,,0,0,0,0,,,,,
Instances/Instances 1/fl3795_01.gt,3794,100.0,86400.0,PTVRP_LAYERED_CONT,1406061.0,540,6,0.0898,974,974,11,1837336,484.274,,0,0,2521123,0,,,,,
Instances/Instances 1/fl3795_02.gt,3794,200.0,86400.0,PTVRP_LAYERED_CONT,714398.0,374,4,0.0507,488,488,6,925045,243.818,,0,0,1520447,0,,,,,
Instances/Instances 1/fl3795_03.gt,3794,500.0,86400.0,PTVRP_LAYERED_CONT,292849.0,193,2,0.0242,193,193,3,369436,97.3737,,0,0,706096,0,,,,,
Instances/Instances 1/fl3795_04.gt,3794,1000.0,86400.0,PTVRP_LAYERED_CONT,159179.0,100,1,0.0148,97,97,2,184990,48.7586,,0,0,394062,0,,,,,
Instances/Instances 1/fl3795_05.gt,3794,2000.0,86400.0,PTVRP_LAYERED_CONT,93815.0,51,1,0.0096,49,49,1,93392,24.6157,,0,0,211985,0,,,,,
Instances/Instances 1/fl3795_06.gt,3794,5000.0,86400.0,PTVRP_LAYERED_CONT,51747.0,21,1,0.0066,20,20,1,38419,10.1263,,0,0,75880,0,,,,,
Instances/Instances 1/fl3795_07.gt,3794,10000.0,86400.0,PTVRP_LAYERED_CONT,40046.0,11,1,0.0052,10,10,1,20539,5.41355,,0,0,37207,0,,,,,
Instances/Instances 1/fl3795_08.gt,3794,20000.0,86400.0,PTVRP_LAYERED_CONT,34168.0,6,1,0.0046,5,5,1,11099,2.92541,,0,0,7017,0,,,,,
Instances/Instances 1/fl3795_09.gt,3794,50000.0,86400.0,PTVRP_LAYERED_CONT,30739.0,3,1,0.0042,2,2,1,5614,1.4797,,0,0,0,0,,,,,
Instances/Instances 1/fl3795_10.gt,3794,100000.0,86400.0,PTVRP_LAYERED_CONT,30708.0,2,1,0.0041,1,1,1,3794,1.0,,0,0,0,0,,,,,
Instances/Instances 1/fl417_01.gt,416,100.0,86400.0,PTVRP_LAYERED_CONT,228870.0,69,5,0.004,110,110,6,23399,56.2476,,0,0,29357,0,,,,,
Instances/Instances 1/fl417_02.gt,416,200.0,86400.0,PTVRP_LAYERED_CONT,110050.0,48,2,0.0032,52,52,4,10642,25.5817,,0,0,12630,0,,,,,
Instances/Instances 1/fl417_03.gt,416,500.0,86400.0,PTVRP_LAYERED_CONT,52409.0,24,1,0.0027,23,23,3,4708,11.3173,,0,0,2711,0,,,,,
Instances/Instances 1/fl417_04.gt,416,1000.0,86400.0,PTVRP_LAYERED_CONT,30091.0,12,1,0.0025,11,11,2,2405,5.78125,,0,0,553,0,,,,,
Instances/Instances 1/fl417_05.gt,416,2000.0,86400.0,PTVRP_LAYERED_CONT,22180.0,7,1,0.0024,6,6,1,1358,3.26442,,0,0,0,0,,,,,
Instances/Instances 1/fl417_06.gt,416,5000.0,86400.0,PTVRP_LAYERED_CONT,14735.0,3,1,0.0024,3,3,1,658,1.58173,,0,0,0,0,,,,,
Instances/Instances 1/fl417_07.gt,416,10000.0,86400.0,PTVRP_LAYERED_CONT,13776.0,2,1,0.0024,2,2,1,465,1.11779,,0,0,0,0,,,,,
Instances/Instances 1/fl417_08.gt,416,20000.0,86400.0,PTVRP_LAYERED_CONT,13750.0,1,1,0.0023,1,1,1,416,1.0,,0,0,0,0,,,,,
Instances/Instances 1/fl417_09.gt,416,50000.0,86400.0,PTVRP_LAYERED_CONT,13750.0,1,1,0.0024,1,1,1,416,1.0,,0,0,0,0,,,,,
Instances/Instances 1/fl417_10.gt,416,100000.0,86400.0,PTVRP_LAYERED_CONT,13750.0,1,1,0.0024,1,1,1,416,1.0,,0,0,0,0,,,,,
Instances/Instances 1/fnl4461_01.gt,4460,100.0,86400.0,PTVRP_LAYERED_CONT,3582667.0,834,4,0.1112,1160,1160,6,2592080,581.184,,0,0,2951295,0,,,,,
Instances/Instances 1/fnl4461_02.gt,4460,200.0,86400.0,PTVRP_LAYERED_CONT,1837638.0,545,3,0.0612,575,575,4,1293767,290.082,,0,0,1475745,0,,,,,
Instances/Instances 1/fnl4461_03.gt,4460,500.0,86400.0,PTVRP_LAYERED_CONT,823101.0,240,1,0.0288,231,231,2,512468,114.903,,0,0,566938,0,,,,,
Instances/Instances 1/fnl4461_04.gt,4460,1000.0,86400.0,PTVRP_LAYERED_CONT,493280.0,121,1,0.0172,116,116,1,260640,58.4395,,0,0,282295,0,,,,,
Instances/Instances 1/fnl4461_05.gt,4460,2000.0,86400.0,PTVRP_LAYERED_CONT,328926.0,60,1,0.0111,57,57,1,127257,28.533,,0,0,135128,0,,,,,
Instances/Instances 1/fnl4461_06.gt,4460,5000.0,86400.0,PTVRP_LAYERED_CONT,236264.0,26,1,0.0078,23,23,1,53466,11.9879,,0,0,56898,0,,,,,
Instances/Instances 1/fnl4461_07.gt,4460,10000.0,86400.0,PTVRP_LAYERED_CONT,205790.0,13,1,0.0063,12,12,1,27608,6.19013,,0,0,32678,0,,,,,
Instances/Instances 1/fnl4461_08.gt,4460,20000.0,86400.0,PTVRP_LAYERED_CONT,193945.0,8,1,0.0055,6,6,1,14921,3.34552,,0,0,14057,0,,,,,
Instances/Instances 1/fnl4461_09.gt,4460,50000.0,86400.0,PTVRP_LAYERED_CONT,187221.0,4,1,0.0049,3,3,1,7454,1.6713,,0,0,10812,0,,,,,
Instances/Instances 1/fnl4461_10.gt,4460,100000.0,86400.0,PTVRP_LAYERED_CONT,187145.0,3,1,0.005,2,2,1,4987,1.11816,,0,0,30226,0,,,,,
Instances/Instances 1/gil262_01.gt,261,100.0,86400.0,PTVRP_LAYERED_CONT,13466.0,63,2,0.0032,70,70,3,9411,36.0575,,0,0,1206,0,,,,,
Instances/Instances 1/gil262_02.gt,261,200.0,86400.0,PTVRP_LAYERED_CONT,7175.0,35,1,0.0028,32,32,2,4535,17.3755,,0,0,0,0,,,,,
Instances/Instances 1/gil262_03.gt,261,500.0,86400.0,PTVRP_LAYERED_CONT,4196.0,14,1,0.0024,14,14,1,1844,7.06513,,0,0,0,0,,,,,
Instances/Instances 1/gil262_04.gt,261,1000.0,86400.0,PTVRP_LAYERED_CONT,3287.0,8,1,0.0024,7,7,1,1022,3.91571,,0,0,0,0,,,,,
Instances/Instances 1/gil262_05.gt,261,2000.0,86400.0,PTVRP_LAYERED_CONT,2873.0,4,1,0.0022,4,4,1,612,2.34483,,0,0,0,0,,,,,
Instances/Instances 1/gil262_06.gt,261,5000.0,86400.0,PTVRP_LAYERED_CONT,2667.0,2,1,0.0023,2,2,1,315,1.2069,,0,0,0,0,,,,,
Instances/Instances 1/gil262_07.gt,261,10000.0,86400.0,PTVRP_LAYERED_CONT,2645.0,1,1,0.0023,1,1,1,261,1.0,,0,0,0,0,,,,,
Instances/Instances 1/gil262_08.gt,261,20000.0,86400.0,PTVRP_LAYERED_CONT,2645.0,1,1,0.0023,1,1,1,261,1.0,,0,0,0,0,,,,,
Instances/Instances 1/gil262_09.gt,261,50000.0,86400.0,PTVRP_LAYERED_CONT,2645.0,1,1,0.0024,1,1,1,261,1.0,,0,0,0,0,,,,,
Instances/Instances 1/gil262_10.gt,261,100000.0,86400.0,PTVRP_LAYERED_CONT,2645.0,1,1,0.0023,1,1,1,261,1.0,,0,0,0,0,,,,,
Instances/Instances 1/gr9882_01.gt,9881,100.0,86400.0,PTVRP_LAYERED_CONT,11487691.0,1457,6,0.5184,2518,2518,8,12428190,1257.79,,0,0,14389350,0,,,,,
Instances/Instances 1/gr9882_02.gt,9881,200.0,86400.0,PTVRP_LAYERED_CONT,5868339.0,1038,3,0.2698,1256,1256,5,6212537,628.736,,1,0,7446374,0,,,,,
Instances/Instances 1/gr9882_03.gt,9881,500.0,86400.0,PTVRP_LAYERED_CONT,2464249.0,510,2,0.1152,504,504,4,2512562,254.282,,0,0,2971826,0,,,,,
Instances/Instances 1/gr9882_04.gt,9881,1000.0,86400.0,PTVRP_LAYERED_CONT,1376698.0,260,1,0.0632,253,253,3,1252271,126.735,,0,0,1452181,0,,,,,
Instances/Instances 1/gr9882_05.gt,9881,2000.0,86400.0,PTVRP_LAYERED_CONT,824838.0,130,1,0.0369,126,126,1,625303,63.2834,,0,0,711688,0,,,,,
Instances/Instances 1/gr9882_06.gt,9881,5000.0,86400.0,PTVRP_LAYERED_CONT,501483.0,52,1,0.0211,51,51,1,251974,25.5009,,0,0,286506,0,,,,,
Instances/Instances 1/gr9882_07.gt,9881,10000.0,86400.0,PTVRP_LAYERED_CONT,399596.0,27,1,0.0149,26,26,1,131466,13.3049,,0,0,153354,0,,,,,
Instances/Instances 1/gr9882_08.gt,9881,20000.0,86400.0,PTVRP_LAYERED_CONT,343807.0,14,1,0.0115,13,13,1,67279,6.80893,,0,0,81096,0,,,,,
Instances/Instances 1/gr9882_09.gt,9881,50000.0,86400.0,PTVRP_LAYERED_CONT,317771.0,6,1,0.0093,6,6,1,30127,3.04898,,0,0,53960,0,,,,,
Instances/Instances 1/gr9882_10.gt,9881,100000.0,86400.0,PTVRP_LAYERED_CONT,313501.0,5,1,0.0089,3,3,1,17841,1.80559,,0,0,171628,0,,,,,
Instances/Instances 1/ho14473_01.gt,14472,100.0,86400.0,PTVRP_LAYERED_CONT,8450979.0,2017,7,1.5035,3674,3674,10,26631864,1840.23,,0,0,49243554,0,,,,,
Instances/Instances 1/ho14473_02.gt,14472,200.0,86400.0,PTVRP_LAYERED_CONT,4354156.0,1460,5,0.7651,1858,1858,7,13425843,927.712,,0,0,27975971,0,,,,,
Instances/Instances 1/ho14473_03.gt,14472,500.0,86400.0,PTVRP_LAYERED_CONT,1807631.0,749,3,0.3153,740,740,3,5376414,371.505,,0,0,11155274,0,,,,,
Instances/Instances 1/ho14473_04.gt,14472,1000.0,86400.0,PTVRP_LAYERED_CONT,974659.0,377,1,0.164,369,369,2,2674606,184.812,,0,0,5235794,0,,,,,
Instances/Instances 1/ho14473_05.gt,14472,2000.0,86400.0,PTVRP_LAYERED_CONT,570975.0,189,1,0.0882,185,185,2,1337174,92.3973,,0,0,2431027,0,,,,,
Instances/Instances 1/ho14473_06.gt,14472,5000.0,86400.0,PTVRP_LAYERED_CONT,331612.0,78,1,0.0421,75,75,1,544802,37.6452,,0,0,891654,0,,,,,
Instances/Instances 1/ho14473_07.gt,14472,10000.0,86400.0,PTVRP_LAYERED_CONT,248892.0,40,1,0.0266,37,37,1,274589,18.9738,,0,0,411160,0,,,,,
Instances/Instances 1/ho14473_08.gt,14472,20000.0,86400.0,PTVRP_LAYERED_CONT,210554.0,21,1,0.0192,19,19,1,140298,9.69444,,0,0,200970,0,,,,,
Instances/Instances 1/ho14473_09.gt,14472,50000.0,86400.0,PTVRP_LAYERED_CONT,187851.0,9,1,0.0136,8,8,1,60298,4.16653,,0,0,79216,0,,,,,
Instances/Instances 1/ho14473_10.gt,14472,100000.0,86400.0,PTVRP_LAYERED_CONT,181545.0,4,1,0.0119,4,4,1,34068,2.35406,,0,0,54838,0,,,,,
Instances/Instances 1/it16862_01.gt,16861,100.0,86400.0,PTVRP_LAYERED_CONT,27987539.0,2424,6,1.5168,4344,4344,8,36764714,2180.46,,0,0,42627617,0,,,,,
Instances/Instances 1/it16862_02.gt,16861,200.0,86400.0,PTVRP_LAYERED_CONT,14072619.0,1701,4,0.7886,2156,2156,5,18139326,1075.82,,0,0,21943361,0,,,,,
Instances/Instances 1/it16862_03.gt,16861,500.0,86400.0,PTVRP_LAYERED_CONT,5921913.0,886,2,0.3171,869,869,3,7337244,435.161,,0,0,8978175,0,,,,,
Instances/Instances 1/it16862_04.gt,16861,1000.0,86400.0,PTVRP_LAYERED_CONT,3150614.0,439,2,0.1658,428,428,2,3623964,214.932,,0,0,4368961,0,,,,,
Instances/Instances 1/it16862_05.gt,16861,2000.0,86400.0,PTVRP_LAYERED_CONT,1841830.0,220,1,0.0929,216,216,2,1822804,108.108,,0,0,2204742,0,,,,,
Instances/Instances 1/it16862_06.gt,16861,5000.0,86400.0,PTVRP_LAYERED_CONT,1060736.0,89,1,0.0474,87,87,1,734747,43.5767,,0,0,887294,0,,,,,
Instances/Instances 1/it16862_07.gt,16861,10000.0,86400.0,PTVRP_LAYERED_CONT,799388.0,46,1,0.0315,43,43,1,369703,21.9265,,0,0,474325,0,,,,,
Instances/Instances 1/it16862_08.gt,16861,20000.0,86400.0,PTVRP_LAYERED_CONT,675310.0,24,1,0.0229,22,22,1,189526,11.2405,,0,0,254044,0,,,,,
Instances/Instances 1/it16862_09.gt,16861,50000.0,86400.0,PTVRP_LAYERED_CONT,599939.0,10,1,0.0173,9,9,1,81224,4.81727,,0,0,157881,0,,,,,
Instances/Instances 1/it16862_10.gt,16861,100000.0,86400.0,PTVRP_LAYERED_CONT,592244.0,8,1,0.0161,5,5,1,45086,2.67398,,0,0,649819,0,,,,,
Instances/Instances 1/ja9847_01.gt,9846,100.0,86400.0,PTVRP_LAYERED_CONT,27648638.0,1468,6,0.5321,2509,2509,8,12343726,1253.68,,0,0,15746695,0,,,,,
Instances/Instances 1/ja9847_02.gt,9846,200.0,86400.0,PTVRP_LAYERED_CONT,13847756.0,969,4,0.284,1243,1243,5,6116563,621.223,,0,0,8734662,0,,,,,
Instances/Instances 1/ja9847_03.gt,9846,500.0,86400.0,PTVRP_LAYERED_CONT,5809604.0,493,2,0.1227,498,498,3,2459139,249.76,,0,0,3725246,0,,,,,
Instances/Instances 1/ja9847_04.gt,9846,1000.0,86400.0,PTVRP_LAYERED_CONT,3142417.0,260,1,0.0688,253,253,3,1250549,127.011,,0,0,1930402,0,,,,,
Instances/Instances 1/ja9847_05.gt,9846,2000.0,86400.0,PTVRP_LAYERED_CONT,1777436.0,127,1,0.0389,125,125,2,617365,62.7021,,0,0,991147,0,,,,,
Instances/Instances 1/ja9847_06.gt,9846,5000.0,86400.0,PTVRP_LAYERED_CONT,1002457.0,53,1,0.0216,51,51,1,252077,25.602,,0,0,401620,0,,,,,
Instances/Instances 1/ja9847_07.gt,9846,10000.0,86400.0,PTVRP_LAYERED_CONT,755860.0,27,1,0.0161,26,26,1,128421,13.043,,0,0,215663,0,,,,,
Instances/Instances 1/ja9847_08.gt,9846,20000.0,86400.0,PTVRP_LAYERED_CONT,619091.0,14,1,0.0125,13,13,1,66860,6.79057,,0,0,127668,0,,,,,
Instances/Instances 1/ja9847_09.gt,9846,50000.0,86400.0,PTVRP_LAYERED_CONT,573619.0,8,1,0.0104,6,6,1,30072,3.05424,,0,0,411484,0,,,,,
Instances/Instances 1/ja9847_10.gt,9846,100000.0,86400.0,PTVRP_LAYERED_CONT,573619.0,8,1,0.0122,3,3,1,17777,1.8055,,0,0,1369288,0,,,,,
Instances/Instances 1/kroA100_01.gt,99,100.0,86400.0,PTVRP_LAYERED_CONT,86834.0,25,2,0.0027,25,25,2,1156,11.6768,,0,0,643,0,,,,,
Instances/Instances 1/kroA100_02.gt,99,200.0,86400.0,PTVRP_LAYERED_CONT,50084.0,13,1,0.0023,12,12,1,631,6.37374,,0,0,182,0,,,,,
Instances/Instances 1/kroA100_03.gt,99,500.0,86400.0,PTVRP_LAYERED_CONT,32654.0,7,1,0.0023,6,6,1,305,3.08081,,0,0,32,0,,,,,
Instances/Instances 1/kroA100_04.gt,99,1000.0,86400.0,PTVRP_LAYERED_CONT,25740.0,4,1,0.0023,3,3,1,164,1.65657,,0,0,0,0,,,,,
Instances/Instances 1/kroA100_05.gt,99,2000.0,86400.0,PTVRP_LAYERED_CONT,23670.0,2,1,0.0023,2,2,1,120,1.21212,,0,0,0,0,,,,,
Instances/Instances 1/kroA100_06.gt,99,5000.0,86400.0,PTVRP_LAYERED_CONT,22624.0,1,1,0.0023,1,1,1,99,1.0,,0,0,0,0,,,,,
Instances/Instances 1/kroA100_07.gt,99,10000.0,86400.0,PTVRP_LAYERED_CONT,22624.0,1,1,0.0022,1,1,1,99,1.0,,0,0,0,0,,,,,
Instances/Instances 1/kroA100_08.gt,99,20000.0,86400.0,PTVRP_LAYERED_CONT,22624.0,1,1,0.0022,1,1,1,99,1.0,,0,0,0,0,,,,,
Instances/Instances 1/kroA100_09.gt,99,50000.0,86400.0,PTVRP_LAYERED_CONT,22624.0,1,1,0.0023,1,1,1,99,1.0,,0,0,0,0,,,,,
Instances/Instances 1/kroA100_10.gt,99,100000.0,86400.0,PTVRP_LAYERED_CONT,22624.0,1,1,0.0022,1,1,1,99,1.0,,0,0,0,0,,,,,
Instances/Instances 1/kroA150_01.gt,149,100.0,86400.0,PTVRP_LAYERED_CONT,128307.0,39,2,0.0025,37,37,3,2864,19.2215,,0,0,2536,0,,,,,
Instances/Instances 1/kroA150_02.gt,149,200.0,86400.0,PTVRP_LAYERED_CONT,72363.0,21,1,0.0024,19,19,1,1436,9.63758,,0,0,888,0,,,,,
Instances/Instances 1/kroA150_03.gt,149,500.0,86400.0,PTVRP_LAYERED_CONT,40115.0,8,1,0.0022,7,7,1,607,4.07383,,0,0,225,0,,,,,
Instances/Instances 1/kroA150_04.gt,149,1000.0,86400.0,PTVRP_LAYERED_CONT,33898.0,5,1,0.0022,4,4,1,346,2.32215,,0,0,74,0,,,,,
Instances/Instances 1/kroA150_05.gt,149,2000.0,86400.0,PTVRP_LAYERED_CONT,28781.0,2,1,0.0022,2,2,1,204,1.36913,,0,0,0,0,,,,,
Instances/Instances 1/kroA150_06.gt,149,5000.0,86400.0,PTVRP_LAYERED_CONT,27630.0,1,1,0.0022,1,1,1,149,1.0,,0,0,0,0,,,,,
Instances/Instances 1/kroA150_07.gt,149,10000.0,86400.0,PTVRP_LAYERED_CONT,27630.0,1,1,0.0022,1,1,1,149,1.0,,0,0,0,0,,,,,
Instances/Instances 1/kroA150_08.gt,149,20000.0,86400.0,PTVRP_LAYERED_CONT,27630.0,1,1,0.0022,1,1,1,149,1.0,,0,0,0,0,,,,,
Instances/Instances 1/kroA150_09.gt,149,50000.0,86400.0,PTVRP_LAYERED_CONT,27630.0,1,1,0.0022,1,1,1,149,1.0,,0,0,0,0,,,,,
Instances/Instances 1/kroA150_10.gt,149,100000.0,86400.0,PTVRP_LAYERED_CONT,27630.0,1,1,0.0022,1,1,1,149,1.0,,0,0,0,0,,,,,
Instances/Instances 1/kroA200_01.gt,199,100.0,86400.0,PTVRP_LAYERED_CONT,168343.0,50,2,0.0027,52,52,3,5313,26.6985,,0,0,5308,0,,,,,
Instances/Instances 1/kroA200_02.gt,199,200.0,86400.0,PTVRP_LAYERED_CONT,88322.0,27,1,0.0027,25,25,2,2492,12.5226,,0,0,1958,0,,,,,
Instances/Instances 1/kroA200_03.gt,199,500.0,86400.0,PTVRP_LAYERED_CONT,53593.0,12,1,0.0024,11,11,1,1137,5.71357,,0,0,546,0,,,,,
Instances/Instances 1/kroA200_04.gt,199,1000.0,86400.0,PTVRP_LAYERED_CONT,40258.0,8,1,0.0023,6,6,1,647,3.25126,,0,0,134,0,,,,,
Instances/Instances 1/kroA200_05.gt,199,2000.0,86400.0,PTVRP_LAYERED_CONT,33244.0,3,1,0.0023,3,3,1,334,1.67839,,0,0,0,0,,,,,
Instances/Instances 1/kroA200_06.gt,199,5000.0,86400.0,PTVRP_LAYERED_CONT,30958.0,2,1,0.0022,2,2,1,202,1.01508,,0,0,0,0,,,,,
Instances/Instances 1/kroA200_07.gt,199,10000.0,86400.0,PTVRP_LAYERED_CONT,30902.0,1,1,0.0023,1,1,1,199,1.0,,0,0,0,0,,,,,
Instances/Instances 1/kroA200_08.gt,199,20000.0,86400.0,PTVRP_LAYERED_CONT,30902.0,1,1,0.0022,1,1,1,199,1.0,,0,0,0,0,,,,,
Instances/Instances 1/kroA200_09.gt,199,50000.0,86400.0,PTVRP_LAYERED_CONT,30902.0,1,1,0.0022,1,1,1,199,1.0,,0,0,0,0,,,,,
Instances/Instances 1/kroA200_10.gt,199,100000.0,86400.0,PTVRP_LAYERED_CONT,30902.0,1,1,0.0023,1,1,1,199,1.0,,0,0,0,0,,,,,
Instances/Instances 1/kroB100_01.gt,99,100.0,86400.0,PTVRP_LAYERED_CONT,86708.0,28,2,0.0023,27,27,2,1395,14.0909,,0,0,880,0,,,,,
Instances/Instances 1/kroB100_02.gt,99,200.0,86400.0,PTVRP_LAYERED_CONT,51033.0,15,1,0.0024,13,13,1,674,6.80808,,0,0,234,0,,,,,
Instances/Instances 1/kroB100_03.gt,99,500.0,86400.0,PTVRP_LAYERED_CONT,31663.0,6,1,0.0022,5,5,1,291,2.93939,,0,0,22,0,,,,,
Instances/Instances 1/kroB100_04.gt,99,1000.0,86400.0,PTVRP_LAYERED_CONT,26294.0,4,1,0.0024,3,3,1,177,1.78788,,0,0,0,0,,,,,
Instances/Instances 1/kroB100_05.gt,99,2000.0,86400.0,PTVRP_LAYERED_CONT,24490.0,2,1,0.0022,2,2,1,124,1.25253,,0,0,0,0,,,,,
Instances/Instances 1/kroB100_06.gt,99,5000.0,86400.0,PTVRP_LAYERED_CONT,24472.0,1,1,0.0021,1,1,1,99,1.0,,0,0,0,0,,,,,
Instances/Instances 1/kroB100_07.gt,99,10000.0,86400.0,PTVRP_LAYERED_CONT,24472.0,1,1,0.0023,1,1,1,99,1.0,,0,0,0,0,,,,,
Instances/Instances 1/kroB100_08.gt,99,20000.0,86400.0,PTVRP_LAYERED_CONT,24472.0,1,1,0.0022,1,1,1,99,1.0,,0,0,0,0,,,,,
Instances/Instances 1/kroB100_09.gt,99,50000.0,86400.0,PTVRP_LAYERED_CONT,24472.0,1,1,0.0022,1,1,1,99,1.0,,0,0,0,0,,,,,
Instances/Instances 1/kroB100_10.gt,99,100000.0,86400.0,PTVRP_LAYERED_CONT,24472.0,1,1,0.0021,1,1,1,99,1.0,,0,0,0,0,,,,,
Instances/Instances 1/kroB150_01.gt,149,100.0,86400.0,PTVRP_LAYERED_CONT,133262.0,42,2,0.0026,40,40,3,3046,20.443,,0,0,2586,0,,,,,
Instances/Instances 1/kroB150_02.gt,149,200.0,86400.0,PTVRP_LAYERED_CONT,72209.0,19,1,0.0024,18,18,1,1470,9.86577,,0,0,878,0,,,,,
Instances/Instances 1/kroB150_03.gt,149,500.0,86400.0,PTVRP_LAYERED_CONT,43866.0,9,1,0.0023,8,8,1,650,4.36242,,0,0,160,0,,,,,
Instances/Instances 1/kroB150_04.gt,149,1000.0,86400.0,PTVRP_LAYERED_CONT,33533.0,5,1,0.0022,4,4,1,346,2.32215,,0,0,41,0,,,,,
Instances/Instances 1/kroB150_05.gt,149,2000.0,86400.0,PTVRP_LAYERED_CONT,28883.0,3,1,0.0025,3,3,1,230,1.54362,,0,0,0,0,,,,,
Instances/Instances 1/kroB150_06.gt,149,5000.0,86400.0,PTVRP_LAYERED_CONT,27979.0,1,1,0.0024,1,1,1,149,1.0,,0,0,0,0,,,,,
Instances/Instances 1/kroB150_07.gt,149,10000.0,86400.0,PTVRP_LAYERED_CONT,27979.0,1,1,0.0023,1,1,1,149,1.0,,0,0,0,0,,,,,
Instances/Instances 1/kroB150_08.gt,149,20000.0,86400.0,PTVRP_LAYERED_CONT,27979.0,1,1,0.0023,1,1,1,149,1.0,,0,0,0,0,,,,,
Instances/Instances 1/kroB150_09.gt,149,50000.0,86400.0,PTVRP_LAYERED_CONT,27979.0,1,1,0.0023,1,1,1,149,1.0,,0,0,0,0,,,,,
Instances/Instances 1/kroB150_10.gt,149,100000.0,86400.0,PTVRP_LAYERED_CONT,27979.0,1,1,0.0023,1,1,1,149,1.0,,0,0,0,0,,,,,
Instances/Instances 1/kroB200_01.gt,199,100.0,86400.0,PTVRP_LAYERED_CONT,163688.0,56,2,0.0028,51,51,2,5098,25.6181,,0,0,4318,0,,,,,
Instances/Instances 1/kroB200_02.gt,199,200.0,86400.0,PTVRP_LAYERED_CONT,85498.0,27,1,0.0025,25,25,1,2673,13.4322,,0,0,1906,0,,,,,
Instances/Instances 1/kroB200_03.gt,199,500.0,86400.0,PTVRP_LAYERED_CONT,55153.0,13,1,0.0024,12,12,1,1207,6.06533,,0,0,589,0,,,,,
Instances/Instances 1/kroB200_04.gt,199,1000.0,86400.0,PTVRP_LAYERED_CONT,40240.0,6,1,0.0024,6,6,1,624,3.13568,,0,0,64,0,,,,,
Instances/Instances 1/kroB200_05.gt,199,2000.0,86400.0,PTVRP_LAYERED_CONT,33729.0,3,1,0.0022,3,3,1,385,1.93467,,0,0,0,0,,,,,
Instances/Instances 1/kroB200_06.gt,199,5000.0,86400.0,PTVRP_LAYERED_CONT,31786.0,2,1,0.0022,2,2,1,210,1.05528,,0,0,0,0,,,,,
Instances/Instances 1/kroB200_07.gt,199,10000.0,86400.0,PTVRP_LAYERED_CONT,31768.0,1,1,0.0024,1,1,1,199,1.0,,0,0,0,0,,,,,
Instances/Instances 1/kroB200_08.gt,199,20000.0,86400.0,PTVRP_LAYERED_CONT,31768.0,1,1,0.0022,1,1,1,199,1.0,,0,0,0,0,,,,,
Instances/Instances 1/kroB200_09.gt,199,50000.0,86400.0,PTVRP_LAYERED_CONT,31768.0,1,1,0.0023,1,1,1,199,1.0,,0,0,0,0,,,,,
Instances/Instances 1/kroB200_10.gt,199,100000.0,86400.0,PTVRP_LAYERED_CONT,31768.0,1,1,0.0023,1,1,1,199,1.0,,0,0,0,0,,,,,
Instances/Instances 1/kroC100_01.gt,99,100.0,86400.0,PTVRP_LAYERED_CONT,90576.0,28,2,0.0023,26,26,2,1297,13.101,,0,0,836,0,,,,,
Instances/Instances 1/kroC100_02.gt,99,200.0,86400.0,PTVRP_LAYERED_CONT,51395.0,14,1,0.0023,13,13,1,660,6.66667,,0,0,258,0,,,,,
Instances/Instances 1/kroC100_03.gt,99,500.0,86400.0,PTVRP_LAYERED_CONT,31936.0,6,1,0.0024,5,5,1,292,2.94949,,0,0,27,0,,,,,
Instances/Instances 1/kroC100_04.gt,99,1000.0,86400.0,PTVRP_LAYERED_CONT,25737.0,4,1,0.0022,3,3,1,178,1.79798,,0,0,0,0,,,,,
Instances/Instances 1/kroC100_05.gt,99,2000.0,86400.0,PTVRP_LAYERED_CONT,23764.0,2,1,0.0022,2,2,1,131,1.32323,,0,0,0,0,,,,,
Instances/Instances 1/kroC100_06.gt,99,5000.0,86400.0,PTVRP_LAYERED_CONT,22713.0,1,1,0.0022,1,1,1,99,1.0,,0,0,0,0,,,,,
Instances/Instances 1/kroC100_07.gt,99,10000.0,86400.0,PTVRP_LAYERED_CONT,22713.0,1,1,0.0022,1,1,1,99,1.0,,0,0,0,0,,,,,
Instances/Instances 1/kroC100_08.gt,99,20000.0,86400.0,PTVRP_LAYERED_CONT,22713.0,1,1,0.0021,1,1,1,99,1.0,,0,0,0,0,,,,,
Instances/Instances 1/kroC100_09.gt,99,50000.0,86400.0,PTVRP_LAYERED_CONT,22713.0,1,1,0.0022,1,1,1,99,1.0,,0,0,0,0,,,,,
Instances/Instances 1/kroC100_10.gt,99,100000.0,86400.0,PTVRP_LAYERED_CONT,22713.0,1,1,0.0022,1,1,1,99,1.0,,0,0,0,0,,,,,
Instances/Instances 1/kroD100_01.gt,99,100.0,86400.0,PTVRP_LAYERED_CONT,82273.0,28,2,0.0023,26,26,2,1322,13.3535,,0,0,687,0,,,,,
Instances/Instances 1/kroD100_02.gt,99,200.0,86400.0,PTVRP_LAYERED_CONT,49618.0,15,1,0.0024,13,13,1,684,6.90909,,0,0,197,0,,,,,
Instances/Instances 1/kroD100_03.gt,99,500.0,86400.0,PTVRP_LAYERED_CONT,31926.0,6,1,0.0023,5,5,1,280,2.82828,,0,0,13,0,,,,,
Instances/Instances 1/kroD100_04.gt,99,1000.0,86400.0,PTVRP_LAYERED_CONT,24890.0,4,1,0.0022,3,3,1,190,1.91919,,0,0,0,0,,,,,
Instances/Instances 1/kroD100_05.gt,99,2000.0,86400.0,PTVRP_LAYERED_CONT,23833.0,2,1,0.0022,2,2,1,126,1.27273,,0,0,0,0,,,,,
Instances/Instances 1/kroD100_06.gt,99,5000.0,86400.0,PTVRP_LAYERED_CONT,23792.0,1,1,0.0022,1,1,1,99,1.0,,0,0,0,0,,,,,
Instances/Instances 1/kroD100_07.gt,99,10000.0,86400.0,PTVRP_LAYERED_CONT,23792.0,1,1,0.0022,1,1,1,99,1.0,,0,0,0,0,,,,,
Instances/Instances 1/kroD100_08.gt,99,20000.0,86400.0,PTVRP_LAYERED_CONT,23792.0,1,1,0.0023,1,1,1,99,1.0,,0,0,0,0,,,,,
Instances/Instances 1/kroD100_09.gt,99,50000.0,86400.0,PTVRP_LAYERED_CONT,23792.0,1,1,0.0022,1,1,1,99,1.0,,0,0,0,0,,,,,
Instances/Instances 1/kroD100_10.gt,99,100000.0,86400.0,PTVRP_LAYERED_CONT,23792.0,1,1,0.0022,1,1,1,99,1.0,,0,0,0,0,,,,,
Instances/Instances 1/kroE100_01.gt,99,100.0,86400.0,PTVRP_LAYERED_CONT,86110.0,27,2,0.0023,26,26,2,1413,14.2727,,0,0,982,0,,,,,
Instances/Instances 1/kroE100_02.gt,99,200.0,86400.0,PTVRP_LAYERED_CONT,53184.0,14,1,0.0023,13,13,1,633,6.39394,,0,0,280,0,,,,,
Instances/Instances 1/kroE100_03.gt,99,500.0,86400.0,PTVRP_LAYERED_CONT,33160.0,6,1,0.0021,5,5,1,291,2.93939,,0,0,21,0,,,,,
Instances/Instances 1/kroE100_04.gt,99,1000.0,86400.0,PTVRP_LAYERED_CONT,26063.0,3,1,0.0022,3,3,1,174,1.75758,,0,0,0,0,,,,,
Instances/Instances 1/kroE100_05.gt,99,2000.0,86400.0,PTVRP_LAYERED_CONT,25287.0,2,1,0.0022,2,2,1,131,1.32323,,0,0,0,0,,,,,
Instances/Instances 1/kroE100_06.gt,99,5000.0,86400.0,PTVRP_LAYERED_CONT,24552.0,1,1,0.0022,1,1,1,99,1.0,,0,0,0,0,,,,,
Instances/Instances 1/kroE100_07.gt,99,10000.0,86400.0,PTVRP_LAYERED_CONT,24552.0,1,1,0.0022,1,1,1,99,1.0,,0,0,0,0,,,,,
Instances/Instances 1/kroE100_08.gt,99,20000.0,86400.0,PTVRP_LAYERED_CONT,24552.0,1,1,0.0021,1,1,1,99,1.0,,0,0,0,0,,,,,
Instances/Instances 1/kroE100_09.gt,99,50000.0,86400.0,PTVRP_LAYERED_CONT,24552.0,1,1,0.0022,1,1,1,99,1.0,,0,0,0,0,,,,,
Instances/Instances 1/kroE100_10.gt,99,100000.0,86400.0,PTVRP_LAYERED_CONT,24552.0,1,1,0.0022,1,1,1,99,1.0,,0,0,0,0,,,,,
Instances/Instances 1/kz9976_01.gt,9975,100.0,86400.0,PTVRP_LAYERED_CONT,53922029.0,1712,5,0.5379,2525,2525,6,12682860,1271.46,,0,0,15887373,0,,,,,
Instances/Instances 1/kz9976_02.gt,9975,200.0,86400.0,PTVRP_LAYERED_CONT,26996117.0,1048,4,0.2918,1268,1268,5,6290439,630.62,,0,0,8713877,0,,,,,
Instances/Instances 1/kz9976_03.gt,9975,500.0,86400.0,PTVRP_LAYERED_CONT,11392172.0,517,2,0.125,512,512,4,2559835,256.625,,0,0,4069503,0,,,,,
Instances/Instances 1/kz9976_04.gt,9975,1000.0,86400.0,PTVRP_LAYERED_CONT,6041162.0,260,1,0.0684,253,253,2,1261771,126.493,,0,0,2120203,0,,,,,
Instances/Instances 1/kz9976_05.gt,9975,2000.0,86400.0,PTVRP_LAYERED_CONT,3572025.0,133,1,0.0397,129,129,1,652108,65.3742,,0,0,1290143,0,,,,,
Instances/Instances 1/kz9976_06.gt,9975,5000.0,86400.0,PTVRP_LAYERED_CONT,2020775.0,52,1,0.0226,51,51,1,257689,25.8335,,0,0,638725,0,,,,,
Instances/Instances 1/kz9976_07.gt,9975,10000.0,86400.0,PTVRP_LAYERED_CONT,1523406.0,27,1,0.0156,26,26,1,131620,13.195,,0,0,305499,0,,,,,
Instances/Instances 1/kz9976_08.gt,9975,20000.0,86400.0,PTVRP_LAYERED_CONT,1339347.0,18,1,0.0132,13,13,1,68727,6.88992,,0,0,349147,0,,,,,
Instances/Instances 1/kz9976_09.gt,9975,50000.0,86400.0,PTVRP_LAYERED_CONT,1338578.0,18,1,0.0125,6,6,1,30592,3.06687,,0,0,1362274,0,,,,,
Instances/Instances 1/kz9976_10.gt,9975,100000.0,86400.0,PTVRP_LAYERED_CONT,1338578.0,18,1,0.0144,3,3,1,18021,1.80662,,0,0,2690396,0,,,,,
Instances/Instances 1/lin105_01.gt,104,100.0,86400.0,PTVRP_LAYERED_CONT,60512.0,31,2,0.0027,28,28,2,1508,14.5,,0,0,693,0,,,,,
Instances/Instances 1/lin105_02.gt,104,200.0,86400.0,PTVRP_LAYERED_CONT,38095.0,15,2,0.0023,14,14,2,731,7.02885,,0,0,167,0,,,,,
Instances/Instances 1/lin105_03.gt,104,500.0,86400.0,PTVRP_LAYERED_CONT,21949.0,6,1,0.0023,5,5,1,316,3.03846,,0,0,0,0,,,,,
Instances/Instances 1/lin105_04.gt,104,1000.0,86400.0,PTVRP_LAYERED_CONT,18166.0,4,1,0.0022,3,3,1,196,1.88462,,0,0,0,0,,,,,
Instances/Instances 1/lin105_05.gt,104,2000.0,86400.0,PTVRP_LAYERED_CONT,17033.0,2,1,0.0021,2,2,1,127,1.22115,,0,0,0,0,,,,,
Instances/Instances 1/lin105_06.gt,104,5000.0,86400.0,PTVRP_LAYERED_CONT,17033.0,2,1,0.0023,1,1,1,104,1.0,,0,0,0,0,,,,,
Instances/Instances 1/lin105_07.gt,104,10000.0,86400.0,PTVRP_LAYERED_CONT,17033.0,2,1,0.0022,1,1,1,104,1.0,,0,0,0,0,,,,,
Instances/Instances 1/lin105_08.gt,104,20000.0,86400.0,PTVRP_LAYERED_CONT,17033.0,2,1,0.0022,1,1,1,104,1.0,,0,0,0,0,,,,,
Instances/Instances 1/lin105_09.gt,104,50000.0,86400.0,PTVRP_LAYERED_CONT,17033.0,2,1,0.0021,1,1,1,104,1.0,,0,0,0,0,,,,,
Instances/Instances 1/lin105_10.gt,104,100000.0,86400.0,PTVRP_LAYERED_CONT,17033.0,2,1,0.0021,1,1,1,104,1.0,,0,0,0,0,,,,,
Instances/Instances 1/lin318_01.gt,317,100.0,86400.0,PTVRP_LAYERED_CONT,270492.0,77,2,0.0033,82,82,3,13451,42.4322,,0,0,14207,0,,,,,
Instances/Instances 1/lin318_02.gt,317,200.0,86400.0,PTVRP_LAYERED_CONT,144461.0,42,1,0.003,38,38,2,6091,19.2145,,0,0,5779,0,,,,,
Instances/Instances 1/lin318_03.gt,317,500.0,86400.0,PTVRP_LAYERED_CONT,82401.0,19,1,0.0025,17,17,1,2727,8.60252,,0,0,1951,0,,,,,
Instances/Instances 1/lin318_04.gt,317,1000.0,86400.0,PTVRP_LAYERED_CONT,60046.0,10,1,0.0024,8,8,1,1390,4.38486,,0,0,554,0,,,,,
Instances/Instances 1/lin318_05.gt,317,2000.0,86400.0,PTVRP_LAYERED_CONT,51204.0,5,1,0.0024,4,4,1,786,2.4795,,0,0,134,0,,,,,
Instances/Instances 1/lin318_06.gt,317,5000.0,86400.0,PTVRP_LAYERED_CONT,46049.0,2,1,0.0023,2,2,1,436,1.37539,,0,0,0,0,,,,,
Instances/Instances 1/lin318_07.gt,317,10000.0,86400.0,PTVRP_LAYERED_CONT,46049.0,2,1,0.0024,1,1,1,317,1.0,,0,0,0,0,,,,,
Instances/Instances 1/lin318_08.gt,317,20000.0,86400.0,PTVRP_LAYERED_CONT,46049.0,2,1,0.0023,1,1,1,317,1.0,,0,0,0,0,,,,,
Instances/Instances 1/lin318_09.gt,317,50000.0,86400.0,PTVRP_LAYERED_CONT,46049.0,2,1,0.0023,1,1,1,317,1.0,,0,0,0,0,,,,,
Instances/Instances 1/lin318_10.gt,317,100000.0,86400.0,PTVRP_LAYERED_CONT,46049.0,2,1,0.0023,1,1,1,317,1.0,,0,0,0,0,,,,,
Instances/Instances 1/linhp318_01.gt,317,100.0,86400.0,PTVRP_LAYERED_CONT,281713.0,86,2,0.0033,84,84,4,13620,42.9653,,0,0,14361,0,,,,,
Instances/Instances 1/linhp318_02.gt,317,200.0,86400.0,PTVRP_LAYERED_CONT,153902.0,46,1,0.003,42,42,2,7033,22.1861,,0,0,7130,0,,,,,
Instances/Instances 1/linhp318_03.gt,317,500.0,86400.0,PTVRP_LAYERED_CONT,84379.0,21,1,0.0025,17,17,1,2927,9.23344,,0,0,2049,0,,,,,
Instances/Instances 1/linhp318_04.gt,317,1000.0,86400.0,PTVRP_LAYERED_CONT,60788.0,11,1,0.0024,8,8,1,1427,4.50158,,0,0,653,0,,,,,
Instances/Instances 1/linhp318_05.gt,317,2000.0,86400.0,PTVRP_LAYERED_CONT,49996.0,5,1,0.0028,4,4,1,777,2.4511,,0,0,101,0,,,,,
Instances/Instances 1/linhp318_06.gt,317,5000.0,86400.0,PTVRP_LAYERED_CONT,46168.0,2,1,0.0023,2,2,1,434,1.36909,,0,0,0,0,,,,,
Instances/Instances 1/linhp318_07.gt,317,10000.0,86400.0,PTVRP_LAYERED_CONT,46168.0,2,1,0.0023,1,1,1,317,1.0,,0,0,0,0,,,,,
Instances/Instances 1/linhp318_08.gt,317,20000.0,86400.0,PTVRP_LAYERED_CONT,46168.0,2,1,0.0024,1,1,1,317,1.0,,0,0,0,0,,,,,
Instances/Instances 1/linhp318_09.gt,317,50000.0,86400.0,PTVRP_LAYERED_CONT,46168.0,2,1,0.0023,1,1,1,317,1.0,,0,0,0,0,,,,,
Instances/Instances 1/linhp318_10.gt,317,100000.0,86400.0,PTVRP_LAYERED_CONT,46168.0,2,1,0.0024,1,1,1,317,1.0,,0,0,0,0,,,,,
Instances/Instances 1/lu980_01.gt,979,100.0,86400.0,PTVRP_LAYERED_CONT,136841.0,205,3,0.0103,258,258,4,127865,130.608,,0,0,141950,0,,,,,
Instances/Instances 1/lu980_02.gt,979,200.0,86400.0,PTVRP_LAYERED_CONT,68580.0,127,2,0.0065,122,122,3,60106,61.3953,,0,0,57148,0,,,,,
Instances/Instances 1/lu980_03.gt,979,500.0,86400.0,PTVRP_LAYERED_CONT,34251.0,54,1,0.0042,51,51,1,24981,25.5169,,0,0,16087,0,,,,,
Instances/Instances 1/lu980_04.gt,979,1000.0,86400.0,PTVRP_LAYERED_CONT,22180.0,27,1,0.0034,26,26,1,12875,13.1512,,0,0,4642,0,,,,,
Instances/Instances 1/lu980_05.gt,979,2000.0,86400.0,PTVRP_LAYERED_CONT,16388.0,15,1,0.0031,13,13,1,6666,6.80899,,0,0,709,0,,,,,
Instances/Instances 1/lu980_06.gt,979,5000.0,86400.0,PTVRP_LAYERED_CONT,13150.0,6,1,0.0029,5,5,1,2959,3.02247,,0,0,0,0,,,,,
Instances/Instances 1/lu980_07.gt,979,10000.0,86400.0,PTVRP_LAYERED_CONT,12225.0,3,1,0.0028,3,3,1,1723,1.75996,,0,0,0,0,,,,,
Instances/Instances 1/lu980_08.gt,979,20000.0,86400.0,PTVRP_LAYERED_CONT,11920.0,2,1,0.0027,2,2,1,1161,1.1859,,0,0,0,0,,,,,
Instances/Instances 1/lu980_09.gt,979,50000.0,86400.0,PTVRP_LAYERED_CONT,11919.0,1,1,0.0026,1,1,1,979,1.0,,0,0,0,0,,,,,
Instances/Instances 1/lu980_10.gt,979,100000.0,86400.0,PTVRP_LAYERED_CONT,11919.0,1,1,0.0026,1,1,1,979,1.0,,0,0,0,0,,,,,
Instances/Instances 1/mo14185_01.gt,14184,100.0,86400.0,PTVRP_LAYERED_CONT,19646765.0,1993,6,1.0656,3631,3631,9,25637018,1807.46,,0,0,30312297,0,,,,,
Instances/Instances 1/mo14185_02.gt,14184,200.0,86400.0,PTVRP_LAYERED_CONT,9961714.0,1434,4,0.5438,1815,1815,6,12890105,908.778,,1,0,15981270,0,,,,,
Instances/Instances 1/mo14185_03.gt,14184,500.0,86400.0,PTVRP_LAYERED_CONT,4148566.0,723,2,0.2276,722,722,3,5118381,360.856,,0,0,6372305,0,,,,,
Instances/Instances 1/mo14185_04.gt,14184,1000.0,86400.0,PTVRP_LAYERED_CONT,2271048.0,372,1,0.1227,364,364,3,2593565,182.851,,0,0,3159750,0,,,,,
Instances/Instances 1/mo14185_05.gt,14184,2000.0,86400.0,PTVRP_LAYERED_CONT,1342638.0,189,1,0.0686,183,183,2,1305714,92.0554,,0,0,1579074,0,,,,,
Instances/Instances 1/mo14185_06.gt,14184,5000.0,86400.0,PTVRP_LAYERED_CONT,784414.0,75,1,0.0357,73,73,1,518380,36.5468,,0,0,624580,0,,,,,
Instances/Instances 1/mo14185_07.gt,14184,10000.0,86400.0,PTVRP_LAYERED_CONT,603241.0,40,1,0.0241,37,37,1,264169,18.6244,,0,0,334721,0,,,,,
Instances/Instances 1/mo14185_08.gt,14184,20000.0,86400.0,PTVRP_LAYERED_CONT,514688.0,20,1,0.0178,19,19,1,136277,9.6078,,0,0,184671,0,,,,,
Instances/Instances 1/mo14185_09.gt,14184,50000.0,86400.0,PTVRP_LAYERED_CONT,463398.0,9,1,0.0132,8,8,1,58685,4.13741,,0,0,120445,0,,,,,
Instances/Instances 1/mo14185_10.gt,14184,100000.0,86400.0,PTVRP_LAYERED_CONT,455029.0,7,1,0.0123,4,4,1,33301,2.34779,,0,0,415645,0,,,,,
Instances/Instances 1/mu1979_01.gt,1978,100.0,86400.0,PTVRP_LAYERED_CONT,2177670.0,311,7,0.0289,497,497,7,498731,252.139,,0,0,707810,0,,,,,
Instances/Instances 1/mu1979_02.gt,1978,200.0,86400.0,PTVRP_LAYERED_CONT,1127695.0,231,4,0.0174,255,255,6,251893,127.347,,1,0,407375,0,,,,,
Instances/Instances 1/mu1979_03.gt,1978,500.0,86400.0,PTVRP_LAYERED_CONT,503808.0,107,2,0.0095,103,103,4,103019,52.0824,,0,0,168358,0,,,,,
Instances/Instances 1/mu1979_04.gt,1978,1000.0,86400.0,PTVRP_LAYERED_CONT,281013.0,52,1,0.0062,50,50,2,49252,24.8999,,0,0,74511,0,,,,,
Instances/Instances 1/mu1979_05.gt,1978,2000.0,86400.0,PTVRP_LAYERED_CONT,185137.0,27,1,0.0048,26,26,2,25804,13.0455,,0,0,31807,0,,,,,
Instances/Instances 1/mu1979_06.gt,1978,5000.0,86400.0,PTVRP_LAYERED_CONT,125279.0,12,1,0.004,11,11,1,11000,5.56117,,0,0,9424,0,,,,,
Instances/Instances 1/mu1979_07.gt,1978,10000.0,86400.0,PTVRP_LAYERED_CONT,109386.0,6,1,0.0036,5,5,1,5975,3.02073,,0,0,3443,0,,,,,
Instances/Instances 1/mu1979_08.gt,1978,20000.0,86400.0,PTVRP_LAYERED_CONT,101983.0,4,1,0.0033,3,3,1,3574,1.80688,,0,0,1183,0,,,,,
Instances/Instances 1/mu1979_09.gt,1978,50000.0,86400.0,PTVRP_LAYERED_CONT,101151.0,2,1,0.0033,2,2,1,2030,1.02629,,0,0,149,0,,,,,
Instances/Instances 1/mu1979_10.gt,1978,100000.0,86400.0,PTVRP_LAYERED_CONT,101151.0,2,1,0.0032,1,1,1,1978,1.0,,0,0,33,0,,,,,
Instances/Instances 1/nrw1379_01.gt,1378,100.0,86400.0,PTVRP_LAYERED_CONT,626327.0,300,3,0.0145,349,349,5,239852,174.058,,0,0,249193,0,,,,,
Instances/Instances 1/nrw1379_02.gt,1378,200.0,86400.0,PTVRP_LAYERED_CONT,331275.0,184,2,0.0091,175,175,3,120869,87.7134,,0,0,122645,0,,,,,
Instances/Instances 1/nrw1379_03.gt,1378,500.0,86400.0,PTVRP_LAYERED_CONT,165379.0,75,1,0.0059,72,72,2,49564,35.9681,,0,0,46055,0,,,,,
Instances/Instances 1/nrw1379_04.gt,1378,1000.0,86400.0,PTVRP_LAYERED_CONT,108128.0,39,1,0.0045,36,36,1,25249,18.3229,,0,0,20769,0,,,,,
Instances/Instances 1/nrw1379_05.gt,1378,2000.0,86400.0,PTVRP_LAYERED_CONT,80183.0,20,1,0.0037,18,18,1,12631,9.16618,,0,0,8782,0,,,,,
Instances/Instances 1/nrw1379_06.gt,1378,5000.0,86400.0,PTVRP_LAYERED_CONT,64536.0,10,1,0.0031,7,7,1,5572,4.04354,,0,0,3111,0,,,,,
Instances/Instances 1/nrw1379_07.gt,1378,10000.0,86400.0,PTVRP_LAYERED_CONT,60155.0,5,1,0.0035,4,4,1,3140,2.27866,,0,0,1655,0,,,,,
Instances/Instances 1/nrw1379_08.gt,1378,20000.0,86400.0,PTVRP_LAYERED_CONT,59232.0,3,1,0.0032,2,2,1,1990,1.44412,,0,0,0,0,,,,,
Instances/Instances 1/nrw1379_09.gt,1378,50000.0,86400.0,PTVRP_LAYERED_CONT,58840.0,2,1,0.0031,1,1,1,1378,1.0,,0,0,0,0,,,,,
Instances/Instances 1/nrw1379_10.gt,1378,100000.0,86400.0,PTVRP_LAYERED_CONT,58840.0,2,1,0.0029,1,1,1,1378,1.0,,0,0,0,0,,,,,
Instances/Instances 1/nu3496_01.gt,3495,100.0,86400.0,PTVRP_LAYERED_CONT,2096506.0,618,5,0.086,887,887,8,1557371,445.6,,0,0,2398044,0,,,,,
Instances/Instances 1/nu3496_02.gt,3495,200.0,86400.0,PTVRP_LAYERED_CONT,1083302.0,412,3,0.0474,442,442,4,769740,220.24,,0,0,1271694,0,,,,,
Instances/Instances 1/nu3496_03.gt,3495,500.0,86400.0,PTVRP_LAYERED_CONT,477097.0,185,1,0.0222,176,176,2,307508,87.9851,,0,0,497368,0,,,,,
Instances/Instances 1/nu3496_04.gt,3495,1000.0,86400.0,PTVRP_LAYERED_CONT,283052.0,94,1,0.0132,89,89,1,159599,45.6649,,0,0,245069,0,,,,,
Instances/Instances 1/nu3496_05.gt,3495,2000.0,86400.0,PTVRP_LAYERED_CONT,187401.0,48,1,0.0091,45,45,1,80513,23.0366,,0,0,118200,0,,,,,
Instances/Instances 1/nu3496_06.gt,3495,5000.0,86400.0,PTVRP_LAYERED_CONT,127127.0,20,1,0.006,18,18,1,32720,9.36195,,0,0,39851,0,,,,,
Instances/Instances 1/nu3496_07.gt,3495,10000.0,86400.0,PTVRP_LAYERED_CONT,110055.0,11,1,0.005,9,9,1,17136,4.903,,0,0,18505,0,,,,,
Instances/Instances 1/nu3496_08.gt,3495,20000.0,86400.0,PTVRP_LAYERED_CONT,100794.0,6,1,0.0045,5,5,1,9636,2.75708,,0,0,7813,0,,,,,
Instances/Instances 1/nu3496_09.gt,3495,50000.0,86400.0,PTVRP_LAYERED_CONT,97414.0,2,1,0.0041,2,2,1,5068,1.45007,,0,0,5602,0,,,,,
Instances/Instances 1/nu3496_10.gt,3495,100000.0,86400.0,PTVRP_LAYERED_CONT,97408.0,2,1,0.0043,1,1,1,3495,1.0,,0,0,621,0,,,,,
Instances/Instances 1/p654_01.gt,653,100.0,86400.0,PTVRP_LAYERED_CONT,894357.0,92,6,0.006,166,166,8,54593,83.6034,,0,0,95537,0,,,,,
Instances/Instances 1/p654_02.gt,653,200.0,86400.0,PTVRP_LAYERED_CONT,444127.0,71,2,0.0043,80,80,5,26509,40.5957,,0,0,57007,0,,,,,
Instances/Instances 1/p654_03.gt,653,500.0,86400.0,PTVRP_LAYERED_CONT,207237.0,33,2,0.0033,35,35,3,11582,17.7366,,0,0,22536,0,,,,,
Instances/Instances 1/p654_04.gt,653,1000.0,86400.0,PTVRP_LAYERED_CONT,116082.0,18,1,0.0029,17,17,2,5635,8.6294,,0,0,7679,0,,,,,
Instances/Instances 1/p654_05.gt,653,2000.0,86400.0,PTVRP_LAYERED_CONT,74787.0,9,1,0.0026,9,9,1,3049,4.66922,,0,0,2221,0,,,,,
Instances/Instances 1/p654_06.gt,653,5000.0,86400.0,PTVRP_LAYERED_CONT,47469.0,4,1,0.0025,4,4,1,1490,2.28178,,0,0,134,0,,,,,
Instances/Instances 1/p654_07.gt,653,10000.0,86400.0,PTVRP_LAYERED_CONT,40143.0,2,1,0.0025,2,2,1,937,1.43492,,0,0,0,0,,,,,
Instances/Instances 1/p654_08.gt,653,20000.0,86400.0,PTVRP_LAYERED_CONT,39899.0,1,1,0.0025,1,1,1,653,1.0,,0,0,0,0,,,,,
Instances/Instances 1/p654_09.gt,653,50000.0,86400.0,PTVRP_LAYERED_CONT,39899.0,1,1,0.0024,1,1,1,653,1.0,,0,0,0,0,,,,,
Instances/Instances 1/p654_10.gt,653,100000.0,86400.0,PTVRP_LAYERED_CONT,39899.0,1,1,0.0027,1,1,1,653,1.0,,0,0,0,0,,,,,
Instances/Instances 1/pcb1173_01.gt,1172,100.0,86400.0,PTVRP_LAYERED_CONT,614012.0,264,3,0.0117,300,300,4,177142,151.145,,0,0,191793,0,,,,,
Instances/Instances 1/pcb1173_02.gt,1172,200.0,86400.0,PTVRP_LAYERED_CONT,329516.0,155,2,0.0078,149,149,2,87659,74.7944,,0,0,96319,0,,,,,
Instances/Instances 1/pcb1173_03.gt,1172,500.0,86400.0,PTVRP_LAYERED_CONT,160266.0,64,1,0.0048,60,60,2,35637,30.407,,0,0,34176,0,,,,,
Instances/Instances 1/pcb1173_04.gt,1172,1000.0,86400.0,PTVRP_LAYERED_CONT,104941.0,32,1,0.0041,30,30,1,17885,15.2602,,0,0,14885,0,,,,,
Instances/Instances 1/pcb1173_05.gt,1172,2000.0,86400.0,PTVRP_LAYERED_CONT,78742.0,18,1,0.0034,15,15,1,9464,8.07509,,0,0,6767,0,,,,,
Instances/Instances 1/pcb1173_06.gt,1172,5000.0,86400.0,PTVRP_LAYERED_CONT,64331.0,7,1,0.003,6,6,1,4046,3.45222,,0,0,1851,0,,,,,
Instances/Instances 1/pcb1173_07.gt,1172,10000.0,86400.0,PTVRP_LAYERED_CONT,61295.0,4,1,0.003,3,3,1,2356,2.01024,,0,0,1109,0,,,,,
Instances/Instances 1/pcb1173_08.gt,1172,20000.0,86400.0,PTVRP_LAYERED_CONT,59749.0,2,1,0.0029,2,2,1,1550,1.32253,,0,0,0,0,,,,,
Instances/Instances 1/pcb1173_09.gt,1172,50000.0,86400.0,PTVRP_LAYERED_CONT,59707.0,1,1,0.0028,1,1,1,1172,1.0,,0,0,0,0,,,,,
Instances/Instances 1/pcb1173_10.gt,1172,100000.0,86400.0,PTVRP_LAYERED_CONT,59707.0,1,1,0.0029,1,1,1,1172,1.0,,0,0,0,0,,,,,
Instances/Instances 1/pcb3038_01.gt,3037,100.0,86400.0,PTVRP_LAYERED_CONT,2291713.0,574,4,0.0553,773,773,5,1167197,384.326,,0,0,1382583,0,,,,,
Instances/Instances 1/pcb3038_02.gt,3037,200.0,86400.0,PTVRP_LAYERED_CONT,1201573.0,382,2,0.0313,386,386,3,585694,192.853,,0,0,711146,0,,,,,
Instances/Instances 1/pcb3038_03.gt,3037,500.0,86400.0,PTVRP_LAYERED_CONT,544419.0,162,1,0.016,155,155,2,235759,77.6289,,0,0,280379,0,,,,,
Instances/Instances 1/pcb3038_04.gt,3037,1000.0,86400.0,PTVRP_LAYERED_CONT,333787.0,82,1,0.0101,78,78,1,118419,38.9921,,0,0,145058,0,,,,,
Instances/Instances 1/pcb3038_05.gt,3037,2000.0,86400.0,PTVRP_LAYERED_CONT,230461.0,42,1,0.0072,39,39,1,59308,19.5285,,0,0,72226,0,,,,,
Instances/Instances 1/pcb3038_06.gt,3037,5000.0,86400.0,PTVRP_LAYERED_CONT,171682.0,18,1,0.0054,16,16,1,24860,8.18571,,0,0,31160,0,,,,,
Instances/Instances 1/pcb3038_07.gt,3037,10000.0,86400.0,PTVRP_LAYERED_CONT,152925.0,10,1,0.0047,8,8,1,13341,4.39282,,0,0,18948,0,,,,,
Instances/Instances 1/pcb3038_08.gt,3037,20000.0,86400.0,PTVRP_LAYERED_CONT,144169.0,5,1,0.0043,4,4,1,7388,2.43266,,0,0,5744,0,,,,,
Instances/Instances 1/pcb3038_09.gt,3037,50000.0,86400.0,PTVRP_LAYERED_CONT,142509.0,3,1,0.004,2,2,1,4132,1.36055,,0,0,4870,0,,,,,
Instances/Instances 1/pcb3038_10.gt,3037,100000.0,86400.0,PTVRP_LAYERED_CONT,142509.0,3,1,0.0038,1,1,1,3037,1.0,,0,0,127,0,,,,,
Instances/Instances 1/pcb442_01.gt,441,100.0,86400.0,PTVRP_LAYERED_CONT,343207.0,112,3,0.0039,108,108,3,23955,54.3197,,0,0,23445,0,,,,,
Instances/Instances 1/pcb442_02.gt,441,200.0,86400.0,PTVRP_LAYERED_CONT,195366.0,59,2,0.0035,56,56,2,12667,28.7234,,0,0,11326,0,,,,,
Instances/Instances 1/pcb442_03.gt,441,500.0,86400.0,PTVRP_LAYERED_CONT,103872.0,25,1,0.0028,23,23,1,5254,11.9138,,0,0,3852,0,,,,,
Instances/Instances 1/pcb442_04.gt,441,1000.0,86400.0,PTVRP_LAYERED_CONT,76065.0,12,1,0.0025,11,11,1,2648,6.00454,,0,0,1591,0,,,,,
Instances/Instances 1/pcb442_05.gt,441,2000.0,86400.0,PTVRP_LAYERED_CONT,62444.0,7,1,0.0024,6,6,1,1451,3.29025,,0,0,594,0,,,,,
Instances/Instances 1/pcb442_06.gt,441,5000.0,86400.0,PTVRP_LAYERED_CONT,56982.0,3,1,0.0024,3,3,1,745,1.68934,,0,0,81,0,,,,,
Instances/Instances 1/pcb442_07.gt,441,10000.0,86400.0,PTVRP_LAYERED_CONT,55551.0,2,1,0.0024,2,2,1,496,1.12472,,0,0,118,0,,,,,
Instances/Instances 1/pcb442_08.gt,441,20000.0,86400.0,PTVRP_LAYERED_CONT,55035.0,1,1,0.0023,1,1,1,441,1.0,,0,0,0,0,,,,,
Instances/Instances 1/pcb442_09.gt,441,50000.0,86400.0,PTVRP_LAYERED_CONT,55035.0,1,1,0.0023,1,1,1,441,1.0,,0,0,0,0,,,,,
Instances/Instances 1/pcb442_10.gt,441,100000.0,86400.0,PTVRP_LAYERED_CONT,55035.0,1,1,0.0023,1,1,1,441,1.0,,0,0,0,0,,,,,
Instances/Instances 1/pm8079_01.gt,8078,100.0,86400.0,PTVRP_LAYERED_CONT,4492596.0,1214,7,0.4431,2069,2069,9,8338732,1032.28,,0,0,13678023,0,,,,,
Instances/Instances 1/pm8079_02.gt,8078,200.0,86400.0,PTVRP_LAYERED_CONT,2293687.0,830,5,0.234,1038,1038,5,4172115,516.479,,0,0,7467554,0,,,,,
Instances/Instances 1/pm8079_03.gt,8078,500.0,86400.0,PTVRP_LAYERED_CONT,959042.0,417,2,0.0994,409,409,3,1644779,203.612,,0,0,2787335,0,,,,,
Instances/Instances 1/pm8079_04.gt,8078,1000.0,86400.0,PTVRP_LAYERED_CONT,531809.0,212,1,0.0553,206,206,2,828634,102.579,,0,0,1350672,0,,,,,
Instances/Instances 1/pm8079_05.gt,8078,2000.0,86400.0,PTVRP_LAYERED_CONT,318227.0,107,1,0.0312,103,103,1,419221,51.8966,,0,0,649257,0,,,,,
Instances/Instances 1/pm8079_06.gt,8078,5000.0,86400.0,PTVRP_LAYERED_CONT,192355.0,45,1,0.0177,42,42,1,170551,21.113,,0,0,238168,0,,,,,
Instances/Instances 1/pm8079_07.gt,8078,10000.0,86400.0,PTVRP_LAYERED_CONT,151902.0,22,1,0.0126,21,21,1,86518,10.7103,,0,0,109290,0,,,,,
Instances/Instances 1/pm8079_08.gt,8078,20000.0,86400.0,PTVRP_LAYERED_CONT,132448.0,12,1,0.0095,11,11,1,45506,5.63333,,0,0,52803,0,,,,,
Instances/Instances 1/pm8079_09.gt,8078,50000.0,86400.0,PTVRP_LAYERED_CONT,119944.0,5,1,0.0076,5,5,1,20787,2.57329,,0,0,17476,0,,,,,
Instances/Instances 1/pm8079_10.gt,8078,100000.0,86400.0,PTVRP_LAYERED_CONT,116736.0,3,1,0.0073,3,3,1,12489,1.54605,,0,0,24023,0,,,,,
Instances/Instances 1/pr1002_01.gt,1001,100.0,86400.0,PTVRP_LAYERED_CONT,2942522.0,220,3,0.0097,264,264,4,132228,132.096,,0,0,169403,0,,,,,
Instances/Instances 1/pr1002_02.gt,1001,200.0,86400.0,PTVRP_LAYERED_CONT,1484090.0,130,2,0.0064,126,126,2,61986,61.9241,,0,0,82225,0,,,,,
Instances/Instances 1/pr1002_03.gt,1001,500.0,86400.0,PTVRP_LAYERED_CONT,747933.0,57,1,0.0043,53,53,1,27061,27.034,,0,0,36192,0,,,,,
Instances/Instances 1/pr1002_04.gt,1001,1000.0,86400.0,PTVRP_LAYERED_CONT,482853.0,28,1,0.0034,26,26,1,13250,13.2368,,0,0,18342,0,,,,,
Instances/Instances 1/pr1002_05.gt,1001,2000.0,86400.0,PTVRP_LAYERED_CONT,364862.0,14,1,0.0031,13,13,1,7066,7.05894,,0,0,8780,0,,,,,
Instances/Instances 1/pr1002_06.gt,1001,5000.0,86400.0,PTVRP_LAYERED_CONT,296228.0,6,1,0.003,6,6,1,2997,2.99401,,0,0,5059,0,,,,,
Instances/Instances 1/pr1002_07.gt,1001,10000.0,86400.0,PTVRP_LAYERED_CONT,283439.0,4,1,0.0028,3,3,1,1804,1.8022,,0,0,3717,0,,,,,
Instances/Instances 1/pr1002_08.gt,1001,20000.0,86400.0,PTVRP_LAYERED_CONT,283439.0,4,1,0.0028,2,2,1,1227,1.22577,,0,0,7069,0,,,,,
Instances/Instances 1/pr1002_09.gt,1001,50000.0,86400.0,PTVRP_LAYERED_CONT,283439.0,4,1,0.0026,1,1,1,1001,1.0,,0,0,6879,0,,,,,
Instances/Instances 1/pr1002_10.gt,1001,100000.0,86400.0,PTVRP_LAYERED_CONT,283439.0,4,1,0.0028,1,1,1,1001,1.0,,0,0,6879,0,,,,,
Instances/Instances 1/pr107_01.gt,106,100.0,86400.0,PTVRP_LAYERED_CONT,315817.0,29,3,0.0025,28,28,3,1482,13.9811,,0,0,1871,0,,,,,
Instances/Instances 1/pr107_02.gt,106,200.0,86400.0,PTVRP_LAYERED_CONT,176802.0,17,1,0.0023,14,14,2,780,7.35849,,0,0,1057,0,,,,,
Instances/Instances 1/pr107_03.gt,106,500.0,86400.0,PTVRP_LAYERED_CONT,88082.0,7,1,0.0022,6,6,1,347,3.27358,,0,0,313,0,,,,,
Instances/Instances 1/pr107_04.gt,106,1000.0,86400.0,PTVRP_LAYERED_CONT,64305.0,3,1,0.0023,3,3,1,190,1.79245,,0,0,44,0,,,,,
Instances/Instances 1/pr107_05.gt,106,2000.0,86400.0,PTVRP_LAYERED_CONT,52505.0,3,1,0.0021,2,2,1,139,1.31132,,0,0,30,0,,,,,
Instances/Instances 1/pr107_06.gt,106,5000.0,86400.0,PTVRP_LAYERED_CONT,50502.0,2,1,0.0022,1,1,1,106,1.0,,0,0,0,0,,,,,
Instances/Instances 1/pr107_07.gt,106,10000.0,86400.0,PTVRP_LAYERED_CONT,50502.0,2,1,0.0022,1,1,1,106,1.0,,0,0,0,0,,,,,
Instances/Instances 1/pr107_08.gt,106,20000.0,86400.0,PTVRP_LAYERED_CONT,50502.0,2,1,0.0021,1,1,1,106,1.0,,0,0,0,0,,,,,
Instances/Instances 1/pr107_09.gt,106,50000.0,86400.0,PTVRP_LAYERED_CONT,50502.0,2,1,0.0022,1,1,1,106,1.0,,0,0,0,0,,,,,
Instances/Instances 1/pr107_10.gt,106,100000.0,86400.0,PTVRP_LAYERED_CONT,50502.0,2,1,0.0022,1,1,1,106,1.0,,0,0,0,0,,,,,
Instances/Instances 1/pr124_01.gt,123,100.0,86400.0,PTVRP_LAYERED_CONT,323864.0,30,3,0.0024,30,30,3,1836,14.9268,,0,0,2803,0,,,,,
Instances/Instances 1/pr124_02.gt,123,200.0,86400.0,PTVRP_LAYERED_CONT,194567.0,17,2,0.0024,16,16,2,1047,8.5122,,0,0,1802,0,,,,,
Instances/Instances 1/pr124_03.gt,123,500.0,86400.0,PTVRP_LAYERED_CONT,98181.0,7,1,0.0022,6,6,1,429,3.4878,,0,0,826,0,,,,,
Instances/Instances 1/pr124_04.gt,123,1000.0,86400.0,PTVRP_LAYERED_CONT,83325.0,4,1,0.0022,4,4,1,262,2.13008,,0,0,166,0,,,,,
Instances/Instances 1/pr124_05.gt,123,2000.0,86400.0,PTVRP_LAYERED_CONT,71966.0,2,1,0.0023,2,2,1,168,1.36585,,0,0,228,0,,,,,
Instances/Instances 1/pr124_06.gt,123,5000.0,86400.0,PTVRP_LAYERED_CONT,66676.0,1,1,0.0022,1,1,1,123,1.0,,0,0,0,0,,,,,
Instances/Instances 1/pr124_07.gt,123,10000.0,86400.0,PTVRP_LAYERED_CONT,66676.0,1,1,0.0022,1,1,1,123,1.0,,0,0,0,0,,,,,
Instances/Instances 1/pr124_08.gt,123,20000.0,86400.0,PTVRP_LAYERED_CONT,66676.0,1,1,0.0021,1,1,1,123,1.0,,0,0,0,0,,,,,
Instances/Instances 1/pr124_09.gt,123,50000.0,86400.0,PTVRP_LAYERED_CONT,66676.0,1,1,0.0023,1,1,1,123,1.0,,0,0,0,0,,,,,
Instances/Instances 1/pr124_10.gt,123,100000.0,86400.0,PTVRP_LAYERED_CONT,66676.0,1,1,0.0022,1,1,1,123,1.0,,0,0,0,0,,,,,
Instances/Instances 1/pr136_01.gt,135,100.0,86400.0,PTVRP_LAYERED_CONT,432084.0,38,2,0.0025,34,34,2,2321,17.1926,,0,0,2915,0,,,,,
Instances/Instances 1/pr136_02.gt,135,200.0,86400.0,PTVRP_LAYERED_CONT,248708.0,18,1,0.0024,17,17,1,1209,8.95556,,0,0,1536,0,,,,,
Instances/Instances 1/pr136_03.gt,135,500.0,86400.0,PTVRP_LAYERED_CONT,146072.0,8,1,0.0022,7,7,1,519,3.84444,,0,0,690,0,,,,,
Instances/Instances 1/pr136_04.gt,135,1000.0,86400.0,PTVRP_LAYERED_CONT,121273.0,4,1,0.0023,4,4,1,299,2.21481,,0,0,226,0,,,,,
Instances/Instances 1/pr136_05.gt,135,2000.0,86400.0,PTVRP_LAYERED_CONT,113148.0,2,1,0.0022,2,2,1,192,1.42222,,0,0,162,0,,,,,
Instances/Instances 1/pr136_06.gt,135,5000.0,86400.0,PTVRP_LAYERED_CONT,107219.0,2,1,0.0021,1,1,1,135,1.0,,0,0,25,0,,,,,
Instances/Instances 1/pr136_07.gt,135,10000.0,86400.0,PTVRP_LAYERED_CONT,107219.0,2,1,0.0022,1,1,1,135,1.0,,0,0,25,0,,,,,
Instances/Instances 1/pr136_08.gt,135,20000.0,86400.0,PTVRP_LAYERED_CONT,107219.0,2,1,0.0021,1,1,1,135,1.0,,0,0,25,0,,,,,
Instances/Instances 1/pr136_09.gt,135,50000.0,86400.0,PTVRP_LAYERED_CONT,107219.0,2,1,0.0022,1,1,1,135,1.0,,0,0,25,0,,,,,
Instances/Instances 1/pr136_10.gt,135,100000.0,86400.0,PTVRP_LAYERED_CONT,107219.0,2,1,0.0021,1,1,1,135,1.0,,0,0,25,0,,,,,
Instances/Instances 1/pr144_01.gt,143,100.0,86400.0,PTVRP_LAYERED_CONT,373881.0,34,3,0.0024,36,36,4,2690,18.8112,,0,0,4079,0,,,,,
Instances/Instances 1/pr144_02.gt,143,200.0,86400.0,PTVRP_LAYERED_CONT,206883.0,20,1,0.0023,18,18,2,1293,9.04196,,0,0,1681,0,,,,,
Instances/Instances 1/pr144_03.gt,143,500.0,86400.0,PTVRP_LAYERED_CONT,115732.0,9,1,0.0022,7,7,1,561,3.92308,,0,0,479,0,,,,,
Instances/Instances 1/pr144_04.gt,143,1000.0,86400.0,PTVRP_LAYERED_CONT,82943.0,5,1,0.0023,4,4,1,341,2.38462,,0,0,277,0,,,,,
Instances/Instances 1/pr144_05.gt,143,2000.0,86400.0,PTVRP_LAYERED_CONT,71677.0,3,1,0.0022,2,2,1,207,1.44755,,0,0,192,0,,,,,
Instances/Instances 1/pr144_06.gt,143,5000.0,86400.0,PTVRP_LAYERED_CONT,68780.0,1,1,0.0022,1,1,1,143,1.0,,0,0,0,0,,,,,
Instances/Instances 1/pr144_07.gt,143,10000.0,86400.0,PTVRP_LAYERED_CONT,68780.0,1,1,0.0022,1,1,1,143,1.0,,0,0,0,0,,,,,
Instances/Instances 1/pr144_08.gt,143,20000.0,86400.0,PTVRP_LAYERED_CONT,68780.0,1,1,0.0022,1,1,1,143,1.0,,0,0,0,0,,,,,
Instances/Instances 1/pr144_09.gt,143,50000.0,86400.0,PTVRP_LAYERED_CONT,68780.0,1,1,0.0022,1,1,1,143,1.0,,0,0,0,0,,,,,
Instances/Instances 1/pr144_10.gt,143,100000.0,86400.0,PTVRP_LAYERED_CONT,68780.0,1,1,0.0022,1,1,1,143,1.0,,0,0,0,0,,,,,
Instances/Instances 1/pr152_01.gt,151,100.0,86400.0,PTVRP_LAYERED_CONT,455588.0,35,2,0.003,39,39,4,3073,20.351,,0,0,4140,0,,,,,
Instances/Instances 1/pr152_02.gt,151,200.0,86400.0,PTVRP_LAYERED_CONT,250170.0,21,1,0.0025,18,18,2,1460,9.66887,,0,0,1857,0,,,,,
Instances/Instances 1/pr152_03.gt,151,500.0,86400.0,PTVRP_LAYERED_CONT,144000.0,9,1,0.0024,8,8,1,669,4.43046,,0,0,589,0,,,,,
Instances/Instances 1/pr152_04.gt,151,1000.0,86400.0,PTVRP_LAYERED_CONT,103893.0,5,1,0.0022,4,4,1,331,2.19205,,0,0,142,0,,,,,
Instances/Instances 1/pr152_05.gt,151,2000.0,86400.0,PTVRP_LAYERED_CONT,89575.0,2,1,0.0023,2,2,1,216,1.43046,,0,0,163,0,,,,,
Instances/Instances 1/pr152_06.gt,151,5000.0,86400.0,PTVRP_LAYERED_CONT,89575.0,2,1,0.0023,1,1,1,151,1.0,,0,0,3,0,,,,,
Instances/Instances 1/pr152_07.gt,151,10000.0,86400.0,PTVRP_LAYERED_CONT,89575.0,2,1,0.0022,1,1,1,151,1.0,,0,0,3,0,,,,,
Instances/Instances 1/pr152_08.gt,151,20000.0,86400.0,PTVRP_LAYERED_CONT,89575.0,2,1,0.0024,1,1,1,151,1.0,,0,0,3,0,,,,,
Instances/Instances 1/pr152_09.gt,151,50000.0,86400.0,PTVRP_LAYERED_CONT,89575.0,2,1,0.0022,1,1,1,151,1.0,,0,0,3,0,,,,,
Instances/Instances 1/pr152_10.gt,151,100000.0,86400.0,PTVRP_LAYERED_CONT,89575.0,2,1,0.0022,1,1,1,151,1.0,,0,0,3,0,,,,,
Instances/Instances 1/pr226_01.gt,225,100.0,86400.0,PTVRP_LAYERED_CONT,769822.0,44,4,0.0027,56,56,4,6472,28.7644,,0,0,11539,0,,,,,
Instances/Instances 1/pr226_02.gt,225,200.0,86400.0,PTVRP_LAYERED_CONT,407301.0,27,2,0.0025,28,28,2,3168,14.08,,0,0,6856,0,,,,,
Instances/Instances 1/pr226_03.gt,225,500.0,86400.0,PTVRP_LAYERED_CONT,192335.0,12,1,0.0025,11,11,1,1281,5.69333,,0,0,2459,0,,,,,
Instances/Instances 1/pr226_04.gt,225,1000.0,86400.0,PTVRP_LAYERED_CONT,139942.0,6,1,0.0023,6,6,1,736,3.27111,,0,0,1151,0,,,,,
Instances/Instances 1/pr226_05.gt,225,2000.0,86400.0,PTVRP_LAYERED_CONT,112647.0,4,1,0.0022,3,3,1,436,1.93778,,0,0,690,0,,,,,
Instances/Instances 1/pr226_06.gt,225,5000.0,86400.0,PTVRP_LAYERED_CONT,97856.0,2,1,0.0024,2,2,1,246,1.09333,,0,0,79,0,,,,,
Instances/Instances 1/pr226_07.gt,225,10000.0,86400.0,PTVRP_LAYERED_CONT,97856.0,2,1,0.0023,1,1,1,225,1.0,,0,0,14,0,,,,,
Instances/Instances 1/pr226_08.gt,225,20000.0,86400.0,PTVRP_LAYERED_CONT,97856.0,2,1,0.0022,1,1,1,225,1.0,,0,0,14,0,,,,,
Instances/Instances 1/pr226_09.gt,225,50000.0,86400.0,PTVRP_LAYERED_CONT,97856.0,2,1,0.0023,1,1,1,225,1.0,,0,0,14,0,,,,,
Instances/Instances 1/pr226_10.gt,225,100000.0,86400.0,PTVRP_LAYERED_CONT,97856.0,2,1,0.0022,1,1,1,225,1.0,,0,0,14,0,,,,,
Instances/Instances 1/pr2392_01.gt,2391,100.0,86400.0,PTVRP_LAYERED_CONT,6271806.0,450,3,0.0367,591,591,5,703604,294.272,,0,0,906335,0,,,,,
Instances/Instances 1/pr2392_02.gt,2391,200.0,86400.0,PTVRP_LAYERED_CONT,3378291.0,305,2,0.0216,305,305,3,364419,152.413,,0,0,499972,0,,,,,
Instances/Instances 1/pr2392_03.gt,2391,500.0,86400.0,PTVRP_LAYERED_CONT,1530907.0,127,1,0.0114,122,122,2,146521,61.2802,,0,0,208845,0,,,,,
Instances/Instances 1/pr2392_04.gt,2391,1000.0,86400.0,PTVRP_LAYERED_CONT,936165.0,65,1,0.0074,61,61,1,73179,30.606,,0,0,107716,0,,,,,
Instances/Instances 1/pr2392_05.gt,2391,2000.0,86400.0,PTVRP_LAYERED_CONT,642735.0,33,1,0.0056,31,31,1,37317,15.6073,,0,0,59768,0,,,,,
Instances/Instances 1/pr2392_06.gt,2391,5000.0,86400.0,PTVRP_LAYERED_CONT,475497.0,15,1,0.0048,13,13,1,16289,6.81263,,0,0,25885,0,,,,,
Instances/Instances 1/pr2392_07.gt,2391,10000.0,86400.0,PTVRP_LAYERED_CONT,422099.0,8,1,0.004,7,7,1,8537,3.57047,,0,0,19038,0,,,,,
Instances/Instances 1/pr2392_08.gt,2391,20000.0,86400.0,PTVRP_LAYERED_CONT,410093.0,6,1,0.0037,4,4,1,4894,2.04684,,0,0,18556,0,,,,,
Instances/Instances 1/pr2392_09.gt,2391,50000.0,86400.0,PTVRP_LAYERED_CONT,410093.0,6,1,0.0037,2,2,1,2843,1.18904,,0,0,20834,0,,,,,
Instances/Instances 1/pr2392_10.gt,2391,100000.0,86400.0,PTVRP_LAYERED_CONT,410093.0,6,1,0.004,1,1,1,2391,1.0,,0,0,20183,0,,,,,
Instances/Instances 1/pr264_01.gt,263,100.0,86400.0,PTVRP_LAYERED_CONT,532550.0,48,3,0.0029,62,62,4,8259,31.403,,0,0,13058,0,,,,,
Instances/Instances 1/pr264_02.gt,263,200.0,86400.0,PTVRP_LAYERED_CONT,309817.0,33,2,0.0027,35,35,3,4823,18.3384,,0,0,7955,0,,,,,
Instances/Instances 1/pr264_03.gt,263,500.0,86400.0,PTVRP_LAYERED_CONT,145078.0,15,1,0.0026,15,15,2,1986,7.55133,,0,0,2827,0,,,,,
Instances/Instances 1/pr264_04.gt,263,1000.0,86400.0,PTVRP_LAYERED_CONT,93307.0,8,1,0.0024,7,7,1,1049,3.98859,,0,0,896,0,,,,,
Instances/Instances 1/pr264_05.gt,263,2000.0,86400.0,PTVRP_LAYERED_CONT,66092.0,4,1,0.0022,4,4,1,545,2.07224,,0,0,300,0,,,,,
Instances/Instances 1/pr264_06.gt,263,5000.0,86400.0,PTVRP_LAYERED_CONT,53706.0,2,1,0.0023,2,2,1,326,1.23954,,0,0,127,0,,,,,
Instances/Instances 1/pr264_07.gt,263,10000.0,86400.0,PTVRP_LAYERED_CONT,50874.0,1,1,0.0022,1,1,1,263,1.0,,0,0,0,0,,,,,
Instances/Instances 1/pr264_08.gt,263,20000.0,86400.0,PTVRP_LAYERED_CONT,50874.0,1,1,0.0023,1,1,1,263,1.0,,0,0,0,0,,,,,
Instances/Instances 1/pr264_09.gt,263,50000.0,86400.0,PTVRP_LAYERED_CONT,50874.0,1,1,0.0023,1,1,1,263,1.0,,0,0,0,0,,,,,
Instances/Instances 1/pr264_10.gt,263,100000.0,86400.0,PTVRP_LAYERED_CONT,50874.0,1,1,0.0022,1,1,1,263,1.0,,0,0,0,0,,,,,
Instances/Instances 1/pr299_01.gt,298,100.0,86400.0,PTVRP_LAYERED_CONT,340299.0,61,3,0.0031,72,72,3,10630,35.6711,,0,0,11053,0,,,,,
Instances/Instances 1/pr299_02.gt,298,200.0,86400.0,PTVRP_LAYERED_CONT,203569.0,42,2,0.0027,40,40,2,6055,20.3188,,0,0,6140,0,,,,,
Instances/Instances 1/pr299_03.gt,298,500.0,86400.0,PTVRP_LAYERED_CONT,106423.0,17,1,0.0026,16,16,1,2465,8.27181,,0,0,2036,0,,,,,
Instances/Instances 1/pr299_04.gt,298,1000.0,86400.0,PTVRP_LAYERED_CONT,73519.0,8,1,0.0023,8,8,1,1248,4.18792,,0,0,770,0,,,,,
Instances/Instances 1/pr299_05.gt,298,2000.0,86400.0,PTVRP_LAYERED_CONT,60992.0,5,1,0.0025,4,4,1,700,2.34899,,0,0,321,0,,,,,
Instances/Instances 1/pr299_06.gt,298,5000.0,86400.0,PTVRP_LAYERED_CONT,54833.0,2,1,0.0022,2,2,1,401,1.34564,,0,0,0,0,,,,,
Instances/Instances 1/pr299_07.gt,298,10000.0,86400.0,PTVRP_LAYERED_CONT,54703.0,1,1,0.0027,1,1,1,298,1.0,,0,0,0,0,,,,,
Instances/Instances 1/pr299_08.gt,298,20000.0,86400.0,PTVRP_LAYERED_CONT,54703.0,1,1,0.0022,1,1,1,298,1.0,,0,0,0,0,,,,,
Instances/Instances 1/pr299_09.gt,298,50000.0,86400.0,PTVRP_LAYERED_CONT,54703.0,1,1,0.0023,1,1,1,298,1.0,,0,0,0,0,,,,,
Instances/Instances 1/pr299_10.gt,298,100000.0,86400.0,PTVRP_LAYERED_CONT,54703.0,1,1,0.0025,1,1,1,298,1.0,,0,0,0,0,,,,,
Instances/Instances 1/pr439_01.gt,438,100.0,86400.0,PTVRP_LAYERED_CONT,840706.0,98,3,0.0039,108,108,3,24218,55.2922,,0,0,33731,0,,,,,
Instances/Instances 1/pr439_02.gt,438,200.0,86400.0,PTVRP_LAYERED_CONT,491435.0,61,2,0.0034,58,58,3,12742,29.0913,,0,0,20331,0,,,,,
Instances/Instances 1/pr439_03.gt,438,500.0,86400.0,PTVRP_LAYERED_CONT,245398.0,24,1,0.0028,23,23,1,5003,11.4224,,0,0,8382,0,,,,,
Instances/Instances 1/pr439_04.gt,438,1000.0,86400.0,PTVRP_LAYERED_CONT,168640.0,12,1,0.0026,11,11,1,2656,6.06393,,0,0,4190,0,,,,,
Instances/Instances 1/pr439_05.gt,438,2000.0,86400.0,PTVRP_LAYERED_CONT,138124.0,7,1,0.0024,6,6,1,1438,3.28311,,0,0,1956,0,,,,,
Instances/Instances 1/pr439_06.gt,438,5000.0,86400.0,PTVRP_LAYERED_CONT,119090.0,3,1,0.0024,3,3,1,740,1.6895,,0,0,978,0,,,,,
Instances/Instances 1/pr439_07.gt,438,10000.0,86400.0,PTVRP_LAYERED_CONT,117489.0,2,1,0.0023,2,2,1,487,1.11187,,0,0,265,0,,,,,
Instances/Instances 1/pr439_08.gt,438,20000.0,86400.0,PTVRP_LAYERED_CONT,117489.0,2,1,0.0025,1,1,1,438,1.0,,0,0,155,0,,,,,
Instances/Instances 1/pr439_09.gt,438,50000.0,86400.0,PTVRP_LAYERED_CONT,117489.0,2,1,0.0023,1,1,1,438,1.0,,0,0,155,0,,,,,
Instances/Instances 1/pr439_10.gt,438,100000.0,86400.0,PTVRP_LAYERED_CONT,117489.0,2,1,0.0023,1,1,1,438,1.0,,0,0,155,0,,,,,
Instances/Instances 1/pr76_01.gt,75,100.0,86400.0,PTVRP_LAYERED_CONT,327253.0,22,2,0.0024,21,21,2,785,10.4667,,0,0,756,0,,,,,
Instances/Instances 1/pr76_02.gt,75,200.0,86400.0,PTVRP_LAYERED_CONT,200553.0,12,1,0.0022,10,10,1,384,5.12,,0,0,395,0,,,,,
Instances/Instances 1/pr76_03.gt,75,500.0,86400.0,PTVRP_LAYERED_CONT,149322.0,5,1,0.0023,5,5,1,204,2.72,,0,0,167,0,,,,,
Instances/Instances 1/pr76_04.gt,75,1000.0,86400.0,PTVRP_LAYERED_CONT,124689.0,2,1,0.0025,2,2,1,107,1.42667,,0,0,65,0,,,,,
Instances/Instances 1/pr76_05.gt,75,2000.0,86400.0,PTVRP_LAYERED_CONT,124689.0,2,1,0.0021,2,2,1,78,1.04,,0,0,24,0,,,,,
Instances/Instances 1/pr76_06.gt,75,5000.0,86400.0,PTVRP_LAYERED_CONT,124689.0,2,1,0.0021,1,1,1,75,1.0,,0,0,21,0,,,,,
Instances/Instances 1/pr76_07.gt,75,10000.0,86400.0,PTVRP_LAYERED_CONT,124689.0,2,1,0.0022,1,1,1,75,1.0,,0,0,21,0,,,,,
Instances/Instances 1/pr76_08.gt,75,20000.0,86400.0,PTVRP_LAYERED_CONT,124689.0,2,1,0.0022,1,1,1,75,1.0,,0,0,21,0,,,,,
Instances/Instances 1/pr76_09.gt,75,50000.0,86400.0,PTVRP_LAYERED_CONT,124689.0,2,1,0.0024,1,1,1,75,1.0,,0,0,21,0,,,,,
Instances/Instances 1/pr76_10.gt,75,100000.0,86400.0,PTVRP_LAYERED_CONT,124689.0,2,1,0.0021,1,1,1,75,1.0,,0,0,21,0,,,,,
Instances/Instances 1/qa194_01.gt,193,100.0,86400.0,PTVRP_LAYERED_CONT,48026.0,52,3,0.0027,51,51,4,5098,26.4145,,0,0,2410,0,,,,,
Instances/Instances 1/qa194_02.gt,193,200.0,86400.0,PTVRP_LAYERED_CONT,27409.0,28,1,0.0024,26,26,2,2384,12.3523,,0,0,492,0,,,,,
Instances/Instances 1/qa194_03.gt,193,500.0,86400.0,PTVRP_LAYERED_CONT,15625.0,11,1,0.0023,10,10,1,1041,5.39378,,0,0,2,0,,,,,
Instances/Instances 1/qa194_04.gt,193,1000.0,86400.0,PTVRP_LAYERED_CONT,12944.0,6,1,0.0023,5,5,1,568,2.94301,,0,0,0,0,,,,,
Instances/Instances 1/qa194_05.gt,193,2000.0,86400.0,PTVRP_LAYERED_CONT,11131.0,3,1,0.0022,3,3,1,371,1.92228,,0,0,0,0,,,,,
Instances/Instances 1/qa194_06.gt,193,5000.0,86400.0,PTVRP_LAYERED_CONT,10519.0,2,1,0.0021,2,2,1,201,1.04145,,0,0,0,0,,,,,
Instances/Instances 1/qa194_07.gt,193,10000.0,86400.0,PTVRP_LAYERED_CONT,10469.0,1,1,0.0023,1,1,1,193,1.0,,0,0,0,0,,,,,
Instances/Instances 1/qa194_08.gt,193,20000.0,86400.0,PTVRP_LAYERED_CONT,10469.0,1,1,0.0021,1,1,1,193,1.0,,0,0,0,0,,,,,
Instances/Instances 1/qa194_09.gt,193,50000.0,86400.0,PTVRP_LAYERED_CONT,10469.0,1,1,0.0022,1,1,1,193,1.0,,0,0,0,0,,,,,
Instances/Instances 1/qa194_10.gt,193,100000.0,86400.0,PTVRP_LAYERED_CONT,10469.0,1,1,0.0022,1,1,1,193,1.0,,0,0,0,0,,,,,
Instances/Instances 1/rat195_01.gt,194,100.0,86400.0,PTVRP_LAYERED_CONT,11847.0,54,2,0.0026,53,53,3,5126,26.4227,,0,0,209,0,,,,,
Instances/Instances 1/rat195_02.gt,194,200.0,86400.0,PTVRP_LAYERED_CONT,6561.0,28,1,0.0024,25,25,2,2448,12.6186,,0,0,0,0,,,,,
Instances/Instances 1/rat195_03.gt,194,500.0,86400.0,PTVRP_LAYERED_CONT,3777.0,11,1,0.0024,11,11,1,1109,5.71649,,0,0,0,0,,,,,
Instances/Instances 1/rat195_04.gt,194,1000.0,86400.0,PTVRP_LAYERED_CONT,2972.0,6,1,0.0022,5,5,1,583,3.00515,,0,0,0,0,,,,,
Instances/Instances 1/rat195_05.gt,194,2000.0,86400.0,PTVRP_LAYERED_CONT,2663.0,3,1,0.0023,3,3,1,353,1.81959,,0,0,0,0,,,,,
Instances/Instances 1/rat195_06.gt,194,5000.0,86400.0,PTVRP_LAYERED_CONT,2581.0,1,1,0.0021,1,1,1,194,1.0,,0,0,0,0,,,,,
Instances/Instances 1/rat195_07.gt,194,10000.0,86400.0,PTVRP_LAYERED_CONT,2581.0,1,1,0.0023,1,1,1,194,1.0,,0,0,0,0,,,,,
Instances/Instances 1/rat195_08.gt,194,20000.0,86400.0,PTVRP_LAYERED_CONT,2581.0,1,1,0.0022,1,1,1,194,1.0,,0,0,0,0,,,,,
Instances/Instances 1/rat195_09.gt,194,50000.0,86400.0,PTVRP_LAYERED_CONT,2581.0,1,1,0.0022,1,1,1,194,1.0,,0,0,0,0,,,,,
Instances/Instances 1/rat195_10.gt,194,100000.0,86400.0,PTVRP_LAYERED_CONT,2581.0,1,1,0.0022,1,1,1,194,1.0,,0,0,0,0,,,,,
Instances/Instances 1/rat575_01.gt,574,100.0,86400.0,PTVRP_LAYERED_CONT,54101.0,140,2,0.005,150,150,3,43531,75.838,,0,0,26539,0,,,,,
Instances/Instances 1/rat575_02.gt,574,200.0,86400.0,PTVRP_LAYERED_CONT,28335.0,79,2,0.0039,73,73,2,20921,36.4477,,0,0,8610,0,,,,,
Instances/Instances 1/rat575_03.gt,574,500.0,86400.0,PTVRP_LAYERED_CONT,14521.0,30,1,0.003,29,29,1,8489,14.7892,,0,0,1192,0,,,,,
Instances/Instances 1/rat575_04.gt,574,1000.0,86400.0,PTVRP_LAYERED_CONT,10607.0,16,1,0.0027,15,15,1,4486,7.81533,,0,0,103,0,,,,,
Instances/Instances 1/rat575_05.gt,574,2000.0,86400.0,PTVRP_LAYERED_CONT,8580.0,8,1,0.0026,8,8,1,2412,4.20209,,0,0,0,0,,,,,
Instances/Instances 1/rat575_06.gt,574,5000.0,86400.0,PTVRP_LAYERED_CONT,7591.0,3,1,0.0027,3,3,1,1114,1.94077,,0,0,0,0,,,,,
Instances/Instances 1/rat575_07.gt,574,10000.0,86400.0,PTVRP_LAYERED_CONT,7378.0,3,1,0.0027,2,2,1,761,1.32578,,0,0,0,0,,,,,
Instances/Instances 1/rat575_08.gt,574,20000.0,86400.0,PTVRP_LAYERED_CONT,7265.0,1,1,0.0026,1,1,1,574,1.0,,0,0,0,0,,,,,
Instances/Instances 1/rat575_09.gt,574,50000.0,86400.0,PTVRP_LAYERED_CONT,7265.0,1,1,0.0025,1,1,1,574,1.0,,0,0,0,0,,,,,
Instances/Instances 1/rat575_10.gt,574,100000.0,86400.0,PTVRP_LAYERED_CONT,7265.0,1,1,0.0026,1,1,1,574,1.0,,0,0,0,0,,,,,
Instances/Instances 1/rat783_01.gt,782,100.0,86400.0,PTVRP_LAYERED_CONT,81721.0,177,3,0.0072,201,201,4,79099,101.15,,0,0,60669,0,,,,,
Instances/Instances 1/rat783_02.gt,782,200.0,86400.0,PTVRP_LAYERED_CONT,42440.0,105,2,0.0049,98,98,2,38533,49.2749,,0,0,22027,0,,,,,
Instances/Instances 1/rat783_03.gt,782,500.0,86400.0,PTVRP_LAYERED_CONT,22025.0,44,1,0.0036,41,41,1,16138,20.6368,,0,0,5438,0,,,,,
Instances/Instances 1/rat783_04.gt,782,1000.0,86400.0,PTVRP_LAYERED_CONT,15097.0,23,1,0.0031,20,20,1,7935,10.1471,,0,0,1217,0,,,,,
Instances/Instances 1/rat783_05.gt,782,2000.0,86400.0,PTVRP_LAYERED_CONT,11598.0,12,1,0.0028,11,11,1,4322,5.52685,,0,0,4,0,,,,,
Instances/Instances 1/rat783_06.gt,782,5000.0,86400.0,PTVRP_LAYERED_CONT,9892.0,5,1,0.0027,4,4,1,1909,2.44118,,0,0,0,0,,,,,
Instances/Instances 1/rat783_07.gt,782,10000.0,86400.0,PTVRP_LAYERED_CONT,9552.0,3,1,0.0025,2,2,1,1178,1.50639,,0,0,0,0,,,,,
Instances/Instances 1/rat783_08.gt,782,20000.0,86400.0,PTVRP_LAYERED_CONT,9389.0,2,1,0.0026,1,1,1,782,1.0,,0,0,0,0,,,,,
Instances/Instances 1/rat783_09.gt,782,50000.0,86400.0,PTVRP_LAYERED_CONT,9389.0,2,1,0.0025,1,1,1,782,1.0,,0,0,0,0,,,,,
Instances/Instances 1/rat783_10.gt,782,100000.0,86400.0,PTVRP_LAYERED_CONT,9389.0,2,1,0.0025,1,1,1,782,1.0,,0,0,0,0,,,,,
Instances/Instances 1/rat99_01.gt,98,100.0,86400.0,PTVRP_LAYERED_CONT,4164.0,25,2,0.0025,23,23,2,1130,11.5306,,0,0,0,0,,,,,
Instances/Instances 1/rat99_02.gt,98,200.0,86400.0,PTVRP_LAYERED_CONT,2540.0,13,1,0.0023,12,12,1,623,6.35714,,0,0,0,0,,,,,
Instances/Instances 1/rat99_03.gt,98,500.0,86400.0,PTVRP_LAYERED_CONT,1744.0,6,1,0.0022,6,6,1,286,2.91837,,0,0,0,0,,,,,
Instances/Instances 1/rat99_04.gt,98,1000.0,86400.0,PTVRP_LAYERED_CONT,1497.0,3,1,0.0025,3,3,1,180,1.83673,,0,0,0,0,,,,,
Instances/Instances 1/rat99_05.gt,98,2000.0,86400.0,PTVRP_LAYERED_CONT,1399.0,2,1,0.0022,2,2,1,113,1.15306,,0,0,0,0,,,,,
Instances/Instances 1/rat99_06.gt,98,5000.0,86400.0,PTVRP_LAYERED_CONT,1395.0,1,1,0.0021,1,1,1,98,1.0,,0,0,0,0,,,,,
Instances/Instances 1/rat99_07.gt,98,10000.0,86400.0,PTVRP_LAYERED_CONT,1395.0,1,1,0.0023,1,1,1,98,1.0,,0,0,0,0,,,,,
Instances/Instances 1/rat99_08.gt,98,20000.0,86400.0,PTVRP_LAYERED_CONT,1395.0,1,1,0.0022,1,1,1,98,1.0,,0,0,0,0,,,,,
Instances/Instances 1/rat99_09.gt,98,50000.0,86400.0,PTVRP_LAYERED_CONT,1395.0,1,1,0.0022,1,1,1,98,1.0,,0,0,0,0,,,,,
Instances/Instances 1/rat99_10.gt,98,100000.0,86400.0,PTVRP_LAYERED_CONT,1395.0,1,1,0.0022,1,1,1,98,1.0,,0,0,0,0,,,,,
Instances/Instances 1/rd100_01.gt,99,100.0,86400.0,PTVRP_LAYERED_CONT,26860.0,27,1,0.0027,22,22,2,1131,11.4242,,0,0,223,0,,,,,
Instances/Instances 1/rd100_02.gt,99,200.0,86400.0,PTVRP_LAYERED_CONT,17125.0,14,1,0.0028,12,12,1,651,6.57576,,0,0,22,0,,,,,
Instances/Instances 1/rd100_03.gt,99,500.0,86400.0,PTVRP_LAYERED_CONT,11463.0,6,1,0.0022,6,6,1,308,3.11111,,0,0,0,0,,,,,
Instances/Instances 1/rd100_04.gt,99,1000.0,86400.0,PTVRP_LAYERED_CONT,9816.0,4,1,0.0022,3,3,1,177,1.78788,,0,0,0,0,,,,,
Instances/Instances 1/rd100_05.gt,99,2000.0,86400.0,PTVRP_LAYERED_CONT,9356.0,3,1,0.0022,2,2,1,123,1.24242,,0,0,0,0,,,,,
Instances/Instances 1/rd100_06.gt,99,5000.0,86400.0,PTVRP_LAYERED_CONT,8967.0,2,1,0.0021,1,1,1,99,1.0,,0,0,0,0,,,,,
Instances/Instances 1/rd100_07.gt,99,10000.0,86400.0,PTVRP_LAYERED_CONT,8967.0,2,1,0.0022,1,1,1,99,1.0,,0,0,0,0,,,,,
Instances/Instances 1/rd100_08.gt,99,20000.0,86400.0,PTVRP_LAYERED_CONT,8967.0,2,1,0.0022,1,1,1,99,1.0,,0,0,0,0,,,,,
Instances/Instances 1/rd100_09.gt,99,50000.0,86400.0,PTVRP_LAYERED_CONT,8967.0,2,1,0.0021,1,1,1,99,1.0,,0,0,0,0,,,,,
Instances/Instances 1/rd100_10.gt,99,100000.0,86400.0,PTVRP_LAYERED_CONT,8967.0,2,1,0.0022,1,1,1,99,1.0,,0,0,0,0,,,,,
Instances/Instances 1/rd400_01.gt,399,100.0,86400.0,PTVRP_LAYERED_CONT,99006.0,101,2,0.0038,100,100,3,20627,51.6967,,0,0,16629,0,,,,,
Instances/Instances 1/rd400_02.gt,399,200.0,86400.0,PTVRP_LAYERED_CONT,54509.0,56,1,0.0032,51,51,2,10699,26.8145,,0,0,6617,0,,,,,
Instances/Instances 1/rd400_03.gt,399,500.0,86400.0,PTVRP_LAYERED_CONT,29878.0,23,1,0.0027,21,21,1,4327,10.8446,,0,0,1658,0,,,,,
Instances/Instances 1/rd400_04.gt,399,1000.0,86400.0,PTVRP_LAYERED_CONT,21169.0,11,1,0.0029,10,10,1,2100,5.26316,,0,0,280,0,,,,,
Instances/Instances 1/rd400_05.gt,399,2000.0,86400.0,PTVRP_LAYERED_CONT,18032.0,8,1,0.0026,6,6,1,1299,3.25564,,0,0,56,0,,,,,
Instances/Instances 1/rd400_06.gt,399,5000.0,86400.0,PTVRP_LAYERED_CONT,15880.0,3,1,0.0023,3,3,1,616,1.54386,,0,0,0,0,,,,,
Instances/Instances 1/rd400_07.gt,399,10000.0,86400.0,PTVRP_LAYERED_CONT,15507.0,2,1,0.0023,2,2,1,409,1.02506,,0,0,0,0,,,,,
Instances/Instances 1/rd400_08.gt,399,20000.0,86400.0,PTVRP_LAYERED_CONT,15316.0,1,1,0.0024,1,1,1,399,1.0,,0,0,0,0,,,,,
Instances/Instances 1/rd400_09.gt,399,50000.0,86400.0,PTVRP_LAYERED_CONT,15316.0,1,1,0.0023,1,1,1,399,1.0,,0,0,0,0,,,,,
Instances/Instances 1/rd400_10.gt,399,100000.0,86400.0,PTVRP_LAYERED_CONT,15316.0,1,1,0.0024,1,1,1,399,1.0,,0,0,0,0,,,,,
Instances/Instances 1/rl11849_01.gt,11848,100.0,86400.0,PTVRP_LAYERED_CONT,34562643.0,1790,6,0.76,3002,3002,6,17739217,1497.23,,0,0,22782772,0,,,,,
Instances/Instances 1/rl11849_02.gt,11848,200.0,86400.0,PTVRP_LAYERED_CONT,17809296.0,1274,4,0.3978,1518,1518,6,8993565,759.079,,0,0,13257051,0,,,,,
Instances/Instances 1/rl11849_03.gt,11848,500.0,86400.0,PTVRP_LAYERED_CONT,7531671.0,621,2,0.1706,609,609,3,3604868,304.26,,0,0,6260118,0,,,,,
Instances/Instances 1/rl11849_04.gt,11848,1000.0,86400.0,PTVRP_LAYERED_CONT,4139341.0,313,1,0.0924,304,304,2,1801074,152.015,,0,0,3478449,0,,,,,
Instances/Instances 1/rl11849_05.gt,11848,2000.0,86400.0,PTVRP_LAYERED_CONT,2513746.0,160,1,0.0532,154,154,1,916322,77.3398,,0,0,2016252,0,,,,,
Instances/Instances 1/rl11849_06.gt,11848,5000.0,86400.0,PTVRP_LAYERED_CONT,1505293.0,66,1,0.0284,61,61,1,364771,30.7876,,0,0,990110,0,,,,,
Instances/Instances 1/rl11849_07.gt,11848,10000.0,86400.0,PTVRP_LAYERED_CONT,1185215.0,34,1,0.0198,31,31,1,184299,15.5553,,0,0,652043,0,,,,,
Instances/Instances 1/rl11849_08.gt,11848,20000.0,86400.0,PTVRP_LAYERED_CONT,1024038.0,19,1,0.0144,16,16,1,94659,7.98945,,0,0,485973,0,,,,,
Instances/Instances 1/rl11849_09.gt,11848,50000.0,86400.0,PTVRP_LAYERED_CONT,994667.0,14,1,0.0122,7,7,1,41788,3.52701,,0,0,745620,0,,,,,
Instances/Instances 1/rl11849_10.gt,11848,100000.0,86400.0,PTVRP_LAYERED_CONT,994667.0,14,1,0.0134,4,4,1,23829,2.01123,,0,0,1379188,0,,,,,
Instances/Instances 1/rl1304_01.gt,1303,100.0,86400.0,PTVRP_LAYERED_CONT,3961808.0,257,3,0.0143,329,329,4,216959,166.507,,0,0,327307,0,,,,,
Instances/Instances 1/rl1304_02.gt,1303,200.0,86400.0,PTVRP_LAYERED_CONT,2088153.0,172,2,0.0091,167,167,3,109833,84.2924,,0,0,202577,0,,,,,
Instances/Instances 1/rl1304_03.gt,1303,500.0,86400.0,PTVRP_LAYERED_CONT,961355.0,73,1,0.0057,68,68,2,44636,34.2563,,0,0,102944,0,,,,,
Instances/Instances 1/rl1304_04.gt,1303,1000.0,86400.0,PTVRP_LAYERED_CONT,577486.0,35,1,0.0043,33,33,1,22339,17.1443,,0,0,54966,0,,,,,
Instances/Instances 1/rl1304_05.gt,1303,2000.0,86400.0,PTVRP_LAYERED_CONT,405682.0,19,1,0.0039,17,17,1,11587,8.89256,,0,0,29283,0,,,,,
Instances/Instances 1/rl1304_06.gt,1303,5000.0,86400.0,PTVRP_LAYERED_CONT,299168.0,8,1,0.0033,7,7,1,4927,3.78127,,0,0,16646,0,,,,,
Instances/Instances 1/rl1304_07.gt,1303,10000.0,86400.0,PTVRP_LAYERED_CONT,279685.0,5,1,0.0033,4,4,1,2880,2.21028,,0,0,9665,0,,,,,
Instances/Instances 1/rl1304_08.gt,1303,20000.0,86400.0,PTVRP_LAYERED_CONT,277708.0,5,1,0.003,2,2,1,1834,1.40752,,0,0,13633,0,,,,,
Instances/Instances 1/rl1304_09.gt,1303,50000.0,86400.0,PTVRP_LAYERED_CONT,277708.0,5,1,0.003,1,1,1,1303,1.0,,0,0,16888,0,,,,,
Instances/Instances 1/rl1304_10.gt,1303,100000.0,86400.0,PTVRP_LAYERED_CONT,277708.0,5,1,0.0029,1,1,1,1303,1.0,,0,0,16888,0,,,,,
Instances/Instances 1/rl1323_01.gt,1322,100.0,86400.0,PTVRP_LAYERED_CONT,4333098.0,245,4,0.0144,345,345,5,233505,176.63,,0,0,338870,0,,,,,
Instances/Instances 1/rl1323_02.gt,1322,200.0,86400.0,PTVRP_LAYERED_CONT,2158890.0,163,2,0.0094,167,167,3,110438,83.5386,,0,0,186152,0,,,,,
Instances/Instances 1/rl1323_03.gt,1322,500.0,86400.0,PTVRP_LAYERED_CONT,994180.0,71,1,0.0057,67,67,2,44784,33.8759,,0,0,90670,0,,,,,
Instances/Instances 1/rl1323_04.gt,1322,1000.0,86400.0,PTVRP_LAYERED_CONT,623637.0,36,1,0.0045,35,35,1,23312,17.6339,,0,0,48834,0,,,,,
Instances/Instances 1/rl1323_05.gt,1322,2000.0,86400.0,PTVRP_LAYERED_CONT,430065.0,19,1,0.0038,17,17,1,11754,8.89107,,0,0,27224,0,,,,,
Instances/Instances 1/rl1323_06.gt,1322,5000.0,86400.0,PTVRP_LAYERED_CONT,331374.0,8,1,0.0035,7,7,1,5149,3.89486,,0,0,17403,0,,,,,
Instances/Instances 1/rl1323_07.gt,1322,10000.0,86400.0,PTVRP_LAYERED_CONT,305210.0,5,1,0.0031,4,4,1,2950,2.23147,,0,0,9958,0,,,,,
Instances/Instances 1/rl1323_08.gt,1322,20000.0,86400.0,PTVRP_LAYERED_CONT,305210.0,5,1,0.0031,2,2,1,1847,1.39713,,0,0,20418,0,,,,,
Instances/Instances 1/rl1323_09.gt,1322,50000.0,86400.0,PTVRP_LAYERED_CONT,305210.0,5,1,0.003,1,1,1,1322,1.0,,0,0,25626,0,,,,,
Instances/Instances 1/rl1323_10.gt,1322,100000.0,86400.0,PTVRP_LAYERED_CONT,305210.0,5,1,0.003,1,1,1,1322,1.0,,0,0,25626,0,,,,,
Instances/Instances 1/rl1889_01.gt,1888,100.0,86400.0,PTVRP_LAYERED_CONT,6228521.0,344,5,0.0254,482,482,5,457829,242.494,,0,0,635683,0,,,,,
Instances/Instances 1/rl1889_02.gt,1888,200.0,86400.0,PTVRP_LAYERED_CONT,3218612.0,226,3,0.0157,242,242,4,228315,120.93,,0,0,368223,0,,,,,
Instances/Instances 1/rl1889_03.gt,1888,500.0,86400.0,PTVRP_LAYERED_CONT,1445235.0,102,1,0.0087,97,97,3,90571,47.9719,,0,0,169472,0,,,,,
Instances/Instances 1/rl1889_04.gt,1888,1000.0,86400.0,PTVRP_LAYERED_CONT,863473.0,51,1,0.006,49,49,1,46327,24.5376,,0,0,96164,0,,,,,
Instances/Instances 1/rl1889_05.gt,1888,2000.0,86400.0,PTVRP_LAYERED_CONT,581959.0,26,1,0.0048,25,25,1,24117,12.7738,,0,0,49620,0,,,,,
Instances/Instances 1/rl1889_06.gt,1888,5000.0,86400.0,PTVRP_LAYERED_CONT,407084.0,11,1,0.0038,10,10,1,9983,5.28761,,0,0,33306,0,,,,,
Instances/Instances 1/rl1889_07.gt,1888,10000.0,86400.0,PTVRP_LAYERED_CONT,359202.0,6,1,0.0035,5,5,1,5575,2.95286,,0,0,17809,0,,,,,
Instances/Instances 1/rl1889_08.gt,1888,20000.0,86400.0,PTVRP_LAYERED_CONT,351630.0,6,1,0.0034,3,3,1,3288,1.74153,,0,0,28825,0,,,,,
Instances/Instances 1/rl1889_09.gt,1888,50000.0,86400.0,PTVRP_LAYERED_CONT,351630.0,6,1,0.0033,1,1,1,1888,1.0,,0,0,51380,0,,,,,
Instances/Instances 1/rl1889_10.gt,1888,100000.0,86400.0,PTVRP_LAYERED_CONT,351630.0,6,1,0.0033,1,1,1,1888,1.0,,0,0,51380,0,,,,,
Instances/Instances 1/rl5915_01.gt,5914,100.0,86400.0,PTVRP_LAYERED_CONT,16941723.0,927,5,0.1992,1484,1484,6,4390954,742.468,,0,0,6200061,0,,,,,
Instances/Instances 1/rl5915_02.gt,5914,200.0,86400.0,PTVRP_LAYERED_CONT,8795198.0,657,3,0.1118,752,752,4,2221680,375.665,,0,0,3773078,0,,,,,
Instances/Instances 1/rl5915_03.gt,5914,500.0,86400.0,PTVRP_LAYERED_CONT,3812692.0,312,2,0.0501,304,304,3,904240,152.898,,0,0,1940148,0,,,,,
Instances/Instances 1/rl5915_04.gt,5914,1000.0,86400.0,PTVRP_LAYERED_CONT,2130660.0,157,1,0.0299,151,151,2,447524,75.672,,0,0,1148870,0,,,,,
Instances/Instances 1/rl5915_05.gt,5914,2000.0,86400.0,PTVRP_LAYERED_CONT,1325177.0,80,1,0.018,76,76,1,224248,37.9182,,0,0,656665,0,,,,,
Instances/Instances 1/rl5915_06.gt,5914,5000.0,86400.0,PTVRP_LAYERED_CONT,845893.0,34,1,0.0109,31,31,1,92830,15.6967,,0,0,338900,0,,,,,
Instances/Instances 1/rl5915_07.gt,5914,10000.0,86400.0,PTVRP_LAYERED_CONT,684223.0,18,1,0.0083,15,15,1,47227,7.98563,,0,0,271831,0,,,,,
Instances/Instances 1/rl5915_08.gt,5914,20000.0,86400.0,PTVRP_LAYERED_CONT,624324.0,10,1,0.007,8,8,1,25457,4.30453,,0,0,175736,0,,,,,
Instances/Instances 1/rl5915_09.gt,5914,50000.0,86400.0,PTVRP_LAYERED_CONT,616974.0,8,1,0.0064,4,4,1,11902,2.01251,,0,0,282935,0,,,,,
Instances/Instances 1/rl5915_10.gt,5914,100000.0,86400.0,PTVRP_LAYERED_CONT,616974.0,8,1,0.0064,2,2,1,7850,1.32736,,0,0,442129,0,,,,,
Instances/Instances 1/rl5934_01.gt,5933,100.0,86400.0,PTVRP_LAYERED_CONT,17063015.0,996,5,0.204,1516,1516,6,4507984,759.815,,0,0,6530491,0,,,,,
Instances/Instances 1/rl5934_02.gt,5933,200.0,86400.0,PTVRP_LAYERED_CONT,8697938.0,658,4,0.1132,754,754,4,2236709,376.995,,0,0,4037910,0,,,,,
Instances/Instances 1/rl5934_03.gt,5933,500.0,86400.0,PTVRP_LAYERED_CONT,3708635.0,312,2,0.051,303,303,3,903993,152.367,,0,0,2081306,0,,,,,
Instances/Instances 1/rl5934_04.gt,5933,1000.0,86400.0,PTVRP_LAYERED_CONT,2127667.0,157,1,0.0295,154,154,2,456810,76.9948,,0,0,1241698,0,,,,,
Instances/Instances 1/rl5934_05.gt,5933,2000.0,86400.0,PTVRP_LAYERED_CONT,1299956.0,80,1,0.0183,76,76,1,228081,38.4428,,0,0,660163,0,,,,,
Instances/Instances 1/rl5934_06.gt,5933,5000.0,86400.0,PTVRP_LAYERED_CONT,833835.0,34,1,0.0113,31,31,1,92744,15.6319,,0,0,327294,0,,,,,
Instances/Instances 1/rl5934_07.gt,5933,10000.0,86400.0,PTVRP_LAYERED_CONT,681392.0,19,1,0.0088,16,16,1,48158,8.11697,,0,0,237716,0,,,,,
Instances/Instances 1/rl5934_08.gt,5933,20000.0,86400.0,PTVRP_LAYERED_CONT,613159.0,9,1,0.0078,8,8,1,25285,4.26176,,0,0,147785,0,,,,,
Instances/Instances 1/rl5934_09.gt,5933,50000.0,86400.0,PTVRP_LAYERED_CONT,610282.0,9,1,0.0081,4,4,1,12027,2.02714,,0,0,419337,0,,,,,
Instances/Instances 1/rl5934_10.gt,5933,100000.0,86400.0,PTVRP_LAYERED_CONT,610282.0,9,1,0.0079,2,2,1,8021,1.35193,,0,0,827766,0,,,,,
Instances/Instances 1/rw1621_01.gt,1620,100.0,86400.0,PTVRP_LAYERED_CONT,505772.0,301,5,0.0224,419,419,8,341751,210.957,,0,0,537965,0,,,,,
Instances/Instances 1/rw1621_02.gt,1620,200.0,86400.0,PTVRP_LAYERED_CONT,256645.0,193,2,0.0137,208,208,4,167372,103.316,,0,0,267151,0,,,,,
Instances/Instances 1/rw1621_03.gt,1620,500.0,86400.0,PTVRP_LAYERED_CONT,115222.0,87,1,0.0075,83,83,3,67435,41.6265,,0,0,94355,0,,,,,
Instances/Instances 1/rw1621_04.gt,1620,1000.0,86400.0,PTVRP_LAYERED_CONT,69012.0,45,1,0.0054,43,43,2,35530,21.9321,,0,0,39669,0,,,,,
Instances/Instances 1/rw1621_05.gt,1620,2000.0,86400.0,PTVRP_LAYERED_CONT,47035.0,23,1,0.0042,21,21,1,17788,10.9802,,0,0,13596,0,,,,,
Instances/Instances 1/rw1621_06.gt,1620,5000.0,86400.0,PTVRP_LAYERED_CONT,33470.0,10,1,0.0038,9,9,1,7525,4.64506,,0,0,2895,0,,,,,
Instances/Instances 1/rw1621_07.gt,1620,10000.0,86400.0,PTVRP_LAYERED_CONT,29392.0,5,1,0.0033,5,5,1,4157,2.56605,,0,0,61,0,,,,,
Instances/Instances 1/rw1621_08.gt,1620,20000.0,86400.0,PTVRP_LAYERED_CONT,27739.0,3,1,0.0032,3,3,1,2495,1.54012,,0,0,0,0,,,,,
Instances/Instances 1/rw1621_09.gt,1620,50000.0,86400.0,PTVRP_LAYERED_CONT,27418.0,1,1,0.0031,1,1,1,1620,1.0,,0,0,0,0,,,,,
Instances/Instances 1/rw1621_10.gt,1620,100000.0,86400.0,PTVRP_LAYERED_CONT,27418.0,1,1,0.0031,1,1,1,1620,1.0,,0,0,0,0,,,,,
Instances/Instances 1/st70_01.gt,69,100.0,86400.0,PTVRP_LAYERED_CONT,1877.0,16,2,0.0022,16,16,2,564,8.17391,,0,0,0,0,,,,,
Instances/Instances 1/st70_02.gt,69,200.0,86400.0,PTVRP_LAYERED_CONT,1254.0,9,1,0.0022,9,9,1,327,4.73913,,0,0,0,0,,,,,
Instances/Instances 1/st70_03.gt,69,500.0,86400.0,PTVRP_LAYERED_CONT,890.0,5,1,0.0023,4,4,1,166,2.4058,,0,0,0,0,,,,,
Instances/Instances 1/st70_04.gt,69,1000.0,86400.0,PTVRP_LAYERED_CONT,794.0,3,1,0.0022,2,2,1,93,1.34783,,0,0,0,0,,,,,
Instances/Instances 1/st70_05.gt,69,2000.0,86400.0,PTVRP_LAYERED_CONT,780.0,1,1,0.0022,1,1,1,69,1.0,,0,0,0,0,,,,,
Instances/Instances 1/st70_06.gt,69,5000.0,86400.0,PTVRP_LAYERED_CONT,780.0,1,1,0.0022,1,1,1,69,1.0,,0,0,0,0,,,,,
Instances/Instances 1/st70_07.gt,69,10000.0,86400.0,PTVRP_LAYERED_CONT,780.0,1,1,0.0021,1,1,1,69,1.0,,0,0,0,0,,,,,
Instances/Instances 1/st70_08.gt,69,20000.0,86400.0,PTVRP_LAYERED_CONT,780.0,1,1,0.0022,1,1,1,69,1.0,,0,0,0,0,,,,,
Instances/Instances 1/st70_09.gt,69,50000.0,86400.0,PTVRP_LAYERED_CONT,780.0,1,1,0.0021,1,1,1,69,1.0,,0,0,0,0,,,,,
Instances/Instances 1/st70_10.gt,69,100000.0,86400.0,PTVRP_LAYERED_CONT,780.0,1,1,0.0022,1,1,1,69,1.0,,0,0,0,0,,,,,
Instances/Instances 1/sw24978_01.gt,24977,100.0,86400.0,PTVRP_LAYERED_CONT,43962617.0,3462,7,3.47,6385,6385,9,79516134,3183.57,,0,0,90742866,0,,,,,
Instances/Instances 1/sw24978_02.gt,24977,200.0,86400.0,PTVRP_LAYERED_CONT,22326305.0,2493,4,1.6665,3180,3180,7,39845809,1595.3,,1,0,47020300,0,,,,,
Instances/Instances 1/sw24978_03.gt,24977,500.0,86400.0,PTVRP_LAYERED_CONT,9310817.0,1274,2,0.668,1272,1272,3,15882014,635.866,,0,0,18965116,0,,,,,
Instances/Instances 1/sw24978_04.gt,24977,1000.0,86400.0,PTVRP_LAYERED_CONT,5042409.0,657,1,0.3584,641,641,3,7987566,319.797,,0,0,9463823,0,,,,,
Instances/Instances 1/sw24978_05.gt,24977,2000.0,86400.0,PTVRP_LAYERED_CONT,2891595.0,325,1,0.1839,316,316,2,3957541,158.447,,0,0,4634201,0,,,,,
Instances/Instances 1/sw24978_06.gt,24977,5000.0,86400.0,PTVRP_LAYERED_CONT,1662823.0,133,1,0.0894,129,129,1,1609879,64.4545,,0,0,1933737,0,,,,,
Instances/Instances 1/sw24978_07.gt,24977,10000.0,86400.0,PTVRP_LAYERED_CONT,1244321.0,68,1,0.056,64,64,1,805913,32.2662,,0,0,982768,0,,,,,
Instances/Instances 1/sw24978_08.gt,24977,20000.0,86400.0,PTVRP_LAYERED_CONT,1039172.0,36,1,0.0379,32,32,1,412167,16.5019,,0,0,560840,0,,,,,
Instances/Instances 1/sw24978_09.gt,24977,50000.0,86400.0,PTVRP_LAYERED_CONT,938916.0,16,1,0.0263,13,13,1,171280,6.85751,,0,0,626619,0,,,,,
Instances/Instances 1/sw24978_10.gt,24977,100000.0,86400.0,PTVRP_LAYERED_CONT,921494.0,13,1,0.0245,7,7,1,92448,3.70133,,0,0,1580957,0,,,,,
Instances/Instances 1/ts225_01.gt,224,100.0,86400.0,PTVRP_LAYERED_CONT,753549.0,57,2,0.0035,57,57,4,6425,28.683,,0,0,8120,0,,,,,
Instances/Instances 1/ts225_02.gt,224,200.0,86400.0,PTVRP_LAYERED_CONT,464853.0,35,1,0.0027,32,32,2,3623,16.1741,,0,0,5055,0,,,,,
Instances/Instances 1/ts225_03.gt,224,500.0,86400.0,PTVRP_LAYERED_CONT,238729.0,13,1,0.0024,12,12,1,1399,6.24554,,0,0,1950,0,,,,,
Instances/Instances 1/ts225_04.gt,224,1000.0,86400.0,PTVRP_LAYERED_CONT,175964.0,7,1,0.0024,6,6,1,776,3.46429,,0,0,933,0,,,,,
Instances/Instances 1/ts225_05.gt,224,2000.0,86400.0,PTVRP_LAYERED_CONT,148763.0,4,1,0.0023,3,3,1,443,1.97768,,0,0,1000,0,,,,,
Instances/Instances 1/ts225_06.gt,224,5000.0,86400.0,PTVRP_LAYERED_CONT,143060.0,3,1,0.0023,2,2,1,247,1.10268,,0,0,151,0,,,,,
Instances/Instances 1/ts225_07.gt,224,10000.0,86400.0,PTVRP_LAYERED_CONT,143060.0,3,1,0.0023,1,1,1,224,1.0,,0,0,130,0,,,,,
Instances/Instances 1/ts225_08.gt,224,20000.0,86400.0,PTVRP_LAYERED_CONT,143060.0,3,1,0.0024,1,1,1,224,1.0,,0,0,130,0,,,,,
Instances/Instances 1/ts225_09.gt,224,50000.0,86400.0,PTVRP_LAYERED_CONT,143060.0,3,1,0.0022,1,1,1,224,1.0,,0,0,130,0,,,,,
Instances/Instances 1/ts225_10.gt,224,100000.0,86400.0,PTVRP_LAYERED_CONT,143060.0,3,1,0.0024,1,1,1,224,1.0,,0,0,130,0,,,,,
Instances/Instances 1/tsp225_01.gt,224,100.0,86400.0,PTVRP_LAYERED_CONT,20111.0,59,2,0.0028,57,57,3,6653,29.7009,,0,0,1164,0,,,,,
Instances/Instances 1/tsp225_02.gt,224,200.0,86400.0,PTVRP_LAYERED_CONT,12470.0,33,2,0.0026,32,32,2,3491,15.5848,,0,0,137,0,,,,,
Instances/Instances 1/tsp225_03.gt,224,500.0,86400.0,PTVRP_LAYERED_CONT,6755.0,13,1,0.0024,12,12,1,1403,6.26339,,0,0,0,0,,,,,
Instances/Instances 1/tsp225_04.gt,224,1000.0,86400.0,PTVRP_LAYERED_CONT,5378.0,7,1,0.0024,6,6,1,774,3.45536,,0,0,0,0,,,,,
Instances/Instances 1/tsp225_05.gt,224,2000.0,86400.0,PTVRP_LAYERED_CONT,4684.0,3,1,0.0023,3,3,1,433,1.93304,,0,0,0,0,,,,,
Instances/Instances 1/tsp225_06.gt,224,5000.0,86400.0,PTVRP_LAYERED_CONT,4425.0,2,1,0.0023,2,2,1,236,1.05357,,0,0,0,0,,,,,
Instances/Instances 1/tsp225_07.gt,224,10000.0,86400.0,PTVRP_LAYERED_CONT,4418.0,1,1,0.0022,1,1,1,224,1.0,,0,0,0,0,,,,,
Instances/Instances 1/tsp225_08.gt,224,20000.0,86400.0,PTVRP_LAYERED_CONT,4418.0,1,1,0.0023,1,1,1,224,1.0,,0,0,0,0,,,,,
Instances/Instances 1/tsp225_09.gt,224,50000.0,86400.0,PTVRP_LAYERED_CONT,4418.0,1,1,0.0022,1,1,1,224,1.0,,0,0,0,0,,,,,
Instances/Instances 1/tsp225_10.gt,224,100000.0,86400.0,PTVRP_LAYERED_CONT,4418.0,1,1,0.0024,1,1,1,224,1.0,,0,0,0,0,,,,,
Instances/Instances 1/tz6117_01.gt,6116,100.0,86400.0,PTVRP_LAYERED_CONT,12551427.0,955,6,0.2114,1545,1545,8,4745488,775.914,,0,0,6074466,0,,,,,
Instances/Instances 1/tz6117_02.gt,6116,200.0,86400.0,PTVRP_LAYERED_CONT,6569900.0,668,4,0.1156,790,790,6,2428778,397.119,,0,0,3363445,0,,,,,
Instances/Instances 1/tz6117_03.gt,6116,500.0,86400.0,PTVRP_LAYERED_CONT,2774760.0,313,2,0.0514,311,311,4,958621,156.74,,0,0,1371578,0,,,,,
Instances/Instances 1/tz6117_04.gt,6116,1000.0,86400.0,PTVRP_LAYERED_CONT,1571641.0,163,1,0.0297,158,158,2,485387,79.3635,,0,0,683482,0,,,,,
Instances/Instances 1/tz6117_05.gt,6116,2000.0,86400.0,PTVRP_LAYERED_CONT,952249.0,80,1,0.0185,77,77,2,237967,38.9089,,0,0,321177,0,,,,,
Instances/Instances 1/tz6117_06.gt,6116,5000.0,86400.0,PTVRP_LAYERED_CONT,619718.0,33,1,0.0111,32,32,1,99321,16.2395,,0,0,135399,0,,,,,
Instances/Instances 1/tz6117_07.gt,6116,10000.0,86400.0,PTVRP_LAYERED_CONT,499588.0,18,1,0.0089,16,16,1,51184,8.36887,,0,0,68579,0,,,,,
Instances/Instances 1/tz6117_08.gt,6116,20000.0,86400.0,PTVRP_LAYERED_CONT,441005.0,9,1,0.0073,8,8,1,26966,4.40909,,0,0,46494,0,,,,,
Instances/Instances 1/tz6117_09.gt,6116,50000.0,86400.0,PTVRP_LAYERED_CONT,422925.0,6,1,0.0065,4,4,1,12611,2.06197,,0,0,110785,0,,,,,
Instances/Instances 1/tz6117_10.gt,6116,100000.0,86400.0,PTVRP_LAYERED_CONT,422925.0,6,1,0.0066,2,2,1,8330,1.362,,0,0,180190,0,,,,,
Instances/Instances 1/u1060_01.gt,1059,100.0,86400.0,PTVRP_LAYERED_CONT,2929446.0,220,3,0.0103,272,272,5,142100,134.183,,0,0,186225,0,,,,,
Instances/Instances 1/u1060_02.gt,1059,200.0,86400.0,PTVRP_LAYERED_CONT,1537507.0,130,3,0.0072,133,133,3,70277,66.3617,,0,0,101676,0,,,,,
Instances/Instances 1/u1060_03.gt,1059,500.0,86400.0,PTVRP_LAYERED_CONT,729871.0,59,1,0.0046,56,56,2,29806,28.1454,,0,0,41779,0,,,,,
Instances/Instances 1/u1060_04.gt,1059,1000.0,86400.0,PTVRP_LAYERED_CONT,469462.0,29,1,0.0038,28,28,1,15116,14.2738,,0,0,22373,0,,,,,
Instances/Instances 1/u1060_05.gt,1059,2000.0,86400.0,PTVRP_LAYERED_CONT,342351.0,15,1,0.0034,14,14,1,7724,7.29367,,0,0,10330,0,,,,,
Instances/Instances 1/u1060_06.gt,1059,5000.0,86400.0,PTVRP_LAYERED_CONT,262408.0,7,1,0.003,6,6,1,3414,3.2238,,0,0,6611,0,,,,,
Instances/Instances 1/u1060_07.gt,1059,10000.0,86400.0,PTVRP_LAYERED_CONT,245381.0,4,1,0.0031,3,3,1,1956,1.84703,,0,0,3843,0,,,,,
Instances/Instances 1/u1060_08.gt,1059,20000.0,86400.0,PTVRP_LAYERED_CONT,245381.0,4,1,0.0033,2,2,1,1346,1.27101,,0,0,7219,0,,,,,
Instances/Instances 1/u1060_09.gt,1059,50000.0,86400.0,PTVRP_LAYERED_CONT,245381.0,4,1,0.0038,1,1,1,1059,1.0,,0,0,6680,0,,,,,
Instances/Instances 1/u1060_10.gt,1059,100000.0,86400.0,PTVRP_LAYERED_CONT,245381.0,4,1,0.0031,1,1,1,1059,1.0,,0,0,6680,0,,,,,
Instances/Instances 1/u1432_01.gt,1431,100.0,86400.0,PTVRP_LAYERED_CONT,1689644.0,295,3,0.016,351,351,4,256028,178.915,,0,0,297136,0,,,,,
Instances/Instances 1/u1432_02.gt,1431,200.0,86400.0,PTVRP_LAYERED_CONT,930390.0,189,2,0.0103,184,184,3,132223,92.399,,0,0,154049,0,,,,,
Instances/Instances 1/u1432_03.gt,1431,500.0,86400.0,PTVRP_LAYERED_CONT,439256.0,76,1,0.0061,72,72,2,52100,36.4081,,0,0,59502,0,,,,,
Instances/Instances 1/u1432_04.gt,1431,1000.0,86400.0,PTVRP_LAYERED_CONT,289266.0,39,1,0.0046,37,37,1,26981,18.8546,,0,0,29300,0,,,,,
Instances/Instances 1/u1432_05.gt,1431,2000.0,86400.0,PTVRP_LAYERED_CONT,217969.0,22,1,0.004,19,19,1,13825,9.66108,,0,0,14219,0,,,,,
Instances/Instances 1/u1432_06.gt,1431,5000.0,86400.0,PTVRP_LAYERED_CONT,173513.0,9,1,0.0033,8,8,1,5980,4.1789,,0,0,5639,0,,,,,
Instances/Instances 1/u1432_07.gt,1431,10000.0,86400.0,PTVRP_LAYERED_CONT,163339.0,6,1,0.0035,4,4,1,3395,2.37247,,0,0,4729,0,,,,,
Instances/Instances 1/u1432_08.gt,1431,20000.0,86400.0,PTVRP_LAYERED_CONT,157856.0,3,1,0.0031,2,2,1,2079,1.45283,,0,0,1954,0,,,,,
Instances/Instances 1/u1432_09.gt,1431,50000.0,86400.0,PTVRP_LAYERED_CONT,157856.0,3,1,0.0031,1,1,1,1431,1.0,,0,0,972,0,,,,,
Instances/Instances 1/u1432_10.gt,1431,100000.0,86400.0,PTVRP_LAYERED_CONT,157856.0,3,1,0.003,1,1,1,1431,1.0,,0,0,972,0,,,,,
Instances/Instances 1/u159_01.gt,158,100.0,86400.0,PTVRP_LAYERED_CONT,235559.0,43,2,0.0027,42,42,3,3422,21.6582,,0,0,3539,0,,,,,
Instances/Instances 1/u159_02.gt,158,200.0,86400.0,PTVRP_LAYERED_CONT,124624.0,21,1,0.0025,20,20,2,1602,10.1392,,0,0,1344,0,,,,,
Instances/Instances 1/u159_03.gt,158,500.0,86400.0,PTVRP_LAYERED_CONT,70246.0,9,1,0.003,8,8,1,646,4.08861,,0,0,331,0,,,,,
Instances/Instances 1/u159_04.gt,158,1000.0,86400.0,PTVRP_LAYERED_CONT,55116.0,4,1,0.0023,4,4,1,381,2.41139,,0,0,50,0,,,,,
Instances/Instances 1/u159_05.gt,158,2000.0,86400.0,PTVRP_LAYERED_CONT,49328.0,3,1,0.0022,2,2,1,235,1.48734,,0,0,0,0,,,,,
Instances/Instances 1/u159_06.gt,158,5000.0,86400.0,PTVRP_LAYERED_CONT,47792.0,1,1,0.003,1,1,1,158,1.0,,0,0,0,0,,,,,
Instances/Instances 1/u159_07.gt,158,10000.0,86400.0,PTVRP_LAYERED_CONT,47792.0,1,1,0.0024,1,1,1,158,1.0,,0,0,0,0,,,,,
Instances/Instances 1/u159_08.gt,158,20000.0,86400.0,PTVRP_LAYERED_CONT,47792.0,1,1,0.0022,1,1,1,158,1.0,,0,0,0,0,,,,,
Instances/Instances 1/u159_09.gt,158,50000.0,86400.0,PTVRP_LAYERED_CONT,47792.0,1,1,0.0026,1,1,1,158,1.0,,0,0,0,0,,,,,
Instances/Instances 1/u159_10.gt,158,100000.0,86400.0,PTVRP_LAYERED_CONT,47792.0,1,1,0.0023,1,1,1,158,1.0,,0,0,0,0,,,,,
Instances/Instances 1/u1817_01.gt,1816,100.0,86400.0,PTVRP_LAYERED_CONT,908323.0,349,4,0.0245,466,466,5,430121,236.851,,0,0,550529,0,,,,,
Instances/Instances 1/u1817_02.gt,1816,200.0,86400.0,PTVRP_LAYERED_CONT,471171.0,234,2,0.0147,232,232,3,210937,116.155,,0,0,290942,0,,,,,
Instances/Instances 1/u1817_03.gt,1816,500.0,86400.0,PTVRP_LAYERED_CONT,214917.0,97,1,0.008,93,93,2,83999,46.255,,0,0,107477,0,,,,,
Instances/Instances 1/u1817_04.gt,1816,1000.0,86400.0,PTVRP_LAYERED_CONT,136524.0,50,1,0.0058,47,47,1,43360,23.8767,,0,0,54207,0,,,,,
Instances/Instances 1/u1817_05.gt,1816,2000.0,86400.0,PTVRP_LAYERED_CONT,94826.0,26,1,0.0045,24,24,1,22161,12.2032,,0,0,25825,0,,,,,
Instances/Instances 1/u1817_06.gt,1816,5000.0,86400.0,PTVRP_LAYERED_CONT,71523.0,11,1,0.0037,10,10,1,9305,5.1239,,0,0,7806,0,,,,,
Instances/Instances 1/u1817_07.gt,1816,10000.0,86400.0,PTVRP_LAYERED_CONT,64609.0,6,1,0.0035,5,5,1,5184,2.85463,,0,0,2255,0,,,,,
Instances/Instances 1/u1817_08.gt,1816,20000.0,86400.0,PTVRP_LAYERED_CONT,61253.0,3,1,0.0032,3,3,1,3091,1.70209,,0,0,688,0,,,,,
Instances/Instances 1/u1817_09.gt,1816,50000.0,86400.0,PTVRP_LAYERED_CONT,60413.0,2,1,0.0031,1,1,1,1816,1.0,,0,0,0,0,,,,,
Instances/Instances 1/u1817_10.gt,1816,100000.0,86400.0,PTVRP_LAYERED_CONT,60413.0,2,1,0.0032,1,1,1,1816,1.0,,0,0,0,0,,,,,
Instances/Instances 1/u2152_01.gt,2151,100.0,86400.0,PTVRP_LAYERED_CONT,1077821.0,423,4,0.0317,551,551,5,585695,272.29,,0,0,737723,0,,,,,
Instances/Instances 1/u2152_02.gt,2151,200.0,86400.0,PTVRP_LAYERED_CONT,564444.0,269,3,0.0191,274,274,3,294690,137.001,,0,0,408208,0,,,,,
Instances/Instances 1/u2152_03.gt,2151,500.0,86400.0,PTVRP_LAYERED_CONT,256154.0,117,1,0.0101,111,111,2,118060,54.8861,,0,0,153485,0,,,,,
Instances/Instances 1/u2152_04.gt,2151,1000.0,86400.0,PTVRP_LAYERED_CONT,157044.0,58,1,0.0069,55,55,1,60827,28.2785,,0,0,77632,0,,,,,
Instances/Instances 1/u2152_05.gt,2151,2000.0,86400.0,PTVRP_LAYERED_CONT,108100.0,29,1,0.0053,28,28,1,30502,14.1804,,0,0,33393,0,,,,,
Instances/Instances 1/u2152_06.gt,2151,5000.0,86400.0,PTVRP_LAYERED_CONT,80318.0,13,1,0.0045,11,11,1,13034,6.05951,,0,0,11568,0,,,,,
Instances/Instances 1/u2152_07.gt,2151,10000.0,86400.0,PTVRP_LAYERED_CONT,71831.0,7,1,0.0039,6,6,1,7043,3.27429,,0,0,4308,0,,,,,
Instances/Instances 1/u2152_08.gt,2151,20000.0,86400.0,PTVRP_LAYERED_CONT,68776.0,5,1,0.0037,3,3,1,4105,1.90841,,0,0,2125,0,,,,,
Instances/Instances 1/u2152_09.gt,2151,50000.0,86400.0,PTVRP_LAYERED_CONT,67272.0,2,1,0.0034,2,2,1,2349,1.09205,,0,0,1079,0,,,,,
Instances/Instances 1/u2152_10.gt,2151,100000.0,86400.0,PTVRP_LAYERED_CONT,67272.0,2,1,0.0035,1,1,1,2151,1.0,,0,0,0,0,,,,,
Instances/Instances 1/u2319_01.gt,2318,100.0,86400.0,PTVRP_LAYERED_CONT,2655554.0,494,4,0.0364,593,593,4,685288,295.638,,0,0,748908,0,,,,,
Instances/Instances 1/u2319_02.gt,2318,200.0,86400.0,PTVRP_LAYERED_CONT,1410729.0,307,2,0.0209,297,297,2,345710,149.142,,0,0,374240,0,,,,,
Instances/Instances 1/u2319_03.gt,2318,500.0,86400.0,PTVRP_LAYERED_CONT,676171.0,126,1,0.0109,119,119,2,140214,60.4892,,0,0,149583,0,,,,,
Instances/Instances 1/u2319_04.gt,2318,1000.0,86400.0,PTVRP_LAYERED_CONT,444889.0,65,1,0.0073,60,60,1,69693,30.066,,0,0,73435,0,,,,,
Instances/Instances 1/u2319_05.gt,2318,2000.0,86400.0,PTVRP_LAYERED_CONT,328171.0,32,1,0.0056,30,30,1,34780,15.0043,,0,0,36070,0,,,,,
Instances/Instances 1/u2319_06.gt,2318,5000.0,86400.0,PTVRP_LAYERED_CONT,267819.0,14,1,0.0044,12,12,1,14992,6.46764,,0,0,16400,0,,,,,
Instances/Instances 1/u2319_07.gt,2318,10000.0,86400.0,PTVRP_LAYERED_CONT,250126.0,8,1,0.0041,6,6,1,8060,3.47714,,0,0,9769,0,,,,,
Instances/Instances 1/u2319_08.gt,2318,20000.0,86400.0,PTVRP_LAYERED_CONT,243057.0,4,1,0.0037,3,3,1,4620,1.9931,,0,0,6391,0,,,,,
Instances/Instances 1/u2319_09.gt,2318,50000.0,86400.0,PTVRP_LAYERED_CONT,243057.0,4,1,0.0037,2,2,1,2686,1.15876,,0,0,3547,0,,,,,
Instances/Instances 1/u2319_10.gt,2318,100000.0,86400.0,PTVRP_LAYERED_CONT,243057.0,4,1,0.0035,1,1,1,2318,1.0,,0,0,3030,0,,,,,
Instances/Instances 1/u574_01.gt,573,100.0,86400.0,PTVRP_LAYERED_CONT,315211.0,137,2,0.005,149,149,4,42349,73.9075,,0,0,43362,0,,,,,
Instances/Instances 1/u574_02.gt,573,200.0,86400.0,PTVRP_LAYERED_CONT,170127.0,80,2,0.0042,74,74,2,21795,38.0366,,0,0,21996,0,,,,,
Instances/Instances 1/u574_03.gt,573,500.0,86400.0,PTVRP_LAYERED_CONT,84338.0,32,1,0.0031,29,29,1,8389,14.6405,,0,0,6330,0,,,,,
Instances/Instances 1/u574_04.gt,573,1000.0,86400.0,PTVRP_LAYERED_CONT,59257.0,16,1,0.0029,15,15,1,4502,7.85689,,0,0,2875,0,,,,,
Instances/Instances 1/u574_05.gt,573,2000.0,86400.0,PTVRP_LAYERED_CONT,47781.0,9,1,0.0029,8,8,1,2388,4.16754,,0,0,879,0,,,,,
Instances/Instances 1/u574_06.gt,573,5000.0,86400.0,PTVRP_LAYERED_CONT,41906.0,4,1,0.0026,4,4,1,1148,2.00349,,0,0,8,0,,,,,
Instances/Instances 1/u574_07.gt,573,10000.0,86400.0,PTVRP_LAYERED_CONT,40177.0,2,1,0.0025,2,2,1,766,1.33682,,0,0,0,0,,,,,
Instances/Instances 1/u574_08.gt,573,20000.0,86400.0,PTVRP_LAYERED_CONT,40130.0,1,1,0.0026,1,1,1,573,1.0,,0,0,0,0,,,,,
Instances/Instances 1/u574_09.gt,573,50000.0,86400.0,PTVRP_LAYERED_CONT,40130.0,1,1,0.0025,1,1,1,573,1.0,,0,0,0,0,,,,,
Instances/Instances 1/u574_10.gt,573,100000.0,86400.0,PTVRP_LAYERED_CONT,40130.0,1,1,0.0025,1,1,1,573,1.0,,0,0,0,0,,,,,
Instances/Instances 1/u724_01.gt,723,100.0,86400.0,PTVRP_LAYERED_CONT,394021.0,162,4,0.0066,187,187,5,68102,94.1936,,0,0,72074,0,,,,,
Instances/Instances 1/u724_02.gt,723,200.0,86400.0,PTVRP_LAYERED_CONT,211719.0,99,2,0.0047,93,93,3,33556,46.4122,,0,0,34154,0,,,,,
Instances/Instances 1/u724_03.gt,723,500.0,86400.0,PTVRP_LAYERED_CONT,103492.0,38,1,0.0036,36,36,2,13177,18.2254,,0,0,11403,0,,,,,
Instances/Instances 1/u724_04.gt,723,1000.0,86400.0,PTVRP_LAYERED_CONT,72273.0,21,1,0.0031,19,19,1,7013,9.69986,,0,0,4636,0,,,,,
Instances/Instances 1/u724_05.gt,723,2000.0,86400.0,PTVRP_LAYERED_CONT,55174.0,11,1,0.003,10,10,1,3692,5.1065,,0,0,1850,0,,,,,
Instances/Instances 1/u724_06.gt,723,5000.0,86400.0,PTVRP_LAYERED_CONT,46182.0,5,1,0.0026,4,4,1,1760,2.4343,,0,0,228,0,,,,,
Instances/Instances 1/u724_07.gt,723,10000.0,86400.0,PTVRP_LAYERED_CONT,45169.0,3,1,0.0026,2,2,1,1032,1.42739,,0,0,0,0,,,,,
Instances/Instances 1/u724_08.gt,723,20000.0,86400.0,PTVRP_LAYERED_CONT,44989.0,1,1,0.0025,1,1,1,723,1.0,,0,0,0,0,,,,,
Instances/Instances 1/u724_09.gt,723,50000.0,86400.0,PTVRP_LAYERED_CONT,44989.0,1,1,0.0026,1,1,1,723,1.0,,0,0,0,0,,,,,
Instances/Instances 1/u724_10.gt,723,100000.0,86400.0,PTVRP_LAYERED_CONT,44989.0,1,1,0.0026,1,1,1,723,1.0,,0,0,0,0,,,,,
Instances/Instances 1/usa13509_01.gt,13508,100.0,86400.0,PTVRP_LAYERED_CONT,NO SOLUTION,,,0.6348,3453,3453,0,23224029,1719.28,,0,0,13508,0,,,,,
Instances/Instances 1/usa13509_02.gt,13508,200.0,86400.0,PTVRP_LAYERED_CONT,NO SOLUTION,,,0.3273,1713,1713,0,11604945,859.116,,0,0,13508,0,,,,,
Instances/Instances 1/usa13509_03.gt,13508,500.0,86400.0,PTVRP_LAYERED_CONT,NO SOLUTION,,,0.1416,688,688,0,4671608,345.84,,0,0,13508,0,,,,,
Instances/Instances 1/usa13509_04.gt,13508,1000.0,86400.0,PTVRP_LAYERED_CONT,NO SOLUTION,,,0.0758,345,345,0,2339805,173.216,,0,0,13508,0,,,,,
Instances/Instances 1/usa13509_05.gt,13508,2000.0,86400.0,PTVRP_LAYERED_CONT,NO SOLUTION,,,0.0432,173,173,0,1167403,86.4231,,0,0,13508,0,,,,,
Instances/Instances 1/usa13509_06.gt,13508,5000.0,86400.0,PTVRP_LAYERED_CONT,NO SOLUTION,,,0.0256,69,69,0,469283,34.7411,,0,0,13508,0,,,,,
Instances/Instances 1/usa13509_07.gt,13508,10000.0,86400.0,PTVRP_LAYERED_CONT,NO SOLUTION,,,0.0176,35,35,0,242120,17.9242,,0,0,13508,0,,,,,
Instances/Instances 1/usa13509_08.gt,13508,20000.0,86400.0,PTVRP_LAYERED_CONT,NO SOLUTION,,,0.0139,18,18,0,122577,9.0744,,0,0,13508,0,,,,,
Instances/Instances 1/usa13509_09.gt,13508,50000.0,86400.0,PTVRP_LAYERED_CONT,NO SOLUTION,,,0.0117,7,7,0,53307,3.94633,,0,0,13508,0,,,,,
Instances/Instances 1/usa13509_10.gt,13508,100000.0,86400.0,PTVRP_LAYERED_CONT,NO SOLUTION,,,0.0109,4,4,0,30249,2.23934,,0,0,13508,0,,,,,
Instances/Instances 1/uy734_01.gt,733,100.0,86400.0,PTVRP_LAYERED_CONT,732294.0,158,3,0.007,184,184,6,66859,91.2128,,0,0,81164,0,,,,,
Instances/Instances 1/uy734_02.gt,733,200.0,86400.0,PTVRP_LAYERED_CONT,411705.0,99,3,0.0055,98,98,3,35742,48.7613,,0,0,43326,0,,,,,
Instances/Instances 1/uy734_03.gt,733,500.0,86400.0,PTVRP_LAYERED_CONT,199476.0,40,1,0.0039,38,38,1,14062,19.1842,,0,0,15470,0,,,,,
Instances/Instances 1/uy734_04.gt,733,1000.0,86400.0,PTVRP_LAYERED_CONT,136400.0,21,1,0.0036,19,19,1,7209,9.83492,,0,0,7162,0,,,,,
Instances/Instances 1/uy734_05.gt,733,2000.0,86400.0,PTVRP_LAYERED_CONT,105514.0,11,1,0.0029,10,10,1,3825,5.21828,,0,0,3187,0,,,,,
Instances/Instances 1/uy734_06.gt,733,5000.0,86400.0,PTVRP_LAYERED_CONT,90227.0,5,1,0.0029,4,4,1,1753,2.39154,,0,0,1031,0,,,,,
Instances/Instances 1/uy734_07.gt,733,10000.0,86400.0,PTVRP_LAYERED_CONT,85530.0,3,1,0.0026,2,2,1,1069,1.45839,,0,0,898,0,,,,,
Instances/Instances 1/uy734_08.gt,733,20000.0,86400.0,PTVRP_LAYERED_CONT,85164.0,1,1,0.0026,1,1,1,733,1.0,,0,0,0,0,,,,,
Instances/Instances 1/uy734_09.gt,733,50000.0,86400.0,PTVRP_LAYERED_CONT,85164.0,1,1,0.0027,1,1,1,733,1.0,,0,0,0,0,,,,,
Instances/Instances 1/uy734_10.gt,733,100000.0,86400.0,PTVRP_LAYERED_CONT,85164.0,1,1,0.0025,1,1,1,733,1.0,,0,0,0,0,,,,,
Instances/Instances 1/vm1084_01.gt,1083,100.0,86400.0,PTVRP_LAYERED_CONT,3726449.0,217,4,0.0109,278,278,5,150658,139.112,,0,0,227857,0,,,,,
Instances/Instances 1/vm1084_02.gt,1083,200.0,86400.0,PTVRP_LAYERED_CONT,1932716.0,130,3,0.0073,140,140,4,75473,69.6888,,0,0,141091,0,,,,,
Instances/Instances 1/vm1084_03.gt,1083,500.0,86400.0,PTVRP_LAYERED_CONT,881795.0,59,1,0.0049,56,56,2,30641,28.2927,,0,0,68149,0,,,,,
Instances/Instances 1/vm1084_04.gt,1083,1000.0,86400.0,PTVRP_LAYERED_CONT,538552.0,29,1,0.0039,28,28,1,15617,14.4201,,0,0,44741,0,,,,,
Instances/Instances 1/vm1084_05.gt,1083,2000.0,86400.0,PTVRP_LAYERED_CONT,381674.0,16,1,0.0035,14,14,1,8137,7.51339,,0,0,26473,0,,,,,
Instances/Instances 1/vm1084_06.gt,1083,5000.0,86400.0,PTVRP_LAYERED_CONT,285395.0,7,1,0.0032,6,6,1,3556,3.28347,,0,0,14006,0,,,,,
Instances/Instances 1/vm1084_07.gt,1083,10000.0,86400.0,PTVRP_LAYERED_CONT,260270.0,4,1,0.003,3,3,1,2087,1.92705,,0,0,10000,0,,,,,
Instances/Instances 1/vm1084_08.gt,1083,20000.0,86400.0,PTVRP_LAYERED_CONT,260270.0,4,1,0.003,2,2,1,1383,1.27701,,0,0,15817,0,,,,,
Instances/Instances 1/vm1084_09.gt,1083,50000.0,86400.0,PTVRP_LAYERED_CONT,260270.0,4,1,0.0029,1,1,1,1083,1.0,,0,0,15252,0,,,,,
Instances/Instances 1/vm1084_10.gt,1083,100000.0,86400.0,PTVRP_LAYERED_CONT,260270.0,4,1,0.0029,1,1,1,1083,1.0,,0,0,15252,0,,,,,
Instances/Instances 1/vm1748_01.gt,1747,100.0,86400.0,PTVRP_LAYERED_CONT,6327619.0,317,5,0.0222,450,450,5,392092,224.437,,0,0,571363,0,,,,,
Instances/Instances 1/vm1748_02.gt,1747,200.0,86400.0,PTVRP_LAYERED_CONT,3280108.0,216,3,0.0141,223,223,4,196979,112.753,,0,0,343879,0,,,,,
Instances/Instances 1/vm1748_03.gt,1747,500.0,86400.0,PTVRP_LAYERED_CONT,1460856.0,92,2,0.0083,90,90,2,79532,45.5249,,0,0,168626,0,,,,,
Instances/Instances 1/vm1748_04.gt,1747,1000.0,86400.0,PTVRP_LAYERED_CONT,890115.0,49,1,0.0062,46,46,1,40784,23.3452,,0,0,104645,0,,,,,
Instances/Instances 1/vm1748_05.gt,1747,2000.0,86400.0,PTVRP_LAYERED_CONT,609402.0,24,1,0.0047,23,23,1,20315,11.6285,,0,0,50653,0,,,,,
Instances/Instances 1/vm1748_06.gt,1747,5000.0,86400.0,PTVRP_LAYERED_CONT,428261.0,10,1,0.0038,9,9,1,8634,4.94219,,0,0,28586,0,,,,,
Instances/Instances 1/vm1748_07.gt,1747,10000.0,86400.0,PTVRP_LAYERED_CONT,376320.0,6,1,0.0035,5,5,1,4778,2.73497,,0,0,20226,0,,,,,
Instances/Instances 1/vm1748_08.gt,1747,20000.0,86400.0,PTVRP_LAYERED_CONT,370285.0,5,1,0.0033,3,3,1,2901,1.66056,,0,0,22886,0,,,,,
Instances/Instances 1/vm1748_09.gt,1747,50000.0,86400.0,PTVRP_LAYERED_CONT,370285.0,5,1,0.0032,1,1,1,1747,1.0,,0,0,30206,0,,,,,
Instances/Instances 1/vm1748_10.gt,1747,100000.0,86400.0,PTVRP_LAYERED_CONT,370285.0,5,1,0.0032,1,1,1,1747,1.0,,0,0,30206,0,,,,,
Instances/Instances 1/vm22775_01.gt,22774,100.0,86400.0,PTVRP_LAYERED_CONT,54441730.0,2712,8,2.9022,5807,5807,10,66236007,2908.4,,0,0,80637769,0,,,,,
Instances/Instances 1/vm22775_02.gt,22774,200.0,86400.0,PTVRP_LAYERED_CONT,27584502.0,1942,5,1.4383,2904,2904,7,33154827,1455.82,,0,0,43295017,0,,,,,
Instances/Instances 1/vm22775_03.gt,22774,500.0,86400.0,PTVRP_LAYERED_CONT,11229261.0,1107,3,0.5828,1158,1158,4,13253574,581.961,,0,0,18233947,0,,,,,
Instances/Instances 1/vm22775_04.gt,22774,1000.0,86400.0,PTVRP_LAYERED_CONT,5855160.0,588,2,0.3052,580,580,3,6616084,290.51,,0,0,9085371,0,,,,,
Instances/Instances 1/vm22775_05.gt,22774,2000.0,86400.0,PTVRP_LAYERED_CONT,3205006.0,296,1,0.1648,292,292,3,3326309,146.057,,0,0,4506768,0,,,,,
Instances/Instances 1/vm22775_06.gt,22774,5000.0,86400.0,PTVRP_LAYERED_CONT,1611192.0,118,1,0.0783,116,116,2,1324614,58.1634,,0,0,1756846,0,,,,,
Instances/Instances 1/vm22775_07.gt,22774,10000.0,86400.0,PTVRP_LAYERED_CONT,1085937.0,61,1,0.0501,59,59,1,675949,29.6807,,0,0,905609,0,,,,,
Instances/Instances 1/vm22775_08.gt,22774,20000.0,86400.0,PTVRP_LAYERED_CONT,824494.0,30,1,0.0348,30,30,1,343120,15.0663,,0,0,465813,0,,,,,
Instances/Instances 1/vm22775_09.gt,22774,50000.0,86400.0,PTVRP_LAYERED_CONT,667934.0,13,1,0.0235,12,12,1,142919,6.27553,,0,0,268785,0,,,,,
Instances/Instances 1/vm22775_10.gt,22774,100000.0,86400.0,PTVRP_LAYERED_CONT,630951.0,8,1,0.0212,6,6,1,77519,3.40384,,0,0,746919,0,,,,,
Instances/Instances 1/wi29_01.gt,28,100.0,86400.0,PTVRP_LAYERED_CONT,63832.0,8,1,0.0033,7,7,1,112,4.0,,0,0,35,0,,,,,
Instances/Instances 1/wi29_02.gt,28,200.0,86400.0,PTVRP_LAYERED_CONT,43652.0,5,1,0.0032,4,4,1,56,2.0,,0,0,4,0,,,,,
Instances/Instances 1/wi29_03.gt,28,500.0,86400.0,PTVRP_LAYERED_CONT,34911.0,3,1,0.0029,2,2,1,36,1.28571,,0,0,0,0,,,,,
Instances/Instances 1/wi29_04.gt,28,1000.0,86400.0,PTVRP_LAYERED_CONT,33110.0,1,1,0.0029,1,1,1,28,1.0,,0,0,0,0,,,,,
Instances/Instances 1/wi29_05.gt,28,2000.0,86400.0,PTVRP_LAYERED_CONT,33110.0,1,1,0.0028,1,1,1,28,1.0,,0,0,0,0,,,,,
Instances/Instances 1/wi29_06.gt,28,5000.0,86400.0,PTVRP_LAYERED_CONT,33110.0,1,1,0.0023,1,1,1,28,1.0,,0,0,0,0,,,,,
Instances/Instances 1/wi29_07.gt,28,10000.0,86400.0,PTVRP_LAYERED_CONT,33110.0,1,1,0.0023,1,1,1,28,1.0,,0,0,0,0,,,,,
Instances/Instances 1/wi29_08.gt,28,20000.0,86400.0,PTVRP_LAYERED_CONT,33110.0,1,1,0.0028,1,1,1,28,1.0,,0,0,0,0,,,,,
Instances/Instances 1/wi29_09.gt,28,50000.0,86400.0,PTVRP_LAYERED_CONT,33110.0,1,1,0.0028,1,1,1,28,1.0,,0,0,0,0,,,,,
Instances/Instances 1/wi29_10.gt,28,100000.0,86400.0,PTVRP_LAYERED_CONT,33110.0,1,1,0.0026,1,1,1,28,1.0,,0,0,0,0,,,,,
Instances/Instances 1/ym7663_01.gt,7662,100.0,86400.0,PTVRP_LAYERED_CONT,7752216.0,1133,5,0.3221,1951,1951,8,7495663,978.291,,0,0,9141947,0,,,,,
Instances/Instances 1/ym7663_02.gt,7662,200.0,86400.0,PTVRP_LAYERED_CONT,4018081.0,839,3,0.1733,990,990,4,3794043,495.177,,0,0,4820940,0,,,,,
Instances/Instances 1/ym7663_03.gt,7662,500.0,86400.0,PTVRP_LAYERED_CONT,1695913.0,401,2,0.0748,389,389,3,1486320,193.986,,0,0,1846879,0,,,,,
Instances/Instances 1/ym7663_04.gt,7662,1000.0,86400.0,PTVRP_LAYERED_CONT,953947.0,201,1,0.0425,196,196,2,749404,97.8079,,0,0,912391,0,,,,,
Instances/Instances 1/ym7663_05.gt,7662,2000.0,86400.0,PTVRP_LAYERED_CONT,584538.0,101,1,0.0256,98,98,2,378522,49.4025,,0,0,452868,0,,,,,
Instances/Instances 1/ym7663_06.gt,7662,5000.0,86400.0,PTVRP_LAYERED_CONT,374947.0,41,1,0.0145,39,39,1,153418,20.0232,,0,0,178459,0,,,,,
Instances/Instances 1/ym7663_07.gt,7662,10000.0,86400.0,PTVRP_LAYERED_CONT,306692.0,22,1,0.011,20,20,1,78441,10.2377,,0,0,93326,0,,,,,
Instances/Instances 1/ym7663_08.gt,7662,20000.0,86400.0,PTVRP_LAYERED_CONT,274088.0,11,1,0.0091,10,10,1,41452,5.41008,,0,0,50530,0,,,,,
Instances/Instances 1/ym7663_09.gt,7662,50000.0,86400.0,PTVRP_LAYERED_CONT,257285.0,5,1,0.008,4,4,1,18994,2.47899,,0,0,35260,0,,,,,
Instances/Instances 1/ym7663_10.gt,7662,100000.0,86400.0,PTVRP_LAYERED_CONT,255251.0,4,1,0.007,2,2,1,11441,1.49321,,0,0,42821,0,,,,,
Instances/Instances 1/zi929_01.gt,928,100.0,86400.0,PTVRP_LAYERED_CONT,1109222.0,162,5,0.0092,240,240,7,115053,123.98,,0,0,159951,0,,,,,
Instances/Instances 1/zi929_02.gt,928,200.0,86400.0,PTVRP_LAYERED_CONT,570785.0,108,4,0.0062,117,117,4,54599,58.8351,,0,0,82715,0,,,,,
Instances/Instances 1/zi929_03.gt,928,500.0,86400.0,PTVRP_LAYERED_CONT,275845.0,50,1,0.0045,47,47,2,22173,23.8933,,0,0,34053,0,,,,,
Instances/Instances 1/zi929_04.gt,928,1000.0,86400.0,PTVRP_LAYERED_CONT,181723.0,26,1,0.0037,24,24,2,11326,12.2047,,0,0,14594,0,,,,,
Instances/Instances 1/zi929_05.gt,928,2000.0,86400.0,PTVRP_LAYERED_CONT,137565.0,14,1,0.0034,12,12,1,5969,6.43211,,0,0,7251,0,,,,,
Instances/Instances 1/zi929_06.gt,928,5000.0,86400.0,PTVRP_LAYERED_CONT,111798.0,6,1,0.0031,5,5,1,2726,2.9375,,0,0,2081,0,,,,,
Instances/Instances 1/zi929_07.gt,928,10000.0,86400.0,PTVRP_LAYERED_CONT,101349.0,3,1,0.0029,3,3,1,1620,1.74569,,0,0,1179,0,,,,,
Instances/Instances 1/zi929_08.gt,928,20000.0,86400.0,PTVRP_LAYERED_CONT,100905.0,2,1,0.0028,2,2,1,1083,1.16703,,0,0,607,0,,,,,
Instances/Instances 1/zi929_09.gt,928,50000.0,86400.0,PTVRP_LAYERED_CONT,100905.0,2,1,0.0029,1,1,1,928,1.0,,0,0,217,0,,,,,
Instances/Instances 1/zi929_10.gt,928,100000.0,86400.0,PTVRP_LAYERED_CONT,100905.0,2,1,0.0027,1,1,1,928,1.0,,0,0,217,0,,,,,
Instances/Instances 2/a280_01.gt,279,20.0,86400.0,PTVRP_LAYERED_CONT,73065.0,134,8,0.0049,359,359,8,50506,181.025,,0,0,16629,0,,,,,
Instances/Instances 2/a280_02.gt,279,40.0,86400.0,PTVRP_LAYERED_CONT,36676.0,110,5,0.004,170,170,5,24403,87.4659,,0,0,8398,0,,,,,
Instances/Instances 2/a280_03.gt,279,100.0,86400.0,PTVRP_LAYERED_CONT,15828.0,68,3,0.0031,70,70,3,10253,36.7491,,0,0,1302,0,,,,,
Instances/Instances 2/a280_04.gt,279,200.0,86400.0,PTVRP_LAYERED_CONT,9183.0,40,1,0.0029,36,36,2,5072,18.1792,,0,0,30,0,,,,,
Instances/Instances 2/a280_05.gt,279,400.0,86400.0,PTVRP_LAYERED_CONT,5637.0,19,1,0.0025,18,18,1,2618,9.38351,,0,0,0,0,,,,,
Instances/Instances 2/a280_06.gt,279,1000.0,86400.0,PTVRP_LAYERED_CONT,3760.0,9,1,0.0024,8,8,1,1150,4.12186,,0,0,0,0,,,,,
Instances/Instances 2/a280_07.gt,279,2000.0,86400.0,PTVRP_LAYERED_CONT,3205.0,5,1,0.0024,4,4,1,663,2.37634,,0,0,0,0,,,,,
Instances/Instances 2/a280_08.gt,279,4000.0,86400.0,PTVRP_LAYERED_CONT,2961.0,3,1,0.0023,2,2,1,402,1.44086,,0,0,0,0,,,,,
Instances/Instances 2/a280_09.gt,279,10000.0,86400.0,PTVRP_LAYERED_CONT,2835.0,1,1,0.0023,1,1,1,279,1.0,,0,0,0,0,,,,,
Instances/Instances 2/a280_10.gt,279,20000.0,86400.0,PTVRP_LAYERED_CONT,2835.0,1,1,0.0024,1,1,1,279,1.0,,0,0,0,0,,,,,
Instances/Instances 2/ar9152_01.gt,9151,20.0,86400.0,PTVRP_LAYERED_CONT,NO SOLUTION,,,1.908,11651,11651,14,52780148,5767.69,,0,0,31939694,0,,,,,
Instances/Instances 2/ar9152_02.gt,9151,40.0,86400.0,PTVRP_LAYERED_CONT,NO SOLUTION,,,1.0953,5828,5828,11,26629099,2909.97,,0,0,26945553,0,,,,,
Instances/Instances 2/ar9152_03.gt,9151,100.0,86400.0,PTVRP_LAYERED_CONT,28715905.0,1460,7,0.5389,2328,2328,7,10640448,1162.76,,0,0,16361147,0,,,,,
Instances/Instances 2/ar9152_04.gt,9151,200.0,86400.0,PTVRP_LAYERED_CONT,14651277.0,987,5,0.2814,1165,1165,7,5357009,585.401,,0,0,9126658,0,,,,,
Instances/Instances 2/ar9152_05.gt,9151,400.0,86400.0,PTVRP_LAYERED_CONT,7705355.0,580,3,0.15,587,587,4,2677309,292.57,,0,0,4682236,0,,,,,
Instances/Instances 2/ar9152_06.gt,9151,1000.0,86400.0,PTVRP_LAYERED_CONT,3501476.0,242,2,0.0668,235,235,2,1076452,117.632,,0,0,1992400,0,,,,,
Instances/Instances 2/ar9152_07.gt,9151,2000.0,86400.0,PTVRP_LAYERED_CONT,2123295.0,122,1,0.0389,117,117,2,540949,59.1136,,0,0,1044058,0,,,,,
Instances/Instances 2/ar9152_08.gt,9151,4000.0,86400.0,PTVRP_LAYERED_CONT,1455041.0,61,1,0.0235,59,59,1,272307,29.7571,,0,0,536301,0,,,,,
Instances/Instances 2/ar9152_09.gt,9151,10000.0,86400.0,PTVRP_LAYERED_CONT,1091432.0,27,1,0.0147,24,24,1,112432,12.2863,,0,0,263774,0,,,,,
Instances/Instances 2/ar9152_10.gt,9151,20000.0,86400.0,PTVRP_LAYERED_CONT,988353.0,15,1,0.0113,12,12,1,58353,6.37668,,0,0,235876,0,,,,,
Instances/Instances 2/berlin52_01.gt,51,20.0,86400.0,PTVRP_LAYERED_CONT,51496.0,35,4,0.0028,59,59,4,1618,31.7255,,0,0,423,0,,,,,
Instances/Instances 2/berlin52_02.gt,51,40.0,86400.0,PTVRP_LAYERED_CONT,31750.0,28,2,0.0025,33,33,3,907,17.7843,,0,0,193,0,,,,,
Instances/Instances 2/berlin52_03.gt,51,100.0,86400.0,PTVRP_LAYERED_CONT,16839.0,17,1,0.0024,15,15,1,377,7.39216,,0,0,21,0,,,,,
Instances/Instances 2/berlin52_04.gt,51,200.0,86400.0,PTVRP_LAYERED_CONT,11555.0,9,1,0.0022,8,8,1,211,4.13725,,0,0,0,0,,,,,
Instances/Instances 2/berlin52_05.gt,51,400.0,86400.0,PTVRP_LAYERED_CONT,8782.0,4,1,0.0022,4,4,1,112,2.19608,,0,0,0,0,,,,,
Instances/Instances 2/berlin52_06.gt,51,1000.0,86400.0,PTVRP_LAYERED_CONT,7852.0,2,1,0.0023,2,2,1,63,1.23529,,0,0,0,0,,,,,
Instances/Instances 2/berlin52_07.gt,51,2000.0,86400.0,PTVRP_LAYERED_CONT,7803.0,1,1,0.0021,1,1,1,51,1.0,,0,0,0,0,,,,,
Instances/Instances 2/berlin52_08.gt,51,4000.0,86400.0,PTVRP_LAYERED_CONT,7803.0,1,1,0.0024,1,1,1,51,1.0,,0,0,0,0,,,,,
Instances/Instances 2/berlin52_09.gt,51,10000.0,86400.0,PTVRP_LAYERED_CONT,7803.0,1,1,0.0021,1,1,1,51,1.0,,0,0,0,0,,,,,
Instances/Instances 2/berlin52_10.gt,51,20000.0,86400.0,PTVRP_LAYERED_CONT,7803.0,1,1,0.0023,1,1,1,51,1.0,,0,0,0,0,,,,,
Instances/Instances 2/bier127_01.gt,126,20.0,86400.0,PTVRP_LAYERED_CONT,1285131.0,74,5,0.0031,154,154,6,9830,78.0159,,0,0,5817,0,,,,,
Instances/Instances 2/bier127_02.gt,126,40.0,86400.0,PTVRP_LAYERED_CONT,732831.0,60,4,0.0028,86,86,4,5386,42.746,,0,0,4721,0,,,,,
Instances/Instances 2/bier127_03.gt,126,100.0,86400.0,PTVRP_LAYERED_CONT,325803.0,38,2,0.0025,34,34,2,2126,16.873,,0,0,2346,0,,,,,
Instances/Instances 2/bier127_04.gt,126,200.0,86400.0,PTVRP_LAYERED_CONT,217579.0,18,1,0.0024,16,16,1,1049,8.3254,,0,0,1101,0,,,,,
Instances/Instances 2/bier127_05.gt,126,400.0,86400.0,PTVRP_LAYERED_CONT,158074.0,10,1,0.0023,9,9,1,588,4.66667,,0,0,609,0,,,,,
Instances/Instances 2/bier127_06.gt,126,1000.0,86400.0,PTVRP_LAYERED_CONT,129911.0,4,1,0.0023,4,4,1,281,2.23016,,0,0,302,0,,,,,
Instances/Instances 2/bier127_07.gt,126,2000.0,86400.0,PTVRP_LAYERED_CONT,126048.0,2,1,0.0023,2,2,1,168,1.33333,,0,0,510,0,,,,,
Instances/Instances 2/bier127_08.gt,126,4000.0,86400.0,PTVRP_LAYERED_CONT,126048.0,2,1,0.0022,1,1,1,126,1.0,,0,0,874,0,,,,,
Instances/Instances 2/bier127_09.gt,126,10000.0,86400.0,PTVRP_LAYERED_CONT,126048.0,2,1,0.0023,1,1,1,126,1.0,,0,0,874,0,,,,,
Instances/Instances 2/bier127_10.gt,126,20000.0,86400.0,PTVRP_LAYERED_CONT,126048.0,2,1,0.0024,1,1,1,126,1.0,,0,0,874,0,,,,,
Instances/Instances 2/bm33708_01.gt,33707,20.0,86400.0,PTVRP_LAYERED_CONT,266607781.0,9733,18,29.551,42941,42941,18,721616586,21408.5,,0,0,463360155,0,,,,,
Instances/Instances 2/bm33708_02.gt,33707,40.0,86400.0,PTVRP_LAYERED_CONT,133799378.0,6827,12,17.3416,21442,21442,13,361053192,10711.5,,0,0,357020393,0,,,,,
Instances/Instances 2/bm33708_03.gt,33707,100.0,86400.0,PTVRP_LAYERED_CONT,54459415.0,4689,7,6.3129,8593,8593,9,145038472,4302.92,,0,0,161424424,0,,,,,
Instances/Instances 2/bm33708_04.gt,33707,200.0,86400.0,PTVRP_LAYERED_CONT,27637382.0,3325,4,3.0238,4290,4290,6,72359520,2146.72,,1,0,82760893,0,,,,,
Instances/Instances 2/bm33708_05.gt,33707,400.0,86400.0,PTVRP_LAYERED_CONT,14181009.0,2096,3,1.5082,2144,2144,4,36113530,1071.4,,0,0,41593449,0,,,,,
Instances/Instances 2/bm33708_06.gt,33707,1000.0,86400.0,PTVRP_LAYERED_CONT,6125752.0,878,2,0.6155,860,860,3,14529227,431.045,,0,0,16570595,0,,,,,
Instances/Instances 2/bm33708_07.gt,33707,2000.0,86400.0,PTVRP_LAYERED_CONT,3525039.0,440,1,0.3241,431,431,2,7271459,215.725,,0,0,8284265,0,,,,,
Instances/Instances 2/bm33708_08.gt,33707,4000.0,86400.0,PTVRP_LAYERED_CONT,2222571.0,220,1,0.1805,216,216,2,3632643,107.771,,0,0,4156599,0,,,,,
Instances/Instances 2/bm33708_09.gt,33707,10000.0,86400.0,PTVRP_LAYERED_CONT,1447859.0,89,1,0.0931,86,86,1,1461921,43.3714,,0,0,1750514,0,,,,,
Instances/Instances 2/bm33708_10.gt,33707,20000.0,86400.0,PTVRP_LAYERED_CONT,1193768.0,46,1,0.0619,43,43,1,737140,21.869,,0,0,931749,0,,,,,
Instances/Instances 2/brd14051_01.gt,14050,20.0,86400.0,PTVRP_LAYERED_CONT,81780746.0,4064,20,4.8422,17885,17885,23,125549821,8935.93,,0,0,81141318,0,,,,,
Instances/Instances 2/brd14051_02.gt,14050,40.0,86400.0,PTVRP_LAYERED_CONT,41126740.0,3140,12,2.6594,8884,8884,14,62579261,4454.04,,0,0,62793559,0,,,,,
Instances/Instances 2/brd14051_03.gt,14050,100.0,86400.0,PTVRP_LAYERED_CONT,16827003.0,2170,6,1.0467,3571,3571,8,25100016,1786.48,,1,0,29315724,0,,,,,
Instances/Instances 2/brd14051_04.gt,14050,200.0,86400.0,PTVRP_LAYERED_CONT,8657069.0,1466,4,0.5338,1790,1790,5,12545497,892.918,,0,0,15010967,0,,,,,
Instances/Instances 2/brd14051_05.gt,14050,400.0,86400.0,PTVRP_LAYERED_CONT,4494231.0,902,2,0.2778,897,897,3,6303788,448.668,,0,0,7560951,0,,,,,
Instances/Instances 2/brd14051_06.gt,14050,1000.0,86400.0,PTVRP_LAYERED_CONT,2039632.0,367,1,0.1194,358,358,2,2523323,179.596,,0,0,2969991,0,,,,,
Instances/Instances 2/brd14051_07.gt,14050,2000.0,86400.0,PTVRP_LAYERED_CONT,1239364.0,186,1,0.0672,180,180,1,1275462,90.7802,,0,0,1519800,0,,,,,
Instances/Instances 2/brd14051_08.gt,14050,4000.0,86400.0,PTVRP_LAYERED_CONT,849957.0,94,1,0.0401,91,91,1,647043,46.0529,,0,0,781316,0,,,,,
Instances/Instances 2/brd14051_09.gt,14050,10000.0,86400.0,PTVRP_LAYERED_CONT,613164.0,39,1,0.0236,36,36,1,259462,18.467,,0,0,333181,0,,,,,
Instances/Instances 2/brd14051_10.gt,14050,20000.0,86400.0,PTVRP_LAYERED_CONT,535031.0,20,1,0.0173,18,18,1,132106,9.40256,,0,0,170782,0,,,,,
Instances/Instances 2/ca4663_01.gt,4662,20.0,86400.0,PTVRP_LAYERED_CONT,NO SOLUTION,,,0.3894,5906,5906,4,13862982,2973.61,,0,0,1215336,0,,,,,
Instances/Instances 2/ca4663_02.gt,4662,40.0,86400.0,PTVRP_LAYERED_CONT,NO SOLUTION,,,0.2252,2960,2960,4,6870644,1473.75,,0,0,1907548,0,,,,,
Instances/Instances 2/ca4663_03.gt,4662,100.0,86400.0,PTVRP_LAYERED_CONT,NO SOLUTION,,,0.1235,1193,1193,3,2782111,596.763,,0,0,3176271,0,,,,,
Instances/Instances 2/ca4663_04.gt,4662,200.0,86400.0,PTVRP_LAYERED_CONT,NO SOLUTION,,,0.0684,594,594,3,1385189,297.123,,0,0,1893571,0,,,,,
Instances/Instances 2/ca4663_05.gt,4662,400.0,86400.0,PTVRP_LAYERED_CONT,NO SOLUTION,,,0.0385,295,295,2,689894,147.982,,0,0,1145924,0,,,,,
Instances/Instances 2/ca4663_06.gt,4662,1000.0,86400.0,PTVRP_LAYERED_CONT,NO SOLUTION,,,0.0193,118,118,2,275454,59.0849,,0,0,609144,0,,,,,
Instances/Instances 2/ca4663_07.gt,4662,2000.0,86400.0,PTVRP_LAYERED_CONT,NO SOLUTION,,,0.0129,60,60,1,140980,30.2402,,0,0,422072,0,,,,,
Instances/Instances 2/ca4663_08.gt,4662,4000.0,86400.0,PTVRP_LAYERED_CONT,NO SOLUTION,,,0.0089,30,30,1,71886,15.4196,,0,0,302417,0,,,,,
Instances/Instances 2/ca4663_09.gt,4662,10000.0,86400.0,PTVRP_LAYERED_CONT,NO SOLUTION,,,0.007,12,12,1,29835,6.39961,,0,0,361503,0,,,,,
Instances/Instances 2/ca4663_10.gt,4662,20000.0,86400.0,PTVRP_LAYERED_CONT,NO SOLUTION,,,0.0077,6,6,1,16083,3.44981,,0,0,684331,0,,,,,
Instances/Instances 2/ch130_01.gt,129,20.0,86400.0,PTVRP_LAYERED_CONT,97546.0,65,6,0.0032,163,163,7,10561,81.8682,,0,0,4065,0,,,,,
Instances/Instances 2/ch130_02.gt,129,40.0,86400.0,PTVRP_LAYERED_CONT,53970.0,54,5,0.0029,83,83,5,5463,42.3488,,0,0,2368,0,,,,,
Instances/Instances 2/ch130_03.gt,129,100.0,86400.0,PTVRP_LAYERED_CONT,23296.0,33,2,0.0029,33,33,2,2086,16.1705,,0,0,439,0,,,,,
Instances/Instances 2/ch130_04.gt,129,200.0,86400.0,PTVRP_LAYERED_CONT,15027.0,21,1,0.0023,18,18,2,1274,9.87597,,0,0,49,0,,,,,
Instances/Instances 2/ch130_05.gt,129,400.0,86400.0,PTVRP_LAYERED_CONT,9679.0,9,1,0.0024,8,8,1,582,4.51163,,0,0,0,0,,,,,
Instances/Instances 2/ch130_06.gt,129,1000.0,86400.0,PTVRP_LAYERED_CONT,6878.0,4,1,0.0022,4,4,1,272,2.10853,,0,0,0,0,,,,,
Instances/Instances 2/ch130_07.gt,129,2000.0,86400.0,PTVRP_LAYERED_CONT,6533.0,2,1,0.0024,2,2,1,176,1.36434,,0,0,0,0,,,,,
Instances/Instances 2/ch130_08.gt,129,4000.0,86400.0,PTVRP_LAYERED_CONT,6291.0,1,1,0.0023,1,1,1,129,1.0,,0,0,0,0,,,,,
Instances/Instances 2/ch130_09.gt,129,10000.0,86400.0,PTVRP_LAYERED_CONT,6291.0,1,1,0.0022,1,1,1,129,1.0,,0,0,0,0,,,,,
Instances/Instances 2/ch130_10.gt,129,20000.0,86400.0,PTVRP_LAYERED_CONT,6291.0,1,1,0.0022,1,1,1,129,1.0,,0,0,0,0,,,,,
Instances/Instances 2/ch150_01.gt,149,20.0,86400.0,PTVRP_LAYERED_CONT,125618.0,83,6,0.0032,204,204,8,15082,101.221,,0,0,5798,0,,,,,
Instances/Instances 2/ch150_02.gt,149,40.0,86400.0,PTVRP_LAYERED_CONT,57340.0,63,4,0.0027,87,87,4,6530,43.8255,,0,0,2903,0,,,,,
Instances/Instances 2/ch150_03.gt,149,100.0,86400.0,PTVRP_LAYERED_CONT,26227.0,40,2,0.0024,37,37,2,2812,18.8725,,0,0,789,0,,,,,
Instances/Instances 2/ch150_04.gt,149,200.0,86400.0,PTVRP_LAYERED_CONT,16318.0,20,2,0.0024,19,19,2,1536,10.3087,,0,0,94,0,,,,,
Instances/Instances 2/ch150_05.gt,149,400.0,86400.0,PTVRP_LAYERED_CONT,10933.0,11,1,0.0023,11,11,1,829,5.56376,,0,0,0,0,,,,,
Instances/Instances 2/ch150_06.gt,149,1000.0,86400.0,PTVRP_LAYERED_CONT,8110.0,5,1,0.0022,4,4,1,367,2.46309,,0,0,0,0,,,,,
Instances/Instances 2/ch150_07.gt,149,2000.0,86400.0,PTVRP_LAYERED_CONT,7598.0,3,1,0.0023,2,2,1,221,1.48322,,0,0,0,0,,,,,
Instances/Instances 2/ch150_08.gt,149,4000.0,86400.0,PTVRP_LAYERED_CONT,7281.0,1,1,0.0022,1,1,1,149,1.0,,0,0,0,0,,,,,
Instances/Instances 2/ch150_09.gt,149,10000.0,86400.0,PTVRP_LAYERED_CONT,7281.0,1,1,0.0023,1,1,1,149,1.0,,0,0,0,0,,,,,
Instances/Instances 2/ch150_10.gt,149,20000.0,86400.0,PTVRP_LAYERED_CONT,7281.0,1,1,0.0023,1,1,1,149,1.0,,0,0,0,0,,,,,
Instances/Instances 2/ch71009_01.gt,71008,20.0,86400.0,PTVRP_LAYERED_CONT,NO SOLUTION,,,84.5817,90409,90409,2,3199891107,45063.8,,0,0,142014,0,,,,,
Instances/Instances 2/ch71009_02.gt,71008,40.0,86400.0,PTVRP_LAYERED_CONT,NO SOLUTION,,,74.5781,45230,45230,13,1606752884,22627.8,,0,0,1265927828,0,,,,,
Instances/Instances 2/ch71009_03.gt,71008,100.0,86400.0,PTVRP_LAYERED_CONT,314780250.0,10214,6,30.9389,18086,18086,8,640392429,9018.6,,0,0,710074022,0,,,,,
Instances/Instances 2/ch71009_04.gt,71008,200.0,86400.0,PTVRP_LAYERED_CONT,157461685.0,6636,5,14.5943,9044,9044,6,321707864,4530.59,,0,0,366501053,0,,,,,
Instances/Instances 2/ch71009_05.gt,71008,400.0,86400.0,PTVRP_LAYERED_CONT,80096350.0,4204,4,6.851,4529,4529,5,160697577,2263.09,,2,0,186996207,0,,,,,
Instances/Instances 2/ch71009_06.gt,71008,1000.0,86400.0,PTVRP_LAYERED_CONT,34240708.0,1841,2,2.8464,1809,1809,3,64248642,904.809,,0,0,75534514,0,,,,,
Instances/Instances 2/ch71009_07.gt,71008,2000.0,86400.0,PTVRP_LAYERED_CONT,19363856.0,920,1,1.3499,905,905,2,32084123,451.838,,0,0,38380022,0,,,,,
Instances/Instances 2/ch71009_08.gt,71008,4000.0,86400.0,PTVRP_LAYERED_CONT,12256165.0,468,1,0.7214,453,453,2,16107114,226.835,,0,0,20009180,0,,,,,
Instances/Instances 2/ch71009_09.gt,71008,10000.0,86400.0,PTVRP_LAYERED_CONT,8265565.0,205,1,0.3363,182,182,1,6466289,91.0642,,0,0,8883614,0,,,,,
Instances/Instances 2/ch71009_10.gt,71008,20000.0,86400.0,PTVRP_LAYERED_CONT,7106010.0,120,1,0.2006,91,91,1,3243287,45.675,,0,0,5443507,0,,,,,
Instances/Instances 2/d1291_01.gt,1290,20.0,86400.0,PTVRP_LAYERED_CONT,3596492.0,488,13,0.0428,1730,1730,18,1102632,854.753,,0,0,687967,0,,,,,
Instances/Instances 2/d1291_02.gt,1290,40.0,86400.0,PTVRP_LAYERED_CONT,1680169.0,377,8,0.0275,791,791,9,512056,396.943,,0,0,513415,0,,,,,
Instances/Instances 2/d1291_03.gt,1290,100.0,86400.0,PTVRP_LAYERED_CONT,734697.0,249,5,0.0149,332,332,5,214647,166.393,,0,0,272341,0,,,,,
Instances/Instances 2/d1291_04.gt,1290,200.0,86400.0,PTVRP_LAYERED_CONT,377356.0,161,2,0.0094,164,164,3,106894,82.8636,,0,0,152120,0,,,,,
Instances/Instances 2/d1291_05.gt,1290,400.0,86400.0,PTVRP_LAYERED_CONT,210524.0,86,1,0.0063,82,82,2,53364,41.3674,,3,0,76784,0,,,,,
Instances/Instances 2/d1291_06.gt,1290,1000.0,86400.0,PTVRP_LAYERED_CONT,111323.0,34,1,0.0044,33,33,1,22131,17.1558,,0,0,30770,0,,,,,
Instances/Instances 2/d1291_07.gt,1290,2000.0,86400.0,PTVRP_LAYERED_CONT,79274.0,18,1,0.0038,17,17,1,11181,8.66744,,0,0,12921,0,,,,,
Instances/Instances 2/d1291_08.gt,1290,4000.0,86400.0,PTVRP_LAYERED_CONT,62440.0,10,1,0.0033,9,9,1,5995,4.64729,,0,0,6423,0,,,,,
Instances/Instances 2/d1291_09.gt,1290,10000.0,86400.0,PTVRP_LAYERED_CONT,56230.0,5,1,0.003,4,4,1,2842,2.2031,,0,0,2709,0,,,,,
Instances/Instances 2/d1291_10.gt,1290,20000.0,86400.0,PTVRP_LAYERED_CONT,53710.0,2,1,0.0029,2,2,1,1779,1.37907,,0,0,0,0,,,,,
Instances/Instances 2/d15112_01.gt,15111,20.0,86400.0,PTVRP_LAYERED_CONT,269951897.0,6659,13,5.4609,19205,19205,13,144822543,9583.92,,0,0,93529385,0,,,,,
Instances/Instances 2/d15112_02.gt,15111,40.0,86400.0,PTVRP_LAYERED_CONT,133937531.0,4194,10,3.1042,9691,9691,11,73329598,4852.73,,0,0,72735272,0,,,,,
Instances/Instances 2/d15112_03.gt,15111,100.0,86400.0,PTVRP_LAYERED_CONT,53486510.0,2389,5,1.1728,3832,3832,6,28959484,1916.45,,0,0,33203698,0,,,,,
Instances/Instances 2/d15112_04.gt,15111,200.0,86400.0,PTVRP_LAYERED_CONT,27562281.0,1659,3,0.6044,1930,1930,4,14620551,967.544,,0,0,17455920,0,,,,,
Instances/Instances 2/d15112_05.gt,15111,400.0,86400.0,PTVRP_LAYERED_CONT,14243316.0,970,3,0.3137,958,958,3,7192898,476.004,,0,0,8710401,0,,,,,
Instances/Instances 2/d15112_06.gt,15111,1000.0,86400.0,PTVRP_LAYERED_CONT,6567888.0,398,2,0.1337,389,389,2,2942867,194.75,,0,0,3649973,0,,,,,
Instances/Instances 2/d15112_07.gt,15111,2000.0,86400.0,PTVRP_LAYERED_CONT,4004594.0,200,1,0.0751,194,194,2,1473294,97.4981,,0,0,1889598,0,,,,,
Instances/Instances 2/d15112_08.gt,15111,4000.0,86400.0,PTVRP_LAYERED_CONT,2765033.0,101,1,0.0445,97,97,1,734218,48.5883,,0,0,968670,0,,,,,
Instances/Instances 2/d15112_09.gt,15111,10000.0,86400.0,PTVRP_LAYERED_CONT,2023634.0,41,1,0.0259,39,39,1,300151,19.8631,,0,0,455234,0,,,,,
Instances/Instances 2/d15112_10.gt,15111,20000.0,86400.0,PTVRP_LAYERED_CONT,1833096.0,24,1,0.0196,20,20,1,152420,10.0867,,0,0,409869,0,,,,,
Instances/Instances 2/d1655_01.gt,1654,20.0,86400.0,PTVRP_LAYERED_CONT,4311096.0,614,14,0.0649,2092,2092,14,1733766,1048.23,,0,0,1098144,0,,,,,
Instances/Instances 2/d1655_02.gt,1654,40.0,86400.0,PTVRP_LAYERED_CONT,2292931.0,492,9,0.041,1074,1074,9,882388,533.487,,0,0,859313,0,,,,,
Instances/Instances 2/d1655_03.gt,1654,100.0,86400.0,PTVRP_LAYERED_CONT,916468.0,329,4,0.0207,417,417,6,345286,208.758,,0,0,410655,0,,,,,
Instances/Instances 2/d1655_04.gt,1654,200.0,86400.0,PTVRP_LAYERED_CONT,485112.0,211,3,0.0131,210,210,3,176607,106.776,,0,0,213302,0,,,,,
Instances/Instances 2/d1655_05.gt,1654,400.0,86400.0,PTVRP_LAYERED_CONT,266111.0,111,1,0.0085,106,106,3,88202,53.3265,,0,0,104604,0,,,,,
Instances/Instances 2/d1655_06.gt,1654,1000.0,86400.0,PTVRP_LAYERED_CONT,139820.0,45,1,0.0056,43,43,1,35176,21.2672,,0,0,38743,0,,,,,
Instances/Instances 2/d1655_07.gt,1654,2000.0,86400.0,PTVRP_LAYERED_CONT,99903.0,23,1,0.0044,22,22,1,18533,11.205,,0,0,18976,0,,,,,
Instances/Instances 2/d1655_08.gt,1654,4000.0,86400.0,PTVRP_LAYERED_CONT,78957.0,12,1,0.0038,11,11,1,9633,5.82406,,0,0,7540,0,,,,,
Instances/Instances 2/d1655_09.gt,1654,10000.0,86400.0,PTVRP_LAYERED_CONT,68355.0,5,1,0.0035,5,5,1,4394,2.65659,,0,0,4150,0,,,,,
Instances/Instances 2/d1655_10.gt,1654,20000.0,86400.0,PTVRP_LAYERED_CONT,66176.0,3,1,0.0033,3,3,1,2648,1.60097,,0,0,225,0,,,,,
Instances/Instances 2/d18512_01.gt,18511,20.0,86400.0,PTVRP_LAYERED_CONT,116490296.0,5262,16,8.6816,23700,23700,20,220052402,11887.7,,0,0,141366358,0,,,,,
Instances/Instances 2/d18512_02.gt,18511,40.0,86400.0,PTVRP_LAYERED_CONT,58396177.0,4141,11,4.7422,11731,11731,15,108625625,5868.17,,0,0,108419284,0,,,,,
Instances/Instances 2/d18512_03.gt,18511,100.0,86400.0,PTVRP_LAYERED_CONT,24156640.0,2808,7,1.8033,4733,4733,8,43816535,2367.05,,0,0,49965002,0,,,,,
Instances/Instances 2/d18512_04.gt,18511,200.0,86400.0,PTVRP_LAYERED_CONT,12294558.0,1964,4,0.8922,2359,2359,5,21813440,1178.4,,0,0,25479264,0,,,,,
Instances/Instances 2/d18512_05.gt,18511,400.0,86400.0,PTVRP_LAYERED_CONT,6379099.0,1180,2,0.4568,1182,1182,3,10959062,592.03,,0,0,12811888,0,,,,,
Instances/Instances 2/d18512_06.gt,18511,1000.0,86400.0,PTVRP_LAYERED_CONT,2882003.0,485,1,0.1964,473,473,2,4393621,237.352,,0,0,5064342,0,,,,,
Instances/Instances 2/d18512_07.gt,18511,2000.0,86400.0,PTVRP_LAYERED_CONT,1735095.0,243,1,0.1078,235,235,1,2192459,118.441,,0,0,2524966,0,,,,,
Instances/Instances 2/d18512_08.gt,18511,4000.0,86400.0,PTVRP_LAYERED_CONT,1184655.0,123,1,0.0637,119,119,1,1104631,59.6743,,0,0,1294850,0,,,,,
Instances/Instances 2/d18512_09.gt,18511,10000.0,86400.0,PTVRP_LAYERED_CONT,851731.0,52,1,0.0357,48,48,1,451663,24.3997,,0,0,563430,0,,,,,
Instances/Instances 2/d18512_10.gt,18511,20000.0,86400.0,PTVRP_LAYERED_CONT,742654.0,26,1,0.0255,24,24,1,228825,12.3616,,0,0,290620,0,,,,,
Instances/Instances 2/d198_01.gt,197,20.0,86400.0,PTVRP_LAYERED_CONT,391429.0,92,8,0.0041,261,261,10,25741,130.665,,0,0,12720,0,,,,,
Instances/Instances 2/d198_02.gt,197,40.0,86400.0,PTVRP_LAYERED_CONT,216237.0,66,5,0.0033,130,130,6,13003,66.0051,,0,0,8868,0,,,,,
Instances/Instances 2/d198_03.gt,197,100.0,86400.0,PTVRP_LAYERED_CONT,91745.0,51,2,0.0028,53,53,3,5185,26.3198,,0,0,3481,0,,,,,
Instances/Instances 2/d198_04.gt,197,200.0,86400.0,PTVRP_LAYERED_CONT,50591.0,28,2,0.0025,27,27,2,2592,13.1574,,0,0,1180,0,,,,,
Instances/Instances 2/d198_05.gt,197,400.0,86400.0,PTVRP_LAYERED_CONT,30885.0,15,1,0.0025,13,13,2,1389,7.05076,,0,0,267,0,,,,,
Instances/Instances 2/d198_06.gt,197,1000.0,86400.0,PTVRP_LAYERED_CONT,20362.0,6,1,0.0024,5,5,1,588,2.98477,,0,0,0,0,,,,,
Instances/Instances 2/d198_07.gt,197,2000.0,86400.0,PTVRP_LAYERED_CONT,17770.0,3,1,0.0022,3,3,1,359,1.82234,,0,0,0,0,,,,,
Instances/Instances 2/d198_08.gt,197,4000.0,86400.0,PTVRP_LAYERED_CONT,17528.0,2,1,0.0023,2,2,1,242,1.22843,,0,0,0,0,,,,,
Instances/Instances 2/d198_09.gt,197,10000.0,86400.0,PTVRP_LAYERED_CONT,17527.0,1,1,0.0022,1,1,1,197,1.0,,0,0,0,0,,,,,
Instances/Instances 2/d198_10.gt,197,20000.0,86400.0,PTVRP_LAYERED_CONT,17527.0,1,1,0.0022,1,1,1,197,1.0,,0,0,0,0,,,,,
Instances/Instances 2/d2103_01.gt,2102,20.0,86400.0,PTVRP_LAYERED_CONT,6627894.0,737,13,0.0999,2722,2722,13,2861200,1361.18,,0,0,1807357,0,,,,,
Instances/Instances 2/d2103_02.gt,2102,40.0,86400.0,PTVRP_LAYERED_CONT,3352463.0,617,9,0.0623,1347,1347,10,1417887,674.542,,0,0,1410234,0,,,,,
Instances/Instances 2/d2103_03.gt,2102,100.0,86400.0,PTVRP_LAYERED_CONT,1414941.0,401,4,0.0303,547,547,5,580328,276.084,,0,0,735455,0,,,,,
Instances/Instances 2/d2103_04.gt,2102,200.0,86400.0,PTVRP_LAYERED_CONT,717586.0,261,3,0.0186,269,269,4,280536,133.461,,0,0,421474,0,,,,,
Instances/Instances 2/d2103_05.gt,2102,400.0,86400.0,PTVRP_LAYERED_CONT,391265.0,141,2,0.0117,135,135,2,141572,67.3511,,0,0,256504,0,,,,,
Instances/Instances 2/d2103_06.gt,2102,1000.0,86400.0,PTVRP_LAYERED_CONT,199307.0,56,1,0.007,55,55,1,58946,28.0428,,0,0,129658,0,,,,,
Instances/Instances 2/d2103_07.gt,2102,2000.0,86400.0,PTVRP_LAYERED_CONT,132609.0,32,1,0.0057,28,28,1,29352,13.9638,,0,0,66384,0,,,,,
Instances/Instances 2/d2103_08.gt,2102,4000.0,86400.0,PTVRP_LAYERED_CONT,106870.0,16,1,0.0046,14,14,1,15301,7.27926,,0,0,32653,0,,,,,
Instances/Instances 2/d2103_09.gt,2102,10000.0,86400.0,PTVRP_LAYERED_CONT,91582.0,6,1,0.0041,6,6,1,6607,3.1432,,0,0,16455,0,,,,,
Instances/Instances 2/d2103_10.gt,2102,20000.0,86400.0,PTVRP_LAYERED_CONT,86881.0,3,1,0.0039,3,3,1,3968,1.88773,,0,0,3622,0,,,,,
Instances/Instances 2/d493_01.gt,492,20.0,86400.0,PTVRP_LAYERED_CONT,971521.0,222,9,0.0091,630,630,9,154745,314.522,,0,0,91676,0,,,,,
Instances/Instances 2/d493_02.gt,492,40.0,86400.0,PTVRP_LAYERED_CONT,492442.0,167,6,0.0067,299,299,7,72132,146.61,,0,0,63064,0,,,,,
Instances/Instances 2/d493_03.gt,492,100.0,86400.0,PTVRP_LAYERED_CONT,219972.0,117,3,0.0045,126,126,3,31607,64.2419,,0,0,29246,0,,,,,
Instances/Instances 2/d493_04.gt,492,200.0,86400.0,PTVRP_LAYERED_CONT,120902.0,70,1,0.0036,63,63,2,15868,32.252,,0,0,12619,0,,,,,
Instances/Instances 2/d493_05.gt,492,400.0,86400.0,PTVRP_LAYERED_CONT,76085.0,34,1,0.003,32,32,1,8042,16.3455,,0,0,4951,0,,,,,
Instances/Instances 2/d493_06.gt,492,1000.0,86400.0,PTVRP_LAYERED_CONT,51097.0,16,1,0.0027,13,13,1,3387,6.88415,,0,0,1248,0,,,,,
Instances/Instances 2/d493_07.gt,492,2000.0,86400.0,PTVRP_LAYERED_CONT,42824.0,8,1,0.0025,7,7,1,1855,3.77033,,0,0,295,0,,,,,
Instances/Instances 2/d493_08.gt,492,4000.0,86400.0,PTVRP_LAYERED_CONT,38821.0,4,1,0.0024,3,3,1,991,2.01423,,0,0,0,0,,,,,
Instances/Instances 2/d493_09.gt,492,10000.0,86400.0,PTVRP_LAYERED_CONT,37916.0,2,1,0.0024,2,2,1,603,1.22561,,0,0,0,0,,,,,
Instances/Instances 2/d493_10.gt,492,20000.0,86400.0,PTVRP_LAYERED_CONT,37734.0,1,1,0.0024,1,1,1,492,1.0,,0,0,0,0,,,,,
Instances/Instances 2/d657_01.gt,656,20.0,86400.0,PTVRP_LAYERED_CONT,1705077.0,300,10,0.0136,823,823,11,267968,408.488,,0,0,165987,0,,,,,
Instances/Instances 2/d657_02.gt,656,40.0,86400.0,PTVRP_LAYERED_CONT,904230.0,215,6,0.0093,415,415,7,138747,211.505,,1,0,131073,0,,,,,
Instances/Instances 2/d657_03.gt,656,100.0,86400.0,PTVRP_LAYERED_CONT,386558.0,157,2,0.0057,166,166,4,54715,83.407,,0,0,58917,0,,,,,
Instances/Instances 2/d657_04.gt,656,200.0,86400.0,PTVRP_LAYERED_CONT,214602.0,91,2,0.0045,85,85,2,27961,42.6235,,0,0,30489,0,,,,,
Instances/Instances 2/d657_05.gt,656,400.0,86400.0,PTVRP_LAYERED_CONT,128670.0,46,1,0.0036,44,44,2,14527,22.1448,,0,0,13199,0,,,,,
Instances/Instances 2/d657_06.gt,656,1000.0,86400.0,PTVRP_LAYERED_CONT,75840.0,18,1,0.003,17,17,1,5691,8.6753,,0,0,3886,0,,,,,
Instances/Instances 2/d657_07.gt,656,2000.0,86400.0,PTVRP_LAYERED_CONT,61209.0,10,1,0.0028,9,9,1,3054,4.65549,,0,0,1429,0,,,,,
Instances/Instances 2/d657_08.gt,656,4000.0,86400.0,PTVRP_LAYERED_CONT,55332.0,6,1,0.0026,5,5,1,1745,2.66006,,0,0,372,0,,,,,
Instances/Instances 2/d657_09.gt,656,10000.0,86400.0,PTVRP_LAYERED_CONT,52507.0,2,1,0.0026,2,2,1,910,1.3872,,0,0,0,0,,,,,
Instances/Instances 2/d657_10.gt,656,20000.0,86400.0,PTVRP_LAYERED_CONT,52008.0,1,1,0.0025,1,1,1,656,1.0,,0,0,0,0,,,,,
Instances/Instances 2/dj38_01.gt,37,20.0,86400.0,PTVRP_LAYERED_CONT,66218.0,22,6,0.0023,51,51,6,980,26.4865,,0,0,177,0,,,,,
Instances/Instances 2/dj38_02.gt,37,40.0,86400.0,PTVRP_LAYERED_CONT,34694.0,19,3,0.0022,26,26,3,476,12.8649,,0,0,59,0,,,,,
Instances/Instances 2/dj38_03.gt,37,100.0,86400.0,PTVRP_LAYERED_CONT,16366.0,13,1,0.0023,11,11,2,230,6.21622,,0,0,1,0,,,,,
Instances/Instances 2/dj38_04.gt,37,200.0,86400.0,PTVRP_LAYERED_CONT,10402.0,5,1,0.0021,5,5,1,93,2.51351,,0,0,0,0,,,,,
Instances/Instances 2/dj38_05.gt,37,400.0,86400.0,PTVRP_LAYERED_CONT,8754.0,3,1,0.0022,3,3,1,63,1.7027,,0,0,0,0,,,,,
Instances/Instances 2/dj38_06.gt,37,1000.0,86400.0,PTVRP_LAYERED_CONT,8048.0,1,1,0.0021,1,1,1,37,1.0,,0,0,0,0,,,,,
Instances/Instances 2/dj38_07.gt,37,2000.0,86400.0,PTVRP_LAYERED_CONT,8048.0,1,1,0.0022,1,1,1,37,1.0,,0,0,0,0,,,,,
Instances/Instances 2/dj38_08.gt,37,4000.0,86400.0,PTVRP_LAYERED_CONT,8048.0,1,1,0.0021,1,1,1,37,1.0,,0,0,0,0,,,,,
Instances/Instances 2/dj38_09.gt,37,10000.0,86400.0,PTVRP_LAYERED_CONT,8048.0,1,1,0.0027,1,1,1,37,1.0,,0,0,0,0,,,,,
Instances/Instances 2/dj38_10.gt,37,20000.0,86400.0,PTVRP_LAYERED_CONT,8048.0,1,1,0.0023,1,1,1,37,1.0,,0,0,0,0,,,,,
Instances/Instances 2/eg7146_01.gt,7145,20.0,86400.0,PTVRP_LAYERED_CONT,28407450.0,2097,19,1.1402,9075,9075,20,32307180,4521.65,,0,0,20996440,0,,,,,
Instances/Instances 2/eg7146_02.gt,7145,40.0,86400.0,PTVRP_LAYERED_CONT,14207749.0,1535,11,0.6574,4534,4534,13,16276964,2278.09,,0,0,16560028,0,,,,,
Instances/Instances 2/eg7146_03.gt,7145,100.0,86400.0,PTVRP_LAYERED_CONT,5892326.0,1079,8,0.283,1827,1827,8,6551874,916.987,,0,0,8106169,0,,,,,
Instances/Instances 2/eg7146_04.gt,7145,200.0,86400.0,PTVRP_LAYERED_CONT,2974089.0,749,3,0.1501,905,905,5,3249385,454.777,,0,0,4215641,0,,,,,
Instances/Instances 2/eg7146_05.gt,7145,400.0,86400.0,PTVRP_LAYERED_CONT,1567167.0,452,2,0.0831,458,458,3,1641517,229.743,,0,0,2113411,0,,,,,
Instances/Instances 2/eg7146_06.gt,7145,1000.0,86400.0,PTVRP_LAYERED_CONT,710511.0,185,1,0.0376,181,181,2,650834,91.0894,,0,0,801052,0,,,,,
Instances/Instances 2/eg7146_07.gt,7145,2000.0,86400.0,PTVRP_LAYERED_CONT,437254.0,95,1,0.0226,93,93,1,331063,46.3349,,0,0,383975,0,,,,,
Instances/Instances 2/eg7146_08.gt,7145,4000.0,86400.0,PTVRP_LAYERED_CONT,303674.0,48,1,0.0149,46,46,1,167162,23.3957,,0,0,184597,0,,,,,
Instances/Instances 2/eg7146_09.gt,7145,10000.0,86400.0,PTVRP_LAYERED_CONT,223379.0,19,1,0.0101,19,19,1,68589,9.59958,,0,0,75254,0,,,,,
Instances/Instances 2/eg7146_10.gt,7145,20000.0,86400.0,PTVRP_LAYERED_CONT,199939.0,10,1,0.0081,10,10,1,36181,5.06382,,0,0,35981,0,,,,,
Instances/Instances 2/ei8246_01.gt,8245,20.0,86400.0,PTVRP_LAYERED_CONT,28936243.0,2514,16,1.5442,10565,10565,19,43470848,5272.39,,0,0,27974544,0,,,,,
Instances/Instances 2/ei8246_02.gt,8245,40.0,86400.0,PTVRP_LAYERED_CONT,14622345.0,2001,10,0.8659,5245,5245,14,21604631,2620.33,,0,0,21619752,0,,,,,
Instances/Instances 2/ei8246_03.gt,8245,100.0,86400.0,PTVRP_LAYERED_CONT,6008994.0,1350,5,0.3646,2108,2108,7,8680967,1052.88,,0,0,10154285,0,,,,,
Instances/Instances 2/ei8246_04.gt,8245,200.0,86400.0,PTVRP_LAYERED_CONT,3076480.0,944,3,0.1916,1049,1049,4,4323514,524.38,,0,0,5113803,0,,,,,
Instances/Instances 2/ei8246_05.gt,8245,400.0,86400.0,PTVRP_LAYERED_CONT,1614603.0,542,2,0.1029,526,526,3,2175081,263.806,,0,0,2542170,0,,,,,
Instances/Instances 2/ei8246_06.gt,8245,1000.0,86400.0,PTVRP_LAYERED_CONT,753096.0,219,1,0.0474,211,211,2,872117,105.775,,0,0,989428,0,,,,,
Instances/Instances 2/ei8246_07.gt,8245,2000.0,86400.0,PTVRP_LAYERED_CONT,473063.0,110,1,0.0286,106,106,1,441446,53.5411,,0,0,494110,0,,,,,
Instances/Instances 2/ei8246_08.gt,8245,4000.0,86400.0,PTVRP_LAYERED_CONT,333565.0,55,1,0.0192,53,53,1,218290,26.4754,,0,0,243119,0,,,,,
Instances/Instances 2/ei8246_09.gt,8245,10000.0,86400.0,PTVRP_LAYERED_CONT,253168.0,25,1,0.0127,22,22,1,91242,11.0663,,0,0,98948,0,,,,,
Instances/Instances 2/ei8246_10.gt,8245,20000.0,86400.0,PTVRP_LAYERED_CONT,228570.0,13,1,0.0106,11,11,1,46880,5.68587,,0,0,57339,0,,,,,
Instances/Instances 2/eil101_01.gt,100,20.0,86400.0,PTVRP_LAYERED_CONT,8224.0,63,6,0.0032,133,133,6,6959,69.59,,0,0,1,0,,,,,
Instances/Instances 2/eil101_02.gt,100,40.0,86400.0,PTVRP_LAYERED_CONT,3976.0,52,3,0.0028,64,64,3,3224,32.24,,0,0,0,0,,,,,
Instances/Instances 2/eil101_03.gt,100,100.0,86400.0,PTVRP_LAYERED_CONT,1933.0,29,2,0.0024,26,26,2,1351,13.51,,0,0,0,0,,,,,
Instances/Instances 2/eil101_04.gt,100,200.0,86400.0,PTVRP_LAYERED_CONT,1153.0,15,1,0.0023,13,13,1,648,6.48,,0,0,0,0,,,,,
Instances/Instances 2/eil101_05.gt,100,400.0,86400.0,PTVRP_LAYERED_CONT,901.0,9,1,0.0023,8,8,1,394,3.94,,0,0,0,0,,,,,
Instances/Instances 2/eil101_06.gt,100,1000.0,86400.0,PTVRP_LAYERED_CONT,706.0,5,1,0.0022,3,3,1,175,1.75,,0,0,0,0,,,,,
Instances/Instances 2/eil101_07.gt,100,2000.0,86400.0,PTVRP_LAYERED_CONT,664.0,3,1,0.0025,2,2,1,120,1.2,,0,0,0,0,,,,,
Instances/Instances 2/eil101_08.gt,100,4000.0,86400.0,PTVRP_LAYERED_CONT,652.0,2,1,0.0023,1,1,1,100,1.0,,0,0,0,0,,,,,
Instances/Instances 2/eil101_09.gt,100,10000.0,86400.0,PTVRP_LAYERED_CONT,652.0,2,1,0.0023,1,1,1,100,1.0,,0,0,0,0,,,,,
Instances/Instances 2/eil101_10.gt,100,20000.0,86400.0,PTVRP_LAYERED_CONT,652.0,2,1,0.0022,1,1,1,100,1.0,,0,0,0,0,,,,,
Instances/Instances 2/eil51_01.gt,50,20.0,86400.0,PTVRP_LAYERED_CONT,3528.0,33,5,0.0026,61,61,5,1568,31.36,,0,0,0,0,,,,,
Instances/Instances 2/eil51_02.gt,50,40.0,86400.0,PTVRP_LAYERED_CONT,2134.0,29,3,0.0026,32,32,3,826,16.52,,0,0,0,0,,,,,
Instances/Instances 2/eil51_03.gt,50,100.0,86400.0,PTVRP_LAYERED_CONT,942.0,16,1,0.0023,14,14,2,351,7.02,,0,0,0,0,,,,,
Instances/Instances 2/eil51_04.gt,50,200.0,86400.0,PTVRP_LAYERED_CONT,673.0,8,1,0.0022,7,7,1,199,3.98,,0,0,0,0,,,,,
Instances/Instances 2/eil51_05.gt,50,400.0,86400.0,PTVRP_LAYERED_CONT,484.0,3,1,0.0022,3,3,1,85,1.7,,0,0,0,0,,,,,
Instances/Instances 2/eil51_06.gt,50,1000.0,86400.0,PTVRP_LAYERED_CONT,443.0,2,1,0.0023,2,2,1,59,1.18,,0,0,0,0,,,,,
Instances/Instances 2/eil51_07.gt,50,2000.0,86400.0,PTVRP_LAYERED_CONT,442.0,1,1,0.0023,1,1,1,50,1.0,,0,0,0,0,,,,,
Instances/Instances 2/eil51_08.gt,50,4000.0,86400.0,PTVRP_LAYERED_CONT,442.0,1,1,0.0022,1,1,1,50,1.0,,0,0,0,0,,,,,
Instances/Instances 2/eil51_09.gt,50,10000.0,86400.0,PTVRP_LAYERED_CONT,442.0,1,1,0.0021,1,1,1,50,1.0,,0,0,0,0,,,,,
Instances/Instances 2/eil51_10.gt,50,20000.0,86400.0,PTVRP_LAYERED_CONT,442.0,1,1,0.0023,1,1,1,50,1.0,,0,0,0,0,,,,,
Instances/Instances 2/eil76_01.gt,75,20.0,86400.0,PTVRP_LAYERED_CONT,5405.0,51,5,0.0027,94,94,5,3541,47.2133,,0,0,0,0,,,,,
Instances/Instances 2/eil76_02.gt,75,40.0,86400.0,PTVRP_LAYERED_CONT,2966.0,40,3,0.0025,48,48,3,1763,23.5067,,0,0,0,0,,,,,
Instances/Instances 2/eil76_03.gt,75,100.0,86400.0,PTVRP_LAYERED_CONT,1379.0,22,1,0.0024,18,18,2,739,9.85333,,0,0,0,0,,,,,
Instances/Instances 2/eil76_04.gt,75,200.0,86400.0,PTVRP_LAYERED_CONT,924.0,11,1,0.0023,10,10,1,385,5.13333,,0,0,0,0,,,,,
Instances/Instances 2/eil76_05.gt,75,400.0,86400.0,PTVRP_LAYERED_CONT,715.0,6,1,0.0023,5,5,1,229,3.05333,,0,0,0,0,,,,,
Instances/Instances 2/eil76_06.gt,75,1000.0,86400.0,PTVRP_LAYERED_CONT,589.0,2,1,0.0023,2,2,1,104,1.38667,,0,0,0,0,,,,,
Instances/Instances 2/eil76_07.gt,75,2000.0,86400.0,PTVRP_LAYERED_CONT,574.0,2,1,0.0022,2,2,1,79,1.05333,,0,0,0,0,,,,,
Instances/Instances 2/eil76_08.gt,75,4000.0,86400.0,PTVRP_LAYERED_CONT,573.0,1,1,0.0022,1,1,1,75,1.0,,0,0,0,0,,,,,
Instances/Instances 2/eil76_09.gt,75,10000.0,86400.0,PTVRP_LAYERED_CONT,573.0,1,1,0.0023,1,1,1,75,1.0,,0,0,0,0,,,,,
Instances/Instances 2/eil76_10.gt,75,20000.0,86400.0,PTVRP_LAYERED_CONT,573.0,1,1,0.0022,1,1,1,75,1.0,,0,0,0,0,,,,,
Instances/Instances 2/fi10639_01.gt,10638,20.0,86400.0,PTVRP_LAYERED_CONT,83469131.0,3245,15,2.6473,13547,13547,17,71990305,6767.28,,0,0,46445790,0,,,,,
Instances/Instances 2/fi10639_02.gt,10638,40.0,86400.0,PTVRP_LAYERED_CONT,42483914.0,2404,10,1.487,6751,6751,14,36023069,3386.26,,0,0,36071385,0,,,,,
Instances/Instances 2/fi10639_03.gt,10638,100.0,86400.0,PTVRP_LAYERED_CONT,17246871.0,1634,6,0.5923,2700,2700,9,14319033,1346.03,,0,0,16821747,0,,,,,
Instances/Instances 2/fi10639_04.gt,10638,200.0,86400.0,PTVRP_LAYERED_CONT,8819038.0,1191,3,0.3118,1346,1346,5,7151583,672.268,,0,0,8678975,0,,,,,
Instances/Instances 2/fi10639_05.gt,10638,400.0,86400.0,PTVRP_LAYERED_CONT,4620832.0,676,2,0.1652,677,677,3,3600589,338.465,,0,0,4391363,0,,,,,
Instances/Instances 2/fi10639_06.gt,10638,1000.0,86400.0,PTVRP_LAYERED_CONT,2119939.0,278,1,0.0738,271,271,2,1441694,135.523,,0,0,1728801,0,,,,,
Instances/Instances 2/fi10639_07.gt,10638,2000.0,86400.0,PTVRP_LAYERED_CONT,1303746.0,141,1,0.0419,136,136,2,725199,68.1706,,0,0,872457,0,,,,,
Instances/Instances 2/fi10639_08.gt,10638,4000.0,86400.0,PTVRP_LAYERED_CONT,900413.0,71,1,0.0259,68,68,1,365930,34.3984,,0,0,451532,0,,,,,
Instances/Instances 2/fi10639_09.gt,10638,10000.0,86400.0,PTVRP_LAYERED_CONT,659467.0,30,1,0.0162,28,28,1,149515,14.0548,,0,0,198909,0,,,,,
Instances/Instances 2/fi10639_10.gt,10638,20000.0,86400.0,PTVRP_LAYERED_CONT,584344.0,15,1,0.013,14,14,1,77053,7.24318,,0,0,113260,0,,,,,
Instances/Instances 2/fl1400_01.gt,1399,20.0,86400.0,PTVRP_LAYERED_CONT,3522838.0,314,20,0.048,1777,1777,28,1238129,885.01,,0,0,802817,0,,,,,
Instances/Instances 2/fl1400_02.gt,1399,40.0,86400.0,PTVRP_LAYERED_CONT,1769282.0,266,11,0.0348,884,884,18,620634,443.627,,0,0,661751,0,,,,,
Instances/Instances 2/fl1400_03.gt,1399,100.0,86400.0,PTVRP_LAYERED_CONT,753870.0,170,7,0.0179,370,370,10,259459,185.46,,0,0,418071,0,,,,,
Instances/Instances 2/fl1400_04.gt,1399,200.0,86400.0,PTVRP_LAYERED_CONT,380135.0,126,5,0.0114,181,181,6,129347,92.4568,,0,0,252033,0,,,,,
Instances/Instances 2/fl1400_05.gt,1399,400.0,86400.0,PTVRP_LAYERED_CONT,190653.0,76,3,0.0112,88,88,3,62051,44.3538,,0,0,124484,0,,,,,
Instances/Instances 2/fl1400_06.gt,1399,1000.0,86400.0,PTVRP_LAYERED_CONT,89751.0,38,1,0.0048,37,37,2,25878,18.4975,,0,0,34008,0,,,,,
Instances/Instances 2/fl1400_07.gt,1399,2000.0,86400.0,PTVRP_LAYERED_CONT,54245.0,19,1,0.004,18,18,2,13341,9.5361,,0,0,10242,0,,,,,
Instances/Instances 2/fl1400_08.gt,1399,4000.0,86400.0,PTVRP_LAYERED_CONT,35751.0,10,1,0.0033,9,9,1,6863,4.90565,,0,0,2229,0,,,,,
Instances/Instances 2/fl1400_09.gt,1399,10000.0,86400.0,PTVRP_LAYERED_CONT,25823.0,4,1,0.0032,4,4,1,3268,2.33595,,0,0,0,0,,,,,
Instances/Instances 2/fl1400_10.gt,1399,20000.0,86400.0,PTVRP_LAYERED_CONT,22330.0,2,1,0.003,2,2,1,2014,1.4396,,0,0,0,0,,,,,
Instances/Instances 2/fl1577_01.gt,1576,20.0,86400.0,PTVRP_LAYERED_CONT,2552865.0,502,13,0.0592,2005,2005,20,1589359,1008.48,,0,0,984068,0,,,,,
Instances/Instances 2/fl1577_02.gt,1576,40.0,86400.0,PTVRP_LAYERED_CONT,1312743.0,385,9,0.0374,1004,1004,16,794417,504.072,,0,0,754206,0,,,,,
Instances/Instances 2/fl1577_03.gt,1576,100.0,86400.0,PTVRP_LAYERED_CONT,535804.0,272,4,0.0189,407,407,6,316339,200.723,,0,0,361108,0,,,,,
Instances/Instances 2/fl1577_04.gt,1576,200.0,86400.0,PTVRP_LAYERED_CONT,273379.0,184,3,0.0118,204,204,5,161483,102.464,,0,0,188070,0,,,,,
Instances/Instances 2/fl1577_05.gt,1576,400.0,86400.0,PTVRP_LAYERED_CONT,147500.0,103,2,0.0076,102,102,3,80317,50.9626,,0,0,83119,0,,,,,
Instances/Instances 2/fl1577_06.gt,1576,1000.0,86400.0,PTVRP_LAYERED_CONT,69712.0,43,1,0.0049,41,41,2,32360,20.533,,0,0,24579,0,,,,,
Instances/Instances 2/fl1577_07.gt,1576,2000.0,86400.0,PTVRP_LAYERED_CONT,44544.0,21,1,0.0039,21,21,1,16818,10.6713,,0,0,9504,0,,,,,
Instances/Instances 2/fl1577_08.gt,1576,4000.0,86400.0,PTVRP_LAYERED_CONT,31748.0,12,1,0.0035,11,11,1,8743,5.54759,,0,0,3387,0,,,,,
Instances/Instances 2/fl1577_09.gt,1576,10000.0,86400.0,PTVRP_LAYERED_CONT,25242.0,5,1,0.0032,4,4,1,3952,2.50761,,0,0,0,0,,,,,
Instances/Instances 2/fl1577_10.gt,1576,20000.0,86400.0,PTVRP_LAYERED_CONT,23781.0,3,1,0.0031,3,3,1,2388,1.51523,,0,0,0,0,,,,,
Instances/Instances 2/fl3795_01.gt,3794,20.0,86400.0,PTVRP_LAYERED_CONT,6833040.0,986,21,0.32,4867,4867,31,9179072,2419.37,,0,0,5891684,0,,,,,
Instances/Instances 2/fl3795_02.gt,3794,40.0,86400.0,PTVRP_LAYERED_CONT,3450239.0,762,13,0.1905,2437,2437,20,4617632,1217.09,,0,0,4747331,0,,,,,
Instances/Instances 2/fl3795_03.gt,3794,100.0,86400.0,PTVRP_LAYERED_CONT,1371508.0,508,7,0.0898,964,964,11,1839620,484.876,,0,0,2522204,0,,,,,
Instances/Instances 2/fl3795_04.gt,3794,200.0,86400.0,PTVRP_LAYERED_CONT,700906.0,367,5,0.0508,483,483,6,917344,241.788,,0,0,1489624,0,,,,,
Instances/Instances 2/fl3795_05.gt,3794,400.0,86400.0,PTVRP_LAYERED_CONT,363328.0,240,2,0.0288,242,242,6,459298,121.059,,0,0,837256,0,,,,,
Instances/Instances 2/fl3795_06.gt,3794,1000.0,86400.0,PTVRP_LAYERED_CONT,158905.0,100,1,0.0148,97,97,2,184374,48.5962,,0,0,381621,0,,,,,
Instances/Instances 2/fl3795_07.gt,3794,2000.0,86400.0,PTVRP_LAYERED_CONT,94468.0,52,1,0.0098,50,50,2,94930,25.0211,,0,0,202846,0,,,,,
Instances/Instances 2/fl3795_08.gt,3794,4000.0,86400.0,PTVRP_LAYERED_CONT,59550.0,27,1,0.007,24,24,1,47619,12.5511,,0,0,100231,0,,,,,
Instances/Instances 2/fl3795_09.gt,3794,10000.0,86400.0,PTVRP_LAYERED_CONT,39814.0,11,1,0.0053,10,10,1,20285,5.3466,,0,0,36932,0,,,,,
Instances/Instances 2/fl3795_10.gt,3794,20000.0,86400.0,PTVRP_LAYERED_CONT,34314.0,6,1,0.0049,5,5,1,11114,2.92936,,0,0,6183,0,,,,,
Instances/Instances 2/fl417_01.gt,416,20.0,86400.0,PTVRP_LAYERED_CONT,1094548.0,130,14,0.0069,549,549,21,116165,279.243,,0,0,66911,0,,,,,
Instances/Instances 2/fl417_02.gt,416,40.0,86400.0,PTVRP_LAYERED_CONT,509789.0,98,11,0.0055,256,256,13,52383,125.921,,0,0,49521,0,,,,,
Instances/Instances 2/fl417_03.gt,416,100.0,86400.0,PTVRP_LAYERED_CONT,225998.0,69,4,0.0039,111,111,5,22727,54.6322,,0,0,27956,0,,,,,
Instances/Instances 2/fl417_04.gt,416,200.0,86400.0,PTVRP_LAYERED_CONT,111820.0,54,2,0.0033,52,52,4,11151,26.8053,,0,0,14050,0,,,,,
Instances/Instances 2/fl417_05.gt,416,400.0,86400.0,PTVRP_LAYERED_CONT,64490.0,29,2,0.0029,28,28,3,5917,14.2236,,0,0,4307,0,,,,,
Instances/Instances 2/fl417_06.gt,416,1000.0,86400.0,PTVRP_LAYERED_CONT,31332.0,12,1,0.0026,11,11,2,2399,5.76683,,0,0,434,0,,,,,
Instances/Instances 2/fl417_07.gt,416,2000.0,86400.0,PTVRP_LAYERED_CONT,21777.0,7,1,0.0024,6,6,1,1386,3.33173,,0,0,0,0,,,,,
Instances/Instances 2/fl417_08.gt,416,4000.0,86400.0,PTVRP_LAYERED_CONT,15183.0,3,1,0.0025,3,3,1,786,1.88942,,0,0,0,0,,,,,
Instances/Instances 2/fl417_09.gt,416,10000.0,86400.0,PTVRP_LAYERED_CONT,13776.0,2,1,0.0023,2,2,1,441,1.0601,,0,0,0,0,,,,,
Instances/Instances 2/fl417_10.gt,416,20000.0,86400.0,PTVRP_LAYERED_CONT,13750.0,1,1,0.0023,1,1,1,416,1.0,,0,0,0,0,,,,,
Instances/Instances 2/fnl4461_01.gt,4460,20.0,86400.0,PTVRP_LAYERED_CONT,16961715.0,1530,15,0.4303,5799,5799,16,12951424,2903.91,,0,0,8226137,0,,,,,
Instances/Instances 2/fnl4461_02.gt,4460,40.0,86400.0,PTVRP_LAYERED_CONT,8588092.0,1188,10,0.2533,2874,2874,10,6459878,1448.4,,0,0,6377603,0,,,,,
Instances/Instances 2/fnl4461_03.gt,4460,100.0,86400.0,PTVRP_LAYERED_CONT,3555464.0,854,4,0.1126,1151,1151,7,2553434,572.519,,0,0,2899867,0,,,,,
Instances/Instances 2/fnl4461_04.gt,4460,200.0,86400.0,PTVRP_LAYERED_CONT,1849142.0,551,3,0.0614,580,580,3,1294171,290.173,,0,0,1472826,0,,,,,
Instances/Instances 2/fnl4461_05.gt,4460,400.0,86400.0,PTVRP_LAYERED_CONT,965173.0,292,2,0.0338,282,282,2,627277,140.645,,0,0,708854,0,,,,,
Instances/Instances 2/fnl4461_06.gt,4460,1000.0,86400.0,PTVRP_LAYERED_CONT,490818.0,120,1,0.0178,115,115,1,258289,57.9123,,0,0,278504,0,,,,,
Instances/Instances 2/fnl4461_07.gt,4460,2000.0,86400.0,PTVRP_LAYERED_CONT,331322.0,61,1,0.0112,57,57,1,128852,28.8906,,0,0,137337,0,,,,,
Instances/Instances 2/fnl4461_08.gt,4460,4000.0,86400.0,PTVRP_LAYERED_CONT,251075.0,33,1,0.0082,29,29,1,65242,14.6283,,0,0,70028,0,,,,,
Instances/Instances 2/fnl4461_09.gt,4460,10000.0,86400.0,PTVRP_LAYERED_CONT,205627.0,13,1,0.0066,12,12,1,27474,6.16009,,0,0,31860,0,,,,,
Instances/Instances 2/fnl4461_10.gt,4460,20000.0,86400.0,PTVRP_LAYERED_CONT,194307.0,7,1,0.0056,6,6,1,14975,3.35762,,0,0,13954,0,,,,,
Instances/Instances 2/gil262_01.gt,261,20.0,86400.0,PTVRP_LAYERED_CONT,58935.0,128,7,0.0049,347,347,8,46515,178.218,,0,0,14879,0,,,,,
Instances/Instances 2/gil262_02.gt,261,40.0,86400.0,PTVRP_LAYERED_CONT,29357.0,104,5,0.0037,160,160,5,22159,84.9004,,0,0,7384,0,,,,,
Instances/Instances 2/gil262_03.gt,261,100.0,86400.0,PTVRP_LAYERED_CONT,12682.0,67,2,0.003,67,67,2,8684,33.272,,0,0,992,0,,,,,
Instances/Instances 2/gil262_04.gt,261,200.0,86400.0,PTVRP_LAYERED_CONT,7484.0,38,1,0.0028,34,34,1,4561,17.4751,,0,0,0,0,,,,,
Instances/Instances 2/gil262_05.gt,261,400.0,86400.0,PTVRP_LAYERED_CONT,4888.0,20,1,0.0025,18,18,1,2476,9.48659,,0,0,0,0,,,,,
Instances/Instances 2/gil262_06.gt,261,1000.0,86400.0,PTVRP_LAYERED_CONT,3250.0,7,1,0.0023,7,7,1,957,3.66667,,0,0,0,0,,,,,
Instances/Instances 2/gil262_07.gt,261,2000.0,86400.0,PTVRP_LAYERED_CONT,2849.0,4,1,0.0025,4,4,1,581,2.22605,,0,0,0,0,,,,,
Instances/Instances 2/gil262_08.gt,261,4000.0,86400.0,PTVRP_LAYERED_CONT,2717.0,2,1,0.0023,2,2,1,366,1.4023,,0,0,0,0,,,,,
Instances/Instances 2/gil262_09.gt,261,10000.0,86400.0,PTVRP_LAYERED_CONT,2645.0,1,1,0.0022,1,1,1,261,1.0,,0,0,0,0,,,,,
Instances/Instances 2/gil262_10.gt,261,20000.0,86400.0,PTVRP_LAYERED_CONT,2645.0,1,1,0.0023,1,1,1,261,1.0,,0,0,0,0,,,,,
Instances/Instances 2/gr9882_01.gt,9881,20.0,86400.0,PTVRP_LAYERED_CONT,55589654.0,2907,15,2.2623,12590,12590,17,62121071,6286.92,,0,0,39972429,0,,,,,
Instances/Instances 2/gr9882_02.gt,9881,40.0,86400.0,PTVRP_LAYERED_CONT,28114126.0,2176,12,1.2762,6279,6279,13,31043003,3141.69,,0,0,30920228,0,,,,,
Instances/Instances 2/gr9882_03.gt,9881,100.0,86400.0,PTVRP_LAYERED_CONT,11398873.0,1523,8,0.5041,2517,2517,9,12543085,1269.41,,0,0,14517753,0,,,,,
Instances/Instances 2/gr9882_04.gt,9881,200.0,86400.0,PTVRP_LAYERED_CONT,5897879.0,1070,3,0.2658,1264,1264,6,6241813,631.699,,1,0,7497269,0,,,,,
Instances/Instances 2/gr9882_05.gt,9881,400.0,86400.0,PTVRP_LAYERED_CONT,3031669.0,633,3,0.1398,629,629,4,3106766,314.418,,0,0,3691336,0,,,,,
Instances/Instances 2/gr9882_06.gt,9881,1000.0,86400.0,PTVRP_LAYERED_CONT,1363190.0,257,1,0.0645,251,251,2,1240174,125.511,,0,0,1430001,0,,,,,
Instances/Instances 2/gr9882_07.gt,9881,2000.0,86400.0,PTVRP_LAYERED_CONT,835657.0,131,1,0.0379,128,128,2,637294,64.4969,,0,0,722400,0,,,,,
Instances/Instances 2/gr9882_08.gt,9881,4000.0,86400.0,PTVRP_LAYERED_CONT,553560.0,66,1,0.0234,63,63,1,316118,31.9925,,0,0,362128,0,,,,,
Instances/Instances 2/gr9882_09.gt,9881,10000.0,86400.0,PTVRP_LAYERED_CONT,396605.0,27,1,0.0156,26,26,1,130665,13.2239,,0,0,150011,0,,,,,
Instances/Instances 2/gr9882_10.gt,9881,20000.0,86400.0,PTVRP_LAYERED_CONT,344218.0,14,1,0.0121,13,13,1,67038,6.78454,,0,0,82595,0,,,,,
Instances/Instances 2/ho14473_01.gt,14472,20.0,86400.0,PTVRP_LAYERED_CONT,41054525.0,3622,33,5.2519,18368,18368,41,133130414,9199.17,,0,0,92771198,0,,,,,
Instances/Instances 2/ho14473_02.gt,14472,40.0,86400.0,PTVRP_LAYERED_CONT,21021338.0,2874,16,3.1028,9289,9289,19,67100474,4636.57,,0,0,80717402,0,,,,,
Instances/Instances 2/ho14473_03.gt,14472,100.0,86400.0,PTVRP_LAYERED_CONT,8494553.0,1967,8,1.4904,3699,3699,12,26853184,1855.53,,0,0,49483801,0,,,,,
Instances/Instances 2/ho14473_04.gt,14472,200.0,86400.0,PTVRP_LAYERED_CONT,4310635.0,1418,5,0.76,1841,1841,6,13344068,922.061,,0,0,27855546,0,,,,,
Instances/Instances 2/ho14473_05.gt,14472,400.0,86400.0,PTVRP_LAYERED_CONT,2236526.0,888,2,0.3912,924,924,4,6656903,459.985,,0,0,13925102,0,,,,,
Instances/Instances 2/ho14473_06.gt,14472,1000.0,86400.0,PTVRP_LAYERED_CONT,983817.0,380,1,0.165,371,371,2,2695002,186.222,,0,0,5301552,0,,,,,
Instances/Instances 2/ho14473_07.gt,14472,2000.0,86400.0,PTVRP_LAYERED_CONT,567969.0,190,1,0.0882,184,184,2,1343764,92.8527,,0,0,2456759,0,,,,,
Instances/Instances 2/ho14473_08.gt,14472,4000.0,86400.0,PTVRP_LAYERED_CONT,371376.0,96,1,0.0498,93,93,1,672145,46.4445,,0,0,1123999,0,,,,,
Instances/Instances 2/ho14473_09.gt,14472,10000.0,86400.0,PTVRP_LAYERED_CONT,249068.0,40,1,0.0266,37,37,1,271584,18.7662,,0,0,408725,0,,,,,
Instances/Instances 2/ho14473_10.gt,14472,20000.0,86400.0,PTVRP_LAYERED_CONT,210498.0,21,1,0.0187,19,19,1,139334,9.62783,,0,0,203465,0,,,,,
Instances/Instances 2/it16862_01.gt,16861,20.0,86400.0,PTVRP_LAYERED_CONT,137173624.0,5151,16,7.1444,21717,21717,20,183789757,10900.3,,0,0,117386810,0,,,,,
Instances/Instances 2/it16862_02.gt,16861,40.0,86400.0,PTVRP_LAYERED_CONT,68107323.0,3656,13,3.9259,10776,10776,16,90662784,5377.07,,0,0,90395714,0,,,,,
Instances/Instances 2/it16862_03.gt,16861,100.0,86400.0,PTVRP_LAYERED_CONT,27891218.0,2406,7,1.5303,4343,4343,8,36652481,2173.8,,0,0,42610084,0,,,,,
Instances/Instances 2/it16862_04.gt,16861,200.0,86400.0,PTVRP_LAYERED_CONT,13955751.0,1707,4,0.7529,2138,2138,6,18086158,1072.66,,0,0,21874778,0,,,,,
Instances/Instances 2/it16862_05.gt,16861,400.0,86400.0,PTVRP_LAYERED_CONT,7210225.0,1057,2,0.3912,1076,1076,4,9080390,538.544,,0,0,11115114,0,,,,,
Instances/Instances 2/it16862_06.gt,16861,1000.0,86400.0,PTVRP_LAYERED_CONT,3168330.0,440,2,0.1679,431,431,3,3639998,215.883,,0,0,4383587,0,,,,,
Instances/Instances 2/it16862_07.gt,16861,2000.0,86400.0,PTVRP_LAYERED_CONT,1839893.0,220,1,0.0933,214,214,2,1814404,107.61,,1,0,2183128,0,,,,,
Instances/Instances 2/it16862_08.gt,16861,4000.0,86400.0,PTVRP_LAYERED_CONT,1187539.0,112,1,0.0559,108,108,1,913539,54.1806,,0,0,1100857,0,,,,,
Instances/Instances 2/it16862_09.gt,16861,10000.0,86400.0,PTVRP_LAYERED_CONT,800755.0,47,1,0.0318,44,44,1,371381,22.026,,0,0,476970,0,,,,,
Instances/Instances 2/it16862_10.gt,16861,20000.0,86400.0,PTVRP_LAYERED_CONT,675005.0,25,1,0.0235,22,22,1,189537,11.2411,,0,0,252181,0,,,,,
Instances/Instances 2/ja9847_01.gt,9846,20.0,86400.0,PTVRP_LAYERED_CONT,NO SOLUTION,,,1.6382,12544,12544,2,61698960,6266.4,,0,0,19690,0,,,,,
Instances/Instances 2/ja9847_02.gt,9846,40.0,86400.0,PTVRP_LAYERED_CONT,68527189.0,2485,10,1.265,6215,6215,13,30563237,3104.13,,0,0,31246378,0,,,,,
Instances/Instances 2/ja9847_03.gt,9846,100.0,86400.0,PTVRP_LAYERED_CONT,27637210.0,1463,6,0.54,2489,2489,7,12275827,1246.78,,0,0,15740435,0,,,,,
Instances/Instances 2/ja9847_04.gt,9846,200.0,86400.0,PTVRP_LAYERED_CONT,14147868.0,961,4,0.2855,1265,1265,5,6232953,633.044,,0,0,8779670,0,,,,,
Instances/Instances 2/ja9847_05.gt,9846,400.0,86400.0,PTVRP_LAYERED_CONT,7116105.0,617,3,0.1513,622,622,3,3067094,311.507,,0,0,4739837,0,,,,,
Instances/Instances 2/ja9847_06.gt,9846,1000.0,86400.0,PTVRP_LAYERED_CONT,3104457.0,254,2,0.0707,251,251,3,1240516,125.992,,0,0,1916793,0,,,,,
Instances/Instances 2/ja9847_07.gt,9846,2000.0,86400.0,PTVRP_LAYERED_CONT,1789326.0,129,1,0.0443,126,126,2,622322,63.2056,,0,0,978696,0,,,,,
Instances/Instances 2/ja9847_08.gt,9846,4000.0,86400.0,PTVRP_LAYERED_CONT,1127782.0,66,1,0.025,63,63,1,314244,31.9159,,0,0,495883,0,,,,,
Instances/Instances 2/ja9847_09.gt,9846,10000.0,86400.0,PTVRP_LAYERED_CONT,757055.0,28,1,0.0153,26,26,1,130350,13.2389,,0,0,220402,0,,,,,
Instances/Instances 2/ja9847_10.gt,9846,20000.0,86400.0,PTVRP_LAYERED_CONT,618365.0,15,1,0.0124,13,13,1,66648,6.76904,,0,0,124927,0,,,,,
Instances/Instances 2/kroA100_01.gt,99,20.0,86400.0,PTVRP_LAYERED_CONT,370636.0,50,7,0.0032,121,121,7,5582,56.3838,,0,0,2923,0,,,,,
Instances/Instances 2/kroA100_02.gt,99,40.0,86400.0,PTVRP_LAYERED_CONT,186984.0,42,3,0.0028,60,60,4,2959,29.8889,,0,0,1895,0,,,,,
Instances/Instances 2/kroA100_03.gt,99,100.0,86400.0,PTVRP_LAYERED_CONT,87711.0,29,2,0.0024,26,26,2,1315,13.2828,,0,0,688,0,,,,,
Instances/Instances 2/kroA100_04.gt,99,200.0,86400.0,PTVRP_LAYERED_CONT,49335.0,14,1,0.0023,12,12,1,619,6.25253,,0,0,187,0,,,,,
Instances/Instances 2/kroA100_05.gt,99,400.0,86400.0,PTVRP_LAYERED_CONT,35984.0,7,1,0.0023,7,7,1,359,3.62626,,0,0,34,0,,,,,
Instances/Instances 2/kroA100_06.gt,99,1000.0,86400.0,PTVRP_LAYERED_CONT,24541.0,3,1,0.0023,3,3,1,164,1.65657,,0,0,0,0,,,,,
Instances/Instances 2/kroA100_07.gt,99,2000.0,86400.0,PTVRP_LAYERED_CONT,23670.0,2,1,0.0023,2,2,1,110,1.11111,,0,0,0,0,,,,,
Instances/Instances 2/kroA100_08.gt,99,4000.0,86400.0,PTVRP_LAYERED_CONT,22624.0,1,1,0.0024,1,1,1,99,1.0,,0,0,0,0,,,,,
Instances/Instances 2/kroA100_09.gt,99,10000.0,86400.0,PTVRP_LAYERED_CONT,22624.0,1,1,0.0024,1,1,1,99,1.0,,0,0,0,0,,,,,
Instances/Instances 2/kroA100_10.gt,99,20000.0,86400.0,PTVRP_LAYERED_CONT,22624.0,1,1,0.0025,1,1,1,99,1.0,,0,0,0,0,,,,,
Instances/Instances 2/kroA150_01.gt,149,20.0,86400.0,PTVRP_LAYERED_CONT,553296.0,72,9,0.0033,185,185,9,14013,94.047,,0,0,7829,0,,,,,
Instances/Instances 2/kroA150_02.gt,149,40.0,86400.0,PTVRP_LAYERED_CONT,283559.0,57,5,0.003,93,93,5,6860,46.0403,,0,0,5524,0,,,,,
Instances/Instances 2/kroA150_03.gt,149,100.0,86400.0,PTVRP_LAYERED_CONT,118944.0,35,2,0.0026,35,35,3,2739,18.3826,,0,0,2487,0,,,,,
Instances/Instances 2/kroA150_04.gt,149,200.0,86400.0,PTVRP_LAYERED_CONT,71730.0,20,1,0.0025,18,18,1,1392,9.34228,,0,0,1075,0,,,,,
Instances/Instances 2/kroA150_05.gt,149,400.0,86400.0,PTVRP_LAYERED_CONT,44682.0,11,1,0.0024,9,9,1,701,4.7047,,0,0,287,0,,,,,
Instances/Instances 2/kroA150_06.gt,149,1000.0,86400.0,PTVRP_LAYERED_CONT,33781.0,5,1,0.0023,4,4,1,365,2.44966,,0,0,71,0,,,,,
Instances/Instances 2/kroA150_07.gt,149,2000.0,86400.0,PTVRP_LAYERED_CONT,29219.0,3,1,0.0023,2,2,1,228,1.5302,,0,0,0,0,,,,,
Instances/Instances 2/kroA150_08.gt,149,4000.0,86400.0,PTVRP_LAYERED_CONT,27630.0,1,1,0.0022,1,1,1,149,1.0,,0,0,0,0,,,,,
Instances/Instances 2/kroA150_09.gt,149,10000.0,86400.0,PTVRP_LAYERED_CONT,27630.0,1,1,0.0022,1,1,1,149,1.0,,0,0,0,0,,,,,
Instances/Instances 2/kroA150_10.gt,149,20000.0,86400.0,PTVRP_LAYERED_CONT,27630.0,1,1,0.0024,1,1,1,149,1.0,,0,0,0,0,,,,,
Instances/Instances 2/kroA200_01.gt,199,20.0,86400.0,PTVRP_LAYERED_CONT,741456.0,95,7,0.0039,257,257,8,26151,131.412,,0,0,15013,0,,,,,
Instances/Instances 2/kroA200_02.gt,199,40.0,86400.0,PTVRP_LAYERED_CONT,359812.0,79,3,0.0033,121,121,5,12079,60.6985,,0,0,10280,0,,,,,
Instances/Instances 2/kroA200_03.gt,199,100.0,86400.0,PTVRP_LAYERED_CONT,170703.0,54,2,0.0029,53,53,3,5287,26.5678,,0,0,5309,0,,,,,
Instances/Instances 2/kroA200_04.gt,199,200.0,86400.0,PTVRP_LAYERED_CONT,98954.0,29,2,0.0026,27,27,2,2806,14.1005,,0,0,2330,0,,,,,
Instances/Instances 2/kroA200_05.gt,199,400.0,86400.0,PTVRP_LAYERED_CONT,55937.0,13,1,0.0025,12,12,1,1211,6.08543,,0,0,565,0,,,,,
Instances/Instances 2/kroA200_06.gt,199,1000.0,86400.0,PTVRP_LAYERED_CONT,39475.0,7,1,0.0024,6,6,1,588,2.95477,,0,0,134,0,,,,,
Instances/Instances 2/kroA200_07.gt,199,2000.0,86400.0,PTVRP_LAYERED_CONT,34396.0,4,1,0.0023,3,3,1,380,1.90955,,0,0,0,0,,,,,
Instances/Instances 2/kroA200_08.gt,199,4000.0,86400.0,PTVRP_LAYERED_CONT,31417.0,2,1,0.0024,2,2,1,238,1.19598,,0,0,0,0,,,,,
Instances/Instances 2/kroA200_09.gt,199,10000.0,86400.0,PTVRP_LAYERED_CONT,30902.0,1,1,0.0023,1,1,1,199,1.0,,0,0,0,0,,,,,
Instances/Instances 2/kroA200_10.gt,199,20000.0,86400.0,PTVRP_LAYERED_CONT,30902.0,1,1,0.0027,1,1,1,199,1.0,,0,0,0,0,,,,,
Instances/Instances 2/kroB100_01.gt,99,20.0,86400.0,PTVRP_LAYERED_CONT,378993.0,61,6,0.003,132,132,6,6770,68.3838,,0,0,3405,0,,,,,
Instances/Instances 2/kroB100_02.gt,99,40.0,86400.0,PTVRP_LAYERED_CONT,190239.0,43,4,0.0026,63,63,4,3182,32.1414,,0,0,2184,0,,,,,
Instances/Instances 2/kroB100_03.gt,99,100.0,86400.0,PTVRP_LAYERED_CONT,80181.0,26,2,0.0024,24,24,2,1251,12.6364,,0,0,694,0,,,,,
Instances/Instances 2/kroB100_04.gt,99,200.0,86400.0,PTVRP_LAYERED_CONT,51391.0,14,1,0.0028,13,13,1,670,6.76768,,0,0,239,0,,,,,
Instances/Instances 2/kroB100_05.gt,99,400.0,86400.0,PTVRP_LAYERED_CONT,37578.0,9,1,0.0025,7,7,1,385,3.88889,,0,0,49,0,,,,,
Instances/Instances 2/kroB100_06.gt,99,1000.0,86400.0,PTVRP_LAYERED_CONT,26294.0,4,1,0.0022,3,3,1,177,1.78788,,0,0,0,0,,,,,
Instances/Instances 2/kroB100_07.gt,99,2000.0,86400.0,PTVRP_LAYERED_CONT,24490.0,2,1,0.0023,2,2,1,128,1.29293,,0,0,0,0,,,,,
Instances/Instances 2/kroB100_08.gt,99,4000.0,86400.0,PTVRP_LAYERED_CONT,24472.0,1,1,0.0026,1,1,1,99,1.0,,0,0,0,0,,,,,
Instances/Instances 2/kroB100_09.gt,99,10000.0,86400.0,PTVRP_LAYERED_CONT,24472.0,1,1,0.0023,1,1,1,99,1.0,,0,0,0,0,,,,,
Instances/Instances 2/kroB100_10.gt,99,20000.0,86400.0,PTVRP_LAYERED_CONT,24472.0,1,1,0.0025,1,1,1,99,1.0,,0,0,0,0,,,,,
Instances/Instances 2/kroB150_01.gt,149,20.0,86400.0,PTVRP_LAYERED_CONT,576374.0,79,8,0.0033,197,197,8,14939,100.262,,0,0,8225,0,,,,,
Instances/Instances 2/kroB150_02.gt,149,40.0,86400.0,PTVRP_LAYERED_CONT,291855.0,56,4,0.0032,89,89,5,7066,47.4228,,0,0,5816,0,,,,,
Instances/Instances 2/kroB150_03.gt,149,100.0,86400.0,PTVRP_LAYERED_CONT,135049.0,39,2,0.0027,40,40,2,2964,19.8926,,0,0,2496,0,,,,,
Instances/Instances 2/kroB150_04.gt,149,200.0,86400.0,PTVRP_LAYERED_CONT,74170.0,20,1,0.0024,19,19,2,1408,9.44966,,0,0,818,0,,,,,
Instances/Instances 2/kroB150_05.gt,149,400.0,86400.0,PTVRP_LAYERED_CONT,52272.0,12,1,0.0027,11,11,1,852,5.71812,,0,0,324,0,,,,,
Instances/Instances 2/kroB150_06.gt,149,1000.0,86400.0,PTVRP_LAYERED_CONT,33461.0,5,1,0.0023,4,4,1,330,2.21477,,0,0,25,0,,,,,
Instances/Instances 2/kroB150_07.gt,149,2000.0,86400.0,PTVRP_LAYERED_CONT,28870.0,3,1,0.0025,2,2,1,219,1.4698,,0,0,0,0,,,,,
Instances/Instances 2/kroB150_08.gt,149,4000.0,86400.0,PTVRP_LAYERED_CONT,27979.0,1,1,0.0024,1,1,1,149,1.0,,0,0,0,0,,,,,
Instances/Instances 2/kroB150_09.gt,149,10000.0,86400.0,PTVRP_LAYERED_CONT,27979.0,1,1,0.0025,1,1,1,149,1.0,,0,0,0,0,,,,,
Instances/Instances 2/kroB150_10.gt,149,20000.0,86400.0,PTVRP_LAYERED_CONT,27979.0,1,1,0.0023,1,1,1,149,1.0,,0,0,0,0,,,,,
Instances/Instances 2/kroB200_01.gt,199,20.0,86400.0,PTVRP_LAYERED_CONT,720543.0,96,7,0.004,253,253,7,25098,126.121,,0,0,14292,0,,,,,
Instances/Instances 2/kroB200_02.gt,199,40.0,86400.0,PTVRP_LAYERED_CONT,353344.0,76,4,0.0035,125,125,5,12958,65.1156,,0,0,10812,0,,,,,
Instances/Instances 2/kroB200_03.gt,199,100.0,86400.0,PTVRP_LAYERED_CONT,169873.0,57,2,0.003,56,56,3,5622,28.2513,,0,0,5138,0,,,,,
Instances/Instances 2/kroB200_04.gt,199,200.0,86400.0,PTVRP_LAYERED_CONT,90967.0,29,1,0.0027,26,26,1,2701,13.5729,,0,0,1789,0,,,,,
Instances/Instances 2/kroB200_05.gt,199,400.0,86400.0,PTVRP_LAYERED_CONT,59195.0,15,1,0.0025,14,14,1,1469,7.38191,,0,0,707,0,,,,,
Instances/Instances 2/kroB200_06.gt,199,1000.0,86400.0,PTVRP_LAYERED_CONT,41044.0,7,1,0.0024,6,6,1,623,3.13065,,0,0,85,0,,,,,
Instances/Instances 2/kroB200_07.gt,199,2000.0,86400.0,PTVRP_LAYERED_CONT,34876.0,4,1,0.0024,3,3,1,365,1.83417,,0,0,0,0,,,,,
Instances/Instances 2/kroB200_08.gt,199,4000.0,86400.0,PTVRP_LAYERED_CONT,31786.0,2,1,0.0023,2,2,1,243,1.22111,,0,0,0,0,,,,,
Instances/Instances 2/kroB200_09.gt,199,10000.0,86400.0,PTVRP_LAYERED_CONT,31768.0,1,1,0.0024,1,1,1,199,1.0,,0,0,0,0,,,,,
Instances/Instances 2/kroB200_10.gt,199,20000.0,86400.0,PTVRP_LAYERED_CONT,31768.0,1,1,0.0023,1,1,1,199,1.0,,0,0,0,0,,,,,
Instances/Instances 2/kroC100_01.gt,99,20.0,86400.0,PTVRP_LAYERED_CONT,383855.0,49,7,0.0028,129,129,8,6280,63.4343,,0,0,3293,0,,,,,
Instances/Instances 2/kroC100_02.gt,99,40.0,86400.0,PTVRP_LAYERED_CONT,201443.0,40,3,0.0026,62,62,5,3090,31.2121,,0,0,2185,0,,,,,
Instances/Instances 2/kroC100_03.gt,99,100.0,86400.0,PTVRP_LAYERED_CONT,85136.0,27,2,0.0025,25,25,2,1257,12.697,,0,0,785,0,,,,,
Instances/Instances 2/kroC100_04.gt,99,200.0,86400.0,PTVRP_LAYERED_CONT,53151.0,15,1,0.0023,13,13,1,671,6.77778,,0,0,274,0,,,,,
Instances/Instances 2/kroC100_05.gt,99,400.0,86400.0,PTVRP_LAYERED_CONT,38061.0,9,1,0.0023,8,8,1,413,4.17172,,0,0,87,0,,,,,
Instances/Instances 2/kroC100_06.gt,99,1000.0,86400.0,PTVRP_LAYERED_CONT,26061.0,4,1,0.0024,3,3,1,186,1.87879,,0,0,0,0,,,,,
Instances/Instances 2/kroC100_07.gt,99,2000.0,86400.0,PTVRP_LAYERED_CONT,23764.0,2,1,0.0022,2,2,1,121,1.22222,,0,0,0,0,,,,,
Instances/Instances 2/kroC100_08.gt,99,4000.0,86400.0,PTVRP_LAYERED_CONT,22713.0,1,1,0.0023,1,1,1,99,1.0,,0,0,0,0,,,,,
Instances/Instances 2/kroC100_09.gt,99,10000.0,86400.0,PTVRP_LAYERED_CONT,22713.0,1,1,0.0025,1,1,1,99,1.0,,0,0,0,0,,,,,
Instances/Instances 2/kroC100_10.gt,99,20000.0,86400.0,PTVRP_LAYERED_CONT,22713.0,1,1,0.0023,1,1,1,99,1.0,,0,0,0,0,,,,,
Instances/Instances 2/kroD100_01.gt,99,20.0,86400.0,PTVRP_LAYERED_CONT,345875.0,54,7,0.0029,128,128,7,6424,64.8889,,0,0,3209,0,,,,,
Instances/Instances 2/kroD100_02.gt,99,40.0,86400.0,PTVRP_LAYERED_CONT,184953.0,42,4,0.0031,62,62,4,3213,32.4545,,0,0,2087,0,,,,,
Instances/Instances 2/kroD100_03.gt,99,100.0,86400.0,PTVRP_LAYERED_CONT,81409.0,26,2,0.0026,24,24,2,1202,12.1414,,0,0,688,0,,,,,
Instances/Instances 2/kroD100_04.gt,99,200.0,86400.0,PTVRP_LAYERED_CONT,48008.0,14,1,0.0024,13,13,1,728,7.35354,,0,0,241,0,,,,,
Instances/Instances 2/kroD100_05.gt,99,400.0,86400.0,PTVRP_LAYERED_CONT,36610.0,9,1,0.0025,8,8,1,399,4.0303,,0,0,52,0,,,,,
Instances/Instances 2/kroD100_06.gt,99,1000.0,86400.0,PTVRP_LAYERED_CONT,26319.0,4,1,0.0025,3,3,1,190,1.91919,,0,0,0,0,,,,,
Instances/Instances 2/kroD100_07.gt,99,2000.0,86400.0,PTVRP_LAYERED_CONT,23833.0,2,1,0.0029,2,2,1,118,1.19192,,0,0,0,0,,,,,
Instances/Instances 2/kroD100_08.gt,99,4000.0,86400.0,PTVRP_LAYERED_CONT,23792.0,1,1,0.0025,1,1,1,99,1.0,,0,0,0,0,,,,,
Instances/Instances 2/kroD100_09.gt,99,10000.0,86400.0,PTVRP_LAYERED_CONT,23792.0,1,1,0.0023,1,1,1,99,1.0,,0,0,0,0,,,,,
Instances/Instances 2/kroD100_10.gt,99,20000.0,86400.0,PTVRP_LAYERED_CONT,23792.0,1,1,0.0022,1,1,1,99,1.0,,0,0,0,0,,,,,
Instances/Instances 2/kroE100_01.gt,99,20.0,86400.0,PTVRP_LAYERED_CONT,366106.0,53,8,0.0029,128,128,8,6870,69.3939,,0,0,3408,0,,,,,
Instances/Instances 2/kroE100_02.gt,99,40.0,86400.0,PTVRP_LAYERED_CONT,205873.0,41,5,0.0028,62,62,5,2966,29.9596,,0,0,2106,0,,,,,
Instances/Instances 2/kroE100_03.gt,99,100.0,86400.0,PTVRP_LAYERED_CONT,87193.0,26,2,0.0029,25,25,2,1253,12.6566,,0,0,779,0,,,,,
Instances/Instances 2/kroE100_04.gt,99,200.0,86400.0,PTVRP_LAYERED_CONT,55113.0,15,1,0.0025,13,13,1,663,6.69697,,0,0,285,0,,,,,
Instances/Instances 2/kroE100_05.gt,99,400.0,86400.0,PTVRP_LAYERED_CONT,38877.0,9,1,0.0024,8,8,1,410,4.14141,,0,0,73,0,,,,,
Instances/Instances 2/kroE100_06.gt,99,1000.0,86400.0,PTVRP_LAYERED_CONT,25965.0,3,1,0.0022,3,3,1,184,1.85859,,0,0,0,0,,,,,
Instances/Instances 2/kroE100_07.gt,99,2000.0,86400.0,PTVRP_LAYERED_CONT,24610.0,2,1,0.0023,2,2,1,119,1.20202,,0,0,0,0,,,,,
Instances/Instances 2/kroE100_08.gt,99,4000.0,86400.0,PTVRP_LAYERED_CONT,24552.0,1,1,0.0027,1,1,1,99,1.0,,0,0,0,0,,,,,
Instances/Instances 2/kroE100_09.gt,99,10000.0,86400.0,PTVRP_LAYERED_CONT,24552.0,1,1,0.0025,1,1,1,99,1.0,,0,0,0,0,,,,,
Instances/Instances 2/kroE100_10.gt,99,20000.0,86400.0,PTVRP_LAYERED_CONT,24552.0,1,1,0.0025,1,1,1,99,1.0,,0,0,0,0,,,,,
Instances/Instances 2/kz9976_01.gt,9975,20.0,86400.0,PTVRP_LAYERED_CONT,NO SOLUTION,,,1.8249,12622,12622,10,63394390,6355.33,,0,0,8629929,0,,,,,
Instances/Instances 2/kz9976_02.gt,9975,40.0,86400.0,PTVRP_LAYERED_CONT,141180698.0,3494,9,1.3171,6336,6336,9,31432287,3151.11,,0,0,32030740,0,,,,,
Instances/Instances 2/kz9976_03.gt,9975,100.0,86400.0,PTVRP_LAYERED_CONT,54541228.0,1681,5,0.5467,2559,2559,6,12779246,1281.13,,0,0,15953850,0,,,,,
Instances/Instances 2/kz9976_04.gt,9975,200.0,86400.0,PTVRP_LAYERED_CONT,26900064.0,1041,4,0.2867,1265,1265,5,6288874,630.464,,0,0,8759476,0,,,,,
Instances/Instances 2/kz9976_05.gt,9975,400.0,86400.0,PTVRP_LAYERED_CONT,14072935.0,632,2,0.1538,645,645,4,3240492,324.861,,0,0,4962503,0,,,,,
Instances/Instances 2/kz9976_06.gt,9975,1000.0,86400.0,PTVRP_LAYERED_CONT,6092626.0,260,1,0.0676,253,253,3,1268334,127.151,,0,0,2080633,0,,,,,
Instances/Instances 2/kz9976_07.gt,9975,2000.0,86400.0,PTVRP_LAYERED_CONT,3542499.0,131,1,0.0404,127,127,1,637950,63.9549,,0,0,1237724,0,,,,,
Instances/Instances 2/kz9976_08.gt,9975,4000.0,86400.0,PTVRP_LAYERED_CONT,2272038.0,67,1,0.0252,64,64,1,323291,32.4101,,0,0,777504,0,,,,,
Instances/Instances 2/kz9976_09.gt,9975,10000.0,86400.0,PTVRP_LAYERED_CONT,1530560.0,28,1,0.0152,26,26,1,132635,13.2967,,0,0,302076,0,,,,,
Instances/Instances 2/kz9976_10.gt,9975,20000.0,86400.0,PTVRP_LAYERED_CONT,1339347.0,18,1,0.0123,13,13,1,67912,6.80822,,0,0,348781,0,,,,,
Instances/Instances 2/lin105_01.gt,104,20.0,86400.0,PTVRP_LAYERED_CONT,256859.0,53,7,0.0031,136,136,7,7331,70.4904,,0,0,3335,0,,,,,
Instances/Instances 2/lin105_02.gt,104,40.0,86400.0,PTVRP_LAYERED_CONT,145220.0,40,5,0.0026,69,69,5,3436,33.0385,,0,0,2111,0,,,,,
Instances/Instances 2/lin105_03.gt,104,100.0,86400.0,PTVRP_LAYERED_CONT,58855.0,29,1,0.0024,25,25,2,1350,12.9808,,0,0,608,0,,,,,
Instances/Instances 2/lin105_04.gt,104,200.0,86400.0,PTVRP_LAYERED_CONT,34753.0,15,1,0.0023,13,13,1,750,7.21154,,0,0,171,0,,,,,
Instances/Instances 2/lin105_05.gt,104,400.0,86400.0,PTVRP_LAYERED_CONT,23492.0,8,1,0.0022,7,7,1,385,3.70192,,0,0,14,0,,,,,
Instances/Instances 2/lin105_06.gt,104,1000.0,86400.0,PTVRP_LAYERED_CONT,18091.0,3,1,0.0022,3,3,1,191,1.83654,,0,0,0,0,,,,,
Instances/Instances 2/lin105_07.gt,104,2000.0,86400.0,PTVRP_LAYERED_CONT,17033.0,2,1,0.0023,2,2,1,133,1.27885,,0,0,0,0,,,,,
Instances/Instances 2/lin105_08.gt,104,4000.0,86400.0,PTVRP_LAYERED_CONT,17033.0,2,1,0.0022,1,1,1,104,1.0,,0,0,0,0,,,,,
Instances/Instances 2/lin105_09.gt,104,10000.0,86400.0,PTVRP_LAYERED_CONT,17033.0,2,1,0.0022,1,1,1,104,1.0,,0,0,0,0,,,,,
Instances/Instances 2/lin105_10.gt,104,20000.0,86400.0,PTVRP_LAYERED_CONT,17033.0,2,1,0.0022,1,1,1,104,1.0,,0,0,0,0,,,,,
Instances/Instances 2/lin318_01.gt,317,20.0,86400.0,PTVRP_LAYERED_CONT,1203102.0,146,9,0.0055,408,408,10,66623,210.167,,0,0,38937,0,,,,,
Instances/Instances 2/lin318_02.gt,317,40.0,86400.0,PTVRP_LAYERED_CONT,595309.0,120,5,0.0043,187,187,6,29799,94.0032,,0,0,26995,0,,,,,
Instances/Instances 2/lin318_03.gt,317,100.0,86400.0,PTVRP_LAYERED_CONT,274895.0,79,2,0.0034,81,81,3,13001,41.0126,,0,0,13729,0,,,,,
Instances/Instances 2/lin318_04.gt,317,200.0,86400.0,PTVRP_LAYERED_CONT,147118.0,43,1,0.0028,39,39,2,6308,19.8991,,0,0,5879,0,,,,,
Instances/Instances 2/lin318_05.gt,317,400.0,86400.0,PTVRP_LAYERED_CONT,91883.0,23,1,0.0032,20,20,1,3316,10.4606,,0,0,2652,0,,,,,
Instances/Instances 2/lin318_06.gt,317,1000.0,86400.0,PTVRP_LAYERED_CONT,60776.0,10,1,0.0026,8,8,1,1431,4.5142,,0,0,595,0,,,,,
Instances/Instances 2/lin318_07.gt,317,2000.0,86400.0,PTVRP_LAYERED_CONT,50871.0,5,1,0.0024,4,4,1,757,2.38801,,0,0,94,0,,,,,
Instances/Instances 2/lin318_08.gt,317,4000.0,86400.0,PTVRP_LAYERED_CONT,46415.0,4,1,0.0028,3,3,1,518,1.63407,,0,0,46,0,,,,,
Instances/Instances 2/lin318_09.gt,317,10000.0,86400.0,PTVRP_LAYERED_CONT,46049.0,2,1,0.0024,1,1,1,317,1.0,,0,0,0,0,,,,,
Instances/Instances 2/lin318_10.gt,317,20000.0,86400.0,PTVRP_LAYERED_CONT,46049.0,2,1,0.0023,1,1,1,317,1.0,,0,0,0,0,,,,,
Instances/Instances 2/linhp318_01.gt,317,20.0,86400.0,PTVRP_LAYERED_CONT,1256145.0,151,9,0.0055,417,417,9,67453,212.785,,0,0,38615,0,,,,,
Instances/Instances 2/linhp318_02.gt,317,40.0,86400.0,PTVRP_LAYERED_CONT,650893.0,122,6,0.0044,207,207,6,34507,108.855,,0,0,31075,0,,,,,
Instances/Instances 2/linhp318_03.gt,317,100.0,86400.0,PTVRP_LAYERED_CONT,285563.0,76,3,0.0034,85,85,3,13998,44.1577,,0,0,14745,0,,,,,
Instances/Instances 2/linhp318_04.gt,317,200.0,86400.0,PTVRP_LAYERED_CONT,151905.0,44,1,0.0031,40,40,2,6480,20.4416,,0,0,6184,0,,,,,
Instances/Instances 2/linhp318_05.gt,317,400.0,86400.0,PTVRP_LAYERED_CONT,90688.0,22,1,0.0028,19,19,1,3186,10.0505,,0,0,2509,0,,,,,
Instances/Instances 2/linhp318_06.gt,317,1000.0,86400.0,PTVRP_LAYERED_CONT,61104.0,10,1,0.0026,9,9,1,1450,4.57413,,0,0,670,0,,,,,
Instances/Instances 2/linhp318_07.gt,317,2000.0,86400.0,PTVRP_LAYERED_CONT,50329.0,5,1,0.0024,5,5,1,820,2.58675,,0,0,160,0,,,,,
Instances/Instances 2/linhp318_08.gt,317,4000.0,86400.0,PTVRP_LAYERED_CONT,46459.0,3,1,0.0024,3,3,1,485,1.52997,,0,0,14,0,,,,,
Instances/Instances 2/linhp318_09.gt,317,10000.0,86400.0,PTVRP_LAYERED_CONT,46168.0,2,1,0.0024,1,1,1,317,1.0,,0,0,0,0,,,,,
Instances/Instances 2/linhp318_10.gt,317,20000.0,86400.0,PTVRP_LAYERED_CONT,46168.0,2,1,0.0023,1,1,1,317,1.0,,0,0,0,0,,,,,
Instances/Instances 2/lu980_01.gt,979,20.0,86400.0,PTVRP_LAYERED_CONT,634375.0,390,13,0.027,1290,1290,13,637353,651.025,,0,0,378753,0,,,,,
Instances/Instances 2/lu980_02.gt,979,40.0,86400.0,PTVRP_LAYERED_CONT,309635.0,289,6,0.0179,606,606,8,298499,304.902,,0,0,281376,0,,,,,
Instances/Instances 2/lu980_03.gt,979,100.0,86400.0,PTVRP_LAYERED_CONT,135411.0,206,3,0.0107,252,252,5,122944,125.581,,0,0,138401,0,,,,,
Instances/Instances 2/lu980_04.gt,979,200.0,86400.0,PTVRP_LAYERED_CONT,71262.0,129,3,0.0067,126,126,3,62347,63.6844,,0,0,59477,0,,,,,
Instances/Instances 2/lu980_05.gt,979,400.0,86400.0,PTVRP_LAYERED_CONT,40603.0,67,2,0.005,64,64,2,31301,31.9724,,0,0,21716,0,,,,,
Instances/Instances 2/lu980_06.gt,979,1000.0,86400.0,PTVRP_LAYERED_CONT,22122.0,26,1,0.0035,25,25,1,12761,13.0347,,0,0,4544,0,,,,,
Instances/Instances 2/lu980_07.gt,979,2000.0,86400.0,PTVRP_LAYERED_CONT,16260.0,14,1,0.0033,13,13,1,6411,6.54852,,0,0,645,0,,,,,
Instances/Instances 2/lu980_08.gt,979,4000.0,86400.0,PTVRP_LAYERED_CONT,13604.0,8,1,0.0029,7,7,1,3487,3.5618,,0,0,0,0,,,,,
Instances/Instances 2/lu980_09.gt,979,10000.0,86400.0,PTVRP_LAYERED_CONT,12225.0,3,1,0.0029,3,3,1,1766,1.80388,,0,0,0,0,,,,,
Instances/Instances 2/lu980_10.gt,979,20000.0,86400.0,PTVRP_LAYERED_CONT,11920.0,2,1,0.0027,2,2,1,1149,1.17365,,0,0,0,0,,,,,
Instances/Instances 2/mo14185_01.gt,14184,20.0,86400.0,PTVRP_LAYERED_CONT,95461861.0,3985,16,4.9281,18155,18155,19,128156896,9035.31,,0,0,82544276,0,,,,,
Instances/Instances 2/mo14185_02.gt,14184,40.0,86400.0,PTVRP_LAYERED_CONT,47972862.0,2870,13,2.7801,9071,9071,15,64422205,4541.89,,0,0,64581101,0,,,,,
Instances/Instances 2/mo14185_03.gt,14184,100.0,86400.0,PTVRP_LAYERED_CONT,19420393.0,2002,7,1.0867,3606,3606,9,25563611,1802.29,,0,0,30377857,0,,,,,
Instances/Instances 2/mo14185_04.gt,14184,200.0,86400.0,PTVRP_LAYERED_CONT,9981564.0,1445,4,0.5581,1817,1817,6,12939409,912.254,,1,0,15936979,0,,,,,
Instances/Instances 2/mo14185_05.gt,14184,400.0,86400.0,PTVRP_LAYERED_CONT,5155357.0,896,2,0.2855,912,912,4,6500152,458.274,,1,0,8085235,0,,,,,
Instances/Instances 2/mo14185_06.gt,14184,1000.0,86400.0,PTVRP_LAYERED_CONT,2268232.0,371,1,0.1213,362,362,3,2563488,180.731,,0,0,3092358,0,,,,,
Instances/Instances 2/mo14185_07.gt,14184,2000.0,86400.0,PTVRP_LAYERED_CONT,1341274.0,187,1,0.0694,182,182,2,1292403,91.117,,0,0,1559478,0,,,,,
Instances/Instances 2/mo14185_08.gt,14184,4000.0,86400.0,PTVRP_LAYERED_CONT,874470.0,95,1,0.0411,91,91,1,652972,46.0358,,0,0,798933,0,,,,,
Instances/Instances 2/mo14185_09.gt,14184,10000.0,86400.0,PTVRP_LAYERED_CONT,601150.0,39,1,0.0244,37,37,1,264088,18.6187,,0,0,340683,0,,,,,
Instances/Instances 2/mo14185_10.gt,14184,20000.0,86400.0,PTVRP_LAYERED_CONT,515013.0,20,1,0.0181,19,19,1,136259,9.60653,,0,0,187038,0,,,,,
Instances/Instances 2/mu1979_01.gt,1978,20.0,86400.0,PTVRP_LAYERED_CONT,10552448.0,657,15,0.0893,2484,2484,16,2489746,1258.72,,0,0,1612274,0,,,,,
Instances/Instances 2/mu1979_02.gt,1978,40.0,86400.0,PTVRP_LAYERED_CONT,5352549.0,527,11,0.0567,1274,1274,13,1255508,634.736,,0,0,1300843,0,,,,,
Instances/Instances 2/mu1979_03.gt,1978,100.0,86400.0,PTVRP_LAYERED_CONT,2233827.0,326,5,0.0299,513,513,8,511131,258.408,,0,0,740294,0,,,,,
Instances/Instances 2/mu1979_04.gt,1978,200.0,86400.0,PTVRP_LAYERED_CONT,1101653.0,227,3,0.0179,250,250,5,242313,122.504,,0,0,390033,0,,,,,
Instances/Instances 2/mu1979_05.gt,1978,400.0,86400.0,PTVRP_LAYERED_CONT,584725.0,127,2,0.0114,126,126,4,125020,63.2053,,0,0,204054,0,,,,,
Instances/Instances 2/mu1979_06.gt,1978,1000.0,86400.0,PTVRP_LAYERED_CONT,282230.0,52,1,0.0074,51,51,3,51042,25.8049,,0,0,74786,0,,,,,
Instances/Instances 2/mu1979_07.gt,1978,2000.0,86400.0,PTVRP_LAYERED_CONT,183774.0,27,1,0.0055,25,25,1,25893,13.0905,,0,0,33231,0,,,,,
Instances/Instances 2/mu1979_08.gt,1978,4000.0,86400.0,PTVRP_LAYERED_CONT,140651.0,15,1,0.0053,13,13,1,13355,6.75177,,0,0,12650,0,,,,,
Instances/Instances 2/mu1979_09.gt,1978,10000.0,86400.0,PTVRP_LAYERED_CONT,110667.0,6,1,0.0038,6,6,1,6051,3.05915,,0,0,3506,0,,,,,
Instances/Instances 2/mu1979_10.gt,1978,20000.0,86400.0,PTVRP_LAYERED_CONT,101983.0,4,1,0.0042,3,3,1,3596,1.818,,0,0,1243,0,,,,,
Instances/Instances 2/nrw1379_01.gt,1378,20.0,86400.0,PTVRP_LAYERED_CONT,2900697.0,562,11,0.0469,1743,1743,11,1196511,868.295,,0,0,757968,0,,,,,
Instances/Instances 2/nrw1379_02.gt,1378,40.0,86400.0,PTVRP_LAYERED_CONT,1481785.0,466,6,0.0299,873,873,8,601587,436.565,,0,0,574111,0,,,,,
Instances/Instances 2/nrw1379_03.gt,1378,100.0,86400.0,PTVRP_LAYERED_CONT,649974.0,290,4,0.0162,358,358,4,245041,177.824,,0,0,264739,0,,,,,
Instances/Instances 2/nrw1379_04.gt,1378,200.0,86400.0,PTVRP_LAYERED_CONT,338045.0,184,2,0.0101,178,178,3,123444,89.582,,0,0,124707,0,,,,,
Instances/Instances 2/nrw1379_05.gt,1378,400.0,86400.0,PTVRP_LAYERED_CONT,190950.0,94,1,0.0064,88,88,2,60301,43.7598,,0,0,56244,0,,,,,
Instances/Instances 2/nrw1379_06.gt,1378,1000.0,86400.0,PTVRP_LAYERED_CONT,106479.0,38,1,0.0044,35,35,1,25094,18.2104,,0,0,20888,0,,,,,
Instances/Instances 2/nrw1379_07.gt,1378,2000.0,86400.0,PTVRP_LAYERED_CONT,80394.0,20,1,0.0038,18,18,1,12702,9.21771,,0,0,8708,0,,,,,
Instances/Instances 2/nrw1379_08.gt,1378,4000.0,86400.0,PTVRP_LAYERED_CONT,67197.0,11,1,0.0033,9,9,1,6867,4.98331,,0,0,3857,0,,,,,
Instances/Instances 2/nrw1379_09.gt,1378,10000.0,86400.0,PTVRP_LAYERED_CONT,60155.0,5,1,0.0031,4,4,1,3203,2.32438,,0,0,1756,0,,,,,
Instances/Instances 2/nrw1379_10.gt,1378,20000.0,86400.0,PTVRP_LAYERED_CONT,59232.0,3,1,0.003,2,2,1,1965,1.42598,,0,0,0,0,,,,,
Instances/Instances 2/nu3496_01.gt,3495,20.0,86400.0,PTVRP_LAYERED_CONT,9981936.0,1121,15,0.2721,4431,4431,17,7779862,2226.0,,0,0,5236908,0,,,,,
Instances/Instances 2/nu3496_02.gt,3495,40.0,86400.0,PTVRP_LAYERED_CONT,5092426.0,890,10,0.1689,2206,2206,13,3841752,1099.21,,0,0,4316404,0,,,,,
Instances/Instances 2/nu3496_03.gt,3495,100.0,86400.0,PTVRP_LAYERED_CONT,2089169.0,649,4,0.0858,877,877,8,1530567,437.93,,0,0,2353075,0,,,,,
Instances/Instances 2/nu3496_04.gt,3495,200.0,86400.0,PTVRP_LAYERED_CONT,1093331.0,416,3,0.0484,445,445,5,790987,226.32,,0,0,1304044,0,,,,,
Instances/Instances 2/nu3496_05.gt,3495,400.0,86400.0,PTVRP_LAYERED_CONT,592909.0,232,2,0.0273,225,225,3,395618,113.195,,0,0,642041,0,,,,,
Instances/Instances 2/nu3496_06.gt,3495,1000.0,86400.0,PTVRP_LAYERED_CONT,281191.0,93,1,0.0138,89,89,1,156532,44.7874,,0,0,238647,0,,,,,
Instances/Instances 2/nu3496_07.gt,3495,2000.0,86400.0,PTVRP_LAYERED_CONT,185378.0,47,1,0.0098,45,45,1,78611,22.4924,,0,0,112558,0,,,,,
Instances/Instances 2/nu3496_08.gt,3495,4000.0,86400.0,PTVRP_LAYERED_CONT,136359.0,24,1,0.007,23,23,1,40708,11.6475,,0,0,52521,0,,,,,
Instances/Instances 2/nu3496_09.gt,3495,10000.0,86400.0,PTVRP_LAYERED_CONT,110135.0,11,1,0.0055,9,9,1,17566,5.02604,,0,0,19586,0,,,,,
Instances/Instances 2/nu3496_10.gt,3495,20000.0,86400.0,PTVRP_LAYERED_CONT,100933.0,6,1,0.0048,5,5,1,9721,2.7814,,0,0,7807,0,,,,,
Instances/Instances 2/p654_01.gt,653,20.0,86400.0,PTVRP_LAYERED_CONT,4302441.0,170,13,0.0132,826,826,15,271699,416.078,,0,0,174084,0,,,,,
Instances/Instances 2/p654_02.gt,653,40.0,86400.0,PTVRP_LAYERED_CONT,2101634.0,122,10,0.009,399,399,13,131262,201.014,,0,0,146100,0,,,,,
Instances/Instances 2/p654_03.gt,653,100.0,86400.0,PTVRP_LAYERED_CONT,913604.0,104,5,0.0063,171,171,7,56635,86.7305,,0,0,95448,0,,,,,
Instances/Instances 2/p654_04.gt,653,200.0,86400.0,PTVRP_LAYERED_CONT,457500.0,63,4,0.005,83,83,6,26841,41.1041,,0,0,56074,0,,,,,
Instances/Instances 2/p654_05.gt,653,400.0,86400.0,PTVRP_LAYERED_CONT,244839.0,43,2,0.0037,42,42,3,13900,21.2864,,0,0,25892,0,,,,,
Instances/Instances 2/p654_06.gt,653,1000.0,86400.0,PTVRP_LAYERED_CONT,117223.0,18,1,0.0032,18,18,2,6005,9.19602,,0,0,7839,0,,,,,
Instances/Instances 2/p654_07.gt,653,2000.0,86400.0,PTVRP_LAYERED_CONT,71896.0,10,1,0.0029,9,9,1,3149,4.82236,,0,0,3165,0,,,,,
Instances/Instances 2/p654_08.gt,653,4000.0,86400.0,PTVRP_LAYERED_CONT,51913.0,5,1,0.0027,5,5,1,1712,2.62175,,0,0,498,0,,,,,
Instances/Instances 2/p654_09.gt,653,10000.0,86400.0,PTVRP_LAYERED_CONT,40143.0,2,1,0.0025,2,2,1,875,1.33997,,0,0,0,0,,,,,
Instances/Instances 2/p654_10.gt,653,20000.0,86400.0,PTVRP_LAYERED_CONT,39899.0,1,1,0.0025,1,1,1,653,1.0,,0,0,0,0,,,,,
Instances/Instances 2/pcb1173_01.gt,1172,20.0,86400.0,PTVRP_LAYERED_CONT,2827187.0,470,10,0.0354,1498,1498,11,883441,753.789,,0,0,548596,0,,,,,
Instances/Instances 2/pcb1173_02.gt,1172,40.0,86400.0,PTVRP_LAYERED_CONT,1479254.0,369,7,0.0229,743,743,8,435966,371.985,,0,0,418747,0,,,,,
Instances/Instances 2/pcb1173_03.gt,1172,100.0,86400.0,PTVRP_LAYERED_CONT,620656.0,257,3,0.0125,299,299,5,175804,150.003,,0,0,193392,0,,,,,
Instances/Instances 2/pcb1173_04.gt,1172,200.0,86400.0,PTVRP_LAYERED_CONT,329933.0,159,2,0.008,149,149,2,87045,74.2705,,0,0,93556,0,,,,,
Instances/Instances 2/pcb1173_05.gt,1172,400.0,86400.0,PTVRP_LAYERED_CONT,187528.0,80,1,0.0054,75,75,1,44967,38.3677,,0,0,43179,0,,,,,
Instances/Instances 2/pcb1173_06.gt,1172,1000.0,86400.0,PTVRP_LAYERED_CONT,103951.0,32,1,0.0042,30,30,1,17829,15.2125,,0,0,15095,0,,,,,
Instances/Instances 2/pcb1173_07.gt,1172,2000.0,86400.0,PTVRP_LAYERED_CONT,79415.0,17,1,0.0034,15,15,1,9503,8.10836,,0,0,6808,0,,,,,
Instances/Instances 2/pcb1173_08.gt,1172,4000.0,86400.0,PTVRP_LAYERED_CONT,66099.0,9,1,0.0036,8,8,1,4939,4.21416,,0,0,3124,0,,,,,
Instances/Instances 2/pcb1173_09.gt,1172,10000.0,86400.0,PTVRP_LAYERED_CONT,61435.0,4,1,0.0031,3,3,1,2319,1.97867,,0,0,1020,0,,,,,
Instances/Instances 2/pcb1173_10.gt,1172,20000.0,86400.0,PTVRP_LAYERED_CONT,59749.0,2,1,0.0029,2,2,1,1561,1.33191,,0,0,12,0,,,,,
Instances/Instances 2/pcb3038_01.gt,3037,20.0,86400.0,PTVRP_LAYERED_CONT,10777614.0,1074,12,0.2078,3865,3865,14,5829832,1919.6,,0,0,3726090,0,,,,,
Instances/Instances 2/pcb3038_02.gt,3037,40.0,86400.0,PTVRP_LAYERED_CONT,5552073.0,895,9,0.1248,1929,1929,10,2922456,962.284,,0,0,2914182,0,,,,,
Instances/Instances 2/pcb3038_03.gt,3037,100.0,86400.0,PTVRP_LAYERED_CONT,2302811.0,579,4,0.0562,772,772,5,1172740,386.151,,0,0,1387298,0,,,,,
Instances/Instances 2/pcb3038_04.gt,3037,200.0,86400.0,PTVRP_LAYERED_CONT,1194693.0,385,2,0.033,387,387,4,586018,192.959,,0,0,717815,0,,,,,
Instances/Instances 2/pcb3038_05.gt,3037,400.0,86400.0,PTVRP_LAYERED_CONT,645346.0,203,1,0.0187,193,193,2,290402,95.6213,,0,0,347123,0,,,,,
Instances/Instances 2/pcb3038_06.gt,3037,1000.0,86400.0,PTVRP_LAYERED_CONT,332841.0,82,1,0.0107,78,78,1,118159,38.9065,,0,0,143742,0,,,,,
Instances/Instances 2/pcb3038_07.gt,3037,2000.0,86400.0,PTVRP_LAYERED_CONT,231929.0,42,1,0.0077,39,39,1,60513,19.9253,,0,0,72192,0,,,,,
Instances/Instances 2/pcb3038_08.gt,3037,4000.0,86400.0,PTVRP_LAYERED_CONT,177769.0,21,1,0.0059,20,20,1,30543,10.057,,0,0,40056,0,,,,,
Instances/Instances 2/pcb3038_09.gt,3037,10000.0,86400.0,PTVRP_LAYERED_CONT,151671.0,9,1,0.0048,8,8,1,13424,4.42015,,0,0,18834,0,,,,,
Instances/Instances 2/pcb3038_10.gt,3037,20000.0,86400.0,PTVRP_LAYERED_CONT,145475.0,5,1,0.0043,4,4,1,7527,2.47843,,0,0,6119,0,,,,,
Instances/Instances 2/pcb442_01.gt,441,20.0,86400.0,PTVRP_LAYERED_CONT,1550629.0,196,7,0.0076,536,536,10,118907,269.63,,0,0,74010,0,,,,,
Instances/Instances 2/pcb442_02.gt,441,40.0,86400.0,PTVRP_LAYERED_CONT,839013.0,149,5,0.0057,278,278,6,62410,141.519,,0,0,56066,0,,,,,
Instances/Instances 2/pcb442_03.gt,441,100.0,86400.0,PTVRP_LAYERED_CONT,353526.0,100,3,0.004,112,112,3,25406,57.61,,0,0,25272,0,,,,,
Instances/Instances 2/pcb442_04.gt,441,200.0,86400.0,PTVRP_LAYERED_CONT,195444.0,61,1,0.0035,55,55,2,12374,28.059,,0,0,11123,0,,,,,
Instances/Instances 2/pcb442_05.gt,441,400.0,86400.0,PTVRP_LAYERED_CONT,118419.0,30,1,0.003,28,28,1,6315,14.3197,,0,0,4925,0,,,,,
Instances/Instances 2/pcb442_06.gt,441,1000.0,86400.0,PTVRP_LAYERED_CONT,75864.0,12,1,0.0026,12,12,1,2738,6.20862,,0,0,1825,0,,,,,
Instances/Instances 2/pcb442_07.gt,441,2000.0,86400.0,PTVRP_LAYERED_CONT,62821.0,7,1,0.0025,6,6,1,1501,3.40363,,0,0,685,0,,,,,
Instances/Instances 2/pcb442_08.gt,441,4000.0,86400.0,PTVRP_LAYERED_CONT,57716.0,4,1,0.0026,3,3,1,864,1.95918,,0,0,259,0,,,,,
Instances/Instances 2/pcb442_09.gt,441,10000.0,86400.0,PTVRP_LAYERED_CONT,55052.0,2,1,0.0025,2,2,1,476,1.07937,,0,0,53,0,,,,,
Instances/Instances 2/pcb442_10.gt,441,20000.0,86400.0,PTVRP_LAYERED_CONT,55035.0,1,1,0.0025,1,1,1,441,1.0,,0,0,0,0,,,,,
Instances/Instances 2/pm8079_01.gt,8078,20.0,86400.0,PTVRP_LAYERED_CONT,21704398.0,2281,21,1.5732,10341,10341,27,41677491,5159.38,,0,0,28348667,0,,,,,
Instances/Instances 2/pm8079_02.gt,8078,40.0,86400.0,PTVRP_LAYERED_CONT,10984254.0,1765,15,0.9262,5187,5187,15,20844395,2580.39,,0,0,23990177,0,,,,,
Instances/Instances 2/pm8079_03.gt,8078,100.0,86400.0,PTVRP_LAYERED_CONT,4445970.0,1234,6,0.4504,2043,2043,8,8207798,1016.07,,0,0,13444696,0,,,,,
Instances/Instances 2/pm8079_04.gt,8078,200.0,86400.0,PTVRP_LAYERED_CONT,2286284.0,863,3,0.2365,1027,1027,5,4127133,510.91,,0,0,7273650,0,,,,,
Instances/Instances 2/pm8079_05.gt,8078,400.0,86400.0,PTVRP_LAYERED_CONT,1178538.0,512,2,0.1247,511,511,3,2080014,257.491,,0,0,3652243,0,,,,,
Instances/Instances 2/pm8079_06.gt,8078,1000.0,86400.0,PTVRP_LAYERED_CONT,528860.0,212,1,0.0551,206,206,2,836557,103.56,,0,0,1356748,0,,,,,
Instances/Instances 2/pm8079_07.gt,8078,2000.0,86400.0,PTVRP_LAYERED_CONT,319370.0,107,1,0.0319,103,103,1,416123,51.5131,,0,0,639776,0,,,,,
Instances/Instances 2/pm8079_08.gt,8078,4000.0,86400.0,PTVRP_LAYERED_CONT,214352.0,54,1,0.0195,52,52,1,210901,26.1081,,0,0,303211,0,,,,,
Instances/Instances 2/pm8079_09.gt,8078,10000.0,86400.0,PTVRP_LAYERED_CONT,151894.0,22,1,0.0127,21,21,1,87205,10.7954,,0,0,110104,0,,,,,
Instances/Instances 2/pm8079_10.gt,8078,20000.0,86400.0,PTVRP_LAYERED_CONT,132679.0,12,1,0.0097,11,11,1,45920,5.68458,,0,0,52907,0,,,,,
Instances/Instances 2/pr1002_01.gt,1001,20.0,86400.0,PTVRP_LAYERED_CONT,13704076.0,443,8,0.0267,1320,1320,9,659095,658.437,,0,0,414475,0,,,,,
Instances/Instances 2/pr1002_02.gt,1001,40.0,86400.0,PTVRP_LAYERED_CONT,6656691.0,328,8,0.0168,629,629,8,307932,307.624,,0,0,315014,0,,,,,
Instances/Instances 2/pr1002_03.gt,1001,100.0,86400.0,PTVRP_LAYERED_CONT,2938996.0,209,3,0.01,265,265,4,133247,133.114,,0,0,171623,0,,,,,
Instances/Instances 2/pr1002_04.gt,1001,200.0,86400.0,PTVRP_LAYERED_CONT,1514865.0,129,2,0.0064,127,127,2,64225,64.1608,,0,0,87282,0,,,,,
Instances/Instances 2/pr1002_05.gt,1001,400.0,86400.0,PTVRP_LAYERED_CONT,850078.0,69,1,0.0047,65,65,2,33305,33.2717,,0,0,45637,0,,,,,
Instances/Instances 2/pr1002_06.gt,1001,1000.0,86400.0,PTVRP_LAYERED_CONT,481274.0,28,1,0.0036,26,26,1,13012,12.999,,0,0,17137,0,,,,,
Instances/Instances 2/pr1002_07.gt,1001,2000.0,86400.0,PTVRP_LAYERED_CONT,363862.0,14,1,0.0031,13,13,1,6731,6.72428,,0,0,8915,0,,,,,
Instances/Instances 2/pr1002_08.gt,1001,4000.0,86400.0,PTVRP_LAYERED_CONT,308980.0,7,1,0.0028,7,7,1,3785,3.78122,,0,0,6973,0,,,,,
Instances/Instances 2/pr1002_09.gt,1001,10000.0,86400.0,PTVRP_LAYERED_CONT,283439.0,4,1,0.0028,3,3,1,1821,1.81918,,0,0,3585,0,,,,,
Instances/Instances 2/pr1002_10.gt,1001,20000.0,86400.0,PTVRP_LAYERED_CONT,283439.0,4,1,0.0027,2,2,1,1215,1.21379,,0,0,7114,0,,,,,
Instances/Instances 2/pr107_01.gt,106,20.0,86400.0,PTVRP_LAYERED_CONT,1431303.0,52,6,0.0027,138,138,6,7199,67.9151,,0,0,4146,0,,,,,
Instances/Instances 2/pr107_02.gt,106,40.0,86400.0,PTVRP_LAYERED_CONT,733118.0,46,4,0.0025,69,69,5,3699,34.8962,,0,0,3460,0,,,,,
Instances/Instances 2/pr107_03.gt,106,100.0,86400.0,PTVRP_LAYERED_CONT,327341.0,26,3,0.0024,28,28,4,1509,14.2358,,0,0,2149,0,,,,,
Instances/Instances 2/pr107_04.gt,106,200.0,86400.0,PTVRP_LAYERED_CONT,158217.0,15,1,0.0022,12,12,2,706,6.66038,,0,0,878,0,,,,,
Instances/Instances 2/pr107_05.gt,106,400.0,86400.0,PTVRP_LAYERED_CONT,102577.0,8,1,0.0022,7,7,1,431,4.06604,,0,0,526,0,,,,,
Instances/Instances 2/pr107_06.gt,106,1000.0,86400.0,PTVRP_LAYERED_CONT,65048.0,3,1,0.0022,3,3,1,195,1.83962,,0,0,56,0,,,,,
Instances/Instances 2/pr107_07.gt,106,2000.0,86400.0,PTVRP_LAYERED_CONT,50502.0,2,1,0.0021,2,2,1,132,1.24528,,0,0,30,0,,,,,
Instances/Instances 2/pr107_08.gt,106,4000.0,86400.0,PTVRP_LAYERED_CONT,50502.0,2,1,0.0021,1,1,1,106,1.0,,0,0,0,0,,,,,
Instances/Instances 2/pr107_09.gt,106,10000.0,86400.0,PTVRP_LAYERED_CONT,50502.0,2,1,0.0022,1,1,1,106,1.0,,0,0,0,0,,,,,
Instances/Instances 2/pr107_10.gt,106,20000.0,86400.0,PTVRP_LAYERED_CONT,50502.0,2,1,0.0021,1,1,1,106,1.0,,0,0,0,0,,,,,
Instances/Instances 2/pr124_01.gt,123,20.0,86400.0,PTVRP_LAYERED_CONT,1409460.0,56,6,0.003,148,148,8,8931,72.6098,,0,0,5891,0,,,,,
Instances/Instances 2/pr124_02.gt,123,40.0,86400.0,PTVRP_LAYERED_CONT,789985.0,44,6,0.0028,80,80,6,4976,40.4553,,0,0,4928,0,,,,,
Instances/Instances 2/pr124_03.gt,123,100.0,86400.0,PTVRP_LAYERED_CONT,312976.0,27,3,0.0025,29,29,3,1886,15.3333,,0,0,2696,0,,,,,
Instances/Instances 2/pr124_04.gt,123,200.0,86400.0,PTVRP_LAYERED_CONT,191131.0,17,1,0.0024,16,16,2,1063,8.64228,,0,0,1883,0,,,,,
Instances/Instances 2/pr124_05.gt,123,400.0,86400.0,PTVRP_LAYERED_CONT,117602.0,9,1,0.0022,8,8,1,556,4.52033,,0,0,1080,0,,,,,
Instances/Instances 2/pr124_06.gt,123,1000.0,86400.0,PTVRP_LAYERED_CONT,83132.0,4,1,0.0023,4,4,1,256,2.0813,,0,0,241,0,,,,,
Instances/Instances 2/pr124_07.gt,123,2000.0,86400.0,PTVRP_LAYERED_CONT,71966.0,2,1,0.0022,2,2,1,164,1.33333,,0,0,296,0,,,,,
Instances/Instances 2/pr124_08.gt,123,4000.0,86400.0,PTVRP_LAYERED_CONT,66676.0,1,1,0.0022,1,1,1,123,1.0,,0,0,0,0,,,,,
Instances/Instances 2/pr124_09.gt,123,10000.0,86400.0,PTVRP_LAYERED_CONT,66676.0,1,1,0.0022,1,1,1,123,1.0,,0,0,0,0,,,,,
Instances/Instances 2/pr124_10.gt,123,20000.0,86400.0,PTVRP_LAYERED_CONT,66676.0,1,1,0.0021,1,1,1,123,1.0,,0,0,0,0,,,,,
Instances/Instances 2/pr136_01.gt,135,20.0,86400.0,PTVRP_LAYERED_CONT,1850248.0,73,5,0.0032,169,169,7,11344,84.0296,,0,0,7175,0,,,,,
Instances/Instances 2/pr136_02.gt,135,40.0,86400.0,PTVRP_LAYERED_CONT,954015.0,54,4,0.0028,82,82,4,5781,42.8222,,0,0,5563,0,,,,,
Instances/Instances 2/pr136_03.gt,135,100.0,86400.0,PTVRP_LAYERED_CONT,422564.0,34,2,0.0027,33,33,2,2318,17.1704,,0,0,2842,0,,,,,
Instances/Instances 2/pr136_04.gt,135,200.0,86400.0,PTVRP_LAYERED_CONT,255301.0,20,1,0.0024,18,18,1,1202,8.9037,,0,0,1523,0,,,,,
Instances/Instances 2/pr136_05.gt,135,400.0,86400.0,PTVRP_LAYERED_CONT,165517.0,9,1,0.0024,9,9,1,649,4.80741,,0,0,744,0,,,,,
Instances/Instances 2/pr136_06.gt,135,1000.0,86400.0,PTVRP_LAYERED_CONT,121273.0,4,1,0.0023,4,4,1,304,2.25185,,0,0,198,0,,,,,
Instances/Instances 2/pr136_07.gt,135,2000.0,86400.0,PTVRP_LAYERED_CONT,112838.0,2,1,0.0021,2,2,1,187,1.38519,,0,0,161,0,,,,,
Instances/Instances 2/pr136_08.gt,135,4000.0,86400.0,PTVRP_LAYERED_CONT,107219.0,2,1,0.0022,1,1,1,135,1.0,,0,0,25,0,,,,,
Instances/Instances 2/pr136_09.gt,135,10000.0,86400.0,PTVRP_LAYERED_CONT,107219.0,2,1,0.0022,1,1,1,135,1.0,,0,0,25,0,,,,,
Instances/Instances 2/pr136_10.gt,135,20000.0,86400.0,PTVRP_LAYERED_CONT,107219.0,2,1,0.0022,1,1,1,135,1.0,,0,0,25,0,,,,,
Instances/Instances 2/pr144_01.gt,143,20.0,86400.0,PTVRP_LAYERED_CONT,1698228.0,67,6,0.0031,176,176,8,13155,91.993,,0,0,8265,0,,,,,
Instances/Instances 2/pr144_02.gt,143,40.0,86400.0,PTVRP_LAYERED_CONT,844665.0,52,4,0.0028,87,87,6,6185,43.2517,,0,0,6288,0,,,,,
Instances/Instances 2/pr144_03.gt,143,100.0,86400.0,PTVRP_LAYERED_CONT,383246.0,38,2,0.0025,35,35,4,2520,17.6224,,0,0,3461,0,,,,,
Instances/Instances 2/pr144_04.gt,143,200.0,86400.0,PTVRP_LAYERED_CONT,199286.0,20,1,0.0024,19,19,2,1382,9.66434,,0,0,1938,0,,,,,
Instances/Instances 2/pr144_05.gt,143,400.0,86400.0,PTVRP_LAYERED_CONT,131764.0,11,1,0.0024,10,10,1,722,5.04895,,0,0,714,0,,,,,
Instances/Instances 2/pr144_06.gt,143,1000.0,86400.0,PTVRP_LAYERED_CONT,83690.0,4,1,0.0023,4,4,1,335,2.34266,,0,0,276,0,,,,,
Instances/Instances 2/pr144_07.gt,143,2000.0,86400.0,PTVRP_LAYERED_CONT,71677.0,3,1,0.0023,2,2,1,208,1.45455,,0,0,210,0,,,,,
Instances/Instances 2/pr144_08.gt,143,4000.0,86400.0,PTVRP_LAYERED_CONT,68780.0,1,1,0.0021,1,1,1,143,1.0,,0,0,0,0,,,,,
Instances/Instances 2/pr144_09.gt,143,10000.0,86400.0,PTVRP_LAYERED_CONT,68780.0,1,1,0.0023,1,1,1,143,1.0,,0,0,0,0,,,,,
Instances/Instances 2/pr144_10.gt,143,20000.0,86400.0,PTVRP_LAYERED_CONT,68780.0,1,1,0.0023,1,1,1,143,1.0,,0,0,0,0,,,,,
Instances/Instances 2/pr152_01.gt,151,20.0,86400.0,PTVRP_LAYERED_CONT,2079458.0,74,6,0.0034,191,191,8,15062,99.7483,,0,0,9144,0,,,,,
Instances/Instances 2/pr152_02.gt,151,40.0,86400.0,PTVRP_LAYERED_CONT,1017935.0,59,4,0.0028,88,88,4,6999,46.351,,0,0,7051,0,,,,,
Instances/Instances 2/pr152_03.gt,151,100.0,86400.0,PTVRP_LAYERED_CONT,483116.0,40,3,0.0027,39,39,3,3041,20.1391,,0,0,3973,0,,,,,
Instances/Instances 2/pr152_04.gt,151,200.0,86400.0,PTVRP_LAYERED_CONT,248047.0,20,1,0.0025,18,18,2,1329,8.80132,,0,0,1681,0,,,,,
Instances/Instances 2/pr152_05.gt,151,400.0,86400.0,PTVRP_LAYERED_CONT,162729.0,11,1,0.0023,9,9,1,740,4.90066,,0,0,630,0,,,,,
Instances/Instances 2/pr152_06.gt,151,1000.0,86400.0,PTVRP_LAYERED_CONT,107390.0,5,1,0.0023,4,4,1,357,2.36424,,0,0,146,0,,,,,
Instances/Instances 2/pr152_07.gt,151,2000.0,86400.0,PTVRP_LAYERED_CONT,89575.0,2,1,0.0023,2,2,1,225,1.49007,,0,0,139,0,,,,,
Instances/Instances 2/pr152_08.gt,151,4000.0,86400.0,PTVRP_LAYERED_CONT,89575.0,2,1,0.0023,1,1,1,151,1.0,,0,0,3,0,,,,,
Instances/Instances 2/pr152_09.gt,151,10000.0,86400.0,PTVRP_LAYERED_CONT,89575.0,2,1,0.0022,1,1,1,151,1.0,,0,0,3,0,,,,,
Instances/Instances 2/pr152_10.gt,151,20000.0,86400.0,PTVRP_LAYERED_CONT,89575.0,2,1,0.0023,1,1,1,151,1.0,,0,0,3,0,,,,,
Instances/Instances 2/pr226_01.gt,225,20.0,86400.0,PTVRP_LAYERED_CONT,3535353.0,96,8,0.0039,278,278,8,31923,141.88,,0,0,21159,0,,,,,
Instances/Instances 2/pr226_02.gt,225,40.0,86400.0,PTVRP_LAYERED_CONT,1809620.0,65,8,0.0032,140,140,8,15394,68.4178,,0,0,17898,0,,,,,
Instances/Instances 2/pr226_03.gt,225,100.0,86400.0,PTVRP_LAYERED_CONT,726861.0,41,3,0.0029,53,53,4,5953,26.4578,,0,0,10275,0,,,,,
Instances/Instances 2/pr226_04.gt,225,200.0,86400.0,PTVRP_LAYERED_CONT,423171.0,27,2,0.0027,29,29,3,3215,14.2889,,0,0,6417,0,,,,,
Instances/Instances 2/pr226_05.gt,225,400.0,86400.0,PTVRP_LAYERED_CONT,229788.0,15,1,0.0024,14,14,1,1693,7.52444,,0,0,3389,0,,,,,
Instances/Instances 2/pr226_06.gt,225,1000.0,86400.0,PTVRP_LAYERED_CONT,140925.0,6,1,0.0024,6,6,1,756,3.36,,0,0,1401,0,,,,,
Instances/Instances 2/pr226_07.gt,225,2000.0,86400.0,PTVRP_LAYERED_CONT,112461.0,3,1,0.0023,3,3,1,440,1.95556,,0,0,736,0,,,,,
Instances/Instances 2/pr226_08.gt,225,4000.0,86400.0,PTVRP_LAYERED_CONT,102122.0,2,1,0.0023,2,2,1,285,1.26667,,0,0,395,0,,,,,
Instances/Instances 2/pr226_09.gt,225,10000.0,86400.0,PTVRP_LAYERED_CONT,97856.0,2,1,0.0023,1,1,1,225,1.0,,0,0,14,0,,,,,
Instances/Instances 2/pr226_10.gt,225,20000.0,86400.0,PTVRP_LAYERED_CONT,97856.0,2,1,0.0023,1,1,1,225,1.0,,0,0,14,0,,,,,
Instances/Instances 2/pr2392_01.gt,2391,20.0,86400.0,PTVRP_LAYERED_CONT,29811896.0,961,10,0.1301,2953,2953,12,3513192,1469.34,,0,0,2325370,0,,,,,
Instances/Instances 2/pr2392_02.gt,2391,40.0,86400.0,PTVRP_LAYERED_CONT,15663717.0,677,8,0.0823,1523,1523,8,1817342,760.076,,0,0,1855738,0,,,,,
Instances/Instances 2/pr2392_03.gt,2391,100.0,86400.0,PTVRP_LAYERED_CONT,6459415.0,458,5,0.0404,610,610,5,727819,304.399,,0,0,939776,0,,,,,
Instances/Instances 2/pr2392_04.gt,2391,200.0,86400.0,PTVRP_LAYERED_CONT,3356260.0,300,2,0.0335,303,303,3,361084,151.018,,0,0,499987,0,,,,,
Instances/Instances 2/pr2392_05.gt,2391,400.0,86400.0,PTVRP_LAYERED_CONT,1817581.0,158,2,0.0137,152,152,2,181758,76.0176,,0,0,252838,0,,,,,
Instances/Instances 2/pr2392_06.gt,2391,1000.0,86400.0,PTVRP_LAYERED_CONT,957752.0,66,1,0.0112,63,63,2,76500,31.995,,0,0,110520,0,,,,,
Instances/Instances 2/pr2392_07.gt,2391,2000.0,86400.0,PTVRP_LAYERED_CONT,642532.0,33,1,0.0064,31,31,1,37804,15.811,,0,0,63136,0,,,,,
Instances/Instances 2/pr2392_08.gt,2391,4000.0,86400.0,PTVRP_LAYERED_CONT,504475.0,17,1,0.0067,16,16,1,19592,8.19406,,0,0,30185,0,,,,,
Instances/Instances 2/pr2392_09.gt,2391,10000.0,86400.0,PTVRP_LAYERED_CONT,420652.0,8,1,0.0045,7,7,1,8596,3.59515,,0,0,18474,0,,,,,
Instances/Instances 2/pr2392_10.gt,2391,20000.0,86400.0,PTVRP_LAYERED_CONT,410093.0,6,1,0.0044,4,4,1,4870,2.0368,,0,0,18355,0,,,,,
Instances/Instances 2/pr264_01.gt,263,20.0,86400.0,PTVRP_LAYERED_CONT,2473645.0,102,8,0.0044,307,307,8,40780,155.057,,0,0,26996,0,,,,,
Instances/Instances 2/pr264_02.gt,263,40.0,86400.0,PTVRP_LAYERED_CONT,1411735.0,84,6,0.0041,175,175,7,23564,89.597,,0,0,23514,0,,,,,
Instances/Instances 2/pr264_03.gt,263,100.0,86400.0,PTVRP_LAYERED_CONT,597584.0,51,4,0.0031,71,71,4,9385,35.6844,,0,0,13477,0,,,,,
Instances/Instances 2/pr264_04.gt,263,200.0,86400.0,PTVRP_LAYERED_CONT,313564.0,37,2,0.0028,35,35,3,4695,17.8517,,0,0,7813,0,,,,,
Instances/Instances 2/pr264_05.gt,263,400.0,86400.0,PTVRP_LAYERED_CONT,160496.0,18,1,0.0026,16,16,2,2188,8.31939,,0,0,3967,0,,,,,
Instances/Instances 2/pr264_06.gt,263,1000.0,86400.0,PTVRP_LAYERED_CONT,91669.0,8,1,0.0024,7,7,1,985,3.74525,,0,0,854,0,,,,,
Instances/Instances 2/pr264_07.gt,263,2000.0,86400.0,PTVRP_LAYERED_CONT,68338.0,5,1,0.0023,4,4,1,600,2.28137,,0,0,419,0,,,,,
Instances/Instances 2/pr264_08.gt,263,4000.0,86400.0,PTVRP_LAYERED_CONT,56527.0,3,1,0.0025,2,2,1,368,1.39924,,0,0,0,0,,,,,
Instances/Instances 2/pr264_09.gt,263,10000.0,86400.0,PTVRP_LAYERED_CONT,50874.0,1,1,0.0023,1,1,1,263,1.0,,0,0,0,0,,,,,
Instances/Instances 2/pr264_10.gt,263,20000.0,86400.0,PTVRP_LAYERED_CONT,50874.0,1,1,0.0023,1,1,1,263,1.0,,0,0,0,0,,,,,
Instances/Instances 2/pr299_01.gt,298,20.0,86400.0,PTVRP_LAYERED_CONT,1535659.0,141,9,0.005,357,357,11,52552,176.349,,0,0,32825,0,,,,,
Instances/Instances 2/pr299_02.gt,298,40.0,86400.0,PTVRP_LAYERED_CONT,877745.0,111,5,0.0041,198,198,7,29685,99.6141,,0,0,26811,0,,,,,
Instances/Instances 2/pr299_03.gt,298,100.0,86400.0,PTVRP_LAYERED_CONT,385897.0,69,3,0.0031,79,79,3,11720,39.3289,,0,0,12540,0,,,,,
Instances/Instances 2/pr299_04.gt,298,200.0,86400.0,PTVRP_LAYERED_CONT,193863.0,39,2,0.0029,38,38,2,5628,18.8859,,0,0,5447,0,,,,,
Instances/Instances 2/pr299_05.gt,298,400.0,86400.0,PTVRP_LAYERED_CONT,117143.0,20,1,0.0026,19,19,1,2849,9.5604,,0,0,2488,0,,,,,
Instances/Instances 2/pr299_06.gt,298,1000.0,86400.0,PTVRP_LAYERED_CONT,74980.0,8,1,0.0026,8,8,1,1295,4.34564,,0,0,894,0,,,,,
Instances/Instances 2/pr299_07.gt,298,2000.0,86400.0,PTVRP_LAYERED_CONT,60992.0,5,1,0.0023,4,4,1,749,2.51342,,0,0,286,0,,,,,
Instances/Instances 2/pr299_08.gt,298,4000.0,86400.0,PTVRP_LAYERED_CONT,56211.0,3,1,0.0025,2,2,1,424,1.42282,,0,0,0,0,,,,,
Instances/Instances 2/pr299_09.gt,298,10000.0,86400.0,PTVRP_LAYERED_CONT,54703.0,1,1,0.0025,1,1,1,298,1.0,,0,0,0,0,,,,,
Instances/Instances 2/pr299_10.gt,298,20000.0,86400.0,PTVRP_LAYERED_CONT,54703.0,1,1,0.0024,1,1,1,298,1.0,,0,0,0,0,,,,,
Instances/Instances 2/pr439_01.gt,438,20.0,86400.0,PTVRP_LAYERED_CONT,3824747.0,197,9,0.008,538,538,9,120211,274.454,,0,0,77875,0,,,,,
Instances/Instances 2/pr439_02.gt,438,40.0,86400.0,PTVRP_LAYERED_CONT,2129727.0,162,7,0.0067,289,289,7,62841,143.473,,0,0,64750,0,,,,,
Instances/Instances 2/pr439_03.gt,438,100.0,86400.0,PTVRP_LAYERED_CONT,894461.0,102,3,0.005,111,111,4,24137,55.1073,,0,0,33397,0,,,,,
Instances/Instances 2/pr439_04.gt,438,200.0,86400.0,PTVRP_LAYERED_CONT,474380.0,58,2,0.004,55,55,2,12400,28.3105,,0,0,20529,0,,,,,
Instances/Instances 2/pr439_05.gt,438,400.0,86400.0,PTVRP_LAYERED_CONT,290794.0,31,1,0.0032,29,29,1,6289,14.3584,,0,0,10547,0,,,,,
Instances/Instances 2/pr439_06.gt,438,1000.0,86400.0,PTVRP_LAYERED_CONT,170676.0,13,1,0.0026,12,12,1,2766,6.31507,,0,0,4589,0,,,,,
Instances/Instances 2/pr439_07.gt,438,2000.0,86400.0,PTVRP_LAYERED_CONT,139239.0,7,1,0.0026,6,6,1,1463,3.34018,,0,0,1825,0,,,,,
Instances/Instances 2/pr439_08.gt,438,4000.0,86400.0,PTVRP_LAYERED_CONT,121241.0,4,1,0.0025,3,3,1,840,1.91781,,0,0,587,0,,,,,
Instances/Instances 2/pr439_09.gt,438,10000.0,86400.0,PTVRP_LAYERED_CONT,117489.0,2,1,0.0024,2,2,1,473,1.07991,,0,0,181,0,,,,,
Instances/Instances 2/pr439_10.gt,438,20000.0,86400.0,PTVRP_LAYERED_CONT,117489.0,2,1,0.0024,1,1,1,438,1.0,,0,0,155,0,,,,,
Instances/Instances 2/pr76_01.gt,75,20.0,86400.0,PTVRP_LAYERED_CONT,1305457.0,44,5,0.0027,102,102,6,3766,50.2133,,0,0,2180,0,,,,,
Instances/Instances 2/pr76_02.gt,75,40.0,86400.0,PTVRP_LAYERED_CONT,690100.0,32,4,0.0024,47,47,4,1760,23.4667,,0,0,1547,0,,,,,
Instances/Instances 2/pr76_03.gt,75,100.0,86400.0,PTVRP_LAYERED_CONT,339052.0,25,2,0.0025,22,22,2,869,11.5867,,0,0,923,0,,,,,
Instances/Instances 2/pr76_04.gt,75,200.0,86400.0,PTVRP_LAYERED_CONT,195275.0,10,1,0.0023,9,9,1,361,4.81333,,0,0,375,0,,,,,
Instances/Instances 2/pr76_05.gt,75,400.0,86400.0,PTVRP_LAYERED_CONT,157160.0,6,1,0.0021,6,6,1,227,3.02667,,0,0,171,0,,,,,
Instances/Instances 2/pr76_06.gt,75,1000.0,86400.0,PTVRP_LAYERED_CONT,124689.0,2,1,0.0022,2,2,1,109,1.45333,,0,0,64,0,,,,,
Instances/Instances 2/pr76_07.gt,75,2000.0,86400.0,PTVRP_LAYERED_CONT,124689.0,2,1,0.0022,2,2,1,77,1.02667,,0,0,22,0,,,,,
Instances/Instances 2/pr76_08.gt,75,4000.0,86400.0,PTVRP_LAYERED_CONT,124689.0,2,1,0.0025,1,1,1,75,1.0,,0,0,21,0,,,,,
Instances/Instances 2/pr76_09.gt,75,10000.0,86400.0,PTVRP_LAYERED_CONT,124689.0,2,1,0.0024,1,1,1,75,1.0,,0,0,21,0,,,,,
Instances/Instances 2/pr76_10.gt,75,20000.0,86400.0,PTVRP_LAYERED_CONT,124689.0,2,1,0.0022,1,1,1,75,1.0,,0,0,21,0,,,,,
Instances/Instances 2/qa194_01.gt,193,20.0,86400.0,PTVRP_LAYERED_CONT,208610.0,98,12,0.0038,254,254,12,25115,130.13,,0,0,11159,0,,,,,
Instances/Instances 2/qa194_02.gt,193,40.0,86400.0,PTVRP_LAYERED_CONT,108926.0,82,4,0.0033,126,126,6,11548,59.8342,,0,0,6639,0,,,,,
Instances/Instances 2/qa194_03.gt,193,100.0,86400.0,PTVRP_LAYERED_CONT,45009.0,49,2,0.0037,49,49,4,4807,24.9067,,0,0,2249,0,,,,,
Instances/Instances 2/qa194_04.gt,193,200.0,86400.0,PTVRP_LAYERED_CONT,27373.0,28,1,0.0025,25,25,2,2475,12.8238,,0,0,488,0,,,,,
Instances/Instances 2/qa194_05.gt,193,400.0,86400.0,PTVRP_LAYERED_CONT,18229.0,14,1,0.0026,14,14,1,1435,7.43523,,0,0,58,0,,,,,
Instances/Instances 2/qa194_06.gt,193,1000.0,86400.0,PTVRP_LAYERED_CONT,12997.0,6,1,0.0026,6,6,1,601,3.11399,,0,0,0,0,,,,,
Instances/Instances 2/qa194_07.gt,193,2000.0,86400.0,PTVRP_LAYERED_CONT,11122.0,3,1,0.0023,3,3,1,362,1.87565,,0,0,0,0,,,,,
Instances/Instances 2/qa194_08.gt,193,4000.0,86400.0,PTVRP_LAYERED_CONT,10519.0,2,1,0.0023,2,2,1,231,1.19689,,0,0,0,0,,,,,
Instances/Instances 2/qa194_09.gt,193,10000.0,86400.0,PTVRP_LAYERED_CONT,10469.0,1,1,0.0022,1,1,1,193,1.0,,0,0,0,0,,,,,
Instances/Instances 2/qa194_10.gt,193,20000.0,86400.0,PTVRP_LAYERED_CONT,10469.0,1,1,0.0023,1,1,1,193,1.0,,0,0,0,0,,,,,
Instances/Instances 2/rat195_01.gt,194,20.0,86400.0,PTVRP_LAYERED_CONT,51522.0,105,8,0.0039,261,261,8,25241,130.108,,0,0,6915,0,,,,,
Instances/Instances 2/rat195_02.gt,194,40.0,86400.0,PTVRP_LAYERED_CONT,26155.0,79,4,0.0032,123,123,5,11866,61.1649,,0,0,2728,0,,,,,
Instances/Instances 2/rat195_03.gt,194,100.0,86400.0,PTVRP_LAYERED_CONT,11329.0,51,2,0.0027,51,51,2,5163,26.6134,,0,0,213,0,,,,,
Instances/Instances 2/rat195_04.gt,194,200.0,86400.0,PTVRP_LAYERED_CONT,6264.0,28,1,0.0025,24,24,2,2505,12.9124,,0,0,0,0,,,,,
Instances/Instances 2/rat195_05.gt,194,400.0,86400.0,PTVRP_LAYERED_CONT,4260.0,15,1,0.0025,13,13,1,1342,6.91753,,0,0,0,0,,,,,
Instances/Instances 2/rat195_06.gt,194,1000.0,86400.0,PTVRP_LAYERED_CONT,2978.0,6,1,0.0023,5,5,1,574,2.95876,,0,0,0,0,,,,,
Instances/Instances 2/rat195_07.gt,194,2000.0,86400.0,PTVRP_LAYERED_CONT,2630.0,3,1,0.0025,3,3,1,342,1.76289,,0,0,0,0,,,,,
Instances/Instances 2/rat195_08.gt,194,4000.0,86400.0,PTVRP_LAYERED_CONT,2587.0,2,1,0.0026,2,2,1,228,1.17526,,0,0,0,0,,,,,
Instances/Instances 2/rat195_09.gt,194,10000.0,86400.0,PTVRP_LAYERED_CONT,2581.0,1,1,0.0023,1,1,1,194,1.0,,0,0,0,0,,,,,
Instances/Instances 2/rat195_10.gt,194,20000.0,86400.0,PTVRP_LAYERED_CONT,2581.0,1,1,0.0024,1,1,1,194,1.0,,0,0,0,0,,,,,
Instances/Instances 2/rat575_01.gt,574,20.0,86400.0,PTVRP_LAYERED_CONT,244321.0,280,8,0.0153,748,748,10,216479,377.141,,0,0,109535,0,,,,,
Instances/Instances 2/rat575_02.gt,574,40.0,86400.0,PTVRP_LAYERED_CONT,122964.0,222,5,0.0084,363,363,6,103439,180.207,,0,0,71799,0,,,,,
Instances/Instances 2/rat575_03.gt,574,100.0,86400.0,PTVRP_LAYERED_CONT,50267.0,133,2,0.0051,142,142,4,41321,71.9878,,0,0,24385,0,,,,,
Instances/Instances 2/rat575_04.gt,574,200.0,86400.0,PTVRP_LAYERED_CONT,28679.0,80,2,0.0039,74,74,2,21266,37.0488,,0,0,8869,0,,,,,
Instances/Instances 2/rat575_05.gt,574,400.0,86400.0,PTVRP_LAYERED_CONT,17406.0,39,1,0.0032,37,37,2,10901,18.9913,,0,0,2412,0,,,,,
Instances/Instances 2/rat575_06.gt,574,1000.0,86400.0,PTVRP_LAYERED_CONT,10471.0,16,1,0.0027,15,15,1,4345,7.56969,,0,0,45,0,,,,,
Instances/Instances 2/rat575_07.gt,574,2000.0,86400.0,PTVRP_LAYERED_CONT,8567.0,9,1,0.0026,8,8,1,2433,4.23868,,0,0,0,0,,,,,
Instances/Instances 2/rat575_08.gt,574,4000.0,86400.0,PTVRP_LAYERED_CONT,7691.0,4,1,0.0026,4,4,1,1356,2.36237,,0,0,0,0,,,,,
Instances/Instances 2/rat575_09.gt,574,10000.0,86400.0,PTVRP_LAYERED_CONT,7378.0,3,1,0.0026,2,2,1,741,1.29094,,0,0,0,0,,,,,
Instances/Instances 2/rat575_10.gt,574,20000.0,86400.0,PTVRP_LAYERED_CONT,7265.0,1,1,0.0025,1,1,1,574,1.0,,0,0,0,0,,,,,
Instances/Instances 2/rat783_01.gt,782,20.0,86400.0,PTVRP_LAYERED_CONT,373979.0,335,9,0.0183,1005,1005,11,393926,503.742,,0,0,213630,0,,,,,
Instances/Instances 2/rat783_02.gt,782,40.0,86400.0,PTVRP_LAYERED_CONT,187305.0,261,6,0.0125,487,487,7,191061,244.324,,0,0,149667,0,,,,,
Instances/Instances 2/rat783_03.gt,782,100.0,86400.0,PTVRP_LAYERED_CONT,82400.0,184,3,0.0075,201,201,4,79191,101.267,,0,0,59648,0,,,,,
Instances/Instances 2/rat783_04.gt,782,200.0,86400.0,PTVRP_LAYERED_CONT,43245.0,103,2,0.0052,98,98,2,38081,48.6969,,0,0,22377,0,,,,,
Instances/Instances 2/rat783_05.gt,782,400.0,86400.0,PTVRP_LAYERED_CONT,25430.0,56,1,0.0038,51,51,2,20057,25.6483,,0,0,7694,0,,,,,
Instances/Instances 2/rat783_06.gt,782,1000.0,86400.0,PTVRP_LAYERED_CONT,15139.0,22,1,0.0031,20,20,1,7975,10.1982,,0,0,962,0,,,,,
Instances/Instances 2/rat783_07.gt,782,2000.0,86400.0,PTVRP_LAYERED_CONT,11603.0,12,1,0.003,10,10,1,4341,5.55115,,0,0,0,0,,,,,
Instances/Instances 2/rat783_08.gt,782,4000.0,86400.0,PTVRP_LAYERED_CONT,10027.0,6,1,0.0027,5,5,1,2345,2.99872,,0,0,0,0,,,,,
Instances/Instances 2/rat783_09.gt,782,10000.0,86400.0,PTVRP_LAYERED_CONT,9552.0,3,1,0.0026,2,2,1,1175,1.50256,,0,0,0,0,,,,,
Instances/Instances 2/rat783_10.gt,782,20000.0,86400.0,PTVRP_LAYERED_CONT,9389.0,2,1,0.003,1,1,1,782,1.0,,0,0,0,0,,,,,
Instances/Instances 2/rat99_01.gt,98,20.0,86400.0,PTVRP_LAYERED_CONT,16503.0,57,5,0.0027,111,111,6,5463,55.7449,,0,0,211,0,,,,,
Instances/Instances 2/rat99_02.gt,98,40.0,86400.0,PTVRP_LAYERED_CONT,8994.0,49,3,0.0026,58,58,4,2908,29.6735,,0,0,0,0,,,,,
Instances/Instances 2/rat99_03.gt,98,100.0,86400.0,PTVRP_LAYERED_CONT,4580.0,27,2,0.0023,26,26,2,1221,12.4592,,0,0,0,0,,,,,
Instances/Instances 2/rat99_04.gt,98,200.0,86400.0,PTVRP_LAYERED_CONT,2833.0,14,1,0.0024,13,13,1,676,6.89796,,0,0,0,0,,,,,
Instances/Instances 2/rat99_05.gt,98,400.0,86400.0,PTVRP_LAYERED_CONT,1869.0,7,1,0.0023,6,6,1,333,3.39796,,0,0,0,0,,,,,
Instances/Instances 2/rat99_06.gt,98,1000.0,86400.0,PTVRP_LAYERED_CONT,1470.0,3,1,0.0021,3,3,1,184,1.87755,,0,0,0,0,,,,,
Instances/Instances 2/rat99_07.gt,98,2000.0,86400.0,PTVRP_LAYERED_CONT,1399.0,2,1,0.0022,2,2,1,119,1.21429,,0,0,0,0,,,,,
Instances/Instances 2/rat99_08.gt,98,4000.0,86400.0,PTVRP_LAYERED_CONT,1395.0,1,1,0.0023,1,1,1,98,1.0,,0,0,0,0,,,,,
Instances/Instances 2/rat99_09.gt,98,10000.0,86400.0,PTVRP_LAYERED_CONT,1395.0,1,1,0.0023,1,1,1,98,1.0,,0,0,0,0,,,,,
Instances/Instances 2/rat99_10.gt,98,20000.0,86400.0,PTVRP_LAYERED_CONT,1395.0,1,1,0.0022,1,1,1,98,1.0,,0,0,0,0,,,,,
Instances/Instances 2/rd100_01.gt,99,20.0,86400.0,PTVRP_LAYERED_CONT,107009.0,50,6,0.0026,110,110,7,5458,55.1313,,0,0,2184,0,,,,,
Instances/Instances 2/rd100_02.gt,99,40.0,86400.0,PTVRP_LAYERED_CONT,60993.0,44,4,0.0026,59,59,5,3038,30.6869,,0,0,1335,0,,,,,
Instances/Instances 2/rd100_03.gt,99,100.0,86400.0,PTVRP_LAYERED_CONT,30031.0,31,1,0.0025,26,26,2,1339,13.5253,,0,0,310,0,,,,,
Instances/Instances 2/rd100_04.gt,99,200.0,86400.0,PTVRP_LAYERED_CONT,17776.0,15,1,0.0023,13,13,1,657,6.63636,,0,0,22,0,,,,,
Instances/Instances 2/rd100_05.gt,99,400.0,86400.0,PTVRP_LAYERED_CONT,11939.0,7,1,0.0023,7,7,1,381,3.84848,,0,0,0,0,,,,,
Instances/Instances 2/rd100_06.gt,99,1000.0,86400.0,PTVRP_LAYERED_CONT,9875.0,4,1,0.0022,3,3,1,188,1.89899,,0,0,0,0,,,,,
Instances/Instances 2/rd100_07.gt,99,2000.0,86400.0,PTVRP_LAYERED_CONT,9356.0,3,1,0.0022,2,2,1,122,1.23232,,0,0,0,0,,,,,
Instances/Instances 2/rd100_08.gt,99,4000.0,86400.0,PTVRP_LAYERED_CONT,8967.0,2,1,0.0022,1,1,1,99,1.0,,0,0,0,0,,,,,
Instances/Instances 2/rd100_09.gt,99,10000.0,86400.0,PTVRP_LAYERED_CONT,8967.0,2,1,0.0021,1,1,1,99,1.0,,0,0,0,0,,,,,
Instances/Instances 2/rd100_10.gt,99,20000.0,86400.0,PTVRP_LAYERED_CONT,8967.0,2,1,0.0022,1,1,1,99,1.0,,0,0,0,0,,,,,
Instances/Instances 2/rd400_01.gt,399,20.0,86400.0,PTVRP_LAYERED_CONT,442893.0,194,7,0.0073,500,500,8,102322,256.446,,0,0,55370,0,,,,,
Instances/Instances 2/rd400_02.gt,399,40.0,86400.0,PTVRP_LAYERED_CONT,227178.0,167,5,0.0052,253,253,5,52712,132.11,,0,0,41432,0,,,,,
Instances/Instances 2/rd400_03.gt,399,100.0,86400.0,PTVRP_LAYERED_CONT,100521.0,98,2,0.0039,102,102,3,20799,52.1278,,0,0,16290,0,,,,,
Instances/Instances 2/rd400_04.gt,399,200.0,86400.0,PTVRP_LAYERED_CONT,52887.0,53,1,0.0033,49,49,2,9678,24.2556,,0,0,6132,0,,,,,
Instances/Instances 2/rd400_05.gt,399,400.0,86400.0,PTVRP_LAYERED_CONT,34887.0,30,1,0.0031,27,27,1,5656,14.1754,,0,0,2629,0,,,,,
Instances/Instances 2/rd400_06.gt,399,1000.0,86400.0,PTVRP_LAYERED_CONT,21380.0,12,1,0.0026,11,11,1,2304,5.77444,,0,0,371,0,,,,,
Instances/Instances 2/rd400_07.gt,399,2000.0,86400.0,PTVRP_LAYERED_CONT,17809.0,6,1,0.0025,6,6,1,1234,3.09273,,0,0,18,0,,,,,
Instances/Instances 2/rd400_08.gt,399,4000.0,86400.0,PTVRP_LAYERED_CONT,16168.0,3,1,0.0024,3,3,1,728,1.82456,,0,0,0,0,,,,,
Instances/Instances 2/rd400_09.gt,399,10000.0,86400.0,PTVRP_LAYERED_CONT,15473.0,2,1,0.0024,2,2,1,406,1.01754,,0,0,0,0,,,,,
Instances/Instances 2/rd400_10.gt,399,20000.0,86400.0,PTVRP_LAYERED_CONT,15316.0,1,1,0.0024,1,1,1,399,1.0,,0,0,0,0,,,,,
Instances/Instances 2/rl11849_01.gt,11848,20.0,86400.0,PTVRP_LAYERED_CONT,171385867.0,4564,13,3.3985,15009,15009,15,88672500,7484.17,,0,0,57558792,0,,,,,
Instances/Instances 2/rl11849_02.gt,11848,40.0,86400.0,PTVRP_LAYERED_CONT,86085907.0,2937,10,1.9155,7590,7590,11,44944140,3793.39,,0,0,45507287,0,,,,,
Instances/Instances 2/rl11849_03.gt,11848,100.0,86400.0,PTVRP_LAYERED_CONT,34891640.0,1806,5,0.7733,3043,3043,7,18000561,1519.29,,0,0,23125160,0,,,,,
Instances/Instances 2/rl11849_04.gt,11848,200.0,86400.0,PTVRP_LAYERED_CONT,17732426.0,1260,4,0.402,1516,1516,5,8981730,758.08,,0,0,13222326,0,,,,,
Instances/Instances 2/rl11849_05.gt,11848,400.0,86400.0,PTVRP_LAYERED_CONT,9318777.0,768,2,0.2473,767,767,3,4557909,384.699,,0,0,7484346,0,,,,,
Instances/Instances 2/rl11849_06.gt,11848,1000.0,86400.0,PTVRP_LAYERED_CONT,4134816.0,312,1,0.0925,303,303,2,1800119,151.934,,0,0,3523248,0,,,,,
Instances/Instances 2/rl11849_07.gt,11848,2000.0,86400.0,PTVRP_LAYERED_CONT,2497882.0,160,1,0.0531,152,152,1,897563,75.7565,,0,0,1940188,0,,,,,
Instances/Instances 2/rl11849_08.gt,11848,4000.0,86400.0,PTVRP_LAYERED_CONT,1663784.0,80,1,0.0325,76,76,1,449562,37.9441,,0,0,1211152,0,,,,,
Instances/Instances 2/rl11849_09.gt,11848,10000.0,86400.0,PTVRP_LAYERED_CONT,1182604.0,34,1,0.0199,31,31,1,185161,15.628,,0,0,645752,0,,,,,
Instances/Instances 2/rl11849_10.gt,11848,20000.0,86400.0,PTVRP_LAYERED_CONT,1026008.0,19,1,0.0147,16,16,1,95242,8.03866,,0,0,481228,0,,,,,
Instances/Instances 2/rl1304_01.gt,1303,20.0,86400.0,PTVRP_LAYERED_CONT,18841723.0,580,10,0.0421,1643,1643,10,1082235,830.572,,0,0,709749,0,,,,,
Instances/Instances 2/rl1304_02.gt,1303,40.0,86400.0,PTVRP_LAYERED_CONT,9644354.0,386,6,0.0274,833,833,7,546587,419.483,,0,0,578382,0,,,,,
Instances/Instances 2/rl1304_03.gt,1303,100.0,86400.0,PTVRP_LAYERED_CONT,4041218.0,260,4,0.0154,338,338,5,220555,169.267,,0,0,328803,0,,,,,
Instances/Instances 2/rl1304_04.gt,1303,200.0,86400.0,PTVRP_LAYERED_CONT,2037727.0,164,3,0.0099,165,165,3,109135,83.7567,,0,0,204936,0,,,,,
Instances/Instances 2/rl1304_05.gt,1303,400.0,86400.0,PTVRP_LAYERED_CONT,1129403.0,88,1,0.0068,84,84,2,55292,42.4344,,0,0,124639,0,,,,,
Instances/Instances 2/rl1304_06.gt,1303,1000.0,86400.0,PTVRP_LAYERED_CONT,580361.0,35,1,0.0046,33,33,1,21890,16.7997,,0,0,55703,0,,,,,
Instances/Instances 2/rl1304_07.gt,1303,2000.0,86400.0,PTVRP_LAYERED_CONT,401899.0,19,1,0.0043,17,17,1,11599,8.90177,,0,0,29057,0,,,,,
Instances/Instances 2/rl1304_08.gt,1303,4000.0,86400.0,PTVRP_LAYERED_CONT,311174.0,10,1,0.0035,9,9,1,6135,4.70837,,0,0,22424,0,,,,,
Instances/Instances 2/rl1304_09.gt,1303,10000.0,86400.0,PTVRP_LAYERED_CONT,280421.0,5,1,0.0033,4,4,1,2897,2.22333,,0,0,9902,0,,,,,
Instances/Instances 2/rl1304_10.gt,1303,20000.0,86400.0,PTVRP_LAYERED_CONT,277708.0,5,1,0.0033,2,2,1,1808,1.38757,,0,0,13711,0,,,,,
Instances/Instances 2/rl1323_01.gt,1322,20.0,86400.0,PTVRP_LAYERED_CONT,20770192.0,558,9,0.0436,1721,1721,9,1164837,881.117,,0,0,742274,0,,,,,
Instances/Instances 2/rl1323_02.gt,1322,40.0,86400.0,PTVRP_LAYERED_CONT,9981873.0,407,7,0.0279,834,834,7,549550,415.696,,0,0,577608,0,,,,,
Instances/Instances 2/rl1323_03.gt,1322,100.0,86400.0,PTVRP_LAYERED_CONT,4123202.0,258,4,0.0152,334,334,4,221314,167.408,,0,0,328461,0,,,,,
Instances/Instances 2/rl1323_04.gt,1322,200.0,86400.0,PTVRP_LAYERED_CONT,2177917.0,173,2,0.0101,171,171,3,113888,86.1483,,0,0,193410,0,,,,,
Instances/Instances 2/rl1323_05.gt,1322,400.0,86400.0,PTVRP_LAYERED_CONT,1195852.0,91,1,0.0068,85,85,2,56092,42.4297,,0,0,106271,0,,,,,
Instances/Instances 2/rl1323_06.gt,1322,1000.0,86400.0,PTVRP_LAYERED_CONT,622721.0,37,1,0.0046,34,34,1,23013,17.4077,,0,0,47662,0,,,,,
Instances/Instances 2/rl1323_07.gt,1322,2000.0,86400.0,PTVRP_LAYERED_CONT,435188.0,19,1,0.004,18,18,1,11904,9.00454,,0,0,26726,0,,,,,
Instances/Instances 2/rl1323_08.gt,1322,4000.0,86400.0,PTVRP_LAYERED_CONT,343638.0,10,1,0.0035,9,9,1,6215,4.70121,,0,0,20145,0,,,,,
Instances/Instances 2/rl1323_09.gt,1322,10000.0,86400.0,PTVRP_LAYERED_CONT,305210.0,5,1,0.0031,4,4,1,2937,2.22163,,0,0,9922,0,,,,,
Instances/Instances 2/rl1323_10.gt,1322,20000.0,86400.0,PTVRP_LAYERED_CONT,305210.0,5,1,0.0031,2,2,1,1901,1.43797,,0,0,19868,0,,,,,
Instances/Instances 2/rl1889_01.gt,1888,20.0,86400.0,PTVRP_LAYERED_CONT,30137720.0,789,9,0.082,2408,2408,9,2285336,1210.45,,0,0,1488407,0,,,,,
Instances/Instances 2/rl1889_02.gt,1888,40.0,86400.0,PTVRP_LAYERED_CONT,15108861.0,561,7,0.0507,1206,1206,9,1137823,602.66,,0,0,1173397,0,,,,,
Instances/Instances 2/rl1889_03.gt,1888,100.0,86400.0,PTVRP_LAYERED_CONT,6272466.0,344,6,0.0262,484,484,6,449064,237.852,,0,0,631103,0,,,,,
Instances/Instances 2/rl1889_04.gt,1888,200.0,86400.0,PTVRP_LAYERED_CONT,3248313.0,228,3,0.0157,241,241,3,227866,120.692,,0,0,372134,0,,,,,
Instances/Instances 2/rl1889_05.gt,1888,400.0,86400.0,PTVRP_LAYERED_CONT,1761285.0,127,2,0.0099,122,122,3,116798,61.8633,,0,0,208770,0,,,,,
Instances/Instances 2/rl1889_06.gt,1888,1000.0,86400.0,PTVRP_LAYERED_CONT,864321.0,51,1,0.0063,48,48,1,46025,24.3776,,0,0,91856,0,,,,,
Instances/Instances 2/rl1889_07.gt,1888,2000.0,86400.0,PTVRP_LAYERED_CONT,584162.0,27,1,0.0047,25,25,1,23988,12.7055,,0,0,51727,0,,,,,
Instances/Instances 2/rl1889_08.gt,1888,4000.0,86400.0,PTVRP_LAYERED_CONT,439497.0,14,1,0.0043,12,12,1,12251,6.48888,,0,0,29580,0,,,,,
Instances/Instances 2/rl1889_09.gt,1888,10000.0,86400.0,PTVRP_LAYERED_CONT,359202.0,6,1,0.0035,5,5,1,5507,2.91684,,0,0,17197,0,,,,,
Instances/Instances 2/rl1889_10.gt,1888,20000.0,86400.0,PTVRP_LAYERED_CONT,351630.0,6,1,0.0033,3,3,1,3314,1.7553,,0,0,28415,0,,,,,
Instances/Instances 2/rl5915_01.gt,5914,20.0,86400.0,PTVRP_LAYERED_CONT,83146568.0,2270,11,0.8172,7420,7420,11,21943131,3710.37,,0,0,14420421,0,,,,,
Instances/Instances 2/rl5915_02.gt,5914,40.0,86400.0,PTVRP_LAYERED_CONT,42081110.0,1484,8,0.4617,3756,3756,10,11096595,1876.33,,0,0,11532345,0,,,,,
Instances/Instances 2/rl5915_03.gt,5914,100.0,86400.0,PTVRP_LAYERED_CONT,17328936.0,927,5,0.2002,1517,1517,6,4509370,762.491,,0,0,6354475,0,,,,,
Instances/Instances 2/rl5915_04.gt,5914,200.0,86400.0,PTVRP_LAYERED_CONT,8794278.0,665,3,0.1105,753,753,4,2225831,376.366,,0,0,3806788,0,,,,,
Instances/Instances 2/rl5915_05.gt,5914,400.0,86400.0,PTVRP_LAYERED_CONT,4616007.0,381,2,0.0609,378,378,4,1109332,187.577,,0,0,2221422,0,,,,,
Instances/Instances 2/rl5915_06.gt,5914,1000.0,86400.0,PTVRP_LAYERED_CONT,2154063.0,158,1,0.0293,153,153,2,452158,76.4555,,0,0,1145341,0,,,,,
Instances/Instances 2/rl5915_07.gt,5914,2000.0,86400.0,PTVRP_LAYERED_CONT,1309085.0,79,1,0.0179,75,75,1,224311,37.9288,,0,0,652088,0,,,,,
Instances/Instances 2/rl5915_08.gt,5914,4000.0,86400.0,PTVRP_LAYERED_CONT,914546.0,42,1,0.0122,38,38,1,115071,19.4574,,0,0,402641,0,,,,,
Instances/Instances 2/rl5915_09.gt,5914,10000.0,86400.0,PTVRP_LAYERED_CONT,684988.0,18,1,0.0088,16,16,1,47640,8.05546,,0,0,275126,0,,,,,
Instances/Instances 2/rl5915_10.gt,5914,20000.0,86400.0,PTVRP_LAYERED_CONT,622673.0,10,1,0.0076,8,8,1,25103,4.24467,,0,0,170775,0,,,,,
Instances/Instances 2/rl5934_01.gt,5933,20.0,86400.0,PTVRP_LAYERED_CONT,84169002.0,2339,12,0.8183,7579,7579,13,22528230,3797.11,,0,0,14698563,0,,,,,
Instances/Instances 2/rl5934_02.gt,5933,40.0,86400.0,PTVRP_LAYERED_CONT,41719081.0,1596,9,0.4774,3767,3767,10,11171701,1882.98,,0,0,11736248,0,,,,,
Instances/Instances 2/rl5934_03.gt,5933,100.0,86400.0,PTVRP_LAYERED_CONT,16903589.0,997,5,0.2098,1515,1515,6,4508111,759.837,,0,0,6541478,0,,,,,
Instances/Instances 2/rl5934_04.gt,5933,200.0,86400.0,PTVRP_LAYERED_CONT,8807558.0,668,4,0.1146,768,768,4,2272139,382.966,,0,0,4089366,0,,,,,
Instances/Instances 2/rl5934_05.gt,5933,400.0,86400.0,PTVRP_LAYERED_CONT,4534110.0,386,2,0.062,379,379,3,1128498,190.207,,0,0,2402188,0,,,,,
Instances/Instances 2/rl5934_06.gt,5933,1000.0,86400.0,PTVRP_LAYERED_CONT,2110204.0,158,1,0.03,152,152,2,451755,76.1428,,0,0,1196999,0,,,,,
Instances/Instances 2/rl5934_07.gt,5933,2000.0,86400.0,PTVRP_LAYERED_CONT,1314665.0,81,1,0.0188,77,77,1,228732,38.5525,,0,0,681958,0,,,,,
Instances/Instances 2/rl5934_08.gt,5933,4000.0,86400.0,PTVRP_LAYERED_CONT,904911.0,43,1,0.0126,38,38,1,114095,19.2306,,0,0,386853,0,,,,,
Instances/Instances 2/rl5934_09.gt,5933,10000.0,86400.0,PTVRP_LAYERED_CONT,678749.0,19,1,0.0091,16,16,1,48106,8.10821,,0,0,242583,0,,,,,
Instances/Instances 2/rl5934_10.gt,5933,20000.0,86400.0,PTVRP_LAYERED_CONT,613159.0,9,1,0.0075,8,8,1,25899,4.36525,,0,0,151279,0,,,,,
Instances/Instances 2/rw1621_01.gt,1620,20.0,86400.0,PTVRP_LAYERED_CONT,2391345.0,553,13,0.065,2095,2095,19,1705534,1052.8,,0,0,1107532,0,,,,,
Instances/Instances 2/rw1621_02.gt,1620,40.0,86400.0,PTVRP_LAYERED_CONT,1199112.0,429,9,0.0426,1036,1036,12,833668,514.61,,0,0,935473,0,,,,,
Instances/Instances 2/rw1621_03.gt,1620,100.0,86400.0,PTVRP_LAYERED_CONT,495162.0,298,5,0.025,412,412,6,333867,206.091,,0,0,517815,0,,,,,
Instances/Instances 2/rw1621_04.gt,1620,200.0,86400.0,PTVRP_LAYERED_CONT,262188.0,204,3,0.0177,212,212,4,174394,107.651,,0,0,282003,0,,,,,
Instances/Instances 2/rw1621_05.gt,1620,400.0,86400.0,PTVRP_LAYERED_CONT,139406.0,109,1,0.0096,104,104,3,85698,52.9,,0,0,119628,0,,,,,
Instances/Instances 2/rw1621_06.gt,1620,1000.0,86400.0,PTVRP_LAYERED_CONT,68691.0,43,1,0.0057,42,42,2,34332,21.1926,,0,0,37179,0,,,,,
Instances/Instances 2/rw1621_07.gt,1620,2000.0,86400.0,PTVRP_LAYERED_CONT,46476.0,23,1,0.0043,21,21,1,17562,10.8407,,0,0,14145,0,,,,,
Instances/Instances 2/rw1621_08.gt,1620,4000.0,86400.0,PTVRP_LAYERED_CONT,36176.0,12,1,0.0035,11,11,1,9167,5.65864,,0,0,3746,0,,,,,
Instances/Instances 2/rw1621_09.gt,1620,10000.0,86400.0,PTVRP_LAYERED_CONT,29392.0,5,1,0.0032,5,5,1,4223,2.60679,,0,0,147,0,,,,,
Instances/Instances 2/rw1621_10.gt,1620,20000.0,86400.0,PTVRP_LAYERED_CONT,27739.0,3,1,0.0034,3,3,1,2477,1.52901,,0,0,0,0,,,,,
Instances/Instances 2/st70_01.gt,69,20.0,86400.0,PTVRP_LAYERED_CONT,7414.0,41,4,0.0026,76,76,5,2687,38.942,,0,0,0,0,,,,,
Instances/Instances 2/st70_02.gt,69,40.0,86400.0,PTVRP_LAYERED_CONT,4366.0,33,3,0.0024,41,41,3,1486,21.5362,,0,0,0,0,,,,,
Instances/Instances 2/st70_03.gt,69,100.0,86400.0,PTVRP_LAYERED_CONT,2076.0,20,2,0.0023,18,18,2,681,9.86957,,0,0,0,0,,,,,
Instances/Instances 2/st70_04.gt,69,200.0,86400.0,PTVRP_LAYERED_CONT,1255.0,11,1,0.0028,9,9,1,296,4.28986,,0,0,0,0,,,,,
Instances/Instances 2/st70_05.gt,69,400.0,86400.0,PTVRP_LAYERED_CONT,974.0,6,1,0.0023,5,5,1,195,2.82609,,0,0,0,0,,,,,
Instances/Instances 2/st70_06.gt,69,1000.0,86400.0,PTVRP_LAYERED_CONT,794.0,3,1,0.0021,2,2,1,99,1.43478,,0,0,0,0,,,,,
Instances/Instances 2/st70_07.gt,69,2000.0,86400.0,PTVRP_LAYERED_CONT,780.0,1,1,0.0023,1,1,1,69,1.0,,0,0,0,0,,,,,
Instances/Instances 2/st70_08.gt,69,4000.0,86400.0,PTVRP_LAYERED_CONT,780.0,1,1,0.0022,1,1,1,69,1.0,,0,0,0,0,,,,,
Instances/Instances 2/st70_09.gt,69,10000.0,86400.0,PTVRP_LAYERED_CONT,780.0,1,1,0.0023,1,1,1,69,1.0,,0,0,0,0,,,,,
Instances/Instances 2/st70_10.gt,69,20000.0,86400.0,PTVRP_LAYERED_CONT,780.0,1,1,0.0029,1,1,1,69,1.0,,0,0,0,0,,,,,
Instances/Instances 2/sw24978_01.gt,24977,20.0,86400.0,PTVRP_LAYERED_CONT,216192004.0,7551,19,16.3021,31922,31922,19,397530754,15915.9,,0,0,255921223,0,,,,,
Instances/Instances 2/sw24978_02.gt,24977,40.0,86400.0,PTVRP_LAYERED_CONT,108173763.0,5292,11,9.1086,15898,15898,15,199179077,7974.5,,1,0,198153021,0,,,,,
Instances/Instances 2/sw24978_03.gt,24977,100.0,86400.0,PTVRP_LAYERED_CONT,43925669.0,3440,7,3.433,6358,6358,10,79360186,3177.33,,0,0,90610114,0,,,,,
Instances/Instances 2/sw24978_04.gt,24977,200.0,86400.0,PTVRP_LAYERED_CONT,22469886.0,2478,4,1.6794,3202,3202,6,39887708,1596.98,,1,0,47043087,0,,,,,
Instances/Instances 2/sw24978_05.gt,24977,400.0,86400.0,PTVRP_LAYERED_CONT,11371426.0,1518,3,0.9127,1579,1579,4,19737592,790.231,,0,0,23475866,0,,,,,
Instances/Instances 2/sw24978_06.gt,24977,1000.0,86400.0,PTVRP_LAYERED_CONT,5048739.0,654,1,0.3484,641,641,3,7999131,320.26,,0,0,9457393,0,,,,,
Instances/Instances 2/sw24978_07.gt,24977,2000.0,86400.0,PTVRP_LAYERED_CONT,2908289.0,325,1,0.1928,318,318,2,3979619,159.331,,0,0,4677905,0,,,,,
Instances/Instances 2/sw24978_08.gt,24977,4000.0,86400.0,PTVRP_LAYERED_CONT,1861338.0,164,1,0.1111,160,160,2,2010755,80.5043,,0,0,2378176,0,,,,,
Instances/Instances 2/sw24978_09.gt,24977,10000.0,86400.0,PTVRP_LAYERED_CONT,1245566.0,67,1,0.0572,64,64,1,805645,32.2555,,0,0,999557,0,,,,,
Instances/Instances 2/sw24978_10.gt,24977,20000.0,86400.0,PTVRP_LAYERED_CONT,1041100.0,36,1,0.0386,32,32,1,410186,16.4225,,0,0,559927,0,,,,,
Instances/Instances 2/ts225_01.gt,224,20.0,86400.0,PTVRP_LAYERED_CONT,3372707.0,116,7,0.005,284,284,8,31665,141.362,,0,0,19740,0,,,,,
Instances/Instances 2/ts225_02.gt,224,40.0,86400.0,PTVRP_LAYERED_CONT,1962568.0,88,5,0.0038,156,156,5,17660,78.8393,,0,0,16857,0,,,,,
Instances/Instances 2/ts225_03.gt,224,100.0,86400.0,PTVRP_LAYERED_CONT,755713.0,60,2,0.0031,58,58,3,6529,29.1473,,0,0,8183,0,,,,,
Instances/Instances 2/ts225_04.gt,224,200.0,86400.0,PTVRP_LAYERED_CONT,440938.0,33,1,0.0029,30,30,2,3428,15.3036,,0,0,4480,0,,,,,
Instances/Instances 2/ts225_05.gt,224,400.0,86400.0,PTVRP_LAYERED_CONT,272708.0,16,1,0.003,15,15,1,1725,7.70089,,0,0,2569,0,,,,,
Instances/Instances 2/ts225_06.gt,224,1000.0,86400.0,PTVRP_LAYERED_CONT,171841.0,7,1,0.0024,6,6,1,750,3.34821,,0,0,917,0,,,,,
Instances/Instances 2/ts225_07.gt,224,2000.0,86400.0,PTVRP_LAYERED_CONT,148763.0,4,1,0.0026,3,3,1,424,1.89286,,0,0,781,0,,,,,
Instances/Instances 2/ts225_08.gt,224,4000.0,86400.0,PTVRP_LAYERED_CONT,143060.0,3,1,0.0024,2,2,1,283,1.26339,,0,0,234,0,,,,,
Instances/Instances 2/ts225_09.gt,224,10000.0,86400.0,PTVRP_LAYERED_CONT,143060.0,3,1,0.0023,1,1,1,224,1.0,,0,0,130,0,,,,,
Instances/Instances 2/ts225_10.gt,224,20000.0,86400.0,PTVRP_LAYERED_CONT,143060.0,3,1,0.0023,1,1,1,224,1.0,,0,0,130,0,,,,,
Instances/Instances 2/tsp225_01.gt,224,20.0,86400.0,PTVRP_LAYERED_CONT,86922.0,102,9,0.0046,285,285,9,32838,146.598,,0,0,11540,0,,,,,
Instances/Instances 2/tsp225_02.gt,224,40.0,86400.0,PTVRP_LAYERED_CONT,51568.0,97,5,0.0035,156,156,5,17001,75.8973,,0,0,6790,0,,,,,
Instances/Instances 2/tsp225_03.gt,224,100.0,86400.0,PTVRP_LAYERED_CONT,19648.0,59,2,0.0029,58,58,2,6545,29.2188,,0,0,1177,0,,,,,
Instances/Instances 2/tsp225_04.gt,224,200.0,86400.0,PTVRP_LAYERED_CONT,12031.0,33,1,0.0026,30,30,1,3412,15.2321,,0,0,118,0,,,,,
Instances/Instances 2/tsp225_05.gt,224,400.0,86400.0,PTVRP_LAYERED_CONT,7704.0,16,1,0.0026,15,15,1,1710,7.63393,,0,0,0,0,,,,,
Instances/Instances 2/tsp225_06.gt,224,1000.0,86400.0,PTVRP_LAYERED_CONT,5113.0,6,1,0.0023,6,6,1,714,3.1875,,0,0,0,0,,,,,
Instances/Instances 2/tsp225_07.gt,224,2000.0,86400.0,PTVRP_LAYERED_CONT,4602.0,3,1,0.0024,3,3,1,435,1.94196,,0,0,0,0,,,,,
Instances/Instances 2/tsp225_08.gt,224,4000.0,86400.0,PTVRP_LAYERED_CONT,4425.0,2,1,0.0024,2,2,1,282,1.25893,,0,0,0,0,,,,,
Instances/Instances 2/tsp225_09.gt,224,10000.0,86400.0,PTVRP_LAYERED_CONT,4418.0,1,1,0.0024,1,1,1,224,1.0,,0,0,0,0,,,,,
Instances/Instances 2/tsp225_10.gt,224,20000.0,86400.0,PTVRP_LAYERED_CONT,4418.0,1,1,0.0023,1,1,1,224,1.0,,0,0,0,0,,,,,
Instances/Instances 2/tz6117_01.gt,6116,20.0,86400.0,PTVRP_LAYERED_CONT,60869139.0,2046,13,0.8404,7722,7722,14,23715129,3877.56,,0,0,15380639,0,,,,,
Instances/Instances 2/tz6117_02.gt,6116,40.0,86400.0,PTVRP_LAYERED_CONT,31382950.0,1427,11,0.4781,3950,3950,12,12131573,1983.58,,0,0,12425994,0,,,,,
Instances/Instances 2/tz6117_03.gt,6116,100.0,86400.0,PTVRP_LAYERED_CONT,12671790.0,939,7,0.211,1555,1555,9,4780819,781.69,,0,0,6118087,0,,,,,
Instances/Instances 2/tz6117_04.gt,6116,200.0,86400.0,PTVRP_LAYERED_CONT,6557761.0,667,4,0.1153,789,789,6,2414585,394.798,,0,0,3326532,0,,,,,
Instances/Instances 2/tz6117_05.gt,6116,400.0,86400.0,PTVRP_LAYERED_CONT,3337555.0,388,2,0.0628,385,385,4,1177679,192.557,,0,0,1670333,0,,,,,
Instances/Instances 2/tz6117_06.gt,6116,1000.0,86400.0,PTVRP_LAYERED_CONT,1569054.0,163,1,0.0296,158,158,2,484241,79.1761,,0,0,664746,0,,,,,
Instances/Instances 2/tz6117_07.gt,6116,2000.0,86400.0,PTVRP_LAYERED_CONT,965299.0,81,1,0.0188,79,79,2,243446,39.8048,,0,0,328733,0,,,,,
Instances/Instances 2/tz6117_08.gt,6116,4000.0,86400.0,PTVRP_LAYERED_CONT,674007.0,42,1,0.0129,40,40,1,122391,20.0116,,0,0,162610,0,,,,,
Instances/Instances 2/tz6117_09.gt,6116,10000.0,86400.0,PTVRP_LAYERED_CONT,499086.0,17,1,0.0084,16,16,1,50440,8.24722,,0,0,67513,0,,,,,
Instances/Instances 2/tz6117_10.gt,6116,20000.0,86400.0,PTVRP_LAYERED_CONT,441130.0,9,1,0.0075,8,8,1,27083,4.42822,,0,0,50467,0,,,,,
Instances/Instances 2/u1060_01.gt,1059,20.0,86400.0,PTVRP_LAYERED_CONT,13870350.0,470,10,0.0289,1356,1356,10,708417,668.949,,0,0,452650,0,,,,,
Instances/Instances 2/u1060_02.gt,1059,40.0,86400.0,PTVRP_LAYERED_CONT,7000301.0,327,6,0.0189,664,664,7,349306,329.845,,0,0,357003,0,,,,,
Instances/Instances 2/u1060_03.gt,1059,100.0,86400.0,PTVRP_LAYERED_CONT,2930870.0,249,4,0.0107,278,278,4,146912,138.727,,0,0,188515,0,,,,,
Instances/Instances 2/u1060_04.gt,1059,200.0,86400.0,PTVRP_LAYERED_CONT,1562703.0,134,3,0.0069,137,137,3,73407,69.3173,,0,0,103889,0,,,,,
Instances/Instances 2/u1060_05.gt,1059,400.0,86400.0,PTVRP_LAYERED_CONT,855343.0,72,1,0.0049,68,68,2,36436,34.406,,0,0,53770,0,,,,,
Instances/Instances 2/u1060_06.gt,1059,1000.0,86400.0,PTVRP_LAYERED_CONT,463822.0,29,1,0.0039,27,27,1,14815,13.9896,,0,0,22324,0,,,,,
Instances/Instances 2/u1060_07.gt,1059,2000.0,86400.0,PTVRP_LAYERED_CONT,337836.0,15,1,0.0033,14,14,1,7467,7.05099,,0,0,9648,0,,,,,
Instances/Instances 2/u1060_08.gt,1059,4000.0,86400.0,PTVRP_LAYERED_CONT,273038.0,8,1,0.0032,7,7,1,4190,3.95656,,0,0,7583,0,,,,,
Instances/Instances 2/u1060_09.gt,1059,10000.0,86400.0,PTVRP_LAYERED_CONT,245381.0,4,1,0.0029,3,3,1,1960,1.8508,,0,0,4091,0,,,,,
Instances/Instances 2/u1060_10.gt,1059,20000.0,86400.0,PTVRP_LAYERED_CONT,245381.0,4,1,0.003,2,2,1,1326,1.25212,,0,0,7195,0,,,,,
Instances/Instances 2/u1432_01.gt,1431,20.0,86400.0,PTVRP_LAYERED_CONT,7772481.0,574,9,0.048,1752,1752,11,1277338,892.619,,0,0,823471,0,,,,,
Instances/Instances 2/u1432_02.gt,1431,40.0,86400.0,PTVRP_LAYERED_CONT,4195853.0,469,6,0.0317,916,916,9,658216,459.969,,0,0,652904,0,,,,,
Instances/Instances 2/u1432_03.gt,1431,100.0,86400.0,PTVRP_LAYERED_CONT,1720119.0,306,3,0.0159,360,360,4,257708,180.089,,0,0,302786,0,,,,,
Instances/Instances 2/u1432_04.gt,1431,200.0,86400.0,PTVRP_LAYERED_CONT,911025.0,194,2,0.0101,181,181,3,132062,92.2865,,0,0,155031,0,,,,,
Instances/Instances 2/u1432_05.gt,1431,400.0,86400.0,PTVRP_LAYERED_CONT,525785.0,98,1,0.0065,92,92,2,66206,46.2655,,0,0,75393,0,,,,,
Instances/Instances 2/u1432_06.gt,1431,1000.0,86400.0,PTVRP_LAYERED_CONT,291794.0,40,1,0.0045,37,37,1,26909,18.8043,,0,0,29811,0,,,,,
Instances/Instances 2/u1432_07.gt,1431,2000.0,86400.0,PTVRP_LAYERED_CONT,216895.0,21,1,0.0038,19,19,1,13912,9.72187,,0,0,14230,0,,,,,
Instances/Instances 2/u1432_08.gt,1431,4000.0,86400.0,PTVRP_LAYERED_CONT,181236.0,11,1,0.0034,10,10,1,7325,5.1188,,0,0,7430,0,,,,,
Instances/Instances 2/u1432_09.gt,1431,10000.0,86400.0,PTVRP_LAYERED_CONT,163339.0,6,1,0.0033,4,4,1,3379,2.36129,,0,0,4493,0,,,,,
Instances/Instances 2/u1432_10.gt,1431,20000.0,86400.0,PTVRP_LAYERED_CONT,157856.0,3,1,0.003,2,2,1,2085,1.45702,,0,0,2073,0,,,,,
Instances/Instances 2/u159_01.gt,158,20.0,86400.0,PTVRP_LAYERED_CONT,1025901.0,76,7,0.0032,210,210,9,16797,106.31,,0,0,9423,0,,,,,
Instances/Instances 2/u159_02.gt,158,40.0,86400.0,PTVRP_LAYERED_CONT,502668.0,68,4,0.0029,98,98,5,7688,48.6582,,0,0,7181,0,,,,,
Instances/Instances 2/u159_03.gt,158,100.0,86400.0,PTVRP_LAYERED_CONT,204628.0,36,3,0.0026,37,37,3,2909,18.4114,,0,0,2852,0,,,,,
Instances/Instances 2/u159_04.gt,158,200.0,86400.0,PTVRP_LAYERED_CONT,121332.0,21,1,0.0024,19,19,2,1562,9.88608,,0,0,1268,0,,,,,
Instances/Instances 2/u159_05.gt,158,400.0,86400.0,PTVRP_LAYERED_CONT,81028.0,11,1,0.0024,10,10,1,849,5.37342,,0,0,463,0,,,,,
Instances/Instances 2/u159_06.gt,158,1000.0,86400.0,PTVRP_LAYERED_CONT,53603.0,4,1,0.0023,4,4,1,346,2.18987,,0,0,96,0,,,,,
Instances/Instances 2/u159_07.gt,158,2000.0,86400.0,PTVRP_LAYERED_CONT,48990.0,3,1,0.0022,2,2,1,235,1.48734,,0,0,0,0,,,,,
Instances/Instances 2/u159_08.gt,158,4000.0,86400.0,PTVRP_LAYERED_CONT,47958.0,2,1,0.0023,2,2,1,159,1.00633,,0,0,1,0,,,,,
Instances/Instances 2/u159_09.gt,158,10000.0,86400.0,PTVRP_LAYERED_CONT,47792.0,1,1,0.0022,1,1,1,158,1.0,,0,0,0,0,,,,,
Instances/Instances 2/u159_10.gt,158,20000.0,86400.0,PTVRP_LAYERED_CONT,47792.0,1,1,0.0022,1,1,1,158,1.0,,0,0,0,0,,,,,
Instances/Instances 2/u1817_01.gt,1816,20.0,86400.0,PTVRP_LAYERED_CONT,4252091.0,658,13,0.0832,2329,2329,16,2147020,1182.28,,0,0,1344330,0,,,,,
Instances/Instances 2/u1817_02.gt,1816,40.0,86400.0,PTVRP_LAYERED_CONT,2176754.0,548,7,0.0491,1160,1160,9,1050980,578.733,,0,0,1057180,0,,,,,
Instances/Instances 2/u1817_03.gt,1816,100.0,86400.0,PTVRP_LAYERED_CONT,900900.0,355,4,0.0251,461,461,5,416344,229.264,,0,0,535788,0,,,,,
Instances/Instances 2/u1817_04.gt,1816,200.0,86400.0,PTVRP_LAYERED_CONT,485166.0,228,3,0.0148,235,235,3,213127,117.361,,0,0,293374,0,,,,,
Instances/Instances 2/u1817_05.gt,1816,400.0,86400.0,PTVRP_LAYERED_CONT,257388.0,124,1,0.0097,116,116,2,107093,58.9719,,0,0,145848,0,,,,,
Instances/Instances 2/u1817_06.gt,1816,1000.0,86400.0,PTVRP_LAYERED_CONT,134263.0,50,1,0.0058,46,46,1,42811,23.5743,,0,0,55058,0,,,,,
Instances/Instances 2/u1817_07.gt,1816,2000.0,86400.0,PTVRP_LAYERED_CONT,95570.0,26,1,0.0045,24,24,1,22079,12.158,,0,0,24241,0,,,,,
Instances/Instances 2/u1817_08.gt,1816,4000.0,86400.0,PTVRP_LAYERED_CONT,74993.0,13,1,0.0039,12,12,1,11411,6.28359,,0,0,11710,0,,,,,
Instances/Instances 2/u1817_09.gt,1816,10000.0,86400.0,PTVRP_LAYERED_CONT,64302.0,6,1,0.0033,5,5,1,5158,2.84031,,0,0,2313,0,,,,,
Instances/Instances 2/u1817_10.gt,1816,20000.0,86400.0,PTVRP_LAYERED_CONT,61230.0,3,1,0.0031,3,3,1,3102,1.70815,,0,0,699,0,,,,,
Instances/Instances 2/u2152_01.gt,2151,20.0,86400.0,PTVRP_LAYERED_CONT,5069364.0,776,12,0.1077,2752,2752,15,2924134,1359.43,,0,0,1875324,0,,,,,
Instances/Instances 2/u2152_02.gt,2151,40.0,86400.0,PTVRP_LAYERED_CONT,2609790.0,613,7,0.0674,1368,1368,11,1469171,683.018,,0,0,1460802,0,,,,,
Instances/Instances 2/u2152_03.gt,2151,100.0,86400.0,PTVRP_LAYERED_CONT,1087953.0,428,4,0.0324,554,554,6,586010,272.436,,0,0,729100,0,,,,,
Instances/Instances 2/u2152_04.gt,2151,200.0,86400.0,PTVRP_LAYERED_CONT,564237.0,265,2,0.0189,275,275,3,299846,139.398,,0,0,406567,0,,,,,
Instances/Instances 2/u2152_05.gt,2151,400.0,86400.0,PTVRP_LAYERED_CONT,303111.0,144,1,0.0112,136,136,2,148140,68.8703,,0,0,197780,0,,,,,
Instances/Instances 2/u2152_06.gt,2151,1000.0,86400.0,PTVRP_LAYERED_CONT,156642.0,58,1,0.007,55,55,1,60879,28.3026,,0,0,75837,0,,,,,
Instances/Instances 2/u2152_07.gt,2151,2000.0,86400.0,PTVRP_LAYERED_CONT,108799.0,29,1,0.0055,28,28,1,30739,14.2906,,0,0,34573,0,,,,,
Instances/Instances 2/u2152_08.gt,2151,4000.0,86400.0,PTVRP_LAYERED_CONT,84694.0,16,1,0.0045,14,14,1,15778,7.33519,,0,0,17077,0,,,,,
Instances/Instances 2/u2152_09.gt,2151,10000.0,86400.0,PTVRP_LAYERED_CONT,71630.0,7,1,0.0038,6,6,1,7043,3.27429,,0,0,4338,0,,,,,
Instances/Instances 2/u2152_10.gt,2151,20000.0,86400.0,PTVRP_LAYERED_CONT,68776.0,5,1,0.0036,3,3,1,4133,1.92143,,0,0,2060,0,,,,,
Instances/Instances 2/u2319_01.gt,2318,20.0,86400.0,PTVRP_LAYERED_CONT,12257919.0,917,10,0.1221,2964,2964,11,3421823,1476.2,,0,0,2160329,0,,,,,
Instances/Instances 2/u2319_02.gt,2318,40.0,86400.0,PTVRP_LAYERED_CONT,6350097.0,718,9,0.0749,1485,1485,9,1723988,743.739,,0,0,1678428,0,,,,,
Instances/Instances 2/u2319_03.gt,2318,100.0,86400.0,PTVRP_LAYERED_CONT,2646782.0,497,3,0.0336,591,591,4,696405,300.434,,0,0,760330,0,,,,,
Instances/Instances 2/u2319_04.gt,2318,200.0,86400.0,PTVRP_LAYERED_CONT,1410939.0,308,2,0.0199,298,298,2,343738,148.291,,0,0,374963,0,,,,,
Instances/Instances 2/u2319_05.gt,2318,400.0,86400.0,PTVRP_LAYERED_CONT,784556.0,155,1,0.0119,146,146,2,169266,73.0224,,0,0,179573,0,,,,,
Instances/Instances 2/u2319_06.gt,2318,1000.0,86400.0,PTVRP_LAYERED_CONT,446696.0,65,1,0.0072,60,60,1,70258,30.3097,,0,0,73878,0,,,,,
Instances/Instances 2/u2319_07.gt,2318,2000.0,86400.0,PTVRP_LAYERED_CONT,329709.0,32,1,0.0054,30,30,1,35591,15.3542,,0,0,37006,0,,,,,
Instances/Instances 2/u2319_08.gt,2318,4000.0,86400.0,PTVRP_LAYERED_CONT,276624.0,17,1,0.0047,15,15,1,18389,7.93313,,0,0,21077,0,,,,,
Instances/Instances 2/u2319_09.gt,2318,10000.0,86400.0,PTVRP_LAYERED_CONT,250126.0,8,1,0.0042,6,6,1,8024,3.4616,,0,0,9840,0,,,,,
Instances/Instances 2/u2319_10.gt,2318,20000.0,86400.0,PTVRP_LAYERED_CONT,243057.0,4,1,0.004,3,3,1,4602,1.98533,,0,0,6705,0,,,,,
Instances/Instances 2/u574_01.gt,573,20.0,86400.0,PTVRP_LAYERED_CONT,1434352.0,249,9,0.0113,745,745,10,210559,367.468,,0,0,128010,0,,,,,
Instances/Instances 2/u574_02.gt,573,40.0,86400.0,PTVRP_LAYERED_CONT,743452.0,204,6,0.0081,370,370,7,107836,188.195,,0,0,97489,0,,,,,
Instances/Instances 2/u574_03.gt,573,100.0,86400.0,PTVRP_LAYERED_CONT,298327.0,134,2,0.0051,142,142,3,40760,71.1344,,0,0,42095,0,,,,,
Instances/Instances 2/u574_04.gt,573,200.0,86400.0,PTVRP_LAYERED_CONT,165539.0,78,1,0.0042,72,72,2,21360,37.2775,,0,0,21285,0,,,,,
Instances/Instances 2/u574_05.gt,573,400.0,86400.0,PTVRP_LAYERED_CONT,97397.0,39,1,0.0037,37,37,1,10806,18.8586,,0,0,8948,0,,,,,
Instances/Instances 2/u574_06.gt,573,1000.0,86400.0,PTVRP_LAYERED_CONT,60696.0,17,1,0.0029,16,16,1,4579,7.99127,,0,0,2724,0,,,,,
Instances/Instances 2/u574_07.gt,573,2000.0,86400.0,PTVRP_LAYERED_CONT,47960.0,9,1,0.0028,8,8,1,2445,4.26702,,0,0,970,0,,,,,
Instances/Instances 2/u574_08.gt,573,4000.0,86400.0,PTVRP_LAYERED_CONT,42506.0,4,1,0.0026,4,4,1,1328,2.31763,,0,0,142,0,,,,,
Instances/Instances 2/u574_09.gt,573,10000.0,86400.0,PTVRP_LAYERED_CONT,40147.0,2,1,0.0025,2,2,1,738,1.28796,,0,0,0,0,,,,,
Instances/Instances 2/u574_10.gt,573,20000.0,86400.0,PTVRP_LAYERED_CONT,40130.0,1,1,0.0025,1,1,1,573,1.0,,0,0,0,0,,,,,
Instances/Instances 2/u724_01.gt,723,20.0,86400.0,PTVRP_LAYERED_CONT,1805898.0,321,9,0.016,934,934,11,339091,469.006,,0,0,208466,0,,,,,
Instances/Instances 2/u724_02.gt,723,40.0,86400.0,PTVRP_LAYERED_CONT,937968.0,242,8,0.011,465,465,11,166361,230.098,,0,0,154507,0,,,,,
Instances/Instances 2/u724_03.gt,723,100.0,86400.0,PTVRP_LAYERED_CONT,381510.0,164,3,0.0067,179,179,5,64396,89.0678,,0,0,68589,0,,,,,
Instances/Instances 2/u724_04.gt,723,200.0,86400.0,PTVRP_LAYERED_CONT,212011.0,94,2,0.0047,93,93,3,33591,46.4606,,0,0,34393,0,,,,,
Instances/Instances 2/u724_05.gt,723,400.0,86400.0,PTVRP_LAYERED_CONT,124941.0,51,1,0.0038,48,48,2,16993,23.5035,,0,0,15414,0,,,,,
Instances/Instances 2/u724_06.gt,723,1000.0,86400.0,PTVRP_LAYERED_CONT,72420.0,21,1,0.0031,19,19,1,7246,10.0221,,0,0,4751,0,,,,,
Instances/Instances 2/u724_07.gt,723,2000.0,86400.0,PTVRP_LAYERED_CONT,55068.0,11,1,0.0029,9,9,1,3542,4.89903,,0,0,1705,0,,,,,
Instances/Instances 2/u724_08.gt,723,4000.0,86400.0,PTVRP_LAYERED_CONT,46997.0,6,1,0.0028,5,5,1,2067,2.85892,,0,0,558,0,,,,,
Instances/Instances 2/u724_09.gt,723,10000.0,86400.0,PTVRP_LAYERED_CONT,45169.0,3,1,0.0026,2,2,1,1063,1.47026,,0,0,0,0,,,,,
Instances/Instances 2/u724_10.gt,723,20000.0,86400.0,PTVRP_LAYERED_CONT,44989.0,1,1,0.0026,1,1,1,723,1.0,,0,0,0,0,,,,,
Instances/Instances 2/usa13509_01.gt,13508,20.0,86400.0,PTVRP_LAYERED_CONT,NO SOLUTION,,,3.0833,17263,17263,0,116092947,8594.38,,0,0,13508,0,,,,,
Instances/Instances 2/usa13509_02.gt,13508,40.0,86400.0,PTVRP_LAYERED_CONT,NO SOLUTION,,,1.6273,8563,8563,0,57997885,4293.6,,0,0,13508,0,,,,,
Instances/Instances 2/usa13509_03.gt,13508,100.0,86400.0,PTVRP_LAYERED_CONT,NO SOLUTION,,,0.6392,3440,3440,0,23331133,1727.21,,0,0,13508,0,,,,,
Instances/Instances 2/usa13509_04.gt,13508,200.0,86400.0,PTVRP_LAYERED_CONT,NO SOLUTION,,,0.3414,1723,1723,0,11671923,864.075,,0,0,13508,0,,,,,
Instances/Instances 2/usa13509_05.gt,13508,400.0,86400.0,PTVRP_LAYERED_CONT,NO SOLUTION,,,0.1761,863,863,0,5810053,430.119,,0,0,13508,0,,,,,
Instances/Instances 2/usa13509_06.gt,13508,1000.0,86400.0,PTVRP_LAYERED_CONT,NO SOLUTION,,,0.0771,343,343,0,2319284,171.697,,0,0,13508,0,,,,,
Instances/Instances 2/usa13509_07.gt,13508,2000.0,86400.0,PTVRP_LAYERED_CONT,NO SOLUTION,,,0.0455,174,174,0,1183380,87.6059,,0,0,13508,0,,,,,
Instances/Instances 2/usa13509_08.gt,13508,4000.0,86400.0,PTVRP_LAYERED_CONT,NO SOLUTION,,,0.027,86,86,0,585525,43.3465,,0,0,13508,0,,,,,
Instances/Instances 2/usa13509_09.gt,13508,10000.0,86400.0,PTVRP_LAYERED_CONT,NO SOLUTION,,,0.0194,35,35,0,239041,17.6963,,0,0,13508,0,,,,,
Instances/Instances 2/usa13509_10.gt,13508,20000.0,86400.0,PTVRP_LAYERED_CONT,NO SOLUTION,,,0.0143,18,18,0,122069,9.03679,,0,0,13508,0,,,,,
Instances/Instances 2/uy734_01.gt,733,20.0,86400.0,PTVRP_LAYERED_CONT,3323235.0,303,13,0.0164,916,916,15,332804,454.03,,0,0,213923,0,,,,,
Instances/Instances 2/uy734_02.gt,733,40.0,86400.0,PTVRP_LAYERED_CONT,1826082.0,249,8,0.0139,486,486,9,177253,241.819,,0,0,171197,0,,,,,
Instances/Instances 2/uy734_03.gt,733,100.0,86400.0,PTVRP_LAYERED_CONT,738187.0,160,3,0.0113,188,188,6,68831,93.9031,,0,0,84315,0,,,,,
Instances/Instances 2/uy734_04.gt,733,200.0,86400.0,PTVRP_LAYERED_CONT,399549.0,100,2,0.0075,95,95,3,34581,47.1774,,0,0,42508,0,,,,,
Instances/Instances 2/uy734_05.gt,733,400.0,86400.0,PTVRP_LAYERED_CONT,228866.0,49,1,0.0041,47,47,2,17596,24.0055,,0,0,19778,0,,,,,
Instances/Instances 2/uy734_06.gt,733,1000.0,86400.0,PTVRP_LAYERED_CONT,134983.0,21,1,0.0031,19,19,1,7226,9.85812,,0,0,7421,0,,,,,
Instances/Instances 2/uy734_07.gt,733,2000.0,86400.0,PTVRP_LAYERED_CONT,106108.0,11,1,0.0031,10,10,1,3817,5.20737,,0,0,3377,0,,,,,
Instances/Instances 2/uy734_08.gt,733,4000.0,86400.0,PTVRP_LAYERED_CONT,90894.0,6,1,0.0027,5,5,1,2121,2.89359,,0,0,1607,0,,,,,
Instances/Instances 2/uy734_09.gt,733,10000.0,86400.0,PTVRP_LAYERED_CONT,85530.0,3,1,0.0027,2,2,1,1079,1.47203,,0,0,877,0,,,,,
Instances/Instances 2/uy734_10.gt,733,20000.0,86400.0,PTVRP_LAYERED_CONT,85164.0,1,1,0.0026,1,1,1,733,1.0,,0,0,0,0,,,,,
Instances/Instances 2/vm1084_01.gt,1083,20.0,86400.0,PTVRP_LAYERED_CONT,17941763.0,472,10,0.0305,1389,1389,10,751141,693.574,,0,0,488679,0,,,,,
Instances/Instances 2/vm1084_02.gt,1083,40.0,86400.0,PTVRP_LAYERED_CONT,8943347.0,318,7,0.0203,700,700,8,375194,346.44,,0,0,393496,0,,,,,
Instances/Instances 2/vm1084_03.gt,1083,100.0,86400.0,PTVRP_LAYERED_CONT,3661791.0,209,4,0.0118,276,276,6,151025,139.451,,0,0,224795,0,,,,,
Instances/Instances 2/vm1084_04.gt,1083,200.0,86400.0,PTVRP_LAYERED_CONT,1906799.0,131,3,0.0078,139,139,4,75878,70.0628,,0,0,136557,0,,,,,
Instances/Instances 2/vm1084_05.gt,1083,400.0,86400.0,PTVRP_LAYERED_CONT,1057265.0,71,2,0.0054,70,70,2,38517,35.5651,,0,0,80600,0,,,,,
Instances/Instances 2/vm1084_06.gt,1083,1000.0,86400.0,PTVRP_LAYERED_CONT,542469.0,30,1,0.004,28,28,1,15492,14.3047,,0,0,43517,0,,,,,
Instances/Instances 2/vm1084_07.gt,1083,2000.0,86400.0,PTVRP_LAYERED_CONT,377742.0,16,1,0.0038,15,15,1,8164,7.53832,,0,0,25906,0,,,,,
Instances/Instances 2/vm1084_08.gt,1083,4000.0,86400.0,PTVRP_LAYERED_CONT,301938.0,8,1,0.0032,7,7,1,4310,3.97969,,0,0,16711,0,,,,,
Instances/Instances 2/vm1084_09.gt,1083,10000.0,86400.0,PTVRP_LAYERED_CONT,260270.0,4,1,0.003,3,3,1,2091,1.93075,,0,0,9765,0,,,,,
Instances/Instances 2/vm1084_10.gt,1083,20000.0,86400.0,PTVRP_LAYERED_CONT,260270.0,4,1,0.003,2,2,1,1366,1.26131,,0,0,15983,0,,,,,
Instances/Instances 2/vm1748_01.gt,1747,20.0,86400.0,PTVRP_LAYERED_CONT,30957344.0,785,9,0.073,2247,2247,9,1956941,1120.17,,0,0,1276465,0,,,,,
Instances/Instances 2/vm1748_02.gt,1747,40.0,86400.0,PTVRP_LAYERED_CONT,15462234.0,520,8,0.0448,1115,1115,8,981372,561.747,,0,0,1020773,0,,,,,
Instances/Instances 2/vm1748_03.gt,1747,100.0,86400.0,PTVRP_LAYERED_CONT,6237018.0,320,4,0.0232,446,446,5,394150,225.615,,0,0,570533,0,,,,,
Instances/Instances 2/vm1748_04.gt,1747,200.0,86400.0,PTVRP_LAYERED_CONT,3324686.0,201,3,0.0143,229,229,5,200440,114.734,,0,0,350165,0,,,,,
Instances/Instances 2/vm1748_05.gt,1747,400.0,86400.0,PTVRP_LAYERED_CONT,1780988.0,115,2,0.0093,113,113,3,98052,56.1259,,0,0,199438,0,,,,,
Instances/Instances 2/vm1748_06.gt,1747,1000.0,86400.0,PTVRP_LAYERED_CONT,876726.0,46,1,0.0063,45,45,1,39640,22.6903,,0,0,98850,0,,,,,
Instances/Instances 2/vm1748_07.gt,1747,2000.0,86400.0,PTVRP_LAYERED_CONT,597978.0,22,1,0.0047,22,22,1,20172,11.5467,,0,0,50758,0,,,,,
Instances/Instances 2/vm1748_08.gt,1747,4000.0,86400.0,PTVRP_LAYERED_CONT,460006.0,13,1,0.004,12,12,1,10695,6.12192,,0,0,36426,0,,,,,
Instances/Instances 2/vm1748_09.gt,1747,10000.0,86400.0,PTVRP_LAYERED_CONT,376320.0,6,1,0.0034,5,5,1,4887,2.79737,,0,0,20498,0,,,,,
Instances/Instances 2/vm1748_10.gt,1747,20000.0,86400.0,PTVRP_LAYERED_CONT,370285.0,5,1,0.0033,3,3,1,2909,1.66514,,0,0,22839,0,,,,,
Instances/Instances 2/vm22775_01.gt,22774,20.0,86400.0,PTVRP_LAYERED_CONT,271789200.0,7369,16,13.423,29032,29032,19,331134548,14540.0,,0,0,213875695,0,,,,,
Instances/Instances 2/vm22775_02.gt,22774,40.0,86400.0,PTVRP_LAYERED_CONT,135723338.0,4529,13,7.532,14519,14519,14,165728518,7277.09,,0,0,167404740,0,,,,,
Instances/Instances 2/vm22775_03.gt,22774,100.0,86400.0,PTVRP_LAYERED_CONT,54261290.0,2687,7,2.954,5787,5787,9,66222192,2907.8,,0,0,80574850,0,,,,,
Instances/Instances 2/vm22775_04.gt,22774,200.0,86400.0,PTVRP_LAYERED_CONT,27519129.0,1966,5,1.4469,2897,2897,6,33035020,1450.56,,0,0,43242434,0,,,,,
Instances/Instances 2/vm22775_05.gt,22774,400.0,86400.0,PTVRP_LAYERED_CONT,14064490.0,1308,3,0.736,1457,1457,4,16585762,728.276,,0,0,22843358,0,,,,,
Instances/Instances 2/vm22775_06.gt,22774,1000.0,86400.0,PTVRP_LAYERED_CONT,5848763.0,585,2,0.3033,579,579,4,6577461,288.814,,0,0,8973246,0,,,,,
Instances/Instances 2/vm22775_07.gt,22774,2000.0,86400.0,PTVRP_LAYERED_CONT,3205805.0,295,1,0.1719,292,292,2,3334030,146.396,,0,0,4464572,0,,,,,
Instances/Instances 2/vm22775_08.gt,22774,4000.0,86400.0,PTVRP_LAYERED_CONT,1871706.0,148,1,0.0932,146,146,2,1669826,73.3216,,0,0,2228568,0,,,,,
Instances/Instances 2/vm22775_09.gt,22774,10000.0,86400.0,PTVRP_LAYERED_CONT,1082862.0,61,1,0.0507,58,58,1,667997,29.3316,,0,0,884180,0,,,,,
Instances/Instances 2/vm22775_10.gt,22774,20000.0,86400.0,PTVRP_LAYERED_CONT,823288.0,31,1,0.0344,30,30,1,340346,14.9445,,0,0,459456,0,,,,,
Instances/Instances 2/wi29_01.gt,28,20.0,86400.0,PTVRP_LAYERED_CONT,253201.0,17,5,0.0028,35,35,5,499,17.8214,,0,0,221,0,,,,,
Instances/Instances 2/wi29_02.gt,28,40.0,86400.0,PTVRP_LAYERED_CONT,134032.0,15,3,0.0025,18,18,3,223,7.96429,,0,0,107,0,,,,,
Instances/Instances 2/wi29_03.gt,28,100.0,86400.0,PTVRP_LAYERED_CONT,61295.0,8,1,0.0023,7,7,1,116,4.14286,,0,0,28,0,,,,,
Instances/Instances 2/wi29_04.gt,28,200.0,86400.0,PTVRP_LAYERED_CONT,45801.0,5,1,0.0023,5,5,1,75,2.67857,,0,0,12,0,,,,,
Instances/Instances 2/wi29_05.gt,28,400.0,86400.0,PTVRP_LAYERED_CONT,34911.0,3,1,0.0022,2,2,1,37,1.32143,,0,0,0,0,,,,,
Instances/Instances 2/wi29_06.gt,28,1000.0,86400.0,PTVRP_LAYERED_CONT,33110.0,1,1,0.0023,1,1,1,28,1.0,,0,0,0,0,,,,,
Instances/Instances 2/wi29_07.gt,28,2000.0,86400.0,PTVRP_LAYERED_CONT,33110.0,1,1,0.0021,1,1,1,28,1.0,,0,0,0,0,,,,,
Instances/Instances 2/wi29_08.gt,28,4000.0,86400.0,PTVRP_LAYERED_CONT,33110.0,1,1,0.0021,1,1,1,28,1.0,,0,0,0,0,,,,,
Instances/Instances 2/wi29_09.gt,28,10000.0,86400.0,PTVRP_LAYERED_CONT,33110.0,1,1,0.0021,1,1,1,28,1.0,,0,0,0,0,,,,,
Instances/Instances 2/wi29_10.gt,28,20000.0,86400.0,PTVRP_LAYERED_CONT,33110.0,1,1,0.0022,1,1,1,28,1.0,,0,0,0,0,,,,,
Instances/Instances 2/ym7663_01.gt,7662,20.0,86400.0,PTVRP_LAYERED_CONT,37449141.0,2280,21,1.3254,9751,9751,21,37462829,4889.43,,0,0,24012441,0,,,,,
Instances/Instances 2/ym7663_02.gt,7662,40.0,86400.0,PTVRP_LAYERED_CONT,19220905.0,1799,11,0.7648,4950,4950,13,18954836,2473.88,,0,0,19127523,0,,,,,
Instances/Instances 2/ym7663_03.gt,7662,100.0,86400.0,PTVRP_LAYERED_CONT,7751612.0,1167,8,0.322,1941,1941,8,7416462,967.954,,0,0,9020528,0,,,,,
Instances/Instances 2/ym7663_04.gt,7662,200.0,86400.0,PTVRP_LAYERED_CONT,3976739.0,836,3,0.1718,978,978,5,3731668,487.036,,0,0,4795325,0,,,,,
Instances/Instances 2/ym7663_05.gt,7662,400.0,86400.0,PTVRP_LAYERED_CONT,2088413.0,499,2,0.0928,490,490,4,1877274,245.011,,0,0,2362770,0,,,,,
Instances/Instances 2/ym7663_06.gt,7662,1000.0,86400.0,PTVRP_LAYERED_CONT,948659.0,199,1,0.0424,194,194,2,751673,98.104,,0,0,905039,0,,,,,
Instances/Instances 2/ym7663_07.gt,7662,2000.0,86400.0,PTVRP_LAYERED_CONT,587011.0,102,1,0.0256,98,98,2,376591,49.1505,,0,0,450317,0,,,,,
Instances/Instances 2/ym7663_08.gt,7662,4000.0,86400.0,PTVRP_LAYERED_CONT,406957.0,52,1,0.0171,49,49,1,191581,25.004,,0,0,223379,0,,,,,
Instances/Instances 2/ym7663_09.gt,7662,10000.0,86400.0,PTVRP_LAYERED_CONT,306723.0,22,1,0.0117,20,20,1,79213,10.3384,,0,0,94251,0,,,,,
Instances/Instances 2/ym7663_10.gt,7662,20000.0,86400.0,PTVRP_LAYERED_CONT,273896.0,10,1,0.0095,10,10,1,41654,5.43644,,0,0,50619,0,,,,,
Instances/Instances 2/zi929_01.gt,928,20.0,86400.0,PTVRP_LAYERED_CONT,5163866.0,343,14,0.0237,1196,1196,18,573370,617.856,,0,0,359996,0,,,,,
Instances/Instances 2/zi929_02.gt,928,40.0,86400.0,PTVRP_LAYERED_CONT,2571046.0,253,11,0.0159,583,583,13,271227,292.27,,0,0,280501,0,,,,,
Instances/Instances 2/zi929_03.gt,928,100.0,86400.0,PTVRP_LAYERED_CONT,1070952.0,169,5,0.0095,233,233,7,108989,117.445,,0,0,151977,0,,,,,
Instances/Instances 2/zi929_04.gt,928,200.0,86400.0,PTVRP_LAYERED_CONT,573266.0,107,2,0.0066,118,118,4,54743,58.9903,,0,0,83442,0,,,,,
Instances/Instances 2/zi929_05.gt,928,400.0,86400.0,PTVRP_LAYERED_CONT,325010.0,59,2,0.0049,59,59,3,27936,30.1034,,0,0,43445,0,,,,,
Instances/Instances 2/zi929_06.gt,928,1000.0,86400.0,PTVRP_LAYERED_CONT,186212.0,27,1,0.0038,25,25,2,11736,12.6466,,0,0,17413,0,,,,,
Instances/Instances 2/zi929_07.gt,928,2000.0,86400.0,PTVRP_LAYERED_CONT,137406.0,14,1,0.0033,12,12,1,6041,6.5097,,0,0,7295,0,,,,,
Instances/Instances 2/zi929_08.gt,928,4000.0,86400.0,PTVRP_LAYERED_CONT,116225.0,8,1,0.003,6,6,1,3266,3.5194,,0,0,3078,0,,,,,
Instances/Instances 2/zi929_09.gt,928,10000.0,86400.0,PTVRP_LAYERED_CONT,101349.0,3,1,0.0028,3,3,1,1561,1.68211,,0,0,1091,0,,,,,
Instances/Instances 2/zi929_10.gt,928,20000.0,86400.0,PTVRP_LAYERED_CONT,100905.0,2,1,0.0028,2,2,1,1103,1.18858,,0,0,598,0,,,,,
Instances/Instances 3/a280_01.gt,279,10.0,86400.0,PTVRP_LAYERED_CONT,140031.0,179,11,0.0063,717,717,12,100859,361.502,,0,0,23468,0,,,,,
Instances/Instances 3/a280_02.gt,279,20.0,86400.0,PTVRP_LAYERED_CONT,69627.0,138,6,0.005,340,340,8,48665,174.427,,0,0,16812,0,,,,,
Instances/Instances 3/a280_03.gt,279,50.0,86400.0,PTVRP_LAYERED_CONT,29764.0,107,4,0.0038,139,139,5,20374,73.0251,,0,0,6464,0,,,,,
Instances/Instances 3/a280_04.gt,279,100.0,86400.0,PTVRP_LAYERED_CONT,16430.0,73,2,0.0032,72,72,3,10009,35.8746,,0,0,1233,0,,,,,
Instances/Instances 3/a280_05.gt,279,200.0,86400.0,PTVRP_LAYERED_CONT,9011.0,39,1,0.0028,36,36,2,5099,18.276,,0,0,27,0,,,,,
Instances/Instances 3/a280_06.gt,279,500.0,86400.0,PTVRP_LAYERED_CONT,4975.0,16,1,0.0027,15,15,1,2165,7.75986,,0,0,0,0,,,,,
Instances/Instances 3/a280_07.gt,279,1000.0,86400.0,PTVRP_LAYERED_CONT,3757.0,9,1,0.0026,8,8,1,1172,4.20072,,0,0,0,0,,,,,
Instances/Instances 3/a280_08.gt,279,2000.0,86400.0,PTVRP_LAYERED_CONT,3180.0,4,1,0.0025,4,4,1,655,2.34767,,0,0,0,0,,,,,
Instances/Instances 3/a280_09.gt,279,5000.0,86400.0,PTVRP_LAYERED_CONT,2855.0,2,1,0.0023,2,2,1,356,1.27599,,0,0,0,0,,,,,
Instances/Instances 3/a280_10.gt,279,10000.0,86400.0,PTVRP_LAYERED_CONT,2835.0,1,1,0.0023,1,1,1,279,1.0,,0,0,0,0,,,,,
Instances/Instances 3/ar9152_01.gt,9151,10.0,86400.0,PTVRP_LAYERED_CONT,NO SOLUTION,,,2.9124,23301,23301,18,105555795,11534.9,,0,0,21941412,0,,,,,
Instances/Instances 3/ar9152_02.gt,9151,20.0,86400.0,PTVRP_LAYERED_CONT,NO SOLUTION,,,1.9246,11655,11655,15,53253582,5819.43,,0,0,32080989,0,,,,,
Instances/Instances 3/ar9152_03.gt,9151,50.0,86400.0,PTVRP_LAYERED_CONT,57284295.0,2356,8,0.9845,4656,4656,13,21276369,2325.03,,0,0,26557210,0,,,,,
Instances/Instances 3/ar9152_04.gt,9151,100.0,86400.0,PTVRP_LAYERED_CONT,28834320.0,1442,7,0.5401,2329,2329,7,10709429,1170.3,,0,0,16610753,0,,,,,
Instances/Instances 3/ar9152_05.gt,9151,200.0,86400.0,PTVRP_LAYERED_CONT,14835608.0,987,5,0.2824,1174,1174,7,5350091,584.646,,0,0,9101997,0,,,,,
Instances/Instances 3/ar9152_06.gt,9151,500.0,86400.0,PTVRP_LAYERED_CONT,6278747.0,477,3,0.1251,470,470,4,2148310,234.762,,0,0,3886047,0,,,,,
Instances/Instances 3/ar9152_07.gt,9151,1000.0,86400.0,PTVRP_LAYERED_CONT,3487956.0,240,2,0.066,234,234,2,1077339,117.729,,0,0,1965126,0,,,,,
Instances/Instances 3/ar9152_08.gt,9151,2000.0,86400.0,PTVRP_LAYERED_CONT,2110923.0,121,1,0.0401,117,117,2,540028,59.013,,0,0,1050782,0,,,,,
Instances/Instances 3/ar9152_09.gt,9151,5000.0,86400.0,PTVRP_LAYERED_CONT,1327714.0,51,1,0.0228,48,48,1,220189,24.0617,,0,0,440952,0,,,,,
Instances/Instances 3/ar9152_10.gt,9151,10000.0,86400.0,PTVRP_LAYERED_CONT,1089814.0,27,1,0.0152,24,24,1,112014,12.2406,,0,0,259167,0,,,,,
Instances/Instances 3/berlin52_01.gt,51,10.0,86400.0,PTVRP_LAYERED_CONT,97661.0,39,7,0.004,117,117,7,3207,62.8824,,0,0,691,0,,,,,
Instances/Instances 3/berlin52_02.gt,51,20.0,86400.0,PTVRP_LAYERED_CONT,55621.0,31,4,0.0031,66,66,4,1788,35.0588,,0,0,429,0,,,,,
Instances/Instances 3/berlin52_03.gt,51,50.0,86400.0,PTVRP_LAYERED_CONT,28190.0,33,2,0.0025,29,29,2,730,14.3137,,0,0,125,0,,,,,
Instances/Instances 3/berlin52_04.gt,51,100.0,86400.0,PTVRP_LAYERED_CONT,16777.0,18,1,0.0023,15,15,1,397,7.78431,,0,0,27,0,,,,,
Instances/Instances 3/berlin52_05.gt,51,200.0,86400.0,PTVRP_LAYERED_CONT,11637.0,8,1,0.0022,7,7,1,195,3.82353,,0,0,0,0,,,,,
Instances/Instances 3/berlin52_06.gt,51,500.0,86400.0,PTVRP_LAYERED_CONT,8113.0,3,1,0.0023,3,3,1,94,1.84314,,0,0,0,0,,,,,
Instances/Instances 3/berlin52_07.gt,51,1000.0,86400.0,PTVRP_LAYERED_CONT,7852.0,2,1,0.0022,2,2,1,66,1.29412,,0,0,0,0,,,,,
Instances/Instances 3/berlin52_08.gt,51,2000.0,86400.0,PTVRP_LAYERED_CONT,7803.0,1,1,0.0022,1,1,1,51,1.0,,0,0,0,0,,,,,
Instances/Instances 3/berlin52_09.gt,51,5000.0,86400.0,PTVRP_LAYERED_CONT,7803.0,1,1,0.0021,1,1,1,51,1.0,,0,0,0,0,,,,,
Instances/Instances 3/berlin52_10.gt,51,10000.0,86400.0,PTVRP_LAYERED_CONT,7803.0,1,1,0.0022,1,1,1,51,1.0,,0,0,0,0,,,,,
Instances/Instances 3/bier127_01.gt,126,10.0,86400.0,PTVRP_LAYERED_CONT,2372871.0,89,8,0.0034,307,307,8,19594,155.508,,0,0,6835,0,,,,,
Instances/Instances 3/bier127_02.gt,126,20.0,86400.0,PTVRP_LAYERED_CONT,1373509.0,77,5,0.0031,171,171,5,10708,84.9841,,0,0,6166,0,,,,,
Instances/Instances 3/bier127_03.gt,126,50.0,86400.0,PTVRP_LAYERED_CONT,568887.0,63,3,0.0028,67,67,3,4190,33.254,,0,0,4000,0,,,,,
Instances/Instances 3/bier127_04.gt,126,100.0,86400.0,PTVRP_LAYERED_CONT,338897.0,34,2,0.0025,32,32,2,2033,16.1349,,0,0,2161,0,,,,,
Instances/Instances 3/bier127_05.gt,126,200.0,86400.0,PTVRP_LAYERED_CONT,210471.0,19,1,0.0024,17,17,1,1110,8.80952,,0,0,1237,0,,,,,
Instances/Instances 3/bier127_06.gt,126,500.0,86400.0,PTVRP_LAYERED_CONT,148689.0,8,1,0.0023,7,7,1,494,3.92063,,0,0,562,0,,,,,
Instances/Instances 3/bier127_07.gt,126,1000.0,86400.0,PTVRP_LAYERED_CONT,128916.0,4,1,0.0024,4,4,1,250,1.98413,,0,0,202,0,,,,,
Instances/Instances 3/bier127_08.gt,126,2000.0,86400.0,PTVRP_LAYERED_CONT,126048.0,2,1,0.0022,2,2,1,173,1.37302,,0,0,571,0,,,,,
Instances/Instances 3/bier127_09.gt,126,5000.0,86400.0,PTVRP_LAYERED_CONT,126048.0,2,1,0.0024,1,1,1,126,1.0,,0,0,874,0,,,,,
Instances/Instances 3/bier127_10.gt,126,10000.0,86400.0,PTVRP_LAYERED_CONT,126048.0,2,1,0.0022,1,1,1,126,1.0,,0,0,874,0,,,,,
Instances/Instances 3/bm33708_01.gt,33707,10.0,86400.0,PTVRP_LAYERED_CONT,NO SOLUTION,,,31.464,85881,85881,3,1443216162,42816.5,,0,0,107787,0,,,,,
Instances/Instances 3/bm33708_02.gt,33707,20.0,86400.0,PTVRP_LAYERED_CONT,266537121.0,9755,17,29.9659,42884,42884,22,722089482,21422.5,,0,0,464245476,0,,,,,
Instances/Instances 3/bm33708_03.gt,33707,50.0,86400.0,PTVRP_LAYERED_CONT,107790242.0,6642,11,14.1279,17186,17186,13,290060125,8605.34,,0,0,305091641,0,,,,,
Instances/Instances 3/bm33708_04.gt,33707,100.0,86400.0,PTVRP_LAYERED_CONT,54391979.0,4686,8,6.3086,8580,8580,9,144702160,4292.94,,0,0,161377227,0,,,,,
Instances/Instances 3/bm33708_05.gt,33707,200.0,86400.0,PTVRP_LAYERED_CONT,27690303.0,3320,4,2.9953,4288,4288,6,72210218,2142.29,,1,0,82489533,0,,,,,
Instances/Instances 3/bm33708_06.gt,33707,500.0,86400.0,PTVRP_LAYERED_CONT,11448729.0,1714,3,1.1913,1720,1720,3,29041601,861.59,,0,0,33382872,0,,,,,
Instances/Instances 3/bm33708_07.gt,33707,1000.0,86400.0,PTVRP_LAYERED_CONT,6155234.0,877,2,0.6717,861,861,3,14526107,430.952,,0,0,16596931,0,,,,,
Instances/Instances 3/bm33708_08.gt,33707,2000.0,86400.0,PTVRP_LAYERED_CONT,3523371.0,439,1,0.3228,431,431,2,7248369,215.04,,0,0,8281816,0,,,,,
Instances/Instances 3/bm33708_09.gt,33707,5000.0,86400.0,PTVRP_LAYERED_CONT,1960299.0,175,1,0.1509,172,172,1,2906942,86.2415,,0,0,3361148,0,,,,,
Instances/Instances 3/bm33708_10.gt,33707,10000.0,86400.0,PTVRP_LAYERED_CONT,1445451.0,89,1,0.092,86,86,1,1457385,43.2369,,0,0,1742588,0,,,,,
Instances/Instances 3/brd14051_01.gt,14050,10.0,86400.0,PTVRP_LAYERED_CONT,162296593.0,6002,23,8.0155,35770,35770,26,251092589,17871.4,,0,0,90248926,0,,,,,
Instances/Instances 3/brd14051_02.gt,14050,20.0,86400.0,PTVRP_LAYERED_CONT,81057860.0,4037,19,4.6544,17767,17767,19,125151384,8907.57,,0,0,80993967,0,,,,,
Instances/Instances 3/brd14051_03.gt,14050,50.0,86400.0,PTVRP_LAYERED_CONT,33079874.0,3002,9,2.1657,7141,7141,12,50192976,3572.45,,0,0,53938473,0,,,,,
Instances/Instances 3/brd14051_04.gt,14050,100.0,86400.0,PTVRP_LAYERED_CONT,16930477.0,2162,8,1.0336,3579,3579,8,25083934,1785.33,,0,0,29197500,0,,,,,
Instances/Instances 3/brd14051_05.gt,14050,200.0,86400.0,PTVRP_LAYERED_CONT,8649644.0,1512,3,0.529,1793,1793,5,12600543,896.836,,0,0,15095723,0,,,,,
Instances/Instances 3/brd14051_06.gt,14050,500.0,86400.0,PTVRP_LAYERED_CONT,3670489.0,729,2,0.2249,716,716,3,5039576,358.689,,1,0,6000419,0,,,,,
Instances/Instances 3/brd14051_07.gt,14050,1000.0,86400.0,PTVRP_LAYERED_CONT,2040231.0,370,1,0.1211,360,360,2,2543904,181.061,,0,0,3010237,0,,,,,
Instances/Instances 3/brd14051_08.gt,14050,2000.0,86400.0,PTVRP_LAYERED_CONT,1247775.0,186,1,0.0683,181,181,1,1287055,91.6053,,0,0,1532346,0,,,,,
Instances/Instances 3/brd14051_09.gt,14050,5000.0,86400.0,PTVRP_LAYERED_CONT,768552.0,75,1,0.0345,72,72,1,511893,36.4337,,0,0,616402,0,,,,,
Instances/Instances 3/brd14051_10.gt,14050,10000.0,86400.0,PTVRP_LAYERED_CONT,611852.0,39,1,0.0231,36,36,1,257063,18.2963,,0,0,332701,0,,,,,
Instances/Instances 3/ca4663_01.gt,4662,10.0,86400.0,PTVRP_LAYERED_CONT,NO SOLUTION,,,0.6245,11811,11811,0,27723605,5946.72,,0,0,4662,0,,,,,
Instances/Instances 3/ca4663_02.gt,4662,20.0,86400.0,PTVRP_LAYERED_CONT,NO SOLUTION,,,0.3879,5919,5919,4,13738943,2947.01,,0,0,1202128,0,,,,,
Instances/Instances 3/ca4663_03.gt,4662,50.0,86400.0,PTVRP_LAYERED_CONT,NO SOLUTION,,,0.2295,2386,2386,4,5561926,1193.03,,0,0,5294068,0,,,,,
Instances/Instances 3/ca4663_04.gt,4662,100.0,86400.0,PTVRP_LAYERED_CONT,NO SOLUTION,,,0.1237,1188,1188,4,2768043,593.746,,0,0,3158228,0,,,,,
Instances/Instances 3/ca4663_05.gt,4662,200.0,86400.0,PTVRP_LAYERED_CONT,NO SOLUTION,,,0.0697,590,590,3,1377431,295.459,,0,0,1938738,0,,,,,
Instances/Instances 3/ca4663_06.gt,4662,500.0,86400.0,PTVRP_LAYERED_CONT,NO SOLUTION,,,0.0326,236,236,2,548578,117.67,,0,0,950932,0,,,,,
Instances/Instances 3/ca4663_07.gt,4662,1000.0,86400.0,PTVRP_LAYERED_CONT,NO SOLUTION,,,0.0211,119,119,2,279603,59.9749,,0,0,637811,0,,,,,
Instances/Instances 3/ca4663_08.gt,4662,2000.0,86400.0,PTVRP_LAYERED_CONT,NO SOLUTION,,,0.0131,60,60,2,141414,30.3333,,0,0,386208,0,,,,,
Instances/Instances 3/ca4663_09.gt,4662,5000.0,86400.0,PTVRP_LAYERED_CONT,NO SOLUTION,,,0.0087,24,24,1,57344,12.3003,,0,0,283738,0,,,,,
Instances/Instances 3/ca4663_10.gt,4662,10000.0,86400.0,PTVRP_LAYERED_CONT,NO SOLUTION,,,0.007,12,12,1,29759,6.38331,,0,0,353511,0,,,,,
Instances/Instances 3/ch130_01.gt,129,10.0,86400.0,PTVRP_LAYERED_CONT,183001.0,90,9,0.0036,325,325,9,21054,163.209,,0,0,5436,0,,,,,
Instances/Instances 3/ch130_02.gt,129,20.0,86400.0,PTVRP_LAYERED_CONT,100776.0,73,8,0.003,166,166,8,10877,84.3178,,0,0,4181,0,,,,,
Instances/Instances 3/ch130_03.gt,129,50.0,86400.0,PTVRP_LAYERED_CONT,42446.0,53,3,0.0028,65,65,4,4106,31.8295,,0,0,1635,0,,,,,
Instances/Instances 3/ch130_04.gt,129,100.0,86400.0,PTVRP_LAYERED_CONT,25835.0,36,2,0.0025,35,35,2,2486,19.2713,,0,0,640,0,,,,,
Instances/Instances 3/ch130_05.gt,129,200.0,86400.0,PTVRP_LAYERED_CONT,13769.0,19,1,0.0023,16,16,1,1099,8.51938,,0,0,24,0,,,,,
Instances/Instances 3/ch130_06.gt,129,500.0,86400.0,PTVRP_LAYERED_CONT,8377.0,7,1,0.0023,7,7,1,471,3.65116,,0,0,0,0,,,,,
Instances/Instances 3/ch130_07.gt,129,1000.0,86400.0,PTVRP_LAYERED_CONT,6937.0,4,1,0.0023,4,4,1,276,2.13953,,0,0,0,0,,,,,
Instances/Instances 3/ch130_08.gt,129,2000.0,86400.0,PTVRP_LAYERED_CONT,6675.0,3,1,0.0023,2,2,1,185,1.43411,,0,0,0,0,,,,,
Instances/Instances 3/ch130_09.gt,129,5000.0,86400.0,PTVRP_LAYERED_CONT,6291.0,1,1,0.0022,1,1,1,129,1.0,,0,0,0,0,,,,,
Instances/Instances 3/ch130_10.gt,129,10000.0,86400.0,PTVRP_LAYERED_CONT,6291.0,1,1,0.0022,1,1,1,129,1.0,,0,0,0,0,,,,,
Instances/Instances 3/ch150_01.gt,149,10.0,86400.0,PTVRP_LAYERED_CONT,236822.0,98,11,0.0037,407,407,11,30080,201.879,,0,0,7571,0,,,,,
Instances/Instances 3/ch150_02.gt,149,20.0,86400.0,PTVRP_LAYERED_CONT,109287.0,74,7,0.0043,174,174,7,12976,87.0872,,0,0,5094,0,,,,,
Instances/Instances 3/ch150_03.gt,149,50.0,86400.0,PTVRP_LAYERED_CONT,47621.0,61,4,0.0027,73,73,4,5544,37.2081,,0,0,2457,0,,,,,
Instances/Instances 3/ch150_04.gt,149,100.0,86400.0,PTVRP_LAYERED_CONT,27859.0,42,2,0.0025,38,38,3,2998,20.1208,,0,0,863,0,,,,,
Instances/Instances 3/ch150_05.gt,149,200.0,86400.0,PTVRP_LAYERED_CONT,16292.0,23,1,0.0026,21,21,1,1579,10.5973,,0,0,110,0,,,,,
Instances/Instances 3/ch150_06.gt,149,500.0,86400.0,PTVRP_LAYERED_CONT,9718.0,8,1,0.0024,8,8,1,648,4.34899,,0,0,0,0,,,,,
Instances/Instances 3/ch150_07.gt,149,1000.0,86400.0,PTVRP_LAYERED_CONT,8117.0,5,1,0.0023,4,4,1,368,2.4698,,0,0,0,0,,,,,
Instances/Instances 3/ch150_08.gt,149,2000.0,86400.0,PTVRP_LAYERED_CONT,7633.0,3,1,0.0024,2,2,1,220,1.47651,,0,0,0,0,,,,,
Instances/Instances 3/ch150_09.gt,149,5000.0,86400.0,PTVRP_LAYERED_CONT,7281.0,1,1,0.0022,1,1,1,149,1.0,,0,0,0,0,,,,,
Instances/Instances 3/ch150_10.gt,149,10000.0,86400.0,PTVRP_LAYERED_CONT,7281.0,1,1,0.0022,1,1,1,149,1.0,,0,0,0,0,,,,,
Instances/Instances 3/ch71009_01.gt,71008,10.0,86400.0,PTVRP_LAYERED_CONT,NO SOLUTION,,,142.5539,180818,180818,0,6399746803,90127.1,,0,0,71008,0,,,,,
Instances/Instances 3/ch71009_02.gt,71008,20.0,86400.0,PTVRP_LAYERED_CONT,NO SOLUTION,,,84.5688,90460,90460,2,3213470139,45255.0,,0,0,244756,0,,,,,
Instances/Instances 3/ch71009_03.gt,71008,50.0,86400.0,PTVRP_LAYERED_CONT,642210909.0,18641,10,66.7828,36171,36171,11,1280749338,18036.7,,0,0,1348195653,0,,,,,
Instances/Instances 3/ch71009_04.gt,71008,100.0,86400.0,PTVRP_LAYERED_CONT,315639950.0,10125,7,30.8034,18088,18088,8,643380057,9060.67,,1,0,713471426,0,,,,,
Instances/Instances 3/ch71009_05.gt,71008,200.0,86400.0,PTVRP_LAYERED_CONT,157462984.0,6771,5,14.1385,9057,9057,6,321359624,4525.68,,0,0,366071515,0,,,,,
Instances/Instances 3/ch71009_06.gt,71008,500.0,86400.0,PTVRP_LAYERED_CONT,64708115.0,3502,3,5.4794,3617,3617,4,128461775,1809.12,,1,0,149856072,0,,,,,
Instances/Instances 3/ch71009_07.gt,71008,1000.0,86400.0,PTVRP_LAYERED_CONT,34240606.0,1836,2,2.815,1809,1809,3,64132737,903.176,,1,0,75474365,0,,,,,
Instances/Instances 3/ch71009_08.gt,71008,2000.0,86400.0,PTVRP_LAYERED_CONT,19393780.0,923,1,1.3347,906,906,2,32178682,453.17,,0,0,38677082,0,,,,,
Instances/Instances 3/ch71009_09.gt,71008,5000.0,86400.0,PTVRP_LAYERED_CONT,10900388.0,377,1,0.5941,363,363,2,12897154,181.63,,0,0,16231818,0,,,,,
Instances/Instances 3/ch71009_10.gt,71008,10000.0,86400.0,PTVRP_LAYERED_CONT,8260494.0,204,1,0.337,181,181,1,6450889,90.8474,,0,0,8841489,0,,,,,
Instances/Instances 3/d1291_01.gt,1290,10.0,86400.0,PTVRP_LAYERED_CONT,7047490.0,626,18,0.064,3459,3459,24,2204617,1709.01,,0,0,759789,0,,,,,
Instances/Instances 3/d1291_02.gt,1290,20.0,86400.0,PTVRP_LAYERED_CONT,3267831.0,493,10,0.0415,1581,1581,13,1023476,793.392,,0,0,660148,0,,,,,
Instances/Instances 3/d1291_03.gt,1290,50.0,86400.0,PTVRP_LAYERED_CONT,1416470.0,377,7,0.0235,664,664,8,428624,332.267,,0,0,462259,0,,,,,
Instances/Instances 3/d1291_04.gt,1290,100.0,86400.0,PTVRP_LAYERED_CONT,719650.0,257,3,0.0146,327,327,5,213161,165.241,,0,0,274701,0,,,,,
Instances/Instances 3/d1291_05.gt,1290,200.0,86400.0,PTVRP_LAYERED_CONT,383574.0,169,3,0.009,164,164,3,106078,82.231,,0,0,152948,0,,,,,
Instances/Instances 3/d1291_06.gt,1290,500.0,86400.0,PTVRP_LAYERED_CONT,177362.0,69,1,0.0056,66,66,2,43626,33.8186,,0,0,63524,0,,,,,
Instances/Instances 3/d1291_07.gt,1290,1000.0,86400.0,PTVRP_LAYERED_CONT,109939.0,35,1,0.0044,33,33,1,21720,16.8372,,0,0,29499,0,,,,,
Instances/Instances 3/d1291_08.gt,1290,2000.0,86400.0,PTVRP_LAYERED_CONT,78524.0,18,1,0.0036,17,17,1,11329,8.78217,,0,0,13039,0,,,,,
Instances/Instances 3/d1291_09.gt,1290,5000.0,86400.0,PTVRP_LAYERED_CONT,61034.0,8,1,0.0032,7,7,1,4978,3.85891,,0,0,4933,0,,,,,
Instances/Instances 3/d1291_10.gt,1290,10000.0,86400.0,PTVRP_LAYERED_CONT,56230.0,5,1,0.0031,4,4,1,2770,2.14729,,0,0,2507,0,,,,,
Instances/Instances 3/d15112_01.gt,15111,10.0,86400.0,PTVRP_LAYERED_CONT,NO SOLUTION,,,6.3896,38410,38410,0,289637580,19167.3,,0,0,15111,0,,,,,
Instances/Instances 3/d15112_02.gt,15111,20.0,86400.0,PTVRP_LAYERED_CONT,272296027.0,6790,13,5.6248,19381,19381,13,146651735,9704.97,,0,0,93684150,0,,,,,
Instances/Instances 3/d15112_03.gt,15111,50.0,86400.0,PTVRP_LAYERED_CONT,105793970.0,3837,8,2.5147,7664,7664,8,57911437,3832.4,,0,0,61639984,0,,,,,
Instances/Instances 3/d15112_04.gt,15111,100.0,86400.0,PTVRP_LAYERED_CONT,53894103.0,2382,5,1.1829,3859,3859,6,29233560,1934.59,,0,0,33651108,0,,,,,
Instances/Instances 3/d15112_05.gt,15111,200.0,86400.0,PTVRP_LAYERED_CONT,27369384.0,1648,4,0.5989,1915,1915,5,14378239,951.508,,0,0,17191584,0,,,,,
Instances/Instances 3/d15112_06.gt,15111,500.0,86400.0,PTVRP_LAYERED_CONT,11772286.0,796,2,0.2518,777,777,3,5878261,389.005,,0,0,7117169,0,,,,,
Instances/Instances 3/d15112_07.gt,15111,1000.0,86400.0,PTVRP_LAYERED_CONT,6542826.0,398,1,0.1343,387,387,2,2938929,194.489,,0,0,3642803,0,,,,,
Instances/Instances 3/d15112_08.gt,15111,2000.0,86400.0,PTVRP_LAYERED_CONT,4011562.0,200,1,0.075,194,194,1,1460803,96.6715,,0,0,1885808,0,,,,,
Instances/Instances 3/d15112_09.gt,15111,5000.0,86400.0,PTVRP_LAYERED_CONT,2521389.0,82,1,0.0382,78,78,1,592750,39.2264,,0,0,811023,0,,,,,
Instances/Instances 3/d15112_10.gt,15111,10000.0,86400.0,PTVRP_LAYERED_CONT,2015105.0,41,1,0.0252,39,39,1,297173,19.666,,0,0,448895,0,,,,,
Instances/Instances 3/d1655_01.gt,1654,10.0,86400.0,PTVRP_LAYERED_CONT,8436092.0,810,19,0.1009,4183,4183,22,3466715,2095.96,,0,0,1232372,0,,,,,
Instances/Instances 3/d1655_02.gt,1654,20.0,86400.0,PTVRP_LAYERED_CONT,4471021.0,594,12,0.0668,2148,2148,14,1763935,1066.47,,0,0,1106138,0,,,,,
Instances/Instances 3/d1655_03.gt,1654,50.0,86400.0,PTVRP_LAYERED_CONT,1777148.0,464,7,0.0347,834,834,8,689766,417.029,,0,0,728866,0,,,,,
Instances/Instances 3/d1655_04.gt,1654,100.0,86400.0,PTVRP_LAYERED_CONT,925568.0,300,4,0.0202,420,420,5,352377,213.045,,0,0,413549,0,,,,,
Instances/Instances 3/d1655_05.gt,1654,200.0,86400.0,PTVRP_LAYERED_CONT,485977.0,198,2,0.0128,211,211,4,175568,106.148,,0,0,215705,0,,,,,
Instances/Instances 3/d1655_06.gt,1654,500.0,86400.0,PTVRP_LAYERED_CONT,225433.0,89,1,0.0071,85,85,2,69538,42.0423,,0,0,80717,0,,,,,
Instances/Instances 3/d1655_07.gt,1654,1000.0,86400.0,PTVRP_LAYERED_CONT,141378.0,46,1,0.0053,43,43,1,36237,21.9087,,0,0,39395,0,,,,,
Instances/Instances 3/d1655_08.gt,1654,2000.0,86400.0,PTVRP_LAYERED_CONT,99160.0,24,1,0.0044,22,22,1,18411,11.1312,,0,0,18789,0,,,,,
Instances/Instances 3/d1655_09.gt,1654,5000.0,86400.0,PTVRP_LAYERED_CONT,74894.0,11,1,0.0039,9,9,1,7912,4.78356,,0,0,7905,0,,,,,
Instances/Instances 3/d1655_10.gt,1654,10000.0,86400.0,PTVRP_LAYERED_CONT,67599.0,5,1,0.0033,5,5,1,4447,2.68863,,0,0,4046,0,,,,,
Instances/Instances 3/d18512_01.gt,18511,10.0,86400.0,PTVRP_LAYERED_CONT,231120636.0,8019,22,14.9305,47400,47400,27,440095469,23774.8,,0,0,157328511,0,,,,,
Instances/Instances 3/d18512_02.gt,18511,20.0,86400.0,PTVRP_LAYERED_CONT,115151869.0,5273,18,8.4642,23462,23462,18,217242082,11735.8,,0,0,140599550,0,,,,,
Instances/Instances 3/d18512_03.gt,18511,50.0,86400.0,PTVRP_LAYERED_CONT,47512090.0,3953,10,3.881,9465,9465,14,87623772,4733.61,,0,0,93314170,0,,,,,
Instances/Instances 3/d18512_04.gt,18511,100.0,86400.0,PTVRP_LAYERED_CONT,24042189.0,2869,6,1.7757,4717,4717,8,43617632,2356.31,,0,0,49695074,0,,,,,
Instances/Instances 3/d18512_05.gt,18511,200.0,86400.0,PTVRP_LAYERED_CONT,12297824.0,1959,3,0.8902,2363,2363,5,21908858,1183.56,,0,0,25595910,0,,,,,
Instances/Instances 3/d18512_06.gt,18511,500.0,86400.0,PTVRP_LAYERED_CONT,5204128.0,960,2,0.3713,946,946,3,8777991,474.204,,0,0,10217858,0,,,,,
Instances/Instances 3/d18512_07.gt,18511,1000.0,86400.0,PTVRP_LAYERED_CONT,2864202.0,482,1,0.1958,470,470,2,4375617,236.379,,0,0,5041510,0,,,,,
Instances/Instances 3/d18512_08.gt,18511,2000.0,86400.0,PTVRP_LAYERED_CONT,1744047.0,245,1,0.109,237,237,2,2199972,118.847,,0,0,2540770,0,,,,,
Instances/Instances 3/d18512_09.gt,18511,5000.0,86400.0,PTVRP_LAYERED_CONT,1075475.0,100,1,0.055,96,96,1,894029,48.2972,,0,0,1048247,0,,,,,
Instances/Instances 3/d18512_10.gt,18511,10000.0,86400.0,PTVRP_LAYERED_CONT,852236.0,50,1,0.0361,48,48,1,448351,24.2208,,0,0,565031,0,,,,,
Instances/Instances 3/d198_01.gt,197,10.0,86400.0,PTVRP_LAYERED_CONT,755350.0,122,11,0.005,521,521,15,51397,260.898,,0,0,15063,0,,,,,
Instances/Instances 3/d198_02.gt,197,20.0,86400.0,PTVRP_LAYERED_CONT,408690.0,91,8,0.0038,259,259,8,25893,131.437,,0,0,12460,0,,,,,
Instances/Instances 3/d198_03.gt,197,50.0,86400.0,PTVRP_LAYERED_CONT,170605.0,83,4,0.0033,105,105,4,10272,52.1421,,0,0,7412,0,,,,,
Instances/Instances 3/d198_04.gt,197,100.0,86400.0,PTVRP_LAYERED_CONT,90414.0,49,2,0.0028,53,53,4,5085,25.8122,,0,0,3492,0,,,,,
Instances/Instances 3/d198_05.gt,197,200.0,86400.0,PTVRP_LAYERED_CONT,49883.0,28,1,0.0026,26,26,3,2682,13.6142,,0,0,1285,0,,,,,
Instances/Instances 3/d198_06.gt,197,500.0,86400.0,PTVRP_LAYERED_CONT,27714.0,11,1,0.003,10,10,1,1079,5.47716,,0,0,130,0,,,,,
Instances/Instances 3/d198_07.gt,197,1000.0,86400.0,PTVRP_LAYERED_CONT,20371.0,6,1,0.0027,5,5,1,599,3.04061,,0,0,0,0,,,,,
Instances/Instances 3/d198_08.gt,197,2000.0,86400.0,PTVRP_LAYERED_CONT,17786.0,3,1,0.0024,3,3,1,363,1.84264,,0,0,0,0,,,,,
Instances/Instances 3/d198_09.gt,197,5000.0,86400.0,PTVRP_LAYERED_CONT,17527.0,1,1,0.0023,1,1,1,197,1.0,,0,0,0,0,,,,,
Instances/Instances 3/d198_10.gt,197,10000.0,86400.0,PTVRP_LAYERED_CONT,17527.0,1,1,0.0024,1,1,1,197,1.0,,0,0,0,0,,,,,
Instances/Instances 3/d2103_01.gt,2102,10.0,86400.0,PTVRP_LAYERED_CONT,12997338.0,986,20,0.1619,5444,5444,21,5721340,2721.86,,0,0,2006170,0,,,,,
Instances/Instances 3/d2103_02.gt,2102,20.0,86400.0,PTVRP_LAYERED_CONT,6550658.0,765,14,0.1036,2693,2693,14,2834686,1348.57,,0,0,1797445,0,,,,,
Instances/Instances 3/d2103_03.gt,2102,50.0,86400.0,PTVRP_LAYERED_CONT,2749274.0,589,8,0.0539,1094,1094,8,1159593,551.662,,0,0,1247668,0,,,,,
Instances/Instances 3/d2103_04.gt,2102,100.0,86400.0,PTVRP_LAYERED_CONT,1380591.0,394,4,0.0304,538,538,5,560016,266.421,,0,0,711849,0,,,,,
Instances/Instances 3/d2103_05.gt,2102,200.0,86400.0,PTVRP_LAYERED_CONT,722504.0,260,2,0.0183,269,269,4,282068,134.19,,0,0,429321,0,,,,,
Instances/Instances 3/d2103_06.gt,2102,500.0,86400.0,PTVRP_LAYERED_CONT,324497.0,111,2,0.0104,109,109,2,116839,55.5847,,0,0,225208,0,,,,,
Instances/Instances 3/d2103_07.gt,2102,1000.0,86400.0,PTVRP_LAYERED_CONT,201444.0,57,1,0.008,55,55,1,57625,27.4144,,0,0,124050,0,,,,,
Instances/Instances 3/d2103_08.gt,2102,2000.0,86400.0,PTVRP_LAYERED_CONT,133949.0,32,1,0.006,28,28,1,29520,14.0438,,0,0,66926,0,,,,,
Instances/Instances 3/d2103_09.gt,2102,5000.0,86400.0,PTVRP_LAYERED_CONT,100359.0,12,1,0.0047,11,11,1,12108,5.76023,,0,0,28709,0,,,,,
Instances/Instances 3/d2103_10.gt,2102,10000.0,86400.0,PTVRP_LAYERED_CONT,91308.0,6,1,0.0047,6,6,1,6757,3.21456,,0,0,13937,0,,,,,
Instances/Instances 3/d493_01.gt,492,10.0,86400.0,PTVRP_LAYERED_CONT,1861604.0,288,15,0.0132,1259,1259,15,309240,628.537,,0,0,104468,0,,,,,
Instances/Instances 3/d493_02.gt,492,20.0,86400.0,PTVRP_LAYERED_CONT,929771.0,227,11,0.0098,598,598,11,144019,292.722,,0,0,85173,0,,,,,
Instances/Instances 3/d493_03.gt,492,50.0,86400.0,PTVRP_LAYERED_CONT,405994.0,184,4,0.0065,252,252,5,62962,127.972,,0,0,57143,0,,,,,
Instances/Instances 3/d493_04.gt,492,100.0,86400.0,PTVRP_LAYERED_CONT,215511.0,122,3,0.0075,126,126,4,31496,64.0163,,0,0,28917,0,,,,,
Instances/Instances 3/d493_05.gt,492,200.0,86400.0,PTVRP_LAYERED_CONT,121988.0,66,2,0.0039,64,64,2,15841,32.1972,,0,0,12449,0,,,,,
Instances/Instances 3/d493_06.gt,492,500.0,86400.0,PTVRP_LAYERED_CONT,67997.0,30,1,0.0045,26,26,1,6527,13.2663,,0,0,3535,0,,,,,
Instances/Instances 3/d493_07.gt,492,1000.0,86400.0,PTVRP_LAYERED_CONT,50723.0,14,1,0.0028,14,14,1,3460,7.03252,,0,0,1349,0,,,,,
Instances/Instances 3/d493_08.gt,492,2000.0,86400.0,PTVRP_LAYERED_CONT,42184.0,7,1,0.0041,6,6,1,1731,3.51829,,0,0,338,0,,,,,
Instances/Instances 3/d493_09.gt,492,5000.0,86400.0,PTVRP_LAYERED_CONT,38646.0,4,1,0.0026,3,3,1,907,1.8435,,0,0,2,0,,,,,
Instances/Instances 3/d493_10.gt,492,10000.0,86400.0,PTVRP_LAYERED_CONT,37916.0,2,1,0.0037,2,2,1,584,1.18699,,0,0,0,0,,,,,
Instances/Instances 3/d657_01.gt,656,10.0,86400.0,PTVRP_LAYERED_CONT,3276262.0,382,13,0.0197,1645,1645,15,535585,816.441,,0,0,189825,0,,,,,
Instances/Instances 3/d657_02.gt,656,20.0,86400.0,PTVRP_LAYERED_CONT,1727859.0,282,10,0.0161,830,830,10,277172,422.518,,0,0,169724,0,,,,,
Instances/Instances 3/d657_03.gt,656,50.0,86400.0,PTVRP_LAYERED_CONT,730947.0,228,5,0.009,332,332,6,109099,166.309,,0,0,110519,0,,,,,
Instances/Instances 3/d657_04.gt,656,100.0,86400.0,PTVRP_LAYERED_CONT,393602.0,150,3,0.0059,170,170,4,55590,84.7409,,0,0,60796,0,,,,,
Instances/Instances 3/d657_05.gt,656,200.0,86400.0,PTVRP_LAYERED_CONT,215306.0,88,2,0.005,87,87,2,28724,43.7866,,0,0,30266,0,,,,,
Instances/Instances 3/d657_06.gt,656,500.0,86400.0,PTVRP_LAYERED_CONT,107647.0,36,1,0.0036,33,33,1,11045,16.8369,,0,0,9454,0,,,,,
Instances/Instances 3/d657_07.gt,656,1000.0,86400.0,PTVRP_LAYERED_CONT,76768.0,19,1,0.003,17,17,1,5764,8.78659,,0,0,4266,0,,,,,
Instances/Instances 3/d657_08.gt,656,2000.0,86400.0,PTVRP_LAYERED_CONT,62372.0,10,1,0.0029,9,9,1,3142,4.78963,,0,0,1459,0,,,,,
Instances/Instances 3/d657_09.gt,656,5000.0,86400.0,PTVRP_LAYERED_CONT,53349.0,4,1,0.0027,4,4,1,1436,2.18902,,0,0,644,0,,,,,
Instances/Instances 3/d657_10.gt,656,10000.0,86400.0,PTVRP_LAYERED_CONT,52507.0,2,1,0.0026,2,2,1,934,1.42378,,0,0,0,0,,,,,
Instances/Instances 3/dj38_01.gt,37,10.0,86400.0,PTVRP_LAYERED_CONT,124396.0,31,15,0.0026,101,101,15,1936,52.3243,,0,0,304,0,,,,,
Instances/Instances 3/dj38_02.gt,37,20.0,86400.0,PTVRP_LAYERED_CONT,64157.0,25,6,0.0025,51,51,6,936,25.2973,,0,0,170,0,,,,,
Instances/Instances 3/dj38_03.gt,37,50.0,86400.0,PTVRP_LAYERED_CONT,28160.0,25,2,0.0023,21,21,2,440,11.8919,,0,0,36,0,,,,,
Instances/Instances 3/dj38_04.gt,37,100.0,86400.0,PTVRP_LAYERED_CONT,15411.0,11,1,0.0022,9,9,2,165,4.45946,,0,0,0,0,,,,,
Instances/Instances 3/dj38_05.gt,37,200.0,86400.0,PTVRP_LAYERED_CONT,10734.0,6,1,0.0024,5,5,1,104,2.81081,,0,0,0,0,,,,,
Instances/Instances 3/dj38_06.gt,37,500.0,86400.0,PTVRP_LAYERED_CONT,8070.0,2,1,0.0021,2,2,1,51,1.37838,,0,0,0,0,,,,,
Instances/Instances 3/dj38_07.gt,37,1000.0,86400.0,PTVRP_LAYERED_CONT,8070.0,2,1,0.0022,2,2,1,40,1.08108,,0,0,0,0,,,,,
Instances/Instances 3/dj38_08.gt,37,2000.0,86400.0,PTVRP_LAYERED_CONT,8048.0,1,1,0.0022,1,1,1,37,1.0,,0,0,0,0,,,,,
Instances/Instances 3/dj38_09.gt,37,5000.0,86400.0,PTVRP_LAYERED_CONT,8048.0,1,1,0.0021,1,1,1,37,1.0,,0,0,0,0,,,,,
Instances/Instances 3/dj38_10.gt,37,10000.0,86400.0,PTVRP_LAYERED_CONT,8048.0,1,1,0.0022,1,1,1,37,1.0,,0,0,0,0,,,,,
Instances/Instances 3/eg7146_01.gt,7145,10.0,86400.0,PTVRP_LAYERED_CONT,56520751.0,2898,27,2.0094,18149,18149,32,64610784,9042.8,,0,0,23356523,0,,,,,
Instances/Instances 3/eg7146_02.gt,7145,20.0,86400.0,PTVRP_LAYERED_CONT,28073479.0,2042,16,1.1511,9068,9068,27,32550361,4555.68,,0,0,21031912,0,,,,,
Instances/Instances 3/eg7146_03.gt,7145,50.0,86400.0,PTVRP_LAYERED_CONT,11583407.0,1548,9,0.5472,3654,3654,11,13100244,1833.48,,0,0,14418846,0,,,,,
Instances/Instances 3/eg7146_04.gt,7145,100.0,86400.0,PTVRP_LAYERED_CONT,5804540.0,1063,6,0.2827,1810,1810,8,6495218,909.058,,0,0,8022430,0,,,,,
Instances/Instances 3/eg7146_05.gt,7145,200.0,86400.0,PTVRP_LAYERED_CONT,3008147.0,747,4,0.1551,915,915,6,3279485,458.99,,0,0,4220632,0,,,,,
Instances/Instances 3/eg7146_06.gt,7145,500.0,86400.0,PTVRP_LAYERED_CONT,1271420.0,370,2,0.0677,362,362,4,1298117,181.682,,0,0,1648777,0,,,,,
Instances/Instances 3/eg7146_07.gt,7145,1000.0,86400.0,PTVRP_LAYERED_CONT,716363.0,190,1,0.0387,185,185,2,658531,92.1667,,0,0,791910,0,,,,,
Instances/Instances 3/eg7146_08.gt,7145,2000.0,86400.0,PTVRP_LAYERED_CONT,437220.0,94,1,0.0232,92,92,2,330699,46.284,,0,0,386627,0,,,,,
Instances/Instances 3/eg7146_09.gt,7145,5000.0,86400.0,PTVRP_LAYERED_CONT,272828.0,38,1,0.0136,37,37,1,133536,18.6894,,0,0,146020,0,,,,,
Instances/Instances 3/eg7146_10.gt,7145,10000.0,86400.0,PTVRP_LAYERED_CONT,223307.0,20,1,0.0108,19,19,1,68766,9.62435,,0,0,75785,0,,,,,
Instances/Instances 3/ei8246_01.gt,8245,10.0,86400.0,PTVRP_LAYERED_CONT,57072244.0,3383,24,2.6484,21129,21129,25,86937594,10544.3,,0,0,31065879,0,,,,,
Instances/Instances 3/ei8246_02.gt,8245,20.0,86400.0,PTVRP_LAYERED_CONT,28746376.0,2514,18,1.5353,10489,10489,19,43205052,5240.15,,0,0,27833856,0,,,,,
Instances/Instances 3/ei8246_03.gt,8245,50.0,86400.0,PTVRP_LAYERED_CONT,11774658.0,1887,9,0.719,4215,4215,11,17357777,2105.25,,1,0,18635065,0,,,,,
Instances/Instances 3/ei8246_04.gt,8245,100.0,86400.0,PTVRP_LAYERED_CONT,5992487.0,1319,5,0.3636,2098,2098,6,8642946,1048.27,,0,0,10043621,0,,,,,
Instances/Instances 3/ei8246_05.gt,8245,200.0,86400.0,PTVRP_LAYERED_CONT,3085049.0,949,3,0.1926,1052,1052,4,4346036,527.112,,0,0,5147118,0,,,,,
Instances/Instances 3/ei8246_06.gt,8245,500.0,86400.0,PTVRP_LAYERED_CONT,1324683.0,434,2,0.0843,421,421,2,1740073,211.046,,0,0,2007294,0,,,,,
Instances/Instances 3/ei8246_07.gt,8245,1000.0,86400.0,PTVRP_LAYERED_CONT,754549.0,219,1,0.0483,212,212,2,878733,106.578,,0,0,994357,0,,,,,
Instances/Instances 3/ei8246_08.gt,8245,2000.0,86400.0,PTVRP_LAYERED_CONT,471952.0,108,1,0.0283,105,105,1,432468,52.4522,,0,0,480073,0,,,,,
Instances/Instances 3/ei8246_09.gt,8245,5000.0,86400.0,PTVRP_LAYERED_CONT,307174.0,46,1,0.0166,43,43,1,178351,21.6314,,0,0,196623,0,,,,,
Instances/Instances 3/ei8246_10.gt,8245,10000.0,86400.0,PTVRP_LAYERED_CONT,251520.0,23,1,0.013,21,21,1,89503,10.8554,,0,0,97187,0,,,,,
Instances/Instances 3/eil101_01.gt,100,10.0,86400.0,PTVRP_LAYERED_CONT,15232.0,73,12,0.0032,266,266,12,13871,138.71,,0,0,516,0,,,,,
Instances/Instances 3/eil101_02.gt,100,20.0,86400.0,PTVRP_LAYERED_CONT,7407.0,62,4,0.0029,128,128,4,6390,63.9,,0,0,0,0,,,,,
Instances/Instances 3/eil101_03.gt,100,50.0,86400.0,PTVRP_LAYERED_CONT,3441.0,52,2,0.0028,52,52,3,2646,26.46,,0,0,0,0,,,,,
Instances/Instances 3/eil101_04.gt,100,100.0,86400.0,PTVRP_LAYERED_CONT,1815.0,29,1,0.0024,25,25,2,1254,12.54,,0,0,0,0,,,,,
Instances/Instances 3/eil101_05.gt,100,200.0,86400.0,PTVRP_LAYERED_CONT,1232.0,17,1,0.0024,15,15,1,736,7.36,,0,0,0,0,,,,,
Instances/Instances 3/eil101_06.gt,100,500.0,86400.0,PTVRP_LAYERED_CONT,790.0,7,1,0.0023,5,5,1,294,2.94,,0,0,0,0,,,,,
Instances/Instances 3/eil101_07.gt,100,1000.0,86400.0,PTVRP_LAYERED_CONT,709.0,5,1,0.0023,3,3,1,181,1.81,,0,0,0,0,,,,,
Instances/Instances 3/eil101_08.gt,100,2000.0,86400.0,PTVRP_LAYERED_CONT,664.0,3,1,0.0022,2,2,1,120,1.2,,0,0,0,0,,,,,
Instances/Instances 3/eil101_09.gt,100,5000.0,86400.0,PTVRP_LAYERED_CONT,652.0,2,1,0.0025,1,1,1,100,1.0,,0,0,0,0,,,,,
Instances/Instances 3/eil101_10.gt,100,10000.0,86400.0,PTVRP_LAYERED_CONT,652.0,2,1,0.0023,1,1,1,100,1.0,,0,0,0,0,,,,,
Instances/Instances 3/eil51_01.gt,50,10.0,86400.0,PTVRP_LAYERED_CONT,6400.0,44,9,0.0026,121,121,9,3110,62.2,,0,0,0,0,,,,,
Instances/Instances 3/eil51_02.gt,50,20.0,86400.0,PTVRP_LAYERED_CONT,3959.0,38,4,0.0025,64,64,4,1630,32.6,,0,0,0,0,,,,,
Instances/Instances 3/eil51_03.gt,50,50.0,86400.0,PTVRP_LAYERED_CONT,1584.0,28,2,0.0024,27,27,2,675,13.5,,0,0,0,0,,,,,
Instances/Instances 3/eil51_04.gt,50,100.0,86400.0,PTVRP_LAYERED_CONT,1016.0,16,1,0.0024,13,13,1,368,7.36,,0,0,0,0,,,,,
Instances/Instances 3/eil51_05.gt,50,200.0,86400.0,PTVRP_LAYERED_CONT,573.0,6,1,0.0022,5,5,1,137,2.74,,0,0,0,0,,,,,
Instances/Instances 3/eil51_06.gt,50,500.0,86400.0,PTVRP_LAYERED_CONT,499.0,3,1,0.0022,3,3,1,87,1.74,,0,0,0,0,,,,,
Instances/Instances 3/eil51_07.gt,50,1000.0,86400.0,PTVRP_LAYERED_CONT,456.0,2,1,0.0023,2,2,1,62,1.24,,0,0,0,0,,,,,
Instances/Instances 3/eil51_08.gt,50,2000.0,86400.0,PTVRP_LAYERED_CONT,442.0,1,1,0.0022,1,1,1,50,1.0,,0,0,0,0,,,,,
Instances/Instances 3/eil51_09.gt,50,5000.0,86400.0,PTVRP_LAYERED_CONT,442.0,1,1,0.0022,1,1,1,50,1.0,,0,0,0,0,,,,,
Instances/Instances 3/eil51_10.gt,50,10000.0,86400.0,PTVRP_LAYERED_CONT,442.0,1,1,0.0022,1,1,1,50,1.0,,0,0,0,0,,,,,
Instances/Instances 3/eil76_01.gt,75,10.0,86400.0,PTVRP_LAYERED_CONT,9893.0,62,8,0.0026,187,187,8,7042,93.8933,,0,0,48,0,,,,,
Instances/Instances 3/eil76_02.gt,75,20.0,86400.0,PTVRP_LAYERED_CONT,5462.0,47,5,0.0025,95,95,5,3491,46.5467,,0,0,0,0,,,,,
Instances/Instances 3/eil76_03.gt,75,50.0,86400.0,PTVRP_LAYERED_CONT,2346.0,40,2,0.0024,35,35,2,1438,19.1733,,0,0,0,0,,,,,
Instances/Instances 3/eil76_04.gt,75,100.0,86400.0,PTVRP_LAYERED_CONT,1376.0,22,1,0.0023,19,19,1,731,9.74667,,0,0,0,0,,,,,
Instances/Instances 3/eil76_05.gt,75,200.0,86400.0,PTVRP_LAYERED_CONT,954.0,11,1,0.0024,10,10,1,420,5.6,,0,0,0,0,,,,,
Instances/Instances 3/eil76_06.gt,75,500.0,86400.0,PTVRP_LAYERED_CONT,639.0,4,1,0.0024,4,4,1,167,2.22667,,0,0,0,0,,,,,
Instances/Instances 3/eil76_07.gt,75,1000.0,86400.0,PTVRP_LAYERED_CONT,600.0,3,1,0.0024,3,3,1,122,1.62667,,0,0,0,0,,,,,
Instances/Instances 3/eil76_08.gt,75,2000.0,86400.0,PTVRP_LAYERED_CONT,574.0,2,1,0.0023,2,2,1,76,1.01333,,0,0,0,0,,,,,
Instances/Instances 3/eil76_09.gt,75,5000.0,86400.0,PTVRP_LAYERED_CONT,573.0,1,1,0.0022,1,1,1,75,1.0,,0,0,0,0,,,,,
Instances/Instances 3/eil76_10.gt,75,10000.0,86400.0,PTVRP_LAYERED_CONT,573.0,1,1,0.0021,1,1,1,75,1.0,,0,0,0,0,,,,,
Instances/Instances 3/fi10639_01.gt,10638,10.0,86400.0,PTVRP_LAYERED_CONT,166094138.0,5055,20,4.5328,27094,27094,22,143975268,13534.1,,0,0,51734870,0,,,,,
Instances/Instances 3/fi10639_02.gt,10638,20.0,86400.0,PTVRP_LAYERED_CONT,83837548.0,3256,15,2.6396,13501,13501,16,72040847,6772.03,,0,0,46415881,0,,,,,
Instances/Instances 3/fi10639_03.gt,10638,50.0,86400.0,PTVRP_LAYERED_CONT,33871348.0,2296,10,1.1908,5400,5400,13,28632710,2691.55,,0,0,30779508,0,,,,,
Instances/Instances 3/fi10639_04.gt,10638,100.0,86400.0,PTVRP_LAYERED_CONT,17218486.0,1646,6,0.5874,2692,2692,7,14297891,1344.04,,0,0,16784785,0,,,,,
Instances/Instances 3/fi10639_05.gt,10638,200.0,86400.0,PTVRP_LAYERED_CONT,8880244.0,1152,4,0.3064,1353,1353,5,7195799,676.424,,0,0,8773354,0,,,,,
Instances/Instances 3/fi10639_06.gt,10638,500.0,86400.0,PTVRP_LAYERED_CONT,3781368.0,551,2,0.1315,541,541,3,2878075,270.547,,0,0,3500341,0,,,,,
Instances/Instances 3/fi10639_07.gt,10638,1000.0,86400.0,PTVRP_LAYERED_CONT,2126089.0,280,1,0.0739,272,272,3,1445101,135.843,,0,0,1727703,0,,,,,
Instances/Instances 3/fi10639_08.gt,10638,2000.0,86400.0,PTVRP_LAYERED_CONT,1308109.0,140,1,0.0421,136,136,2,726514,68.2942,,0,0,872808,0,,,,,
Instances/Instances 3/fi10639_09.gt,10638,5000.0,86400.0,PTVRP_LAYERED_CONT,820354.0,57,1,0.0224,55,55,1,293770,27.6152,,0,0,364676,0,,,,,
Instances/Instances 3/fi10639_10.gt,10638,10000.0,86400.0,PTVRP_LAYERED_CONT,660167.0,30,1,0.0159,28,28,1,148590,13.9679,,0,0,196868,0,,,,,
Instances/Instances 3/fl1400_01.gt,1399,10.0,86400.0,PTVRP_LAYERED_CONT,6984703.0,434,28,0.0711,3554,3554,37,2475543,1769.51,,0,0,889715,0,,,,,
Instances/Instances 3/fl1400_02.gt,1399,20.0,86400.0,PTVRP_LAYERED_CONT,3501534.0,343,21,0.0479,1768,1768,26,1240540,886.733,,0,0,804601,0,,,,,
Instances/Instances 3/fl1400_03.gt,1399,50.0,86400.0,PTVRP_LAYERED_CONT,1481164.0,265,10,0.0277,740,740,14,518242,370.437,,0,0,621339,0,,,,,
Instances/Instances 3/fl1400_04.gt,1399,100.0,86400.0,PTVRP_LAYERED_CONT,742586.0,181,7,0.0179,361,361,10,258017,184.43,,0,0,415813,0,,,,,
Instances/Instances 3/fl1400_05.gt,1399,200.0,86400.0,PTVRP_LAYERED_CONT,364536.0,126,4,0.0111,175,175,6,123393,88.2009,,0,0,233346,0,,,,,
Instances/Instances 3/fl1400_06.gt,1399,500.0,86400.0,PTVRP_LAYERED_CONT,161829.0,68,2,0.0065,73,73,3,51062,36.4989,,0,0,98327,0,,,,,
Instances/Instances 3/fl1400_07.gt,1399,1000.0,86400.0,PTVRP_LAYERED_CONT,88503.0,37,1,0.0047,36,36,3,25980,18.5704,,0,0,33593,0,,,,,
Instances/Instances 3/fl1400_08.gt,1399,2000.0,86400.0,PTVRP_LAYERED_CONT,53320.0,20,1,0.004,18,18,2,12997,9.29021,,0,0,10544,0,,,,,
Instances/Instances 3/fl1400_09.gt,1399,5000.0,86400.0,PTVRP_LAYERED_CONT,32739.0,8,1,0.0033,8,8,1,5758,4.1158,,0,0,1353,0,,,,,
Instances/Instances 3/fl1400_10.gt,1399,10000.0,86400.0,PTVRP_LAYERED_CONT,25261.0,4,1,0.0053,4,4,1,3264,2.3331,,0,0,0,0,,,,,
Instances/Instances 3/fl1577_01.gt,1576,10.0,86400.0,PTVRP_LAYERED_CONT,5031187.0,669,29,0.0902,4010,4010,32,3177918,2016.45,,0,0,1112562,0,,,,,
Instances/Instances 3/fl1577_02.gt,1576,20.0,86400.0,PTVRP_LAYERED_CONT,2575760.0,501,14,0.0596,2008,2008,22,1588037,1007.64,,0,0,976226,0,,,,,
Instances/Instances 3/fl1577_03.gt,1576,50.0,86400.0,PTVRP_LAYERED_CONT,1047851.0,389,7,0.0324,813,813,11,631873,400.935,,0,0,651021,0,,,,,
Instances/Instances 3/fl1577_04.gt,1576,100.0,86400.0,PTVRP_LAYERED_CONT,527925.0,282,4,0.0199,407,407,6,322169,204.422,,1,0,368480,0,,,,,
Instances/Instances 3/fl1577_05.gt,1576,200.0,86400.0,PTVRP_LAYERED_CONT,280084.0,176,3,0.0122,204,204,4,159866,101.438,,0,0,183045,0,,,,,
Instances/Instances 3/fl1577_06.gt,1576,500.0,86400.0,PTVRP_LAYERED_CONT,120644.0,85,2,0.0069,81,81,2,63931,40.5654,,0,0,64126,0,,,,,
Instances/Instances 3/fl1577_07.gt,1576,1000.0,86400.0,PTVRP_LAYERED_CONT,69422.0,43,1,0.0052,41,41,2,32855,20.8471,,0,0,24898,0,,,,,
Instances/Instances 3/fl1577_08.gt,1576,2000.0,86400.0,PTVRP_LAYERED_CONT,44928.0,22,1,0.004,21,21,1,16714,10.6053,,0,0,9608,0,,,,,
Instances/Instances 3/fl1577_09.gt,1576,5000.0,86400.0,PTVRP_LAYERED_CONT,30368.0,9,1,0.0035,8,8,1,7121,4.5184,,0,0,3826,0,,,,,
Instances/Instances 3/fl1577_10.gt,1576,10000.0,86400.0,PTVRP_LAYERED_CONT,25235.0,5,1,0.0031,5,5,1,3987,2.52982,,0,0,3,0,,,,,
Instances/Instances 3/fl3795_01.gt,3794,10.0,86400.0,PTVRP_LAYERED_CONT,13543623.0,1322,39,0.5129,9733,9733,39,18356262,4838.23,,0,0,6537621,0,,,,,
Instances/Instances 3/fl3795_02.gt,3794,20.0,86400.0,PTVRP_LAYERED_CONT,6820241.0,1012,17,0.323,4873,4873,26,9233377,2433.68,,0,0,5943532,0,,,,,
Instances/Instances 3/fl3795_03.gt,3794,50.0,86400.0,PTVRP_LAYERED_CONT,2707005.0,765,10,0.16,1927,1927,15,3677402,969.268,,0,0,4114480,0,,,,,
Instances/Instances 3/fl3795_04.gt,3794,100.0,86400.0,PTVRP_LAYERED_CONT,1376200.0,532,7,0.0915,966,966,11,1832782,483.074,,0,0,2507239,0,,,,,
Instances/Instances 3/fl3795_05.gt,3794,200.0,86400.0,PTVRP_LAYERED_CONT,705826.0,374,4,0.0514,484,484,7,916696,241.617,,0,0,1486989,0,,,,,
Instances/Instances 3/fl3795_06.gt,3794,500.0,86400.0,PTVRP_LAYERED_CONT,292507.0,192,2,0.0251,194,194,3,366828,96.6863,,0,0,692140,0,,,,,
Instances/Instances 3/fl3795_07.gt,3794,1000.0,86400.0,PTVRP_LAYERED_CONT,161600.0,101,2,0.0154,99,99,2,187935,49.5348,,0,0,384240,0,,,,,
Instances/Instances 3/fl3795_08.gt,3794,2000.0,86400.0,PTVRP_LAYERED_CONT,92177.0,51,1,0.0097,48,48,1,93357,24.6065,,0,0,201235,0,,,,,
Instances/Instances 3/fl3795_09.gt,3794,5000.0,86400.0,PTVRP_LAYERED_CONT,52383.0,21,1,0.0069,20,20,1,38640,10.1845,,0,0,80274,0,,,,,
Instances/Instances 3/fl3795_10.gt,3794,10000.0,86400.0,PTVRP_LAYERED_CONT,39795.0,12,1,0.0055,10,10,1,20301,5.35082,,0,0,35890,0,,,,,
Instances/Instances 3/fl417_01.gt,416,10.0,86400.0,PTVRP_LAYERED_CONT,2149449.0,170,30,0.0095,1098,1098,30,232133,558.012,,0,0,75668,0,,,,,
Instances/Instances 3/fl417_02.gt,416,20.0,86400.0,PTVRP_LAYERED_CONT,1003696.0,121,15,0.0073,512,512,18,104562,251.351,,0,0,64484,0,,,,,
Instances/Instances 3/fl417_03.gt,416,50.0,86400.0,PTVRP_LAYERED_CONT,439626.0,96,8,0.0051,221,221,9,45245,108.762,,0,0,46047,0,,,,,
Instances/Instances 3/fl417_04.gt,416,100.0,86400.0,PTVRP_LAYERED_CONT,214650.0,68,6,0.0039,104,104,7,22096,53.1154,,0,0,28010,0,,,,,
Instances/Instances 3/fl417_05.gt,416,200.0,86400.0,PTVRP_LAYERED_CONT,118812.0,49,3,0.0033,56,56,3,11620,27.9327,,0,0,15090,0,,,,,
Instances/Instances 3/fl417_06.gt,416,500.0,86400.0,PTVRP_LAYERED_CONT,51657.0,23,1,0.003,22,22,3,4582,11.0144,,0,0,2879,0,,,,,
Instances/Instances 3/fl417_07.gt,416,1000.0,86400.0,PTVRP_LAYERED_CONT,32593.0,13,1,0.0025,12,12,2,2545,6.11779,,0,0,691,0,,,,,
Instances/Instances 3/fl417_08.gt,416,2000.0,86400.0,PTVRP_LAYERED_CONT,21512.0,6,1,0.0025,6,6,1,1346,3.23558,,0,0,0,0,,,,,
Instances/Instances 3/fl417_09.gt,416,5000.0,86400.0,PTVRP_LAYERED_CONT,14735.0,3,1,0.0025,3,3,1,664,1.59615,,0,0,0,0,,,,,
Instances/Instances 3/fl417_10.gt,416,10000.0,86400.0,PTVRP_LAYERED_CONT,13776.0,2,1,0.0024,2,2,1,461,1.10817,,0,0,0,0,,,,,
Instances/Instances 3/fnl4461_01.gt,4460,10.0,86400.0,PTVRP_LAYERED_CONT,33285849.0,2075,20,0.7225,11597,11597,22,25900672,5807.33,,0,0,9144595,0,,,,,
Instances/Instances 3/fnl4461_02.gt,4460,20.0,86400.0,PTVRP_LAYERED_CONT,16797639.0,1541,13,0.4288,5748,5748,15,12917509,2896.3,,0,0,8158429,0,,,,,
Instances/Instances 3/fnl4461_03.gt,4460,50.0,86400.0,PTVRP_LAYERED_CONT,6933757.0,1221,8,0.2098,2302,2302,8,5104626,1144.53,,0,0,5393074,0,,,,,
Instances/Instances 3/fnl4461_04.gt,4460,100.0,86400.0,PTVRP_LAYERED_CONT,3558776.0,820,5,0.1111,1159,1159,6,2586138,579.852,,0,0,2932862,0,,,,,
Instances/Instances 3/fnl4461_05.gt,4460,200.0,86400.0,PTVRP_LAYERED_CONT,1798753.0,545,2,0.0627,564,564,3,1252335,280.793,,0,0,1445562,0,,,,,
Instances/Instances 3/fnl4461_06.gt,4460,500.0,86400.0,PTVRP_LAYERED_CONT,814997.0,239,2,0.0298,230,230,2,514319,115.318,,0,0,568893,0,,,,,
Instances/Instances 3/fnl4461_07.gt,4460,1000.0,86400.0,PTVRP_LAYERED_CONT,487873.0,118,1,0.0178,114,114,1,255454,57.2767,,0,0,278523,0,,,,,
Instances/Instances 3/fnl4461_08.gt,4460,2000.0,86400.0,PTVRP_LAYERED_CONT,328389.0,59,1,0.0118,57,57,1,128253,28.7563,,0,0,136714,0,,,,,
Instances/Instances 3/fnl4461_09.gt,4460,5000.0,86400.0,PTVRP_LAYERED_CONT,234775.0,26,1,0.0081,23,23,1,52674,11.8103,,0,0,56617,0,,,,,
Instances/Instances 3/fnl4461_10.gt,4460,10000.0,86400.0,PTVRP_LAYERED_CONT,206588.0,13,1,0.0065,12,12,1,27585,6.18498,,0,0,33042,0,,,,,
Instances/Instances 3/gil262_01.gt,261,10.0,86400.0,PTVRP_LAYERED_CONT,112367.0,174,11,0.0064,693,693,12,92897,355.927,,0,0,20345,0,,,,,
Instances/Instances 3/gil262_02.gt,261,20.0,86400.0,PTVRP_LAYERED_CONT,55593.0,139,7,0.0052,320,320,8,44175,169.253,,0,0,14190,0,,,,,
Instances/Instances 3/gil262_03.gt,261,50.0,86400.0,PTVRP_LAYERED_CONT,23607.0,100,4,0.0041,133,133,4,17226,66.0,,0,0,5025,0,,,,,
Instances/Instances 3/gil262_04.gt,261,100.0,86400.0,PTVRP_LAYERED_CONT,13102.0,66,2,0.0035,68,68,2,8986,34.4291,,0,0,1059,0,,,,,
Instances/Instances 3/gil262_05.gt,261,200.0,86400.0,PTVRP_LAYERED_CONT,7750.0,37,2,0.003,36,36,2,4818,18.4598,,0,0,8,0,,,,,
Instances/Instances 3/gil262_06.gt,261,500.0,86400.0,PTVRP_LAYERED_CONT,4142.0,14,1,0.0026,13,13,1,1770,6.78161,,0,0,0,0,,,,,
Instances/Instances 3/gil262_07.gt,261,1000.0,86400.0,PTVRP_LAYERED_CONT,3337.0,8,1,0.0027,7,7,1,1017,3.89655,,0,0,0,0,,,,,
Instances/Instances 3/gil262_08.gt,261,2000.0,86400.0,PTVRP_LAYERED_CONT,2843.0,4,1,0.0024,4,4,1,578,2.21456,,0,0,0,0,,,,,
Instances/Instances 3/gil262_09.gt,261,5000.0,86400.0,PTVRP_LAYERED_CONT,2695.0,2,1,0.0023,2,2,1,321,1.22989,,0,0,0,0,,,,,
Instances/Instances 3/gil262_10.gt,261,10000.0,86400.0,PTVRP_LAYERED_CONT,2645.0,1,1,0.0023,1,1,1,261,1.0,,0,0,0,0,,,,,
Instances/Instances 3/gr9882_01.gt,9881,10.0,86400.0,PTVRP_LAYERED_CONT,110435208.0,4235,24,3.8542,25180,25180,25,124237211,12573.3,,0,0,44606315,0,,,,,
Instances/Instances 3/gr9882_02.gt,9881,20.0,86400.0,PTVRP_LAYERED_CONT,55512558.0,2947,17,2.2188,12558,12558,19,62081088,6282.88,,0,0,39857756,0,,,,,
Instances/Instances 3/gr9882_03.gt,9881,50.0,86400.0,PTVRP_LAYERED_CONT,22433983.0,2136,10,1.0114,5033,5033,13,25081253,2538.33,,0,0,26738608,0,,,,,
Instances/Instances 3/gr9882_04.gt,9881,100.0,86400.0,PTVRP_LAYERED_CONT,11535214.0,1501,6,0.5099,2527,2527,8,12478688,1262.9,,0,0,14472281,0,,,,,
Instances/Instances 3/gr9882_05.gt,9881,200.0,86400.0,PTVRP_LAYERED_CONT,5843012.0,1063,4,0.2688,1258,1258,7,6208639,628.341,,1,0,7391455,0,,,,,
Instances/Instances 3/gr9882_06.gt,9881,500.0,86400.0,PTVRP_LAYERED_CONT,2461167.0,510,2,0.115,501,501,3,2475426,250.524,,0,0,2939249,0,,,,,
Instances/Instances 3/gr9882_07.gt,9881,1000.0,86400.0,PTVRP_LAYERED_CONT,1387089.0,264,1,0.0641,256,256,3,1269652,128.494,,0,0,1466251,0,,,,,
Instances/Instances 3/gr9882_08.gt,9881,2000.0,86400.0,PTVRP_LAYERED_CONT,824776.0,129,1,0.0367,126,126,2,627264,63.4818,,0,0,714245,0,,,,,
Instances/Instances 3/gr9882_09.gt,9881,5000.0,86400.0,PTVRP_LAYERED_CONT,504524.0,53,1,0.0205,51,51,1,256340,25.9427,,0,0,288802,0,,,,,
Instances/Instances 3/gr9882_10.gt,9881,10000.0,86400.0,PTVRP_LAYERED_CONT,396637.0,27,1,0.0148,26,26,1,128913,13.0466,,0,0,150648,0,,,,,
Instances/Instances 3/ho14473_01.gt,14472,10.0,86400.0,PTVRP_LAYERED_CONT,81424388.0,5014,48,9.1439,36735,36735,57,266253579,18397.8,,0,0,98931887,0,,,,,
Instances/Instances 3/ho14473_02.gt,14472,20.0,86400.0,PTVRP_LAYERED_CONT,41547285.0,3634,30,5.2744,18578,18578,36,134193760,9272.65,,0,0,93491639,0,,,,,
Instances/Instances 3/ho14473_03.gt,14472,50.0,86400.0,PTVRP_LAYERED_CONT,16757738.0,2647,16,2.7614,7397,7397,19,53699131,3710.55,,0,0,74302281,0,,,,,
Instances/Instances 3/ho14473_04.gt,14472,100.0,86400.0,PTVRP_LAYERED_CONT,8464073.0,1967,8,1.5163,3681,3681,10,26680916,1843.62,,0,0,49195452,0,,,,,
Instances/Instances 3/ho14473_05.gt,14472,200.0,86400.0,PTVRP_LAYERED_CONT,4340861.0,1475,5,0.7726,1848,1848,6,13306595,919.472,,0,0,27755411,0,,,,,
Instances/Instances 3/ho14473_06.gt,14472,500.0,86400.0,PTVRP_LAYERED_CONT,1817829.0,739,2,0.3185,742,742,4,5382789,371.945,,0,0,11288628,0,,,,,
Instances/Instances 3/ho14473_07.gt,14472,1000.0,86400.0,PTVRP_LAYERED_CONT,975379.0,378,1,0.1631,368,368,2,2680315,185.207,,0,0,5204889,0,,,,,
Instances/Instances 3/ho14473_08.gt,14472,2000.0,86400.0,PTVRP_LAYERED_CONT,571305.0,191,1,0.0885,186,186,1,1337029,92.3873,,0,0,2473931,0,,,,,
Instances/Instances 3/ho14473_09.gt,14472,5000.0,86400.0,PTVRP_LAYERED_CONT,327973.0,76,1,0.0419,74,74,1,535807,37.0237,,0,0,855898,0,,,,,
Instances/Instances 3/ho14473_10.gt,14472,10000.0,86400.0,PTVRP_LAYERED_CONT,248946.0,40,1,0.0269,37,37,1,271350,18.75,,0,0,411054,0,,,,,
Instances/Instances 3/it16862_01.gt,16861,10.0,86400.0,PTVRP_LAYERED_CONT,275184989.0,8151,26,12.2924,43433,43433,28,367571005,21800.1,,0,0,130445799,0,,,,,
Instances/Instances 3/it16862_02.gt,16861,20.0,86400.0,PTVRP_LAYERED_CONT,135413716.0,5132,18,7.0934,21551,21551,18,181317145,10753.6,,0,0,116680629,0,,,,,
Instances/Instances 3/it16862_03.gt,16861,50.0,86400.0,PTVRP_LAYERED_CONT,55071556.0,3436,10,3.2631,8686,8686,13,73296511,4347.1,,0,0,78196678,0,,,,,
Instances/Instances 3/it16862_04.gt,16861,100.0,86400.0,PTVRP_LAYERED_CONT,27421558.0,2385,7,1.5195,4276,4276,7,36163956,2144.83,,0,0,41987159,0,,,,,
Instances/Instances 3/it16862_05.gt,16861,200.0,86400.0,PTVRP_LAYERED_CONT,14031721.0,1756,4,0.7704,2151,2151,5,18152341,1076.59,,0,0,22009674,0,,,,,
Instances/Instances 3/it16862_06.gt,16861,500.0,86400.0,PTVRP_LAYERED_CONT,5864106.0,868,2,0.3207,861,861,3,7271519,431.263,,0,0,8910715,0,,,,,
Instances/Instances 3/it16862_07.gt,16861,1000.0,86400.0,PTVRP_LAYERED_CONT,3160788.0,437,2,0.1725,428,428,2,3620401,214.72,,0,0,4376451,0,,,,,
Instances/Instances 3/it16862_08.gt,16861,2000.0,86400.0,PTVRP_LAYERED_CONT,1837954.0,219,1,0.0925,215,215,2,1818598,107.858,,0,0,2189400,0,,,,,
Instances/Instances 3/it16862_09.gt,16861,5000.0,86400.0,PTVRP_LAYERED_CONT,1066950.0,90,1,0.0475,87,87,1,734307,43.5506,,0,0,892809,0,,,,,
Instances/Instances 3/it16862_10.gt,16861,10000.0,86400.0,PTVRP_LAYERED_CONT,797995.0,46,1,0.0313,43,43,1,370531,21.9756,,0,0,480243,0,,,,,
Instances/Instances 3/ja9847_01.gt,9846,10.0,86400.0,PTVRP_LAYERED_CONT,NO SOLUTION,,,2.7142,25088,25088,0,123393079,12532.3,,0,0,9846,0,,,,,
Instances/Instances 3/ja9847_02.gt,9846,20.0,86400.0,PTVRP_LAYERED_CONT,NO SOLUTION,,,1.6307,12430,12430,2,61121650,6207.76,,0,0,81528,0,,,,,
Instances/Instances 3/ja9847_03.gt,9846,50.0,86400.0,PTVRP_LAYERED_CONT,55218627.0,2281,12,1.0455,4978,4978,12,24546712,2493.06,,0,0,27279626,0,,,,,
Instances/Instances 3/ja9847_04.gt,9846,100.0,86400.0,PTVRP_LAYERED_CONT,27981221.0,1425,6,0.5536,2529,2529,8,12460956,1265.59,,0,0,16055730,0,,,,,
Instances/Instances 3/ja9847_05.gt,9846,200.0,86400.0,PTVRP_LAYERED_CONT,13881495.0,963,4,0.2826,1243,1243,5,6129237,622.51,,0,0,8643670,0,,,,,
Instances/Instances 3/ja9847_06.gt,9846,500.0,86400.0,PTVRP_LAYERED_CONT,5797883.0,487,3,0.1213,501,501,3,2476103,251.483,,0,0,3789769,0,,,,,
Instances/Instances 3/ja9847_07.gt,9846,1000.0,86400.0,PTVRP_LAYERED_CONT,3117902.0,257,1,0.0669,251,251,3,1239743,125.913,,0,0,1905003,0,,,,,
Instances/Instances 3/ja9847_08.gt,9846,2000.0,86400.0,PTVRP_LAYERED_CONT,1775675.0,128,1,0.0383,126,126,2,623560,63.3313,,0,0,984249,0,,,,,
Instances/Instances 3/ja9847_09.gt,9846,5000.0,86400.0,PTVRP_LAYERED_CONT,1011632.0,54,1,0.0225,51,51,1,255723,25.9723,,0,0,417774,0,,,,,
Instances/Instances 3/ja9847_10.gt,9846,10000.0,86400.0,PTVRP_LAYERED_CONT,752747.0,27,1,0.0152,26,26,1,128163,13.0168,,0,0,217797,0,,,,,
Instances/Instances 3/kroA100_01.gt,99,10.0,86400.0,PTVRP_LAYERED_CONT,701399.0,67,9,0.0031,242,242,9,11118,112.303,,0,0,3712,0,,,,,
Instances/Instances 3/kroA100_02.gt,99,20.0,86400.0,PTVRP_LAYERED_CONT,351799.0,49,6,0.0029,120,120,6,5865,59.2424,,0,0,2866,0,,,,,
Instances/Instances 3/kroA100_03.gt,99,50.0,86400.0,PTVRP_LAYERED_CONT,159715.0,46,3,0.0026,51,51,4,2578,26.0404,,0,0,1719,0,,,,,
Instances/Instances 3/kroA100_04.gt,99,100.0,86400.0,PTVRP_LAYERED_CONT,82549.0,27,2,0.0024,24,24,2,1187,11.9899,,0,0,623,0,,,,,
Instances/Instances 3/kroA100_05.gt,99,200.0,86400.0,PTVRP_LAYERED_CONT,52117.0,14,1,0.0023,13,13,1,672,6.78788,,0,0,205,0,,,,,
Instances/Instances 3/kroA100_06.gt,99,500.0,86400.0,PTVRP_LAYERED_CONT,31389.0,5,1,0.0022,5,5,1,270,2.72727,,0,0,8,0,,,,,
Instances/Instances 3/kroA100_07.gt,99,1000.0,86400.0,PTVRP_LAYERED_CONT,25111.0,4,1,0.0023,3,3,1,164,1.65657,,0,0,0,0,,,,,
Instances/Instances 3/kroA100_08.gt,99,2000.0,86400.0,PTVRP_LAYERED_CONT,23670.0,2,1,0.0023,2,2,1,116,1.17172,,0,0,0,0,,,,,
Instances/Instances 3/kroA100_09.gt,99,5000.0,86400.0,PTVRP_LAYERED_CONT,22624.0,1,1,0.0022,1,1,1,99,1.0,,0,0,0,0,,,,,
Instances/Instances 3/kroA100_10.gt,99,10000.0,86400.0,PTVRP_LAYERED_CONT,22624.0,1,1,0.0021,1,1,1,99,1.0,,0,0,0,0,,,,,
Instances/Instances 3/kroA150_01.gt,149,10.0,86400.0,PTVRP_LAYERED_CONT,1048872.0,89,12,0.0036,369,369,12,27957,187.631,,0,0,9236,0,,,,,
Instances/Instances 3/kroA150_02.gt,149,20.0,86400.0,PTVRP_LAYERED_CONT,531749.0,77,7,0.0035,186,186,7,13643,91.5638,,0,0,7610,0,,,,,
Instances/Instances 3/kroA150_03.gt,149,50.0,86400.0,PTVRP_LAYERED_CONT,216607.0,64,3,0.0028,70,70,4,5404,36.2685,,0,0,4818,0,,,,,
Instances/Instances 3/kroA150_04.gt,149,100.0,86400.0,PTVRP_LAYERED_CONT,122973.0,37,2,0.0025,35,35,3,2712,18.2013,,0,0,2474,0,,,,,
Instances/Instances 3/kroA150_05.gt,149,200.0,86400.0,PTVRP_LAYERED_CONT,67491.0,19,1,0.0024,18,18,1,1322,8.87248,,0,0,819,0,,,,,
Instances/Instances 3/kroA150_06.gt,149,500.0,86400.0,PTVRP_LAYERED_CONT,41974.0,9,1,0.0024,8,8,1,646,4.33557,,0,0,245,0,,,,,
Instances/Instances 3/kroA150_07.gt,149,1000.0,86400.0,PTVRP_LAYERED_CONT,34529.0,5,1,0.0022,4,4,1,384,2.57718,,0,0,110,0,,,,,
Instances/Instances 3/kroA150_08.gt,149,2000.0,86400.0,PTVRP_LAYERED_CONT,29219.0,3,1,0.0023,2,2,1,227,1.52349,,0,0,0,0,,,,,
Instances/Instances 3/kroA150_09.gt,149,5000.0,86400.0,PTVRP_LAYERED_CONT,27630.0,1,1,0.0022,1,1,1,149,1.0,,0,0,0,0,,,,,
Instances/Instances 3/kroA150_10.gt,149,10000.0,86400.0,PTVRP_LAYERED_CONT,27630.0,1,1,0.0022,1,1,1,149,1.0,,0,0,0,0,,,,,
Instances/Instances 3/kroA200_01.gt,199,10.0,86400.0,PTVRP_LAYERED_CONT,1419120.0,126,13,0.0044,513,513,13,52198,262.302,,0,0,17240,0,,,,,
Instances/Instances 3/kroA200_02.gt,199,20.0,86400.0,PTVRP_LAYERED_CONT,682026.0,91,6,0.0037,241,241,7,24065,120.93,,0,0,14179,0,,,,,
Instances/Instances 3/kroA200_03.gt,199,50.0,86400.0,PTVRP_LAYERED_CONT,317596.0,81,4,0.0032,105,105,5,10479,52.6583,,0,0,9723,0,,,,,
Instances/Instances 3/kroA200_04.gt,199,100.0,86400.0,PTVRP_LAYERED_CONT,178481.0,59,2,0.0028,54,54,3,5511,27.6935,,0,0,5292,0,,,,,
Instances/Instances 3/kroA200_05.gt,199,200.0,86400.0,PTVRP_LAYERED_CONT,87357.0,27,1,0.0028,24,24,2,2318,11.6482,,0,0,1662,0,,,,,
Instances/Instances 3/kroA200_06.gt,199,500.0,86400.0,PTVRP_LAYERED_CONT,53071.0,11,1,0.0024,11,11,1,1071,5.38191,,0,0,495,0,,,,,
Instances/Instances 3/kroA200_07.gt,199,1000.0,86400.0,PTVRP_LAYERED_CONT,40471.0,6,1,0.0024,6,6,1,649,3.26131,,0,0,121,0,,,,,
Instances/Instances 3/kroA200_08.gt,199,2000.0,86400.0,PTVRP_LAYERED_CONT,33296.0,3,1,0.0023,3,3,1,353,1.77387,,0,0,0,0,,,,,
Instances/Instances 3/kroA200_09.gt,199,5000.0,86400.0,PTVRP_LAYERED_CONT,30902.0,1,1,0.0023,1,1,1,199,1.0,,0,0,0,0,,,,,
Instances/Instances 3/kroA200_10.gt,199,10000.0,86400.0,PTVRP_LAYERED_CONT,30902.0,1,1,0.0023,1,1,1,199,1.0,,0,0,0,0,,,,,
Instances/Instances 3/kroB100_01.gt,99,10.0,86400.0,PTVRP_LAYERED_CONT,715686.0,67,10,0.003,264,264,11,13486,136.222,,0,0,4107,0,,,,,
Instances/Instances 3/kroB100_02.gt,99,20.0,86400.0,PTVRP_LAYERED_CONT,361631.0,53,6,0.0027,125,125,6,6301,63.6465,,0,0,3271,0,,,,,
Instances/Instances 3/kroB100_03.gt,99,50.0,86400.0,PTVRP_LAYERED_CONT,143168.0,41,3,0.0025,47,47,3,2456,24.8081,,0,0,1748,0,,,,,
Instances/Instances 3/kroB100_04.gt,99,100.0,86400.0,PTVRP_LAYERED_CONT,85698.0,27,2,0.0025,25,25,2,1291,13.0404,,0,0,713,0,,,,,
Instances/Instances 3/kroB100_05.gt,99,200.0,86400.0,PTVRP_LAYERED_CONT,55051.0,15,1,0.0022,14,14,1,719,7.26263,,0,0,271,0,,,,,
Instances/Instances 3/kroB100_06.gt,99,500.0,86400.0,PTVRP_LAYERED_CONT,32940.0,6,1,0.0026,6,6,1,296,2.9899,,0,0,31,0,,,,,
Instances/Instances 3/kroB100_07.gt,99,1000.0,86400.0,PTVRP_LAYERED_CONT,26294.0,4,1,0.0025,3,3,1,194,1.9596,,0,0,0,0,,,,,
Instances/Instances 3/kroB100_08.gt,99,2000.0,86400.0,PTVRP_LAYERED_CONT,24490.0,2,1,0.0023,2,2,1,119,1.20202,,0,0,0,0,,,,,
Instances/Instances 3/kroB100_09.gt,99,5000.0,86400.0,PTVRP_LAYERED_CONT,24472.0,1,1,0.0022,1,1,1,99,1.0,,0,0,0,0,,,,,
Instances/Instances 3/kroB100_10.gt,99,10000.0,86400.0,PTVRP_LAYERED_CONT,24472.0,1,1,0.0022,1,1,1,99,1.0,,0,0,0,0,,,,,
Instances/Instances 3/kroB150_01.gt,149,10.0,86400.0,PTVRP_LAYERED_CONT,1104436.0,98,12,0.0037,394,394,12,29807,200.047,,0,0,9551,0,,,,,
Instances/Instances 3/kroB150_02.gt,149,20.0,86400.0,PTVRP_LAYERED_CONT,547594.0,66,8,0.0033,177,177,8,14069,94.4228,,0,0,7847,0,,,,,
Instances/Instances 3/kroB150_03.gt,149,50.0,86400.0,PTVRP_LAYERED_CONT,252520.0,67,4,0.003,80,80,4,5856,39.302,,0,0,5021,0,,,,,
Instances/Instances 3/kroB150_04.gt,149,100.0,86400.0,PTVRP_LAYERED_CONT,129944.0,35,3,0.0026,38,38,3,2742,18.4027,,0,0,2158,0,,,,,
Instances/Instances 3/kroB150_05.gt,149,200.0,86400.0,PTVRP_LAYERED_CONT,80467.0,23,1,0.0026,21,21,2,1620,10.8725,,0,0,1033,0,,,,,
Instances/Instances 3/kroB150_06.gt,149,500.0,86400.0,PTVRP_LAYERED_CONT,40856.0,8,1,0.0023,7,7,1,574,3.85235,,0,0,156,0,,,,,
Instances/Instances 3/kroB150_07.gt,149,1000.0,86400.0,PTVRP_LAYERED_CONT,33971.0,5,1,0.0023,4,4,1,361,2.42282,,0,0,48,0,,,,,
Instances/Instances 3/kroB150_08.gt,149,2000.0,86400.0,PTVRP_LAYERED_CONT,28852.0,2,1,0.0022,2,2,1,221,1.48322,,0,0,0,0,,,,,
Instances/Instances 3/kroB150_09.gt,149,5000.0,86400.0,PTVRP_LAYERED_CONT,27979.0,1,1,0.0022,1,1,1,149,1.0,,0,0,0,0,,,,,
Instances/Instances 3/kroB150_10.gt,149,10000.0,86400.0,PTVRP_LAYERED_CONT,27979.0,1,1,0.0023,1,1,1,149,1.0,,0,0,0,0,,,,,
Instances/Instances 3/kroB200_01.gt,199,10.0,86400.0,PTVRP_LAYERED_CONT,1382288.0,129,14,0.0045,506,506,14,50108,251.799,,0,0,16916,0,,,,,
Instances/Instances 3/kroB200_02.gt,199,20.0,86400.0,PTVRP_LAYERED_CONT,674226.0,100,6,0.004,249,249,8,25815,129.724,,0,0,14569,0,,,,,
Instances/Instances 3/kroB200_03.gt,199,50.0,86400.0,PTVRP_LAYERED_CONT,320833.0,93,4,0.0031,111,111,5,11148,56.0201,,0,0,9714,0,,,,,
Instances/Instances 3/kroB200_04.gt,199,100.0,86400.0,PTVRP_LAYERED_CONT,161234.0,52,2,0.0028,52,52,2,5291,26.5879,,0,0,4581,0,,,,,
Instances/Instances 3/kroB200_05.gt,199,200.0,86400.0,PTVRP_LAYERED_CONT,92715.0,30,1,0.0025,27,27,2,2838,14.2613,,0,0,1996,0,,,,,
Instances/Instances 3/kroB200_06.gt,199,500.0,86400.0,PTVRP_LAYERED_CONT,53980.0,13,1,0.0024,11,11,1,1143,5.74372,,0,0,502,0,,,,,
Instances/Instances 3/kroB200_07.gt,199,1000.0,86400.0,PTVRP_LAYERED_CONT,41003.0,6,1,0.0024,6,6,1,614,3.08543,,0,0,74,0,,,,,
Instances/Instances 3/kroB200_08.gt,199,2000.0,86400.0,PTVRP_LAYERED_CONT,34301.0,4,1,0.0023,3,3,1,359,1.80402,,0,0,0,0,,,,,
Instances/Instances 3/kroB200_09.gt,199,5000.0,86400.0,PTVRP_LAYERED_CONT,31786.0,2,1,0.0023,2,2,1,218,1.09548,,0,0,0,0,,,,,
Instances/Instances 3/kroB200_10.gt,199,10000.0,86400.0,PTVRP_LAYERED_CONT,31768.0,1,1,0.0022,1,1,1,199,1.0,,0,0,0,0,,,,,
Instances/Instances 3/kroC100_01.gt,99,10.0,86400.0,PTVRP_LAYERED_CONT,729741.0,60,12,0.0029,257,257,12,12511,126.374,,0,0,3880,0,,,,,
Instances/Instances 3/kroC100_02.gt,99,20.0,86400.0,PTVRP_LAYERED_CONT,371907.0,50,6,0.0027,123,123,6,6131,61.9293,,0,0,3286,0,,,,,
Instances/Instances 3/kroC100_03.gt,99,50.0,86400.0,PTVRP_LAYERED_CONT,155822.0,45,3,0.0026,49,49,3,2465,24.899,,0,0,1802,0,,,,,
Instances/Instances 3/kroC100_04.gt,99,100.0,86400.0,PTVRP_LAYERED_CONT,90678.0,28,2,0.0024,26,26,2,1288,13.0101,,0,0,796,0,,,,,
Instances/Instances 3/kroC100_05.gt,99,200.0,86400.0,PTVRP_LAYERED_CONT,59289.0,17,1,0.0023,15,15,2,776,7.83838,,0,0,366,0,,,,,
Instances/Instances 3/kroC100_06.gt,99,500.0,86400.0,PTVRP_LAYERED_CONT,32663.0,6,1,0.0022,6,6,1,315,3.18182,,0,0,42,0,,,,,
Instances/Instances 3/kroC100_07.gt,99,1000.0,86400.0,PTVRP_LAYERED_CONT,26061.0,4,1,0.0022,3,3,1,180,1.81818,,0,0,0,0,,,,,
Instances/Instances 3/kroC100_08.gt,99,2000.0,86400.0,PTVRP_LAYERED_CONT,23764.0,2,1,0.0022,2,2,1,121,1.22222,,0,0,0,0,,,,,
Instances/Instances 3/kroC100_09.gt,99,5000.0,86400.0,PTVRP_LAYERED_CONT,22713.0,1,1,0.0022,1,1,1,99,1.0,,0,0,0,0,,,,,
Instances/Instances 3/kroC100_10.gt,99,10000.0,86400.0,PTVRP_LAYERED_CONT,22713.0,1,1,0.0025,1,1,1,99,1.0,,0,0,0,0,,,,,
Instances/Instances 3/kroD100_01.gt,99,10.0,86400.0,PTVRP_LAYERED_CONT,653242.0,66,9,0.0029,255,255,9,12792,129.212,,0,0,3922,0,,,,,
Instances/Instances 3/kroD100_02.gt,99,20.0,86400.0,PTVRP_LAYERED_CONT,345002.0,51,5,0.0026,124,124,5,6367,64.3131,,0,0,3128,0,,,,,
Instances/Instances 3/kroD100_03.gt,99,50.0,86400.0,PTVRP_LAYERED_CONT,150778.0,41,3,0.0024,48,48,4,2357,23.8081,,0,0,1633,0,,,,,
Instances/Instances 3/kroD100_04.gt,99,100.0,86400.0,PTVRP_LAYERED_CONT,80842.0,30,1,0.0024,26,26,2,1408,14.2222,,0,0,777,0,,,,,
Instances/Instances 3/kroD100_05.gt,99,200.0,86400.0,PTVRP_LAYERED_CONT,55500.0,16,1,0.0023,15,15,1,752,7.59596,,0,0,271,0,,,,,
Instances/Instances 3/kroD100_06.gt,99,500.0,86400.0,PTVRP_LAYERED_CONT,32259.0,7,1,0.0022,6,6,1,322,3.25253,,0,0,47,0,,,,,
Instances/Instances 3/kroD100_07.gt,99,1000.0,86400.0,PTVRP_LAYERED_CONT,25441.0,4,1,0.0023,3,3,1,180,1.81818,,0,0,0,0,,,,,
Instances/Instances 3/kroD100_08.gt,99,2000.0,86400.0,PTVRP_LAYERED_CONT,23833.0,2,1,0.0022,2,2,1,123,1.24242,,0,0,0,0,,,,,
Instances/Instances 3/kroD100_09.gt,99,5000.0,86400.0,PTVRP_LAYERED_CONT,23792.0,1,1,0.0022,1,1,1,99,1.0,,0,0,0,0,,,,,
Instances/Instances 3/kroD100_10.gt,99,10000.0,86400.0,PTVRP_LAYERED_CONT,23792.0,1,1,0.0022,1,1,1,99,1.0,,0,0,0,0,,,,,
Instances/Instances 3/kroE100_01.gt,99,10.0,86400.0,PTVRP_LAYERED_CONT,699690.0,62,11,0.0031,256,256,11,13695,138.333,,0,0,4072,0,,,,,
Instances/Instances 3/kroE100_02.gt,99,20.0,86400.0,PTVRP_LAYERED_CONT,383437.0,56,6,0.0027,124,124,6,5884,59.4343,,0,0,3164,0,,,,,
Instances/Instances 3/kroE100_03.gt,99,50.0,86400.0,PTVRP_LAYERED_CONT,156593.0,40,3,0.0025,49,49,3,2453,24.7778,,0,0,1807,0,,,,,
Instances/Instances 3/kroE100_04.gt,99,100.0,86400.0,PTVRP_LAYERED_CONT,90282.0,29,2,0.0023,26,26,2,1276,12.8889,,0,0,823,0,,,,,
Instances/Instances 3/kroE100_05.gt,99,200.0,86400.0,PTVRP_LAYERED_CONT,58408.0,17,1,0.0027,15,15,1,769,7.76768,,0,0,388,0,,,,,
Instances/Instances 3/kroE100_06.gt,99,500.0,86400.0,PTVRP_LAYERED_CONT,33882.0,7,1,0.0023,6,6,1,318,3.21212,,0,0,41,0,,,,,
Instances/Instances 3/kroE100_07.gt,99,1000.0,86400.0,PTVRP_LAYERED_CONT,25429.0,3,1,0.0022,3,3,1,178,1.79798,,0,0,0,0,,,,,
Instances/Instances 3/kroE100_08.gt,99,2000.0,86400.0,PTVRP_LAYERED_CONT,25287.0,2,1,0.0021,2,2,1,124,1.25253,,0,0,0,0,,,,,
Instances/Instances 3/kroE100_09.gt,99,5000.0,86400.0,PTVRP_LAYERED_CONT,24552.0,1,1,0.0021,1,1,1,99,1.0,,0,0,0,0,,,,,
Instances/Instances 3/kroE100_10.gt,99,10000.0,86400.0,PTVRP_LAYERED_CONT,24552.0,1,1,0.0022,1,1,1,99,1.0,,0,0,0,0,,,,,
Instances/Instances 3/kz9976_01.gt,9975,10.0,86400.0,PTVRP_LAYERED_CONT,NO SOLUTION,,,2.81,25244,25244,0,126783722,12710.1,,0,0,9975,0,,,,,
Instances/Instances 3/kz9976_02.gt,9975,20.0,86400.0,PTVRP_LAYERED_CONT,NO SOLUTION,,,1.808,12672,12672,12,62859600,6301.71,,0,0,8686155,0,,,,,
Instances/Instances 3/kz9976_03.gt,9975,50.0,86400.0,PTVRP_LAYERED_CONT,112279617.0,3259,8,1.0818,5118,5118,9,25553534,2561.76,,0,0,28189793,0,,,,,
Instances/Instances 3/kz9976_04.gt,9975,100.0,86400.0,PTVRP_LAYERED_CONT,53535869.0,1698,5,0.5395,2530,2530,6,12572759,1260.43,,0,0,15630009,0,,,,,
Instances/Instances 3/kz9976_05.gt,9975,200.0,86400.0,PTVRP_LAYERED_CONT,27446897.0,1052,4,0.2908,1289,1289,4,6475954,649.218,,0,0,8955840,0,,,,,
Instances/Instances 3/kz9976_06.gt,9975,500.0,86400.0,PTVRP_LAYERED_CONT,11297928.0,500,2,0.1241,506,506,3,2531690,253.804,,1,0,4000576,0,,,,,
Instances/Instances 3/kz9976_07.gt,9975,1000.0,86400.0,PTVRP_LAYERED_CONT,6099274.0,260,1,0.0686,254,254,2,1270924,127.411,,0,0,2171893,0,,,,,
Instances/Instances 3/kz9976_08.gt,9975,2000.0,86400.0,PTVRP_LAYERED_CONT,3537289.0,131,1,0.0399,127,127,1,641549,64.3157,,0,0,1248306,0,,,,,
Instances/Instances 3/kz9976_09.gt,9975,5000.0,86400.0,PTVRP_LAYERED_CONT,2030972.0,55,1,0.0218,52,52,1,260175,26.0827,,0,0,637178,0,,,,,
Instances/Instances 3/kz9976_10.gt,9975,10000.0,86400.0,PTVRP_LAYERED_CONT,1529484.0,28,1,0.0156,26,26,1,130704,13.1032,,0,0,311857,0,,,,,
Instances/Instances 3/lin105_01.gt,104,10.0,86400.0,PTVRP_LAYERED_CONT,487430.0,69,9,0.0035,272,272,10,14611,140.49,,0,0,4210,0,,,,,
Instances/Instances 3/lin105_02.gt,104,20.0,86400.0,PTVRP_LAYERED_CONT,270194.0,48,7,0.0028,137,137,7,6815,65.5288,,0,0,3218,0,,,,,
Instances/Instances 3/lin105_03.gt,104,50.0,86400.0,PTVRP_LAYERED_CONT,108787.0,40,4,0.0025,50,50,4,2649,25.4712,,0,0,1486,0,,,,,
Instances/Instances 3/lin105_04.gt,104,100.0,86400.0,PTVRP_LAYERED_CONT,61853.0,23,2,0.0024,26,26,2,1447,13.9135,,0,0,686,0,,,,,
Instances/Instances 3/lin105_05.gt,104,200.0,86400.0,PTVRP_LAYERED_CONT,32006.0,15,1,0.0023,13,13,1,716,6.88462,,0,0,164,0,,,,,
Instances/Instances 3/lin105_06.gt,104,500.0,86400.0,PTVRP_LAYERED_CONT,21595.0,6,1,0.0022,5,5,1,319,3.06731,,0,0,0,0,,,,,
Instances/Instances 3/lin105_07.gt,104,1000.0,86400.0,PTVRP_LAYERED_CONT,18091.0,3,1,0.0022,3,3,1,198,1.90385,,0,0,0,0,,,,,
Instances/Instances 3/lin105_08.gt,104,2000.0,86400.0,PTVRP_LAYERED_CONT,17033.0,2,1,0.0027,2,2,1,125,1.20192,,0,0,0,0,,,,,
Instances/Instances 3/lin105_09.gt,104,5000.0,86400.0,PTVRP_LAYERED_CONT,17033.0,2,1,0.0022,1,1,1,104,1.0,,0,0,0,0,,,,,
Instances/Instances 3/lin105_10.gt,104,10000.0,86400.0,PTVRP_LAYERED_CONT,17033.0,2,1,0.0022,1,1,1,104,1.0,,0,0,0,0,,,,,
Instances/Instances 3/lin318_01.gt,317,10.0,86400.0,PTVRP_LAYERED_CONT,2323080.0,183,14,0.0067,815,815,14,133082,419.817,,0,0,44768,0,,,,,
Instances/Instances 3/lin318_02.gt,317,20.0,86400.0,PTVRP_LAYERED_CONT,1140467.0,145,7,0.0052,374,374,10,59453,187.549,,0,0,36960,0,,,,,
Instances/Instances 3/lin318_03.gt,317,50.0,86400.0,PTVRP_LAYERED_CONT,521019.0,114,4,0.004,162,162,6,25834,81.4953,,0,0,24958,0,,,,,
Instances/Instances 3/lin318_04.gt,317,100.0,86400.0,PTVRP_LAYERED_CONT,264200.0,73,3,0.0033,77,77,3,12462,39.3123,,0,0,12805,0,,,,,
Instances/Instances 3/lin318_05.gt,317,200.0,86400.0,PTVRP_LAYERED_CONT,151682.0,47,1,0.0029,40,40,2,6482,20.4479,,0,0,6288,0,,,,,
Instances/Instances 3/lin318_06.gt,317,500.0,86400.0,PTVRP_LAYERED_CONT,83335.0,18,1,0.0027,16,16,1,2698,8.51104,,0,0,1923,0,,,,,
Instances/Instances 3/lin318_07.gt,317,1000.0,86400.0,PTVRP_LAYERED_CONT,59858.0,10,1,0.0025,8,8,1,1343,4.23659,,0,0,518,0,,,,,
Instances/Instances 3/lin318_08.gt,317,2000.0,86400.0,PTVRP_LAYERED_CONT,51479.0,6,1,0.0024,5,5,1,872,2.75079,,0,0,216,0,,,,,
Instances/Instances 3/lin318_09.gt,317,5000.0,86400.0,PTVRP_LAYERED_CONT,46049.0,2,1,0.0023,2,2,1,438,1.3817,,0,0,0,0,,,,,
Instances/Instances 3/lin318_10.gt,317,10000.0,86400.0,PTVRP_LAYERED_CONT,46049.0,2,1,0.0023,1,1,1,317,1.0,,0,0,0,0,,,,,
Instances/Instances 3/linhp318_01.gt,317,10.0,86400.0,PTVRP_LAYERED_CONT,2422886.0,190,13,0.0067,834,834,15,134756,425.098,,0,0,43611,0,,,,,
Instances/Instances 3/linhp318_02.gt,317,20.0,86400.0,PTVRP_LAYERED_CONT,1241823.0,142,9,0.0051,414,414,9,68856,217.211,,0,0,39673,0,,,,,
Instances/Instances 3/linhp318_03.gt,317,50.0,86400.0,PTVRP_LAYERED_CONT,539987.0,123,4,0.0039,170,170,5,27836,87.8107,,0,0,27071,0,,,,,
Instances/Instances 3/linhp318_04.gt,317,100.0,86400.0,PTVRP_LAYERED_CONT,273931.0,80,2,0.0033,80,80,3,12803,40.388,,0,0,13748,0,,,,,
Instances/Instances 3/linhp318_05.gt,317,200.0,86400.0,PTVRP_LAYERED_CONT,143469.0,42,1,0.0028,38,38,2,6209,19.5868,,0,0,6076,0,,,,,
Instances/Instances 3/linhp318_06.gt,317,500.0,86400.0,PTVRP_LAYERED_CONT,83044.0,20,1,0.0025,17,17,1,2743,8.653,,0,0,1987,0,,,,,
Instances/Instances 3/linhp318_07.gt,317,1000.0,86400.0,PTVRP_LAYERED_CONT,61428.0,10,1,0.0024,9,9,1,1476,4.65615,,0,0,681,0,,,,,
Instances/Instances 3/linhp318_08.gt,317,2000.0,86400.0,PTVRP_LAYERED_CONT,50329.0,5,1,0.0024,5,5,1,810,2.55521,,0,0,147,0,,,,,
Instances/Instances 3/linhp318_09.gt,317,5000.0,86400.0,PTVRP_LAYERED_CONT,46168.0,2,1,0.0023,2,2,1,430,1.35647,,0,0,0,0,,,,,
Instances/Instances 3/linhp318_10.gt,317,10000.0,86400.0,PTVRP_LAYERED_CONT,46168.0,2,1,0.0023,1,1,1,317,1.0,,0,0,0,0,,,,,
Instances/Instances 3/lu980_01.gt,979,10.0,86400.0,PTVRP_LAYERED_CONT,1238199.0,486,20,0.039,2580,2580,22,1274210,1301.54,,0,0,422462,0,,,,,
Instances/Instances 3/lu980_02.gt,979,20.0,86400.0,PTVRP_LAYERED_CONT,597749.0,366,15,0.0261,1211,1211,15,596513,609.308,,0,0,366169,0,,,,,
Instances/Instances 3/lu980_03.gt,979,50.0,86400.0,PTVRP_LAYERED_CONT,260096.0,291,6,0.0161,504,504,6,245409,250.673,,0,0,252076,0,,,,,
Instances/Instances 3/lu980_04.gt,979,100.0,86400.0,PTVRP_LAYERED_CONT,134615.0,197,3,0.0103,252,252,4,124216,126.88,,0,0,135377,0,,,,,
Instances/Instances 3/lu980_05.gt,979,200.0,86400.0,PTVRP_LAYERED_CONT,72181.0,128,3,0.0068,127,127,3,62120,63.4525,,0,0,58389,0,,,,,
Instances/Instances 3/lu980_06.gt,979,500.0,86400.0,PTVRP_LAYERED_CONT,33701.0,53,1,0.0042,50,50,1,25028,25.5649,,0,0,15890,0,,,,,
Instances/Instances 3/lu980_07.gt,979,1000.0,86400.0,PTVRP_LAYERED_CONT,22041.0,26,1,0.0034,25,25,1,12326,12.5904,,0,0,4116,0,,,,,
Instances/Instances 3/lu980_08.gt,979,2000.0,86400.0,PTVRP_LAYERED_CONT,16239.0,14,1,0.0031,13,13,1,6476,6.61491,,0,0,707,0,,,,,
Instances/Instances 3/lu980_09.gt,979,5000.0,86400.0,PTVRP_LAYERED_CONT,13197.0,6,1,0.003,6,6,1,2968,3.03166,,0,0,0,0,,,,,
Instances/Instances 3/lu980_10.gt,979,10000.0,86400.0,PTVRP_LAYERED_CONT,12225.0,3,1,0.0028,3,3,1,1735,1.77222,,0,0,0,0,,,,,
Instances/Instances 3/mo14185_01.gt,14184,10.0,86400.0,PTVRP_LAYERED_CONT,190178737.0,6239,24,8.3469,36310,36310,27,256306813,18070.1,,0,0,92157089,0,,,,,
Instances/Instances 3/mo14185_02.gt,14184,20.0,86400.0,PTVRP_LAYERED_CONT,94886942.0,3918,18,4.8818,18142,18142,19,128837311,9083.28,,0,0,82786908,0,,,,,
Instances/Instances 3/mo14185_03.gt,14184,50.0,86400.0,PTVRP_LAYERED_CONT,38265507.0,2878,12,2.2171,7211,7211,12,51120148,3604.07,,0,0,55180202,0,,,,,
Instances/Instances 3/mo14185_04.gt,14184,100.0,86400.0,PTVRP_LAYERED_CONT,19578291.0,1972,7,1.0635,3633,3633,9,25871746,1824.01,,0,0,30530966,0,,,,,
Instances/Instances 3/mo14185_05.gt,14184,200.0,86400.0,PTVRP_LAYERED_CONT,10007962.0,1444,4,0.5447,1823,1823,5,12993250,916.05,,0,0,16018772,0,,,,,
Instances/Instances 3/mo14185_06.gt,14184,500.0,86400.0,PTVRP_LAYERED_CONT,4167445.0,725,2,0.2283,723,723,3,5119896,360.963,,0,0,6355186,0,,,,,
Instances/Instances 3/mo14185_07.gt,14184,1000.0,86400.0,PTVRP_LAYERED_CONT,2278933.0,371,2,0.1219,364,364,3,2577732,181.735,,0,0,3115107,0,,,,,
Instances/Instances 3/mo14185_08.gt,14184,2000.0,86400.0,PTVRP_LAYERED_CONT,1338812.0,186,1,0.0692,182,182,2,1298820,91.5694,,0,0,1571292,0,,,,,
Instances/Instances 3/mo14185_09.gt,14184,5000.0,86400.0,PTVRP_LAYERED_CONT,783172.0,77,1,0.0351,73,73,1,521038,36.7342,,0,0,630297,0,,,,,
Instances/Instances 3/mo14185_10.gt,14184,10000.0,86400.0,PTVRP_LAYERED_CONT,603909.0,39,1,0.0242,37,37,1,265260,18.7014,,0,0,336373,0,,,,,
Instances/Instances 3/mu1979_01.gt,1978,10.0,86400.0,PTVRP_LAYERED_CONT,21170613.0,942,24,0.1378,4967,4967,31,4978484,2516.93,,0,0,1785810,0,,,,,
Instances/Instances 3/mu1979_02.gt,1978,20.0,86400.0,PTVRP_LAYERED_CONT,10601470.0,639,14,0.0902,2547,2547,16,2510020,1268.97,,0,0,1634037,0,,,,,
Instances/Instances 3/mu1979_03.gt,1978,50.0,86400.0,PTVRP_LAYERED_CONT,4384693.0,474,9,0.0493,1026,1026,11,1021301,516.33,,0,0,1172319,0,,,,,
Instances/Instances 3/mu1979_04.gt,1978,100.0,86400.0,PTVRP_LAYERED_CONT,2134080.0,337,6,0.0295,500,500,10,483642,244.511,,0,0,693779,0,,,,,
Instances/Instances 3/mu1979_05.gt,1978,200.0,86400.0,PTVRP_LAYERED_CONT,1109709.0,225,3,0.0176,251,251,5,249049,125.91,,0,0,406141,0,,,,,
Instances/Instances 3/mu1979_06.gt,1978,500.0,86400.0,PTVRP_LAYERED_CONT,481068.0,102,3,0.0094,101,101,3,101098,51.1112,,0,0,159093,0,,,,,
Instances/Instances 3/mu1979_07.gt,1978,1000.0,86400.0,PTVRP_LAYERED_CONT,281196.0,53,1,0.0066,50,50,2,50792,25.6785,,0,0,81265,0,,,,,
Instances/Instances 3/mu1979_08.gt,1978,2000.0,86400.0,PTVRP_LAYERED_CONT,187097.0,27,1,0.005,26,26,1,25705,12.9954,,0,0,33877,0,,,,,
Instances/Instances 3/mu1979_09.gt,1978,5000.0,86400.0,PTVRP_LAYERED_CONT,126324.0,12,1,0.0041,11,11,1,11067,5.59505,,0,0,10002,0,,,,,
Instances/Instances 3/mu1979_10.gt,1978,10000.0,86400.0,PTVRP_LAYERED_CONT,110058.0,6,1,0.0036,6,6,1,6011,3.03893,,0,0,3372,0,,,,,
Instances/Instances 3/nrw1379_01.gt,1378,10.0,86400.0,PTVRP_LAYERED_CONT,5653357.0,730,16,0.0711,3486,3486,18,2392336,1736.09,,0,0,854921,0,,,,,
Instances/Instances 3/nrw1379_02.gt,1378,20.0,86400.0,PTVRP_LAYERED_CONT,2864393.0,575,11,0.0464,1745,1745,11,1202476,872.624,,0,0,756311,0,,,,,
Instances/Instances 3/nrw1379_03.gt,1378,50.0,86400.0,PTVRP_LAYERED_CONT,1249891.0,477,6,0.0259,715,715,8,489402,355.154,,0,0,496736,0,,,,,
Instances/Instances 3/nrw1379_04.gt,1378,100.0,86400.0,PTVRP_LAYERED_CONT,639977.0,292,3,0.0154,355,355,4,246178,178.649,,0,0,259754,0,,,,,
Instances/Instances 3/nrw1379_05.gt,1378,200.0,86400.0,PTVRP_LAYERED_CONT,336992.0,177,2,0.0094,175,175,2,119908,87.016,,0,0,121890,0,,,,,
Instances/Instances 3/nrw1379_06.gt,1378,500.0,86400.0,PTVRP_LAYERED_CONT,159940.0,74,1,0.0063,70,70,2,49525,35.9398,,0,0,45926,0,,,,,
Instances/Instances 3/nrw1379_07.gt,1378,1000.0,86400.0,PTVRP_LAYERED_CONT,107812.0,38,1,0.0045,36,36,1,24705,17.9282,,0,0,20003,0,,,,,
Instances/Instances 3/nrw1379_08.gt,1378,2000.0,86400.0,PTVRP_LAYERED_CONT,80077.0,20,1,0.0039,18,18,1,13019,9.44775,,0,0,9067,0,,,,,
Instances/Instances 3/nrw1379_09.gt,1378,5000.0,86400.0,PTVRP_LAYERED_CONT,64945.0,10,1,0.0034,8,8,1,5637,4.09071,,0,0,3247,0,,,,,
Instances/Instances 3/nrw1379_10.gt,1378,10000.0,86400.0,PTVRP_LAYERED_CONT,60155.0,5,1,0.0031,4,4,1,3114,2.2598,,0,0,1520,0,,,,,
Instances/Instances 3/nu3496_01.gt,3495,10.0,86400.0,PTVRP_LAYERED_CONT,19679188.0,1495,27,0.4428,8861,8861,28,15557971,4451.49,,0,0,5696004,0,,,,,
Instances/Instances 3/nu3496_02.gt,3495,20.0,86400.0,PTVRP_LAYERED_CONT,9982322.0,1133,16,0.2782,4412,4412,18,7681775,2197.93,,0,0,5185833,0,,,,,
Instances/Instances 3/nu3496_03.gt,3495,50.0,86400.0,PTVRP_LAYERED_CONT,4081427.0,911,10,0.1474,1753,1753,11,3059405,875.366,,0,0,3839662,0,,,,,
Instances/Instances 3/nu3496_04.gt,3495,100.0,86400.0,PTVRP_LAYERED_CONT,2118845.0,595,6,0.0849,889,889,7,1580175,452.124,,0,0,2436351,0,,,,,
Instances/Instances 3/nu3496_05.gt,3495,200.0,86400.0,PTVRP_LAYERED_CONT,1114055.0,408,4,0.0487,450,450,5,789505,225.896,,0,0,1292038,0,,,,,
Instances/Instances 3/nu3496_06.gt,3495,500.0,86400.0,PTVRP_LAYERED_CONT,479236.0,186,1,0.0223,177,177,2,311306,89.0718,,0,0,499031,0,,,,,
Instances/Instances 3/nu3496_07.gt,3495,1000.0,86400.0,PTVRP_LAYERED_CONT,280981.0,92,1,0.0132,89,89,1,155474,44.4847,,0,0,235680,0,,,,,
Instances/Instances 3/nu3496_08.gt,3495,2000.0,86400.0,PTVRP_LAYERED_CONT,185342.0,47,1,0.0088,45,45,1,79667,22.7946,,0,0,116982,0,,,,,
Instances/Instances 3/nu3496_09.gt,3495,5000.0,86400.0,PTVRP_LAYERED_CONT,127054.0,21,1,0.0059,18,18,1,33400,9.55651,,0,0,40829,0,,,,,
Instances/Instances 3/nu3496_10.gt,3495,10000.0,86400.0,PTVRP_LAYERED_CONT,110197.0,11,1,0.005,9,9,1,17516,5.01173,,0,0,19836,0,,,,,
Instances/Instances 3/p654_01.gt,653,10.0,86400.0,PTVRP_LAYERED_CONT,8542444.0,280,17,0.0251,1651,1651,17,543087,831.68,,0,0,191456,0,,,,,
Instances/Instances 3/p654_02.gt,653,20.0,86400.0,PTVRP_LAYERED_CONT,4130591.0,177,14,0.0136,797,797,15,262185,401.508,,0,0,171923,0,,,,,
Instances/Instances 3/p654_03.gt,653,50.0,86400.0,PTVRP_LAYERED_CONT,1792804.0,151,7,0.0084,341,341,13,112943,172.96,,0,0,141432,0,,,,,
Instances/Instances 3/p654_04.gt,653,100.0,86400.0,PTVRP_LAYERED_CONT,882536.0,88,6,0.0058,165,165,9,53362,81.7182,,0,0,91776,0,,,,,
Instances/Instances 3/p654_05.gt,653,200.0,86400.0,PTVRP_LAYERED_CONT,460540.0,70,3,0.0046,84,84,5,27468,42.0643,,0,0,55066,0,,,,,
Instances/Instances 3/p654_06.gt,653,500.0,86400.0,PTVRP_LAYERED_CONT,207954.0,33,3,0.0034,35,35,3,11686,17.8959,,0,0,19941,0,,,,,
Instances/Instances 3/p654_07.gt,653,1000.0,86400.0,PTVRP_LAYERED_CONT,115213.0,18,1,0.0029,17,17,3,5946,9.10567,,0,0,7765,0,,,,,
Instances/Instances 3/p654_08.gt,653,2000.0,86400.0,PTVRP_LAYERED_CONT,73369.0,9,1,0.0027,9,9,1,3081,4.71822,,0,0,2581,0,,,,,
Instances/Instances 3/p654_09.gt,653,5000.0,86400.0,PTVRP_LAYERED_CONT,47469.0,4,1,0.0026,4,4,1,1331,2.03828,,0,0,66,0,,,,,
Instances/Instances 3/p654_10.gt,653,10000.0,86400.0,PTVRP_LAYERED_CONT,40143.0,2,1,0.0024,2,2,1,920,1.40888,,0,0,0,0,,,,,
Instances/Instances 3/pcb1173_01.gt,1172,10.0,86400.0,PTVRP_LAYERED_CONT,5492447.0,632,18,0.0523,2996,2996,18,1766306,1507.09,,0,0,620133,0,,,,,
Instances/Instances 3/pcb1173_02.gt,1172,20.0,86400.0,PTVRP_LAYERED_CONT,2864320.0,476,10,0.0361,1486,1486,13,871353,743.475,,0,0,547269,0,,,,,
Instances/Instances 3/pcb1173_03.gt,1172,50.0,86400.0,PTVRP_LAYERED_CONT,1196657.0,380,5,0.0198,597,597,7,351023,299.508,,0,0,357896,0,,,,,
Instances/Instances 3/pcb1173_04.gt,1172,100.0,86400.0,PTVRP_LAYERED_CONT,620414.0,250,3,0.0121,298,298,4,173488,148.027,,0,0,191986,0,,,,,
Instances/Instances 3/pcb1173_05.gt,1172,200.0,86400.0,PTVRP_LAYERED_CONT,330572.0,157,2,0.008,150,150,2,89344,76.2321,,0,0,95665,0,,,,,
Instances/Instances 3/pcb1173_06.gt,1172,500.0,86400.0,PTVRP_LAYERED_CONT,158018.0,62,1,0.0051,59,59,1,35069,29.9224,,0,0,33950,0,,,,,
Instances/Instances 3/pcb1173_07.gt,1172,1000.0,86400.0,PTVRP_LAYERED_CONT,105872.0,33,1,0.004,30,30,1,18404,15.7031,,0,0,15876,0,,,,,
Instances/Instances 3/pcb1173_08.gt,1172,2000.0,86400.0,PTVRP_LAYERED_CONT,78914.0,16,1,0.0035,16,16,1,9254,7.8959,,0,0,6456,0,,,,,
Instances/Instances 3/pcb1173_09.gt,1172,5000.0,86400.0,PTVRP_LAYERED_CONT,64560.0,7,1,0.0031,6,6,1,4042,3.44881,,0,0,1861,0,,,,,
Instances/Instances 3/pcb1173_10.gt,1172,10000.0,86400.0,PTVRP_LAYERED_CONT,61052.0,4,1,0.0029,3,3,1,2341,1.99744,,0,0,1136,0,,,,,
Instances/Instances 3/pcb3038_01.gt,3037,10.0,86400.0,PTVRP_LAYERED_CONT,21095837.0,1469,19,0.3275,7730,7730,19,11658167,3838.71,,0,0,4177396,0,,,,,
Instances/Instances 3/pcb3038_02.gt,3037,20.0,86400.0,PTVRP_LAYERED_CONT,10835812.0,1087,12,0.203,3858,3858,15,5843371,1924.06,,0,0,3763704,0,,,,,
Instances/Instances 3/pcb3038_03.gt,3037,50.0,86400.0,PTVRP_LAYERED_CONT,4471439.0,852,7,0.1022,1543,1543,9,2343987,771.81,,0,0,2500801,0,,,,,
Instances/Instances 3/pcb3038_04.gt,3037,100.0,86400.0,PTVRP_LAYERED_CONT,2289406.0,586,4,0.0561,773,773,5,1170527,385.422,,0,0,1391015,0,,,,,
Instances/Instances 3/pcb3038_05.gt,3037,200.0,86400.0,PTVRP_LAYERED_CONT,1189258.0,376,3,0.0314,385,385,3,579290,190.744,,0,0,704744,0,,,,,
Instances/Instances 3/pcb3038_06.gt,3037,500.0,86400.0,PTVRP_LAYERED_CONT,544627.0,164,1,0.0158,155,155,2,234802,77.3138,,0,0,284011,0,,,,,
Instances/Instances 3/pcb3038_07.gt,3037,1000.0,86400.0,PTVRP_LAYERED_CONT,336337.0,82,1,0.0103,78,78,1,119491,39.3451,,0,0,144395,0,,,,,
Instances/Instances 3/pcb3038_08.gt,3037,2000.0,86400.0,PTVRP_LAYERED_CONT,229404.0,42,1,0.0072,39,39,1,59552,19.6088,,0,0,69806,0,,,,,
Instances/Instances 3/pcb3038_09.gt,3037,5000.0,86400.0,PTVRP_LAYERED_CONT,172113.0,17,1,0.0056,16,16,1,25277,8.32302,,0,0,31603,0,,,,,
Instances/Instances 3/pcb3038_10.gt,3037,10000.0,86400.0,PTVRP_LAYERED_CONT,153126.0,10,1,0.0045,8,8,1,13540,4.45835,,0,0,18792,0,,,,,
Instances/Instances 3/pcb442_01.gt,441,10.0,86400.0,PTVRP_LAYERED_CONT,2985167.0,257,13,0.0104,1072,1072,13,237590,538.753,,0,0,84582,0,,,,,
Instances/Instances 3/pcb442_02.gt,441,20.0,86400.0,PTVRP_LAYERED_CONT,1591676.0,190,9,0.0079,556,556,10,124594,282.526,,0,0,74462,0,,,,,
Instances/Instances 3/pcb442_03.gt,441,50.0,86400.0,PTVRP_LAYERED_CONT,666538.0,174,3,0.0054,223,223,7,50599,114.737,,0,0,48550,0,,,,,
Instances/Instances 3/pcb442_04.gt,441,100.0,86400.0,PTVRP_LAYERED_CONT,352858.0,107,2,0.0039,110,110,3,24523,55.6077,,0,0,24446,0,,,,,
Instances/Instances 3/pcb442_05.gt,441,200.0,86400.0,PTVRP_LAYERED_CONT,191037.0,61,1,0.0035,56,56,2,12405,28.1293,,0,0,11306,0,,,,,
Instances/Instances 3/pcb442_06.gt,441,500.0,86400.0,PTVRP_LAYERED_CONT,103755.0,24,1,0.0027,23,23,1,5260,11.9274,,0,0,4136,0,,,,,
Instances/Instances 3/pcb442_07.gt,441,1000.0,86400.0,PTVRP_LAYERED_CONT,75297.0,12,1,0.0026,12,12,1,2771,6.28345,,0,0,1692,0,,,,,
Instances/Instances 3/pcb442_08.gt,441,2000.0,86400.0,PTVRP_LAYERED_CONT,63158.0,7,1,0.0025,6,6,1,1496,3.39229,,0,0,645,0,,,,,
Instances/Instances 3/pcb442_09.gt,441,5000.0,86400.0,PTVRP_LAYERED_CONT,56573.0,3,1,0.0026,3,3,1,715,1.62132,,0,0,47,0,,,,,
Instances/Instances 3/pcb442_10.gt,441,10000.0,86400.0,PTVRP_LAYERED_CONT,55052.0,2,1,0.0024,2,2,1,480,1.08844,,0,0,64,0,,,,,
Instances/Instances 3/pm8079_01.gt,8078,10.0,86400.0,PTVRP_LAYERED_CONT,42933464.0,3016,29,2.6276,20682,20682,39,83350914,10318.3,,0,0,30477498,0,,,,,
Instances/Instances 3/pm8079_02.gt,8078,20.0,86400.0,PTVRP_LAYERED_CONT,21678833.0,2234,18,1.6214,10374,10374,24,41684775,5160.28,,0,0,28520149,0,,,,,
Instances/Instances 3/pm8079_03.gt,8078,50.0,86400.0,PTVRP_LAYERED_CONT,8752999.0,1679,10,0.788,4086,4086,17,16411539,2031.63,,0,0,21466841,0,,,,,
Instances/Instances 3/pm8079_04.gt,8078,100.0,86400.0,PTVRP_LAYERED_CONT,4476368.0,1199,6,0.4407,2053,2053,8,8250177,1021.31,,0,0,13497335,0,,,,,
Instances/Instances 3/pm8079_05.gt,8078,200.0,86400.0,PTVRP_LAYERED_CONT,2274327.0,846,4,0.233,1021,1021,5,4156024,514.487,,0,0,7342867,0,,,,,
Instances/Instances 3/pm8079_06.gt,8078,500.0,86400.0,PTVRP_LAYERED_CONT,960838.0,419,2,0.1001,412,412,3,1669080,206.62,,0,0,2852088,0,,,,,
Instances/Instances 3/pm8079_07.gt,8078,1000.0,86400.0,PTVRP_LAYERED_CONT,530978.0,213,1,0.0542,206,206,2,828172,102.522,,0,0,1335699,0,,,,,
Instances/Instances 3/pm8079_08.gt,8078,2000.0,86400.0,PTVRP_LAYERED_CONT,319194.0,106,1,0.0308,103,103,1,417733,51.7124,,0,0,649862,0,,,,,
Instances/Instances 3/pm8079_09.gt,8078,5000.0,86400.0,PTVRP_LAYERED_CONT,192786.0,45,1,0.0166,42,42,1,170286,21.0802,,0,0,237145,0,,,,,
Instances/Instances 3/pm8079_10.gt,8078,10000.0,86400.0,PTVRP_LAYERED_CONT,152073.0,22,1,0.0118,21,21,1,87689,10.8553,,0,0,111398,0,,,,,
Instances/Instances 3/pr1002_01.gt,1001,10.0,86400.0,PTVRP_LAYERED_CONT,NO SOLUTION,,,0.0335,2639,2639,4,1317645,1316.33,,0,0,2998,0,,,,,
Instances/Instances 3/pr1002_02.gt,1001,20.0,86400.0,PTVRP_LAYERED_CONT,12903461.0,402,9,0.0262,1257,1257,9,615366,614.751,,0,0,402006,0,,,,,
Instances/Instances 3/pr1002_03.gt,1001,50.0,86400.0,PTVRP_LAYERED_CONT,5624823.0,328,5,0.0151,529,529,6,265991,265.725,,0,0,295382,0,,,,,
Instances/Instances 3/pr1002_04.gt,1001,100.0,86400.0,PTVRP_LAYERED_CONT,2842708.0,196,4,0.0095,254,254,4,127952,127.824,,0,0,164483,0,,,,,
Instances/Instances 3/pr1002_05.gt,1001,200.0,86400.0,PTVRP_LAYERED_CONT,1514476.0,134,2,0.0067,129,129,2,66121,66.0549,,0,0,88439,0,,,,,
Instances/Instances 3/pr1002_06.gt,1001,500.0,86400.0,PTVRP_LAYERED_CONT,720872.0,55,1,0.0042,51,51,1,25526,25.5005,,0,0,33672,0,,,,,
Instances/Instances 3/pr1002_07.gt,1001,1000.0,86400.0,PTVRP_LAYERED_CONT,481810.0,28,1,0.0036,26,26,1,12946,12.9331,,0,0,17426,0,,,,,
Instances/Instances 3/pr1002_08.gt,1001,2000.0,86400.0,PTVRP_LAYERED_CONT,368457.0,15,1,0.0033,13,13,1,7030,7.02298,,0,0,9035,0,,,,,
Instances/Instances 3/pr1002_09.gt,1001,5000.0,86400.0,PTVRP_LAYERED_CONT,297554.0,6,1,0.0028,6,6,1,3055,3.05195,,0,0,5323,0,,,,,
Instances/Instances 3/pr1002_10.gt,1001,10000.0,86400.0,PTVRP_LAYERED_CONT,283439.0,4,1,0.0027,3,3,1,1826,1.82418,,0,0,3556,0,,,,,
Instances/Instances 3/pr107_01.gt,106,10.0,86400.0,PTVRP_LAYERED_CONT,2842350.0,71,10,0.003,276,276,10,14347,135.349,,0,0,4796,0,,,,,
Instances/Instances 3/pr107_02.gt,106,20.0,86400.0,PTVRP_LAYERED_CONT,1417795.0,57,7,0.0027,137,137,7,7353,69.3679,,0,0,4406,0,,,,,
Instances/Instances 3/pr107_03.gt,106,50.0,86400.0,PTVRP_LAYERED_CONT,616267.0,37,5,0.0024,55,55,5,2968,28.0,,0,0,3079,0,,,,,
Instances/Instances 3/pr107_04.gt,106,100.0,86400.0,PTVRP_LAYERED_CONT,280299.0,24,2,0.0025,24,24,3,1353,12.7642,,0,0,1899,0,,,,,
Instances/Instances 3/pr107_05.gt,106,200.0,86400.0,PTVRP_LAYERED_CONT,182443.0,16,2,0.0025,14,14,2,805,7.59434,,0,0,1412,0,,,,,
Instances/Instances 3/pr107_06.gt,106,500.0,86400.0,PTVRP_LAYERED_CONT,85521.0,7,1,0.0024,6,6,1,331,3.12264,,0,0,345,0,,,,,
Instances/Instances 3/pr107_07.gt,106,1000.0,86400.0,PTVRP_LAYERED_CONT,65048.0,3,1,0.0023,3,3,1,198,1.86792,,0,0,60,0,,,,,
Instances/Instances 3/pr107_08.gt,106,2000.0,86400.0,PTVRP_LAYERED_CONT,51947.0,3,1,0.0022,2,2,1,136,1.28302,,0,0,30,0,,,,,
Instances/Instances 3/pr107_09.gt,106,5000.0,86400.0,PTVRP_LAYERED_CONT,50502.0,2,1,0.0022,1,1,1,106,1.0,,0,0,0,0,,,,,
Instances/Instances 3/pr107_10.gt,106,10000.0,86400.0,PTVRP_LAYERED_CONT,50502.0,2,1,0.0023,1,1,1,106,1.0,,0,0,0,0,,,,,
Instances/Instances 3/pr124_01.gt,123,10.0,86400.0,PTVRP_LAYERED_CONT,2738248.0,80,8,0.0032,296,296,9,17794,144.667,,0,0,6719,0,,,,,
Instances/Instances 3/pr124_02.gt,123,20.0,86400.0,PTVRP_LAYERED_CONT,1512911.0,59,8,0.0028,159,159,8,9891,80.4146,,0,0,6092,0,,,,,
Instances/Instances 3/pr124_03.gt,123,50.0,86400.0,PTVRP_LAYERED_CONT,587135.0,44,3,0.0025,58,58,6,3702,30.0976,,0,0,4204,0,,,,,
Instances/Instances 3/pr124_04.gt,123,100.0,86400.0,PTVRP_LAYERED_CONT,343373.0,30,2,0.0025,32,32,4,2056,16.7154,,0,0,3026,0,,,,,
Instances/Instances 3/pr124_05.gt,123,200.0,86400.0,PTVRP_LAYERED_CONT,187917.0,16,2,0.0023,16,16,2,1052,8.55285,,0,0,1849,0,,,,,
Instances/Instances 3/pr124_06.gt,123,500.0,86400.0,PTVRP_LAYERED_CONT,102185.0,7,1,0.0022,7,7,1,452,3.6748,,0,0,864,0,,,,,
Instances/Instances 3/pr124_07.gt,123,1000.0,86400.0,PTVRP_LAYERED_CONT,81923.0,4,1,0.0027,4,4,1,248,2.01626,,0,0,205,0,,,,,
Instances/Instances 3/pr124_08.gt,123,2000.0,86400.0,PTVRP_LAYERED_CONT,71966.0,2,1,0.0021,2,2,1,163,1.3252,,0,0,256,0,,,,,
Instances/Instances 3/pr124_09.gt,123,5000.0,86400.0,PTVRP_LAYERED_CONT,66676.0,1,1,0.0022,1,1,1,123,1.0,,0,0,0,0,,,,,
Instances/Instances 3/pr124_10.gt,123,10000.0,86400.0,PTVRP_LAYERED_CONT,66676.0,1,1,0.0022,1,1,1,123,1.0,,0,0,0,0,,,,,
Instances/Instances 3/pr136_01.gt,135,10.0,86400.0,PTVRP_LAYERED_CONT,NO SOLUTION,,,0.0029,338,338,8,22630,167.63,,0,0,4629,0,,,,,
Instances/Instances 3/pr136_02.gt,135,20.0,86400.0,PTVRP_LAYERED_CONT,1811364.0,71,6,0.003,164,164,6,11488,85.0963,,0,0,7227,0,,,,,
Instances/Instances 3/pr136_03.gt,135,50.0,86400.0,PTVRP_LAYERED_CONT,790973.0,54,4,0.0027,66,66,4,4572,33.8667,,0,0,4809,0,,,,,
Instances/Instances 3/pr136_04.gt,135,100.0,86400.0,PTVRP_LAYERED_CONT,432928.0,34,2,0.0026,35,35,3,2338,17.3185,,0,0,3058,0,,,,,
Instances/Instances 3/pr136_05.gt,135,200.0,86400.0,PTVRP_LAYERED_CONT,254531.0,20,1,0.0023,18,18,2,1225,9.07407,,0,0,1524,0,,,,,
Instances/Instances 3/pr136_06.gt,135,500.0,86400.0,PTVRP_LAYERED_CONT,147667.0,8,1,0.0023,7,7,1,533,3.94815,,0,0,573,0,,,,,
Instances/Instances 3/pr136_07.gt,135,1000.0,86400.0,PTVRP_LAYERED_CONT,121669.0,4,1,0.0022,4,4,1,290,2.14815,,0,0,219,0,,,,,
Instances/Instances 3/pr136_08.gt,135,2000.0,86400.0,PTVRP_LAYERED_CONT,111704.0,2,1,0.0022,2,2,1,183,1.35556,,0,0,152,0,,,,,
Instances/Instances 3/pr136_09.gt,135,5000.0,86400.0,PTVRP_LAYERED_CONT,107219.0,2,1,0.0023,1,1,1,135,1.0,,0,0,25,0,,,,,
Instances/Instances 3/pr136_10.gt,135,10000.0,86400.0,PTVRP_LAYERED_CONT,107219.0,2,1,0.0022,1,1,1,135,1.0,,0,0,25,0,,,,,
Instances/Instances 3/pr144_01.gt,143,10.0,86400.0,PTVRP_LAYERED_CONT,3349011.0,80,10,0.0034,352,352,10,26238,183.483,,0,0,9454,0,,,,,
Instances/Instances 3/pr144_02.gt,143,20.0,86400.0,PTVRP_LAYERED_CONT,1617568.0,60,9,0.003,173,173,9,12296,85.986,,0,0,7962,0,,,,,
Instances/Instances 3/pr144_03.gt,143,50.0,86400.0,PTVRP_LAYERED_CONT,706596.0,56,5,0.0027,70,70,5,4966,34.7273,,0,0,5798,0,,,,,
Instances/Instances 3/pr144_04.gt,143,100.0,86400.0,PTVRP_LAYERED_CONT,373881.0,32,2,0.0025,37,37,3,2688,18.7972,,0,0,3736,0,,,,,
Instances/Instances 3/pr144_05.gt,143,200.0,86400.0,PTVRP_LAYERED_CONT,208818.0,20,1,0.0023,19,19,2,1368,9.56643,,0,0,2090,0,,,,,
Instances/Instances 3/pr144_06.gt,143,500.0,86400.0,PTVRP_LAYERED_CONT,112221.0,8,1,0.0024,8,8,1,595,4.16084,,0,0,623,0,,,,,
Instances/Instances 3/pr144_07.gt,143,1000.0,86400.0,PTVRP_LAYERED_CONT,82543.0,4,1,0.0023,4,4,1,334,2.33566,,0,0,297,0,,,,,
Instances/Instances 3/pr144_08.gt,143,2000.0,86400.0,PTVRP_LAYERED_CONT,71677.0,3,1,0.0023,2,2,1,204,1.42657,,0,0,198,0,,,,,
Instances/Instances 3/pr144_09.gt,143,5000.0,86400.0,PTVRP_LAYERED_CONT,68780.0,1,1,0.0023,1,1,1,143,1.0,,0,0,0,0,,,,,
Instances/Instances 3/pr144_10.gt,143,10000.0,86400.0,PTVRP_LAYERED_CONT,68780.0,1,1,0.0022,1,1,1,143,1.0,,0,0,0,0,,,,,
Instances/Instances 3/pr152_01.gt,151,10.0,86400.0,PTVRP_LAYERED_CONT,4095117.0,102,9,0.0036,381,381,10,30049,199.0,,0,0,10266,0,,,,,
Instances/Instances 3/pr152_02.gt,151,20.0,86400.0,PTVRP_LAYERED_CONT,1944988.0,74,6,0.0031,176,176,6,13935,92.2848,,0,0,9005,0,,,,,
Instances/Instances 3/pr152_03.gt,151,50.0,86400.0,PTVRP_LAYERED_CONT,900697.0,62,5,0.0034,78,78,5,6009,39.7947,,0,0,6604,0,,,,,
Instances/Instances 3/pr152_04.gt,151,100.0,86400.0,PTVRP_LAYERED_CONT,435559.0,32,2,0.0027,35,35,3,2578,17.0728,,0,0,3270,0,,,,,
Instances/Instances 3/pr152_05.gt,151,200.0,86400.0,PTVRP_LAYERED_CONT,250001.0,21,1,0.0024,18,18,2,1402,9.28477,,0,0,1822,0,,,,,
Instances/Instances 3/pr152_06.gt,151,500.0,86400.0,PTVRP_LAYERED_CONT,142253.0,9,1,0.0024,8,8,1,644,4.2649,,0,0,532,0,,,,,
Instances/Instances 3/pr152_07.gt,151,1000.0,86400.0,PTVRP_LAYERED_CONT,106584.0,4,1,0.0023,4,4,1,366,2.42384,,0,0,172,0,,,,,
Instances/Instances 3/pr152_08.gt,151,2000.0,86400.0,PTVRP_LAYERED_CONT,91842.0,2,1,0.0023,2,2,1,221,1.46358,,0,0,124,0,,,,,
Instances/Instances 3/pr152_09.gt,151,5000.0,86400.0,PTVRP_LAYERED_CONT,89575.0,2,1,0.0022,1,1,1,151,1.0,,0,0,3,0,,,,,
Instances/Instances 3/pr152_10.gt,151,10000.0,86400.0,PTVRP_LAYERED_CONT,89575.0,2,1,0.0028,1,1,1,151,1.0,,0,0,3,0,,,,,
Instances/Instances 3/pr226_01.gt,225,10.0,86400.0,PTVRP_LAYERED_CONT,7069881.0,147,12,0.0051,555,555,13,63728,283.236,,0,0,23491,0,,,,,
Instances/Instances 3/pr226_02.gt,225,20.0,86400.0,PTVRP_LAYERED_CONT,3544375.0,111,7,0.004,280,280,10,30679,136.351,,0,0,21383,0,,,,,
Instances/Instances 3/pr226_03.gt,225,50.0,86400.0,PTVRP_LAYERED_CONT,1394984.0,63,5,0.0031,105,105,5,11792,52.4089,,0,0,15150,0,,,,,
Instances/Instances 3/pr226_04.gt,225,100.0,86400.0,PTVRP_LAYERED_CONT,788316.0,44,3,0.0028,57,57,4,6312,28.0533,,0,0,11129,0,,,,,
Instances/Instances 3/pr226_05.gt,225,200.0,86400.0,PTVRP_LAYERED_CONT,403590.0,28,2,0.0026,28,28,2,3264,14.5067,,0,0,6477,0,,,,,
Instances/Instances 3/pr226_06.gt,225,500.0,86400.0,PTVRP_LAYERED_CONT,206012.0,13,1,0.0024,11,11,1,1386,6.16,,0,0,3224,0,,,,,
Instances/Instances 3/pr226_07.gt,225,1000.0,86400.0,PTVRP_LAYERED_CONT,135981.0,6,1,0.0022,6,6,1,753,3.34667,,0,0,1575,0,,,,,
Instances/Instances 3/pr226_08.gt,225,2000.0,86400.0,PTVRP_LAYERED_CONT,112778.0,4,1,0.0022,3,3,1,433,1.92444,,0,0,712,0,,,,,
Instances/Instances 3/pr226_09.gt,225,5000.0,86400.0,PTVRP_LAYERED_CONT,97856.0,2,1,0.0023,2,2,1,249,1.10667,,0,0,72,0,,,,,
Instances/Instances 3/pr226_10.gt,225,10000.0,86400.0,PTVRP_LAYERED_CONT,97856.0,2,1,0.0022,1,1,1,225,1.0,,0,0,14,0,,,,,
Instances/Instances 3/pr2392_01.gt,2391,10.0,86400.0,PTVRP_LAYERED_CONT,59233110.0,1458,15,0.1997,5906,5906,15,7025185,2938.18,,0,0,2602497,0,,,,,
Instances/Instances 3/pr2392_02.gt,2391,20.0,86400.0,PTVRP_LAYERED_CONT,30752105.0,952,11,0.1289,3046,3046,11,3633503,1519.66,,0,0,2362380,0,,,,,
Instances/Instances 3/pr2392_03.gt,2391,50.0,86400.0,PTVRP_LAYERED_CONT,12574931.0,667,7,0.0665,1219,1219,7,1454447,608.301,,0,0,1621885,0,,,,,
Instances/Instances 3/pr2392_04.gt,2391,100.0,86400.0,PTVRP_LAYERED_CONT,6472349.0,452,4,0.0386,606,606,5,720967,301.534,,0,0,927634,0,,,,,
Instances/Instances 3/pr2392_05.gt,2391,200.0,86400.0,PTVRP_LAYERED_CONT,3347377.0,297,3,0.0228,303,303,3,362301,151.527,,0,0,499374,0,,,,,
Instances/Instances 3/pr2392_06.gt,2391,500.0,86400.0,PTVRP_LAYERED_CONT,1564893.0,131,1,0.0122,125,125,2,151786,63.4822,,0,0,211332,0,,,,,
Instances/Instances 3/pr2392_07.gt,2391,1000.0,86400.0,PTVRP_LAYERED_CONT,935720.0,65,1,0.0081,61,61,1,74390,31.1125,,0,0,107681,0,,,,,
Instances/Instances 3/pr2392_08.gt,2391,2000.0,86400.0,PTVRP_LAYERED_CONT,644791.0,32,1,0.0059,31,31,1,37970,15.8804,,0,0,62150,0,,,,,
Instances/Instances 3/pr2392_09.gt,2391,5000.0,86400.0,PTVRP_LAYERED_CONT,471148.0,15,1,0.005,13,13,1,15973,6.68047,,0,0,26107,0,,,,,
Instances/Instances 3/pr2392_10.gt,2391,10000.0,86400.0,PTVRP_LAYERED_CONT,420652.0,8,1,0.0042,7,7,1,8515,3.56127,,0,0,18429,0,,,,,
Instances/Instances 3/pr264_01.gt,263,10.0,86400.0,PTVRP_LAYERED_CONT,4898412.0,147,12,0.0058,613,613,12,81412,309.551,,0,0,30801,0,,,,,
Instances/Instances 3/pr264_02.gt,263,20.0,86400.0,PTVRP_LAYERED_CONT,2754287.0,104,9,0.0045,349,349,9,47001,178.711,,0,0,28469,0,,,,,
Instances/Instances 3/pr264_03.gt,263,50.0,86400.0,PTVRP_LAYERED_CONT,1147944.0,86,5,0.0036,141,141,6,18640,70.8745,,0,0,20226,0,,,,,
Instances/Instances 3/pr264_04.gt,263,100.0,86400.0,PTVRP_LAYERED_CONT,597027.0,56,4,0.0031,69,69,5,9266,35.2319,,0,0,13639,0,,,,,
Instances/Instances 3/pr264_05.gt,263,200.0,86400.0,PTVRP_LAYERED_CONT,283876.0,33,2,0.0028,32,32,3,4238,16.1141,,0,0,7018,0,,,,,
Instances/Instances 3/pr264_06.gt,263,500.0,86400.0,PTVRP_LAYERED_CONT,138174.0,15,1,0.0027,14,14,2,1830,6.95817,,0,0,2523,0,,,,,
Instances/Instances 3/pr264_07.gt,263,1000.0,86400.0,PTVRP_LAYERED_CONT,92769.0,8,1,0.0024,7,7,1,1048,3.98479,,0,0,914,0,,,,,
Instances/Instances 3/pr264_08.gt,263,2000.0,86400.0,PTVRP_LAYERED_CONT,68322.0,5,1,0.0024,4,4,1,583,2.21673,,0,0,415,0,,,,,
Instances/Instances 3/pr264_09.gt,263,5000.0,86400.0,PTVRP_LAYERED_CONT,53706.0,2,1,0.0024,2,2,1,330,1.25475,,0,0,86,0,,,,,
Instances/Instances 3/pr264_10.gt,263,10000.0,86400.0,PTVRP_LAYERED_CONT,50874.0,1,1,0.0023,1,1,1,263,1.0,,0,0,0,0,,,,,
Instances/Instances 3/pr299_01.gt,298,10.0,86400.0,PTVRP_LAYERED_CONT,2952053.0,177,14,0.0067,713,713,14,104948,352.174,,0,0,38213,0,,,,,
Instances/Instances 3/pr299_02.gt,298,20.0,86400.0,PTVRP_LAYERED_CONT,1687892.0,138,9,0.0053,396,396,9,59215,198.708,,0,0,35580,0,,,,,
Instances/Instances 3/pr299_03.gt,298,50.0,86400.0,PTVRP_LAYERED_CONT,729539.0,124,4,0.0042,158,158,5,23297,78.1779,,0,0,22446,0,,,,,
Instances/Instances 3/pr299_04.gt,298,100.0,86400.0,PTVRP_LAYERED_CONT,355455.0,69,2,0.0037,75,75,3,11094,37.2282,,0,0,11690,0,,,,,
Instances/Instances 3/pr299_05.gt,298,200.0,86400.0,PTVRP_LAYERED_CONT,193567.0,40,1,0.0031,37,37,2,5545,18.6074,,0,0,5599,0,,,,,
Instances/Instances 3/pr299_06.gt,298,500.0,86400.0,PTVRP_LAYERED_CONT,102998.0,17,1,0.0026,16,16,1,2428,8.14765,,0,0,1765,0,,,,,
Instances/Instances 3/pr299_07.gt,298,1000.0,86400.0,PTVRP_LAYERED_CONT,75081.0,9,1,0.0028,8,8,1,1344,4.51007,,0,0,892,0,,,,,
Instances/Instances 3/pr299_08.gt,298,2000.0,86400.0,PTVRP_LAYERED_CONT,60992.0,5,1,0.0026,4,4,1,694,2.32886,,0,0,341,0,,,,,
Instances/Instances 3/pr299_09.gt,298,5000.0,86400.0,PTVRP_LAYERED_CONT,55003.0,2,1,0.0024,2,2,1,402,1.34899,,0,0,0,0,,,,,
Instances/Instances 3/pr299_10.gt,298,10000.0,86400.0,PTVRP_LAYERED_CONT,54703.0,1,1,0.0025,1,1,1,298,1.0,,0,0,0,0,,,,,
Instances/Instances 3/pr439_01.gt,438,10.0,86400.0,PTVRP_LAYERED_CONT,7480967.0,270,10,0.0108,1076,1076,12,240211,548.427,,0,0,86937,0,,,,,
Instances/Instances 3/pr439_02.gt,438,20.0,86400.0,PTVRP_LAYERED_CONT,4099770.0,194,8,0.0082,577,577,10,125441,286.395,,0,0,78746,0,,,,,
Instances/Instances 3/pr439_03.gt,438,50.0,86400.0,PTVRP_LAYERED_CONT,1696529.0,163,4,0.0061,222,222,6,48046,109.694,,0,0,54320,0,,,,,
Instances/Instances 3/pr439_04.gt,438,100.0,86400.0,PTVRP_LAYERED_CONT,870009.0,101,3,0.0043,110,110,4,24581,56.121,,0,0,34833,0,,,,,
Instances/Instances 3/pr439_05.gt,438,200.0,86400.0,PTVRP_LAYERED_CONT,485210.0,61,2,0.0035,57,57,2,12362,28.2237,,0,0,20285,0,,,,,
Instances/Instances 3/pr439_06.gt,438,500.0,86400.0,PTVRP_LAYERED_CONT,248155.0,25,1,0.003,23,23,1,5309,12.121,,0,0,9111,0,,,,,
Instances/Instances 3/pr439_07.gt,438,1000.0,86400.0,PTVRP_LAYERED_CONT,171597.0,13,1,0.0026,12,12,1,2703,6.17123,,0,0,4366,0,,,,,
Instances/Instances 3/pr439_08.gt,438,2000.0,86400.0,PTVRP_LAYERED_CONT,136860.0,7,1,0.0025,6,6,1,1459,3.33105,,0,0,1981,0,,,,,
Instances/Instances 3/pr439_09.gt,438,5000.0,86400.0,PTVRP_LAYERED_CONT,119090.0,3,1,0.0024,3,3,1,712,1.62557,,0,0,790,0,,,,,
Instances/Instances 3/pr439_10.gt,438,10000.0,86400.0,PTVRP_LAYERED_CONT,117489.0,2,1,0.0024,2,2,1,486,1.10959,,0,0,246,0,,,,,
Instances/Instances 3/pr76_01.gt,75,10.0,86400.0,PTVRP_LAYERED_CONT,NO SOLUTION,,,0.0026,203,203,7,7495,99.9333,,0,0,2490,0,,,,,
Instances/Instances 3/pr76_02.gt,75,20.0,86400.0,PTVRP_LAYERED_CONT,1266198.0,47,5,0.0026,93,93,5,3477,46.36,,0,0,2075,0,,,,,
Instances/Instances 3/pr76_03.gt,75,50.0,86400.0,PTVRP_LAYERED_CONT,592735.0,39,3,0.0024,43,43,3,1697,22.6267,,0,0,1644,0,,,,,
Instances/Instances 3/pr76_04.gt,75,100.0,86400.0,PTVRP_LAYERED_CONT,287762.0,21,1,0.0023,18,18,2,684,9.12,,0,0,710,0,,,,,
Instances/Instances 3/pr76_05.gt,75,200.0,86400.0,PTVRP_LAYERED_CONT,206226.0,13,1,0.0024,11,11,1,409,5.45333,,0,0,380,0,,,,,
Instances/Instances 3/pr76_06.gt,75,500.0,86400.0,PTVRP_LAYERED_CONT,142980.0,4,1,0.0023,4,4,1,178,2.37333,,0,0,105,0,,,,,
Instances/Instances 3/pr76_07.gt,75,1000.0,86400.0,PTVRP_LAYERED_CONT,127410.0,3,1,0.0024,3,3,1,114,1.52,,0,0,59,0,,,,,
Instances/Instances 3/pr76_08.gt,75,2000.0,86400.0,PTVRP_LAYERED_CONT,124689.0,2,1,0.0022,1,1,1,75,1.0,,0,0,21,0,,,,,
Instances/Instances 3/pr76_09.gt,75,5000.0,86400.0,PTVRP_LAYERED_CONT,124689.0,2,1,0.0027,1,1,1,75,1.0,,0,0,21,0,,,,,
Instances/Instances 3/pr76_10.gt,75,10000.0,86400.0,PTVRP_LAYERED_CONT,124689.0,2,1,0.0024,1,1,1,75,1.0,,0,0,21,0,,,,,
Instances/Instances 3/qa194_01.gt,193,10.0,86400.0,PTVRP_LAYERED_CONT,397222.0,120,17,0.0045,508,508,18,50145,259.819,,0,0,13746,0,,,,,
Instances/Instances 3/qa194_02.gt,193,20.0,86400.0,PTVRP_LAYERED_CONT,206184.0,97,8,0.0038,251,251,8,22984,119.088,,0,0,10411,0,,,,,
Instances/Instances 3/qa194_03.gt,193,50.0,86400.0,PTVRP_LAYERED_CONT,84019.0,69,5,0.0031,97,97,5,9510,49.2746,,0,0,5774,0,,,,,
Instances/Instances 3/qa194_04.gt,193,100.0,86400.0,PTVRP_LAYERED_CONT,47863.0,44,3,0.0027,50,50,3,4853,25.1451,,0,0,2174,0,,,,,
Instances/Instances 3/qa194_05.gt,193,200.0,86400.0,PTVRP_LAYERED_CONT,28008.0,29,2,0.0025,27,27,3,2774,14.3731,,0,0,589,0,,,,,
Instances/Instances 3/qa194_06.gt,193,500.0,86400.0,PTVRP_LAYERED_CONT,16405.0,12,1,0.0026,11,11,1,1106,5.73057,,0,0,8,0,,,,,
Instances/Instances 3/qa194_07.gt,193,1000.0,86400.0,PTVRP_LAYERED_CONT,12920.0,6,1,0.0027,6,6,1,615,3.18653,,0,0,0,0,,,,,
Instances/Instances 3/qa194_08.gt,193,2000.0,86400.0,PTVRP_LAYERED_CONT,11111.0,3,1,0.0024,3,3,1,344,1.78238,,0,0,0,0,,,,,
Instances/Instances 3/qa194_09.gt,193,5000.0,86400.0,PTVRP_LAYERED_CONT,10469.0,1,1,0.0024,1,1,1,193,1.0,,0,0,0,0,,,,,
Instances/Instances 3/qa194_10.gt,193,10000.0,86400.0,PTVRP_LAYERED_CONT,10469.0,1,1,0.0025,1,1,1,193,1.0,,0,0,0,0,,,,,
Instances/Instances 3/rat195_01.gt,194,10.0,86400.0,PTVRP_LAYERED_CONT,98540.0,134,11,0.0047,522,522,11,50384,259.711,,0,0,10367,0,,,,,
Instances/Instances 3/rat195_02.gt,194,20.0,86400.0,PTVRP_LAYERED_CONT,49336.0,104,6,0.0039,246,246,6,23652,121.918,,0,0,6313,0,,,,,
Instances/Instances 3/rat195_03.gt,194,50.0,86400.0,PTVRP_LAYERED_CONT,21091.0,87,3,0.0032,101,101,4,10228,52.7216,,0,0,2036,0,,,,,
Instances/Instances 3/rat195_04.gt,194,100.0,86400.0,PTVRP_LAYERED_CONT,10698.0,56,2,0.0029,48,48,2,4919,25.3557,,0,0,158,0,,,,,
Instances/Instances 3/rat195_05.gt,194,200.0,86400.0,PTVRP_LAYERED_CONT,6564.0,28,1,0.0026,25,25,2,2585,13.3247,,0,0,0,0,,,,,
Instances/Instances 3/rat195_06.gt,194,500.0,86400.0,PTVRP_LAYERED_CONT,3827.0,11,1,0.0025,10,10,1,1045,5.3866,,0,0,0,0,,,,,
Instances/Instances 3/rat195_07.gt,194,1000.0,86400.0,PTVRP_LAYERED_CONT,2942.0,5,1,0.0025,5,5,1,572,2.94845,,0,0,0,0,,,,,
Instances/Instances 3/rat195_08.gt,194,2000.0,86400.0,PTVRP_LAYERED_CONT,2622.0,3,1,0.0023,3,3,1,340,1.75258,,0,0,0,0,,,,,
Instances/Instances 3/rat195_09.gt,194,5000.0,86400.0,PTVRP_LAYERED_CONT,2581.0,1,1,0.0023,1,1,1,194,1.0,,0,0,0,0,,,,,
Instances/Instances 3/rat195_10.gt,194,10000.0,86400.0,PTVRP_LAYERED_CONT,2581.0,1,1,0.0025,1,1,1,194,1.0,,0,0,0,0,,,,,
Instances/Instances 3/rat575_01.gt,574,10.0,86400.0,PTVRP_LAYERED_CONT,471901.0,334,14,0.0163,1496,1496,18,432696,753.826,,0,0,131472,0,,,,,
Instances/Instances 3/rat575_02.gt,574,20.0,86400.0,PTVRP_LAYERED_CONT,235476.0,265,9,0.0119,726,726,9,206624,359.972,,0,0,105992,0,,,,,
Instances/Instances 3/rat575_03.gt,574,50.0,86400.0,PTVRP_LAYERED_CONT,94852.0,203,4,0.0074,283,283,6,82352,143.47,,0,0,57954,0,,,,,
Instances/Instances 3/rat575_04.gt,574,100.0,86400.0,PTVRP_LAYERED_CONT,53425.0,133,3,0.0059,147,147,3,42250,73.6063,,0,0,26055,0,,,,,
Instances/Instances 3/rat575_05.gt,574,200.0,86400.0,PTVRP_LAYERED_CONT,29058.0,79,2,0.0043,74,74,2,21513,37.4791,,0,0,9370,0,,,,,
Instances/Instances 3/rat575_06.gt,574,500.0,86400.0,PTVRP_LAYERED_CONT,14520.0,30,1,0.0032,29,29,1,8406,14.6446,,0,0,1296,0,,,,,
Instances/Instances 3/rat575_07.gt,574,1000.0,86400.0,PTVRP_LAYERED_CONT,10685.0,17,1,0.0031,15,15,1,4558,7.94077,,0,0,66,0,,,,,
Instances/Instances 3/rat575_08.gt,574,2000.0,86400.0,PTVRP_LAYERED_CONT,8644.0,9,1,0.0029,8,8,1,2410,4.19861,,0,0,0,0,,,,,
Instances/Instances 3/rat575_09.gt,574,5000.0,86400.0,PTVRP_LAYERED_CONT,7550.0,4,1,0.0029,3,3,1,1122,1.9547,,0,0,0,0,,,,,
Instances/Instances 3/rat575_10.gt,574,10000.0,86400.0,PTVRP_LAYERED_CONT,7378.0,3,1,0.0027,2,2,1,750,1.30662,,0,0,0,0,,,,,
Instances/Instances 3/rat783_01.gt,782,10.0,86400.0,PTVRP_LAYERED_CONT,724330.0,425,14,0.0266,2009,2009,17,787463,1006.99,,0,0,250478,0,,,,,
Instances/Instances 3/rat783_02.gt,782,20.0,86400.0,PTVRP_LAYERED_CONT,362745.0,344,9,0.0185,974,974,10,381724,488.138,,0,0,213801,0,,,,,
Instances/Instances 3/rat783_03.gt,782,50.0,86400.0,PTVRP_LAYERED_CONT,155735.0,276,5,0.0113,402,402,6,158003,202.05,,1,0,127916,0,,,,,
Instances/Instances 3/rat783_04.gt,782,100.0,86400.0,PTVRP_LAYERED_CONT,80354.0,176,3,0.0076,196,196,3,75763,96.8836,,0,0,56537,0,,,,,
Instances/Instances 3/rat783_05.gt,782,200.0,86400.0,PTVRP_LAYERED_CONT,43678.0,109,2,0.0053,101,101,2,39721,50.7941,,0,0,23052,0,,,,,
Instances/Instances 3/rat783_06.gt,782,500.0,86400.0,PTVRP_LAYERED_CONT,21898.0,43,1,0.004,40,40,1,15561,19.899,,0,0,4924,0,,,,,
Instances/Instances 3/rat783_07.gt,782,1000.0,86400.0,PTVRP_LAYERED_CONT,15074.0,23,1,0.0035,20,20,1,8292,10.6036,,0,0,1178,0,,,,,
Instances/Instances 3/rat783_08.gt,782,2000.0,86400.0,PTVRP_LAYERED_CONT,11474.0,12,1,0.003,10,10,1,4286,5.48082,,0,0,22,0,,,,,
Instances/Instances 3/rat783_09.gt,782,5000.0,86400.0,PTVRP_LAYERED_CONT,9899.0,5,1,0.003,4,4,1,1962,2.50895,,0,0,0,0,,,,,
Instances/Instances 3/rat783_10.gt,782,10000.0,86400.0,PTVRP_LAYERED_CONT,9552.0,3,1,0.0028,2,2,1,1165,1.48977,,0,0,0,0,,,,,
Instances/Instances 3/rat99_01.gt,98,10.0,86400.0,PTVRP_LAYERED_CONT,30816.0,69,7,0.0032,221,221,8,10878,111.0,,0,0,930,0,,,,,
Instances/Instances 3/rat99_02.gt,98,20.0,86400.0,PTVRP_LAYERED_CONT,16698.0,59,5,0.0028,115,115,5,5761,58.7857,,0,0,272,0,,,,,
Instances/Instances 3/rat99_03.gt,98,50.0,86400.0,PTVRP_LAYERED_CONT,8264.0,51,3,0.0027,51,51,3,2389,24.3776,,0,0,0,0,,,,,
Instances/Instances 3/rat99_04.gt,98,100.0,86400.0,PTVRP_LAYERED_CONT,4617.0,29,2,0.0024,26,26,2,1300,13.2653,,0,0,0,0,,,,,
Instances/Instances 3/rat99_05.gt,98,200.0,86400.0,PTVRP_LAYERED_CONT,2637.0,14,1,0.0025,12,12,1,617,6.29592,,0,0,0,0,,,,,
Instances/Instances 3/rat99_06.gt,98,500.0,86400.0,PTVRP_LAYERED_CONT,1792.0,6,1,0.0023,6,6,1,313,3.19388,,0,0,0,0,,,,,
Instances/Instances 3/rat99_07.gt,98,1000.0,86400.0,PTVRP_LAYERED_CONT,1499.0,3,1,0.0024,3,3,1,180,1.83673,,0,0,0,0,,,,,
Instances/Instances 3/rat99_08.gt,98,2000.0,86400.0,PTVRP_LAYERED_CONT,1399.0,2,1,0.0024,2,2,1,125,1.27551,,0,0,0,0,,,,,
Instances/Instances 3/rat99_09.gt,98,5000.0,86400.0,PTVRP_LAYERED_CONT,1395.0,1,1,0.0023,1,1,1,98,1.0,,0,0,0,0,,,,,
Instances/Instances 3/rat99_10.gt,98,10000.0,86400.0,PTVRP_LAYERED_CONT,1395.0,1,1,0.0026,1,1,1,98,1.0,,0,0,0,0,,,,,
Instances/Instances 3/rd100_01.gt,99,10.0,86400.0,PTVRP_LAYERED_CONT,201225.0,63,9,0.0029,220,220,9,10872,109.818,,0,0,3058,0,,,,,
Instances/Instances 3/rd100_02.gt,99,20.0,86400.0,PTVRP_LAYERED_CONT,114753.0,54,6,0.0032,117,117,7,6021,60.8182,,0,0,2315,0,,,,,
Instances/Instances 3/rd100_03.gt,99,50.0,86400.0,PTVRP_LAYERED_CONT,54984.0,46,3,0.0027,52,52,4,2623,26.4949,,0,0,1108,0,,,,,
Instances/Instances 3/rd100_04.gt,99,100.0,86400.0,PTVRP_LAYERED_CONT,29763.0,27,2,0.0025,26,26,2,1263,12.7576,,0,0,311,0,,,,,
Instances/Instances 3/rd100_05.gt,99,200.0,86400.0,PTVRP_LAYERED_CONT,17924.0,15,1,0.0023,13,13,1,713,7.20202,,0,0,28,0,,,,,
Instances/Instances 3/rd100_06.gt,99,500.0,86400.0,PTVRP_LAYERED_CONT,11741.0,6,1,0.0022,6,6,1,321,3.24242,,0,0,0,0,,,,,
Instances/Instances 3/rd100_07.gt,99,1000.0,86400.0,PTVRP_LAYERED_CONT,9875.0,4,1,0.0022,3,3,1,188,1.89899,,0,0,0,0,,,,,
Instances/Instances 3/rd100_08.gt,99,2000.0,86400.0,PTVRP_LAYERED_CONT,9159.0,3,1,0.0022,2,2,1,120,1.21212,,0,0,0,0,,,,,
Instances/Instances 3/rd100_09.gt,99,5000.0,86400.0,PTVRP_LAYERED_CONT,8967.0,2,1,0.0025,1,1,1,99,1.0,,0,0,0,0,,,,,
Instances/Instances 3/rd100_10.gt,99,10000.0,86400.0,PTVRP_LAYERED_CONT,8967.0,2,1,0.0023,1,1,1,99,1.0,,0,0,0,0,,,,,
Instances/Instances 3/rd400_01.gt,399,10.0,86400.0,PTVRP_LAYERED_CONT,851551.0,241,15,0.0096,1000,1000,15,204430,512.356,,0,0,65667,0,,,,,
Instances/Instances 3/rd400_02.gt,399,20.0,86400.0,PTVRP_LAYERED_CONT,434910.0,199,7,0.007,506,506,8,105234,263.744,,0,0,56315,0,,,,,
Instances/Instances 3/rd400_03.gt,399,50.0,86400.0,PTVRP_LAYERED_CONT,187827.0,150,5,0.0052,204,204,5,41395,103.747,,0,0,34080,0,,,,,
Instances/Instances 3/rd400_04.gt,399,100.0,86400.0,PTVRP_LAYERED_CONT,95985.0,94,2,0.004,97,97,3,19164,48.0301,,0,0,15245,0,,,,,
Instances/Instances 3/rd400_05.gt,399,200.0,86400.0,PTVRP_LAYERED_CONT,57378.0,59,1,0.0033,54,54,2,11114,27.8546,,0,0,7234,0,,,,,
Instances/Instances 3/rd400_06.gt,399,500.0,86400.0,PTVRP_LAYERED_CONT,29353.0,23,1,0.0028,21,21,1,4404,11.0376,,0,0,1656,0,,,,,
Instances/Instances 3/rd400_07.gt,399,1000.0,86400.0,PTVRP_LAYERED_CONT,21319.0,11,1,0.0025,11,11,1,2259,5.66165,,0,0,360,0,,,,,
Instances/Instances 3/rd400_08.gt,399,2000.0,86400.0,PTVRP_LAYERED_CONT,18089.0,7,1,0.0025,6,6,1,1224,3.06767,,0,0,14,0,,,,,
Instances/Instances 3/rd400_09.gt,399,5000.0,86400.0,PTVRP_LAYERED_CONT,15679.0,3,1,0.0025,3,3,1,601,1.50627,,0,0,0,0,,,,,
Instances/Instances 3/rd400_10.gt,399,10000.0,86400.0,PTVRP_LAYERED_CONT,15337.0,2,1,0.0026,2,2,1,400,1.00251,,0,0,0,0,,,,,
Instances/Instances 3/rl11849_01.gt,11848,10.0,86400.0,PTVRP_LAYERED_CONT,NO SOLUTION,,,4.2436,30018,30018,18,177339038,14967.8,,0,0,12863251,0,,,,,
Instances/Instances 3/rl11849_02.gt,11848,20.0,86400.0,PTVRP_LAYERED_CONT,173031497.0,4599,13,3.3022,15180,15180,14,89882332,7586.29,,0,0,57879083,0,,,,,
Instances/Instances 3/rl11849_03.gt,11848,50.0,86400.0,PTVRP_LAYERED_CONT,68919574.0,2769,9,1.564,6085,6085,9,35995293,3038.09,,0,0,39463432,0,,,,,
Instances/Instances 3/rl11849_04.gt,11848,100.0,86400.0,PTVRP_LAYERED_CONT,34716965.0,1812,5,0.7648,3031,3031,6,17957514,1515.66,,1,0,23023681,0,,,,,
Instances/Instances 3/rl11849_05.gt,11848,200.0,86400.0,PTVRP_LAYERED_CONT,17970324.0,1292,4,0.4026,1533,1533,5,9109948,768.902,,0,0,13387119,0,,,,,
Instances/Instances 3/rl11849_06.gt,11848,500.0,86400.0,PTVRP_LAYERED_CONT,7471232.0,613,2,0.1723,605,605,3,3594307,303.368,,0,0,6176015,0,,,,,
Instances/Instances 3/rl11849_07.gt,11848,1000.0,86400.0,PTVRP_LAYERED_CONT,4147345.0,311,1,0.0932,303,303,2,1789168,151.01,,0,0,3456069,0,,,,,
Instances/Instances 3/rl11849_08.gt,11848,2000.0,86400.0,PTVRP_LAYERED_CONT,2478882.0,155,1,0.054,151,151,1,893212,75.3893,,0,0,1995800,0,,,,,
Instances/Instances 3/rl11849_09.gt,11848,5000.0,86400.0,PTVRP_LAYERED_CONT,1501231.0,66,1,0.0281,61,61,1,364332,30.7505,,0,0,983527,0,,,,,
Instances/Instances 3/rl11849_10.gt,11848,10000.0,86400.0,PTVRP_LAYERED_CONT,1184855.0,34,1,0.0195,31,31,1,184509,15.573,,0,0,656515,0,,,,,
Instances/Instances 3/rl1304_01.gt,1303,10.0,86400.0,PTVRP_LAYERED_CONT,NO SOLUTION,,,0.0527,3286,3286,6,2163813,1660.64,,0,0,29334,0,,,,,
Instances/Instances 3/rl1304_02.gt,1303,20.0,86400.0,PTVRP_LAYERED_CONT,19139564.0,568,9,0.0424,1665,1665,11,1092548,838.487,,0,0,708939,0,,,,,
Instances/Instances 3/rl1304_03.gt,1303,50.0,86400.0,PTVRP_LAYERED_CONT,7819815.0,394,6,0.0236,675,675,7,440454,338.031,,0,0,517502,0,,,,,
Instances/Instances 3/rl1304_04.gt,1303,100.0,86400.0,PTVRP_LAYERED_CONT,3897915.0,248,4,0.0143,330,330,5,217632,167.024,,0,0,331283,0,,,,,
Instances/Instances 3/rl1304_05.gt,1303,200.0,86400.0,PTVRP_LAYERED_CONT,2080639.0,164,2,0.0096,167,167,3,109945,84.3784,,0,0,204418,0,,,,,
Instances/Instances 3/rl1304_06.gt,1303,500.0,86400.0,PTVRP_LAYERED_CONT,931038.0,69,1,0.0057,66,66,2,43132,33.1021,,0,0,97719,0,,,,,
Instances/Instances 3/rl1304_07.gt,1303,1000.0,86400.0,PTVRP_LAYERED_CONT,588312.0,36,1,0.0046,34,34,1,22523,17.2855,,0,0,55834,0,,,,,
Instances/Instances 3/rl1304_08.gt,1303,2000.0,86400.0,PTVRP_LAYERED_CONT,402794.0,19,1,0.0037,17,17,1,11581,8.88795,,0,0,28829,0,,,,,
Instances/Instances 3/rl1304_09.gt,1303,5000.0,86400.0,PTVRP_LAYERED_CONT,306416.0,9,1,0.0033,7,7,1,5099,3.91328,,0,0,18627,0,,,,,
Instances/Instances 3/rl1304_10.gt,1303,10000.0,86400.0,PTVRP_LAYERED_CONT,279685.0,5,1,0.0034,4,4,1,2850,2.18726,,0,0,9625,0,,,,,
Instances/Instances 3/rl1323_01.gt,1322,10.0,86400.0,PTVRP_LAYERED_CONT,NO SOLUTION,,,0.0579,3441,3441,12,2329039,1761.75,,0,0,223026,0,,,,,
Instances/Instances 3/rl1323_02.gt,1322,20.0,86400.0,PTVRP_LAYERED_CONT,19699766.0,552,9,0.0433,1667,1667,10,1098462,830.909,,0,0,721985,0,,,,,
Instances/Instances 3/rl1323_03.gt,1322,50.0,86400.0,PTVRP_LAYERED_CONT,7991523.0,394,6,0.024,667,667,7,441977,334.325,,0,0,516058,0,,,,,
Instances/Instances 3/rl1323_04.gt,1322,100.0,86400.0,PTVRP_LAYERED_CONT,4156895.0,248,4,0.015,341,341,5,227105,171.789,,0,0,331016,0,,,,,
Instances/Instances 3/rl1323_05.gt,1322,200.0,86400.0,PTVRP_LAYERED_CONT,2180148.0,172,2,0.0096,170,170,3,111515,84.3533,,0,0,188201,0,,,,,
Instances/Instances 3/rl1323_06.gt,1322,500.0,86400.0,PTVRP_LAYERED_CONT,999201.0,72,1,0.0059,68,68,2,45379,34.326,,0,0,88430,0,,,,,
Instances/Instances 3/rl1323_07.gt,1322,1000.0,86400.0,PTVRP_LAYERED_CONT,628803.0,35,1,0.0047,35,35,1,23162,17.5204,,0,0,47502,0,,,,,
Instances/Instances 3/rl1323_08.gt,1322,2000.0,86400.0,PTVRP_LAYERED_CONT,431896.0,19,1,0.0039,17,17,1,11730,8.87292,,0,0,27390,0,,,,,
Instances/Instances 3/rl1323_09.gt,1322,5000.0,86400.0,PTVRP_LAYERED_CONT,330625.0,8,1,0.0034,7,7,1,5149,3.89486,,0,0,18074,0,,,,,
Instances/Instances 3/rl1323_10.gt,1322,10000.0,86400.0,PTVRP_LAYERED_CONT,305210.0,5,1,0.0034,4,4,1,3026,2.28896,,0,0,9530,0,,,,,
Instances/Instances 3/rl1889_01.gt,1888,10.0,86400.0,PTVRP_LAYERED_CONT,NO SOLUTION,,,0.1123,4815,4815,4,4569760,2420.42,,0,0,7543,0,,,,,
Instances/Instances 3/rl1889_02.gt,1888,20.0,86400.0,PTVRP_LAYERED_CONT,30029449.0,795,10,0.0829,2411,2411,10,2274677,1204.81,,0,0,1466063,0,,,,,
Instances/Instances 3/rl1889_03.gt,1888,50.0,86400.0,PTVRP_LAYERED_CONT,12231684.0,521,6,0.0444,968,968,8,897175,475.199,,0,0,1023408,0,,,,,
Instances/Instances 3/rl1889_04.gt,1888,100.0,86400.0,PTVRP_LAYERED_CONT,6250762.0,353,4,0.0257,482,482,5,454760,240.869,,0,0,631805,0,,,,,
Instances/Instances 3/rl1889_05.gt,1888,200.0,86400.0,PTVRP_LAYERED_CONT,3284905.0,219,2,0.0159,244,244,4,232638,123.219,,0,0,376874,0,,,,,
Instances/Instances 3/rl1889_06.gt,1888,500.0,86400.0,PTVRP_LAYERED_CONT,1444382.0,101,1,0.0088,96,96,2,91105,48.2548,,0,0,164604,0,,,,,
Instances/Instances 3/rl1889_07.gt,1888,1000.0,86400.0,PTVRP_LAYERED_CONT,874742.0,52,1,0.0061,50,50,2,47021,24.9052,,0,0,97241,0,,,,,
Instances/Instances 3/rl1889_08.gt,1888,2000.0,86400.0,PTVRP_LAYERED_CONT,576310.0,26,1,0.0048,24,24,1,23564,12.4809,,0,0,53023,0,,,,,
Instances/Instances 3/rl1889_09.gt,1888,5000.0,86400.0,PTVRP_LAYERED_CONT,405617.0,11,1,0.0039,10,10,1,10047,5.3215,,0,0,32707,0,,,,,
Instances/Instances 3/rl1889_10.gt,1888,10000.0,86400.0,PTVRP_LAYERED_CONT,359033.0,6,1,0.0037,5,5,1,5544,2.93644,,0,0,17774,0,,,,,
Instances/Instances 3/rl5915_01.gt,5914,10.0,86400.0,PTVRP_LAYERED_CONT,NO SOLUTION,,,0.9839,14839,14839,5,43883365,7420.25,,0,0,187884,0,,,,,
Instances/Instances 3/rl5915_02.gt,5914,20.0,86400.0,PTVRP_LAYERED_CONT,84106777.0,2262,12,0.777,7511,7511,13,22190255,3752.16,,0,0,14495114,0,,,,,
Instances/Instances 3/rl5915_03.gt,5914,50.0,86400.0,PTVRP_LAYERED_CONT,34062687.0,1467,8,0.3723,3033,3033,9,9015816,1524.49,,0,0,10219390,0,,,,,
Instances/Instances 3/rl5915_04.gt,5914,100.0,86400.0,PTVRP_LAYERED_CONT,17126113.0,952,6,0.2003,1505,1505,6,4448711,752.234,,0,0,6233821,0,,,,,
Instances/Instances 3/rl5915_05.gt,5914,200.0,86400.0,PTVRP_LAYERED_CONT,8816092.0,656,3,0.1103,755,755,4,2215713,374.656,,0,0,3780840,0,,,,,
Instances/Instances 3/rl5915_06.gt,5914,500.0,86400.0,PTVRP_LAYERED_CONT,3815546.0,316,2,0.0502,306,306,3,901351,152.41,,0,0,1899459,0,,,,,
Instances/Instances 3/rl5915_07.gt,5914,1000.0,86400.0,PTVRP_LAYERED_CONT,2105311.0,155,1,0.029,150,150,2,445650,75.3551,,0,0,1101585,0,,,,,
Instances/Instances 3/rl5915_08.gt,5914,2000.0,86400.0,PTVRP_LAYERED_CONT,1327245.0,81,1,0.0191,76,76,1,227161,38.4107,,0,0,659423,0,,,,,
Instances/Instances 3/rl5915_09.gt,5914,5000.0,86400.0,PTVRP_LAYERED_CONT,839782.0,35,1,0.011,31,31,1,92295,15.6062,,0,0,342132,0,,,,,
Instances/Instances 3/rl5915_10.gt,5914,10000.0,86400.0,PTVRP_LAYERED_CONT,686835.0,18,1,0.0086,16,16,1,47031,7.95249,,0,0,266810,0,,,,,
Instances/Instances 3/rl5934_01.gt,5933,10.0,86400.0,PTVRP_LAYERED_CONT,NO SOLUTION,,,0.9956,15157,15157,4,45053464,7593.71,,0,0,17794,0,,,,,
Instances/Instances 3/rl5934_02.gt,5933,20.0,86400.0,PTVRP_LAYERED_CONT,83602771.0,2376,13,0.7794,7533,7533,13,22340494,3765.46,,0,0,14667629,0,,,,,
Instances/Instances 3/rl5934_03.gt,5933,50.0,86400.0,PTVRP_LAYERED_CONT,33259022.0,1454,8,0.3818,3029,3029,9,9013250,1519.17,,0,0,10402185,0,,,,,
Instances/Instances 3/rl5934_04.gt,5933,100.0,86400.0,PTVRP_LAYERED_CONT,17180449.0,981,5,0.2048,1535,1535,7,4541328,765.435,,0,0,6566389,0,,,,,
Instances/Instances 3/rl5934_05.gt,5933,200.0,86400.0,PTVRP_LAYERED_CONT,8670229.0,647,3,0.1117,758,758,4,2254020,379.912,,0,0,3993077,0,,,,,
Instances/Instances 3/rl5934_06.gt,5933,500.0,86400.0,PTVRP_LAYERED_CONT,3739989.0,308,2,0.0525,304,304,3,900550,151.787,,0,0,2061950,0,,,,,
Instances/Instances 3/rl5934_07.gt,5933,1000.0,86400.0,PTVRP_LAYERED_CONT,2122527.0,159,1,0.0295,153,153,2,454504,76.6061,,0,0,1193387,0,,,,,
Instances/Instances 3/rl5934_08.gt,5933,2000.0,86400.0,PTVRP_LAYERED_CONT,1301907.0,80,1,0.0179,76,76,2,225209,37.9587,,0,0,647955,0,,,,,
Instances/Instances 3/rl5934_09.gt,5933,5000.0,86400.0,PTVRP_LAYERED_CONT,834248.0,34,1,0.0112,31,31,1,93205,15.7096,,0,0,343648,0,,,,,
Instances/Instances 3/rl5934_10.gt,5933,10000.0,86400.0,PTVRP_LAYERED_CONT,679767.0,19,1,0.0085,16,16,1,48680,8.20496,,0,0,237241,0,,,,,
Instances/Instances 3/rw1621_01.gt,1620,10.0,86400.0,PTVRP_LAYERED_CONT,4699717.0,722,25,0.0964,4189,4189,25,3410243,2105.09,,0,0,1205392,0,,,,,
Instances/Instances 3/rw1621_02.gt,1620,20.0,86400.0,PTVRP_LAYERED_CONT,2345740.0,543,13,0.0663,2072,2072,17,1666544,1028.73,,0,0,1113039,0,,,,,
Instances/Instances 3/rw1621_03.gt,1620,50.0,86400.0,PTVRP_LAYERED_CONT,965063.0,434,8,0.0362,824,824,11,666938,411.69,,0,0,837840,0,,,,,
Instances/Instances 3/rw1621_04.gt,1620,100.0,86400.0,PTVRP_LAYERED_CONT,506231.0,292,5,0.024,423,423,6,347969,214.796,,0,0,544500,0,,,,,
Instances/Instances 3/rw1621_05.gt,1620,200.0,86400.0,PTVRP_LAYERED_CONT,260128.0,198,3,0.0137,207,207,4,170597,105.307,,0,0,273332,0,,,,,
Instances/Instances 3/rw1621_06.gt,1620,500.0,86400.0,PTVRP_LAYERED_CONT,114574.0,86,1,0.0077,83,83,2,67830,41.8704,,0,0,92239,0,,,,,
Instances/Instances 3/rw1621_07.gt,1620,1000.0,86400.0,PTVRP_LAYERED_CONT,68398.0,43,1,0.0054,41,41,2,34314,21.1815,,0,0,37967,0,,,,,
Instances/Instances 3/rw1621_08.gt,1620,2000.0,86400.0,PTVRP_LAYERED_CONT,46842.0,23,1,0.0041,21,21,1,17508,10.8074,,0,0,13969,0,,,,,
Instances/Instances 3/rw1621_09.gt,1620,5000.0,86400.0,PTVRP_LAYERED_CONT,33543.0,10,1,0.0035,9,9,1,7608,4.6963,,0,0,2896,0,,,,,
Instances/Instances 3/rw1621_10.gt,1620,10000.0,86400.0,PTVRP_LAYERED_CONT,29392.0,5,1,0.0033,5,5,1,4139,2.55494,,0,0,80,0,,,,,
Instances/Instances 3/st70_01.gt,69,10.0,86400.0,PTVRP_LAYERED_CONT,13829.0,45,8,0.0026,152,152,8,5343,77.4348,,0,0,57,0,,,,,
Instances/Instances 3/st70_02.gt,69,20.0,86400.0,PTVRP_LAYERED_CONT,8001.0,41,6,0.0024,81,81,6,2936,42.5507,,0,0,0,0,,,,,
Instances/Instances 3/st70_03.gt,69,50.0,86400.0,PTVRP_LAYERED_CONT,3652.0,36,3,0.0024,36,36,3,1325,19.2029,,0,0,0,0,,,,,
Instances/Instances 3/st70_04.gt,69,100.0,86400.0,PTVRP_LAYERED_CONT,1928.0,19,1,0.0022,17,17,2,554,8.02899,,0,0,0,0,,,,,
Instances/Instances 3/st70_05.gt,69,200.0,86400.0,PTVRP_LAYERED_CONT,1331.0,11,1,0.0022,10,10,1,355,5.14493,,0,0,0,0,,,,,
Instances/Instances 3/st70_06.gt,69,500.0,86400.0,PTVRP_LAYERED_CONT,893.0,4,1,0.0022,4,4,1,158,2.28986,,0,0,0,0,,,,,
Instances/Instances 3/st70_07.gt,69,1000.0,86400.0,PTVRP_LAYERED_CONT,794.0,3,1,0.0021,2,2,1,97,1.4058,,0,0,0,0,,,,,
Instances/Instances 3/st70_08.gt,69,2000.0,86400.0,PTVRP_LAYERED_CONT,780.0,1,1,0.0022,1,1,1,69,1.0,,0,0,0,0,,,,,
Instances/Instances 3/st70_09.gt,69,5000.0,86400.0,PTVRP_LAYERED_CONT,780.0,1,1,0.0021,1,1,1,69,1.0,,0,0,0,0,,,,,
Instances/Instances 3/st70_10.gt,69,10000.0,86400.0,PTVRP_LAYERED_CONT,780.0,1,1,0.0022,1,1,1,69,1.0,,0,0,0,0,,,,,
Instances/Instances 3/sw24978_01.gt,24977,10.0,86400.0,PTVRP_LAYERED_CONT,NO SOLUTION,,,23.5863,63843,63843,22,795049015,31831.2,,0,0,177473027,0,,,,,
Instances/Instances 3/sw24978_02.gt,24977,20.0,86400.0,PTVRP_LAYERED_CONT,215776977.0,7551,18,16.2557,31795,31795,18,398345736,15948.5,,0,0,255890704,0,,,,,
Instances/Instances 3/sw24978_03.gt,24977,50.0,86400.0,PTVRP_LAYERED_CONT,86938039.0,4886,10,7.472,12716,12716,12,158707950,6354.16,,0,0,168685816,0,,,,,
Instances/Instances 3/sw24978_04.gt,24977,100.0,86400.0,PTVRP_LAYERED_CONT,44146043.0,3487,8,3.4445,6404,6404,8,79762935,3193.46,,0,0,90913157,0,,,,,
Instances/Instances 3/sw24978_05.gt,24977,200.0,86400.0,PTVRP_LAYERED_CONT,22141705.0,2467,4,1.6376,3158,3158,6,39462721,1579.96,,0,0,46482766,0,,,,,
Instances/Instances 3/sw24978_06.gt,24977,500.0,86400.0,PTVRP_LAYERED_CONT,9376744.0,1284,2,0.6743,1281,1281,3,15985832,640.022,,0,0,19070400,0,,,,,
Instances/Instances 3/sw24978_07.gt,24977,1000.0,86400.0,PTVRP_LAYERED_CONT,5014862.0,650,1,0.3463,636,636,2,7946750,318.163,,0,0,9342794,0,,,,,
Instances/Instances 3/sw24978_08.gt,24977,2000.0,86400.0,PTVRP_LAYERED_CONT,2899692.0,327,1,0.1876,319,319,2,4008972,160.507,,0,0,4738671,0,,,,,
Instances/Instances 3/sw24978_09.gt,24977,5000.0,86400.0,PTVRP_LAYERED_CONT,1654829.0,130,1,0.0902,128,128,1,1598749,64.0088,,0,0,1908669,0,,,,,
Instances/Instances 3/sw24978_10.gt,24977,10000.0,86400.0,PTVRP_LAYERED_CONT,1246108.0,68,1,0.0564,64,64,1,807789,32.3413,,0,0,994077,0,,,,,
Instances/Instances 3/ts225_01.gt,224,10.0,86400.0,PTVRP_LAYERED_CONT,6556133.0,162,9,0.0056,567,567,9,63221,282.237,,0,0,21978,0,,,,,
Instances/Instances 3/ts225_02.gt,224,20.0,86400.0,PTVRP_LAYERED_CONT,3748470.0,118,6,0.0045,312,312,6,35210,157.188,,0,0,20479,0,,,,,
Instances/Instances 3/ts225_03.gt,224,50.0,86400.0,PTVRP_LAYERED_CONT,1415669.0,100,3,0.0034,115,115,4,12943,57.7812,,0,0,14031,0,,,,,
Instances/Instances 3/ts225_04.gt,224,100.0,86400.0,PTVRP_LAYERED_CONT,788723.0,62,2,0.0035,60,60,3,6750,30.1339,,0,0,8404,0,,,,,
Instances/Instances 3/ts225_05.gt,224,200.0,86400.0,PTVRP_LAYERED_CONT,428839.0,31,2,0.0029,30,30,2,3337,14.8973,,0,0,4599,0,,,,,
Instances/Instances 3/ts225_06.gt,224,500.0,86400.0,PTVRP_LAYERED_CONT,236458.0,12,1,0.0025,11,11,1,1375,6.13839,,0,0,2005,0,,,,,
Instances/Instances 3/ts225_07.gt,224,1000.0,86400.0,PTVRP_LAYERED_CONT,168954.0,7,1,0.0023,6,6,1,722,3.22321,,0,0,882,0,,,,,
Instances/Instances 3/ts225_08.gt,224,2000.0,86400.0,PTVRP_LAYERED_CONT,148763.0,4,1,0.0024,3,3,1,429,1.91518,,0,0,826,0,,,,,
Instances/Instances 3/ts225_09.gt,224,5000.0,86400.0,PTVRP_LAYERED_CONT,143060.0,3,1,0.0023,2,2,1,254,1.13393,,0,0,171,0,,,,,
Instances/Instances 3/ts225_10.gt,224,10000.0,86400.0,PTVRP_LAYERED_CONT,143060.0,3,1,0.0026,1,1,1,224,1.0,,0,0,130,0,,,,,
Instances/Instances 3/tsp225_01.gt,224,10.0,86400.0,PTVRP_LAYERED_CONT,165557.0,145,12,0.0053,570,570,12,65566,292.705,,0,0,15623,0,,,,,
Instances/Instances 3/tsp225_02.gt,224,20.0,86400.0,PTVRP_LAYERED_CONT,97798.0,118,9,0.0042,312,312,9,33890,151.295,,0,0,12000,0,,,,,
Instances/Instances 3/tsp225_03.gt,224,50.0,86400.0,PTVRP_LAYERED_CONT,36199.0,99,3,0.0035,115,115,4,12975,57.9241,,0,0,4547,0,,,,,
Instances/Instances 3/tsp225_04.gt,224,100.0,86400.0,PTVRP_LAYERED_CONT,21346.0,64,2,0.0029,60,60,2,6712,29.9643,,0,0,1261,0,,,,,
Instances/Instances 3/tsp225_05.gt,224,200.0,86400.0,PTVRP_LAYERED_CONT,11893.0,32,1,0.0025,29,29,2,3294,14.7054,,0,0,92,0,,,,,
Instances/Instances 3/tsp225_06.gt,224,500.0,86400.0,PTVRP_LAYERED_CONT,6450.0,12,1,0.0025,11,11,1,1313,5.86161,,0,0,0,0,,,,,
Instances/Instances 3/tsp225_07.gt,224,1000.0,86400.0,PTVRP_LAYERED_CONT,5199.0,7,1,0.0028,6,6,1,740,3.30357,,0,0,0,0,,,,,
Instances/Instances 3/tsp225_08.gt,224,2000.0,86400.0,PTVRP_LAYERED_CONT,4600.0,3,1,0.0025,3,3,1,424,1.89286,,0,0,0,0,,,,,
Instances/Instances 3/tsp225_09.gt,224,5000.0,86400.0,PTVRP_LAYERED_CONT,4425.0,2,1,0.0025,2,2,1,259,1.15625,,0,0,0,0,,,,,
Instances/Instances 3/tsp225_10.gt,224,10000.0,86400.0,PTVRP_LAYERED_CONT,4418.0,1,1,0.0026,1,1,1,224,1.0,,0,0,0,0,,,,,
Instances/Instances 3/tz6117_01.gt,6116,10.0,86400.0,PTVRP_LAYERED_CONT,121747404.0,3363,17,1.4184,15444,15444,20,47427251,7754.62,,0,0,17103119,0,,,,,
Instances/Instances 3/tz6117_02.gt,6116,20.0,86400.0,PTVRP_LAYERED_CONT,62122181.0,2109,13,0.8455,7899,7899,14,24260033,3966.65,,0,0,15554412,0,,,,,
Instances/Instances 3/tz6117_03.gt,6116,50.0,86400.0,PTVRP_LAYERED_CONT,24897459.0,1411,9,0.4065,3109,3109,11,9558591,1562.88,,0,0,10630889,0,,,,,
Instances/Instances 3/tz6117_04.gt,6116,100.0,86400.0,PTVRP_LAYERED_CONT,12796072.0,974,5,0.2142,1577,1577,8,4826070,789.089,,0,0,6179881,0,,,,,
Instances/Instances 3/tz6117_05.gt,6116,200.0,86400.0,PTVRP_LAYERED_CONT,6388578.0,654,4,0.1175,770,770,5,2352321,384.618,,0,0,3270667,0,,,,,
Instances/Instances 3/tz6117_06.gt,6116,500.0,86400.0,PTVRP_LAYERED_CONT,2800909.0,322,2,0.0513,315,315,3,965402,157.849,,0,0,1355339,0,,,,,
Instances/Instances 3/tz6117_07.gt,6116,1000.0,86400.0,PTVRP_LAYERED_CONT,1564677.0,162,1,0.0294,157,157,3,483784,79.1014,,0,0,676379,0,,,,,
Instances/Instances 3/tz6117_08.gt,6116,2000.0,86400.0,PTVRP_LAYERED_CONT,958294.0,81,1,0.0179,79,79,1,241721,39.5227,,0,0,327344,0,,,,,
Instances/Instances 3/tz6117_09.gt,6116,5000.0,86400.0,PTVRP_LAYERED_CONT,613237.0,33,1,0.0108,32,32,1,97730,15.9794,,0,0,133308,0,,,,,
Instances/Instances 3/tz6117_10.gt,6116,10000.0,86400.0,PTVRP_LAYERED_CONT,497770.0,17,1,0.0083,16,16,1,51061,8.34876,,0,0,69760,0,,,,,
Instances/Instances 3/u1060_01.gt,1059,10.0,86400.0,PTVRP_LAYERED_CONT,27657271.0,700,11,0.0441,2711,2711,11,1416289,1337.38,,0,0,504035,0,,,,,
Instances/Instances 3/u1060_02.gt,1059,20.0,86400.0,PTVRP_LAYERED_CONT,13760289.0,459,8,0.0296,1327,1327,9,698062,659.171,,0,0,450957,0,,,,,
Instances/Instances 3/u1060_03.gt,1059,50.0,86400.0,PTVRP_LAYERED_CONT,5674230.0,348,5,0.0171,555,555,6,293269,276.93,,0,0,325822,0,,,,,
Instances/Instances 3/u1060_04.gt,1059,100.0,86400.0,PTVRP_LAYERED_CONT,2971375.0,214,4,0.0107,274,274,4,146263,138.114,,0,0,189109,0,,,,,
Instances/Instances 3/u1060_05.gt,1059,200.0,86400.0,PTVRP_LAYERED_CONT,1538512.0,135,3,0.0071,135,135,3,72356,68.3248,,0,0,105378,0,,,,,
Instances/Instances 3/u1060_06.gt,1059,500.0,86400.0,PTVRP_LAYERED_CONT,724094.0,59,1,0.0047,54,54,2,29078,27.458,,0,0,43172,0,,,,,
Instances/Instances 3/u1060_07.gt,1059,1000.0,86400.0,PTVRP_LAYERED_CONT,463130.0,28,1,0.0038,27,27,1,14379,13.5779,,0,0,20187,0,,,,,
Instances/Instances 3/u1060_08.gt,1059,2000.0,86400.0,PTVRP_LAYERED_CONT,344575.0,15,1,0.0034,14,14,1,7821,7.38527,,0,0,10362,0,,,,,
Instances/Instances 3/u1060_09.gt,1059,5000.0,86400.0,PTVRP_LAYERED_CONT,265974.0,8,1,0.003,6,6,1,3313,3.12842,,0,0,6589,0,,,,,
Instances/Instances 3/u1060_10.gt,1059,10000.0,86400.0,PTVRP_LAYERED_CONT,245381.0,4,1,0.0029,3,3,1,1979,1.86874,,0,0,4188,0,,,,,
Instances/Instances 3/u1432_01.gt,1431,10.0,86400.0,PTVRP_LAYERED_CONT,15121146.0,755,14,0.0745,3503,3503,16,2554002,1784.77,,0,0,921304,0,,,,,
Instances/Instances 3/u1432_02.gt,1431,20.0,86400.0,PTVRP_LAYERED_CONT,8132376.0,552,12,0.0496,1832,1832,13,1315712,919.435,,0,0,835541,0,,,,,
Instances/Instances 3/u1432_03.gt,1431,50.0,86400.0,PTVRP_LAYERED_CONT,3305377.0,442,5,0.0266,719,719,6,514733,359.702,,0,0,549203,0,,,,,
Instances/Instances 3/u1432_04.gt,1431,100.0,86400.0,PTVRP_LAYERED_CONT,1723255.0,292,3,0.0161,362,362,4,263422,184.082,,0,0,308644,0,,,,,
Instances/Instances 3/u1432_05.gt,1431,200.0,86400.0,PTVRP_LAYERED_CONT,927506.0,187,2,0.0101,184,184,2,131704,92.0363,,0,0,155211,0,,,,,
Instances/Instances 3/u1432_06.gt,1431,500.0,86400.0,PTVRP_LAYERED_CONT,444446.0,79,1,0.0059,74,74,1,53123,37.123,,0,0,60725,0,,,,,
Instances/Instances 3/u1432_07.gt,1431,1000.0,86400.0,PTVRP_LAYERED_CONT,293385.0,41,1,0.0046,37,37,1,27106,18.942,,0,0,29574,0,,,,,
Instances/Instances 3/u1432_08.gt,1431,2000.0,86400.0,PTVRP_LAYERED_CONT,218691.0,23,1,0.0038,19,19,1,13932,9.73585,,0,0,14126,0,,,,,
Instances/Instances 3/u1432_09.gt,1431,5000.0,86400.0,PTVRP_LAYERED_CONT,173788.0,9,1,0.0032,8,8,1,5966,4.16911,,0,0,5557,0,,,,,
Instances/Instances 3/u1432_10.gt,1431,10000.0,86400.0,PTVRP_LAYERED_CONT,163339.0,6,1,0.0031,4,4,1,3401,2.37666,,0,0,4802,0,,,,,
Instances/Instances 3/u159_01.gt,158,10.0,86400.0,PTVRP_LAYERED_CONT,1955024.0,104,10,0.0037,419,419,14,33514,212.114,,0,0,10560,0,,,,,
Instances/Instances 3/u159_02.gt,158,20.0,86400.0,PTVRP_LAYERED_CONT,951395.0,82,6,0.0032,195,195,6,15295,96.8038,,0,0,9675,0,,,,,
Instances/Instances 3/u159_03.gt,158,50.0,86400.0,PTVRP_LAYERED_CONT,384199.0,59,4,0.0029,74,74,4,5731,36.2722,,0,0,5572,0,,,,,
Instances/Instances 3/u159_04.gt,158,100.0,86400.0,PTVRP_LAYERED_CONT,211969.0,38,2,0.0031,38,38,2,3043,19.2595,,0,0,2887,0,,,,,
Instances/Instances 3/u159_05.gt,158,200.0,86400.0,PTVRP_LAYERED_CONT,125701.0,20,2,0.0025,20,20,2,1618,10.2405,,0,0,1429,0,,,,,
Instances/Instances 3/u159_06.gt,158,500.0,86400.0,PTVRP_LAYERED_CONT,70115.0,8,1,0.0024,8,8,1,603,3.81646,,0,0,306,0,,,,,
Instances/Instances 3/u159_07.gt,158,1000.0,86400.0,PTVRP_LAYERED_CONT,55634.0,4,1,0.0025,4,4,1,392,2.48101,,0,0,47,0,,,,,
Instances/Instances 3/u159_08.gt,158,2000.0,86400.0,PTVRP_LAYERED_CONT,49745.0,3,1,0.0023,3,3,1,240,1.51899,,0,0,1,0,,,,,
Instances/Instances 3/u159_09.gt,158,5000.0,86400.0,PTVRP_LAYERED_CONT,47792.0,1,1,0.0023,1,1,1,158,1.0,,0,0,0,0,,,,,
Instances/Instances 3/u159_10.gt,158,10000.0,86400.0,PTVRP_LAYERED_CONT,47792.0,1,1,0.0024,1,1,1,158,1.0,,0,0,0,0,,,,,
Instances/Instances 3/u1817_01.gt,1816,10.0,86400.0,PTVRP_LAYERED_CONT,8331342.0,886,19,0.1205,4658,4658,20,4293131,2364.06,,0,0,1497758,0,,,,,
Instances/Instances 3/u1817_02.gt,1816,20.0,86400.0,PTVRP_LAYERED_CONT,4240676.0,668,13,0.0776,2320,2320,15,2101061,1156.97,,0,0,1338446,0,,,,,
Instances/Instances 3/u1817_03.gt,1816,50.0,86400.0,PTVRP_LAYERED_CONT,1751242.0,535,8,0.0423,921,921,8,831768,458.022,,0,0,919768,0,,,,,
Instances/Instances 3/u1817_04.gt,1816,100.0,86400.0,PTVRP_LAYERED_CONT,926278.0,372,4,0.0246,469,469,5,425330,234.213,,0,0,551628,0,,,,,
Instances/Instances 3/u1817_05.gt,1816,200.0,86400.0,PTVRP_LAYERED_CONT,473231.0,228,2,0.0152,232,232,3,213278,117.444,,0,0,301784,0,,,,,
Instances/Instances 3/u1817_06.gt,1816,500.0,86400.0,PTVRP_LAYERED_CONT,213504.0,97,1,0.008,92,92,2,84688,46.6344,,0,0,114355,0,,,,,
Instances/Instances 3/u1817_07.gt,1816,1000.0,86400.0,PTVRP_LAYERED_CONT,135079.0,50,1,0.0057,47,47,1,43235,23.8078,,0,0,52626,0,,,,,
Instances/Instances 3/u1817_08.gt,1816,2000.0,86400.0,PTVRP_LAYERED_CONT,94956.0,25,1,0.0044,23,23,1,21857,12.0358,,0,0,24957,0,,,,,
Instances/Instances 3/u1817_09.gt,1816,5000.0,86400.0,PTVRP_LAYERED_CONT,71935.0,11,1,0.0038,10,10,1,9326,5.13546,,0,0,7715,0,,,,,
Instances/Instances 3/u1817_10.gt,1816,10000.0,86400.0,PTVRP_LAYERED_CONT,64428.0,6,1,0.004,5,5,1,5176,2.85022,,0,0,2400,0,,,,,
Instances/Instances 3/u2152_01.gt,2151,10.0,86400.0,PTVRP_LAYERED_CONT,9937986.0,1041,19,0.1637,5503,5503,22,5847178,2718.35,,0,0,2102627,0,,,,,
Instances/Instances 3/u2152_02.gt,2151,20.0,86400.0,PTVRP_LAYERED_CONT,5090787.0,768,14,0.1052,2736,2736,17,2937274,1365.54,,0,0,1866262,0,,,,,
Instances/Instances 3/u2152_03.gt,2151,50.0,86400.0,PTVRP_LAYERED_CONT,2115005.0,596,7,0.0562,1107,1107,9,1170933,544.367,,0,0,1269064,0,,,,,
Instances/Instances 3/u2152_04.gt,2151,100.0,86400.0,PTVRP_LAYERED_CONT,1079166.0,406,4,0.0323,549,549,6,598639,278.307,,0,0,754116,0,,,,,
Instances/Instances 3/u2152_05.gt,2151,200.0,86400.0,PTVRP_LAYERED_CONT,558921.0,263,2,0.0188,272,272,3,295192,137.235,,0,0,400244,0,,,,,
Instances/Instances 3/u2152_06.gt,2151,500.0,86400.0,PTVRP_LAYERED_CONT,255346.0,113,2,0.0103,110,110,2,120678,56.1032,,0,0,161184,0,,,,,
Instances/Instances 3/u2152_07.gt,2151,1000.0,86400.0,PTVRP_LAYERED_CONT,157568.0,59,1,0.0073,55,55,1,60399,28.0795,,0,0,76555,0,,,,,
Instances/Instances 3/u2152_08.gt,2151,2000.0,86400.0,PTVRP_LAYERED_CONT,108774.0,30,1,0.0056,28,28,1,30468,14.1646,,0,0,34489,0,,,,,
Instances/Instances 3/u2152_09.gt,2151,5000.0,86400.0,PTVRP_LAYERED_CONT,80340.0,13,1,0.0044,11,11,1,12907,6.00046,,0,0,11206,0,,,,,
Instances/Instances 3/u2152_10.gt,2151,10000.0,86400.0,PTVRP_LAYERED_CONT,71897.0,7,1,0.0044,6,6,1,7097,3.2994,,0,0,4439,0,,,,,
Instances/Instances 3/u2319_01.gt,2318,10.0,86400.0,PTVRP_LAYERED_CONT,23843851.0,1247,16,0.1951,5928,5928,16,6842507,2951.9,,0,0,2435931,0,,,,,
Instances/Instances 3/u2319_02.gt,2318,20.0,86400.0,PTVRP_LAYERED_CONT,12290127.0,937,10,0.12,2970,2970,13,3446831,1486.98,,0,0,2186307,0,,,,,
Instances/Instances 3/u2319_03.gt,2318,50.0,86400.0,PTVRP_LAYERED_CONT,5087921.0,743,6,0.061,1182,1182,7,1391623,600.355,,0,0,1447111,0,,,,,
Instances/Instances 3/u2319_04.gt,2318,100.0,86400.0,PTVRP_LAYERED_CONT,2666310.0,499,4,0.0333,595,595,4,686301,296.075,,0,0,750503,0,,,,,
Instances/Instances 3/u2319_05.gt,2318,200.0,86400.0,PTVRP_LAYERED_CONT,1384929.0,298,2,0.0192,291,291,2,337364,145.541,,0,0,367585,0,,,,,
Instances/Instances 3/u2319_06.gt,2318,500.0,86400.0,PTVRP_LAYERED_CONT,678790.0,126,1,0.0102,119,119,2,139360,60.1208,,0,0,148582,0,,,,,
Instances/Instances 3/u2319_07.gt,2318,1000.0,86400.0,PTVRP_LAYERED_CONT,443781.0,63,1,0.007,60,60,1,70020,30.2071,,0,0,73267,0,,,,,
Instances/Instances 3/u2319_08.gt,2318,2000.0,86400.0,PTVRP_LAYERED_CONT,334721.0,33,1,0.0054,30,30,1,35629,15.3706,,0,0,37343,0,,,,,
Instances/Instances 3/u2319_09.gt,2318,5000.0,86400.0,PTVRP_LAYERED_CONT,267641.0,15,1,0.0044,12,12,1,14871,6.41544,,0,0,16724,0,,,,,
Instances/Instances 3/u2319_10.gt,2318,10000.0,86400.0,PTVRP_LAYERED_CONT,249892.0,8,1,0.004,6,6,1,8024,3.4616,,0,0,9695,0,,,,,
Instances/Instances 3/u574_01.gt,573,10.0,86400.0,PTVRP_LAYERED_CONT,2779006.0,317,14,0.0204,1490,1490,17,420832,734.436,,0,0,144887,0,,,,,
Instances/Instances 3/u574_02.gt,573,20.0,86400.0,PTVRP_LAYERED_CONT,1425860.0,271,12,0.0114,740,740,13,215387,375.894,,0,0,124744,0,,,,,
Instances/Instances 3/u574_03.gt,573,50.0,86400.0,PTVRP_LAYERED_CONT,567373.0,206,4,0.0072,284,284,5,81232,141.766,,0,0,79989,0,,,,,
Instances/Instances 3/u574_04.gt,573,100.0,86400.0,PTVRP_LAYERED_CONT,307809.0,126,3,0.0055,144,144,3,42458,74.0977,,0,0,45046,0,,,,,
Instances/Instances 3/u574_05.gt,573,200.0,86400.0,PTVRP_LAYERED_CONT,165067.0,79,2,0.004,73,73,2,21319,37.2059,,0,0,20926,0,,,,,
Instances/Instances 3/u574_06.gt,573,500.0,86400.0,PTVRP_LAYERED_CONT,88198.0,32,1,0.0032,31,31,1,8874,15.4869,,0,0,7063,0,,,,,
Instances/Instances 3/u574_07.gt,573,1000.0,86400.0,PTVRP_LAYERED_CONT,59901.0,17,1,0.0028,15,15,1,4592,8.01396,,0,0,2561,0,,,,,
Instances/Instances 3/u574_08.gt,573,2000.0,86400.0,PTVRP_LAYERED_CONT,47119.0,8,1,0.0027,8,8,1,2342,4.08726,,0,0,849,0,,,,,
Instances/Instances 3/u574_09.gt,573,5000.0,86400.0,PTVRP_LAYERED_CONT,41461.0,4,1,0.0026,3,3,1,1109,1.93543,,0,0,63,0,,,,,
Instances/Instances 3/u574_10.gt,573,10000.0,86400.0,PTVRP_LAYERED_CONT,40147.0,2,1,0.0024,2,2,1,746,1.30192,,0,0,0,0,,,,,
Instances/Instances 3/u724_01.gt,723,10.0,86400.0,PTVRP_LAYERED_CONT,3504519.0,399,16,0.023,1867,1867,17,677836,937.533,,0,0,233492,0,,,,,
Instances/Instances 3/u724_02.gt,723,20.0,86400.0,PTVRP_LAYERED_CONT,1805735.0,303,9,0.016,930,930,16,332376,459.718,,0,0,201184,0,,,,,
Instances/Instances 3/u724_03.gt,723,50.0,86400.0,PTVRP_LAYERED_CONT,729631.0,248,6,0.0096,357,357,7,128437,177.645,,0,0,128898,0,,,,,
Instances/Instances 3/u724_04.gt,723,100.0,86400.0,PTVRP_LAYERED_CONT,397244.0,169,3,0.007,185,185,5,66818,92.4177,,0,0,70387,0,,,,,
Instances/Instances 3/u724_05.gt,723,200.0,86400.0,PTVRP_LAYERED_CONT,216490.0,101,3,0.0048,95,95,3,33626,46.509,,0,0,33909,0,,,,,
Instances/Instances 3/u724_06.gt,723,500.0,86400.0,PTVRP_LAYERED_CONT,105412.0,40,1,0.0034,38,38,1,14110,19.5159,,0,0,12407,0,,,,,
Instances/Instances 3/u724_07.gt,723,1000.0,86400.0,PTVRP_LAYERED_CONT,70163.0,20,1,0.003,18,18,1,6723,9.29876,,0,0,4229,0,,,,,
Instances/Instances 3/u724_08.gt,723,2000.0,86400.0,PTVRP_LAYERED_CONT,55415.0,11,1,0.0028,10,10,1,3747,5.18257,,0,0,1874,0,,,,,
Instances/Instances 3/u724_09.gt,723,5000.0,86400.0,PTVRP_LAYERED_CONT,46721.0,5,1,0.0027,4,4,1,1743,2.41079,,0,0,214,0,,,,,
Instances/Instances 3/u724_10.gt,723,10000.0,86400.0,PTVRP_LAYERED_CONT,45169.0,3,1,0.0027,2,2,1,1051,1.45367,,0,0,0,0,,,,,
Instances/Instances 3/usa13509_01.gt,13508,10.0,86400.0,PTVRP_LAYERED_CONT,NO SOLUTION,,,5.0855,34525,34525,0,232179264,17188.3,,0,0,13508,0,,,,,
Instances/Instances 3/usa13509_02.gt,13508,20.0,86400.0,PTVRP_LAYERED_CONT,NO SOLUTION,,,3.0469,17125,17125,0,115988911,8586.68,,0,0,13508,0,,,,,
Instances/Instances 3/usa13509_03.gt,13508,50.0,86400.0,PTVRP_LAYERED_CONT,NO SOLUTION,,,1.2431,6879,6879,0,46655552,3453.92,,0,0,13508,0,,,,,
Instances/Instances 3/usa13509_04.gt,13508,100.0,86400.0,PTVRP_LAYERED_CONT,NO SOLUTION,,,0.6336,3446,3446,0,23337097,1727.65,,0,0,13508,0,,,,,
Instances/Instances 3/usa13509_05.gt,13508,200.0,86400.0,PTVRP_LAYERED_CONT,NO SOLUTION,,,0.3376,1726,1726,0,11613328,859.737,,0,0,13508,0,,,,,
Instances/Instances 3/usa13509_06.gt,13508,500.0,86400.0,PTVRP_LAYERED_CONT,NO SOLUTION,,,0.1403,685,685,0,4631800,342.893,,0,0,13508,0,,,,,
Instances/Instances 3/usa13509_07.gt,13508,1000.0,86400.0,PTVRP_LAYERED_CONT,NO SOLUTION,,,0.0778,347,347,0,2359955,174.708,,0,0,13508,0,,,,,
Instances/Instances 3/usa13509_08.gt,13508,2000.0,86400.0,PTVRP_LAYERED_CONT,NO SOLUTION,,,0.0439,172,172,0,1164306,86.1938,,0,0,13508,0,,,,,
Instances/Instances 3/usa13509_09.gt,13508,5000.0,86400.0,PTVRP_LAYERED_CONT,NO SOLUTION,,,0.0244,69,69,0,471202,34.8832,,0,0,13508,0,,,,,
Instances/Instances 3/usa13509_10.gt,13508,10000.0,86400.0,PTVRP_LAYERED_CONT,NO SOLUTION,,,0.0171,35,35,0,237356,17.5715,,0,0,13508,0,,,,,
Instances/Instances 3/uy734_01.gt,733,10.0,86400.0,PTVRP_LAYERED_CONT,6455596.0,385,18,0.0243,1831,1831,21,665232,907.547,,0,0,241967,0,,,,,
Instances/Instances 3/uy734_02.gt,733,20.0,86400.0,PTVRP_LAYERED_CONT,3522264.0,305,11,0.0166,972,972,16,354155,483.158,,0,0,218698,0,,,,,
Instances/Instances 3/uy734_03.gt,733,50.0,86400.0,PTVRP_LAYERED_CONT,1413591.0,250,7,0.0099,375,375,7,137297,187.308,,0,0,148427,0,,,,,
Instances/Instances 3/uy734_04.gt,733,100.0,86400.0,PTVRP_LAYERED_CONT,744082.0,166,3,0.0068,189,189,5,68796,93.8554,,0,0,82950,0,,,,,
Instances/Instances 3/uy734_05.gt,733,200.0,86400.0,PTVRP_LAYERED_CONT,394191.0,98,2,0.0048,93,93,3,34812,47.4925,,0,0,42267,0,,,,,
Instances/Instances 3/uy734_06.gt,733,500.0,86400.0,PTVRP_LAYERED_CONT,200634.0,40,1,0.0035,38,38,2,14093,19.2265,,0,0,14898,0,,,,,
Instances/Instances 3/uy734_07.gt,733,1000.0,86400.0,PTVRP_LAYERED_CONT,135339.0,21,1,0.0031,19,19,1,7258,9.90177,,0,0,7227,0,,,,,
Instances/Instances 3/uy734_08.gt,733,2000.0,86400.0,PTVRP_LAYERED_CONT,105571.0,11,1,0.0029,10,10,1,3867,5.27558,,0,0,3293,0,,,,,
Instances/Instances 3/uy734_09.gt,733,5000.0,86400.0,PTVRP_LAYERED_CONT,90390.0,5,1,0.0026,4,4,1,1773,2.41883,,0,0,1001,0,,,,,
Instances/Instances 3/uy734_10.gt,733,10000.0,86400.0,PTVRP_LAYERED_CONT,85530.0,3,1,0.0025,2,2,1,1084,1.47885,,0,0,884,0,,,,,
Instances/Instances 3/vm1084_01.gt,1083,10.0,86400.0,PTVRP_LAYERED_CONT,NO SOLUTION,,,0.04,2778,2778,8,1501763,1386.67,,0,0,92341,0,,,,,
Instances/Instances 3/vm1084_02.gt,1083,20.0,86400.0,PTVRP_LAYERED_CONT,17871874.0,498,10,0.0303,1399,1399,10,749855,692.387,,0,0,490219,0,,,,,
Instances/Instances 3/vm1084_03.gt,1083,50.0,86400.0,PTVRP_LAYERED_CONT,7110556.0,315,6,0.0177,552,552,7,301505,278.398,,0,0,351613,0,,,,,
Instances/Instances 3/vm1084_04.gt,1083,100.0,86400.0,PTVRP_LAYERED_CONT,3648999.0,196,5,0.0169,277,277,5,151226,139.636,,0,0,223840,0,,,,,
Instances/Instances 3/vm1084_05.gt,1083,200.0,86400.0,PTVRP_LAYERED_CONT,1941710.0,136,2,0.0113,140,140,4,76489,70.627,,0,0,137465,0,,,,,
Instances/Instances 3/vm1084_06.gt,1083,500.0,86400.0,PTVRP_LAYERED_CONT,876851.0,59,1,0.0072,56,56,2,30453,28.1191,,0,0,67615,0,,,,,
Instances/Instances 3/vm1084_07.gt,1083,1000.0,86400.0,PTVRP_LAYERED_CONT,550504.0,31,1,0.0046,29,29,1,15789,14.5789,,0,0,45478,0,,,,,
Instances/Instances 3/vm1084_08.gt,1083,2000.0,86400.0,PTVRP_LAYERED_CONT,378356.0,16,1,0.0034,14,14,1,8077,7.45799,,0,0,23465,0,,,,,
Instances/Instances 3/vm1084_09.gt,1083,5000.0,86400.0,PTVRP_LAYERED_CONT,285400.0,7,1,0.003,6,6,1,3602,3.32595,,0,0,14583,0,,,,,
Instances/Instances 3/vm1084_10.gt,1083,10000.0,86400.0,PTVRP_LAYERED_CONT,260270.0,4,1,0.003,3,3,1,2046,1.8892,,0,0,9677,0,,,,,
Instances/Instances 3/vm1748_01.gt,1747,10.0,86400.0,PTVRP_LAYERED_CONT,NO SOLUTION,,,0.0977,4494,4494,11,3913001,2239.84,,0,0,404309,0,,,,,
Instances/Instances 3/vm1748_02.gt,1747,20.0,86400.0,PTVRP_LAYERED_CONT,30946455.0,795,9,0.0724,2230,2230,9,1961871,1122.99,,0,0,1264072,0,,,,,
Instances/Instances 3/vm1748_03.gt,1747,50.0,86400.0,PTVRP_LAYERED_CONT,12213681.0,500,7,0.038,892,892,7,787448,450.743,,0,0,902959,0,,,,,
Instances/Instances 3/vm1748_04.gt,1747,100.0,86400.0,PTVRP_LAYERED_CONT,6385114.0,325,5,0.023,457,457,6,399999,228.963,,0,0,576312,0,,,,,
Instances/Instances 3/vm1748_05.gt,1747,200.0,86400.0,PTVRP_LAYERED_CONT,3289473.0,203,3,0.0138,225,225,5,195202,111.736,,0,0,333795,0,,,,,
Instances/Instances 3/vm1748_06.gt,1747,500.0,86400.0,PTVRP_LAYERED_CONT,1457735.0,93,1,0.0078,89,89,3,78419,44.8878,,0,0,161600,0,,,,,
Instances/Instances 3/vm1748_07.gt,1747,1000.0,86400.0,PTVRP_LAYERED_CONT,868091.0,46,1,0.0054,44,44,1,39448,22.5804,,0,0,93772,0,,,,,
Instances/Instances 3/vm1748_08.gt,1747,2000.0,86400.0,PTVRP_LAYERED_CONT,606626.0,24,1,0.0043,23,23,1,20501,11.735,,0,0,55104,0,,,,,
Instances/Instances 3/vm1748_09.gt,1747,5000.0,86400.0,PTVRP_LAYERED_CONT,427694.0,11,1,0.0036,9,9,1,8811,5.0435,,0,0,28287,0,,,,,
Instances/Instances 3/vm1748_10.gt,1747,10000.0,86400.0,PTVRP_LAYERED_CONT,374783.0,6,1,0.0032,5,5,1,4844,2.77275,,0,0,19327,0,,,,,
Instances/Instances 3/vm22775_01.gt,22774,10.0,86400.0,PTVRP_LAYERED_CONT,NO SOLUTION,,,14.4057,58063,58063,4,662257746,29079.6,,0,0,157178,0,,,,,
Instances/Instances 3/vm22775_02.gt,22774,20.0,86400.0,PTVRP_LAYERED_CONT,272765485.0,7450,18,13.2009,29037,29037,18,331445679,14553.7,,0,0,213967096,0,,,,,
Instances/Instances 3/vm22775_03.gt,22774,50.0,86400.0,PTVRP_LAYERED_CONT,107936644.0,4113,12,6.1584,11573,11573,12,132432961,5815.09,,0,0,144489400,0,,,,,
Instances/Instances 3/vm22775_04.gt,22774,100.0,86400.0,PTVRP_LAYERED_CONT,54435928.0,2658,7,2.917,5793,5793,10,66058637,2900.62,,0,0,80674256,0,,,,,
Instances/Instances 3/vm22775_05.gt,22774,200.0,86400.0,PTVRP_LAYERED_CONT,27675734.0,2010,5,1.4425,2913,2913,7,33160099,1456.05,,0,0,43296350,0,,,,,
Instances/Instances 3/vm22775_06.gt,22774,500.0,86400.0,PTVRP_LAYERED_CONT,11248304.0,1109,2,0.5874,1157,1157,4,13143507,577.128,,0,0,18227358,0,,,,,
Instances/Instances 3/vm22775_07.gt,22774,1000.0,86400.0,PTVRP_LAYERED_CONT,5885376.0,590,2,0.3048,583,583,4,6656653,292.292,,0,0,8980907,0,,,,,
Instances/Instances 3/vm22775_08.gt,22774,2000.0,86400.0,PTVRP_LAYERED_CONT,3193893.0,294,1,0.1688,291,291,3,3328268,146.143,,0,0,4468108,0,,,,,
Instances/Instances 3/vm22775_09.gt,22774,5000.0,86400.0,PTVRP_LAYERED_CONT,1606236.0,118,1,0.08,116,116,2,1324609,58.1632,,0,0,1740013,0,,,,,
Instances/Instances 3/vm22775_10.gt,22774,10000.0,86400.0,PTVRP_LAYERED_CONT,1086866.0,61,1,0.0584,59,59,1,669236,29.386,,0,0,893281,0,,,,,
Instances/Instances 3/wi29_01.gt,28,10.0,86400.0,PTVRP_LAYERED_CONT,446870.0,19,7,0.0031,70,70,7,984,35.1429,,0,0,281,0,,,,,
Instances/Instances 3/wi29_02.gt,28,20.0,86400.0,PTVRP_LAYERED_CONT,261376.0,19,5,0.0024,35,35,5,430,15.3571,,0,0,201,0,,,,,
Instances/Instances 3/wi29_03.gt,28,50.0,86400.0,PTVRP_LAYERED_CONT,98036.0,14,2,0.0024,14,14,3,219,7.82143,,0,0,107,0,,,,,
Instances/Instances 3/wi29_04.gt,28,100.0,86400.0,PTVRP_LAYERED_CONT,73682.0,9,2,0.0022,9,9,2,135,4.82143,,0,0,50,0,,,,,
Instances/Instances 3/wi29_05.gt,28,200.0,86400.0,PTVRP_LAYERED_CONT,41037.0,4,1,0.0023,4,4,1,56,2.0,,0,0,1,0,,,,,
Instances/Instances 3/wi29_06.gt,28,500.0,86400.0,PTVRP_LAYERED_CONT,37103.0,3,1,0.0022,2,2,1,40,1.42857,,0,0,0,0,,,,,
Instances/Instances 3/wi29_07.gt,28,1000.0,86400.0,PTVRP_LAYERED_CONT,33110.0,1,1,0.0022,1,1,1,28,1.0,,0,0,0,0,,,,,
Instances/Instances 3/wi29_08.gt,28,2000.0,86400.0,PTVRP_LAYERED_CONT,33110.0,1,1,0.0022,1,1,1,28,1.0,,0,0,0,0,,,,,
Instances/Instances 3/wi29_09.gt,28,5000.0,86400.0,PTVRP_LAYERED_CONT,33110.0,1,1,0.0029,1,1,1,28,1.0,,0,0,0,0,,,,,
Instances/Instances 3/wi29_10.gt,28,10000.0,86400.0,PTVRP_LAYERED_CONT,33110.0,1,1,0.0027,1,1,1,28,1.0,,0,0,0,0,,,,,
Instances/Instances 3/ym7663_01.gt,7662,10.0,86400.0,PTVRP_LAYERED_CONT,NO SOLUTION,,,2.2286,19501,19501,27,74921855,9778.37,,0,0,26705733,0,,,,,
Instances/Instances 3/ym7663_02.gt,7662,20.0,86400.0,PTVRP_LAYERED_CONT,38039089.0,2306,20,1.3474,9900,9900,20,37905935,4947.26,,0,0,24333616,0,,,,,
Instances/Instances 3/ym7663_03.gt,7662,50.0,86400.0,PTVRP_LAYERED_CONT,15220581.0,1603,9,0.6207,3882,3882,11,14829132,1935.41,,0,0,16208360,0,,,,,
Instances/Instances 3/ym7663_04.gt,7662,100.0,86400.0,PTVRP_LAYERED_CONT,7747573.0,1198,5,0.3228,1955,1955,8,7459534,973.575,,0,0,9138922,0,,,,,
Instances/Instances 3/ym7663_05.gt,7662,200.0,86400.0,PTVRP_LAYERED_CONT,4001165.0,822,3,0.1749,979,979,5,3750710,489.521,,0,0,4750907,0,,,,,
Instances/Instances 3/ym7663_06.gt,7662,500.0,86400.0,PTVRP_LAYERED_CONT,1685481.0,399,2,0.0755,388,388,3,1499513,195.708,,0,0,1880367,0,,,,,
Instances/Instances 3/ym7663_07.gt,7662,1000.0,86400.0,PTVRP_LAYERED_CONT,952410.0,201,1,0.0437,196,196,2,749323,97.7973,,0,0,922085,0,,,,,
Instances/Instances 3/ym7663_08.gt,7662,2000.0,86400.0,PTVRP_LAYERED_CONT,586128.0,103,1,0.0259,98,98,2,379298,49.5038,,0,0,454905,0,,,,,
Instances/Instances 3/ym7663_09.gt,7662,5000.0,86400.0,PTVRP_LAYERED_CONT,375923.0,42,1,0.015,40,40,1,154517,20.1667,,0,0,184145,0,,,,,
Instances/Instances 3/ym7663_10.gt,7662,10000.0,86400.0,PTVRP_LAYERED_CONT,306838.0,21,1,0.011,20,20,1,79417,10.365,,0,0,95539,0,,,,,
Instances/Instances 3/zi929_01.gt,928,10.0,86400.0,PTVRP_LAYERED_CONT,10085136.0,423,21,0.0345,2391,2391,28,1146279,1235.21,,0,0,396666,0,,,,,
Instances/Instances 3/zi929_02.gt,928,20.0,86400.0,PTVRP_LAYERED_CONT,4971798.0,320,18,0.0241,1166,1166,19,542021,584.074,,0,0,352914,0,,,,,
Instances/Instances 3/zi929_03.gt,928,50.0,86400.0,PTVRP_LAYERED_CONT,2059292.0,253,7,0.0139,466,466,11,217503,234.378,,0,0,248482,0,,,,,
Instances/Instances 3/zi929_04.gt,928,100.0,86400.0,PTVRP_LAYERED_CONT,1076890.0,168,5,0.0094,236,236,6,109024,117.483,,0,0,153064,0,,,,,
Instances/Instances 3/zi929_05.gt,928,200.0,86400.0,PTVRP_LAYERED_CONT,579773.0,107,3,0.0063,118,118,4,55408,59.7069,,0,0,83189,0,,,,,
Instances/Instances 3/zi929_06.gt,928,500.0,86400.0,PTVRP_LAYERED_CONT,285131.0,54,1,0.0043,49,49,2,22996,24.7802,,0,0,35579,0,,,,,
Instances/Instances 3/zi929_07.gt,928,1000.0,86400.0,PTVRP_LAYERED_CONT,184644.0,26,1,0.0036,24,24,1,11619,12.5205,,0,0,16203,0,,,,,
Instances/Instances 3/zi929_08.gt,928,2000.0,86400.0,PTVRP_LAYERED_CONT,136842.0,14,1,0.0032,12,12,1,6057,6.52694,,0,0,7201,0,,,,,
Instances/Instances 3/zi929_09.gt,928,5000.0,86400.0,PTVRP_LAYERED_CONT,111189.0,6,1,0.0034,5,5,1,2598,2.79957,,0,0,2001,0,,,,,
Instances/Instances 3/zi929_10.gt,928,10000.0,86400.0,PTVRP_LAYERED_CONT,101349.0,3,1,0.0028,3,3,1,1660,1.78879,,0,0,1029,0,,,,,
