instance,n,Q,horizon,solver,cost,templates,max_m,seconds,K_full_tour,K_allocated,max_layer_used,layer_iterations,eff_K,revived_arcs,revived_starts,revived_improving,infeasible_skips,unsafe_pops,blocked_pops,unsorted_queries,arcs_scanned,arcs_unsound_stop,gap_vs_first
Instances/Instances 1/a280_01.gt,279,100.0,86400.0,LINEAR,16904.0,85,,0.0066,,,,,,,,,,,,,,,
Instances/Instances 1/a280_02.gt,279,100.0,86400.0,LINEAR,16333.0,81,,0.0069,,,,,,,,,,,,,,,
Instances/Instances 1/a280_03.gt,279,100.0,86400.0,LINEAR,16117.0,81,,0.0068,,,,,,,,,,,,,,,
Instances/Instances 1/a280_04.gt,279,100.0,86400.0,LINEAR,16966.0,88,,0.0066,,,,,,,,,,,,,,,
Instances/Instances 1/a280_05.gt,279,100.0,86400.0,LINEAR,16527.0,83,,0.0061,,,,,,,,,,,,,,,
Instances/Instances 1/a280_06.gt,279,100.0,86400.0,LINEAR,16756.0,83,,0.0062,,,,,,,,,,,,,,,
Instances/Instances 1/a280_07.gt,279,100.0,86400.0,LINEAR,17574.0,89,,0.006,,,,,,,,,,,,,,,
Instances/Instances 1/a280_08.gt,279,100.0,86400.0,LINEAR,17037.0,86,,0.0062,,,,,,,,,,,,,,,
Instances/Instances 1/a280_09.gt,279,100.0,86400.0,LINEAR,16269.0,82,,0.0048,,,,,,,,,,,,,,,
Instances/Instances 1/a280_10.gt,279,100.0,86400.0,LINEAR,16617.0,84,,0.0064,,,,,,,,,,,,,,,
Instances/Instances 1/ar9152_01.gt,9151,100.0,86400.0,LINEAR,31912937.0,2764,,0.0136,,,,,,,,,,,,,,,
Instances/Instances 1/ar9152_02.gt,9151,100.0,86400.0,LINEAR,31775433.0,2771,,0.0137,,,,,,,,,,,,,,,
Instances/Instances 1/ar9152_03.gt,9151,100.0,86400.0,LINEAR,32014660.0,2763,,0.0112,,,,,,,,,,,,,,,
Instances/Instances 1/ar9152_04.gt,9151,100.0,86400.0,LINEAR,32026530.0,2765,,0.0125,,,,,,,,,,,,,,,
Instances/Instances 1/ar9152_05.gt,9151,100.0,86400.0,LINEAR,32322460.0,2782,,0.0127,,,,,,,,,,,,,,,
Instances/Instances 1/ar9152_06.gt,9151,100.0,86400.0,LINEAR,32354614.0,2796,,0.0122,,,,,,,,,,,,,,,
Instances/Instances 1/ar9152_07.gt,9151,100.0,86400.0,LINEAR,32216180.0,2789,,0.0122,,,,,,,,,,,,,,,
Instances/Instances 1/ar9152_08.gt,9151,100.0,86400.0,LINEAR,31936948.0,2772,,0.0132,,,,,,,,,,,,,,,
Instances/Instances 1/ar9152_09.gt,9151,100.0,86400.0,LINEAR,31983113.0,2794,,0.0119,,,,,,,,,,,,,,,
Instances/Instances 1/ar9152_10.gt,9151,100.0,86400.0,LINEAR,32172986.0,2768,,0.0109,,,,,,,,,,,,,,,
Instances/Instances 1/berlin52_01.gt,51,100.0,86400.0,LINEAR,14644.0,14,,0.0064,,,,,,,,,,,,,,,
Instances/Instances 1/berlin52_02.gt,51,100.0,86400.0,LINEAR,15833.0,17,,0.0062,,,,,,,,,,,,,,,
Instances/Instances 1/berlin52_03.gt,51,100.0,86400.0,LINEAR,16839.0,17,,0.0068,,,,,,,,,,,,,,,
Instances/Instances 1/berlin52_04.gt,51,100.0,86400.0,LINEAR,16777.0,18,,0.0065,,,,,,,,,,,,,,,
Instances/Instances 1/berlin52_05.gt,51,100.0,86400.0,LINEAR,17449.0,18,,0.0061,,,,,,,,,,,,,,,
Instances/Instances 1/berlin52_06.gt,51,100.0,86400.0,LINEAR,15836.0,15,,0.0062,,,,,,,,,,,,,,,
Instances/Instances 1/berlin52_07.gt,51,100.0,86400.0,LINEAR,18006.0,17,,0.0065,,,,,,,,,,,,,,,
Instances/Instances 1/berlin52_08.gt,51,100.0,86400.0,LINEAR,14796.0,14,,0.0068,,,,,,,,,,,,,,,
Instances/Instances 1/berlin52_09.gt,51,100.0,86400.0,LINEAR,16939.0,16,,0.006,,,,,,,,,,,,,,,
Instances/Instances 1/berlin52_10.gt,51,100.0,86400.0,LINEAR,16741.0,17,,0.0067,,,,,,,,,,,,,,,
Instances/Instances 1/bier127_01.gt,126,100.0,86400.0,LINEAR,329050.0,37,,0.0067,,,,,,,,,,,,,,,
Instances/Instances 1/bier127_02.gt,126,100.0,86400.0,LINEAR,347357.0,43,,0.0084,,,,,,,,,,,,,,,
Instances/Instances 1/bier127_03.gt,126,100.0,86400.0,LINEAR,326836.0,40,,0.0073,,,,,,,,,,,,,,,
Instances/Instances 1/bier127_04.gt,126,100.0,86400.0,LINEAR,347168.0,38,,0.0061,,,,,,,,,,,,,,,
Instances/Instances 1/bier127_05.gt,126,100.0,86400.0,LINEAR,328505.0,38,,0.0061,,,,,,,,,,,,,,,
Instances/Instances 1/bier127_06.gt,126,100.0,86400.0,LINEAR,328749.0,39,,0.0067,,,,,,,,,,,,,,,
Instances/Instances 1/bier127_07.gt,126,100.0,86400.0,LINEAR,328277.0,39,,0.0059,,,,,,,,,,,,,,,
Instances/Instances 1/bier127_08.gt,126,100.0,86400.0,LINEAR,316399.0,36,,0.0065,,,,,,,,,,,,,,,
Instances/Instances 1/bier127_09.gt,126,100.0,86400.0,LINEAR,333989.0,40,,0.0061,,,,,,,,,,,,,,,
Instances/Instances 1/bier127_10.gt,126,100.0,86400.0,LINEAR,301119.0,34,,0.0065,,,,,,,,,,,,,,,
Instances/Instances 1/bm33708_01.gt,33707,100.0,86400.0,LINEAR,61484741.0,10185,,0.032,,,,,,,,,,,,,,,
Instances/Instances 1/bm33708_02.gt,33707,100.0,86400.0,LINEAR,61609599.0,10213,,0.0298,,,,,,,,,,,,,,,
Instances/Instances 1/bm33708_03.gt,33707,100.0,86400.0,LINEAR,61862932.0,10240,,0.0321,,,,,,,,,,,,,,,
Instances/Instances 1/bm33708_04.gt,33707,100.0,86400.0,LINEAR,61480776.0,10184,,0.0327,,,,,,,,,,,,,,,
Instances/Instances 1/bm33708_05.gt,33707,100.0,86400.0,LINEAR,61707884.0,10189,,0.0312,,,,,,,,,,,,,,,
Instances/Instances 1/bm33708_06.gt,33707,100.0,86400.0,LINEAR,61557117.0,10224,,0.0306,,,,,,,,,,,,,,,
Instances/Instances 1/bm33708_07.gt,33707,100.0,86400.0,LINEAR,62120919.0,10262,,0.0295,,,,,,,,,,,,,,,
Instances/Instances 1/bm33708_08.gt,33707,100.0,86400.0,LINEAR,61690763.0,10221,,0.0307,,,,,,,,,,,,,,,
Instances/Instances 1/bm33708_09.gt,33707,100.0,86400.0,LINEAR,61675488.0,10219,,0.0336,,,,,,,,,,,,,,,
Instances/Instances 1/bm33708_10.gt,33707,100.0,86400.0,LINEAR,61258568.0,10151,,0.0315,,,,,,,,,,,,,,,
Instances/Instances 1/brd14051_01.gt,14050,100.0,86400.0,LINEAR,18978100.0,4251,,0.0148,,,,,,,,,,,,,,,
Instances/Instances 1/brd14051_02.gt,14050,100.0,86400.0,LINEAR,18810589.0,4221,,0.0144,,,,,,,,,,,,,,,
Instances/Instances 1/brd14051_03.gt,14050,100.0,86400.0,LINEAR,18770329.0,4240,,0.0149,,,,,,,,,,,,,,,
Instances/Instances 1/brd14051_04.gt,14050,100.0,86400.0,LINEAR,18918126.0,4255,,0.0151,,,,,,,,,,,,,,,
Instances/Instances 1/brd14051_05.gt,14050,100.0,86400.0,LINEAR,18899972.0,4263,,0.0153,,,,,,,,,,,,,,,
Instances/Instances 1/brd14051_06.gt,14050,100.0,86400.0,LINEAR,18982004.0,4257,,0.0152,,,,,,,,,,,,,,,
Instances/Instances 1/brd14051_07.gt,14050,100.0,86400.0,LINEAR,19066009.0,4296,,0.0154,,,,,,,,,,,,,,,
Instances/Instances 1/brd14051_08.gt,14050,100.0,86400.0,LINEAR,19156064.0,4298,,0.0138,,,,,,,,,,,,,,,
Instances/Instances 1/brd14051_09.gt,14050,100.0,86400.0,LINEAR,18993799.0,4275,,0.0161,,,,,,,,,,,,,,,
Instances/Instances 1/brd14051_10.gt,14050,100.0,86400.0,LINEAR,18931949.0,4245,,0.0158,,,,,,,,,,,,,,,
Instances/Instances 1/ca4663_01.gt,4662,100.0,86400.0,LINEAR,62299111.0,1402,,0.0099,,,,,,,,,,,,,,,
Instances/Instances 1/ca4663_02.gt,4662,100.0,86400.0,LINEAR,61594071.0,1397,,0.0098,,,,,,,,,,,,,,,
Instances/Instances 1/ca4663_03.gt,4662,100.0,86400.0,LINEAR,63018770.0,1424,,0.0097,,,,,,,,,,,,,,,
Instances/Instances 1/ca4663_04.gt,4662,100.0,86400.0,LINEAR,62807014.0,1413,,0.0091,,,,,,,,,,,,,,,
Instances/Instances 1/ca4663_05.gt,4662,100.0,86400.0,LINEAR,61941994.0,1398,,0.0091,,,,,,,,,,,,,,,
Instances/Instances 1/ca4663_06.gt,4662,100.0,86400.0,LINEAR,62080819.0,1410,,0.0105,,,,,,,,,,,,,,,
Instances/Instances 1/ca4663_07.gt,4662,100.0,86400.0,LINEAR,62434798.0,1411,,0.0093,,,,,,,,,,,,,,,
Instances/Instances 1/ca4663_08.gt,4662,100.0,86400.0,LINEAR,62818000.0,1410,,0.0106,,,,,,,,,,,,,,,
Instances/Instances 1/ca4663_09.gt,4662,100.0,86400.0,LINEAR,62340703.0,1407,,0.0092,,,,,,,,,,,,,,,
Instances/Instances 1/ca4663_10.gt,4662,100.0,86400.0,LINEAR,61977735.0,1404,,0.0093,,,,,,,,,,,,,,,
Instances/Instances 1/ch130_01.gt,129,100.0,86400.0,LINEAR,23495.0,40,,0.0064,,,,,,,,,,,,,,,
Instances/Instances 1/ch130_02.gt,129,100.0,86400.0,LINEAR,24337.0,41,,0.0064,,,,,,,,,,,,,,,
Instances/Instances 1/ch130_03.gt,129,100.0,86400.0,LINEAR,23956.0,38,,0.0066,,,,,,,,,,,,,,,
Instances/Instances 1/ch130_04.gt,129,100.0,86400.0,LINEAR,26350.0,43,,0.0066,,,,,,,,,,,,,,,
Instances/Instances 1/ch130_05.gt,129,100.0,86400.0,LINEAR,23117.0,39,,0.0063,,,,,,,,,,,,,,,
Instances/Instances 1/ch130_06.gt,129,100.0,86400.0,LINEAR,22853.0,39,,0.0061,,,,,,,,,,,,,,,
Instances/Instances 1/ch130_07.gt,129,100.0,86400.0,LINEAR,23601.0,39,,0.0066,,,,,,,,,,,,,,,
Instances/Instances 1/ch130_08.gt,129,100.0,86400.0,LINEAR,25511.0,41,,0.0062,,,,,,,,,,,,,,,
Instances/Instances 1/ch130_09.gt,129,100.0,86400.0,LINEAR,24259.0,39,,0.0063,,,,,,,,,,,,,,,
Instances/Instances 1/ch130_10.gt,129,100.0,86400.0,LINEAR,23542.0,39,,0.0065,,,,,,,,,,,,,,,
Instances/Instances 1/ch150_01.gt,149,100.0,86400.0,LINEAR,29570.0,50,,0.0064,,,,,,,,,,,,,,,
Instances/Instances 1/ch150_02.gt,149,100.0,86400.0,LINEAR,26382.0,41,,0.0063,,,,,,,,,,,,,,,
Instances/Instances 1/ch150_03.gt,149,100.0,86400.0,LINEAR,26719.0,43,,0.0061,,,,,,,,,,,,,,,
Instances/Instances 1/ch150_04.gt,149,100.0,86400.0,LINEAR,28131.0,46,,0.0064,,,,,,,,,,,,,,,
Instances/Instances 1/ch150_05.gt,149,100.0,86400.0,LINEAR,28420.0,48,,0.0061,,,,,,,,,,,,,,,
Instances/Instances 1/ch150_06.gt,149,100.0,86400.0,LINEAR,27302.0,44,,0.0068,,,,,,,,,,,,,,,
Instances/Instances 1/ch150_07.gt,149,100.0,86400.0,LINEAR,28453.0,46,,0.0066,,,,,,,,,,,,,,,
Instances/Instances 1/ch150_08.gt,149,100.0,86400.0,LINEAR,29224.0,47,,0.0077,,,,,,,,,,,,,,,
Instances/Instances 1/ch150_09.gt,149,100.0,86400.0,LINEAR,28742.0,49,,0.007,,,,,,,,,,,,,,,
Instances/Instances 1/ch150_10.gt,149,100.0,86400.0,LINEAR,28023.0,45,,0.0071,,,,,,,,,,,,,,,
Instances/Instances 1/ch71009_01.gt,71008,100.0,86400.0,LINEAR,351499430.0,21466,,0.0611,,,,,,,,,,,,,,,
Instances/Instances 1/ch71009_02.gt,71008,100.0,86400.0,LINEAR,352577506.0,21484,,0.0542,,,,,,,,,,,,,,,
Instances/Instances 1/ch71009_03.gt,71008,100.0,86400.0,LINEAR,351704123.0,21497,,0.0571,,,,,,,,,,,,,,,
Instances/Instances 1/ch71009_04.gt,71008,100.0,86400.0,LINEAR,353237551.0,21546,,0.0573,,,,,,,,,,,,,,,
Instances/Instances 1/ch71009_05.gt,71008,100.0,86400.0,LINEAR,352429888.0,21556,,0.0567,,,,,,,,,,,,,,,
Instances/Instances 1/ch71009_06.gt,71008,100.0,86400.0,LINEAR,352823901.0,21516,,0.058,,,,,,,,,,,,,,,
Instances/Instances 1/ch71009_07.gt,71008,100.0,86400.0,LINEAR,351996146.0,21466,,0.0564,,,,,,,,,,,,,,,
Instances/Instances 1/ch71009_08.gt,71008,100.0,86400.0,LINEAR,352574563.0,21526,,0.0518,,,,,,,,,,,,,,,
Instances/Instances 1/ch71009_09.gt,71008,100.0,86400.0,LINEAR,352733254.0,21512,,0.055,,,,,,,,,,,,,,,
Instances/Instances 1/ch71009_10.gt,71008,100.0,86400.0,LINEAR,350817530.0,21461,,0.0576,,,,,,,,,,,,,,,
Instances/Instances 1/d1291_01.gt,1290,100.0,86400.0,LINEAR,831780.0,412,,0.0074,,,,,,,,,,,,,,,
Instances/Instances 1/d1291_02.gt,1290,100.0,86400.0,LINEAR,753156.0,376,,0.0067,,,,,,,,,,,,,,,
Instances/Instances 1/d1291_03.gt,1290,100.0,86400.0,LINEAR,793357.0,396,,0.0067,,,,,,,,,,,,,,,
Instances/Instances 1/d1291_04.gt,1290,100.0,86400.0,LINEAR,770951.0,387,,0.0072,,,,,,,,,,,,,,,
Instances/Instances 1/d1291_05.gt,1290,100.0,86400.0,LINEAR,789092.0,387,,0.0062,,,,,,,,,,,,,,,
Instances/Instances 1/d1291_06.gt,1290,100.0,86400.0,LINEAR,784197.0,390,,0.0069,,,,,,,,,,,,,,,
Instances/Instances 1/d1291_07.gt,1290,100.0,86400.0,LINEAR,782762.0,391,,0.0074,,,,,,,,,,,,,,,
Instances/Instances 1/d1291_08.gt,1290,100.0,86400.0,LINEAR,776621.0,390,,0.0075,,,,,,,,,,,,,,,
Instances/Instances 1/d1291_09.gt,1290,100.0,86400.0,LINEAR,787660.0,389,,0.0076,,,,,,,,,,,,,,,
Instances/Instances 1/d1291_10.gt,1290,100.0,86400.0,LINEAR,779399.0,387,,0.0068,,,,,,,,,,,,,,,
Instances/Instances 1/d15112_01.gt,15111,100.0,86400.0,LINEAR,59939824.0,4559,,0.0163,,,,,,,,,,,,,,,
Instances/Instances 1/d15112_02.gt,15111,100.0,86400.0,LINEAR,60315580.0,4615,,0.0168,,,,,,,,,,,,,,,
Instances/Instances 1/d15112_03.gt,15111,100.0,86400.0,LINEAR,59481391.0,4541,,0.0185,,,,,,,,,,,,,,,
Instances/Instances 1/d15112_04.gt,15111,100.0,86400.0,LINEAR,60033302.0,4579,,0.0187,,,,,,,,,,,,,,,
Instances/Instances 1/d15112_05.gt,15111,100.0,86400.0,LINEAR,59718361.0,4547,,0.0183,,,,,,,,,,,,,,,
Instances/Instances 1/d15112_06.gt,15111,100.0,86400.0,LINEAR,60657796.0,4628,,0.017,,,,,,,,,,,,,,,
Instances/Instances 1/d15112_07.gt,15111,100.0,86400.0,LINEAR,60166332.0,4606,,0.0148,,,,,,,,,,,,,,,
Instances/Instances 1/d15112_08.gt,15111,100.0,86400.0,LINEAR,60309504.0,4594,,0.016,,,,,,,,,,,,,,,
Instances/Instances 1/d15112_09.gt,15111,100.0,86400.0,LINEAR,60616122.0,4603,,0.0195,,,,,,,,,,,,,,,
Instances/Instances 1/d15112_10.gt,15111,100.0,86400.0,LINEAR,59452298.0,4543,,0.0171,,,,,,,,,,,,,,,
Instances/Instances 1/d1655_01.gt,1654,100.0,86400.0,LINEAR,998225.0,500,,0.007,,,,,,,,,,,,,,,
Instances/Instances 1/d1655_02.gt,1654,100.0,86400.0,LINEAR,1020028.0,506,,0.0072,,,,,,,,,,,,,,,
Instances/Instances 1/d1655_03.gt,1654,100.0,86400.0,LINEAR,991780.0,497,,0.007,,,,,,,,,,,,,,,
Instances/Instances 1/d1655_04.gt,1654,100.0,86400.0,LINEAR,1009922.0,504,,0.0074,,,,,,,,,,,,,,,
Instances/Instances 1/d1655_05.gt,1654,100.0,86400.0,LINEAR,995863.0,501,,0.0077,,,,,,,,,,,,,,,
Instances/Instances 1/d1655_06.gt,1654,100.0,86400.0,LINEAR,999394.0,496,,0.0081,,,,,,,,,,,,,,,
Instances/Instances 1/d1655_07.gt,1654,100.0,86400.0,LINEAR,1014488.0,501,,0.0072,,,,,,,,,,,,,,,
Instances/Instances 1/d1655_08.gt,1654,100.0,86400.0,LINEAR,1024589.0,511,,0.0075,,,,,,,,,,,,,,,
Instances/Instances 1/d1655_09.gt,1654,100.0,86400.0,LINEAR,1017888.0,508,,0.0075,,,,,,,,,,,,,,,
Instances/Instances 1/d1655_10.gt,1654,100.0,86400.0,LINEAR,1022990.0,509,,0.0077,,,,,,,,,,,,,,,
Instances/Instances 1/d18512_01.gt,18511,100.0,86400.0,LINEAR,27034631.0,5637,,0.0195,,,,,,,,,,,,,,,
Instances/Instances 1/d18512_02.gt,18511,100.0,86400.0,LINEAR,26676320.0,5579,,0.019,,,,,,,,,,,,,,,
Instances/Instances 1/d18512_03.gt,18511,100.0,86400.0,LINEAR,27058711.0,5623,,0.0226,,,,,,,,,,,,,,,
Instances/Instances 1/d18512_04.gt,18511,100.0,86400.0,LINEAR,26984473.0,5615,,0.0185,,,,,,,,,,,,,,,
Instances/Instances 1/d18512_05.gt,18511,100.0,86400.0,LINEAR,26988407.0,5637,,0.0171,,,,,,,,,,,,,,,
Instances/Instances 1/d18512_06.gt,18511,100.0,86400.0,LINEAR,27039483.0,5632,,0.0191,,,,,,,,,,,,,,,
Instances/Instances 1/d18512_07.gt,18511,100.0,86400.0,LINEAR,26697682.0,5579,,0.0213,,,,,,,,,,,,,,,
Instances/Instances 1/d18512_08.gt,18511,100.0,86400.0,LINEAR,26960478.0,5626,,0.0203,,,,,,,,,,,,,,,
Instances/Instances 1/d18512_09.gt,18511,100.0,86400.0,LINEAR,27191975.0,5665,,0.0208,,,,,,,,,,,,,,,
Instances/Instances 1/d18512_10.gt,18511,100.0,86400.0,LINEAR,27218990.0,5656,,0.0219,,,,,,,,,,,,,,,
Instances/Instances 1/d198_01.gt,197,100.0,86400.0,LINEAR,92703.0,61,,0.0056,,,,,,,,,,,,,,,
Instances/Instances 1/d198_02.gt,197,100.0,86400.0,LINEAR,94230.0,62,,0.0063,,,,,,,,,,,,,,,
Instances/Instances 1/d198_03.gt,197,100.0,86400.0,LINEAR,96880.0,61,,0.0061,,,,,,,,,,,,,,,
Instances/Instances 1/d198_04.gt,197,100.0,86400.0,LINEAR,96475.0,64,,0.0066,,,,,,,,,,,,,,,
Instances/Instances 1/d198_05.gt,197,100.0,86400.0,LINEAR,98037.0,61,,0.0063,,,,,,,,,,,,,,,
Instances/Instances 1/d198_06.gt,197,100.0,86400.0,LINEAR,91919.0,58,,0.0062,,,,,,,,,,,,,,,
Instances/Instances 1/d198_07.gt,197,100.0,86400.0,LINEAR,93733.0,59,,0.0061,,,,,,,,,,,,,,,
Instances/Instances 1/d198_08.gt,197,100.0,86400.0,LINEAR,99585.0,64,,0.0063,,,,,,,,,,,,,,,
Instances/Instances 1/d198_09.gt,197,100.0,86400.0,LINEAR,91442.0,58,,0.0061,,,,,,,,,,,,,,,
Instances/Instances 1/d198_10.gt,197,100.0,86400.0,LINEAR,94198.0,62,,0.0064,,,,,,,,,,,,,,,
Instances/Instances 1/d2103_01.gt,2102,100.0,86400.0,LINEAR,1533286.0,650,,0.0069,,,,,,,,,,,,,,,
Instances/Instances 1/d2103_02.gt,2102,100.0,86400.0,LINEAR,1511885.0,644,,0.0073,,,,,,,,,,,,,,,
Instances/Instances 1/d2103_03.gt,2102,100.0,86400.0,LINEAR,1549832.0,656,,0.0072,,,,,,,,,,,,,,,
Instances/Instances 1/d2103_04.gt,2102,100.0,86400.0,LINEAR,1490837.0,637,,0.0061,,,,,,,,,,,,,,,
Instances/Instances 1/d2103_05.gt,2102,100.0,86400.0,LINEAR,1502056.0,640,,0.0076,,,,,,,,,,,,,,,
Instances/Instances 1/d2103_06.gt,2102,100.0,86400.0,LINEAR,1497461.0,645,,0.0079,,,,,,,,,,,,,,,
Instances/Instances 1/d2103_07.gt,2102,100.0,86400.0,LINEAR,1526725.0,649,,0.0076,,,,,,,,,,,,,,,
Instances/Instances 1/d2103_08.gt,2102,100.0,86400.0,LINEAR,1531109.0,650,,0.0066,,,,,,,,,,,,,,,
Instances/Instances 1/d2103_09.gt,2102,100.0,86400.0,LINEAR,1495014.0,629,,0.0072,,,,,,,,,,,,,,,
Instances/Instances 1/d2103_10.gt,2102,100.0,86400.0,LINEAR,1512387.0,644,,0.0076,,,,,,,,,,,,,,,
Instances/Instances 1/d493_01.gt,492,100.0,86400.0,LINEAR,227327.0,149,,0.0059,,,,,,,,,,,,,,,
Instances/Instances 1/d493_02.gt,492,100.0,86400.0,LINEAR,214711.0,140,,0.0067,,,,,,,,,,,,,,,
Instances/Instances 1/d493_03.gt,492,100.0,86400.0,LINEAR,227079.0,149,,0.0062,,,,,,,,,,,,,,,
Instances/Instances 1/d493_04.gt,492,100.0,86400.0,LINEAR,225215.0,152,,0.006,,,,,,,,,,,,,,,
Instances/Instances 1/d493_05.gt,492,100.0,86400.0,LINEAR,225335.0,151,,0.0067,,,,,,,,,,,,,,,
Instances/Instances 1/d493_06.gt,492,100.0,86400.0,LINEAR,230454.0,151,,0.006,,,,,,,,,,,,,,,
Instances/Instances 1/d493_07.gt,492,100.0,86400.0,LINEAR,236407.0,154,,0.0071,,,,,,,,,,,,,,,
Instances/Instances 1/d493_08.gt,492,100.0,86400.0,LINEAR,212849.0,139,,0.0064,,,,,,,,,,,,,,,
Instances/Instances 1/d493_09.gt,492,100.0,86400.0,LINEAR,228675.0,151,,0.0074,,,,,,,,,,,,,,,
Instances/Instances 1/d493_10.gt,492,100.0,86400.0,LINEAR,219806.0,148,,0.0071,,,,,,,,,,,,,,,
Instances/Instances 1/d657_01.gt,656,100.0,86400.0,LINEAR,393924.0,195,,0.0062,,,,,,,,,,,,,,,
Instances/Instances 1/d657_02.gt,656,100.0,86400.0,LINEAR,400491.0,197,,0.0067,,,,,,,,,,,,,,,
Instances/Instances 1/d657_03.gt,656,100.0,86400.0,LINEAR,403836.0,199,,0.0063,,,,,,,,,,,,,,,
Instances/Instances 1/d657_04.gt,656,100.0,86400.0,LINEAR,409909.0,201,,0.0075,,,,,,,,,,,,,,,
Instances/Instances 1/d657_05.gt,656,100.0,86400.0,LINEAR,421912.0,206,,0.0066,,,,,,,,,,,,,,,
Instances/Instances 1/d657_06.gt,656,100.0,86400.0,LINEAR,386080.0,188,,0.0062,,,,,,,,,,,,,,,
Instances/Instances 1/d657_07.gt,656,100.0,86400.0,LINEAR,401647.0,196,,0.0063,,,,,,,,,,,,,,,
Instances/Instances 1/d657_08.gt,656,100.0,86400.0,LINEAR,415828.0,204,,0.0068,,,,,,,,,,,,,,,
Instances/Instances 1/d657_09.gt,656,100.0,86400.0,LINEAR,406046.0,196,,0.006,,,,,,,,,,,,,,,
Instances/Instances 1/d657_10.gt,656,100.0,86400.0,LINEAR,406100.0,199,,0.0077,,,,,,,,,,,,,,,
Instances/Instances 1/dj38_01.gt,37,100.0,86400.0,LINEAR,17653.0,14,,0.0063,,,,,,,,,,,,,,,
Instances/Instances 1/dj38_02.gt,37,100.0,86400.0,LINEAR,18154.0,13,,0.0066,,,,,,,,,,,,,,,
Instances/Instances 1/dj38_03.gt,37,100.0,86400.0,LINEAR,16366.0,13,,0.0061,,,,,,,,,,,,,,,
Instances/Instances 1/dj38_04.gt,37,100.0,86400.0,LINEAR,15411.0,11,,0.0063,,,,,,,,,,,,,,,
Instances/Instances 1/dj38_05.gt,37,100.0,86400.0,LINEAR,15963.0,12,,0.006,,,,,,,,,,,,,,,
Instances/Instances 1/dj38_06.gt,37,100.0,86400.0,LINEAR,15404.0,10,,0.0062,,,,,,,,,,,,,,,
Instances/Instances 1/dj38_07.gt,37,100.0,86400.0,LINEAR,17275.0,13,,0.0064,,,,,,,,,,,,,,,
Instances/Instances 1/dj38_08.gt,37,100.0,86400.0,LINEAR,16017.0,11,,0.0063,,,,,,,,,,,,,,,
Instances/Instances 1/dj38_09.gt,37,100.0,86400.0,LINEAR,14245.0,10,,0.0063,,,,,,,,,,,,,,,
Instances/Instances 1/dj38_10.gt,37,100.0,86400.0,LINEAR,16923.0,12,,0.0069,,,,,,,,,,,,,,,
Instances/Instances 1/eg7146_01.gt,7145,100.0,86400.0,LINEAR,6612188.0,2153,,0.0132,,,,,,,,,,,,,,,
Instances/Instances 1/eg7146_02.gt,7145,100.0,86400.0,LINEAR,6526771.0,2161,,0.0133,,,,,,,,,,,,,,,
Instances/Instances 1/eg7146_03.gt,7145,100.0,86400.0,LINEAR,6629113.0,2171,,0.0116,,,,,,,,,,,,,,,
Instances/Instances 1/eg7146_04.gt,7145,100.0,86400.0,LINEAR,6492093.0,2146,,0.0118,,,,,,,,,,,,,,,
Instances/Instances 1/eg7146_05.gt,7145,100.0,86400.0,LINEAR,6603244.0,2173,,0.0106,,,,,,,,,,,,,,,
Instances/Instances 1/eg7146_06.gt,7145,100.0,86400.0,LINEAR,6517261.0,2147,,0.0105,,,,,,,,,,,,,,,
Instances/Instances 1/eg7146_07.gt,7145,100.0,86400.0,LINEAR,6557889.0,2184,,0.0106,,,,,,,,,,,,,,,
Instances/Instances 1/eg7146_08.gt,7145,100.0,86400.0,LINEAR,6623139.0,2185,,0.0113,,,,,,,,,,,,,,,
Instances/Instances 1/eg7146_09.gt,7145,100.0,86400.0,LINEAR,6544369.0,2168,,0.0107,,,,,,,,,,,,,,,
Instances/Instances 1/eg7146_10.gt,7145,100.0,86400.0,LINEAR,6606398.0,2174,,0.0123,,,,,,,,,,,,,,,
Instances/Instances 1/ei8246_01.gt,8245,100.0,86400.0,LINEAR,6708398.0,2518,,0.0121,,,,,,,,,,,,,,,
Instances/Instances 1/ei8246_02.gt,8245,100.0,86400.0,LINEAR,6693141.0,2509,,0.012,,,,,,,,,,,,,,,
Instances/Instances 1/ei8246_03.gt,8245,100.0,86400.0,LINEAR,6685027.0,2518,,0.011,,,,,,,,,,,,,,,
Instances/Instances 1/ei8246_04.gt,8245,100.0,86400.0,LINEAR,6660496.0,2500,,0.0124,,,,,,,,,,,,,,,
Instances/Instances 1/ei8246_05.gt,8245,100.0,86400.0,LINEAR,6652393.0,2501,,0.0104,,,,,,,,,,,,,,,
Instances/Instances 1/ei8246_06.gt,8245,100.0,86400.0,LINEAR,6697657.0,2512,,0.0124,,,,,,,,,,,,,,,
Instances/Instances 1/ei8246_07.gt,8245,100.0,86400.0,LINEAR,6680887.0,2517,,0.0118,,,,,,,,,,,,,,,
Instances/Instances 1/ei8246_08.gt,8245,100.0,86400.0,LINEAR,6620772.0,2474,,0.0119,,,,,,,,,,,,,,,
Instances/Instances 1/ei8246_09.gt,8245,100.0,86400.0,LINEAR,6702413.0,2518,,0.0123,,,,,,,,,,,,,,,
Instances/Instances 1/ei8246_10.gt,8245,100.0,86400.0,LINEAR,6578216.0,2470,,0.0108,,,,,,,,,,,,,,,
Instances/Instances 1/eil101_01.gt,100,100.0,86400.0,LINEAR,1954.0,32,,0.0066,,,,,,,,,,,,,,,
Instances/Instances 1/eil101_02.gt,100,100.0,86400.0,LINEAR,1875.0,31,,0.006,,,,,,,,,,,,,,,
Instances/Instances 1/eil101_03.gt,100,100.0,86400.0,LINEAR,1939.0,32,,0.0063,,,,,,,,,,,,,,,
Instances/Instances 1/eil101_04.gt,100,100.0,86400.0,LINEAR,1815.0,29,,0.0064,,,,,,,,,,,,,,,
Instances/Instances 1/eil101_05.gt,100,100.0,86400.0,LINEAR,1982.0,34,,0.0056,,,,,,,,,,,,,,,
Instances/Instances 1/eil101_06.gt,100,100.0,86400.0,LINEAR,1791.0,29,,0.0065,,,,,,,,,,,,,,,
Instances/Instances 1/eil101_07.gt,100,100.0,86400.0,LINEAR,1843.0,32,,0.0067,,,,,,,,,,,,,,,
Instances/Instances 1/eil101_08.gt,100,100.0,86400.0,LINEAR,1935.0,32,,0.006,,,,,,,,,,,,,,,
Instances/Instances 1/eil101_09.gt,100,100.0,86400.0,LINEAR,1877.0,31,,0.0046,,,,,,,,,,,,,,,
Instances/Instances 1/eil101_10.gt,100,100.0,86400.0,LINEAR,1990.0,32,,0.0063,,,,,,,,,,,,,,,
Instances/Instances 1/eil51_01.gt,50,100.0,86400.0,LINEAR,941.0,15,,0.0062,,,,,,,,,,,,,,,
Instances/Instances 1/eil51_02.gt,50,100.0,86400.0,LINEAR,1005.0,16,,0.0065,,,,,,,,,,,,,,,
Instances/Instances 1/eil51_03.gt,50,100.0,86400.0,LINEAR,942.0,16,,0.0061,,,,,,,,,,,,,,,
Instances/Instances 1/eil51_04.gt,50,100.0,86400.0,LINEAR,1016.0,16,,0.0063,,,,,,,,,,,,,,,
Instances/Instances 1/eil51_05.gt,50,100.0,86400.0,LINEAR,807.0,12,,0.0062,,,,,,,,,,,,,,,
Instances/Instances 1/eil51_06.gt,50,100.0,86400.0,LINEAR,959.0,15,,0.0064,,,,,,,,,,,,,,,
Instances/Instances 1/eil51_07.gt,50,100.0,86400.0,LINEAR,1003.0,16,,0.0062,,,,,,,,,,,,,,,
Instances/Instances 1/eil51_08.gt,50,100.0,86400.0,LINEAR,957.0,15,,0.0069,,,,,,,,,,,,,,,
Instances/Instances 1/eil51_09.gt,50,100.0,86400.0,LINEAR,999.0,16,,0.0066,,,,,,,,,,,,,,,
Instances/Instances 1/eil51_10.gt,50,100.0,86400.0,LINEAR,999.0,16,,0.006,,,,,,,,,,,,,,,
Instances/Instances 1/eil76_01.gt,75,100.0,86400.0,LINEAR,1401.0,23,,0.0058,,,,,,,,,,,,,,,
Instances/Instances 1/eil76_02.gt,75,100.0,86400.0,LINEAR,1344.0,22,,0.0063,,,,,,,,,,,,,,,
Instances/Instances 1/eil76_03.gt,75,100.0,86400.0,LINEAR,1379.0,22,,0.0059,,,,,,,,,,,,,,,
Instances/Instances 1/eil76_04.gt,75,100.0,86400.0,LINEAR,1376.0,22,,0.0061,,,,,,,,,,,,,,,
Instances/Instances 1/eil76_05.gt,75,100.0,86400.0,LINEAR,1500.0,25,,0.0061,,,,,,,,,,,,,,,
Instances/Instances 1/eil76_06.gt,75,100.0,86400.0,LINEAR,1316.0,21,,0.0076,,,,,,,,,,,,,,,
Instances/Instances 1/eil76_07.gt,75,100.0,86400.0,LINEAR,1539.0,26,,0.0061,,,,,,,,,,,,,,,
Instances/Instances 1/eil76_08.gt,75,100.0,86400.0,LINEAR,1552.0,25,,0.0062,,,,,,,,,,,,,,,
Instances/Instances 1/eil76_09.gt,75,100.0,86400.0,LINEAR,1450.0,22,,0.0061,,,,,,,,,,,,,,,
Instances/Instances 1/eil76_10.gt,75,100.0,86400.0,LINEAR,1412.0,22,,0.0063,,,,,,,,,,,,,,,
Instances/Instances 1/fi10639_01.gt,10638,100.0,86400.0,LINEAR,19313793.0,3218,,0.0144,,,,,,,,,,,,,,,
Instances/Instances 1/fi10639_02.gt,10638,100.0,86400.0,LINEAR,19388029.0,3208,,0.0134,,,,,,,,,,,,,,,
Instances/Instances 1/fi10639_03.gt,10638,100.0,86400.0,LINEAR,19218272.0,3207,,0.0137,,,,,,,,,,,,,,,
Instances/Instances 1/fi10639_04.gt,10638,100.0,86400.0,LINEAR,19193246.0,3199,,0.013,,,,,,,,,,,,,,,
Instances/Instances 1/fi10639_05.gt,10638,100.0,86400.0,LINEAR,19363594.0,3217,,0.0131,,,,,,,,,,,,,,,
Instances/Instances 1/fi10639_06.gt,10638,100.0,86400.0,LINEAR,19398173.0,3224,,0.0131,,,,,,,,,,,,,,,
Instances/Instances 1/fi10639_07.gt,10638,100.0,86400.0,LINEAR,19452657.0,3236,,0.0135,,,,,,,,,,,,,,,
Instances/Instances 1/fi10639_08.gt,10638,100.0,86400.0,LINEAR,19456859.0,3229,,0.0121,,,,,,,,,,,,,,,
Instances/Instances 1/fi10639_09.gt,10638,100.0,86400.0,LINEAR,19173333.0,3201,,0.0128,,,,,,,,,,,,,,,
Instances/Instances 1/fi10639_10.gt,10638,100.0,86400.0,LINEAR,19302114.0,3210,,0.0132,,,,,,,,,,,,,,,
Instances/Instances 1/fl1400_01.gt,1399,100.0,86400.0,LINEAR,830321.0,424,,0.0067,,,,,,,,,,,,,,,
Instances/Instances 1/fl1400_02.gt,1399,100.0,86400.0,LINEAR,820393.0,420,,0.0068,,,,,,,,,,,,,,,
Instances/Instances 1/fl1400_03.gt,1399,100.0,86400.0,LINEAR,855289.0,440,,0.0066,,,,,,,,,,,,,,,
Instances/Instances 1/fl1400_04.gt,1399,100.0,86400.0,LINEAR,850328.0,432,,0.0072,,,,,,,,,,,,,,,
Instances/Instances 1/fl1400_05.gt,1399,100.0,86400.0,LINEAR,801150.0,412,,0.0069,,,,,,,,,,,,,,,
Instances/Instances 1/fl1400_06.gt,1399,100.0,86400.0,LINEAR,845628.0,436,,0.0073,,,,,,,,,,,,,,,
Instances/Instances 1/fl1400_07.gt,1399,100.0,86400.0,LINEAR,831404.0,427,,0.007,,,,,,,,,,,,,,,
Instances/Instances 1/fl1400_08.gt,1399,100.0,86400.0,LINEAR,810515.0,419,,0.0066,,,,,,,,,,,,,,,
Instances/Instances 1/fl1400_09.gt,1399,100.0,86400.0,LINEAR,829850.0,427,,0.0074,,,,,,,,,,,,,,,
Instances/Instances 1/fl1400_10.gt,1399,100.0,86400.0,LINEAR,812435.0,419,,0.0074,,,,,,,,,,,,,,,
Instances/Instances 1/fl1577_01.gt,1576,100.0,86400.0,LINEAR,588477.0,476,,0.0066,,,,,,,,,,,,,,,
Instances/Instances 1/fl1577_02.gt,1576,100.0,86400.0,LINEAR,599274.0,478,,0.0076,,,,,,,,,,,,,,,
Instances/Instances 1/fl1577_03.gt,1576,100.0,86400.0,LINEAR,594912.0,482,,0.0071,,,,,,,,,,,,,,,
Instances/Instances 1/fl1577_04.gt,1576,100.0,86400.0,LINEAR,585890.0,484,,0.007,,,,,,,,,,,,,,,
Instances/Instances 1/fl1577_05.gt,1576,100.0,86400.0,LINEAR,601006.0,483,,0.007,,,,,,,,,,,,,,,
Instances/Instances 1/fl1577_06.gt,1576,100.0,86400.0,LINEAR,593504.0,478,,0.0087,,,,,,,,,,,,,,,
Instances/Instances 1/fl1577_07.gt,1576,100.0,86400.0,LINEAR,584045.0,475,,0.0066,,,,,,,,,,,,,,,
Instances/Instances 1/fl1577_08.gt,1576,100.0,86400.0,LINEAR,595639.0,478,,0.0068,,,,,,,,,,,,,,,
Instances/Instances 1/fl1577_09.gt,1576,100.0,86400.0,LINEAR,585195.0,475,,0.0071,,,,,,,,,,,,,,,
Instances/Instances 1/fl1577_10.gt,1576,100.0,86400.0,LINEAR,594210.0,480,,0.0064,,,,,,,,,,,,,,,
Instances/Instances 1/fl3795_01.gt,3794,100.0,86400.0,LINEAR,1587150.0,1154,,0.0081,,,,,,,,,,,,,,,
Instances/Instances 1/fl3795_02.gt,3794,100.0,86400.0,LINEAR,1594072.0,1160,,0.0082,,,,,,,,,,,,,,,
Instances/Instances 1/fl3795_03.gt,3794,100.0,86400.0,LINEAR,1566647.0,1159,,0.0085,,,,,,,,,,,,,,,
Instances/Instances 1/fl3795_04.gt,3794,100.0,86400.0,LINEAR,1552299.0,1141,,0.0089,,,,,,,,,,,,,,,
Instances/Instances 1/fl3795_05.gt,3794,100.0,86400.0,LINEAR,1588241.0,1162,,0.0087,,,,,,,,,,,,,,,
Instances/Instances 1/fl3795_06.gt,3794,100.0,86400.0,LINEAR,1558298.0,1148,,0.0098,,,,,,,,,,,,,,,
Instances/Instances 1/fl3795_07.gt,3794,100.0,86400.0,LINEAR,1602901.0,1171,,0.0083,,,,,,,,,,,,,,,
Instances/Instances 1/fl3795_08.gt,3794,100.0,86400.0,LINEAR,1535976.0,1138,,0.008,,,,,,,,,,,,,,,
Instances/Instances 1/fl3795_09.gt,3794,100.0,86400.0,LINEAR,1581747.0,1160,,0.0088,,,,,,,,,,,,,,,
Instances/Instances 1/fl3795_10.gt,3794,100.0,86400.0,LINEAR,1572781.0,1153,,0.0071,,,,,,,,,,,,,,,
Instances/Instances 1/fl417_01.gt,416,100.0,86400.0,LINEAR,250440.0,128,,0.006,,,,,,,,,,,,,,,
Instances/Instances 1/fl417_02.gt,416,100.0,86400.0,LINEAR,230869.0,121,,0.0066,,,,,,,,,,,,,,,
Instances/Instances 1/fl417_03.gt,416,100.0,86400.0,LINEAR,248916.0,132,,0.0062,,,,,,,,,,,,,,,
Instances/Instances 1/fl417_04.gt,416,100.0,86400.0,LINEAR,238094.0,123,,0.0067,,,,,,,,,,,,,,,
Instances/Instances 1/fl417_05.gt,416,100.0,86400.0,LINEAR,254232.0,133,,0.0065,,,,,,,,,,,,,,,
Instances/Instances 1/fl417_06.gt,416,100.0,86400.0,LINEAR,250206.0,129,,0.0066,,,,,,,,,,,,,,,
Instances/Instances 1/fl417_07.gt,416,100.0,86400.0,LINEAR,263966.0,137,,0.006,,,,,,,,,,,,,,,
Instances/Instances 1/fl417_08.gt,416,100.0,86400.0,LINEAR,255856.0,134,,0.0063,,,,,,,,,,,,,,,
Instances/Instances 1/fl417_09.gt,416,100.0,86400.0,LINEAR,246590.0,127,,0.037,,,,,,,,,,,,,,,
Instances/Instances 1/fl417_10.gt,416,100.0,86400.0,LINEAR,256716.0,132,,0.0053,,,,,,,,,,,,,,,
Instances/Instances 1/fnl4461_01.gt,4460,100.0,86400.0,LINEAR,3911671.0,1381,,0.0101,,,,,,,,,,,,,,,
Instances/Instances 1/fnl4461_02.gt,4460,100.0,86400.0,LINEAR,3877024.0,1368,,0.0094,,,,,,,,,,,,,,,
Instances/Instances 1/fnl4461_03.gt,4460,100.0,86400.0,LINEAR,3889716.0,1371,,0.0093,,,,,,,,,,,,,,,
Instances/Instances 1/fnl4461_04.gt,4460,100.0,86400.0,LINEAR,3866838.0,1371,,0.0094,,,,,,,,,,,,,,,
Instances/Instances 1/fnl4461_05.gt,4460,100.0,86400.0,LINEAR,3796934.0,1350,,0.0095,,,,,,,,,,,,,,,
Instances/Instances 1/fnl4461_06.gt,4460,100.0,86400.0,LINEAR,3852400.0,1368,,0.0092,,,,,,,,,,,,,,,
Instances/Instances 1/fnl4461_07.gt,4460,100.0,86400.0,LINEAR,3810524.0,1353,,0.0081,,,,,,,,,,,,,,,
Instances/Instances 1/fnl4461_08.gt,4460,100.0,86400.0,LINEAR,3769581.0,1336,,0.0089,,,,,,,,,,,,,,,
Instances/Instances 1/fnl4461_09.gt,4460,100.0,86400.0,LINEAR,3791061.0,1345,,0.0088,,,,,,,,,,,,,,,
Instances/Instances 1/fnl4461_10.gt,4460,100.0,86400.0,LINEAR,3833888.0,1353,,0.0089,,,,,,,,,,,,,,,
Instances/Instances 1/gil262_01.gt,261,100.0,86400.0,LINEAR,13953.0,84,,0.0064,,,,,,,,,,,,,,,
Instances/Instances 1/gil262_02.gt,261,100.0,86400.0,LINEAR,12854.0,76,,0.0065,,,,,,,,,,,,,,,
Instances/Instances 1/gil262_03.gt,261,100.0,86400.0,LINEAR,12979.0,77,,0.0059,,,,,,,,,,,,,,,
Instances/Instances 1/gil262_04.gt,261,100.0,86400.0,LINEAR,13543.0,83,,0.0059,,,,,,,,,,,,,,,
Instances/Instances 1/gil262_05.gt,261,100.0,86400.0,LINEAR,13968.0,83,,0.0066,,,,,,,,,,,,,,,
Instances/Instances 1/gil262_06.gt,261,100.0,86400.0,LINEAR,12719.0,75,,0.0062,,,,,,,,,,,,,,,
Instances/Instances 1/gil262_07.gt,261,100.0,86400.0,LINEAR,13640.0,81,,0.0062,,,,,,,,,,,,,,,
Instances/Instances 1/gil262_08.gt,261,100.0,86400.0,LINEAR,13146.0,78,,0.0062,,,,,,,,,,,,,,,
Instances/Instances 1/gil262_09.gt,261,100.0,86400.0,LINEAR,12975.0,77,,0.0061,,,,,,,,,,,,,,,
Instances/Instances 1/gil262_10.gt,261,100.0,86400.0,LINEAR,13117.0,79,,0.0065,,,,,,,,,,,,,,,
Instances/Instances 1/gr9882_01.gt,9881,100.0,86400.0,LINEAR,12898668.0,3001,,0.0128,,,,,,,,,,,,,,,
Instances/Instances 1/gr9882_02.gt,9881,100.0,86400.0,LINEAR,12945236.0,3002,,0.0133,,,,,,,,,,,,,,,
Instances/Instances 1/gr9882_03.gt,9881,100.0,86400.0,LINEAR,12706410.0,2975,,0.0134,,,,,,,,,,,,,,,
Instances/Instances 1/gr9882_04.gt,9881,100.0,86400.0,LINEAR,12978521.0,3005,,0.0135,,,,,,,,,,,,,,,
Instances/Instances 1/gr9882_05.gt,9881,100.0,86400.0,LINEAR,12771958.0,2989,,0.0141,,,,,,,,,,,,,,,
Instances/Instances 1/gr9882_06.gt,9881,100.0,86400.0,LINEAR,12805708.0,2976,,0.0142,,,,,,,,,,,,,,,
Instances/Instances 1/gr9882_07.gt,9881,100.0,86400.0,LINEAR,13112230.0,3044,,0.0106,,,,,,,,,,,,,,,
Instances/Instances 1/gr9882_08.gt,9881,100.0,86400.0,LINEAR,12779918.0,2976,,0.0122,,,,,,,,,,,,,,,
Instances/Instances 1/gr9882_09.gt,9881,100.0,86400.0,LINEAR,12896567.0,3007,,0.013,,,,,,,,,,,,,,,
Instances/Instances 1/gr9882_10.gt,9881,100.0,86400.0,LINEAR,12785778.0,2979,,0.0131,,,,,,,,,,,,,,,
Instances/Instances 1/ho14473_01.gt,14472,100.0,86400.0,LINEAR,9569175.0,4371,,0.0155,,,,,,,,,,,,,,,
Instances/Instances 1/ho14473_02.gt,14472,100.0,86400.0,LINEAR,9681028.0,4425,,0.016,,,,,,,,,,,,,,,
Instances/Instances 1/ho14473_03.gt,14472,100.0,86400.0,LINEAR,9607953.0,4401,,0.015,,,,,,,,,,,,,,,
Instances/Instances 1/ho14473_04.gt,14472,100.0,86400.0,LINEAR,9548574.0,4363,,0.0158,,,,,,,,,,,,,,,
Instances/Instances 1/ho14473_05.gt,14472,100.0,86400.0,LINEAR,9686059.0,4409,,0.0159,,,,,,,,,,,,,,,
Instances/Instances 1/ho14473_06.gt,14472,100.0,86400.0,LINEAR,9624544.0,4394,,0.0152,,,,,,,,,,,,,,,
Instances/Instances 1/ho14473_07.gt,14472,100.0,86400.0,LINEAR,9587847.0,4390,,0.0159,,,,,,,,,,,,,,,
Instances/Instances 1/ho14473_08.gt,14472,100.0,86400.0,LINEAR,9669218.0,4414,,0.0161,,,,,,,,,,,,,,,
Instances/Instances 1/ho14473_09.gt,14472,100.0,86400.0,LINEAR,9603609.0,4373,,0.0153,,,,,,,,,,,,,,,
Instances/Instances 1/ho14473_10.gt,14472,100.0,86400.0,LINEAR,9609819.0,4360,,0.0157,,,,,,,,,,,,,,,
Instances/Instances 1/it16862_01.gt,16861,100.0,86400.0,LINEAR,31770501.0,5180,,0.0206,,,,,,,,,,,,,,,
Instances/Instances 1/it16862_02.gt,16861,100.0,86400.0,LINEAR,31249423.0,5129,,0.0196,,,,,,,,,,,,,,,
Instances/Instances 1/it16862_03.gt,16861,100.0,86400.0,LINEAR,31450923.0,5151,,0.0176,,,,,,,,,,,,,,,
Instances/Instances 1/it16862_04.gt,16861,100.0,86400.0,LINEAR,30996025.0,5080,,0.0187,,,,,,,,,,,,,,,
Instances/Instances 1/it16862_05.gt,16861,100.0,86400.0,LINEAR,31161641.0,5119,,0.0198,,,,,,,,,,,,,,,
Instances/Instances 1/it16862_06.gt,16861,100.0,86400.0,LINEAR,31276877.0,5129,,0.019,,,,,,,,,,,,,,,
Instances/Instances 1/it16862_07.gt,16861,100.0,86400.0,LINEAR,30980281.0,5068,,0.0166,,,,,,,,,,,,,,,
Instances/Instances 1/it16862_08.gt,16861,100.0,86400.0,LINEAR,31108423.0,5087,,0.0177,,,,,,,,,,,,,,,
Instances/Instances 1/it16862_09.gt,16861,100.0,86400.0,LINEAR,31507182.0,5123,,0.0235,,,,,,,,,,,,,,,
Instances/Instances 1/it16862_10.gt,16861,100.0,86400.0,LINEAR,31024403.0,5085,,0.0195,,,,,,,,,,,,,,,
Instances/Instances 1/ja9847_01.gt,9846,100.0,86400.0,LINEAR,31372038.0,2992,,0.0124,,,,,,,,,,,,,,,
Instances/Instances 1/ja9847_02.gt,9846,100.0,86400.0,LINEAR,30934022.0,2949,,0.0127,,,,,,,,,,,,,,,
Instances/Instances 1/ja9847_03.gt,9846,100.0,86400.0,LINEAR,31349205.0,2964,,0.012,,,,,,,,,,,,,,,
Instances/Instances 1/ja9847_04.gt,9846,100.0,86400.0,LINEAR,31631363.0,3002,,0.0122,,,,,,,,,,,,,,,
Instances/Instances 1/ja9847_05.gt,9846,100.0,86400.0,LINEAR,30977236.0,2952,,0.0134,,,,,,,,,,,,,,,
Instances/Instances 1/ja9847_06.gt,9846,100.0,86400.0,LINEAR,31182035.0,2971,,0.0117,,,,,,,,,,,,,,,
Instances/Instances 1/ja9847_07.gt,9846,100.0,86400.0,LINEAR,31120625.0,2969,,0.0146,,,,,,,,,,,,,,,
Instances/Instances 1/ja9847_08.gt,9846,100.0,86400.0,LINEAR,31029858.0,2975,,0.0127,,,,,,,,,,,,,,,
Instances/Instances 1/ja9847_09.gt,9846,100.0,86400.0,LINEAR,31768524.0,3027,,0.0141,,,,,,,,,,,,,,,
Instances/Instances 1/ja9847_10.gt,9846,100.0,86400.0,LINEAR,31070571.0,2980,,0.0106,,,,,,,,,,,,,,,
Instances/Instances 1/kroA100_01.gt,99,100.0,86400.0,LINEAR,88100.0,29,,0.0067,,,,,,,,,,,,,,,
Instances/Instances 1/kroA100_02.gt,99,100.0,86400.0,LINEAR,87674.0,30,,0.0063,,,,,,,,,,,,,,,
Instances/Instances 1/kroA100_03.gt,99,100.0,86400.0,LINEAR,89901.0,31,,0.0061,,,,,,,,,,,,,,,
Instances/Instances 1/kroA100_04.gt,99,100.0,86400.0,LINEAR,83700.0,29,,0.0068,,,,,,,,,,,,,,,
Instances/Instances 1/kroA100_05.gt,99,100.0,86400.0,LINEAR,89642.0,29,,0.006,,,,,,,,,,,,,,,
Instances/Instances 1/kroA100_06.gt,99,100.0,86400.0,LINEAR,79837.0,26,,0.0062,,,,,,,,,,,,,,,
Instances/Instances 1/kroA100_07.gt,99,100.0,86400.0,LINEAR,78249.0,28,,0.0058,,,,,,,,,,,,,,,
Instances/Instances 1/kroA100_08.gt,99,100.0,86400.0,LINEAR,85616.0,28,,0.0062,,,,,,,,,,,,,,,
Instances/Instances 1/kroA100_09.gt,99,100.0,86400.0,LINEAR,83857.0,28,,0.006,,,,,,,,,,,,,,,
Instances/Instances 1/kroA100_10.gt,99,100.0,86400.0,LINEAR,92765.0,32,,0.0058,,,,,,,,,,,,,,,
Instances/Instances 1/kroA150_01.gt,149,100.0,86400.0,LINEAR,130361.0,45,,0.006,,,,,,,,,,,,,,,
Instances/Instances 1/kroA150_02.gt,149,100.0,86400.0,LINEAR,125800.0,45,,0.0062,,,,,,,,,,,,,,,
Instances/Instances 1/kroA150_03.gt,149,100.0,86400.0,LINEAR,119420.0,41,,0.0065,,,,,,,,,,,,,,,
Instances/Instances 1/kroA150_04.gt,149,100.0,86400.0,LINEAR,125492.0,41,,0.0065,,,,,,,,,,,,,,,
Instances/Instances 1/kroA150_05.gt,149,100.0,86400.0,LINEAR,115844.0,40,,0.0059,,,,,,,,,,,,,,,
Instances/Instances 1/kroA150_06.gt,149,100.0,86400.0,LINEAR,124542.0,43,,0.0064,,,,,,,,,,,,,,,
Instances/Instances 1/kroA150_07.gt,149,100.0,86400.0,LINEAR,140862.0,49,,0.007,,,,,,,,,,,,,,,
Instances/Instances 1/kroA150_08.gt,149,100.0,86400.0,LINEAR,133057.0,46,,0.0054,,,,,,,,,,,,,,,
Instances/Instances 1/kroA150_09.gt,149,100.0,86400.0,LINEAR,139297.0,49,,0.0064,,,,,,,,,,,,,,,
Instances/Instances 1/kroA150_10.gt,149,100.0,86400.0,LINEAR,124707.0,42,,0.0066,,,,,,,,,,,,,,,
Instances/Instances 1/kroA200_01.gt,199,100.0,86400.0,LINEAR,176794.0,63,,0.0063,,,,,,,,,,,,,,,
Instances/Instances 1/kroA200_02.gt,199,100.0,86400.0,LINEAR,160194.0,58,,0.006,,,,,,,,,,,,,,,
Instances/Instances 1/kroA200_03.gt,199,100.0,86400.0,LINEAR,174285.0,62,,0.0062,,,,,,,,,,,,,,,
Instances/Instances 1/kroA200_04.gt,199,100.0,86400.0,LINEAR,182338.0,64,,0.0068,,,,,,,,,,,,,,,
Instances/Instances 1/kroA200_05.gt,199,100.0,86400.0,LINEAR,158965.0,57,,0.0065,,,,,,,,,,,,,,,
Instances/Instances 1/kroA200_06.gt,199,100.0,86400.0,LINEAR,180063.0,62,,0.0061,,,,,,,,,,,,,,,
Instances/Instances 1/kroA200_07.gt,199,100.0,86400.0,LINEAR,178547.0,64,,0.0061,,,,,,,,,,,,,,,
Instances/Instances 1/kroA200_08.gt,199,100.0,86400.0,LINEAR,172857.0,60,,0.006,,,,,,,,,,,,,,,
Instances/Instances 1/kroA200_09.gt,199,100.0,86400.0,LINEAR,157225.0,54,,0.0065,,,,,,,,,,,,,,,
Instances/Instances 1/kroA200_10.gt,199,100.0,86400.0,LINEAR,171477.0,60,,0.0061,,,,,,,,,,,,,,,
Instances/Instances 1/kroB100_01.gt,99,100.0,86400.0,LINEAR,88985.0,30,,0.0064,,,,,,,,,,,,,,,
Instances/Instances 1/kroB100_02.gt,99,100.0,86400.0,LINEAR,86092.0,30,,0.0066,,,,,,,,,,,,,,,
Instances/Instances 1/kroB100_03.gt,99,100.0,86400.0,LINEAR,80582.0,28,,0.0063,,,,,,,,,,,,,,,
Instances/Instances 1/kroB100_04.gt,99,100.0,86400.0,LINEAR,87460.0,29,,0.0065,,,,,,,,,,,,,,,
Instances/Instances 1/kroB100_05.gt,99,100.0,86400.0,LINEAR,95872.0,32,,0.0063,,,,,,,,,,,,,,,
Instances/Instances 1/kroB100_06.gt,99,100.0,86400.0,LINEAR,89220.0,30,,0.0067,,,,,,,,,,,,,,,
Instances/Instances 1/kroB100_07.gt,99,100.0,86400.0,LINEAR,99641.0,35,,0.0064,,,,,,,,,,,,,,,
Instances/Instances 1/kroB100_08.gt,99,100.0,86400.0,LINEAR,86803.0,30,,0.0062,,,,,,,,,,,,,,,
Instances/Instances 1/kroB100_09.gt,99,100.0,86400.0,LINEAR,79985.0,27,,0.006,,,,,,,,,,,,,,,
Instances/Instances 1/kroB100_10.gt,99,100.0,86400.0,LINEAR,88046.0,30,,0.0065,,,,,,,,,,,,,,,
Instances/Instances 1/kroB150_01.gt,149,100.0,86400.0,LINEAR,135958.0,47,,0.0067,,,,,,,,,,,,,,,
Instances/Instances 1/kroB150_02.gt,149,100.0,86400.0,LINEAR,130195.0,43,,0.0059,,,,,,,,,,,,,,,
Instances/Instances 1/kroB150_03.gt,149,100.0,86400.0,LINEAR,136853.0,48,,0.0063,,,,,,,,,,,,,,,
Instances/Instances 1/kroB150_04.gt,149,100.0,86400.0,LINEAR,133172.0,45,,0.0059,,,,,,,,,,,,,,,
Instances/Instances 1/kroB150_05.gt,149,100.0,86400.0,LINEAR,149416.0,50,,0.007,,,,,,,,,,,,,,,
Instances/Instances 1/kroB150_06.gt,149,100.0,86400.0,LINEAR,120147.0,39,,0.0061,,,,,,,,,,,,,,,
Instances/Instances 1/kroB150_07.gt,149,100.0,86400.0,LINEAR,133562.0,46,,0.0063,,,,,,,,,,,,,,,
Instances/Instances 1/kroB150_08.gt,149,100.0,86400.0,LINEAR,134849.0,46,,0.0059,,,,,,,,,,,,,,,
Instances/Instances 1/kroB150_09.gt,149,100.0,86400.0,LINEAR,137833.0,47,,0.0059,,,,,,,,,,,,,,,
Instances/Instances 1/kroB150_10.gt,149,100.0,86400.0,LINEAR,134572.0,47,,0.0059,,,,,,,,,,,,,,,
Instances/Instances 1/kroB200_01.gt,199,100.0,86400.0,LINEAR,165995.0,59,,0.0064,,,,,,,,,,,,,,,
Instances/Instances 1/kroB200_02.gt,199,100.0,86400.0,LINEAR,158419.0,59,,0.0062,,,,,,,,,,,,,,,
Instances/Instances 1/kroB200_03.gt,199,100.0,86400.0,LINEAR,178207.0,66,,0.0061,,,,,,,,,,,,,,,
Instances/Instances 1/kroB200_04.gt,199,100.0,86400.0,LINEAR,165625.0,62,,0.0059,,,,,,,,,,,,,,,
Instances/Instances 1/kroB200_05.gt,199,100.0,86400.0,LINEAR,168536.0,63,,0.007,,,,,,,,,,,,,,,
Instances/Instances 1/kroB200_06.gt,199,100.0,86400.0,LINEAR,177093.0,66,,0.006,,,,,,,,,,,,,,,
Instances/Instances 1/kroB200_07.gt,199,100.0,86400.0,LINEAR,169237.0,60,,0.0063,,,,,,,,,,,,,,,
Instances/Instances 1/kroB200_08.gt,199,100.0,86400.0,LINEAR,164726.0,61,,0.0064,,,,,,,,,,,,,,,
Instances/Instances 1/kroB200_09.gt,199,100.0,86400.0,LINEAR,174330.0,64,,0.0062,,,,,,,,,,,,,,,
Instances/Instances 1/kroB200_10.gt,199,100.0,86400.0,LINEAR,161117.0,57,,0.006,,,,,,,,,,,,,,,
Instances/Instances 1/kroC100_01.gt,99,100.0,86400.0,LINEAR,91174.0,31,,0.0061,,,,,,,,,,,,,,,
Instances/Instances 1/kroC100_02.gt,99,100.0,86400.0,LINEAR,86256.0,28,,0.0063,,,,,,,,,,,,,,,
Instances/Instances 1/kroC100_03.gt,99,100.0,86400.0,LINEAR,85700.0,29,,0.0058,,,,,,,,,,,,,,,
Instances/Instances 1/kroC100_04.gt,99,100.0,86400.0,LINEAR,93861.0,31,,0.0062,,,,,,,,,,,,,,,
Instances/Instances 1/kroC100_05.gt,99,100.0,86400.0,LINEAR,105813.0,35,,0.006,,,,,,,,,,,,,,,
Instances/Instances 1/kroC100_06.gt,99,100.0,86400.0,LINEAR,96949.0,32,,0.0066,,,,,,,,,,,,,,,
Instances/Instances 1/kroC100_07.gt,99,100.0,86400.0,LINEAR,89126.0,30,,0.0068,,,,,,,,,,,,,,,
Instances/Instances 1/kroC100_08.gt,99,100.0,86400.0,LINEAR,89386.0,30,,0.0072,,,,,,,,,,,,,,,
Instances/Instances 1/kroC100_09.gt,99,100.0,86400.0,LINEAR,90712.0,30,,0.0064,,,,,,,,,,,,,,,
Instances/Instances 1/kroC100_10.gt,99,100.0,86400.0,LINEAR,94619.0,33,,0.0069,,,,,,,,,,,,,,,
Instances/Instances 1/kroD100_01.gt,99,100.0,86400.0,LINEAR,84233.0,32,,0.0063,,,,,,,,,,,,,,,
Instances/Instances 1/kroD100_02.gt,99,100.0,86400.0,LINEAR,82579.0,30,,0.006,,,,,,,,,,,,,,,
Instances/Instances 1/kroD100_03.gt,99,100.0,86400.0,LINEAR,81611.0,28,,0.0063,,,,,,,,,,,,,,,
Instances/Instances 1/kroD100_04.gt,99,100.0,86400.0,LINEAR,80842.0,30,,0.006,,,,,,,,,,,,,,,
Instances/Instances 1/kroD100_05.gt,99,100.0,86400.0,LINEAR,97737.0,36,,0.0063,,,,,,,,,,,,,,,
Instances/Instances 1/kroD100_06.gt,99,100.0,86400.0,LINEAR,88907.0,33,,0.0059,,,,,,,,,,,,,,,
Instances/Instances 1/kroD100_07.gt,99,100.0,86400.0,LINEAR,80550.0,29,,0.0059,,,,,,,,,,,,,,,
Instances/Instances 1/kroD100_08.gt,99,100.0,86400.0,LINEAR,84741.0,31,,0.0063,,,,,,,,,,,,,,,
Instances/Instances 1/kroD100_09.gt,99,100.0,86400.0,LINEAR,87495.0,32,,0.0062,,,,,,,,,,,,,,,
Instances/Instances 1/kroD100_10.gt,99,100.0,86400.0,LINEAR,92903.0,34,,0.006,,,,,,,,,,,,,,,
Instances/Instances 1/kroE100_01.gt,99,100.0,86400.0,LINEAR,89420.0,31,,0.0068,,,,,,,,,,,,,,,
Instances/Instances 1/kroE100_02.gt,99,100.0,86400.0,LINEAR,93365.0,30,,0.0065,,,,,,,,,,,,,,,
Instances/Instances 1/kroE100_03.gt,99,100.0,86400.0,LINEAR,89925.0,30,,0.0063,,,,,,,,,,,,,,,
Instances/Instances 1/kroE100_04.gt,99,100.0,86400.0,LINEAR,90405.0,30,,0.0059,,,,,,,,,,,,,,,
Instances/Instances 1/kroE100_05.gt,99,100.0,86400.0,LINEAR,100853.0,34,,0.0063,,,,,,,,,,,,,,,
Instances/Instances 1/kroE100_06.gt,99,100.0,86400.0,LINEAR,95700.0,32,,0.0059,,,,,,,,,,,,,,,
Instances/Instances 1/kroE100_07.gt,99,100.0,86400.0,LINEAR,89846.0,30,,0.0062,,,,,,,,,,,,,,,
Instances/Instances 1/kroE100_08.gt,99,100.0,86400.0,LINEAR,97448.0,31,,0.0055,,,,,,,,,,,,,,,
Instances/Instances 1/kroE100_09.gt,99,100.0,86400.0,LINEAR,90763.0,31,,0.0071,,,,,,,,,,,,,,,
Instances/Instances 1/kroE100_10.gt,99,100.0,86400.0,LINEAR,94363.0,32,,0.0074,,,,,,,,,,,,,,,
Instances/Instances 1/kz9976_01.gt,9975,100.0,86400.0,LINEAR,59993178.0,2998,,0.015,,,,,,,,,,,,,,,
Instances/Instances 1/kz9976_02.gt,9975,100.0,86400.0,LINEAR,59863110.0,3006,,0.0138,,,,,,,,,,,,,,,
Instances/Instances 1/kz9976_03.gt,9975,100.0,86400.0,LINEAR,60933045.0,3045,,0.0127,,,,,,,,,,,,,,,
Instances/Instances 1/kz9976_04.gt,9975,100.0,86400.0,LINEAR,59501697.0,2997,,0.0137,,,,,,,,,,,,,,,
Instances/Instances 1/kz9976_05.gt,9975,100.0,86400.0,LINEAR,61173722.0,3078,,0.0127,,,,,,,,,,,,,,,
Instances/Instances 1/kz9976_06.gt,9975,100.0,86400.0,LINEAR,60352144.0,3011,,0.0134,,,,,,,,,,,,,,,
Instances/Instances 1/kz9976_07.gt,9975,100.0,86400.0,LINEAR,60075922.0,3005,,0.0122,,,,,,,,,,,,,,,
Instances/Instances 1/kz9976_08.gt,9975,100.0,86400.0,LINEAR,60315498.0,3020,,0.0121,,,,,,,,,,,,,,,
Instances/Instances 1/kz9976_09.gt,9975,100.0,86400.0,LINEAR,60699744.0,3044,,0.0113,,,,,,,,,,,,,,,
Instances/Instances 1/kz9976_10.gt,9975,100.0,86400.0,LINEAR,60183162.0,2998,,0.0132,,,,,,,,,,,,,,,
Instances/Instances 1/lin105_01.gt,104,100.0,86400.0,LINEAR,60631.0,33,,0.006,,,,,,,,,,,,,,,
Instances/Instances 1/lin105_02.gt,104,100.0,86400.0,LINEAR,63102.0,33,,0.0057,,,,,,,,,,,,,,,
Instances/Instances 1/lin105_03.gt,104,100.0,86400.0,LINEAR,58855.0,29,,0.006,,,,,,,,,,,,,,,
Instances/Instances 1/lin105_04.gt,104,100.0,86400.0,LINEAR,62223.0,31,,0.0064,,,,,,,,,,,,,,,
Instances/Instances 1/lin105_05.gt,104,100.0,86400.0,LINEAR,55590.0,29,,0.0064,,,,,,,,,,,,,,,
Instances/Instances 1/lin105_06.gt,104,100.0,86400.0,LINEAR,60837.0,31,,0.006,,,,,,,,,,,,,,,
Instances/Instances 1/lin105_07.gt,104,100.0,86400.0,LINEAR,67930.0,34,,0.0062,,,,,,,,,,,,,,,
Instances/Instances 1/lin105_08.gt,104,100.0,86400.0,LINEAR,58314.0,31,,0.0061,,,,,,,,,,,,,,,
Instances/Instances 1/lin105_09.gt,104,100.0,86400.0,LINEAR,65098.0,36,,0.0059,,,,,,,,,,,,,,,
Instances/Instances 1/lin105_10.gt,104,100.0,86400.0,LINEAR,61642.0,32,,0.0062,,,,,,,,,,,,,,,
Instances/Instances 1/lin318_01.gt,317,100.0,86400.0,LINEAR,278791.0,96,,0.0062,,,,,,,,,,,,,,,
Instances/Instances 1/lin318_02.gt,317,100.0,86400.0,LINEAR,267724.0,91,,0.0061,,,,,,,,,,,,,,,
Instances/Instances 1/lin318_03.gt,317,100.0,86400.0,LINEAR,287207.0,98,,0.0064,,,,,,,,,,,,,,,
Instances/Instances 1/lin318_04.gt,317,100.0,86400.0,LINEAR,269775.0,90,,0.0063,,,,,,,,,,,,,,,
Instances/Instances 1/lin318_05.gt,317,100.0,86400.0,LINEAR,279692.0,95,,0.0064,,,,,,,,,,,,,,,
Instances/Instances 1/lin318_06.gt,317,100.0,86400.0,LINEAR,289263.0,97,,0.0062,,,,,,,,,,,,,,,
Instances/Instances 1/lin318_07.gt,317,100.0,86400.0,LINEAR,275380.0,91,,0.0061,,,,,,,,,,,,,,,
Instances/Instances 1/lin318_08.gt,317,100.0,86400.0,LINEAR,306282.0,107,,0.0068,,,,,,,,,,,,,,,
Instances/Instances 1/lin318_09.gt,317,100.0,86400.0,LINEAR,284206.0,96,,0.0061,,,,,,,,,,,,,,,
Instances/Instances 1/lin318_10.gt,317,100.0,86400.0,LINEAR,294509.0,102,,0.0059,,,,,,,,,,,,,,,
Instances/Instances 1/linhp318_01.gt,317,100.0,86400.0,LINEAR,290823.0,100,,0.0062,,,,,,,,,,,,,,,
Instances/Instances 1/linhp318_02.gt,317,100.0,86400.0,LINEAR,290076.0,100,,0.0068,,,,,,,,,,,,,,,
Instances/Instances 1/linhp318_03.gt,317,100.0,86400.0,LINEAR,294562.0,99,,0.0064,,,,,,,,,,,,,,,
Instances/Instances 1/linhp318_04.gt,317,100.0,86400.0,LINEAR,285288.0,96,,0.0069,,,,,,,,,,,,,,,
Instances/Instances 1/linhp318_05.gt,317,100.0,86400.0,LINEAR,266355.0,88,,0.0061,,,,,,,,,,,,,,,
Instances/Instances 1/linhp318_06.gt,317,100.0,86400.0,LINEAR,293932.0,99,,0.0066,,,,,,,,,,,,,,,
Instances/Instances 1/linhp318_07.gt,317,100.0,86400.0,LINEAR,279136.0,96,,0.0058,,,,,,,,,,,,,,,
Instances/Instances 1/linhp318_08.gt,317,100.0,86400.0,LINEAR,282808.0,97,,0.0062,,,,,,,,,,,,,,,
Instances/Instances 1/linhp318_09.gt,317,100.0,86400.0,LINEAR,278179.0,94,,0.0061,,,,,,,,,,,,,,,
Instances/Instances 1/linhp318_10.gt,317,100.0,86400.0,LINEAR,301670.0,102,,0.0058,,,,,,,,,,,,,,,
Instances/Instances 1/lu980_01.gt,979,100.0,86400.0,LINEAR,145733.0,307,,0.006,,,,,,,,,,,,,,,
Instances/Instances 1/lu980_02.gt,979,100.0,86400.0,LINEAR,136771.0,287,,0.0065,,,,,,,,,,,,,,,
Instances/Instances 1/lu980_03.gt,979,100.0,86400.0,LINEAR,145526.0,301,,0.0066,,,,,,,,,,,,,,,
Instances/Instances 1/lu980_04.gt,979,100.0,86400.0,LINEAR,144213.0,301,,0.0064,,,,,,,,,,,,,,,
Instances/Instances 1/lu980_05.gt,979,100.0,86400.0,LINEAR,143962.0,299,,0.007,,,,,,,,,,,,,,,
Instances/Instances 1/lu980_06.gt,979,100.0,86400.0,LINEAR,142670.0,296,,0.0075,,,,,,,,,,,,,,,
Instances/Instances 1/lu980_07.gt,979,100.0,86400.0,LINEAR,141687.0,292,,0.0069,,,,,,,,,,,,,,,
Instances/Instances 1/lu980_08.gt,979,100.0,86400.0,LINEAR,141053.0,289,,0.0065,,,,,,,,,,,,,,,
Instances/Instances 1/lu980_09.gt,979,100.0,86400.0,LINEAR,144714.0,305,,0.0066,,,,,,,,,,,,,,,
Instances/Instances 1/lu980_10.gt,979,100.0,86400.0,LINEAR,138147.0,289,,0.0068,,,,,,,,,,,,,,,
Instances/Instances 1/mo14185_01.gt,14184,100.0,86400.0,LINEAR,22195239.0,4318,,0.0166,,,,,,,,,,,,,,,
Instances/Instances 1/mo14185_02.gt,14184,100.0,86400.0,LINEAR,22094681.0,4326,,0.0158,,,,,,,,,,,,,,,
Instances/Instances 1/mo14185_03.gt,14184,100.0,86400.0,LINEAR,21928514.0,4289,,0.0171,,,,,,,,,,,,,,,
Instances/Instances 1/mo14185_04.gt,14184,100.0,86400.0,LINEAR,22114166.0,4318,,0.0171,,,,,,,,,,,,,,,
Instances/Instances 1/mo14185_05.gt,14184,100.0,86400.0,LINEAR,22172534.0,4336,,0.0152,,,,,,,,,,,,,,,
Instances/Instances 1/mo14185_06.gt,14184,100.0,86400.0,LINEAR,22029243.0,4296,,0.0143,,,,,,,,,,,,,,,
Instances/Instances 1/mo14185_07.gt,14184,100.0,86400.0,LINEAR,22082570.0,4321,,0.015,,,,,,,,,,,,,,,
Instances/Instances 1/mo14185_08.gt,14184,100.0,86400.0,LINEAR,22179092.0,4322,,0.0139,,,,,,,,,,,,,,,
Instances/Instances 1/mo14185_09.gt,14184,100.0,86400.0,LINEAR,22034605.0,4306,,0.017,,,,,,,,,,,,,,,
Instances/Instances 1/mo14185_10.gt,14184,100.0,86400.0,LINEAR,22180173.0,4342,,0.0163,,,,,,,,,,,,,,,
Instances/Instances 1/mu1979_01.gt,1978,100.0,86400.0,LINEAR,2437217.0,588,,0.0061,,,,,,,,,,,,,,,
Instances/Instances 1/mu1979_02.gt,1978,100.0,86400.0,LINEAR,2448207.0,607,,0.0075,,,,,,,,,,,,,,,
Instances/Instances 1/mu1979_03.gt,1978,100.0,86400.0,LINEAR,2491108.0,609,,0.0068,,,,,,,,,,,,,,,
Instances/Instances 1/mu1979_04.gt,1978,100.0,86400.0,LINEAR,2412980.0,599,,0.0071,,,,,,,,,,,,,,,
Instances/Instances 1/mu1979_05.gt,1978,100.0,86400.0,LINEAR,2381742.0,595,,0.0075,,,,,,,,,,,,,,,
Instances/Instances 1/mu1979_06.gt,1978,100.0,86400.0,LINEAR,2385108.0,599,,0.0078,,,,,,,,,,,,,,,
Instances/Instances 1/mu1979_07.gt,1978,100.0,86400.0,LINEAR,2446487.0,598,,0.0076,,,,,,,,,,,,,,,
Instances/Instances 1/mu1979_08.gt,1978,100.0,86400.0,LINEAR,2378390.0,600,,0.0076,,,,,,,,,,,,,,,
Instances/Instances 1/mu1979_09.gt,1978,100.0,86400.0,LINEAR,2451660.0,607,,0.0077,,,,,,,,,,,,,,,
Instances/Instances 1/mu1979_10.gt,1978,100.0,86400.0,LINEAR,2416089.0,608,,0.0072,,,,,,,,,,,,,,,
Instances/Instances 1/nrw1379_01.gt,1378,100.0,86400.0,LINEAR,666086.0,414,,0.0065,,,,,,,,,,,,,,,
Instances/Instances 1/nrw1379_02.gt,1378,100.0,86400.0,LINEAR,664855.0,416,,0.007,,,,,,,,,,,,,,,
Instances/Instances 1/nrw1379_03.gt,1378,100.0,86400.0,LINEAR,688421.0,423,,0.0072,,,,,,,,,,,,,,,
Instances/Instances 1/nrw1379_04.gt,1378,100.0,86400.0,LINEAR,679888.0,421,,0.0057,,,,,,,,,,,,,,,
Instances/Instances 1/nrw1379_05.gt,1378,100.0,86400.0,LINEAR,677000.0,415,,0.0075,,,,,,,,,,,,,,,
Instances/Instances 1/nrw1379_06.gt,1378,100.0,86400.0,LINEAR,661057.0,415,,0.0069,,,,,,,,,,,,,,,
Instances/Instances 1/nrw1379_07.gt,1378,100.0,86400.0,LINEAR,686358.0,424,,0.0069,,,,,,,,,,,,,,,
Instances/Instances 1/nrw1379_08.gt,1378,100.0,86400.0,LINEAR,668089.0,421,,0.0072,,,,,,,,,,,,,,,
Instances/Instances 1/nrw1379_09.gt,1378,100.0,86400.0,LINEAR,686848.0,423,,0.0077,,,,,,,,,,,,,,,
Instances/Instances 1/nrw1379_10.gt,1378,100.0,86400.0,LINEAR,653145.0,405,,0.007,,,,,,,,,,,,,,,
Instances/Instances 1/nu3496_01.gt,3495,100.0,86400.0,LINEAR,2298312.0,1052,,0.0077,,,,,,,,,,,,,,,
Instances/Instances 1/nu3496_02.gt,3495,100.0,86400.0,LINEAR,2299613.0,1043,,0.0091,,,,,,,,,,,,,,,
Instances/Instances 1/nu3496_03.gt,3495,100.0,86400.0,LINEAR,2284679.0,1038,,0.0094,,,,,,,,,,,,,,,
Instances/Instances 1/nu3496_04.gt,3495,100.0,86400.0,LINEAR,2325250.0,1056,,0.0089,,,,,,,,,,,,,,,
Instances/Instances 1/nu3496_05.gt,3495,100.0,86400.0,LINEAR,2370295.0,1068,,0.0096,,,,,,,,,,,,,,,
Instances/Instances 1/nu3496_06.gt,3495,100.0,86400.0,LINEAR,2337696.0,1053,,0.0087,,,,,,,,,,,,,,,
Instances/Instances 1/nu3496_07.gt,3495,100.0,86400.0,LINEAR,2301435.0,1045,,0.0089,,,,,,,,,,,,,,,
Instances/Instances 1/nu3496_08.gt,3495,100.0,86400.0,LINEAR,2324906.0,1061,,0.0083,,,,,,,,,,,,,,,
Instances/Instances 1/nu3496_09.gt,3495,100.0,86400.0,LINEAR,2346985.0,1071,,0.0086,,,,,,,,,,,,,,,
Instances/Instances 1/nu3496_10.gt,3495,100.0,86400.0,LINEAR,2366035.0,1072,,0.0083,,,,,,,,,,,,,,,
Instances/Instances 1/p654_01.gt,653,100.0,86400.0,LINEAR,1014958.0,199,,0.0067,,,,,,,,,,,,,,,
Instances/Instances 1/p654_02.gt,653,100.0,86400.0,LINEAR,961708.0,189,,0.0073,,,,,,,,,,,,,,,
Instances/Instances 1/p654_03.gt,653,100.0,86400.0,LINEAR,1026537.0,202,,0.0064,,,,,,,,,,,,,,,
Instances/Instances 1/p654_04.gt,653,100.0,86400.0,LINEAR,1012384.0,199,,0.0064,,,,,,,,,,,,,,,
Instances/Instances 1/p654_05.gt,653,100.0,86400.0,LINEAR,1001247.0,198,,0.0063,,,,,,,,,,,,,,,
Instances/Instances 1/p654_06.gt,653,100.0,86400.0,LINEAR,1037234.0,204,,0.0063,,,,,,,,,,,,,,,
Instances/Instances 1/p654_07.gt,653,100.0,86400.0,LINEAR,1024405.0,201,,0.0065,,,,,,,,,,,,,,,
Instances/Instances 1/p654_08.gt,653,100.0,86400.0,LINEAR,1027552.0,202,,0.0064,,,,,,,,,,,,,,,
Instances/Instances 1/p654_09.gt,653,100.0,86400.0,LINEAR,954389.0,187,,0.0066,,,,,,,,,,,,,,,
Instances/Instances 1/p654_10.gt,653,100.0,86400.0,LINEAR,1004712.0,197,,0.007,,,,,,,,,,,,,,,
Instances/Instances 1/pcb1173_01.gt,1172,100.0,86400.0,LINEAR,644925.0,354,,0.0072,,,,,,,,,,,,,,,
Instances/Instances 1/pcb1173_02.gt,1172,100.0,86400.0,LINEAR,650522.0,349,,0.007,,,,,,,,,,,,,,,
Instances/Instances 1/pcb1173_03.gt,1172,100.0,86400.0,LINEAR,664315.0,358,,0.0073,,,,,,,,,,,,,,,
Instances/Instances 1/pcb1173_04.gt,1172,100.0,86400.0,LINEAR,655090.0,355,,0.0065,,,,,,,,,,,,,,,
Instances/Instances 1/pcb1173_05.gt,1172,100.0,86400.0,LINEAR,662035.0,358,,0.0064,,,,,,,,,,,,,,,
Instances/Instances 1/pcb1173_06.gt,1172,100.0,86400.0,LINEAR,643789.0,348,,0.0071,,,,,,,,,,,,,,,
Instances/Instances 1/pcb1173_07.gt,1172,100.0,86400.0,LINEAR,660901.0,356,,0.0074,,,,,,,,,,,,,,,
Instances/Instances 1/pcb1173_08.gt,1172,100.0,86400.0,LINEAR,662463.0,357,,0.0072,,,,,,,,,,,,,,,
Instances/Instances 1/pcb1173_09.gt,1172,100.0,86400.0,LINEAR,665011.0,353,,0.0071,,,,,,,,,,,,,,,
Instances/Instances 1/pcb1173_10.gt,1172,100.0,86400.0,LINEAR,653103.0,352,,0.0067,,,,,,,,,,,,,,,
Instances/Instances 1/pcb3038_01.gt,3037,100.0,86400.0,LINEAR,2474821.0,920,,0.0082,,,,,,,,,,,,,,,
Instances/Instances 1/pcb3038_02.gt,3037,100.0,86400.0,LINEAR,2487964.0,920,,0.0081,,,,,,,,,,,,,,,
Instances/Instances 1/pcb3038_03.gt,3037,100.0,86400.0,LINEAR,2515301.0,925,,0.0081,,,,,,,,,,,,,,,
Instances/Instances 1/pcb3038_04.gt,3037,100.0,86400.0,LINEAR,2488521.0,924,,0.0079,,,,,,,,,,,,,,,
Instances/Instances 1/pcb3038_05.gt,3037,100.0,86400.0,LINEAR,2448226.0,907,,0.0076,,,,,,,,,,,,,,,
Instances/Instances 1/pcb3038_06.gt,3037,100.0,86400.0,LINEAR,2499478.0,920,,0.0076,,,,,,,,,,,,,,,
Instances/Instances 1/pcb3038_07.gt,3037,100.0,86400.0,LINEAR,2531310.0,929,,0.0081,,,,,,,,,,,,,,,
Instances/Instances 1/pcb3038_08.gt,3037,100.0,86400.0,LINEAR,2412240.0,898,,0.0086,,,,,,,,,,,,,,,
Instances/Instances 1/pcb3038_09.gt,3037,100.0,86400.0,LINEAR,2469880.0,913,,0.0073,,,,,,,,,,,,,,,
Instances/Instances 1/pcb3038_10.gt,3037,100.0,86400.0,LINEAR,2517420.0,933,,0.009,,,,,,,,,,,,,,,
Instances/Instances 1/pcb442_01.gt,441,100.0,86400.0,LINEAR,352549.0,124,,0.0063,,,,,,,,,,,,,,,
Instances/Instances 1/pcb442_02.gt,441,100.0,86400.0,LINEAR,369188.0,133,,0.0068,,,,,,,,,,,,,,,
Instances/Instances 1/pcb442_03.gt,441,100.0,86400.0,LINEAR,366682.0,132,,0.0061,,,,,,,,,,,,,,,
Instances/Instances 1/pcb442_04.gt,441,100.0,86400.0,LINEAR,369628.0,131,,0.0066,,,,,,,,,,,,,,,
Instances/Instances 1/pcb442_05.gt,441,100.0,86400.0,LINEAR,362009.0,134,,0.0061,,,,,,,,,,,,,,,
Instances/Instances 1/pcb442_06.gt,441,100.0,86400.0,LINEAR,372260.0,134,,0.0063,,,,,,,,,,,,,,,
Instances/Instances 1/pcb442_07.gt,441,100.0,86400.0,LINEAR,369376.0,133,,0.0062,,,,,,,,,,,,,,,
Instances/Instances 1/pcb442_08.gt,441,100.0,86400.0,LINEAR,378046.0,136,,0.006,,,,,,,,,,,,,,,
Instances/Instances 1/pcb442_09.gt,441,100.0,86400.0,LINEAR,357952.0,129,,0.0063,,,,,,,,,,,,,,,
Instances/Instances 1/pcb442_10.gt,441,100.0,86400.0,LINEAR,366485.0,131,,0.006,,,,,,,,,,,,,,,
Instances/Instances 1/pm8079_01.gt,8078,100.0,86400.0,LINEAR,5046129.0,2458,,0.0111,,,,,,,,,,,,,,,
Instances/Instances 1/pm8079_02.gt,8078,100.0,86400.0,LINEAR,5044099.0,2471,,0.0113,,,,,,,,,,,,,,,
Instances/Instances 1/pm8079_03.gt,8078,100.0,86400.0,LINEAR,5004529.0,2435,,0.0115,,,,,,,,,,,,,,,
Instances/Instances 1/pm8079_04.gt,8078,100.0,86400.0,LINEAR,5031179.0,2444,,0.0104,,,,,,,,,,,,,,,
Instances/Instances 1/pm8079_05.gt,8078,100.0,86400.0,LINEAR,4975631.0,2419,,0.0109,,,,,,,,,,,,,,,
Instances/Instances 1/pm8079_06.gt,8078,100.0,86400.0,LINEAR,5018506.0,2458,,0.0114,,,,,,,,,,,,,,,
Instances/Instances 1/pm8079_07.gt,8078,100.0,86400.0,LINEAR,5000514.0,2430,,0.012,,,,,,,,,,,,,,,
Instances/Instances 1/pm8079_08.gt,8078,100.0,86400.0,LINEAR,5017864.0,2437,,0.0093,,,,,,,,,,,,,,,
Instances/Instances 1/pm8079_09.gt,8078,100.0,86400.0,LINEAR,5049011.0,2461,,0.011,,,,,,,,,,,,,,,
Instances/Instances 1/pm8079_10.gt,8078,100.0,86400.0,LINEAR,5035389.0,2445,,0.0115,,,,,,,,,,,,,,,
Instances/Instances 1/pr1002_01.gt,1001,100.0,86400.0,LINEAR,3123436.0,314,,0.0067,,,,,,,,,,,,,,,
Instances/Instances 1/pr1002_02.gt,1001,100.0,86400.0,LINEAR,2950133.0,298,,0.0065,,,,,,,,,,,,,,,
Instances/Instances 1/pr1002_03.gt,1001,100.0,86400.0,LINEAR,3156946.0,319,,0.0067,,,,,,,,,,,,,,,
Instances/Instances 1/pr1002_04.gt,1001,100.0,86400.0,LINEAR,3015095.0,302,,0.0065,,,,,,,,,,,,,,,
Instances/Instances 1/pr1002_05.gt,1001,100.0,86400.0,LINEAR,3025335.0,304,,0.0067,,,,,,,,,,,,,,,
Instances/Instances 1/pr1002_06.gt,1001,100.0,86400.0,LINEAR,3004044.0,303,,0.0065,,,,,,,,,,,,,,,
Instances/Instances 1/pr1002_07.gt,1001,100.0,86400.0,LINEAR,3008799.0,301,,0.0066,,,,,,,,,,,,,,,
Instances/Instances 1/pr1002_08.gt,1001,100.0,86400.0,LINEAR,3069618.0,306,,0.0069,,,,,,,,,,,,,,,
Instances/Instances 1/pr1002_09.gt,1001,100.0,86400.0,LINEAR,3071306.0,307,,0.0067,,,,,,,,,,,,,,,
Instances/Instances 1/pr1002_10.gt,1001,100.0,86400.0,LINEAR,2999632.0,305,,0.007,,,,,,,,,,,,,,,
Instances/Instances 1/pr107_01.gt,106,100.0,86400.0,LINEAR,327486.0,32,,0.0062,,,,,,,,,,,,,,,
Instances/Instances 1/pr107_02.gt,106,100.0,86400.0,LINEAR,329745.0,34,,0.0062,,,,,,,,,,,,,,,
Instances/Instances 1/pr107_03.gt,106,100.0,86400.0,LINEAR,339763.0,34,,0.0061,,,,,,,,,,,,,,,
Instances/Instances 1/pr107_04.gt,106,100.0,86400.0,LINEAR,302775.0,30,,0.0062,,,,,,,,,,,,,,,
Instances/Instances 1/pr107_05.gt,106,100.0,86400.0,LINEAR,344720.0,33,,0.006,,,,,,,,,,,,,,,
Instances/Instances 1/pr107_06.gt,106,100.0,86400.0,LINEAR,315331.0,31,,0.0049,,,,,,,,,,,,,,,
Instances/Instances 1/pr107_07.gt,106,100.0,86400.0,LINEAR,345787.0,32,,0.006,,,,,,,,,,,,,,,
Instances/Instances 1/pr107_08.gt,106,100.0,86400.0,LINEAR,353206.0,32,,0.0057,,,,,,,,,,,,,,,
Instances/Instances 1/pr107_09.gt,106,100.0,86400.0,LINEAR,382530.0,37,,0.0059,,,,,,,,,,,,,,,
Instances/Instances 1/pr107_10.gt,106,100.0,86400.0,LINEAR,333620.0,33,,0.0055,,,,,,,,,,,,,,,
Instances/Instances 1/pr124_01.gt,123,100.0,86400.0,LINEAR,332300.0,35,,0.0063,,,,,,,,,,,,,,,
Instances/Instances 1/pr124_02.gt,123,100.0,86400.0,LINEAR,360100.0,39,,0.0062,,,,,,,,,,,,,,,
Instances/Instances 1/pr124_03.gt,123,100.0,86400.0,LINEAR,318746.0,34,,0.0067,,,,,,,,,,,,,,,
Instances/Instances 1/pr124_04.gt,123,100.0,86400.0,LINEAR,356766.0,38,,0.0059,,,,,,,,,,,,,,,
Instances/Instances 1/pr124_05.gt,123,100.0,86400.0,LINEAR,334617.0,35,,0.0063,,,,,,,,,,,,,,,
Instances/Instances 1/pr124_06.gt,123,100.0,86400.0,LINEAR,363418.0,40,,0.0069,,,,,,,,,,,,,,,
Instances/Instances 1/pr124_07.gt,123,100.0,86400.0,LINEAR,331748.0,36,,0.0058,,,,,,,,,,,,,,,
Instances/Instances 1/pr124_08.gt,123,100.0,86400.0,LINEAR,333527.0,36,,0.0069,,,,,,,,,,,,,,,
Instances/Instances 1/pr124_09.gt,123,100.0,86400.0,LINEAR,338503.0,37,,0.0064,,,,,,,,,,,,,,,
Instances/Instances 1/pr124_10.gt,123,100.0,86400.0,LINEAR,337646.0,38,,0.0064,,,,,,,,,,,,,,,
Instances/Instances 1/pr136_01.gt,135,100.0,86400.0,LINEAR,434276.0,40,,0.0068,,,,,,,,,,,,,,,
Instances/Instances 1/pr136_02.gt,135,100.0,86400.0,LINEAR,432491.0,39,,0.0067,,,,,,,,,,,,,,,
Instances/Instances 1/pr136_03.gt,135,100.0,86400.0,LINEAR,437564.0,40,,0.0051,,,,,,,,,,,,,,,
Instances/Instances 1/pr136_04.gt,135,100.0,86400.0,LINEAR,441996.0,41,,0.0062,,,,,,,,,,,,,,,
Instances/Instances 1/pr136_05.gt,135,100.0,86400.0,LINEAR,437157.0,40,,0.0063,,,,,,,,,,,,,,,
Instances/Instances 1/pr136_06.gt,135,100.0,86400.0,LINEAR,443150.0,41,,0.007,,,,,,,,,,,,,,,
Instances/Instances 1/pr136_07.gt,135,100.0,86400.0,LINEAR,434811.0,41,,0.0063,,,,,,,,,,,,,,,
Instances/Instances 1/pr136_08.gt,135,100.0,86400.0,LINEAR,430095.0,39,,0.0061,,,,,,,,,,,,,,,
Instances/Instances 1/pr136_09.gt,135,100.0,86400.0,LINEAR,432445.0,40,,0.0066,,,,,,,,,,,,,,,
Instances/Instances 1/pr136_10.gt,135,100.0,86400.0,LINEAR,439479.0,42,,0.0059,,,,,,,,,,,,,,,
Instances/Instances 1/pr144_01.gt,143,100.0,86400.0,LINEAR,389138.0,42,,0.0072,,,,,,,,,,,,,,,
Instances/Instances 1/pr144_02.gt,143,100.0,86400.0,LINEAR,379664.0,41,,0.0065,,,,,,,,,,,,,,,
Instances/Instances 1/pr144_03.gt,143,100.0,86400.0,LINEAR,393284.0,41,,0.0067,,,,,,,,,,,,,,,
Instances/Instances 1/pr144_04.gt,143,100.0,86400.0,LINEAR,392124.0,44,,0.008,,,,,,,,,,,,,,,
Instances/Instances 1/pr144_05.gt,143,100.0,86400.0,LINEAR,405479.0,45,,0.0058,,,,,,,,,,,,,,,
Instances/Instances 1/pr144_06.gt,143,100.0,86400.0,LINEAR,413735.0,45,,0.0064,,,,,,,,,,,,,,,
Instances/Instances 1/pr144_07.gt,143,100.0,86400.0,LINEAR,393253.0,41,,0.0066,,,,,,,,,,,,,,,
Instances/Instances 1/pr144_08.gt,143,100.0,86400.0,LINEAR,398101.0,42,,0.0074,,,,,,,,,,,,,,,
Instances/Instances 1/pr144_09.gt,143,100.0,86400.0,LINEAR,447300.0,48,,0.0055,,,,,,,,,,,,,,,
Instances/Instances 1/pr144_10.gt,143,100.0,86400.0,LINEAR,339634.0,38,,0.0065,,,,,,,,,,,,,,,
Instances/Instances 1/pr152_01.gt,151,100.0,86400.0,LINEAR,482210.0,46,,0.0061,,,,,,,,,,,,,,,
Instances/Instances 1/pr152_02.gt,151,100.0,86400.0,LINEAR,455273.0,41,,0.0064,,,,,,,,,,,,,,,
Instances/Instances 1/pr152_03.gt,151,100.0,86400.0,LINEAR,499733.0,46,,0.0059,,,,,,,,,,,,,,,
Instances/Instances 1/pr152_04.gt,151,100.0,86400.0,LINEAR,456177.0,41,,0.006,,,,,,,,,,,,,,,
Instances/Instances 1/pr152_05.gt,151,100.0,86400.0,LINEAR,483998.0,44,,0.0061,,,,,,,,,,,,,,,
Instances/Instances 1/pr152_06.gt,151,100.0,86400.0,LINEAR,488710.0,45,,0.0067,,,,,,,,,,,,,,,
Instances/Instances 1/pr152_07.gt,151,100.0,86400.0,LINEAR,486949.0,45,,0.0056,,,,,,,,,,,,,,,
Instances/Instances 1/pr152_08.gt,151,100.0,86400.0,LINEAR,476231.0,45,,0.0061,,,,,,,,,,,,,,,
Instances/Instances 1/pr152_09.gt,151,100.0,86400.0,LINEAR,462945.0,44,,0.0057,,,,,,,,,,,,,,,
Instances/Instances 1/pr152_10.gt,151,100.0,86400.0,LINEAR,485491.0,44,,0.0062,,,,,,,,,,,,,,,
Instances/Instances 1/pr226_01.gt,225,100.0,86400.0,LINEAR,816241.0,66,,0.0062,,,,,,,,,,,,,,,
Instances/Instances 1/pr226_02.gt,225,100.0,86400.0,LINEAR,815094.0,68,,0.0061,,,,,,,,,,,,,,,
Instances/Instances 1/pr226_03.gt,225,100.0,86400.0,LINEAR,775111.0,62,,0.0065,,,,,,,,,,,,,,,
Instances/Instances 1/pr226_04.gt,225,100.0,86400.0,LINEAR,847518.0,69,,0.0063,,,,,,,,,,,,,,,
Instances/Instances 1/pr226_05.gt,225,100.0,86400.0,LINEAR,807604.0,67,,0.0061,,,,,,,,,,,,,,,
Instances/Instances 1/pr226_06.gt,225,100.0,86400.0,LINEAR,844909.0,67,,0.0062,,,,,,,,,,,,,,,
Instances/Instances 1/pr226_07.gt,225,100.0,86400.0,LINEAR,840292.0,68,,0.0069,,,,,,,,,,,,,,,
Instances/Instances 1/pr226_08.gt,225,100.0,86400.0,LINEAR,840725.0,67,,0.006,,,,,,,,,,,,,,,
Instances/Instances 1/pr226_09.gt,225,100.0,86400.0,LINEAR,821872.0,67,,0.0064,,,,,,,,,,,,,,,
Instances/Instances 1/pr226_10.gt,225,100.0,86400.0,LINEAR,834693.0,68,,0.0059,,,,,,,,,,,,,,,
Instances/Instances 1/pr2392_01.gt,2391,100.0,86400.0,LINEAR,6802925.0,703,,0.0068,,,,,,,,,,,,,,,
Instances/Instances 1/pr2392_02.gt,2391,100.0,86400.0,LINEAR,7031106.0,726,,0.0077,,,,,,,,,,,,,,,
Instances/Instances 1/pr2392_03.gt,2391,100.0,86400.0,LINEAR,7054109.0,728,,0.0076,,,,,,,,,,,,,,,
Instances/Instances 1/pr2392_04.gt,2391,100.0,86400.0,LINEAR,7039618.0,723,,0.0079,,,,,,,,,,,,,,,
Instances/Instances 1/pr2392_05.gt,2391,100.0,86400.0,LINEAR,6969292.0,718,,0.0078,,,,,,,,,,,,,,,
Instances/Instances 1/pr2392_06.gt,2391,100.0,86400.0,LINEAR,7269260.0,743,,0.0085,,,,,,,,,,,,,,,
Instances/Instances 1/pr2392_07.gt,2391,100.0,86400.0,LINEAR,6999093.0,718,,0.0079,,,,,,,,,,,,,,,
Instances/Instances 1/pr2392_08.gt,2391,100.0,86400.0,LINEAR,7086261.0,729,,0.0078,,,,,,,,,,,,,,,
Instances/Instances 1/pr2392_09.gt,2391,100.0,86400.0,LINEAR,7013773.0,728,,0.0077,,,,,,,,,,,,,,,
Instances/Instances 1/pr2392_10.gt,2391,100.0,86400.0,LINEAR,7064934.0,729,,0.0073,,,,,,,,,,,,,,,
Instances/Instances 1/pr264_01.gt,263,100.0,86400.0,LINEAR,561080.0,73,,0.0064,,,,,,,,,,,,,,,
Instances/Instances 1/pr264_02.gt,263,100.0,86400.0,LINEAR,626788.0,81,,0.0065,,,,,,,,,,,,,,,
Instances/Instances 1/pr264_03.gt,263,100.0,86400.0,LINEAR,635901.0,82,,0.0061,,,,,,,,,,,,,,,
Instances/Instances 1/pr264_04.gt,263,100.0,86400.0,LINEAR,638621.0,82,,0.0063,,,,,,,,,,,,,,,
Instances/Instances 1/pr264_05.gt,263,100.0,86400.0,LINEAR,574765.0,74,,0.0061,,,,,,,,,,,,,,,
Instances/Instances 1/pr264_06.gt,263,100.0,86400.0,LINEAR,615139.0,78,,0.0065,,,,,,,,,,,,,,,
Instances/Instances 1/pr264_07.gt,263,100.0,86400.0,LINEAR,638818.0,83,,0.006,,,,,,,,,,,,,,,
Instances/Instances 1/pr264_08.gt,263,100.0,86400.0,LINEAR,634911.0,82,,0.0063,,,,,,,,,,,,,,,
Instances/Instances 1/pr264_09.gt,263,100.0,86400.0,LINEAR,607612.0,79,,0.006,,,,,,,,,,,,,,,
Instances/Instances 1/pr264_10.gt,263,100.0,86400.0,LINEAR,636215.0,81,,0.0066,,,,,,,,,,,,,,,
Instances/Instances 1/pr299_01.gt,298,100.0,86400.0,LINEAR,357041.0,85,,0.006,,,,,,,,,,,,,,,
Instances/Instances 1/pr299_02.gt,298,100.0,86400.0,LINEAR,388984.0,94,,0.006,,,,,,,,,,,,,,,
Instances/Instances 1/pr299_03.gt,298,100.0,86400.0,LINEAR,403628.0,94,,0.0062,,,,,,,,,,,,,,,
Instances/Instances 1/pr299_04.gt,298,100.0,86400.0,LINEAR,373280.0,90,,0.0072,,,,,,,,,,,,,,,
Instances/Instances 1/pr299_05.gt,298,100.0,86400.0,LINEAR,360454.0,86,,0.0063,,,,,,,,,,,,,,,
Instances/Instances 1/pr299_06.gt,298,100.0,86400.0,LINEAR,382451.0,91,,0.0064,,,,,,,,,,,,,,,
Instances/Instances 1/pr299_07.gt,298,100.0,86400.0,LINEAR,392220.0,95,,0.0058,,,,,,,,,,,,,,,
Instances/Instances 1/pr299_08.gt,298,100.0,86400.0,LINEAR,374925.0,89,,0.006,,,,,,,,,,,,,,,
Instances/Instances 1/pr299_09.gt,298,100.0,86400.0,LINEAR,404978.0,97,,0.0058,,,,,,,,,,,,,,,
Instances/Instances 1/pr299_10.gt,298,100.0,86400.0,LINEAR,374743.0,91,,0.0071,,,,,,,,,,,,,,,
Instances/Instances 1/pr439_01.gt,438,100.0,86400.0,LINEAR,871568.0,126,,0.0065,,,,,,,,,,,,,,,
Instances/Instances 1/pr439_02.gt,438,100.0,86400.0,LINEAR,944711.0,138,,0.0065,,,,,,,,,,,,,,,
Instances/Instances 1/pr439_03.gt,438,100.0,86400.0,LINEAR,948426.0,132,,0.0064,,,,,,,,,,,,,,,
Instances/Instances 1/pr439_04.gt,438,100.0,86400.0,LINEAR,913382.0,129,,0.0062,,,,,,,,,,,,,,,
Instances/Instances 1/pr439_05.gt,438,100.0,86400.0,LINEAR,939480.0,133,,0.0065,,,,,,,,,,,,,,,
Instances/Instances 1/pr439_06.gt,438,100.0,86400.0,LINEAR,950759.0,136,,0.0064,,,,,,,,,,,,,,,
Instances/Instances 1/pr439_07.gt,438,100.0,86400.0,LINEAR,982798.0,138,,0.0063,,,,,,,,,,,,,,,
Instances/Instances 1/pr439_08.gt,438,100.0,86400.0,LINEAR,928312.0,137,,0.0055,,,,,,,,,,,,,,,
Instances/Instances 1/pr439_09.gt,438,100.0,86400.0,LINEAR,921862.0,127,,0.0065,,,,,,,,,,,,,,,
Instances/Instances 1/pr439_10.gt,438,100.0,86400.0,LINEAR,925622.0,132,,0.0062,,,,,,,,,,,,,,,
Instances/Instances 1/pr76_01.gt,75,100.0,86400.0,LINEAR,330097.0,26,,0.0069,,,,,,,,,,,,,,,
Instances/Instances 1/pr76_02.gt,75,100.0,86400.0,LINEAR,312258.0,23,,0.0064,,,,,,,,,,,,,,,
Instances/Instances 1/pr76_03.gt,75,100.0,86400.0,LINEAR,341184.0,27,,0.0061,,,,,,,,,,,,,,,
Instances/Instances 1/pr76_04.gt,75,100.0,86400.0,LINEAR,287762.0,21,,0.006,,,,,,,,,,,,,,,
Instances/Instances 1/pr76_05.gt,75,100.0,86400.0,LINEAR,320428.0,25,,0.0063,,,,,,,,,,,,,,,
Instances/Instances 1/pr76_06.gt,75,100.0,86400.0,LINEAR,301183.0,23,,0.0064,,,,,,,,,,,,,,,
Instances/Instances 1/pr76_07.gt,75,100.0,86400.0,LINEAR,318749.0,25,,0.0061,,,,,,,,,,,,,,,
Instances/Instances 1/pr76_08.gt,75,100.0,86400.0,LINEAR,303456.0,23,,0.0061,,,,,,,,,,,,,,,
Instances/Instances 1/pr76_09.gt,75,100.0,86400.0,LINEAR,333377.0,24,,0.0061,,,,,,,,,,,,,,,
Instances/Instances 1/pr76_10.gt,75,100.0,86400.0,LINEAR,302177.0,23,,0.0059,,,,,,,,,,,,,,,
Instances/Instances 1/qa194_01.gt,193,100.0,86400.0,LINEAR,49254.0,59,,0.0064,,,,,,,,,,,,,,,
Instances/Instances 1/qa194_02.gt,193,100.0,86400.0,LINEAR,48899.0,60,,0.0064,,,,,,,,,,,,,,,
Instances/Instances 1/qa194_03.gt,193,100.0,86400.0,LINEAR,47032.0,58,,0.0061,,,,,,,,,,,,,,,
Instances/Instances 1/qa194_04.gt,193,100.0,86400.0,LINEAR,48713.0,59,,0.0066,,,,,,,,,,,,,,,
Instances/Instances 1/qa194_05.gt,193,100.0,86400.0,LINEAR,51805.0,65,,0.0068,,,,,,,,,,,,,,,
Instances/Instances 1/qa194_06.gt,193,100.0,86400.0,LINEAR,48958.0,61,,0.0065,,,,,,,,,,,,,,,
Instances/Instances 1/qa194_07.gt,193,100.0,86400.0,LINEAR,50141.0,62,,0.0067,,,,,,,,,,,,,,,
Instances/Instances 1/qa194_08.gt,193,100.0,86400.0,LINEAR,48247.0,59,,0.0064,,,,,,,,,,,,,,,
Instances/Instances 1/qa194_09.gt,193,100.0,86400.0,LINEAR,47820.0,57,,0.0065,,,,,,,,,,,,,,,
Instances/Instances 1/qa194_10.gt,193,100.0,86400.0,LINEAR,46920.0,57,,0.0064,,,,,,,,,,,,,,,
Instances/Instances 1/rat195_01.gt,194,100.0,86400.0,LINEAR,12095.0,61,,0.006,,,,,,,,,,,,,,,
Instances/Instances 1/rat195_02.gt,194,100.0,86400.0,LINEAR,11625.0,58,,0.0059,,,,,,,,,,,,,,,
Instances/Instances 1/rat195_03.gt,194,100.0,86400.0,LINEAR,11609.0,60,,0.0067,,,,,,,,,,,,,,,
Instances/Instances 1/rat195_04.gt,194,100.0,86400.0,LINEAR,10804.0,57,,0.0062,,,,,,,,,,,,,,,
Instances/Instances 1/rat195_05.gt,194,100.0,86400.0,LINEAR,11889.0,60,,0.0065,,,,,,,,,,,,,,,
Instances/Instances 1/rat195_06.gt,194,100.0,86400.0,LINEAR,11625.0,60,,0.0063,,,,,,,,,,,,,,,
Instances/Instances 1/rat195_07.gt,194,100.0,86400.0,LINEAR,11143.0,55,,0.0069,,,,,,,,,,,,,,,
Instances/Instances 1/rat195_08.gt,194,100.0,86400.0,LINEAR,11108.0,58,,0.0064,,,,,,,,,,,,,,,
Instances/Instances 1/rat195_09.gt,194,100.0,86400.0,LINEAR,11209.0,57,,0.0064,,,,,,,,,,,,,,,
Instances/Instances 1/rat195_10.gt,194,100.0,86400.0,LINEAR,12481.0,62,,0.0056,,,,,,,,,,,,,,,
Instances/Instances 1/rat575_01.gt,574,100.0,86400.0,LINEAR,56845.0,180,,0.0068,,,,,,,,,,,,,,,
Instances/Instances 1/rat575_02.gt,574,100.0,86400.0,LINEAR,54730.0,174,,0.0066,,,,,,,,,,,,,,,
Instances/Instances 1/rat575_03.gt,574,100.0,86400.0,LINEAR,52082.0,166,,0.0068,,,,,,,,,,,,,,,
Instances/Instances 1/rat575_04.gt,574,100.0,86400.0,LINEAR,56256.0,180,,0.0058,,,,,,,,,,,,,,,
Instances/Instances 1/rat575_05.gt,574,100.0,86400.0,LINEAR,56988.0,176,,0.0063,,,,,,,,,,,,,,,
Instances/Instances 1/rat575_06.gt,574,100.0,86400.0,LINEAR,53800.0,167,,0.0053,,,,,,,,,,,,,,,
Instances/Instances 1/rat575_07.gt,574,100.0,86400.0,LINEAR,55354.0,178,,0.0064,,,,,,,,,,,,,,,
Instances/Instances 1/rat575_08.gt,574,100.0,86400.0,LINEAR,55944.0,176,,0.0053,,,,,,,,,,,,,,,
Instances/Instances 1/rat575_09.gt,574,100.0,86400.0,LINEAR,53922.0,175,,0.0069,,,,,,,,,,,,,,,
Instances/Instances 1/rat575_10.gt,574,100.0,86400.0,LINEAR,55243.0,176,,0.0064,,,,,,,,,,,,,,,
Instances/Instances 1/rat783_01.gt,782,100.0,86400.0,LINEAR,86462.0,241,,0.0063,,,,,,,,,,,,,,,
Instances/Instances 1/rat783_02.gt,782,100.0,86400.0,LINEAR,83990.0,235,,0.0085,,,,,,,,,,,,,,,
Instances/Instances 1/rat783_03.gt,782,100.0,86400.0,LINEAR,87413.0,244,,0.0069,,,,,,,,,,,,,,,
Instances/Instances 1/rat783_04.gt,782,100.0,86400.0,LINEAR,84223.0,233,,0.0076,,,,,,,,,,,,,,,
Instances/Instances 1/rat783_05.gt,782,100.0,86400.0,LINEAR,86596.0,241,,0.0075,,,,,,,,,,,,,,,
Instances/Instances 1/rat783_06.gt,782,100.0,86400.0,LINEAR,87606.0,244,,0.0067,,,,,,,,,,,,,,,
Instances/Instances 1/rat783_07.gt,782,100.0,86400.0,LINEAR,86258.0,237,,0.0049,,,,,,,,,,,,,,,
Instances/Instances 1/rat783_08.gt,782,100.0,86400.0,LINEAR,83477.0,232,,0.006,,,,,,,,,,,,,,,
Instances/Instances 1/rat783_09.gt,782,100.0,86400.0,LINEAR,84999.0,238,,0.0075,,,,,,,,,,,,,,,
Instances/Instances 1/rat783_10.gt,782,100.0,86400.0,LINEAR,86504.0,239,,0.0064,,,,,,,,,,,,,,,
Instances/Instances 1/rat99_01.gt,98,100.0,86400.0,LINEAR,4191.0,27,,0.007,,,,,,,,,,,,,,,
Instances/Instances 1/rat99_02.gt,98,100.0,86400.0,LINEAR,4104.0,28,,0.0062,,,,,,,,,,,,,,,
Instances/Instances 1/rat99_03.gt,98,100.0,86400.0,LINEAR,4662.0,31,,0.0068,,,,,,,,,,,,,,,
Instances/Instances 1/rat99_04.gt,98,100.0,86400.0,LINEAR,4641.0,30,,0.0066,,,,,,,,,,,,,,,
Instances/Instances 1/rat99_05.gt,98,100.0,86400.0,LINEAR,4417.0,29,,0.0057,,,,,,,,,,,,,,,
Instances/Instances 1/rat99_06.gt,98,100.0,86400.0,LINEAR,4924.0,32,,0.0063,,,,,,,,,,,,,,,
Instances/Instances 1/rat99_07.gt,98,100.0,86400.0,LINEAR,4619.0,32,,0.0062,,,,,,,,,,,,,,,
Instances/Instances 1/rat99_08.gt,98,100.0,86400.0,LINEAR,4626.0,31,,0.0065,,,,,,,,,,,,,,,
Instances/Instances 1/rat99_09.gt,98,100.0,86400.0,LINEAR,4688.0,32,,0.0061,,,,,,,,,,,,,,,
Instances/Instances 1/rat99_10.gt,98,100.0,86400.0,LINEAR,4249.0,28,,0.0063,,,,,,,,,,,,,,,
Instances/Instances 1/rd100_01.gt,99,100.0,86400.0,LINEAR,26860.0,27,,0.006,,,,,,,,,,,,,,,
Instances/Instances 1/rd100_02.gt,99,100.0,86400.0,LINEAR,27336.0,28,,0.0059,,,,,,,,,,,,,,,
Instances/Instances 1/rd100_03.gt,99,100.0,86400.0,LINEAR,30031.0,31,,0.0059,,,,,,,,,,,,,,,
Instances/Instances 1/rd100_04.gt,99,100.0,86400.0,LINEAR,30248.0,31,,0.0069,,,,,,,,,,,,,,,
Instances/Instances 1/rd100_05.gt,99,100.0,86400.0,LINEAR,29838.0,30,,0.0063,,,,,,,,,,,,,,,
Instances/Instances 1/rd100_06.gt,99,100.0,86400.0,LINEAR,31876.0,32,,0.0058,,,,,,,,,,,,,,,
Instances/Instances 1/rd100_07.gt,99,100.0,86400.0,LINEAR,31199.0,32,,0.0062,,,,,,,,,,,,,,,
Instances/Instances 1/rd100_08.gt,99,100.0,86400.0,LINEAR,31189.0,33,,0.0063,,,,,,,,,,,,,,,
Instances/Instances 1/rd100_09.gt,99,100.0,86400.0,LINEAR,29842.0,30,,0.0062,,,,,,,,,,,,,,,
Instances/Instances 1/rd100_10.gt,99,100.0,86400.0,LINEAR,26637.0,26,,0.0071,,,,,,,,,,,,,,,
Instances/Instances 1/rd400_01.gt,399,100.0,86400.0,LINEAR,101744.0,118,,0.0059,,,,,,,,,,,,,,,
Instances/Instances 1/rd400_02.gt,399,100.0,86400.0,LINEAR,101811.0,121,,0.0062,,,,,,,,,,,,,,,
Instances/Instances 1/rd400_03.gt,399,100.0,86400.0,LINEAR,103089.0,122,,0.0061,,,,,,,,,,,,,,,
Instances/Instances 1/rd400_04.gt,399,100.0,86400.0,LINEAR,99750.0,116,,0.006,,,,,,,,,,,,,,,
Instances/Instances 1/rd400_05.gt,399,100.0,86400.0,LINEAR,105073.0,126,,0.0069,,,,,,,,,,,,,,,
Instances/Instances 1/rd400_06.gt,399,100.0,86400.0,LINEAR,103406.0,123,,0.0059,,,,,,,,,,,,,,,
Instances/Instances 1/rd400_07.gt,399,100.0,86400.0,LINEAR,104696.0,122,,0.0068,,,,,,,,,,,,,,,
Instances/Instances 1/rd400_08.gt,399,100.0,86400.0,LINEAR,105613.0,123,,0.007,,,,,,,,,,,,,,,
Instances/Instances 1/rd400_09.gt,399,100.0,86400.0,LINEAR,101601.0,121,,0.0061,,,,,,,,,,,,,,,
Instances/Instances 1/rd400_10.gt,399,100.0,86400.0,LINEAR,100518.0,117,,0.0066,,,,,,,,,,,,,,,
Instances/Instances 1/rl11849_01.gt,11848,100.0,86400.0,LINEAR,38794351.0,3576,,0.0142,,,,,,,,,,,,,,,
Instances/Instances 1/rl11849_02.gt,11848,100.0,86400.0,LINEAR,38999071.0,3612,,0.013,,,,,,,,,,,,,,,
Instances/Instances 1/rl11849_03.gt,11848,100.0,86400.0,LINEAR,39191666.0,3633,,0.0136,,,,,,,,,,,,,,,
Instances/Instances 1/rl11849_04.gt,11848,100.0,86400.0,LINEAR,38875690.0,3614,,0.0137,,,,,,,,,,,,,,,
Instances/Instances 1/rl11849_05.gt,11848,100.0,86400.0,LINEAR,39394324.0,3645,,0.0134,,,,,,,,,,,,,,,
Instances/Instances 1/rl11849_06.gt,11848,100.0,86400.0,LINEAR,38783930.0,3598,,0.0138,,,,,,,,,,,,,,,
Instances/Instances 1/rl11849_07.gt,11848,100.0,86400.0,LINEAR,38904692.0,3597,,0.0135,,,,,,,,,,,,,,,
Instances/Instances 1/rl11849_08.gt,11848,100.0,86400.0,LINEAR,38544107.0,3569,,0.0149,,,,,,,,,,,,,,,
Instances/Instances 1/rl11849_09.gt,11848,100.0,86400.0,LINEAR,38582870.0,3593,,0.0135,,,,,,,,,,,,,,,
Instances/Instances 1/rl11849_10.gt,11848,100.0,86400.0,LINEAR,38942587.0,3594,,0.0139,,,,,,,,,,,,,,,
Instances/Instances 1/rl1304_01.gt,1303,100.0,86400.0,LINEAR,4275123.0,391,,0.0071,,,,,,,,,,,,,,,
Instances/Instances 1/rl1304_02.gt,1303,100.0,86400.0,LINEAR,4294502.0,395,,0.0069,,,,,,,,,,,,,,,
Instances/Instances 1/rl1304_03.gt,1303,100.0,86400.0,LINEAR,4316997.0,395,,0.0069,,,,,,,,,,,,,,,
Instances/Instances 1/rl1304_04.gt,1303,100.0,86400.0,LINEAR,4202026.0,394,,0.0071,,,,,,,,,,,,,,,
Instances/Instances 1/rl1304_05.gt,1303,100.0,86400.0,LINEAR,4298762.0,396,,0.0068,,,,,,,,,,,,,,,
Instances/Instances 1/rl1304_06.gt,1303,100.0,86400.0,LINEAR,4212536.0,392,,0.0066,,,,,,,,,,,,,,,
Instances/Instances 1/rl1304_07.gt,1303,100.0,86400.0,LINEAR,4324332.0,402,,0.0065,,,,,,,,,,,,,,,
Instances/Instances 1/rl1304_08.gt,1303,100.0,86400.0,LINEAR,4278968.0,397,,0.0069,,,,,,,,,,,,,,,
Instances/Instances 1/rl1304_09.gt,1303,100.0,86400.0,LINEAR,4435777.0,405,,0.0068,,,,,,,,,,,,,,,
Instances/Instances 1/rl1304_10.gt,1303,100.0,86400.0,LINEAR,4293813.0,397,,0.0079,,,,,,,,,,,,,,,
Instances/Instances 1/rl1323_01.gt,1322,100.0,86400.0,LINEAR,4710812.0,411,,0.0065,,,,,,,,,,,,,,,
Instances/Instances 1/rl1323_02.gt,1322,100.0,86400.0,LINEAR,4439662.0,396,,0.0075,,,,,,,,,,,,,,,
Instances/Instances 1/rl1323_03.gt,1322,100.0,86400.0,LINEAR,4434342.0,395,,0.007,,,,,,,,,,,,,,,
Instances/Instances 1/rl1323_04.gt,1322,100.0,86400.0,LINEAR,4488092.0,405,,0.0068,,,,,,,,,,,,,,,
Instances/Instances 1/rl1323_05.gt,1322,100.0,86400.0,LINEAR,4504704.0,404,,0.0066,,,,,,,,,,,,,,,
Instances/Instances 1/rl1323_06.gt,1322,100.0,86400.0,LINEAR,4545538.0,403,,0.0067,,,,,,,,,,,,,,,
Instances/Instances 1/rl1323_07.gt,1322,100.0,86400.0,LINEAR,4563801.0,407,,0.0074,,,,,,,,,,,,,,,
Instances/Instances 1/rl1323_08.gt,1322,100.0,86400.0,LINEAR,4477158.0,402,,0.0075,,,,,,,,,,,,,,,
Instances/Instances 1/rl1323_09.gt,1322,100.0,86400.0,LINEAR,4515429.0,401,,0.0068,,,,,,,,,,,,,,,
Instances/Instances 1/rl1323_10.gt,1322,100.0,86400.0,LINEAR,4649492.0,410,,0.0072,,,,,,,,,,,,,,,
Instances/Instances 1/rl1889_01.gt,1888,100.0,86400.0,LINEAR,6794066.0,569,,0.0071,,,,,,,,,,,,,,,
Instances/Instances 1/rl1889_02.gt,1888,100.0,86400.0,LINEAR,6775382.0,573,,0.0073,,,,,,,,,,,,,,,
Instances/Instances 1/rl1889_03.gt,1888,100.0,86400.0,LINEAR,6835766.0,573,,0.0073,,,,,,,,,,,,,,,
Instances/Instances 1/rl1889_04.gt,1888,100.0,86400.0,LINEAR,6805716.0,569,,0.0082,,,,,,,,,,,,,,,
Instances/Instances 1/rl1889_05.gt,1888,100.0,86400.0,LINEAR,6933517.0,581,,0.008,,,,,,,,,,,,,,,
Instances/Instances 1/rl1889_06.gt,1888,100.0,86400.0,LINEAR,6820750.0,568,,0.0075,,,,,,,,,,,,,,,
Instances/Instances 1/rl1889_07.gt,1888,100.0,86400.0,LINEAR,6950174.0,583,,0.0079,,,,,,,,,,,,,,,
Instances/Instances 1/rl1889_08.gt,1888,100.0,86400.0,LINEAR,6801575.0,572,,0.0081,,,,,,,,,,,,,,,
Instances/Instances 1/rl1889_09.gt,1888,100.0,86400.0,LINEAR,6847356.0,572,,0.0075,,,,,,,,,,,,,,,
Instances/Instances 1/rl1889_10.gt,1888,100.0,86400.0,LINEAR,6906551.0,583,,0.007,,,,,,,,,,,,,,,
Instances/Instances 1/rl5915_01.gt,5914,100.0,86400.0,LINEAR,18793171.0,1757,,0.0099,,,,,,,,,,,,,,,
Instances/Instances 1/rl5915_02.gt,5914,100.0,86400.0,LINEAR,19047937.0,1786,,0.0104,,,,,,,,,,,,,,,
Instances/Instances 1/rl5915_03.gt,5914,100.0,86400.0,LINEAR,19281648.0,1802,,0.0096,,,,,,,,,,,,,,,
Instances/Instances 1/rl5915_04.gt,5914,100.0,86400.0,LINEAR,19004342.0,1784,,0.0089,,,,,,,,,,,,,,,
Instances/Instances 1/rl5915_05.gt,5914,100.0,86400.0,LINEAR,19127126.0,1794,,0.0099,,,,,,,,,,,,,,,
Instances/Instances 1/rl5915_06.gt,5914,100.0,86400.0,LINEAR,19396032.0,1825,,0.0107,,,,,,,,,,,,,,,
Instances/Instances 1/rl5915_07.gt,5914,100.0,86400.0,LINEAR,18812389.0,1778,,0.01,,,,,,,,,,,,,,,
Instances/Instances 1/rl5915_08.gt,5914,100.0,86400.0,LINEAR,19274490.0,1805,,0.0094,,,,,,,,,,,,,,,
Instances/Instances 1/rl5915_09.gt,5914,100.0,86400.0,LINEAR,18944393.0,1784,,0.0099,,,,,,,,,,,,,,,
Instances/Instances 1/rl5915_10.gt,5914,100.0,86400.0,LINEAR,19232068.0,1790,,0.0106,,,,,,,,,,,,,,,
Instances/Instances 1/rl5934_01.gt,5933,100.0,86400.0,LINEAR,19071059.0,1810,,0.0102,,,,,,,,,,,,,,,
Instances/Instances 1/rl5934_02.gt,5933,100.0,86400.0,LINEAR,18880565.0,1793,,0.0103,,,,,,,,,,,,,,,
Instances/Instances 1/rl5934_03.gt,5933,100.0,86400.0,LINEAR,18740207.0,1795,,0.0121,,,,,,,,,,,,,,,
Instances/Instances 1/rl5934_04.gt,5933,100.0,86400.0,LINEAR,19172398.0,1830,,0.0106,,,,,,,,,,,,,,,
Instances/Instances 1/rl5934_05.gt,5933,100.0,86400.0,LINEAR,18928931.0,1813,,0.01,,,,,,,,,,,,,,,
Instances/Instances 1/rl5934_06.gt,5933,100.0,86400.0,LINEAR,19086541.0,1821,,0.0101,,,,,,,,,,,,,,,
Instances/Instances 1/rl5934_07.gt,5933,100.0,86400.0,LINEAR,19098719.0,1821,,0.0093,,,,,,,,,,,,,,,
Instances/Instances 1/rl5934_08.gt,5933,100.0,86400.0,LINEAR,18973619.0,1791,,0.0104,,,,,,,,,,,,,,,
Instances/Instances 1/rl5934_09.gt,5933,100.0,86400.0,LINEAR,18870278.0,1810,,0.0104,,,,,,,,,,,,,,,
Instances/Instances 1/rl5934_10.gt,5933,100.0,86400.0,LINEAR,19076467.0,1821,,0.0098,,,,,,,,,,,,,,,
Instances/Instances 1/rw1621_01.gt,1620,100.0,86400.0,LINEAR,559417.0,504,,0.0072,,,,,,,,,,,,,,,
Instances/Instances 1/rw1621_02.gt,1620,100.0,86400.0,LINEAR,544374.0,494,,0.0067,,,,,,,,,,,,,,,
Instances/Instances 1/rw1621_03.gt,1620,100.0,86400.0,LINEAR,540922.0,490,,0.0069,,,,,,,,,,,,,,,
Instances/Instances 1/rw1621_04.gt,1620,100.0,86400.0,LINEAR,556551.0,505,,0.007,,,,,,,,,,,,,,,
Instances/Instances 1/rw1621_05.gt,1620,100.0,86400.0,LINEAR,545583.0,493,,0.0073,,,,,,,,,,,,,,,
Instances/Instances 1/rw1621_06.gt,1620,100.0,86400.0,LINEAR,537284.0,487,,0.0068,,,,,,,,,,,,,,,
Instances/Instances 1/rw1621_07.gt,1620,100.0,86400.0,LINEAR,538793.0,485,,0.007,,,,,,,,,,,,,,,
Instances/Instances 1/rw1621_08.gt,1620,100.0,86400.0,LINEAR,540203.0,486,,0.0069,,,,,,,,,,,,,,,
Instances/Instances 1/rw1621_09.gt,1620,100.0,86400.0,LINEAR,550850.0,498,,0.0073,,,,,,,,,,,,,,,
Instances/Instances 1/rw1621_10.gt,1620,100.0,86400.0,LINEAR,532452.0,488,,0.0069,,,,,,,,,,,,,,,
Instances/Instances 1/st70_01.gt,69,100.0,86400.0,LINEAR,1885.0,18,,0.0062,,,,,,,,,,,,,,,
Instances/Instances 1/st70_02.gt,69,100.0,86400.0,LINEAR,1948.0,19,,0.0061,,,,,,,,,,,,,,,
Instances/Instances 1/st70_03.gt,69,100.0,86400.0,LINEAR,2092.0,22,,0.0062,,,,,,,,,,,,,,,
Instances/Instances 1/st70_04.gt,69,100.0,86400.0,LINEAR,1928.0,19,,0.0066,,,,,,,,,,,,,,,
Instances/Instances 1/st70_05.gt,69,100.0,86400.0,LINEAR,2146.0,23,,0.0062,,,,,,,,,,,,,,,
Instances/Instances 1/st70_06.gt,69,100.0,86400.0,LINEAR,1946.0,20,,0.0064,,,,,,,,,,,,,,,
Instances/Instances 1/st70_07.gt,69,100.0,86400.0,LINEAR,1935.0,21,,0.0064,,,,,,,,,,,,,,,
Instances/Instances 1/st70_08.gt,69,100.0,86400.0,LINEAR,2088.0,21,,0.0063,,,,,,,,,,,,,,,
Instances/Instances 1/st70_09.gt,69,100.0,86400.0,LINEAR,2154.0,24,,0.006,,,,,,,,,,,,,,,
Instances/Instances 1/st70_10.gt,69,100.0,86400.0,LINEAR,1973.0,20,,0.0066,,,,,,,,,,,,,,,
Instances/Instances 1/sw24978_01.gt,24977,100.0,86400.0,LINEAR,49847078.0,7608,,0.0256,,,,,,,,,,,,,,,
Instances/Instances 1/sw24978_02.gt,24977,100.0,86400.0,LINEAR,49589177.0,7557,,0.0275,,,,,,,,,,,,,,,
Instances/Instances 1/sw24978_03.gt,24977,100.0,86400.0,LINEAR,49730366.0,7555,,0.0243,,,,,,,,,,,,,,,
Instances/Instances 1/sw24978_04.gt,24977,100.0,86400.0,LINEAR,49877107.0,7596,,0.0262,,,,,,,,,,,,,,,
Instances/Instances 1/sw24978_05.gt,24977,100.0,86400.0,LINEAR,49132454.0,7488,,0.0206,,,,,,,,,,,,,,,
Instances/Instances 1/sw24978_06.gt,24977,100.0,86400.0,LINEAR,50277337.0,7633,,0.0255,,,,,,,,,,,,,,,
Instances/Instances 1/sw24978_07.gt,24977,100.0,86400.0,LINEAR,49666950.0,7551,,0.0234,,,,,,,,,,,,,,,
Instances/Instances 1/sw24978_08.gt,24977,100.0,86400.0,LINEAR,49614785.0,7582,,0.0251,,,,,,,,,,,,,,,
Instances/Instances 1/sw24978_09.gt,24977,100.0,86400.0,LINEAR,49685487.0,7544,,0.0204,,,,,,,,,,,,,,,
Instances/Instances 1/sw24978_10.gt,24977,100.0,86400.0,LINEAR,49849377.0,7567,,0.0254,,,,,,,,,,,,,,,
Instances/Instances 1/ts225_01.gt,224,100.0,86400.0,LINEAR,796736.0,69,,0.0066,,,,,,,,,,,,,,,
Instances/Instances 1/ts225_02.gt,224,100.0,86400.0,LINEAR,847797.0,73,,0.0069,,,,,,,,,,,,,,,
Instances/Instances 1/ts225_03.gt,224,100.0,86400.0,LINEAR,762049.0,68,,0.0064,,,,,,,,,,,,,,,
Instances/Instances 1/ts225_04.gt,224,100.0,86400.0,LINEAR,808685.0,71,,0.0061,,,,,,,,,,,,,,,
Instances/Instances 1/ts225_05.gt,224,100.0,86400.0,LINEAR,791731.0,70,,0.0063,,,,,,,,,,,,,,,
Instances/Instances 1/ts225_06.gt,224,100.0,86400.0,LINEAR,742792.0,64,,0.006,,,,,,,,,,,,,,,
Instances/Instances 1/ts225_07.gt,224,100.0,86400.0,LINEAR,732389.0,66,,0.0063,,,,,,,,,,,,,,,
Instances/Instances 1/ts225_08.gt,224,100.0,86400.0,LINEAR,756969.0,63,,0.0059,,,,,,,,,,,,,,,
Instances/Instances 1/ts225_09.gt,224,100.0,86400.0,LINEAR,798619.0,69,,0.0063,,,,,,,,,,,,,,,
Instances/Instances 1/ts225_10.gt,224,100.0,86400.0,LINEAR,795655.0,72,,0.006,,,,,,,,,,,,,,,
Instances/Instances 1/tsp225_01.gt,224,100.0,86400.0,LINEAR,20675.0,69,,0.006,,,,,,,,,,,,,,,
Instances/Instances 1/tsp225_02.gt,224,100.0,86400.0,LINEAR,22541.0,75,,0.006,,,,,,,,,,,,,,,
Instances/Instances 1/tsp225_03.gt,224,100.0,86400.0,LINEAR,19978.0,68,,0.0066,,,,,,,,,,,,,,,
Instances/Instances 1/tsp225_04.gt,224,100.0,86400.0,LINEAR,21765.0,72,,0.0135,,,,,,,,,,,,,,,
Instances/Instances 1/tsp225_05.gt,224,100.0,86400.0,LINEAR,21095.0,69,,0.0054,,,,,,,,,,,,,,,
Instances/Instances 1/tsp225_06.gt,224,100.0,86400.0,LINEAR,19850.0,65,,0.0057,,,,,,,,,,,,,,,
Instances/Instances 1/tsp225_07.gt,224,100.0,86400.0,LINEAR,18892.0,65,,0.006,,,,,,,,,,,,,,,
Instances/Instances 1/tsp225_08.gt,224,100.0,86400.0,LINEAR,20568.0,66,,0.0066,,,,,,,,,,,,,,,
Instances/Instances 1/tsp225_09.gt,224,100.0,86400.0,LINEAR,20440.0,68,,0.0062,,,,,,,,,,,,,,,
Instances/Instances 1/tsp225_10.gt,224,100.0,86400.0,LINEAR,20831.0,70,,0.0061,,,,,,,,,,,,,,,
Instances/Instances 1/tz6117_01.gt,6116,100.0,86400.0,LINEAR,14016907.0,1833,,0.0105,,,,,,,,,,,,,,,
Instances/Instances 1/tz6117_02.gt,6116,100.0,86400.0,LINEAR,14365548.0,1882,,0.0109,,,,,,,,,,,,,,,
Instances/Instances 1/tz6117_03.gt,6116,100.0,86400.0,LINEAR,14179115.0,1848,,0.01,,,,,,,,,,,,,,,
Instances/Instances 1/tz6117_04.gt,6116,100.0,86400.0,LINEAR,14289559.0,1875,,0.0102,,,,,,,,,,,,,,,
Instances/Instances 1/tz6117_05.gt,6116,100.0,86400.0,LINEAR,13927317.0,1827,,0.0103,,,,,,,,,,,,,,,
Instances/Instances 1/tz6117_06.gt,6116,100.0,86400.0,LINEAR,14350423.0,1874,,0.011,,,,,,,,,,,,,,,
Instances/Instances 1/tz6117_07.gt,6116,100.0,86400.0,LINEAR,14226246.0,1864,,0.0099,,,,,,,,,,,,,,,
Instances/Instances 1/tz6117_08.gt,6116,100.0,86400.0,LINEAR,14016340.0,1851,,0.0112,,,,,,,,,,,,,,,
Instances/Instances 1/tz6117_09.gt,6116,100.0,86400.0,LINEAR,14124561.0,1848,,0.0107,,,,,,,,,,,,,,,
Instances/Instances 1/tz6117_10.gt,6116,100.0,86400.0,LINEAR,14069412.0,1862,,0.0115,,,,,,,,,,,,,,,
Instances/Instances 1/u1060_01.gt,1059,100.0,86400.0,LINEAR,3148380.0,322,,0.0072,,,,,,,,,,,,,,,
Instances/Instances 1/u1060_02.gt,1059,100.0,86400.0,LINEAR,3121594.0,315,,0.0071,,,,,,,,,,,,,,,
Instances/Instances 1/u1060_03.gt,1059,100.0,86400.0,LINEAR,3129053.0,328,,0.0081,,,,,,,,,,,,,,,
Instances/Instances 1/u1060_04.gt,1059,100.0,86400.0,LINEAR,3201494.0,329,,0.0079,,,,,,,,,,,,,,,
Instances/Instances 1/u1060_05.gt,1059,100.0,86400.0,LINEAR,3112933.0,320,,0.0064,,,,,,,,,,,,,,,
Instances/Instances 1/u1060_06.gt,1059,100.0,86400.0,LINEAR,3136046.0,322,,0.007,,,,,,,,,,,,,,,
Instances/Instances 1/u1060_07.gt,1059,100.0,86400.0,LINEAR,3116778.0,318,,0.0066,,,,,,,,,,,,,,,
Instances/Instances 1/u1060_08.gt,1059,100.0,86400.0,LINEAR,3175151.0,323,,0.007,,,,,,,,,,,,,,,
Instances/Instances 1/u1060_09.gt,1059,100.0,86400.0,LINEAR,3085079.0,314,,0.0072,,,,,,,,,,,,,,,
Instances/Instances 1/u1060_10.gt,1059,100.0,86400.0,LINEAR,3149187.0,321,,0.0071,,,,,,,,,,,,,,,
Instances/Instances 1/u1432_01.gt,1431,100.0,86400.0,LINEAR,1787485.0,417,,0.0072,,,,,,,,,,,,,,,
Instances/Instances 1/u1432_02.gt,1431,100.0,86400.0,LINEAR,1886544.0,440,,0.0069,,,,,,,,,,,,,,,
Instances/Instances 1/u1432_03.gt,1431,100.0,86400.0,LINEAR,1831125.0,428,,0.0076,,,,,,,,,,,,,,,
Instances/Instances 1/u1432_04.gt,1431,100.0,86400.0,LINEAR,1833408.0,432,,0.0076,,,,,,,,,,,,,,,
Instances/Instances 1/u1432_05.gt,1431,100.0,86400.0,LINEAR,1868124.0,437,,0.0068,,,,,,,,,,,,,,,
Instances/Instances 1/u1432_06.gt,1431,100.0,86400.0,LINEAR,1880624.0,444,,0.0067,,,,,,,,,,,,,,,
Instances/Instances 1/u1432_07.gt,1431,100.0,86400.0,LINEAR,1886428.0,441,,0.0067,,,,,,,,,,,,,,,
Instances/Instances 1/u1432_08.gt,1431,100.0,86400.0,LINEAR,1847182.0,430,,0.0074,,,,,,,,,,,,,,,
Instances/Instances 1/u1432_09.gt,1431,100.0,86400.0,LINEAR,1889244.0,438,,0.0066,,,,,,,,,,,,,,,
Instances/Instances 1/u1432_10.gt,1431,100.0,86400.0,LINEAR,1852670.0,434,,0.0067,,,,,,,,,,,,,,,
Instances/Instances 1/u159_01.gt,158,100.0,86400.0,LINEAR,242511.0,51,,0.0069,,,,,,,,,,,,,,,
Instances/Instances 1/u159_02.gt,158,100.0,86400.0,LINEAR,225181.0,47,,0.007,,,,,,,,,,,,,,,
Instances/Instances 1/u159_03.gt,158,100.0,86400.0,LINEAR,207458.0,43,,0.0061,,,,,,,,,,,,,,,
Instances/Instances 1/u159_04.gt,158,100.0,86400.0,LINEAR,216530.0,45,,0.0058,,,,,,,,,,,,,,,
Instances/Instances 1/u159_05.gt,158,100.0,86400.0,LINEAR,221576.0,46,,0.0064,,,,,,,,,,,,,,,
Instances/Instances 1/u159_06.gt,158,100.0,86400.0,LINEAR,203818.0,42,,0.0061,,,,,,,,,,,,,,,
Instances/Instances 1/u159_07.gt,158,100.0,86400.0,LINEAR,227083.0,46,,0.0069,,,,,,,,,,,,,,,
Instances/Instances 1/u159_08.gt,158,100.0,86400.0,LINEAR,235295.0,49,,0.0063,,,,,,,,,,,,,,,
Instances/Instances 1/u159_09.gt,158,100.0,86400.0,LINEAR,225088.0,48,,0.0061,,,,,,,,,,,,,,,
Instances/Instances 1/u159_10.gt,158,100.0,86400.0,LINEAR,226141.0,49,,0.006,,,,,,,,,,,,,,,
Instances/Instances 1/u1817_01.gt,1816,100.0,86400.0,LINEAR,987245.0,556,,0.0082,,,,,,,,,,,,,,,
Instances/Instances 1/u1817_02.gt,1816,100.0,86400.0,LINEAR,972908.0,551,,0.007,,,,,,,,,,,,,,,
Instances/Instances 1/u1817_03.gt,1816,100.0,86400.0,LINEAR,978083.0,550,,0.0071,,,,,,,,,,,,,,,
Instances/Instances 1/u1817_04.gt,1816,100.0,86400.0,LINEAR,1000218.0,554,,0.0078,,,,,,,,,,,,,,,
Instances/Instances 1/u1817_05.gt,1816,100.0,86400.0,LINEAR,980741.0,552,,0.007,,,,,,,,,,,,,,,
Instances/Instances 1/u1817_06.gt,1816,100.0,86400.0,LINEAR,964066.0,542,,0.0068,,,,,,,,,,,,,,,
Instances/Instances 1/u1817_07.gt,1816,100.0,86400.0,LINEAR,988222.0,550,,0.007,,,,,,,,,,,,,,,
Instances/Instances 1/u1817_08.gt,1816,100.0,86400.0,LINEAR,977078.0,549,,0.007,,,,,,,,,,,,,,,
Instances/Instances 1/u1817_09.gt,1816,100.0,86400.0,LINEAR,975314.0,552,,0.0071,,,,,,,,,,,,,,,
Instances/Instances 1/u1817_10.gt,1816,100.0,86400.0,LINEAR,984147.0,559,,0.0074,,,,,,,,,,,,,,,
Instances/Instances 1/u2152_01.gt,2151,100.0,86400.0,LINEAR,1167269.0,653,,0.0084,,,,,,,,,,,,,,,
Instances/Instances 1/u2152_02.gt,2151,100.0,86400.0,LINEAR,1170619.0,650,,0.0083,,,,,,,,,,,,,,,
Instances/Instances 1/u2152_03.gt,2151,100.0,86400.0,LINEAR,1184956.0,660,,0.0073,,,,,,,,,,,,,,,
Instances/Instances 1/u2152_04.gt,2151,100.0,86400.0,LINEAR,1166772.0,650,,0.0078,,,,,,,,,,,,,,,
Instances/Instances 1/u2152_05.gt,2151,100.0,86400.0,LINEAR,1159907.0,642,,0.0078,,,,,,,,,,,,,,,
Instances/Instances 1/u2152_06.gt,2151,100.0,86400.0,LINEAR,1178321.0,656,,0.0079,,,,,,,,,,,,,,,
Instances/Instances 1/u2152_07.gt,2151,100.0,86400.0,LINEAR,1183041.0,655,,0.0075,,,,,,,,,,,,,,,
Instances/Instances 1/u2152_08.gt,2151,100.0,86400.0,LINEAR,1175016.0,656,,0.008,,,,,,,,,,,,,,,
Instances/Instances 1/u2152_09.gt,2151,100.0,86400.0,LINEAR,1154704.0,654,,0.0083,,,,,,,,,,,,,,,
Instances/Instances 1/u2152_10.gt,2151,100.0,86400.0,LINEAR,1179342.0,663,,0.0079,,,,,,,,,,,,,,,
Instances/Instances 1/u2319_01.gt,2318,100.0,86400.0,LINEAR,2851665.0,713,,0.0084,,,,,,,,,,,,,,,
Instances/Instances 1/u2319_02.gt,2318,100.0,86400.0,LINEAR,2825762.0,706,,0.0079,,,,,,,,,,,,,,,
Instances/Instances 1/u2319_03.gt,2318,100.0,86400.0,LINEAR,2800733.0,700,,0.0089,,,,,,,,,,,,,,,
Instances/Instances 1/u2319_04.gt,2318,100.0,86400.0,LINEAR,2827012.0,704,,0.0085,,,,,,,,,,,,,,,
Instances/Instances 1/u2319_05.gt,2318,100.0,86400.0,LINEAR,2758571.0,690,,0.0089,,,,,,,,,,,,,,,
Instances/Instances 1/u2319_06.gt,2318,100.0,86400.0,LINEAR,2812636.0,703,,0.0094,,,,,,,,,,,,,,,
Instances/Instances 1/u2319_07.gt,2318,100.0,86400.0,LINEAR,2797446.0,706,,0.0081,,,,,,,,,,,,,,,
Instances/Instances 1/u2319_08.gt,2318,100.0,86400.0,LINEAR,2822772.0,709,,0.0067,,,,,,,,,,,,,,,
Instances/Instances 1/u2319_09.gt,2318,100.0,86400.0,LINEAR,2812146.0,697,,0.0076,,,,,,,,,,,,,,,
Instances/Instances 1/u2319_10.gt,2318,100.0,86400.0,LINEAR,2820553.0,710,,0.0083,,,,,,,,,,,,,,,
Instances/Instances 1/u574_01.gt,573,100.0,86400.0,LINEAR,332063.0,177,,0.0066,,,,,,,,,,,,,,,
Instances/Instances 1/u574_02.gt,573,100.0,86400.0,LINEAR,332085.0,178,,0.007,,,,,,,,,,,,,,,
Instances/Instances 1/u574_03.gt,573,100.0,86400.0,LINEAR,315790.0,169,,0.0064,,,,,,,,,,,,,,,
Instances/Instances 1/u574_04.gt,573,100.0,86400.0,LINEAR,320807.0,171,,0.0066,,,,,,,,,,,,,,,
Instances/Instances 1/u574_05.gt,573,100.0,86400.0,LINEAR,321258.0,173,,0.0063,,,,,,,,,,,,,,,
Instances/Instances 1/u574_06.gt,573,100.0,86400.0,LINEAR,341299.0,179,,0.0065,,,,,,,,,,,,,,,
Instances/Instances 1/u574_07.gt,573,100.0,86400.0,LINEAR,323651.0,174,,0.007,,,,,,,,,,,,,,,
Instances/Instances 1/u574_08.gt,573,100.0,86400.0,LINEAR,324447.0,172,,0.0054,,,,,,,,,,,,,,,
Instances/Instances 1/u574_09.gt,573,100.0,86400.0,LINEAR,308925.0,164,,0.0064,,,,,,,,,,,,,,,
Instances/Instances 1/u574_10.gt,573,100.0,86400.0,LINEAR,328808.0,174,,0.0065,,,,,,,,,,,,,,,
Instances/Instances 1/u724_01.gt,723,100.0,86400.0,LINEAR,418184.0,223,,0.0068,,,,,,,,,,,,,,,
Instances/Instances 1/u724_02.gt,723,100.0,86400.0,LINEAR,419503.0,224,,0.0067,,,,,,,,,,,,,,,
Instances/Instances 1/u724_03.gt,723,100.0,86400.0,LINEAR,401470.0,212,,0.007,,,,,,,,,,,,,,,
Instances/Instances 1/u724_04.gt,723,100.0,86400.0,LINEAR,420274.0,219,,0.0065,,,,,,,,,,,,,,,
Instances/Instances 1/u724_05.gt,723,100.0,86400.0,LINEAR,428902.0,228,,0.0065,,,,,,,,,,,,,,,
Instances/Instances 1/u724_06.gt,723,100.0,86400.0,LINEAR,421908.0,226,,0.0063,,,,,,,,,,,,,,,
Instances/Instances 1/u724_07.gt,723,100.0,86400.0,LINEAR,398054.0,211,,0.0064,,,,,,,,,,,,,,,
Instances/Instances 1/u724_08.gt,723,100.0,86400.0,LINEAR,401623.0,215,,0.0064,,,,,,,,,,,,,,,
Instances/Instances 1/u724_09.gt,723,100.0,86400.0,LINEAR,421677.0,223,,0.0068,,,,,,,,,,,,,,,
Instances/Instances 1/u724_10.gt,723,100.0,86400.0,LINEAR,409990.0,218,,0.0064,,,,,,,,,,,,,,,
Instances/Instances 1/usa13509_01.gt,13508,100.0,86400.0,LINEAR,944511506.0,4105,,0.0186,,,,,,,,,,,,,,,
Instances/Instances 1/usa13509_02.gt,13508,100.0,86400.0,LINEAR,929723903.0,4076,,0.0137,,,,,,,,,,,,,,,
Instances/Instances 1/usa13509_03.gt,13508,100.0,86400.0,LINEAR,934618290.0,4081,,0.0155,,,,,,,,,,,,,,,
Instances/Instances 1/usa13509_04.gt,13508,100.0,86400.0,LINEAR,928852947.0,4101,,0.0176,,,,,,,,,,,,,,,
Instances/Instances 1/usa13509_05.gt,13508,100.0,86400.0,LINEAR,939972032.0,4104,,0.0152,,,,,,,,,,,,,,,
Instances/Instances 1/usa13509_06.gt,13508,100.0,86400.0,LINEAR,930770453.0,4068,,0.0146,,,,,,,,,,,,,,,
Instances/Instances 1/usa13509_07.gt,13508,100.0,86400.0,LINEAR,945535647.0,4133,,0.0149,,,,,,,,,,,,,,,
Instances/Instances 1/usa13509_08.gt,13508,100.0,86400.0,LINEAR,939220346.0,4092,,0.0157,,,,,,,,,,,,,,,
Instances/Instances 1/usa13509_09.gt,13508,100.0,86400.0,LINEAR,938296531.0,4110,,0.0161,,,,,,,,,,,,,,,
Instances/Instances 1/usa13509_10.gt,13508,100.0,86400.0,LINEAR,930814929.0,4070,,0.0176,,,,,,,,,,,,,,,
Instances/Instances 1/uy734_01.gt,733,100.0,86400.0,LINEAR,768789.0,219,,0.0068,,,,,,,,,,,,,,,
Instances/Instances 1/uy734_02.gt,733,100.0,86400.0,LINEAR,811911.0,232,,0.0088,,,,,,,,,,,,,,,
Instances/Instances 1/uy734_03.gt,733,100.0,86400.0,LINEAR,775237.0,221,,0.0076,,,,,,,,,,,,,,,
Instances/Instances 1/uy734_04.gt,733,100.0,86400.0,LINEAR,789648.0,226,,0.0067,,,,,,,,,,,,,,,
Instances/Instances 1/uy734_05.gt,733,100.0,86400.0,LINEAR,773552.0,221,,0.0066,,,,,,,,,,,,,,,
Instances/Instances 1/uy734_06.gt,733,100.0,86400.0,LINEAR,786215.0,223,,0.0061,,,,,,,,,,,,,,,
Instances/Instances 1/uy734_07.gt,733,100.0,86400.0,LINEAR,770242.0,220,,0.0064,,,,,,,,,,,,,,,
Instances/Instances 1/uy734_08.gt,733,100.0,86400.0,LINEAR,792932.0,228,,0.0062,,,,,,,,,,,,,,,
Instances/Instances 1/uy734_09.gt,733,100.0,86400.0,LINEAR,788712.0,225,,0.0065,,,,,,,,,,,,,,,
Instances/Instances 1/uy734_10.gt,733,100.0,86400.0,LINEAR,770039.0,222,,0.0065,,,,,,,,,,,,,,,
Instances/Instances 1/vm1084_01.gt,1083,100.0,86400.0,LINEAR,3989777.0,325,,0.0066,,,,,,,,,,,,,,,
Instances/Instances 1/vm1084_02.gt,1083,100.0,86400.0,LINEAR,4029200.0,334,,0.0078,,,,,,,,,,,,,,,
Instances/Instances 1/vm1084_03.gt,1083,100.0,86400.0,LINEAR,3964070.0,327,,0.0071,,,,,,,,,,,,,,,
Instances/Instances 1/vm1084_04.gt,1083,100.0,86400.0,LINEAR,4020539.0,334,,0.007,,,,,,,,,,,,,,,
Instances/Instances 1/vm1084_05.gt,1083,100.0,86400.0,LINEAR,4035308.0,333,,0.0079,,,,,,,,,,,,,,,
Instances/Instances 1/vm1084_06.gt,1083,100.0,86400.0,LINEAR,3972731.0,335,,0.0071,,,,,,,,,,,,,,,
Instances/Instances 1/vm1084_07.gt,1083,100.0,86400.0,LINEAR,4059726.0,337,,0.0067,,,,,,,,,,,,,,,
Instances/Instances 1/vm1084_08.gt,1083,100.0,86400.0,LINEAR,3986562.0,328,,0.0073,,,,,,,,,,,,,,,
Instances/Instances 1/vm1084_09.gt,1083,100.0,86400.0,LINEAR,3994974.0,329,,0.0067,,,,,,,,,,,,,,,
Instances/Instances 1/vm1084_10.gt,1083,100.0,86400.0,LINEAR,3924087.0,322,,0.0066,,,,,,,,,,,,,,,
Instances/Instances 1/vm1748_01.gt,1747,100.0,86400.0,LINEAR,6954140.0,534,,0.0071,,,,,,,,,,,,,,,
Instances/Instances 1/vm1748_02.gt,1747,100.0,86400.0,LINEAR,7013356.0,537,,0.0078,,,,,,,,,,,,,,,
Instances/Instances 1/vm1748_03.gt,1747,100.0,86400.0,LINEAR,6849485.0,531,,0.0076,,,,,,,,,,,,,,,
Instances/Instances 1/vm1748_04.gt,1747,100.0,86400.0,LINEAR,6946778.0,537,,0.0071,,,,,,,,,,,,,,,
Instances/Instances 1/vm1748_05.gt,1747,100.0,86400.0,LINEAR,6959344.0,535,,0.0065,,,,,,,,,,,,,,,
Instances/Instances 1/vm1748_06.gt,1747,100.0,86400.0,LINEAR,6933876.0,536,,0.0071,,,,,,,,,,,,,,,
Instances/Instances 1/vm1748_07.gt,1747,100.0,86400.0,LINEAR,6795766.0,521,,0.0072,,,,,,,,,,,,,,,
Instances/Instances 1/vm1748_08.gt,1747,100.0,86400.0,LINEAR,6950026.0,530,,0.0067,,,,,,,,,,,,,,,
Instances/Instances 1/vm1748_09.gt,1747,100.0,86400.0,LINEAR,6870930.0,529,,0.0073,,,,,,,,,,,,,,,
Instances/Instances 1/vm1748_10.gt,1747,100.0,86400.0,LINEAR,6968638.0,535,,0.0069,,,,,,,,,,,,,,,
Instances/Instances 1/vm22775_01.gt,22774,100.0,86400.0,LINEAR,62395701.0,6888,,0.0243,,,,,,,,,,,,,,,
Instances/Instances 1/vm22775_02.gt,22774,100.0,86400.0,LINEAR,62502372.0,6889,,0.0232,,,,,,,,,,,,,,,
Instances/Instances 1/vm22775_03.gt,22774,100.0,86400.0,LINEAR,62308790.0,6880,,0.0219,,,,,,,,,,,,,,,
Instances/Instances 1/vm22775_04.gt,22774,100.0,86400.0,LINEAR,62644886.0,6909,,0.0239,,,,,,,,,,,,,,,
Instances/Instances 1/vm22775_05.gt,22774,100.0,86400.0,LINEAR,62944457.0,6941,,0.0244,,,,,,,,,,,,,,,
Instances/Instances 1/vm22775_06.gt,22774,100.0,86400.0,LINEAR,62304708.0,6869,,0.0221,,,,,,,,,,,,,,,
Instances/Instances 1/vm22775_07.gt,22774,100.0,86400.0,LINEAR,62976259.0,6939,,0.0197,,,,,,,,,,,,,,,
Instances/Instances 1/vm22775_08.gt,22774,100.0,86400.0,LINEAR,62632261.0,6889,,0.0208,,,,,,,,,,,,,,,
Instances/Instances 1/vm22775_09.gt,22774,100.0,86400.0,LINEAR,62187304.0,6874,,0.023,,,,,,,,,,,,,,,
Instances/Instances 1/vm22775_10.gt,22774,100.0,86400.0,LINEAR,62584869.0,6893,,0.0217,,,,,,,,,,,,,,,
Instances/Instances 1/wi29_01.gt,28,100.0,86400.0,LINEAR,63832.0,8,,0.0064,,,,,,,,,,,,,,,
Instances/Instances 1/wi29_02.gt,28,100.0,86400.0,LINEAR,68644.0,9,,0.006,,,,,,,,,,,,,,,
Instances/Instances 1/wi29_03.gt,28,100.0,86400.0,LINEAR,61295.0,8,,0.0064,,,,,,,,,,,,,,,
Instances/Instances 1/wi29_04.gt,28,100.0,86400.0,LINEAR,75065.0,11,,0.0064,,,,,,,,,,,,,,,
Instances/Instances 1/wi29_05.gt,28,100.0,86400.0,LINEAR,61000.0,8,,0.0061,,,,,,,,,,,,,,,
Instances/Instances 1/wi29_06.gt,28,100.0,86400.0,LINEAR,78786.0,11,,0.0058,,,,,,,,,,,,,,,
Instances/Instances 1/wi29_07.gt,28,100.0,86400.0,LINEAR,61738.0,8,,0.0065,,,,,,,,,,,,,,,
Instances/Instances 1/wi29_08.gt,28,100.0,86400.0,LINEAR,64655.0,9,,0.0064,,,,,,,,,,,,,,,
Instances/Instances 1/wi29_09.gt,28,100.0,86400.0,LINEAR,58151.0,7,,0.0064,,,,,,,,,,,,,,,
Instances/Instances 1/wi29_10.gt,28,100.0,86400.0,LINEAR,62387.0,9,,0.006,,,,,,,,,,,,,,,
Instances/Instances 1/ym7663_01.gt,7662,100.0,86400.0,LINEAR,8640769.0,2322,,0.011,,,,,,,,,,,,,,,
Instances/Instances 1/ym7663_02.gt,7662,100.0,86400.0,LINEAR,8764603.0,2354,,0.0102,,,,,,,,,,,,,,,
Instances/Instances 1/ym7663_03.gt,7662,100.0,86400.0,LINEAR,8663736.0,2313,,0.0106,,,,,,,,,,,,,,,
Instances/Instances 1/ym7663_04.gt,7662,100.0,86400.0,LINEAR,8690093.0,2331,,0.0117,,,,,,,,,,,,,,,
Instances/Instances 1/ym7663_05.gt,7662,100.0,86400.0,LINEAR,8714966.0,2333,,0.0118,,,,,,,,,,,,,,,
Instances/Instances 1/ym7663_06.gt,7662,100.0,86400.0,LINEAR,8583124.0,2299,,0.0106,,,,,,,,,,,,,,,
Instances/Instances 1/ym7663_07.gt,7662,100.0,86400.0,LINEAR,8741072.0,2328,,0.0106,,,,,,,,,,,,,,,
Instances/Instances 1/ym7663_08.gt,7662,100.0,86400.0,LINEAR,8685692.0,2314,,0.0102,,,,,,,,,,,,,,,
Instances/Instances 1/ym7663_09.gt,7662,100.0,86400.0,LINEAR,8695714.0,2324,,0.0114,,,,,,,,,,,,,,,
Instances/Instances 1/ym7663_10.gt,7662,100.0,86400.0,LINEAR,8737823.0,2335,,0.011,,,,,,,,,,,,,,,
Instances/Instances 1/zi929_01.gt,928,100.0,86400.0,LINEAR,1198888.0,286,,0.0059,,,,,,,,,,,,,,,
Instances/Instances 1/zi929_02.gt,928,100.0,86400.0,LINEAR,1136123.0,273,,0.0074,,,,,,,,,,,,,,,
Instances/Instances 1/zi929_03.gt,928,100.0,86400.0,LINEAR,1160996.0,278,,0.0065,,,,,,,,,,,,,,,
Instances/Instances 1/zi929_04.gt,928,100.0,86400.0,LINEAR,1155790.0,279,,0.0069,,,,,,,,,,,,,,,
Instances/Instances 1/zi929_05.gt,928,100.0,86400.0,LINEAR,1180029.0,283,,0.0066,,,,,,,,,,,,,,,
Instances/Instances 1/zi929_06.gt,928,100.0,86400.0,LINEAR,1216793.0,294,,0.0066,,,,,,,,,,,,,,,
Instances/Instances 1/zi929_07.gt,928,100.0,86400.0,LINEAR,1176775.0,284,,0.0065,,,,,,,,,,,,,,,
Instances/Instances 1/zi929_08.gt,928,100.0,86400.0,LINEAR,1175067.0,278,,0.0064,,,,,,,,,,,,,,,
Instances/Instances 1/zi929_09.gt,928,100.0,86400.0,LINEAR,1126586.0,270,,0.0068,,,,,,,,,,,,,,,
Instances/Instances 1/zi929_10.gt,928,100.0,86400.0,LINEAR,1195916.0,289,,0.0069,,,,,,,,,,,,,,,
Instances/Instances 2/a280_01.gt,279,20.0,86400.0,LINEAR,NO SOLUTION,,,0.0064,,,,,,,,,,,,,,,
Instances/Instances 2/a280_02.gt,279,20.0,86400.0,LINEAR,NO SOLUTION,,,0.0065,,,,,,,,,,,,,,,
Instances/Instances 2/a280_03.gt,279,20.0,86400.0,LINEAR,NO SOLUTION,,,0.0069,,,,,,,,,,,,,,,
Instances/Instances 2/a280_04.gt,279,20.0,86400.0,LINEAR,NO SOLUTION,,,0.0061,,,,,,,,,,,,,,,
Instances/Instances 2/a280_05.gt,279,20.0,86400.0,LINEAR,NO SOLUTION,,,0.0064,,,,,,,,,,,,,,,
Instances/Instances 2/a280_06.gt,279,20.0,86400.0,LINEAR,NO SOLUTION,,,0.0063,,,,,,,,,,,,,,,
Instances/Instances 2/a280_07.gt,279,20.0,86400.0,LINEAR,NO SOLUTION,,,0.006,,,,,,,,,,,,,,,
Instances/Instances 2/a280_08.gt,279,20.0,86400.0,LINEAR,NO SOLUTION,,,0.0061,,,,,,,,,,,,,,,
Instances/Instances 2/a280_09.gt,279,20.0,86400.0,LINEAR,NO SOLUTION,,,0.0052,,,,,,,,,,,,,,,
Instances/Instances 2/a280_10.gt,279,20.0,86400.0,LINEAR,NO SOLUTION,,,0.0062,,,,,,,,,,,,,,,
Instances/Instances 2/ar9152_01.gt,9151,20.0,86400.0,LINEAR,NO SOLUTION,,,0.0141,,,,,,,,,,,,,,,
Instances/Instances 2/ar9152_02.gt,9151,20.0,86400.0,LINEAR,NO SOLUTION,,,0.0138,,,,,,,,,,,,,,,
Instances/Instances 2/ar9152_03.gt,9151,20.0,86400.0,LINEAR,NO SOLUTION,,,0.011,,,,,,,,,,,,,,,
Instances/Instances 2/ar9152_04.gt,9151,20.0,86400.0,LINEAR,NO SOLUTION,,,0.0121,,,,,,,,,,,,,,,
Instances/Instances 2/ar9152_05.gt,9151,20.0,86400.0,LINEAR,NO SOLUTION,,,0.0119,,,,,,,,,,,,,,,
Instances/Instances 2/ar9152_06.gt,9151,20.0,86400.0,LINEAR,NO SOLUTION,,,0.0127,,,,,,,,,,,,,,,
Instances/Instances 2/ar9152_07.gt,9151,20.0,86400.0,LINEAR,NO SOLUTION,,,0.0115,,,,,,,,,,,,,,,
Instances/Instances 2/ar9152_08.gt,9151,20.0,86400.0,LINEAR,NO SOLUTION,,,0.013,,,,,,,,,,,,,,,
Instances/Instances 2/ar9152_09.gt,9151,20.0,86400.0,LINEAR,NO SOLUTION,,,0.0127,,,,,,,,,,,,,,,
Instances/Instances 2/ar9152_10.gt,9151,20.0,86400.0,LINEAR,NO SOLUTION,,,0.0118,,,,,,,,,,,,,,,
Instances/Instances 2/berlin52_01.gt,51,20.0,86400.0,LINEAR,NO SOLUTION,,,0.0063,,,,,,,,,,,,,,,
Instances/Instances 2/berlin52_02.gt,51,20.0,86400.0,LINEAR,NO SOLUTION,,,0.0065,,,,,,,,,,,,,,,
Instances/Instances 2/berlin52_03.gt,51,20.0,86400.0,LINEAR,NO SOLUTION,,,0.0067,,,,,,,,,,,,,,,
Instances/Instances 2/berlin52_04.gt,51,20.0,86400.0,LINEAR,NO SOLUTION,,,0.0063,,,,,,,,,,,,,,,
Instances/Instances 2/berlin52_05.gt,51,20.0,86400.0,LINEAR,NO SOLUTION,,,0.0062,,,,,,,,,,,,,,,
Instances/Instances 2/berlin52_06.gt,51,20.0,86400.0,LINEAR,NO SOLUTION,,,0.0062,,,,,,,,,,,,,,,
Instances/Instances 2/berlin52_07.gt,51,20.0,86400.0,LINEAR,NO SOLUTION,,,0.0065,,,,,,,,,,,,,,,
Instances/Instances 2/berlin52_08.gt,51,20.0,86400.0,LINEAR,NO SOLUTION,,,0.0067,,,,,,,,,,,,,,,
Instances/Instances 2/berlin52_09.gt,51,20.0,86400.0,LINEAR,NO SOLUTION,,,0.0061,,,,,,,,,,,,,,,
Instances/Instances 2/berlin52_10.gt,51,20.0,86400.0,LINEAR,NO SOLUTION,,,0.0065,,,,,,,,,,,,,,,
Instances/Instances 2/bier127_01.gt,126,20.0,86400.0,LINEAR,NO SOLUTION,,,0.0064,,,,,,,,,,,,,,,
Instances/Instances 2/bier127_02.gt,126,20.0,86400.0,LINEAR,NO SOLUTION,,,0.0079,,,,,,,,,,,,,,,
Instances/Instances 2/bier127_03.gt,126,20.0,86400.0,LINEAR,NO SOLUTION,,,0.0074,,,,,,,,,,,,,,,
Instances/Instances 2/bier127_04.gt,126,20.0,86400.0,LINEAR,NO SOLUTION,,,0.0064,,,,,,,,,,,,,,,
Instances/Instances 2/bier127_05.gt,126,20.0,86400.0,LINEAR,NO SOLUTION,,,0.0062,,,,,,,,,,,,,,,
Instances/Instances 2/bier127_06.gt,126,20.0,86400.0,LINEAR,NO SOLUTION,,,0.0063,,,,,,,,,,,,,,,
Instances/Instances 2/bier127_07.gt,126,20.0,86400.0,LINEAR,NO SOLUTION,,,0.0057,,,,,,,,,,,,,,,
Instances/Instances 2/bier127_08.gt,126,20.0,86400.0,LINEAR,NO SOLUTION,,,0.0063,,,,,,,,,,,,,,,
Instances/Instances 2/bier127_09.gt,126,20.0,86400.0,LINEAR,NO SOLUTION,,,0.0062,,,,,,,,,,,,,,,
Instances/Instances 2/bier127_10.gt,126,20.0,86400.0,LINEAR,NO SOLUTION,,,0.0062,,,,,,,,,,,,,,,
Instances/Instances 2/bm33708_01.gt,33707,20.0,86400.0,LINEAR,NO SOLUTION,,,0.0289,,,,,,,,,,,,,,,
Instances/Instances 2/bm33708_02.gt,33707,20.0,86400.0,LINEAR,NO SOLUTION,,,0.0294,,,,,,,,,,,,,,,
Instances/Instances 2/bm33708_03.gt,33707,20.0,86400.0,LINEAR,NO SOLUTION,,,0.0318,,,,,,,,,,,,,,,
Instances/Instances 2/bm33708_04.gt,33707,20.0,86400.0,LINEAR,NO SOLUTION,,,0.0322,,,,,,,,,,,,,,,
Instances/Instances 2/bm33708_05.gt,33707,20.0,86400.0,LINEAR,NO SOLUTION,,,0.0324,,,,,,,,,,,,,,,
Instances/Instances 2/bm33708_06.gt,33707,20.0,86400.0,LINEAR,NO SOLUTION,,,0.0268,,,,,,,,,,,,,,,
Instances/Instances 2/bm33708_07.gt,33707,20.0,86400.0,LINEAR,NO SOLUTION,,,0.0294,,,,,,,,,,,,,,,
Instances/Instances 2/bm33708_08.gt,33707,20.0,86400.0,LINEAR,NO SOLUTION,,,0.0292,,,,,,,,,,,,,,,
Instances/Instances 2/bm33708_09.gt,33707,20.0,86400.0,LINEAR,NO SOLUTION,,,0.0325,,,,,,,,,,,,,,,
Instances/Instances 2/bm33708_10.gt,33707,20.0,86400.0,LINEAR,NO SOLUTION,,,0.0323,,,,,,,,,,,,,,,
Instances/Instances 2/brd14051_01.gt,14050,20.0,86400.0,LINEAR,NO SOLUTION,,,0.0141,,,,,,,,,,,,,,,
Instances/Instances 2/brd14051_02.gt,14050,20.0,86400.0,LINEAR,NO SOLUTION,,,0.0146,,,,,,,,,,,,,,,
Instances/Instances 2/brd14051_03.gt,14050,20.0,86400.0,LINEAR,NO SOLUTION,,,0.0149,,,,,,,,,,,,,,,
Instances/Instances 2/brd14051_04.gt,14050,20.0,86400.0,LINEAR,NO SOLUTION,,,0.0153,,,,,,,,,,,,,,,
Instances/Instances 2/brd14051_05.gt,14050,20.0,86400.0,LINEAR,NO SOLUTION,,,0.0148,,,,,,,,,,,,,,,
Instances/Instances 2/brd14051_06.gt,14050,20.0,86400.0,LINEAR,NO SOLUTION,,,0.0158,,,,,,,,,,,,,,,
Instances/Instances 2/brd14051_07.gt,14050,20.0,86400.0,LINEAR,NO SOLUTION,,,0.0147,,,,,,,,,,,,,,,
Instances/Instances 2/brd14051_08.gt,14050,20.0,86400.0,LINEAR,NO SOLUTION,,,0.015,,,,,,,,,,,,,,,
Instances/Instances 2/brd14051_09.gt,14050,20.0,86400.0,LINEAR,NO SOLUTION,,,0.0158,,,,,,,,,,,,,,,
Instances/Instances 2/brd14051_10.gt,14050,20.0,86400.0,LINEAR,NO SOLUTION,,,0.015,,,,,,,,,,,,,,,
Instances/Instances 2/ca4663_01.gt,4662,20.0,86400.0,LINEAR,NO SOLUTION,,,0.0107,,,,,,,,,,,,,,,
Instances/Instances 2/ca4663_02.gt,4662,20.0,86400.0,LINEAR,NO SOLUTION,,,0.0094,,,,,,,,,,,,,,,
Instances/Instances 2/ca4663_03.gt,4662,20.0,86400.0,LINEAR,NO SOLUTION,,,0.0092,,,,,,,,,,,,,,,
Instances/Instances 2/ca4663_04.gt,4662,20.0,86400.0,LINEAR,NO SOLUTION,,,0.0089,,,,,,,,,,,,,,,
Instances/Instances 2/ca4663_05.gt,4662,20.0,86400.0,LINEAR,NO SOLUTION,,,0.0086,,,,,,,,,,,,,,,
Instances/Instances 2/ca4663_06.gt,4662,20.0,86400.0,LINEAR,NO SOLUTION,,,0.0101,,,,,,,,,,,,,,,
Instances/Instances 2/ca4663_07.gt,4662,20.0,86400.0,LINEAR,NO SOLUTION,,,0.0095,,,,,,,,,,,,,,,
Instances/Instances 2/ca4663_08.gt,4662,20.0,86400.0,LINEAR,NO SOLUTION,,,0.0102,,,,,,,,,,,,,,,
Instances/Instances 2/ca4663_09.gt,4662,20.0,86400.0,LINEAR,NO SOLUTION,,,0.0093,,,,,,,,,,,,,,,
Instances/Instances 2/ca4663_10.gt,4662,20.0,86400.0,LINEAR,NO SOLUTION,,,0.0094,,,,,,,,,,,,,,,
Instances/Instances 2/ch130_01.gt,129,20.0,86400.0,LINEAR,NO SOLUTION,,,0.0066,,,,,,,,,,,,,,,
Instances/Instances 2/ch130_02.gt,129,20.0,86400.0,LINEAR,NO SOLUTION,,,0.0063,,,,,,,,,,,,,,,
Instances/Instances 2/ch130_03.gt,129,20.0,86400.0,LINEAR,NO SOLUTION,,,0.0064,,,,,,,,,,,,,,,
Instances/Instances 2/ch130_04.gt,129,20.0,86400.0,LINEAR,NO SOLUTION,,,0.0066,,,,,,,,,,,,,,,
Instances/Instances 2/ch130_05.gt,129,20.0,86400.0,LINEAR,NO SOLUTION,,,0.0061,,,,,,,,,,,,,,,
Instances/Instances 2/ch130_06.gt,129,20.0,86400.0,LINEAR,NO SOLUTION,,,0.0061,,,,,,,,,,,,,,,
Instances/Instances 2/ch130_07.gt,129,20.0,86400.0,LINEAR,NO SOLUTION,,,0.0068,,,,,,,,,,,,,,,
Instances/Instances 2/ch130_08.gt,129,20.0,86400.0,LINEAR,NO SOLUTION,,,0.0062,,,,,,,,,,,,,,,
Instances/Instances 2/ch130_09.gt,129,20.0,86400.0,LINEAR,NO SOLUTION,,,0.0061,,,,,,,,,,,,,,,
Instances/Instances 2/ch130_10.gt,129,20.0,86400.0,LINEAR,NO SOLUTION,,,0.0066,,,,,,,,,,,,,,,
Instances/Instances 2/ch150_01.gt,149,20.0,86400.0,LINEAR,NO SOLUTION,,,0.0064,,,,,,,,,,,,,,,
Instances/Instances 2/ch150_02.gt,149,20.0,86400.0,LINEAR,NO SOLUTION,,,0.0063,,,,,,,,,,,,,,,
Instances/Instances 2/ch150_03.gt,149,20.0,86400.0,LINEAR,NO SOLUTION,,,0.0063,,,,,,,,,,,,,,,
Instances/Instances 2/ch150_04.gt,149,20.0,86400.0,LINEAR,NO SOLUTION,,,0.0065,,,,,,,,,,,,,,,
Instances/Instances 2/ch150_05.gt,149,20.0,86400.0,LINEAR,NO SOLUTION,,,0.0062,,,,,,,,,,,,,,,
Instances/Instances 2/ch150_06.gt,149,20.0,86400.0,LINEAR,NO SOLUTION,,,0.0062,,,,,,,,,,,,,,,
Instances/Instances 2/ch150_07.gt,149,20.0,86400.0,LINEAR,NO SOLUTION,,,0.0062,,,,,,,,,,,,,,,
Instances/Instances 2/ch150_08.gt,149,20.0,86400.0,LINEAR,NO SOLUTION,,,0.0074,,,,,,,,,,,,,,,
Instances/Instances 2/ch150_09.gt,149,20.0,86400.0,LINEAR,NO SOLUTION,,,0.0069,,,,,,,,,,,,,,,
Instances/Instances 2/ch150_10.gt,149,20.0,86400.0,LINEAR,NO SOLUTION,,,0.0069,,,,,,,,,,,,,,,
Instances/Instances 2/ch71009_01.gt,71008,20.0,86400.0,LINEAR,NO SOLUTION,,,0.0534,,,,,,,,,,,,,,,
Instances/Instances 2/ch71009_02.gt,71008,20.0,86400.0,LINEAR,NO SOLUTION,,,0.0555,,,,,,,,,,,,,,,
Instances/Instances 2/ch71009_03.gt,71008,20.0,86400.0,LINEAR,NO SOLUTION,,,0.0556,,,,,,,,,,,,,,,
Instances/Instances 2/ch71009_04.gt,71008,20.0,86400.0,LINEAR,NO SOLUTION,,,0.0552,,,,,,,,,,,,,,,
Instances/Instances 2/ch71009_05.gt,71008,20.0,86400.0,LINEAR,NO SOLUTION,,,0.0538,,,,,,,,,,,,,,,
Instances/Instances 2/ch71009_06.gt,71008,20.0,86400.0,LINEAR,NO SOLUTION,,,0.0589,,,,,,,,,,,,,,,
Instances/Instances 2/ch71009_07.gt,71008,20.0,86400.0,LINEAR,NO SOLUTION,,,0.0554,,,,,,,,,,,,,,,
Instances/Instances 2/ch71009_08.gt,71008,20.0,86400.0,LINEAR,NO SOLUTION,,,0.0567,,,,,,,,,,,,,,,
Instances/Instances 2/ch71009_09.gt,71008,20.0,86400.0,LINEAR,NO SOLUTION,,,0.0555,,,,,,,,,,,,,,,
Instances/Instances 2/ch71009_10.gt,71008,20.0,86400.0,LINEAR,NO SOLUTION,,,0.0579,,,,,,,,,,,,,,,
Instances/Instances 2/d1291_01.gt,1290,20.0,86400.0,LINEAR,NO SOLUTION,,,0.0087,,,,,,,,,,,,,,,
Instances/Instances 2/d1291_02.gt,1290,20.0,86400.0,LINEAR,NO SOLUTION,,,0.0069,,,,,,,,,,,,,,,
Instances/Instances 2/d1291_03.gt,1290,20.0,86400.0,LINEAR,NO SOLUTION,,,0.0068,,,,,,,,,,,,,,,
Instances/Instances 2/d1291_04.gt,1290,20.0,86400.0,LINEAR,NO SOLUTION,,,0.0066,,,,,,,,,,,,,,,
Instances/Instances 2/d1291_05.gt,1290,20.0,86400.0,LINEAR,NO SOLUTION,,,0.0066,,,,,,,,,,,,,,,
Instances/Instances 2/d1291_06.gt,1290,20.0,86400.0,LINEAR,NO SOLUTION,,,0.0074,,,,,,,,,,,,,,,
Instances/Instances 2/d1291_07.gt,1290,20.0,86400.0,LINEAR,NO SOLUTION,,,0.0073,,,,,,,,,,,,,,,
Instances/Instances 2/d1291_08.gt,1290,20.0,86400.0,LINEAR,NO SOLUTION,,,0.0072,,,,,,,,,,,,,,,
Instances/Instances 2/d1291_09.gt,1290,20.0,86400.0,LINEAR,NO SOLUTION,,,0.0073,,,,,,,,,,,,,,,
Instances/Instances 2/d1291_10.gt,1290,20.0,86400.0,LINEAR,NO SOLUTION,,,0.007,,,,,,,,,,,,,,,
Instances/Instances 2/d15112_01.gt,15111,20.0,86400.0,LINEAR,NO SOLUTION,,,0.0165,,,,,,,,,,,,,,,
Instances/Instances 2/d15112_02.gt,15111,20.0,86400.0,LINEAR,NO SOLUTION,,,0.0169,,,,,,,,,,,,,,,
Instances/Instances 2/d15112_03.gt,15111,20.0,86400.0,LINEAR,NO SOLUTION,,,0.0177,,,,,,,,,,,,,,,
Instances/Instances 2/d15112_04.gt,15111,20.0,86400.0,LINEAR,NO SOLUTION,,,0.0201,,,,,,,,,,,,,,,
Instances/Instances 2/d15112_05.gt,15111,20.0,86400.0,LINEAR,NO SOLUTION,,,0.0179,,,,,,,,,,,,,,,
Instances/Instances 2/d15112_06.gt,15111,20.0,86400.0,LINEAR,NO SOLUTION,,,0.0159,,,,,,,,,,,,,,,
Instances/Instances 2/d15112_07.gt,15111,20.0,86400.0,LINEAR,NO SOLUTION,,,0.016,,,,,,,,,,,,,,,
Instances/Instances 2/d15112_08.gt,15111,20.0,86400.0,LINEAR,NO SOLUTION,,,0.0163,,,,,,,,,,,,,,,
Instances/Instances 2/d15112_09.gt,15111,20.0,86400.0,LINEAR,NO SOLUTION,,,0.0179,,,,,,,,,,,,,,,
Instances/Instances 2/d15112_10.gt,15111,20.0,86400.0,LINEAR,NO SOLUTION,,,0.0167,,,,,,,,,,,,,,,
Instances/Instances 2/d1655_01.gt,1654,20.0,86400.0,LINEAR,NO SOLUTION,,,0.0075,,,,,,,,,,,,,,,
Instances/Instances 2/d1655_02.gt,1654,20.0,86400.0,LINEAR,NO SOLUTION,,,0.0073,,,,,,,,,,,,,,,
Instances/Instances 2/d1655_03.gt,1654,20.0,86400.0,LINEAR,NO SOLUTION,,,0.0068,,,,,,,,,,,,,,,
Instances/Instances 2/d1655_04.gt,1654,20.0,86400.0,LINEAR,NO SOLUTION,,,0.0075,,,,,,,,,,,,,,,
Instances/Instances 2/d1655_05.gt,1654,20.0,86400.0,LINEAR,NO SOLUTION,,,0.0074,,,,,,,,,,,,,,,
Instances/Instances 2/d1655_06.gt,1654,20.0,86400.0,LINEAR,NO SOLUTION,,,0.0074,,,,,,,,,,,,,,,
Instances/Instances 2/d1655_07.gt,1654,20.0,86400.0,LINEAR,NO SOLUTION,,,0.0073,,,,,,,,,,,,,,,
Instances/Instances 2/d1655_08.gt,1654,20.0,86400.0,LINEAR,NO SOLUTION,,,0.0074,,,,,,,,,,,,,,,
Instances/Instances 2/d1655_09.gt,1654,20.0,86400.0,LINEAR,NO SOLUTION,,,0.0073,,,,,,,,,,,,,,,
Instances/Instances 2/d1655_10.gt,1654,20.0,86400.0,LINEAR,NO SOLUTION,,,0.0076,,,,,,,,,,,,,,,
Instances/Instances 2/d18512_01.gt,18511,20.0,86400.0,LINEAR,NO SOLUTION,,,0.0186,,,,,,,,,,,,,,,
Instances/Instances 2/d18512_02.gt,18511,20.0,86400.0,LINEAR,NO SOLUTION,,,0.0193,,,,,,,,,,,,,,,
Instances/Instances 2/d18512_03.gt,18511,20.0,86400.0,LINEAR,NO SOLUTION,,,0.0231,,,,,,,,,,,,,,,
Instances/Instances 2/d18512_04.gt,18511,20.0,86400.0,LINEAR,NO SOLUTION,,,0.0179,,,,,,,,,,,,,,,
Instances/Instances 2/d18512_05.gt,18511,20.0,86400.0,LINEAR,NO SOLUTION,,,0.0169,,,,,,,,,,,,,,,
Instances/Instances 2/d18512_06.gt,18511,20.0,86400.0,LINEAR,NO SOLUTION,,,0.0195,,,,,,,,,,,,,,,
Instances/Instances 2/d18512_07.gt,18511,20.0,86400.0,LINEAR,NO SOLUTION,,,0.0215,,,,,,,,,,,,,,,
Instances/Instances 2/d18512_08.gt,18511,20.0,86400.0,LINEAR,NO SOLUTION,,,0.0202,,,,,,,,,,,,,,,
Instances/Instances 2/d18512_09.gt,18511,20.0,86400.0,LINEAR,NO SOLUTION,,,0.0204,,,,,,,,,,,,,,,
Instances/Instances 2/d18512_10.gt,18511,20.0,86400.0,LINEAR,NO SOLUTION,,,0.0216,,,,,,,,,,,,,,,
Instances/Instances 2/d198_01.gt,197,20.0,86400.0,LINEAR,NO SOLUTION,,,0.0062,,,,,,,,,,,,,,,
Instances/Instances 2/d198_02.gt,197,20.0,86400.0,LINEAR,NO SOLUTION,,,0.0062,,,,,,,,,,,,,,,
Instances/Instances 2/d198_03.gt,197,20.0,86400.0,LINEAR,NO SOLUTION,,,0.0059,,,,,,,,,,,,,,,
Instances/Instances 2/d198_04.gt,197,20.0,86400.0,LINEAR,NO SOLUTION,,,0.0066,,,,,,,,,,,,,,,
Instances/Instances 2/d198_05.gt,197,20.0,86400.0,LINEAR,NO SOLUTION,,,0.0065,,,,,,,,,,,,,,,
Instances/Instances 2/d198_06.gt,197,20.0,86400.0,LINEAR,NO SOLUTION,,,0.0061,,,,,,,,,,,,,,,
Instances/Instances 2/d198_07.gt,197,20.0,86400.0,LINEAR,NO SOLUTION,,,0.0058,,,,,,,,,,,,,,,
Instances/Instances 2/d198_08.gt,197,20.0,86400.0,LINEAR,NO SOLUTION,,,0.0062,,,,,,,,,,,,,,,
Instances/Instances 2/d198_09.gt,197,20.0,86400.0,LINEAR,NO SOLUTION,,,0.0059,,,,,,,,,,,,,,,
Instances/Instances 2/d198_10.gt,197,20.0,86400.0,LINEAR,NO SOLUTION,,,0.0061,,,,,,,,,,,,,,,
Instances/Instances 2/d2103_01.gt,2102,20.0,86400.0,LINEAR,NO SOLUTION,,,0.0079,,,,,,,,,,,,,,,
Instances/Instances 2/d2103_02.gt,2102,20.0,86400.0,LINEAR,NO SOLUTION,,,0.0065,,,,,,,,,,,,,,,
Instances/Instances 2/d2103_03.gt,2102,20.0,86400.0,LINEAR,NO SOLUTION,,,0.0077,,,,,,,,,,,,,,,
Instances/Instances 2/d2103_04.gt,2102,20.0,86400.0,LINEAR,NO SOLUTION,,,0.0062,,,,,,,,,,,,,,,
Instances/Instances 2/d2103_05.gt,2102,20.0,86400.0,LINEAR,NO SOLUTION,,,0.0075,,,,,,,,,,,,,,,
Instances/Instances 2/d2103_06.gt,2102,20.0,86400.0,LINEAR,NO SOLUTION,,,0.0086,,,,,,,,,,,,,,,
Instances/Instances 2/d2103_07.gt,2102,20.0,86400.0,LINEAR,NO SOLUTION,,,0.0076,,,,,,,,,,,,,,,
Instances/Instances 2/d2103_08.gt,2102,20.0,86400.0,LINEAR,NO SOLUTION,,,0.0066,,,,,,,,,,,,,,,
Instances/Instances 2/d2103_09.gt,2102,20.0,86400.0,LINEAR,NO SOLUTION,,,0.0071,,,,,,,,,,,,,,,
Instances/Instances 2/d2103_10.gt,2102,20.0,86400.0,LINEAR,NO SOLUTION,,,0.0076,,,,,,,,,,,,,,,
Instances/Instances 2/d493_01.gt,492,20.0,86400.0,LINEAR,NO SOLUTION,,,0.0061,,,,,,,,,,,,,,,
Instances/Instances 2/d493_02.gt,492,20.0,86400.0,LINEAR,NO SOLUTION,,,0.0063,,,,,,,,,,,,,,,
Instances/Instances 2/d493_03.gt,492,20.0,86400.0,LINEAR,NO SOLUTION,,,0.006,,,,,,,,,,,,,,,
Instances/Instances 2/d493_04.gt,492,20.0,86400.0,LINEAR,NO SOLUTION,,,0.0062,,,,,,,,,,,,,,,
Instances/Instances 2/d493_05.gt,492,20.0,86400.0,LINEAR,NO SOLUTION,,,0.0065,,,,,,,,,,,,,,,
Instances/Instances 2/d493_06.gt,492,20.0,86400.0,LINEAR,NO SOLUTION,,,0.0059,,,,,,,,,,,,,,,
Instances/Instances 2/d493_07.gt,492,20.0,86400.0,LINEAR,NO SOLUTION,,,0.0072,,,,,,,,,,,,,,,
Instances/Instances 2/d493_08.gt,492,20.0,86400.0,LINEAR,NO SOLUTION,,,0.0066,,,,,,,,,,,,,,,
Instances/Instances 2/d493_09.gt,492,20.0,86400.0,LINEAR,NO SOLUTION,,,0.0073,,,,,,,,,,,,,,,
Instances/Instances 2/d493_10.gt,492,20.0,86400.0,LINEAR,NO SOLUTION,,,0.0072,,,,,,,,,,,,,,,
Instances/Instances 2/d657_01.gt,656,20.0,86400.0,LINEAR,NO SOLUTION,,,0.0063,,,,,,,,,,,,,,,
Instances/Instances 2/d657_02.gt,656,20.0,86400.0,LINEAR,NO SOLUTION,,,0.0066,,,,,,,,,,,,,,,
Instances/Instances 2/d657_03.gt,656,20.0,86400.0,LINEAR,NO SOLUTION,,,0.0065,,,,,,,,,,,,,,,
Instances/Instances 2/d657_04.gt,656,20.0,86400.0,LINEAR,NO SOLUTION,,,0.0076,,,,,,,,,,,,,,,
Instances/Instances 2/d657_05.gt,656,20.0,86400.0,LINEAR,NO SOLUTION,,,0.0067,,,,,,,,,,,,,,,
Instances/Instances 2/d657_06.gt,656,20.0,86400.0,LINEAR,NO SOLUTION,,,0.0064,,,,,,,,,,,,,,,
Instances/Instances 2/d657_07.gt,656,20.0,86400.0,LINEAR,NO SOLUTION,,,0.0064,,,,,,,,,,,,,,,
Instances/Instances 2/d657_08.gt,656,20.0,86400.0,LINEAR,NO SOLUTION,,,0.0064,,,,,,,,,,,,,,,
Instances/Instances 2/d657_09.gt,656,20.0,86400.0,LINEAR,NO SOLUTION,,,0.0061,,,,,,,,,,,,,,,
Instances/Instances 2/d657_10.gt,656,20.0,86400.0,LINEAR,NO SOLUTION,,,0.0075,,,,,,,,,,,,,,,
Instances/Instances 2/dj38_01.gt,37,20.0,86400.0,LINEAR,NO SOLUTION,,,0.0065,,,,,,,,,,,,,,,
Instances/Instances 2/dj38_02.gt,37,20.0,86400.0,LINEAR,NO SOLUTION,,,0.0065,,,,,,,,,,,,,,,
Instances/Instances 2/dj38_03.gt,37,20.0,86400.0,LINEAR,NO SOLUTION,,,0.006,,,,,,,,,,,,,,,
Instances/Instances 2/dj38_04.gt,37,20.0,86400.0,LINEAR,NO SOLUTION,,,0.0061,,,,,,,,,,,,,,,
Instances/Instances 2/dj38_05.gt,37,20.0,86400.0,LINEAR,NO SOLUTION,,,0.006,,,,,,,,,,,,,,,
Instances/Instances 2/dj38_06.gt,37,20.0,86400.0,LINEAR,NO SOLUTION,,,0.0061,,,,,,,,,,,,,,,
Instances/Instances 2/dj38_07.gt,37,20.0,86400.0,LINEAR,NO SOLUTION,,,0.0061,,,,,,,,,,,,,,,
Instances/Instances 2/dj38_08.gt,37,20.0,86400.0,LINEAR,NO SOLUTION,,,0.0058,,,,,,,,,,,,,,,
Instances/Instances 2/dj38_09.gt,37,20.0,86400.0,LINEAR,NO SOLUTION,,,0.0066,,,,,,,,,,,,,,,
Instances/Instances 2/dj38_10.gt,37,20.0,86400.0,LINEAR,NO SOLUTION,,,0.0066,,,,,,,,,,,,,,,
Instances/Instances 2/eg7146_01.gt,7145,20.0,86400.0,LINEAR,NO SOLUTION,,,0.0133,,,,,,,,,,,,,,,
Instances/Instances 2/eg7146_02.gt,7145,20.0,86400.0,LINEAR,NO SOLUTION,,,0.0131,,,,,,,,,,,,,,,
Instances/Instances 2/eg7146_03.gt,7145,20.0,86400.0,LINEAR,NO SOLUTION,,,0.012,,,,,,,,,,,,,,,
Instances/Instances 2/eg7146_04.gt,7145,20.0,86400.0,LINEAR,NO SOLUTION,,,0.0114,,,,,,,,,,,,,,,
Instances/Instances 2/eg7146_05.gt,7145,20.0,86400.0,LINEAR,NO SOLUTION,,,0.0103,,,,,,,,,,,,,,,
Instances/Instances 2/eg7146_06.gt,7145,20.0,86400.0,LINEAR,NO SOLUTION,,,0.0098,,,,,,,,,,,,,,,
Instances/Instances 2/eg7146_07.gt,7145,20.0,86400.0,LINEAR,NO SOLUTION,,,0.0108,,,,,,,,,,,,,,,
Instances/Instances 2/eg7146_08.gt,7145,20.0,86400.0,LINEAR,NO SOLUTION,,,0.0109,,,,,,,,,,,,,,,
Instances/Instances 2/eg7146_09.gt,7145,20.0,86400.0,LINEAR,NO SOLUTION,,,0.011,,,,,,,,,,,,,,,
Instances/Instances 2/eg7146_10.gt,7145,20.0,86400.0,LINEAR,NO SOLUTION,,,0.0117,,,,,,,,,,,,,,,
Instances/Instances 2/ei8246_01.gt,8245,20.0,86400.0,LINEAR,NO SOLUTION,,,0.0121,,,,,,,,,,,,,,,
Instances/Instances 2/ei8246_02.gt,8245,20.0,86400.0,LINEAR,NO SOLUTION,,,0.0116,,,,,,,,,,,,,,,
Instances/Instances 2/ei8246_03.gt,8245,20.0,86400.0,LINEAR,NO SOLUTION,,,0.0114,,,,,,,,,,,,,,,
Instances/Instances 2/ei8246_04.gt,8245,20.0,86400.0,LINEAR,NO SOLUTION,,,0.0109,,,,,,,,,,,,,,,
Instances/Instances 2/ei8246_05.gt,8245,20.0,86400.0,LINEAR,NO SOLUTION,,,0.0114,,,,,,,,,,,,,,,
Instances/Instances 2/ei8246_06.gt,8245,20.0,86400.0,LINEAR,NO SOLUTION,,,0.0126,,,,,,,,,,,,,,,
Instances/Instances 2/ei8246_07.gt,8245,20.0,86400.0,LINEAR,NO SOLUTION,,,0.0119,,,,,,,,,,,,,,,
Instances/Instances 2/ei8246_08.gt,8245,20.0,86400.0,LINEAR,NO SOLUTION,,,0.0115,,,,,,,,,,,,,,,
Instances/Instances 2/ei8246_09.gt,8245,20.0,86400.0,LINEAR,NO SOLUTION,,,0.0118,,,,,,,,,,,,,,,
Instances/Instances 2/ei8246_10.gt,8245,20.0,86400.0,LINEAR,NO SOLUTION,,,0.0115,,,,,,,,,,,,,,,
Instances/Instances 2/eil101_01.gt,100,20.0,86400.0,LINEAR,NO SOLUTION,,,0.0067,,,,,,,,,,,,,,,
Instances/Instances 2/eil101_02.gt,100,20.0,86400.0,LINEAR,NO SOLUTION,,,0.0061,,,,,,,,,,,,,,,
Instances/Instances 2/eil101_03.gt,100,20.0,86400.0,LINEAR,NO SOLUTION,,,0.0063,,,,,,,,,,,,,,,
Instances/Instances 2/eil101_04.gt,100,20.0,86400.0,LINEAR,NO SOLUTION,,,0.0063,,,,,,,,,,,,,,,
Instances/Instances 2/eil101_05.gt,100,20.0,86400.0,LINEAR,NO SOLUTION,,,0.0066,,,,,,,,,,,,,,,
Instances/Instances 2/eil101_06.gt,100,20.0,86400.0,LINEAR,NO SOLUTION,,,0.0049,,,,,,,,,,,,,,,
Instances/Instances 2/eil101_07.gt,100,20.0,86400.0,LINEAR,NO SOLUTION,,,0.0064,,,,,,,,,,,,,,,
Instances/Instances 2/eil101_08.gt,100,20.0,86400.0,LINEAR,NO SOLUTION,,,0.0064,,,,,,,,,,,,,,,
Instances/Instances 2/eil101_09.gt,100,20.0,86400.0,LINEAR,NO SOLUTION,,,0.0046,,,,,,,,,,,,,,,
Instances/Instances 2/eil101_10.gt,100,20.0,86400.0,LINEAR,NO SOLUTION,,,0.0064,,,,,,,,,,,,,,,
Instances/Instances 2/eil51_01.gt,50,20.0,86400.0,LINEAR,NO SOLUTION,,,0.0064,,,,,,,,,,,,,,,
Instances/Instances 2/eil51_02.gt,50,20.0,86400.0,LINEAR,NO SOLUTION,,,0.0067,,,,,,,,,,,,,,,
Instances/Instances 2/eil51_03.gt,50,20.0,86400.0,LINEAR,NO SOLUTION,,,0.006,,,,,,,,,,,,,,,
Instances/Instances 2/eil51_04.gt,50,20.0,86400.0,LINEAR,NO SOLUTION,,,0.0062,,,,,,,,,,,,,,,
Instances/Instances 2/eil51_05.gt,50,20.0,86400.0,LINEAR,NO SOLUTION,,,0.0061,,,,,,,,,,,,,,,
Instances/Instances 2/eil51_06.gt,50,20.0,86400.0,LINEAR,NO SOLUTION,,,0.0062,,,,,,,,,,,,,,,
Instances/Instances 2/eil51_07.gt,50,20.0,86400.0,LINEAR,NO SOLUTION,,,0.006,,,,,,,,,,,,,,,
Instances/Instances 2/eil51_08.gt,50,20.0,86400.0,LINEAR,NO SOLUTION,,,0.0067,,,,,,,,,,,,,,,
Instances/Instances 2/eil51_09.gt,50,20.0,86400.0,LINEAR,NO SOLUTION,,,0.0061,,,,,,,,,,,,,,,
Instances/Instances 2/eil51_10.gt,50,20.0,86400.0,LINEAR,NO SOLUTION,,,0.0062,,,,,,,,,,,,,,,
Instances/Instances 2/eil76_01.gt,75,20.0,86400.0,LINEAR,NO SOLUTION,,,0.006,,,,,,,,,,,,,,,
Instances/Instances 2/eil76_02.gt,75,20.0,86400.0,LINEAR,NO SOLUTION,,,0.0062,,,,,,,,,,,,,,,
Instances/Instances 2/eil76_03.gt,75,20.0,86400.0,LINEAR,NO SOLUTION,,,0.0061,,,,,,,,,,,,,,,
Instances/Instances 2/eil76_04.gt,75,20.0,86400.0,LINEAR,NO SOLUTION,,,0.0062,,,,,,,,,,,,,,,
Instances/Instances 2/eil76_05.gt,75,20.0,86400.0,LINEAR,NO SOLUTION,,,0.006,,,,,,,,,,,,,,,
Instances/Instances 2/eil76_06.gt,75,20.0,86400.0,LINEAR,NO SOLUTION,,,0.0074,,,,,,,,,,,,,,,
Instances/Instances 2/eil76_07.gt,75,20.0,86400.0,LINEAR,NO SOLUTION,,,0.0059,,,,,,,,,,,,,,,
Instances/Instances 2/eil76_08.gt,75,20.0,86400.0,LINEAR,NO SOLUTION,,,0.0063,,,,,,,,,,,,,,,
Instances/Instances 2/eil76_09.gt,75,20.0,86400.0,LINEAR,NO SOLUTION,,,0.006,,,,,,,,,,,,,,,
Instances/Instances 2/eil76_10.gt,75,20.0,86400.0,LINEAR,NO SOLUTION,,,0.0061,,,,,,,,,,,,,,,
Instances/Instances 2/fi10639_01.gt,10638,20.0,86400.0,LINEAR,NO SOLUTION,,,0.0142,,,,,,,,,,,,,,,
Instances/Instances 2/fi10639_02.gt,10638,20.0,86400.0,LINEAR,NO SOLUTION,,,0.0129,,,,,,,,,,,,,,,
Instances/Instances 2/fi10639_03.gt,10638,20.0,86400.0,LINEAR,NO SOLUTION,,,0.0137,,,,,,,,,,,,,,,
Instances/Instances 2/fi10639_04.gt,10638,20.0,86400.0,LINEAR,NO SOLUTION,,,0.0124,,,,,,,,,,,,,,,
Instances/Instances 2/fi10639_05.gt,10638,20.0,86400.0,LINEAR,NO SOLUTION,,,0.0132,,,,,,,,,,,,,,,
Instances/Instances 2/fi10639_06.gt,10638,20.0,86400.0,LINEAR,NO SOLUTION,,,0.0131,,,,,,,,,,,,,,,
Instances/Instances 2/fi10639_07.gt,10638,20.0,86400.0,LINEAR,NO SOLUTION,,,0.0126,,,,,,,,,,,,,,,
Instances/Instances 2/fi10639_08.gt,10638,20.0,86400.0,LINEAR,NO SOLUTION,,,0.0127,,,,,,,,,,,,,,,
Instances/Instances 2/fi10639_09.gt,10638,20.0,86400.0,LINEAR,NO SOLUTION,,,0.0126,,,,,,,,,,,,,,,
Instances/Instances 2/fi10639_10.gt,10638,20.0,86400.0,LINEAR,NO SOLUTION,,,0.0133,,,,,,,,,,,,,,,
Instances/Instances 2/fl1400_01.gt,1399,20.0,86400.0,LINEAR,NO SOLUTION,,,0.0069,,,,,,,,,,,,,,,
Instances/Instances 2/fl1400_02.gt,1399,20.0,86400.0,LINEAR,NO SOLUTION,,,0.007,,,,,,,,,,,,,,,
Instances/Instances 2/fl1400_03.gt,1399,20.0,86400.0,LINEAR,NO SOLUTION,,,0.0066,,,,,,,,,,,,,,,
Instances/Instances 2/fl1400_04.gt,1399,20.0,86400.0,LINEAR,NO SOLUTION,,,0.0066,,,,,,,,,,,,,,,
Instances/Instances 2/fl1400_05.gt,1399,20.0,86400.0,LINEAR,NO SOLUTION,,,0.0072,,,,,,,,,,,,,,,
Instances/Instances 2/fl1400_06.gt,1399,20.0,86400.0,LINEAR,NO SOLUTION,,,0.0076,,,,,,,,,,,,,,,
Instances/Instances 2/fl1400_07.gt,1399,20.0,86400.0,LINEAR,NO SOLUTION,,,0.007,,,,,,,,,,,,,,,
Instances/Instances 2/fl1400_08.gt,1399,20.0,86400.0,LINEAR,NO SOLUTION,,,0.0069,,,,,,,,,,,,,,,
Instances/Instances 2/fl1400_09.gt,1399,20.0,86400.0,LINEAR,NO SOLUTION,,,0.0075,,,,,,,,,,,,,,,
Instances/Instances 2/fl1400_10.gt,1399,20.0,86400.0,LINEAR,NO SOLUTION,,,0.0074,,,,,,,,,,,,,,,
Instances/Instances 2/fl1577_01.gt,1576,20.0,86400.0,LINEAR,NO SOLUTION,,,0.0068,,,,,,,,,,,,,,,
Instances/Instances 2/fl1577_02.gt,1576,20.0,86400.0,LINEAR,NO SOLUTION,,,0.0077,,,,,,,,,,,,,,,
Instances/Instances 2/fl1577_03.gt,1576,20.0,86400.0,LINEAR,NO SOLUTION,,,0.0068,,,,,,,,,,,,,,,
Instances/Instances 2/fl1577_04.gt,1576,20.0,86400.0,LINEAR,NO SOLUTION,,,0.0067,,,,,,,,,,,,,,,
Instances/Instances 2/fl1577_05.gt,1576,20.0,86400.0,LINEAR,NO SOLUTION,,,0.0068,,,,,,,,,,,,,,,
Instances/Instances 2/fl1577_06.gt,1576,20.0,86400.0,LINEAR,NO SOLUTION,,,0.0086,,,,,,,,,,,,,,,
Instances/Instances 2/fl1577_07.gt,1576,20.0,86400.0,LINEAR,NO SOLUTION,,,0.0069,,,,,,,,,,,,,,,
Instances/Instances 2/fl1577_08.gt,1576,20.0,86400.0,LINEAR,NO SOLUTION,,,0.0067,,,,,,,,,,,,,,,
Instances/Instances 2/fl1577_09.gt,1576,20.0,86400.0,LINEAR,NO SOLUTION,,,0.007,,,,,,,,,,,,,,,
Instances/Instances 2/fl1577_10.gt,1576,20.0,86400.0,LINEAR,NO SOLUTION,,,0.0067,,,,,,,,,,,,,,,
Instances/Instances 2/fl3795_01.gt,3794,20.0,86400.0,LINEAR,NO SOLUTION,,,0.0078,,,,,,,,,,,,,,,
Instances/Instances 2/fl3795_02.gt,3794,20.0,86400.0,LINEAR,NO SOLUTION,,,0.0081,,,,,,,,,,,,,,,
Instances/Instances 2/fl3795_03.gt,3794,20.0,86400.0,LINEAR,NO SOLUTION,,,0.0078,,,,,,,,,,,,,,,
Instances/Instances 2/fl3795_04.gt,3794,20.0,86400.0,LINEAR,NO SOLUTION,,,0.0088,,,,,,,,,,,,,,,
Instances/Instances 2/fl3795_05.gt,3794,20.0,86400.0,LINEAR,NO SOLUTION,,,0.0086,,,,,,,,,,,,,,,
Instances/Instances 2/fl3795_06.gt,3794,20.0,86400.0,LINEAR,NO SOLUTION,,,0.0094,,,,,,,,,,,,,,,
Instances/Instances 2/fl3795_07.gt,3794,20.0,86400.0,LINEAR,NO SOLUTION,,,0.0085,,,,,,,,,,,,,,,
Instances/Instances 2/fl3795_08.gt,3794,20.0,86400.0,LINEAR,NO SOLUTION,,,0.0081,,,,,,,,,,,,,,,
Instances/Instances 2/fl3795_09.gt,3794,20.0,86400.0,LINEAR,NO SOLUTION,,,0.0084,,,,,,,,,,,,,,,
Instances/Instances 2/fl3795_10.gt,3794,20.0,86400.0,LINEAR,NO SOLUTION,,,0.0075,,,,,,,,,,,,,,,
Instances/Instances 2/fl417_01.gt,416,20.0,86400.0,LINEAR,NO SOLUTION,,,0.0062,,,,,,,,,,,,,,,
Instances/Instances 2/fl417_02.gt,416,20.0,86400.0,LINEAR,NO SOLUTION,,,0.0067,,,,,,,,,,,,,,,
Instances/Instances 2/fl417_03.gt,416,20.0,86400.0,LINEAR,NO SOLUTION,,,0.0063,,,,,,,,,,,,,,,
Instances/Instances 2/fl417_04.gt,416,20.0,86400.0,LINEAR,NO SOLUTION,,,0.0061,,,,,,,,,,,,,,,
Instances/Instances 2/fl417_05.gt,416,20.0,86400.0,LINEAR,NO SOLUTION,,,0.0062,,,,,,,,,,,,,,,
Instances/Instances 2/fl417_06.gt,416,20.0,86400.0,LINEAR,NO SOLUTION,,,0.0064,,,,,,,,,,,,,,,
Instances/Instances 2/fl417_07.gt,416,20.0,86400.0,LINEAR,NO SOLUTION,,,0.0061,,,,,,,,,,,,,,,
Instances/Instances 2/fl417_08.gt,416,20.0,86400.0,LINEAR,NO SOLUTION,,,0.0063,,,,,,,,,,,,,,,
Instances/Instances 2/fl417_09.gt,416,20.0,86400.0,LINEAR,NO SOLUTION,,,0.0366,,,,,,,,,,,,,,,
Instances/Instances 2/fl417_10.gt,416,20.0,86400.0,LINEAR,NO SOLUTION,,,0.0055,,,,,,,,,,,,,,,
Instances/Instances 2/fnl4461_01.gt,4460,20.0,86400.0,LINEAR,NO SOLUTION,,,0.0099,,,,,,,,,,,,,,,
Instances/Instances 2/fnl4461_02.gt,4460,20.0,86400.0,LINEAR,NO SOLUTION,,,0.0091,,,,,,,,,,,,,,,
Instances/Instances 2/fnl4461_03.gt,4460,20.0,86400.0,LINEAR,NO SOLUTION,,,0.0093,,,,,,,,,,,,,,,
Instances/Instances 2/fnl4461_04.gt,4460,20.0,86400.0,LINEAR,NO SOLUTION,,,0.0085,,,,,,,,,,,,,,,
Instances/Instances 2/fnl4461_05.gt,4460,20.0,86400.0,LINEAR,NO SOLUTION,,,0.0095,,,,,,,,,,,,,,,
Instances/Instances 2/fnl4461_06.gt,4460,20.0,86400.0,LINEAR,NO SOLUTION,,,0.0086,,,,,,,,,,,,,,,
Instances/Instances 2/fnl4461_07.gt,4460,20.0,86400.0,LINEAR,NO SOLUTION,,,0.0081,,,,,,,,,,,,,,,
Instances/Instances 2/fnl4461_08.gt,4460,20.0,86400.0,LINEAR,NO SOLUTION,,,0.009,,,,,,,,,,,,,,,
Instances/Instances 2/fnl4461_09.gt,4460,20.0,86400.0,LINEAR,NO SOLUTION,,,0.0086,,,,,,,,,,,,,,,
Instances/Instances 2/fnl4461_10.gt,4460,20.0,86400.0,LINEAR,NO SOLUTION,,,0.0085,,,,,,,,,,,,,,,
Instances/Instances 2/gil262_01.gt,261,20.0,86400.0,LINEAR,NO SOLUTION,,,0.0065,,,,,,,,,,,,,,,
Instances/Instances 2/gil262_02.gt,261,20.0,86400.0,LINEAR,NO SOLUTION,,,0.0063,,,,,,,,,,,,,,,
Instances/Instances 2/gil262_03.gt,261,20.0,86400.0,LINEAR,NO SOLUTION,,,0.0062,,,,,,,,,,,,,,,
Instances/Instances 2/gil262_04.gt,261,20.0,86400.0,LINEAR,NO SOLUTION,,,0.0058,,,,,,,,,,,,,,,
Instances/Instances 2/gil262_05.gt,261,20.0,86400.0,LINEAR,NO SOLUTION,,,0.0065,,,,,,,,,,,,,,,
Instances/Instances 2/gil262_06.gt,261,20.0,86400.0,LINEAR,NO SOLUTION,,,0.0063,,,,,,,,,,,,,,,
Instances/Instances 2/gil262_07.gt,261,20.0,86400.0,LINEAR,NO SOLUTION,,,0.0061,,,,,,,,,,,,,,,
Instances/Instances 2/gil262_08.gt,261,20.0,86400.0,LINEAR,NO SOLUTION,,,0.0061,,,,,,,,,,,,,,,
Instances/Instances 2/gil262_09.gt,261,20.0,86400.0,LINEAR,NO SOLUTION,,,0.0059,,,,,,,,,,,,,,,
Instances/Instances 2/gil262_10.gt,261,20.0,86400.0,LINEAR,NO SOLUTION,,,0.0066,,,,,,,,,,,,,,,
Instances/Instances 2/gr9882_01.gt,9881,20.0,86400.0,LINEAR,NO SOLUTION,,,0.0124,,,,,,,,,,,,,,,
Instances/Instances 2/gr9882_02.gt,9881,20.0,86400.0,LINEAR,NO SOLUTION,,,0.0127,,,,,,,,,,,,,,,
Instances/Instances 2/gr9882_03.gt,9881,20.0,86400.0,LINEAR,NO SOLUTION,,,0.0127,,,,,,,,,,,,,,,
Instances/Instances 2/gr9882_04.gt,9881,20.0,86400.0,LINEAR,NO SOLUTION,,,0.0138,,,,,,,,,,,,,,,
Instances/Instances 2/gr9882_05.gt,9881,20.0,86400.0,LINEAR,NO SOLUTION,,,0.0141,,,,,,,,,,,,,,,
Instances/Instances 2/gr9882_06.gt,9881,20.0,86400.0,LINEAR,NO SOLUTION,,,0.0132,,,,,,,,,,,,,,,
Instances/Instances 2/gr9882_07.gt,9881,20.0,86400.0,LINEAR,NO SOLUTION,,,0.0115,,,,,,,,,,,,,,,
Instances/Instances 2/gr9882_08.gt,9881,20.0,86400.0,LINEAR,NO SOLUTION,,,0.0119,,,,,,,,,,,,,,,
Instances/Instances 2/gr9882_09.gt,9881,20.0,86400.0,LINEAR,NO SOLUTION,,,0.0131,,,,,,,,,,,,,,,
Instances/Instances 2/gr9882_10.gt,9881,20.0,86400.0,LINEAR,NO SOLUTION,,,0.0124,,,,,,,,,,,,,,,
Instances/Instances 2/ho14473_01.gt,14472,20.0,86400.0,LINEAR,NO SOLUTION,,,0.0162,,,,,,,,,,,,,,,
Instances/Instances 2/ho14473_02.gt,14472,20.0,86400.0,LINEAR,NO SOLUTION,,,0.015,,,,,,,,,,,,,,,
Instances/Instances 2/ho14473_03.gt,14472,20.0,86400.0,LINEAR,NO SOLUTION,,,0.0155,,,,,,,,,,,,,,,
Instances/Instances 2/ho14473_04.gt,14472,20.0,86400.0,LINEAR,NO SOLUTION,,,0.0153,,,,,,,,,,,,,,,
Instances/Instances 2/ho14473_05.gt,14472,20.0,86400.0,LINEAR,NO SOLUTION,,,0.016,,,,,,,,,,,,,,,
Instances/Instances 2/ho14473_06.gt,14472,20.0,86400.0,LINEAR,NO SOLUTION,,,0.0155,,,,,,,,,,,,,,,
Instances/Instances 2/ho14473_07.gt,14472,20.0,86400.0,LINEAR,NO SOLUTION,,,0.0148,,,,,,,,,,,,,,,
Instances/Instances 2/ho14473_08.gt,14472,20.0,86400.0,LINEAR,NO SOLUTION,,,0.0159,,,,,,,,,,,,,,,
Instances/Instances 2/ho14473_09.gt,14472,20.0,86400.0,LINEAR,NO SOLUTION,,,0.015,,,,,,,,,,,,,,,
Instances/Instances 2/ho14473_10.gt,14472,20.0,86400.0,LINEAR,NO SOLUTION,,,0.0156,,,,,,,,,,,,,,,
Instances/Instances 2/it16862_01.gt,16861,20.0,86400.0,LINEAR,NO SOLUTION,,,0.0194,,,,,,,,,,,,,,,
Instances/Instances 2/it16862_02.gt,16861,20.0,86400.0,LINEAR,NO SOLUTION,,,0.0202,,,,,,,,,,,,,,,
Instances/Instances 2/it16862_03.gt,16861,20.0,86400.0,LINEAR,NO SOLUTION,,,0.0173,,,,,,,,,,,,,,,
Instances/Instances 2/it16862_04.gt,16861,20.0,86400.0,LINEAR,NO SOLUTION,,,0.0178,,,,,,,,,,,,,,,
Instances/Instances 2/it16862_05.gt,16861,20.0,86400.0,LINEAR,NO SOLUTION,,,0.0193,,,,,,,,,,,,,,,
Instances/Instances 2/it16862_06.gt,16861,20.0,86400.0,LINEAR,NO SOLUTION,,,0.0186,,,,,,,,,,,,,,,
Instances/Instances 2/it16862_07.gt,16861,20.0,86400.0,LINEAR,NO SOLUTION,,,0.0164,,,,,,,,,,,,,,,
Instances/Instances 2/it16862_08.gt,16861,20.0,86400.0,LINEAR,NO SOLUTION,,,0.0184,,,,,,,,,,,,,,,
Instances/Instances 2/it16862_09.gt,16861,20.0,86400.0,LINEAR,NO SOLUTION,,,0.0222,,,,,,,,,,,,,,,
Instances/Instances 2/it16862_10.gt,16861,20.0,86400.0,LINEAR,NO SOLUTION,,,0.0187,,,,,,,,,,,,,,,
Instances/Instances 2/ja9847_01.gt,9846,20.0,86400.0,LINEAR,NO SOLUTION,,,0.0126,,,,,,,,,,,,,,,
Instances/Instances 2/ja9847_02.gt,9846,20.0,86400.0,LINEAR,NO SOLUTION,,,0.0126,,,,,,,,,,,,,,,
Instances/Instances 2/ja9847_03.gt,9846,20.0,86400.0,LINEAR,NO SOLUTION,,,0.0123,,,,,,,,,,,,,,,
Instances/Instances 2/ja9847_04.gt,9846,20.0,86400.0,LINEAR,NO SOLUTION,,,0.0122,,,,,,,,,,,,,,,
Instances/Instances 2/ja9847_05.gt,9846,20.0,86400.0,LINEAR,NO SOLUTION,,,0.0122,,,,,,,,,,,,,,,
Instances/Instances 2/ja9847_06.gt,9846,20.0,86400.0,LINEAR,NO SOLUTION,,,0.013,,,,,,,,,,,,,,,
Instances/Instances 2/ja9847_07.gt,9846,20.0,86400.0,LINEAR,NO SOLUTION,,,0.0136,,,,,,,,,,,,,,,
Instances/Instances 2/ja9847_08.gt,9846,20.0,86400.0,LINEAR,NO SOLUTION,,,0.0128,,,,,,,,,,,,,,,
Instances/Instances 2/ja9847_09.gt,9846,20.0,86400.0,LINEAR,NO SOLUTION,,,0.0137,,,,,,,,,,,,,,,
Instances/Instances 2/ja9847_10.gt,9846,20.0,86400.0,LINEAR,NO SOLUTION,,,0.0121,,,,,,,,,,,,,,,
Instances/Instances 2/kroA100_01.gt,99,20.0,86400.0,LINEAR,NO SOLUTION,,,0.0066,,,,,,,,,,,,,,,
Instances/Instances 2/kroA100_02.gt,99,20.0,86400.0,LINEAR,NO SOLUTION,,,0.006,,,,,,,,,,,,,,,
Instances/Instances 2/kroA100_03.gt,99,20.0,86400.0,LINEAR,NO SOLUTION,,,0.0064,,,,,,,,,,,,,,,
Instances/Instances 2/kroA100_04.gt,99,20.0,86400.0,LINEAR,NO SOLUTION,,,0.0067,,,,,,,,,,,,,,,
Instances/Instances 2/kroA100_05.gt,99,20.0,86400.0,LINEAR,NO SOLUTION,,,0.0061,,,,,,,,,,,,,,,
Instances/Instances 2/kroA100_06.gt,99,20.0,86400.0,LINEAR,NO SOLUTION,,,0.0063,,,,,,,,,,,,,,,
Instances/Instances 2/kroA100_07.gt,99,20.0,86400.0,LINEAR,NO SOLUTION,,,0.0061,,,,,,,,,,,,,,,
Instances/Instances 2/kroA100_08.gt,99,20.0,86400.0,LINEAR,NO SOLUTION,,,0.0059,,,,,,,,,,,,,,,
Instances/Instances 2/kroA100_09.gt,99,20.0,86400.0,LINEAR,NO SOLUTION,,,0.0065,,,,,,,,,,,,,,,
Instances/Instances 2/kroA100_10.gt,99,20.0,86400.0,LINEAR,NO SOLUTION,,,0.0053,,,,,,,,,,,,,,,
Instances/Instances 2/kroA150_01.gt,149,20.0,86400.0,LINEAR,NO SOLUTION,,,0.0056,,,,,,,,,,,,,,,
Instances/Instances 2/kroA150_02.gt,149,20.0,86400.0,LINEAR,NO SOLUTION,,,0.006,,,,,,,,,,,,,,,
Instances/Instances 2/kroA150_03.gt,149,20.0,86400.0,LINEAR,NO SOLUTION,,,0.0062,,,,,,,,,,,,,,,
Instances/Instances 2/kroA150_04.gt,149,20.0,86400.0,LINEAR,NO SOLUTION,,,0.0064,,,,,,,,,,,,,,,
Instances/Instances 2/kroA150_05.gt,149,20.0,86400.0,LINEAR,NO SOLUTION,,,0.006,,,,,,,,,,,,,,,
Instances/Instances 2/kroA150_06.gt,149,20.0,86400.0,LINEAR,NO SOLUTION,,,0.0065,,,,,,,,,,,,,,,
Instances/Instances 2/kroA150_07.gt,149,20.0,86400.0,LINEAR,NO SOLUTION,,,0.0059,,,,,,,,,,,,,,,
Instances/Instances 2/kroA150_08.gt,149,20.0,86400.0,LINEAR,NO SOLUTION,,,0.0063,,,,,,,,,,,,,,,
Instances/Instances 2/kroA150_09.gt,149,20.0,86400.0,LINEAR,NO SOLUTION,,,0.0064,,,,,,,,,,,,,,,
Instances/Instances 2/kroA150_10.gt,149,20.0,86400.0,LINEAR,NO SOLUTION,,,0.0064,,,,,,,,,,,,,,,
Instances/Instances 2/kroA200_01.gt,199,20.0,86400.0,LINEAR,30089.0,2,,0.0061,,,,,,,,,,,,,,,
Instances/Instances 2/kroA200_02.gt,199,20.0,86400.0,LINEAR,30089.0,2,,0.0062,,,,,,,,,,,,,,,
Instances/Instances 2/kroA200_03.gt,199,20.0,86400.0,LINEAR,30089.0,2,,0.0067,,,,,,,,,,,,,,,
Instances/Instances 2/kroA200_04.gt,199,20.0,86400.0,LINEAR,30089.0,2,,0.0064,,,,,,,,,,,,,,,
Instances/Instances 2/kroA200_05.gt,199,20.0,86400.0,LINEAR,30089.0,2,,0.0067,,,,,,,,,,,,,,,
Instances/Instances 2/kroA200_06.gt,199,20.0,86400.0,LINEAR,30089.0,2,,0.0061,,,,,,,,,,,,,,,
Instances/Instances 2/kroA200_07.gt,199,20.0,86400.0,LINEAR,30089.0,2,,0.006,,,,,,,,,,,,,,,
Instances/Instances 2/kroA200_08.gt,199,20.0,86400.0,LINEAR,30089.0,2,,0.0059,,,,,,,,,,,,,,,
Instances/Instances 2/kroA200_09.gt,199,20.0,86400.0,LINEAR,30089.0,2,,0.0064,,,,,,,,,,,,,,,
Instances/Instances 2/kroA200_10.gt,199,20.0,86400.0,LINEAR,30089.0,2,,0.0062,,,,,,,,,,,,,,,
Instances/Instances 2/kroB100_01.gt,99,20.0,86400.0,LINEAR,NO SOLUTION,,,0.0061,,,,,,,,,,,,,,,
Instances/Instances 2/kroB100_02.gt,99,20.0,86400.0,LINEAR,NO SOLUTION,,,0.0066,,,,,,,,,,,,,,,
Instances/Instances 2/kroB100_03.gt,99,20.0,86400.0,LINEAR,NO SOLUTION,,,0.0061,,,,,,,,,,,,,,,
Instances/Instances 2/kroB100_04.gt,99,20.0,86400.0,LINEAR,NO SOLUTION,,,0.0063,,,,,,,,,,,,,,,
Instances/Instances 2/kroB100_05.gt,99,20.0,86400.0,LINEAR,NO SOLUTION,,,0.0061,,,,,,,,,,,,,,,
Instances/Instances 2/kroB100_06.gt,99,20.0,86400.0,LINEAR,NO SOLUTION,,,0.0066,,,,,,,,,,,,,,,
Instances/Instances 2/kroB100_07.gt,99,20.0,86400.0,LINEAR,NO SOLUTION,,,0.0064,,,,,,,,,,,,,,,
Instances/Instances 2/kroB100_08.gt,99,20.0,86400.0,LINEAR,NO SOLUTION,,,0.0062,,,,,,,,,,,,,,,
Instances/Instances 2/kroB100_09.gt,99,20.0,86400.0,LINEAR,NO SOLUTION,,,0.0065,,,,,,,,,,,,,,,
Instances/Instances 2/kroB100_10.gt,99,20.0,86400.0,LINEAR,NO SOLUTION,,,0.0061,,,,,,,,,,,,,,,
Instances/Instances 2/kroB150_01.gt,149,20.0,86400.0,LINEAR,NO SOLUTION,,,0.0064,,,,,,,,,,,,,,,
Instances/Instances 2/kroB150_02.gt,149,20.0,86400.0,LINEAR,NO SOLUTION,,,0.0063,,,,,,,,,,,,,,,
Instances/Instances 2/kroB150_03.gt,149,20.0,86400.0,LINEAR,NO SOLUTION,,,0.0064,,,,,,,,,,,,,,,
Instances/Instances 2/kroB150_04.gt,149,20.0,86400.0,LINEAR,NO SOLUTION,,,0.006,,,,,,,,,,,,,,,
Instances/Instances 2/kroB150_05.gt,149,20.0,86400.0,LINEAR,NO SOLUTION,,,0.0068,,,,,,,,,,,,,,,
Instances/Instances 2/kroB150_06.gt,149,20.0,86400.0,LINEAR,NO SOLUTION,,,0.0062,,,,,,,,,,,,,,,
Instances/Instances 2/kroB150_07.gt,149,20.0,86400.0,LINEAR,NO SOLUTION,,,0.006,,,,,,,,,,,,,,,
Instances/Instances 2/kroB150_08.gt,149,20.0,86400.0,LINEAR,NO SOLUTION,,,0.0057,,,,,,,,,,,,,,,
Instances/Instances 2/kroB150_09.gt,149,20.0,86400.0,LINEAR,NO SOLUTION,,,0.0059,,,,,,,,,,,,,,,
Instances/Instances 2/kroB150_10.gt,149,20.0,86400.0,LINEAR,NO SOLUTION,,,0.0058,,,,,,,,,,,,,,,
Instances/Instances 2/kroB200_01.gt,199,20.0,86400.0,LINEAR,30786.0,2,,0.0063,,,,,,,,,,,,,,,
Instances/Instances 2/kroB200_02.gt,199,20.0,86400.0,LINEAR,30786.0,2,,0.006,,,,,,,,,,,,,,,
Instances/Instances 2/kroB200_03.gt,199,20.0,86400.0,LINEAR,30786.0,2,,0.0061,,,,,,,,,,,,,,,
Instances/Instances 2/kroB200_04.gt,199,20.0,86400.0,LINEAR,30786.0,2,,0.0061,,,,,,,,,,,,,,,
Instances/Instances 2/kroB200_05.gt,199,20.0,86400.0,LINEAR,30786.0,2,,0.0071,,,,,,,,,,,,,,,
Instances/Instances 2/kroB200_06.gt,199,20.0,86400.0,LINEAR,30786.0,2,,0.0063,,,,,,,,,,,,,,,
Instances/Instances 2/kroB200_07.gt,199,20.0,86400.0,LINEAR,30786.0,2,,0.0063,,,,,,,,,,,,,,,
Instances/Instances 2/kroB200_08.gt,199,20.0,86400.0,LINEAR,30786.0,2,,0.0062,,,,,,,,,,,,,,,
Instances/Instances 2/kroB200_09.gt,199,20.0,86400.0,LINEAR,30786.0,2,,0.0065,,,,,,,,,,,,,,,
Instances/Instances 2/kroB200_10.gt,199,20.0,86400.0,LINEAR,30786.0,2,,0.0062,,,,,,,,,,,,,,,
Instances/Instances 2/kroC100_01.gt,99,20.0,86400.0,LINEAR,NO SOLUTION,,,0.0055,,,,,,,,,,,,,,,
Instances/Instances 2/kroC100_02.gt,99,20.0,86400.0,LINEAR,NO SOLUTION,,,0.0058,,,,,,,,,,,,,,,
Instances/Instances 2/kroC100_03.gt,99,20.0,86400.0,LINEAR,NO SOLUTION,,,0.0053,,,,,,,,,,,,,,,
Instances/Instances 2/kroC100_04.gt,99,20.0,86400.0,LINEAR,NO SOLUTION,,,0.0062,,,,,,,,,,,,,,,
Instances/Instances 2/kroC100_05.gt,99,20.0,86400.0,LINEAR,NO SOLUTION,,,0.0058,,,,,,,,,,,,,,,
Instances/Instances 2/kroC100_06.gt,99,20.0,86400.0,LINEAR,NO SOLUTION,,,0.0066,,,,,,,,,,,,,,,
Instances/Instances 2/kroC100_07.gt,99,20.0,86400.0,LINEAR,NO SOLUTION,,,0.0068,,,,,,,,,,,,,,,
Instances/Instances 2/kroC100_08.gt,99,20.0,86400.0,LINEAR,NO SOLUTION,,,0.0075,,,,,,,,,,,,,,,
Instances/Instances 2/kroC100_09.gt,99,20.0,86400.0,LINEAR,NO SOLUTION,,,0.0061,,,,,,,,,,,,,,,
Instances/Instances 2/kroC100_10.gt,99,20.0,86400.0,LINEAR,NO SOLUTION,,,0.0069,,,,,,,,,,,,,,,
Instances/Instances 2/kroD100_01.gt,99,20.0,86400.0,LINEAR,NO SOLUTION,,,0.0061,,,,,,,,,,,,,,,
Instances/Instances 2/kroD100_02.gt,99,20.0,86400.0,LINEAR,NO SOLUTION,,,0.0059,,,,,,,,,,,,,,,
Instances/Instances 2/kroD100_03.gt,99,20.0,86400.0,LINEAR,NO SOLUTION,,,0.0064,,,,,,,,,,,,,,,
Instances/Instances 2/kroD100_04.gt,99,20.0,86400.0,LINEAR,NO SOLUTION,,,0.0059,,,,,,,,,,,,,,,
Instances/Instances 2/kroD100_05.gt,99,20.0,86400.0,LINEAR,NO SOLUTION,,,0.0064,,,,,,,,,,,,,,,
Instances/Instances 2/kroD100_06.gt,99,20.0,86400.0,LINEAR,NO SOLUTION,,,0.0055,,,,,,,,,,,,,,,
Instances/Instances 2/kroD100_07.gt,99,20.0,86400.0,LINEAR,NO SOLUTION,,,0.0061,,,,,,,,,,,,,,,
Instances/Instances 2/kroD100_08.gt,99,20.0,86400.0,LINEAR,NO SOLUTION,,,0.0057,,,,,,,,,,,,,,,
Instances/Instances 2/kroD100_09.gt,99,20.0,86400.0,LINEAR,NO SOLUTION,,,0.0062,,,,,,,,,,,,,,,
Instances/Instances 2/kroD100_10.gt,99,20.0,86400.0,LINEAR,NO SOLUTION,,,0.006,,,,,,,,,,,,,,,
Instances/Instances 2/kroE100_01.gt,99,20.0,86400.0,LINEAR,NO SOLUTION,,,0.0068,,,,,,,,,,,,,,,
Instances/Instances 2/kroE100_02.gt,99,20.0,86400.0,LINEAR,NO SOLUTION,,,0.0061,,,,,,,,,,,,,,,
Instances/Instances 2/kroE100_03.gt,99,20.0,86400.0,LINEAR,NO SOLUTION,,,0.0063,,,,,,,,,,,,,,,
Instances/Instances 2/kroE100_04.gt,99,20.0,86400.0,LINEAR,NO SOLUTION,,,0.006,,,,,,,,,,,,,,,
Instances/Instances 2/kroE100_05.gt,99,20.0,86400.0,LINEAR,NO SOLUTION,,,0.0059,,,,,,,,,,,,,,,
Instances/Instances 2/kroE100_06.gt,99,20.0,86400.0,LINEAR,NO SOLUTION,,,0.0057,,,,,,,,,,,,,,,
Instances/Instances 2/kroE100_07.gt,99,20.0,86400.0,LINEAR,NO SOLUTION,,,0.0056,,,,,,,,,,,,,,,
Instances/Instances 2/kroE100_08.gt,99,20.0,86400.0,LINEAR,NO SOLUTION,,,0.0055,,,,,,,,,,,,,,,
Instances/Instances 2/kroE100_09.gt,99,20.0,86400.0,LINEAR,NO SOLUTION,,,0.0068,,,,,,,,,,,,,,,
Instances/Instances 2/kroE100_10.gt,99,20.0,86400.0,LINEAR,NO SOLUTION,,,0.008,,,,,,,,,,,,,,,
Instances/Instances 2/kz9976_01.gt,9975,20.0,86400.0,LINEAR,NO SOLUTION,,,0.0149,,,,,,,,,,,,,,,
Instances/Instances 2/kz9976_02.gt,9975,20.0,86400.0,LINEAR,NO SOLUTION,,,0.0136,,,,,,,,,,,,,,,
Instances/Instances 2/kz9976_03.gt,9975,20.0,86400.0,LINEAR,NO SOLUTION,,,0.0124,,,,,,,,,,,,,,,
Instances/Instances 2/kz9976_04.gt,9975,20.0,86400.0,LINEAR,NO SOLUTION,,,0.0138,,,,,,,,,,,,,,,
Instances/Instances 2/kz9976_05.gt,9975,20.0,86400.0,LINEAR,NO SOLUTION,,,0.0127,,,,,,,,,,,,,,,
Instances/Instances 2/kz9976_06.gt,9975,20.0,86400.0,LINEAR,NO SOLUTION,,,0.0132,,,,,,,,,,,,,,,
Instances/Instances 2/kz9976_07.gt,9975,20.0,86400.0,LINEAR,NO SOLUTION,,,0.0132,,,,,,,,,,,,,,,
Instances/Instances 2/kz9976_08.gt,9975,20.0,86400.0,LINEAR,NO SOLUTION,,,0.0111,,,,,,,,,,,,,,,
Instances/Instances 2/kz9976_09.gt,9975,20.0,86400.0,LINEAR,NO SOLUTION,,,0.0119,,,,,,,,,,,,,,,
Instances/Instances 2/kz9976_10.gt,9975,20.0,86400.0,LINEAR,NO SOLUTION,,,0.0123,,,,,,,,,,,,,,,
Instances/Instances 2/lin105_01.gt,104,20.0,86400.0,LINEAR,NO SOLUTION,,,0.0063,,,,,,,,,,,,,,,
Instances/Instances 2/lin105_02.gt,104,20.0,86400.0,LINEAR,NO SOLUTION,,,0.0061,,,,,,,,,,,,,,,
Instances/Instances 2/lin105_03.gt,104,20.0,86400.0,LINEAR,NO SOLUTION,,,0.006,,,,,,,,,,,,,,,
Instances/Instances 2/lin105_04.gt,104,20.0,86400.0,LINEAR,NO SOLUTION,,,0.0062,,,,,,,,,,,,,,,
Instances/Instances 2/lin105_05.gt,104,20.0,86400.0,LINEAR,NO SOLUTION,,,0.0065,,,,,,,,,,,,,,,
Instances/Instances 2/lin105_06.gt,104,20.0,86400.0,LINEAR,NO SOLUTION,,,0.006,,,,,,,,,,,,,,,
Instances/Instances 2/lin105_07.gt,104,20.0,86400.0,LINEAR,NO SOLUTION,,,0.0063,,,,,,,,,,,,,,,
Instances/Instances 2/lin105_08.gt,104,20.0,86400.0,LINEAR,NO SOLUTION,,,0.006,,,,,,,,,,,,,,,
Instances/Instances 2/lin105_09.gt,104,20.0,86400.0,LINEAR,NO SOLUTION,,,0.0059,,,,,,,,,,,,,,,
Instances/Instances 2/lin105_10.gt,104,20.0,86400.0,LINEAR,NO SOLUTION,,,0.0058,,,,,,,,,,,,,,,
Instances/Instances 2/lin318_01.gt,317,20.0,86400.0,LINEAR,NO SOLUTION,,,0.0064,,,,,,,,,,,,,,,
Instances/Instances 2/lin318_02.gt,317,20.0,86400.0,LINEAR,NO SOLUTION,,,0.0062,,,,,,,,,,,,,,,
Instances/Instances 2/lin318_03.gt,317,20.0,86400.0,LINEAR,NO SOLUTION,,,0.0064,,,,,,,,,,,,,,,
Instances/Instances 2/lin318_04.gt,317,20.0,86400.0,LINEAR,NO SOLUTION,,,0.0063,,,,,,,,,,,,,,,
Instances/Instances 2/lin318_05.gt,317,20.0,86400.0,LINEAR,NO SOLUTION,,,0.0062,,,,,,,,,,,,,,,
Instances/Instances 2/lin318_06.gt,317,20.0,86400.0,LINEAR,NO SOLUTION,,,0.0061,,,,,,,,,,,,,,,
Instances/Instances 2/lin318_07.gt,317,20.0,86400.0,LINEAR,NO SOLUTION,,,0.0061,,,,,,,,,,,,,,,
Instances/Instances 2/lin318_08.gt,317,20.0,86400.0,LINEAR,NO SOLUTION,,,0.0064,,,,,,,,,,,,,,,
Instances/Instances 2/lin318_09.gt,317,20.0,86400.0,LINEAR,NO SOLUTION,,,0.0062,,,,,,,,,,,,,,,
Instances/Instances 2/lin318_10.gt,317,20.0,86400.0,LINEAR,NO SOLUTION,,,0.0062,,,,,,,,,,,,,,,
Instances/Instances 2/linhp318_01.gt,317,20.0,86400.0,LINEAR,NO SOLUTION,,,0.0062,,,,,,,,,,,,,,,
Instances/Instances 2/linhp318_02.gt,317,20.0,86400.0,LINEAR,NO SOLUTION,,,0.0065,,,,,,,,,,,,,,,
Instances/Instances 2/linhp318_03.gt,317,20.0,86400.0,LINEAR,NO SOLUTION,,,0.0066,,,,,,,,,,,,,,,
Instances/Instances 2/linhp318_04.gt,317,20.0,86400.0,LINEAR,NO SOLUTION,,,0.007,,,,,,,,,,,,,,,
Instances/Instances 2/linhp318_05.gt,317,20.0,86400.0,LINEAR,NO SOLUTION,,,0.006,,,,,,,,,,,,,,,
Instances/Instances 2/linhp318_06.gt,317,20.0,86400.0,LINEAR,NO SOLUTION,,,0.0064,,,,,,,,,,,,,,,
Instances/Instances 2/linhp318_07.gt,317,20.0,86400.0,LINEAR,NO SOLUTION,,,0.0059,,,,,,,,,,,,,,,
Instances/Instances 2/linhp318_08.gt,317,20.0,86400.0,LINEAR,NO SOLUTION,,,0.0061,,,,,,,,,,,,,,,
Instances/Instances 2/linhp318_09.gt,317,20.0,86400.0,LINEAR,NO SOLUTION,,,0.0061,,,,,,,,,,,,,,,
Instances/Instances 2/linhp318_10.gt,317,20.0,86400.0,LINEAR,NO SOLUTION,,,0.006,,,,,,,,,,,,,,,
Instances/Instances 2/lu980_01.gt,979,20.0,86400.0,LINEAR,NO SOLUTION,,,0.0064,,,,,,,,,,,,,,,
Instances/Instances 2/lu980_02.gt,979,20.0,86400.0,LINEAR,NO SOLUTION,,,0.0064,,,,,,,,,,,,,,,
Instances/Instances 2/lu980_03.gt,979,20.0,86400.0,LINEAR,NO SOLUTION,,,0.0066,,,,,,,,,,,,,,,
Instances/Instances 2/lu980_04.gt,979,20.0,86400.0,LINEAR,NO SOLUTION,,,0.0064,,,,,,,,,,,,,,,
Instances/Instances 2/lu980_05.gt,979,20.0,86400.0,LINEAR,NO SOLUTION,,,0.0066,,,,,,,,,,,,,,,
Instances/Instances 2/lu980_06.gt,979,20.0,86400.0,LINEAR,NO SOLUTION,,,0.0074,,,,,,,,,,,,,,,
Instances/Instances 2/lu980_07.gt,979,20.0,86400.0,LINEAR,NO SOLUTION,,,0.007,,,,,,,,,,,,,,,
Instances/Instances 2/lu980_08.gt,979,20.0,86400.0,LINEAR,NO SOLUTION,,,0.0061,,,,,,,,,,,,,,,
Instances/Instances 2/lu980_09.gt,979,20.0,86400.0,LINEAR,NO SOLUTION,,,0.0066,,,,,,,,,,,,,,,
Instances/Instances 2/lu980_10.gt,979,20.0,86400.0,LINEAR,NO SOLUTION,,,0.0063,,,,,,,,,,,,,,,
Instances/Instances 2/mo14185_01.gt,14184,20.0,86400.0,LINEAR,NO SOLUTION,,,0.0164,,,,,,,,,,,,,,,
Instances/Instances 2/mo14185_02.gt,14184,20.0,86400.0,LINEAR,NO SOLUTION,,,0.015,,,,,,,,,,,,,,,
Instances/Instances 2/mo14185_03.gt,14184,20.0,86400.0,LINEAR,NO SOLUTION,,,0.0169,,,,,,,,,,,,,,,
Instances/Instances 2/mo14185_04.gt,14184,20.0,86400.0,LINEAR,NO SOLUTION,,,0.0166,,,,,,,,,,,,,,,
Instances/Instances 2/mo14185_05.gt,14184,20.0,86400.0,LINEAR,NO SOLUTION,,,0.015,,,,,,,,,,,,,,,
Instances/Instances 2/mo14185_06.gt,14184,20.0,86400.0,LINEAR,NO SOLUTION,,,0.0128,,,,,,,,,,,,,,,
Instances/Instances 2/mo14185_07.gt,14184,20.0,86400.0,LINEAR,NO SOLUTION,,,0.0153,,,,,,,,,,,,,,,
Instances/Instances 2/mo14185_08.gt,14184,20.0,86400.0,LINEAR,NO SOLUTION,,,0.0149,,,,,,,,,,,,,,,
Instances/Instances 2/mo14185_09.gt,14184,20.0,86400.0,LINEAR,NO SOLUTION,,,0.0163,,,,,,,,,,,,,,,
Instances/Instances 2/mo14185_10.gt,14184,20.0,86400.0,LINEAR,NO SOLUTION,,,0.0158,,,,,,,,,,,,,,,
Instances/Instances 2/mu1979_01.gt,1978,20.0,86400.0,LINEAR,NO SOLUTION,,,0.007,,,,,,,,,,,,,,,
Instances/Instances 2/mu1979_02.gt,1978,20.0,86400.0,LINEAR,NO SOLUTION,,,0.0075,,,,,,,,,,,,,,,
Instances/Instances 2/mu1979_03.gt,1978,20.0,86400.0,LINEAR,NO SOLUTION,,,0.007,,,,,,,,,,,,,,,
Instances/Instances 2/mu1979_04.gt,1978,20.0,86400.0,LINEAR,NO SOLUTION,,,0.0073,,,,,,,,,,,,,,,
Instances/Instances 2/mu1979_05.gt,1978,20.0,86400.0,LINEAR,NO SOLUTION,,,0.0075,,,,,,,,,,,,,,,
Instances/Instances 2/mu1979_06.gt,1978,20.0,86400.0,LINEAR,NO SOLUTION,,,0.0078,,,,,,,,,,,,,,,
Instances/Instances 2/mu1979_07.gt,1978,20.0,86400.0,LINEAR,NO SOLUTION,,,0.0073,,,,,,,,,,,,,,,
Instances/Instances 2/mu1979_08.gt,1978,20.0,86400.0,LINEAR,NO SOLUTION,,,0.0078,,,,,,,,,,,,,,,
Instances/Instances 2/mu1979_09.gt,1978,20.0,86400.0,LINEAR,NO SOLUTION,,,0.0077,,,,,,,,,,,,,,,
Instances/Instances 2/mu1979_10.gt,1978,20.0,86400.0,LINEAR,NO SOLUTION,,,0.0071,,,,,,,,,,,,,,,
Instances/Instances 2/nrw1379_01.gt,1378,20.0,86400.0,LINEAR,NO SOLUTION,,,0.0066,,,,,,,,,,,,,,,
Instances/Instances 2/nrw1379_02.gt,1378,20.0,86400.0,LINEAR,NO SOLUTION,,,0.0071,,,,,,,,,,,,,,,
Instances/Instances 2/nrw1379_03.gt,1378,20.0,86400.0,LINEAR,NO SOLUTION,,,0.0065,,,,,,,,,,,,,,,
Instances/Instances 2/nrw1379_04.gt,1378,20.0,86400.0,LINEAR,NO SOLUTION,,,0.0062,,,,,,,,,,,,,,,
Instances/Instances 2/nrw1379_05.gt,1378,20.0,86400.0,LINEAR,NO SOLUTION,,,0.0071,,,,,,,,,,,,,,,
Instances/Instances 2/nrw1379_06.gt,1378,20.0,86400.0,LINEAR,NO SOLUTION,,,0.0064,,,,,,,,,,,,,,,
Instances/Instances 2/nrw1379_07.gt,1378,20.0,86400.0,LINEAR,NO SOLUTION,,,0.0071,,,,,,,,,,,,,,,
Instances/Instances 2/nrw1379_08.gt,1378,20.0,86400.0,LINEAR,NO SOLUTION,,,0.0071,,,,,,,,,,,,,,,
Instances/Instances 2/nrw1379_09.gt,1378,20.0,86400.0,LINEAR,NO SOLUTION,,,0.0072,,,,,,,,,,,,,,,
Instances/Instances 2/nrw1379_10.gt,1378,20.0,86400.0,LINEAR,NO SOLUTION,,,0.0065,,,,,,,,,,,,,,,
Instances/Instances 2/nu3496_01.gt,3495,20.0,86400.0,LINEAR,NO SOLUTION,,,0.0078,,,,,,,,,,,,,,,
Instances/Instances 2/nu3496_02.gt,3495,20.0,86400.0,LINEAR,NO SOLUTION,,,0.0088,,,,,,,,,,,,,,,
Instances/Instances 2/nu3496_03.gt,3495,20.0,86400.0,LINEAR,NO SOLUTION,,,0.0088,,,,,,,,,,,,,,,
Instances/Instances 2/nu3496_04.gt,3495,20.0,86400.0,LINEAR,NO SOLUTION,,,0.0094,,,,,,,,,,,,,,,
Instances/Instances 2/nu3496_05.gt,3495,20.0,86400.0,LINEAR,NO SOLUTION,,,0.0096,,,,,,,,,,,,,,,
Instances/Instances 2/nu3496_06.gt,3495,20.0,86400.0,LINEAR,NO SOLUTION,,,0.0088,,,,,,,,,,,,,,,
Instances/Instances 2/nu3496_07.gt,3495,20.0,86400.0,LINEAR,NO SOLUTION,,,0.0086,,,,,,,,,,,,,,,
Instances/Instances 2/nu3496_08.gt,3495,20.0,86400.0,LINEAR,NO SOLUTION,,,0.0082,,,,,,,,,,,,,,,
Instances/Instances 2/nu3496_09.gt,3495,20.0,86400.0,LINEAR,NO SOLUTION,,,0.0084,,,,,,,,,,,,,,,
Instances/Instances 2/nu3496_10.gt,3495,20.0,86400.0,LINEAR,NO SOLUTION,,,0.0082,,,,,,,,,,,,,,,
Instances/Instances 2/p654_01.gt,653,20.0,86400.0,LINEAR,NO SOLUTION,,,0.0066,,,,,,,,,,,,,,,
Instances/Instances 2/p654_02.gt,653,20.0,86400.0,LINEAR,NO SOLUTION,,,0.0068,,,,,,,,,,,,,,,
Instances/Instances 2/p654_03.gt,653,20.0,86400.0,LINEAR,NO SOLUTION,,,0.0063,,,,,,,,,,,,,,,
Instances/Instances 2/p654_04.gt,653,20.0,86400.0,LINEAR,NO SOLUTION,,,0.0061,,,,,,,,,,,,,,,
Instances/Instances 2/p654_05.gt,653,20.0,86400.0,LINEAR,NO SOLUTION,,,0.0064,,,,,,,,,,,,,,,
Instances/Instances 2/p654_06.gt,653,20.0,86400.0,LINEAR,NO SOLUTION,,,0.0062,,,,,,,,,,,,,,,
Instances/Instances 2/p654_07.gt,653,20.0,86400.0,LINEAR,NO SOLUTION,,,0.0065,,,,,,,,,,,,,,,
Instances/Instances 2/p654_08.gt,653,20.0,86400.0,LINEAR,NO SOLUTION,,,0.0065,,,,,,,,,,,,,,,
Instances/Instances 2/p654_09.gt,653,20.0,86400.0,LINEAR,NO SOLUTION,,,0.0068,,,,,,,,,,,,,,,
Instances/Instances 2/p654_10.gt,653,20.0,86400.0,LINEAR,NO SOLUTION,,,0.0071,,,,,,,,,,,,,,,
Instances/Instances 2/pcb1173_01.gt,1172,20.0,86400.0,LINEAR,NO SOLUTION,,,0.0073,,,,,,,,,,,,,,,
Instances/Instances 2/pcb1173_02.gt,1172,20.0,86400.0,LINEAR,NO SOLUTION,,,0.0066,,,,,,,,,,,,,,,
Instances/Instances 2/pcb1173_03.gt,1172,20.0,86400.0,LINEAR,NO SOLUTION,,,0.0075,,,,,,,,,,,,,,,
Instances/Instances 2/pcb1173_04.gt,1172,20.0,86400.0,LINEAR,NO SOLUTION,,,0.0067,,,,,,,,,,,,,,,
Instances/Instances 2/pcb1173_05.gt,1172,20.0,86400.0,LINEAR,NO SOLUTION,,,0.0068,,,,,,,,,,,,,,,
Instances/Instances 2/pcb1173_06.gt,1172,20.0,86400.0,LINEAR,NO SOLUTION,,,0.007,,,,,,,,,,,,,,,
Instances/Instances 2/pcb1173_07.gt,1172,20.0,86400.0,LINEAR,NO SOLUTION,,,0.0074,,,,,,,,,,,,,,,
Instances/Instances 2/pcb1173_08.gt,1172,20.0,86400.0,LINEAR,NO SOLUTION,,,0.0077,,,,,,,,,,,,,,,
Instances/Instances 2/pcb1173_09.gt,1172,20.0,86400.0,LINEAR,NO SOLUTION,,,0.0071,,,,,,,,,,,,,,,
Instances/Instances 2/pcb1173_10.gt,1172,20.0,86400.0,LINEAR,NO SOLUTION,,,0.0064,,,,,,,,,,,,,,,
Instances/Instances 2/pcb3038_01.gt,3037,20.0,86400.0,LINEAR,NO SOLUTION,,,0.0081,,,,,,,,,,,,,,,
Instances/Instances 2/pcb3038_02.gt,3037,20.0,86400.0,LINEAR,NO SOLUTION,,,0.0081,,,,,,,,,,,,,,,
Instances/Instances 2/pcb3038_03.gt,3037,20.0,86400.0,LINEAR,NO SOLUTION,,,0.0078,,,,,,,,,,,,,,,
Instances/Instances 2/pcb3038_04.gt,3037,20.0,86400.0,LINEAR,NO SOLUTION,,,0.0079,,,,,,,,,,,,,,,
Instances/Instances 2/pcb3038_05.gt,3037,20.0,86400.0,LINEAR,NO SOLUTION,,,0.0078,,,,,,,,,,,,,,,
Instances/Instances 2/pcb3038_06.gt,3037,20.0,86400.0,LINEAR,NO SOLUTION,,,0.0081,,,,,,,,,,,,,,,
Instances/Instances 2/pcb3038_07.gt,3037,20.0,86400.0,LINEAR,NO SOLUTION,,,0.0087,,,,,,,,,,,,,,,
Instances/Instances 2/pcb3038_08.gt,3037,20.0,86400.0,LINEAR,NO SOLUTION,,,0.0086,,,,,,,,,,,,,,,
Instances/Instances 2/pcb3038_09.gt,3037,20.0,86400.0,LINEAR,NO SOLUTION,,,0.0079,,,,,,,,,,,,,,,
Instances/Instances 2/pcb3038_10.gt,3037,20.0,86400.0,LINEAR,NO SOLUTION,,,0.0092,,,,,,,,,,,,,,,
Instances/Instances 2/pcb442_01.gt,441,20.0,86400.0,LINEAR,NO SOLUTION,,,0.0063,,,,,,,,,,,,,,,
Instances/Instances 2/pcb442_02.gt,441,20.0,86400.0,LINEAR,NO SOLUTION,,,0.0064,,,,,,,,,,,,,,,
Instances/Instances 2/pcb442_03.gt,441,20.0,86400.0,LINEAR,NO SOLUTION,,,0.0063,,,,,,,,,,,,,,,
Instances/Instances 2/pcb442_04.gt,441,20.0,86400.0,LINEAR,NO SOLUTION,,,0.0065,,,,,,,,,,,,,,,
Instances/Instances 2/pcb442_05.gt,441,20.0,86400.0,LINEAR,NO SOLUTION,,,0.0064,,,,,,,,,,,,,,,
Instances/Instances 2/pcb442_06.gt,441,20.0,86400.0,LINEAR,NO SOLUTION,,,0.0062,,,,,,,,,,,,,,,
Instances/Instances 2/pcb442_07.gt,441,20.0,86400.0,LINEAR,NO SOLUTION,,,0.006,,,,,,,,,,,,,,,
Instances/Instances 2/pcb442_08.gt,441,20.0,86400.0,LINEAR,NO SOLUTION,,,0.0061,,,,,,,,,,,,,,,
Instances/Instances 2/pcb442_09.gt,441,20.0,86400.0,LINEAR,NO SOLUTION,,,0.0056,,,,,,,,,,,,,,,
Instances/Instances 2/pcb442_10.gt,441,20.0,86400.0,LINEAR,NO SOLUTION,,,0.0058,,,,,,,,,,,,,,,
Instances/Instances 2/pm8079_01.gt,8078,20.0,86400.0,LINEAR,NO SOLUTION,,,0.011,,,,,,,,,,,,,,,
Instances/Instances 2/pm8079_02.gt,8078,20.0,86400.0,LINEAR,NO SOLUTION,,,0.0114,,,,,,,,,,,,,,,
Instances/Instances 2/pm8079_03.gt,8078,20.0,86400.0,LINEAR,NO SOLUTION,,,0.0112,,,,,,,,,,,,,,,
Instances/Instances 2/pm8079_04.gt,8078,20.0,86400.0,LINEAR,NO SOLUTION,,,0.0101,,,,,,,,,,,,,,,
Instances/Instances 2/pm8079_05.gt,8078,20.0,86400.0,LINEAR,NO SOLUTION,,,0.0105,,,,,,,,,,,,,,,
Instances/Instances 2/pm8079_06.gt,8078,20.0,86400.0,LINEAR,NO SOLUTION,,,0.0096,,,,,,,,,,,,,,,
Instances/Instances 2/pm8079_07.gt,8078,20.0,86400.0,LINEAR,NO SOLUTION,,,0.011,,,,,,,,,,,,,,,
Instances/Instances 2/pm8079_08.gt,8078,20.0,86400.0,LINEAR,NO SOLUTION,,,0.0104,,,,,,,,,,,,,,,
Instances/Instances 2/pm8079_09.gt,8078,20.0,86400.0,LINEAR,NO SOLUTION,,,0.0106,,,,,,,,,,,,,,,
Instances/Instances 2/pm8079_10.gt,8078,20.0,86400.0,LINEAR,NO SOLUTION,,,0.0127,,,,,,,,,,,,,,,
Instances/Instances 2/pr1002_01.gt,1001,20.0,86400.0,LINEAR,NO SOLUTION,,,0.0069,,,,,,,,,,,,,,,
Instances/Instances 2/pr1002_02.gt,1001,20.0,86400.0,LINEAR,NO SOLUTION,,,0.0066,,,,,,,,,,,,,,,
Instances/Instances 2/pr1002_03.gt,1001,20.0,86400.0,LINEAR,NO SOLUTION,,,0.0067,,,,,,,,,,,,,,,
Instances/Instances 2/pr1002_04.gt,1001,20.0,86400.0,LINEAR,NO SOLUTION,,,0.0066,,,,,,,,,,,,,,,
Instances/Instances 2/pr1002_05.gt,1001,20.0,86400.0,LINEAR,NO SOLUTION,,,0.0066,,,,,,,,,,,,,,,
Instances/Instances 2/pr1002_06.gt,1001,20.0,86400.0,LINEAR,NO SOLUTION,,,0.0067,,,,,,,,,,,,,,,
Instances/Instances 2/pr1002_07.gt,1001,20.0,86400.0,LINEAR,NO SOLUTION,,,0.0064,,,,,,,,,,,,,,,
Instances/Instances 2/pr1002_08.gt,1001,20.0,86400.0,LINEAR,NO SOLUTION,,,0.0065,,,,,,,,,,,,,,,
Instances/Instances 2/pr1002_09.gt,1001,20.0,86400.0,LINEAR,NO SOLUTION,,,0.0065,,,,,,,,,,,,,,,
Instances/Instances 2/pr1002_10.gt,1001,20.0,86400.0,LINEAR,NO SOLUTION,,,0.0072,,,,,,,,,,,,,,,
Instances/Instances 2/pr107_01.gt,106,20.0,86400.0,LINEAR,NO SOLUTION,,,0.0063,,,,,,,,,,,,,,,
Instances/Instances 2/pr107_02.gt,106,20.0,86400.0,LINEAR,NO SOLUTION,,,0.0062,,,,,,,,,,,,,,,
Instances/Instances 2/pr107_03.gt,106,20.0,86400.0,LINEAR,NO SOLUTION,,,0.0065,,,,,,,,,,,,,,,
Instances/Instances 2/pr107_04.gt,106,20.0,86400.0,LINEAR,NO SOLUTION,,,0.006,,,,,,,,,,,,,,,
Instances/Instances 2/pr107_05.gt,106,20.0,86400.0,LINEAR,NO SOLUTION,,,0.0061,,,,,,,,,,,,,,,
Instances/Instances 2/pr107_06.gt,106,20.0,86400.0,LINEAR,NO SOLUTION,,,0.0062,,,,,,,,,,,,,,,
Instances/Instances 2/pr107_07.gt,106,20.0,86400.0,LINEAR,NO SOLUTION,,,0.0044,,,,,,,,,,,,,,,
Instances/Instances 2/pr107_08.gt,106,20.0,86400.0,LINEAR,NO SOLUTION,,,0.0061,,,,,,,,,,,,,,,
Instances/Instances 2/pr107_09.gt,106,20.0,86400.0,LINEAR,NO SOLUTION,,,0.0062,,,,,,,,,,,,,,,
Instances/Instances 2/pr107_10.gt,106,20.0,86400.0,LINEAR,NO SOLUTION,,,0.0061,,,,,,,,,,,,,,,
Instances/Instances 2/pr124_01.gt,123,20.0,86400.0,LINEAR,NO SOLUTION,,,0.0065,,,,,,,,,,,,,,,
Instances/Instances 2/pr124_02.gt,123,20.0,86400.0,LINEAR,NO SOLUTION,,,0.0061,,,,,,,,,,,,,,,
Instances/Instances 2/pr124_03.gt,123,20.0,86400.0,LINEAR,NO SOLUTION,,,0.0063,,,,,,,,,,,,,,,
Instances/Instances 2/pr124_04.gt,123,20.0,86400.0,LINEAR,NO SOLUTION,,,0.006,,,,,,,,,,,,,,,
Instances/Instances 2/pr124_05.gt,123,20.0,86400.0,LINEAR,NO SOLUTION,,,0.0061,,,,,,,,,,,,,,,
Instances/Instances 2/pr124_06.gt,123,20.0,86400.0,LINEAR,NO SOLUTION,,,0.0057,,,,,,,,,,,,,,,
Instances/Instances 2/pr124_07.gt,123,20.0,86400.0,LINEAR,NO SOLUTION,,,0.0064,,,,,,,,,,,,,,,
Instances/Instances 2/pr124_08.gt,123,20.0,86400.0,LINEAR,NO SOLUTION,,,0.0066,,,,,,,,,,,,,,,
Instances/Instances 2/pr124_09.gt,123,20.0,86400.0,LINEAR,NO SOLUTION,,,0.0063,,,,,,,,,,,,,,,
Instances/Instances 2/pr124_10.gt,123,20.0,86400.0,LINEAR,NO SOLUTION,,,0.0064,,,,,,,,,,,,,,,
Instances/Instances 2/pr136_01.gt,135,20.0,86400.0,LINEAR,NO SOLUTION,,,0.0068,,,,,,,,,,,,,,,
Instances/Instances 2/pr136_02.gt,135,20.0,86400.0,LINEAR,NO SOLUTION,,,0.0069,,,,,,,,,,,,,,,
Instances/Instances 2/pr136_03.gt,135,20.0,86400.0,LINEAR,NO SOLUTION,,,0.0064,,,,,,,,,,,,,,,
Instances/Instances 2/pr136_04.gt,135,20.0,86400.0,LINEAR,NO SOLUTION,,,0.005,,,,,,,,,,,,,,,
Instances/Instances 2/pr136_05.gt,135,20.0,86400.0,LINEAR,NO SOLUTION,,,0.0067,,,,,,,,,,,,,,,
Instances/Instances 2/pr136_06.gt,135,20.0,86400.0,LINEAR,NO SOLUTION,,,0.0068,,,,,,,,,,,,,,,
Instances/Instances 2/pr136_07.gt,135,20.0,86400.0,LINEAR,NO SOLUTION,,,0.0059,,,,,,,,,,,,,,,
Instances/Instances 2/pr136_08.gt,135,20.0,86400.0,LINEAR,NO SOLUTION,,,0.0061,,,,,,,,,,,,,,,
Instances/Instances 2/pr136_09.gt,135,20.0,86400.0,LINEAR,NO SOLUTION,,,0.006,,,,,,,,,,,,,,,
Instances/Instances 2/pr136_10.gt,135,20.0,86400.0,LINEAR,NO SOLUTION,,,0.0058,,,,,,,,,,,,,,,
Instances/Instances 2/pr144_01.gt,143,20.0,86400.0,LINEAR,NO SOLUTION,,,0.0068,,,,,,,,,,,,,,,
Instances/Instances 2/pr144_02.gt,143,20.0,86400.0,LINEAR,NO SOLUTION,,,0.0063,,,,,,,,,,,,,,,
Instances/Instances 2/pr144_03.gt,143,20.0,86400.0,LINEAR,NO SOLUTION,,,0.0069,,,,,,,,,,,,,,,
Instances/Instances 2/pr144_04.gt,143,20.0,86400.0,LINEAR,NO SOLUTION,,,0.0068,,,,,,,,,,,,,,,
Instances/Instances 2/pr144_05.gt,143,20.0,86400.0,LINEAR,NO SOLUTION,,,0.0063,,,,,,,,,,,,,,,
Instances/Instances 2/pr144_06.gt,143,20.0,86400.0,LINEAR,NO SOLUTION,,,0.0063,,,,,,,,,,,,,,,
Instances/Instances 2/pr144_07.gt,143,20.0,86400.0,LINEAR,NO SOLUTION,,,0.0066,,,,,,,,,,,,,,,
Instances/Instances 2/pr144_08.gt,143,20.0,86400.0,LINEAR,NO SOLUTION,,,0.0071,,,,,,,,,,,,,,,
Instances/Instances 2/pr144_09.gt,143,20.0,86400.0,LINEAR,NO SOLUTION,,,0.0057,,,,,,,,,,,,,,,
Instances/Instances 2/pr144_10.gt,143,20.0,86400.0,LINEAR,NO SOLUTION,,,0.0068,,,,,,,,,,,,,,,
Instances/Instances 2/pr152_01.gt,151,20.0,86400.0,LINEAR,NO SOLUTION,,,0.0062,,,,,,,,,,,,,,,
Instances/Instances 2/pr152_02.gt,151,20.0,86400.0,LINEAR,NO SOLUTION,,,0.0062,,,,,,,,,,,,,,,
Instances/Instances 2/pr152_03.gt,151,20.0,86400.0,LINEAR,NO SOLUTION,,,0.006,,,,,,,,,,,,,,,
Instances/Instances 2/pr152_04.gt,151,20.0,86400.0,LINEAR,NO SOLUTION,,,0.0059,,,,,,,,,,,,,,,
Instances/Instances 2/pr152_05.gt,151,20.0,86400.0,LINEAR,NO SOLUTION,,,0.006,,,,,,,,,,,,,,,
Instances/Instances 2/pr152_06.gt,151,20.0,86400.0,LINEAR,NO SOLUTION,,,0.0061,,,,,,,,,,,,,,,
Instances/Instances 2/pr152_07.gt,151,20.0,86400.0,LINEAR,NO SOLUTION,,,0.0059,,,,,,,,,,,,,,,
Instances/Instances 2/pr152_08.gt,151,20.0,86400.0,LINEAR,NO SOLUTION,,,0.0061,,,,,,,,,,,,,,,
Instances/Instances 2/pr152_09.gt,151,20.0,86400.0,LINEAR,NO SOLUTION,,,0.0063,,,,,,,,,,,,,,,
Instances/Instances 2/pr152_10.gt,151,20.0,86400.0,LINEAR,NO SOLUTION,,,0.0064,,,,,,,,,,,,,,,
Instances/Instances 2/pr226_01.gt,225,20.0,86400.0,LINEAR,NO SOLUTION,,,0.0062,,,,,,,,,,,,,,,
Instances/Instances 2/pr226_02.gt,225,20.0,86400.0,LINEAR,NO SOLUTION,,,0.0062,,,,,,,,,,,,,,,
Instances/Instances 2/pr226_03.gt,225,20.0,86400.0,LINEAR,NO SOLUTION,,,0.0066,,,,,,,,,,,,,,,
Instances/Instances 2/pr226_04.gt,225,20.0,86400.0,LINEAR,NO SOLUTION,,,0.0062,,,,,,,,,,,,,,,
Instances/Instances 2/pr226_05.gt,225,20.0,86400.0,LINEAR,NO SOLUTION,,,0.0062,,,,,,,,,,,,,,,
Instances/Instances 2/pr226_06.gt,225,20.0,86400.0,LINEAR,NO SOLUTION,,,0.006,,,,,,,,,,,,,,,
Instances/Instances 2/pr226_07.gt,225,20.0,86400.0,LINEAR,NO SOLUTION,,,0.007,,,,,,,,,,,,,,,
Instances/Instances 2/pr226_08.gt,225,20.0,86400.0,LINEAR,NO SOLUTION,,,0.0064,,,,,,,,,,,,,,,
Instances/Instances 2/pr226_09.gt,225,20.0,86400.0,LINEAR,NO SOLUTION,,,0.0064,,,,,,,,,,,,,,,
Instances/Instances 2/pr226_10.gt,225,20.0,86400.0,LINEAR,NO SOLUTION,,,0.005,,,,,,,,,,,,,,,
Instances/Instances 2/pr2392_01.gt,2391,20.0,86400.0,LINEAR,NO SOLUTION,,,0.0078,,,,,,,,,,,,,,,
Instances/Instances 2/pr2392_02.gt,2391,20.0,86400.0,LINEAR,NO SOLUTION,,,0.0078,,,,,,,,,,,,,,,
Instances/Instances 2/pr2392_03.gt,2391,20.0,86400.0,LINEAR,NO SOLUTION,,,0.007,,,,,,,,,,,,,,,
Instances/Instances 2/pr2392_04.gt,2391,20.0,86400.0,LINEAR,NO SOLUTION,,,0.0079,,,,,,,,,,,,,,,
Instances/Instances 2/pr2392_05.gt,2391,20.0,86400.0,LINEAR,NO SOLUTION,,,0.0074,,,,,,,,,,,,,,,
Instances/Instances 2/pr2392_06.gt,2391,20.0,86400.0,LINEAR,NO SOLUTION,,,0.0082,,,,,,,,,,,,,,,
Instances/Instances 2/pr2392_07.gt,2391,20.0,86400.0,LINEAR,NO SOLUTION,,,0.0074,,,,,,,,,,,,,,,
Instances/Instances 2/pr2392_08.gt,2391,20.0,86400.0,LINEAR,NO SOLUTION,,,0.008,,,,,,,,,,,,,,,
Instances/Instances 2/pr2392_09.gt,2391,20.0,86400.0,LINEAR,NO SOLUTION,,,0.0074,,,,,,,,,,,,,,,
Instances/Instances 2/pr2392_10.gt,2391,20.0,86400.0,LINEAR,NO SOLUTION,,,0.0076,,,,,,,,,,,,,,,
Instances/Instances 2/pr264_01.gt,263,20.0,86400.0,LINEAR,NO SOLUTION,,,0.0064,,,,,,,,,,,,,,,
Instances/Instances 2/pr264_02.gt,263,20.0,86400.0,LINEAR,NO SOLUTION,,,0.0063,,,,,,,,,,,,,,,
Instances/Instances 2/pr264_03.gt,263,20.0,86400.0,LINEAR,NO SOLUTION,,,0.0061,,,,,,,,,,,,,,,
Instances/Instances 2/pr264_04.gt,263,20.0,86400.0,LINEAR,NO SOLUTION,,,0.0062,,,,,,,,,,,,,,,
Instances/Instances 2/pr264_05.gt,263,20.0,86400.0,LINEAR,NO SOLUTION,,,0.0059,,,,,,,,,,,,,,,
Instances/Instances 2/pr264_06.gt,263,20.0,86400.0,LINEAR,NO SOLUTION,,,0.0064,,,,,,,,,,,,,,,
Instances/Instances 2/pr264_07.gt,263,20.0,86400.0,LINEAR,NO SOLUTION,,,0.0061,,,,,,,,,,,,,,,
Instances/Instances 2/pr264_08.gt,263,20.0,86400.0,LINEAR,NO SOLUTION,,,0.0059,,,,,,,,,,,,,,,
Instances/Instances 2/pr264_09.gt,263,20.0,86400.0,LINEAR,NO SOLUTION,,,0.0062,,,,,,,,,,,,,,,
Instances/Instances 2/pr264_10.gt,263,20.0,86400.0,LINEAR,NO SOLUTION,,,0.0066,,,,,,,,,,,,,,,
Instances/Instances 2/pr299_01.gt,298,20.0,86400.0,LINEAR,NO SOLUTION,,,0.0055,,,,,,,,,,,,,,,
Instances/Instances 2/pr299_02.gt,298,20.0,86400.0,LINEAR,NO SOLUTION,,,0.0061,,,,,,,,,,,,,,,
Instances/Instances 2/pr299_03.gt,298,20.0,86400.0,LINEAR,NO SOLUTION,,,0.0059,,,,,,,,,,,,,,,
Instances/Instances 2/pr299_04.gt,298,20.0,86400.0,LINEAR,NO SOLUTION,,,0.0071,,,,,,,,,,,,,,,
Instances/Instances 2/pr299_05.gt,298,20.0,86400.0,LINEAR,NO SOLUTION,,,0.0059,,,,,,,,,,,,,,,
Instances/Instances 2/pr299_06.gt,298,20.0,86400.0,LINEAR,NO SOLUTION,,,0.0062,,,,,,,,,,,,,,,
Instances/Instances 2/pr299_07.gt,298,20.0,86400.0,LINEAR,NO SOLUTION,,,0.006,,,,,,,,,,,,,,,
Instances/Instances 2/pr299_08.gt,298,20.0,86400.0,LINEAR,NO SOLUTION,,,0.006,,,,,,,,,,,,,,,
Instances/Instances 2/pr299_09.gt,298,20.0,86400.0,LINEAR,NO SOLUTION,,,0.0058,,,,,,,,,,,,,,,
Instances/Instances 2/pr299_10.gt,298,20.0,86400.0,LINEAR,NO SOLUTION,,,0.0069,,,,,,,,,,,,,,,
Instances/Instances 2/pr439_01.gt,438,20.0,86400.0,LINEAR,NO SOLUTION,,,0.0065,,,,,,,,,,,,,,,
Instances/Instances 2/pr439_02.gt,438,20.0,86400.0,LINEAR,NO SOLUTION,,,0.0065,,,,,,,,,,,,,,,
Instances/Instances 2/pr439_03.gt,438,20.0,86400.0,LINEAR,NO SOLUTION,,,0.0065,,,,,,,,,,,,,,,
Instances/Instances 2/pr439_04.gt,438,20.0,86400.0,LINEAR,NO SOLUTION,,,0.0061,,,,,,,,,,,,,,,
Instances/Instances 2/pr439_05.gt,438,20.0,86400.0,LINEAR,NO SOLUTION,,,0.0063,,,,,,,,,,,,,,,
Instances/Instances 2/pr439_06.gt,438,20.0,86400.0,LINEAR,NO SOLUTION,,,0.0063,,,,,,,,,,,,,,,
Instances/Instances 2/pr439_07.gt,438,20.0,86400.0,LINEAR,NO SOLUTION,,,0.0063,,,,,,,,,,,,,,,
Instances/Instances 2/pr439_08.gt,438,20.0,86400.0,LINEAR,NO SOLUTION,,,0.0059,,,,,,,,,,,,,,,
Instances/Instances 2/pr439_09.gt,438,20.0,86400.0,LINEAR,NO SOLUTION,,,0.0064,,,,,,,,,,,,,,,
Instances/Instances 2/pr439_10.gt,438,20.0,86400.0,LINEAR,NO SOLUTION,,,0.0062,,,,,,,,,,,,,,,
Instances/Instances 2/pr76_01.gt,75,20.0,86400.0,LINEAR,NO SOLUTION,,,0.0069,,,,,,,,,,,,,,,
Instances/Instances 2/pr76_02.gt,75,20.0,86400.0,LINEAR,NO SOLUTION,,,0.0061,,,,,,,,,,,,,,,
Instances/Instances 2/pr76_03.gt,75,20.0,86400.0,LINEAR,NO SOLUTION,,,0.0063,,,,,,,,,,,,,,,
Instances/Instances 2/pr76_04.gt,75,20.0,86400.0,LINEAR,NO SOLUTION,,,0.0058,,,,,,,,,,,,,,,
Instances/Instances 2/pr76_05.gt,75,20.0,86400.0,LINEAR,NO SOLUTION,,,0.0063,,,,,,,,,,,,,,,
Instances/Instances 2/pr76_06.gt,75,20.0,86400.0,LINEAR,NO SOLUTION,,,0.0059,,,,,,,,,,,,,,,
Instances/Instances 2/pr76_07.gt,75,20.0,86400.0,LINEAR,NO SOLUTION,,,0.0061,,,,,,,,,,,,,,,
Instances/Instances 2/pr76_08.gt,75,20.0,86400.0,LINEAR,NO SOLUTION,,,0.006,,,,,,,,,,,,,,,
Instances/Instances 2/pr76_09.gt,75,20.0,86400.0,LINEAR,NO SOLUTION,,,0.006,,,,,,,,,,,,,,,
Instances/Instances 2/pr76_10.gt,75,20.0,86400.0,LINEAR,NO SOLUTION,,,0.0055,,,,,,,,,,,,,,,
Instances/Instances 2/qa194_01.gt,193,20.0,86400.0,LINEAR,NO SOLUTION,,,0.0063,,,,,,,,,,,,,,,
Instances/Instances 2/qa194_02.gt,193,20.0,86400.0,LINEAR,NO SOLUTION,,,0.0062,,,,,,,,,,,,,,,
Instances/Instances 2/qa194_03.gt,193,20.0,86400.0,LINEAR,NO SOLUTION,,,0.006,,,,,,,,,,,,,,,
Instances/Instances 2/qa194_04.gt,193,20.0,86400.0,LINEAR,NO SOLUTION,,,0.0066,,,,,,,,,,,,,,,
Instances/Instances 2/qa194_05.gt,193,20.0,86400.0,LINEAR,NO SOLUTION,,,0.0068,,,,,,,,,,,,,,,
Instances/Instances 2/qa194_06.gt,193,20.0,86400.0,LINEAR,NO SOLUTION,,,0.0067,,,,,,,,,,,,,,,
Instances/Instances 2/qa194_07.gt,193,20.0,86400.0,LINEAR,NO SOLUTION,,,0.0067,,,,,,,,,,,,,,,
Instances/Instances 2/qa194_08.gt,193,20.0,86400.0,LINEAR,NO SOLUTION,,,0.0066,,,,,,,,,,,,,,,
Instances/Instances 2/qa194_09.gt,193,20.0,86400.0,LINEAR,NO SOLUTION,,,0.0061,,,,,,,,,,,,,,,
Instances/Instances 2/qa194_10.gt,193,20.0,86400.0,LINEAR,NO SOLUTION,,,0.0066,,,,,,,,,,,,,,,
Instances/Instances 2/rat195_01.gt,194,20.0,86400.0,LINEAR,NO SOLUTION,,,0.0056,,,,,,,,,,,,,,,
Instances/Instances 2/rat195_02.gt,194,20.0,86400.0,LINEAR,NO SOLUTION,,,0.0059,,,,,,,,,,,,,,,
Instances/Instances 2/rat195_03.gt,194,20.0,86400.0,LINEAR,NO SOLUTION,,,0.0065,,,,,,,,,,,,,,,
Instances/Instances 2/rat195_04.gt,194,20.0,86400.0,LINEAR,NO SOLUTION,,,0.0062,,,,,,,,,,,,,,,
Instances/Instances 2/rat195_05.gt,194,20.0,86400.0,LINEAR,NO SOLUTION,,,0.0067,,,,,,,,,,,,,,,
Instances/Instances 2/rat195_06.gt,194,20.0,86400.0,LINEAR,NO SOLUTION,,,0.0059,,,,,,,,,,,,,,,
Instances/Instances 2/rat195_07.gt,194,20.0,86400.0,LINEAR,NO SOLUTION,,,0.0068,,,,,,,,,,,,,,,
Instances/Instances 2/rat195_08.gt,194,20.0,86400.0,LINEAR,NO SOLUTION,,,0.0064,,,,,,,,,,,,,,,
Instances/Instances 2/rat195_09.gt,194,20.0,86400.0,LINEAR,NO SOLUTION,,,0.0064,,,,,,,,,,,,,,,
Instances/Instances 2/rat195_10.gt,194,20.0,86400.0,LINEAR,NO SOLUTION,,,0.006,,,,,,,,,,,,,,,
Instances/Instances 2/rat575_01.gt,574,20.0,86400.0,LINEAR,NO SOLUTION,,,0.0067,,,,,,,,,,,,,,,
Instances/Instances 2/rat575_02.gt,574,20.0,86400.0,LINEAR,NO SOLUTION,,,0.0066,,,,,,,,,,,,,,,
Instances/Instances 2/rat575_03.gt,574,20.0,86400.0,LINEAR,NO SOLUTION,,,0.0066,,,,,,,,,,,,,,,
Instances/Instances 2/rat575_04.gt,574,20.0,86400.0,LINEAR,NO SOLUTION,,,0.0066,,,,,,,,,,,,,,,
Instances/Instances 2/rat575_05.gt,574,20.0,86400.0,LINEAR,NO SOLUTION,,,0.0047,,,,,,,,,,,,,,,
Instances/Instances 2/rat575_06.gt,574,20.0,86400.0,LINEAR,NO SOLUTION,,,0.0062,,,,,,,,,,,,,,,
Instances/Instances 2/rat575_07.gt,574,20.0,86400.0,LINEAR,NO SOLUTION,,,0.0063,,,,,,,,,,,,,,,
Instances/Instances 2/rat575_08.gt,574,20.0,86400.0,LINEAR,NO SOLUTION,,,0.007,,,,,,,,,,,,,,,
Instances/Instances 2/rat575_09.gt,574,20.0,86400.0,LINEAR,NO SOLUTION,,,0.0051,,,,,,,,,,,,,,,
Instances/Instances 2/rat575_10.gt,574,20.0,86400.0,LINEAR,NO SOLUTION,,,0.0064,,,,,,,,,,,,,,,
Instances/Instances 2/rat783_01.gt,782,20.0,86400.0,LINEAR,NO SOLUTION,,,0.0064,,,,,,,,,,,,,,,
Instances/Instances 2/rat783_02.gt,782,20.0,86400.0,LINEAR,NO SOLUTION,,,0.0085,,,,,,,,,,,,,,,
Instances/Instances 2/rat783_03.gt,782,20.0,86400.0,LINEAR,NO SOLUTION,,,0.007,,,,,,,,,,,,,,,
Instances/Instances 2/rat783_04.gt,782,20.0,86400.0,LINEAR,NO SOLUTION,,,0.0076,,,,,,,,,,,,,,,
Instances/Instances 2/rat783_05.gt,782,20.0,86400.0,LINEAR,NO SOLUTION,,,0.007,,,,,,,,,,,,,,,
Instances/Instances 2/rat783_06.gt,782,20.0,86400.0,LINEAR,NO SOLUTION,,,0.0057,,,,,,,,,,,,,,,
Instances/Instances 2/rat783_07.gt,782,20.0,86400.0,LINEAR,NO SOLUTION,,,0.0063,,,,,,,,,,,,,,,
Instances/Instances 2/rat783_08.gt,782,20.0,86400.0,LINEAR,NO SOLUTION,,,0.0064,,,,,,,,,,,,,,,
Instances/Instances 2/rat783_09.gt,782,20.0,86400.0,LINEAR,NO SOLUTION,,,0.0074,,,,,,,,,,,,,,,
Instances/Instances 2/rat783_10.gt,782,20.0,86400.0,LINEAR,NO SOLUTION,,,0.0066,,,,,,,,,,,,,,,
Instances/Instances 2/rat99_01.gt,98,20.0,86400.0,LINEAR,NO SOLUTION,,,0.0069,,,,,,,,,,,,,,,
Instances/Instances 2/rat99_02.gt,98,20.0,86400.0,LINEAR,NO SOLUTION,,,0.0059,,,,,,,,,,,,,,,
Instances/Instances 2/rat99_03.gt,98,20.0,86400.0,LINEAR,NO SOLUTION,,,0.0069,,,,,,,,,,,,,,,
Instances/Instances 2/rat99_04.gt,98,20.0,86400.0,LINEAR,NO SOLUTION,,,0.0065,,,,,,,,,,,,,,,
Instances/Instances 2/rat99_05.gt,98,20.0,86400.0,LINEAR,NO SOLUTION,,,0.0054,,,,,,,,,,,,,,,
Instances/Instances 2/rat99_06.gt,98,20.0,86400.0,LINEAR,NO SOLUTION,,,0.0062,,,,,,,,,,,,,,,
Instances/Instances 2/rat99_07.gt,98,20.0,86400.0,LINEAR,NO SOLUTION,,,0.006,,,,,,,,,,,,,,,
Instances/Instances 2/rat99_08.gt,98,20.0,86400.0,LINEAR,NO SOLUTION,,,0.0066,,,,,,,,,,,,,,,
Instances/Instances 2/rat99_09.gt,98,20.0,86400.0,LINEAR,NO SOLUTION,,,0.0063,,,,,,,,,,,,,,,
Instances/Instances 2/rat99_10.gt,98,20.0,86400.0,LINEAR,NO SOLUTION,,,0.0062,,,,,,,,,,,,,,,
Instances/Instances 2/rd100_01.gt,99,20.0,86400.0,LINEAR,NO SOLUTION,,,0.0061,,,,,,,,,,,,,,,
Instances/Instances 2/rd100_02.gt,99,20.0,86400.0,LINEAR,NO SOLUTION,,,0.0062,,,,,,,,,,,,,,,
Instances/Instances 2/rd100_03.gt,99,20.0,86400.0,LINEAR,NO SOLUTION,,,0.0058,,,,,,,,,,,,,,,
Instances/Instances 2/rd100_04.gt,99,20.0,86400.0,LINEAR,NO SOLUTION,,,0.0068,,,,,,,,,,,,,,,
Instances/Instances 2/rd100_05.gt,99,20.0,86400.0,LINEAR,NO SOLUTION,,,0.0061,,,,,,,,,,,,,,,
Instances/Instances 2/rd100_06.gt,99,20.0,86400.0,LINEAR,NO SOLUTION,,,0.0057,,,,,,,,,,,,,,,
Instances/Instances 2/rd100_07.gt,99,20.0,86400.0,LINEAR,NO SOLUTION,,,0.0061,,,,,,,,,,,,,,,
Instances/Instances 2/rd100_08.gt,99,20.0,86400.0,LINEAR,NO SOLUTION,,,0.0063,,,,,,,,,,,,,,,
Instances/Instances 2/rd100_09.gt,99,20.0,86400.0,LINEAR,NO SOLUTION,,,0.006,,,,,,,,,,,,,,,
Instances/Instances 2/rd100_10.gt,99,20.0,86400.0,LINEAR,NO SOLUTION,,,0.0071,,,,,,,,,,,,,,,
Instances/Instances 2/rd400_01.gt,399,20.0,86400.0,LINEAR,NO SOLUTION,,,0.0058,,,,,,,,,,,,,,,
Instances/Instances 2/rd400_02.gt,399,20.0,86400.0,LINEAR,NO SOLUTION,,,0.0062,,,,,,,,,,,,,,,
Instances/Instances 2/rd400_03.gt,399,20.0,86400.0,LINEAR,NO SOLUTION,,,0.0062,,,,,,,,,,,,,,,
Instances/Instances 2/rd400_04.gt,399,20.0,86400.0,LINEAR,NO SOLUTION,,,0.0063,,,,,,,,,,,,,,,
Instances/Instances 2/rd400_05.gt,399,20.0,86400.0,LINEAR,NO SOLUTION,,,0.0068,,,,,,,,,,,,,,,
Instances/Instances 2/rd400_06.gt,399,20.0,86400.0,LINEAR,NO SOLUTION,,,0.006,,,,,,,,,,,,,,,
Instances/Instances 2/rd400_07.gt,399,20.0,86400.0,LINEAR,NO SOLUTION,,,0.0066,,,,,,,,,,,,,,,
Instances/Instances 2/rd400_08.gt,399,20.0,86400.0,LINEAR,NO SOLUTION,,,0.0068,,,,,,,,,,,,,,,
Instances/Instances 2/rd400_09.gt,399,20.0,86400.0,LINEAR,NO SOLUTION,,,0.0065,,,,,,,,,,,,,,,
Instances/Instances 2/rd400_10.gt,399,20.0,86400.0,LINEAR,NO SOLUTION,,,0.0058,,,,,,,,,,,,,,,
Instances/Instances 2/rl11849_01.gt,11848,20.0,86400.0,LINEAR,NO SOLUTION,,,0.0142,,,,,,,,,,,,,,,
Instances/Instances 2/rl11849_02.gt,11848,20.0,86400.0,LINEAR,NO SOLUTION,,,0.0127,,,,,,,,,,,,,,,
Instances/Instances 2/rl11849_03.gt,11848,20.0,86400.0,LINEAR,NO SOLUTION,,,0.014,,,,,,,,,,,,,,,
Instances/Instances 2/rl11849_04.gt,11848,20.0,86400.0,LINEAR,NO SOLUTION,,,0.0142,,,,,,,,,,,,,,,
Instances/Instances 2/rl11849_05.gt,11848,20.0,86400.0,LINEAR,NO SOLUTION,,,0.0133,,,,,,,,,,,,,,,
Instances/Instances 2/rl11849_06.gt,11848,20.0,86400.0,LINEAR,NO SOLUTION,,,0.0135,,,,,,,,,,,,,,,
Instances/Instances 2/rl11849_07.gt,11848,20.0,86400.0,LINEAR,NO SOLUTION,,,0.0139,,,,,,,,,,,,,,,
Instances/Instances 2/rl11849_08.gt,11848,20.0,86400.0,LINEAR,NO SOLUTION,,,0.0139,,,,,,,,,,,,,,,
Instances/Instances 2/rl11849_09.gt,11848,20.0,86400.0,LINEAR,NO SOLUTION,,,0.0135,,,,,,,,,,,,,,,
Instances/Instances 2/rl11849_10.gt,11848,20.0,86400.0,LINEAR,NO SOLUTION,,,0.0148,,,,,,,,,,,,,,,
Instances/Instances 2/rl1304_01.gt,1303,20.0,86400.0,LINEAR,NO SOLUTION,,,0.0069,,,,,,,,,,,,,,,
Instances/Instances 2/rl1304_02.gt,1303,20.0,86400.0,LINEAR,NO SOLUTION,,,0.0073,,,,,,,,,,,,,,,
Instances/Instances 2/rl1304_03.gt,1303,20.0,86400.0,LINEAR,NO SOLUTION,,,0.007,,,,,,,,,,,,,,,
Instances/Instances 2/rl1304_04.gt,1303,20.0,86400.0,LINEAR,NO SOLUTION,,,0.007,,,,,,,,,,,,,,,
Instances/Instances 2/rl1304_05.gt,1303,20.0,86400.0,LINEAR,NO SOLUTION,,,0.0067,,,,,,,,,,,,,,,
Instances/Instances 2/rl1304_06.gt,1303,20.0,86400.0,LINEAR,NO SOLUTION,,,0.0061,,,,,,,,,,,,,,,
Instances/Instances 2/rl1304_07.gt,1303,20.0,86400.0,LINEAR,NO SOLUTION,,,0.0066,,,,,,,,,,,,,,,
Instances/Instances 2/rl1304_08.gt,1303,20.0,86400.0,LINEAR,NO SOLUTION,,,0.0069,,,,,,,,,,,,,,,
Instances/Instances 2/rl1304_09.gt,1303,20.0,86400.0,LINEAR,NO SOLUTION,,,0.0071,,,,,,,,,,,,,,,
Instances/Instances 2/rl1304_10.gt,1303,20.0,86400.0,LINEAR,NO SOLUTION,,,0.0077,,,,,,,,,,,,,,,
Instances/Instances 2/rl1323_01.gt,1322,20.0,86400.0,LINEAR,NO SOLUTION,,,0.0068,,,,,,,,,,,,,,,
Instances/Instances 2/rl1323_02.gt,1322,20.0,86400.0,LINEAR,NO SOLUTION,,,0.0075,,,,,,,,,,,,,,,
Instances/Instances 2/rl1323_03.gt,1322,20.0,86400.0,LINEAR,NO SOLUTION,,,0.0072,,,,,,,,,,,,,,,
Instances/Instances 2/rl1323_04.gt,1322,20.0,86400.0,LINEAR,NO SOLUTION,,,0.0066,,,,,,,,,,,,,,,
Instances/Instances 2/rl1323_05.gt,1322,20.0,86400.0,LINEAR,NO SOLUTION,,,0.0068,,,,,,,,,,,,,,,
Instances/Instances 2/rl1323_06.gt,1322,20.0,86400.0,LINEAR,NO SOLUTION,,,0.0067,,,,,,,,,,,,,,,
Instances/Instances 2/rl1323_07.gt,1322,20.0,86400.0,LINEAR,NO SOLUTION,,,0.007,,,,,,,,,,,,,,,
Instances/Instances 2/rl1323_08.gt,1322,20.0,86400.0,LINEAR,NO SOLUTION,,,0.0072,,,,,,,,,,,,,,,
Instances/Instances 2/rl1323_09.gt,1322,20.0,86400.0,LINEAR,NO SOLUTION,,,0.0066,,,,,,,,,,,,,,,
Instances/Instances 2/rl1323_10.gt,1322,20.0,86400.0,LINEAR,NO SOLUTION,,,0.0071,,,,,,,,,,,,,,,
Instances/Instances 2/rl1889_01.gt,1888,20.0,86400.0,LINEAR,NO SOLUTION,,,0.0071,,,,,,,,,,,,,,,
Instances/Instances 2/rl1889_02.gt,1888,20.0,86400.0,LINEAR,NO SOLUTION,,,0.007,,,,,,,,,,,,,,,
Instances/Instances 2/rl1889_03.gt,1888,20.0,86400.0,LINEAR,NO SOLUTION,,,0.0072,,,,,,,,,,,,,,,
Instances/Instances 2/rl1889_04.gt,1888,20.0,86400.0,LINEAR,NO SOLUTION,,,0.0079,,,,,,,,,,,,,,,
Instances/Instances 2/rl1889_05.gt,1888,20.0,86400.0,LINEAR,NO SOLUTION,,,0.0081,,,,,,,,,,,,,,,
Instances/Instances 2/rl1889_06.gt,1888,20.0,86400.0,LINEAR,NO SOLUTION,,,0.0076,,,,,,,,,,,,,,,
Instances/Instances 2/rl1889_07.gt,1888,20.0,86400.0,LINEAR,NO SOLUTION,,,0.0081,,,,,,,,,,,,,,,
Instances/Instances 2/rl1889_08.gt,1888,20.0,86400.0,LINEAR,NO SOLUTION,,,0.008,,,,,,,,,,,,,,,
Instances/Instances 2/rl1889_09.gt,1888,20.0,86400.0,LINEAR,NO SOLUTION,,,0.0073,,,,,,,,,,,,,,,
Instances/Instances 2/rl1889_10.gt,1888,20.0,86400.0,LINEAR,NO SOLUTION,,,0.0071,,,,,,,,,,,,,,,
Instances/Instances 2/rl5915_01.gt,5914,20.0,86400.0,LINEAR,NO SOLUTION,,,0.0097,,,,,,,,,,,,,,,
Instances/Instances 2/rl5915_02.gt,5914,20.0,86400.0,LINEAR,NO SOLUTION,,,0.0109,,,,,,,,,,,,,,,
Instances/Instances 2/rl5915_03.gt,5914,20.0,86400.0,LINEAR,NO SOLUTION,,,0.0096,,,,,,,,,,,,,,,
Instances/Instances 2/rl5915_04.gt,5914,20.0,86400.0,LINEAR,NO SOLUTION,,,0.0095,,,,,,,,,,,,,,,
Instances/Instances 2/rl5915_05.gt,5914,20.0,86400.0,LINEAR,NO SOLUTION,,,0.0099,,,,,,,,,,,,,,,
Instances/Instances 2/rl5915_06.gt,5914,20.0,86400.0,LINEAR,NO SOLUTION,,,0.0105,,,,,,,,,,,,,,,
Instances/Instances 2/rl5915_07.gt,5914,20.0,86400.0,LINEAR,NO SOLUTION,,,0.0103,,,,,,,,,,,,,,,
Instances/Instances 2/rl5915_08.gt,5914,20.0,86400.0,LINEAR,NO SOLUTION,,,0.0098,,,,,,,,,,,,,,,
Instances/Instances 2/rl5915_09.gt,5914,20.0,86400.0,LINEAR,NO SOLUTION,,,0.0098,,,,,,,,,,,,,,,
Instances/Instances 2/rl5915_10.gt,5914,20.0,86400.0,LINEAR,NO SOLUTION,,,0.0107,,,,,,,,,,,,,,,
Instances/Instances 2/rl5934_01.gt,5933,20.0,86400.0,LINEAR,NO SOLUTION,,,0.01,,,,,,,,,,,,,,,
Instances/Instances 2/rl5934_02.gt,5933,20.0,86400.0,LINEAR,NO SOLUTION,,,0.0109,,,,,,,,,,,,,,,
Instances/Instances 2/rl5934_03.gt,5933,20.0,86400.0,LINEAR,NO SOLUTION,,,0.012,,,,,,,,,,,,,,,
Instances/Instances 2/rl5934_04.gt,5933,20.0,86400.0,LINEAR,NO SOLUTION,,,0.0112,,,,,,,,,,,,,,,
Instances/Instances 2/rl5934_05.gt,5933,20.0,86400.0,LINEAR,NO SOLUTION,,,0.0101,,,,,,,,,,,,,,,
Instances/Instances 2/rl5934_06.gt,5933,20.0,86400.0,LINEAR,NO SOLUTION,,,0.01,,,,,,,,,,,,,,,
Instances/Instances 2/rl5934_07.gt,5933,20.0,86400.0,LINEAR,NO SOLUTION,,,0.0096,,,,,,,,,,,,,,,
Instances/Instances 2/rl5934_08.gt,5933,20.0,86400.0,LINEAR,NO SOLUTION,,,0.0104,,,,,,,,,,,,,,,
Instances/Instances 2/rl5934_09.gt,5933,20.0,86400.0,LINEAR,NO SOLUTION,,,0.0107,,,,,,,,,,,,,,,
Instances/Instances 2/rl5934_10.gt,5933,20.0,86400.0,LINEAR,NO SOLUTION,,,0.0106,,,,,,,,,,,,,,,
Instances/Instances 2/rw1621_01.gt,1620,20.0,86400.0,LINEAR,NO SOLUTION,,,0.0069,,,,,,,,,,,,,,,
Instances/Instances 2/rw1621_02.gt,1620,20.0,86400.0,LINEAR,NO SOLUTION,,,0.0065,,,,,,,,,,,,,,,
Instances/Instances 2/rw1621_03.gt,1620,20.0,86400.0,LINEAR,NO SOLUTION,,,0.007,,,,,,,,,,,,,,,
Instances/Instances 2/rw1621_04.gt,1620,20.0,86400.0,LINEAR,NO SOLUTION,,,0.0067,,,,,,,,,,,,,,,
Instances/Instances 2/rw1621_05.gt,1620,20.0,86400.0,LINEAR,NO SOLUTION,,,0.0073,,,,,,,,,,,,,,,
Instances/Instances 2/rw1621_06.gt,1620,20.0,86400.0,LINEAR,NO SOLUTION,,,0.007,,,,,,,,,,,,,,,
Instances/Instances 2/rw1621_07.gt,1620,20.0,86400.0,LINEAR,NO SOLUTION,,,0.007,,,,,,,,,,,,,,,
Instances/Instances 2/rw1621_08.gt,1620,20.0,86400.0,LINEAR,NO SOLUTION,,,0.0069,,,,,,,,,,,,,,,
Instances/Instances 2/rw1621_09.gt,1620,20.0,86400.0,LINEAR,NO SOLUTION,,,0.0074,,,,,,,,,,,,,,,
Instances/Instances 2/rw1621_10.gt,1620,20.0,86400.0,LINEAR,NO SOLUTION,,,0.0072,,,,,,,,,,,,,,,
Instances/Instances 2/st70_01.gt,69,20.0,86400.0,LINEAR,NO SOLUTION,,,0.006,,,,,,,,,,,,,,,
Instances/Instances 2/st70_02.gt,69,20.0,86400.0,LINEAR,NO SOLUTION,,,0.006,,,,,,,,,,,,,,,
Instances/Instances 2/st70_03.gt,69,20.0,86400.0,LINEAR,NO SOLUTION,,,0.0062,,,,,,,,,,,,,,,
Instances/Instances 2/st70_04.gt,69,20.0,86400.0,LINEAR,NO SOLUTION,,,0.0067,,,,,,,,,,,,,,,
Instances/Instances 2/st70_05.gt,69,20.0,86400.0,LINEAR,NO SOLUTION,,,0.006,,,,,,,,,,,,,,,
Instances/Instances 2/st70_06.gt,69,20.0,86400.0,LINEAR,NO SOLUTION,,,0.0067,,,,,,,,,,,,,,,
Instances/Instances 2/st70_07.gt,69,20.0,86400.0,LINEAR,NO SOLUTION,,,0.0063,,,,,,,,,,,,,,,
Instances/Instances 2/st70_08.gt,69,20.0,86400.0,LINEAR,NO SOLUTION,,,0.0063,,,,,,,,,,,,,,,
Instances/Instances 2/st70_09.gt,69,20.0,86400.0,LINEAR,NO SOLUTION,,,0.0058,,,,,,,,,,,,,,,
Instances/Instances 2/st70_10.gt,69,20.0,86400.0,LINEAR,NO SOLUTION,,,0.0065,,,,,,,,,,,,,,,
Instances/Instances 2/sw24978_01.gt,24977,20.0,86400.0,LINEAR,NO SOLUTION,,,0.0244,,,,,,,,,,,,,,,
Instances/Instances 2/sw24978_02.gt,24977,20.0,86400.0,LINEAR,NO SOLUTION,,,0.026,,,,,,,,,,,,,,,
Instances/Instances 2/sw24978_03.gt,24977,20.0,86400.0,LINEAR,NO SOLUTION,,,0.0247,,,,,,,,,,,,,,,
Instances/Instances 2/sw24978_04.gt,24977,20.0,86400.0,LINEAR,NO SOLUTION,,,0.0237,,,,,,,,,,,,,,,
Instances/Instances 2/sw24978_05.gt,24977,20.0,86400.0,LINEAR,NO SOLUTION,,,0.0225,,,,,,,,,,,,,,,
Instances/Instances 2/sw24978_06.gt,24977,20.0,86400.0,LINEAR,NO SOLUTION,,,0.0235,,,,,,,,,,,,,,,
Instances/Instances 2/sw24978_07.gt,24977,20.0,86400.0,LINEAR,NO SOLUTION,,,0.024,,,,,,,,,,,,,,,
Instances/Instances 2/sw24978_08.gt,24977,20.0,86400.0,LINEAR,NO SOLUTION,,,0.0253,,,,,,,,,,,,,,,
Instances/Instances 2/sw24978_09.gt,24977,20.0,86400.0,LINEAR,NO SOLUTION,,,0.0202,,,,,,,,,,,,,,,
Instances/Instances 2/sw24978_10.gt,24977,20.0,86400.0,LINEAR,NO SOLUTION,,,0.0251,,,,,,,,,,,,,,,
Instances/Instances 2/ts225_01.gt,224,20.0,86400.0,LINEAR,NO SOLUTION,,,0.0063,,,,,,,,,,,,,,,
Instances/Instances 2/ts225_02.gt,224,20.0,86400.0,LINEAR,NO SOLUTION,,,0.0069,,,,,,,,,,,,,,,
Instances/Instances 2/ts225_03.gt,224,20.0,86400.0,LINEAR,NO SOLUTION,,,0.0065,,,,,,,,,,,,,,,
Instances/Instances 2/ts225_04.gt,224,20.0,86400.0,LINEAR,NO SOLUTION,,,0.0061,,,,,,,,,,,,,,,
Instances/Instances 2/ts225_05.gt,224,20.0,86400.0,LINEAR,NO SOLUTION,,,0.0062,,,,,,,,,,,,,,,
Instances/Instances 2/ts225_06.gt,224,20.0,86400.0,LINEAR,NO SOLUTION,,,0.006,,,,,,,,,,,,,,,
Instances/Instances 2/ts225_07.gt,224,20.0,86400.0,LINEAR,NO SOLUTION,,,0.0063,,,,,,,,,,,,,,,
Instances/Instances 2/ts225_08.gt,224,20.0,86400.0,LINEAR,NO SOLUTION,,,0.006,,,,,,,,,,,,,,,
Instances/Instances 2/ts225_09.gt,224,20.0,86400.0,LINEAR,NO SOLUTION,,,0.0061,,,,,,,,,,,,,,,
Instances/Instances 2/ts225_10.gt,224,20.0,86400.0,LINEAR,NO SOLUTION,,,0.006,,,,,,,,,,,,,,,
Instances/Instances 2/tsp225_01.gt,224,20.0,86400.0,LINEAR,NO SOLUTION,,,0.0058,,,,,,,,,,,,,,,
Instances/Instances 2/tsp225_02.gt,224,20.0,86400.0,LINEAR,NO SOLUTION,,,0.006,,,,,,,,,,,,,,,
Instances/Instances 2/tsp225_03.gt,224,20.0,86400.0,LINEAR,NO SOLUTION,,,0.0064,,,,,,,,,,,,,,,
Instances/Instances 2/tsp225_04.gt,224,20.0,86400.0,LINEAR,NO SOLUTION,,,0.0111,,,,,,,,,,,,,,,
Instances/Instances 2/tsp225_05.gt,224,20.0,86400.0,LINEAR,NO SOLUTION,,,0.0085,,,,,,,,,,,,,,,
Instances/Instances 2/tsp225_06.gt,224,20.0,86400.0,LINEAR,NO SOLUTION,,,0.006,,,,,,,,,,,,,,,
Instances/Instances 2/tsp225_07.gt,224,20.0,86400.0,LINEAR,NO SOLUTION,,,0.0061,,,,,,,,,,,,,,,
Instances/Instances 2/tsp225_08.gt,224,20.0,86400.0,LINEAR,NO SOLUTION,,,0.0063,,,,,,,,,,,,,,,
Instances/Instances 2/tsp225_09.gt,224,20.0,86400.0,LINEAR,NO SOLUTION,,,0.0061,,,,,,,,,,,,,,,
Instances/Instances 2/tsp225_10.gt,224,20.0,86400.0,LINEAR,NO SOLUTION,,,0.0057,,,,,,,,,,,,,,,
Instances/Instances 2/tz6117_01.gt,6116,20.0,86400.0,LINEAR,NO SOLUTION,,,0.0104,,,,,,,,,,,,,,,
Instances/Instances 2/tz6117_02.gt,6116,20.0,86400.0,LINEAR,NO SOLUTION,,,0.0111,,,,,,,,,,,,,,,
Instances/Instances 2/tz6117_03.gt,6116,20.0,86400.0,LINEAR,NO SOLUTION,,,0.0096,,,,,,,,,,,,,,,
Instances/Instances 2/tz6117_04.gt,6116,20.0,86400.0,LINEAR,NO SOLUTION,,,0.0102,,,,,,,,,,,,,,,
Instances/Instances 2/tz6117_05.gt,6116,20.0,86400.0,LINEAR,NO SOLUTION,,,0.0103,,,,,,,,,,,,,,,
Instances/Instances 2/tz6117_06.gt,6116,20.0,86400.0,LINEAR,NO SOLUTION,,,0.0108,,,,,,,,,,,,,,,
Instances/Instances 2/tz6117_07.gt,6116,20.0,86400.0,LINEAR,NO SOLUTION,,,0.0102,,,,,,,,,,,,,,,
Instances/Instances 2/tz6117_08.gt,6116,20.0,86400.0,LINEAR,NO SOLUTION,,,0.0107,,,,,,,,,,,,,,,
Instances/Instances 2/tz6117_09.gt,6116,20.0,86400.0,LINEAR,NO SOLUTION,,,0.0107,,,,,,,,,,,,,,,
Instances/Instances 2/tz6117_10.gt,6116,20.0,86400.0,LINEAR,NO SOLUTION,,,0.0112,,,,,,,,,,,,,,,
Instances/Instances 2/u1060_01.gt,1059,20.0,86400.0,LINEAR,NO SOLUTION,,,0.0071,,,,,,,,,,,,,,,
Instances/Instances 2/u1060_02.gt,1059,20.0,86400.0,LINEAR,NO SOLUTION,,,0.0071,,,,,,,,,,,,,,,
Instances/Instances 2/u1060_03.gt,1059,20.0,86400.0,LINEAR,NO SOLUTION,,,0.0082,,,,,,,,,,,,,,,
Instances/Instances 2/u1060_04.gt,1059,20.0,86400.0,LINEAR,NO SOLUTION,,,0.0077,,,,,,,,,,,,,,,
Instances/Instances 2/u1060_05.gt,1059,20.0,86400.0,LINEAR,NO SOLUTION,,,0.0065,,,,,,,,,,,,,,,
Instances/Instances 2/u1060_06.gt,1059,20.0,86400.0,LINEAR,NO SOLUTION,,,0.0065,,,,,,,,,,,,,,,
Instances/Instances 2/u1060_07.gt,1059,20.0,86400.0,LINEAR,NO SOLUTION,,,0.0066,,,,,,,,,,,,,,,
Instances/Instances 2/u1060_08.gt,1059,20.0,86400.0,LINEAR,NO SOLUTION,,,0.0066,,,,,,,,,,,,,,,
Instances/Instances 2/u1060_09.gt,1059,20.0,86400.0,LINEAR,NO SOLUTION,,,0.0072,,,,,,,,,,,,,,,
Instances/Instances 2/u1060_10.gt,1059,20.0,86400.0,LINEAR,NO SOLUTION,,,0.0069,,,,,,,,,,,,,,,
Instances/Instances 2/u1432_01.gt,1431,20.0,86400.0,LINEAR,NO SOLUTION,,,0.0071,,,,,,,,,,,,,,,
Instances/Instances 2/u1432_02.gt,1431,20.0,86400.0,LINEAR,NO SOLUTION,,,0.0068,,,,,,,,,,,,,,,
Instances/Instances 2/u1432_03.gt,1431,20.0,86400.0,LINEAR,NO SOLUTION,,,0.0075,,,,,,,,,,,,,,,
Instances/Instances 2/u1432_04.gt,1431,20.0,86400.0,LINEAR,NO SOLUTION,,,0.0075,,,,,,,,,,,,,,,
Instances/Instances 2/u1432_05.gt,1431,20.0,86400.0,LINEAR,NO SOLUTION,,,0.0065,,,,,,,,,,,,,,,
Instances/Instances 2/u1432_06.gt,1431,20.0,86400.0,LINEAR,NO SOLUTION,,,0.0065,,,,,,,,,,,,,,,
Instances/Instances 2/u1432_07.gt,1431,20.0,86400.0,LINEAR,NO SOLUTION,,,0.0063,,,,,,,,,,,,,,,
Instances/Instances 2/u1432_08.gt,1431,20.0,86400.0,LINEAR,NO SOLUTION,,,0.0076,,,,,,,,,,,,,,,
Instances/Instances 2/u1432_09.gt,1431,20.0,86400.0,LINEAR,NO SOLUTION,,,0.0069,,,,,,,,,,,,,,,
Instances/Instances 2/u1432_10.gt,1431,20.0,86400.0,LINEAR,NO SOLUTION,,,0.0068,,,,,,,,,,,,,,,
Instances/Instances 2/u159_01.gt,158,20.0,86400.0,LINEAR,NO SOLUTION,,,0.0068,,,,,,,,,,,,,,,
Instances/Instances 2/u159_02.gt,158,20.0,86400.0,LINEAR,NO SOLUTION,,,0.0074,,,,,,,,,,,,,,,
Instances/Instances 2/u159_03.gt,158,20.0,86400.0,LINEAR,NO SOLUTION,,,0.0062,,,,,,,,,,,,,,,
Instances/Instances 2/u159_04.gt,158,20.0,86400.0,LINEAR,NO SOLUTION,,,0.0062,,,,,,,,,,,,,,,
Instances/Instances 2/u159_05.gt,158,20.0,86400.0,LINEAR,NO SOLUTION,,,0.0064,,,,,,,,,,,,,,,
Instances/Instances 2/u159_06.gt,158,20.0,86400.0,LINEAR,NO SOLUTION,,,0.006,,,,,,,,,,,,,,,
Instances/Instances 2/u159_07.gt,158,20.0,86400.0,LINEAR,NO SOLUTION,,,0.0068,,,,,,,,,,,,,,,
Instances/Instances 2/u159_08.gt,158,20.0,86400.0,LINEAR,NO SOLUTION,,,0.006,,,,,,,,,,,,,,,
Instances/Instances 2/u159_09.gt,158,20.0,86400.0,LINEAR,NO SOLUTION,,,0.006,,,,,,,,,,,,,,,
Instances/Instances 2/u159_10.gt,158,20.0,86400.0,LINEAR,NO SOLUTION,,,0.0061,,,,,,,,,,,,,,,
Instances/Instances 2/u1817_01.gt,1816,20.0,86400.0,LINEAR,NO SOLUTION,,,0.0083,,,,,,,,,,,,,,,
Instances/Instances 2/u1817_02.gt,1816,20.0,86400.0,LINEAR,NO SOLUTION,,,0.0069,,,,,,,,,,,,,,,
Instances/Instances 2/u1817_03.gt,1816,20.0,86400.0,LINEAR,NO SOLUTION,,,0.0075,,,,,,,,,,,,,,,
Instances/Instances 2/u1817_04.gt,1816,20.0,86400.0,LINEAR,NO SOLUTION,,,0.0078,,,,,,,,,,,,,,,
Instances/Instances 2/u1817_05.gt,1816,20.0,86400.0,LINEAR,NO SOLUTION,,,0.0068,,,,,,,,,,,,,,,
Instances/Instances 2/u1817_06.gt,1816,20.0,86400.0,LINEAR,NO SOLUTION,,,0.0066,,,,,,,,,,,,,,,
Instances/Instances 2/u1817_07.gt,1816,20.0,86400.0,LINEAR,NO SOLUTION,,,0.0068,,,,,,,,,,,,,,,
Instances/Instances 2/u1817_08.gt,1816,20.0,86400.0,LINEAR,NO SOLUTION,,,0.0071,,,,,,,,,,,,,,,
Instances/Instances 2/u1817_09.gt,1816,20.0,86400.0,LINEAR,NO SOLUTION,,,0.0071,,,,,,,,,,,,,,,
Instances/Instances 2/u1817_10.gt,1816,20.0,86400.0,LINEAR,NO SOLUTION,,,0.0071,,,,,,,,,,,,,,,
Instances/Instances 2/u2152_01.gt,2151,20.0,86400.0,LINEAR,NO SOLUTION,,,0.0082,,,,,,,,,,,,,,,
Instances/Instances 2/u2152_02.gt,2151,20.0,86400.0,LINEAR,NO SOLUTION,,,0.0081,,,,,,,,,,,,,,,
Instances/Instances 2/u2152_03.gt,2151,20.0,86400.0,LINEAR,NO SOLUTION,,,0.0075,,,,,,,,,,,,,,,
Instances/Instances 2/u2152_04.gt,2151,20.0,86400.0,LINEAR,NO SOLUTION,,,0.0078,,,,,,,,,,,,,,,
Instances/Instances 2/u2152_05.gt,2151,20.0,86400.0,LINEAR,NO SOLUTION,,,0.0075,,,,,,,,,,,,,,,
Instances/Instances 2/u2152_06.gt,2151,20.0,86400.0,LINEAR,NO SOLUTION,,,0.0081,,,,,,,,,,,,,,,
Instances/Instances 2/u2152_07.gt,2151,20.0,86400.0,LINEAR,NO SOLUTION,,,0.0072,,,,,,,,,,,,,,,
Instances/Instances 2/u2152_08.gt,2151,20.0,86400.0,LINEAR,NO SOLUTION,,,0.0077,,,,,,,,,,,,,,,
Instances/Instances 2/u2152_09.gt,2151,20.0,86400.0,LINEAR,NO SOLUTION,,,0.008,,,,,,,,,,,,,,,
Instances/Instances 2/u2152_10.gt,2151,20.0,86400.0,LINEAR,NO SOLUTION,,,0.0076,,,,,,,,,,,,,,,
Instances/Instances 2/u2319_01.gt,2318,20.0,86400.0,LINEAR,NO SOLUTION,,,0.0079,,,,,,,,,,,,,,,
Instances/Instances 2/u2319_02.gt,2318,20.0,86400.0,LINEAR,NO SOLUTION,,,0.0083,,,,,,,,,,,,,,,
Instances/Instances 2/u2319_03.gt,2318,20.0,86400.0,LINEAR,NO SOLUTION,,,0.009,,,,,,,,,,,,,,,
Instances/Instances 2/u2319_04.gt,2318,20.0,86400.0,LINEAR,NO SOLUTION,,,0.0083,,,,,,,,,,,,,,,
Instances/Instances 2/u2319_05.gt,2318,20.0,86400.0,LINEAR,NO SOLUTION,,,0.0087,,,,,,,,,,,,,,,
Instances/Instances 2/u2319_06.gt,2318,20.0,86400.0,LINEAR,NO SOLUTION,,,0.009,,,,,,,,,,,,,,,
Instances/Instances 2/u2319_07.gt,2318,20.0,86400.0,LINEAR,NO SOLUTION,,,0.0069,,,,,,,,,,,,,,,
Instances/Instances 2/u2319_08.gt,2318,20.0,86400.0,LINEAR,NO SOLUTION,,,0.0077,,,,,,,,,,,,,,,
Instances/Instances 2/u2319_09.gt,2318,20.0,86400.0,LINEAR,NO SOLUTION,,,0.0077,,,,,,,,,,,,,,,
Instances/Instances 2/u2319_10.gt,2318,20.0,86400.0,LINEAR,NO SOLUTION,,,0.0082,,,,,,,,,,,,,,,
Instances/Instances 2/u574_01.gt,573,20.0,86400.0,LINEAR,NO SOLUTION,,,0.0066,,,,,,,,,,,,,,,
Instances/Instances 2/u574_02.gt,573,20.0,86400.0,LINEAR,NO SOLUTION,,,0.0069,,,,,,,,,,,,,,,
Instances/Instances 2/u574_03.gt,573,20.0,86400.0,LINEAR,NO SOLUTION,,,0.0063,,,,,,,,,,,,,,,
Instances/Instances 2/u574_04.gt,573,20.0,86400.0,LINEAR,NO SOLUTION,,,0.0061,,,,,,,,,,,,,,,
Instances/Instances 2/u574_05.gt,573,20.0,86400.0,LINEAR,NO SOLUTION,,,0.0064,,,,,,,,,,,,,,,
Instances/Instances 2/u574_06.gt,573,20.0,86400.0,LINEAR,NO SOLUTION,,,0.0064,,,,,,,,,,,,,,,
Instances/Instances 2/u574_07.gt,573,20.0,86400.0,LINEAR,NO SOLUTION,,,0.0068,,,,,,,,,,,,,,,
Instances/Instances 2/u574_08.gt,573,20.0,86400.0,LINEAR,NO SOLUTION,,,0.0069,,,,,,,,,,,,,,,
Instances/Instances 2/u574_09.gt,573,20.0,86400.0,LINEAR,NO SOLUTION,,,0.005,,,,,,,,,,,,,,,
Instances/Instances 2/u574_10.gt,573,20.0,86400.0,LINEAR,NO SOLUTION,,,0.0066,,,,,,,,,,,,,,,
Instances/Instances 2/u724_01.gt,723,20.0,86400.0,LINEAR,NO SOLUTION,,,0.007,,,,,,,,,,,,,,,
Instances/Instances 2/u724_02.gt,723,20.0,86400.0,LINEAR,NO SOLUTION,,,0.0061,,,,,,,,,,,,,,,
Instances/Instances 2/u724_03.gt,723,20.0,86400.0,LINEAR,NO SOLUTION,,,0.0072,,,,,,,,,,,,,,,
Instances/Instances 2/u724_04.gt,723,20.0,86400.0,LINEAR,NO SOLUTION,,,0.0071,,,,,,,,,,,,,,,
Instances/Instances 2/u724_05.gt,723,20.0,86400.0,LINEAR,NO SOLUTION,,,0.0062,,,,,,,,,,,,,,,
Instances/Instances 2/u724_06.gt,723,20.0,86400.0,LINEAR,NO SOLUTION,,,0.0065,,,,,,,,,,,,,,,
Instances/Instances 2/u724_07.gt,723,20.0,86400.0,LINEAR,NO SOLUTION,,,0.0065,,,,,,,,,,,,,,,
Instances/Instances 2/u724_08.gt,723,20.0,86400.0,LINEAR,NO SOLUTION,,,0.0066,,,,,,,,,,,,,,,
Instances/Instances 2/u724_09.gt,723,20.0,86400.0,LINEAR,NO SOLUTION,,,0.0067,,,,,,,,,,,,,,,
Instances/Instances 2/u724_10.gt,723,20.0,86400.0,LINEAR,NO SOLUTION,,,0.0069,,,,,,,,,,,,,,,
Instances/Instances 2/usa13509_01.gt,13508,20.0,86400.0,LINEAR,NO SOLUTION,,,0.0178,,,,,,,,,,,,,,,
Instances/Instances 2/usa13509_02.gt,13508,20.0,86400.0,LINEAR,NO SOLUTION,,,0.0152,,,,,,,,,,,,,,,
Instances/Instances 2/usa13509_03.gt,13508,20.0,86400.0,LINEAR,NO SOLUTION,,,0.0155,,,,,,,,,,,,,,,
Instances/Instances 2/usa13509_04.gt,13508,20.0,86400.0,LINEAR,NO SOLUTION,,,0.017,,,,,,,,,,,,,,,
Instances/Instances 2/usa13509_05.gt,13508,20.0,86400.0,LINEAR,NO SOLUTION,,,0.0142,,,,,,,,,,,,,,,
Instances/Instances 2/usa13509_06.gt,13508,20.0,86400.0,LINEAR,NO SOLUTION,,,0.0153,,,,,,,,,,,,,,,
Instances/Instances 2/usa13509_07.gt,13508,20.0,86400.0,LINEAR,NO SOLUTION,,,0.0157,,,,,,,,,,,,,,,
Instances/Instances 2/usa13509_08.gt,13508,20.0,86400.0,LINEAR,NO SOLUTION,,,0.0154,,,,,,,,,,,,,,,
Instances/Instances 2/usa13509_09.gt,13508,20.0,86400.0,LINEAR,NO SOLUTION,,,0.0157,,,,,,,,,,,,,,,
Instances/Instances 2/usa13509_10.gt,13508,20.0,86400.0,LINEAR,NO SOLUTION,,,0.017,,,,,,,,,,,,,,,
Instances/Instances 2/uy734_01.gt,733,20.0,86400.0,LINEAR,NO SOLUTION,,,0.0073,,,,,,,,,,,,,,,
Instances/Instances 2/uy734_02.gt,733,20.0,86400.0,LINEAR,NO SOLUTION,,,0.0084,,,,,,,,,,,,,,,
Instances/Instances 2/uy734_03.gt,733,20.0,86400.0,LINEAR,NO SOLUTION,,,0.0077,,,,,,,,,,,,,,,
Instances/Instances 2/uy734_04.gt,733,20.0,86400.0,LINEAR,NO SOLUTION,,,0.0069,,,,,,,,,,,,,,,
Instances/Instances 2/uy734_05.gt,733,20.0,86400.0,LINEAR,NO SOLUTION,,,0.0063,,,,,,,,,,,,,,,
Instances/Instances 2/uy734_06.gt,733,20.0,86400.0,LINEAR,NO SOLUTION,,,0.0063,,,,,,,,,,,,,,,
Instances/Instances 2/uy734_07.gt,733,20.0,86400.0,LINEAR,NO SOLUTION,,,0.0062,,,,,,,,,,,,,,,
Instances/Instances 2/uy734_08.gt,733,20.0,86400.0,LINEAR,NO SOLUTION,,,0.0067,,,,,,,,,,,,,,,
Instances/Instances 2/uy734_09.gt,733,20.0,86400.0,LINEAR,NO SOLUTION,,,0.0061,,,,,,,,,,,,,,,
Instances/Instances 2/uy734_10.gt,733,20.0,86400.0,LINEAR,NO SOLUTION,,,0.0066,,,,,,,,,,,,,,,
Instances/Instances 2/vm1084_01.gt,1083,20.0,86400.0,LINEAR,NO SOLUTION,,,0.0065,,,,,,,,,,,,,,,
Instances/Instances 2/vm1084_02.gt,1083,20.0,86400.0,LINEAR,NO SOLUTION,,,0.0078,,,,,,,,,,,,,,,
Instances/Instances 2/vm1084_03.gt,1083,20.0,86400.0,LINEAR,NO SOLUTION,,,0.0071,,,,,,,,,,,,,,,
Instances/Instances 2/vm1084_04.gt,1083,20.0,86400.0,LINEAR,NO SOLUTION,,,0.0073,,,,,,,,,,,,,,,
Instances/Instances 2/vm1084_05.gt,1083,20.0,86400.0,LINEAR,NO SOLUTION,,,0.008,,,,,,,,,,,,,,,
Instances/Instances 2/vm1084_06.gt,1083,20.0,86400.0,LINEAR,NO SOLUTION,,,0.0066,,,,,,,,,,,,,,,
Instances/Instances 2/vm1084_07.gt,1083,20.0,86400.0,LINEAR,NO SOLUTION,,,0.0069,,,,,,,,,,,,,,,
Instances/Instances 2/vm1084_08.gt,1083,20.0,86400.0,LINEAR,NO SOLUTION,,,0.0073,,,,,,,,,,,,,,,
Instances/Instances 2/vm1084_09.gt,1083,20.0,86400.0,LINEAR,NO SOLUTION,,,0.0068,,,,,,,,,,,,,,,
Instances/Instances 2/vm1084_10.gt,1083,20.0,86400.0,LINEAR,NO SOLUTION,,,0.0067,,,,,,,,,,,,,,,
Instances/Instances 2/vm1748_01.gt,1747,20.0,86400.0,LINEAR,NO SOLUTION,,,0.0072,,,,,,,,,,,,,,,
Instances/Instances 2/vm1748_02.gt,1747,20.0,86400.0,LINEAR,NO SOLUTION,,,0.0074,,,,,,,,,,,,,,,
Instances/Instances 2/vm1748_03.gt,1747,20.0,86400.0,LINEAR,NO SOLUTION,,,0.0074,,,,,,,,,,,,,,,
Instances/Instances 2/vm1748_04.gt,1747,20.0,86400.0,LINEAR,NO SOLUTION,,,0.007,,,,,,,,,,,,,,,
Instances/Instances 2/vm1748_05.gt,1747,20.0,86400.0,LINEAR,NO SOLUTION,,,0.007,,,,,,,,,,,,,,,
Instances/Instances 2/vm1748_06.gt,1747,20.0,86400.0,LINEAR,NO SOLUTION,,,0.007,,,,,,,,,,,,,,,
Instances/Instances 2/vm1748_07.gt,1747,20.0,86400.0,LINEAR,NO SOLUTION,,,0.0071,,,,,,,,,,,,,,,
Instances/Instances 2/vm1748_08.gt,1747,20.0,86400.0,LINEAR,NO SOLUTION,,,0.0065,,,,,,,,,,,,,,,
Instances/Instances 2/vm1748_09.gt,1747,20.0,86400.0,LINEAR,NO SOLUTION,,,0.0071,,,,,,,,,,,,,,,
Instances/Instances 2/vm1748_10.gt,1747,20.0,86400.0,LINEAR,NO SOLUTION,,,0.0066,,,,,,,,,,,,,,,
Instances/Instances 2/vm22775_01.gt,22774,20.0,86400.0,LINEAR,NO SOLUTION,,,0.0243,,,,,,,,,,,,,,,
Instances/Instances 2/vm22775_02.gt,22774,20.0,86400.0,LINEAR,NO SOLUTION,,,0.0235,,,,,,,,,,,,,,,
Instances/Instances 2/vm22775_03.gt,22774,20.0,86400.0,LINEAR,NO SOLUTION,,,0.0222,,,,,,,,,,,,,,,
Instances/Instances 2/vm22775_04.gt,22774,20.0,86400.0,LINEAR,NO SOLUTION,,,0.0234,,,,,,,,,,,,,,,
Instances/Instances 2/vm22775_05.gt,22774,20.0,86400.0,LINEAR,NO SOLUTION,,,0.0239,,,,,,,,,,,,,,,
Instances/Instances 2/vm22775_06.gt,22774,20.0,86400.0,LINEAR,NO SOLUTION,,,0.0225,,,,,,,,,,,,,,,
Instances/Instances 2/vm22775_07.gt,22774,20.0,86400.0,LINEAR,NO SOLUTION,,,0.0196,,,,,,,,,,,,,,,
Instances/Instances 2/vm22775_08.gt,22774,20.0,86400.0,LINEAR,NO SOLUTION,,,0.022,,,,,,,,,,,,,,,
Instances/Instances 2/vm22775_09.gt,22774,20.0,86400.0,LINEAR,NO SOLUTION,,,0.0244,,,,,,,,,,,,,,,
Instances/Instances 2/vm22775_10.gt,22774,20.0,86400.0,LINEAR,NO SOLUTION,,,0.0216,,,,,,,,,,,,,,,
Instances/Instances 2/wi29_01.gt,28,20.0,86400.0,LINEAR,NO SOLUTION,,,0.0063,,,,,,,,,,,,,,,
Instances/Instances 2/wi29_02.gt,28,20.0,86400.0,LINEAR,NO SOLUTION,,,0.0061,,,,,,,,,,,,,,,
Instances/Instances 2/wi29_03.gt,28,20.0,86400.0,LINEAR,NO SOLUTION,,,0.0064,,,,,,,,,,,,,,,
Instances/Instances 2/wi29_04.gt,28,20.0,86400.0,LINEAR,NO SOLUTION,,,0.0062,,,,,,,,,,,,,,,
Instances/Instances 2/wi29_05.gt,28,20.0,86400.0,LINEAR,NO SOLUTION,,,0.0062,,,,,,,,,,,,,,,
Instances/Instances 2/wi29_06.gt,28,20.0,86400.0,LINEAR,NO SOLUTION,,,0.0063,,,,,,,,,,,,,,,
Instances/Instances 2/wi29_07.gt,28,20.0,86400.0,LINEAR,NO SOLUTION,,,0.0066,,,,,,,,,,,,,,,
Instances/Instances 2/wi29_08.gt,28,20.0,86400.0,LINEAR,NO SOLUTION,,,0.007,,,,,,,,,,,,,,,
Instances/Instances 2/wi29_09.gt,28,20.0,86400.0,LINEAR,NO SOLUTION,,,0.0062,,,,,,,,,,,,,,,
Instances/Instances 2/wi29_10.gt,28,20.0,86400.0,LINEAR,NO SOLUTION,,,0.0062,,,,,,,,,,,,,,,
Instances/Instances 2/ym7663_01.gt,7662,20.0,86400.0,LINEAR,NO SOLUTION,,,0.0108,,,,,,,,,,,,,,,
Instances/Instances 2/ym7663_02.gt,7662,20.0,86400.0,LINEAR,NO SOLUTION,,,0.0103,,,,,,,,,,,,,,,
Instances/Instances 2/ym7663_03.gt,7662,20.0,86400.0,LINEAR,NO SOLUTION,,,0.0104,,,,,,,,,,,,,,,
Instances/Instances 2/ym7663_04.gt,7662,20.0,86400.0,LINEAR,NO SOLUTION,,,0.0115,,,,,,,,,,,,,,,
Instances/Instances 2/ym7663_05.gt,7662,20.0,86400.0,LINEAR,NO SOLUTION,,,0.0114,,,,,,,,,,,,,,,
Instances/Instances 2/ym7663_06.gt,7662,20.0,86400.0,LINEAR,NO SOLUTION,,,0.0104,,,,,,,,,,,,,,,
Instances/Instances 2/ym7663_07.gt,7662,20.0,86400.0,LINEAR,NO SOLUTION,,,0.0109,,,,,,,,,,,,,,,
Instances/Instances 2/ym7663_08.gt,7662,20.0,86400.0,LINEAR,NO SOLUTION,,,0.0102,,,,,,,,,,,,,,,
Instances/Instances 2/ym7663_09.gt,7662,20.0,86400.0,LINEAR,NO SOLUTION,,,0.0117,,,,,,,,,,,,,,,
Instances/Instances 2/ym7663_10.gt,7662,20.0,86400.0,LINEAR,NO SOLUTION,,,0.0112,,,,,,,,,,,,,,,
Instances/Instances 2/zi929_01.gt,928,20.0,86400.0,LINEAR,NO SOLUTION,,,0.0062,,,,,,,,,,,,,,,
Instances/Instances 2/zi929_02.gt,928,20.0,86400.0,LINEAR,NO SOLUTION,,,0.0071,,,,,,,,,,,,,,,
Instances/Instances 2/zi929_03.gt,928,20.0,86400.0,LINEAR,NO SOLUTION,,,0.0065,,,,,,,,,,,,,,,
Instances/Instances 2/zi929_04.gt,928,20.0,86400.0,LINEAR,NO SOLUTION,,,0.0071,,,,,,,,,,,,,,,
Instances/Instances 2/zi929_05.gt,928,20.0,86400.0,LINEAR,NO SOLUTION,,,0.0069,,,,,,,,,,,,,,,
Instances/Instances 2/zi929_06.gt,928,20.0,86400.0,LINEAR,NO SOLUTION,,,0.0069,,,,,,,,,,,,,,,
Instances/Instances 2/zi929_07.gt,928,20.0,86400.0,LINEAR,NO SOLUTION,,,0.0064,,,,,,,,,,,,,,,
Instances/Instances 2/zi929_08.gt,928,20.0,86400.0,LINEAR,NO SOLUTION,,,0.0065,,,,,,,,,,,,,,,
Instances/Instances 2/zi929_09.gt,928,20.0,86400.0,LINEAR,NO SOLUTION,,,0.0068,,,,,,,,,,,,,,,
Instances/Instances 2/zi929_10.gt,928,20.0,86400.0,LINEAR,NO SOLUTION,,,0.0067,,,,,,,,,,,,,,,
Instances/Instances 3/a280_01.gt,279,10.0,86400.0,LINEAR,NO SOLUTION,,,0.0055,,,,,,,,,,,,,,,
Instances/Instances 3/a280_02.gt,279,10.0,86400.0,LINEAR,NO SOLUTION,,,0.0069,,,,,,,,,,,,,,,
Instances/Instances 3/a280_03.gt,279,10.0,86400.0,LINEAR,NO SOLUTION,,,0.0069,,,,,,,,,,,,,,,
Instances/Instances 3/a280_04.gt,279,10.0,86400.0,LINEAR,NO SOLUTION,,,0.0065,,,,,,,,,,,,,,,
Instances/Instances 3/a280_05.gt,279,10.0,86400.0,LINEAR,NO SOLUTION,,,0.0064,,,,,,,,,,,,,,,
Instances/Instances 3/a280_06.gt,279,10.0,86400.0,LINEAR,NO SOLUTION,,,0.0062,,,,,,,,,,,,,,,
Instances/Instances 3/a280_07.gt,279,10.0,86400.0,LINEAR,NO SOLUTION,,,0.0061,,,,,,,,,,,,,,,
Instances/Instances 3/a280_08.gt,279,10.0,86400.0,LINEAR,NO SOLUTION,,,0.0049,,,,,,,,,,,,,,,
Instances/Instances 3/a280_09.gt,279,10.0,86400.0,LINEAR,NO SOLUTION,,,0.0064,,,,,,,,,,,,,,,
Instances/Instances 3/a280_10.gt,279,10.0,86400.0,LINEAR,NO SOLUTION,,,0.0064,,,,,,,,,,,,,,,
Instances/Instances 3/ar9152_01.gt,9151,10.0,86400.0,LINEAR,NO SOLUTION,,,0.0147,,,,,,,,,,,,,,,
Instances/Instances 3/ar9152_02.gt,9151,10.0,86400.0,LINEAR,NO SOLUTION,,,0.0122,,,,,,,,,,,,,,,
Instances/Instances 3/ar9152_03.gt,9151,10.0,86400.0,LINEAR,NO SOLUTION,,,0.0126,,,,,,,,,,,,,,,
Instances/Instances 3/ar9152_04.gt,9151,10.0,86400.0,LINEAR,NO SOLUTION,,,0.0125,,,,,,,,,,,,,,,
Instances/Instances 3/ar9152_05.gt,9151,10.0,86400.0,LINEAR,NO SOLUTION,,,0.0124,,,,,,,,,,,,,,,
Instances/Instances 3/ar9152_06.gt,9151,10.0,86400.0,LINEAR,NO SOLUTION,,,0.012,,,,,,,,,,,,,,,
Instances/Instances 3/ar9152_07.gt,9151,10.0,86400.0,LINEAR,NO SOLUTION,,,0.012,,,,,,,,,,,,,,,
Instances/Instances 3/ar9152_08.gt,9151,10.0,86400.0,LINEAR,NO SOLUTION,,,0.0129,,,,,,,,,,,,,,,
Instances/Instances 3/ar9152_09.gt,9151,10.0,86400.0,LINEAR,NO SOLUTION,,,0.0124,,,,,,,,,,,,,,,
Instances/Instances 3/ar9152_10.gt,9151,10.0,86400.0,LINEAR,NO SOLUTION,,,0.0121,,,,,,,,,,,,,,,
Instances/Instances 3/berlin52_01.gt,51,10.0,86400.0,LINEAR,NO SOLUTION,,,0.006,,,,,,,,,,,,,,,
Instances/Instances 3/berlin52_02.gt,51,10.0,86400.0,LINEAR,NO SOLUTION,,,0.0066,,,,,,,,,,,,,,,
Instances/Instances 3/berlin52_03.gt,51,10.0,86400.0,LINEAR,NO SOLUTION,,,0.0068,,,,,,,,,,,,,,,
Instances/Instances 3/berlin52_04.gt,51,10.0,86400.0,LINEAR,NO SOLUTION,,,0.0066,,,,,,,,,,,,,,,
Instances/Instances 3/berlin52_05.gt,51,10.0,86400.0,LINEAR,NO SOLUTION,,,0.0062,,,,,,,,,,,,,,,
Instances/Instances 3/berlin52_06.gt,51,10.0,86400.0,LINEAR,NO SOLUTION,,,0.0061,,,,,,,,,,,,,,,
Instances/Instances 3/berlin52_07.gt,51,10.0,86400.0,LINEAR,NO SOLUTION,,,0.0065,,,,,,,,,,,,,,,
Instances/Instances 3/berlin52_08.gt,51,10.0,86400.0,LINEAR,NO SOLUTION,,,0.007,,,,,,,,,,,,,,,
Instances/Instances 3/berlin52_09.gt,51,10.0,86400.0,LINEAR,NO SOLUTION,,,0.0061,,,,,,,,,,,,,,,
Instances/Instances 3/berlin52_10.gt,51,10.0,86400.0,LINEAR,NO SOLUTION,,,0.0067,,,,,,,,,,,,,,,
Instances/Instances 3/bier127_01.gt,126,10.0,86400.0,LINEAR,NO SOLUTION,,,0.0067,,,,,,,,,,,,,,,
Instances/Instances 3/bier127_02.gt,126,10.0,86400.0,LINEAR,NO SOLUTION,,,0.0079,,,,,,,,,,,,,,,
Instances/Instances 3/bier127_03.gt,126,10.0,86400.0,LINEAR,NO SOLUTION,,,0.0071,,,,,,,,,,,,,,,
Instances/Instances 3/bier127_04.gt,126,10.0,86400.0,LINEAR,NO SOLUTION,,,0.0064,,,,,,,,,,,,,,,
Instances/Instances 3/bier127_05.gt,126,10.0,86400.0,LINEAR,NO SOLUTION,,,0.0058,,,,,,,,,,,,,,,
Instances/Instances 3/bier127_06.gt,126,10.0,86400.0,LINEAR,NO SOLUTION,,,0.0064,,,,,,,,,,,,,,,
Instances/Instances 3/bier127_07.gt,126,10.0,86400.0,LINEAR,NO SOLUTION,,,0.0062,,,,,,,,,,,,,,,
Instances/Instances 3/bier127_08.gt,126,10.0,86400.0,LINEAR,NO SOLUTION,,,0.0063,,,,,,,,,,,,,,,
Instances/Instances 3/bier127_09.gt,126,10.0,86400.0,LINEAR,NO SOLUTION,,,0.0063,,,,,,,,,,,,,,,
Instances/Instances 3/bier127_10.gt,126,10.0,86400.0,LINEAR,NO SOLUTION,,,0.0062,,,,,,,,,,,,,,,
Instances/Instances 3/bm33708_01.gt,33707,10.0,86400.0,LINEAR,NO SOLUTION,,,0.0333,,,,,,,,,,,,,,,
Instances/Instances 3/bm33708_02.gt,33707,10.0,86400.0,LINEAR,NO SOLUTION,,,0.0282,,,,,,,,,,,,,,,
Instances/Instances 3/bm33708_03.gt,33707,10.0,86400.0,LINEAR,NO SOLUTION,,,0.0318,,,,,,,,,,,,,,,
Instances/Instances 3/bm33708_04.gt,33707,10.0,86400.0,LINEAR,NO SOLUTION,,,0.0315,,,,,,,,,,,,,,,
Instances/Instances 3/bm33708_05.gt,33707,10.0,86400.0,LINEAR,NO SOLUTION,,,0.0309,,,,,,,,,,,,,,,
Instances/Instances 3/bm33708_06.gt,33707,10.0,86400.0,LINEAR,NO SOLUTION,,,0.0291,,,,,,,,,,,,,,,
Instances/Instances 3/bm33708_07.gt,33707,10.0,86400.0,LINEAR,NO SOLUTION,,,0.0305,,,,,,,,,,,,,,,
Instances/Instances 3/bm33708_08.gt,33707,10.0,86400.0,LINEAR,NO SOLUTION,,,0.029,,,,,,,,,,,,,,,
Instances/Instances 3/bm33708_09.gt,33707,10.0,86400.0,LINEAR,NO SOLUTION,,,0.0322,,,,,,,,,,,,,,,
Instances/Instances 3/bm33708_10.gt,33707,10.0,86400.0,LINEAR,NO SOLUTION,,,0.0309,,,,,,,,,,,,,,,
Instances/Instances 3/brd14051_01.gt,14050,10.0,86400.0,LINEAR,NO SOLUTION,,,0.0149,,,,,,,,,,,,,,,
Instances/Instances 3/brd14051_02.gt,14050,10.0,86400.0,LINEAR,NO SOLUTION,,,0.0159,,,,,,,,,,,,,,,
Instances/Instances 3/brd14051_03.gt,14050,10.0,86400.0,LINEAR,NO SOLUTION,,,0.0139,,,,,,,,,,,,,,,
Instances/Instances 3/brd14051_04.gt,14050,10.0,86400.0,LINEAR,NO SOLUTION,,,0.0151,,,,,,,,,,,,,,,
Instances/Instances 3/brd14051_05.gt,14050,10.0,86400.0,LINEAR,NO SOLUTION,,,0.0148,,,,,,,,,,,,,,,
Instances/Instances 3/brd14051_06.gt,14050,10.0,86400.0,LINEAR,NO SOLUTION,,,0.0151,,,,,,,,,,,,,,,
Instances/Instances 3/brd14051_07.gt,14050,10.0,86400.0,LINEAR,NO SOLUTION,,,0.0149,,,,,,,,,,,,,,,
Instances/Instances 3/brd14051_08.gt,14050,10.0,86400.0,LINEAR,NO SOLUTION,,,0.0141,,,,,,,,,,,,,,,
Instances/Instances 3/brd14051_09.gt,14050,10.0,86400.0,LINEAR,NO SOLUTION,,,0.0159,,,,,,,,,,,,,,,
Instances/Instances 3/brd14051_10.gt,14050,10.0,86400.0,LINEAR,NO SOLUTION,,,0.0149,,,,,,,,,,,,,,,
Instances/Instances 3/ca4663_01.gt,4662,10.0,86400.0,LINEAR,NO SOLUTION,,,0.0107,,,,,,,,,,,,,,,
Instances/Instances 3/ca4663_02.gt,4662,10.0,86400.0,LINEAR,NO SOLUTION,,,0.0097,,,,,,,,,,,,,,,
Instances/Instances 3/ca4663_03.gt,4662,10.0,86400.0,LINEAR,NO SOLUTION,,,0.0095,,,,,,,,,,,,,,,
Instances/Instances 3/ca4663_04.gt,4662,10.0,86400.0,LINEAR,NO SOLUTION,,,0.0092,,,,,,,,,,,,,,,
Instances/Instances 3/ca4663_05.gt,4662,10.0,86400.0,LINEAR,NO SOLUTION,,,0.0085,,,,,,,,,,,,,,,
Instances/Instances 3/ca4663_06.gt,4662,10.0,86400.0,LINEAR,NO SOLUTION,,,0.01,,,,,,,,,,,,,,,
Instances/Instances 3/ca4663_07.gt,4662,10.0,86400.0,LINEAR,NO SOLUTION,,,0.0094,,,,,,,,,,,,,,,
Instances/Instances 3/ca4663_08.gt,4662,10.0,86400.0,LINEAR,NO SOLUTION,,,0.0109,,,,,,,,,,,,,,,
Instances/Instances 3/ca4663_09.gt,4662,10.0,86400.0,LINEAR,NO SOLUTION,,,0.009,,,,,,,,,,,,,,,
Instances/Instances 3/ca4663_10.gt,4662,10.0,86400.0,LINEAR,NO SOLUTION,,,0.0091,,,,,,,,,,,,,,,
Instances/Instances 3/ch130_01.gt,129,10.0,86400.0,LINEAR,NO SOLUTION,,,0.0068,,,,,,,,,,,,,,,
Instances/Instances 3/ch130_02.gt,129,10.0,86400.0,LINEAR,NO SOLUTION,,,0.0063,,,,,,,,,,,,,,,
Instances/Instances 3/ch130_03.gt,129,10.0,86400.0,LINEAR,NO SOLUTION,,,0.0064,,,,,,,,,,,,,,,
Instances/Instances 3/ch130_04.gt,129,10.0,86400.0,LINEAR,NO SOLUTION,,,0.0065,,,,,,,,,,,,,,,
Instances/Instances 3/ch130_05.gt,129,10.0,86400.0,LINEAR,NO SOLUTION,,,0.0063,,,,,,,,,,,,,,,
Instances/Instances 3/ch130_06.gt,129,10.0,86400.0,LINEAR,NO SOLUTION,,,0.0061,,,,,,,,,,,,,,,
Instances/Instances 3/ch130_07.gt,129,10.0,86400.0,LINEAR,NO SOLUTION,,,0.0065,,,,,,,,,,,,,,,
Instances/Instances 3/ch130_08.gt,129,10.0,86400.0,LINEAR,NO SOLUTION,,,0.0061,,,,,,,,,,,,,,,
Instances/Instances 3/ch130_09.gt,129,10.0,86400.0,LINEAR,NO SOLUTION,,,0.0062,,,,,,,,,,,,,,,
Instances/Instances 3/ch130_10.gt,129,10.0,86400.0,LINEAR,NO SOLUTION,,,0.0063,,,,,,,,,,,,,,,
Instances/Instances 3/ch150_01.gt,149,10.0,86400.0,LINEAR,NO SOLUTION,,,0.0064,,,,,,,,,,,,,,,
Instances/Instances 3/ch150_02.gt,149,10.0,86400.0,LINEAR,NO SOLUTION,,,0.0063,,,,,,,,,,,,,,,
Instances/Instances 3/ch150_03.gt,149,10.0,86400.0,LINEAR,NO SOLUTION,,,0.006,,,,,,,,,,,,,,,
Instances/Instances 3/ch150_04.gt,149,10.0,86400.0,LINEAR,NO SOLUTION,,,0.0063,,,,,,,,,,,,,,,
Instances/Instances 3/ch150_05.gt,149,10.0,86400.0,LINEAR,NO SOLUTION,,,0.0061,,,,,,,,,,,,,,,
Instances/Instances 3/ch150_06.gt,149,10.0,86400.0,LINEAR,NO SOLUTION,,,0.0068,,,,,,,,,,,,,,,
Instances/Instances 3/ch150_07.gt,149,10.0,86400.0,LINEAR,NO SOLUTION,,,0.0064,,,,,,,,,,,,,,,
Instances/Instances 3/ch150_08.gt,149,10.0,86400.0,LINEAR,NO SOLUTION,,,0.0075,,,,,,,,,,,,,,,
Instances/Instances 3/ch150_09.gt,149,10.0,86400.0,LINEAR,NO SOLUTION,,,0.0071,,,,,,,,,,,,,,,
Instances/Instances 3/ch150_10.gt,149,10.0,86400.0,LINEAR,NO SOLUTION,,,0.0064,,,,,,,,,,,,,,,
Instances/Instances 3/ch71009_01.gt,71008,10.0,86400.0,LINEAR,NO SOLUTION,,,0.0551,,,,,,,,,,,,,,,
Instances/Instances 3/ch71009_02.gt,71008,10.0,86400.0,LINEAR,NO SOLUTION,,,0.056,,,,,,,,,,,,,,,
Instances/Instances 3/ch71009_03.gt,71008,10.0,86400.0,LINEAR,NO SOLUTION,,,0.0558,,,,,,,,,,,,,,,
Instances/Instances 3/ch71009_04.gt,71008,10.0,86400.0,LINEAR,NO SOLUTION,,,0.0544,,,,,,,,,,,,,,,
Instances/Instances 3/ch71009_05.gt,71008,10.0,86400.0,LINEAR,NO SOLUTION,,,0.0543,,,,,,,,,,,,,,,
Instances/Instances 3/ch71009_06.gt,71008,10.0,86400.0,LINEAR,NO SOLUTION,,,0.0582,,,,,,,,,,,,,,,
Instances/Instances 3/ch71009_07.gt,71008,10.0,86400.0,LINEAR,NO SOLUTION,,,0.0539,,,,,,,,,,,,,,,
Instances/Instances 3/ch71009_08.gt,71008,10.0,86400.0,LINEAR,NO SOLUTION,,,0.0508,,,,,,,,,,,,,,,
Instances/Instances 3/ch71009_09.gt,71008,10.0,86400.0,LINEAR,NO SOLUTION,,,0.0571,,,,,,,,,,,,,,,
Instances/Instances 3/ch71009_10.gt,71008,10.0,86400.0,LINEAR,NO SOLUTION,,,0.0576,,,,,,,,,,,,,,,
Instances/Instances 3/d1291_01.gt,1290,10.0,86400.0,LINEAR,NO SOLUTION,,,0.0081,,,,,,,,,,,,,,,
Instances/Instances 3/d1291_02.gt,1290,10.0,86400.0,LINEAR,NO SOLUTION,,,0.0073,,,,,,,,,,,,,,,
Instances/Instances 3/d1291_03.gt,1290,10.0,86400.0,LINEAR,NO SOLUTION,,,0.0064,,,,,,,,,,,,,,,
Instances/Instances 3/d1291_04.gt,1290,10.0,86400.0,LINEAR,NO SOLUTION,,,0.0069,,,,,,,,,,,,,,,
Instances/Instances 3/d1291_05.gt,1290,10.0,86400.0,LINEAR,NO SOLUTION,,,0.0066,,,,,,,,,,,,,,,
Instances/Instances 3/d1291_06.gt,1290,10.0,86400.0,LINEAR,NO SOLUTION,,,0.0071,,,,,,,,,,,,,,,
Instances/Instances 3/d1291_07.gt,1290,10.0,86400.0,LINEAR,NO SOLUTION,,,0.0074,,,,,,,,,,,,,,,
Instances/Instances 3/d1291_08.gt,1290,10.0,86400.0,LINEAR,NO SOLUTION,,,0.0075,,,,,,,,,,,,,,,
Instances/Instances 3/d1291_09.gt,1290,10.0,86400.0,LINEAR,NO SOLUTION,,,0.0075,,,,,,,,,,,,,,,
Instances/Instances 3/d1291_10.gt,1290,10.0,86400.0,LINEAR,NO SOLUTION,,,0.0065,,,,,,,,,,,,,,,
Instances/Instances 3/d15112_01.gt,15111,10.0,86400.0,LINEAR,NO SOLUTION,,,0.0156,,,,,,,,,,,,,,,
Instances/Instances 3/d15112_02.gt,15111,10.0,86400.0,LINEAR,NO SOLUTION,,,0.0167,,,,,,,,,,,,,,,
Instances/Instances 3/d15112_03.gt,15111,10.0,86400.0,LINEAR,NO SOLUTION,,,0.0179,,,,,,,,,,,,,,,
Instances/Instances 3/d15112_04.gt,15111,10.0,86400.0,LINEAR,NO SOLUTION,,,0.0202,,,,,,,,,,,,,,,
Instances/Instances 3/d15112_05.gt,15111,10.0,86400.0,LINEAR,NO SOLUTION,,,0.0175,,,,,,,,,,,,,,,
Instances/Instances 3/d15112_06.gt,15111,10.0,86400.0,LINEAR,NO SOLUTION,,,0.0158,,,,,,,,,,,,,,,
Instances/Instances 3/d15112_07.gt,15111,10.0,86400.0,LINEAR,NO SOLUTION,,,0.0162,,,,,,,,,,,,,,,
Instances/Instances 3/d15112_08.gt,15111,10.0,86400.0,LINEAR,NO SOLUTION,,,0.0165,,,,,,,,,,,,,,,
Instances/Instances 3/d15112_09.gt,15111,10.0,86400.0,LINEAR,NO SOLUTION,,,0.0182,,,,,,,,,,,,,,,
Instances/Instances 3/d15112_10.gt,15111,10.0,86400.0,LINEAR,NO SOLUTION,,,0.0167,,,,,,,,,,,,,,,
Instances/Instances 3/d1655_01.gt,1654,10.0,86400.0,LINEAR,NO SOLUTION,,,0.0076,,,,,,,,,,,,,,,
Instances/Instances 3/d1655_02.gt,1654,10.0,86400.0,LINEAR,NO SOLUTION,,,0.0073,,,,,,,,,,,,,,,
Instances/Instances 3/d1655_03.gt,1654,10.0,86400.0,LINEAR,NO SOLUTION,,,0.0072,,,,,,,,,,,,,,,
Instances/Instances 3/d1655_04.gt,1654,10.0,86400.0,LINEAR,NO SOLUTION,,,0.0072,,,,,,,,,,,,,,,
Instances/Instances 3/d1655_05.gt,1654,10.0,86400.0,LINEAR,NO SOLUTION,,,0.0076,,,,,,,,,,,,,,,
Instances/Instances 3/d1655_06.gt,1654,10.0,86400.0,LINEAR,NO SOLUTION,,,0.008,,,,,,,,,,,,,,,
Instances/Instances 3/d1655_07.gt,1654,10.0,86400.0,LINEAR,NO SOLUTION,,,0.0074,,,,,,,,,,,,,,,
Instances/Instances 3/d1655_08.gt,1654,10.0,86400.0,LINEAR,NO SOLUTION,,,0.0071,,,,,,,,,,,,,,,
Instances/Instances 3/d1655_09.gt,1654,10.0,86400.0,LINEAR,NO SOLUTION,,,0.0072,,,,,,,,,,,,,,,
Instances/Instances 3/d1655_10.gt,1654,10.0,86400.0,LINEAR,NO SOLUTION,,,0.0075,,,,,,,,,,,,,,,
Instances/Instances 3/d18512_01.gt,18511,10.0,86400.0,LINEAR,NO SOLUTION,,,0.0193,,,,,,,,,,,,,,,
Instances/Instances 3/d18512_02.gt,18511,10.0,86400.0,LINEAR,NO SOLUTION,,,0.0187,,,,,,,,,,,,,,,
Instances/Instances 3/d18512_03.gt,18511,10.0,86400.0,LINEAR,NO SOLUTION,,,0.0204,,,,,,,,,,,,,,,
Instances/Instances 3/d18512_04.gt,18511,10.0,86400.0,LINEAR,NO SOLUTION,,,0.0183,,,,,,,,,,,,,,,
Instances/Instances 3/d18512_05.gt,18511,10.0,86400.0,LINEAR,NO SOLUTION,,,0.0184,,,,,,,,,,,,,,,
Instances/Instances 3/d18512_06.gt,18511,10.0,86400.0,LINEAR,NO SOLUTION,,,0.0198,,,,,,,,,,,,,,,
Instances/Instances 3/d18512_07.gt,18511,10.0,86400.0,LINEAR,NO SOLUTION,,,0.0211,,,,,,,,,,,,,,,
Instances/Instances 3/d18512_08.gt,18511,10.0,86400.0,LINEAR,NO SOLUTION,,,0.0199,,,,,,,,,,,,,,,
Instances/Instances 3/d18512_09.gt,18511,10.0,86400.0,LINEAR,NO SOLUTION,,,0.0201,,,,,,,,,,,,,,,
Instances/Instances 3/d18512_10.gt,18511,10.0,86400.0,LINEAR,NO SOLUTION,,,0.0214,,,,,,,,,,,,,,,
Instances/Instances 3/d198_01.gt,197,10.0,86400.0,LINEAR,NO SOLUTION,,,0.0065,,,,,,,,,,,,,,,
Instances/Instances 3/d198_02.gt,197,10.0,86400.0,LINEAR,NO SOLUTION,,,0.0063,,,,,,,,,,,,,,,
Instances/Instances 3/d198_03.gt,197,10.0,86400.0,LINEAR,NO SOLUTION,,,0.0061,,,,,,,,,,,,,,,
Instances/Instances 3/d198_04.gt,197,10.0,86400.0,LINEAR,NO SOLUTION,,,0.0064,,,,,,,,,,,,,,,
Instances/Instances 3/d198_05.gt,197,10.0,86400.0,LINEAR,NO SOLUTION,,,0.0064,,,,,,,,,,,,,,,
Instances/Instances 3/d198_06.gt,197,10.0,86400.0,LINEAR,NO SOLUTION,,,0.0059,,,,,,,,,,,,,,,
Instances/Instances 3/d198_07.gt,197,10.0,86400.0,LINEAR,NO SOLUTION,,,0.006,,,,,,,,,,,,,,,
Instances/Instances 3/d198_08.gt,197,10.0,86400.0,LINEAR,NO SOLUTION,,,0.0061,,,,,,,,,,,,,,,
Instances/Instances 3/d198_09.gt,197,10.0,86400.0,LINEAR,NO SOLUTION,,,0.0059,,,,,,,,,,,,,,,
Instances/Instances 3/d198_10.gt,197,10.0,86400.0,LINEAR,NO SOLUTION,,,0.0062,,,,,,,,,,,,,,,
Instances/Instances 3/d2103_01.gt,2102,10.0,86400.0,LINEAR,NO SOLUTION,,,0.0074,,,,,,,,,,,,,,,
Instances/Instances 3/d2103_02.gt,2102,10.0,86400.0,LINEAR,NO SOLUTION,,,0.0073,,,,,,,,,,,,,,,
Instances/Instances 3/d2103_03.gt,2102,10.0,86400.0,LINEAR,NO SOLUTION,,,0.0063,,,,,,,,,,,,,,,
Instances/Instances 3/d2103_04.gt,2102,10.0,86400.0,LINEAR,NO SOLUTION,,,0.0072,,,,,,,,,,,,,,,
Instances/Instances 3/d2103_05.gt,2102,10.0,86400.0,LINEAR,NO SOLUTION,,,0.0075,,,,,,,,,,,,,,,
Instances/Instances 3/d2103_06.gt,2102,10.0,86400.0,LINEAR,NO SOLUTION,,,0.0083,,,,,,,,,,,,,,,
Instances/Instances 3/d2103_07.gt,2102,10.0,86400.0,LINEAR,NO SOLUTION,,,0.0064,,,,,,,,,,,,,,,
Instances/Instances 3/d2103_08.gt,2102,10.0,86400.0,LINEAR,NO SOLUTION,,,0.0079,,,,,,,,,,,,,,,
Instances/Instances 3/d2103_09.gt,2102,10.0,86400.0,LINEAR,NO SOLUTION,,,0.0074,,,,,,,,,,,,,,,
Instances/Instances 3/d2103_10.gt,2102,10.0,86400.0,LINEAR,NO SOLUTION,,,0.0076,,,,,,,,,,,,,,,
Instances/Instances 3/d493_01.gt,492,10.0,86400.0,LINEAR,NO SOLUTION,,,0.0064,,,,,,,,,,,,,,,
Instances/Instances 3/d493_02.gt,492,10.0,86400.0,LINEAR,NO SOLUTION,,,0.0066,,,,,,,,,,,,,,,
Instances/Instances 3/d493_03.gt,492,10.0,86400.0,LINEAR,NO SOLUTION,,,0.0062,,,,,,,,,,,,,,,
Instances/Instances 3/d493_04.gt,492,10.0,86400.0,LINEAR,NO SOLUTION,,,0.0062,,,,,,,,,,,,,,,
Instances/Instances 3/d493_05.gt,492,10.0,86400.0,LINEAR,NO SOLUTION,,,0.0066,,,,,,,,,,,,,,,
Instances/Instances 3/d493_06.gt,492,10.0,86400.0,LINEAR,NO SOLUTION,,,0.006,,,,,,,,,,,,,,,
Instances/Instances 3/d493_07.gt,492,10.0,86400.0,LINEAR,NO SOLUTION,,,0.0067,,,,,,,,,,,,,,,
Instances/Instances 3/d493_08.gt,492,10.0,86400.0,LINEAR,NO SOLUTION,,,0.0066,,,,,,,,,,,,,,,
Instances/Instances 3/d493_09.gt,492,10.0,86400.0,LINEAR,NO SOLUTION,,,0.007,,,,,,,,,,,,,,,
Instances/Instances 3/d493_10.gt,492,10.0,86400.0,LINEAR,NO SOLUTION,,,0.0073,,,,,,,,,,,,,,,
Instances/Instances 3/d657_01.gt,656,10.0,86400.0,LINEAR,NO SOLUTION,,,0.006,,,,,,,,,,,,,,,
Instances/Instances 3/d657_02.gt,656,10.0,86400.0,LINEAR,NO SOLUTION,,,0.0069,,,,,,,,,,,,,,,
Instances/Instances 3/d657_03.gt,656,10.0,86400.0,LINEAR,NO SOLUTION,,,0.0065,,,,,,,,,,,,,,,
Instances/Instances 3/d657_04.gt,656,10.0,86400.0,LINEAR,NO SOLUTION,,,0.0074,,,,,,,,,,,,,,,
Instances/Instances 3/d657_05.gt,656,10.0,86400.0,LINEAR,NO SOLUTION,,,0.0066,,,,,,,,,,,,,,,
Instances/Instances 3/d657_06.gt,656,10.0,86400.0,LINEAR,NO SOLUTION,,,0.0064,,,,,,,,,,,,,,,
Instances/Instances 3/d657_07.gt,656,10.0,86400.0,LINEAR,NO SOLUTION,,,0.0061,,,,,,,,,,,,,,,
Instances/Instances 3/d657_08.gt,656,10.0,86400.0,LINEAR,NO SOLUTION,,,0.0064,,,,,,,,,,,,,,,
Instances/Instances 3/d657_09.gt,656,10.0,86400.0,LINEAR,NO SOLUTION,,,0.0061,,,,,,,,,,,,,,,
Instances/Instances 3/d657_10.gt,656,10.0,86400.0,LINEAR,NO SOLUTION,,,0.0072,,,,,,,,,,,,,,,
Instances/Instances 3/dj38_01.gt,37,10.0,86400.0,LINEAR,NO SOLUTION,,,0.0064,,,,,,,,,,,,,,,
Instances/Instances 3/dj38_02.gt,37,10.0,86400.0,LINEAR,NO SOLUTION,,,0.0064,,,,,,,,,,,,,,,
Instances/Instances 3/dj38_03.gt,37,10.0,86400.0,LINEAR,NO SOLUTION,,,0.0061,,,,,,,,,,,,,,,
Instances/Instances 3/dj38_04.gt,37,10.0,86400.0,LINEAR,NO SOLUTION,,,0.0062,,,,,,,,,,,,,,,
Instances/Instances 3/dj38_05.gt,37,10.0,86400.0,LINEAR,NO SOLUTION,,,0.0058,,,,,,,,,,,,,,,
Instances/Instances 3/dj38_06.gt,37,10.0,86400.0,LINEAR,NO SOLUTION,,,0.0062,,,,,,,,,,,,,,,
Instances/Instances 3/dj38_07.gt,37,10.0,86400.0,LINEAR,NO SOLUTION,,,0.0062,,,,,,,,,,,,,,,
Instances/Instances 3/dj38_08.gt,37,10.0,86400.0,LINEAR,NO SOLUTION,,,0.006,,,,,,,,,,,,,,,
Instances/Instances 3/dj38_09.gt,37,10.0,86400.0,LINEAR,NO SOLUTION,,,0.0065,,,,,,,,,,,,,,,
Instances/Instances 3/dj38_10.gt,37,10.0,86400.0,LINEAR,NO SOLUTION,,,0.0065,,,,,,,,,,,,,,,
Instances/Instances 3/eg7146_01.gt,7145,10.0,86400.0,LINEAR,NO SOLUTION,,,0.013,,,,,,,,,,,,,,,
Instances/Instances 3/eg7146_02.gt,7145,10.0,86400.0,LINEAR,NO SOLUTION,,,0.0137,,,,,,,,,,,,,,,
Instances/Instances 3/eg7146_03.gt,7145,10.0,86400.0,LINEAR,NO SOLUTION,,,0.0121,,,,,,,,,,,,,,,
Instances/Instances 3/eg7146_04.gt,7145,10.0,86400.0,LINEAR,NO SOLUTION,,,0.0115,,,,,,,,,,,,,,,
Instances/Instances 3/eg7146_05.gt,7145,10.0,86400.0,LINEAR,NO SOLUTION,,,0.0104,,,,,,,,,,,,,,,
Instances/Instances 3/eg7146_06.gt,7145,10.0,86400.0,LINEAR,NO SOLUTION,,,0.0101,,,,,,,,,,,,,,,
Instances/Instances 3/eg7146_07.gt,7145,10.0,86400.0,LINEAR,NO SOLUTION,,,0.0108,,,,,,,,,,,,,,,
Instances/Instances 3/eg7146_08.gt,7145,10.0,86400.0,LINEAR,NO SOLUTION,,,0.0105,,,,,,,,,,,,,,,
Instances/Instances 3/eg7146_09.gt,7145,10.0,86400.0,LINEAR,NO SOLUTION,,,0.0107,,,,,,,,,,,,,,,
Instances/Instances 3/eg7146_10.gt,7145,10.0,86400.0,LINEAR,NO SOLUTION,,,0.0116,,,,,,,,,,,,,,,
Instances/Instances 3/ei8246_01.gt,8245,10.0,86400.0,LINEAR,NO SOLUTION,,,0.0123,,,,,,,,,,,,,,,
Instances/Instances 3/ei8246_02.gt,8245,10.0,86400.0,LINEAR,NO SOLUTION,,,0.0115,,,,,,,,,,,,,,,
Instances/Instances 3/ei8246_03.gt,8245,10.0,86400.0,LINEAR,NO SOLUTION,,,0.0115,,,,,,,,,,,,,,,
Instances/Instances 3/ei8246_04.gt,8245,10.0,86400.0,LINEAR,NO SOLUTION,,,0.0116,,,,,,,,,,,,,,,
Instances/Instances 3/ei8246_05.gt,8245,10.0,86400.0,LINEAR,NO SOLUTION,,,0.0108,,,,,,,,,,,,,,,
Instances/Instances 3/ei8246_06.gt,8245,10.0,86400.0,LINEAR,NO SOLUTION,,,0.0126,,,,,,,,,,,,,,,
Instances/Instances 3/ei8246_07.gt,8245,10.0,86400.0,LINEAR,NO SOLUTION,,,0.012,,,,,,,,,,,,,,,
Instances/Instances 3/ei8246_08.gt,8245,10.0,86400.0,LINEAR,NO SOLUTION,,,0.012,,,,,,,,,,,,,,,
Instances/Instances 3/ei8246_09.gt,8245,10.0,86400.0,LINEAR,NO SOLUTION,,,0.012,,,,,,,,,,,,,,,
Instances/Instances 3/ei8246_10.gt,8245,10.0,86400.0,LINEAR,NO SOLUTION,,,0.0117,,,,,,,,,,,,,,,
Instances/Instances 3/eil101_01.gt,100,10.0,86400.0,LINEAR,NO SOLUTION,,,0.0062,,,,,,,,,,,,,,,
Instances/Instances 3/eil101_02.gt,100,10.0,86400.0,LINEAR,NO SOLUTION,,,0.0062,,,,,,,,,,,,,,,
Instances/Instances 3/eil101_03.gt,100,10.0,86400.0,LINEAR,NO SOLUTION,,,0.0059,,,,,,,,,,,,,,,
Instances/Instances 3/eil101_04.gt,100,10.0,86400.0,LINEAR,NO SOLUTION,,,0.0067,,,,,,,,,,,,,,,
Instances/Instances 3/eil101_05.gt,100,10.0,86400.0,LINEAR,NO SOLUTION,,,0.0066,,,,,,,,,,,,,,,
Instances/Instances 3/eil101_06.gt,100,10.0,86400.0,LINEAR,NO SOLUTION,,,0.0054,,,,,,,,,,,,,,,
Instances/Instances 3/eil101_07.gt,100,10.0,86400.0,LINEAR,NO SOLUTION,,,0.0066,,,,,,,,,,,,,,,
Instances/Instances 3/eil101_08.gt,100,10.0,86400.0,LINEAR,NO SOLUTION,,,0.0053,,,,,,,,,,,,,,,
Instances/Instances 3/eil101_09.gt,100,10.0,86400.0,LINEAR,NO SOLUTION,,,0.0062,,,,,,,,,,,,,,,
Instances/Instances 3/eil101_10.gt,100,10.0,86400.0,LINEAR,NO SOLUTION,,,0.0065,,,,,,,,,,,,,,,
Instances/Instances 3/eil51_01.gt,50,10.0,86400.0,LINEAR,NO SOLUTION,,,0.0061,,,,,,,,,,,,,,,
Instances/Instances 3/eil51_02.gt,50,10.0,86400.0,LINEAR,NO SOLUTION,,,0.0064,,,,,,,,,,,,,,,
Instances/Instances 3/eil51_03.gt,50,10.0,86400.0,LINEAR,NO SOLUTION,,,0.0058,,,,,,,,,,,,,,,
Instances/Instances 3/eil51_04.gt,50,10.0,86400.0,LINEAR,NO SOLUTION,,,0.0063,,,,,,,,,,,,,,,
Instances/Instances 3/eil51_05.gt,50,10.0,86400.0,LINEAR,NO SOLUTION,,,0.0062,,,,,,,,,,,,,,,
Instances/Instances 3/eil51_06.gt,50,10.0,86400.0,LINEAR,NO SOLUTION,,,0.0063,,,,,,,,,,,,,,,
Instances/Instances 3/eil51_07.gt,50,10.0,86400.0,LINEAR,NO SOLUTION,,,0.0061,,,,,,,,,,,,,,,
Instances/Instances 3/eil51_08.gt,50,10.0,86400.0,LINEAR,NO SOLUTION,,,0.0066,,,,,,,,,,,,,,,
Instances/Instances 3/eil51_09.gt,50,10.0,86400.0,LINEAR,NO SOLUTION,,,0.0066,,,,,,,,,,,,,,,
Instances/Instances 3/eil51_10.gt,50,10.0,86400.0,LINEAR,NO SOLUTION,,,0.0062,,,,,,,,,,,,,,,
Instances/Instances 3/eil76_01.gt,75,10.0,86400.0,LINEAR,NO SOLUTION,,,0.0058,,,,,,,,,,,,,,,
Instances/Instances 3/eil76_02.gt,75,10.0,86400.0,LINEAR,NO SOLUTION,,,0.0063,,,,,,,,,,,,,,,
Instances/Instances 3/eil76_03.gt,75,10.0,86400.0,LINEAR,NO SOLUTION,,,0.006,,,,,,,,,,,,,,,
Instances/Instances 3/eil76_04.gt,75,10.0,86400.0,LINEAR,NO SOLUTION,,,0.0063,,,,,,,,,,,,,,,
Instances/Instances 3/eil76_05.gt,75,10.0,86400.0,LINEAR,NO SOLUTION,,,0.0062,,,,,,,,,,,,,,,
Instances/Instances 3/eil76_06.gt,75,10.0,86400.0,LINEAR,NO SOLUTION,,,0.0072,,,,,,,,,,,,,,,
Instances/Instances 3/eil76_07.gt,75,10.0,86400.0,LINEAR,NO SOLUTION,,,0.0061,,,,,,,,,,,,,,,
Instances/Instances 3/eil76_08.gt,75,10.0,86400.0,LINEAR,NO SOLUTION,,,0.0061,,,,,,,,,,,,,,,
Instances/Instances 3/eil76_09.gt,75,10.0,86400.0,LINEAR,NO SOLUTION,,,0.0062,,,,,,,,,,,,,,,
Instances/Instances 3/eil76_10.gt,75,10.0,86400.0,LINEAR,NO SOLUTION,,,0.006,,,,,,,,,,,,,,,
Instances/Instances 3/fi10639_01.gt,10638,10.0,86400.0,LINEAR,NO SOLUTION,,,0.0139,,,,,,,,,,,,,,,
Instances/Instances 3/fi10639_02.gt,10638,10.0,86400.0,LINEAR,NO SOLUTION,,,0.0137,,,,,,,,,,,,,,,
Instances/Instances 3/fi10639_03.gt,10638,10.0,86400.0,LINEAR,NO SOLUTION,,,0.0136,,,,,,,,,,,,,,,
Instances/Instances 3/fi10639_04.gt,10638,10.0,86400.0,LINEAR,NO SOLUTION,,,0.0126,,,,,,,,,,,,,,,
Instances/Instances 3/fi10639_05.gt,10638,10.0,86400.0,LINEAR,NO SOLUTION,,,0.0124,,,,,,,,,,,,,,,
Instances/Instances 3/fi10639_06.gt,10638,10.0,86400.0,LINEAR,NO SOLUTION,,,0.0131,,,,,,,,,,,,,,,
Instances/Instances 3/fi10639_07.gt,10638,10.0,86400.0,LINEAR,NO SOLUTION,,,0.0127,,,,,,,,,,,,,,,
Instances/Instances 3/fi10639_08.gt,10638,10.0,86400.0,LINEAR,NO SOLUTION,,,0.0127,,,,,,,,,,,,,,,
Instances/Instances 3/fi10639_09.gt,10638,10.0,86400.0,LINEAR,NO SOLUTION,,,0.0126,,,,,,,,,,,,,,,
Instances/Instances 3/fi10639_10.gt,10638,10.0,86400.0,LINEAR,NO SOLUTION,,,0.0133,,,,,,,,,,,,,,,
Instances/Instances 3/fl1400_01.gt,1399,10.0,86400.0,LINEAR,NO SOLUTION,,,0.007,,,,,,,,,,,,,,,
Instances/Instances 3/fl1400_02.gt,1399,10.0,86400.0,LINEAR,NO SOLUTION,,,0.0069,,,,,,,,,,,,,,,
Instances/Instances 3/fl1400_03.gt,1399,10.0,86400.0,LINEAR,NO SOLUTION,,,0.0065,,,,,,,,,,,,,,,
Instances/Instances 3/fl1400_04.gt,1399,10.0,86400.0,LINEAR,NO SOLUTION,,,0.0069,,,,,,,,,,,,,,,
Instances/Instances 3/fl1400_05.gt,1399,10.0,86400.0,LINEAR,NO SOLUTION,,,0.0069,,,,,,,,,,,,,,,
Instances/Instances 3/fl1400_06.gt,1399,10.0,86400.0,LINEAR,NO SOLUTION,,,0.0074,,,,,,,,,,,,,,,
Instances/Instances 3/fl1400_07.gt,1399,10.0,86400.0,LINEAR,NO SOLUTION,,,0.0071,,,,,,,,,,,,,,,
Instances/Instances 3/fl1400_08.gt,1399,10.0,86400.0,LINEAR,NO SOLUTION,,,0.0068,,,,,,,,,,,,,,,
Instances/Instances 3/fl1400_09.gt,1399,10.0,86400.0,LINEAR,NO SOLUTION,,,0.0073,,,,,,,,,,,,,,,
Instances/Instances 3/fl1400_10.gt,1399,10.0,86400.0,LINEAR,NO SOLUTION,,,0.007,,,,,,,,,,,,,,,
Instances/Instances 3/fl1577_01.gt,1576,10.0,86400.0,LINEAR,NO SOLUTION,,,0.0069,,,,,,,,,,,,,,,
Instances/Instances 3/fl1577_02.gt,1576,10.0,86400.0,LINEAR,NO SOLUTION,,,0.0072,,,,,,,,,,,,,,,
Instances/Instances 3/fl1577_03.gt,1576,10.0,86400.0,LINEAR,NO SOLUTION,,,0.007,,,,,,,,,,,,,,,
Instances/Instances 3/fl1577_04.gt,1576,10.0,86400.0,LINEAR,NO SOLUTION,,,0.0066,,,,,,,,,,,,,,,
Instances/Instances 3/fl1577_05.gt,1576,10.0,86400.0,LINEAR,NO SOLUTION,,,0.0068,,,,,,,,,,,,,,,
Instances/Instances 3/fl1577_06.gt,1576,10.0,86400.0,LINEAR,NO SOLUTION,,,0.0086,,,,,,,,,,,,,,,
Instances/Instances 3/fl1577_07.gt,1576,10.0,86400.0,LINEAR,NO SOLUTION,,,0.0068,,,,,,,,,,,,,,,
Instances/Instances 3/fl1577_08.gt,1576,10.0,86400.0,LINEAR,NO SOLUTION,,,0.0068,,,,,,,,,,,,,,,
Instances/Instances 3/fl1577_09.gt,1576,10.0,86400.0,LINEAR,NO SOLUTION,,,0.0066,,,,,,,,,,,,,,,
Instances/Instances 3/fl1577_10.gt,1576,10.0,86400.0,LINEAR,NO SOLUTION,,,0.007,,,,,,,,,,,,,,,
Instances/Instances 3/fl3795_01.gt,3794,10.0,86400.0,LINEAR,NO SOLUTION,,,0.008,,,,,,,,,,,,,,,
Instances/Instances 3/fl3795_02.gt,3794,10.0,86400.0,LINEAR,NO SOLUTION,,,0.0081,,,,,,,,,,,,,,,
Instances/Instances 3/fl3795_03.gt,3794,10.0,86400.0,LINEAR,NO SOLUTION,,,0.0079,,,,,,,,,,,,,,,
Instances/Instances 3/fl3795_04.gt,3794,10.0,86400.0,LINEAR,NO SOLUTION,,,0.0086,,,,,,,,,,,,,,,
Instances/Instances 3/fl3795_05.gt,3794,10.0,86400.0,LINEAR,NO SOLUTION,,,0.0085,,,,,,,,,,,,,,,
Instances/Instances 3/fl3795_06.gt,3794,10.0,86400.0,LINEAR,NO SOLUTION,,,0.0092,,,,,,,,,,,,,,,
Instances/Instances 3/fl3795_07.gt,3794,10.0,86400.0,LINEAR,NO SOLUTION,,,0.0084,,,,,,,,,,,,,,,
Instances/Instances 3/fl3795_08.gt,3794,10.0,86400.0,LINEAR,NO SOLUTION,,,0.0081,,,,,,,,,,,,,,,
Instances/Instances 3/fl3795_09.gt,3794,10.0,86400.0,LINEAR,NO SOLUTION,,,0.0086,,,,,,,,,,,,,,,
Instances/Instances 3/fl3795_10.gt,3794,10.0,86400.0,LINEAR,NO SOLUTION,,,0.0074,,,,,,,,,,,,,,,
Instances/Instances 3/fl417_01.gt,416,10.0,86400.0,LINEAR,NO SOLUTION,,,0.0059,,,,,,,,,,,,,,,
Instances/Instances 3/fl417_02.gt,416,10.0,86400.0,LINEAR,NO SOLUTION,,,0.0067,,,,,,,,,,,,,,,
Instances/Instances 3/fl417_03.gt,416,10.0,86400.0,LINEAR,NO SOLUTION,,,0.006,,,,,,,,,,,,,,,
Instances/Instances 3/fl417_04.gt,416,10.0,86400.0,LINEAR,NO SOLUTION,,,0.0066,,,,,,,,,,,,,,,
Instances/Instances 3/fl417_05.gt,416,10.0,86400.0,LINEAR,NO SOLUTION,,,0.0065,,,,,,,,,,,,,,,
Instances/Instances 3/fl417_06.gt,416,10.0,86400.0,LINEAR,NO SOLUTION,,,0.0063,,,,,,,,,,,,,,,
Instances/Instances 3/fl417_07.gt,416,10.0,86400.0,LINEAR,NO SOLUTION,,,0.0062,,,,,,,,,,,,,,,
Instances/Instances 3/fl417_08.gt,416,10.0,86400.0,LINEAR,NO SOLUTION,,,0.0063,,,,,,,,,,,,,,,
Instances/Instances 3/fl417_09.gt,416,10.0,86400.0,LINEAR,NO SOLUTION,,,0.0369,,,,,,,,,,,,,,,
Instances/Instances 3/fl417_10.gt,416,10.0,86400.0,LINEAR,NO SOLUTION,,,0.0074,,,,,,,,,,,,,,,
Instances/Instances 3/fnl4461_01.gt,4460,10.0,86400.0,LINEAR,NO SOLUTION,,,0.0102,,,,,,,,,,,,,,,
Instances/Instances 3/fnl4461_02.gt,4460,10.0,86400.0,LINEAR,NO SOLUTION,,,0.0088,,,,,,,,,,,,,,,
Instances/Instances 3/fnl4461_03.gt,4460,10.0,86400.0,LINEAR,NO SOLUTION,,,0.0092,,,,,,,,,,,,,,,
Instances/Instances 3/fnl4461_04.gt,4460,10.0,86400.0,LINEAR,NO SOLUTION,,,0.0085,,,,,,,,,,,,,,,
Instances/Instances 3/fnl4461_05.gt,4460,10.0,86400.0,LINEAR,NO SOLUTION,,,0.0093,,,,,,,,,,,,,,,
Instances/Instances 3/fnl4461_06.gt,4460,10.0,86400.0,LINEAR,NO SOLUTION,,,0.0096,,,,,,,,,,,,,,,
Instances/Instances 3/fnl4461_07.gt,4460,10.0,86400.0,LINEAR,NO SOLUTION,,,0.0088,,,,,,,,,,,,,,,
Instances/Instances 3/fnl4461_08.gt,4460,10.0,86400.0,LINEAR,NO SOLUTION,,,0.0087,,,,,,,,,,,,,,,
Instances/Instances 3/fnl4461_09.gt,4460,10.0,86400.0,LINEAR,NO SOLUTION,,,0.0086,,,,,,,,,,,,,,,
Instances/Instances 3/fnl4461_10.gt,4460,10.0,86400.0,LINEAR,NO SOLUTION,,,0.009,,,,,,,,,,,,,,,
Instances/Instances 3/gil262_01.gt,261,10.0,86400.0,LINEAR,NO SOLUTION,,,0.0063,,,,,,,,,,,,,,,
Instances/Instances 3/gil262_02.gt,261,10.0,86400.0,LINEAR,NO SOLUTION,,,0.0065,,,,,,,,,,,,,,,
Instances/Instances 3/gil262_03.gt,261,10.0,86400.0,LINEAR,NO SOLUTION,,,0.0063,,,,,,,,,,,,,,,
Instances/Instances 3/gil262_04.gt,261,10.0,86400.0,LINEAR,NO SOLUTION,,,0.0061,,,,,,,,,,,,,,,
Instances/Instances 3/gil262_05.gt,261,10.0,86400.0,LINEAR,NO SOLUTION,,,0.0066,,,,,,,,,,,,,,,
Instances/Instances 3/gil262_06.gt,261,10.0,86400.0,LINEAR,NO SOLUTION,,,0.0063,,,,,,,,,,,,,,,
Instances/Instances 3/gil262_07.gt,261,10.0,86400.0,LINEAR,NO SOLUTION,,,0.0061,,,,,,,,,,,,,,,
Instances/Instances 3/gil262_08.gt,261,10.0,86400.0,LINEAR,NO SOLUTION,,,0.0062,,,,,,,,,,,,,,,
Instances/Instances 3/gil262_09.gt,261,10.0,86400.0,LINEAR,NO SOLUTION,,,0.0058,,,,,,,,,,,,,,,
Instances/Instances 3/gil262_10.gt,261,10.0,86400.0,LINEAR,NO SOLUTION,,,0.0065,,,,,,,,,,,,,,,
Instances/Instances 3/gr9882_01.gt,9881,10.0,86400.0,LINEAR,NO SOLUTION,,,0.0124,,,,,,,,,,,,,,,
Instances/Instances 3/gr9882_02.gt,9881,10.0,86400.0,LINEAR,NO SOLUTION,,,0.0131,,,,,,,,,,,,,,,
Instances/Instances 3/gr9882_03.gt,9881,10.0,86400.0,LINEAR,NO SOLUTION,,,0.0131,,,,,,,,,,,,,,,
Instances/Instances 3/gr9882_04.gt,9881,10.0,86400.0,LINEAR,NO SOLUTION,,,0.0138,,,,,,,,,,,,,,,
Instances/Instances 3/gr9882_05.gt,9881,10.0,86400.0,LINEAR,NO SOLUTION,,,0.0138,,,,,,,,,,,,,,,
Instances/Instances 3/gr9882_06.gt,9881,10.0,86400.0,LINEAR,NO SOLUTION,,,0.0125,,,,,,,,,,,,,,,
Instances/Instances 3/gr9882_07.gt,9881,10.0,86400.0,LINEAR,NO SOLUTION,,,0.013,,,,,,,,,,,,,,,
Instances/Instances 3/gr9882_08.gt,9881,10.0,86400.0,LINEAR,NO SOLUTION,,,0.0118,,,,,,,,,,,,,,,
Instances/Instances 3/gr9882_09.gt,9881,10.0,86400.0,LINEAR,NO SOLUTION,,,0.0129,,,,,,,,,,,,,,,
Instances/Instances 3/gr9882_10.gt,9881,10.0,86400.0,LINEAR,NO SOLUTION,,,0.0124,,,,,,,,,,,,,,,
Instances/Instances 3/ho14473_01.gt,14472,10.0,86400.0,LINEAR,NO SOLUTION,,,0.0161,,,,,,,,,,,,,,,
Instances/Instances 3/ho14473_02.gt,14472,10.0,86400.0,LINEAR,NO SOLUTION,,,0.0158,,,,,,,,,,,,,,,
Instances/Instances 3/ho14473_03.gt,14472,10.0,86400.0,LINEAR,NO SOLUTION,,,0.0146,,,,,,,,,,,,,,,
Instances/Instances 3/ho14473_04.gt,14472,10.0,86400.0,LINEAR,NO SOLUTION,,,0.0154,,,,,,,,,,,,,,,
Instances/Instances 3/ho14473_05.gt,14472,10.0,86400.0,LINEAR,NO SOLUTION,,,0.0161,,,,,,,,,,,,,,,
Instances/Instances 3/ho14473_06.gt,14472,10.0,86400.0,LINEAR,NO SOLUTION,,,0.0157,,,,,,,,,,,,,,,
Instances/Instances 3/ho14473_07.gt,14472,10.0,86400.0,LINEAR,NO SOLUTION,,,0.0149,,,,,,,,,,,,,,,
Instances/Instances 3/ho14473_08.gt,14472,10.0,86400.0,LINEAR,NO SOLUTION,,,0.0159,,,,,,,,,,,,,,,
Instances/Instances 3/ho14473_09.gt,14472,10.0,86400.0,LINEAR,NO SOLUTION,,,0.0158,,,,,,,,,,,,,,,
Instances/Instances 3/ho14473_10.gt,14472,10.0,86400.0,LINEAR,NO SOLUTION,,,0.0154,,,,,,,,,,,,,,,
Instances/Instances 3/it16862_01.gt,16861,10.0,86400.0,LINEAR,NO SOLUTION,,,0.0196,,,,,,,,,,,,,,,
Instances/Instances 3/it16862_02.gt,16861,10.0,86400.0,LINEAR,NO SOLUTION,,,0.0209,,,,,,,,,,,,,,,
Instances/Instances 3/it16862_03.gt,16861,10.0,86400.0,LINEAR,NO SOLUTION,,,0.017,,,,,,,,,,,,,,,
Instances/Instances 3/it16862_04.gt,16861,10.0,86400.0,LINEAR,NO SOLUTION,,,0.0183,,,,,,,,,,,,,,,
Instances/Instances 3/it16862_05.gt,16861,10.0,86400.0,LINEAR,NO SOLUTION,,,0.0198,,,,,,,,,,,,,,,
Instances/Instances 3/it16862_06.gt,16861,10.0,86400.0,LINEAR,NO SOLUTION,,,0.0181,,,,,,,,,,,,,,,
Instances/Instances 3/it16862_07.gt,16861,10.0,86400.0,LINEAR,NO SOLUTION,,,0.0196,,,,,,,,,,,,,,,
Instances/Instances 3/it16862_08.gt,16861,10.0,86400.0,LINEAR,NO SOLUTION,,,0.0183,,,,,,,,,,,,,,,
Instances/Instances 3/it16862_09.gt,16861,10.0,86400.0,LINEAR,NO SOLUTION,,,0.0226,,,,,,,,,,,,,,,
Instances/Instances 3/it16862_10.gt,16861,10.0,86400.0,LINEAR,NO SOLUTION,,,0.0187,,,,,,,,,,,,,,,
Instances/Instances 3/ja9847_01.gt,9846,10.0,86400.0,LINEAR,NO SOLUTION,,,0.0126,,,,,,,,,,,,,,,
Instances/Instances 3/ja9847_02.gt,9846,10.0,86400.0,LINEAR,NO SOLUTION,,,0.0124,,,,,,,,,,,,,,,
Instances/Instances 3/ja9847_03.gt,9846,10.0,86400.0,LINEAR,NO SOLUTION,,,0.0125,,,,,,,,,,,,,,,
Instances/Instances 3/ja9847_04.gt,9846,10.0,86400.0,LINEAR,NO SOLUTION,,,0.012,,,,,,,,,,,,,,,
Instances/Instances 3/ja9847_05.gt,9846,10.0,86400.0,LINEAR,NO SOLUTION,,,0.012,,,,,,,,,,,,,,,
Instances/Instances 3/ja9847_06.gt,9846,10.0,86400.0,LINEAR,NO SOLUTION,,,0.0128,,,,,,,,,,,,,,,
Instances/Instances 3/ja9847_07.gt,9846,10.0,86400.0,LINEAR,NO SOLUTION,,,0.0138,,,,,,,,,,,,,,,
Instances/Instances 3/ja9847_08.gt,9846,10.0,86400.0,LINEAR,NO SOLUTION,,,0.0129,,,,,,,,,,,,,,,
Instances/Instances 3/ja9847_09.gt,9846,10.0,86400.0,LINEAR,NO SOLUTION,,,0.0121,,,,,,,,,,,,,,,
Instances/Instances 3/ja9847_10.gt,9846,10.0,86400.0,LINEAR,NO SOLUTION,,,0.0127,,,,,,,,,,,,,,,
Instances/Instances 3/kroA100_01.gt,99,10.0,86400.0,LINEAR,NO SOLUTION,,,0.0061,,,,,,,,,,,,,,,
Instances/Instances 3/kroA100_02.gt,99,10.0,86400.0,LINEAR,NO SOLUTION,,,0.0063,,,,,,,,,,,,,,,
Instances/Instances 3/kroA100_03.gt,99,10.0,86400.0,LINEAR,NO SOLUTION,,,0.0062,,,,,,,,,,,,,,,
Instances/Instances 3/kroA100_04.gt,99,10.0,86400.0,LINEAR,NO SOLUTION,,,0.0065,,,,,,,,,,,,,,,
Instances/Instances 3/kroA100_05.gt,99,10.0,86400.0,LINEAR,NO SOLUTION,,,0.0062,,,,,,,,,,,,,,,
Instances/Instances 3/kroA100_06.gt,99,10.0,86400.0,LINEAR,NO SOLUTION,,,0.0061,,,,,,,,,,,,,,,
Instances/Instances 3/kroA100_07.gt,99,10.0,86400.0,LINEAR,NO SOLUTION,,,0.006,,,,,,,,,,,,,,,
Instances/Instances 3/kroA100_08.gt,99,10.0,86400.0,LINEAR,NO SOLUTION,,,0.0056,,,,,,,,,,,,,,,
Instances/Instances 3/kroA100_09.gt,99,10.0,86400.0,LINEAR,NO SOLUTION,,,0.0059,,,,,,,,,,,,,,,
Instances/Instances 3/kroA100_10.gt,99,10.0,86400.0,LINEAR,NO SOLUTION,,,0.0059,,,,,,,,,,,,,,,
Instances/Instances 3/kroA150_01.gt,149,10.0,86400.0,LINEAR,NO SOLUTION,,,0.0059,,,,,,,,,,,,,,,
Instances/Instances 3/kroA150_02.gt,149,10.0,86400.0,LINEAR,NO SOLUTION,,,0.0059,,,,,,,,,,,,,,,
Instances/Instances 3/kroA150_03.gt,149,10.0,86400.0,LINEAR,NO SOLUTION,,,0.0064,,,,,,,,,,,,,,,
Instances/Instances 3/kroA150_04.gt,149,10.0,86400.0,LINEAR,NO SOLUTION,,,0.0061,,,,,,,,,,,,,,,
Instances/Instances 3/kroA150_05.gt,149,10.0,86400.0,LINEAR,NO SOLUTION,,,0.006,,,,,,,,,,,,,,,
Instances/Instances 3/kroA150_06.gt,149,10.0,86400.0,LINEAR,NO SOLUTION,,,0.0066,,,,,,,,,,,,,,,
Instances/Instances 3/kroA150_07.gt,149,10.0,86400.0,LINEAR,NO SOLUTION,,,0.0065,,,,,,,,,,,,,,,
Instances/Instances 3/kroA150_08.gt,149,10.0,86400.0,LINEAR,NO SOLUTION,,,0.0056,,,,,,,,,,,,,,,
Instances/Instances 3/kroA150_09.gt,149,10.0,86400.0,LINEAR,NO SOLUTION,,,0.0063,,,,,,,,,,,,,,,
Instances/Instances 3/kroA150_10.gt,149,10.0,86400.0,LINEAR,NO SOLUTION,,,0.0064,,,,,,,,,,,,,,,
Instances/Instances 3/kroA200_01.gt,199,10.0,86400.0,LINEAR,30089.0,2,,0.0062,,,,,,,,,,,,,,,
Instances/Instances 3/kroA200_02.gt,199,10.0,86400.0,LINEAR,30089.0,2,,0.0058,,,,,,,,,,,,,,,
Instances/Instances 3/kroA200_03.gt,199,10.0,86400.0,LINEAR,30089.0,2,,0.0063,,,,,,,,,,,,,,,
Instances/Instances 3/kroA200_04.gt,199,10.0,86400.0,LINEAR,30089.0,2,,0.0068,,,,,,,,,,,,,,,
Instances/Instances 3/kroA200_05.gt,199,10.0,86400.0,LINEAR,30089.0,2,,0.0065,,,,,,,,,,,,,,,
Instances/Instances 3/kroA200_06.gt,199,10.0,86400.0,LINEAR,30089.0,2,,0.0061,,,,,,,,,,,,,,,
Instances/Instances 3/kroA200_07.gt,199,10.0,86400.0,LINEAR,30089.0,2,,0.0061,,,,,,,,,,,,,,,
Instances/Instances 3/kroA200_08.gt,199,10.0,86400.0,LINEAR,30089.0,2,,0.0063,,,,,,,,,,,,,,,
Instances/Instances 3/kroA200_09.gt,199,10.0,86400.0,LINEAR,30089.0,2,,0.0063,,,,,,,,,,,,,,,
Instances/Instances 3/kroA200_10.gt,199,10.0,86400.0,LINEAR,30089.0,2,,0.0061,,,,,,,,,,,,,,,
Instances/Instances 3/kroB100_01.gt,99,10.0,86400.0,LINEAR,NO SOLUTION,,,0.0063,,,,,,,,,,,,,,,
Instances/Instances 3/kroB100_02.gt,99,10.0,86400.0,LINEAR,NO SOLUTION,,,0.0065,,,,,,,,,,,,,,,
Instances/Instances 3/kroB100_03.gt,99,10.0,86400.0,LINEAR,NO SOLUTION,,,0.0062,,,,,,,,,,,,,,,
Instances/Instances 3/kroB100_04.gt,99,10.0,86400.0,LINEAR,NO SOLUTION,,,0.0064,,,,,,,,,,,,,,,
Instances/Instances 3/kroB100_05.gt,99,10.0,86400.0,LINEAR,NO SOLUTION,,,0.0062,,,,,,,,,,,,,,,
Instances/Instances 3/kroB100_06.gt,99,10.0,86400.0,LINEAR,NO SOLUTION,,,0.0063,,,,,,,,,,,,,,,
Instances/Instances 3/kroB100_07.gt,99,10.0,86400.0,LINEAR,NO SOLUTION,,,0.0061,,,,,,,,,,,,,,,
Instances/Instances 3/kroB100_08.gt,99,10.0,86400.0,LINEAR,NO SOLUTION,,,0.0061,,,,,,,,,,,,,,,
Instances/Instances 3/kroB100_09.gt,99,10.0,86400.0,LINEAR,NO SOLUTION,,,0.0063,,,,,,,,,,,,,,,
Instances/Instances 3/kroB100_10.gt,99,10.0,86400.0,LINEAR,NO SOLUTION,,,0.0063,,,,,,,,,,,,,,,
Instances/Instances 3/kroB150_01.gt,149,10.0,86400.0,LINEAR,NO SOLUTION,,,0.0065,,,,,,,,,,,,,,,
Instances/Instances 3/kroB150_02.gt,149,10.0,86400.0,LINEAR,NO SOLUTION,,,0.0063,,,,,,,,,,,,,,,
Instances/Instances 3/kroB150_03.gt,149,10.0,86400.0,LINEAR,NO SOLUTION,,,0.0063,,,,,,,,,,,,,,,
Instances/Instances 3/kroB150_04.gt,149,10.0,86400.0,LINEAR,NO SOLUTION,,,0.0058,,,,,,,,,,,,,,,
Instances/Instances 3/kroB150_05.gt,149,10.0,86400.0,LINEAR,NO SOLUTION,,,0.0065,,,,,,,,,,,,,,,
Instances/Instances 3/kroB150_06.gt,149,10.0,86400.0,LINEAR,NO SOLUTION,,,0.0061,,,,,,,,,,,,,,,
Instances/Instances 3/kroB150_07.gt,149,10.0,86400.0,LINEAR,NO SOLUTION,,,0.0061,,,,,,,,,,,,,,,
Instances/Instances 3/kroB150_08.gt,149,10.0,86400.0,LINEAR,NO SOLUTION,,,0.0061,,,,,,,,,,,,,,,
Instances/Instances 3/kroB150_09.gt,149,10.0,86400.0,LINEAR,NO SOLUTION,,,0.0059,,,,,,,,,,,,,,,
Instances/Instances 3/kroB150_10.gt,149,10.0,86400.0,LINEAR,NO SOLUTION,,,0.0057,,,,,,,,,,,,,,,
Instances/Instances 3/kroB200_01.gt,199,10.0,86400.0,LINEAR,30786.0,2,,0.0063,,,,,,,,,,,,,,,
Instances/Instances 3/kroB200_02.gt,199,10.0,86400.0,LINEAR,30786.0,2,,0.0061,,,,,,,,,,,,,,,
Instances/Instances 3/kroB200_03.gt,199,10.0,86400.0,LINEAR,30786.0,2,,0.0061,,,,,,,,,,,,,,,
Instances/Instances 3/kroB200_04.gt,199,10.0,86400.0,LINEAR,30786.0,2,,0.006,,,,,,,,,,,,,,,
Instances/Instances 3/kroB200_05.gt,199,10.0,86400.0,LINEAR,30786.0,2,,0.0065,,,,,,,,,,,,,,,
Instances/Instances 3/kroB200_06.gt,199,10.0,86400.0,LINEAR,30786.0,2,,0.0063,,,,,,,,,,,,,,,
Instances/Instances 3/kroB200_07.gt,199,10.0,86400.0,LINEAR,30786.0,2,,0.0062,,,,,,,,,,,,,,,
Instances/Instances 3/kroB200_08.gt,199,10.0,86400.0,LINEAR,30786.0,2,,0.006,,,,,,,,,,,,,,,
Instances/Instances 3/kroB200_09.gt,199,10.0,86400.0,LINEAR,30786.0,2,,0.006,,,,,,,,,,,,,,,
Instances/Instances 3/kroB200_10.gt,199,10.0,86400.0,LINEAR,30786.0,2,,0.0062,,,,,,,,,,,,,,,
Instances/Instances 3/kroC100_01.gt,99,10.0,86400.0,LINEAR,NO SOLUTION,,,0.0059,,,,,,,,,,,,,,,
Instances/Instances 3/kroC100_02.gt,99,10.0,86400.0,LINEAR,NO SOLUTION,,,0.0061,,,,,,,,,,,,,,,
Instances/Instances 3/kroC100_03.gt,99,10.0,86400.0,LINEAR,NO SOLUTION,,,0.006,,,,,,,,,,,,,,,
Instances/Instances 3/kroC100_04.gt,99,10.0,86400.0,LINEAR,NO SOLUTION,,,0.0057,,,,,,,,,,,,,,,
Instances/Instances 3/kroC100_05.gt,99,10.0,86400.0,LINEAR,NO SOLUTION,,,0.0061,,,,,,,,,,,,,,,
Instances/Instances 3/kroC100_06.gt,99,10.0,86400.0,LINEAR,NO SOLUTION,,,0.0066,,,,,,,,,,,,,,,
Instances/Instances 3/kroC100_07.gt,99,10.0,86400.0,LINEAR,NO SOLUTION,,,0.0071,,,,,,,,,,,,,,,
Instances/Instances 3/kroC100_08.gt,99,10.0,86400.0,LINEAR,NO SOLUTION,,,0.0072,,,,,,,,,,,,,,,
Instances/Instances 3/kroC100_09.gt,99,10.0,86400.0,LINEAR,NO SOLUTION,,,0.0063,,,,,,,,,,,,,,,
Instances/Instances 3/kroC100_10.gt,99,10.0,86400.0,LINEAR,NO SOLUTION,,,0.0072,,,,,,,,,,,,,,,
Instances/Instances 3/kroD100_01.gt,99,10.0,86400.0,LINEAR,NO SOLUTION,,,0.0062,,,,,,,,,,,,,,,
Instances/Instances 3/kroD100_02.gt,99,10.0,86400.0,LINEAR,NO SOLUTION,,,0.006,,,,,,,,,,,,,,,
Instances/Instances 3/kroD100_03.gt,99,10.0,86400.0,LINEAR,NO SOLUTION,,,0.0064,,,,,,,,,,,,,,,
Instances/Instances 3/kroD100_04.gt,99,10.0,86400.0,LINEAR,NO SOLUTION,,,0.0058,,,,,,,,,,,,,,,
Instances/Instances 3/kroD100_05.gt,99,10.0,86400.0,LINEAR,NO SOLUTION,,,0.0065,,,,,,,,,,,,,,,
Instances/Instances 3/kroD100_06.gt,99,10.0,86400.0,LINEAR,NO SOLUTION,,,0.006,,,,,,,,,,,,,,,
Instances/Instances 3/kroD100_07.gt,99,10.0,86400.0,LINEAR,NO SOLUTION,,,0.006,,,,,,,,,,,,,,,
Instances/Instances 3/kroD100_08.gt,99,10.0,86400.0,LINEAR,NO SOLUTION,,,0.0059,,,,,,,,,,,,,,,
Instances/Instances 3/kroD100_09.gt,99,10.0,86400.0,LINEAR,NO SOLUTION,,,0.0061,,,,,,,,,,,,,,,
Instances/Instances 3/kroD100_10.gt,99,10.0,86400.0,LINEAR,NO SOLUTION,,,0.0059,,,,,,,,,,,,,,,
Instances/Instances 3/kroE100_01.gt,99,10.0,86400.0,LINEAR,NO SOLUTION,,,0.007,,,,,,,,,,,,,,,
Instances/Instances 3/kroE100_02.gt,99,10.0,86400.0,LINEAR,NO SOLUTION,,,0.0065,,,,,,,,,,,,,,,
Instances/Instances 3/kroE100_03.gt,99,10.0,86400.0,LINEAR,NO SOLUTION,,,0.0062,,,,,,,,,,,,,,,
Instances/Instances 3/kroE100_04.gt,99,10.0,86400.0,LINEAR,NO SOLUTION,,,0.006,,,,,,,,,,,,,,,
Instances/Instances 3/kroE100_05.gt,99,10.0,86400.0,LINEAR,NO SOLUTION,,,0.0063,,,,,,,,,,,,,,,
Instances/Instances 3/kroE100_06.gt,99,10.0,86400.0,LINEAR,NO SOLUTION,,,0.0048,,,,,,,,,,,,,,,
Instances/Instances 3/kroE100_07.gt,99,10.0,86400.0,LINEAR,NO SOLUTION,,,0.0063,,,,,,,,,,,,,,,
Instances/Instances 3/kroE100_08.gt,99,10.0,86400.0,LINEAR,NO SOLUTION,,,0.0067,,,,,,,,,,,,,,,
Instances/Instances 3/kroE100_09.gt,99,10.0,86400.0,LINEAR,NO SOLUTION,,,0.0069,,,,,,,,,,,,,,,
Instances/Instances 3/kroE100_10.gt,99,10.0,86400.0,LINEAR,NO SOLUTION,,,0.0081,,,,,,,,,,,,,,,
Instances/Instances 3/kz9976_01.gt,9975,10.0,86400.0,LINEAR,NO SOLUTION,,,0.0144,,,,,,,,,,,,,,,
Instances/Instances 3/kz9976_02.gt,9975,10.0,86400.0,LINEAR,NO SOLUTION,,,0.0135,,,,,,,,,,,,,,,
Instances/Instances 3/kz9976_03.gt,9975,10.0,86400.0,LINEAR,NO SOLUTION,,,0.0123,,,,,,,,,,,,,,,
Instances/Instances 3/kz9976_04.gt,9975,10.0,86400.0,LINEAR,NO SOLUTION,,,0.0136,,,,,,,,,,,,,,,
Instances/Instances 3/kz9976_05.gt,9975,10.0,86400.0,LINEAR,NO SOLUTION,,,0.0123,,,,,,,,,,,,,,,
Instances/Instances 3/kz9976_06.gt,9975,10.0,86400.0,LINEAR,NO SOLUTION,,,0.0131,,,,,,,,,,,,,,,
Instances/Instances 3/kz9976_07.gt,9975,10.0,86400.0,LINEAR,NO SOLUTION,,,0.0116,,,,,,,,,,,,,,,
Instances/Instances 3/kz9976_08.gt,9975,10.0,86400.0,LINEAR,NO SOLUTION,,,0.0134,,,,,,,,,,,,,,,
Instances/Instances 3/kz9976_09.gt,9975,10.0,86400.0,LINEAR,NO SOLUTION,,,0.012,,,,,,,,,,,,,,,
Instances/Instances 3/kz9976_10.gt,9975,10.0,86400.0,LINEAR,NO SOLUTION,,,0.0137,,,,,,,,,,,,,,,
Instances/Instances 3/lin105_01.gt,104,10.0,86400.0,LINEAR,NO SOLUTION,,,0.0059,,,,,,,,,,,,,,,
Instances/Instances 3/lin105_02.gt,104,10.0,86400.0,LINEAR,NO SOLUTION,,,0.006,,,,,,,,,,,,,,,
Instances/Instances 3/lin105_03.gt,104,10.0,86400.0,LINEAR,NO SOLUTION,,,0.0062,,,,,,,,,,,,,,,
Instances/Instances 3/lin105_04.gt,104,10.0,86400.0,LINEAR,NO SOLUTION,,,0.0064,,,,,,,,,,,,,,,
Instances/Instances 3/lin105_05.gt,104,10.0,86400.0,LINEAR,NO SOLUTION,,,0.0061,,,,,,,,,,,,,,,
Instances/Instances 3/lin105_06.gt,104,10.0,86400.0,LINEAR,NO SOLUTION,,,0.0059,,,,,,,,,,,,,,,
Instances/Instances 3/lin105_07.gt,104,10.0,86400.0,LINEAR,NO SOLUTION,,,0.0061,,,,,,,,,,,,,,,
Instances/Instances 3/lin105_08.gt,104,10.0,86400.0,LINEAR,NO SOLUTION,,,0.0061,,,,,,,,,,,,,,,
Instances/Instances 3/lin105_09.gt,104,10.0,86400.0,LINEAR,NO SOLUTION,,,0.006,,,,,,,,,,,,,,,
Instances/Instances 3/lin105_10.gt,104,10.0,86400.0,LINEAR,NO SOLUTION,,,0.006,,,,,,,,,,,,,,,
Instances/Instances 3/lin318_01.gt,317,10.0,86400.0,LINEAR,NO SOLUTION,,,0.0064,,,,,,,,,,,,,,,
Instances/Instances 3/lin318_02.gt,317,10.0,86400.0,LINEAR,NO SOLUTION,,,0.0062,,,,,,,,,,,,,,,
Instances/Instances 3/lin318_03.gt,317,10.0,86400.0,LINEAR,NO SOLUTION,,,0.0065,,,,,,,,,,,,,,,
Instances/Instances 3/lin318_04.gt,317,10.0,86400.0,LINEAR,NO SOLUTION,,,0.0058,,,,,,,,,,,,,,,
Instances/Instances 3/lin318_05.gt,317,10.0,86400.0,LINEAR,NO SOLUTION,,,0.0061,,,,,,,,,,,,,,,
Instances/Instances 3/lin318_06.gt,317,10.0,86400.0,LINEAR,NO SOLUTION,,,0.0064,,,,,,,,,,,,,,,
Instances/Instances 3/lin318_07.gt,317,10.0,86400.0,LINEAR,NO SOLUTION,,,0.0055,,,,,,,,,,,,,,,
Instances/Instances 3/lin318_08.gt,317,10.0,86400.0,LINEAR,NO SOLUTION,,,0.0062,,,,,,,,,,,,,,,
Instances/Instances 3/lin318_09.gt,317,10.0,86400.0,LINEAR,NO SOLUTION,,,0.0063,,,,,,,,,,,,,,,
Instances/Instances 3/lin318_10.gt,317,10.0,86400.0,LINEAR,NO SOLUTION,,,0.006,,,,,,,,,,,,,,,
Instances/Instances 3/linhp318_01.gt,317,10.0,86400.0,LINEAR,NO SOLUTION,,,0.0057,,,,,,,,,,,,,,,
Instances/Instances 3/linhp318_02.gt,317,10.0,86400.0,LINEAR,NO SOLUTION,,,0.0066,,,,,,,,,,,,,,,
Instances/Instances 3/linhp318_03.gt,317,10.0,86400.0,LINEAR,NO SOLUTION,,,0.0064,,,,,,,,,,,,,,,
Instances/Instances 3/linhp318_04.gt,317,10.0,86400.0,LINEAR,NO SOLUTION,,,0.0068,,,,,,,,,,,,,,,
Instances/Instances 3/linhp318_05.gt,317,10.0,86400.0,LINEAR,NO SOLUTION,,,0.0058,,,,,,,,,,,,,,,
Instances/Instances 3/linhp318_06.gt,317,10.0,86400.0,LINEAR,NO SOLUTION,,,0.0063,,,,,,,,,,,,,,,
Instances/Instances 3/linhp318_07.gt,317,10.0,86400.0,LINEAR,NO SOLUTION,,,0.006,,,,,,,,,,,,,,,
Instances/Instances 3/linhp318_08.gt,317,10.0,86400.0,LINEAR,NO SOLUTION,,,0.0059,,,,,,,,,,,,,,,
Instances/Instances 3/linhp318_09.gt,317,10.0,86400.0,LINEAR,NO SOLUTION,,,0.0062,,,,,,,,,,,,,,,
Instances/Instances 3/linhp318_10.gt,317,10.0,86400.0,LINEAR,NO SOLUTION,,,0.0061,,,,,,,,,,,,,,,
Instances/Instances 3/lu980_01.gt,979,10.0,86400.0,LINEAR,NO SOLUTION,,,0.0064,,,,,,,,,,,,,,,
Instances/Instances 3/lu980_02.gt,979,10.0,86400.0,LINEAR,NO SOLUTION,,,0.0063,,,,,,,,,,,,,,,
Instances/Instances 3/lu980_03.gt,979,10.0,86400.0,LINEAR,NO SOLUTION,,,0.0066,,,,,,,,,,,,,,,
Instances/Instances 3/lu980_04.gt,979,10.0,86400.0,LINEAR,NO SOLUTION,,,0.0065,,,,,,,,,,,,,,,
Instances/Instances 3/lu980_05.gt,979,10.0,86400.0,LINEAR,NO SOLUTION,,,0.0068,,,,,,,,,,,,,,,
Instances/Instances 3/lu980_06.gt,979,10.0,86400.0,LINEAR,NO SOLUTION,,,0.007,,,,,,,,,,,,,,,
Instances/Instances 3/lu980_07.gt,979,10.0,86400.0,LINEAR,NO SOLUTION,,,0.0066,,,,,,,,,,,,,,,
Instances/Instances 3/lu980_08.gt,979,10.0,86400.0,LINEAR,NO SOLUTION,,,0.0067,,,,,,,,,,,,,,,
Instances/Instances 3/lu980_09.gt,979,10.0,86400.0,LINEAR,NO SOLUTION,,,0.0065,,,,,,,,,,,,,,,
Instances/Instances 3/lu980_10.gt,979,10.0,86400.0,LINEAR,NO SOLUTION,,,0.0062,,,,,,,,,,,,,,,
Instances/Instances 3/mo14185_01.gt,14184,10.0,86400.0,LINEAR,NO SOLUTION,,,0.0161,,,,,,,,,,,,,,,
Instances/Instances 3/mo14185_02.gt,14184,10.0,86400.0,LINEAR,NO SOLUTION,,,0.0152,,,,,,,,,,,,,,,
Instances/Instances 3/mo14185_03.gt,14184,10.0,86400.0,LINEAR,NO SOLUTION,,,0.0169,,,,,,,,,,,,,,,
Instances/Instances 3/mo14185_04.gt,14184,10.0,86400.0,LINEAR,NO SOLUTION,,,0.0171,,,,,,,,,,,,,,,
Instances/Instances 3/mo14185_05.gt,14184,10.0,86400.0,LINEAR,NO SOLUTION,,,0.015,,,,,,,,,,,,,,,
Instances/Instances 3/mo14185_06.gt,14184,10.0,86400.0,LINEAR,NO SOLUTION,,,0.0148,,,,,,,,,,,,,,,
Instances/Instances 3/mo14185_07.gt,14184,10.0,86400.0,LINEAR,NO SOLUTION,,,0.015,,,,,,,,,,,,,,,
Instances/Instances 3/mo14185_08.gt,14184,10.0,86400.0,LINEAR,NO SOLUTION,,,0.0159,,,,,,,,,,,,,,,
Instances/Instances 3/mo14185_09.gt,14184,10.0,86400.0,LINEAR,NO SOLUTION,,,0.0156,,,,,,,,,,,,,,,
Instances/Instances 3/mo14185_10.gt,14184,10.0,86400.0,LINEAR,NO SOLUTION,,,0.0159,,,,,,,,,,,,,,,
Instances/Instances 3/mu1979_01.gt,1978,10.0,86400.0,LINEAR,NO SOLUTION,,,0.007,,,,,,,,,,,,,,,
Instances/Instances 3/mu1979_02.gt,1978,10.0,86400.0,LINEAR,NO SOLUTION,,,0.0071,,,,,,,,,,,,,,,
Instances/Instances 3/mu1979_03.gt,1978,10.0,86400.0,LINEAR,NO SOLUTION,,,0.007,,,,,,,,,,,,,,,
Instances/Instances 3/mu1979_04.gt,1978,10.0,86400.0,LINEAR,NO SOLUTION,,,0.0071,,,,,,,,,,,,,,,
Instances/Instances 3/mu1979_05.gt,1978,10.0,86400.0,LINEAR,NO SOLUTION,,,0.0075,,,,,,,,,,,,,,,
Instances/Instances 3/mu1979_06.gt,1978,10.0,86400.0,LINEAR,NO SOLUTION,,,0.0078,,,,,,,,,,,,,,,
Instances/Instances 3/mu1979_07.gt,1978,10.0,86400.0,LINEAR,NO SOLUTION,,,0.0076,,,,,,,,,,,,,,,
Instances/Instances 3/mu1979_08.gt,1978,10.0,86400.0,LINEAR,NO SOLUTION,,,0.0076,,,,,,,,,,,,,,,
Instances/Instances 3/mu1979_09.gt,1978,10.0,86400.0,LINEAR,NO SOLUTION,,,0.0078,,,,,,,,,,,,,,,
Instances/Instances 3/mu1979_10.gt,1978,10.0,86400.0,LINEAR,NO SOLUTION,,,0.007,,,,,,,,,,,,,,,
Instances/Instances 3/nrw1379_01.gt,1378,10.0,86400.0,LINEAR,NO SOLUTION,,,0.0067,,,,,,,,,,,,,,,
Instances/Instances 3/nrw1379_02.gt,1378,10.0,86400.0,LINEAR,NO SOLUTION,,,0.0068,,,,,,,,,,,,,,,
Instances/Instances 3/nrw1379_03.gt,1378,10.0,86400.0,LINEAR,NO SOLUTION,,,0.0056,,,,,,,,,,,,,,,
Instances/Instances 3/nrw1379_04.gt,1378,10.0,86400.0,LINEAR,NO SOLUTION,,,0.0073,,,,,,,,,,,,,,,
Instances/Instances 3/nrw1379_05.gt,1378,10.0,86400.0,LINEAR,NO SOLUTION,,,0.0073,,,,,,,,,,,,,,,
Instances/Instances 3/nrw1379_06.gt,1378,10.0,86400.0,LINEAR,NO SOLUTION,,,0.0069,,,,,,,,,,,,,,,
Instances/Instances 3/nrw1379_07.gt,1378,10.0,86400.0,LINEAR,NO SOLUTION,,,0.0074,,,,,,,,,,,,,,,
Instances/Instances 3/nrw1379_08.gt,1378,10.0,86400.0,LINEAR,NO SOLUTION,,,0.0073,,,,,,,,,,,,,,,
Instances/Instances 3/nrw1379_09.gt,1378,10.0,86400.0,LINEAR,NO SOLUTION,,,0.0074,,,,,,,,,,,,,,,
Instances/Instances 3/nrw1379_10.gt,1378,10.0,86400.0,LINEAR,NO SOLUTION,,,0.0066,,,,,,,,,,,,,,,
Instances/Instances 3/nu3496_01.gt,3495,10.0,86400.0,LINEAR,NO SOLUTION,,,0.0076,,,,,,,,,,,,,,,
Instances/Instances 3/nu3496_02.gt,3495,10.0,86400.0,LINEAR,NO SOLUTION,,,0.0089,,,,,,,,,,,,,,,
Instances/Instances 3/nu3496_03.gt,3495,10.0,86400.0,LINEAR,NO SOLUTION,,,0.0089,,,,,,,,,,,,,,,
Instances/Instances 3/nu3496_04.gt,3495,10.0,86400.0,LINEAR,NO SOLUTION,,,0.0088,,,,,,,,,,,,,,,
Instances/Instances 3/nu3496_05.gt,3495,10.0,86400.0,LINEAR,NO SOLUTION,,,0.0094,,,,,,,,,,,,,,,
Instances/Instances 3/nu3496_06.gt,3495,10.0,86400.0,LINEAR,NO SOLUTION,,,0.0087,,,,,,,,,,,,,,,
Instances/Instances 3/nu3496_07.gt,3495,10.0,86400.0,LINEAR,NO SOLUTION,,,0.0087,,,,,,,,,,,,,,,
Instances/Instances 3/nu3496_08.gt,3495,10.0,86400.0,LINEAR,NO SOLUTION,,,0.0078,,,,,,,,,,,,,,,
Instances/Instances 3/nu3496_09.gt,3495,10.0,86400.0,LINEAR,NO SOLUTION,,,0.0085,,,,,,,,,,,,,,,
Instances/Instances 3/nu3496_10.gt,3495,10.0,86400.0,LINEAR,NO SOLUTION,,,0.0083,,,,,,,,,,,,,,,
Instances/Instances 3/p654_01.gt,653,10.0,86400.0,LINEAR,NO SOLUTION,,,0.0066,,,,,,,,,,,,,,,
Instances/Instances 3/p654_02.gt,653,10.0,86400.0,LINEAR,NO SOLUTION,,,0.0069,,,,,,,,,,,,,,,
Instances/Instances 3/p654_03.gt,653,10.0,86400.0,LINEAR,NO SOLUTION,,,0.0064,,,,,,,,,,,,,,,
Instances/Instances 3/p654_04.gt,653,10.0,86400.0,LINEAR,NO SOLUTION,,,0.0064,,,,,,,,,,,,,,,
Instances/Instances 3/p654_05.gt,653,10.0,86400.0,LINEAR,NO SOLUTION,,,0.0062,,,,,,,,,,,,,,,
Instances/Instances 3/p654_06.gt,653,10.0,86400.0,LINEAR,NO SOLUTION,,,0.0066,,,,,,,,,,,,,,,
Instances/Instances 3/p654_07.gt,653,10.0,86400.0,LINEAR,NO SOLUTION,,,0.0065,,,,,,,,,,,,,,,
Instances/Instances 3/p654_08.gt,653,10.0,86400.0,LINEAR,NO SOLUTION,,,0.0061,,,,,,,,,,,,,,,
Instances/Instances 3/p654_09.gt,653,10.0,86400.0,LINEAR,NO SOLUTION,,,0.0067,,,,,,,,,,,,,,,
Instances/Instances 3/p654_10.gt,653,10.0,86400.0,LINEAR,NO SOLUTION,,,0.0071,,,,,,,,,,,,,,,
Instances/Instances 3/pcb1173_01.gt,1172,10.0,86400.0,LINEAR,NO SOLUTION,,,0.0074,,,,,,,,,,,,,,,
Instances/Instances 3/pcb1173_02.gt,1172,10.0,86400.0,LINEAR,NO SOLUTION,,,0.0066,,,,,,,,,,,,,,,
Instances/Instances 3/pcb1173_03.gt,1172,10.0,86400.0,LINEAR,NO SOLUTION,,,0.007,,,,,,,,,,,,,,,
Instances/Instances 3/pcb1173_04.gt,1172,10.0,86400.0,LINEAR,NO SOLUTION,,,0.0074,,,,,,,,,,,,,,,
Instances/Instances 3/pcb1173_05.gt,1172,10.0,86400.0,LINEAR,NO SOLUTION,,,0.0068,,,,,,,,,,,,,,,
Instances/Instances 3/pcb1173_06.gt,1172,10.0,86400.0,LINEAR,NO SOLUTION,,,0.0073,,,,,,,,,,,,,,,
Instances/Instances 3/pcb1173_07.gt,1172,10.0,86400.0,LINEAR,NO SOLUTION,,,0.0073,,,,,,,,,,,,,,,
Instances/Instances 3/pcb1173_08.gt,1172,10.0,86400.0,LINEAR,NO SOLUTION,,,0.0076,,,,,,,,,,,,,,,
Instances/Instances 3/pcb1173_09.gt,1172,10.0,86400.0,LINEAR,NO SOLUTION,,,0.0072,,,,,,,,,,,,,,,
Instances/Instances 3/pcb1173_10.gt,1172,10.0,86400.0,LINEAR,NO SOLUTION,,,0.0067,,,,,,,,,,,,,,,
Instances/Instances 3/pcb3038_01.gt,3037,10.0,86400.0,LINEAR,NO SOLUTION,,,0.0083,,,,,,,,,,,,,,,
Instances/Instances 3/pcb3038_02.gt,3037,10.0,86400.0,LINEAR,NO SOLUTION,,,0.0086,,,,,,,,,,,,,,,
Instances/Instances 3/pcb3038_03.gt,3037,10.0,86400.0,LINEAR,NO SOLUTION,,,0.0075,,,,,,,,,,,,,,,
Instances/Instances 3/pcb3038_04.gt,3037,10.0,86400.0,LINEAR,NO SOLUTION,,,0.008,,,,,,,,,,,,,,,
Instances/Instances 3/pcb3038_05.gt,3037,10.0,86400.0,LINEAR,NO SOLUTION,,,0.0078,,,,,,,,,,,,,,,
Instances/Instances 3/pcb3038_06.gt,3037,10.0,86400.0,LINEAR,NO SOLUTION,,,0.008,,,,,,,,,,,,,,,
Instances/Instances 3/pcb3038_07.gt,3037,10.0,86400.0,LINEAR,NO SOLUTION,,,0.0084,,,,,,,,,,,,,,,
Instances/Instances 3/pcb3038_08.gt,3037,10.0,86400.0,LINEAR,NO SOLUTION,,,0.0085,,,,,,,,,,,,,,,
Instances/Instances 3/pcb3038_09.gt,3037,10.0,86400.0,LINEAR,NO SOLUTION,,,0.0079,,,,,,,,,,,,,,,
Instances/Instances 3/pcb3038_10.gt,3037,10.0,86400.0,LINEAR,NO SOLUTION,,,0.0086,,,,,,,,,,,,,,,
Instances/Instances 3/pcb442_01.gt,441,10.0,86400.0,LINEAR,NO SOLUTION,,,0.0062,,,,,,,,,,,,,,,
Instances/Instances 3/pcb442_02.gt,441,10.0,86400.0,LINEAR,NO SOLUTION,,,0.0062,,,,,,,,,,,,,,,
Instances/Instances 3/pcb442_03.gt,441,10.0,86400.0,LINEAR,NO SOLUTION,,,0.0063,,,,,,,,,,,,,,,
Instances/Instances 3/pcb442_04.gt,441,10.0,86400.0,LINEAR,NO SOLUTION,,,0.0066,,,,,,,,,,,,,,,
Instances/Instances 3/pcb442_05.gt,441,10.0,86400.0,LINEAR,NO SOLUTION,,,0.0056,,,,,,,,,,,,,,,
Instances/Instances 3/pcb442_06.gt,441,10.0,86400.0,LINEAR,NO SOLUTION,,,0.0062,,,,,,,,,,,,,,,
Instances/Instances 3/pcb442_07.gt,441,10.0,86400.0,LINEAR,NO SOLUTION,,,0.0062,,,,,,,,,,,,,,,
Instances/Instances 3/pcb442_08.gt,441,10.0,86400.0,LINEAR,NO SOLUTION,,,0.006,,,,,,,,,,,,,,,
Instances/Instances 3/pcb442_09.gt,441,10.0,86400.0,LINEAR,NO SOLUTION,,,0.0062,,,,,,,,,,,,,,,
Instances/Instances 3/pcb442_10.gt,441,10.0,86400.0,LINEAR,NO SOLUTION,,,0.006,,,,,,,,,,,,,,,
Instances/Instances 3/pm8079_01.gt,8078,10.0,86400.0,LINEAR,NO SOLUTION,,,0.011,,,,,,,,,,,,,,,
Instances/Instances 3/pm8079_02.gt,8078,10.0,86400.0,LINEAR,NO SOLUTION,,,0.0108,,,,,,,,,,,,,,,
Instances/Instances 3/pm8079_03.gt,8078,10.0,86400.0,LINEAR,NO SOLUTION,,,0.0114,,,,,,,,,,,,,,,
Instances/Instances 3/pm8079_04.gt,8078,10.0,86400.0,LINEAR,NO SOLUTION,,,0.0107,,,,,,,,,,,,,,,
Instances/Instances 3/pm8079_05.gt,8078,10.0,86400.0,LINEAR,NO SOLUTION,,,0.0109,,,,,,,,,,,,,,,
Instances/Instances 3/pm8079_06.gt,8078,10.0,86400.0,LINEAR,NO SOLUTION,,,0.012,,,,,,,,,,,,,,,
Instances/Instances 3/pm8079_07.gt,8078,10.0,86400.0,LINEAR,NO SOLUTION,,,0.0107,,,,,,,,,,,,,,,
Instances/Instances 3/pm8079_08.gt,8078,10.0,86400.0,LINEAR,NO SOLUTION,,,0.0107,,,,,,,,,,,,,,,
Instances/Instances 3/pm8079_09.gt,8078,10.0,86400.0,LINEAR,NO SOLUTION,,,0.0107,,,,,,,,,,,,,,,
Instances/Instances 3/pm8079_10.gt,8078,10.0,86400.0,LINEAR,NO SOLUTION,,,0.0126,,,,,,,,,,,,,,,
Instances/Instances 3/pr1002_01.gt,1001,10.0,86400.0,LINEAR,NO SOLUTION,,,0.0067,,,,,,,,,,,,,,,
Instances/Instances 3/pr1002_02.gt,1001,10.0,86400.0,LINEAR,NO SOLUTION,,,0.0066,,,,,,,,,,,,,,,
Instances/Instances 3/pr1002_03.gt,1001,10.0,86400.0,LINEAR,NO SOLUTION,,,0.0066,,,,,,,,,,,,,,,
Instances/Instances 3/pr1002_04.gt,1001,10.0,86400.0,LINEAR,NO SOLUTION,,,0.0066,,,,,,,,,,,,,,,
Instances/Instances 3/pr1002_05.gt,1001,10.0,86400.0,LINEAR,NO SOLUTION,,,0.0065,,,,,,,,,,,,,,,
Instances/Instances 3/pr1002_06.gt,1001,10.0,86400.0,LINEAR,NO SOLUTION,,,0.0066,,,,,,,,,,,,,,,
Instances/Instances 3/pr1002_07.gt,1001,10.0,86400.0,LINEAR,NO SOLUTION,,,0.0067,,,,,,,,,,,,,,,
Instances/Instances 3/pr1002_08.gt,1001,10.0,86400.0,LINEAR,NO SOLUTION,,,0.0068,,,,,,,,,,,,,,,
Instances/Instances 3/pr1002_09.gt,1001,10.0,86400.0,LINEAR,NO SOLUTION,,,0.0066,,,,,,,,,,,,,,,
Instances/Instances 3/pr1002_10.gt,1001,10.0,86400.0,LINEAR,NO SOLUTION,,,0.0072,,,,,,,,,,,,,,,
Instances/Instances 3/pr107_01.gt,106,10.0,86400.0,LINEAR,NO SOLUTION,,,0.0059,,,,,,,,,,,,,,,
Instances/Instances 3/pr107_02.gt,106,10.0,86400.0,LINEAR,NO SOLUTION,,,0.0062,,,,,,,,,,,,,,,
Instances/Instances 3/pr107_03.gt,106,10.0,86400.0,LINEAR,NO SOLUTION,,,0.006,,,,,,,,,,,,,,,
Instances/Instances 3/pr107_04.gt,106,10.0,86400.0,LINEAR,NO SOLUTION,,,0.006,,,,,,,,,,,,,,,
Instances/Instances 3/pr107_05.gt,106,10.0,86400.0,LINEAR,NO SOLUTION,,,0.006,,,,,,,,,,,,,,,
Instances/Instances 3/pr107_06.gt,106,10.0,86400.0,LINEAR,NO SOLUTION,,,0.0062,,,,,,,,,,,,,,,
Instances/Instances 3/pr107_07.gt,106,10.0,86400.0,LINEAR,NO SOLUTION,,,0.0046,,,,,,,,,,,,,,,
Instances/Instances 3/pr107_08.gt,106,10.0,86400.0,LINEAR,NO SOLUTION,,,0.0061,,,,,,,,,,,,,,,
Instances/Instances 3/pr107_09.gt,106,10.0,86400.0,LINEAR,NO SOLUTION,,,0.006,,,,,,,,,,,,,,,
Instances/Instances 3/pr107_10.gt,106,10.0,86400.0,LINEAR,NO SOLUTION,,,0.006,,,,,,,,,,,,,,,
Instances/Instances 3/pr124_01.gt,123,10.0,86400.0,LINEAR,NO SOLUTION,,,0.006,,,,,,,,,,,,,,,
Instances/Instances 3/pr124_02.gt,123,10.0,86400.0,LINEAR,NO SOLUTION,,,0.0061,,,,,,,,,,,,,,,
Instances/Instances 3/pr124_03.gt,123,10.0,86400.0,LINEAR,NO SOLUTION,,,0.0063,,,,,,,,,,,,,,,
Instances/Instances 3/pr124_04.gt,123,10.0,86400.0,LINEAR,NO SOLUTION,,,0.0058,,,,,,,,,,,,,,,
Instances/Instances 3/pr124_05.gt,123,10.0,86400.0,LINEAR,NO SOLUTION,,,0.006,,,,,,,,,,,,,,,
Instances/Instances 3/pr124_06.gt,123,10.0,86400.0,LINEAR,NO SOLUTION,,,0.0068,,,,,,,,,,,,,,,
Instances/Instances 3/pr124_07.gt,123,10.0,86400.0,LINEAR,NO SOLUTION,,,0.0054,,,,,,,,,,,,,,,
Instances/Instances 3/pr124_08.gt,123,10.0,86400.0,LINEAR,NO SOLUTION,,,0.0067,,,,,,,,,,,,,,,
Instances/Instances 3/pr124_09.gt,123,10.0,86400.0,LINEAR,NO SOLUTION,,,0.0064,,,,,,,,,,,,,,,
Instances/Instances 3/pr124_10.gt,123,10.0,86400.0,LINEAR,NO SOLUTION,,,0.006,,,,,,,,,,,,,,,
Instances/Instances 3/pr136_01.gt,135,10.0,86400.0,LINEAR,NO SOLUTION,,,0.0066,,,,,,,,,,,,,,,
Instances/Instances 3/pr136_02.gt,135,10.0,86400.0,LINEAR,NO SOLUTION,,,0.007,,,,,,,,,,,,,,,
Instances/Instances 3/pr136_03.gt,135,10.0,86400.0,LINEAR,NO SOLUTION,,,0.006,,,,,,,,,,,,,,,
Instances/Instances 3/pr136_04.gt,135,10.0,86400.0,LINEAR,NO SOLUTION,,,0.0048,,,,,,,,,,,,,,,
Instances/Instances 3/pr136_05.gt,135,10.0,86400.0,LINEAR,NO SOLUTION,,,0.0059,,,,,,,,,,,,,,,
Instances/Instances 3/pr136_06.gt,135,10.0,86400.0,LINEAR,NO SOLUTION,,,0.0071,,,,,,,,,,,,,,,
Instances/Instances 3/pr136_07.gt,135,10.0,86400.0,LINEAR,NO SOLUTION,,,0.0064,,,,,,,,,,,,,,,
Instances/Instances 3/pr136_08.gt,135,10.0,86400.0,LINEAR,NO SOLUTION,,,0.0057,,,,,,,,,,,,,,,
Instances/Instances 3/pr136_09.gt,135,10.0,86400.0,LINEAR,NO SOLUTION,,,0.0061,,,,,,,,,,,,,,,
Instances/Instances 3/pr136_10.gt,135,10.0,86400.0,LINEAR,NO SOLUTION,,,0.0061,,,,,,,,,,,,,,,
Instances/Instances 3/pr144_01.gt,143,10.0,86400.0,LINEAR,NO SOLUTION,,,0.0073,,,,,,,,,,,,,,,
Instances/Instances 3/pr144_02.gt,143,10.0,86400.0,LINEAR,NO SOLUTION,,,0.0065,,,,,,,,,,,,,,,
Instances/Instances 3/pr144_03.gt,143,10.0,86400.0,LINEAR,NO SOLUTION,,,0.0065,,,,,,,,,,,,,,,
Instances/Instances 3/pr144_04.gt,143,10.0,86400.0,LINEAR,NO SOLUTION,,,0.008,,,,,,,,,,,,,,,
Instances/Instances 3/pr144_05.gt,143,10.0,86400.0,LINEAR,NO SOLUTION,,,0.0058,,,,,,,,,,,,,,,
Instances/Instances 3/pr144_06.gt,143,10.0,86400.0,LINEAR,NO SOLUTION,,,0.0062,,,,,,,,,,,,,,,
Instances/Instances 3/pr144_07.gt,143,10.0,86400.0,LINEAR,NO SOLUTION,,,0.0062,,,,,,,,,,,,,,,
Instances/Instances 3/pr144_08.gt,143,10.0,86400.0,LINEAR,NO SOLUTION,,,0.0057,,,,,,,,,,,,,,,
Instances/Instances 3/pr144_09.gt,143,10.0,86400.0,LINEAR,NO SOLUTION,,,0.0066,,,,,,,,,,,,,,,
Instances/Instances 3/pr144_10.gt,143,10.0,86400.0,LINEAR,NO SOLUTION,,,0.0067,,,,,,,,,,,,,,,
Instances/Instances 3/pr152_01.gt,151,10.0,86400.0,LINEAR,NO SOLUTION,,,0.006,,,,,,,,,,,,,,,
Instances/Instances 3/pr152_02.gt,151,10.0,86400.0,LINEAR,NO SOLUTION,,,0.0062,,,,,,,,,,,,,,,
Instances/Instances 3/pr152_03.gt,151,10.0,86400.0,LINEAR,NO SOLUTION,,,0.0056,,,,,,,,,,,,,,,
Instances/Instances 3/pr152_04.gt,151,10.0,86400.0,LINEAR,NO SOLUTION,,,0.0061,,,,,,,,,,,,,,,
Instances/Instances 3/pr152_05.gt,151,10.0,86400.0,LINEAR,NO SOLUTION,,,0.0061,,,,,,,,,,,,,,,
Instances/Instances 3/pr152_06.gt,151,10.0,86400.0,LINEAR,NO SOLUTION,,,0.0064,,,,,,,,,,,,,,,
Instances/Instances 3/pr152_07.gt,151,10.0,86400.0,LINEAR,NO SOLUTION,,,0.0059,,,,,,,,,,,,,,,
Instances/Instances 3/pr152_08.gt,151,10.0,86400.0,LINEAR,NO SOLUTION,,,0.0062,,,,,,,,,,,,,,,
Instances/Instances 3/pr152_09.gt,151,10.0,86400.0,LINEAR,NO SOLUTION,,,0.0063,,,,,,,,,,,,,,,
Instances/Instances 3/pr152_10.gt,151,10.0,86400.0,LINEAR,NO SOLUTION,,,0.0064,,,,,,,,,,,,,,,
Instances/Instances 3/pr226_01.gt,225,10.0,86400.0,LINEAR,NO SOLUTION,,,0.0062,,,,,,,,,,,,,,,
Instances/Instances 3/pr226_02.gt,225,10.0,86400.0,LINEAR,NO SOLUTION,,,0.0062,,,,,,,,,,,,,,,
Instances/Instances 3/pr226_03.gt,225,10.0,86400.0,LINEAR,NO SOLUTION,,,0.0067,,,,,,,,,,,,,,,
Instances/Instances 3/pr226_04.gt,225,10.0,86400.0,LINEAR,NO SOLUTION,,,0.0061,,,,,,,,,,,,,,,
Instances/Instances 3/pr226_05.gt,225,10.0,86400.0,LINEAR,NO SOLUTION,,,0.0062,,,,,,,,,,,,,,,
Instances/Instances 3/pr226_06.gt,225,10.0,86400.0,LINEAR,NO SOLUTION,,,0.0063,,,,,,,,,,,,,,,
Instances/Instances 3/pr226_07.gt,225,10.0,86400.0,LINEAR,NO SOLUTION,,,0.0072,,,,,,,,,,,,,,,
Instances/Instances 3/pr226_08.gt,225,10.0,86400.0,LINEAR,NO SOLUTION,,,0.0061,,,,,,,,,,,,,,,
Instances/Instances 3/pr226_09.gt,225,10.0,86400.0,LINEAR,NO SOLUTION,,,0.0059,,,,,,,,,,,,,,,
Instances/Instances 3/pr226_10.gt,225,10.0,86400.0,LINEAR,NO SOLUTION,,,0.0061,,,,,,,,,,,,,,,
Instances/Instances 3/pr2392_01.gt,2391,10.0,86400.0,LINEAR,NO SOLUTION,,,0.0065,,,,,,,,,,,,,,,
Instances/Instances 3/pr2392_02.gt,2391,10.0,86400.0,LINEAR,NO SOLUTION,,,0.0073,,,,,,,,,,,,,,,
Instances/Instances 3/pr2392_03.gt,2391,10.0,86400.0,LINEAR,NO SOLUTION,,,0.0074,,,,,,,,,,,,,,,
Instances/Instances 3/pr2392_04.gt,2391,10.0,86400.0,LINEAR,NO SOLUTION,,,0.0078,,,,,,,,,,,,,,,
Instances/Instances 3/pr2392_05.gt,2391,10.0,86400.0,LINEAR,NO SOLUTION,,,0.0075,,,,,,,,,,,,,,,
Instances/Instances 3/pr2392_06.gt,2391,10.0,86400.0,LINEAR,NO SOLUTION,,,0.0083,,,,,,,,,,,,,,,
Instances/Instances 3/pr2392_07.gt,2391,10.0,86400.0,LINEAR,NO SOLUTION,,,0.008,,,,,,,,,,,,,,,
Instances/Instances 3/pr2392_08.gt,2391,10.0,86400.0,LINEAR,NO SOLUTION,,,0.0077,,,,,,,,,,,,,,,
Instances/Instances 3/pr2392_09.gt,2391,10.0,86400.0,LINEAR,NO SOLUTION,,,0.0075,,,,,,,,,,,,,,,
Instances/Instances 3/pr2392_10.gt,2391,10.0,86400.0,LINEAR,NO SOLUTION,,,0.0079,,,,,,,,,,,,,,,
Instances/Instances 3/pr264_01.gt,263,10.0,86400.0,LINEAR,NO SOLUTION,,,0.0064,,,,,,,,,,,,,,,
Instances/Instances 3/pr264_02.gt,263,10.0,86400.0,LINEAR,NO SOLUTION,,,0.0062,,,,,,,,,,,,,,,
Instances/Instances 3/pr264_03.gt,263,10.0,86400.0,LINEAR,NO SOLUTION,,,0.0058,,,,,,,,,,,,,,,
Instances/Instances 3/pr264_04.gt,263,10.0,86400.0,LINEAR,NO SOLUTION,,,0.0065,,,,,,,,,,,,,,,
Instances/Instances 3/pr264_05.gt,263,10.0,86400.0,LINEAR,NO SOLUTION,,,0.0061,,,,,,,,,,,,,,,
Instances/Instances 3/pr264_06.gt,263,10.0,86400.0,LINEAR,NO SOLUTION,,,0.0065,,,,,,,,,,,,,,,
Instances/Instances 3/pr264_07.gt,263,10.0,86400.0,LINEAR,NO SOLUTION,,,0.0062,,,,,,,,,,,,,,,
Instances/Instances 3/pr264_08.gt,263,10.0,86400.0,LINEAR,NO SOLUTION,,,0.006,,,,,,,,,,,,,,,
Instances/Instances 3/pr264_09.gt,263,10.0,86400.0,LINEAR,NO SOLUTION,,,0.0057,,,,,,,,,,,,,,,
Instances/Instances 3/pr264_10.gt,263,10.0,86400.0,LINEAR,NO SOLUTION,,,0.0065,,,,,,,,,,,,,,,
Instances/Instances 3/pr299_01.gt,298,10.0,86400.0,LINEAR,NO SOLUTION,,,0.0057,,,,,,,,,,,,,,,
Instances/Instances 3/pr299_02.gt,298,10.0,86400.0,LINEAR,NO SOLUTION,,,0.0061,,,,,,,,,,,,,,,
Instances/Instances 3/pr299_03.gt,298,10.0,86400.0,LINEAR,NO SOLUTION,,,0.0062,,,,,,,,,,,,,,,
Instances/Instances 3/pr299_04.gt,298,10.0,86400.0,LINEAR,NO SOLUTION,,,0.0068,,,,,,,,,,,,,,,
Instances/Instances 3/pr299_05.gt,298,10.0,86400.0,LINEAR,NO SOLUTION,,,0.0059,,,,,,,,,,,,,,,
Instances/Instances 3/pr299_06.gt,298,10.0,86400.0,LINEAR,NO SOLUTION,,,0.0061,,,,,,,,,,,,,,,
Instances/Instances 3/pr299_07.gt,298,10.0,86400.0,LINEAR,NO SOLUTION,,,0.0061,,,,,,,,,,,,,,,
Instances/Instances 3/pr299_08.gt,298,10.0,86400.0,LINEAR,NO SOLUTION,,,0.0061,,,,,,,,,,,,,,,
Instances/Instances 3/pr299_09.gt,298,10.0,86400.0,LINEAR,NO SOLUTION,,,0.0062,,,,,,,,,,,,,,,
Instances/Instances 3/pr299_10.gt,298,10.0,86400.0,LINEAR,NO SOLUTION,,,0.0071,,,,,,,,,,,,,,,
Instances/Instances 3/pr439_01.gt,438,10.0,86400.0,LINEAR,NO SOLUTION,,,0.0063,,,,,,,,,,,,,,,
Instances/Instances 3/pr439_02.gt,438,10.0,86400.0,LINEAR,NO SOLUTION,,,0.0064,,,,,,,,,,,,,,,
Instances/Instances 3/pr439_03.gt,438,10.0,86400.0,LINEAR,NO SOLUTION,,,0.0064,,,,,,,,,,,,,,,
Instances/Instances 3/pr439_04.gt,438,10.0,86400.0,LINEAR,NO SOLUTION,,,0.006,,,,,,,,,,,,,,,
Instances/Instances 3/pr439_05.gt,438,10.0,86400.0,LINEAR,NO SOLUTION,,,0.0065,,,,,,,,,,,,,,,
Instances/Instances 3/pr439_06.gt,438,10.0,86400.0,LINEAR,NO SOLUTION,,,0.0062,,,,,,,,,,,,,,,
Instances/Instances 3/pr439_07.gt,438,10.0,86400.0,LINEAR,NO SOLUTION,,,0.0063,,,,,,,,,,,,,,,
Instances/Instances 3/pr439_08.gt,438,10.0,86400.0,LINEAR,NO SOLUTION,,,0.006,,,,,,,,,,,,,,,
Instances/Instances 3/pr439_09.gt,438,10.0,86400.0,LINEAR,NO SOLUTION,,,0.0065,,,,,,,,,,,,,,,
Instances/Instances 3/pr439_10.gt,438,10.0,86400.0,LINEAR,NO SOLUTION,,,0.0063,,,,,,,,,,,,,,,
Instances/Instances 3/pr76_01.gt,75,10.0,86400.0,LINEAR,NO SOLUTION,,,0.0069,,,,,,,,,,,,,,,
Instances/Instances 3/pr76_02.gt,75,10.0,86400.0,LINEAR,NO SOLUTION,,,0.0063,,,,,,,,,,,,,,,
Instances/Instances 3/pr76_03.gt,75,10.0,86400.0,LINEAR,NO SOLUTION,,,0.0063,,,,,,,,,,,,,,,
Instances/Instances 3/pr76_04.gt,75,10.0,86400.0,LINEAR,NO SOLUTION,,,0.0062,,,,,,,,,,,,,,,
Instances/Instances 3/pr76_05.gt,75,10.0,86400.0,LINEAR,NO SOLUTION,,,0.0063,,,,,,,,,,,,,,,
Instances/Instances 3/pr76_06.gt,75,10.0,86400.0,LINEAR,NO SOLUTION,,,0.006,,,,,,,,,,,,,,,
Instances/Instances 3/pr76_07.gt,75,10.0,86400.0,LINEAR,NO SOLUTION,,,0.0061,,,,,,,,,,,,,,,
Instances/Instances 3/pr76_08.gt,75,10.0,86400.0,LINEAR,NO SOLUTION,,,0.006,,,,,,,,,,,,,,,
Instances/Instances 3/pr76_09.gt,75,10.0,86400.0,LINEAR,NO SOLUTION,,,0.0061,,,,,,,,,,,,,,,
Instances/Instances 3/pr76_10.gt,75,10.0,86400.0,LINEAR,NO SOLUTION,,,0.0058,,,,,,,,,,,,,,,
Instances/Instances 3/qa194_01.gt,193,10.0,86400.0,LINEAR,NO SOLUTION,,,0.0064,,,,,,,,,,,,,,,
Instances/Instances 3/qa194_02.gt,193,10.0,86400.0,LINEAR,NO SOLUTION,,,0.0063,,,,,,,,,,,,,,,
Instances/Instances 3/qa194_03.gt,193,10.0,86400.0,LINEAR,NO SOLUTION,,,0.006,,,,,,,,,,,,,,,
Instances/Instances 3/qa194_04.gt,193,10.0,86400.0,LINEAR,NO SOLUTION,,,0.0067,,,,,,,,,,,,,,,
Instances/Instances 3/qa194_05.gt,193,10.0,86400.0,LINEAR,NO SOLUTION,,,0.0067,,,,,,,,,,,,,,,
Instances/Instances 3/qa194_06.gt,193,10.0,86400.0,LINEAR,NO SOLUTION,,,0.0065,,,,,,,,,,,,,,,
Instances/Instances 3/qa194_07.gt,193,10.0,86400.0,LINEAR,NO SOLUTION,,,0.0065,,,,,,,,,,,,,,,
Instances/Instances 3/qa194_08.gt,193,10.0,86400.0,LINEAR,NO SOLUTION,,,0.0066,,,,,,,,,,,,,,,
Instances/Instances 3/qa194_09.gt,193,10.0,86400.0,LINEAR,NO SOLUTION,,,0.0064,,,,,,,,,,,,,,,
Instances/Instances 3/qa194_10.gt,193,10.0,86400.0,LINEAR,NO SOLUTION,,,0.0065,,,,,,,,,,,,,,,
Instances/Instances 3/rat195_01.gt,194,10.0,86400.0,LINEAR,NO SOLUTION,,,0.0059,,,,,,,,,,,,,,,
Instances/Instances 3/rat195_02.gt,194,10.0,86400.0,LINEAR,NO SOLUTION,,,0.0058,,,,,,,,,,,,,,,
Instances/Instances 3/rat195_03.gt,194,10.0,86400.0,LINEAR,NO SOLUTION,,,0.0065,,,,,,,,,,,,,,,
Instances/Instances 3/rat195_04.gt,194,10.0,86400.0,LINEAR,NO SOLUTION,,,0.0063,,,,,,,,,,,,,,,
Instances/Instances 3/rat195_05.gt,194,10.0,86400.0,LINEAR,NO SOLUTION,,,0.0067,,,,,,,,,,,,,,,
Instances/Instances 3/rat195_06.gt,194,10.0,86400.0,LINEAR,NO SOLUTION,,,0.0061,,,,,,,,,,,,,,,
Instances/Instances 3/rat195_07.gt,194,10.0,86400.0,LINEAR,NO SOLUTION,,,0.007,,,,,,,,,,,,,,,
Instances/Instances 3/rat195_08.gt,194,10.0,86400.0,LINEAR,NO SOLUTION,,,0.0064,,,,,,,,,,,,,,,
Instances/Instances 3/rat195_09.gt,194,10.0,86400.0,LINEAR,NO SOLUTION,,,0.0062,,,,,,,,,,,,,,,
Instances/Instances 3/rat195_10.gt,194,10.0,86400.0,LINEAR,NO SOLUTION,,,0.0062,,,,,,,,,,,,,,,
Instances/Instances 3/rat575_01.gt,574,10.0,86400.0,LINEAR,NO SOLUTION,,,0.0064,,,,,,,,,,,,,,,
Instances/Instances 3/rat575_02.gt,574,10.0,86400.0,LINEAR,NO SOLUTION,,,0.0064,,,,,,,,,,,,,,,
Instances/Instances 3/rat575_03.gt,574,10.0,86400.0,LINEAR,NO SOLUTION,,,0.0068,,,,,,,,,,,,,,,
Instances/Instances 3/rat575_04.gt,574,10.0,86400.0,LINEAR,NO SOLUTION,,,0.0056,,,,,,,,,,,,,,,
Instances/Instances 3/rat575_05.gt,574,10.0,86400.0,LINEAR,NO SOLUTION,,,0.0063,,,,,,,,,,,,,,,
Instances/Instances 3/rat575_06.gt,574,10.0,86400.0,LINEAR,NO SOLUTION,,,0.0052,,,,,,,,,,,,,,,
Instances/Instances 3/rat575_07.gt,574,10.0,86400.0,LINEAR,NO SOLUTION,,,0.0064,,,,,,,,,,,,,,,
Instances/Instances 3/rat575_08.gt,574,10.0,86400.0,LINEAR,NO SOLUTION,,,0.007,,,,,,,,,,,,,,,
Instances/Instances 3/rat575_09.gt,574,10.0,86400.0,LINEAR,NO SOLUTION,,,0.0052,,,,,,,,,,,,,,,
Instances/Instances 3/rat575_10.gt,574,10.0,86400.0,LINEAR,NO SOLUTION,,,0.0064,,,,,,,,,,,,,,,
Instances/Instances 3/rat783_01.gt,782,10.0,86400.0,LINEAR,NO SOLUTION,,,0.0063,,,,,,,,,,,,,,,
Instances/Instances 3/rat783_02.gt,782,10.0,86400.0,LINEAR,NO SOLUTION,,,0.0087,,,,,,,,,,,,,,,
Instances/Instances 3/rat783_03.gt,782,10.0,86400.0,LINEAR,NO SOLUTION,,,0.007,,,,,,,,,,,,,,,
Instances/Instances 3/rat783_04.gt,782,10.0,86400.0,LINEAR,NO SOLUTION,,,0.0078,,,,,,,,,,,,,,,
Instances/Instances 3/rat783_05.gt,782,10.0,86400.0,LINEAR,NO SOLUTION,,,0.0075,,,,,,,,,,,,,,,
Instances/Instances 3/rat783_06.gt,782,10.0,86400.0,LINEAR,NO SOLUTION,,,0.0069,,,,,,,,,,,,,,,
Instances/Instances 3/rat783_07.gt,782,10.0,86400.0,LINEAR,NO SOLUTION,,,0.0051,,,,,,,,,,,,,,,
Instances/Instances 3/rat783_08.gt,782,10.0,86400.0,LINEAR,NO SOLUTION,,,0.0064,,,,,,,,,,,,,,,
Instances/Instances 3/rat783_09.gt,782,10.0,86400.0,LINEAR,NO SOLUTION,,,0.0072,,,,,,,,,,,,,,,
Instances/Instances 3/rat783_10.gt,782,10.0,86400.0,LINEAR,NO SOLUTION,,,0.0065,,,,,,,,,,,,,,,
Instances/Instances 3/rat99_01.gt,98,10.0,86400.0,LINEAR,NO SOLUTION,,,0.0071,,,,,,,,,,,,,,,
Instances/Instances 3/rat99_02.gt,98,10.0,86400.0,LINEAR,NO SOLUTION,,,0.0061,,,,,,,,,,,,,,,
Instances/Instances 3/rat99_03.gt,98,10.0,86400.0,LINEAR,NO SOLUTION,,,0.007,,,,,,,,,,,,,,,
Instances/Instances 3/rat99_04.gt,98,10.0,86400.0,LINEAR,NO SOLUTION,,,0.0055,,,,,,,,,,,,,,,
Instances/Instances 3/rat99_05.gt,98,10.0,86400.0,LINEAR,NO SOLUTION,,,0.0065,,,,,,,,,,,,,,,
Instances/Instances 3/rat99_06.gt,98,10.0,86400.0,LINEAR,NO SOLUTION,,,0.0062,,,,,,,,,,,,,,,
Instances/Instances 3/rat99_07.gt,98,10.0,86400.0,LINEAR,NO SOLUTION,,,0.0063,,,,,,,,,,,,,,,
Instances/Instances 3/rat99_08.gt,98,10.0,86400.0,LINEAR,NO SOLUTION,,,0.0065,,,,,,,,,,,,,,,
Instances/Instances 3/rat99_09.gt,98,10.0,86400.0,LINEAR,NO SOLUTION,,,0.0062,,,,,,,,,,,,,,,
Instances/Instances 3/rat99_10.gt,98,10.0,86400.0,LINEAR,NO SOLUTION,,,0.0062,,,,,,,,,,,,,,,
Instances/Instances 3/rd100_01.gt,99,10.0,86400.0,LINEAR,NO SOLUTION,,,0.006,,,,,,,,,,,,,,,
Instances/Instances 3/rd100_02.gt,99,10.0,86400.0,LINEAR,NO SOLUTION,,,0.0062,,,,,,,,,,,,,,,
Instances/Instances 3/rd100_03.gt,99,10.0,86400.0,LINEAR,NO SOLUTION,,,0.0059,,,,,,,,,,,,,,,
Instances/Instances 3/rd100_04.gt,99,10.0,86400.0,LINEAR,NO SOLUTION,,,0.0067,,,,,,,,,,,,,,,
Instances/Instances 3/rd100_05.gt,99,10.0,86400.0,LINEAR,NO SOLUTION,,,0.0064,,,,,,,,,,,,,,,
Instances/Instances 3/rd100_06.gt,99,10.0,86400.0,LINEAR,NO SOLUTION,,,0.0057,,,,,,,,,,,,,,,
Instances/Instances 3/rd100_07.gt,99,10.0,86400.0,LINEAR,NO SOLUTION,,,0.0059,,,,,,,,,,,,,,,
Instances/Instances 3/rd100_08.gt,99,10.0,86400.0,LINEAR,NO SOLUTION,,,0.0063,,,,,,,,,,,,,,,
Instances/Instances 3/rd100_09.gt,99,10.0,86400.0,LINEAR,NO SOLUTION,,,0.0058,,,,,,,,,,,,,,,
Instances/Instances 3/rd100_10.gt,99,10.0,86400.0,LINEAR,NO SOLUTION,,,0.0069,,,,,,,,,,,,,,,
Instances/Instances 3/rd400_01.gt,399,10.0,86400.0,LINEAR,NO SOLUTION,,,0.0061,,,,,,,,,,,,,,,
Instances/Instances 3/rd400_02.gt,399,10.0,86400.0,LINEAR,NO SOLUTION,,,0.0063,,,,,,,,,,,,,,,
Instances/Instances 3/rd400_03.gt,399,10.0,86400.0,LINEAR,NO SOLUTION,,,0.0062,,,,,,,,,,,,,,,
Instances/Instances 3/rd400_04.gt,399,10.0,86400.0,LINEAR,NO SOLUTION,,,0.0062,,,,,,,,,,,,,,,
Instances/Instances 3/rd400_05.gt,399,10.0,86400.0,LINEAR,NO SOLUTION,,,0.0066,,,,,,,,,,,,,,,
Instances/Instances 3/rd400_06.gt,399,10.0,86400.0,LINEAR,NO SOLUTION,,,0.0061,,,,,,,,,,,,,,,
Instances/Instances 3/rd400_07.gt,399,10.0,86400.0,LINEAR,NO SOLUTION,,,0.0065,,,,,,,,,,,,,,,
Instances/Instances 3/rd400_08.gt,399,10.0,86400.0,LINEAR,NO SOLUTION,,,0.0073,,,,,,,,,,,,,,,
Instances/Instances 3/rd400_09.gt,399,10.0,86400.0,LINEAR,NO SOLUTION,,,0.0059,,,,,,,,,,,,,,,
Instances/Instances 3/rd400_10.gt,399,10.0,86400.0,LINEAR,NO SOLUTION,,,0.0067,,,,,,,,,,,,,,,
Instances/Instances 3/rl11849_01.gt,11848,10.0,86400.0,LINEAR,NO SOLUTION,,,0.0138,,,,,,,,,,,,,,,
Instances/Instances 3/rl11849_02.gt,11848,10.0,86400.0,LINEAR,NO SOLUTION,,,0.0143,,,,,,,,,,,,,,,
Instances/Instances 3/rl11849_03.gt,11848,10.0,86400.0,LINEAR,NO SOLUTION,,,0.0142,,,,,,,,,,,,,,,
Instances/Instances 3/rl11849_04.gt,11848,10.0,86400.0,LINEAR,NO SOLUTION,,,0.0132,,,,,,,,,,,,,,,
Instances/Instances 3/rl11849_05.gt,11848,10.0,86400.0,LINEAR,NO SOLUTION,,,0.0145,,,,,,,,,,,,,,,
Instances/Instances 3/rl11849_06.gt,11848,10.0,86400.0,LINEAR,NO SOLUTION,,,0.0137,,,,,,,,,,,,,,,
Instances/Instances 3/rl11849_07.gt,11848,10.0,86400.0,LINEAR,NO SOLUTION,,,0.0138,,,,,,,,,,,,,,,
Instances/Instances 3/rl11849_08.gt,11848,10.0,86400.0,LINEAR,NO SOLUTION,,,0.014,,,,,,,,,,,,,,,
Instances/Instances 3/rl11849_09.gt,11848,10.0,86400.0,LINEAR,NO SOLUTION,,,0.0132,,,,,,,,,,,,,,,
Instances/Instances 3/rl11849_10.gt,11848,10.0,86400.0,LINEAR,NO SOLUTION,,,0.0149,,,,,,,,,,,,,,,
Instances/Instances 3/rl1304_01.gt,1303,10.0,86400.0,LINEAR,NO SOLUTION,,,0.0072,,,,,,,,,,,,,,,
Instances/Instances 3/rl1304_02.gt,1303,10.0,86400.0,LINEAR,NO SOLUTION,,,0.0071,,,,,,,,,,,,,,,
Instances/Instances 3/rl1304_03.gt,1303,10.0,86400.0,LINEAR,NO SOLUTION,,,0.007,,,,,,,,,,,,,,,
Instances/Instances 3/rl1304_04.gt,1303,10.0,86400.0,LINEAR,NO SOLUTION,,,0.0071,,,,,,,,,,,,,,,
Instances/Instances 3/rl1304_05.gt,1303,10.0,86400.0,LINEAR,NO SOLUTION,,,0.0069,,,,,,,,,,,,,,,
Instances/Instances 3/rl1304_06.gt,1303,10.0,86400.0,LINEAR,NO SOLUTION,,,0.0067,,,,,,,,,,,,,,,
Instances/Instances 3/rl1304_07.gt,1303,10.0,86400.0,LINEAR,NO SOLUTION,,,0.0068,,,,,,,,,,,,,,,
Instances/Instances 3/rl1304_08.gt,1303,10.0,86400.0,LINEAR,NO SOLUTION,,,0.0069,,,,,,,,,,,,,,,
Instances/Instances 3/rl1304_09.gt,1303,10.0,86400.0,LINEAR,NO SOLUTION,,,0.007,,,,,,,,,,,,,,,
Instances/Instances 3/rl1304_10.gt,1303,10.0,86400.0,LINEAR,NO SOLUTION,,,0.0075,,,,,,,,,,,,,,,
Instances/Instances 3/rl1323_01.gt,1322,10.0,86400.0,LINEAR,NO SOLUTION,,,0.0065,,,,,,,,,,,,,,,
Instances/Instances 3/rl1323_02.gt,1322,10.0,86400.0,LINEAR,NO SOLUTION,,,0.0078,,,,,,,,,,,,,,,
Instances/Instances 3/rl1323_03.gt,1322,10.0,86400.0,LINEAR,NO SOLUTION,,,0.0075,,,,,,,,,,,,,,,
Instances/Instances 3/rl1323_04.gt,1322,10.0,86400.0,LINEAR,NO SOLUTION,,,0.0067,,,,,,,,,,,,,,,
Instances/Instances 3/rl1323_05.gt,1322,10.0,86400.0,LINEAR,NO SOLUTION,,,0.0068,,,,,,,,,,,,,,,
Instances/Instances 3/rl1323_06.gt,1322,10.0,86400.0,LINEAR,NO SOLUTION,,,0.0067,,,,,,,,,,,,,,,
Instances/Instances 3/rl1323_07.gt,1322,10.0,86400.0,LINEAR,NO SOLUTION,,,0.0073,,,,,,,,,,,,,,,
Instances/Instances 3/rl1323_08.gt,1322,10.0,86400.0,LINEAR,NO SOLUTION,,,0.0071,,,,,,,,,,,,,,,
Instances/Instances 3/rl1323_09.gt,1322,10.0,86400.0,LINEAR,NO SOLUTION,,,0.0066,,,,,,,,,,,,,,,
Instances/Instances 3/rl1323_10.gt,1322,10.0,86400.0,LINEAR,NO SOLUTION,,,0.0071,,,,,,,,,,,,,,,
Instances/Instances 3/rl1889_01.gt,1888,10.0,86400.0,LINEAR,NO SOLUTION,,,0.0072,,,,,,,,,,,,,,,
Instances/Instances 3/rl1889_02.gt,1888,10.0,86400.0,LINEAR,NO SOLUTION,,,0.0074,,,,,,,,,,,,,,,
Instances/Instances 3/rl1889_03.gt,1888,10.0,86400.0,LINEAR,NO SOLUTION,,,0.0074,,,,,,,,,,,,,,,
Instances/Instances 3/rl1889_04.gt,1888,10.0,86400.0,LINEAR,NO SOLUTION,,,0.0081,,,,,,,,,,,,,,,
Instances/Instances 3/rl1889_05.gt,1888,10.0,86400.0,LINEAR,NO SOLUTION,,,0.0074,,,,,,,,,,,,,,,
Instances/Instances 3/rl1889_06.gt,1888,10.0,86400.0,LINEAR,NO SOLUTION,,,0.0078,,,,,,,,,,,,,,,
Instances/Instances 3/rl1889_07.gt,1888,10.0,86400.0,LINEAR,NO SOLUTION,,,0.0079,,,,,,,,,,,,,,,
Instances/Instances 3/rl1889_08.gt,1888,10.0,86400.0,LINEAR,NO SOLUTION,,,0.0077,,,,,,,,,,,,,,,
Instances/Instances 3/rl1889_09.gt,1888,10.0,86400.0,LINEAR,NO SOLUTION,,,0.0075,,,,,,,,,,,,,,,
Instances/Instances 3/rl1889_10.gt,1888,10.0,86400.0,LINEAR,NO SOLUTION,,,0.0072,,,,,,,,,,,,,,,
Instances/Instances 3/rl5915_01.gt,5914,10.0,86400.0,LINEAR,NO SOLUTION,,,0.0098,,,,,,,,,,,,,,,
Instances/Instances 3/rl5915_02.gt,5914,10.0,86400.0,LINEAR,NO SOLUTION,,,0.0103,,,,,,,,,,,,,,,
Instances/Instances 3/rl5915_03.gt,5914,10.0,86400.0,LINEAR,NO SOLUTION,,,0.0094,,,,,,,,,,,,,,,
Instances/Instances 3/rl5915_04.gt,5914,10.0,86400.0,LINEAR,NO SOLUTION,,,0.0092,,,,,,,,,,,,,,,
Instances/Instances 3/rl5915_05.gt,5914,10.0,86400.0,LINEAR,NO SOLUTION,,,0.0098,,,,,,,,,,,,,,,
Instances/Instances 3/rl5915_06.gt,5914,10.0,86400.0,LINEAR,NO SOLUTION,,,0.0104,,,,,,,,,,,,,,,
Instances/Instances 3/rl5915_07.gt,5914,10.0,86400.0,LINEAR,NO SOLUTION,,,0.0102,,,,,,,,,,,,,,,
Instances/Instances 3/rl5915_08.gt,5914,10.0,86400.0,LINEAR,NO SOLUTION,,,0.0097,,,,,,,,,,,,,,,
Instances/Instances 3/rl5915_09.gt,5914,10.0,86400.0,LINEAR,NO SOLUTION,,,0.0097,,,,,,,,,,,,,,,
Instances/Instances 3/rl5915_10.gt,5914,10.0,86400.0,LINEAR,NO SOLUTION,,,0.0106,,,,,,,,,,,,,,,
Instances/Instances 3/rl5934_01.gt,5933,10.0,86400.0,LINEAR,NO SOLUTION,,,0.0098,,,,,,,,,,,,,,,
Instances/Instances 3/rl5934_02.gt,5933,10.0,86400.0,LINEAR,NO SOLUTION,,,0.0105,,,,,,,,,,,,,,,
Instances/Instances 3/rl5934_03.gt,5933,10.0,86400.0,LINEAR,NO SOLUTION,,,0.012,,,,,,,,,,,,,,,
Instances/Instances 3/rl5934_04.gt,5933,10.0,86400.0,LINEAR,NO SOLUTION,,,0.0102,,,,,,,,,,,,,,,
Instances/Instances 3/rl5934_05.gt,5933,10.0,86400.0,LINEAR,NO SOLUTION,,,0.0101,,,,,,,,,,,,,,,
Instances/Instances 3/rl5934_06.gt,5933,10.0,86400.0,LINEAR,NO SOLUTION,,,0.0097,,,,,,,,,,,,,,,
Instances/Instances 3/rl5934_07.gt,5933,10.0,86400.0,LINEAR,NO SOLUTION,,,0.0092,,,,,,,,,,,,,,,
Instances/Instances 3/rl5934_08.gt,5933,10.0,86400.0,LINEAR,NO SOLUTION,,,0.0104,,,,,,,,,,,,,,,
Instances/Instances 3/rl5934_09.gt,5933,10.0,86400.0,LINEAR,NO SOLUTION,,,0.0104,,,,,,,,,,,,,,,
Instances/Instances 3/rl5934_10.gt,5933,10.0,86400.0,LINEAR,NO SOLUTION,,,0.01,,,,,,,,,,,,,,,
Instances/Instances 3/rw1621_01.gt,1620,10.0,86400.0,LINEAR,NO SOLUTION,,,0.0068,,,,,,,,,,,,,,,
Instances/Instances 3/rw1621_02.gt,1620,10.0,86400.0,LINEAR,NO SOLUTION,,,0.0066,,,,,,,,,,,,,,,
Instances/Instances 3/rw1621_03.gt,1620,10.0,86400.0,LINEAR,NO SOLUTION,,,0.0067,,,,,,,,,,,,,,,
Instances/Instances 3/rw1621_04.gt,1620,10.0,86400.0,LINEAR,NO SOLUTION,,,0.0069,,,,,,,,,,,,,,,
Instances/Instances 3/rw1621_05.gt,1620,10.0,86400.0,LINEAR,NO SOLUTION,,,0.0071,,,,,,,,,,,,,,,
Instances/Instances 3/rw1621_06.gt,1620,10.0,86400.0,LINEAR,NO SOLUTION,,,0.0068,,,,,,,,,,,,,,,
Instances/Instances 3/rw1621_07.gt,1620,10.0,86400.0,LINEAR,NO SOLUTION,,,0.007,,,,,,,,,,,,,,,
Instances/Instances 3/rw1621_08.gt,1620,10.0,86400.0,LINEAR,NO SOLUTION,,,0.0068,,,,,,,,,,,,,,,
Instances/Instances 3/rw1621_09.gt,1620,10.0,86400.0,LINEAR,NO SOLUTION,,,0.0074,,,,,,,,,,,,,,,
Instances/Instances 3/rw1621_10.gt,1620,10.0,86400.0,LINEAR,NO SOLUTION,,,0.0072,,,,,,,,,,,,,,,
Instances/Instances 3/st70_01.gt,69,10.0,86400.0,LINEAR,NO SOLUTION,,,0.0061,,,,,,,,,,,,,,,
Instances/Instances 3/st70_02.gt,69,10.0,86400.0,LINEAR,NO SOLUTION,,,0.0062,,,,,,,,,,,,,,,
Instances/Instances 3/st70_03.gt,69,10.0,86400.0,LINEAR,NO SOLUTION,,,0.0061,,,,,,,,,,,,,,,
Instances/Instances 3/st70_04.gt,69,10.0,86400.0,LINEAR,NO SOLUTION,,,0.0064,,,,,,,,,,,,,,,
Instances/Instances 3/st70_05.gt,69,10.0,86400.0,LINEAR,NO SOLUTION,,,0.0057,,,,,,,,,,,,,,,
Instances/Instances 3/st70_06.gt,69,10.0,86400.0,LINEAR,NO SOLUTION,,,0.0066,,,,,,,,,,,,,,,
Instances/Instances 3/st70_07.gt,69,10.0,86400.0,LINEAR,NO SOLUTION,,,0.0059,,,,,,,,,,,,,,,
Instances/Instances 3/st70_08.gt,69,10.0,86400.0,LINEAR,NO SOLUTION,,,0.0065,,,,,,,,,,,,,,,
Instances/Instances 3/st70_09.gt,69,10.0,86400.0,LINEAR,NO SOLUTION,,,0.0057,,,,,,,,,,,,,,,
Instances/Instances 3/st70_10.gt,69,10.0,86400.0,LINEAR,NO SOLUTION,,,0.0063,,,,,,,,,,,,,,,
Instances/Instances 3/sw24978_01.gt,24977,10.0,86400.0,LINEAR,NO SOLUTION,,,0.025,,,,,,,,,,,,,,,
Instances/Instances 3/sw24978_02.gt,24977,10.0,86400.0,LINEAR,NO SOLUTION,,,0.0258,,,,,,,,,,,,,,,
Instances/Instances 3/sw24978_03.gt,24977,10.0,86400.0,LINEAR,NO SOLUTION,,,0.0257,,,,,,,,,,,,,,,
Instances/Instances 3/sw24978_04.gt,24977,10.0,86400.0,LINEAR,NO SOLUTION,,,0.0252,,,,,,,,,,,,,,,
Instances/Instances 3/sw24978_05.gt,24977,10.0,86400.0,LINEAR,NO SOLUTION,,,0.022,,,,,,,,,,,,,,,
Instances/Instances 3/sw24978_06.gt,24977,10.0,86400.0,LINEAR,NO SOLUTION,,,0.0235,,,,,,,,,,,,,,,
Instances/Instances 3/sw24978_07.gt,24977,10.0,86400.0,LINEAR,NO SOLUTION,,,0.0233,,,,,,,,,,,,,,,
Instances/Instances 3/sw24978_08.gt,24977,10.0,86400.0,LINEAR,NO SOLUTION,,,0.0229,,,,,,,,,,,,,,,
Instances/Instances 3/sw24978_09.gt,24977,10.0,86400.0,LINEAR,NO SOLUTION,,,0.0228,,,,,,,,,,,,,,,
Instances/Instances 3/sw24978_10.gt,24977,10.0,86400.0,LINEAR,NO SOLUTION,,,0.0253,,,,,,,,,,,,,,,
Instances/Instances 3/ts225_01.gt,224,10.0,86400.0,LINEAR,NO SOLUTION,,,0.0066,,,,,,,,,,,,,,,
Instances/Instances 3/ts225_02.gt,224,10.0,86400.0,LINEAR,NO SOLUTION,,,0.0068,,,,,,,,,,,,,,,
Instances/Instances 3/ts225_03.gt,224,10.0,86400.0,LINEAR,NO SOLUTION,,,0.0065,,,,,,,,,,,,,,,
Instances/Instances 3/ts225_04.gt,224,10.0,86400.0,LINEAR,NO SOLUTION,,,0.006,,,,,,,,,,,,,,,
Instances/Instances 3/ts225_05.gt,224,10.0,86400.0,LINEAR,NO SOLUTION,,,0.0064,,,,,,,,,,,,,,,
Instances/Instances 3/ts225_06.gt,224,10.0,86400.0,LINEAR,NO SOLUTION,,,0.006,,,,,,,,,,,,,,,
Instances/Instances 3/ts225_07.gt,224,10.0,86400.0,LINEAR,NO SOLUTION,,,0.0062,,,,,,,,,,,,,,,
Instances/Instances 3/ts225_08.gt,224,10.0,86400.0,LINEAR,NO SOLUTION,,,0.006,,,,,,,,,,,,,,,
Instances/Instances 3/ts225_09.gt,224,10.0,86400.0,LINEAR,NO SOLUTION,,,0.0063,,,,,,,,,,,,,,,
Instances/Instances 3/ts225_10.gt,224,10.0,86400.0,LINEAR,NO SOLUTION,,,0.006,,,,,,,,,,,,,,,
Instances/Instances 3/tsp225_01.gt,224,10.0,86400.0,LINEAR,NO SOLUTION,,,0.0061,,,,,,,,,,,,,,,
Instances/Instances 3/tsp225_02.gt,224,10.0,86400.0,LINEAR,NO SOLUTION,,,0.0059,,,,,,,,,,,,,,,
Instances/Instances 3/tsp225_03.gt,224,10.0,86400.0,LINEAR,NO SOLUTION,,,0.0064,,,,,,,,,,,,,,,
Instances/Instances 3/tsp225_04.gt,224,10.0,86400.0,LINEAR,NO SOLUTION,,,0.0131,,,,,,,,,,,,,,,
Instances/Instances 3/tsp225_05.gt,224,10.0,86400.0,LINEAR,NO SOLUTION,,,0.0061,,,,,,,,,,,,,,,
Instances/Instances 3/tsp225_06.gt,224,10.0,86400.0,LINEAR,NO SOLUTION,,,0.0062,,,,,,,,,,,,,,,
Instances/Instances 3/tsp225_07.gt,224,10.0,86400.0,LINEAR,NO SOLUTION,,,0.0059,,,,,,,,,,,,,,,
Instances/Instances 3/tsp225_08.gt,224,10.0,86400.0,LINEAR,NO SOLUTION,,,0.0067,,,,,,,,,,,,,,,
Instances/Instances 3/tsp225_09.gt,224,10.0,86400.0,LINEAR,NO SOLUTION,,,0.0062,,,,,,,,,,,,,,,
Instances/Instances 3/tsp225_10.gt,224,10.0,86400.0,LINEAR,NO SOLUTION,,,0.0062,,,,,,,,,,,,,,,
Instances/Instances 3/tz6117_01.gt,6116,10.0,86400.0,LINEAR,NO SOLUTION,,,0.0103,,,,,,,,,,,,,,,
Instances/Instances 3/tz6117_02.gt,6116,10.0,86400.0,LINEAR,NO SOLUTION,,,0.0111,,,,,,,,,,,,,,,
Instances/Instances 3/tz6117_03.gt,6116,10.0,86400.0,LINEAR,NO SOLUTION,,,0.0097,,,,,,,,,,,,,,,
Instances/Instances 3/tz6117_04.gt,6116,10.0,86400.0,LINEAR,NO SOLUTION,,,0.01,,,,,,,,,,,,,,,
Instances/Instances 3/tz6117_05.gt,6116,10.0,86400.0,LINEAR,NO SOLUTION,,,0.0104,,,,,,,,,,,,,,,
Instances/Instances 3/tz6117_06.gt,6116,10.0,86400.0,LINEAR,NO SOLUTION,,,0.0104,,,,,,,,,,,,,,,
Instances/Instances 3/tz6117_07.gt,6116,10.0,86400.0,LINEAR,NO SOLUTION,,,0.0102,,,,,,,,,,,,,,,
Instances/Instances 3/tz6117_08.gt,6116,10.0,86400.0,LINEAR,NO SOLUTION,,,0.011,,,,,,,,,,,,,,,
Instances/Instances 3/tz6117_09.gt,6116,10.0,86400.0,LINEAR,NO SOLUTION,,,0.0107,,,,,,,,,,,,,,,
Instances/Instances 3/tz6117_10.gt,6116,10.0,86400.0,LINEAR,NO SOLUTION,,,0.0114,,,,,,,,,,,,,,,
Instances/Instances 3/u1060_01.gt,1059,10.0,86400.0,LINEAR,NO SOLUTION,,,0.007,,,,,,,,,,,,,,,
Instances/Instances 3/u1060_02.gt,1059,10.0,86400.0,LINEAR,NO SOLUTION,,,0.0074,,,,,,,,,,,,,,,
Instances/Instances 3/u1060_03.gt,1059,10.0,86400.0,LINEAR,NO SOLUTION,,,0.008,,,,,,,,,,,,,,,
Instances/Instances 3/u1060_04.gt,1059,10.0,86400.0,LINEAR,NO SOLUTION,,,0.0074,,,,,,,,,,,,,,,
Instances/Instances 3/u1060_05.gt,1059,10.0,86400.0,LINEAR,NO SOLUTION,,,0.0064,,,,,,,,,,,,,,,
Instances/Instances 3/u1060_06.gt,1059,10.0,86400.0,LINEAR,NO SOLUTION,,,0.0071,,,,,,,,,,,,,,,
Instances/Instances 3/u1060_07.gt,1059,10.0,86400.0,LINEAR,NO SOLUTION,,,0.0066,,,,,,,,,,,,,,,
Instances/Instances 3/u1060_08.gt,1059,10.0,86400.0,LINEAR,NO SOLUTION,,,0.0069,,,,,,,,,,,,,,,
Instances/Instances 3/u1060_09.gt,1059,10.0,86400.0,LINEAR,NO SOLUTION,,,0.0071,,,,,,,,,,,,,,,
Instances/Instances 3/u1060_10.gt,1059,10.0,86400.0,LINEAR,NO SOLUTION,,,0.0067,,,,,,,,,,,,,,,
Instances/Instances 3/u1432_01.gt,1431,10.0,86400.0,LINEAR,NO SOLUTION,,,0.0071,,,,,,,,,,,,,,,
Instances/Instances 3/u1432_02.gt,1431,10.0,86400.0,LINEAR,NO SOLUTION,,,0.0068,,,,,,,,,,,,,,,
Instances/Instances 3/u1432_03.gt,1431,10.0,86400.0,LINEAR,NO SOLUTION,,,0.0076,,,,,,,,,,,,,,,
Instances/Instances 3/u1432_04.gt,1431,10.0,86400.0,LINEAR,NO SOLUTION,,,0.0074,,,,,,,,,,,,,,,
Instances/Instances 3/u1432_05.gt,1431,10.0,86400.0,LINEAR,NO SOLUTION,,,0.0065,,,,,,,,,,,,,,,
Instances/Instances 3/u1432_06.gt,1431,10.0,86400.0,LINEAR,NO SOLUTION,,,0.0067,,,,,,,,,,,,,,,
Instances/Instances 3/u1432_07.gt,1431,10.0,86400.0,LINEAR,NO SOLUTION,,,0.0066,,,,,,,,,,,,,,,
Instances/Instances 3/u1432_08.gt,1431,10.0,86400.0,LINEAR,NO SOLUTION,,,0.0077,,,,,,,,,,,,,,,
Instances/Instances 3/u1432_09.gt,1431,10.0,86400.0,LINEAR,NO SOLUTION,,,0.0068,,,,,,,,,,,,,,,
Instances/Instances 3/u1432_10.gt,1431,10.0,86400.0,LINEAR,NO SOLUTION,,,0.0066,,,,,,,,,,,,,,,
Instances/Instances 3/u159_01.gt,158,10.0,86400.0,LINEAR,NO SOLUTION,,,0.0067,,,,,,,,,,,,,,,
Instances/Instances 3/u159_02.gt,158,10.0,86400.0,LINEAR,NO SOLUTION,,,0.007,,,,,,,,,,,,,,,
Instances/Instances 3/u159_03.gt,158,10.0,86400.0,LINEAR,NO SOLUTION,,,0.0061,,,,,,,,,,,,,,,
Instances/Instances 3/u159_04.gt,158,10.0,86400.0,LINEAR,NO SOLUTION,,,0.0058,,,,,,,,,,,,,,,
Instances/Instances 3/u159_05.gt,158,10.0,86400.0,LINEAR,NO SOLUTION,,,0.0065,,,,,,,,,,,,,,,
Instances/Instances 3/u159_06.gt,158,10.0,86400.0,LINEAR,NO SOLUTION,,,0.0062,,,,,,,,,,,,,,,
Instances/Instances 3/u159_07.gt,158,10.0,86400.0,LINEAR,NO SOLUTION,,,0.0066,,,,,,,,,,,,,,,
Instances/Instances 3/u159_08.gt,158,10.0,86400.0,LINEAR,NO SOLUTION,,,0.0061,,,,,,,,,,,,,,,
Instances/Instances 3/u159_09.gt,158,10.0,86400.0,LINEAR,NO SOLUTION,,,0.0061,,,,,,,,,,,,,,,
Instances/Instances 3/u159_10.gt,158,10.0,86400.0,LINEAR,NO SOLUTION,,,0.0059,,,,,,,,,,,,,,,
Instances/Instances 3/u1817_01.gt,1816,10.0,86400.0,LINEAR,NO SOLUTION,,,0.0082,,,,,,,,,,,,,,,
Instances/Instances 3/u1817_02.gt,1816,10.0,86400.0,LINEAR,NO SOLUTION,,,0.0073,,,,,,,,,,,,,,,
Instances/Instances 3/u1817_03.gt,1816,10.0,86400.0,LINEAR,NO SOLUTION,,,0.0072,,,,,,,,,,,,,,,
Instances/Instances 3/u1817_04.gt,1816,10.0,86400.0,LINEAR,NO SOLUTION,,,0.0084,,,,,,,,,,,,,,,
Instances/Instances 3/u1817_05.gt,1816,10.0,86400.0,LINEAR,NO SOLUTION,,,0.0073,,,,,,,,,,,,,,,
Instances/Instances 3/u1817_06.gt,1816,10.0,86400.0,LINEAR,NO SOLUTION,,,0.0069,,,,,,,,,,,,,,,
Instances/Instances 3/u1817_07.gt,1816,10.0,86400.0,LINEAR,NO SOLUTION,,,0.007,,,,,,,,,,,,,,,
Instances/Instances 3/u1817_08.gt,1816,10.0,86400.0,LINEAR,NO SOLUTION,,,0.0074,,,,,,,,,,,,,,,
Instances/Instances 3/u1817_09.gt,1816,10.0,86400.0,LINEAR,NO SOLUTION,,,0.0071,,,,,,,,,,,,,,,
Instances/Instances 3/u1817_10.gt,1816,10.0,86400.0,LINEAR,NO SOLUTION,,,0.0074,,,,,,,,,,,,,,,
Instances/Instances 3/u2152_01.gt,2151,10.0,86400.0,LINEAR,NO SOLUTION,,,0.0085,,,,,,,,,,,,,,,
Instances/Instances 3/u2152_02.gt,2151,10.0,86400.0,LINEAR,NO SOLUTION,,,0.0079,,,,,,,,,,,,,,,
Instances/Instances 3/u2152_03.gt,2151,10.0,86400.0,LINEAR,NO SOLUTION,,,0.007,,,,,,,,,,,,,,,
Instances/Instances 3/u2152_04.gt,2151,10.0,86400.0,LINEAR,NO SOLUTION,,,0.0075,,,,,,,,,,,,,,,
Instances/Instances 3/u2152_05.gt,2151,10.0,86400.0,LINEAR,NO SOLUTION,,,0.0078,,,,,,,,,,,,,,,
Instances/Instances 3/u2152_06.gt,2151,10.0,86400.0,LINEAR,NO SOLUTION,,,0.0083,,,,,,,,,,,,,,,
Instances/Instances 3/u2152_07.gt,2151,10.0,86400.0,LINEAR,NO SOLUTION,,,0.0071,,,,,,,,,,,,,,,
Instances/Instances 3/u2152_08.gt,2151,10.0,86400.0,LINEAR,NO SOLUTION,,,0.0082,,,,,,,,,,,,,,,
Instances/Instances 3/u2152_09.gt,2151,10.0,86400.0,LINEAR,NO SOLUTION,,,0.0082,,,,,,,,,,,,,,,
Instances/Instances 3/u2152_10.gt,2151,10.0,86400.0,LINEAR,NO SOLUTION,,,0.0078,,,,,,,,,,,,,,,
Instances/Instances 3/u2319_01.gt,2318,10.0,86400.0,LINEAR,NO SOLUTION,,,0.0083,,,,,,,,,,,,,,,
Instances/Instances 3/u2319_02.gt,2318,10.0,86400.0,LINEAR,NO SOLUTION,,,0.008,,,,,,,,,,,,,,,
Instances/Instances 3/u2319_03.gt,2318,10.0,86400.0,LINEAR,NO SOLUTION,,,0.0089,,,,,,,,,,,,,,,
Instances/Instances 3/u2319_04.gt,2318,10.0,86400.0,LINEAR,NO SOLUTION,,,0.0083,,,,,,,,,,,,,,,
Instances/Instances 3/u2319_05.gt,2318,10.0,86400.0,LINEAR,NO SOLUTION,,,0.0084,,,,,,,,,,,,,,,
Instances/Instances 3/u2319_06.gt,2318,10.0,86400.0,LINEAR,NO SOLUTION,,,0.009,,,,,,,,,,,,,,,
Instances/Instances 3/u2319_07.gt,2318,10.0,86400.0,LINEAR,NO SOLUTION,,,0.0079,,,,,,,,,,,,,,,
Instances/Instances 3/u2319_08.gt,2318,10.0,86400.0,LINEAR,NO SOLUTION,,,0.0067,,,,,,,,,,,,,,,
Instances/Instances 3/u2319_09.gt,2318,10.0,86400.0,LINEAR,NO SOLUTION,,,0.0076,,,,,,,,,,,,,,,
Instances/Instances 3/u2319_10.gt,2318,10.0,86400.0,LINEAR,NO SOLUTION,,,0.0083,,,,,,,,,,,,,,,
Instances/Instances 3/u574_01.gt,573,10.0,86400.0,LINEAR,NO SOLUTION,,,0.0062,,,,,,,,,,,,,,,
Instances/Instances 3/u574_02.gt,573,10.0,86400.0,LINEAR,NO SOLUTION,,,0.0066,,,,,,,,,,,,,,,
Instances/Instances 3/u574_03.gt,573,10.0,86400.0,LINEAR,NO SOLUTION,,,0.0064,,,,,,,,,,,,,,,
Instances/Instances 3/u574_04.gt,573,10.0,86400.0,LINEAR,NO SOLUTION,,,0.0065,,,,,,,,,,,,,,,
Instances/Instances 3/u574_05.gt,573,10.0,86400.0,LINEAR,NO SOLUTION,,,0.0064,,,,,,,,,,,,,,,
Instances/Instances 3/u574_06.gt,573,10.0,86400.0,LINEAR,NO SOLUTION,,,0.0064,,,,,,,,,,,,,,,
Instances/Instances 3/u574_07.gt,573,10.0,86400.0,LINEAR,NO SOLUTION,,,0.007,,,,,,,,,,,,,,,
Instances/Instances 3/u574_08.gt,573,10.0,86400.0,LINEAR,NO SOLUTION,,,0.0067,,,,,,,,,,,,,,,
Instances/Instances 3/u574_09.gt,573,10.0,86400.0,LINEAR,NO SOLUTION,,,0.0048,,,,,,,,,,,,,,,
Instances/Instances 3/u574_10.gt,573,10.0,86400.0,LINEAR,NO SOLUTION,,,0.0067,,,,,,,,,,,,,,,
Instances/Instances 3/u724_01.gt,723,10.0,86400.0,LINEAR,NO SOLUTION,,,0.0068,,,,,,,,,,,,,,,
Instances/Instances 3/u724_02.gt,723,10.0,86400.0,LINEAR,NO SOLUTION,,,0.0062,,,,,,,,,,,,,,,
Instances/Instances 3/u724_03.gt,723,10.0,86400.0,LINEAR,NO SOLUTION,,,0.0072,,,,,,,,,,,,,,,
Instances/Instances 3/u724_04.gt,723,10.0,86400.0,LINEAR,NO SOLUTION,,,0.0065,,,,,,,,,,,,,,,
Instances/Instances 3/u724_05.gt,723,10.0,86400.0,LINEAR,NO SOLUTION,,,0.0063,,,,,,,,,,,,,,,
Instances/Instances 3/u724_06.gt,723,10.0,86400.0,LINEAR,NO SOLUTION,,,0.0061,,,,,,,,,,,,,,,
Instances/Instances 3/u724_07.gt,723,10.0,86400.0,LINEAR,NO SOLUTION,,,0.0064,,,,,,,,,,,,,,,
Instances/Instances 3/u724_08.gt,723,10.0,86400.0,LINEAR,NO SOLUTION,,,0.0066,,,,,,,,,,,,,,,
Instances/Instances 3/u724_09.gt,723,10.0,86400.0,LINEAR,NO SOLUTION,,,0.0068,,,,,,,,,,,,,,,
Instances/Instances 3/u724_10.gt,723,10.0,86400.0,LINEAR,NO SOLUTION,,,0.007,,,,,,,,,,,,,,,
Instances/Instances 3/usa13509_01.gt,13508,10.0,86400.0,LINEAR,NO SOLUTION,,,0.0171,,,,,,,,,,,,,,,
Instances/Instances 3/usa13509_02.gt,13508,10.0,86400.0,LINEAR,NO SOLUTION,,,0.0155,,,,,,,,,,,,,,,
Instances/Instances 3/usa13509_03.gt,13508,10.0,86400.0,LINEAR,NO SOLUTION,,,0.0155,,,,,,,,,,,,,,,
Instances/Instances 3/usa13509_04.gt,13508,10.0,86400.0,LINEAR,NO SOLUTION,,,0.0171,,,,,,,,,,,,,,,
Instances/Instances 3/usa13509_05.gt,13508,10.0,86400.0,LINEAR,NO SOLUTION,,,0.0152,,,,,,,,,,,,,,,
Instances/Instances 3/usa13509_06.gt,13508,10.0,86400.0,LINEAR,NO SOLUTION,,,0.0135,,,,,,,,,,,,,,,
Instances/Instances 3/usa13509_07.gt,13508,10.0,86400.0,LINEAR,NO SOLUTION,,,0.015,,,,,,,,,,,,,,,
Instances/Instances 3/usa13509_08.gt,13508,10.0,86400.0,LINEAR,NO SOLUTION,,,0.0154,,,,,,,,,,,,,,,
Instances/Instances 3/usa13509_09.gt,13508,10.0,86400.0,LINEAR,NO SOLUTION,,,0.016,,,,,,,,,,,,,,,
Instances/Instances 3/usa13509_10.gt,13508,10.0,86400.0,LINEAR,NO SOLUTION,,,0.0169,,,,,,,,,,,,,,,
Instances/Instances 3/uy734_01.gt,733,10.0,86400.0,LINEAR,NO SOLUTION,,,0.0072,,,,,,,,,,,,,,,
Instances/Instances 3/uy734_02.gt,733,10.0,86400.0,LINEAR,NO SOLUTION,,,0.0087,,,,,,,,,,,,,,,
Instances/Instances 3/uy734_03.gt,733,10.0,86400.0,LINEAR,NO SOLUTION,,,0.0078,,,,,,,,,,,,,,,
Instances/Instances 3/uy734_04.gt,733,10.0,86400.0,LINEAR,NO SOLUTION,,,0.0068,,,,,,,,,,,,,,,
Instances/Instances 3/uy734_05.gt,733,10.0,86400.0,LINEAR,NO SOLUTION,,,0.0062,,,,,,,,,,,,,,,
Instances/Instances 3/uy734_06.gt,733,10.0,86400.0,LINEAR,NO SOLUTION,,,0.0064,,,,,,,,,,,,,,,
Instances/Instances 3/uy734_07.gt,733,10.0,86400.0,LINEAR,NO SOLUTION,,,0.006,,,,,,,,,,,,,,,
Instances/Instances 3/uy734_08.gt,733,10.0,86400.0,LINEAR,NO SOLUTION,,,0.0065,,,,,,,,,,,,,,,
Instances/Instances 3/uy734_09.gt,733,10.0,86400.0,LINEAR,NO SOLUTION,,,0.0064,,,,,,,,,,,,,,,
Instances/Instances 3/uy734_10.gt,733,10.0,86400.0,LINEAR,NO SOLUTION,,,0.0068,,,,,,,,,,,,,,,
Instances/Instances 3/vm1084_01.gt,1083,10.0,86400.0,LINEAR,NO SOLUTION,,,0.0066,,,,,,,,,,,,,,,
Instances/Instances 3/vm1084_02.gt,1083,10.0,86400.0,LINEAR,NO SOLUTION,,,0.008,,,,,,,,,,,,,,,
Instances/Instances 3/vm1084_03.gt,1083,10.0,86400.0,LINEAR,NO SOLUTION,,,0.007,,,,,,,,,,,,,,,
Instances/Instances 3/vm1084_04.gt,1083,10.0,86400.0,LINEAR,NO SOLUTION,,,0.0071,,,,,,,,,,,,,,,
Instances/Instances 3/vm1084_05.gt,1083,10.0,86400.0,LINEAR,NO SOLUTION,,,0.0077,,,,,,,,,,,,,,,
Instances/Instances 3/vm1084_06.gt,1083,10.0,86400.0,LINEAR,NO SOLUTION,,,0.0063,,,,,,,,,,,,,,,
Instances/Instances 3/vm1084_07.gt,1083,10.0,86400.0,LINEAR,NO SOLUTION,,,0.007,,,,,,,,,,,,,,,
Instances/Instances 3/vm1084_08.gt,1083,10.0,86400.0,LINEAR,NO SOLUTION,,,0.0074,,,,,,,,,,,,,,,
Instances/Instances 3/vm1084_09.gt,1083,10.0,86400.0,LINEAR,NO SOLUTION,,,0.0066,,,,,,,,,,,,,,,
Instances/Instances 3/vm1084_10.gt,1083,10.0,86400.0,LINEAR,NO SOLUTION,,,0.0065,,,,,,,,,,,,,,,
Instances/Instances 3/vm1748_01.gt,1747,10.0,86400.0,LINEAR,NO SOLUTION,,,0.0072,,,,,,,,,,,,,,,
Instances/Instances 3/vm1748_02.gt,1747,10.0,86400.0,LINEAR,NO SOLUTION,,,0.0077,,,,,,,,,,,,,,,
Instances/Instances 3/vm1748_03.gt,1747,10.0,86400.0,LINEAR,NO SOLUTION,,,0.0076,,,,,,,,,,,,,,,
Instances/Instances 3/vm1748_04.gt,1747,10.0,86400.0,LINEAR,NO SOLUTION,,,0.0071,,,,,,,,,,,,,,,
Instances/Instances 3/vm1748_05.gt,1747,10.0,86400.0,LINEAR,NO SOLUTION,,,0.007,,,,,,,,,,,,,,,
Instances/Instances 3/vm1748_06.gt,1747,10.0,86400.0,LINEAR,NO SOLUTION,,,0.0068,,,,,,,,,,,,,,,
Instances/Instances 3/vm1748_07.gt,1747,10.0,86400.0,LINEAR,NO SOLUTION,,,0.007,,,,,,,,,,,,,,,
Instances/Instances 3/vm1748_08.gt,1747,10.0,86400.0,LINEAR,NO SOLUTION,,,0.0069,,,,,,,,,,,,,,,
Instances/Instances 3/vm1748_09.gt,1747,10.0,86400.0,LINEAR,NO SOLUTION,,,0.0069,,,,,,,,,,,,,,,
Instances/Instances 3/vm1748_10.gt,1747,10.0,86400.0,LINEAR,NO SOLUTION,,,0.0071,,,,,,,,,,,,,,,
Instances/Instances 3/vm22775_01.gt,22774,10.0,86400.0,LINEAR,NO SOLUTION,,,0.0234,,,,,,,,,,,,,,,
Instances/Instances 3/vm22775_02.gt,22774,10.0,86400.0,LINEAR,NO SOLUTION,,,0.0237,,,,,,,,,,,,,,,
Instances/Instances 3/vm22775_03.gt,22774,10.0,86400.0,LINEAR,NO SOLUTION,,,0.0218,,,,,,,,,,,,,,,
Instances/Instances 3/vm22775_04.gt,22774,10.0,86400.0,LINEAR,NO SOLUTION,,,0.0231,,,,,,,,,,,,,,,
Instances/Instances 3/vm22775_05.gt,22774,10.0,86400.0,LINEAR,NO SOLUTION,,,0.0236,,,,,,,,,,,,,,,
Instances/Instances 3/vm22775_06.gt,22774,10.0,86400.0,LINEAR,NO SOLUTION,,,0.021,,,,,,,,,,,,,,,
Instances/Instances 3/vm22775_07.gt,22774,10.0,86400.0,LINEAR,NO SOLUTION,,,0.0232,,,,,,,,,,,,,,,
Instances/Instances 3/vm22775_08.gt,22774,10.0,86400.0,LINEAR,NO SOLUTION,,,0.0214,,,,,,,,,,,,,,,
Instances/Instances 3/vm22775_09.gt,22774,10.0,86400.0,LINEAR,NO SOLUTION,,,0.0229,,,,,,,,,,,,,,,
Instances/Instances 3/vm22775_10.gt,22774,10.0,86400.0,LINEAR,NO SOLUTION,,,0.0232,,,,,,,,,,,,,,,
Instances/Instances 3/wi29_01.gt,28,10.0,86400.0,LINEAR,NO SOLUTION,,,0.0064,,,,,,,,,,,,,,,
Instances/Instances 3/wi29_02.gt,28,10.0,86400.0,LINEAR,NO SOLUTION,,,0.0057,,,,,,,,,,,,,,,
Instances/Instances 3/wi29_03.gt,28,10.0,86400.0,LINEAR,NO SOLUTION,,,0.0061,,,,,,,,,,,,,,,
Instances/Instances 3/wi29_04.gt,28,10.0,86400.0,LINEAR,NO SOLUTION,,,0.0064,,,,,,,,,,,,,,,
Instances/Instances 3/wi29_05.gt,28,10.0,86400.0,LINEAR,NO SOLUTION,,,0.0064,,,,,,,,,,,,,,,
Instances/Instances 3/wi29_06.gt,28,10.0,86400.0,LINEAR,NO SOLUTION,,,0.0063,,,,,,,,,,,,,,,
Instances/Instances 3/wi29_07.gt,28,10.0,86400.0,LINEAR,NO SOLUTION,,,0.0066,,,,,,,,,,,,,,,
Instances/Instances 3/wi29_08.gt,28,10.0,86400.0,LINEAR,NO SOLUTION,,,0.0066,,,,,,,,,,,,,,,
Instances/Instances 3/wi29_09.gt,28,10.0,86400.0,LINEAR,NO SOLUTION,,,0.0063,,,,,,,,,,,,,,,
Instances/Instances 3/wi29_10.gt,28,10.0,86400.0,LINEAR,NO SOLUTION,,,0.0061,,,,,,,,,,,,,,,
Instances/Instances 3/ym7663_01.gt,7662,10.0,86400.0,LINEAR,NO SOLUTION,,,0.0103,,,,,,,,,,,,,,,
Instances/Instances 3/ym7663_02.gt,7662,10.0,86400.0,LINEAR,NO SOLUTION,,,0.0104,,,,,,,,,,,,,,,
Instances/Instances 3/ym7663_03.gt,7662,10.0,86400.0,LINEAR,NO SOLUTION,,,0.0112,,,,,,,,,,,,,,,
Instances/Instances 3/ym7663_04.gt,7662,10.0,86400.0,LINEAR,NO SOLUTION,,,0.0111,,,,,,,,,,,,,,,
Instances/Instances 3/ym7663_05.gt,7662,10.0,86400.0,LINEAR,NO SOLUTION,,,0.0112,,,,,,,,,,,,,,,
Instances/Instances 3/ym7663_06.gt,7662,10.0,86400.0,LINEAR,NO SOLUTION,,,0.0102,,,,,,,,,,,,,,,
Instances/Instances 3/ym7663_07.gt,7662,10.0,86400.0,LINEAR,NO SOLUTION,,,0.011,,,,,,,,,,,,,,,
Instances/Instances 3/ym7663_08.gt,7662,10.0,86400.0,LINEAR,NO SOLUTION,,,0.01,,,,,,,,,,,,,,,
Instances/Instances 3/ym7663_09.gt,7662,10.0,86400.0,LINEAR,NO SOLUTION,,,0.0117,,,,,,,,,,,,,,,
Instances/Instances 3/ym7663_10.gt,7662,10.0,86400.0,LINEAR,NO SOLUTION,,,0.0107,,,,,,,,,,,,,,,
Instances/Instances 3/zi929_01.gt,928,10.0,86400.0,LINEAR,NO SOLUTION,,,0.0064,,,,,,,,,,,,,,,
Instances/Instances 3/zi929_02.gt,928,10.0,86400.0,LINEAR,NO SOLUTION,,,0.0069,,,,,,,,,,,,,,,
Instances/Instances 3/zi929_03.gt,928,10.0,86400.0,LINEAR,NO SOLUTION,,,0.0064,,,,,,,,,,,,,,,
Instances/Instances 3/zi929_04.gt,928,10.0,86400.0,LINEAR,NO SOLUTION,,,0.0069,,,,,,,,,,,,,,,
Instances/Instances 3/zi929_05.gt,928,10.0,86400.0,LINEAR,NO SOLUTION,,,0.0069,,,,,,,,,,,,,,,
Instances/Instances 3/zi929_06.gt,928,10.0,86400.0,LINEAR,NO SOLUTION,,,0.0068,,,,,,,,,,,,,,,
Instances/Instances 3/zi929_07.gt,928,10.0,86400.0,LINEAR,NO SOLUTION,,,0.0067,,,,,,,,,,,,,,,
Instances/Instances 3/zi929_08.gt,928,10.0,86400.0,LINEAR,NO SOLUTION,,,0.0062,,,,,,,,,,,,,,,
Instances/Instances 3/zi929_09.gt,928,10.0,86400.0,LINEAR,NO SOLUTION,,,0.0069,,,,,,,,,,,,,,,
Instances/Instances 3/zi929_10.gt,928,10.0,86400.0,LINEAR,NO SOLUTION,,,0.0066,,,,,,,,,,,,,,,
