instance,n,Q,horizon,solver,cost,templates,solve_seconds,solve_seconds_min,solve_seconds_spread,repeats,wall_seconds
Instances/Instances 1/a280_01.gt,279,100.0,86400.0,PTVRP_LINEAR,114076.0,2,0.000008400,0.000008400,0.0000,1,0.007232
Instances/Instances 1/a280_02.gt,279,200.0,86400.0,PTVRP_LINEAR,87152.0,2,0.000006900,0.000006900,0.0000,1,0.008045
Instances/Instances 1/a280_03.gt,279,500.0,86400.0,PTVRP_LINEAR,39690.0,1,0.000007100,0.000007100,0.0000,1,0.007143
Instances/Instances 1/a280_04.gt,279,1000.0,86400.0,PTVRP_LINEAR,22680.0,1,0.000019300,0.000019300,0.0000,1,0.007561
Instances/Instances 1/a280_05.gt,279,2000.0,86400.0,PTVRP_LINEAR,11340.0,1,0.000007200,0.000007200,0.0000,1,0.006205
Instances/Instances 1/a280_06.gt,279,5000.0,86400.0,PTVRP_LINEAR,5670.0,1,0.000007600,0.000007600,0.0000,1,0.005373
Instances/Instances 1/a280_07.gt,279,10000.0,86400.0,PTVRP_LINEAR,2835.0,1,0.000008000,0.000008000,0.0000,1,0.004605
Instances/Instances 1/a280_08.gt,279,20000.0,86400.0,PTVRP_LINEAR,2835.0,1,0.000008000,0.000008000,0.0000,1,0.005325
Instances/Instances 1/a280_09.gt,279,50000.0,86400.0,PTVRP_LINEAR,2835.0,1,0.000008000,0.000008000,0.0000,1,0.005422
Instances/Instances 1/a280_10.gt,279,100000.0,86400.0,PTVRP_LINEAR,2835.0,1,0.000008200,0.000008200,0.0000,1,0.005752
Instances/Instances 1/ar9152_01.gt,9151,100.0,86400.0,PTVRP_LINEAR,32163901.0,434,0.000388400,0.000388400,0.0000,1,0.009836
Instances/Instances 1/ar9152_02.gt,9151,200.0,86400.0,PTVRP_LINEAR,17598656.0,242,0.000388900,0.000388900,0.0000,1,0.012396
Instances/Instances 1/ar9152_03.gt,9151,500.0,86400.0,PTVRP_LINEAR,8545180.0,125,0.000368100,0.000368100,0.0000,1,0.013149
Instances/Instances 1/ar9152_04.gt,9151,1000.0,86400.0,PTVRP_LINEAR,5186553.0,82,0.000355800,0.000355800,0.0000,1,0.013362
Instances/Instances 1/ar9152_05.gt,9151,2000.0,86400.0,PTVRP_LINEAR,3222583.0,56,0.000344300,0.000344300,0.0000,1,0.01409
Instances/Instances 1/ar9152_06.gt,9151,5000.0,86400.0,PTVRP_LINEAR,1819220.0,36,0.000352900,0.000352900,0.0000,1,0.012665
Instances/Instances 1/ar9152_07.gt,9151,10000.0,86400.0,PTVRP_LINEAR,1249936.0,24,0.000335000,0.000335000,0.0000,1,0.011155
Instances/Instances 1/ar9152_08.gt,9151,20000.0,86400.0,PTVRP_LINEAR,986552.0,15,0.000364500,0.000364500,0.0000,1,0.012017
Instances/Instances 1/ar9152_09.gt,9151,50000.0,86400.0,PTVRP_LINEAR,970633.0,13,0.000329200,0.000329200,0.0000,1,0.013743
Instances/Instances 1/ar9152_10.gt,9151,100000.0,86400.0,PTVRP_LINEAR,970633.0,13,0.000328000,0.000328000,0.0000,1,0.012897
Instances/Instances 1/berlin52_01.gt,51,100.0,86400.0,PTVRP_LINEAR,85643.0,2,0.000001600,0.000001600,0.0000,1,0.005979
Instances/Instances 1/berlin52_02.gt,51,200.0,86400.0,PTVRP_LINEAR,54621.0,1,0.000001700,0.000001700,0.0000,1,0.005346
Instances/Instances 1/berlin52_03.gt,51,500.0,86400.0,PTVRP_LINEAR,23409.0,1,0.000002000,0.000002000,0.0000,1,0.00606
Instances/Instances 1/berlin52_04.gt,51,1000.0,86400.0,PTVRP_LINEAR,15606.0,1,0.000002000,0.000002000,0.0000,1,0.005179
Instances/Instances 1/berlin52_05.gt,51,2000.0,86400.0,PTVRP_LINEAR,7803.0,1,0.000002000,0.000002000,0.0000,1,0.004821
Instances/Instances 1/berlin52_06.gt,51,5000.0,86400.0,PTVRP_LINEAR,7803.0,1,0.000002100,0.000002100,0.0000,1,0.005709
Instances/Instances 1/berlin52_07.gt,51,10000.0,86400.0,PTVRP_LINEAR,7803.0,1,0.000002000,0.000002000,0.0000,1,0.005718
Instances/Instances 1/berlin52_08.gt,51,20000.0,86400.0,PTVRP_LINEAR,7803.0,1,0.000002200,0.000002200,0.0000,1,0.005088
Instances/Instances 1/berlin52_09.gt,51,50000.0,86400.0,PTVRP_LINEAR,7803.0,1,0.000001900,0.000001900,0.0000,1,0.005145
Instances/Instances 1/berlin52_10.gt,51,100000.0,86400.0,PTVRP_LINEAR,7803.0,1,0.000002100,0.000002100,0.0000,1,0.005631
Instances/Instances 1/bier127_01.gt,126,100.0,86400.0,PTVRP_LINEAR,544599.0,10,0.000005100,0.000005100,0.0000,1,0.006456
Instances/Instances 1/bier127_02.gt,126,200.0,86400.0,PTVRP_LINEAR,397261.0,7,0.000004800,0.000004800,0.0000,1,0.006358
Instances/Instances 1/bier127_03.gt,126,500.0,86400.0,PTVRP_LINEAR,215601.0,5,0.000004600,0.000004600,0.0000,1,0.005779
Instances/Instances 1/bier127_04.gt,126,1000.0,86400.0,PTVRP_LINEAR,129773.0,4,0.000004800,0.000004800,0.0000,1,0.005574
Instances/Instances 1/bier127_05.gt,126,2000.0,86400.0,PTVRP_LINEAR,126048.0,2,0.000004600,0.000004600,0.0000,1,0.005644
Instances/Instances 1/bier127_06.gt,126,5000.0,86400.0,PTVRP_LINEAR,126048.0,2,0.000004600,0.000004600,0.0000,1,0.005317
Instances/Instances 1/bier127_07.gt,126,10000.0,86400.0,PTVRP_LINEAR,126048.0,2,0.000004500,0.000004500,0.0000,1,0.005714
Instances/Instances 1/bier127_08.gt,126,20000.0,86400.0,PTVRP_LINEAR,126048.0,2,0.000004800,0.000004800,0.0000,1,0.006684
Instances/Instances 1/bier127_09.gt,126,50000.0,86400.0,PTVRP_LINEAR,126048.0,2,0.000005200,0.000005200,0.0000,1,0.007171
Instances/Instances 1/bier127_10.gt,126,100000.0,86400.0,PTVRP_LINEAR,126048.0,2,0.000005000,0.000005000,0.0000,1,0.00647
Instances/Instances 1/bm33708_01.gt,33707,100.0,86400.0,PTVRP_LINEAR,63176027.0,810,0.001361900,0.001361900,0.0000,1,0.030889
Instances/Instances 1/bm33708_02.gt,33707,200.0,86400.0,PTVRP_LINEAR,35035000.0,473,0.001345700,0.001345700,0.0000,1,0.036588
Instances/Instances 1/bm33708_03.gt,33707,500.0,86400.0,PTVRP_LINEAR,17376904.0,245,0.001295600,0.001295600,0.0000,1,0.032895
Instances/Instances 1/bm33708_04.gt,33707,1000.0,86400.0,PTVRP_LINEAR,10527392.0,165,0.001252400,0.001252400,0.0000,1,0.035393
Instances/Instances 1/bm33708_05.gt,33707,2000.0,86400.0,PTVRP_LINEAR,6758931.0,110,0.001291900,0.001291900,0.0000,1,0.03799
Instances/Instances 1/bm33708_06.gt,33707,5000.0,86400.0,PTVRP_LINEAR,3830010.0,69,0.001227300,0.001227300,0.0000,1,0.035544
Instances/Instances 1/bm33708_07.gt,33707,10000.0,86400.0,PTVRP_LINEAR,2531751.0,51,0.001157000,0.001157000,0.0000,1,0.03255
Instances/Instances 1/bm33708_08.gt,33707,20000.0,86400.0,PTVRP_LINEAR,2139887.0,28,0.001194500,0.001194500,0.0000,1,0.031803
Instances/Instances 1/bm33708_09.gt,33707,50000.0,86400.0,PTVRP_LINEAR,1051830.0,20,0.001128900,0.001128900,0.0000,1,0.035391
Instances/Instances 1/bm33708_10.gt,33707,100000.0,86400.0,PTVRP_LINEAR,1025973.0,15,0.001142400,0.001142400,0.0000,1,0.03831
Instances/Instances 1/brd14051_01.gt,14050,100.0,86400.0,PTVRP_LINEAR,21785975.0,288,0.000557600,0.000557600,0.0000,1,0.019392
Instances/Instances 1/brd14051_02.gt,14050,200.0,86400.0,PTVRP_LINEAR,12592988.0,182,0.000549400,0.000549400,0.0000,1,0.017879
Instances/Instances 1/brd14051_03.gt,14050,500.0,86400.0,PTVRP_LINEAR,6758502.0,98,0.000556900,0.000556900,0.0000,1,0.015589
Instances/Instances 1/brd14051_04.gt,14050,1000.0,86400.0,PTVRP_LINEAR,4223356.0,69,0.000528100,0.000528100,0.0000,1,0.015557
Instances/Instances 1/brd14051_05.gt,14050,2000.0,86400.0,PTVRP_LINEAR,2778558.0,45,0.000506900,0.000506900,0.0000,1,0.018503
Instances/Instances 1/brd14051_06.gt,14050,5000.0,86400.0,PTVRP_LINEAR,1763896.0,24,0.000518600,0.000518600,0.0000,1,0.0168
Instances/Instances 1/brd14051_07.gt,14050,10000.0,86400.0,PTVRP_LINEAR,1136501.0,19,0.000501400,0.000501400,0.0000,1,0.016591
Instances/Instances 1/brd14051_08.gt,14050,20000.0,86400.0,PTVRP_LINEAR,670283.0,19,0.000450800,0.000450800,0.0000,1,0.014331
Instances/Instances 1/brd14051_09.gt,14050,50000.0,86400.0,PTVRP_LINEAR,494413.0,9,0.000487400,0.000487400,0.0000,1,0.017098
Instances/Instances 1/brd14051_10.gt,14050,100000.0,86400.0,PTVRP_LINEAR,487545.0,7,0.000476600,0.000476600,0.0000,1,0.016108
Instances/Instances 1/ca4663_01.gt,4662,100.0,86400.0,PTVRP_LINEAR,68723802.0,1032,0.000189100,0.000189100,0.0000,1,0.010214
Instances/Instances 1/ca4663_02.gt,4662,200.0,86400.0,PTVRP_LINEAR,38588163.0,558,0.000200600,0.000200600,0.0000,1,0.010348
Instances/Instances 1/ca4663_03.gt,4662,500.0,86400.0,PTVRP_LINEAR,22735688.0,302,0.000189700,0.000189700,0.0000,1,0.010625
Instances/Instances 1/ca4663_04.gt,4662,1000.0,86400.0,PTVRP_LINEAR,17612379.0,224,0.000183900,0.000183900,0.0000,1,0.010685
Instances/Instances 1/ca4663_05.gt,4662,2000.0,86400.0,PTVRP_LINEAR,15130823.0,184,0.000175700,0.000175700,0.0000,1,0.010659
Instances/Instances 1/ca4663_06.gt,4662,5000.0,86400.0,PTVRP_LINEAR,13885367.0,156,0.000171100,0.000171100,0.0000,1,0.009098
Instances/Instances 1/ca4663_07.gt,4662,10000.0,86400.0,PTVRP_LINEAR,13755331.0,152,0.000164500,0.000164500,0.0000,1,0.011026
Instances/Instances 1/ca4663_08.gt,4662,20000.0,86400.0,PTVRP_LINEAR,13752635.0,152,0.000165800,0.000165800,0.0000,1,0.010078
Instances/Instances 1/ca4663_09.gt,4662,50000.0,86400.0,PTVRP_LINEAR,13752635.0,152,0.000165100,0.000165100,0.0000,1,0.010559
Instances/Instances 1/ca4663_10.gt,4662,100000.0,86400.0,PTVRP_LINEAR,13752635.0,152,0.000163800,0.000163800,0.0000,1,0.009358
Instances/Instances 1/ch130_01.gt,129,100.0,86400.0,PTVRP_LINEAR,118816.0,2,0.000004600,0.000004600,0.0000,1,0.00547
Instances/Instances 1/ch130_02.gt,129,200.0,86400.0,PTVRP_LINEAR,88194.0,2,0.000003800,0.000003800,0.0000,1,0.006578
Instances/Instances 1/ch130_03.gt,129,500.0,86400.0,PTVRP_LINEAR,44037.0,1,0.000003900,0.000003900,0.0000,1,0.006482
Instances/Instances 1/ch130_04.gt,129,1000.0,86400.0,PTVRP_LINEAR,25164.0,1,0.000004200,0.000004200,0.0000,1,0.006087
Instances/Instances 1/ch130_05.gt,129,2000.0,86400.0,PTVRP_LINEAR,12582.0,1,0.000004400,0.000004400,0.0000,1,0.006066
Instances/Instances 1/ch130_06.gt,129,5000.0,86400.0,PTVRP_LINEAR,6291.0,1,0.000004600,0.000004600,0.0000,1,0.006135
Instances/Instances 1/ch130_07.gt,129,10000.0,86400.0,PTVRP_LINEAR,6291.0,1,0.000004500,0.000004500,0.0000,1,0.006518
Instances/Instances 1/ch130_08.gt,129,20000.0,86400.0,PTVRP_LINEAR,6291.0,1,0.000004400,0.000004400,0.0000,1,0.005599
Instances/Instances 1/ch130_09.gt,129,50000.0,86400.0,PTVRP_LINEAR,6291.0,1,0.000005300,0.000005300,0.0000,1,0.0073
Instances/Instances 1/ch130_10.gt,129,100000.0,86400.0,PTVRP_LINEAR,6291.0,1,0.000004800,0.000004800,0.0000,1,0.006304
Instances/Instances 1/ch150_01.gt,149,100.0,86400.0,PTVRP_LINEAR,162056.0,2,0.000005700,0.000005700,0.0000,1,0.006174
Instances/Instances 1/ch150_02.gt,149,200.0,86400.0,PTVRP_LINEAR,92552.0,2,0.000004300,0.000004300,0.0000,1,0.006088
Instances/Instances 1/ch150_03.gt,149,500.0,86400.0,PTVRP_LINEAR,58248.0,1,0.000004100,0.000004100,0.0000,1,0.005601
Instances/Instances 1/ch150_04.gt,149,1000.0,86400.0,PTVRP_LINEAR,29124.0,1,0.000004100,0.000004100,0.0000,1,0.005606
Instances/Instances 1/ch150_05.gt,149,2000.0,86400.0,PTVRP_LINEAR,21843.0,1,0.000004400,0.000004400,0.0000,1,0.006833
Instances/Instances 1/ch150_06.gt,149,5000.0,86400.0,PTVRP_LINEAR,7281.0,1,0.000004900,0.000004900,0.0000,1,0.00694
Instances/Instances 1/ch150_07.gt,149,10000.0,86400.0,PTVRP_LINEAR,7281.0,1,0.000004800,0.000004800,0.0000,1,0.005884
Instances/Instances 1/ch150_08.gt,149,20000.0,86400.0,PTVRP_LINEAR,7281.0,1,0.000005300,0.000005300,0.0000,1,0.006961
Instances/Instances 1/ch150_09.gt,149,50000.0,86400.0,PTVRP_LINEAR,7281.0,1,0.000004900,0.000004900,0.0000,1,0.006313
Instances/Instances 1/ch150_10.gt,149,100000.0,86400.0,PTVRP_LINEAR,7281.0,1,0.000005100,0.000005100,0.0000,1,0.00691
Instances/Instances 1/ch71009_01.gt,71008,100.0,86400.0,PTVRP_LINEAR,330238545.0,4547,0.002979100,0.002979100,0.0000,1,0.055775
Instances/Instances 1/ch71009_02.gt,71008,200.0,86400.0,PTVRP_LINEAR,170503107.0,2346,0.003013700,0.003013700,0.0000,1,0.060356
Instances/Instances 1/ch71009_03.gt,71008,500.0,86400.0,PTVRP_LINEAR,75504303.0,1071,0.002924800,0.002924800,0.0000,1,0.058495
Instances/Instances 1/ch71009_04.gt,71008,1000.0,86400.0,PTVRP_LINEAR,43312062.0,628,0.002834000,0.002834000,0.0000,1,0.06982
Instances/Instances 1/ch71009_05.gt,71008,2000.0,86400.0,PTVRP_LINEAR,25688610.0,398,0.002760700,0.002760700,0.0000,1,0.057925
Instances/Instances 1/ch71009_06.gt,71008,5000.0,86400.0,PTVRP_LINEAR,14461749.0,219,0.002668400,0.002668400,0.0000,1,0.065853
Instances/Instances 1/ch71009_07.gt,71008,10000.0,86400.0,PTVRP_LINEAR,9697049.0,170,0.002578701,0.002578701,0.0000,1,0.067865
Instances/Instances 1/ch71009_08.gt,71008,20000.0,86400.0,PTVRP_LINEAR,7321598.0,119,0.002590800,0.002590800,0.0000,1,0.067866
Instances/Instances 1/ch71009_09.gt,71008,50000.0,86400.0,PTVRP_LINEAR,6671779.0,84,0.002508700,0.002508700,0.0000,1,0.056371
Instances/Instances 1/ch71009_10.gt,71008,100000.0,86400.0,PTVRP_LINEAR,6650715.0,82,0.002491300,0.002491300,0.0000,1,0.064371
Instances/Instances 1/d1291_01.gt,1290,100.0,86400.0,PTVRP_LINEAR,1468143.0,21,0.000041300,0.000041300,0.0000,1,0.010301
Instances/Instances 1/d1291_02.gt,1290,200.0,86400.0,PTVRP_LINEAR,783169.0,17,0.000040000,0.000040000,0.0000,1,0.008203
Instances/Instances 1/d1291_03.gt,1290,500.0,86400.0,PTVRP_LINEAR,493125.0,10,0.000035000,0.000035000,0.0000,1,0.007067
Instances/Instances 1/d1291_04.gt,1290,1000.0,86400.0,PTVRP_LINEAR,363684.0,6,0.000035700,0.000035700,0.0000,1,0.007183
Instances/Instances 1/d1291_05.gt,1290,2000.0,86400.0,PTVRP_LINEAR,252846.0,5,0.000034100,0.000034100,0.0000,1,0.006976
Instances/Instances 1/d1291_06.gt,1290,5000.0,86400.0,PTVRP_LINEAR,147104.0,3,0.000033200,0.000033200,0.0000,1,0.007703
Instances/Instances 1/d1291_07.gt,1290,10000.0,86400.0,PTVRP_LINEAR,99191.0,3,0.000031900,0.000031900,0.0000,1,0.007801
Instances/Instances 1/d1291_08.gt,1290,20000.0,86400.0,PTVRP_LINEAR,53710.0,2,0.000030300,0.000030300,0.0000,1,0.007582
Instances/Instances 1/d1291_09.gt,1290,50000.0,86400.0,PTVRP_LINEAR,53688.0,1,0.000030100,0.000030100,0.0000,1,0.008079
Instances/Instances 1/d1291_10.gt,1290,100000.0,86400.0,PTVRP_LINEAR,53688.0,1,0.000030500,0.000030500,0.0000,1,0.00809
Instances/Instances 1/d15112_01.gt,15111,100.0,86400.0,PTVRP_LINEAR,59384542.0,799,0.000618600,0.000618600,0.0000,1,0.015075
Instances/Instances 1/d15112_02.gt,15111,200.0,86400.0,PTVRP_LINEAR,32644252.0,445,0.000626500,0.000626500,0.0000,1,0.019363
Instances/Instances 1/d15112_03.gt,15111,500.0,86400.0,PTVRP_LINEAR,15670987.0,224,0.000597400,0.000597400,0.0000,1,0.019461
Instances/Instances 1/d15112_04.gt,15111,1000.0,86400.0,PTVRP_LINEAR,9569025.0,144,0.000587300,0.000587300,0.0000,1,0.018265
Instances/Instances 1/d15112_05.gt,15111,2000.0,86400.0,PTVRP_LINEAR,5939825.0,94,0.000570700,0.000570700,0.0000,1,0.015844
Instances/Instances 1/d15112_06.gt,15111,5000.0,86400.0,PTVRP_LINEAR,3474705.0,60,0.000547400,0.000547400,0.0000,1,0.016539
Instances/Instances 1/d15112_07.gt,15111,10000.0,86400.0,PTVRP_LINEAR,2066780.0,42,0.000521500,0.000521500,0.0000,1,0.018649
Instances/Instances 1/d15112_08.gt,15111,20000.0,86400.0,PTVRP_LINEAR,1832536.0,24,0.000523400,0.000523400,0.0000,1,0.017728
Instances/Instances 1/d15112_09.gt,15111,50000.0,86400.0,PTVRP_LINEAR,1819674.0,24,0.000509500,0.000509500,0.0000,1,0.015878
Instances/Instances 1/d15112_10.gt,15111,100000.0,86400.0,PTVRP_LINEAR,1819674.0,24,0.000516800,0.000516800,0.0000,1,0.018083
Instances/Instances 1/d1655_01.gt,1654,100.0,86400.0,PTVRP_LINEAR,1731279.0,29,0.000052100,0.000052100,0.0000,1,0.008524
Instances/Instances 1/d1655_02.gt,1654,200.0,86400.0,PTVRP_LINEAR,1108610.0,20,0.000050900,0.000050900,0.0000,1,0.007801
Instances/Instances 1/d1655_03.gt,1654,500.0,86400.0,PTVRP_LINEAR,645935.0,11,0.000048000,0.000048000,0.0000,1,0.007445
Instances/Instances 1/d1655_04.gt,1654,1000.0,86400.0,PTVRP_LINEAR,488157.0,7,0.000048100,0.000048100,0.0000,1,0.007335
Instances/Instances 1/d1655_05.gt,1654,2000.0,86400.0,PTVRP_LINEAR,300449.0,6,0.000044700,0.000044700,0.0000,1,0.006704
Instances/Instances 1/d1655_06.gt,1654,5000.0,86400.0,PTVRP_LINEAR,193717.0,4,0.000044400,0.000044400,0.0000,1,0.005566
Instances/Instances 1/d1655_07.gt,1654,10000.0,86400.0,PTVRP_LINEAR,119123.0,3,0.000040300,0.000040300,0.0000,1,0.005991
Instances/Instances 1/d1655_08.gt,1654,20000.0,86400.0,PTVRP_LINEAR,104630.0,2,0.000041400,0.000041400,0.0000,1,0.007955
Instances/Instances 1/d1655_09.gt,1654,50000.0,86400.0,PTVRP_LINEAR,65597.0,1,0.000044700,0.000044700,0.0000,1,0.008479
Instances/Instances 1/d1655_10.gt,1654,100000.0,86400.0,PTVRP_LINEAR,65597.0,1,0.000046700,0.000046700,0.0000,1,0.008029
Instances/Instances 1/d18512_01.gt,18511,100.0,86400.0,PTVRP_LINEAR,30452084.0,397,0.000757300,0.000757300,0.0000,1,0.021146
Instances/Instances 1/d18512_02.gt,18511,200.0,86400.0,PTVRP_LINEAR,17395801.0,246,0.000730900,0.000730900,0.0000,1,0.021826
Instances/Instances 1/d18512_03.gt,18511,500.0,86400.0,PTVRP_LINEAR,9248243.0,135,0.000728300,0.000728300,0.0000,1,0.020035
Instances/Instances 1/d18512_04.gt,18511,1000.0,86400.0,PTVRP_LINEAR,5751289.0,94,0.000680000,0.000680000,0.0000,1,0.017831
Instances/Instances 1/d18512_05.gt,18511,2000.0,86400.0,PTVRP_LINEAR,3787477.0,66,0.000681600,0.000681600,0.0000,1,0.021369
Instances/Instances 1/d18512_06.gt,18511,5000.0,86400.0,PTVRP_LINEAR,2430229.0,32,0.000722300,0.000722300,0.0000,1,0.021078
Instances/Instances 1/d18512_07.gt,18511,10000.0,86400.0,PTVRP_LINEAR,1498847.0,26,0.000655600,0.000655600,0.0000,1,0.019833
Instances/Instances 1/d18512_08.gt,18511,20000.0,86400.0,PTVRP_LINEAR,967390.0,23,0.000606000,0.000606000,0.0000,1,0.017696
Instances/Instances 1/d18512_09.gt,18511,50000.0,86400.0,PTVRP_LINEAR,677542.0,11,0.000623400,0.000623400,0.0000,1,0.01941
Instances/Instances 1/d18512_10.gt,18511,100000.0,86400.0,PTVRP_LINEAR,672457.0,9,0.000611000,0.000611000,0.0000,1,0.020821
Instances/Instances 1/d198_01.gt,197,100.0,86400.0,PTVRP_LINEAR,216430.0,5,0.000006100,0.000006100,0.0000,1,0.008085
Instances/Instances 1/d198_02.gt,197,200.0,86400.0,PTVRP_LINEAR,135690.0,4,0.000006300,0.000006300,0.0000,1,0.006986
Instances/Instances 1/d198_03.gt,197,500.0,86400.0,PTVRP_LINEAR,113952.0,2,0.000005900,0.000005900,0.0000,1,0.005722
Instances/Instances 1/d198_04.gt,197,1000.0,86400.0,PTVRP_LINEAR,68597.0,2,0.000005300,0.000005300,0.0000,1,0.006708
Instances/Instances 1/d198_05.gt,197,2000.0,86400.0,PTVRP_LINEAR,52581.0,1,0.000005600,0.000005600,0.0000,1,0.00639
Instances/Instances 1/d198_06.gt,197,5000.0,86400.0,PTVRP_LINEAR,17527.0,1,0.000005800,0.000005800,0.0000,1,0.006388
Instances/Instances 1/d198_07.gt,197,10000.0,86400.0,PTVRP_LINEAR,17527.0,1,0.000006300,0.000006300,0.0000,1,0.006928
Instances/Instances 1/d198_08.gt,197,20000.0,86400.0,PTVRP_LINEAR,17527.0,1,0.000005600,0.000005600,0.0000,1,0.008339
Instances/Instances 1/d198_09.gt,197,50000.0,86400.0,PTVRP_LINEAR,17527.0,1,0.000005600,0.000005600,0.0000,1,0.007484
Instances/Instances 1/d198_10.gt,197,100000.0,86400.0,PTVRP_LINEAR,17527.0,1,0.000005600,0.000005600,0.0000,1,0.006595
Instances/Instances 1/d2103_01.gt,2102,100.0,86400.0,PTVRP_LINEAR,2259986.0,41,0.000069000,0.000069000,0.0000,1,0.006888
Instances/Instances 1/d2103_02.gt,2102,200.0,86400.0,PTVRP_LINEAR,1465768.0,25,0.000066900,0.000066900,0.0000,1,0.008231
Instances/Instances 1/d2103_03.gt,2102,500.0,86400.0,PTVRP_LINEAR,893511.0,15,0.000062100,0.000062100,0.0000,1,0.007846
Instances/Instances 1/d2103_04.gt,2102,1000.0,86400.0,PTVRP_LINEAR,562442.0,11,0.000057500,0.000057500,0.0000,1,0.008507
Instances/Instances 1/d2103_05.gt,2102,2000.0,86400.0,PTVRP_LINEAR,392737.0,8,0.000058100,0.000058100,0.0000,1,0.008459
Instances/Instances 1/d2103_06.gt,2102,5000.0,86400.0,PTVRP_LINEAR,211725.0,6,0.000054200,0.000054200,0.0000,1,0.008044
Instances/Instances 1/d2103_07.gt,2102,10000.0,86400.0,PTVRP_LINEAR,147285.0,5,0.000049700,0.000049700,0.0000,1,0.00802
Instances/Instances 1/d2103_08.gt,2102,20000.0,86400.0,PTVRP_LINEAR,123682.0,3,0.000060000,0.000060000,0.0000,1,0.008147
Instances/Instances 1/d2103_09.gt,2102,50000.0,86400.0,PTVRP_LINEAR,84458.0,2,0.000051600,0.000051600,0.0000,1,0.007585
Instances/Instances 1/d2103_10.gt,2102,100000.0,86400.0,PTVRP_LINEAR,84457.0,1,0.000050700,0.000050700,0.0000,1,0.007892
Instances/Instances 1/d493_01.gt,492,100.0,86400.0,PTVRP_LINEAR,585251.0,11,0.000016500,0.000016500,0.0000,1,0.006909
Instances/Instances 1/d493_02.gt,492,200.0,86400.0,PTVRP_LINEAR,412472.0,7,0.000015800,0.000015800,0.0000,1,0.005694
Instances/Instances 1/d493_03.gt,492,500.0,86400.0,PTVRP_LINEAR,234833.0,5,0.000014400,0.000014400,0.0000,1,0.006803
Instances/Instances 1/d493_04.gt,492,1000.0,86400.0,PTVRP_LINEAR,174867.0,3,0.000014200,0.000014200,0.0000,1,0.008381
Instances/Instances 1/d493_05.gt,492,2000.0,86400.0,PTVRP_LINEAR,109452.0,3,0.000013400,0.000013400,0.0000,1,0.008615
Instances/Instances 1/d493_06.gt,492,5000.0,86400.0,PTVRP_LINEAR,57741.0,2,0.000013500,0.000013500,0.0000,1,0.007152
Instances/Instances 1/d493_07.gt,492,10000.0,86400.0,PTVRP_LINEAR,75468.0,1,0.000013700,0.000013700,0.0000,1,0.006341
Instances/Instances 1/d493_08.gt,492,20000.0,86400.0,PTVRP_LINEAR,37734.0,1,0.000014000,0.000014000,0.0000,1,0.007342
Instances/Instances 1/d493_09.gt,492,50000.0,86400.0,PTVRP_LINEAR,37734.0,1,0.000013900,0.000013900,0.0000,1,0.006552
Instances/Instances 1/d493_10.gt,492,100000.0,86400.0,PTVRP_LINEAR,37734.0,1,0.000014100,0.000014100,0.0000,1,0.005821
Instances/Instances 1/d657_01.gt,656,100.0,86400.0,PTVRP_LINEAR,838676.0,15,0.000021800,0.000021800,0.0000,1,0.006588
Instances/Instances 1/d657_02.gt,656,200.0,86400.0,PTVRP_LINEAR,535951.0,12,0.000021500,0.000021500,0.0000,1,0.006623
Instances/Instances 1/d657_03.gt,656,500.0,86400.0,PTVRP_LINEAR,368670.0,6,0.000020800,0.000020800,0.0000,1,0.006273
Instances/Instances 1/d657_04.gt,656,1000.0,86400.0,PTVRP_LINEAR,242523.0,5,0.000019500,0.000019500,0.0000,1,0.00594
Instances/Instances 1/d657_05.gt,656,2000.0,86400.0,PTVRP_LINEAR,175909.0,4,0.000018800,0.000018800,0.0000,1,0.005177
Instances/Instances 1/d657_06.gt,656,5000.0,86400.0,PTVRP_LINEAR,77538.0,3,0.000018700,0.000018700,0.0000,1,0.005712
Instances/Instances 1/d657_07.gt,656,10000.0,86400.0,PTVRP_LINEAR,52507.0,2,0.000018900,0.000018900,0.0000,1,0.007237
Instances/Instances 1/d657_08.gt,656,20000.0,86400.0,PTVRP_LINEAR,52008.0,1,0.000019500,0.000019500,0.0000,1,0.006238
Instances/Instances 1/d657_09.gt,656,50000.0,86400.0,PTVRP_LINEAR,52008.0,1,0.000019200,0.000019200,0.0000,1,0.006172
Instances/Instances 1/d657_10.gt,656,100000.0,86400.0,PTVRP_LINEAR,52008.0,1,0.000018700,0.000018700,0.0000,1,0.005539
Instances/Instances 1/dj38_01.gt,37,100.0,86400.0,PTVRP_LINEAR,71972.0,2,0.000001500,0.000001500,0.0000,1,0.008477
Instances/Instances 1/dj38_02.gt,37,200.0,86400.0,PTVRP_LINEAR,48288.0,1,0.000001900,0.000001900,0.0000,1,0.007644
Instances/Instances 1/dj38_03.gt,37,500.0,86400.0,PTVRP_LINEAR,24144.0,1,0.000001600,0.000001600,0.0000,1,0.005538
Instances/Instances 1/dj38_04.gt,37,1000.0,86400.0,PTVRP_LINEAR,8048.0,1,0.000001700,0.000001700,0.0000,1,0.005481
Instances/Instances 1/dj38_05.gt,37,2000.0,86400.0,PTVRP_LINEAR,8048.0,1,0.000001700,0.000001700,0.0000,1,0.005655
Instances/Instances 1/dj38_06.gt,37,5000.0,86400.0,PTVRP_LINEAR,8048.0,1,0.000001800,0.000001800,0.0000,1,0.00524
Instances/Instances 1/dj38_07.gt,37,10000.0,86400.0,PTVRP_LINEAR,8048.0,1,0.000001800,0.000001800,0.0000,1,0.005069
Instances/Instances 1/dj38_08.gt,37,20000.0,86400.0,PTVRP_LINEAR,8048.0,1,0.000001700,0.000001700,0.0000,1,0.005713
Instances/Instances 1/dj38_09.gt,37,50000.0,86400.0,PTVRP_LINEAR,8048.0,1,0.000001700,0.000001700,0.0000,1,0.005429
Instances/Instances 1/dj38_10.gt,37,100000.0,86400.0,PTVRP_LINEAR,8048.0,1,0.000001700,0.000001700,0.0000,1,0.005159
Instances/Instances 1/eg7146_01.gt,7145,100.0,86400.0,PTVRP_LINEAR,7966675.0,113,0.000276200,0.000276200,0.0000,1,0.010502
Instances/Instances 1/eg7146_02.gt,7145,200.0,86400.0,PTVRP_LINEAR,4632804.0,74,0.000268200,0.000268200,0.0000,1,0.011974
Instances/Instances 1/eg7146_03.gt,7145,500.0,86400.0,PTVRP_LINEAR,2404491.0,44,0.000255600,0.000255600,0.0000,1,0.011266
Instances/Instances 1/eg7146_04.gt,7145,1000.0,86400.0,PTVRP_LINEAR,1556059.0,29,0.000249200,0.000249200,0.0000,1,0.010945
Instances/Instances 1/eg7146_05.gt,7145,2000.0,86400.0,PTVRP_LINEAR,968930.0,23,0.000243500,0.000243500,0.0000,1,0.011988
Instances/Instances 1/eg7146_06.gt,7145,5000.0,86400.0,PTVRP_LINEAR,646619.0,13,0.000246601,0.000246601,0.0000,1,0.013725
Instances/Instances 1/eg7146_07.gt,7145,10000.0,86400.0,PTVRP_LINEAR,437575.0,10,0.000257500,0.000257500,0.0000,1,0.011284
Instances/Instances 1/eg7146_08.gt,7145,20000.0,86400.0,PTVRP_LINEAR,330891.0,7,0.000241700,0.000241700,0.0000,1,0.009748
Instances/Instances 1/eg7146_09.gt,7145,50000.0,86400.0,PTVRP_LINEAR,187021.0,4,0.000232300,0.000232300,0.0000,1,0.01227
Instances/Instances 1/eg7146_10.gt,7145,100000.0,86400.0,PTVRP_LINEAR,184251.0,3,0.000239200,0.000239200,0.0000,1,0.011122
Instances/Instances 1/ei8246_01.gt,8245,100.0,86400.0,PTVRP_LINEAR,9031812.0,130,0.000320000,0.000320000,0.0000,1,0.012416
Instances/Instances 1/ei8246_02.gt,8245,200.0,86400.0,PTVRP_LINEAR,5448183.0,83,0.000315000,0.000315000,0.0000,1,0.011437
Instances/Instances 1/ei8246_03.gt,8245,500.0,86400.0,PTVRP_LINEAR,3024044.0,48,0.000304700,0.000304700,0.0000,1,0.010877
Instances/Instances 1/ei8246_04.gt,8245,1000.0,86400.0,PTVRP_LINEAR,1930795.0,34,0.000293800,0.000293800,0.0000,1,0.01346
Instances/Instances 1/ei8246_05.gt,8245,2000.0,86400.0,PTVRP_LINEAR,1254703.0,26,0.000286700,0.000286700,0.0000,1,0.01221
Instances/Instances 1/ei8246_06.gt,8245,5000.0,86400.0,PTVRP_LINEAR,891547.0,12,0.000300700,0.000300700,0.0000,1,0.012954
Instances/Instances 1/ei8246_07.gt,8245,10000.0,86400.0,PTVRP_LINEAR,603448.0,10,0.000282500,0.000282500,0.0000,1,0.012657
Instances/Instances 1/ei8246_08.gt,8245,20000.0,86400.0,PTVRP_LINEAR,417673.0,6,0.000293900,0.000293900,0.0000,1,0.012604
Instances/Instances 1/ei8246_09.gt,8245,50000.0,86400.0,PTVRP_LINEAR,214769.0,6,0.000278100,0.000278100,0.0000,1,0.012979
Instances/Instances 1/ei8246_10.gt,8245,100000.0,86400.0,PTVRP_LINEAR,211535.0,4,0.000390600,0.000390600,0.0000,1,0.012792
Instances/Instances 1/eil101_01.gt,100,100.0,86400.0,PTVRP_LINEAR,17604.0,1,0.000002400,0.000002400,0.0000,1,0.006298
Instances/Instances 1/eil101_02.gt,100,200.0,86400.0,PTVRP_LINEAR,8476.0,1,0.000002600,0.000002600,0.0000,1,0.005763
Instances/Instances 1/eil101_03.gt,100,500.0,86400.0,PTVRP_LINEAR,3912.0,1,0.000002800,0.000002800,0.0000,1,0.005479
Instances/Instances 1/eil101_04.gt,100,1000.0,86400.0,PTVRP_LINEAR,1956.0,1,0.000003100,0.000003100,0.0000,1,0.005967
Instances/Instances 1/eil101_05.gt,100,2000.0,86400.0,PTVRP_LINEAR,1304.0,1,0.000003400,0.000003400,0.0000,1,0.005329
Instances/Instances 1/eil101_06.gt,100,5000.0,86400.0,PTVRP_LINEAR,652.0,2,0.000003400,0.000003400,0.0000,1,0.007489
Instances/Instances 1/eil101_07.gt,100,10000.0,86400.0,PTVRP_LINEAR,652.0,2,0.000003300,0.000003300,0.0000,1,0.006389
Instances/Instances 1/eil101_08.gt,100,20000.0,86400.0,PTVRP_LINEAR,652.0,2,0.000003500,0.000003500,0.0000,1,0.005525
Instances/Instances 1/eil101_09.gt,100,50000.0,86400.0,PTVRP_LINEAR,652.0,2,0.000003600,0.000003600,0.0000,1,0.006184
Instances/Instances 1/eil101_10.gt,100,100000.0,86400.0,PTVRP_LINEAR,652.0,2,0.000003300,0.000003300,0.0000,1,0.006033
Instances/Instances 1/eil51_01.gt,50,100.0,86400.0,PTVRP_LINEAR,5746.0,1,0.000001500,0.000001500,0.0000,1,0.006068
Instances/Instances 1/eil51_02.gt,50,200.0,86400.0,PTVRP_LINEAR,3094.0,1,0.000001700,0.000001700,0.0000,1,0.007659
Instances/Instances 1/eil51_03.gt,50,500.0,86400.0,PTVRP_LINEAR,1326.0,1,0.000001900,0.000001900,0.0000,1,0.007908
Instances/Instances 1/eil51_04.gt,50,1000.0,86400.0,PTVRP_LINEAR,884.0,1,0.000002100,0.000002100,0.0000,1,0.006667
Instances/Instances 1/eil51_05.gt,50,2000.0,86400.0,PTVRP_LINEAR,442.0,1,0.000002100,0.000002100,0.0000,1,0.006727
Instances/Instances 1/eil51_06.gt,50,5000.0,86400.0,PTVRP_LINEAR,442.0,1,0.000002100,0.000002100,0.0000,1,0.005328
Instances/Instances 1/eil51_07.gt,50,10000.0,86400.0,PTVRP_LINEAR,442.0,1,0.000002100,0.000002100,0.0000,1,0.005665
Instances/Instances 1/eil51_08.gt,50,20000.0,86400.0,PTVRP_LINEAR,442.0,1,0.000002000,0.000002000,0.0000,1,0.005489
Instances/Instances 1/eil51_09.gt,50,50000.0,86400.0,PTVRP_LINEAR,442.0,1,0.000002000,0.000002000,0.0000,1,0.005451
Instances/Instances 1/eil51_10.gt,50,100000.0,86400.0,PTVRP_LINEAR,442.0,1,0.000002000,0.000002000,0.0000,1,0.005449
Instances/Instances 1/eil76_01.gt,75,100.0,86400.0,PTVRP_LINEAR,10887.0,1,0.000002100,0.000002100,0.0000,1,0.004726
Instances/Instances 1/eil76_02.gt,75,200.0,86400.0,PTVRP_LINEAR,5730.0,1,0.000002100,0.000002100,0.0000,1,0.006123
Instances/Instances 1/eil76_03.gt,75,500.0,86400.0,PTVRP_LINEAR,2292.0,1,0.000002300,0.000002300,0.0000,1,0.005736
Instances/Instances 1/eil76_04.gt,75,1000.0,86400.0,PTVRP_LINEAR,1146.0,1,0.000002700,0.000002700,0.0000,1,0.005922
Instances/Instances 1/eil76_05.gt,75,2000.0,86400.0,PTVRP_LINEAR,573.0,1,0.000002800,0.000002800,0.0000,1,0.005814
Instances/Instances 1/eil76_06.gt,75,5000.0,86400.0,PTVRP_LINEAR,573.0,1,0.000002700,0.000002700,0.0000,1,0.005847
Instances/Instances 1/eil76_07.gt,75,10000.0,86400.0,PTVRP_LINEAR,573.0,1,0.000002700,0.000002700,0.0000,1,0.005983
Instances/Instances 1/eil76_08.gt,75,20000.0,86400.0,PTVRP_LINEAR,573.0,1,0.000002700,0.000002700,0.0000,1,0.005503
Instances/Instances 1/eil76_09.gt,75,50000.0,86400.0,PTVRP_LINEAR,573.0,1,0.000002700,0.000002700,0.0000,1,0.007508
Instances/Instances 1/eil76_10.gt,75,100000.0,86400.0,PTVRP_LINEAR,573.0,1,0.000002800,0.000002800,0.0000,1,0.006166
Instances/Instances 1/fi10639_01.gt,10638,100.0,86400.0,PTVRP_LINEAR,21194580.0,281,0.000460200,0.000460200,0.0000,1,0.01555
Instances/Instances 1/fi10639_02.gt,10638,200.0,86400.0,PTVRP_LINEAR,12302244.0,169,0.000430700,0.000430700,0.0000,1,0.013568
Instances/Instances 1/fi10639_03.gt,10638,500.0,86400.0,PTVRP_LINEAR,6239007.0,95,0.000415900,0.000415900,0.0000,1,0.016397
Instances/Instances 1/fi10639_04.gt,10638,1000.0,86400.0,PTVRP_LINEAR,3899419.0,67,0.000393800,0.000393800,0.0000,1,0.01647
Instances/Instances 1/fi10639_05.gt,10638,2000.0,86400.0,PTVRP_LINEAR,2658499.0,41,0.000394100,0.000394100,0.0000,1,0.01449
Instances/Instances 1/fi10639_06.gt,10638,5000.0,86400.0,PTVRP_LINEAR,1508994.0,29,0.000371500,0.000371500,0.0000,1,0.014444
Instances/Instances 1/fi10639_07.gt,10638,10000.0,86400.0,PTVRP_LINEAR,1100130.0,17,0.000384000,0.000384000,0.0000,1,0.011888
Instances/Instances 1/fi10639_08.gt,10638,20000.0,86400.0,PTVRP_LINEAR,587479.0,16,0.000360600,0.000360600,0.0000,1,0.013486
Instances/Instances 1/fi10639_09.gt,10638,50000.0,86400.0,PTVRP_LINEAR,551822.0,8,0.000359300,0.000359300,0.0000,1,0.013694
Instances/Instances 1/fi10639_10.gt,10638,100000.0,86400.0,PTVRP_LINEAR,551822.0,8,0.000359700,0.000359700,0.0000,1,0.013005
Instances/Instances 1/fl1400_01.gt,1399,100.0,86400.0,PTVRP_LINEAR,1057678.0,16,0.000047400,0.000047400,0.0000,1,0.008094
Instances/Instances 1/fl1400_02.gt,1399,200.0,86400.0,PTVRP_LINEAR,623350.0,11,0.000043800,0.000043800,0.0000,1,0.007685
Instances/Instances 1/fl1400_03.gt,1399,500.0,86400.0,PTVRP_LINEAR,363367.0,7,0.000041600,0.000041600,0.0000,1,0.006965
Instances/Instances 1/fl1400_04.gt,1399,1000.0,86400.0,PTVRP_LINEAR,259307.0,4,0.000039200,0.000039200,0.0000,1,0.007537
Instances/Instances 1/fl1400_05.gt,1399,2000.0,86400.0,PTVRP_LINEAR,179081.0,3,0.000037400,0.000037400,0.0000,1,0.007384
Instances/Instances 1/fl1400_06.gt,1399,5000.0,86400.0,PTVRP_LINEAR,106674.0,2,0.000036000,0.000036000,0.0000,1,0.007153
Instances/Instances 1/fl1400_07.gt,1399,10000.0,86400.0,PTVRP_LINEAR,83496.0,2,0.000034500,0.000034500,0.0000,1,0.006954
Instances/Instances 1/fl1400_08.gt,1399,20000.0,86400.0,PTVRP_LINEAR,44500.0,1,0.000037900,0.000037900,0.0000,1,0.006629
Instances/Instances 1/fl1400_09.gt,1399,50000.0,86400.0,PTVRP_LINEAR,22250.0,1,0.000037900,0.000037900,0.0000,1,0.007106
Instances/Instances 1/fl1400_10.gt,1399,100000.0,86400.0,PTVRP_LINEAR,22250.0,1,0.000037900,0.000037900,0.0000,1,0.00899
Instances/Instances 1/fl1577_01.gt,1576,100.0,86400.0,PTVRP_LINEAR,1031124.0,16,0.000048800,0.000048800,0.0000,1,0.007458
Instances/Instances 1/fl1577_02.gt,1576,200.0,86400.0,PTVRP_LINEAR,680710.0,11,0.000049000,0.000049000,0.0000,1,0.008061
Instances/Instances 1/fl1577_03.gt,1576,500.0,86400.0,PTVRP_LINEAR,424180.0,6,0.000045800,0.000045800,0.0000,1,0.009122
Instances/Instances 1/fl1577_04.gt,1576,1000.0,86400.0,PTVRP_LINEAR,250042.0,5,0.000041200,0.000041200,0.0000,1,0.008448
Instances/Instances 1/fl1577_05.gt,1576,2000.0,86400.0,PTVRP_LINEAR,181765.0,3,0.000040800,0.000040800,0.0000,1,0.007616
Instances/Instances 1/fl1577_06.gt,1576,5000.0,86400.0,PTVRP_LINEAR,117934.0,2,0.000037500,0.000037500,0.0000,1,0.007539
Instances/Instances 1/fl1577_07.gt,1576,10000.0,86400.0,PTVRP_LINEAR,81354.0,2,0.000034000,0.000034000,0.0000,1,0.008028
Instances/Instances 1/fl1577_08.gt,1576,20000.0,86400.0,PTVRP_LINEAR,42916.0,2,0.000036200,0.000036200,0.0000,1,0.008159
Instances/Instances 1/fl1577_09.gt,1576,50000.0,86400.0,PTVRP_LINEAR,23697.0,2,0.000036900,0.000036900,0.0000,1,0.008646
Instances/Instances 1/fl1577_10.gt,1576,100000.0,86400.0,PTVRP_LINEAR,23697.0,2,0.000037200,0.000037200,0.0000,1,0.007237
Instances/Instances 1/fl3795_01.gt,3794,100.0,86400.0,PTVRP_LINEAR,2150994.0,32,0.000140100,0.000140100,0.0000,1,0.010098
Instances/Instances 1/fl3795_02.gt,3794,200.0,86400.0,PTVRP_LINEAR,1267067.0,22,0.000143700,0.000143700,0.0000,1,0.009852
Instances/Instances 1/fl3795_03.gt,3794,500.0,86400.0,PTVRP_LINEAR,745831.0,12,0.000127900,0.000127900,0.0000,1,0.007947
Instances/Instances 1/fl3795_04.gt,3794,1000.0,86400.0,PTVRP_LINEAR,500151.0,8,0.000125300,0.000125300,0.0000,1,0.008988
Instances/Instances 1/fl3795_05.gt,3794,2000.0,86400.0,PTVRP_LINEAR,357004.0,5,0.000120600,0.000120600,0.0000,1,0.007603
Instances/Instances 1/fl3795_06.gt,3794,5000.0,86400.0,PTVRP_LINEAR,225239.0,3,0.000119600,0.000119600,0.0000,1,0.0083
Instances/Instances 1/fl3795_07.gt,3794,10000.0,86400.0,PTVRP_LINEAR,154007.0,3,0.000117200,0.000117200,0.0000,1,0.009615
Instances/Instances 1/fl3795_08.gt,3794,20000.0,86400.0,PTVRP_LINEAR,106424.0,2,0.000106200,0.000106200,0.0000,1,0.009565
Instances/Instances 1/fl3795_09.gt,3794,50000.0,86400.0,PTVRP_LINEAR,61416.0,1,0.000106900,0.000106900,0.0000,1,0.008118
Instances/Instances 1/fl3795_10.gt,3794,100000.0,86400.0,PTVRP_LINEAR,30708.0,2,0.000109100,0.000109100,0.0000,1,0.008486
Instances/Instances 1/fl417_01.gt,416,100.0,86400.0,PTVRP_LINEAR,375272.0,6,0.000013700,0.000013700,0.0000,1,0.007079
Instances/Instances 1/fl417_02.gt,416,200.0,86400.0,PTVRP_LINEAR,256400.0,4,0.000013500,0.000013500,0.0000,1,0.005847
Instances/Instances 1/fl417_03.gt,416,500.0,86400.0,PTVRP_LINEAR,120027.0,3,0.000014100,0.000014100,0.0000,1,0.006832
Instances/Instances 1/fl417_04.gt,416,1000.0,86400.0,PTVRP_LINEAR,97684.0,2,0.000010800,0.000010800,0.0000,1,0.006167
Instances/Instances 1/fl417_05.gt,416,2000.0,86400.0,PTVRP_LINEAR,82500.0,1,0.000010100,0.000010100,0.0000,1,0.005867
Instances/Instances 1/fl417_06.gt,416,5000.0,86400.0,PTVRP_LINEAR,41250.0,1,0.000011000,0.000011000,0.0000,1,0.006194
Instances/Instances 1/fl417_07.gt,416,10000.0,86400.0,PTVRP_LINEAR,27500.0,1,0.000011500,0.000011500,0.0000,1,0.005659
Instances/Instances 1/fl417_08.gt,416,20000.0,86400.0,PTVRP_LINEAR,13750.0,1,0.000011400,0.000011400,0.0000,1,0.005825
Instances/Instances 1/fl417_09.gt,416,50000.0,86400.0,PTVRP_LINEAR,13750.0,1,0.000011600,0.000011600,0.0000,1,0.005527
Instances/Instances 1/fl417_10.gt,416,100000.0,86400.0,PTVRP_LINEAR,13750.0,1,0.000011200,0.000011200,0.0000,1,0.004736
Instances/Instances 1/fnl4461_01.gt,4460,100.0,86400.0,PTVRP_LINEAR,5804298.0,84,0.000176400,0.000176400,0.0000,1,0.007521
Instances/Instances 1/fnl4461_02.gt,4460,200.0,86400.0,PTVRP_LINEAR,3455197.0,60,0.000168800,0.000168800,0.0000,1,0.009545
Instances/Instances 1/fnl4461_03.gt,4460,500.0,86400.0,PTVRP_LINEAR,1934791.0,36,0.000163600,0.000163600,0.0000,1,0.01002
Instances/Instances 1/fnl4461_04.gt,4460,1000.0,86400.0,PTVRP_LINEAR,1357744.0,23,0.000165700,0.000165700,0.0000,1,0.010476
Instances/Instances 1/fnl4461_05.gt,4460,2000.0,86400.0,PTVRP_LINEAR,871282.0,18,0.000159500,0.000159500,0.0000,1,0.009556
Instances/Instances 1/fnl4461_06.gt,4460,5000.0,86400.0,PTVRP_LINEAR,592219.0,9,0.000163700,0.000163700,0.0000,1,0.008801
Instances/Instances 1/fnl4461_07.gt,4460,10000.0,86400.0,PTVRP_LINEAR,376813.0,7,0.000156700,0.000156700,0.0000,1,0.008939
Instances/Instances 1/fnl4461_08.gt,4460,20000.0,86400.0,PTVRP_LINEAR,195029.0,7,0.000144000,0.000144000,0.0000,1,0.009586
Instances/Instances 1/fnl4461_09.gt,4460,50000.0,86400.0,PTVRP_LINEAR,187221.0,4,0.000145400,0.000145400,0.0000,1,0.010945
Instances/Instances 1/fnl4461_10.gt,4460,100000.0,86400.0,PTVRP_LINEAR,187145.0,3,0.000144600,0.000144600,0.0000,1,0.010526
Instances/Instances 1/gil262_01.gt,261,100.0,86400.0,PTVRP_LINEAR,108628.0,2,0.000007900,0.000007900,0.0000,1,0.007744
Instances/Instances 1/gil262_02.gt,261,200.0,86400.0,PTVRP_LINEAR,84640.0,1,0.000005600,0.000005600,0.0000,1,0.007509
Instances/Instances 1/gil262_03.gt,261,500.0,86400.0,PTVRP_LINEAR,37030.0,1,0.000006300,0.000006300,0.0000,1,0.007245
Instances/Instances 1/gil262_04.gt,261,1000.0,86400.0,PTVRP_LINEAR,18515.0,1,0.000006700,0.000006700,0.0000,1,0.006997
Instances/Instances 1/gil262_05.gt,261,2000.0,86400.0,PTVRP_LINEAR,10580.0,1,0.000007400,0.000007400,0.0000,1,0.007233
Instances/Instances 1/gil262_06.gt,261,5000.0,86400.0,PTVRP_LINEAR,5290.0,1,0.000008100,0.000008100,0.0000,1,0.007125
Instances/Instances 1/gil262_07.gt,261,10000.0,86400.0,PTVRP_LINEAR,2645.0,1,0.000008300,0.000008300,0.0000,1,0.006836
Instances/Instances 1/gil262_08.gt,261,20000.0,86400.0,PTVRP_LINEAR,2645.0,1,0.000008400,0.000008400,0.0000,1,0.005053
Instances/Instances 1/gil262_09.gt,261,50000.0,86400.0,PTVRP_LINEAR,2645.0,1,0.000008400,0.000008400,0.0000,1,0.005409
Instances/Instances 1/gil262_10.gt,261,100000.0,86400.0,PTVRP_LINEAR,2645.0,1,0.000008400,0.000008400,0.0000,1,0.006041
Instances/Instances 1/gr9882_01.gt,9881,100.0,86400.0,PTVRP_LINEAR,14840219.0,197,0.000403900,0.000403900,0.0000,1,0.010222
Instances/Instances 1/gr9882_02.gt,9881,200.0,86400.0,PTVRP_LINEAR,8533428.0,125,0.000384000,0.000384000,0.0000,1,0.013887
Instances/Instances 1/gr9882_03.gt,9881,500.0,86400.0,PTVRP_LINEAR,4401545.0,71,0.000418000,0.000418000,0.0000,1,0.014402
Instances/Instances 1/gr9882_04.gt,9881,1000.0,86400.0,PTVRP_LINEAR,2833903.0,47,0.000387200,0.000387200,0.0000,1,0.015674
Instances/Instances 1/gr9882_05.gt,9881,2000.0,86400.0,PTVRP_LINEAR,1795761.0,34,0.000359600,0.000359600,0.0000,1,0.013206
Instances/Instances 1/gr9882_06.gt,9881,5000.0,86400.0,PTVRP_LINEAR,1125716.0,19,0.000351200,0.000351200,0.0000,1,0.012257
Instances/Instances 1/gr9882_07.gt,9881,10000.0,86400.0,PTVRP_LINEAR,738737.0,15,0.000333100,0.000333100,0.0000,1,0.01683
Instances/Instances 1/gr9882_08.gt,9881,20000.0,86400.0,PTVRP_LINEAR,498806.0,12,0.000318400,0.000318400,0.0000,1,0.014798
Instances/Instances 1/gr9882_09.gt,9881,50000.0,86400.0,PTVRP_LINEAR,317771.0,6,0.000372800,0.000372800,0.0000,1,0.01292
Instances/Instances 1/gr9882_10.gt,9881,100000.0,86400.0,PTVRP_LINEAR,313501.0,5,0.000327400,0.000327400,0.0000,1,0.014548
Instances/Instances 1/ho14473_01.gt,14472,100.0,86400.0,PTVRP_LINEAR,11842936.0,164,0.000588700,0.000588700,0.0000,1,0.016487
Instances/Instances 1/ho14473_02.gt,14472,200.0,86400.0,PTVRP_LINEAR,6882531.0,114,0.000571000,0.000571000,0.0000,1,0.015403
Instances/Instances 1/ho14473_03.gt,14472,500.0,86400.0,PTVRP_LINEAR,3669611.0,64,0.000547100,0.000547100,0.0000,1,0.015688
Instances/Instances 1/ho14473_04.gt,14472,1000.0,86400.0,PTVRP_LINEAR,2333124.0,44,0.000511200,0.000511200,0.0000,1,0.016252
Instances/Instances 1/ho14473_05.gt,14472,2000.0,86400.0,PTVRP_LINEAR,1567450.0,30,0.000508200,0.000508200,0.0000,1,0.016752
Instances/Instances 1/ho14473_06.gt,14472,5000.0,86400.0,PTVRP_LINEAR,966854.0,18,0.000500800,0.000500800,0.0000,1,0.014681
Instances/Instances 1/ho14473_07.gt,14472,10000.0,86400.0,PTVRP_LINEAR,686906.0,12,0.000505800,0.000505800,0.0000,1,0.016297
Instances/Instances 1/ho14473_08.gt,14472,20000.0,86400.0,PTVRP_LINEAR,455257.0,9,0.000500800,0.000500800,0.0000,1,0.016262
Instances/Instances 1/ho14473_09.gt,14472,50000.0,86400.0,PTVRP_LINEAR,282067.0,6,0.000476100,0.000476100,0.0000,1,0.01643
Instances/Instances 1/ho14473_10.gt,14472,100000.0,86400.0,PTVRP_LINEAR,181545.0,4,0.000481900,0.000481900,0.0000,1,0.015978
Instances/Instances 1/it16862_01.gt,16861,100.0,86400.0,PTVRP_LINEAR,32784731.0,428,0.000675300,0.000675300,0.0000,1,0.01831
Instances/Instances 1/it16862_02.gt,16861,200.0,86400.0,PTVRP_LINEAR,18137996.0,250,0.000662500,0.000662500,0.0000,1,0.019744
Instances/Instances 1/it16862_03.gt,16861,500.0,86400.0,PTVRP_LINEAR,9060020.0,133,0.000637600,0.000637600,0.0000,1,0.017987
Instances/Instances 1/it16862_04.gt,16861,1000.0,86400.0,PTVRP_LINEAR,5528929.0,85,0.000656300,0.000656300,0.0000,1,0.018824
Instances/Instances 1/it16862_05.gt,16861,2000.0,86400.0,PTVRP_LINEAR,3641521.0,57,0.000649800,0.000649800,0.0000,1,0.018691
Instances/Instances 1/it16862_06.gt,16861,5000.0,86400.0,PTVRP_LINEAR,2076380.0,35,0.000621900,0.000621900,0.0000,1,0.021027
Instances/Instances 1/it16862_07.gt,16861,10000.0,86400.0,PTVRP_LINEAR,1404604.0,25,0.000586600,0.000586600,0.0000,1,0.023484
Instances/Instances 1/it16862_08.gt,16861,20000.0,86400.0,PTVRP_LINEAR,943500.0,20,0.000567400,0.000567400,0.0000,1,0.018409
Instances/Instances 1/it16862_09.gt,16861,50000.0,86400.0,PTVRP_LINEAR,599939.0,10,0.000576600,0.000576600,0.0000,1,0.01637
Instances/Instances 1/it16862_10.gt,16861,100000.0,86400.0,PTVRP_LINEAR,592244.0,8,0.000571000,0.000571000,0.0000,1,0.019586
Instances/Instances 1/ja9847_01.gt,9846,100.0,86400.0,PTVRP_LINEAR,30335017.0,406,0.000415200,0.000415200,0.0000,1,0.013966
Instances/Instances 1/ja9847_02.gt,9846,200.0,86400.0,PTVRP_LINEAR,16168870.0,222,0.000402500,0.000402500,0.0000,1,0.012678
Instances/Instances 1/ja9847_03.gt,9846,500.0,86400.0,PTVRP_LINEAR,7657389.0,109,0.000382200,0.000382200,0.0000,1,0.012793
Instances/Instances 1/ja9847_04.gt,9846,1000.0,86400.0,PTVRP_LINEAR,4593566.0,68,0.000369600,0.000369600,0.0000,1,0.013905
Instances/Instances 1/ja9847_05.gt,9846,2000.0,86400.0,PTVRP_LINEAR,2769766.0,47,0.000358500,0.000358500,0.0000,1,0.014172
Instances/Instances 1/ja9847_06.gt,9846,5000.0,86400.0,PTVRP_LINEAR,1586717.0,27,0.000389300,0.000389300,0.0000,1,0.013758
Instances/Instances 1/ja9847_07.gt,9846,10000.0,86400.0,PTVRP_LINEAR,1072018.0,19,0.000355400,0.000355400,0.0000,1,0.015192
Instances/Instances 1/ja9847_08.gt,9846,20000.0,86400.0,PTVRP_LINEAR,620469.0,14,0.000340100,0.000340100,0.0000,1,0.014887
Instances/Instances 1/ja9847_09.gt,9846,50000.0,86400.0,PTVRP_LINEAR,573619.0,8,0.000343100,0.000343100,0.0000,1,0.013246
Instances/Instances 1/ja9847_10.gt,9846,100000.0,86400.0,PTVRP_LINEAR,573619.0,8,0.000334600,0.000334600,0.0000,1,0.015353
Instances/Instances 1/kroA100_01.gt,99,100.0,86400.0,PTVRP_LINEAR,217041.0,4,0.000004000,0.000004000,0.0000,1,0.006979
Instances/Instances 1/kroA100_02.gt,99,200.0,86400.0,PTVRP_LINEAR,134050.0,3,0.000003800,0.000003800,0.0000,1,0.006092
Instances/Instances 1/kroA100_03.gt,99,500.0,86400.0,PTVRP_LINEAR,84620.0,2,0.000003300,0.000003300,0.0000,1,0.005127
Instances/Instances 1/kroA100_04.gt,99,1000.0,86400.0,PTVRP_LINEAR,67872.0,1,0.000003300,0.000003300,0.0000,1,0.006003
Instances/Instances 1/kroA100_05.gt,99,2000.0,86400.0,PTVRP_LINEAR,45248.0,1,0.000003700,0.000003700,0.0000,1,0.006062
Instances/Instances 1/kroA100_06.gt,99,5000.0,86400.0,PTVRP_LINEAR,22624.0,1,0.000003400,0.000003400,0.0000,1,0.005438
Instances/Instances 1/kroA100_07.gt,99,10000.0,86400.0,PTVRP_LINEAR,22624.0,1,0.000003500,0.000003500,0.0000,1,0.004757
Instances/Instances 1/kroA100_08.gt,99,20000.0,86400.0,PTVRP_LINEAR,22624.0,1,0.000003600,0.000003600,0.0000,1,0.005765
Instances/Instances 1/kroA100_09.gt,99,50000.0,86400.0,PTVRP_LINEAR,22624.0,1,0.000003500,0.000003500,0.0000,1,0.005627
Instances/Instances 1/kroA100_10.gt,99,100000.0,86400.0,PTVRP_LINEAR,22624.0,1,0.000003500,0.000003500,0.0000,1,0.006084
Instances/Instances 1/kroA150_01.gt,149,100.0,86400.0,PTVRP_LINEAR,317692.0,5,0.000005800,0.000005800,0.0000,1,0.005868
Instances/Instances 1/kroA150_02.gt,149,200.0,86400.0,PTVRP_LINEAR,209139.0,3,0.000005500,0.000005500,0.0000,1,0.004666
Instances/Instances 1/kroA150_03.gt,149,500.0,86400.0,PTVRP_LINEAR,117719.0,2,0.000004900,0.000004900,0.0000,1,0.005708
Instances/Instances 1/kroA150_04.gt,149,1000.0,86400.0,PTVRP_LINEAR,76986.0,2,0.000005000,0.000005000,0.0000,1,0.005782
Instances/Instances 1/kroA150_05.gt,149,2000.0,86400.0,PTVRP_LINEAR,55260.0,1,0.000004900,0.000004900,0.0000,1,0.005884
Instances/Instances 1/kroA150_06.gt,149,5000.0,86400.0,PTVRP_LINEAR,27630.0,1,0.000005100,0.000005100,0.0000,1,0.005901
Instances/Instances 1/kroA150_07.gt,149,10000.0,86400.0,PTVRP_LINEAR,27630.0,1,0.000005000,0.000005000,0.0000,1,0.004727
Instances/Instances 1/kroA150_08.gt,149,20000.0,86400.0,PTVRP_LINEAR,27630.0,1,0.000005100,0.000005100,0.0000,1,0.005693
Instances/Instances 1/kroA150_09.gt,149,50000.0,86400.0,PTVRP_LINEAR,27630.0,1,0.000005100,0.000005100,0.0000,1,0.005145
Instances/Instances 1/kroA150_10.gt,149,100000.0,86400.0,PTVRP_LINEAR,27630.0,1,0.000005100,0.000005100,0.0000,1,0.005663
Instances/Instances 1/kroA200_01.gt,199,100.0,86400.0,PTVRP_LINEAR,381296.0,6,0.000007700,0.000007700,0.0000,1,0.005509
Instances/Instances 1/kroA200_02.gt,199,200.0,86400.0,PTVRP_LINEAR,252520.0,4,0.000007401,0.000007401,0.0000,1,0.004978
Instances/Instances 1/kroA200_03.gt,199,500.0,86400.0,PTVRP_LINEAR,166097.0,3,0.000006900,0.000006900,0.0000,1,0.005305
Instances/Instances 1/kroA200_04.gt,199,1000.0,86400.0,PTVRP_LINEAR,106002.0,2,0.000006500,0.000006500,0.0000,1,0.006354
Instances/Instances 1/kroA200_05.gt,199,2000.0,86400.0,PTVRP_LINEAR,51002.0,2,0.000006600,0.000006600,0.0000,1,0.007106
Instances/Instances 1/kroA200_06.gt,199,5000.0,86400.0,PTVRP_LINEAR,61804.0,1,0.000006400,0.000006400,0.0000,1,0.006117
Instances/Instances 1/kroA200_07.gt,199,10000.0,86400.0,PTVRP_LINEAR,30902.0,1,0.000006400,0.000006400,0.0000,1,0.004801
Instances/Instances 1/kroA200_08.gt,199,20000.0,86400.0,PTVRP_LINEAR,30902.0,1,0.000007000,0.000007000,0.0000,1,0.006137
Instances/Instances 1/kroA200_09.gt,199,50000.0,86400.0,PTVRP_LINEAR,30902.0,1,0.000006500,0.000006500,0.0000,1,0.006272
Instances/Instances 1/kroA200_10.gt,199,100000.0,86400.0,PTVRP_LINEAR,30902.0,1,0.000006600,0.000006600,0.0000,1,0.005401
Instances/Instances 1/kroB100_01.gt,99,100.0,86400.0,PTVRP_LINEAR,213399.0,4,0.000004000,0.000004000,0.0000,1,0.006651
Instances/Instances 1/kroB100_02.gt,99,200.0,86400.0,PTVRP_LINEAR,146876.0,3,0.000003700,0.000003700,0.0000,1,0.007111
Instances/Instances 1/kroB100_03.gt,99,500.0,86400.0,PTVRP_LINEAR,86821.0,2,0.000003400,0.000003400,0.0000,1,0.005698
Instances/Instances 1/kroB100_04.gt,99,1000.0,86400.0,PTVRP_LINEAR,73416.0,1,0.000003300,0.000003300,0.0000,1,0.006823
Instances/Instances 1/kroB100_05.gt,99,2000.0,86400.0,PTVRP_LINEAR,48944.0,1,0.000003800,0.000003800,0.0000,1,0.00674
Instances/Instances 1/kroB100_06.gt,99,5000.0,86400.0,PTVRP_LINEAR,24472.0,1,0.000003500,0.000003500,0.0000,1,0.006193
Instances/Instances 1/kroB100_07.gt,99,10000.0,86400.0,PTVRP_LINEAR,24472.0,1,0.000003500,0.000003500,0.0000,1,0.007682
Instances/Instances 1/kroB100_08.gt,99,20000.0,86400.0,PTVRP_LINEAR,24472.0,1,0.000003400,0.000003400,0.0000,1,0.006621
Instances/Instances 1/kroB100_09.gt,99,50000.0,86400.0,PTVRP_LINEAR,24472.0,1,0.000003300,0.000003300,0.0000,1,0.006996
Instances/Instances 1/kroB100_10.gt,99,100000.0,86400.0,PTVRP_LINEAR,24472.0,1,0.000003300,0.000003300,0.0000,1,0.006782
Instances/Instances 1/kroB150_01.gt,149,100.0,86400.0,PTVRP_LINEAR,277554.0,6,0.000005900,0.000005900,0.0000,1,0.006361
Instances/Instances 1/kroB150_02.gt,149,200.0,86400.0,PTVRP_LINEAR,209102.0,3,0.000005700,0.000005700,0.0000,1,0.005808
Instances/Instances 1/kroB150_03.gt,149,500.0,86400.0,PTVRP_LINEAR,131868.0,2,0.000005400,0.000005400,0.0000,1,0.006844
Instances/Instances 1/kroB150_04.gt,149,1000.0,86400.0,PTVRP_LINEAR,71008.0,2,0.000004800,0.000004800,0.0000,1,0.007802
Instances/Instances 1/kroB150_05.gt,149,2000.0,86400.0,PTVRP_LINEAR,83937.0,1,0.000005100,0.000005100,0.0000,1,0.007576
Instances/Instances 1/kroB150_06.gt,149,5000.0,86400.0,PTVRP_LINEAR,27979.0,1,0.000005400,0.000005400,0.0000,1,0.005844
Instances/Instances 1/kroB150_07.gt,149,10000.0,86400.0,PTVRP_LINEAR,27979.0,1,0.000005700,0.000005700,0.0000,1,0.00696
Instances/Instances 1/kroB150_08.gt,149,20000.0,86400.0,PTVRP_LINEAR,27979.0,1,0.000005200,0.000005200,0.0000,1,0.005749
Instances/Instances 1/kroB150_09.gt,149,50000.0,86400.0,PTVRP_LINEAR,27979.0,1,0.000005200,0.000005200,0.0000,1,0.007914
Instances/Instances 1/kroB150_10.gt,149,100000.0,86400.0,PTVRP_LINEAR,27979.0,1,0.000005400,0.000005400,0.0000,1,0.006508
Instances/Instances 1/kroB200_01.gt,199,100.0,86400.0,PTVRP_LINEAR,389403.0,6,0.000007800,0.000007800,0.0000,1,0.005877
Instances/Instances 1/kroB200_02.gt,199,200.0,86400.0,PTVRP_LINEAR,236881.0,5,0.000007500,0.000007500,0.0000,1,0.006603
Instances/Instances 1/kroB200_03.gt,199,500.0,86400.0,PTVRP_LINEAR,165980.0,3,0.000006600,0.000006600,0.0000,1,0.006917
Instances/Instances 1/kroB200_04.gt,199,1000.0,86400.0,PTVRP_LINEAR,110754.0,2,0.000006600,0.000006600,0.0000,1,0.006679
Instances/Instances 1/kroB200_05.gt,199,2000.0,86400.0,PTVRP_LINEAR,85744.0,2,0.000006200,0.000006200,0.0000,1,0.006817
Instances/Instances 1/kroB200_06.gt,199,5000.0,86400.0,PTVRP_LINEAR,63536.0,1,0.000006500,0.000006500,0.0000,1,0.006654
Instances/Instances 1/kroB200_07.gt,199,10000.0,86400.0,PTVRP_LINEAR,31768.0,1,0.000006500,0.000006500,0.0000,1,0.005776
Instances/Instances 1/kroB200_08.gt,199,20000.0,86400.0,PTVRP_LINEAR,31768.0,1,0.000006900,0.000006900,0.0000,1,0.007199
Instances/Instances 1/kroB200_09.gt,199,50000.0,86400.0,PTVRP_LINEAR,31768.0,1,0.000006600,0.000006600,0.0000,1,0.006404
Instances/Instances 1/kroB200_10.gt,199,100000.0,86400.0,PTVRP_LINEAR,31768.0,1,0.000006600,0.000006600,0.0000,1,0.006198
Instances/Instances 1/kroC100_01.gt,99,100.0,86400.0,PTVRP_LINEAR,211047.0,4,0.000004000,0.000004000,0.0000,1,0.006044
Instances/Instances 1/kroC100_02.gt,99,200.0,86400.0,PTVRP_LINEAR,142062.0,3,0.000003700,0.000003700,0.0000,1,0.005958
Instances/Instances 1/kroC100_03.gt,99,500.0,86400.0,PTVRP_LINEAR,83722.0,2,0.000003400,0.000003400,0.0000,1,0.006576
Instances/Instances 1/kroC100_04.gt,99,1000.0,86400.0,PTVRP_LINEAR,68139.0,1,0.000003400,0.000003400,0.0000,1,0.006617
Instances/Instances 1/kroC100_05.gt,99,2000.0,86400.0,PTVRP_LINEAR,45426.0,1,0.000003700,0.000003700,0.0000,1,0.006315
Instances/Instances 1/kroC100_06.gt,99,5000.0,86400.0,PTVRP_LINEAR,22713.0,1,0.000004200,0.000004200,0.0000,1,0.006356
Instances/Instances 1/kroC100_07.gt,99,10000.0,86400.0,PTVRP_LINEAR,22713.0,1,0.000003400,0.000003400,0.0000,1,0.005776
Instances/Instances 1/kroC100_08.gt,99,20000.0,86400.0,PTVRP_LINEAR,22713.0,1,0.000003900,0.000003900,0.0000,1,0.005361
Instances/Instances 1/kroC100_09.gt,99,50000.0,86400.0,PTVRP_LINEAR,22713.0,1,0.000003300,0.000003300,0.0000,1,0.005522
Instances/Instances 1/kroC100_10.gt,99,100000.0,86400.0,PTVRP_LINEAR,22713.0,1,0.000003500,0.000003500,0.0000,1,0.005372
Instances/Instances 1/kroD100_01.gt,99,100.0,86400.0,PTVRP_LINEAR,224803.0,4,0.000003900,0.000003900,0.0000,1,0.005395
Instances/Instances 1/kroD100_02.gt,99,200.0,86400.0,PTVRP_LINEAR,144027.0,3,0.000003500,0.000003500,0.0000,1,0.006205
Instances/Instances 1/kroD100_03.gt,99,500.0,86400.0,PTVRP_LINEAR,84528.0,2,0.000003200,0.000003200,0.0000,1,0.005918
Instances/Instances 1/kroD100_04.gt,99,1000.0,86400.0,PTVRP_LINEAR,71376.0,1,0.000003000,0.000003000,0.0000,1,0.006067
Instances/Instances 1/kroD100_05.gt,99,2000.0,86400.0,PTVRP_LINEAR,47584.0,1,0.000003300,0.000003300,0.0000,1,0.00632
Instances/Instances 1/kroD100_06.gt,99,5000.0,86400.0,PTVRP_LINEAR,23792.0,1,0.000003400,0.000003400,0.0000,1,0.005722
Instances/Instances 1/kroD100_07.gt,99,10000.0,86400.0,PTVRP_LINEAR,23792.0,1,0.000003300,0.000003300,0.0000,1,0.005092
Instances/Instances 1/kroD100_08.gt,99,20000.0,86400.0,PTVRP_LINEAR,23792.0,1,0.000003500,0.000003500,0.0000,1,0.006081
Instances/Instances 1/kroD100_09.gt,99,50000.0,86400.0,PTVRP_LINEAR,23792.0,1,0.000003300,0.000003300,0.0000,1,0.005911
Instances/Instances 1/kroD100_10.gt,99,100000.0,86400.0,PTVRP_LINEAR,23792.0,1,0.000003400,0.000003400,0.0000,1,0.006047
Instances/Instances 1/kroE100_01.gt,99,100.0,86400.0,PTVRP_LINEAR,231673.0,4,0.000003700,0.000003700,0.0000,1,0.005437
Instances/Instances 1/kroE100_02.gt,99,200.0,86400.0,PTVRP_LINEAR,126620.0,3,0.000003700,0.000003700,0.0000,1,0.005348
Instances/Instances 1/kroE100_03.gt,99,500.0,86400.0,PTVRP_LINEAR,85444.0,2,0.000003100,0.000003100,0.0000,1,0.005941
Instances/Instances 1/kroE100_04.gt,99,1000.0,86400.0,PTVRP_LINEAR,73656.0,1,0.000003000,0.000003000,0.0000,1,0.006353
Instances/Instances 1/kroE100_05.gt,99,2000.0,86400.0,PTVRP_LINEAR,49104.0,1,0.000003300,0.000003300,0.0000,1,0.005701
Instances/Instances 1/kroE100_06.gt,99,5000.0,86400.0,PTVRP_LINEAR,24552.0,1,0.000003800,0.000003800,0.0000,1,0.005504
Instances/Instances 1/kroE100_07.gt,99,10000.0,86400.0,PTVRP_LINEAR,24552.0,1,0.000003400,0.000003400,0.0000,1,0.005535
Instances/Instances 1/kroE100_08.gt,99,20000.0,86400.0,PTVRP_LINEAR,24552.0,1,0.000003300,0.000003300,0.0000,1,0.005295
Instances/Instances 1/kroE100_09.gt,99,50000.0,86400.0,PTVRP_LINEAR,24552.0,1,0.000003500,0.000003500,0.0000,1,0.006329
Instances/Instances 1/kroE100_10.gt,99,100000.0,86400.0,PTVRP_LINEAR,24552.0,1,0.000003400,0.000003400,0.0000,1,0.00565
Instances/Instances 1/kz9976_01.gt,9975,100.0,86400.0,PTVRP_LINEAR,57088316.0,796,0.000408900,0.000408900,0.0000,1,0.011462
Instances/Instances 1/kz9976_02.gt,9975,200.0,86400.0,PTVRP_LINEAR,29441800.0,417,0.000410500,0.000410500,0.0000,1,0.012078
Instances/Instances 1/kz9976_03.gt,9975,500.0,86400.0,PTVRP_LINEAR,13453397.0,190,0.000399500,0.000399500,0.0000,1,0.01214
Instances/Instances 1/kz9976_04.gt,9975,1000.0,86400.0,PTVRP_LINEAR,7721563.0,112,0.000388600,0.000388600,0.0000,1,0.010878
Instances/Instances 1/kz9976_05.gt,9975,2000.0,86400.0,PTVRP_LINEAR,4685398.0,74,0.000376000,0.000376000,0.0000,1,0.01342
Instances/Instances 1/kz9976_06.gt,9975,5000.0,86400.0,PTVRP_LINEAR,2296909.0,48,0.000361100,0.000361100,0.0000,1,0.013945
Instances/Instances 1/kz9976_07.gt,9975,10000.0,86400.0,PTVRP_LINEAR,1525668.0,27,0.000363000,0.000363000,0.0000,1,0.01435
Instances/Instances 1/kz9976_08.gt,9975,20000.0,86400.0,PTVRP_LINEAR,1339347.0,18,0.000349100,0.000349100,0.0000,1,0.013303
Instances/Instances 1/kz9976_09.gt,9975,50000.0,86400.0,PTVRP_LINEAR,1338578.0,18,0.000347600,0.000347600,0.0000,1,0.014909
Instances/Instances 1/kz9976_10.gt,9975,100000.0,86400.0,PTVRP_LINEAR,1338578.0,18,0.000352100,0.000352100,0.0000,1,0.014698
Instances/Instances 1/lin105_01.gt,104,100.0,86400.0,PTVRP_LINEAR,192566.0,3,0.000003800,0.000003800,0.0000,1,0.007351
Instances/Instances 1/lin105_02.gt,104,200.0,86400.0,PTVRP_LINEAR,126014.0,2,0.000003500,0.000003500,0.0000,1,0.006613
Instances/Instances 1/lin105_03.gt,104,500.0,86400.0,PTVRP_LINEAR,85165.0,1,0.000002800,0.000002800,0.0000,1,0.005684
Instances/Instances 1/lin105_04.gt,104,1000.0,86400.0,PTVRP_LINEAR,51099.0,1,0.000003100,0.000003100,0.0000,1,0.00594
Instances/Instances 1/lin105_05.gt,104,2000.0,86400.0,PTVRP_LINEAR,17033.0,2,0.000003500,0.000003500,0.0000,1,0.005138
Instances/Instances 1/lin105_06.gt,104,5000.0,86400.0,PTVRP_LINEAR,17033.0,2,0.000003400,0.000003400,0.0000,1,0.005357
Instances/Instances 1/lin105_07.gt,104,10000.0,86400.0,PTVRP_LINEAR,17033.0,2,0.000003600,0.000003600,0.0000,1,0.004943
Instances/Instances 1/lin105_08.gt,104,20000.0,86400.0,PTVRP_LINEAR,17033.0,2,0.000003600,0.000003600,0.0000,1,0.006548
Instances/Instances 1/lin105_09.gt,104,50000.0,86400.0,PTVRP_LINEAR,17033.0,2,0.000003400,0.000003400,0.0000,1,0.004983
Instances/Instances 1/lin105_10.gt,104,100000.0,86400.0,PTVRP_LINEAR,17033.0,2,0.000003400,0.000003400,0.0000,1,0.005168
Instances/Instances 1/lin318_01.gt,317,100.0,86400.0,PTVRP_LINEAR,595073.0,10,0.000011700,0.000011700,0.0000,1,0.005583
Instances/Instances 1/lin318_02.gt,317,200.0,86400.0,PTVRP_LINEAR,371218.0,6,0.000011000,0.000011000,0.0000,1,0.005123
Instances/Instances 1/lin318_03.gt,317,500.0,86400.0,PTVRP_LINEAR,251350.0,4,0.000011500,0.000011500,0.0000,1,0.00609
Instances/Instances 1/lin318_04.gt,317,1000.0,86400.0,PTVRP_LINEAR,164013.0,3,0.000010400,0.000010400,0.0000,1,0.006371
Instances/Instances 1/lin318_05.gt,317,2000.0,86400.0,PTVRP_LINEAR,120219.0,2,0.000009500,0.000009500,0.0000,1,0.006384
Instances/Instances 1/lin318_06.gt,317,5000.0,86400.0,PTVRP_LINEAR,46049.0,2,0.000010000,0.000010000,0.0000,1,0.005111
Instances/Instances 1/lin318_07.gt,317,10000.0,86400.0,PTVRP_LINEAR,46049.0,2,0.000009900,0.000009900,0.0000,1,0.006887
Instances/Instances 1/lin318_08.gt,317,20000.0,86400.0,PTVRP_LINEAR,46049.0,2,0.000011500,0.000011500,0.0000,1,0.007038
Instances/Instances 1/lin318_09.gt,317,50000.0,86400.0,PTVRP_LINEAR,46049.0,2,0.000010000,0.000010000,0.0000,1,0.006853
Instances/Instances 1/lin318_10.gt,317,100000.0,86400.0,PTVRP_LINEAR,46049.0,2,0.000010200,0.000010200,0.0000,1,0.006692
Instances/Instances 1/linhp318_01.gt,317,100.0,86400.0,PTVRP_LINEAR,581629.0,10,0.000011900,0.000011900,0.0000,1,0.005744
Instances/Instances 1/linhp318_02.gt,317,200.0,86400.0,PTVRP_LINEAR,372434.0,7,0.000010700,0.000010700,0.0000,1,0.004639
Instances/Instances 1/linhp318_03.gt,317,500.0,86400.0,PTVRP_LINEAR,197601.0,5,0.000010100,0.000010100,0.0000,1,0.005853
Instances/Instances 1/linhp318_04.gt,317,1000.0,86400.0,PTVRP_LINEAR,171968.0,3,0.000009500,0.000009500,0.0000,1,0.006299
Instances/Instances 1/linhp318_05.gt,317,2000.0,86400.0,PTVRP_LINEAR,119835.0,2,0.000010400,0.000010400,0.0000,1,0.005958
Instances/Instances 1/linhp318_06.gt,317,5000.0,86400.0,PTVRP_LINEAR,46168.0,2,0.000011000,0.000011000,0.0000,1,0.007708
Instances/Instances 1/linhp318_07.gt,317,10000.0,86400.0,PTVRP_LINEAR,46168.0,2,0.000010100,0.000010100,0.0000,1,0.007183
Instances/Instances 1/linhp318_08.gt,317,20000.0,86400.0,PTVRP_LINEAR,46168.0,2,0.000010300,0.000010300,0.0000,1,0.006982
Instances/Instances 1/linhp318_09.gt,317,50000.0,86400.0,PTVRP_LINEAR,46168.0,2,0.000011100,0.000011100,0.0000,1,0.005957
Instances/Instances 1/linhp318_10.gt,317,100000.0,86400.0,PTVRP_LINEAR,46168.0,2,0.000010400,0.000010400,0.0000,1,0.006527
Instances/Instances 1/lu980_01.gt,979,100.0,86400.0,PTVRP_LINEAR,543931.0,7,0.000033700,0.000033700,0.0000,1,0.006536
Instances/Instances 1/lu980_02.gt,979,200.0,86400.0,PTVRP_LINEAR,338731.0,5,0.000032700,0.000032700,0.0000,1,0.005488
Instances/Instances 1/lu980_03.gt,979,500.0,86400.0,PTVRP_LINEAR,214011.0,3,0.000033500,0.000033500,0.0000,1,0.00553
Instances/Instances 1/lu980_04.gt,979,1000.0,86400.0,PTVRP_LINEAR,160940.0,2,0.000031800,0.000031800,0.0000,1,0.007437
Instances/Instances 1/lu980_05.gt,979,2000.0,86400.0,PTVRP_LINEAR,99724.0,2,0.000028900,0.000028900,0.0000,1,0.007631
Instances/Instances 1/lu980_06.gt,979,5000.0,86400.0,PTVRP_LINEAR,59595.0,1,0.000026300,0.000026300,0.0000,1,0.008178
Instances/Instances 1/lu980_07.gt,979,10000.0,86400.0,PTVRP_LINEAR,35757.0,1,0.000027800,0.000027800,0.0000,1,0.005584
Instances/Instances 1/lu980_08.gt,979,20000.0,86400.0,PTVRP_LINEAR,23838.0,1,0.000029400,0.000029400,0.0000,1,0.005879
Instances/Instances 1/lu980_09.gt,979,50000.0,86400.0,PTVRP_LINEAR,11919.0,1,0.000029900,0.000029900,0.0000,1,0.006466
Instances/Instances 1/lu980_10.gt,979,100000.0,86400.0,PTVRP_LINEAR,11919.0,1,0.000029600,0.000029600,0.0000,1,0.005995
Instances/Instances 1/mo14185_01.gt,14184,100.0,86400.0,PTVRP_LINEAR,23668481.0,311,0.000575600,0.000575600,0.0000,1,0.014275
Instances/Instances 1/mo14185_02.gt,14184,200.0,86400.0,PTVRP_LINEAR,13437642.0,187,0.000602900,0.000602900,0.0000,1,0.012667
Instances/Instances 1/mo14185_03.gt,14184,500.0,86400.0,PTVRP_LINEAR,6823079.0,100,0.000539900,0.000539900,0.0000,1,0.01314
Instances/Instances 1/mo14185_04.gt,14184,1000.0,86400.0,PTVRP_LINEAR,4330586.0,67,0.000525800,0.000525800,0.0000,1,0.016316
Instances/Instances 1/mo14185_05.gt,14184,2000.0,86400.0,PTVRP_LINEAR,2751497.0,47,0.000515900,0.000515900,0.0000,1,0.015983
Instances/Instances 1/mo14185_06.gt,14184,5000.0,86400.0,PTVRP_LINEAR,1650564.0,28,0.000507400,0.000507400,0.0000,1,0.014382
Instances/Instances 1/mo14185_07.gt,14184,10000.0,86400.0,PTVRP_LINEAR,1131389.0,19,0.000483000,0.000483000,0.0000,1,0.016341
Instances/Instances 1/mo14185_08.gt,14184,20000.0,86400.0,PTVRP_LINEAR,764260.0,15,0.000471300,0.000471300,0.0000,1,0.015859
Instances/Instances 1/mo14185_09.gt,14184,50000.0,86400.0,PTVRP_LINEAR,463398.0,9,0.000504200,0.000504200,0.0000,1,0.015653
Instances/Instances 1/mo14185_10.gt,14184,100000.0,86400.0,PTVRP_LINEAR,455029.0,7,0.000479700,0.000479700,0.0000,1,0.01507
Instances/Instances 1/mu1979_01.gt,1978,100.0,86400.0,PTVRP_LINEAR,2954367.0,44,0.000065500,0.000065500,0.0000,1,0.008235
Instances/Instances 1/mu1979_02.gt,1978,200.0,86400.0,PTVRP_LINEAR,1751896.0,28,0.000063800,0.000063800,0.0000,1,0.00805
Instances/Instances 1/mu1979_03.gt,1978,500.0,86400.0,PTVRP_LINEAR,922569.0,16,0.000058200,0.000058200,0.0000,1,0.007569
Instances/Instances 1/mu1979_04.gt,1978,1000.0,86400.0,PTVRP_LINEAR,603744.0,11,0.000067400,0.000067400,0.0000,1,0.006625
Instances/Instances 1/mu1979_05.gt,1978,2000.0,86400.0,PTVRP_LINEAR,453311.0,6,0.000061600,0.000061600,0.0000,1,0.034076
Instances/Instances 1/mu1979_06.gt,1978,5000.0,86400.0,PTVRP_LINEAR,226099.0,6,0.000057500,0.000057500,0.0000,1,0.011051
Instances/Instances 1/mu1979_07.gt,1978,10000.0,86400.0,PTVRP_LINEAR,179560.0,4,0.000053700,0.000053700,0.0000,1,0.009186
Instances/Instances 1/mu1979_08.gt,1978,20000.0,86400.0,PTVRP_LINEAR,103628.0,3,0.000055000,0.000055000,0.0000,1,0.007252
Instances/Instances 1/mu1979_09.gt,1978,50000.0,86400.0,PTVRP_LINEAR,101151.0,2,0.000056700,0.000056700,0.0000,1,0.007018
Instances/Instances 1/mu1979_10.gt,1978,100000.0,86400.0,PTVRP_LINEAR,101151.0,2,0.000055700,0.000055700,0.0000,1,0.006271
Instances/Instances 1/nrw1379_01.gt,1378,100.0,86400.0,PTVRP_LINEAR,1388341.0,24,0.000043400,0.000043400,0.0000,1,0.007425
Instances/Instances 1/nrw1379_02.gt,1378,200.0,86400.0,PTVRP_LINEAR,888954.0,17,0.000042100,0.000042100,0.0000,1,0.005495
Instances/Instances 1/nrw1379_03.gt,1378,500.0,86400.0,PTVRP_LINEAR,617895.0,8,0.000044100,0.000044100,0.0000,1,0.006622
Instances/Instances 1/nrw1379_04.gt,1378,1000.0,86400.0,PTVRP_LINEAR,403041.0,6,0.000041100,0.000041100,0.0000,1,0.006038
Instances/Instances 1/nrw1379_05.gt,1378,2000.0,86400.0,PTVRP_LINEAR,279042.0,5,0.000041000,0.000041000,0.0000,1,0.006484
Instances/Instances 1/nrw1379_06.gt,1378,5000.0,86400.0,PTVRP_LINEAR,151063.0,4,0.000036400,0.000036400,0.0000,1,0.006631
Instances/Instances 1/nrw1379_07.gt,1378,10000.0,86400.0,PTVRP_LINEAR,116002.0,3,0.000036600,0.000036600,0.0000,1,0.006062
Instances/Instances 1/nrw1379_08.gt,1378,20000.0,86400.0,PTVRP_LINEAR,99768.0,3,0.000036800,0.000036800,0.0000,1,0.008201
Instances/Instances 1/nrw1379_09.gt,1378,50000.0,86400.0,PTVRP_LINEAR,58840.0,2,0.000036700,0.000036700,0.0000,1,0.007662
Instances/Instances 1/nrw1379_10.gt,1378,100000.0,86400.0,PTVRP_LINEAR,58840.0,2,0.000036900,0.000036900,0.0000,1,0.00607
Instances/Instances 1/nu3496_01.gt,3495,100.0,86400.0,PTVRP_LINEAR,3527539.0,52,0.000140200,0.000140200,0.0000,1,0.007815
Instances/Instances 1/nu3496_02.gt,3495,200.0,86400.0,PTVRP_LINEAR,2175644.0,36,0.000136800,0.000136800,0.0000,1,0.007343
Instances/Instances 1/nu3496_03.gt,3495,500.0,86400.0,PTVRP_LINEAR,1184672.0,22,0.000133600,0.000133600,0.0000,1,0.007878
Instances/Instances 1/nu3496_04.gt,3495,1000.0,86400.0,PTVRP_LINEAR,854015.0,14,0.000132200,0.000132200,0.0000,1,0.007373
Instances/Instances 1/nu3496_05.gt,3495,2000.0,86400.0,PTVRP_LINEAR,537843.0,11,0.000128300,0.000128300,0.0000,1,0.008218
Instances/Instances 1/nu3496_06.gt,3495,5000.0,86400.0,PTVRP_LINEAR,377008.0,6,0.000131800,0.000131800,0.0000,1,0.008317
Instances/Instances 1/nu3496_07.gt,3495,10000.0,86400.0,PTVRP_LINEAR,214663.0,5,0.000126700,0.000126700,0.0000,1,0.007014
Instances/Instances 1/nu3496_08.gt,3495,20000.0,86400.0,PTVRP_LINEAR,188162.0,3,0.000157700,0.000157700,0.0000,1,0.007838
Instances/Instances 1/nu3496_09.gt,3495,50000.0,86400.0,PTVRP_LINEAR,97414.0,2,0.000126600,0.000126600,0.0000,1,0.007404
Instances/Instances 1/nu3496_10.gt,3495,100000.0,86400.0,PTVRP_LINEAR,97408.0,2,0.000126400,0.000126400,0.0000,1,0.00724
Instances/Instances 1/p654_01.gt,653,100.0,86400.0,PTVRP_LINEAR,1116038.0,16,0.000023100,0.000023100,0.0000,1,0.007101
Instances/Instances 1/p654_02.gt,653,200.0,86400.0,PTVRP_LINEAR,629346.0,10,0.000021900,0.000021900,0.0000,1,0.005703
Instances/Instances 1/p654_03.gt,653,500.0,86400.0,PTVRP_LINEAR,362828.0,6,0.000020500,0.000020500,0.0000,1,0.006293
Instances/Instances 1/p654_04.gt,653,1000.0,86400.0,PTVRP_LINEAR,233507.0,4,0.000018500,0.000018500,0.0000,1,0.006594
Instances/Instances 1/p654_05.gt,653,2000.0,86400.0,PTVRP_LINEAR,160643.0,3,0.000017100,0.000017100,0.0000,1,0.004964
Instances/Instances 1/p654_06.gt,653,5000.0,86400.0,PTVRP_LINEAR,100605.0,2,0.000016500,0.000016500,0.0000,1,0.005999
Instances/Instances 1/p654_07.gt,653,10000.0,86400.0,PTVRP_LINEAR,79798.0,1,0.000017600,0.000017600,0.0000,1,0.006032
Instances/Instances 1/p654_08.gt,653,20000.0,86400.0,PTVRP_LINEAR,39899.0,1,0.000018000,0.000018000,0.0000,1,0.006136
Instances/Instances 1/p654_09.gt,653,50000.0,86400.0,PTVRP_LINEAR,39899.0,1,0.000017700,0.000017700,0.0000,1,0.007121
Instances/Instances 1/p654_10.gt,653,100000.0,86400.0,PTVRP_LINEAR,39899.0,1,0.000018500,0.000018500,0.0000,1,0.00709
Instances/Instances 1/pcb1173_01.gt,1172,100.0,86400.0,PTVRP_LINEAR,1272777.0,23,0.000038600,0.000038600,0.0000,1,0.008659
Instances/Instances 1/pcb1173_02.gt,1172,200.0,86400.0,PTVRP_LINEAR,816135.0,16,0.000037400,0.000037400,0.0000,1,0.007877
Instances/Instances 1/pcb1173_03.gt,1172,500.0,86400.0,PTVRP_LINEAR,521358.0,9,0.000036300,0.000036300,0.0000,1,0.007451
Instances/Instances 1/pcb1173_04.gt,1172,1000.0,86400.0,PTVRP_LINEAR,347855.0,6,0.000034700,0.000034700,0.0000,1,0.006187
Instances/Instances 1/pcb1173_05.gt,1172,2000.0,86400.0,PTVRP_LINEAR,276359.0,4,0.000033500,0.000033500,0.0000,1,0.006891
Instances/Instances 1/pcb1173_06.gt,1172,5000.0,86400.0,PTVRP_LINEAR,114637.0,4,0.000030400,0.000030400,0.0000,1,0.007603
Instances/Instances 1/pcb1173_07.gt,1172,10000.0,86400.0,PTVRP_LINEAR,103516.0,2,0.000029100,0.000029100,0.0000,1,0.007794
Instances/Instances 1/pcb1173_08.gt,1172,20000.0,86400.0,PTVRP_LINEAR,59749.0,2,0.000031000,0.000031000,0.0000,1,0.007559
Instances/Instances 1/pcb1173_09.gt,1172,50000.0,86400.0,PTVRP_LINEAR,59707.0,1,0.000030700,0.000030700,0.0000,1,0.006598
Instances/Instances 1/pcb1173_10.gt,1172,100000.0,86400.0,PTVRP_LINEAR,59707.0,1,0.000031400,0.000031400,0.0000,1,0.006807
Instances/Instances 1/pcb3038_01.gt,3037,100.0,86400.0,PTVRP_LINEAR,3914155.0,57,0.000118900,0.000118900,0.0000,1,0.008181
Instances/Instances 1/pcb3038_02.gt,3037,200.0,86400.0,PTVRP_LINEAR,2400238.0,40,0.000116000,0.000116000,0.0000,1,0.008354
Instances/Instances 1/pcb3038_03.gt,3037,500.0,86400.0,PTVRP_LINEAR,1361993.0,24,0.000109800,0.000109800,0.0000,1,0.011626
Instances/Instances 1/pcb3038_04.gt,3037,1000.0,86400.0,PTVRP_LINEAR,848153.0,19,0.000105600,0.000105600,0.0000,1,0.009681
Instances/Instances 1/pcb3038_05.gt,3037,2000.0,86400.0,PTVRP_LINEAR,625671.0,12,0.000108000,0.000108000,0.0000,1,0.008175
Instances/Instances 1/pcb3038_06.gt,3037,5000.0,86400.0,PTVRP_LINEAR,333685.0,9,0.000122900,0.000122900,0.0000,1,0.009094
Instances/Instances 1/pcb3038_07.gt,3037,10000.0,86400.0,PTVRP_LINEAR,267039.0,6,0.000098700,0.000098700,0.0000,1,0.008969
Instances/Instances 1/pcb3038_08.gt,3037,20000.0,86400.0,PTVRP_LINEAR,182569.0,5,0.000094400,0.000094400,0.0000,1,0.009671
Instances/Instances 1/pcb3038_09.gt,3037,50000.0,86400.0,PTVRP_LINEAR,142509.0,3,0.000096000,0.000096000,0.0000,1,0.008912
Instances/Instances 1/pcb3038_10.gt,3037,100000.0,86400.0,PTVRP_LINEAR,142509.0,3,0.000095500,0.000095500,0.0000,1,0.008803
Instances/Instances 1/pcb442_01.gt,441,100.0,86400.0,PTVRP_LINEAR,721536.0,13,0.000015000,0.000015000,0.0000,1,0.005891
Instances/Instances 1/pcb442_02.gt,441,200.0,86400.0,PTVRP_LINEAR,519396.0,8,0.000015300,0.000015300,0.0000,1,0.006283
Instances/Instances 1/pcb442_03.gt,441,500.0,86400.0,PTVRP_LINEAR,304082.0,5,0.000014100,0.000014100,0.0000,1,0.00635
Instances/Instances 1/pcb442_04.gt,441,1000.0,86400.0,PTVRP_LINEAR,227258.0,4,0.000013500,0.000013500,0.0000,1,0.006672
Instances/Instances 1/pcb442_05.gt,441,2000.0,86400.0,PTVRP_LINEAR,154638.0,3,0.000012300,0.000012300,0.0000,1,0.005976
Instances/Instances 1/pcb442_06.gt,441,5000.0,86400.0,PTVRP_LINEAR,90246.0,2,0.000011800,0.000011800,0.0000,1,0.005383
Instances/Instances 1/pcb442_07.gt,441,10000.0,86400.0,PTVRP_LINEAR,55551.0,2,0.000012800,0.000012800,0.0000,1,0.005324
Instances/Instances 1/pcb442_08.gt,441,20000.0,86400.0,PTVRP_LINEAR,55035.0,1,0.000013200,0.000013200,0.0000,1,0.005402
Instances/Instances 1/pcb442_09.gt,441,50000.0,86400.0,PTVRP_LINEAR,55035.0,1,0.000012900,0.000012900,0.0000,1,0.005145
Instances/Instances 1/pcb442_10.gt,441,100000.0,86400.0,PTVRP_LINEAR,55035.0,1,0.000012800,0.000012800,0.0000,1,0.005092
Instances/Instances 1/pm8079_01.gt,8078,100.0,86400.0,PTVRP_LINEAR,6666670.0,96,0.000323500,0.000323500,0.0000,1,0.009779
Instances/Instances 1/pm8079_02.gt,8078,200.0,86400.0,PTVRP_LINEAR,3931862.0,65,0.000313600,0.000313600,0.0000,1,0.010904
Instances/Instances 1/pm8079_03.gt,8078,500.0,86400.0,PTVRP_LINEAR,2171344.0,38,0.000311400,0.000311400,0.0000,1,0.011736
Instances/Instances 1/pm8079_04.gt,8078,1000.0,86400.0,PTVRP_LINEAR,1392982.0,26,0.000307200,0.000307200,0.0000,1,0.013619
Instances/Instances 1/pm8079_05.gt,8078,2000.0,86400.0,PTVRP_LINEAR,1004367.0,16,0.000319800,0.000319800,0.0000,1,0.011132
Instances/Instances 1/pm8079_06.gt,8078,5000.0,86400.0,PTVRP_LINEAR,636369.0,10,0.000291300,0.000291300,0.0000,1,0.011274
Instances/Instances 1/pm8079_07.gt,8078,10000.0,86400.0,PTVRP_LINEAR,412683.0,7,0.000289900,0.000289900,0.0000,1,0.013277
Instances/Instances 1/pm8079_08.gt,8078,20000.0,86400.0,PTVRP_LINEAR,249449.0,7,0.000278600,0.000278600,0.0000,1,0.010722
Instances/Instances 1/pm8079_09.gt,8078,50000.0,86400.0,PTVRP_LINEAR,153445.0,4,0.000280300,0.000280300,0.0000,1,0.011853
Instances/Instances 1/pm8079_10.gt,8078,100000.0,86400.0,PTVRP_LINEAR,116736.0,3,0.000307100,0.000307100,0.0000,1,0.045819
Instances/Instances 1/pr1002_01.gt,1001,100.0,86400.0,PTVRP_LINEAR,3794045.0,55,0.000036300,0.000036300,0.0000,1,0.009233
Instances/Instances 1/pr1002_02.gt,1001,200.0,86400.0,PTVRP_LINEAR,2211264.0,33,0.000035300,0.000035300,0.0000,1,0.008085
Instances/Instances 1/pr1002_03.gt,1001,500.0,86400.0,PTVRP_LINEAR,1233083.0,20,0.000033400,0.000033400,0.0000,1,0.007554
Instances/Instances 1/pr1002_04.gt,1001,1000.0,86400.0,PTVRP_LINEAR,736128.0,15,0.000030800,0.000030800,0.0000,1,0.006861
Instances/Instances 1/pr1002_05.gt,1001,2000.0,86400.0,PTVRP_LINEAR,566123.0,10,0.000029900,0.000029900,0.0000,1,0.006159
Instances/Instances 1/pr1002_06.gt,1001,5000.0,86400.0,PTVRP_LINEAR,296228.0,6,0.000029100,0.000029100,0.0000,1,0.005839
Instances/Instances 1/pr1002_07.gt,1001,10000.0,86400.0,PTVRP_LINEAR,283439.0,4,0.000029000,0.000029000,0.0000,1,0.006777
Instances/Instances 1/pr1002_08.gt,1001,20000.0,86400.0,PTVRP_LINEAR,283439.0,4,0.000028700,0.000028700,0.0000,1,0.00538
Instances/Instances 1/pr1002_09.gt,1001,50000.0,86400.0,PTVRP_LINEAR,283439.0,4,0.000029200,0.000029200,0.0000,1,0.005524
Instances/Instances 1/pr1002_10.gt,1001,100000.0,86400.0,PTVRP_LINEAR,283439.0,4,0.000028300,0.000028300,0.0000,1,0.005608
Instances/Instances 1/pr107_01.gt,106,100.0,86400.0,PTVRP_LINEAR,398181.0,7,0.000004400,0.000004400,0.0000,1,0.005897
Instances/Instances 1/pr107_02.gt,106,200.0,86400.0,PTVRP_LINEAR,244499.0,5,0.000004100,0.000004100,0.0000,1,0.006349
Instances/Instances 1/pr107_03.gt,106,500.0,86400.0,PTVRP_LINEAR,141938.0,3,0.000004600,0.000004600,0.0000,1,0.007347
Instances/Instances 1/pr107_04.gt,106,1000.0,86400.0,PTVRP_LINEAR,104414.0,2,0.000003400,0.000003400,0.0000,1,0.005478
Instances/Instances 1/pr107_05.gt,106,2000.0,86400.0,PTVRP_LINEAR,52505.0,2,0.000003600,0.000003600,0.0000,1,0.00586
Instances/Instances 1/pr107_06.gt,106,5000.0,86400.0,PTVRP_LINEAR,50502.0,2,0.000003600,0.000003600,0.0000,1,0.006891
Instances/Instances 1/pr107_07.gt,106,10000.0,86400.0,PTVRP_LINEAR,50502.0,2,0.000003400,0.000003400,0.0000,1,0.007149
Instances/Instances 1/pr107_08.gt,106,20000.0,86400.0,PTVRP_LINEAR,50502.0,2,0.000003600,0.000003600,0.0000,1,0.00651
Instances/Instances 1/pr107_09.gt,106,50000.0,86400.0,PTVRP_LINEAR,50502.0,2,0.000003800,0.000003800,0.0000,1,0.00525
Instances/Instances 1/pr107_10.gt,106,100000.0,86400.0,PTVRP_LINEAR,50502.0,2,0.000003700,0.000003700,0.0000,1,0.005229
Instances/Instances 1/pr124_01.gt,123,100.0,86400.0,PTVRP_LINEAR,495463.0,7,0.000004900,0.000004900,0.0000,1,0.005846
Instances/Instances 1/pr124_02.gt,123,200.0,86400.0,PTVRP_LINEAR,311690.0,5,0.000005200,0.000005200,0.0000,1,0.005926
Instances/Instances 1/pr124_03.gt,123,500.0,86400.0,PTVRP_LINEAR,172792.0,3,0.000004400,0.000004400,0.0000,1,0.005345
Instances/Instances 1/pr124_04.gt,123,1000.0,86400.0,PTVRP_LINEAR,145668.0,2,0.000004500,0.000004500,0.0000,1,0.005452
Instances/Instances 1/pr124_05.gt,123,2000.0,86400.0,PTVRP_LINEAR,71966.0,2,0.000004400,0.000004400,0.0000,1,0.005627
Instances/Instances 1/pr124_06.gt,123,5000.0,86400.0,PTVRP_LINEAR,66676.0,1,0.000004100,0.000004100,0.0000,1,0.005988
Instances/Instances 1/pr124_07.gt,123,10000.0,86400.0,PTVRP_LINEAR,66676.0,1,0.000004000,0.000004000,0.0000,1,0.006043
Instances/Instances 1/pr124_08.gt,123,20000.0,86400.0,PTVRP_LINEAR,66676.0,1,0.000003900,0.000003900,0.0000,1,0.004876
Instances/Instances 1/pr124_09.gt,123,50000.0,86400.0,PTVRP_LINEAR,66676.0,1,0.000003900,0.000003900,0.0000,1,0.005086
Instances/Instances 1/pr124_10.gt,123,100000.0,86400.0,PTVRP_LINEAR,66676.0,1,0.000004000,0.000004000,0.0000,1,0.006945
Instances/Instances 1/pr136_01.gt,135,100.0,86400.0,PTVRP_LINEAR,621342.0,10,0.000005600,0.000005600,0.0000,1,0.007884
Instances/Instances 1/pr136_02.gt,135,200.0,86400.0,PTVRP_LINEAR,395173.0,6,0.000005500,0.000005500,0.0000,1,0.006552
Instances/Instances 1/pr136_03.gt,135,500.0,86400.0,PTVRP_LINEAR,236391.0,4,0.000005100,0.000005100,0.0000,1,0.007288
Instances/Instances 1/pr136_04.gt,135,1000.0,86400.0,PTVRP_LINEAR,121273.0,4,0.000004900,0.000004900,0.0000,1,0.007369
Instances/Instances 1/pr136_05.gt,135,2000.0,86400.0,PTVRP_LINEAR,113148.0,2,0.000004500,0.000004500,0.0000,1,0.006966
Instances/Instances 1/pr136_06.gt,135,5000.0,86400.0,PTVRP_LINEAR,107219.0,2,0.000004500,0.000004500,0.0000,1,0.007302
Instances/Instances 1/pr136_07.gt,135,10000.0,86400.0,PTVRP_LINEAR,107219.0,2,0.000004500,0.000004500,0.0000,1,0.006406
Instances/Instances 1/pr136_08.gt,135,20000.0,86400.0,PTVRP_LINEAR,107219.0,2,0.000004500,0.000004500,0.0000,1,0.005699
Instances/Instances 1/pr136_09.gt,135,50000.0,86400.0,PTVRP_LINEAR,107219.0,2,0.000004500,0.000004500,0.0000,1,0.006113
Instances/Instances 1/pr136_10.gt,135,100000.0,86400.0,PTVRP_LINEAR,107219.0,2,0.000004400,0.000004400,0.0000,1,0.005795
Instances/Instances 1/pr144_01.gt,143,100.0,86400.0,PTVRP_LINEAR,538272.0,9,0.000005900,0.000005900,0.0000,1,0.005392
Instances/Instances 1/pr144_02.gt,143,200.0,86400.0,PTVRP_LINEAR,314621.0,7,0.000005400,0.000005400,0.0000,1,0.005812
Instances/Instances 1/pr144_03.gt,143,500.0,86400.0,PTVRP_LINEAR,196779.0,4,0.000004900,0.000004900,0.0000,1,0.006812
Instances/Instances 1/pr144_04.gt,143,1000.0,86400.0,PTVRP_LINEAR,135374.0,3,0.000004500,0.000004500,0.0000,1,0.006687
Instances/Instances 1/pr144_05.gt,143,2000.0,86400.0,PTVRP_LINEAR,71677.0,3,0.000004500,0.000004500,0.0000,1,0.006643
Instances/Instances 1/pr144_06.gt,143,5000.0,86400.0,PTVRP_LINEAR,68780.0,1,0.000004500,0.000004500,0.0000,1,0.007816
Instances/Instances 1/pr144_07.gt,143,10000.0,86400.0,PTVRP_LINEAR,68780.0,1,0.000004600,0.000004600,0.0000,1,0.007649
Instances/Instances 1/pr144_08.gt,143,20000.0,86400.0,PTVRP_LINEAR,68780.0,1,0.000004400,0.000004400,0.0000,1,0.006939
Instances/Instances 1/pr144_09.gt,143,50000.0,86400.0,PTVRP_LINEAR,68780.0,1,0.000004700,0.000004700,0.0000,1,0.005782
Instances/Instances 1/pr144_10.gt,143,100000.0,86400.0,PTVRP_LINEAR,68780.0,1,0.000004500,0.000004500,0.0000,1,0.006869
Instances/Instances 1/pr152_01.gt,151,100.0,86400.0,PTVRP_LINEAR,638703.0,10,0.000006200,0.000006200,0.0000,1,0.006744
Instances/Instances 1/pr152_02.gt,151,200.0,86400.0,PTVRP_LINEAR,399464.0,6,0.000006500,0.000006500,0.0000,1,0.007914
Instances/Instances 1/pr152_03.gt,151,500.0,86400.0,PTVRP_LINEAR,205448.0,5,0.000005500,0.000005500,0.0000,1,0.007577
Instances/Instances 1/pr152_04.gt,151,1000.0,86400.0,PTVRP_LINEAR,163455.0,3,0.000005300,0.000005300,0.0000,1,0.006596
Instances/Instances 1/pr152_05.gt,151,2000.0,86400.0,PTVRP_LINEAR,89575.0,2,0.000005200,0.000005200,0.0000,1,0.007095
Instances/Instances 1/pr152_06.gt,151,5000.0,86400.0,PTVRP_LINEAR,89575.0,2,0.000005100,0.000005100,0.0000,1,0.006458
Instances/Instances 1/pr152_07.gt,151,10000.0,86400.0,PTVRP_LINEAR,89575.0,2,0.000004900,0.000004900,0.0000,1,0.005378
Instances/Instances 1/pr152_08.gt,151,20000.0,86400.0,PTVRP_LINEAR,89575.0,2,0.000005100,0.000005100,0.0000,1,0.005613
Instances/Instances 1/pr152_09.gt,151,50000.0,86400.0,PTVRP_LINEAR,89575.0,2,0.000004900,0.000004900,0.0000,1,0.005583
Instances/Instances 1/pr152_10.gt,151,100000.0,86400.0,PTVRP_LINEAR,89575.0,2,0.000005200,0.000005200,0.0000,1,0.006353
Instances/Instances 1/pr226_01.gt,225,100.0,86400.0,PTVRP_LINEAR,926803.0,15,0.000009100,0.000009100,0.0000,1,0.005079
Instances/Instances 1/pr226_02.gt,225,200.0,86400.0,PTVRP_LINEAR,574301.0,9,0.000007900,0.000007900,0.0000,1,0.004667
Instances/Instances 1/pr226_03.gt,225,500.0,86400.0,PTVRP_LINEAR,308747.0,5,0.000007700,0.000007700,0.0000,1,0.005729
Instances/Instances 1/pr226_04.gt,225,1000.0,86400.0,PTVRP_LINEAR,194295.0,5,0.000006400,0.000006400,0.0000,1,0.005812
Instances/Instances 1/pr226_05.gt,225,2000.0,86400.0,PTVRP_LINEAR,147174.0,3,0.000006700,0.000006700,0.0000,1,0.006279
Instances/Instances 1/pr226_06.gt,225,5000.0,86400.0,PTVRP_LINEAR,97856.0,2,0.000006400,0.000006400,0.0000,1,0.006048
Instances/Instances 1/pr226_07.gt,225,10000.0,86400.0,PTVRP_LINEAR,97856.0,2,0.000006400,0.000006400,0.0000,1,0.005917
Instances/Instances 1/pr226_08.gt,225,20000.0,86400.0,PTVRP_LINEAR,97856.0,2,0.000006600,0.000006600,0.0000,1,0.006084
Instances/Instances 1/pr226_09.gt,225,50000.0,86400.0,PTVRP_LINEAR,97856.0,2,0.000006200,0.000006200,0.0000,1,0.005037
Instances/Instances 1/pr226_10.gt,225,100000.0,86400.0,PTVRP_LINEAR,97856.0,2,0.000006400,0.000006400,0.0000,1,0.005316
Instances/Instances 1/pr2392_01.gt,2391,100.0,86400.0,PTVRP_LINEAR,7773021.0,108,0.000094200,0.000094200,0.0000,1,0.006862
Instances/Instances 1/pr2392_02.gt,2391,200.0,86400.0,PTVRP_LINEAR,4757785.0,62,0.000091300,0.000091300,0.0000,1,0.006081
Instances/Instances 1/pr2392_03.gt,2391,500.0,86400.0,PTVRP_LINEAR,2469725.0,37,0.000088700,0.000088700,0.0000,1,0.006702
Instances/Instances 1/pr2392_04.gt,2391,1000.0,86400.0,PTVRP_LINEAR,1612860.0,24,0.000085600,0.000085600,0.0000,1,0.007166
Instances/Instances 1/pr2392_05.gt,2391,2000.0,86400.0,PTVRP_LINEAR,976629.0,18,0.000081700,0.000081700,0.0000,1,0.009393
Instances/Instances 1/pr2392_06.gt,2391,5000.0,86400.0,PTVRP_LINEAR,484554.0,14,0.000074200,0.000074200,0.0000,1,0.00861
Instances/Instances 1/pr2392_07.gt,2391,10000.0,86400.0,PTVRP_LINEAR,422099.0,8,0.000073900,0.000073900,0.0000,1,0.008577
Instances/Instances 1/pr2392_08.gt,2391,20000.0,86400.0,PTVRP_LINEAR,410093.0,6,0.000073600,0.000073600,0.0000,1,0.008398
Instances/Instances 1/pr2392_09.gt,2391,50000.0,86400.0,PTVRP_LINEAR,410093.0,6,0.000074000,0.000074000,0.0000,1,0.007302
Instances/Instances 1/pr2392_10.gt,2391,100000.0,86400.0,PTVRP_LINEAR,410093.0,6,0.000073400,0.000073400,0.0000,1,0.006527
Instances/Instances 1/pr264_01.gt,263,100.0,86400.0,PTVRP_LINEAR,726852.0,10,0.000010200,0.000010200,0.0000,1,0.006359
Instances/Instances 1/pr264_02.gt,263,200.0,86400.0,PTVRP_LINEAR,483285.0,8,0.000009500,0.000009500,0.0000,1,0.006476
Instances/Instances 1/pr264_03.gt,263,500.0,86400.0,PTVRP_LINEAR,269489.0,5,0.000008000,0.000008000,0.0000,1,0.006637
Instances/Instances 1/pr264_04.gt,263,1000.0,86400.0,PTVRP_LINEAR,181567.0,3,0.000008500,0.000008500,0.0000,1,0.007593
Instances/Instances 1/pr264_05.gt,263,2000.0,86400.0,PTVRP_LINEAR,107412.0,2,0.000008000,0.000008000,0.0000,1,0.005745
Instances/Instances 1/pr264_06.gt,263,5000.0,86400.0,PTVRP_LINEAR,53706.0,2,0.000007200,0.000007200,0.0000,1,0.007626
Instances/Instances 1/pr264_07.gt,263,10000.0,86400.0,PTVRP_LINEAR,50874.0,1,0.000007100,0.000007100,0.0000,1,0.006852
Instances/Instances 1/pr264_08.gt,263,20000.0,86400.0,PTVRP_LINEAR,50874.0,1,0.000007100,0.000007100,0.0000,1,0.006183
Instances/Instances 1/pr264_09.gt,263,50000.0,86400.0,PTVRP_LINEAR,50874.0,1,0.000007200,0.000007200,0.0000,1,0.006036
Instances/Instances 1/pr264_10.gt,263,100000.0,86400.0,PTVRP_LINEAR,50874.0,1,0.000007400,0.000007400,0.0000,1,0.005246
Instances/Instances 1/pr299_01.gt,298,100.0,86400.0,PTVRP_LINEAR,607591.0,10,0.000010800,0.000010800,0.0000,1,0.005708
Instances/Instances 1/pr299_02.gt,298,200.0,86400.0,PTVRP_LINEAR,425133.0,8,0.000010500,0.000010500,0.0000,1,0.004632
Instances/Instances 1/pr299_03.gt,298,500.0,86400.0,PTVRP_LINEAR,233233.0,5,0.000010700,0.000010700,0.0000,1,0.006014
Instances/Instances 1/pr299_04.gt,298,1000.0,86400.0,PTVRP_LINEAR,149819.0,4,0.000011800,0.000011800,0.0000,1,0.005621
Instances/Instances 1/pr299_05.gt,298,2000.0,86400.0,PTVRP_LINEAR,104148.0,3,0.000008600,0.000008600,0.0000,1,0.006045
Instances/Instances 1/pr299_06.gt,298,5000.0,86400.0,PTVRP_LINEAR,54833.0,2,0.000008700,0.000008700,0.0000,1,0.006837
Instances/Instances 1/pr299_07.gt,298,10000.0,86400.0,PTVRP_LINEAR,54703.0,1,0.000008500,0.000008500,0.0000,1,0.006142
Instances/Instances 1/pr299_08.gt,298,20000.0,86400.0,PTVRP_LINEAR,54703.0,1,0.000008500,0.000008500,0.0000,1,0.005704
Instances/Instances 1/pr299_09.gt,298,50000.0,86400.0,PTVRP_LINEAR,54703.0,1,0.000008500,0.000008500,0.0000,1,0.005901
Instances/Instances 1/pr299_10.gt,298,100000.0,86400.0,PTVRP_LINEAR,54703.0,1,0.000008500,0.000008500,0.0000,1,0.006438
Instances/Instances 1/pr439_01.gt,438,100.0,86400.0,PTVRP_LINEAR,1238858.0,19,0.000015800,0.000015800,0.0000,1,0.006695
Instances/Instances 1/pr439_02.gt,438,200.0,86400.0,PTVRP_LINEAR,819985.0,14,0.000015400,0.000015400,0.0000,1,0.006056
Instances/Instances 1/pr439_03.gt,438,500.0,86400.0,PTVRP_LINEAR,409906.0,10,0.000012800,0.000012800,0.0000,1,0.005138
Instances/Instances 1/pr439_04.gt,438,1000.0,86400.0,PTVRP_LINEAR,300340.0,6,0.000012600,0.000012600,0.0000,1,0.006356
Instances/Instances 1/pr439_05.gt,438,2000.0,86400.0,PTVRP_LINEAR,184533.0,5,0.000012900,0.000012900,0.0000,1,0.005601
Instances/Instances 1/pr439_06.gt,438,5000.0,86400.0,PTVRP_LINEAR,119090.0,3,0.000012700,0.000012700,0.0000,1,0.006887
Instances/Instances 1/pr439_07.gt,438,10000.0,86400.0,PTVRP_LINEAR,117489.0,2,0.000012200,0.000012200,0.0000,1,0.006522
Instances/Instances 1/pr439_08.gt,438,20000.0,86400.0,PTVRP_LINEAR,117489.0,2,0.000012300,0.000012300,0.0000,1,0.006006
Instances/Instances 1/pr439_09.gt,438,50000.0,86400.0,PTVRP_LINEAR,117489.0,2,0.000012300,0.000012300,0.0000,1,0.006151
Instances/Instances 1/pr439_10.gt,438,100000.0,86400.0,PTVRP_LINEAR,117489.0,2,0.000012500,0.000012500,0.0000,1,0.006087
Instances/Instances 1/pr76_01.gt,75,100.0,86400.0,PTVRP_LINEAR,479837.0,9,0.000003400,0.000003400,0.0000,1,0.005272
Instances/Instances 1/pr76_02.gt,75,200.0,86400.0,PTVRP_LINEAR,336440.0,5,0.000003200,0.000003200,0.0000,1,0.005653
Instances/Instances 1/pr76_03.gt,75,500.0,86400.0,PTVRP_LINEAR,151632.0,5,0.000002900,0.000002900,0.0000,1,0.004927
Instances/Instances 1/pr76_04.gt,75,1000.0,86400.0,PTVRP_LINEAR,124689.0,2,0.000002700,0.000002700,0.0000,1,0.005692
Instances/Instances 1/pr76_05.gt,75,2000.0,86400.0,PTVRP_LINEAR,124689.0,2,0.000002700,0.000002700,0.0000,1,0.005426
Instances/Instances 1/pr76_06.gt,75,5000.0,86400.0,PTVRP_LINEAR,124689.0,2,0.000002700,0.000002700,0.0000,1,0.005448
Instances/Instances 1/pr76_07.gt,75,10000.0,86400.0,PTVRP_LINEAR,124689.0,2,0.000002600,0.000002600,0.0000,1,0.005747
Instances/Instances 1/pr76_08.gt,75,20000.0,86400.0,PTVRP_LINEAR,124689.0,2,0.000002600,0.000002600,0.0000,1,0.006046
Instances/Instances 1/pr76_09.gt,75,50000.0,86400.0,PTVRP_LINEAR,124689.0,2,0.000003000,0.000003000,0.0000,1,0.005286
Instances/Instances 1/pr76_10.gt,75,100000.0,86400.0,PTVRP_LINEAR,124689.0,2,0.000002800,0.000002800,0.0000,1,0.006309
Instances/Instances 1/qa194_01.gt,193,100.0,86400.0,PTVRP_LINEAR,199829.0,3,0.000006900,0.000006900,0.0000,1,0.005435
Instances/Instances 1/qa194_02.gt,193,200.0,86400.0,PTVRP_LINEAR,124450.0,3,0.000006400,0.000006400,0.0000,1,0.00547
Instances/Instances 1/qa194_03.gt,193,500.0,86400.0,PTVRP_LINEAR,79054.0,2,0.000005200,0.000005200,0.0000,1,0.005055
Instances/Instances 1/qa194_04.gt,193,1000.0,86400.0,PTVRP_LINEAR,52345.0,1,0.000005100,0.000005100,0.0000,1,0.006368
Instances/Instances 1/qa194_05.gt,193,2000.0,86400.0,PTVRP_LINEAR,31407.0,1,0.000005600,0.000005600,0.0000,1,0.005557
Instances/Instances 1/qa194_06.gt,193,5000.0,86400.0,PTVRP_LINEAR,20938.0,1,0.000006200,0.000006200,0.0000,1,0.005505
Instances/Instances 1/qa194_07.gt,193,10000.0,86400.0,PTVRP_LINEAR,10469.0,1,0.000006000,0.000006000,0.0000,1,0.006127
Instances/Instances 1/qa194_08.gt,193,20000.0,86400.0,PTVRP_LINEAR,10469.0,1,0.000006600,0.000006600,0.0000,1,0.007067
Instances/Instances 1/qa194_09.gt,193,50000.0,86400.0,PTVRP_LINEAR,10469.0,1,0.000005900,0.000005900,0.0000,1,0.005349
Instances/Instances 1/qa194_10.gt,193,100000.0,86400.0,PTVRP_LINEAR,10469.0,1,0.000006000,0.000006000,0.0000,1,0.005754
Instances/Instances 1/rat195_01.gt,194,100.0,86400.0,PTVRP_LINEAR,93043.0,2,0.000005000,0.000005000,0.0000,1,0.005461
Instances/Instances 1/rat195_02.gt,194,200.0,86400.0,PTVRP_LINEAR,64525.0,1,0.000004300,0.000004300,0.0000,1,0.00553
Instances/Instances 1/rat195_03.gt,194,500.0,86400.0,PTVRP_LINEAR,28391.0,1,0.000004900,0.000004900,0.0000,1,0.005417
Instances/Instances 1/rat195_04.gt,194,1000.0,86400.0,PTVRP_LINEAR,12905.0,1,0.000005400,0.000005400,0.0000,1,0.005383
Instances/Instances 1/rat195_05.gt,194,2000.0,86400.0,PTVRP_LINEAR,7743.0,1,0.000005600,0.000005600,0.0000,1,0.004803
Instances/Instances 1/rat195_06.gt,194,5000.0,86400.0,PTVRP_LINEAR,2581.0,1,0.000006100,0.000006100,0.0000,1,0.006254
Instances/Instances 1/rat195_07.gt,194,10000.0,86400.0,PTVRP_LINEAR,2581.0,1,0.000006400,0.000006400,0.0000,1,0.006735
Instances/Instances 1/rat195_08.gt,194,20000.0,86400.0,PTVRP_LINEAR,2581.0,1,0.000006500,0.000006500,0.0000,1,0.005869
Instances/Instances 1/rat195_09.gt,194,50000.0,86400.0,PTVRP_LINEAR,2581.0,1,0.000006800,0.000006800,0.0000,1,0.006444
Instances/Instances 1/rat195_10.gt,194,100000.0,86400.0,PTVRP_LINEAR,2581.0,1,0.000006300,0.000006300,0.0000,1,0.005762
Instances/Instances 1/rat575_01.gt,574,100.0,86400.0,PTVRP_LINEAR,308986.0,4,0.000019100,0.000019100,0.0000,1,0.006314
Instances/Instances 1/rat575_02.gt,574,200.0,86400.0,PTVRP_LINEAR,201402.0,3,0.000018500,0.000018500,0.0000,1,0.006205
Instances/Instances 1/rat575_03.gt,574,500.0,86400.0,PTVRP_LINEAR,115150.0,2,0.000016100,0.000016100,0.0000,1,0.005638
Instances/Instances 1/rat575_04.gt,574,1000.0,86400.0,PTVRP_LINEAR,85773.0,2,0.000013400,0.000013400,0.0000,1,0.007684
Instances/Instances 1/rat575_05.gt,574,2000.0,86400.0,PTVRP_LINEAR,58120.0,1,0.000013300,0.000013300,0.0000,1,0.007379
Instances/Instances 1/rat575_06.gt,574,5000.0,86400.0,PTVRP_LINEAR,21795.0,1,0.000014800,0.000014800,0.0000,1,0.007592
Instances/Instances 1/rat575_07.gt,574,10000.0,86400.0,PTVRP_LINEAR,14530.0,1,0.000016000,0.000016000,0.0000,1,0.006509
Instances/Instances 1/rat575_08.gt,574,20000.0,86400.0,PTVRP_LINEAR,7265.0,1,0.000016400,0.000016400,0.0000,1,0.006597
Instances/Instances 1/rat575_09.gt,574,50000.0,86400.0,PTVRP_LINEAR,7265.0,1,0.000016800,0.000016800,0.0000,1,0.005409
Instances/Instances 1/rat575_10.gt,574,100000.0,86400.0,PTVRP_LINEAR,7265.0,1,0.000017100,0.000017100,0.0000,1,0.006554
Instances/Instances 1/rat783_01.gt,782,100.0,86400.0,PTVRP_LINEAR,378793.0,6,0.000024900,0.000024900,0.0000,1,0.007436
Instances/Instances 1/rat783_02.gt,782,200.0,86400.0,PTVRP_LINEAR,266375.0,4,0.000024700,0.000024700,0.0000,1,0.006657
Instances/Instances 1/rat783_03.gt,782,500.0,86400.0,PTVRP_LINEAR,171548.0,3,0.000023300,0.000023300,0.0000,1,0.006704
Instances/Instances 1/rat783_04.gt,782,1000.0,86400.0,PTVRP_LINEAR,103861.0,2,0.000020900,0.000020900,0.0000,1,0.00622
Instances/Instances 1/rat783_05.gt,782,2000.0,86400.0,PTVRP_LINEAR,86067.0,2,0.000017400,0.000017400,0.0000,1,0.007132
Instances/Instances 1/rat783_06.gt,782,5000.0,86400.0,PTVRP_LINEAR,37556.0,1,0.000019500,0.000019500,0.0000,1,0.006552
Instances/Instances 1/rat783_07.gt,782,10000.0,86400.0,PTVRP_LINEAR,15232.0,2,0.000021800,0.000021800,0.0000,1,0.006167
Instances/Instances 1/rat783_08.gt,782,20000.0,86400.0,PTVRP_LINEAR,9389.0,2,0.000022500,0.000022500,0.0000,1,0.007188
Instances/Instances 1/rat783_09.gt,782,50000.0,86400.0,PTVRP_LINEAR,9389.0,2,0.000021900,0.000021900,0.0000,1,0.008987
Instances/Instances 1/rat783_10.gt,782,100000.0,86400.0,PTVRP_LINEAR,9389.0,2,0.000022500,0.000022500,0.0000,1,0.009172
Instances/Instances 1/rat99_01.gt,98,100.0,86400.0,PTVRP_LINEAR,32085.0,1,0.000003500,0.000003500,0.0000,1,0.007808
Instances/Instances 1/rat99_02.gt,98,200.0,86400.0,PTVRP_LINEAR,16740.0,1,0.000002500,0.000002500,0.0000,1,0.006895
Instances/Instances 1/rat99_03.gt,98,500.0,86400.0,PTVRP_LINEAR,8370.0,1,0.000002800,0.000002800,0.0000,1,0.006588
Instances/Instances 1/rat99_04.gt,98,1000.0,86400.0,PTVRP_LINEAR,4185.0,1,0.000003200,0.000003200,0.0000,1,0.00716
Instances/Instances 1/rat99_05.gt,98,2000.0,86400.0,PTVRP_LINEAR,2790.0,1,0.000003300,0.000003300,0.0000,1,0.006969
Instances/Instances 1/rat99_06.gt,98,5000.0,86400.0,PTVRP_LINEAR,1395.0,1,0.000003100,0.000003100,0.0000,1,0.00718
Instances/Instances 1/rat99_07.gt,98,10000.0,86400.0,PTVRP_LINEAR,1395.0,1,0.000003100,0.000003100,0.0000,1,0.006777
Instances/Instances 1/rat99_08.gt,98,20000.0,86400.0,PTVRP_LINEAR,1395.0,1,0.000003300,0.000003300,0.0000,1,0.005983
Instances/Instances 1/rat99_09.gt,98,50000.0,86400.0,PTVRP_LINEAR,1395.0,1,0.000003100,0.000003100,0.0000,1,0.006947
Instances/Instances 1/rat99_10.gt,98,100000.0,86400.0,PTVRP_LINEAR,1395.0,1,0.000003300,0.000003300,0.0000,1,0.007209
Instances/Instances 1/rd100_01.gt,99,100.0,86400.0,PTVRP_LINEAR,113656.0,2,0.000003500,0.000003500,0.0000,1,0.006071
Instances/Instances 1/rd100_02.gt,99,200.0,86400.0,PTVRP_LINEAR,82220.0,2,0.000003400,0.000003400,0.0000,1,0.006272
Instances/Instances 1/rd100_03.gt,99,500.0,86400.0,PTVRP_LINEAR,53802.0,1,0.000003100,0.000003100,0.0000,1,0.005964
Instances/Instances 1/rd100_04.gt,99,1000.0,86400.0,PTVRP_LINEAR,26901.0,1,0.000003100,0.000003100,0.0000,1,0.006188
Instances/Instances 1/rd100_05.gt,99,2000.0,86400.0,PTVRP_LINEAR,17934.0,1,0.000003400,0.000003400,0.0000,1,0.005335
Instances/Instances 1/rd100_06.gt,99,5000.0,86400.0,PTVRP_LINEAR,8967.0,2,0.000003500,0.000003500,0.0000,1,0.005622
Instances/Instances 1/rd100_07.gt,99,10000.0,86400.0,PTVRP_LINEAR,8967.0,2,0.000003500,0.000003500,0.0000,1,0.005583
Instances/Instances 1/rd100_08.gt,99,20000.0,86400.0,PTVRP_LINEAR,8967.0,2,0.000003300,0.000003300,0.0000,1,0.005025
Instances/Instances 1/rd100_09.gt,99,50000.0,86400.0,PTVRP_LINEAR,8967.0,2,0.000003300,0.000003300,0.0000,1,0.005401
Instances/Instances 1/rd100_10.gt,99,100000.0,86400.0,PTVRP_LINEAR,8967.0,2,0.000003300,0.000003300,0.0000,1,0.005266
Instances/Instances 1/rd400_01.gt,399,100.0,86400.0,PTVRP_LINEAR,366336.0,5,0.000013900,0.000013900,0.0000,1,0.005384
Instances/Instances 1/rd400_02.gt,399,200.0,86400.0,PTVRP_LINEAR,252106.0,4,0.000013200,0.000013200,0.0000,1,0.00567
Instances/Instances 1/rd400_03.gt,399,500.0,86400.0,PTVRP_LINEAR,156952.0,3,0.000012800,0.000012800,0.0000,1,0.007432
Instances/Instances 1/rd400_04.gt,399,1000.0,86400.0,PTVRP_LINEAR,92011.0,2,0.000011300,0.000011300,0.0000,1,0.006749
Instances/Instances 1/rd400_05.gt,399,2000.0,86400.0,PTVRP_LINEAR,74401.0,2,0.000010700,0.000010700,0.0000,1,0.006067
Instances/Instances 1/rd400_06.gt,399,5000.0,86400.0,PTVRP_LINEAR,45948.0,1,0.000011400,0.000011400,0.0000,1,0.006631
Instances/Instances 1/rd400_07.gt,399,10000.0,86400.0,PTVRP_LINEAR,30632.0,1,0.000012100,0.000012100,0.0000,1,0.007044
Instances/Instances 1/rd400_08.gt,399,20000.0,86400.0,PTVRP_LINEAR,15316.0,1,0.000012100,0.000012100,0.0000,1,0.006596
Instances/Instances 1/rd400_09.gt,399,50000.0,86400.0,PTVRP_LINEAR,15316.0,1,0.000012400,0.000012400,0.0000,1,0.007107
Instances/Instances 1/rd400_10.gt,399,100000.0,86400.0,PTVRP_LINEAR,15316.0,1,0.000012100,0.000012100,0.0000,1,0.006707
Instances/Instances 1/rl11849_01.gt,11848,100.0,86400.0,PTVRP_LINEAR,38768037.0,514,0.000485400,0.000485400,0.0000,1,0.01597
Instances/Instances 1/rl11849_02.gt,11848,200.0,86400.0,PTVRP_LINEAR,21454424.0,291,0.000474000,0.000474000,0.0000,1,0.016703
Instances/Instances 1/rl11849_03.gt,11848,500.0,86400.0,PTVRP_LINEAR,10425479.0,153,0.000453100,0.000453100,0.0000,1,0.014747
Instances/Instances 1/rl11849_04.gt,11848,1000.0,86400.0,PTVRP_LINEAR,6232886.0,97,0.000442000,0.000442000,0.0000,1,0.016275
Instances/Instances 1/rl11849_05.gt,11848,2000.0,86400.0,PTVRP_LINEAR,3997652.0,62,0.000410100,0.000410100,0.0000,1,0.014788
Instances/Instances 1/rl11849_06.gt,11848,5000.0,86400.0,PTVRP_LINEAR,2385449.0,34,0.000421600,0.000421600,0.0000,1,0.016175
Instances/Instances 1/rl11849_07.gt,11848,10000.0,86400.0,PTVRP_LINEAR,1240436.0,34,0.000387700,0.000387700,0.0000,1,0.016146
Instances/Instances 1/rl11849_08.gt,11848,20000.0,86400.0,PTVRP_LINEAR,1024038.0,19,0.000387100,0.000387100,0.0000,1,0.015033
Instances/Instances 1/rl11849_09.gt,11848,50000.0,86400.0,PTVRP_LINEAR,994667.0,14,0.000378200,0.000378200,0.0000,1,0.015492
Instances/Instances 1/rl11849_10.gt,11848,100000.0,86400.0,PTVRP_LINEAR,994667.0,14,0.000380400,0.000380400,0.0000,1,0.013263
Instances/Instances 1/rl1304_01.gt,1303,100.0,86400.0,PTVRP_LINEAR,4812179.0,66,0.000049300,0.000049300,0.0000,1,0.00843
Instances/Instances 1/rl1304_02.gt,1303,200.0,86400.0,PTVRP_LINEAR,2744359.0,44,0.000044400,0.000044400,0.0000,1,0.007987
Instances/Instances 1/rl1304_03.gt,1303,500.0,86400.0,PTVRP_LINEAR,1472597.0,22,0.000042400,0.000042400,0.0000,1,0.007975
Instances/Instances 1/rl1304_04.gt,1303,1000.0,86400.0,PTVRP_LINEAR,841691.0,19,0.000037300,0.000037300,0.0000,1,0.007569
Instances/Instances 1/rl1304_05.gt,1303,2000.0,86400.0,PTVRP_LINEAR,611220.0,10,0.000037300,0.000037300,0.0000,1,0.007006
Instances/Instances 1/rl1304_06.gt,1303,5000.0,86400.0,PTVRP_LINEAR,299168.0,8,0.000035900,0.000035900,0.0000,1,0.007547
Instances/Instances 1/rl1304_07.gt,1303,10000.0,86400.0,PTVRP_LINEAR,279685.0,5,0.000035000,0.000035000,0.0000,1,0.007878
Instances/Instances 1/rl1304_08.gt,1303,20000.0,86400.0,PTVRP_LINEAR,277708.0,5,0.000034600,0.000034600,0.0000,1,0.007305
Instances/Instances 1/rl1304_09.gt,1303,50000.0,86400.0,PTVRP_LINEAR,277708.0,5,0.000035400,0.000035400,0.0000,1,0.007159
Instances/Instances 1/rl1304_10.gt,1303,100000.0,86400.0,PTVRP_LINEAR,277708.0,5,0.000035100,0.000035100,0.0000,1,0.008438
Instances/Instances 1/rl1323_01.gt,1322,100.0,86400.0,PTVRP_LINEAR,5170894.0,73,0.000047100,0.000047100,0.0000,1,0.007861
Instances/Instances 1/rl1323_02.gt,1322,200.0,86400.0,PTVRP_LINEAR,2947502.0,42,0.000046600,0.000046600,0.0000,1,0.007294
Instances/Instances 1/rl1323_03.gt,1322,500.0,86400.0,PTVRP_LINEAR,1486426.0,25,0.000041800,0.000041800,0.0000,1,0.00682
Instances/Instances 1/rl1323_04.gt,1322,1000.0,86400.0,PTVRP_LINEAR,931620.0,18,0.000039600,0.000039600,0.0000,1,0.005526
Instances/Instances 1/rl1323_05.gt,1322,2000.0,86400.0,PTVRP_LINEAR,607554.0,13,0.000036200,0.000036200,0.0000,1,0.007111
Instances/Instances 1/rl1323_06.gt,1322,5000.0,86400.0,PTVRP_LINEAR,336828.0,9,0.000037000,0.000037000,0.0000,1,0.00714
Instances/Instances 1/rl1323_07.gt,1322,10000.0,86400.0,PTVRP_LINEAR,305210.0,5,0.000035100,0.000035100,0.0000,1,0.006508
Instances/Instances 1/rl1323_08.gt,1322,20000.0,86400.0,PTVRP_LINEAR,305210.0,5,0.000035100,0.000035100,0.0000,1,0.006419
Instances/Instances 1/rl1323_09.gt,1322,50000.0,86400.0,PTVRP_LINEAR,305210.0,5,0.000036800,0.000036800,0.0000,1,0.006935
Instances/Instances 1/rl1323_10.gt,1322,100000.0,86400.0,PTVRP_LINEAR,305210.0,5,0.000035300,0.000035300,0.0000,1,0.005416
Instances/Instances 1/rl1889_01.gt,1888,100.0,86400.0,PTVRP_LINEAR,7243732.0,102,0.000067300,0.000067300,0.0000,1,0.007537
Instances/Instances 1/rl1889_02.gt,1888,200.0,86400.0,PTVRP_LINEAR,4138642.0,59,0.000065600,0.000065600,0.0000,1,0.00679
Instances/Instances 1/rl1889_03.gt,1888,500.0,86400.0,PTVRP_LINEAR,2116157.0,33,0.000060700,0.000060700,0.0000,1,0.007637
Instances/Instances 1/rl1889_04.gt,1888,1000.0,86400.0,PTVRP_LINEAR,1268716.0,25,0.000054200,0.000054200,0.0000,1,0.007443
Instances/Instances 1/rl1889_05.gt,1888,2000.0,86400.0,PTVRP_LINEAR,889142.0,14,0.000059000,0.000059000,0.0000,1,0.008512
Instances/Instances 1/rl1889_06.gt,1888,5000.0,86400.0,PTVRP_LINEAR,408824.0,11,0.000051600,0.000051600,0.0000,1,0.008278
Instances/Instances 1/rl1889_07.gt,1888,10000.0,86400.0,PTVRP_LINEAR,359202.0,6,0.000051600,0.000051600,0.0000,1,0.009294
Instances/Instances 1/rl1889_08.gt,1888,20000.0,86400.0,PTVRP_LINEAR,351630.0,6,0.000049700,0.000049700,0.0000,1,0.006835
Instances/Instances 1/rl1889_09.gt,1888,50000.0,86400.0,PTVRP_LINEAR,351630.0,6,0.000050900,0.000050900,0.0000,1,0.00703
Instances/Instances 1/rl1889_10.gt,1888,100000.0,86400.0,PTVRP_LINEAR,351630.0,6,0.000052000,0.000052000,0.0000,1,0.007071
Instances/Instances 1/rl5915_01.gt,5914,100.0,86400.0,PTVRP_LINEAR,19424072.0,261,0.000247300,0.000247300,0.0000,1,0.0101
Instances/Instances 1/rl5915_02.gt,5914,200.0,86400.0,PTVRP_LINEAR,10939077.0,151,0.000240200,0.000240200,0.0000,1,0.010739
Instances/Instances 1/rl5915_03.gt,5914,500.0,86400.0,PTVRP_LINEAR,5359434.0,81,0.000220700,0.000220700,0.0000,1,0.00973
Instances/Instances 1/rl5915_04.gt,5914,1000.0,86400.0,PTVRP_LINEAR,3230036.0,54,0.000209900,0.000209900,0.0000,1,0.008566
Instances/Instances 1/rl5915_05.gt,5914,2000.0,86400.0,PTVRP_LINEAR,2068021.0,37,0.000197100,0.000197100,0.0000,1,0.00835
Instances/Instances 1/rl5915_06.gt,5914,5000.0,86400.0,PTVRP_LINEAR,1308119.0,21,0.000197100,0.000197100,0.0000,1,0.009414
Instances/Instances 1/rl5915_07.gt,5914,10000.0,86400.0,PTVRP_LINEAR,687307.0,18,0.000196900,0.000196900,0.0000,1,0.010565
Instances/Instances 1/rl5915_08.gt,5914,20000.0,86400.0,PTVRP_LINEAR,624324.0,10,0.000193100,0.000193100,0.0000,1,0.008064
Instances/Instances 1/rl5915_09.gt,5914,50000.0,86400.0,PTVRP_LINEAR,616974.0,8,0.000189800,0.000189800,0.0000,1,0.011189
Instances/Instances 1/rl5915_10.gt,5914,100000.0,86400.0,PTVRP_LINEAR,616974.0,8,0.000190500,0.000190500,0.0000,1,0.009601
Instances/Instances 1/rl5934_01.gt,5933,100.0,86400.0,PTVRP_LINEAR,19591645.0,258,0.000246300,0.000246300,0.0000,1,0.009463
Instances/Instances 1/rl5934_02.gt,5933,200.0,86400.0,PTVRP_LINEAR,10760416.0,152,0.000235200,0.000235200,0.0000,1,0.008603
Instances/Instances 1/rl5934_03.gt,5933,500.0,86400.0,PTVRP_LINEAR,5380046.0,75,0.000227900,0.000227900,0.0000,1,0.010665
Instances/Instances 1/rl5934_04.gt,5933,1000.0,86400.0,PTVRP_LINEAR,3235794.0,53,0.000248100,0.000248100,0.0000,1,0.010584
Instances/Instances 1/rl5934_05.gt,5933,2000.0,86400.0,PTVRP_LINEAR,2025707.0,38,0.000199600,0.000199600,0.0000,1,0.009278
Instances/Instances 1/rl5934_06.gt,5933,5000.0,86400.0,PTVRP_LINEAR,1333361.0,20,0.000222800,0.000222800,0.0000,1,0.009102
Instances/Instances 1/rl5934_07.gt,5933,10000.0,86400.0,PTVRP_LINEAR,687496.0,19,0.000197100,0.000197100,0.0000,1,0.009783
Instances/Instances 1/rl5934_08.gt,5933,20000.0,86400.0,PTVRP_LINEAR,613159.0,9,0.000198900,0.000198900,0.0000,1,0.011803
Instances/Instances 1/rl5934_09.gt,5933,50000.0,86400.0,PTVRP_LINEAR,610282.0,9,0.000190100,0.000190100,0.0000,1,0.010076
Instances/Instances 1/rl5934_10.gt,5933,100000.0,86400.0,PTVRP_LINEAR,610282.0,9,0.000201200,0.000201200,0.0000,1,0.010509
Instances/Instances 1/rw1621_01.gt,1620,100.0,86400.0,PTVRP_LINEAR,1056658.0,18,0.000053000,0.000053000,0.0000,1,0.007824
Instances/Instances 1/rw1621_02.gt,1620,200.0,86400.0,PTVRP_LINEAR,719225.0,11,0.000048900,0.000048900,0.0000,1,0.00719
Instances/Instances 1/rw1621_03.gt,1620,500.0,86400.0,PTVRP_LINEAR,430986.0,7,0.000047400,0.000047400,0.0000,1,0.007047
Instances/Instances 1/rw1621_04.gt,1620,1000.0,86400.0,PTVRP_LINEAR,315163.0,5,0.000048200,0.000048200,0.0000,1,0.007408
Instances/Instances 1/rw1621_05.gt,1620,2000.0,86400.0,PTVRP_LINEAR,218090.0,3,0.000045400,0.000045400,0.0000,1,0.007428
Instances/Instances 1/rw1621_06.gt,1620,5000.0,86400.0,PTVRP_LINEAR,130928.0,2,0.000042900,0.000042900,0.0000,1,0.008818
Instances/Instances 1/rw1621_07.gt,1620,10000.0,86400.0,PTVRP_LINEAR,92116.0,2,0.000042100,0.000042100,0.0000,1,0.007765
Instances/Instances 1/rw1621_08.gt,1620,20000.0,86400.0,PTVRP_LINEAR,82254.0,1,0.000042000,0.000042000,0.0000,1,0.008181
Instances/Instances 1/rw1621_09.gt,1620,50000.0,86400.0,PTVRP_LINEAR,27418.0,1,0.000044700,0.000044700,0.0000,1,0.007685
Instances/Instances 1/rw1621_10.gt,1620,100000.0,86400.0,PTVRP_LINEAR,27418.0,1,0.000054100,0.000054100,0.0000,1,0.007603
Instances/Instances 1/st70_01.gt,69,100.0,86400.0,PTVRP_LINEAR,12480.0,1,0.000002400,0.000002400,0.0000,1,0.007905
Instances/Instances 1/st70_02.gt,69,200.0,86400.0,PTVRP_LINEAR,7020.0,1,0.000002200,0.000002200,0.0000,1,0.007337
Instances/Instances 1/st70_03.gt,69,500.0,86400.0,PTVRP_LINEAR,3120.0,1,0.000002900,0.000002900,0.0000,1,0.006624
Instances/Instances 1/st70_04.gt,69,1000.0,86400.0,PTVRP_LINEAR,1560.0,1,0.000002900,0.000002900,0.0000,1,0.007073
Instances/Instances 1/st70_05.gt,69,2000.0,86400.0,PTVRP_LINEAR,780.0,1,0.000002900,0.000002900,0.0000,1,0.007648
Instances/Instances 1/st70_06.gt,69,5000.0,86400.0,PTVRP_LINEAR,780.0,1,0.000002600,0.000002600,0.0000,1,0.006215
Instances/Instances 1/st70_07.gt,69,10000.0,86400.0,PTVRP_LINEAR,780.0,1,0.000002500,0.000002500,0.0000,1,0.006035
Instances/Instances 1/st70_08.gt,69,20000.0,86400.0,PTVRP_LINEAR,780.0,1,0.000002500,0.000002500,0.0000,1,0.006379
Instances/Instances 1/st70_09.gt,69,50000.0,86400.0,PTVRP_LINEAR,780.0,1,0.000002600,0.000002600,0.0000,1,0.005714
Instances/Instances 1/st70_10.gt,69,100000.0,86400.0,PTVRP_LINEAR,780.0,1,0.000003100,0.000003100,0.0000,1,0.005642
Instances/Instances 1/sw24978_01.gt,24977,100.0,86400.0,PTVRP_LINEAR,50716765.0,659,0.001072000,0.001072000,0.0000,1,0.020939
Instances/Instances 1/sw24978_02.gt,24977,200.0,86400.0,PTVRP_LINEAR,28043222.0,382,0.001035600,0.001035600,0.0000,1,0.030153
Instances/Instances 1/sw24978_03.gt,24977,500.0,86400.0,PTVRP_LINEAR,13903533.0,198,0.000976800,0.000976800,0.0000,1,0.026465
Instances/Instances 1/sw24978_04.gt,24977,1000.0,86400.0,PTVRP_LINEAR,8575081.0,129,0.000971600,0.000971600,0.0000,1,0.024336
Instances/Instances 1/sw24978_05.gt,24977,2000.0,86400.0,PTVRP_LINEAR,5458103.0,82,0.000936300,0.000936300,0.0000,1,0.025176
Instances/Instances 1/sw24978_06.gt,24977,5000.0,86400.0,PTVRP_LINEAR,3001164.0,58,0.000873200,0.000873200,0.0000,1,0.025823
Instances/Instances 1/sw24978_07.gt,24977,10000.0,86400.0,PTVRP_LINEAR,2011411.0,41,0.000848601,0.000848601,0.0000,1,0.027408
Instances/Instances 1/sw24978_08.gt,24977,20000.0,86400.0,PTVRP_LINEAR,1476988.0,26,0.000887400,0.000887400,0.0000,1,0.026196
Instances/Instances 1/sw24978_09.gt,24977,50000.0,86400.0,PTVRP_LINEAR,938916.0,16,0.000859900,0.000859900,0.0000,1,0.026874
Instances/Instances 1/sw24978_10.gt,24977,100000.0,86400.0,PTVRP_LINEAR,921494.0,13,0.000856300,0.000856300,0.0000,1,0.025465
Instances/Instances 1/ts225_01.gt,224,100.0,86400.0,PTVRP_LINEAR,1034363.0,17,0.000008900,0.000008900,0.0000,1,0.005884
Instances/Instances 1/ts225_02.gt,224,200.0,86400.0,PTVRP_LINEAR,705397.0,11,0.000008700,0.000008700,0.0000,1,0.006919
Instances/Instances 1/ts225_03.gt,224,500.0,86400.0,PTVRP_LINEAR,333014.0,8,0.000007500,0.000007500,0.0000,1,0.007033
Instances/Instances 1/ts225_04.gt,224,1000.0,86400.0,PTVRP_LINEAR,250239.0,5,0.000006600,0.000006600,0.0000,1,0.00638
Instances/Instances 1/ts225_05.gt,224,2000.0,86400.0,PTVRP_LINEAR,148763.0,4,0.000006300,0.000006300,0.0000,1,0.005692
Instances/Instances 1/ts225_06.gt,224,5000.0,86400.0,PTVRP_LINEAR,143060.0,3,0.000006300,0.000006300,0.0000,1,0.005256
Instances/Instances 1/ts225_07.gt,224,10000.0,86400.0,PTVRP_LINEAR,143060.0,3,0.000006400,0.000006400,0.0000,1,0.006197
Instances/Instances 1/ts225_08.gt,224,20000.0,86400.0,PTVRP_LINEAR,143060.0,3,0.000006300,0.000006300,0.0000,1,0.006038
Instances/Instances 1/ts225_09.gt,224,50000.0,86400.0,PTVRP_LINEAR,143060.0,3,0.000006300,0.000006300,0.0000,1,0.006547
Instances/Instances 1/ts225_10.gt,224,100000.0,86400.0,PTVRP_LINEAR,143060.0,3,0.000006000,0.000006000,0.0000,1,0.005469
Instances/Instances 1/tsp225_01.gt,224,100.0,86400.0,PTVRP_LINEAR,136206.0,2,0.000007000,0.000007000,0.0000,1,0.005311
Instances/Instances 1/tsp225_02.gt,224,200.0,86400.0,PTVRP_LINEAR,93334.0,2,0.000005800,0.000005800,0.0000,1,0.006632
Instances/Instances 1/tsp225_03.gt,224,500.0,86400.0,PTVRP_LINEAR,53016.0,1,0.000005200,0.000005200,0.0000,1,0.005842
Instances/Instances 1/tsp225_04.gt,224,1000.0,86400.0,PTVRP_LINEAR,26508.0,1,0.000005800,0.000005800,0.0000,1,0.005621
Instances/Instances 1/tsp225_05.gt,224,2000.0,86400.0,PTVRP_LINEAR,13254.0,1,0.000005900,0.000005900,0.0000,1,0.005184
Instances/Instances 1/tsp225_06.gt,224,5000.0,86400.0,PTVRP_LINEAR,8836.0,1,0.000006800,0.000006800,0.0000,1,0.00533
Instances/Instances 1/tsp225_07.gt,224,10000.0,86400.0,PTVRP_LINEAR,4418.0,1,0.000006600,0.000006600,0.0000,1,0.005592
Instances/Instances 1/tsp225_08.gt,224,20000.0,86400.0,PTVRP_LINEAR,4418.0,1,0.000006400,0.000006400,0.0000,1,0.006255
Instances/Instances 1/tsp225_09.gt,224,50000.0,86400.0,PTVRP_LINEAR,4418.0,1,0.000006400,0.000006400,0.0000,1,0.005297
Instances/Instances 1/tsp225_10.gt,224,100000.0,86400.0,PTVRP_LINEAR,4418.0,1,0.000006700,0.000006700,0.0000,1,0.005764
Instances/Instances 1/tz6117_01.gt,6116,100.0,86400.0,PTVRP_LINEAR,14924785.0,197,0.000251300,0.000251300,0.0000,1,0.008971
Instances/Instances 1/tz6117_02.gt,6116,200.0,86400.0,PTVRP_LINEAR,8649018.0,117,0.000250100,0.000250100,0.0000,1,0.008528
Instances/Instances 1/tz6117_03.gt,6116,500.0,86400.0,PTVRP_LINEAR,4273444.0,65,0.000269300,0.000269300,0.0000,1,0.010266
Instances/Instances 1/tz6117_04.gt,6116,1000.0,86400.0,PTVRP_LINEAR,2784368.0,40,0.000235200,0.000235200,0.0000,1,0.011663
Instances/Instances 1/tz6117_05.gt,6116,2000.0,86400.0,PTVRP_LINEAR,1634873.0,31,0.000221900,0.000221900,0.0000,1,0.011493
Instances/Instances 1/tz6117_06.gt,6116,5000.0,86400.0,PTVRP_LINEAR,1043964.0,16,0.000236300,0.000236300,0.0000,1,0.011386
Instances/Instances 1/tz6117_07.gt,6116,10000.0,86400.0,PTVRP_LINEAR,625991.0,15,0.000211300,0.000211300,0.0000,1,0.010005
Instances/Instances 1/tz6117_08.gt,6116,20000.0,86400.0,PTVRP_LINEAR,441005.0,9,0.000208701,0.000208701,0.0000,1,0.010116
Instances/Instances 1/tz6117_09.gt,6116,50000.0,86400.0,PTVRP_LINEAR,422925.0,6,0.000213200,0.000213200,0.0000,1,0.012204
Instances/Instances 1/tz6117_10.gt,6116,100000.0,86400.0,PTVRP_LINEAR,422925.0,6,0.000210400,0.000210400,0.0000,1,0.009802
Instances/Instances 1/u1060_01.gt,1059,100.0,86400.0,PTVRP_LINEAR,3791714.0,53,0.000039000,0.000039000,0.0000,1,0.006461
Instances/Instances 1/u1060_02.gt,1059,200.0,86400.0,PTVRP_LINEAR,2158687.0,35,0.000036600,0.000036600,0.0000,1,0.006577
Instances/Instances 1/u1060_03.gt,1059,500.0,86400.0,PTVRP_LINEAR,1211645.0,20,0.000035100,0.000035100,0.0000,1,0.006347
Instances/Instances 1/u1060_04.gt,1059,1000.0,86400.0,PTVRP_LINEAR,755274.0,16,0.000033500,0.000033500,0.0000,1,0.005751
Instances/Instances 1/u1060_05.gt,1059,2000.0,86400.0,PTVRP_LINEAR,531097.0,9,0.000032400,0.000032400,0.0000,1,0.006095
Instances/Instances 1/u1060_06.gt,1059,5000.0,86400.0,PTVRP_LINEAR,262408.0,7,0.000030600,0.000030600,0.0000,1,0.006959
Instances/Instances 1/u1060_07.gt,1059,10000.0,86400.0,PTVRP_LINEAR,245381.0,4,0.000029700,0.000029700,0.0000,1,0.005915
Instances/Instances 1/u1060_08.gt,1059,20000.0,86400.0,PTVRP_LINEAR,245381.0,4,0.000029700,0.000029700,0.0000,1,0.005688
Instances/Instances 1/u1060_09.gt,1059,50000.0,86400.0,PTVRP_LINEAR,245381.0,4,0.000029800,0.000029800,0.0000,1,0.006593
Instances/Instances 1/u1060_10.gt,1059,100000.0,86400.0,PTVRP_LINEAR,245381.0,4,0.000029900,0.000029900,0.0000,1,0.005145
Instances/Instances 1/u1432_01.gt,1431,100.0,86400.0,PTVRP_LINEAR,2763239.0,42,0.000049200,0.000049200,0.0000,1,0.005985
Instances/Instances 1/u1432_02.gt,1431,200.0,86400.0,PTVRP_LINEAR,1856449.0,26,0.000048100,0.000048100,0.0000,1,0.006246
Instances/Instances 1/u1432_03.gt,1431,500.0,86400.0,PTVRP_LINEAR,1008280.0,16,0.000045000,0.000045000,0.0000,1,0.006278
Instances/Instances 1/u1432_04.gt,1431,1000.0,86400.0,PTVRP_LINEAR,651653.0,12,0.000043100,0.000043100,0.0000,1,0.005587
Instances/Instances 1/u1432_05.gt,1431,2000.0,86400.0,PTVRP_LINEAR,510450.0,7,0.000045600,0.000045600,0.0000,1,0.005798
Instances/Instances 1/u1432_06.gt,1431,5000.0,86400.0,PTVRP_LINEAR,322595.0,5,0.000041200,0.000041200,0.0000,1,0.007799
Instances/Instances 1/u1432_07.gt,1431,10000.0,86400.0,PTVRP_LINEAR,163339.0,6,0.000037600,0.000037600,0.0000,1,0.007372
Instances/Instances 1/u1432_08.gt,1431,20000.0,86400.0,PTVRP_LINEAR,157856.0,3,0.000036400,0.000036400,0.0000,1,0.008165
Instances/Instances 1/u1432_09.gt,1431,50000.0,86400.0,PTVRP_LINEAR,157856.0,3,0.000036300,0.000036300,0.0000,1,0.007912
Instances/Instances 1/u1432_10.gt,1431,100000.0,86400.0,PTVRP_LINEAR,157856.0,3,0.000035900,0.000035900,0.0000,1,0.00704
Instances/Instances 1/u159_01.gt,158,100.0,86400.0,PTVRP_LINEAR,421067.0,7,0.000006300,0.000006300,0.0000,1,0.006316
Instances/Instances 1/u159_02.gt,158,200.0,86400.0,PTVRP_LINEAR,277009.0,5,0.000005800,0.000005800,0.0000,1,0.007634
Instances/Instances 1/u159_03.gt,158,500.0,86400.0,PTVRP_LINEAR,143343.0,3,0.000005700,0.000005700,0.0000,1,0.006488
Instances/Instances 1/u159_04.gt,158,1000.0,86400.0,PTVRP_LINEAR,90242.0,3,0.000005500,0.000005500,0.0000,1,0.007192
Instances/Instances 1/u159_05.gt,158,2000.0,86400.0,PTVRP_LINEAR,80842.0,2,0.000005600,0.000005600,0.0000,1,0.006873
Instances/Instances 1/u159_06.gt,158,5000.0,86400.0,PTVRP_LINEAR,47792.0,1,0.000005500,0.000005500,0.0000,1,0.006984
Instances/Instances 1/u159_07.gt,158,10000.0,86400.0,PTVRP_LINEAR,47792.0,1,0.000005000,0.000005000,0.0000,1,0.0064
Instances/Instances 1/u159_08.gt,158,20000.0,86400.0,PTVRP_LINEAR,47792.0,1,0.000005100,0.000005100,0.0000,1,0.006015
Instances/Instances 1/u159_09.gt,158,50000.0,86400.0,PTVRP_LINEAR,47792.0,1,0.000005200,0.000005200,0.0000,1,0.006936
Instances/Instances 1/u159_10.gt,158,100000.0,86400.0,PTVRP_LINEAR,47792.0,1,0.000004900,0.000004900,0.0000,1,0.005657
Instances/Instances 1/u1817_01.gt,1816,100.0,86400.0,PTVRP_LINEAR,1688226.0,31,0.000055600,0.000055600,0.0000,1,0.006901
Instances/Instances 1/u1817_02.gt,1816,200.0,86400.0,PTVRP_LINEAR,1097208.0,20,0.000055700,0.000055700,0.0000,1,0.005887
Instances/Instances 1/u1817_03.gt,1816,500.0,86400.0,PTVRP_LINEAR,695226.0,11,0.000053400,0.000053400,0.0000,1,0.008118
Instances/Instances 1/u1817_04.gt,1816,1000.0,86400.0,PTVRP_LINEAR,457175.0,8,0.000050100,0.000050100,0.0000,1,0.006191
Instances/Instances 1/u1817_05.gt,1816,2000.0,86400.0,PTVRP_LINEAR,319225.0,6,0.000048700,0.000048700,0.0000,1,0.007421
Instances/Instances 1/u1817_06.gt,1816,5000.0,86400.0,PTVRP_LINEAR,180909.0,4,0.000045200,0.000045200,0.0000,1,0.008695
Instances/Instances 1/u1817_07.gt,1816,10000.0,86400.0,PTVRP_LINEAR,142578.0,3,0.000043100,0.000043100,0.0000,1,0.006919
Instances/Instances 1/u1817_08.gt,1816,20000.0,86400.0,PTVRP_LINEAR,98429.0,2,0.000044200,0.000044200,0.0000,1,0.006797
Instances/Instances 1/u1817_09.gt,1816,50000.0,86400.0,PTVRP_LINEAR,60413.0,2,0.000045800,0.000045800,0.0000,1,0.006901
Instances/Instances 1/u1817_10.gt,1816,100000.0,86400.0,PTVRP_LINEAR,60413.0,2,0.000045100,0.000045100,0.0000,1,0.00695
Instances/Instances 1/u2152_01.gt,2151,100.0,86400.0,PTVRP_LINEAR,2075537.0,33,0.000077900,0.000077900,0.0000,1,0.006585
Instances/Instances 1/u2152_02.gt,2151,200.0,86400.0,PTVRP_LINEAR,1285976.0,23,0.000074500,0.000074500,0.0000,1,0.007468
Instances/Instances 1/u2152_03.gt,2151,500.0,86400.0,PTVRP_LINEAR,751106.0,14,0.000068600,0.000068600,0.0000,1,0.009396
Instances/Instances 1/u2152_04.gt,2151,1000.0,86400.0,PTVRP_LINEAR,576383.0,8,0.000071800,0.000071800,0.0000,1,0.008281
Instances/Instances 1/u2152_05.gt,2151,2000.0,86400.0,PTVRP_LINEAR,375121.0,6,0.000066300,0.000066300,0.0000,1,0.009511
Instances/Instances 1/u2152_06.gt,2151,5000.0,86400.0,PTVRP_LINEAR,216607.0,5,0.000060000,0.000060000,0.0000,1,0.007241
Instances/Instances 1/u2152_07.gt,2151,10000.0,86400.0,PTVRP_LINEAR,131407.0,4,0.000060100,0.000060100,0.0000,1,0.008688
Instances/Instances 1/u2152_08.gt,2151,20000.0,86400.0,PTVRP_LINEAR,138314.0,2,0.000059100,0.000059100,0.0000,1,0.007874
Instances/Instances 1/u2152_09.gt,2151,50000.0,86400.0,PTVRP_LINEAR,67272.0,2,0.000061000,0.000061000,0.0000,1,0.007684
Instances/Instances 1/u2152_10.gt,2151,100000.0,86400.0,PTVRP_LINEAR,67272.0,2,0.000062300,0.000062300,0.0000,1,0.006813
Instances/Instances 1/u2319_01.gt,2318,100.0,86400.0,PTVRP_LINEAR,4358574.0,68,0.000084600,0.000084600,0.0000,1,0.006375
Instances/Instances 1/u2319_02.gt,2318,200.0,86400.0,PTVRP_LINEAR,2771511.0,46,0.000082400,0.000082400,0.0000,1,0.00898
Instances/Instances 1/u2319_03.gt,2318,500.0,86400.0,PTVRP_LINEAR,1570583.0,27,0.000080400,0.000080400,0.0000,1,0.008643
Instances/Instances 1/u2319_04.gt,2318,1000.0,86400.0,PTVRP_LINEAR,1126751.0,17,0.000082800,0.000082800,0.0000,1,0.006952
Instances/Instances 1/u2319_05.gt,2318,2000.0,86400.0,PTVRP_LINEAR,771387.0,11,0.000077900,0.000077900,0.0000,1,0.008369
Instances/Instances 1/u2319_06.gt,2318,5000.0,86400.0,PTVRP_LINEAR,472610.0,8,0.000072200,0.000072200,0.0000,1,0.007926
Instances/Instances 1/u2319_07.gt,2318,10000.0,86400.0,PTVRP_LINEAR,250751.0,8,0.000067200,0.000067200,0.0000,1,0.006948
Instances/Instances 1/u2319_08.gt,2318,20000.0,86400.0,PTVRP_LINEAR,243057.0,4,0.000065900,0.000065900,0.0000,1,0.007551
Instances/Instances 1/u2319_09.gt,2318,50000.0,86400.0,PTVRP_LINEAR,243057.0,4,0.000066100,0.000066100,0.0000,1,0.007261
Instances/Instances 1/u2319_10.gt,2318,100000.0,86400.0,PTVRP_LINEAR,243057.0,4,0.000066800,0.000066800,0.0000,1,0.0089
Instances/Instances 1/u574_01.gt,573,100.0,86400.0,PTVRP_LINEAR,725445.0,13,0.000018600,0.000018600,0.0000,1,0.007417
Instances/Instances 1/u574_02.gt,573,200.0,86400.0,PTVRP_LINEAR,528848.0,7,0.000019100,0.000019100,0.0000,1,0.006756
Instances/Instances 1/u574_03.gt,573,500.0,86400.0,PTVRP_LINEAR,307079.0,5,0.000018600,0.000018600,0.0000,1,0.007151
Instances/Instances 1/u574_04.gt,573,1000.0,86400.0,PTVRP_LINEAR,204927.0,4,0.000017500,0.000017500,0.0000,1,0.006668
Instances/Instances 1/u574_05.gt,573,2000.0,86400.0,PTVRP_LINEAR,146690.0,3,0.000017100,0.000017100,0.0000,1,0.006359
Instances/Instances 1/u574_06.gt,573,5000.0,86400.0,PTVRP_LINEAR,98507.0,2,0.000015900,0.000015900,0.0000,1,0.006607
Instances/Instances 1/u574_07.gt,573,10000.0,86400.0,PTVRP_LINEAR,80260.0,1,0.000015700,0.000015700,0.0000,1,0.006856
Instances/Instances 1/u574_08.gt,573,20000.0,86400.0,PTVRP_LINEAR,40130.0,1,0.000016400,0.000016400,0.0000,1,0.006384
Instances/Instances 1/u574_09.gt,573,50000.0,86400.0,PTVRP_LINEAR,40130.0,1,0.000016600,0.000016600,0.0000,1,0.007027
Instances/Instances 1/u574_10.gt,573,100000.0,86400.0,PTVRP_LINEAR,40130.0,1,0.000018100,0.000018100,0.0000,1,0.006483
Instances/Instances 1/u724_01.gt,723,100.0,86400.0,PTVRP_LINEAR,909553.0,14,0.000024800,0.000024800,0.0000,1,0.007115
Instances/Instances 1/u724_02.gt,723,200.0,86400.0,PTVRP_LINEAR,532696.0,11,0.000023400,0.000023400,0.0000,1,0.006306
Instances/Instances 1/u724_03.gt,723,500.0,86400.0,PTVRP_LINEAR,343982.0,6,0.000022500,0.000022500,0.0000,1,0.007502
Instances/Instances 1/u724_04.gt,723,1000.0,86400.0,PTVRP_LINEAR,213621.0,5,0.000046700,0.000046700,0.0000,1,0.007253
Instances/Instances 1/u724_05.gt,723,2000.0,86400.0,PTVRP_LINEAR,175664.0,3,0.000021300,0.000021300,0.0000,1,0.007009
Instances/Instances 1/u724_06.gt,723,5000.0,86400.0,PTVRP_LINEAR,122188.0,2,0.000020000,0.000020000,0.0000,1,0.006644
Instances/Instances 1/u724_07.gt,723,10000.0,86400.0,PTVRP_LINEAR,74613.0,2,0.000020200,0.000020200,0.0000,1,0.007359
Instances/Instances 1/u724_08.gt,723,20000.0,86400.0,PTVRP_LINEAR,44989.0,1,0.000020100,0.000020100,0.0000,1,0.006208
Instances/Instances 1/u724_09.gt,723,50000.0,86400.0,PTVRP_LINEAR,44989.0,1,0.000034500,0.000034500,0.0000,1,0.006916
Instances/Instances 1/u724_10.gt,723,100000.0,86400.0,PTVRP_LINEAR,44989.0,1,0.000019900,0.000019900,0.0000,1,0.006554
Instances/Instances 1/usa13509_01.gt,13508,100.0,86400.0,PTVRP_LINEAR,2983200570.0,12093,0.000357700,0.000357700,0.0000,1,0.015644
Instances/Instances 1/usa13509_02.gt,13508,200.0,86400.0,PTVRP_LINEAR,2967966641.0,11865,0.000357400,0.000357400,0.0000,1,0.018344
Instances/Instances 1/usa13509_03.gt,13508,500.0,86400.0,PTVRP_LINEAR,2961476548.0,11755,0.000354800,0.000354800,0.0000,1,0.017972
Instances/Instances 1/usa13509_04.gt,13508,1000.0,86400.0,PTVRP_LINEAR,2960354311.0,11734,0.000349800,0.000349800,0.0000,1,0.016705
Instances/Instances 1/usa13509_05.gt,13508,2000.0,86400.0,PTVRP_LINEAR,2960248697.0,11731,0.000380300,0.000380300,0.0000,1,0.015937
Instances/Instances 1/usa13509_06.gt,13508,5000.0,86400.0,PTVRP_LINEAR,2960238597.0,11730,0.000351800,0.000351800,0.0000,1,0.015493
Instances/Instances 1/usa13509_07.gt,13508,10000.0,86400.0,PTVRP_LINEAR,2960238597.0,11730,0.000358200,0.000358200,0.0000,1,0.0141
Instances/Instances 1/usa13509_08.gt,13508,20000.0,86400.0,PTVRP_LINEAR,2960238597.0,11730,0.000351500,0.000351500,0.0000,1,0.016774
Instances/Instances 1/usa13509_09.gt,13508,50000.0,86400.0,PTVRP_LINEAR,2960238597.0,11730,0.000355100,0.000355100,0.0000,1,0.016247
Instances/Instances 1/usa13509_10.gt,13508,100000.0,86400.0,PTVRP_LINEAR,2960238597.0,11730,0.000367500,0.000367500,0.0000,1,0.014006
Instances/Instances 1/uy734_01.gt,733,100.0,86400.0,PTVRP_LINEAR,1347827.0,20,0.000025400,0.000025400,0.0000,1,0.006887
Instances/Instances 1/uy734_02.gt,733,200.0,86400.0,PTVRP_LINEAR,902780.0,14,0.000024500,0.000024500,0.0000,1,0.007082
Instances/Instances 1/uy734_03.gt,733,500.0,86400.0,PTVRP_LINEAR,508093.0,9,0.000023900,0.000023900,0.0000,1,0.007453
Instances/Instances 1/uy734_04.gt,733,1000.0,86400.0,PTVRP_LINEAR,348914.0,6,0.000023200,0.000023200,0.0000,1,0.007236
Instances/Instances 1/uy734_05.gt,733,2000.0,86400.0,PTVRP_LINEAR,225430.0,5,0.000020900,0.000020900,0.0000,1,0.007159
Instances/Instances 1/uy734_06.gt,733,5000.0,86400.0,PTVRP_LINEAR,161978.0,3,0.000020800,0.000020800,0.0000,1,0.00554
Instances/Instances 1/uy734_07.gt,733,10000.0,86400.0,PTVRP_LINEAR,85530.0,3,0.000021300,0.000021300,0.0000,1,0.007809
Instances/Instances 1/uy734_08.gt,733,20000.0,86400.0,PTVRP_LINEAR,85164.0,1,0.000021200,0.000021200,0.0000,1,0.007811
Instances/Instances 1/uy734_09.gt,733,50000.0,86400.0,PTVRP_LINEAR,85164.0,1,0.000021400,0.000021400,0.0000,1,0.007156
Instances/Instances 1/uy734_10.gt,733,100000.0,86400.0,PTVRP_LINEAR,85164.0,1,0.000021000,0.000021000,0.0000,1,0.005475
Instances/Instances 1/vm1084_01.gt,1083,100.0,86400.0,PTVRP_LINEAR,4442101.0,63,0.000039000,0.000039000,0.0000,1,0.006997
Instances/Instances 1/vm1084_02.gt,1083,200.0,86400.0,PTVRP_LINEAR,2540747.0,37,0.000038500,0.000038500,0.0000,1,0.006625
Instances/Instances 1/vm1084_03.gt,1083,500.0,86400.0,PTVRP_LINEAR,1231138.0,23,0.000034000,0.000034000,0.0000,1,0.005943
Instances/Instances 1/vm1084_04.gt,1083,1000.0,86400.0,PTVRP_LINEAR,773078.0,16,0.000032200,0.000032200,0.0000,1,0.005811
Instances/Instances 1/vm1084_05.gt,1083,2000.0,86400.0,PTVRP_LINEAR,512216.0,11,0.000030400,0.000030400,0.0000,1,0.006662
Instances/Instances 1/vm1084_06.gt,1083,5000.0,86400.0,PTVRP_LINEAR,320898.0,7,0.000030300,0.000030300,0.0000,1,0.008382
Instances/Instances 1/vm1084_07.gt,1083,10000.0,86400.0,PTVRP_LINEAR,260270.0,4,0.000030300,0.000030300,0.0000,1,0.008126
Instances/Instances 1/vm1084_08.gt,1083,20000.0,86400.0,PTVRP_LINEAR,260270.0,4,0.000029300,0.000029300,0.0000,1,0.007814
Instances/Instances 1/vm1084_09.gt,1083,50000.0,86400.0,PTVRP_LINEAR,260270.0,4,0.000029700,0.000029700,0.0000,1,0.007675
Instances/Instances 1/vm1084_10.gt,1083,100000.0,86400.0,PTVRP_LINEAR,260270.0,4,0.000029200,0.000029200,0.0000,1,0.007768
Instances/Instances 1/vm1748_01.gt,1747,100.0,86400.0,PTVRP_LINEAR,7376838.0,102,0.000063600,0.000063600,0.0000,1,0.008757
Instances/Instances 1/vm1748_02.gt,1747,200.0,86400.0,PTVRP_LINEAR,4125604.0,58,0.000062300,0.000062300,0.0000,1,0.006294
Instances/Instances 1/vm1748_03.gt,1747,500.0,86400.0,PTVRP_LINEAR,2080072.0,31,0.000062200,0.000062200,0.0000,1,0.006703
Instances/Instances 1/vm1748_04.gt,1747,1000.0,86400.0,PTVRP_LINEAR,1257285.0,24,0.000055000,0.000055000,0.0000,1,0.006993
Instances/Instances 1/vm1748_05.gt,1747,2000.0,86400.0,PTVRP_LINEAR,845742.0,16,0.000054600,0.000054600,0.0000,1,0.008028
Instances/Instances 1/vm1748_06.gt,1747,5000.0,86400.0,PTVRP_LINEAR,429451.0,10,0.000049000,0.000049000,0.0000,1,0.009018
Instances/Instances 1/vm1748_07.gt,1747,10000.0,86400.0,PTVRP_LINEAR,376320.0,6,0.000047400,0.000047400,0.0000,1,0.007253
Instances/Instances 1/vm1748_08.gt,1747,20000.0,86400.0,PTVRP_LINEAR,370285.0,5,0.000046500,0.000046500,0.0000,1,0.00682
Instances/Instances 1/vm1748_09.gt,1747,50000.0,86400.0,PTVRP_LINEAR,370285.0,5,0.000046700,0.000046700,0.0000,1,0.006129
Instances/Instances 1/vm1748_10.gt,1747,100000.0,86400.0,PTVRP_LINEAR,370285.0,5,0.000047900,0.000047900,0.0000,1,0.00679
Instances/Instances 1/vm22775_01.gt,22774,100.0,86400.0,PTVRP_LINEAR,58357651.0,737,0.000941500,0.000941500,0.0000,1,0.025683
Instances/Instances 1/vm22775_02.gt,22774,200.0,86400.0,PTVRP_LINEAR,30940265.0,398,0.000954500,0.000954500,0.0000,1,0.023384
Instances/Instances 1/vm22775_03.gt,22774,500.0,86400.0,PTVRP_LINEAR,14218923.0,188,0.000921200,0.000921200,0.0000,1,0.023251
Instances/Instances 1/vm22775_04.gt,22774,1000.0,86400.0,PTVRP_LINEAR,8369200.0,114,0.000913600,0.000913600,0.0000,1,0.025728
Instances/Instances 1/vm22775_05.gt,22774,2000.0,86400.0,PTVRP_LINEAR,5079845.0,74,0.000865000,0.000865000,0.0000,1,0.023347
Instances/Instances 1/vm22775_06.gt,22774,5000.0,86400.0,PTVRP_LINEAR,2885323.0,39,0.000847900,0.000847900,0.0000,1,0.021741
Instances/Instances 1/vm22775_07.gt,22774,10000.0,86400.0,PTVRP_LINEAR,1717351.0,32,0.000786800,0.000786800,0.0000,1,0.026376
Instances/Instances 1/vm22775_08.gt,22774,20000.0,86400.0,PTVRP_LINEAR,1281636.0,20,0.000816700,0.000816700,0.0000,1,0.02171
Instances/Instances 1/vm22775_09.gt,22774,50000.0,86400.0,PTVRP_LINEAR,667934.0,13,0.000819800,0.000819800,0.0000,1,0.026026
Instances/Instances 1/vm22775_10.gt,22774,100000.0,86400.0,PTVRP_LINEAR,630951.0,8,0.000751500,0.000751500,0.0000,1,0.023542
Instances/Instances 1/wi29_01.gt,28,100.0,86400.0,PTVRP_LINEAR,137303.0,2,0.000001700,0.000001700,0.0000,1,0.008745
Instances/Instances 1/wi29_02.gt,28,200.0,86400.0,PTVRP_LINEAR,81480.0,2,0.000001400,0.000001400,0.0000,1,0.007589
Instances/Instances 1/wi29_03.gt,28,500.0,86400.0,PTVRP_LINEAR,66220.0,1,0.000001600,0.000001600,0.0000,1,0.005754
Instances/Instances 1/wi29_04.gt,28,1000.0,86400.0,PTVRP_LINEAR,33110.0,1,0.000001600,0.000001600,0.0000,1,0.00724
Instances/Instances 1/wi29_05.gt,28,2000.0,86400.0,PTVRP_LINEAR,33110.0,1,0.000001400,0.000001400,0.0000,1,0.006614
Instances/Instances 1/wi29_06.gt,28,5000.0,86400.0,PTVRP_LINEAR,33110.0,1,0.000001600,0.000001600,0.0000,1,0.006899
Instances/Instances 1/wi29_07.gt,28,10000.0,86400.0,PTVRP_LINEAR,33110.0,1,0.000001600,0.000001600,0.0000,1,0.006582
Instances/Instances 1/wi29_08.gt,28,20000.0,86400.0,PTVRP_LINEAR,33110.0,1,0.000001500,0.000001500,0.0000,1,0.006949
Instances/Instances 1/wi29_09.gt,28,50000.0,86400.0,PTVRP_LINEAR,33110.0,1,0.000001500,0.000001500,0.0000,1,0.006315
Instances/Instances 1/wi29_10.gt,28,100000.0,86400.0,PTVRP_LINEAR,33110.0,1,0.000001800,0.000001800,0.0000,1,0.006981
Instances/Instances 1/ym7663_01.gt,7662,100.0,86400.0,PTVRP_LINEAR,10362526.0,143,0.000303100,0.000303100,0.0000,1,0.01023
Instances/Instances 1/ym7663_02.gt,7662,200.0,86400.0,PTVRP_LINEAR,6086581.0,92,0.000293600,0.000293600,0.0000,1,0.009649
Instances/Instances 1/ym7663_03.gt,7662,500.0,86400.0,PTVRP_LINEAR,3123483.0,56,0.000285700,0.000285700,0.0000,1,0.010215
Instances/Instances 1/ym7663_04.gt,7662,1000.0,86400.0,PTVRP_LINEAR,1991928.0,38,0.000273200,0.000273200,0.0000,1,0.011055
Instances/Instances 1/ym7663_05.gt,7662,2000.0,86400.0,PTVRP_LINEAR,1276324.0,27,0.000265200,0.000265200,0.0000,1,0.010582
Instances/Instances 1/ym7663_06.gt,7662,5000.0,86400.0,PTVRP_LINEAR,855321.0,15,0.000297900,0.000297900,0.0000,1,0.011085
Instances/Instances 1/ym7663_07.gt,7662,10000.0,86400.0,PTVRP_LINEAR,556910.0,12,0.000268600,0.000268600,0.0000,1,0.011
Instances/Instances 1/ym7663_08.gt,7662,20000.0,86400.0,PTVRP_LINEAR,417962.0,7,0.000277200,0.000277200,0.0000,1,0.009943
Instances/Instances 1/ym7663_09.gt,7662,50000.0,86400.0,PTVRP_LINEAR,257285.0,5,0.000261200,0.000261200,0.0000,1,0.010639
Instances/Instances 1/ym7663_10.gt,7662,100000.0,86400.0,PTVRP_LINEAR,255251.0,4,0.000262200,0.000262200,0.0000,1,0.009691
Instances/Instances 1/zi929_01.gt,928,100.0,86400.0,PTVRP_LINEAR,1712596.0,26,0.000032500,0.000032500,0.0000,1,0.005333
Instances/Instances 1/zi929_02.gt,928,200.0,86400.0,PTVRP_LINEAR,1035649.0,17,0.000030300,0.000030300,0.0000,1,0.006988
Instances/Instances 1/zi929_03.gt,928,500.0,86400.0,PTVRP_LINEAR,607318.0,10,0.000028800,0.000028800,0.0000,1,0.006605
Instances/Instances 1/zi929_04.gt,928,1000.0,86400.0,PTVRP_LINEAR,409005.0,8,0.000026500,0.000026500,0.0000,1,0.006176
Instances/Instances 1/zi929_05.gt,928,2000.0,86400.0,PTVRP_LINEAR,293375.0,6,0.000026800,0.000026800,0.0000,1,0.006598
Instances/Instances 1/zi929_06.gt,928,5000.0,86400.0,PTVRP_LINEAR,197630.0,4,0.000026000,0.000026000,0.0000,1,0.00593
Instances/Instances 1/zi929_07.gt,928,10000.0,86400.0,PTVRP_LINEAR,101349.0,3,0.000026700,0.000026700,0.0000,1,0.006508
Instances/Instances 1/zi929_08.gt,928,20000.0,86400.0,PTVRP_LINEAR,100905.0,2,0.000026400,0.000026400,0.0000,1,0.007076
Instances/Instances 1/zi929_09.gt,928,50000.0,86400.0,PTVRP_LINEAR,100905.0,2,0.000026400,0.000026400,0.0000,1,0.005907
Instances/Instances 1/zi929_10.gt,928,100000.0,86400.0,PTVRP_LINEAR,100905.0,2,0.000027700,0.000027700,0.0000,1,0.005822
Instances/Instances 2/a280_01.gt,279,20.0,86400.0,PTVRP_LINEAR,298275.0,4,0.000008900,0.000008900,0.0000,1,0.006138
Instances/Instances 2/a280_02.gt,279,40.0,86400.0,PTVRP_LINEAR,192218.0,3,0.000009300,0.000009300,0.0000,1,0.006439
Instances/Instances 2/a280_03.gt,279,100.0,86400.0,PTVRP_LINEAR,110045.0,2,0.000008000,0.000008000,0.0000,1,0.007651
Instances/Instances 2/a280_04.gt,279,200.0,86400.0,PTVRP_LINEAR,86514.0,2,0.000006500,0.000006500,0.0000,1,0.005669
Instances/Instances 2/a280_05.gt,279,400.0,86400.0,PTVRP_LINEAR,51030.0,1,0.000006500,0.000006500,0.0000,1,0.006164
Instances/Instances 2/a280_06.gt,279,1000.0,86400.0,PTVRP_LINEAR,22680.0,1,0.000006800,0.000006800,0.0000,1,0.006923
Instances/Instances 2/a280_07.gt,279,2000.0,86400.0,PTVRP_LINEAR,11340.0,1,0.000007100,0.000007100,0.0000,1,0.00739
Instances/Instances 2/a280_08.gt,279,4000.0,86400.0,PTVRP_LINEAR,5670.0,1,0.000007700,0.000007700,0.0000,1,0.007038
Instances/Instances 2/a280_09.gt,279,10000.0,86400.0,PTVRP_LINEAR,2835.0,1,0.000010100,0.000010100,0.0000,1,0.007825
Instances/Instances 2/a280_10.gt,279,20000.0,86400.0,PTVRP_LINEAR,2835.0,1,0.000008100,0.000008100,0.0000,1,0.008002
Instances/Instances 2/ar9152_01.gt,9151,20.0,86400.0,PTVRP_LINEAR,151328499.0,2082,0.000365100,0.000365100,0.0000,1,0.015075
Instances/Instances 2/ar9152_02.gt,9151,40.0,86400.0,PTVRP_LINEAR,76056749.0,1034,0.000373000,0.000373000,0.0000,1,0.015641
Instances/Instances 2/ar9152_03.gt,9151,100.0,86400.0,PTVRP_LINEAR,32171369.0,435,0.000406500,0.000406500,0.0000,1,0.013936
Instances/Instances 2/ar9152_04.gt,9151,200.0,86400.0,PTVRP_LINEAR,17575125.0,248,0.000376400,0.000376400,0.0000,1,0.011925
Instances/Instances 2/ar9152_05.gt,9151,400.0,86400.0,PTVRP_LINEAR,10096030.0,150,0.000365700,0.000365700,0.0000,1,0.013937
Instances/Instances 2/ar9152_06.gt,9151,1000.0,86400.0,PTVRP_LINEAR,5176263.0,84,0.000351900,0.000351900,0.0000,1,0.01486
Instances/Instances 2/ar9152_07.gt,9151,2000.0,86400.0,PTVRP_LINEAR,3288221.0,53,0.000348200,0.000348200,0.0000,1,0.013751
Instances/Instances 2/ar9152_08.gt,9151,4000.0,86400.0,PTVRP_LINEAR,2122047.0,37,0.000347900,0.000347900,0.0000,1,0.012873
Instances/Instances 2/ar9152_09.gt,9151,10000.0,86400.0,PTVRP_LINEAR,1248833.0,25,0.000333700,0.000333700,0.0000,1,0.013847
Instances/Instances 2/ar9152_10.gt,9151,20000.0,86400.0,PTVRP_LINEAR,988353.0,15,0.000331700,0.000331700,0.0000,1,0.013269
Instances/Instances 2/berlin52_01.gt,51,20.0,86400.0,PTVRP_LINEAR,188250.0,3,0.000002200,0.000002200,0.0000,1,0.007836
Instances/Instances 2/berlin52_02.gt,51,40.0,86400.0,PTVRP_LINEAR,135188.0,2,0.000002100,0.000002100,0.0000,1,0.0069
Instances/Instances 2/berlin52_03.gt,51,100.0,86400.0,PTVRP_LINEAR,80607.0,2,0.000001900,0.000001900,0.0000,1,0.005872
Instances/Instances 2/berlin52_04.gt,51,200.0,86400.0,PTVRP_LINEAR,62424.0,1,0.000001900,0.000001900,0.0000,1,0.005561
Instances/Instances 2/berlin52_05.gt,51,400.0,86400.0,PTVRP_LINEAR,31212.0,1,0.000001700,0.000001700,0.0000,1,0.005304
Instances/Instances 2/berlin52_06.gt,51,1000.0,86400.0,PTVRP_LINEAR,15606.0,1,0.000001800,0.000001800,0.0000,1,0.007789
Instances/Instances 2/berlin52_07.gt,51,2000.0,86400.0,PTVRP_LINEAR,7803.0,1,0.000002100,0.000002100,0.0000,1,0.007364
Instances/Instances 2/berlin52_08.gt,51,4000.0,86400.0,PTVRP_LINEAR,7803.0,1,0.000001900,0.000001900,0.0000,1,0.006502
Instances/Instances 2/berlin52_09.gt,51,10000.0,86400.0,PTVRP_LINEAR,7803.0,1,0.000002100,0.000002100,0.0000,1,0.006827
Instances/Instances 2/berlin52_10.gt,51,20000.0,86400.0,PTVRP_LINEAR,7803.0,1,0.000002000,0.000002000,0.0000,1,0.006736
Instances/Instances 2/bier127_01.gt,126,20.0,86400.0,PTVRP_LINEAR,1582793.0,27,0.000005200,0.000005200,0.0000,1,0.006331
Instances/Instances 2/bier127_02.gt,126,40.0,86400.0,PTVRP_LINEAR,1045853.0,18,0.000005000,0.000005000,0.0000,1,0.00676
Instances/Instances 2/bier127_03.gt,126,100.0,86400.0,PTVRP_LINEAR,524443.0,11,0.000005200,0.000005200,0.0000,1,0.005947
Instances/Instances 2/bier127_04.gt,126,200.0,86400.0,PTVRP_LINEAR,375383.0,7,0.000004900,0.000004900,0.0000,1,0.005772
Instances/Instances 2/bier127_05.gt,126,400.0,86400.0,PTVRP_LINEAR,222015.0,7,0.000004900,0.000004900,0.0000,1,0.005868
Instances/Instances 2/bier127_06.gt,126,1000.0,86400.0,PTVRP_LINEAR,129911.0,4,0.000005200,0.000005200,0.0000,1,0.007015
Instances/Instances 2/bier127_07.gt,126,2000.0,86400.0,PTVRP_LINEAR,126048.0,2,0.000004700,0.000004700,0.0000,1,0.007571
Instances/Instances 2/bier127_08.gt,126,4000.0,86400.0,PTVRP_LINEAR,126048.0,2,0.000005100,0.000005100,0.0000,1,0.006343
Instances/Instances 2/bier127_09.gt,126,10000.0,86400.0,PTVRP_LINEAR,126048.0,2,0.000004400,0.000004400,0.0000,1,0.005053
Instances/Instances 2/bier127_10.gt,126,20000.0,86400.0,PTVRP_LINEAR,126048.0,2,0.000004400,0.000004400,0.0000,1,0.006101
Instances/Instances 2/bm33708_01.gt,33707,20.0,86400.0,PTVRP_LINEAR,279422179.0,3644,0.001345200,0.001345200,0.0000,1,0.032769
Instances/Instances 2/bm33708_02.gt,33707,40.0,86400.0,PTVRP_LINEAR,144418066.0,1840,0.001332100,0.001332100,0.0000,1,0.029632
Instances/Instances 2/bm33708_03.gt,33707,100.0,86400.0,PTVRP_LINEAR,63216052.0,812,0.001409801,0.001409801,0.0000,1,0.031832
Instances/Instances 2/bm33708_04.gt,33707,200.0,86400.0,PTVRP_LINEAR,35168754.0,469,0.001395500,0.001395500,0.0000,1,0.030202
Instances/Instances 2/bm33708_05.gt,33707,400.0,86400.0,PTVRP_LINEAR,20488838.0,287,0.001307500,0.001307500,0.0000,1,0.03381
Instances/Instances 2/bm33708_06.gt,33707,1000.0,86400.0,PTVRP_LINEAR,10633392.0,163,0.001255100,0.001255100,0.0000,1,0.029106
Instances/Instances 2/bm33708_07.gt,33707,2000.0,86400.0,PTVRP_LINEAR,6768941.0,107,0.001237200,0.001237200,0.0000,1,0.031918
Instances/Instances 2/bm33708_08.gt,33707,4000.0,86400.0,PTVRP_LINEAR,4549743.0,69,0.001297000,0.001297000,0.0000,1,0.039081
Instances/Instances 2/bm33708_09.gt,33707,10000.0,86400.0,PTVRP_LINEAR,2498738.0,52,0.001204800,0.001204800,0.0000,1,0.037678
Instances/Instances 2/bm33708_10.gt,33707,20000.0,86400.0,PTVRP_LINEAR,1816365.0,34,0.001191000,0.001191000,0.0000,1,0.035479
Instances/Instances 2/brd14051_01.gt,14050,20.0,86400.0,PTVRP_LINEAR,88347522.0,1127,0.000548200,0.000548200,0.0000,1,0.020101
Instances/Instances 2/brd14051_02.gt,14050,40.0,86400.0,PTVRP_LINEAR,46841795.0,597,0.000594500,0.000594500,0.0000,1,0.018968
Instances/Instances 2/brd14051_03.gt,14050,100.0,86400.0,PTVRP_LINEAR,21589031.0,293,0.000578700,0.000578700,0.0000,1,0.020535
Instances/Instances 2/brd14051_04.gt,14050,200.0,86400.0,PTVRP_LINEAR,12675720.0,180,0.000561200,0.000561200,0.0000,1,0.019058
Instances/Instances 2/brd14051_05.gt,14050,400.0,86400.0,PTVRP_LINEAR,7629452.0,119,0.000543600,0.000543600,0.0000,1,0.017205
Instances/Instances 2/brd14051_06.gt,14050,1000.0,86400.0,PTVRP_LINEAR,4197265.0,68,0.000522800,0.000522800,0.0000,1,0.014865
Instances/Instances 2/brd14051_07.gt,14050,2000.0,86400.0,PTVRP_LINEAR,2892030.0,44,0.000544600,0.000544600,0.0000,1,0.01773
Instances/Instances 2/brd14051_08.gt,14050,4000.0,86400.0,PTVRP_LINEAR,1877674.0,32,0.000529100,0.000529100,0.0000,1,0.020663
Instances/Instances 2/brd14051_09.gt,14050,10000.0,86400.0,PTVRP_LINEAR,1147373.0,18,0.000516400,0.000516400,0.0000,1,0.01787
Instances/Instances 2/brd14051_10.gt,14050,20000.0,86400.0,PTVRP_LINEAR,643321.0,19,0.000457900,0.000457900,0.0000,1,0.017641
Instances/Instances 2/ca4663_01.gt,4662,20.0,86400.0,PTVRP_LINEAR,344397236.0,3575,0.000148800,0.000148800,0.0000,1,0.014404
Instances/Instances 2/ca4663_02.gt,4662,40.0,86400.0,PTVRP_LINEAR,185779075.0,2478,0.000175500,0.000175500,0.0000,1,0.012348
Instances/Instances 2/ca4663_03.gt,4662,100.0,86400.0,PTVRP_LINEAR,69197229.0,1045,0.000227100,0.000227100,0.0000,1,0.011816
Instances/Instances 2/ca4663_04.gt,4662,200.0,86400.0,PTVRP_LINEAR,38969868.0,562,0.000194800,0.000194800,0.0000,1,0.010849
Instances/Instances 2/ca4663_05.gt,4662,400.0,86400.0,PTVRP_LINEAR,25097383.0,344,0.000191200,0.000191200,0.0000,1,0.009006
Instances/Instances 2/ca4663_06.gt,4662,1000.0,86400.0,PTVRP_LINEAR,17631587.0,221,0.000186200,0.000186200,0.0000,1,0.010719
Instances/Instances 2/ca4663_07.gt,4662,2000.0,86400.0,PTVRP_LINEAR,15138020.0,184,0.000178000,0.000178000,0.0000,1,0.010489
Instances/Instances 2/ca4663_08.gt,4662,4000.0,86400.0,PTVRP_LINEAR,14018042.0,160,0.000181400,0.000181400,0.0000,1,0.011198
Instances/Instances 2/ca4663_09.gt,4662,10000.0,86400.0,PTVRP_LINEAR,13755331.0,152,0.000166900,0.000166900,0.0000,1,0.011057
Instances/Instances 2/ca4663_10.gt,4662,20000.0,86400.0,PTVRP_LINEAR,13752635.0,152,0.000165400,0.000165400,0.0000,1,0.011744
Instances/Instances 2/ch130_01.gt,129,20.0,86400.0,PTVRP_LINEAR,310650.0,4,0.000005100,0.000005100,0.0000,1,0.006399
Instances/Instances 2/ch130_02.gt,129,40.0,86400.0,PTVRP_LINEAR,201898.0,3,0.000005300,0.000005300,0.0000,1,0.006828
Instances/Instances 2/ch130_03.gt,129,100.0,86400.0,PTVRP_LINEAR,117519.0,2,0.000004800,0.000004800,0.0000,1,0.007577
Instances/Instances 2/ch130_04.gt,129,200.0,86400.0,PTVRP_LINEAR,88194.0,2,0.000004100,0.000004100,0.0000,1,0.006785
Instances/Instances 2/ch130_05.gt,129,400.0,86400.0,PTVRP_LINEAR,50328.0,1,0.000003900,0.000003900,0.0000,1,0.006746
Instances/Instances 2/ch130_06.gt,129,1000.0,86400.0,PTVRP_LINEAR,25164.0,1,0.000004700,0.000004700,0.0000,1,0.006124
Instances/Instances 2/ch130_07.gt,129,2000.0,86400.0,PTVRP_LINEAR,12582.0,1,0.000005400,0.000005400,0.0000,1,0.008144
Instances/Instances 2/ch130_08.gt,129,4000.0,86400.0,PTVRP_LINEAR,6291.0,1,0.000005000,0.000005000,0.0000,1,0.006419
Instances/Instances 2/ch130_09.gt,129,10000.0,86400.0,PTVRP_LINEAR,6291.0,1,0.000005100,0.000005100,0.0000,1,0.008338
Instances/Instances 2/ch130_10.gt,129,20000.0,86400.0,PTVRP_LINEAR,6291.0,1,0.000005000,0.000005000,0.0000,1,0.007888
Instances/Instances 2/ch150_01.gt,149,20.0,86400.0,PTVRP_LINEAR,357856.0,5,0.000006000,0.000006000,0.0000,1,0.008727
Instances/Instances 2/ch150_02.gt,149,40.0,86400.0,PTVRP_LINEAR,207578.0,4,0.000005600,0.000005600,0.0000,1,0.008027
Instances/Instances 2/ch150_03.gt,149,100.0,86400.0,PTVRP_LINEAR,147733.0,2,0.000005400,0.000005400,0.0000,1,0.00748
Instances/Instances 2/ch150_04.gt,149,200.0,86400.0,PTVRP_LINEAR,92211.0,2,0.000005100,0.000005100,0.0000,1,0.007107
Instances/Instances 2/ch150_05.gt,149,400.0,86400.0,PTVRP_LINEAR,80091.0,1,0.000004200,0.000004200,0.0000,1,0.007972
Instances/Instances 2/ch150_06.gt,149,1000.0,86400.0,PTVRP_LINEAR,29124.0,1,0.000004800,0.000004800,0.0000,1,0.008557
Instances/Instances 2/ch150_07.gt,149,2000.0,86400.0,PTVRP_LINEAR,14562.0,1,0.000005200,0.000005200,0.0000,1,0.007791
Instances/Instances 2/ch150_08.gt,149,4000.0,86400.0,PTVRP_LINEAR,7281.0,1,0.000005300,0.000005300,0.0000,1,0.007264
Instances/Instances 2/ch150_09.gt,149,10000.0,86400.0,PTVRP_LINEAR,7281.0,1,0.000005400,0.000005400,0.0000,1,0.007575
Instances/Instances 2/ch150_10.gt,149,20000.0,86400.0,PTVRP_LINEAR,7281.0,1,0.000005100,0.000005100,0.0000,1,0.00628
Instances/Instances 2/ch71009_01.gt,71008,20.0,86400.0,PTVRP_LINEAR,1709193961.0,23410,0.002858100,0.002858100,0.0000,1,0.058809
Instances/Instances 2/ch71009_02.gt,71008,40.0,86400.0,PTVRP_LINEAR,851830625.0,11723,0.003087200,0.003087200,0.0000,1,0.059108
Instances/Instances 2/ch71009_03.gt,71008,100.0,86400.0,PTVRP_LINEAR,329962662.0,4554,0.003080000,0.003080000,0.0000,1,0.059191
Instances/Instances 2/ch71009_04.gt,71008,200.0,86400.0,PTVRP_LINEAR,170022308.0,2358,0.003188200,0.003188200,0.0000,1,0.062189
Instances/Instances 2/ch71009_05.gt,71008,400.0,86400.0,PTVRP_LINEAR,91689699.0,1279,0.003013900,0.003013900,0.0000,1,0.058433
Instances/Instances 2/ch71009_06.gt,71008,1000.0,86400.0,PTVRP_LINEAR,43299499.0,627,0.002922000,0.002922000,0.0000,1,0.061997
Instances/Instances 2/ch71009_07.gt,71008,2000.0,86400.0,PTVRP_LINEAR,25876662.0,392,0.002959300,0.002959300,0.0000,1,0.062322
Instances/Instances 2/ch71009_08.gt,71008,4000.0,86400.0,PTVRP_LINEAR,16474579.0,250,0.002727800,0.002727800,0.0000,1,0.055971
Instances/Instances 2/ch71009_09.gt,71008,10000.0,86400.0,PTVRP_LINEAR,9900270.0,168,0.002696700,0.002696700,0.0000,1,0.054185
Instances/Instances 2/ch71009_10.gt,71008,20000.0,86400.0,PTVRP_LINEAR,7320322.0,120,0.002535800,0.002535800,0.0000,1,0.051618
Instances/Instances 2/d1291_01.gt,1290,20.0,86400.0,PTVRP_LINEAR,4608580.0,65,0.000041100,0.000041100,0.0000,1,0.007473
Instances/Instances 2/d1291_02.gt,1290,40.0,86400.0,PTVRP_LINEAR,2530321.0,38,0.000043500,0.000043500,0.0000,1,0.007552
Instances/Instances 2/d1291_03.gt,1290,100.0,86400.0,PTVRP_LINEAR,1423955.0,22,0.000042600,0.000042600,0.0000,1,0.008373
Instances/Instances 2/d1291_04.gt,1290,200.0,86400.0,PTVRP_LINEAR,830942.0,17,0.000039600,0.000039600,0.0000,1,0.006
Instances/Instances 2/d1291_05.gt,1290,400.0,86400.0,PTVRP_LINEAR,531181.0,12,0.000036300,0.000036300,0.0000,1,0.007296
Instances/Instances 2/d1291_06.gt,1290,1000.0,86400.0,PTVRP_LINEAR,347182.0,6,0.000033800,0.000033800,0.0000,1,0.008588
Instances/Instances 2/d1291_07.gt,1290,2000.0,86400.0,PTVRP_LINEAR,235936.0,5,0.000033100,0.000033100,0.0000,1,0.008157
Instances/Instances 2/d1291_08.gt,1290,4000.0,86400.0,PTVRP_LINEAR,177841.0,3,0.000033600,0.000033600,0.0000,1,0.008486
Instances/Instances 2/d1291_09.gt,1290,10000.0,86400.0,PTVRP_LINEAR,112878.0,2,0.000032500,0.000032500,0.0000,1,0.007728
Instances/Instances 2/d1291_10.gt,1290,20000.0,86400.0,PTVRP_LINEAR,53710.0,2,0.000032600,0.000032600,0.0000,1,0.008523
Instances/Instances 2/d15112_01.gt,15111,20.0,86400.0,PTVRP_LINEAR,279635922.0,3990,0.000713300,0.000713300,0.0000,1,0.016802
Instances/Instances 2/d15112_02.gt,15111,40.0,86400.0,PTVRP_LINEAR,142035566.0,1901,0.000601800,0.000601800,0.0000,1,0.015221
Instances/Instances 2/d15112_03.gt,15111,100.0,86400.0,PTVRP_LINEAR,59188788.0,792,0.000629600,0.000629600,0.0000,1,0.016319
Instances/Instances 2/d15112_04.gt,15111,200.0,86400.0,PTVRP_LINEAR,32376234.0,450,0.000625200,0.000625200,0.0000,1,0.017765
Instances/Instances 2/d15112_05.gt,15111,400.0,86400.0,PTVRP_LINEAR,18462167.0,262,0.000603500,0.000603500,0.0000,1,0.017291
Instances/Instances 2/d15112_06.gt,15111,1000.0,86400.0,PTVRP_LINEAR,9547599.0,147,0.000574600,0.000574600,0.0000,1,0.016637
Instances/Instances 2/d15112_07.gt,15111,2000.0,86400.0,PTVRP_LINEAR,6035953.0,92,0.000573600,0.000573600,0.0000,1,0.016355
Instances/Instances 2/d15112_08.gt,15111,4000.0,86400.0,PTVRP_LINEAR,3971329.0,70,0.000547700,0.000547700,0.0000,1,0.017494
Instances/Instances 2/d15112_09.gt,15111,10000.0,86400.0,PTVRP_LINEAR,2061155.0,41,0.000522600,0.000522600,0.0000,1,0.017922
Instances/Instances 2/d15112_10.gt,15111,20000.0,86400.0,PTVRP_LINEAR,1833096.0,24,0.000512200,0.000512200,0.0000,1,0.016153
Instances/Instances 2/d1655_01.gt,1654,20.0,86400.0,PTVRP_LINEAR,5627907.0,75,0.000053400,0.000053400,0.0000,1,0.008301
Instances/Instances 2/d1655_02.gt,1654,40.0,86400.0,PTVRP_LINEAR,3399009.0,49,0.000052900,0.000052900,0.0000,1,0.007421
Instances/Instances 2/d1655_03.gt,1654,100.0,86400.0,PTVRP_LINEAR,1673887.0,31,0.000059100,0.000059100,0.0000,1,0.006741
Instances/Instances 2/d1655_04.gt,1654,200.0,86400.0,PTVRP_LINEAR,1123492.0,19,0.000050700,0.000050700,0.0000,1,0.006324
Instances/Instances 2/d1655_05.gt,1654,400.0,86400.0,PTVRP_LINEAR,739042.0,13,0.000047500,0.000047500,0.0000,1,0.007664
Instances/Instances 2/d1655_06.gt,1654,1000.0,86400.0,PTVRP_LINEAR,436030.0,8,0.000047500,0.000047500,0.0000,1,0.008377
Instances/Instances 2/d1655_07.gt,1654,2000.0,86400.0,PTVRP_LINEAR,299522.0,6,0.000046800,0.000046800,0.0000,1,0.007496
Instances/Instances 2/d1655_08.gt,1654,4000.0,86400.0,PTVRP_LINEAR,219763.0,5,0.000042900,0.000042900,0.0000,1,0.010397
Instances/Instances 2/d1655_09.gt,1654,10000.0,86400.0,PTVRP_LINEAR,107922.0,4,0.000039900,0.000039900,0.0000,1,0.009167
Instances/Instances 2/d1655_10.gt,1654,20000.0,86400.0,PTVRP_LINEAR,66919.0,3,0.000040400,0.000040400,0.0000,1,0.008645
Instances/Instances 2/d18512_01.gt,18511,20.0,86400.0,PTVRP_LINEAR,124632481.0,1589,0.000709400,0.000709400,0.0000,1,0.01845
Instances/Instances 2/d18512_02.gt,18511,40.0,86400.0,PTVRP_LINEAR,65731466.0,839,0.000726300,0.000726300,0.0000,1,0.021612
Instances/Instances 2/d18512_03.gt,18511,100.0,86400.0,PTVRP_LINEAR,30327575.0,402,0.000741100,0.000741100,0.0000,1,0.019187
Instances/Instances 2/d18512_04.gt,18511,200.0,86400.0,PTVRP_LINEAR,17620806.0,241,0.000780000,0.000780000,0.0000,1,0.019729
Instances/Instances 2/d18512_05.gt,18511,400.0,86400.0,PTVRP_LINEAR,10669188.0,157,0.000712900,0.000712900,0.0000,1,0.020445
Instances/Instances 2/d18512_06.gt,18511,1000.0,86400.0,PTVRP_LINEAR,5909273.0,89,0.000693900,0.000693900,0.0000,1,0.020138
Instances/Instances 2/d18512_07.gt,18511,2000.0,86400.0,PTVRP_LINEAR,3721076.0,65,0.000689700,0.000689700,0.0000,1,0.019707
Instances/Instances 2/d18512_08.gt,18511,4000.0,86400.0,PTVRP_LINEAR,2359553.0,50,0.000656800,0.000656800,0.0000,1,0.017092
Instances/Instances 2/d18512_09.gt,18511,10000.0,86400.0,PTVRP_LINEAR,1509236.0,27,0.000652900,0.000652900,0.0000,1,0.019789
Instances/Instances 2/d18512_10.gt,18511,20000.0,86400.0,PTVRP_LINEAR,914059.0,25,0.000593700,0.000593700,0.0000,1,0.020449
Instances/Instances 2/d198_01.gt,197,20.0,86400.0,PTVRP_LINEAR,644285.0,11,0.000007200,0.000007200,0.0000,1,0.007255
Instances/Instances 2/d198_02.gt,197,40.0,86400.0,PTVRP_LINEAR,413446.0,8,0.000006600,0.000006600,0.0000,1,0.007418
Instances/Instances 2/d198_03.gt,197,100.0,86400.0,PTVRP_LINEAR,260234.0,4,0.000007000,0.000007000,0.0000,1,0.007696
Instances/Instances 2/d198_04.gt,197,200.0,86400.0,PTVRP_LINEAR,139358.0,4,0.000006800,0.000006800,0.0000,1,0.006087
Instances/Instances 2/d198_05.gt,197,400.0,86400.0,PTVRP_LINEAR,129680.0,2,0.000006700,0.000006700,0.0000,1,0.008271
Instances/Instances 2/d198_06.gt,197,1000.0,86400.0,PTVRP_LINEAR,55407.0,2,0.000005300,0.000005300,0.0000,1,0.007423
Instances/Instances 2/d198_07.gt,197,2000.0,86400.0,PTVRP_LINEAR,52581.0,1,0.000005700,0.000005700,0.0000,1,0.005762
Instances/Instances 2/d198_08.gt,197,4000.0,86400.0,PTVRP_LINEAR,35054.0,1,0.000005500,0.000005500,0.0000,1,0.007536
Instances/Instances 2/d198_09.gt,197,10000.0,86400.0,PTVRP_LINEAR,17527.0,1,0.000005500,0.000005500,0.0000,1,0.007399
Instances/Instances 2/d198_10.gt,197,20000.0,86400.0,PTVRP_LINEAR,17527.0,1,0.000005500,0.000005500,0.0000,1,0.006766
Instances/Instances 2/d2103_01.gt,2102,20.0,86400.0,PTVRP_LINEAR,8312461.0,108,0.000072200,0.000072200,0.0000,1,0.00805
Instances/Instances 2/d2103_02.gt,2102,40.0,86400.0,PTVRP_LINEAR,4635693.0,70,0.000070100,0.000070100,0.0000,1,0.008684
Instances/Instances 2/d2103_03.gt,2102,100.0,86400.0,PTVRP_LINEAR,2342060.0,38,0.000071100,0.000071100,0.0000,1,0.007893
Instances/Instances 2/d2103_04.gt,2102,200.0,86400.0,PTVRP_LINEAR,1518841.0,24,0.000068700,0.000068700,0.0000,1,0.009099
Instances/Instances 2/d2103_05.gt,2102,400.0,86400.0,PTVRP_LINEAR,924609.0,19,0.000064200,0.000064200,0.0000,1,0.009342
Instances/Instances 2/d2103_06.gt,2102,1000.0,86400.0,PTVRP_LINEAR,569873.0,11,0.000063100,0.000063100,0.0000,1,0.009462
Instances/Instances 2/d2103_07.gt,2102,2000.0,86400.0,PTVRP_LINEAR,424704.0,7,0.000058700,0.000058700,0.0000,1,0.009377
Instances/Instances 2/d2103_08.gt,2102,4000.0,86400.0,PTVRP_LINEAR,297856.0,5,0.000053900,0.000053900,0.0000,1,0.008981
Instances/Instances 2/d2103_09.gt,2102,10000.0,86400.0,PTVRP_LINEAR,159148.0,4,0.000052600,0.000052600,0.0000,1,0.008573
Instances/Instances 2/d2103_10.gt,2102,20000.0,86400.0,PTVRP_LINEAR,123682.0,3,0.000050500,0.000050500,0.0000,1,0.008534
Instances/Instances 2/d493_01.gt,492,20.0,86400.0,PTVRP_LINEAR,1589867.0,26,0.000016300,0.000016300,0.0000,1,0.006641
Instances/Instances 2/d493_02.gt,492,40.0,86400.0,PTVRP_LINEAR,1000284.0,17,0.000016800,0.000016800,0.0000,1,0.007484
Instances/Instances 2/d493_03.gt,492,100.0,86400.0,PTVRP_LINEAR,615089.0,10,0.000017300,0.000017300,0.0000,1,0.008928
Instances/Instances 2/d493_04.gt,492,200.0,86400.0,PTVRP_LINEAR,416206.0,7,0.000015100,0.000015100,0.0000,1,0.006467
Instances/Instances 2/d493_05.gt,492,400.0,86400.0,PTVRP_LINEAR,275209.0,5,0.000015100,0.000015100,0.0000,1,0.007516
Instances/Instances 2/d493_06.gt,492,1000.0,86400.0,PTVRP_LINEAR,175104.0,3,0.000013500,0.000013500,0.0000,1,0.006189
Instances/Instances 2/d493_07.gt,492,2000.0,86400.0,PTVRP_LINEAR,109152.0,3,0.000013200,0.000013200,0.0000,1,0.006417
Instances/Instances 2/d493_08.gt,492,4000.0,86400.0,PTVRP_LINEAR,77566.0,2,0.000013100,0.000013100,0.0000,1,0.005838
Instances/Instances 2/d493_09.gt,492,10000.0,86400.0,PTVRP_LINEAR,75468.0,1,0.000013500,0.000013500,0.0000,1,0.005104
Instances/Instances 2/d493_10.gt,492,20000.0,86400.0,PTVRP_LINEAR,37734.0,1,0.000013900,0.000013900,0.0000,1,0.005389
Instances/Instances 2/d657_01.gt,656,20.0,86400.0,PTVRP_LINEAR,2585284.0,37,0.000022200,0.000022200,0.0000,1,0.006219
Instances/Instances 2/d657_02.gt,656,40.0,86400.0,PTVRP_LINEAR,1529419.0,28,0.000021500,0.000021500,0.0000,1,0.005907
Instances/Instances 2/d657_03.gt,656,100.0,86400.0,PTVRP_LINEAR,856120.0,16,0.000021200,0.000021200,0.0000,1,0.006182
Instances/Instances 2/d657_04.gt,656,200.0,86400.0,PTVRP_LINEAR,528958.0,12,0.000020500,0.000020500,0.0000,1,0.007151
Instances/Instances 2/d657_05.gt,656,400.0,86400.0,PTVRP_LINEAR,400187.0,7,0.000021500,0.000021500,0.0000,1,0.006307
Instances/Instances 2/d657_06.gt,656,1000.0,86400.0,PTVRP_LINEAR,218813.0,5,0.000018900,0.000018900,0.0000,1,0.006801
Instances/Instances 2/d657_07.gt,656,2000.0,86400.0,PTVRP_LINEAR,172647.0,3,0.000018800,0.000018800,0.0000,1,0.007522
Instances/Instances 2/d657_08.gt,656,4000.0,86400.0,PTVRP_LINEAR,120827.0,3,0.000018300,0.000018300,0.0000,1,0.007126
Instances/Instances 2/d657_09.gt,656,10000.0,86400.0,PTVRP_LINEAR,52507.0,2,0.000019100,0.000019100,0.0000,1,0.006454
Instances/Instances 2/d657_10.gt,656,20000.0,86400.0,PTVRP_LINEAR,52008.0,1,0.000019600,0.000019600,0.0000,1,0.006151
Instances/Instances 2/dj38_01.gt,37,20.0,86400.0,PTVRP_LINEAR,176224.0,3,0.000001800,0.000001800,0.0000,1,0.0066
Instances/Instances 2/dj38_02.gt,37,40.0,86400.0,PTVRP_LINEAR,115432.0,2,0.000001800,0.000001800,0.0000,1,0.005633
Instances/Instances 2/dj38_03.gt,37,100.0,86400.0,PTVRP_LINEAR,71972.0,2,0.000001900,0.000001900,0.0000,1,0.005048
Instances/Instances 2/dj38_04.gt,37,200.0,86400.0,PTVRP_LINEAR,40240.0,1,0.000001700,0.000001700,0.0000,1,0.005886
Instances/Instances 2/dj38_05.gt,37,400.0,86400.0,PTVRP_LINEAR,24144.0,1,0.000002300,0.000002300,0.0000,1,0.006545
Instances/Instances 2/dj38_06.gt,37,1000.0,86400.0,PTVRP_LINEAR,8048.0,1,0.000002000,0.000002000,0.0000,1,0.008317
Instances/Instances 2/dj38_07.gt,37,2000.0,86400.0,PTVRP_LINEAR,8048.0,1,0.000002300,0.000002300,0.0000,1,0.007247
Instances/Instances 2/dj38_08.gt,37,4000.0,86400.0,PTVRP_LINEAR,8048.0,1,0.000001900,0.000001900,0.0000,1,0.006066
Instances/Instances 2/dj38_09.gt,37,10000.0,86400.0,PTVRP_LINEAR,8048.0,1,0.000002500,0.000002500,0.0000,1,0.006384
Instances/Instances 2/dj38_10.gt,37,20000.0,86400.0,PTVRP_LINEAR,8048.0,1,0.000001900,0.000001900,0.0000,1,0.006656
Instances/Instances 2/eg7146_01.gt,7145,20.0,86400.0,PTVRP_LINEAR,31578112.0,403,0.000279800,0.000279800,0.0000,1,0.011828
Instances/Instances 2/eg7146_02.gt,7145,40.0,86400.0,PTVRP_LINEAR,16789671.0,227,0.000273600,0.000273600,0.0000,1,0.013446
Instances/Instances 2/eg7146_03.gt,7145,100.0,86400.0,PTVRP_LINEAR,8090069.0,109,0.000281100,0.000281100,0.0000,1,0.011898
Instances/Instances 2/eg7146_04.gt,7145,200.0,86400.0,PTVRP_LINEAR,4668756.0,72,0.000269300,0.000269300,0.0000,1,0.011998
Instances/Instances 2/eg7146_05.gt,7145,400.0,86400.0,PTVRP_LINEAR,2893925.0,49,0.000263200,0.000263200,0.0000,1,0.013874
Instances/Instances 2/eg7146_06.gt,7145,1000.0,86400.0,PTVRP_LINEAR,1592543.0,28,0.000253700,0.000253700,0.0000,1,0.012975
Instances/Instances 2/eg7146_07.gt,7145,2000.0,86400.0,PTVRP_LINEAR,1018746.0,22,0.000270600,0.000270600,0.0000,1,0.014766
Instances/Instances 2/eg7146_08.gt,7145,4000.0,86400.0,PTVRP_LINEAR,781472.0,13,0.000256500,0.000256500,0.0000,1,0.010567
Instances/Instances 2/eg7146_09.gt,7145,10000.0,86400.0,PTVRP_LINEAR,453040.0,9,0.000247800,0.000247800,0.0000,1,0.01168
Instances/Instances 2/eg7146_10.gt,7145,20000.0,86400.0,PTVRP_LINEAR,343110.0,6,0.000246800,0.000246800,0.0000,1,0.011696
Instances/Instances 2/ei8246_01.gt,8245,20.0,86400.0,PTVRP_LINEAR,33240703.0,427,0.000322000,0.000322000,0.0000,1,0.013311
Instances/Instances 2/ei8246_02.gt,8245,40.0,86400.0,PTVRP_LINEAR,18384665.0,240,0.000342400,0.000342400,0.0000,1,0.013642
Instances/Instances 2/ei8246_03.gt,8245,100.0,86400.0,PTVRP_LINEAR,8961402.0,129,0.000344300,0.000344300,0.0000,1,0.012322
Instances/Instances 2/ei8246_04.gt,8245,200.0,86400.0,PTVRP_LINEAR,5364244.0,87,0.000317300,0.000317300,0.0000,1,0.012782
Instances/Instances 2/ei8246_05.gt,8245,400.0,86400.0,PTVRP_LINEAR,3277516.0,61,0.000301700,0.000301700,0.0000,1,0.015144
Instances/Instances 2/ei8246_06.gt,8245,1000.0,86400.0,PTVRP_LINEAR,1893960.0,36,0.000297100,0.000297100,0.0000,1,0.014734
Instances/Instances 2/ei8246_07.gt,8245,2000.0,86400.0,PTVRP_LINEAR,1390859.0,22,0.000308600,0.000308600,0.0000,1,0.013183
Instances/Instances 2/ei8246_08.gt,8245,4000.0,86400.0,PTVRP_LINEAR,933308.0,14,0.000298200,0.000298200,0.0000,1,0.012117
Instances/Instances 2/ei8246_09.gt,8245,10000.0,86400.0,PTVRP_LINEAR,603448.0,10,0.000311500,0.000311500,0.0000,1,0.011735
Instances/Instances 2/ei8246_10.gt,8245,20000.0,86400.0,PTVRP_LINEAR,418319.0,6,0.000288900,0.000288900,0.0000,1,0.012503
Instances/Instances 2/eil101_01.gt,100,20.0,86400.0,PTVRP_LINEAR,84978.0,2,0.000002300,0.000002300,0.0000,1,0.007096
Instances/Instances 2/eil101_02.gt,100,40.0,86400.0,PTVRP_LINEAR,41728.0,1,0.000002300,0.000002300,0.0000,1,0.006727
Instances/Instances 2/eil101_03.gt,100,100.0,86400.0,PTVRP_LINEAR,16952.0,1,0.000002400,0.000002400,0.0000,1,0.00601
Instances/Instances 2/eil101_04.gt,100,200.0,86400.0,PTVRP_LINEAR,8476.0,1,0.000002500,0.000002500,0.0000,1,0.006505
Instances/Instances 2/eil101_05.gt,100,400.0,86400.0,PTVRP_LINEAR,5216.0,1,0.000002800,0.000002800,0.0000,1,0.007252
Instances/Instances 2/eil101_06.gt,100,1000.0,86400.0,PTVRP_LINEAR,1956.0,1,0.000003200,0.000003200,0.0000,1,0.006339
Instances/Instances 2/eil101_07.gt,100,2000.0,86400.0,PTVRP_LINEAR,1304.0,1,0.000003100,0.000003100,0.0000,1,0.005227
Instances/Instances 2/eil101_08.gt,100,4000.0,86400.0,PTVRP_LINEAR,652.0,2,0.000003500,0.000003500,0.0000,1,0.005337
Instances/Instances 2/eil101_09.gt,100,10000.0,86400.0,PTVRP_LINEAR,652.0,2,0.000003500,0.000003500,0.0000,1,0.006105
Instances/Instances 2/eil101_10.gt,100,20000.0,86400.0,PTVRP_LINEAR,652.0,2,0.000003500,0.000003500,0.0000,1,0.005689
Instances/Instances 2/eil51_01.gt,50,20.0,86400.0,PTVRP_LINEAR,26962.0,1,0.000001600,0.000001600,0.0000,1,0.006504
Instances/Instances 2/eil51_02.gt,50,40.0,86400.0,PTVRP_LINEAR,14144.0,1,0.000001500,0.000001500,0.0000,1,0.005085
Instances/Instances 2/eil51_03.gt,50,100.0,86400.0,PTVRP_LINEAR,6188.0,1,0.000001600,0.000001600,0.0000,1,0.004844
Instances/Instances 2/eil51_04.gt,50,200.0,86400.0,PTVRP_LINEAR,3094.0,1,0.000001600,0.000001600,0.0000,1,0.007059
Instances/Instances 2/eil51_05.gt,50,400.0,86400.0,PTVRP_LINEAR,1326.0,1,0.000002100,0.000002100,0.0000,1,0.005818
Instances/Instances 2/eil51_06.gt,50,1000.0,86400.0,PTVRP_LINEAR,884.0,1,0.000002700,0.000002700,0.0000,1,0.007121
Instances/Instances 2/eil51_07.gt,50,2000.0,86400.0,PTVRP_LINEAR,442.0,1,0.000002200,0.000002200,0.0000,1,0.00746
Instances/Instances 2/eil51_08.gt,50,4000.0,86400.0,PTVRP_LINEAR,442.0,1,0.000002600,0.000002600,0.0000,1,0.007643
Instances/Instances 2/eil51_09.gt,50,10000.0,86400.0,PTVRP_LINEAR,442.0,1,0.000002100,0.000002100,0.0000,1,0.007083
Instances/Instances 2/eil51_10.gt,50,20000.0,86400.0,PTVRP_LINEAR,442.0,1,0.000002000,0.000002000,0.0000,1,0.006556
Instances/Instances 2/eil76_01.gt,75,20.0,86400.0,PTVRP_LINEAR,53862.0,1,0.000001900,0.000001900,0.0000,1,0.006826
Instances/Instances 2/eil76_02.gt,75,40.0,86400.0,PTVRP_LINEAR,27504.0,1,0.000002000,0.000002000,0.0000,1,0.007574
Instances/Instances 2/eil76_03.gt,75,100.0,86400.0,PTVRP_LINEAR,10314.0,1,0.000002100,0.000002100,0.0000,1,0.007615
Instances/Instances 2/eil76_04.gt,75,200.0,86400.0,PTVRP_LINEAR,5730.0,1,0.000002100,0.000002100,0.0000,1,0.007419
Instances/Instances 2/eil76_05.gt,75,400.0,86400.0,PTVRP_LINEAR,2865.0,1,0.000002400,0.000002400,0.0000,1,0.007745
Instances/Instances 2/eil76_06.gt,75,1000.0,86400.0,PTVRP_LINEAR,1146.0,1,0.000002700,0.000002700,0.0000,1,0.00717
Instances/Instances 2/eil76_07.gt,75,2000.0,86400.0,PTVRP_LINEAR,1146.0,1,0.000002800,0.000002800,0.0000,1,0.006794
Instances/Instances 2/eil76_08.gt,75,4000.0,86400.0,PTVRP_LINEAR,573.0,1,0.000002700,0.000002700,0.0000,1,0.00737
Instances/Instances 2/eil76_09.gt,75,10000.0,86400.0,PTVRP_LINEAR,573.0,1,0.000002700,0.000002700,0.0000,1,0.007494
Instances/Instances 2/eil76_10.gt,75,20000.0,86400.0,PTVRP_LINEAR,573.0,1,0.000002900,0.000002900,0.0000,1,0.006246
Instances/Instances 2/fi10639_01.gt,10638,20.0,86400.0,PTVRP_LINEAR,88706260.0,1145,0.000408700,0.000408700,0.0000,1,0.011903
Instances/Instances 2/fi10639_02.gt,10638,40.0,86400.0,PTVRP_LINEAR,46996202.0,606,0.000447000,0.000447000,0.0000,1,0.013566
Instances/Instances 2/fi10639_03.gt,10638,100.0,86400.0,PTVRP_LINEAR,21069273.0,281,0.000454800,0.000454800,0.0000,1,0.012766
Instances/Instances 2/fi10639_04.gt,10638,200.0,86400.0,PTVRP_LINEAR,12169029.0,170,0.000452600,0.000452600,0.0000,1,0.014224
Instances/Instances 2/fi10639_05.gt,10638,400.0,86400.0,PTVRP_LINEAR,7278169.0,110,0.000427500,0.000427500,0.0000,1,0.015267
Instances/Instances 2/fi10639_06.gt,10638,1000.0,86400.0,PTVRP_LINEAR,4053199.0,61,0.000423500,0.000423500,0.0000,1,0.012288
Instances/Instances 2/fi10639_07.gt,10638,2000.0,86400.0,PTVRP_LINEAR,2579962.0,43,0.000387900,0.000387900,0.0000,1,0.016499
Instances/Instances 2/fi10639_08.gt,10638,4000.0,86400.0,PTVRP_LINEAR,1766437.0,29,0.000380800,0.000380800,0.0000,1,0.015428
Instances/Instances 2/fi10639_09.gt,10638,10000.0,86400.0,PTVRP_LINEAR,1037459.0,19,0.000373100,0.000373100,0.0000,1,0.015309
Instances/Instances 2/fi10639_10.gt,10638,20000.0,86400.0,PTVRP_LINEAR,585965.0,15,0.000362300,0.000362300,0.0000,1,0.012876
Instances/Instances 2/fl1400_01.gt,1399,20.0,86400.0,PTVRP_LINEAR,3939321.0,54,0.000045800,0.000045800,0.0000,1,0.00822
Instances/Instances 2/fl1400_02.gt,1399,40.0,86400.0,PTVRP_LINEAR,2164355.0,30,0.000046000,0.000046000,0.0000,1,0.006608
Instances/Instances 2/fl1400_03.gt,1399,100.0,86400.0,PTVRP_LINEAR,1070621.0,16,0.000045500,0.000045500,0.0000,1,0.006154
Instances/Instances 2/fl1400_04.gt,1399,200.0,86400.0,PTVRP_LINEAR,629637.0,11,0.000042600,0.000042600,0.0000,1,0.005414
Instances/Instances 2/fl1400_05.gt,1399,400.0,86400.0,PTVRP_LINEAR,403217.0,7,0.000040500,0.000040500,0.0000,1,0.006417
Instances/Instances 2/fl1400_06.gt,1399,1000.0,86400.0,PTVRP_LINEAR,263034.0,4,0.000039800,0.000039800,0.0000,1,0.006606
Instances/Instances 2/fl1400_07.gt,1399,2000.0,86400.0,PTVRP_LINEAR,179009.0,3,0.000039000,0.000039000,0.0000,1,0.006204
Instances/Instances 2/fl1400_08.gt,1399,4000.0,86400.0,PTVRP_LINEAR,118608.0,2,0.000037100,0.000037100,0.0000,1,0.007111
Instances/Instances 2/fl1400_09.gt,1399,10000.0,86400.0,PTVRP_LINEAR,83496.0,2,0.000035100,0.000035100,0.0000,1,0.005981
Instances/Instances 2/fl1400_10.gt,1399,20000.0,86400.0,PTVRP_LINEAR,44500.0,1,0.000037100,0.000037100,0.0000,1,0.009677
Instances/Instances 2/fl1577_01.gt,1576,20.0,86400.0,PTVRP_LINEAR,3350030.0,46,0.000050300,0.000050300,0.0000,1,0.007418
Instances/Instances 2/fl1577_02.gt,1576,40.0,86400.0,PTVRP_LINEAR,1938995.0,31,0.000048400,0.000048400,0.0000,1,0.006403
Instances/Instances 2/fl1577_03.gt,1576,100.0,86400.0,PTVRP_LINEAR,1049911.0,15,0.000049400,0.000049400,0.0000,1,0.007385
Instances/Instances 2/fl1577_04.gt,1576,200.0,86400.0,PTVRP_LINEAR,671821.0,11,0.000047100,0.000047100,0.0000,1,0.006502
Instances/Instances 2/fl1577_05.gt,1576,400.0,86400.0,PTVRP_LINEAR,462399.0,7,0.000046700,0.000046700,0.0000,1,0.00673
Instances/Instances 2/fl1577_06.gt,1576,1000.0,86400.0,PTVRP_LINEAR,290329.0,4,0.000044000,0.000044000,0.0000,1,0.007061
Instances/Instances 2/fl1577_07.gt,1576,2000.0,86400.0,PTVRP_LINEAR,187035.0,3,0.000042400,0.000042400,0.0000,1,0.00713
Instances/Instances 2/fl1577_08.gt,1576,4000.0,86400.0,PTVRP_LINEAR,140923.0,2,0.000038500,0.000038500,0.0000,1,0.008162
Instances/Instances 2/fl1577_09.gt,1576,10000.0,86400.0,PTVRP_LINEAR,81354.0,2,0.000035000,0.000035000,0.0000,1,0.007738
Instances/Instances 2/fl1577_10.gt,1576,20000.0,86400.0,PTVRP_LINEAR,42916.0,2,0.000036300,0.000036300,0.0000,1,0.008429
Instances/Instances 2/fl3795_01.gt,3794,20.0,86400.0,PTVRP_LINEAR,8029632.0,106,0.000142600,0.000142600,0.0000,1,0.008377
Instances/Instances 2/fl3795_02.gt,3794,40.0,86400.0,PTVRP_LINEAR,4452117.0,61,0.000143500,0.000143500,0.0000,1,0.007643
Instances/Instances 2/fl3795_03.gt,3794,100.0,86400.0,PTVRP_LINEAR,2141994.0,31,0.000142800,0.000142800,0.0000,1,0.007021
Instances/Instances 2/fl3795_04.gt,3794,200.0,86400.0,PTVRP_LINEAR,1250066.0,22,0.000134700,0.000134700,0.0000,1,0.009537
Instances/Instances 2/fl3795_05.gt,3794,400.0,86400.0,PTVRP_LINEAR,860025.0,13,0.000139400,0.000139400,0.0000,1,0.010054
Instances/Instances 2/fl3795_06.gt,3794,1000.0,86400.0,PTVRP_LINEAR,462320.0,9,0.000121900,0.000121900,0.0000,1,0.009585
Instances/Instances 2/fl3795_07.gt,3794,2000.0,86400.0,PTVRP_LINEAR,338353.0,6,0.000118000,0.000118000,0.0000,1,0.009347
Instances/Instances 2/fl3795_08.gt,3794,4000.0,86400.0,PTVRP_LINEAR,236514.0,4,0.000114100,0.000114100,0.0000,1,0.008791
Instances/Instances 2/fl3795_09.gt,3794,10000.0,86400.0,PTVRP_LINEAR,154052.0,3,0.000114300,0.000114300,0.0000,1,0.009456
Instances/Instances 2/fl3795_10.gt,3794,20000.0,86400.0,PTVRP_LINEAR,106424.0,2,0.000105500,0.000105500,0.0000,1,0.008016
Instances/Instances 2/fl417_01.gt,416,20.0,86400.0,PTVRP_LINEAR,1308559.0,18,0.000014000,0.000014000,0.0000,1,0.005591
Instances/Instances 2/fl417_02.gt,416,40.0,86400.0,PTVRP_LINEAR,736249.0,10,0.000013700,0.000013700,0.0000,1,0.006332
Instances/Instances 2/fl417_03.gt,416,100.0,86400.0,PTVRP_LINEAR,379609.0,6,0.000013400,0.000013400,0.0000,1,0.005667
Instances/Instances 2/fl417_04.gt,416,200.0,86400.0,PTVRP_LINEAR,259278.0,4,0.000013600,0.000013600,0.0000,1,0.00554
Instances/Instances 2/fl417_05.gt,416,400.0,86400.0,PTVRP_LINEAR,145324.0,3,0.000013200,0.000013200,0.0000,1,0.006845
Instances/Instances 2/fl417_06.gt,416,1000.0,86400.0,PTVRP_LINEAR,93437.0,2,0.000010300,0.000010300,0.0000,1,0.006258
Instances/Instances 2/fl417_07.gt,416,2000.0,86400.0,PTVRP_LINEAR,82500.0,1,0.000010100,0.000010100,0.0000,1,0.005236
Instances/Instances 2/fl417_08.gt,416,4000.0,86400.0,PTVRP_LINEAR,41250.0,1,0.000011000,0.000011000,0.0000,1,0.006059
Instances/Instances 2/fl417_09.gt,416,10000.0,86400.0,PTVRP_LINEAR,27500.0,1,0.000011300,0.000011300,0.0000,1,0.005974
Instances/Instances 2/fl417_10.gt,416,20000.0,86400.0,PTVRP_LINEAR,13750.0,1,0.000011500,0.000011500,0.0000,1,0.006987
Instances/Instances 2/fnl4461_01.gt,4460,20.0,86400.0,PTVRP_LINEAR,20177034.0,262,0.000170500,0.000170500,0.0000,1,0.009879
Instances/Instances 2/fnl4461_02.gt,4460,40.0,86400.0,PTVRP_LINEAR,11376655.0,157,0.000174100,0.000174100,0.0000,1,0.009344
Instances/Instances 2/fnl4461_03.gt,4460,100.0,86400.0,PTVRP_LINEAR,5701663.0,87,0.000175400,0.000175400,0.0000,1,0.009348
Instances/Instances 2/fnl4461_04.gt,4460,200.0,86400.0,PTVRP_LINEAR,3591030.0,57,0.000171500,0.000171500,0.0000,1,0.010141
Instances/Instances 2/fnl4461_05.gt,4460,400.0,86400.0,PTVRP_LINEAR,2155194.0,41,0.000175800,0.000175800,0.0000,1,0.010068
Instances/Instances 2/fnl4461_06.gt,4460,1000.0,86400.0,PTVRP_LINEAR,1245297.0,25,0.000158700,0.000158700,0.0000,1,0.009405
Instances/Instances 2/fnl4461_07.gt,4460,2000.0,86400.0,PTVRP_LINEAR,908952.0,17,0.000164800,0.000164800,0.0000,1,0.007779
Instances/Instances 2/fnl4461_08.gt,4460,4000.0,86400.0,PTVRP_LINEAR,607359.0,10,0.000180200,0.000180200,0.0000,1,0.007669
Instances/Instances 2/fnl4461_09.gt,4460,10000.0,86400.0,PTVRP_LINEAR,377813.0,7,0.000155400,0.000155400,0.0000,1,0.008605
Instances/Instances 2/fnl4461_10.gt,4460,20000.0,86400.0,PTVRP_LINEAR,195029.0,7,0.000144500,0.000144500,0.0000,1,0.010189
Instances/Instances 2/gil262_01.gt,261,20.0,86400.0,PTVRP_LINEAR,280423.0,4,0.000009000,0.000009000,0.0000,1,0.007947
Instances/Instances 2/gil262_02.gt,261,40.0,86400.0,PTVRP_LINEAR,182374.0,3,0.000008600,0.000008600,0.0000,1,0.00655
Instances/Instances 2/gil262_03.gt,261,100.0,86400.0,PTVRP_LINEAR,105851.0,2,0.000007500,0.000007500,0.0000,1,0.00632
Instances/Instances 2/gil262_04.gt,261,200.0,86400.0,PTVRP_LINEAR,85838.0,2,0.000005900,0.000005900,0.0000,1,0.006236
Instances/Instances 2/gil262_05.gt,261,400.0,86400.0,PTVRP_LINEAR,47610.0,1,0.000006100,0.000006100,0.0000,1,0.006608
Instances/Instances 2/gil262_06.gt,261,1000.0,86400.0,PTVRP_LINEAR,18515.0,1,0.000006500,0.000006500,0.0000,1,0.005597
Instances/Instances 2/gil262_07.gt,261,2000.0,86400.0,PTVRP_LINEAR,10580.0,1,0.000007300,0.000007300,0.0000,1,0.006463
Instances/Instances 2/gil262_08.gt,261,4000.0,86400.0,PTVRP_LINEAR,5290.0,1,0.000007900,0.000007900,0.0000,1,0.005489
Instances/Instances 2/gil262_09.gt,261,10000.0,86400.0,PTVRP_LINEAR,2645.0,1,0.000008500,0.000008500,0.0000,1,0.005732
Instances/Instances 2/gil262_10.gt,261,20000.0,86400.0,PTVRP_LINEAR,2645.0,1,0.000008800,0.000008800,0.0000,1,0.005663
Instances/Instances 2/gr9882_01.gt,9881,20.0,86400.0,PTVRP_LINEAR,60211625.0,770,0.000382400,0.000382400,0.0000,1,0.011468
Instances/Instances 2/gr9882_02.gt,9881,40.0,86400.0,PTVRP_LINEAR,32126896.0,413,0.000402300,0.000402300,0.0000,1,0.014069
Instances/Instances 2/gr9882_03.gt,9881,100.0,86400.0,PTVRP_LINEAR,14668214.0,195,0.000404400,0.000404400,0.0000,1,0.011035
Instances/Instances 2/gr9882_04.gt,9881,200.0,86400.0,PTVRP_LINEAR,8606449.0,122,0.000383900,0.000383900,0.0000,1,0.011781
Instances/Instances 2/gr9882_05.gt,9881,400.0,86400.0,PTVRP_LINEAR,5062314.0,84,0.000381100,0.000381100,0.0000,1,0.01382
Instances/Instances 2/gr9882_06.gt,9881,1000.0,86400.0,PTVRP_LINEAR,2851806.0,45,0.000371300,0.000371300,0.0000,1,0.014817
Instances/Instances 2/gr9882_07.gt,9881,2000.0,86400.0,PTVRP_LINEAR,1796902.0,35,0.000351800,0.000351800,0.0000,1,0.01334
Instances/Instances 2/gr9882_08.gt,9881,4000.0,86400.0,PTVRP_LINEAR,1197024.0,24,0.000344700,0.000344700,0.0000,1,0.012018
Instances/Instances 2/gr9882_09.gt,9881,10000.0,86400.0,PTVRP_LINEAR,796659.0,13,0.000349700,0.000349700,0.0000,1,0.015063
Instances/Instances 2/gr9882_10.gt,9881,20000.0,86400.0,PTVRP_LINEAR,483081.0,12,0.000323300,0.000323300,0.0000,1,0.013941
Instances/Instances 2/ho14473_01.gt,14472,20.0,86400.0,PTVRP_LINEAR,45712538.0,582,0.000562300,0.000562300,0.0000,1,0.017029
Instances/Instances 2/ho14473_02.gt,14472,40.0,86400.0,PTVRP_LINEAR,25247050.0,325,0.000580700,0.000580700,0.0000,1,0.015013
Instances/Instances 2/ho14473_03.gt,14472,100.0,86400.0,PTVRP_LINEAR,11788433.0,168,0.000572500,0.000572500,0.0000,1,0.014555
Instances/Instances 2/ho14473_04.gt,14472,200.0,86400.0,PTVRP_LINEAR,6902575.0,112,0.000553600,0.000553600,0.0000,1,0.012716
Instances/Instances 2/ho14473_05.gt,14472,400.0,86400.0,PTVRP_LINEAR,4319311.0,72,0.000536200,0.000536200,0.0000,1,0.017219
Instances/Instances 2/ho14473_06.gt,14472,1000.0,86400.0,PTVRP_LINEAR,2356381.0,45,0.000536100,0.000536100,0.0000,1,0.017091
Instances/Instances 2/ho14473_07.gt,14472,2000.0,86400.0,PTVRP_LINEAR,1636304.0,27,0.000529600,0.000529600,0.0000,1,0.015357
Instances/Instances 2/ho14473_08.gt,14472,4000.0,86400.0,PTVRP_LINEAR,1039989.0,22,0.000500100,0.000500100,0.0000,1,0.016688
Instances/Instances 2/ho14473_09.gt,14472,10000.0,86400.0,PTVRP_LINEAR,688187.0,12,0.000494500,0.000494500,0.0000,1,0.017848
Instances/Instances 2/ho14473_10.gt,14472,20000.0,86400.0,PTVRP_LINEAR,451721.0,9,0.000492400,0.000492400,0.0000,1,0.018515
Instances/Instances 2/it16862_01.gt,16861,20.0,86400.0,PTVRP_LINEAR,144383417.0,1889,0.000651400,0.000651400,0.0000,1,0.019056
Instances/Instances 2/it16862_02.gt,16861,40.0,86400.0,PTVRP_LINEAR,74193301.0,951,0.000660900,0.000660900,0.0000,1,0.021085
Instances/Instances 2/it16862_03.gt,16861,100.0,86400.0,PTVRP_LINEAR,32803234.0,424,0.000680500,0.000680500,0.0000,1,0.022548
Instances/Instances 2/it16862_04.gt,16861,200.0,86400.0,PTVRP_LINEAR,18092871.0,246,0.000668600,0.000668600,0.0000,1,0.023408
Instances/Instances 2/it16862_05.gt,16861,400.0,86400.0,PTVRP_LINEAR,10643146.0,152,0.000648500,0.000648500,0.0000,1,0.019073
Instances/Instances 2/it16862_06.gt,16861,1000.0,86400.0,PTVRP_LINEAR,5609032.0,85,0.000630900,0.000630900,0.0000,1,0.019364
Instances/Instances 2/it16862_07.gt,16861,2000.0,86400.0,PTVRP_LINEAR,3612010.0,57,0.000649800,0.000649800,0.0000,1,0.01967
Instances/Instances 2/it16862_08.gt,16861,4000.0,86400.0,PTVRP_LINEAR,2343654.0,39,0.000616700,0.000616700,0.0000,1,0.020076
Instances/Instances 2/it16862_09.gt,16861,10000.0,86400.0,PTVRP_LINEAR,1407508.0,24,0.000595800,0.000595800,0.0000,1,0.02166
Instances/Instances 2/it16862_10.gt,16861,20000.0,86400.0,PTVRP_LINEAR,919002.0,20,0.000561600,0.000561600,0.0000,1,0.02377
Instances/Instances 2/ja9847_01.gt,9846,20.0,86400.0,PTVRP_LINEAR,146309915.0,2042,0.000382900,0.000382900,0.0000,1,0.015682
Instances/Instances 2/ja9847_02.gt,9846,40.0,86400.0,PTVRP_LINEAR,72491523.0,966,0.000391800,0.000391800,0.0000,1,0.015532
Instances/Instances 2/ja9847_03.gt,9846,100.0,86400.0,PTVRP_LINEAR,30561725.0,403,0.000404800,0.000404800,0.0000,1,0.013441
Instances/Instances 2/ja9847_04.gt,9846,200.0,86400.0,PTVRP_LINEAR,16500463.0,222,0.000399400,0.000399400,0.0000,1,0.013798
Instances/Instances 2/ja9847_05.gt,9846,400.0,86400.0,PTVRP_LINEAR,9096445.0,126,0.000389900,0.000389900,0.0000,1,0.01161
Instances/Instances 2/ja9847_06.gt,9846,1000.0,86400.0,PTVRP_LINEAR,4622065.0,66,0.000371500,0.000371500,0.0000,1,0.010738
Instances/Instances 2/ja9847_07.gt,9846,2000.0,86400.0,PTVRP_LINEAR,2790355.0,47,0.000359900,0.000359900,0.0000,1,0.014414
Instances/Instances 2/ja9847_08.gt,9846,4000.0,86400.0,PTVRP_LINEAR,1766699.0,33,0.000357000,0.000357000,0.0000,1,0.016349
Instances/Instances 2/ja9847_09.gt,9846,10000.0,86400.0,PTVRP_LINEAR,1066363.0,20,0.000350900,0.000350900,0.0000,1,0.013486
Instances/Instances 2/ja9847_10.gt,9846,20000.0,86400.0,PTVRP_LINEAR,622136.0,15,0.000345800,0.000345800,0.0000,1,0.011503
Instances/Instances 2/kroA100_01.gt,99,20.0,86400.0,PTVRP_LINEAR,570077.0,9,0.000004000,0.000004000,0.0000,1,0.006425
Instances/Instances 2/kroA100_02.gt,99,40.0,86400.0,PTVRP_LINEAR,389530.0,6,0.000004000,0.000004000,0.0000,1,0.006884
Instances/Instances 2/kroA100_03.gt,99,100.0,86400.0,PTVRP_LINEAR,232899.0,4,0.000004100,0.000004100,0.0000,1,0.005474
Instances/Instances 2/kroA100_04.gt,99,200.0,86400.0,PTVRP_LINEAR,133468.0,3,0.000003800,0.000003800,0.0000,1,0.005674
Instances/Instances 2/kroA100_05.gt,99,400.0,86400.0,PTVRP_LINEAR,98627.0,2,0.000003500,0.000003500,0.0000,1,0.005359
Instances/Instances 2/kroA100_06.gt,99,1000.0,86400.0,PTVRP_LINEAR,67872.0,1,0.000003300,0.000003300,0.0000,1,0.005275
Instances/Instances 2/kroA100_07.gt,99,2000.0,86400.0,PTVRP_LINEAR,45248.0,1,0.000003300,0.000003300,0.0000,1,0.004862
Instances/Instances 2/kroA100_08.gt,99,4000.0,86400.0,PTVRP_LINEAR,22624.0,1,0.000004100,0.000004100,0.0000,1,0.005979
Instances/Instances 2/kroA100_09.gt,99,10000.0,86400.0,PTVRP_LINEAR,22624.0,1,0.000003500,0.000003500,0.0000,1,0.004938
Instances/Instances 2/kroA100_10.gt,99,20000.0,86400.0,PTVRP_LINEAR,22624.0,1,0.000003500,0.000003500,0.0000,1,0.005768
Instances/Instances 2/kroA150_01.gt,149,20.0,86400.0,PTVRP_LINEAR,842283.0,12,0.000005800,0.000005800,0.0000,1,0.006963
Instances/Instances 2/kroA150_02.gt,149,40.0,86400.0,PTVRP_LINEAR,522369.0,8,0.000005800,0.000005800,0.0000,1,0.007538
Instances/Instances 2/kroA150_03.gt,149,100.0,86400.0,PTVRP_LINEAR,292997.0,5,0.000005800,0.000005800,0.0000,1,0.007505
Instances/Instances 2/kroA150_04.gt,149,200.0,86400.0,PTVRP_LINEAR,200580.0,3,0.000005600,0.000005600,0.0000,1,0.007202
Instances/Instances 2/kroA150_05.gt,149,400.0,86400.0,PTVRP_LINEAR,130455.0,2,0.000005300,0.000005300,0.0000,1,0.005908
Instances/Instances 2/kroA150_06.gt,149,1000.0,86400.0,PTVRP_LINEAR,76986.0,2,0.000004800,0.000004800,0.0000,1,0.006458
Instances/Instances 2/kroA150_07.gt,149,2000.0,86400.0,PTVRP_LINEAR,55260.0,1,0.000004700,0.000004700,0.0000,1,0.006704
Instances/Instances 2/kroA150_08.gt,149,4000.0,86400.0,PTVRP_LINEAR,27630.0,1,0.000004900,0.000004900,0.0000,1,0.007705
Instances/Instances 2/kroA150_09.gt,149,10000.0,86400.0,PTVRP_LINEAR,27630.0,1,0.000005300,0.000005300,0.0000,1,0.006961
Instances/Instances 2/kroA150_10.gt,149,20000.0,86400.0,PTVRP_LINEAR,27630.0,1,0.000004900,0.000004900,0.0000,1,0.00768
Instances/Instances 2/kroA200_01.gt,199,20.0,86400.0,PTVRP_LINEAR,1085330.0,17,0.000007400,0.000007400,0.0000,1,0.006274
Instances/Instances 2/kroA200_02.gt,199,40.0,86400.0,PTVRP_LINEAR,646963.0,9,0.000007800,0.000007800,0.0000,1,0.006902
Instances/Instances 2/kroA200_03.gt,199,100.0,86400.0,PTVRP_LINEAR,389041.0,6,0.000007700,0.000007700,0.0000,1,0.006779
Instances/Instances 2/kroA200_04.gt,199,200.0,86400.0,PTVRP_LINEAR,279606.0,4,0.000007400,0.000007400,0.0000,1,0.006487
Instances/Instances 2/kroA200_05.gt,199,400.0,86400.0,PTVRP_LINEAR,160289.0,3,0.000007400,0.000007400,0.0000,1,0.00581
Instances/Instances 2/kroA200_06.gt,199,1000.0,86400.0,PTVRP_LINEAR,102004.0,2,0.000006900,0.000006900,0.0000,1,0.005965
Instances/Instances 2/kroA200_07.gt,199,2000.0,86400.0,PTVRP_LINEAR,55840.0,2,0.000006300,0.000006300,0.0000,1,0.005129
Instances/Instances 2/kroA200_08.gt,199,4000.0,86400.0,PTVRP_LINEAR,61804.0,1,0.000006400,0.000006400,0.0000,1,0.005895
Instances/Instances 2/kroA200_09.gt,199,10000.0,86400.0,PTVRP_LINEAR,30902.0,1,0.000006500,0.000006500,0.0000,1,0.005811
Instances/Instances 2/kroA200_10.gt,199,20000.0,86400.0,PTVRP_LINEAR,30902.0,1,0.000006700,0.000006700,0.0000,1,0.00535
Instances/Instances 2/kroB100_01.gt,99,20.0,86400.0,PTVRP_LINEAR,646019.0,9,0.000004200,0.000004200,0.0000,1,0.005782
Instances/Instances 2/kroB100_02.gt,99,40.0,86400.0,PTVRP_LINEAR,375076.0,6,0.000004200,0.000004200,0.0000,1,0.005048
Instances/Instances 2/kroB100_03.gt,99,100.0,86400.0,PTVRP_LINEAR,228534.0,4,0.000003900,0.000003900,0.0000,1,0.004418
Instances/Instances 2/kroB100_04.gt,99,200.0,86400.0,PTVRP_LINEAR,136171.0,3,0.000003800,0.000003800,0.0000,1,0.004555
Instances/Instances 2/kroB100_05.gt,99,400.0,86400.0,PTVRP_LINEAR,107822.0,2,0.000003500,0.000003500,0.0000,1,0.004884
Instances/Instances 2/kroB100_06.gt,99,1000.0,86400.0,PTVRP_LINEAR,73416.0,1,0.000003200,0.000003200,0.0000,1,0.005398
Instances/Instances 2/kroB100_07.gt,99,2000.0,86400.0,PTVRP_LINEAR,48944.0,1,0.000003600,0.000003600,0.0000,1,0.007015
Instances/Instances 2/kroB100_08.gt,99,4000.0,86400.0,PTVRP_LINEAR,24472.0,1,0.000003500,0.000003500,0.0000,1,0.006208
Instances/Instances 2/kroB100_09.gt,99,10000.0,86400.0,PTVRP_LINEAR,24472.0,1,0.000003500,0.000003500,0.0000,1,0.005936
Instances/Instances 2/kroB100_10.gt,99,20000.0,86400.0,PTVRP_LINEAR,24472.0,1,0.000003400,0.000003400,0.0000,1,0.00668
Instances/Instances 2/kroB150_01.gt,149,20.0,86400.0,PTVRP_LINEAR,901662.0,13,0.000005800,0.000005800,0.0000,1,0.00568
Instances/Instances 2/kroB150_02.gt,149,40.0,86400.0,PTVRP_LINEAR,491237.0,9,0.000005700,0.000005700,0.0000,1,0.005817
Instances/Instances 2/kroB150_03.gt,149,100.0,86400.0,PTVRP_LINEAR,344704.0,5,0.000006100,0.000006100,0.0000,1,0.004603
Instances/Instances 2/kroB150_04.gt,149,200.0,86400.0,PTVRP_LINEAR,222180.0,3,0.000005800,0.000005800,0.0000,1,0.005641
Instances/Instances 2/kroB150_05.gt,149,400.0,86400.0,PTVRP_LINEAR,158126.0,2,0.000005800,0.000005800,0.0000,1,0.005215
Instances/Instances 2/kroB150_06.gt,149,1000.0,86400.0,PTVRP_LINEAR,70345.0,2,0.000005100,0.000005100,0.0000,1,0.005241
Instances/Instances 2/kroB150_07.gt,149,2000.0,86400.0,PTVRP_LINEAR,55958.0,1,0.000005000,0.000005000,0.0000,1,0.005993
Instances/Instances 2/kroB150_08.gt,149,4000.0,86400.0,PTVRP_LINEAR,27979.0,1,0.000005100,0.000005100,0.0000,1,0.00516
Instances/Instances 2/kroB150_09.gt,149,10000.0,86400.0,PTVRP_LINEAR,27979.0,1,0.000005400,0.000005400,0.0000,1,0.004805
Instances/Instances 2/kroB150_10.gt,149,20000.0,86400.0,PTVRP_LINEAR,27979.0,1,0.000005300,0.000005300,0.0000,1,0.00488
Instances/Instances 2/kroB200_01.gt,199,20.0,86400.0,PTVRP_LINEAR,1075696.0,16,0.000007300,0.000007300,0.0000,1,0.00488
Instances/Instances 2/kroB200_02.gt,199,40.0,86400.0,PTVRP_LINEAR,657107.0,10,0.000007900,0.000007900,0.0000,1,0.005201
Instances/Instances 2/kroB200_03.gt,199,100.0,86400.0,PTVRP_LINEAR,422559.0,6,0.000007700,0.000007700,0.0000,1,0.004806
Instances/Instances 2/kroB200_04.gt,199,200.0,86400.0,PTVRP_LINEAR,263145.0,4,0.000007400,0.000007400,0.0000,1,0.005939
Instances/Instances 2/kroB200_05.gt,199,400.0,86400.0,PTVRP_LINEAR,176780.0,3,0.000006700,0.000006700,0.0000,1,0.005373
Instances/Instances 2/kroB200_06.gt,199,1000.0,86400.0,PTVRP_LINEAR,110754.0,2,0.000006600,0.000006600,0.0000,1,0.006287
Instances/Instances 2/kroB200_07.gt,199,2000.0,86400.0,PTVRP_LINEAR,85744.0,2,0.000006600,0.000006600,0.0000,1,0.005108
Instances/Instances 2/kroB200_08.gt,199,4000.0,86400.0,PTVRP_LINEAR,63536.0,1,0.000007000,0.000007000,0.0000,1,0.005159
Instances/Instances 2/kroB200_09.gt,199,10000.0,86400.0,PTVRP_LINEAR,31768.0,1,0.000007100,0.000007100,0.0000,1,0.006099
Instances/Instances 2/kroB200_10.gt,199,20000.0,86400.0,PTVRP_LINEAR,31768.0,1,0.000006900,0.000006900,0.0000,1,0.005585
Instances/Instances 2/kroC100_01.gt,99,20.0,86400.0,PTVRP_LINEAR,588735.0,10,0.000004200,0.000004200,0.0000,1,0.005585
Instances/Instances 2/kroC100_02.gt,99,40.0,86400.0,PTVRP_LINEAR,364089.0,6,0.000004400,0.000004400,0.0000,1,0.005606
Instances/Instances 2/kroC100_03.gt,99,100.0,86400.0,PTVRP_LINEAR,198504.0,4,0.000004800,0.000004800,0.0000,1,0.005727
Instances/Instances 2/kroC100_04.gt,99,200.0,86400.0,PTVRP_LINEAR,155094.0,2,0.000005900,0.000005900,0.0000,1,0.006349
Instances/Instances 2/kroC100_05.gt,99,400.0,86400.0,PTVRP_LINEAR,105665.0,2,0.000003800,0.000003800,0.0000,1,0.005455
Instances/Instances 2/kroC100_06.gt,99,1000.0,86400.0,PTVRP_LINEAR,68139.0,1,0.000003200,0.000003200,0.0000,1,0.006833
Instances/Instances 2/kroC100_07.gt,99,2000.0,86400.0,PTVRP_LINEAR,45426.0,1,0.000003500,0.000003500,0.0000,1,0.007156
Instances/Instances 2/kroC100_08.gt,99,4000.0,86400.0,PTVRP_LINEAR,22713.0,1,0.000003400,0.000003400,0.0000,1,0.005978
Instances/Instances 2/kroC100_09.gt,99,10000.0,86400.0,PTVRP_LINEAR,22713.0,1,0.000003900,0.000003900,0.0000,1,0.006689
Instances/Instances 2/kroC100_10.gt,99,20000.0,86400.0,PTVRP_LINEAR,22713.0,1,0.000003800,0.000003800,0.0000,1,0.005987
Instances/Instances 2/kroD100_01.gt,99,20.0,86400.0,PTVRP_LINEAR,593936.0,9,0.000004600,0.000004600,0.0000,1,0.00627
Instances/Instances 2/kroD100_02.gt,99,40.0,86400.0,PTVRP_LINEAR,398610.0,6,0.000004200,0.000004200,0.0000,1,0.005814
Instances/Instances 2/kroD100_03.gt,99,100.0,86400.0,PTVRP_LINEAR,233513.0,4,0.000004100,0.000004100,0.0000,1,0.006156
Instances/Instances 2/kroD100_04.gt,99,200.0,86400.0,PTVRP_LINEAR,146115.0,3,0.000003700,0.000003700,0.0000,1,0.006084
Instances/Instances 2/kroD100_05.gt,99,400.0,86400.0,PTVRP_LINEAR,114638.0,2,0.000003300,0.000003300,0.0000,1,0.004862
Instances/Instances 2/kroD100_06.gt,99,1000.0,86400.0,PTVRP_LINEAR,71376.0,1,0.000003100,0.000003100,0.0000,1,0.005572
Instances/Instances 2/kroD100_07.gt,99,2000.0,86400.0,PTVRP_LINEAR,47584.0,1,0.000003400,0.000003400,0.0000,1,0.005734
Instances/Instances 2/kroD100_08.gt,99,4000.0,86400.0,PTVRP_LINEAR,23792.0,1,0.000003300,0.000003300,0.0000,1,0.005466
Instances/Instances 2/kroD100_09.gt,99,10000.0,86400.0,PTVRP_LINEAR,23792.0,1,0.000003500,0.000003500,0.0000,1,0.005972
Instances/Instances 2/kroD100_10.gt,99,20000.0,86400.0,PTVRP_LINEAR,23792.0,1,0.000003400,0.000003400,0.0000,1,0.005422
Instances/Instances 2/kroE100_01.gt,99,20.0,86400.0,PTVRP_LINEAR,583938.0,10,0.000003700,0.000003700,0.0000,1,0.007352
Instances/Instances 2/kroE100_02.gt,99,40.0,86400.0,PTVRP_LINEAR,386369.0,6,0.000004100,0.000004100,0.0000,1,0.005987
Instances/Instances 2/kroE100_03.gt,99,100.0,86400.0,PTVRP_LINEAR,195623.0,4,0.000003900,0.000003900,0.0000,1,0.006573
Instances/Instances 2/kroE100_04.gt,99,200.0,86400.0,PTVRP_LINEAR,148596.0,3,0.000003800,0.000003800,0.0000,1,0.007248
Instances/Instances 2/kroE100_05.gt,99,400.0,86400.0,PTVRP_LINEAR,117157.0,2,0.000003300,0.000003300,0.0000,1,0.006972
Instances/Instances 2/kroE100_06.gt,99,1000.0,86400.0,PTVRP_LINEAR,73656.0,1,0.000003000,0.000003000,0.0000,1,0.005712
Instances/Instances 2/kroE100_07.gt,99,2000.0,86400.0,PTVRP_LINEAR,49104.0,1,0.000003300,0.000003300,0.0000,1,0.005929
Instances/Instances 2/kroE100_08.gt,99,4000.0,86400.0,PTVRP_LINEAR,24552.0,1,0.000003400,0.000003400,0.0000,1,0.007304
Instances/Instances 2/kroE100_09.gt,99,10000.0,86400.0,PTVRP_LINEAR,24552.0,1,0.000003600,0.000003600,0.0000,1,0.006985
Instances/Instances 2/kroE100_10.gt,99,20000.0,86400.0,PTVRP_LINEAR,24552.0,1,0.000003500,0.000003500,0.0000,1,0.006221
Instances/Instances 2/kz9976_01.gt,9975,20.0,86400.0,PTVRP_LINEAR,300903332.0,4267,0.000364700,0.000364700,0.0000,1,0.013691
Instances/Instances 2/kz9976_02.gt,9975,40.0,86400.0,PTVRP_LINEAR,146058231.0,2095,0.000395600,0.000395600,0.0000,1,0.013782
Instances/Instances 2/kz9976_03.gt,9975,100.0,86400.0,PTVRP_LINEAR,57808375.0,808,0.000416100,0.000416100,0.0000,1,0.015515
Instances/Instances 2/kz9976_04.gt,9975,200.0,86400.0,PTVRP_LINEAR,29422792.0,416,0.000412500,0.000412500,0.0000,1,0.015395
Instances/Instances 2/kz9976_05.gt,9975,400.0,86400.0,PTVRP_LINEAR,16222418.0,232,0.000421600,0.000421600,0.0000,1,0.013589
Instances/Instances 2/kz9976_06.gt,9975,1000.0,86400.0,PTVRP_LINEAR,7664730.0,119,0.000387500,0.000387500,0.0000,1,0.014441
Instances/Instances 2/kz9976_07.gt,9975,2000.0,86400.0,PTVRP_LINEAR,4685709.0,74,0.000381400,0.000381400,0.0000,1,0.015061
Instances/Instances 2/kz9976_08.gt,9975,4000.0,86400.0,PTVRP_LINEAR,2728217.0,53,0.000362001,0.000362001,0.0000,1,0.014025
Instances/Instances 2/kz9976_09.gt,9975,10000.0,86400.0,PTVRP_LINEAR,1531995.0,28,0.000360500,0.000360500,0.0000,1,0.016554
Instances/Instances 2/kz9976_10.gt,9975,20000.0,86400.0,PTVRP_LINEAR,1339347.0,18,0.000344700,0.000344700,0.0000,1,0.015167
Instances/Instances 2/lin105_01.gt,104,20.0,86400.0,PTVRP_LINEAR,454409.0,7,0.000004000,0.000004000,0.0000,1,0.006301
Instances/Instances 2/lin105_02.gt,104,40.0,86400.0,PTVRP_LINEAR,324611.0,5,0.000004200,0.000004200,0.0000,1,0.005527
Instances/Instances 2/lin105_03.gt,104,100.0,86400.0,PTVRP_LINEAR,186825.0,3,0.000004100,0.000004100,0.0000,1,0.005777
Instances/Instances 2/lin105_04.gt,104,200.0,86400.0,PTVRP_LINEAR,115248.0,2,0.000003600,0.000003600,0.0000,1,0.006435
Instances/Instances 2/lin105_05.gt,104,400.0,86400.0,PTVRP_LINEAR,72219.0,2,0.000003000,0.000003000,0.0000,1,0.007061
Instances/Instances 2/lin105_06.gt,104,1000.0,86400.0,PTVRP_LINEAR,28882.0,2,0.000003300,0.000003300,0.0000,1,0.006327
Instances/Instances 2/lin105_07.gt,104,2000.0,86400.0,PTVRP_LINEAR,17033.0,2,0.000003500,0.000003500,0.0000,1,0.007131
Instances/Instances 2/lin105_08.gt,104,4000.0,86400.0,PTVRP_LINEAR,17033.0,2,0.000003500,0.000003500,0.0000,1,0.007113
Instances/Instances 2/lin105_09.gt,104,10000.0,86400.0,PTVRP_LINEAR,17033.0,2,0.000003400,0.000003400,0.0000,1,0.006004
Instances/Instances 2/lin105_10.gt,104,20000.0,86400.0,PTVRP_LINEAR,17033.0,2,0.000003500,0.000003500,0.0000,1,0.006465
Instances/Instances 2/lin318_01.gt,317,20.0,86400.0,PTVRP_LINEAR,1710294.0,24,0.000011600,0.000011600,0.0000,1,0.006679
Instances/Instances 2/lin318_02.gt,317,40.0,86400.0,PTVRP_LINEAR,998755.0,16,0.000011600,0.000011600,0.0000,1,0.006319
Instances/Instances 2/lin318_03.gt,317,100.0,86400.0,PTVRP_LINEAR,602718.0,9,0.000012000,0.000012000,0.0000,1,0.005954
Instances/Instances 2/lin318_04.gt,317,200.0,86400.0,PTVRP_LINEAR,370854.0,6,0.000011000,0.000011000,0.0000,1,0.005964
Instances/Instances 2/lin318_05.gt,317,400.0,86400.0,PTVRP_LINEAR,269016.0,5,0.000011100,0.000011100,0.0000,1,0.006112
Instances/Instances 2/lin318_06.gt,317,1000.0,86400.0,PTVRP_LINEAR,165481.0,3,0.000010600,0.000010600,0.0000,1,0.007387
Instances/Instances 2/lin318_07.gt,317,2000.0,86400.0,PTVRP_LINEAR,120219.0,2,0.000009500,0.000009500,0.0000,1,0.006744
Instances/Instances 2/lin318_08.gt,317,4000.0,86400.0,PTVRP_LINEAR,73879.0,2,0.000009100,0.000009100,0.0000,1,0.007115
Instances/Instances 2/lin318_09.gt,317,10000.0,86400.0,PTVRP_LINEAR,46049.0,2,0.000010000,0.000010000,0.0000,1,0.006875
Instances/Instances 2/lin318_10.gt,317,20000.0,86400.0,PTVRP_LINEAR,46049.0,2,0.000009900,0.000009900,0.0000,1,0.005777
Instances/Instances 2/linhp318_01.gt,317,20.0,86400.0,PTVRP_LINEAR,1722730.0,27,0.000011200,0.000011200,0.0000,1,0.007057
Instances/Instances 2/linhp318_02.gt,317,40.0,86400.0,PTVRP_LINEAR,1083233.0,16,0.000011300,0.000011300,0.0000,1,0.006599
Instances/Instances 2/linhp318_03.gt,317,100.0,86400.0,PTVRP_LINEAR,637585.0,9,0.000011600,0.000011600,0.0000,1,0.005698
Instances/Instances 2/linhp318_04.gt,317,200.0,86400.0,PTVRP_LINEAR,359168.0,7,0.000010200,0.000010200,0.0000,1,0.005208
Instances/Instances 2/linhp318_05.gt,317,400.0,86400.0,PTVRP_LINEAR,271783.0,4,0.000010500,0.000010500,0.0000,1,0.00612
Instances/Instances 2/linhp318_06.gt,317,1000.0,86400.0,PTVRP_LINEAR,171968.0,3,0.000009700,0.000009700,0.0000,1,0.005328
Instances/Instances 2/linhp318_07.gt,317,2000.0,86400.0,PTVRP_LINEAR,119835.0,2,0.000009600,0.000009600,0.0000,1,0.005947
Instances/Instances 2/linhp318_08.gt,317,4000.0,86400.0,PTVRP_LINEAR,73376.0,2,0.000009500,0.000009500,0.0000,1,0.00812
Instances/Instances 2/linhp318_09.gt,317,10000.0,86400.0,PTVRP_LINEAR,46168.0,2,0.000010300,0.000010300,0.0000,1,0.006262
Instances/Instances 2/linhp318_10.gt,317,20000.0,86400.0,PTVRP_LINEAR,46168.0,2,0.000010000,0.000010000,0.0000,1,0.005776
Instances/Instances 2/lu980_01.gt,979,20.0,86400.0,PTVRP_LINEAR,1270126.0,22,0.000030400,0.000030400,0.0000,1,0.006081
Instances/Instances 2/lu980_02.gt,979,40.0,86400.0,PTVRP_LINEAR,823704.0,13,0.000032400,0.000032400,0.0000,1,0.005542
Instances/Instances 2/lu980_03.gt,979,100.0,86400.0,PTVRP_LINEAR,514950.0,8,0.000032800,0.000032800,0.0000,1,0.0068
Instances/Instances 2/lu980_04.gt,979,200.0,86400.0,PTVRP_LINEAR,360583.0,5,0.000032300,0.000032300,0.0000,1,0.006022
Instances/Instances 2/lu980_05.gt,979,400.0,86400.0,PTVRP_LINEAR,255300.0,4,0.000032500,0.000032500,0.0000,1,0.007324
Instances/Instances 2/lu980_06.gt,979,1000.0,86400.0,PTVRP_LINEAR,155752.0,2,0.000030800,0.000030800,0.0000,1,0.005777
Instances/Instances 2/lu980_07.gt,979,2000.0,86400.0,PTVRP_LINEAR,99724.0,2,0.000027400,0.000027400,0.0000,1,0.006134
Instances/Instances 2/lu980_08.gt,979,4000.0,86400.0,PTVRP_LINEAR,83433.0,1,0.000026400,0.000026400,0.0000,1,0.005784
Instances/Instances 2/lu980_09.gt,979,10000.0,86400.0,PTVRP_LINEAR,35757.0,1,0.000027900,0.000027900,0.0000,1,0.005884
Instances/Instances 2/lu980_10.gt,979,20000.0,86400.0,PTVRP_LINEAR,23838.0,1,0.000029400,0.000029400,0.0000,1,0.0075
Instances/Instances 2/mo14185_01.gt,14184,20.0,86400.0,PTVRP_LINEAR,101221409.0,1291,0.000545500,0.000545500,0.0000,1,0.013678
Instances/Instances 2/mo14185_02.gt,14184,40.0,86400.0,PTVRP_LINEAR,52764166.0,671,0.000572301,0.000572301,0.0000,1,0.018776
Instances/Instances 2/mo14185_03.gt,14184,100.0,86400.0,PTVRP_LINEAR,23500918.0,306,0.000571200,0.000571200,0.0000,1,0.017183
Instances/Instances 2/mo14185_04.gt,14184,200.0,86400.0,PTVRP_LINEAR,13619380.0,179,0.000568900,0.000568900,0.0000,1,0.016904
Instances/Instances 2/mo14185_05.gt,14184,400.0,86400.0,PTVRP_LINEAR,8069317.0,115,0.000553900,0.000553900,0.0000,1,0.017742
Instances/Instances 2/mo14185_06.gt,14184,1000.0,86400.0,PTVRP_LINEAR,4240171.0,69,0.000547000,0.000547000,0.0000,1,0.015244
Instances/Instances 2/mo14185_07.gt,14184,2000.0,86400.0,PTVRP_LINEAR,2738051.0,46,0.000519400,0.000519400,0.0000,1,0.017854
Instances/Instances 2/mo14185_08.gt,14184,4000.0,86400.0,PTVRP_LINEAR,1779151.0,33,0.000499300,0.000499300,0.0000,1,0.01503
Instances/Instances 2/mo14185_09.gt,14184,10000.0,86400.0,PTVRP_LINEAR,1061035.0,22,0.000484500,0.000484500,0.0000,1,0.01551
Instances/Instances 2/mo14185_10.gt,14184,20000.0,86400.0,PTVRP_LINEAR,728845.0,15,0.000471700,0.000471700,0.0000,1,0.018543
Instances/Instances 2/mu1979_01.gt,1978,20.0,86400.0,PTVRP_LINEAR,11858956.0,160,0.000064900,0.000064900,0.0000,1,0.007384
Instances/Instances 2/mu1979_02.gt,1978,40.0,86400.0,PTVRP_LINEAR,6464134.0,87,0.000065500,0.000065500,0.0000,1,0.00801
Instances/Instances 2/mu1979_03.gt,1978,100.0,86400.0,PTVRP_LINEAR,3076597.0,44,0.000065800,0.000065800,0.0000,1,0.007589
Instances/Instances 2/mu1979_04.gt,1978,200.0,86400.0,PTVRP_LINEAR,1713974.0,27,0.000064800,0.000064800,0.0000,1,0.007116
Instances/Instances 2/mu1979_05.gt,1978,400.0,86400.0,PTVRP_LINEAR,1077735.0,17,0.000063100,0.000063100,0.0000,1,0.007348
Instances/Instances 2/mu1979_06.gt,1978,1000.0,86400.0,PTVRP_LINEAR,634364.0,10,0.000058400,0.000058400,0.0000,1,0.008865
Instances/Instances 2/mu1979_07.gt,1978,2000.0,86400.0,PTVRP_LINEAR,430794.0,7,0.000056200,0.000056200,0.0000,1,0.008923
Instances/Instances 2/mu1979_08.gt,1978,4000.0,86400.0,PTVRP_LINEAR,277831.0,6,0.000053900,0.000053900,0.0000,1,0.008733
Instances/Instances 2/mu1979_09.gt,1978,10000.0,86400.0,PTVRP_LINEAR,179444.0,4,0.000052900,0.000052900,0.0000,1,0.008349
Instances/Instances 2/mu1979_10.gt,1978,20000.0,86400.0,PTVRP_LINEAR,103434.0,3,0.000054900,0.000054900,0.0000,1,0.008225
Instances/Instances 2/nrw1379_01.gt,1378,20.0,86400.0,PTVRP_LINEAR,4223589.0,65,0.000043100,0.000043100,0.0000,1,0.008127
Instances/Instances 2/nrw1379_02.gt,1378,40.0,86400.0,PTVRP_LINEAR,2504010.0,42,0.000042200,0.000042200,0.0000,1,0.007372
Instances/Instances 2/nrw1379_03.gt,1378,100.0,86400.0,PTVRP_LINEAR,1515231.0,21,0.000046000,0.000046000,0.0000,1,0.007292
Instances/Instances 2/nrw1379_04.gt,1378,200.0,86400.0,PTVRP_LINEAR,922643.0,17,0.000043800,0.000043800,0.0000,1,0.007472
Instances/Instances 2/nrw1379_05.gt,1378,400.0,86400.0,PTVRP_LINEAR,601747.0,12,0.000042000,0.000042000,0.0000,1,0.007923
Instances/Instances 2/nrw1379_06.gt,1378,1000.0,86400.0,PTVRP_LINEAR,386640.0,6,0.000038700,0.000038700,0.0000,1,0.008161
Instances/Instances 2/nrw1379_07.gt,1378,2000.0,86400.0,PTVRP_LINEAR,277550.0,5,0.000039300,0.000039300,0.0000,1,0.007152
Instances/Instances 2/nrw1379_08.gt,1378,4000.0,86400.0,PTVRP_LINEAR,178486.0,4,0.000038300,0.000038300,0.0000,1,0.006548
Instances/Instances 2/nrw1379_09.gt,1378,10000.0,86400.0,PTVRP_LINEAR,116166.0,3,0.000037100,0.000037100,0.0000,1,0.007101
Instances/Instances 2/nrw1379_10.gt,1378,20000.0,86400.0,PTVRP_LINEAR,99768.0,3,0.000036500,0.000036500,0.0000,1,0.00854
Instances/Instances 2/nu3496_01.gt,3495,20.0,86400.0,PTVRP_LINEAR,12087775.0,166,0.000155600,0.000155600,0.0000,1,0.008843
Instances/Instances 2/nu3496_02.gt,3495,40.0,86400.0,PTVRP_LINEAR,6892096.0,97,0.000138500,0.000138500,0.0000,1,0.009522
Instances/Instances 2/nu3496_03.gt,3495,100.0,86400.0,PTVRP_LINEAR,3464941.0,54,0.000140900,0.000140900,0.0000,1,0.009101
Instances/Instances 2/nu3496_04.gt,3495,200.0,86400.0,PTVRP_LINEAR,2132171.0,36,0.000153400,0.000153400,0.0000,1,0.00774
Instances/Instances 2/nu3496_05.gt,3495,400.0,86400.0,PTVRP_LINEAR,1410775.0,24,0.000134700,0.000134700,0.0000,1,0.009746
Instances/Instances 2/nu3496_06.gt,3495,1000.0,86400.0,PTVRP_LINEAR,885163.0,12,0.000142000,0.000142000,0.0000,1,0.009583
Instances/Instances 2/nu3496_07.gt,3495,2000.0,86400.0,PTVRP_LINEAR,553908.0,10,0.000129200,0.000129200,0.0000,1,0.010341
Instances/Instances 2/nu3496_08.gt,3495,4000.0,86400.0,PTVRP_LINEAR,393640.0,7,0.000127500,0.000127500,0.0000,1,0.009433
Instances/Instances 2/nu3496_09.gt,3495,10000.0,86400.0,PTVRP_LINEAR,213446.0,5,0.000127300,0.000127300,0.0000,1,0.007239
Instances/Instances 2/nu3496_10.gt,3495,20000.0,86400.0,PTVRP_LINEAR,188596.0,3,0.000124900,0.000124900,0.0000,1,0.009884
Instances/Instances 2/p654_01.gt,653,20.0,86400.0,PTVRP_LINEAR,4619158.0,60,0.000023400,0.000023400,0.0000,1,0.00619
Instances/Instances 2/p654_02.gt,653,40.0,86400.0,PTVRP_LINEAR,2356288.0,30,0.000022700,0.000022700,0.0000,1,0.006285
Instances/Instances 2/p654_03.gt,653,100.0,86400.0,PTVRP_LINEAR,1148167.0,16,0.000022800,0.000022800,0.0000,1,0.004929
Instances/Instances 2/p654_04.gt,653,200.0,86400.0,PTVRP_LINEAR,636948.0,11,0.000021400,0.000021400,0.0000,1,0.006718
Instances/Instances 2/p654_05.gt,653,400.0,86400.0,PTVRP_LINEAR,405263.0,7,0.000019500,0.000019500,0.0000,1,0.005546
Instances/Instances 2/p654_06.gt,653,1000.0,86400.0,PTVRP_LINEAR,236477.0,4,0.000019000,0.000019000,0.0000,1,0.005625
Instances/Instances 2/p654_07.gt,653,2000.0,86400.0,PTVRP_LINEAR,144040.0,3,0.000018200,0.000018200,0.0000,1,0.007194
Instances/Instances 2/p654_08.gt,653,4000.0,86400.0,PTVRP_LINEAR,105959.0,2,0.000017400,0.000017400,0.0000,1,0.006536
Instances/Instances 2/p654_09.gt,653,10000.0,86400.0,PTVRP_LINEAR,79798.0,1,0.000018900,0.000018900,0.0000,1,0.006184
Instances/Instances 2/p654_10.gt,653,20000.0,86400.0,PTVRP_LINEAR,39899.0,1,0.000018400,0.000018400,0.0000,1,0.006196
Instances/Instances 2/pcb1173_01.gt,1172,20.0,86400.0,PTVRP_LINEAR,3965639.0,60,0.000037000,0.000037000,0.0000,1,0.005741
Instances/Instances 2/pcb1173_02.gt,1172,40.0,86400.0,PTVRP_LINEAR,2435319.0,37,0.000037100,0.000037100,0.0000,1,0.005457
Instances/Instances 2/pcb1173_03.gt,1172,100.0,86400.0,PTVRP_LINEAR,1330659.0,21,0.000037200,0.000037200,0.0000,1,0.006572
Instances/Instances 2/pcb1173_04.gt,1172,200.0,86400.0,PTVRP_LINEAR,872195.0,15,0.000037400,0.000037400,0.0000,1,0.005206
Instances/Instances 2/pcb1173_05.gt,1172,400.0,86400.0,PTVRP_LINEAR,639124.0,9,0.000038000,0.000038000,0.0000,1,0.00612
Instances/Instances 2/pcb1173_06.gt,1172,1000.0,86400.0,PTVRP_LINEAR,334803.0,7,0.000034600,0.000034600,0.0000,1,0.006664
Instances/Instances 2/pcb1173_07.gt,1172,2000.0,86400.0,PTVRP_LINEAR,249897.0,5,0.000033600,0.000033600,0.0000,1,0.005221
Instances/Instances 2/pcb1173_08.gt,1172,4000.0,86400.0,PTVRP_LINEAR,172884.0,3,0.000032800,0.000032800,0.0000,1,0.006762
Instances/Instances 2/pcb1173_09.gt,1172,10000.0,86400.0,PTVRP_LINEAR,101453.0,2,0.000030100,0.000030100,0.0000,1,0.005793
Instances/Instances 2/pcb1173_10.gt,1172,20000.0,86400.0,PTVRP_LINEAR,59749.0,2,0.000031700,0.000031700,0.0000,1,0.005827
Instances/Instances 2/pcb3038_01.gt,3037,20.0,86400.0,PTVRP_LINEAR,13220347.0,174,0.000116000,0.000116000,0.0000,1,0.007749
Instances/Instances 2/pcb3038_02.gt,3037,40.0,86400.0,PTVRP_LINEAR,7596784.0,105,0.000120300,0.000120300,0.0000,1,0.00851
Instances/Instances 2/pcb3038_03.gt,3037,100.0,86400.0,PTVRP_LINEAR,3895137.0,60,0.000119100,0.000119100,0.0000,1,0.006906
Instances/Instances 2/pcb3038_04.gt,3037,200.0,86400.0,PTVRP_LINEAR,2397230.0,40,0.000115500,0.000115500,0.0000,1,0.007347
Instances/Instances 2/pcb3038_05.gt,3037,400.0,86400.0,PTVRP_LINEAR,1560496.0,27,0.000112500,0.000112500,0.0000,1,0.007028
Instances/Instances 2/pcb3038_06.gt,3037,1000.0,86400.0,PTVRP_LINEAR,823832.0,19,0.000105000,0.000105000,0.0000,1,0.007364
Instances/Instances 2/pcb3038_07.gt,3037,2000.0,86400.0,PTVRP_LINEAR,591467.0,13,0.000104300,0.000104300,0.0000,1,0.01098
Instances/Instances 2/pcb3038_08.gt,3037,4000.0,86400.0,PTVRP_LINEAR,446497.0,7,0.000110800,0.000110800,0.0000,1,0.010739
Instances/Instances 2/pcb3038_09.gt,3037,10000.0,86400.0,PTVRP_LINEAR,266863.0,6,0.000094900,0.000094900,0.0000,1,0.008905
Instances/Instances 2/pcb3038_10.gt,3037,20000.0,86400.0,PTVRP_LINEAR,182569.0,5,0.000095200,0.000095200,0.0000,1,0.008348
Instances/Instances 2/pcb442_01.gt,441,20.0,86400.0,PTVRP_LINEAR,2272159.0,31,0.000014900,0.000014900,0.0000,1,0.006096
Instances/Instances 2/pcb442_02.gt,441,40.0,86400.0,PTVRP_LINEAR,1363032.0,22,0.000015400,0.000015400,0.0000,1,0.007586
Instances/Instances 2/pcb442_03.gt,441,100.0,86400.0,PTVRP_LINEAR,790675.0,12,0.000015500,0.000015500,0.0000,1,0.006924
Instances/Instances 2/pcb442_04.gt,441,200.0,86400.0,PTVRP_LINEAR,521371.0,8,0.000015000,0.000015000,0.0000,1,0.007527
Instances/Instances 2/pcb442_05.gt,441,400.0,86400.0,PTVRP_LINEAR,305575.0,7,0.000013500,0.000013500,0.0000,1,0.007136
Instances/Instances 2/pcb442_06.gt,441,1000.0,86400.0,PTVRP_LINEAR,231038.0,4,0.000013900,0.000013900,0.0000,1,0.006703
Instances/Instances 2/pcb442_07.gt,441,2000.0,86400.0,PTVRP_LINEAR,154899.0,3,0.000012000,0.000012000,0.0000,1,0.005954
Instances/Instances 2/pcb442_08.gt,441,4000.0,86400.0,PTVRP_LINEAR,95590.0,2,0.000011900,0.000011900,0.0000,1,0.00667
Instances/Instances 2/pcb442_09.gt,441,10000.0,86400.0,PTVRP_LINEAR,55052.0,2,0.000012700,0.000012700,0.0000,1,0.007334
Instances/Instances 2/pcb442_10.gt,441,20000.0,86400.0,PTVRP_LINEAR,55035.0,1,0.000012800,0.000012800,0.0000,1,0.006432
Instances/Instances 2/pm8079_01.gt,8078,20.0,86400.0,PTVRP_LINEAR,24923732.0,320,0.000313100,0.000313100,0.0000,1,0.011003
Instances/Instances 2/pm8079_02.gt,8078,40.0,86400.0,PTVRP_LINEAR,13705020.0,188,0.000318500,0.000318500,0.0000,1,0.010485
Instances/Instances 2/pm8079_03.gt,8078,100.0,86400.0,PTVRP_LINEAR,6631646.0,94,0.000323100,0.000323100,0.0000,1,0.009206
Instances/Instances 2/pm8079_04.gt,8078,200.0,86400.0,PTVRP_LINEAR,3965433.0,64,0.000315400,0.000315400,0.0000,1,0.011252
Instances/Instances 2/pm8079_05.gt,8078,400.0,86400.0,PTVRP_LINEAR,2355810.0,46,0.000306300,0.000306300,0.0000,1,0.013196
Instances/Instances 2/pm8079_06.gt,8078,1000.0,86400.0,PTVRP_LINEAR,1390849.0,26,0.000295800,0.000295800,0.0000,1,0.011438
Instances/Instances 2/pm8079_07.gt,8078,2000.0,86400.0,PTVRP_LINEAR,989818.0,17,0.000296800,0.000296800,0.0000,1,0.010482
Instances/Instances 2/pm8079_08.gt,8078,4000.0,86400.0,PTVRP_LINEAR,644599.0,12,0.000294300,0.000294300,0.0000,1,0.0098
Instances/Instances 2/pm8079_09.gt,8078,10000.0,86400.0,PTVRP_LINEAR,411972.0,7,0.000286300,0.000286300,0.0000,1,0.011833
Instances/Instances 2/pm8079_10.gt,8078,20000.0,86400.0,PTVRP_LINEAR,249938.0,7,0.000286100,0.000286100,0.0000,1,0.011245
Instances/Instances 2/pr1002_01.gt,1001,20.0,86400.0,PTVRP_LINEAR,14828786.0,205,0.000034000,0.000034000,0.0000,1,0.007293
Instances/Instances 2/pr1002_02.gt,1001,40.0,86400.0,PTVRP_LINEAR,7631992.0,103,0.000034900,0.000034900,0.0000,1,0.007895
Instances/Instances 2/pr1002_03.gt,1001,100.0,86400.0,PTVRP_LINEAR,3794249.0,55,0.000035400,0.000035400,0.0000,1,0.007013
Instances/Instances 2/pr1002_04.gt,1001,200.0,86400.0,PTVRP_LINEAR,2243424.0,33,0.000035900,0.000035900,0.0000,1,0.007247
Instances/Instances 2/pr1002_05.gt,1001,400.0,86400.0,PTVRP_LINEAR,1282974.0,26,0.000032500,0.000032500,0.0000,1,0.006635
Instances/Instances 2/pr1002_06.gt,1001,1000.0,86400.0,PTVRP_LINEAR,725146.0,15,0.000030700,0.000030700,0.0000,1,0.007833
Instances/Instances 2/pr1002_07.gt,1001,2000.0,86400.0,PTVRP_LINEAR,569368.0,9,0.000029700,0.000029700,0.0000,1,0.007193
Instances/Instances 2/pr1002_08.gt,1001,4000.0,86400.0,PTVRP_LINEAR,308980.0,7,0.000029700,0.000029700,0.0000,1,0.006996
Instances/Instances 2/pr1002_09.gt,1001,10000.0,86400.0,PTVRP_LINEAR,283439.0,4,0.000028800,0.000028800,0.0000,1,0.00558
Instances/Instances 2/pr1002_10.gt,1001,20000.0,86400.0,PTVRP_LINEAR,283439.0,4,0.000029800,0.000029800,0.0000,1,0.006417
Instances/Instances 2/pr107_01.gt,106,20.0,86400.0,PTVRP_LINEAR,1619890.0,22,0.000004200,0.000004200,0.0000,1,0.005921
Instances/Instances 2/pr107_02.gt,106,40.0,86400.0,PTVRP_LINEAR,873843.0,13,0.000004400,0.000004400,0.0000,1,0.004793
Instances/Instances 2/pr107_03.gt,106,100.0,86400.0,PTVRP_LINEAR,437518.0,6,0.000004600,0.000004600,0.0000,1,0.006383
Instances/Instances 2/pr107_04.gt,106,200.0,86400.0,PTVRP_LINEAR,215389.0,5,0.000004100,0.000004100,0.0000,1,0.00522
Instances/Instances 2/pr107_05.gt,106,400.0,86400.0,PTVRP_LINEAR,162568.0,3,0.000003700,0.000003700,0.0000,1,0.006091
Instances/Instances 2/pr107_06.gt,106,1000.0,86400.0,PTVRP_LINEAR,104414.0,2,0.000003900,0.000003900,0.0000,1,0.006094
Instances/Instances 2/pr107_07.gt,106,2000.0,86400.0,PTVRP_LINEAR,50502.0,2,0.000003500,0.000003500,0.0000,1,0.005815
Instances/Instances 2/pr107_08.gt,106,4000.0,86400.0,PTVRP_LINEAR,50502.0,2,0.000003600,0.000003600,0.0000,1,0.005881
Instances/Instances 2/pr107_09.gt,106,10000.0,86400.0,PTVRP_LINEAR,50502.0,2,0.000003700,0.000003700,0.0000,1,0.005325
Instances/Instances 2/pr107_10.gt,106,20000.0,86400.0,PTVRP_LINEAR,50502.0,2,0.000003600,0.000003600,0.0000,1,0.004688
Instances/Instances 2/pr124_01.gt,123,20.0,86400.0,PTVRP_LINEAR,1598346.0,24,0.000005000,0.000005000,0.0000,1,0.005183
Instances/Instances 2/pr124_02.gt,123,40.0,86400.0,PTVRP_LINEAR,983461.0,14,0.000005100,0.000005100,0.0000,1,0.005371
Instances/Instances 2/pr124_03.gt,123,100.0,86400.0,PTVRP_LINEAR,463198.0,8,0.000004900,0.000004900,0.0000,1,0.004874
Instances/Instances 2/pr124_04.gt,123,200.0,86400.0,PTVRP_LINEAR,310645.0,6,0.000004500,0.000004500,0.0000,1,0.005238
Instances/Instances 2/pr124_05.gt,123,400.0,86400.0,PTVRP_LINEAR,212951.0,4,0.000004400,0.000004400,0.0000,1,0.005854
Instances/Instances 2/pr124_06.gt,123,1000.0,86400.0,PTVRP_LINEAR,145668.0,2,0.000004000,0.000004000,0.0000,1,0.005458
Instances/Instances 2/pr124_07.gt,123,2000.0,86400.0,PTVRP_LINEAR,71966.0,2,0.000004200,0.000004200,0.0000,1,0.006073
Instances/Instances 2/pr124_08.gt,123,4000.0,86400.0,PTVRP_LINEAR,66676.0,1,0.000004000,0.000004000,0.0000,1,0.005804
Instances/Instances 2/pr124_09.gt,123,10000.0,86400.0,PTVRP_LINEAR,66676.0,1,0.000003800,0.000003800,0.0000,1,0.005915
Instances/Instances 2/pr124_10.gt,123,20000.0,86400.0,PTVRP_LINEAR,66676.0,1,0.000004000,0.000004000,0.0000,1,0.005612
Instances/Instances 2/pr136_01.gt,135,20.0,86400.0,PTVRP_LINEAR,2124579.0,31,0.000005500,0.000005500,0.0000,1,0.005449
Instances/Instances 2/pr136_02.gt,135,40.0,86400.0,PTVRP_LINEAR,1201297.0,19,0.000005600,0.000005600,0.0000,1,0.006074
Instances/Instances 2/pr136_03.gt,135,100.0,86400.0,PTVRP_LINEAR,640550.0,10,0.000005800,0.000005800,0.0000,1,0.005107
Instances/Instances 2/pr136_04.gt,135,200.0,86400.0,PTVRP_LINEAR,418037.0,7,0.000005400,0.000005400,0.0000,1,0.005257
Instances/Instances 2/pr136_05.gt,135,400.0,86400.0,PTVRP_LINEAR,242305.0,6,0.000005100,0.000005100,0.0000,1,0.005491
Instances/Instances 2/pr136_06.gt,135,1000.0,86400.0,PTVRP_LINEAR,121273.0,4,0.000004900,0.000004900,0.0000,1,0.005754
Instances/Instances 2/pr136_07.gt,135,2000.0,86400.0,PTVRP_LINEAR,112838.0,2,0.000004700,0.000004700,0.0000,1,0.005223
Instances/Instances 2/pr136_08.gt,135,4000.0,86400.0,PTVRP_LINEAR,107219.0,2,0.000004800,0.000004800,0.0000,1,0.006055
Instances/Instances 2/pr136_09.gt,135,10000.0,86400.0,PTVRP_LINEAR,107219.0,2,0.000004400,0.000004400,0.0000,1,0.005135
Instances/Instances 2/pr136_10.gt,135,20000.0,86400.0,PTVRP_LINEAR,107219.0,2,0.000004400,0.000004400,0.0000,1,0.006141
Instances/Instances 2/pr144_01.gt,143,20.0,86400.0,PTVRP_LINEAR,1874952.0,27,0.000005800,0.000005800,0.0000,1,0.005704
Instances/Instances 2/pr144_02.gt,143,40.0,86400.0,PTVRP_LINEAR,1050890.0,16,0.000006300,0.000006300,0.0000,1,0.005543
Instances/Instances 2/pr144_03.gt,143,100.0,86400.0,PTVRP_LINEAR,565267.0,8,0.000006000,0.000006000,0.0000,1,0.004528
Instances/Instances 2/pr144_04.gt,143,200.0,86400.0,PTVRP_LINEAR,312667.0,7,0.000005300,0.000005300,0.0000,1,0.005318
Instances/Instances 2/pr144_05.gt,143,400.0,86400.0,PTVRP_LINEAR,234868.0,4,0.000005400,0.000005400,0.0000,1,0.005715
Instances/Instances 2/pr144_06.gt,143,1000.0,86400.0,PTVRP_LINEAR,135374.0,3,0.000004700,0.000004700,0.0000,1,0.005919
Instances/Instances 2/pr144_07.gt,143,2000.0,86400.0,PTVRP_LINEAR,71677.0,3,0.000004500,0.000004500,0.0000,1,0.00664
Instances/Instances 2/pr144_08.gt,143,4000.0,86400.0,PTVRP_LINEAR,68780.0,1,0.000004400,0.000004400,0.0000,1,0.005634
Instances/Instances 2/pr144_09.gt,143,10000.0,86400.0,PTVRP_LINEAR,68780.0,1,0.000004400,0.000004400,0.0000,1,0.008563
Instances/Instances 2/pr144_10.gt,143,20000.0,86400.0,PTVRP_LINEAR,68780.0,1,0.000004400,0.000004400,0.0000,1,0.006925
Instances/Instances 2/pr152_01.gt,151,20.0,86400.0,PTVRP_LINEAR,2238398.0,35,0.000006200,0.000006200,0.0000,1,0.006571
Instances/Instances 2/pr152_02.gt,151,40.0,86400.0,PTVRP_LINEAR,1215889.0,19,0.000006800,0.000006800,0.0000,1,0.006617
Instances/Instances 2/pr152_03.gt,151,100.0,86400.0,PTVRP_LINEAR,670740.0,10,0.000006300,0.000006300,0.0000,1,0.006067
Instances/Instances 2/pr152_04.gt,151,200.0,86400.0,PTVRP_LINEAR,362352.0,7,0.000006100,0.000006100,0.0000,1,0.005217
Instances/Instances 2/pr152_05.gt,151,400.0,86400.0,PTVRP_LINEAR,224949.0,6,0.000005400,0.000005400,0.0000,1,0.006055
Instances/Instances 2/pr152_06.gt,151,1000.0,86400.0,PTVRP_LINEAR,172733.0,3,0.000005100,0.000005100,0.0000,1,0.006075
Instances/Instances 2/pr152_07.gt,151,2000.0,86400.0,PTVRP_LINEAR,89575.0,2,0.000005100,0.000005100,0.0000,1,0.005812
Instances/Instances 2/pr152_08.gt,151,4000.0,86400.0,PTVRP_LINEAR,89575.0,2,0.000005000,0.000005000,0.0000,1,0.006098
Instances/Instances 2/pr152_09.gt,151,10000.0,86400.0,PTVRP_LINEAR,89575.0,2,0.000005000,0.000005000,0.0000,1,0.005859
Instances/Instances 2/pr152_10.gt,151,20000.0,86400.0,PTVRP_LINEAR,89575.0,2,0.000005200,0.000005200,0.0000,1,0.004621
Instances/Instances 2/pr226_01.gt,225,20.0,86400.0,PTVRP_LINEAR,3759806.0,54,0.000008300,0.000008300,0.0000,1,0.006832
Instances/Instances 2/pr226_02.gt,225,40.0,86400.0,PTVRP_LINEAR,1989902.0,28,0.000008900,0.000008900,0.0000,1,0.007668
Instances/Instances 2/pr226_03.gt,225,100.0,86400.0,PTVRP_LINEAR,884591.0,15,0.000008600,0.000008600,0.0000,1,0.006358
Instances/Instances 2/pr226_04.gt,225,200.0,86400.0,PTVRP_LINEAR,570487.0,10,0.000007800,0.000007800,0.0000,1,0.005743
Instances/Instances 2/pr226_05.gt,225,400.0,86400.0,PTVRP_LINEAR,351012.0,6,0.000007300,0.000007300,0.0000,1,0.005949
Instances/Instances 2/pr226_06.gt,225,1000.0,86400.0,PTVRP_LINEAR,197257.0,4,0.000006800,0.000006800,0.0000,1,0.005683
Instances/Instances 2/pr226_07.gt,225,2000.0,86400.0,PTVRP_LINEAR,112461.0,3,0.000006200,0.000006200,0.0000,1,0.007724
Instances/Instances 2/pr226_08.gt,225,4000.0,86400.0,PTVRP_LINEAR,102122.0,2,0.000006500,0.000006500,0.0000,1,0.00724
Instances/Instances 2/pr226_09.gt,225,10000.0,86400.0,PTVRP_LINEAR,97856.0,2,0.000006600,0.000006600,0.0000,1,0.007256
Instances/Instances 2/pr226_10.gt,225,20000.0,86400.0,PTVRP_LINEAR,97856.0,2,0.000006200,0.000006200,0.0000,1,0.006816
Instances/Instances 2/pr2392_01.gt,2391,20.0,86400.0,PTVRP_LINEAR,31876447.0,433,0.000087800,0.000087800,0.0000,1,0.008638
Instances/Instances 2/pr2392_02.gt,2391,40.0,86400.0,PTVRP_LINEAR,17446528.0,233,0.000089200,0.000089200,0.0000,1,0.009144
Instances/Instances 2/pr2392_03.gt,2391,100.0,86400.0,PTVRP_LINEAR,8030286.0,108,0.000094400,0.000094400,0.0000,1,0.007967
Instances/Instances 2/pr2392_04.gt,2391,200.0,86400.0,PTVRP_LINEAR,4666044.0,66,0.000090600,0.000090600,0.0000,1,0.006693
Instances/Instances 2/pr2392_05.gt,2391,400.0,86400.0,PTVRP_LINEAR,2829532.0,43,0.000087300,0.000087300,0.0000,1,0.006245
Instances/Instances 2/pr2392_06.gt,2391,1000.0,86400.0,PTVRP_LINEAR,1664198.0,23,0.000086000,0.000086000,0.0000,1,0.006901
Instances/Instances 2/pr2392_07.gt,2391,2000.0,86400.0,PTVRP_LINEAR,1008521.0,18,0.000084600,0.000084600,0.0000,1,0.00676
Instances/Instances 2/pr2392_08.gt,2391,4000.0,86400.0,PTVRP_LINEAR,722407.0,15,0.000076100,0.000076100,0.0000,1,0.009192
Instances/Instances 2/pr2392_09.gt,2391,10000.0,86400.0,PTVRP_LINEAR,420652.0,8,0.000073800,0.000073800,0.0000,1,0.009113
Instances/Instances 2/pr2392_10.gt,2391,20000.0,86400.0,PTVRP_LINEAR,410093.0,6,0.000072900,0.000072900,0.0000,1,0.007995
Instances/Instances 2/pr264_01.gt,263,20.0,86400.0,PTVRP_LINEAR,2724610.0,37,0.000009900,0.000009900,0.0000,1,0.006671
Instances/Instances 2/pr264_02.gt,263,40.0,86400.0,PTVRP_LINEAR,1647077.0,22,0.000009900,0.000009900,0.0000,1,0.008209
Instances/Instances 2/pr264_03.gt,263,100.0,86400.0,PTVRP_LINEAR,784864.0,11,0.000009900,0.000009900,0.0000,1,0.006539
Instances/Instances 2/pr264_04.gt,263,200.0,86400.0,PTVRP_LINEAR,425798.0,9,0.000008800,0.000008800,0.0000,1,0.00684
Instances/Instances 2/pr264_05.gt,263,400.0,86400.0,PTVRP_LINEAR,286321.0,5,0.000008700,0.000008700,0.0000,1,0.006335
Instances/Instances 2/pr264_06.gt,263,1000.0,86400.0,PTVRP_LINEAR,173806.0,3,0.000008500,0.000008500,0.0000,1,0.006295
Instances/Instances 2/pr264_07.gt,263,2000.0,86400.0,PTVRP_LINEAR,122728.0,2,0.000007900,0.000007900,0.0000,1,0.006636
Instances/Instances 2/pr264_08.gt,263,4000.0,86400.0,PTVRP_LINEAR,90383.0,2,0.000007400,0.000007400,0.0000,1,0.005746
Instances/Instances 2/pr264_09.gt,263,10000.0,86400.0,PTVRP_LINEAR,50874.0,1,0.000007300,0.000007300,0.0000,1,0.005426
Instances/Instances 2/pr264_10.gt,263,20000.0,86400.0,PTVRP_LINEAR,50874.0,1,0.000007000,0.000007000,0.0000,1,0.005772
Instances/Instances 2/pr299_01.gt,298,20.0,86400.0,PTVRP_LINEAR,1991187.0,28,0.000011200,0.000011200,0.0000,1,0.005759
Instances/Instances 2/pr299_02.gt,298,40.0,86400.0,PTVRP_LINEAR,1239444.0,19,0.000010900,0.000010900,0.0000,1,0.005336
Instances/Instances 2/pr299_03.gt,298,100.0,86400.0,PTVRP_LINEAR,711645.0,11,0.000011400,0.000011400,0.0000,1,0.00537
Instances/Instances 2/pr299_04.gt,298,200.0,86400.0,PTVRP_LINEAR,435089.0,6,0.000011100,0.000011100,0.0000,1,0.005335
Instances/Instances 2/pr299_05.gt,298,400.0,86400.0,PTVRP_LINEAR,289866.0,5,0.000010200,0.000010200,0.0000,1,0.00583
Instances/Instances 2/pr299_06.gt,298,1000.0,86400.0,PTVRP_LINEAR,170930.0,4,0.000009300,0.000009300,0.0000,1,0.006746
Instances/Instances 2/pr299_07.gt,298,2000.0,86400.0,PTVRP_LINEAR,103668.0,3,0.000008200,0.000008200,0.0000,1,0.006312
Instances/Instances 2/pr299_08.gt,298,4000.0,86400.0,PTVRP_LINEAR,98202.0,2,0.000008100,0.000008100,0.0000,1,0.006209
Instances/Instances 2/pr299_09.gt,298,10000.0,86400.0,PTVRP_LINEAR,54703.0,1,0.000008700,0.000008700,0.0000,1,0.005977
Instances/Instances 2/pr299_10.gt,298,20000.0,86400.0,PTVRP_LINEAR,54703.0,1,0.000008700,0.000008700,0.0000,1,0.006002
Instances/Instances 2/pr439_01.gt,438,20.0,86400.0,PTVRP_LINEAR,4355205.0,63,0.000015800,0.000015800,0.0000,1,0.005085
Instances/Instances 2/pr439_02.gt,438,40.0,86400.0,PTVRP_LINEAR,2679886.0,39,0.000016900,0.000016900,0.0000,1,0.005364
Instances/Instances 2/pr439_03.gt,438,100.0,86400.0,PTVRP_LINEAR,1347697.0,19,0.000017400,0.000017400,0.0000,1,0.007577
Instances/Instances 2/pr439_04.gt,438,200.0,86400.0,PTVRP_LINEAR,836193.0,13,0.000016700,0.000016700,0.0000,1,0.007566
Instances/Instances 2/pr439_05.gt,438,400.0,86400.0,PTVRP_LINEAR,552325.0,9,0.000014500,0.000014500,0.0000,1,0.007877
Instances/Instances 2/pr439_06.gt,438,1000.0,86400.0,PTVRP_LINEAR,299615.0,6,0.000013700,0.000013700,0.0000,1,0.006281
Instances/Instances 2/pr439_07.gt,438,2000.0,86400.0,PTVRP_LINEAR,189015.0,5,0.000013000,0.000013000,0.0000,1,0.005935
Instances/Instances 2/pr439_08.gt,438,4000.0,86400.0,PTVRP_LINEAR,161972.0,3,0.000012300,0.000012300,0.0000,1,0.005468
Instances/Instances 2/pr439_09.gt,438,10000.0,86400.0,PTVRP_LINEAR,117489.0,2,0.000012000,0.000012000,0.0000,1,0.005652
Instances/Instances 2/pr439_10.gt,438,20000.0,86400.0,PTVRP_LINEAR,117489.0,2,0.000012400,0.000012400,0.0000,1,0.006561
Instances/Instances 2/pr76_01.gt,75,20.0,86400.0,PTVRP_LINEAR,1528349.0,24,0.000003200,0.000003200,0.0000,1,0.004631
Instances/Instances 2/pr76_02.gt,75,40.0,86400.0,PTVRP_LINEAR,858635.0,14,0.000003500,0.000003500,0.0000,1,0.004886
Instances/Instances 2/pr76_03.gt,75,100.0,86400.0,PTVRP_LINEAR,483205.0,9,0.000003400,0.000003400,0.0000,1,0.005315
Instances/Instances 2/pr76_04.gt,75,200.0,86400.0,PTVRP_LINEAR,279187.0,6,0.000003300,0.000003300,0.0000,1,0.005257
Instances/Instances 2/pr76_05.gt,75,400.0,86400.0,PTVRP_LINEAR,203509.0,5,0.000003100,0.000003100,0.0000,1,0.00543
Instances/Instances 2/pr76_06.gt,75,1000.0,86400.0,PTVRP_LINEAR,124689.0,2,0.000002700,0.000002700,0.0000,1,0.006671
Instances/Instances 2/pr76_07.gt,75,2000.0,86400.0,PTVRP_LINEAR,124689.0,2,0.000002900,0.000002900,0.0000,1,0.006514
Instances/Instances 2/pr76_08.gt,75,4000.0,86400.0,PTVRP_LINEAR,124689.0,2,0.000002800,0.000002800,0.0000,1,0.007133
Instances/Instances 2/pr76_09.gt,75,10000.0,86400.0,PTVRP_LINEAR,124689.0,2,0.000002700,0.000002700,0.0000,1,0.004986
Instances/Instances 2/pr76_10.gt,75,20000.0,86400.0,PTVRP_LINEAR,124689.0,2,0.000002800,0.000002800,0.0000,1,0.005017
Instances/Instances 2/qa194_01.gt,193,20.0,86400.0,PTVRP_LINEAR,499750.0,7,0.000006800,0.000006800,0.0000,1,0.005056
Instances/Instances 2/qa194_02.gt,193,40.0,86400.0,PTVRP_LINEAR,342450.0,5,0.000007000,0.000007000,0.0000,1,0.005645
Instances/Instances 2/qa194_03.gt,193,100.0,86400.0,PTVRP_LINEAR,194065.0,3,0.000006900,0.000006900,0.0000,1,0.005056
Instances/Instances 2/qa194_04.gt,193,200.0,86400.0,PTVRP_LINEAR,146623.0,2,0.000006700,0.000006700,0.0000,1,0.006733
Instances/Instances 2/qa194_05.gt,193,400.0,86400.0,PTVRP_LINEAR,89338.0,2,0.000005500,0.000005500,0.0000,1,0.006166
Instances/Instances 2/qa194_06.gt,193,1000.0,86400.0,PTVRP_LINEAR,62814.0,1,0.000005100,0.000005100,0.0000,1,0.004943
Instances/Instances 2/qa194_07.gt,193,2000.0,86400.0,PTVRP_LINEAR,31407.0,1,0.000005500,0.000005500,0.0000,1,0.005232
Instances/Instances 2/qa194_08.gt,193,4000.0,86400.0,PTVRP_LINEAR,20938.0,1,0.000006000,0.000006000,0.0000,1,0.006014
Instances/Instances 2/qa194_09.gt,193,10000.0,86400.0,PTVRP_LINEAR,10469.0,1,0.000005900,0.000005900,0.0000,1,0.005736
Instances/Instances 2/qa194_10.gt,193,20000.0,86400.0,PTVRP_LINEAR,10469.0,1,0.000006000,0.000006000,0.0000,1,0.004786
Instances/Instances 2/rat195_01.gt,194,20.0,86400.0,PTVRP_LINEAR,240428.0,3,0.000006500,0.000006500,0.0000,1,0.005634
Instances/Instances 2/rat195_02.gt,194,40.0,86400.0,PTVRP_LINEAR,170716.0,3,0.000006300,0.000006300,0.0000,1,0.005007
Instances/Instances 2/rat195_03.gt,194,100.0,86400.0,PTVRP_LINEAR,92033.0,2,0.000005100,0.000005100,0.0000,1,0.00459
Instances/Instances 2/rat195_04.gt,194,200.0,86400.0,PTVRP_LINEAR,61944.0,1,0.000004700,0.000004700,0.0000,1,0.005093
Instances/Instances 2/rat195_05.gt,194,400.0,86400.0,PTVRP_LINEAR,33553.0,1,0.000005000,0.000005000,0.0000,1,0.005734
Instances/Instances 2/rat195_06.gt,194,1000.0,86400.0,PTVRP_LINEAR,12905.0,1,0.000005200,0.000005200,0.0000,1,0.004605
Instances/Instances 2/rat195_07.gt,194,2000.0,86400.0,PTVRP_LINEAR,7743.0,1,0.000005900,0.000005900,0.0000,1,0.005931
Instances/Instances 2/rat195_08.gt,194,4000.0,86400.0,PTVRP_LINEAR,5162.0,1,0.000006200,0.000006200,0.0000,1,0.004631
Instances/Instances 2/rat195_09.gt,194,10000.0,86400.0,PTVRP_LINEAR,2581.0,1,0.000006200,0.000006200,0.0000,1,0.005536
Instances/Instances 2/rat195_10.gt,194,20000.0,86400.0,PTVRP_LINEAR,2581.0,1,0.000006000,0.000006000,0.0000,1,0.005358
Instances/Instances 2/rat575_01.gt,574,20.0,86400.0,PTVRP_LINEAR,718454.0,11,0.000018400,0.000018400,0.0000,1,0.005168
Instances/Instances 2/rat575_02.gt,574,40.0,86400.0,PTVRP_LINEAR,490732.0,7,0.000019600,0.000019600,0.0000,1,0.005749
Instances/Instances 2/rat575_03.gt,574,100.0,86400.0,PTVRP_LINEAR,287896.0,4,0.000018800,0.000018800,0.0000,1,0.005928
Instances/Instances 2/rat575_04.gt,574,200.0,86400.0,PTVRP_LINEAR,204229.0,3,0.000018900,0.000018900,0.0000,1,0.006404
Instances/Instances 2/rat575_05.gt,574,400.0,86400.0,PTVRP_LINEAR,144049.0,2,0.000017800,0.000017800,0.0000,1,0.005408
Instances/Instances 2/rat575_06.gt,574,1000.0,86400.0,PTVRP_LINEAR,85773.0,2,0.000013300,0.000013300,0.0000,1,0.005149
Instances/Instances 2/rat575_07.gt,574,2000.0,86400.0,PTVRP_LINEAR,58120.0,1,0.000013700,0.000013700,0.0000,1,0.005244
Instances/Instances 2/rat575_08.gt,574,4000.0,86400.0,PTVRP_LINEAR,29060.0,1,0.000014900,0.000014900,0.0000,1,0.005452
Instances/Instances 2/rat575_09.gt,574,10000.0,86400.0,PTVRP_LINEAR,14530.0,1,0.000016000,0.000016000,0.0000,1,0.005274
Instances/Instances 2/rat575_10.gt,574,20000.0,86400.0,PTVRP_LINEAR,7265.0,1,0.000016500,0.000016500,0.0000,1,0.00631
Instances/Instances 2/rat783_01.gt,782,20.0,86400.0,PTVRP_LINEAR,907192.0,16,0.000022800,0.000022800,0.0000,1,0.00542
Instances/Instances 2/rat783_02.gt,782,40.0,86400.0,PTVRP_LINEAR,576500.0,11,0.000023300,0.000023300,0.0000,1,0.006432
Instances/Instances 2/rat783_03.gt,782,100.0,86400.0,PTVRP_LINEAR,378019.0,6,0.000025500,0.000025500,0.0000,1,0.005813
Instances/Instances 2/rat783_04.gt,782,200.0,86400.0,PTVRP_LINEAR,270885.0,4,0.000024700,0.000024700,0.0000,1,0.005417
Instances/Instances 2/rat783_05.gt,782,400.0,86400.0,PTVRP_LINEAR,185195.0,3,0.000023900,0.000023900,0.0000,1,0.005521
Instances/Instances 2/rat783_06.gt,782,1000.0,86400.0,PTVRP_LINEAR,110012.0,2,0.000020500,0.000020500,0.0000,1,0.007872
Instances/Instances 2/rat783_07.gt,782,2000.0,86400.0,PTVRP_LINEAR,86067.0,2,0.000018300,0.000018300,0.0000,1,0.007717
Instances/Instances 2/rat783_08.gt,782,4000.0,86400.0,PTVRP_LINEAR,46945.0,1,0.000019700,0.000019700,0.0000,1,0.006225
Instances/Instances 2/rat783_09.gt,782,10000.0,86400.0,PTVRP_LINEAR,15232.0,2,0.000023200,0.000023200,0.0000,1,0.00765
Instances/Instances 2/rat783_10.gt,782,20000.0,86400.0,PTVRP_LINEAR,9389.0,2,0.000021800,0.000021800,0.0000,1,0.007292
Instances/Instances 2/rat99_01.gt,98,20.0,86400.0,PTVRP_LINEAR,97401.0,2,0.000003400,0.000003400,0.0000,1,0.006463
Instances/Instances 2/rat99_02.gt,98,40.0,86400.0,PTVRP_LINEAR,80910.0,1,0.000002400,0.000002400,0.0000,1,0.005535
Instances/Instances 2/rat99_03.gt,98,100.0,86400.0,PTVRP_LINEAR,36270.0,1,0.000002500,0.000002500,0.0000,1,0.005606
Instances/Instances 2/rat99_04.gt,98,200.0,86400.0,PTVRP_LINEAR,18135.0,1,0.000002700,0.000002700,0.0000,1,0.006546
Instances/Instances 2/rat99_05.gt,98,400.0,86400.0,PTVRP_LINEAR,8370.0,1,0.000002900,0.000002900,0.0000,1,0.005848
Instances/Instances 2/rat99_06.gt,98,1000.0,86400.0,PTVRP_LINEAR,4185.0,1,0.000003000,0.000003000,0.0000,1,0.004908
Instances/Instances 2/rat99_07.gt,98,2000.0,86400.0,PTVRP_LINEAR,2790.0,1,0.000003100,0.000003100,0.0000,1,0.006004
Instances/Instances 2/rat99_08.gt,98,4000.0,86400.0,PTVRP_LINEAR,1395.0,1,0.000003200,0.000003200,0.0000,1,0.005413
Instances/Instances 2/rat99_09.gt,98,10000.0,86400.0,PTVRP_LINEAR,1395.0,1,0.000003200,0.000003200,0.0000,1,0.004908
Instances/Instances 2/rat99_10.gt,98,20000.0,86400.0,PTVRP_LINEAR,1395.0,1,0.000003200,0.000003200,0.0000,1,0.006169
Instances/Instances 2/rd100_01.gt,99,20.0,86400.0,PTVRP_LINEAR,300271.0,4,0.000003800,0.000003800,0.0000,1,0.006048
Instances/Instances 2/rd100_02.gt,99,40.0,86400.0,PTVRP_LINEAR,217017.0,3,0.000003600,0.000003600,0.0000,1,0.005711
Instances/Instances 2/rd100_03.gt,99,100.0,86400.0,PTVRP_LINEAR,126774.0,2,0.000003600,0.000003600,0.0000,1,0.005408
Instances/Instances 2/rd100_04.gt,99,200.0,86400.0,PTVRP_LINEAR,90071.0,2,0.000003000,0.000003000,0.0000,1,0.005255
Instances/Instances 2/rd100_05.gt,99,400.0,86400.0,PTVRP_LINEAR,62769.0,1,0.000002900,0.000002900,0.0000,1,0.005485
Instances/Instances 2/rd100_06.gt,99,1000.0,86400.0,PTVRP_LINEAR,26901.0,1,0.000003100,0.000003100,0.0000,1,0.005878
Instances/Instances 2/rd100_07.gt,99,2000.0,86400.0,PTVRP_LINEAR,17934.0,1,0.000004400,0.000004400,0.0000,1,0.006657
Instances/Instances 2/rd100_08.gt,99,4000.0,86400.0,PTVRP_LINEAR,8967.0,2,0.000003500,0.000003500,0.0000,1,0.006431
Instances/Instances 2/rd100_09.gt,99,10000.0,86400.0,PTVRP_LINEAR,8967.0,2,0.000003400,0.000003400,0.0000,1,0.007466
Instances/Instances 2/rd100_10.gt,99,20000.0,86400.0,PTVRP_LINEAR,8967.0,2,0.000003400,0.000003400,0.0000,1,0.006738
Instances/Instances 2/rd400_01.gt,399,20.0,86400.0,PTVRP_LINEAR,891127.0,15,0.000012600,0.000012600,0.0000,1,0.006418
Instances/Instances 2/rd400_02.gt,399,40.0,86400.0,PTVRP_LINEAR,601392.0,10,0.000013300,0.000013300,0.0000,1,0.005461
Instances/Instances 2/rd400_03.gt,399,100.0,86400.0,PTVRP_LINEAR,370158.0,5,0.000013600,0.000013600,0.0000,1,0.00476
Instances/Instances 2/rd400_04.gt,399,200.0,86400.0,PTVRP_LINEAR,250683.0,4,0.000013400,0.000013400,0.0000,1,0.006258
Instances/Instances 2/rd400_05.gt,399,400.0,86400.0,PTVRP_LINEAR,168992.0,3,0.000013200,0.000013200,0.0000,1,0.006874
Instances/Instances 2/rd400_06.gt,399,1000.0,86400.0,PTVRP_LINEAR,97021.0,2,0.000011700,0.000011700,0.0000,1,0.005825
Instances/Instances 2/rd400_07.gt,399,2000.0,86400.0,PTVRP_LINEAR,75163.0,2,0.000010200,0.000010200,0.0000,1,0.005871
Instances/Instances 2/rd400_08.gt,399,4000.0,86400.0,PTVRP_LINEAR,45948.0,1,0.000010900,0.000010900,0.0000,1,0.007706
Instances/Instances 2/rd400_09.gt,399,10000.0,86400.0,PTVRP_LINEAR,30632.0,1,0.000012100,0.000012100,0.0000,1,0.00698
Instances/Instances 2/rd400_10.gt,399,20000.0,86400.0,PTVRP_LINEAR,15316.0,1,0.000012300,0.000012300,0.0000,1,0.006547
Instances/Instances 2/rl11849_01.gt,11848,20.0,86400.0,PTVRP_LINEAR,178202781.0,2460,0.000462400,0.000462400,0.0000,1,0.014076
Instances/Instances 2/rl11849_02.gt,11848,40.0,86400.0,PTVRP_LINEAR,91283133.0,1209,0.000475000,0.000475000,0.0000,1,0.014011
Instances/Instances 2/rl11849_03.gt,11848,100.0,86400.0,PTVRP_LINEAR,39174528.0,514,0.000489800,0.000489800,0.0000,1,0.018079
Instances/Instances 2/rl11849_04.gt,11848,200.0,86400.0,PTVRP_LINEAR,21437338.0,290,0.000476100,0.000476100,0.0000,1,0.015714
Instances/Instances 2/rl11849_05.gt,11848,400.0,86400.0,PTVRP_LINEAR,12373493.0,180,0.000458100,0.000458100,0.0000,1,0.014402
Instances/Instances 2/rl11849_06.gt,11848,1000.0,86400.0,PTVRP_LINEAR,6308295.0,98,0.000436600,0.000436600,0.0000,1,0.014143
Instances/Instances 2/rl11849_07.gt,11848,2000.0,86400.0,PTVRP_LINEAR,4026417.0,64,0.000426500,0.000426500,0.0000,1,0.015384
Instances/Instances 2/rl11849_08.gt,11848,4000.0,86400.0,PTVRP_LINEAR,2549211.0,42,0.000426700,0.000426700,0.0000,1,0.015673
Instances/Instances 2/rl11849_09.gt,11848,10000.0,86400.0,PTVRP_LINEAR,1276265.0,33,0.000383400,0.000383400,0.0000,1,0.01507
Instances/Instances 2/rl11849_10.gt,11848,20000.0,86400.0,PTVRP_LINEAR,1026008.0,19,0.000387400,0.000387400,0.0000,1,0.013836
Instances/Instances 2/rl1304_01.gt,1303,20.0,86400.0,PTVRP_LINEAR,20021403.0,282,0.000042800,0.000042800,0.0000,1,0.006825
Instances/Instances 2/rl1304_02.gt,1303,40.0,86400.0,PTVRP_LINEAR,10684512.0,146,0.000045700,0.000045700,0.0000,1,0.006439
Instances/Instances 2/rl1304_03.gt,1303,100.0,86400.0,PTVRP_LINEAR,4903754.0,66,0.000046800,0.000046800,0.0000,1,0.006358
Instances/Instances 2/rl1304_04.gt,1303,200.0,86400.0,PTVRP_LINEAR,2722715.0,42,0.000044800,0.000044800,0.0000,1,0.006969
Instances/Instances 2/rl1304_05.gt,1303,400.0,86400.0,PTVRP_LINEAR,1708390.0,26,0.000042200,0.000042200,0.0000,1,0.006527
Instances/Instances 2/rl1304_06.gt,1303,1000.0,86400.0,PTVRP_LINEAR,899858.0,16,0.000038400,0.000038400,0.0000,1,0.006476
Instances/Instances 2/rl1304_07.gt,1303,2000.0,86400.0,PTVRP_LINEAR,607690.0,10,0.000059700,0.000059700,0.0000,1,0.007327
Instances/Instances 2/rl1304_08.gt,1303,4000.0,86400.0,PTVRP_LINEAR,316596.0,10,0.000034700,0.000034700,0.0000,1,0.008078
Instances/Instances 2/rl1304_09.gt,1303,10000.0,86400.0,PTVRP_LINEAR,280421.0,5,0.000035800,0.000035800,0.0000,1,0.007345
Instances/Instances 2/rl1304_10.gt,1303,20000.0,86400.0,PTVRP_LINEAR,277708.0,5,0.000034700,0.000034700,0.0000,1,0.006495
Instances/Instances 2/rl1323_01.gt,1322,20.0,86400.0,PTVRP_LINEAR,22035401.0,305,0.000043900,0.000043900,0.0000,1,0.005794
Instances/Instances 2/rl1323_02.gt,1322,40.0,86400.0,PTVRP_LINEAR,11001339.0,149,0.000059600,0.000059600,0.0000,1,0.005846
Instances/Instances 2/rl1323_03.gt,1322,100.0,86400.0,PTVRP_LINEAR,5043955.0,70,0.000046800,0.000046800,0.0000,1,0.00581
Instances/Instances 2/rl1323_04.gt,1322,200.0,86400.0,PTVRP_LINEAR,2953005.0,44,0.000045900,0.000045900,0.0000,1,0.00714
Instances/Instances 2/rl1323_05.gt,1322,400.0,86400.0,PTVRP_LINEAR,1775863.0,28,0.000042700,0.000042700,0.0000,1,0.006245
Instances/Instances 2/rl1323_06.gt,1322,1000.0,86400.0,PTVRP_LINEAR,916674.0,18,0.000038300,0.000038300,0.0000,1,0.006812
Instances/Instances 2/rl1323_07.gt,1322,2000.0,86400.0,PTVRP_LINEAR,595451.0,13,0.000035500,0.000035500,0.0000,1,0.006485
Instances/Instances 2/rl1323_08.gt,1322,4000.0,86400.0,PTVRP_LINEAR,348077.0,10,0.000036300,0.000036300,0.0000,1,0.006083
Instances/Instances 2/rl1323_09.gt,1322,10000.0,86400.0,PTVRP_LINEAR,305210.0,5,0.000034800,0.000034800,0.0000,1,0.006045
Instances/Instances 2/rl1323_10.gt,1322,20000.0,86400.0,PTVRP_LINEAR,305210.0,5,0.000035100,0.000035100,0.0000,1,0.00685
Instances/Instances 2/rl1889_01.gt,1888,20.0,86400.0,PTVRP_LINEAR,31612488.0,445,0.000063000,0.000063000,0.0000,1,0.006611
Instances/Instances 2/rl1889_02.gt,1888,40.0,86400.0,PTVRP_LINEAR,16412153.0,218,0.000065000,0.000065000,0.0000,1,0.007021
Instances/Instances 2/rl1889_03.gt,1888,100.0,86400.0,PTVRP_LINEAR,7364433.0,99,0.000067400,0.000067400,0.0000,1,0.007902
Instances/Instances 2/rl1889_04.gt,1888,200.0,86400.0,PTVRP_LINEAR,4152055.0,60,0.000064500,0.000064500,0.0000,1,0.005952
Instances/Instances 2/rl1889_05.gt,1888,400.0,86400.0,PTVRP_LINEAR,2501704.0,38,0.000060000,0.000060000,0.0000,1,0.006939
Instances/Instances 2/rl1889_06.gt,1888,1000.0,86400.0,PTVRP_LINEAR,1274926.0,24,0.000053300,0.000053300,0.0000,1,0.008659
Instances/Instances 2/rl1889_07.gt,1888,2000.0,86400.0,PTVRP_LINEAR,897802.0,14,0.000057600,0.000057600,0.0000,1,0.008617
Instances/Instances 2/rl1889_08.gt,1888,4000.0,86400.0,PTVRP_LINEAR,491877.0,14,0.000051300,0.000051300,0.0000,1,0.007972
Instances/Instances 2/rl1889_09.gt,1888,10000.0,86400.0,PTVRP_LINEAR,359202.0,6,0.000050900,0.000050900,0.0000,1,0.00685
Instances/Instances 2/rl1889_10.gt,1888,20000.0,86400.0,PTVRP_LINEAR,351630.0,6,0.000050200,0.000050200,0.0000,1,0.006303
Instances/Instances 2/rl5915_01.gt,5914,20.0,86400.0,PTVRP_LINEAR,86831200.0,1197,0.000230300,0.000230300,0.0000,1,0.009119
Instances/Instances 2/rl5915_02.gt,5914,40.0,86400.0,PTVRP_LINEAR,45290436.0,597,0.000239800,0.000239800,0.0000,1,0.010251
Instances/Instances 2/rl5915_03.gt,5914,100.0,86400.0,PTVRP_LINEAR,19786033.0,261,0.000242900,0.000242900,0.0000,1,0.009055
Instances/Instances 2/rl5915_04.gt,5914,200.0,86400.0,PTVRP_LINEAR,10918587.0,153,0.000238700,0.000238700,0.0000,1,0.010566
Instances/Instances 2/rl5915_05.gt,5914,400.0,86400.0,PTVRP_LINEAR,6383025.0,92,0.000229000,0.000229000,0.0000,1,0.010429
Instances/Instances 2/rl5915_06.gt,5914,1000.0,86400.0,PTVRP_LINEAR,3264152.0,54,0.000209200,0.000209200,0.0000,1,0.009411
Instances/Instances 2/rl5915_07.gt,5914,2000.0,86400.0,PTVRP_LINEAR,1999822.0,38,0.000197300,0.000197300,0.0000,1,0.010423
Instances/Instances 2/rl5915_08.gt,5914,4000.0,86400.0,PTVRP_LINEAR,1412090.0,23,0.000228100,0.000228100,0.0000,1,0.010192
Instances/Instances 2/rl5915_09.gt,5914,10000.0,86400.0,PTVRP_LINEAR,686129.0,18,0.000195000,0.000195000,0.0000,1,0.00919
Instances/Instances 2/rl5915_10.gt,5914,20000.0,86400.0,PTVRP_LINEAR,622673.0,10,0.000190800,0.000190800,0.0000,1,0.008787
Instances/Instances 2/rl5934_01.gt,5933,20.0,86400.0,PTVRP_LINEAR,87813434.0,1219,0.000248700,0.000248700,0.0000,1,0.012531
Instances/Instances 2/rl5934_02.gt,5933,40.0,86400.0,PTVRP_LINEAR,44811530.0,596,0.000242100,0.000242100,0.0000,1,0.010951
Instances/Instances 2/rl5934_03.gt,5933,100.0,86400.0,PTVRP_LINEAR,19327488.0,262,0.000245000,0.000245000,0.0000,1,0.009232
Instances/Instances 2/rl5934_04.gt,5933,200.0,86400.0,PTVRP_LINEAR,10969696.0,151,0.000238300,0.000238300,0.0000,1,0.011276
Instances/Instances 2/rl5934_05.gt,5933,400.0,86400.0,PTVRP_LINEAR,6303325.0,92,0.000228500,0.000228500,0.0000,1,0.011972
Instances/Instances 2/rl5934_06.gt,5933,1000.0,86400.0,PTVRP_LINEAR,3279652.0,50,0.000217400,0.000217400,0.0000,1,0.011361
Instances/Instances 2/rl5934_07.gt,5933,2000.0,86400.0,PTVRP_LINEAR,2073989.0,36,0.000201800,0.000201800,0.0000,1,0.01068
Instances/Instances 2/rl5934_08.gt,5933,4000.0,86400.0,PTVRP_LINEAR,1356437.0,24,0.000205500,0.000205500,0.0000,1,0.010295
Instances/Instances 2/rl5934_09.gt,5933,10000.0,86400.0,PTVRP_LINEAR,681505.0,18,0.000199100,0.000199100,0.0000,1,0.009515
Instances/Instances 2/rl5934_10.gt,5933,20000.0,86400.0,PTVRP_LINEAR,613159.0,9,0.000195000,0.000195000,0.0000,1,0.010514
Instances/Instances 2/rw1621_01.gt,1620,20.0,86400.0,PTVRP_LINEAR,3382901.0,47,0.000053100,0.000053100,0.0000,1,0.006977
Instances/Instances 2/rw1621_02.gt,1620,40.0,86400.0,PTVRP_LINEAR,2017415.0,29,0.000054100,0.000054100,0.0000,1,0.007376
Instances/Instances 2/rw1621_03.gt,1620,100.0,86400.0,PTVRP_LINEAR,1084969.0,17,0.000051600,0.000051600,0.0000,1,0.007152
Instances/Instances 2/rw1621_04.gt,1620,200.0,86400.0,PTVRP_LINEAR,716971.0,12,0.000049500,0.000049500,0.0000,1,0.006142
Instances/Instances 2/rw1621_05.gt,1620,400.0,86400.0,PTVRP_LINEAR,501428.0,7,0.000047800,0.000047800,0.0000,1,0.006349
Instances/Instances 2/rw1621_06.gt,1620,1000.0,86400.0,PTVRP_LINEAR,303822.0,5,0.000044900,0.000044900,0.0000,1,0.005796
Instances/Instances 2/rw1621_07.gt,1620,2000.0,86400.0,PTVRP_LINEAR,217182.0,3,0.000046800,0.000046800,0.0000,1,0.006942
Instances/Instances 2/rw1621_08.gt,1620,4000.0,86400.0,PTVRP_LINEAR,121602.0,3,0.000042900,0.000042900,0.0000,1,0.006465
Instances/Instances 2/rw1621_09.gt,1620,10000.0,86400.0,PTVRP_LINEAR,92116.0,2,0.000039200,0.000039200,0.0000,1,0.005739
Instances/Instances 2/rw1621_10.gt,1620,20000.0,86400.0,PTVRP_LINEAR,82254.0,1,0.000041200,0.000041200,0.0000,1,0.005805
Instances/Instances 2/st70_01.gt,69,20.0,86400.0,PTVRP_LINEAR,59280.0,1,0.000001600,0.000001600,0.0000,1,0.006558
Instances/Instances 2/st70_02.gt,69,40.0,86400.0,PTVRP_LINEAR,31980.0,1,0.000001900,0.000001900,0.0000,1,0.006453
Instances/Instances 2/st70_03.gt,69,100.0,86400.0,PTVRP_LINEAR,14040.0,1,0.000001900,0.000001900,0.0000,1,0.006104
Instances/Instances 2/st70_04.gt,69,200.0,86400.0,PTVRP_LINEAR,7020.0,1,0.000002100,0.000002100,0.0000,1,0.005042
Instances/Instances 2/st70_05.gt,69,400.0,86400.0,PTVRP_LINEAR,3900.0,1,0.000002400,0.000002400,0.0000,1,0.005514
Instances/Instances 2/st70_06.gt,69,1000.0,86400.0,PTVRP_LINEAR,1560.0,1,0.000002400,0.000002400,0.0000,1,0.005743
Instances/Instances 2/st70_07.gt,69,2000.0,86400.0,PTVRP_LINEAR,780.0,1,0.000002600,0.000002600,0.0000,1,0.005698
Instances/Instances 2/st70_08.gt,69,4000.0,86400.0,PTVRP_LINEAR,780.0,1,0.000002700,0.000002700,0.0000,1,0.004992
Instances/Instances 2/st70_09.gt,69,10000.0,86400.0,PTVRP_LINEAR,780.0,1,0.000002700,0.000002700,0.0000,1,0.005488
Instances/Instances 2/st70_10.gt,69,20000.0,86400.0,PTVRP_LINEAR,780.0,1,0.000002600,0.000002600,0.0000,1,0.005489
Instances/Instances 2/sw24978_01.gt,24977,20.0,86400.0,PTVRP_LINEAR,226321288.0,2976,0.000963200,0.000963200,0.0000,1,0.019945
Instances/Instances 2/sw24978_02.gt,24977,40.0,86400.0,PTVRP_LINEAR,116724901.0,1491,0.000981800,0.000981800,0.0000,1,0.023309
Instances/Instances 2/sw24978_03.gt,24977,100.0,86400.0,PTVRP_LINEAR,50683693.0,655,0.001013900,0.001013900,0.0000,1,0.02283
Instances/Instances 2/sw24978_04.gt,24977,200.0,86400.0,PTVRP_LINEAR,28290793.0,380,0.001058100,0.001058100,0.0000,1,0.026191
Instances/Instances 2/sw24978_05.gt,24977,400.0,86400.0,PTVRP_LINEAR,16279514.0,229,0.000998000,0.000998000,0.0000,1,0.02536
Instances/Instances 2/sw24978_06.gt,24977,1000.0,86400.0,PTVRP_LINEAR,8621803.0,125,0.000967000,0.000967000,0.0000,1,0.024906
Instances/Instances 2/sw24978_07.gt,24977,2000.0,86400.0,PTVRP_LINEAR,5527590.0,82,0.000926600,0.000926600,0.0000,1,0.053941
Instances/Instances 2/sw24978_08.gt,24977,4000.0,86400.0,PTVRP_LINEAR,3695821.0,56,0.000903700,0.000903700,0.0000,1,0.027355
Instances/Instances 2/sw24978_09.gt,24977,10000.0,86400.0,PTVRP_LINEAR,2018850.0,39,0.000873900,0.000873900,0.0000,1,0.023287
Instances/Instances 2/sw24978_10.gt,24977,20000.0,86400.0,PTVRP_LINEAR,1489526.0,25,0.000921000,0.000921000,0.0000,1,0.021083
Instances/Instances 2/ts225_01.gt,224,20.0,86400.0,PTVRP_LINEAR,3736300.0,56,0.000008200,0.000008200,0.0000,1,0.005962
Instances/Instances 2/ts225_02.gt,224,40.0,86400.0,PTVRP_LINEAR,2305825.0,34,0.000008900,0.000008900,0.0000,1,0.006247
Instances/Instances 2/ts225_03.gt,224,100.0,86400.0,PTVRP_LINEAR,1067548.0,16,0.000008500,0.000008500,0.0000,1,0.006314
Instances/Instances 2/ts225_04.gt,224,200.0,86400.0,PTVRP_LINEAR,673529.0,10,0.000008400,0.000008400,0.0000,1,0.006261
Instances/Instances 2/ts225_05.gt,224,400.0,86400.0,PTVRP_LINEAR,394489.0,8,0.000007700,0.000007700,0.0000,1,0.007006
Instances/Instances 2/ts225_06.gt,224,1000.0,86400.0,PTVRP_LINEAR,220272.0,6,0.000006600,0.000006600,0.0000,1,0.005308
Instances/Instances 2/ts225_07.gt,224,2000.0,86400.0,PTVRP_LINEAR,148763.0,4,0.000006300,0.000006300,0.0000,1,0.00479
Instances/Instances 2/ts225_08.gt,224,4000.0,86400.0,PTVRP_LINEAR,143060.0,3,0.000005900,0.000005900,0.0000,1,0.00727
Instances/Instances 2/ts225_09.gt,224,10000.0,86400.0,PTVRP_LINEAR,143060.0,3,0.000006000,0.000006000,0.0000,1,0.006293
Instances/Instances 2/ts225_10.gt,224,20000.0,86400.0,PTVRP_LINEAR,143060.0,3,0.000006000,0.000006000,0.0000,1,0.007922
Instances/Instances 2/tsp225_01.gt,224,20.0,86400.0,PTVRP_LINEAR,332892.0,5,0.000007400,0.000007400,0.0000,1,0.007117
Instances/Instances 2/tsp225_02.gt,224,40.0,86400.0,PTVRP_LINEAR,247520.0,4,0.000023700,0.000023700,0.0000,1,0.006142
Instances/Instances 2/tsp225_03.gt,224,100.0,86400.0,PTVRP_LINEAR,136206.0,2,0.000007100,0.000007100,0.0000,1,0.007067
Instances/Instances 2/tsp225_04.gt,224,200.0,86400.0,PTVRP_LINEAR,93732.0,2,0.000005600,0.000005600,0.0000,1,0.006987
Instances/Instances 2/tsp225_05.gt,224,400.0,86400.0,PTVRP_LINEAR,66270.0,1,0.000005200,0.000005200,0.0000,1,0.006786
Instances/Instances 2/tsp225_06.gt,224,1000.0,86400.0,PTVRP_LINEAR,26508.0,1,0.000005800,0.000005800,0.0000,1,0.00622
Instances/Instances 2/tsp225_07.gt,224,2000.0,86400.0,PTVRP_LINEAR,13254.0,1,0.000006200,0.000006200,0.0000,1,0.006183
Instances/Instances 2/tsp225_08.gt,224,4000.0,86400.0,PTVRP_LINEAR,8836.0,1,0.000006600,0.000006600,0.0000,1,0.005854
Instances/Instances 2/tsp225_09.gt,224,10000.0,86400.0,PTVRP_LINEAR,4418.0,1,0.000006800,0.000006800,0.0000,1,0.004774
Instances/Instances 2/tsp225_10.gt,224,20000.0,86400.0,PTVRP_LINEAR,4418.0,1,0.000006600,0.000006600,0.0000,1,0.006984
Instances/Instances 2/tz6117_01.gt,6116,20.0,86400.0,PTVRP_LINEAR,64446078.0,847,0.000236800,0.000236800,0.0000,1,0.010759
Instances/Instances 2/tz6117_02.gt,6116,40.0,86400.0,PTVRP_LINEAR,34220136.0,447,0.000244900,0.000244900,0.0000,1,0.010406
Instances/Instances 2/tz6117_03.gt,6116,100.0,86400.0,PTVRP_LINEAR,15073042.0,197,0.000251800,0.000251800,0.0000,1,0.010118
Instances/Instances 2/tz6117_04.gt,6116,200.0,86400.0,PTVRP_LINEAR,8641311.0,118,0.000247400,0.000247400,0.0000,1,0.010411
Instances/Instances 2/tz6117_05.gt,6116,400.0,86400.0,PTVRP_LINEAR,5002902.0,71,0.000243400,0.000243400,0.0000,1,0.011131
Instances/Instances 2/tz6117_06.gt,6116,1000.0,86400.0,PTVRP_LINEAR,2754912.0,41,0.000238900,0.000238900,0.0000,1,0.010325
Instances/Instances 2/tz6117_07.gt,6116,2000.0,86400.0,PTVRP_LINEAR,1819014.0,25,0.000230400,0.000230400,0.0000,1,0.011112
Instances/Instances 2/tz6117_08.gt,6116,4000.0,86400.0,PTVRP_LINEAR,1095822.0,21,0.000250800,0.000250800,0.0000,1,0.010639
Instances/Instances 2/tz6117_09.gt,6116,10000.0,86400.0,PTVRP_LINEAR,628136.0,14,0.000210700,0.000210700,0.0000,1,0.010671
Instances/Instances 2/tz6117_10.gt,6116,20000.0,86400.0,PTVRP_LINEAR,441130.0,9,0.000210300,0.000210300,0.0000,1,0.010059
Instances/Instances 2/u1060_01.gt,1059,20.0,86400.0,PTVRP_LINEAR,15069613.0,205,0.000034600,0.000034600,0.0000,1,0.00768
Instances/Instances 2/u1060_02.gt,1059,40.0,86400.0,PTVRP_LINEAR,8026756.0,107,0.000036300,0.000036300,0.0000,1,0.007977
Instances/Instances 2/u1060_03.gt,1059,100.0,86400.0,PTVRP_LINEAR,3790236.0,54,0.000039300,0.000039300,0.0000,1,0.007883
Instances/Instances 2/u1060_04.gt,1059,200.0,86400.0,PTVRP_LINEAR,2205858.0,35,0.000036800,0.000036800,0.0000,1,0.007679
Instances/Instances 2/u1060_05.gt,1059,400.0,86400.0,PTVRP_LINEAR,1393157.0,21,0.000037300,0.000037300,0.0000,1,0.008045
Instances/Instances 2/u1060_06.gt,1059,1000.0,86400.0,PTVRP_LINEAR,724459.0,15,0.000032100,0.000032100,0.0000,1,0.00757
Instances/Instances 2/u1060_07.gt,1059,2000.0,86400.0,PTVRP_LINEAR,518831.0,9,0.000033100,0.000033100,0.0000,1,0.007962
Instances/Instances 2/u1060_08.gt,1059,4000.0,86400.0,PTVRP_LINEAR,276317.0,8,0.000030400,0.000030400,0.0000,1,0.008072
Instances/Instances 2/u1060_09.gt,1059,10000.0,86400.0,PTVRP_LINEAR,245381.0,4,0.000039800,0.000039800,0.0000,1,0.007361
Instances/Instances 2/u1060_10.gt,1059,20000.0,86400.0,PTVRP_LINEAR,245381.0,4,0.000029900,0.000029900,0.0000,1,0.007212
Instances/Instances 2/u1432_01.gt,1431,20.0,86400.0,PTVRP_LINEAR,9343631.0,126,0.000045700,0.000045700,0.0000,1,0.006806
Instances/Instances 2/u1432_02.gt,1431,40.0,86400.0,PTVRP_LINEAR,5552583.0,78,0.000048100,0.000048100,0.0000,1,0.006982
Instances/Instances 2/u1432_03.gt,1431,100.0,86400.0,PTVRP_LINEAR,2756974.0,44,0.000047000,0.000047000,0.0000,1,0.007502
Instances/Instances 2/u1432_04.gt,1431,200.0,86400.0,PTVRP_LINEAR,1740382.0,29,0.000076200,0.000076200,0.0000,1,0.006423
Instances/Instances 2/u1432_05.gt,1431,400.0,86400.0,PTVRP_LINEAR,1124362.0,20,0.000045800,0.000045800,0.0000,1,0.007898
Instances/Instances 2/u1432_06.gt,1431,1000.0,86400.0,PTVRP_LINEAR,719734.0,10,0.000046000,0.000046000,0.0000,1,0.006927
Instances/Instances 2/u1432_07.gt,1431,2000.0,86400.0,PTVRP_LINEAR,512065.0,7,0.000044700,0.000044700,0.0000,1,0.006979
Instances/Instances 2/u1432_08.gt,1431,4000.0,86400.0,PTVRP_LINEAR,329461.0,6,0.000043200,0.000043200,0.0000,1,0.00706
Instances/Instances 2/u1432_09.gt,1431,10000.0,86400.0,PTVRP_LINEAR,163339.0,6,0.000037700,0.000037700,0.0000,1,0.006404
Instances/Instances 2/u1432_10.gt,1431,20000.0,86400.0,PTVRP_LINEAR,157856.0,3,0.000036100,0.000036100,0.0000,1,0.007622
Instances/Instances 2/u159_01.gt,158,20.0,86400.0,PTVRP_LINEAR,1327982.0,20,0.000005900,0.000005900,0.0000,1,0.006503
Instances/Instances 2/u159_02.gt,158,40.0,86400.0,PTVRP_LINEAR,763333.0,13,0.000006300,0.000006300,0.0000,1,0.006101
Instances/Instances 2/u159_03.gt,158,100.0,86400.0,PTVRP_LINEAR,397770.0,6,0.000006200,0.000006200,0.0000,1,0.005853
Instances/Instances 2/u159_04.gt,158,200.0,86400.0,PTVRP_LINEAR,222586.0,6,0.000005900,0.000005900,0.0000,1,0.006326
Instances/Instances 2/u159_05.gt,158,400.0,86400.0,PTVRP_LINEAR,193836.0,3,0.000005700,0.000005700,0.0000,1,0.005816
Instances/Instances 2/u159_06.gt,158,1000.0,86400.0,PTVRP_LINEAR,86888.0,3,0.000004900,0.000004900,0.0000,1,0.005149
Instances/Instances 2/u159_07.gt,158,2000.0,86400.0,PTVRP_LINEAR,80842.0,2,0.000004800,0.000004800,0.0000,1,0.005614
Instances/Instances 2/u159_08.gt,158,4000.0,86400.0,PTVRP_LINEAR,47958.0,2,0.000005100,0.000005100,0.0000,1,0.005165
Instances/Instances 2/u159_09.gt,158,10000.0,86400.0,PTVRP_LINEAR,47792.0,1,0.000005200,0.000005200,0.0000,1,0.006394
Instances/Instances 2/u159_10.gt,158,20000.0,86400.0,PTVRP_LINEAR,47792.0,1,0.000005100,0.000005100,0.0000,1,0.006099
Instances/Instances 2/u1817_01.gt,1816,20.0,86400.0,PTVRP_LINEAR,5738387.0,76,0.000059900,0.000059900,0.0000,1,0.007765
Instances/Instances 2/u1817_02.gt,1816,40.0,86400.0,PTVRP_LINEAR,3287637.0,52,0.000067600,0.000067600,0.0000,1,0.008586
Instances/Instances 2/u1817_03.gt,1816,100.0,86400.0,PTVRP_LINEAR,1782685.0,27,0.000059100,0.000059100,0.0000,1,0.00827
Instances/Instances 2/u1817_04.gt,1816,200.0,86400.0,PTVRP_LINEAR,1145603.0,20,0.000054700,0.000054700,0.0000,1,0.007115
Instances/Instances 2/u1817_05.gt,1816,400.0,86400.0,PTVRP_LINEAR,714118.0,14,0.000053300,0.000053300,0.0000,1,0.006339
Instances/Instances 2/u1817_06.gt,1816,1000.0,86400.0,PTVRP_LINEAR,482439.0,7,0.000054400,0.000054400,0.0000,1,0.00892
Instances/Instances 2/u1817_07.gt,1816,2000.0,86400.0,PTVRP_LINEAR,325340.0,5,0.000051500,0.000051500,0.0000,1,0.008472
Instances/Instances 2/u1817_08.gt,1816,4000.0,86400.0,PTVRP_LINEAR,239954.0,4,0.000051300,0.000051300,0.0000,1,0.009094
Instances/Instances 2/u1817_09.gt,1816,10000.0,86400.0,PTVRP_LINEAR,138512.0,3,0.000045000,0.000045000,0.0000,1,0.007544
Instances/Instances 2/u1817_10.gt,1816,20000.0,86400.0,PTVRP_LINEAR,98429.0,2,0.000045000,0.000045000,0.0000,1,0.0069
Instances/Instances 2/u2152_01.gt,2151,20.0,86400.0,PTVRP_LINEAR,6694885.0,90,0.000078400,0.000078400,0.0000,1,0.00707
Instances/Instances 2/u2152_02.gt,2151,40.0,86400.0,PTVRP_LINEAR,4026746.0,54,0.000079300,0.000079300,0.0000,1,0.008079
Instances/Instances 2/u2152_03.gt,2151,100.0,86400.0,PTVRP_LINEAR,2028647.0,35,0.000078200,0.000078200,0.0000,1,0.006659
Instances/Instances 2/u2152_04.gt,2151,200.0,86400.0,PTVRP_LINEAR,1306476.0,23,0.000077100,0.000077100,0.0000,1,0.008767
Instances/Instances 2/u2152_05.gt,2151,400.0,86400.0,PTVRP_LINEAR,799571.0,17,0.000070000,0.000070000,0.0000,1,0.006665
Instances/Instances 2/u2152_06.gt,2151,1000.0,86400.0,PTVRP_LINEAR,574145.0,8,0.000072800,0.000072800,0.0000,1,0.007684
Instances/Instances 2/u2152_07.gt,2151,2000.0,86400.0,PTVRP_LINEAR,398487.0,6,0.000067100,0.000067100,0.0000,1,0.006308
Instances/Instances 2/u2152_08.gt,2151,4000.0,86400.0,PTVRP_LINEAR,264506.0,4,0.000067500,0.000067500,0.0000,1,0.006017
Instances/Instances 2/u2152_09.gt,2151,10000.0,86400.0,PTVRP_LINEAR,131407.0,4,0.000061700,0.000061700,0.0000,1,0.007636
Instances/Instances 2/u2152_10.gt,2151,20000.0,86400.0,PTVRP_LINEAR,138314.0,2,0.000059600,0.000059600,0.0000,1,0.007964
Instances/Instances 2/u2319_01.gt,2318,20.0,86400.0,PTVRP_LINEAR,14750912.0,203,0.000083500,0.000083500,0.0000,1,0.009074
Instances/Instances 2/u2319_02.gt,2318,40.0,86400.0,PTVRP_LINEAR,8665188.0,117,0.000083800,0.000083800,0.0000,1,0.006572
Instances/Instances 2/u2319_03.gt,2318,100.0,86400.0,PTVRP_LINEAR,4290399.0,69,0.000083200,0.000083200,0.0000,1,0.006906
Instances/Instances 2/u2319_04.gt,2318,200.0,86400.0,PTVRP_LINEAR,2778992.0,44,0.000082600,0.000082600,0.0000,1,0.006018
Instances/Instances 2/u2319_05.gt,2318,400.0,86400.0,PTVRP_LINEAR,1815137.0,29,0.000081900,0.000081900,0.0000,1,0.006824
Instances/Instances 2/u2319_06.gt,2318,1000.0,86400.0,PTVRP_LINEAR,1087080.0,18,0.000080800,0.000080800,0.0000,1,0.006705
Instances/Instances 2/u2319_07.gt,2318,2000.0,86400.0,PTVRP_LINEAR,726912.0,13,0.000078500,0.000078500,0.0000,1,0.006465
Instances/Instances 2/u2319_08.gt,2318,4000.0,86400.0,PTVRP_LINEAR,497180.0,9,0.000076600,0.000076600,0.0000,1,0.007598
Instances/Instances 2/u2319_09.gt,2318,10000.0,86400.0,PTVRP_LINEAR,250845.0,8,0.000074600,0.000074600,0.0000,1,0.007892
Instances/Instances 2/u2319_10.gt,2318,20000.0,86400.0,PTVRP_LINEAR,243057.0,4,0.000065300,0.000065300,0.0000,1,0.007689
Instances/Instances 2/u574_01.gt,573,20.0,86400.0,PTVRP_LINEAR,2176507.0,31,0.000019800,0.000019800,0.0000,1,0.006162
Instances/Instances 2/u574_02.gt,573,40.0,86400.0,PTVRP_LINEAR,1313759.0,22,0.000018900,0.000018900,0.0000,1,0.005319
Instances/Instances 2/u574_03.gt,573,100.0,86400.0,PTVRP_LINEAR,701820.0,12,0.000018900,0.000018900,0.0000,1,0.006629
Instances/Instances 2/u574_04.gt,573,200.0,86400.0,PTVRP_LINEAR,482573.0,8,0.000020200,0.000020200,0.0000,1,0.006408
Instances/Instances 2/u574_05.gt,573,400.0,86400.0,PTVRP_LINEAR,328940.0,6,0.000018700,0.000018700,0.0000,1,0.005794
Instances/Instances 2/u574_06.gt,573,1000.0,86400.0,PTVRP_LINEAR,218768.0,4,0.000017600,0.000017600,0.0000,1,0.008621
Instances/Instances 2/u574_07.gt,573,2000.0,86400.0,PTVRP_LINEAR,147298.0,3,0.000017200,0.000017200,0.0000,1,0.00733
Instances/Instances 2/u574_08.gt,573,4000.0,86400.0,PTVRP_LINEAR,111839.0,2,0.000015900,0.000015900,0.0000,1,0.006788
Instances/Instances 2/u574_09.gt,573,10000.0,86400.0,PTVRP_LINEAR,80260.0,1,0.000015800,0.000015800,0.0000,1,0.005601
Instances/Instances 2/u574_10.gt,573,20000.0,86400.0,PTVRP_LINEAR,40130.0,1,0.000016700,0.000016700,0.0000,1,0.005686
Instances/Instances 2/u724_01.gt,723,20.0,86400.0,PTVRP_LINEAR,2637987.0,39,0.000024100,0.000024100,0.0000,1,0.006849
Instances/Instances 2/u724_02.gt,723,40.0,86400.0,PTVRP_LINEAR,1572214.0,27,0.000024100,0.000024100,0.0000,1,0.007334
Instances/Instances 2/u724_03.gt,723,100.0,86400.0,PTVRP_LINEAR,902942.0,13,0.000024600,0.000024600,0.0000,1,0.007312
Instances/Instances 2/u724_04.gt,723,200.0,86400.0,PTVRP_LINEAR,538058.0,11,0.000022600,0.000022600,0.0000,1,0.005706
Instances/Instances 2/u724_05.gt,723,400.0,86400.0,PTVRP_LINEAR,427162.0,6,0.000024600,0.000024600,0.0000,1,0.007083
Instances/Instances 2/u724_06.gt,723,1000.0,86400.0,PTVRP_LINEAR,214563.0,5,0.000020700,0.000020700,0.0000,1,0.00695
Instances/Instances 2/u724_07.gt,723,2000.0,86400.0,PTVRP_LINEAR,168620.0,3,0.000020500,0.000020500,0.0000,1,0.006419
Instances/Instances 2/u724_08.gt,723,4000.0,86400.0,PTVRP_LINEAR,122188.0,2,0.000019300,0.000019300,0.0000,1,0.006164
Instances/Instances 2/u724_09.gt,723,10000.0,86400.0,PTVRP_LINEAR,74613.0,2,0.000019100,0.000019100,0.0000,1,0.005788
Instances/Instances 2/u724_10.gt,723,20000.0,86400.0,PTVRP_LINEAR,44989.0,1,0.000020200,0.000020200,0.0000,1,0.005816
Instances/Instances 2/usa13509_01.gt,13508,20.0,86400.0,PTVRP_LINEAR,5522604725.0,13177,0.000356600,0.000356600,0.0000,1,0.015032
Instances/Instances 2/usa13509_02.gt,13508,40.0,86400.0,PTVRP_LINEAR,3615607566.0,12825,0.000349000,0.000349000,0.0000,1,0.016289
Instances/Instances 2/usa13509_03.gt,13508,100.0,86400.0,PTVRP_LINEAR,2982665932.0,12089,0.000358200,0.000358200,0.0000,1,0.018819
Instances/Instances 2/usa13509_04.gt,13508,200.0,86400.0,PTVRP_LINEAR,2967621863.0,11865,0.000361800,0.000361800,0.0000,1,0.016961
Instances/Instances 2/usa13509_05.gt,13508,400.0,86400.0,PTVRP_LINEAR,2962268813.0,11769,0.000356900,0.000356900,0.0000,1,0.017652
Instances/Instances 2/usa13509_06.gt,13508,1000.0,86400.0,PTVRP_LINEAR,2960340002.0,11733,0.000350400,0.000350400,0.0000,1,0.018931
Instances/Instances 2/usa13509_07.gt,13508,2000.0,86400.0,PTVRP_LINEAR,2960247006.0,11731,0.000349700,0.000349700,0.0000,1,0.018028
Instances/Instances 2/usa13509_08.gt,13508,4000.0,86400.0,PTVRP_LINEAR,2960238597.0,11730,0.000350000,0.000350000,0.0000,1,0.01638
Instances/Instances 2/usa13509_09.gt,13508,10000.0,86400.0,PTVRP_LINEAR,2960238597.0,11730,0.000350400,0.000350400,0.0000,1,0.017259
Instances/Instances 2/usa13509_10.gt,13508,20000.0,86400.0,PTVRP_LINEAR,2960238597.0,11730,0.000348600,0.000348600,0.0000,1,0.017351
Instances/Instances 2/uy734_01.gt,733,20.0,86400.0,PTVRP_LINEAR,4182230.0,59,0.000024500,0.000024500,0.0000,1,0.007671
Instances/Instances 2/uy734_02.gt,733,40.0,86400.0,PTVRP_LINEAR,2602227.0,38,0.000024800,0.000024800,0.0000,1,0.006274
Instances/Instances 2/uy734_03.gt,733,100.0,86400.0,PTVRP_LINEAR,1400140.0,19,0.000026000,0.000026000,0.0000,1,0.005673
Instances/Instances 2/uy734_04.gt,733,200.0,86400.0,PTVRP_LINEAR,898218.0,14,0.000024600,0.000024600,0.0000,1,0.005548
Instances/Instances 2/uy734_05.gt,733,400.0,86400.0,PTVRP_LINEAR,566138.0,10,0.000024500,0.000024500,0.0000,1,0.00598
Instances/Instances 2/uy734_06.gt,733,1000.0,86400.0,PTVRP_LINEAR,335755.0,7,0.000022700,0.000022700,0.0000,1,0.00591
Instances/Instances 2/uy734_07.gt,733,2000.0,86400.0,PTVRP_LINEAR,230232.0,5,0.000020800,0.000020800,0.0000,1,0.005644
Instances/Instances 2/uy734_08.gt,733,4000.0,86400.0,PTVRP_LINEAR,162662.0,3,0.000021600,0.000021600,0.0000,1,0.005014
Instances/Instances 2/uy734_09.gt,733,10000.0,86400.0,PTVRP_LINEAR,85530.0,3,0.000020800,0.000020800,0.0000,1,0.006339
Instances/Instances 2/uy734_10.gt,733,20000.0,86400.0,PTVRP_LINEAR,85164.0,1,0.000021100,0.000021100,0.0000,1,0.007697
Instances/Instances 2/vm1084_01.gt,1083,20.0,86400.0,PTVRP_LINEAR,18947275.0,267,0.000035400,0.000035400,0.0000,1,0.006971
Instances/Instances 2/vm1084_02.gt,1083,40.0,86400.0,PTVRP_LINEAR,9843430.0,136,0.000037800,0.000037800,0.0000,1,0.006818
Instances/Instances 2/vm1084_03.gt,1083,100.0,86400.0,PTVRP_LINEAR,4446239.0,61,0.000040000,0.000040000,0.0000,1,0.007478
Instances/Instances 2/vm1084_04.gt,1083,200.0,86400.0,PTVRP_LINEAR,2584286.0,35,0.000038900,0.000038900,0.0000,1,0.00682
Instances/Instances 2/vm1084_05.gt,1083,400.0,86400.0,PTVRP_LINEAR,1540478.0,22,0.000046100,0.000046100,0.0000,1,0.005898
Instances/Instances 2/vm1084_06.gt,1083,1000.0,86400.0,PTVRP_LINEAR,826030.0,13,0.000033900,0.000033900,0.0000,1,0.005177
Instances/Instances 2/vm1084_07.gt,1083,2000.0,86400.0,PTVRP_LINEAR,554940.0,10,0.000031800,0.000031800,0.0000,1,0.006297
Instances/Instances 2/vm1084_08.gt,1083,4000.0,86400.0,PTVRP_LINEAR,335262.0,8,0.000029600,0.000029600,0.0000,1,0.006014
Instances/Instances 2/vm1084_09.gt,1083,10000.0,86400.0,PTVRP_LINEAR,260270.0,4,0.000029200,0.000029200,0.0000,1,0.005647
Instances/Instances 2/vm1084_10.gt,1083,20000.0,86400.0,PTVRP_LINEAR,260270.0,4,0.000029100,0.000029100,0.0000,1,0.005263
Instances/Instances 2/vm1748_01.gt,1747,20.0,86400.0,PTVRP_LINEAR,32532254.0,459,0.000056900,0.000056900,0.0000,1,0.006448
Instances/Instances 2/vm1748_02.gt,1747,40.0,86400.0,PTVRP_LINEAR,16743698.0,226,0.000059500,0.000059500,0.0000,1,0.006621
Instances/Instances 2/vm1748_03.gt,1747,100.0,86400.0,PTVRP_LINEAR,7233978.0,100,0.000062100,0.000062100,0.0000,1,0.007069
Instances/Instances 2/vm1748_04.gt,1747,200.0,86400.0,PTVRP_LINEAR,4150838.0,61,0.000060700,0.000060700,0.0000,1,0.006497
Instances/Instances 2/vm1748_05.gt,1747,400.0,86400.0,PTVRP_LINEAR,2437521.0,37,0.000058900,0.000058900,0.0000,1,0.006725
Instances/Instances 2/vm1748_06.gt,1747,1000.0,86400.0,PTVRP_LINEAR,1239104.0,22,0.000054400,0.000054400,0.0000,1,0.005869
Instances/Instances 2/vm1748_07.gt,1747,2000.0,86400.0,PTVRP_LINEAR,744986.0,17,0.000051600,0.000051600,0.0000,1,0.007091
Instances/Instances 2/vm1748_08.gt,1747,4000.0,86400.0,PTVRP_LINEAR,525830.0,11,0.000050500,0.000050500,0.0000,1,0.006502
Instances/Instances 2/vm1748_09.gt,1747,10000.0,86400.0,PTVRP_LINEAR,376320.0,6,0.000046800,0.000046800,0.0000,1,0.0067
Instances/Instances 2/vm1748_10.gt,1747,20000.0,86400.0,PTVRP_LINEAR,370285.0,5,0.000046100,0.000046100,0.0000,1,0.006974
Instances/Instances 2/vm22775_01.gt,22774,20.0,86400.0,PTVRP_LINEAR,280160072.0,3735,0.000880500,0.000880500,0.0000,1,0.024308
Instances/Instances 2/vm22775_02.gt,22774,40.0,86400.0,PTVRP_LINEAR,141405927.0,1801,0.000897700,0.000897700,0.0000,1,0.022627
Instances/Instances 2/vm22775_03.gt,22774,100.0,86400.0,PTVRP_LINEAR,58054025.0,737,0.000940700,0.000940700,0.0000,1,0.022124
Instances/Instances 2/vm22775_04.gt,22774,200.0,86400.0,PTVRP_LINEAR,30971129.0,397,0.000980700,0.000980700,0.0000,1,0.026006
Instances/Instances 2/vm22775_05.gt,22774,400.0,86400.0,PTVRP_LINEAR,17172952.0,223,0.000921400,0.000921400,0.0000,1,0.026571
Instances/Instances 2/vm22775_06.gt,22774,1000.0,86400.0,PTVRP_LINEAR,8286027.0,115,0.000879500,0.000879500,0.0000,1,0.025623
Instances/Instances 2/vm22775_07.gt,22774,2000.0,86400.0,PTVRP_LINEAR,5147516.0,72,0.000853900,0.000853900,0.0000,1,0.021682
Instances/Instances 2/vm22775_08.gt,22774,4000.0,86400.0,PTVRP_LINEAR,3199292.0,49,0.000836000,0.000836000,0.0000,1,0.022637
Instances/Instances 2/vm22775_09.gt,22774,10000.0,86400.0,PTVRP_LINEAR,1729587.0,32,0.000786700,0.000786700,0.0000,1,0.026746
Instances/Instances 2/vm22775_10.gt,22774,20000.0,86400.0,PTVRP_LINEAR,1324676.0,20,0.000782600,0.000782600,0.0000,1,0.024383
Instances/Instances 2/wi29_01.gt,28,20.0,86400.0,PTVRP_LINEAR,328435.0,5,0.000001700,0.000001700,0.0000,1,0.006829
Instances/Instances 2/wi29_02.gt,28,40.0,86400.0,PTVRP_LINEAR,191564.0,4,0.000001700,0.000001700,0.0000,1,0.006395
Instances/Instances 2/wi29_03.gt,28,100.0,86400.0,PTVRP_LINEAR,136654.0,2,0.000001500,0.000001500,0.0000,1,0.005575
Instances/Instances 2/wi29_04.gt,28,200.0,86400.0,PTVRP_LINEAR,92496.0,2,0.000001400,0.000001400,0.0000,1,0.006167
Instances/Instances 2/wi29_05.gt,28,400.0,86400.0,PTVRP_LINEAR,66220.0,1,0.000001300,0.000001300,0.0000,1,0.005542
Instances/Instances 2/wi29_06.gt,28,1000.0,86400.0,PTVRP_LINEAR,33110.0,1,0.000001400,0.000001400,0.0000,1,0.005797
Instances/Instances 2/wi29_07.gt,28,2000.0,86400.0,PTVRP_LINEAR,33110.0,1,0.000001600,0.000001600,0.0000,1,0.005836
Instances/Instances 2/wi29_08.gt,28,4000.0,86400.0,PTVRP_LINEAR,33110.0,1,0.000001700,0.000001700,0.0000,1,0.005608
Instances/Instances 2/wi29_09.gt,28,10000.0,86400.0,PTVRP_LINEAR,33110.0,1,0.000001500,0.000001500,0.0000,1,0.004716
Instances/Instances 2/wi29_10.gt,28,20000.0,86400.0,PTVRP_LINEAR,33110.0,1,0.000001500,0.000001500,0.0000,1,0.007528
Instances/Instances 2/ym7663_01.gt,7662,20.0,86400.0,PTVRP_LINEAR,41086502.0,530,0.000320300,0.000320300,0.0000,1,0.011537
Instances/Instances 2/ym7663_02.gt,7662,40.0,86400.0,PTVRP_LINEAR,22443931.0,289,0.000326100,0.000326100,0.0000,1,0.010139
Instances/Instances 2/ym7663_03.gt,7662,100.0,86400.0,PTVRP_LINEAR,10410347.0,141,0.000331400,0.000331400,0.0000,1,0.012914
Instances/Instances 2/ym7663_04.gt,7662,200.0,86400.0,PTVRP_LINEAR,6074226.0,91,0.000294300,0.000294300,0.0000,1,0.011962
Instances/Instances 2/ym7663_05.gt,7662,400.0,86400.0,PTVRP_LINEAR,3733381.0,61,0.000283800,0.000283800,0.0000,1,0.010355
Instances/Instances 2/ym7663_06.gt,7662,1000.0,86400.0,PTVRP_LINEAR,1949804.0,40,0.000270700,0.000270700,0.0000,1,0.010951
Instances/Instances 2/ym7663_07.gt,7662,2000.0,86400.0,PTVRP_LINEAR,1325051.0,26,0.000270400,0.000270400,0.0000,1,0.009869
Instances/Instances 2/ym7663_08.gt,7662,4000.0,86400.0,PTVRP_LINEAR,976584.0,16,0.000268400,0.000268400,0.0000,1,0.011653
Instances/Instances 2/ym7663_09.gt,7662,10000.0,86400.0,PTVRP_LINEAR,559017.0,12,0.000272900,0.000272900,0.0000,1,0.010716
Instances/Instances 2/ym7663_10.gt,7662,20000.0,86400.0,PTVRP_LINEAR,417288.0,7,0.000267000,0.000267000,0.0000,1,0.010062
Instances/Instances 2/zi929_01.gt,928,20.0,86400.0,PTVRP_LINEAR,5981398.0,82,0.000030700,0.000030700,0.0000,1,0.006484
Instances/Instances 2/zi929_02.gt,928,40.0,86400.0,PTVRP_LINEAR,3321691.0,45,0.000031900,0.000031900,0.0000,1,0.006955
Instances/Instances 2/zi929_03.gt,928,100.0,86400.0,PTVRP_LINEAR,1716163.0,24,0.000032800,0.000032800,0.0000,1,0.006589
Instances/Instances 2/zi929_04.gt,928,200.0,86400.0,PTVRP_LINEAR,1040047.0,18,0.000030200,0.000030200,0.0000,1,0.006648
Instances/Instances 2/zi929_05.gt,928,400.0,86400.0,PTVRP_LINEAR,665257.0,13,0.000029000,0.000029000,0.0000,1,0.006323
Instances/Instances 2/zi929_06.gt,928,1000.0,86400.0,PTVRP_LINEAR,405152.0,8,0.000027100,0.000027100,0.0000,1,0.006067
Instances/Instances 2/zi929_07.gt,928,2000.0,86400.0,PTVRP_LINEAR,285369.0,6,0.000026500,0.000026500,0.0000,1,0.006472
Instances/Instances 2/zi929_08.gt,928,4000.0,86400.0,PTVRP_LINEAR,197306.0,4,0.000027300,0.000027300,0.0000,1,0.005424
Instances/Instances 2/zi929_09.gt,928,10000.0,86400.0,PTVRP_LINEAR,101349.0,3,0.000027300,0.000027300,0.0000,1,0.006574
Instances/Instances 2/zi929_10.gt,928,20000.0,86400.0,PTVRP_LINEAR,100905.0,2,0.000026000,0.000026000,0.0000,1,0.006478
Instances/Instances 3/a280_01.gt,279,10.0,86400.0,PTVRP_LINEAR,412239.0,7,0.000009200,0.000009200,0.0000,1,0.007527
Instances/Instances 3/a280_02.gt,279,20.0,86400.0,PTVRP_LINEAR,288139.0,4,0.000009300,0.000009300,0.0000,1,0.005018
Instances/Instances 3/a280_03.gt,279,50.0,86400.0,PTVRP_LINEAR,177465.0,3,0.000008900,0.000008900,0.0000,1,0.006077
Instances/Instances 3/a280_04.gt,279,100.0,86400.0,PTVRP_LINEAR,113084.0,2,0.000008400,0.000008400,0.0000,1,0.005005
Instances/Instances 3/a280_05.gt,279,200.0,86400.0,PTVRP_LINEAR,87093.0,2,0.000006400,0.000006400,0.0000,1,0.005158
Instances/Instances 3/a280_06.gt,279,500.0,86400.0,PTVRP_LINEAR,42525.0,1,0.000006800,0.000006800,0.0000,1,0.005469
Instances/Instances 3/a280_07.gt,279,1000.0,86400.0,PTVRP_LINEAR,22680.0,1,0.000006900,0.000006900,0.0000,1,0.005451
Instances/Instances 3/a280_08.gt,279,2000.0,86400.0,PTVRP_LINEAR,11340.0,1,0.000006900,0.000006900,0.0000,1,0.007317
Instances/Instances 3/a280_09.gt,279,5000.0,86400.0,PTVRP_LINEAR,5670.0,1,0.000007500,0.000007500,0.0000,1,0.007923
Instances/Instances 3/a280_10.gt,279,10000.0,86400.0,PTVRP_LINEAR,2835.0,1,0.000008500,0.000008500,0.0000,1,0.005394
Instances/Instances 3/ar9152_01.gt,9151,10.0,86400.0,PTVRP_LINEAR,293951385.0,4025,0.000332800,0.000332800,0.0000,1,0.01177
Instances/Instances 3/ar9152_02.gt,9151,20.0,86400.0,PTVRP_LINEAR,149878893.0,2074,0.000375100,0.000375100,0.0000,1,0.014297
Instances/Instances 3/ar9152_03.gt,9151,50.0,86400.0,PTVRP_LINEAR,61474193.0,834,0.000371400,0.000371400,0.0000,1,0.011322
Instances/Instances 3/ar9152_04.gt,9151,100.0,86400.0,PTVRP_LINEAR,32269593.0,436,0.000384500,0.000384500,0.0000,1,0.012355
Instances/Instances 3/ar9152_05.gt,9151,200.0,86400.0,PTVRP_LINEAR,17904341.0,246,0.000381000,0.000381000,0.0000,1,0.012578
Instances/Instances 3/ar9152_06.gt,9151,500.0,86400.0,PTVRP_LINEAR,8520592.0,128,0.000363600,0.000363600,0.0000,1,0.011205
Instances/Instances 3/ar9152_07.gt,9151,1000.0,86400.0,PTVRP_LINEAR,5139085.0,83,0.000354700,0.000354700,0.0000,1,0.011296
Instances/Instances 3/ar9152_08.gt,9151,2000.0,86400.0,PTVRP_LINEAR,3171220.0,56,0.000369200,0.000369200,0.0000,1,0.01555
Instances/Instances 3/ar9152_09.gt,9151,5000.0,86400.0,PTVRP_LINEAR,1825082.0,34,0.000340600,0.000340600,0.0000,1,0.015265
Instances/Instances 3/ar9152_10.gt,9151,10000.0,86400.0,PTVRP_LINEAR,1247127.0,25,0.000333400,0.000333400,0.0000,1,0.015052
Instances/Instances 3/berlin52_01.gt,51,10.0,86400.0,PTVRP_LINEAR,266062.0,4,0.000002500,0.000002500,0.0000,1,0.007117
Instances/Instances 3/berlin52_02.gt,51,20.0,86400.0,PTVRP_LINEAR,208213.0,3,0.000002300,0.000002300,0.0000,1,0.005976
Instances/Instances 3/berlin52_03.gt,51,50.0,86400.0,PTVRP_LINEAR,118114.0,2,0.000002100,0.000002100,0.0000,1,0.006235
Instances/Instances 3/berlin52_04.gt,51,100.0,86400.0,PTVRP_LINEAR,84552.0,2,0.000001900,0.000001900,0.0000,1,0.007572
Instances/Instances 3/berlin52_05.gt,51,200.0,86400.0,PTVRP_LINEAR,54621.0,1,0.000001600,0.000001600,0.0000,1,0.006859
Instances/Instances 3/berlin52_06.gt,51,500.0,86400.0,PTVRP_LINEAR,23409.0,1,0.000001700,0.000001700,0.0000,1,0.007291
Instances/Instances 3/berlin52_07.gt,51,1000.0,86400.0,PTVRP_LINEAR,15606.0,1,0.000002000,0.000002000,0.0000,1,0.005457
Instances/Instances 3/berlin52_08.gt,51,2000.0,86400.0,PTVRP_LINEAR,7803.0,1,0.000002000,0.000002000,0.0000,1,0.006397
Instances/Instances 3/berlin52_09.gt,51,5000.0,86400.0,PTVRP_LINEAR,7803.0,1,0.000001900,0.000001900,0.0000,1,0.005595
Instances/Instances 3/berlin52_10.gt,51,10000.0,86400.0,PTVRP_LINEAR,7803.0,1,0.000001800,0.000001800,0.0000,1,0.005853
Instances/Instances 3/bier127_01.gt,126,10.0,86400.0,PTVRP_LINEAR,2752749.0,43,0.000004900,0.000004900,0.0000,1,0.006164
Instances/Instances 3/bier127_02.gt,126,20.0,86400.0,PTVRP_LINEAR,1700881.0,27,0.000005100,0.000005100,0.0000,1,0.005259
Instances/Instances 3/bier127_03.gt,126,50.0,86400.0,PTVRP_LINEAR,849291.0,15,0.000005100,0.000005100,0.0000,1,0.005219
Instances/Instances 3/bier127_04.gt,126,100.0,86400.0,PTVRP_LINEAR,571661.0,10,0.000005400,0.000005400,0.0000,1,0.005177
Instances/Instances 3/bier127_05.gt,126,200.0,86400.0,PTVRP_LINEAR,402509.0,7,0.000004900,0.000004900,0.0000,1,0.005289
Instances/Instances 3/bier127_06.gt,126,500.0,86400.0,PTVRP_LINEAR,220435.0,5,0.000004900,0.000004900,0.0000,1,0.005003
Instances/Instances 3/bier127_07.gt,126,1000.0,86400.0,PTVRP_LINEAR,128916.0,4,0.000005200,0.000005200,0.0000,1,0.006695
Instances/Instances 3/bier127_08.gt,126,2000.0,86400.0,PTVRP_LINEAR,126048.0,2,0.000004500,0.000004500,0.0000,1,0.007314
Instances/Instances 3/bier127_09.gt,126,5000.0,86400.0,PTVRP_LINEAR,126048.0,2,0.000004800,0.000004800,0.0000,1,0.006871
Instances/Instances 3/bier127_10.gt,126,10000.0,86400.0,PTVRP_LINEAR,126048.0,2,0.000004500,0.000004500,0.0000,1,0.005481
Instances/Instances 3/bm33708_01.gt,33707,10.0,86400.0,PTVRP_LINEAR,549644870.0,7595,0.001281700,0.001281700,0.0000,1,0.031063
Instances/Instances 3/bm33708_02.gt,33707,20.0,86400.0,PTVRP_LINEAR,279202143.0,3623,0.001291100,0.001291100,0.0000,1,0.035437
Instances/Instances 3/bm33708_03.gt,33707,50.0,86400.0,PTVRP_LINEAR,117902142.0,1496,0.001336001,0.001336001,0.0000,1,0.029875
Instances/Instances 3/bm33708_04.gt,33707,100.0,86400.0,PTVRP_LINEAR,63173249.0,812,0.001363000,0.001363000,0.0000,1,0.035166
Instances/Instances 3/bm33708_05.gt,33707,200.0,86400.0,PTVRP_LINEAR,35266040.0,469,0.001371900,0.001371900,0.0000,1,0.03419
Instances/Instances 3/bm33708_06.gt,33707,500.0,86400.0,PTVRP_LINEAR,17344439.0,248,0.001316400,0.001316400,0.0000,1,0.030911
Instances/Instances 3/bm33708_07.gt,33707,1000.0,86400.0,PTVRP_LINEAR,10776403.0,158,0.001250600,0.001250600,0.0000,1,0.036909
Instances/Instances 3/bm33708_08.gt,33707,2000.0,86400.0,PTVRP_LINEAR,6990295.0,102,0.001372100,0.001372100,0.0000,1,0.038445
Instances/Instances 3/bm33708_09.gt,33707,5000.0,86400.0,PTVRP_LINEAR,3617245.0,77,0.001196600,0.001196600,0.0000,1,0.034405
Instances/Instances 3/bm33708_10.gt,33707,10000.0,86400.0,PTVRP_LINEAR,2456251.0,52,0.001142100,0.001142100,0.0000,1,0.03414
Instances/Instances 3/brd14051_01.gt,14050,10.0,86400.0,PTVRP_LINEAR,169766783.0,2239,0.000550200,0.000550200,0.0000,1,0.01607
Instances/Instances 3/brd14051_02.gt,14050,20.0,86400.0,PTVRP_LINEAR,87519423.0,1116,0.000542500,0.000542500,0.0000,1,0.014553
Instances/Instances 3/brd14051_03.gt,14050,50.0,86400.0,PTVRP_LINEAR,38718644.0,503,0.000557300,0.000557300,0.0000,1,0.015911
Instances/Instances 3/brd14051_04.gt,14050,100.0,86400.0,PTVRP_LINEAR,21735926.0,291,0.000558600,0.000558600,0.0000,1,0.01578
Instances/Instances 3/brd14051_05.gt,14050,200.0,86400.0,PTVRP_LINEAR,12627024.0,182,0.000581800,0.000581800,0.0000,1,0.016463
Instances/Instances 3/brd14051_06.gt,14050,500.0,86400.0,PTVRP_LINEAR,6560309.0,103,0.000529700,0.000529700,0.0000,1,0.015665
Instances/Instances 3/brd14051_07.gt,14050,1000.0,86400.0,PTVRP_LINEAR,4222596.0,68,0.000511600,0.000511600,0.0000,1,0.014146
Instances/Instances 3/brd14051_08.gt,14050,2000.0,86400.0,PTVRP_LINEAR,2858050.0,44,0.000533300,0.000533300,0.0000,1,0.015844
Instances/Instances 3/brd14051_09.gt,14050,5000.0,86400.0,PTVRP_LINEAR,1759709.0,25,0.000542900,0.000542900,0.0000,1,0.018463
Instances/Instances 3/brd14051_10.gt,14050,10000.0,86400.0,PTVRP_LINEAR,1132167.0,19,0.000529600,0.000529600,0.0000,1,0.017774
Instances/Instances 3/ca4663_01.gt,4662,10.0,86400.0,PTVRP_LINEAR,602775390.0,4192,0.000131200,0.000131200,0.0000,1,0.011485
Instances/Instances 3/ca4663_02.gt,4662,20.0,86400.0,PTVRP_LINEAR,341193269.0,3552,0.000153400,0.000153400,0.0000,1,0.01017
Instances/Instances 3/ca4663_03.gt,4662,50.0,86400.0,PTVRP_LINEAR,136679603.0,2119,0.000180800,0.000180800,0.0000,1,0.009598
Instances/Instances 3/ca4663_04.gt,4662,100.0,86400.0,PTVRP_LINEAR,69335698.0,1041,0.000198000,0.000198000,0.0000,1,0.010737
Instances/Instances 3/ca4663_05.gt,4662,200.0,86400.0,PTVRP_LINEAR,38509695.0,553,0.000190700,0.000190700,0.0000,1,0.010935
Instances/Instances 3/ca4663_06.gt,4662,500.0,86400.0,PTVRP_LINEAR,22580760.0,301,0.000191000,0.000191000,0.0000,1,0.010654
Instances/Instances 3/ca4663_07.gt,4662,1000.0,86400.0,PTVRP_LINEAR,17628277.0,224,0.000184100,0.000184100,0.0000,1,0.009819
Instances/Instances 3/ca4663_08.gt,4662,2000.0,86400.0,PTVRP_LINEAR,15158037.0,184,0.000195200,0.000195200,0.0000,1,0.008732
Instances/Instances 3/ca4663_09.gt,4662,5000.0,86400.0,PTVRP_LINEAR,13885959.0,156,0.000169700,0.000169700,0.0000,1,0.009615
Instances/Instances 3/ca4663_10.gt,4662,10000.0,86400.0,PTVRP_LINEAR,13753414.0,152,0.000164600,0.000164600,0.0000,1,0.01032
Instances/Instances 3/ch130_01.gt,129,10.0,86400.0,PTVRP_LINEAR,465892.0,7,0.000005100,0.000005100,0.0000,1,0.005769
Instances/Instances 3/ch130_02.gt,129,20.0,86400.0,PTVRP_LINEAR,297975.0,5,0.000005000,0.000005000,0.0000,1,0.006911
Instances/Instances 3/ch130_03.gt,129,50.0,86400.0,PTVRP_LINEAR,176516.0,3,0.000004600,0.000004600,0.0000,1,0.005715
Instances/Instances 3/ch130_04.gt,129,100.0,86400.0,PTVRP_LINEAR,124960.0,2,0.000004700,0.000004700,0.0000,1,0.005344
Instances/Instances 3/ch130_05.gt,129,200.0,86400.0,PTVRP_LINEAR,84107.0,2,0.000003900,0.000003900,0.0000,1,0.006162
Instances/Instances 3/ch130_06.gt,129,500.0,86400.0,PTVRP_LINEAR,44037.0,1,0.000003700,0.000003700,0.0000,1,0.005673
Instances/Instances 3/ch130_07.gt,129,1000.0,86400.0,PTVRP_LINEAR,25164.0,1,0.000004100,0.000004100,0.0000,1,0.006217
Instances/Instances 3/ch130_08.gt,129,2000.0,86400.0,PTVRP_LINEAR,12582.0,1,0.000004400,0.000004400,0.0000,1,0.005513
Instances/Instances 3/ch130_09.gt,129,5000.0,86400.0,PTVRP_LINEAR,6291.0,1,0.000004400,0.000004400,0.0000,1,0.005934
Instances/Instances 3/ch130_10.gt,129,10000.0,86400.0,PTVRP_LINEAR,6291.0,1,0.000004700,0.000004700,0.0000,1,0.006167
Instances/Instances 3/ch150_01.gt,149,10.0,86400.0,PTVRP_LINEAR,552166.0,7,0.000005800,0.000005800,0.0000,1,0.005305
Instances/Instances 3/ch150_02.gt,149,20.0,86400.0,PTVRP_LINEAR,326312.0,5,0.000005400,0.000005400,0.0000,1,0.006134
Instances/Instances 3/ch150_03.gt,149,50.0,86400.0,PTVRP_LINEAR,205381.0,3,0.000005600,0.000005600,0.0000,1,0.005934
Instances/Instances 3/ch150_04.gt,149,100.0,86400.0,PTVRP_LINEAR,153886.0,2,0.000005400,0.000005400,0.0000,1,0.007166
Instances/Instances 3/ch150_05.gt,149,200.0,86400.0,PTVRP_LINEAR,93300.0,2,0.000004500,0.000004500,0.0000,1,0.007453
Instances/Instances 3/ch150_06.gt,149,500.0,86400.0,PTVRP_LINEAR,58248.0,1,0.000004300,0.000004300,0.0000,1,0.00471
Instances/Instances 3/ch150_07.gt,149,1000.0,86400.0,PTVRP_LINEAR,29124.0,1,0.000004400,0.000004400,0.0000,1,0.004893
Instances/Instances 3/ch150_08.gt,149,2000.0,86400.0,PTVRP_LINEAR,14562.0,1,0.000004700,0.000004700,0.0000,1,0.005666
Instances/Instances 3/ch150_09.gt,149,5000.0,86400.0,PTVRP_LINEAR,7281.0,1,0.000005100,0.000005100,0.0000,1,0.005902
Instances/Instances 3/ch150_10.gt,149,10000.0,86400.0,PTVRP_LINEAR,7281.0,1,0.000004900,0.000004900,0.0000,1,0.005793
Instances/Instances 3/ch71009_01.gt,71008,10.0,86400.0,PTVRP_LINEAR,3294222400.0,41709,0.002491700,0.002491700,0.0000,1,0.058332
Instances/Instances 3/ch71009_02.gt,71008,20.0,86400.0,PTVRP_LINEAR,1712894258.0,23549,0.002981200,0.002981200,0.0000,1,0.067242
Instances/Instances 3/ch71009_03.gt,71008,50.0,86400.0,PTVRP_LINEAR,664926719.0,9275,0.002929800,0.002929800,0.0000,1,0.056725
Instances/Instances 3/ch71009_04.gt,71008,100.0,86400.0,PTVRP_LINEAR,330781727.0,4580,0.002989200,0.002989200,0.0000,1,0.062521
Instances/Instances 3/ch71009_05.gt,71008,200.0,86400.0,PTVRP_LINEAR,170155771.0,2351,0.002975300,0.002975300,0.0000,1,0.060579
Instances/Instances 3/ch71009_06.gt,71008,500.0,86400.0,PTVRP_LINEAR,75536592.0,1076,0.002920001,0.002920001,0.0000,1,0.059344
Instances/Instances 3/ch71009_07.gt,71008,1000.0,86400.0,PTVRP_LINEAR,43105333.0,628,0.003430300,0.003430300,0.0000,1,0.053892
Instances/Instances 3/ch71009_08.gt,71008,2000.0,86400.0,PTVRP_LINEAR,25900066.0,391,0.003034700,0.003034700,0.0000,1,0.058913
Instances/Instances 3/ch71009_09.gt,71008,5000.0,86400.0,PTVRP_LINEAR,14589016.0,219,0.002714200,0.002714200,0.0000,1,0.061734
Instances/Instances 3/ch71009_10.gt,71008,10000.0,86400.0,PTVRP_LINEAR,9834660.0,164,0.002580300,0.002580300,0.0000,1,0.063181
Instances/Instances 3/d1291_01.gt,1290,10.0,86400.0,PTVRP_LINEAR,8310746.0,110,0.000041400,0.000041400,0.0000,1,0.007728
Instances/Instances 3/d1291_02.gt,1290,20.0,86400.0,PTVRP_LINEAR,4312836.0,59,0.000042700,0.000042700,0.0000,1,0.007555
Instances/Instances 3/d1291_03.gt,1290,50.0,86400.0,PTVRP_LINEAR,2216777.0,35,0.000041900,0.000041900,0.0000,1,0.00673
Instances/Instances 3/d1291_04.gt,1290,100.0,86400.0,PTVRP_LINEAR,1381901.0,21,0.000041000,0.000041000,0.0000,1,0.008116
Instances/Instances 3/d1291_05.gt,1290,200.0,86400.0,PTVRP_LINEAR,817514.0,17,0.000038400,0.000038400,0.0000,1,0.00761
Instances/Instances 3/d1291_06.gt,1290,500.0,86400.0,PTVRP_LINEAR,493231.0,10,0.000035000,0.000035000,0.0000,1,0.006364
Instances/Instances 3/d1291_07.gt,1290,1000.0,86400.0,PTVRP_LINEAR,352666.0,6,0.000034300,0.000034300,0.0000,1,0.006142
Instances/Instances 3/d1291_08.gt,1290,2000.0,86400.0,PTVRP_LINEAR,239440.0,5,0.000031600,0.000031600,0.0000,1,0.006627
Instances/Instances 3/d1291_09.gt,1290,5000.0,86400.0,PTVRP_LINEAR,147104.0,3,0.000033200,0.000033200,0.0000,1,0.005782
Instances/Instances 3/d1291_10.gt,1290,10000.0,86400.0,PTVRP_LINEAR,99191.0,3,0.000032500,0.000032500,0.0000,1,0.006065
Instances/Instances 3/d15112_01.gt,15111,10.0,86400.0,PTVRP_LINEAR,552800382.0,7997,0.000536000,0.000536000,0.0000,1,0.015035
Instances/Instances 3/d15112_02.gt,15111,20.0,86400.0,PTVRP_LINEAR,281982685.0,4030,0.000584800,0.000584800,0.0000,1,0.016874
Instances/Instances 3/d15112_03.gt,15111,50.0,86400.0,PTVRP_LINEAR,113328424.0,1512,0.000621700,0.000621700,0.0000,1,0.017521
Instances/Instances 3/d15112_04.gt,15111,100.0,86400.0,PTVRP_LINEAR,59565113.0,800,0.000621900,0.000621900,0.0000,1,0.019329
Instances/Instances 3/d15112_05.gt,15111,200.0,86400.0,PTVRP_LINEAR,32482524.0,434,0.000629000,0.000629000,0.0000,1,0.017112
Instances/Instances 3/d15112_06.gt,15111,500.0,86400.0,PTVRP_LINEAR,15853878.0,223,0.000602800,0.000602800,0.0000,1,0.019664
Instances/Instances 3/d15112_07.gt,15111,1000.0,86400.0,PTVRP_LINEAR,9574418.0,144,0.000599100,0.000599100,0.0000,1,0.017199
Instances/Instances 3/d15112_08.gt,15111,2000.0,86400.0,PTVRP_LINEAR,6019931.0,91,0.000609500,0.000609500,0.0000,1,0.015159
Instances/Instances 3/d15112_09.gt,15111,5000.0,86400.0,PTVRP_LINEAR,3343041.0,63,0.000535700,0.000535700,0.0000,1,0.018263
Instances/Instances 3/d15112_10.gt,15111,10000.0,86400.0,PTVRP_LINEAR,2063187.0,42,0.000532100,0.000532100,0.0000,1,0.01833
Instances/Instances 3/d1655_01.gt,1654,10.0,86400.0,PTVRP_LINEAR,9928993.0,130,0.000076200,0.000076200,0.0000,1,0.006631
Instances/Instances 3/d1655_02.gt,1654,20.0,86400.0,PTVRP_LINEAR,5793559.0,77,0.000053600,0.000053600,0.0000,1,0.006719
Instances/Instances 3/d1655_03.gt,1654,50.0,86400.0,PTVRP_LINEAR,2829710.0,41,0.000054500,0.000054500,0.0000,1,0.006686
Instances/Instances 3/d1655_04.gt,1654,100.0,86400.0,PTVRP_LINEAR,1770442.0,27,0.000053100,0.000053100,0.0000,1,0.008005
Instances/Instances 3/d1655_05.gt,1654,200.0,86400.0,PTVRP_LINEAR,1112768.0,20,0.000051500,0.000051500,0.0000,1,0.006704
Instances/Instances 3/d1655_06.gt,1654,500.0,86400.0,PTVRP_LINEAR,616265.0,12,0.000045900,0.000045900,0.0000,1,0.006366
Instances/Instances 3/d1655_07.gt,1654,1000.0,86400.0,PTVRP_LINEAR,483002.0,8,0.000048400,0.000048400,0.0000,1,0.006821
Instances/Instances 3/d1655_08.gt,1654,2000.0,86400.0,PTVRP_LINEAR,303716.0,6,0.000044700,0.000044700,0.0000,1,0.007421
Instances/Instances 3/d1655_09.gt,1654,5000.0,86400.0,PTVRP_LINEAR,193129.0,4,0.000043000,0.000043000,0.0000,1,0.006898
Instances/Instances 3/d1655_10.gt,1654,10000.0,86400.0,PTVRP_LINEAR,119323.0,3,0.000040300,0.000040300,0.0000,1,0.007854
Instances/Instances 3/d18512_01.gt,18511,10.0,86400.0,PTVRP_LINEAR,240601212.0,3186,0.000702200,0.000702200,0.0000,1,0.017582
Instances/Instances 3/d18512_02.gt,18511,20.0,86400.0,PTVRP_LINEAR,123491513.0,1574,0.000707900,0.000707900,0.0000,1,0.019475
Instances/Instances 3/d18512_03.gt,18511,50.0,86400.0,PTVRP_LINEAR,54686953.0,701,0.000751900,0.000751900,0.0000,1,0.018621
Instances/Instances 3/d18512_04.gt,18511,100.0,86400.0,PTVRP_LINEAR,30268547.0,401,0.000768200,0.000768200,0.0000,1,0.020282
Instances/Instances 3/d18512_05.gt,18511,200.0,86400.0,PTVRP_LINEAR,17619959.0,244,0.000728900,0.000728900,0.0000,1,0.021174
Instances/Instances 3/d18512_06.gt,18511,500.0,86400.0,PTVRP_LINEAR,9205695.0,136,0.000703700,0.000703700,0.0000,1,0.019111
Instances/Instances 3/d18512_07.gt,18511,1000.0,86400.0,PTVRP_LINEAR,5768316.0,93,0.000675600,0.000675600,0.0000,1,0.020119
Instances/Instances 3/d18512_08.gt,18511,2000.0,86400.0,PTVRP_LINEAR,3603083.0,69,0.000692100,0.000692100,0.0000,1,0.018551
Instances/Instances 3/d18512_09.gt,18511,5000.0,86400.0,PTVRP_LINEAR,2370856.0,34,0.000684900,0.000684900,0.0000,1,0.019729
Instances/Instances 3/d18512_10.gt,18511,10000.0,86400.0,PTVRP_LINEAR,1466134.0,27,0.000685800,0.000685800,0.0000,1,0.020511
Instances/Instances 3/d198_01.gt,197,10.0,86400.0,PTVRP_LINEAR,1019927.0,18,0.000007800,0.000007800,0.0000,1,0.006886
Instances/Instances 3/d198_02.gt,197,20.0,86400.0,PTVRP_LINEAR,660799.0,10,0.000007100,0.000007100,0.0000,1,0.005859
Instances/Instances 3/d198_03.gt,197,50.0,86400.0,PTVRP_LINEAR,359924.0,6,0.000006800,0.000006800,0.0000,1,0.005493
Instances/Instances 3/d198_04.gt,197,100.0,86400.0,PTVRP_LINEAR,260636.0,4,0.000006700,0.000006700,0.0000,1,0.005531
Instances/Instances 3/d198_05.gt,197,200.0,86400.0,PTVRP_LINEAR,136850.0,4,0.000006500,0.000006500,0.0000,1,0.00489
Instances/Instances 3/d198_06.gt,197,500.0,86400.0,PTVRP_LINEAR,98887.0,2,0.000005700,0.000005700,0.0000,1,0.005342
Instances/Instances 3/d198_07.gt,197,1000.0,86400.0,PTVRP_LINEAR,56465.0,2,0.000005300,0.000005300,0.0000,1,0.005577
Instances/Instances 3/d198_08.gt,197,2000.0,86400.0,PTVRP_LINEAR,52581.0,1,0.000005100,0.000005100,0.0000,1,0.005111
Instances/Instances 3/d198_09.gt,197,5000.0,86400.0,PTVRP_LINEAR,17527.0,1,0.000005600,0.000005600,0.0000,1,0.005418
Instances/Instances 3/d198_10.gt,197,10000.0,86400.0,PTVRP_LINEAR,17527.0,1,0.000005900,0.000005900,0.0000,1,0.005392
Instances/Instances 3/d2103_01.gt,2102,10.0,86400.0,PTVRP_LINEAR,14763304.0,196,0.000071700,0.000071700,0.0000,1,0.00705
Instances/Instances 3/d2103_02.gt,2102,20.0,86400.0,PTVRP_LINEAR,8129441.0,111,0.000072600,0.000072600,0.0000,1,0.007316
Instances/Instances 3/d2103_03.gt,2102,50.0,86400.0,PTVRP_LINEAR,4078888.0,56,0.000074400,0.000074400,0.0000,1,0.008615
Instances/Instances 3/d2103_04.gt,2102,100.0,86400.0,PTVRP_LINEAR,2369075.0,37,0.000071400,0.000071400,0.0000,1,0.008575
Instances/Instances 3/d2103_05.gt,2102,200.0,86400.0,PTVRP_LINEAR,1500544.0,25,0.000066900,0.000066900,0.0000,1,0.008504
Instances/Instances 3/d2103_06.gt,2102,500.0,86400.0,PTVRP_LINEAR,828416.0,16,0.000061700,0.000061700,0.0000,1,0.007666
Instances/Instances 3/d2103_07.gt,2102,1000.0,86400.0,PTVRP_LINEAR,576416.0,11,0.000059200,0.000059200,0.0000,1,0.006115
Instances/Instances 3/d2103_08.gt,2102,2000.0,86400.0,PTVRP_LINEAR,403565.0,8,0.000056500,0.000056500,0.0000,1,0.007212
Instances/Instances 3/d2103_09.gt,2102,5000.0,86400.0,PTVRP_LINEAR,235353.0,5,0.000054700,0.000054700,0.0000,1,0.006855
Instances/Instances 3/d2103_10.gt,2102,10000.0,86400.0,PTVRP_LINEAR,147464.0,5,0.000050100,0.000050100,0.0000,1,0.006937
Instances/Instances 3/d493_01.gt,492,10.0,86400.0,PTVRP_LINEAR,2688775.0,38,0.000016900,0.000016900,0.0000,1,0.005633
Instances/Instances 3/d493_02.gt,492,20.0,86400.0,PTVRP_LINEAR,1573993.0,24,0.000016900,0.000016900,0.0000,1,0.004676
Instances/Instances 3/d493_03.gt,492,50.0,86400.0,PTVRP_LINEAR,819530.0,17,0.000014900,0.000014900,0.0000,1,0.006081
Instances/Instances 3/d493_04.gt,492,100.0,86400.0,PTVRP_LINEAR,582220.0,10,0.000016000,0.000016000,0.0000,1,0.00557
Instances/Instances 3/d493_05.gt,492,200.0,86400.0,PTVRP_LINEAR,399849.0,7,0.000016600,0.000016600,0.0000,1,0.005412
Instances/Instances 3/d493_06.gt,492,500.0,86400.0,PTVRP_LINEAR,247255.0,5,0.000014800,0.000014800,0.0000,1,0.005442
Instances/Instances 3/d493_07.gt,492,1000.0,86400.0,PTVRP_LINEAR,150387.0,4,0.000013700,0.000013700,0.0000,1,0.004733
Instances/Instances 3/d493_08.gt,492,2000.0,86400.0,PTVRP_LINEAR,115894.0,2,0.000013300,0.000013300,0.0000,1,0.005297
Instances/Instances 3/d493_09.gt,492,5000.0,86400.0,PTVRP_LINEAR,57741.0,2,0.000013300,0.000013300,0.0000,1,0.005852
Instances/Instances 3/d493_10.gt,492,10000.0,86400.0,PTVRP_LINEAR,75468.0,1,0.000014600,0.000014600,0.0000,1,0.006279
Instances/Instances 3/d657_01.gt,656,10.0,86400.0,PTVRP_LINEAR,4289781.0,57,0.000021700,0.000021700,0.0000,1,0.004937
Instances/Instances 3/d657_02.gt,656,20.0,86400.0,PTVRP_LINEAR,2609623.0,37,0.000021800,0.000021800,0.0000,1,0.005733
Instances/Instances 3/d657_03.gt,656,50.0,86400.0,PTVRP_LINEAR,1367842.0,22,0.000022000,0.000022000,0.0000,1,0.00796
Instances/Instances 3/d657_04.gt,656,100.0,86400.0,PTVRP_LINEAR,886258.0,15,0.000021900,0.000021900,0.0000,1,0.006305
Instances/Instances 3/d657_05.gt,656,200.0,86400.0,PTVRP_LINEAR,540923.0,12,0.000021000,0.000021000,0.0000,1,0.005956
Instances/Instances 3/d657_06.gt,656,500.0,86400.0,PTVRP_LINEAR,364181.0,6,0.000021900,0.000021900,0.0000,1,0.006
Instances/Instances 3/d657_07.gt,656,1000.0,86400.0,PTVRP_LINEAR,245957.0,5,0.000019400,0.000019400,0.0000,1,0.005769
Instances/Instances 3/d657_08.gt,656,2000.0,86400.0,PTVRP_LINEAR,175969.0,4,0.000019200,0.000019200,0.0000,1,0.006242
Instances/Instances 3/d657_09.gt,656,5000.0,86400.0,PTVRP_LINEAR,76484.0,3,0.000018700,0.000018700,0.0000,1,0.006147
Instances/Instances 3/d657_10.gt,656,10000.0,86400.0,PTVRP_LINEAR,52507.0,2,0.000018800,0.000018800,0.0000,1,0.005405
Instances/Instances 3/dj38_01.gt,37,10.0,86400.0,PTVRP_LINEAR,265626.0,4,0.000001800,0.000001800,0.0000,1,0.005446
Instances/Instances 3/dj38_02.gt,37,20.0,86400.0,PTVRP_LINEAR,184801.0,3,0.000001600,0.000001600,0.0000,1,0.00479
Instances/Instances 3/dj38_03.gt,37,50.0,86400.0,PTVRP_LINEAR,101381.0,2,0.000001800,0.000001800,0.0000,1,0.005543
Instances/Instances 3/dj38_04.gt,37,100.0,86400.0,PTVRP_LINEAR,72432.0,1,0.000001400,0.000001400,0.0000,1,0.005335
Instances/Instances 3/dj38_05.gt,37,200.0,86400.0,PTVRP_LINEAR,40240.0,1,0.000001600,0.000001600,0.0000,1,0.005095
Instances/Instances 3/dj38_06.gt,37,500.0,86400.0,PTVRP_LINEAR,16096.0,1,0.000001700,0.000001700,0.0000,1,0.004987
Instances/Instances 3/dj38_07.gt,37,1000.0,86400.0,PTVRP_LINEAR,16096.0,1,0.000001800,0.000001800,0.0000,1,0.006594
Instances/Instances 3/dj38_08.gt,37,2000.0,86400.0,PTVRP_LINEAR,8048.0,1,0.000001700,0.000001700,0.0000,1,0.00707
Instances/Instances 3/dj38_09.gt,37,5000.0,86400.0,PTVRP_LINEAR,8048.0,1,0.000001800,0.000001800,0.0000,1,0.006472
Instances/Instances 3/dj38_10.gt,37,10000.0,86400.0,PTVRP_LINEAR,8048.0,1,0.000001900,0.000001900,0.0000,1,0.006844
Instances/Instances 3/eg7146_01.gt,7145,10.0,86400.0,PTVRP_LINEAR,59921623.0,796,0.000270900,0.000270900,0.0000,1,0.012336
Instances/Instances 3/eg7146_02.gt,7145,20.0,86400.0,PTVRP_LINEAR,31161702.0,403,0.000277500,0.000277500,0.0000,1,0.012726
Instances/Instances 3/eg7146_03.gt,7145,50.0,86400.0,PTVRP_LINEAR,13929075.0,192,0.000272400,0.000272400,0.0000,1,0.010956
Instances/Instances 3/eg7146_04.gt,7145,100.0,86400.0,PTVRP_LINEAR,7853256.0,114,0.000284900,0.000284900,0.0000,1,0.011649
Instances/Instances 3/eg7146_05.gt,7145,200.0,86400.0,PTVRP_LINEAR,4614999.0,75,0.000265900,0.000265900,0.0000,1,0.011122
Instances/Instances 3/eg7146_06.gt,7145,500.0,86400.0,PTVRP_LINEAR,2432994.0,42,0.000257600,0.000257600,0.0000,1,0.011428
Instances/Instances 3/eg7146_07.gt,7145,1000.0,86400.0,PTVRP_LINEAR,1550422.0,30,0.000257100,0.000257100,0.0000,1,0.01114
Instances/Instances 3/eg7146_08.gt,7145,2000.0,86400.0,PTVRP_LINEAR,1015512.0,22,0.000253200,0.000253200,0.0000,1,0.011096
Instances/Instances 3/eg7146_09.gt,7145,5000.0,86400.0,PTVRP_LINEAR,591258.0,14,0.000235100,0.000235100,0.0000,1,0.010268
Instances/Instances 3/eg7146_10.gt,7145,10000.0,86400.0,PTVRP_LINEAR,454111.0,9,0.000247600,0.000247600,0.0000,1,0.009509
Instances/Instances 3/ei8246_01.gt,8245,10.0,86400.0,PTVRP_LINEAR,61762730.0,789,0.000317200,0.000317200,0.0000,1,0.011574
Instances/Instances 3/ei8246_02.gt,8245,20.0,86400.0,PTVRP_LINEAR,32988729.0,425,0.000334000,0.000334000,0.0000,1,0.014499
Instances/Instances 3/ei8246_03.gt,8245,50.0,86400.0,PTVRP_LINEAR,15307809.0,205,0.000321300,0.000321300,0.0000,1,0.012626
Instances/Instances 3/ei8246_04.gt,8245,100.0,86400.0,PTVRP_LINEAR,8979451.0,127,0.000322800,0.000322800,0.0000,1,0.013703
Instances/Instances 3/ei8246_05.gt,8245,200.0,86400.0,PTVRP_LINEAR,5430535.0,83,0.000335600,0.000335600,0.0000,1,0.012098
Instances/Instances 3/ei8246_06.gt,8245,500.0,86400.0,PTVRP_LINEAR,2884611.0,53,0.000299600,0.000299600,0.0000,1,0.012995
Instances/Instances 3/ei8246_07.gt,8245,1000.0,86400.0,PTVRP_LINEAR,1868120.0,37,0.000358400,0.000358400,0.0000,1,0.01227
Instances/Instances 3/ei8246_08.gt,8245,2000.0,86400.0,PTVRP_LINEAR,1235458.0,25,0.000291600,0.000291600,0.0000,1,0.013742
Instances/Instances 3/ei8246_09.gt,8245,5000.0,86400.0,PTVRP_LINEAR,915666.0,12,0.000299000,0.000299000,0.0000,1,0.012896
Instances/Instances 3/ei8246_10.gt,8245,10000.0,86400.0,PTVRP_LINEAR,583436.0,10,0.000288101,0.000288101,0.0000,1,0.012419
Instances/Instances 3/eil101_01.gt,100,10.0,86400.0,PTVRP_LINEAR,106950.0,2,0.000003200,0.000003200,0.0000,1,0.005858
Instances/Instances 3/eil101_02.gt,100,20.0,86400.0,PTVRP_LINEAR,83456.0,1,0.000002200,0.000002200,0.0000,1,0.005066
Instances/Instances 3/eil101_03.gt,100,50.0,86400.0,PTVRP_LINEAR,33904.0,1,0.000002300,0.000002300,0.0000,1,0.007087
Instances/Instances 3/eil101_04.gt,100,100.0,86400.0,PTVRP_LINEAR,16300.0,1,0.000002500,0.000002500,0.0000,1,0.005488
Instances/Instances 3/eil101_05.gt,100,200.0,86400.0,PTVRP_LINEAR,9780.0,1,0.000003000,0.000003000,0.0000,1,0.00503
Instances/Instances 3/eil101_06.gt,100,500.0,86400.0,PTVRP_LINEAR,3260.0,1,0.000002900,0.000002900,0.0000,1,0.005603
Instances/Instances 3/eil101_07.gt,100,1000.0,86400.0,PTVRP_LINEAR,1956.0,1,0.000003100,0.000003100,0.0000,1,0.005252
Instances/Instances 3/eil101_08.gt,100,2000.0,86400.0,PTVRP_LINEAR,1304.0,1,0.000003300,0.000003300,0.0000,1,0.005808
Instances/Instances 3/eil101_09.gt,100,5000.0,86400.0,PTVRP_LINEAR,652.0,2,0.000003500,0.000003500,0.0000,1,0.006691
Instances/Instances 3/eil101_10.gt,100,10000.0,86400.0,PTVRP_LINEAR,652.0,2,0.000003600,0.000003600,0.0000,1,0.006689
Instances/Instances 3/eil51_01.gt,50,10.0,86400.0,PTVRP_LINEAR,53482.0,1,0.000001400,0.000001400,0.0000,1,0.006818
Instances/Instances 3/eil51_02.gt,50,20.0,86400.0,PTVRP_LINEAR,28288.0,1,0.000001500,0.000001500,0.0000,1,0.004976
Instances/Instances 3/eil51_03.gt,50,50.0,86400.0,PTVRP_LINEAR,11934.0,1,0.000001600,0.000001600,0.0000,1,0.006036
Instances/Instances 3/eil51_04.gt,50,100.0,86400.0,PTVRP_LINEAR,5746.0,1,0.000001500,0.000001500,0.0000,1,0.004909
Instances/Instances 3/eil51_05.gt,50,200.0,86400.0,PTVRP_LINEAR,2210.0,1,0.000001900,0.000001900,0.0000,1,0.005363
Instances/Instances 3/eil51_06.gt,50,500.0,86400.0,PTVRP_LINEAR,1326.0,1,0.000001800,0.000001800,0.0000,1,0.005301
Instances/Instances 3/eil51_07.gt,50,1000.0,86400.0,PTVRP_LINEAR,884.0,1,0.000002100,0.000002100,0.0000,1,0.005464
Instances/Instances 3/eil51_08.gt,50,2000.0,86400.0,PTVRP_LINEAR,442.0,1,0.000002100,0.000002100,0.0000,1,0.005441
Instances/Instances 3/eil51_09.gt,50,5000.0,86400.0,PTVRP_LINEAR,442.0,1,0.000002000,0.000002000,0.0000,1,0.005161
Instances/Instances 3/eil51_10.gt,50,10000.0,86400.0,PTVRP_LINEAR,442.0,1,0.000002200,0.000002200,0.0000,1,0.006208
Instances/Instances 3/eil76_01.gt,75,10.0,86400.0,PTVRP_LINEAR,86121.0,2,0.000002400,0.000002400,0.0000,1,0.006413
Instances/Instances 3/eil76_02.gt,75,20.0,86400.0,PTVRP_LINEAR,54435.0,1,0.000002300,0.000002300,0.0000,1,0.006426
Instances/Instances 3/eil76_03.gt,75,50.0,86400.0,PTVRP_LINEAR,20055.0,1,0.000001900,0.000001900,0.0000,1,0.006979
Instances/Instances 3/eil76_04.gt,75,100.0,86400.0,PTVRP_LINEAR,10887.0,1,0.000002100,0.000002100,0.0000,1,0.006691
Instances/Instances 3/eil76_05.gt,75,200.0,86400.0,PTVRP_LINEAR,5730.0,1,0.000002200,0.000002200,0.0000,1,0.00651
Instances/Instances 3/eil76_06.gt,75,500.0,86400.0,PTVRP_LINEAR,2292.0,1,0.000002500,0.000002500,0.0000,1,0.00637
Instances/Instances 3/eil76_07.gt,75,1000.0,86400.0,PTVRP_LINEAR,1719.0,1,0.000002800,0.000002800,0.0000,1,0.006616
Instances/Instances 3/eil76_08.gt,75,2000.0,86400.0,PTVRP_LINEAR,1146.0,1,0.000002700,0.000002700,0.0000,1,0.006019
Instances/Instances 3/eil76_09.gt,75,5000.0,86400.0,PTVRP_LINEAR,573.0,1,0.000002600,0.000002600,0.0000,1,0.006966
Instances/Instances 3/eil76_10.gt,75,10000.0,86400.0,PTVRP_LINEAR,573.0,1,0.000002800,0.000002800,0.0000,1,0.007012
Instances/Instances 3/fi10639_01.gt,10638,10.0,86400.0,PTVRP_LINEAR,172185299.0,2356,0.000403600,0.000403600,0.0000,1,0.014174
Instances/Instances 3/fi10639_02.gt,10638,20.0,86400.0,PTVRP_LINEAR,89182534.0,1149,0.000407300,0.000407300,0.0000,1,0.013488
Instances/Instances 3/fi10639_03.gt,10638,50.0,86400.0,PTVRP_LINEAR,38343631.0,496,0.000423200,0.000423200,0.0000,1,0.014406
Instances/Instances 3/fi10639_04.gt,10638,100.0,86400.0,PTVRP_LINEAR,21144904.0,280,0.000435600,0.000435600,0.0000,1,0.012508
Instances/Instances 3/fi10639_05.gt,10638,200.0,86400.0,PTVRP_LINEAR,12307661.0,169,0.000432100,0.000432100,0.0000,1,0.012346
Instances/Instances 3/fi10639_06.gt,10638,500.0,86400.0,PTVRP_LINEAR,6376882.0,93,0.000409600,0.000409600,0.0000,1,0.014984
Instances/Instances 3/fi10639_07.gt,10638,1000.0,86400.0,PTVRP_LINEAR,3970533.0,64,0.000396000,0.000396000,0.0000,1,0.014994
Instances/Instances 3/fi10639_08.gt,10638,2000.0,86400.0,PTVRP_LINEAR,2693631.0,39,0.000415200,0.000415200,0.0000,1,0.013924
Instances/Instances 3/fi10639_09.gt,10638,5000.0,86400.0,PTVRP_LINEAR,1556463.0,27,0.000379600,0.000379600,0.0000,1,0.01186
Instances/Instances 3/fi10639_10.gt,10638,10000.0,86400.0,PTVRP_LINEAR,1098524.0,17,0.000381100,0.000381100,0.0000,1,0.013244
Instances/Instances 3/fl1400_01.gt,1399,10.0,86400.0,PTVRP_LINEAR,7489016.0,97,0.000046500,0.000046500,0.0000,1,0.008202
Instances/Instances 3/fl1400_02.gt,1399,20.0,86400.0,PTVRP_LINEAR,3923418.0,53,0.000047200,0.000047200,0.0000,1,0.006618
Instances/Instances 3/fl1400_03.gt,1399,50.0,86400.0,PTVRP_LINEAR,1859469.0,26,0.000045600,0.000045600,0.0000,1,0.006449
Instances/Instances 3/fl1400_04.gt,1399,100.0,86400.0,PTVRP_LINEAR,1043574.0,17,0.000044900,0.000044900,0.0000,1,0.005762
Instances/Instances 3/fl1400_05.gt,1399,200.0,86400.0,PTVRP_LINEAR,630341.0,10,0.000043000,0.000043000,0.0000,1,0.005896
Instances/Instances 3/fl1400_06.gt,1399,500.0,86400.0,PTVRP_LINEAR,380202.0,6,0.000040000,0.000040000,0.0000,1,0.00654
Instances/Instances 3/fl1400_07.gt,1399,1000.0,86400.0,PTVRP_LINEAR,263805.0,4,0.000039600,0.000039600,0.0000,1,0.007414
Instances/Instances 3/fl1400_08.gt,1399,2000.0,86400.0,PTVRP_LINEAR,178875.0,3,0.000037600,0.000037600,0.0000,1,0.007151
Instances/Instances 3/fl1400_09.gt,1399,5000.0,86400.0,PTVRP_LINEAR,106653.0,2,0.000035600,0.000035600,0.0000,1,0.005892
Instances/Instances 3/fl1400_10.gt,1399,10000.0,86400.0,PTVRP_LINEAR,83496.0,2,0.000034900,0.000034900,0.0000,1,0.00662
Instances/Instances 3/fl1577_01.gt,1576,10.0,86400.0,PTVRP_LINEAR,5992533.0,80,0.000052500,0.000052500,0.0000,1,0.006724
Instances/Instances 3/fl1577_02.gt,1576,20.0,86400.0,PTVRP_LINEAR,3383870.0,46,0.000049700,0.000049700,0.0000,1,0.007156
Instances/Instances 3/fl1577_03.gt,1576,50.0,86400.0,PTVRP_LINEAR,1693117.0,24,0.000048700,0.000048700,0.0000,1,0.005401
Instances/Instances 3/fl1577_04.gt,1576,100.0,86400.0,PTVRP_LINEAR,1036986.0,16,0.000049500,0.000049500,0.0000,1,0.005858
Instances/Instances 3/fl1577_05.gt,1576,200.0,86400.0,PTVRP_LINEAR,664156.0,11,0.000047700,0.000047700,0.0000,1,0.008226
Instances/Instances 3/fl1577_06.gt,1576,500.0,86400.0,PTVRP_LINEAR,370800.0,7,0.000047800,0.000047800,0.0000,1,0.008718
Instances/Instances 3/fl1577_07.gt,1576,1000.0,86400.0,PTVRP_LINEAR,247601.0,5,0.000054300,0.000054300,0.0000,1,0.007799
Instances/Instances 3/fl1577_08.gt,1576,2000.0,86400.0,PTVRP_LINEAR,188153.0,3,0.000043100,0.000043100,0.0000,1,0.0076
Instances/Instances 3/fl1577_09.gt,1576,5000.0,86400.0,PTVRP_LINEAR,108172.0,2,0.000038700,0.000038700,0.0000,1,0.00718
Instances/Instances 3/fl1577_10.gt,1576,10000.0,86400.0,PTVRP_LINEAR,81354.0,2,0.000034300,0.000034300,0.0000,1,0.006688
Instances/Instances 3/fl3795_01.gt,3794,10.0,86400.0,PTVRP_LINEAR,14935908.0,189,0.000144500,0.000144500,0.0000,1,0.006937
Instances/Instances 3/fl3795_02.gt,3794,20.0,86400.0,PTVRP_LINEAR,7973796.0,107,0.000144500,0.000144500,0.0000,1,0.007562
Instances/Instances 3/fl3795_03.gt,3794,50.0,86400.0,PTVRP_LINEAR,3563631.0,54,0.000139800,0.000139800,0.0000,1,0.008942
Instances/Instances 3/fl3795_04.gt,3794,100.0,86400.0,PTVRP_LINEAR,2112858.0,33,0.000139400,0.000139400,0.0000,1,0.007291
Instances/Instances 3/fl3795_05.gt,3794,200.0,86400.0,PTVRP_LINEAR,1267164.0,22,0.000136100,0.000136100,0.0000,1,0.00823
Instances/Instances 3/fl3795_06.gt,3794,500.0,86400.0,PTVRP_LINEAR,743318.0,12,0.000134100,0.000134100,0.0000,1,0.007552
Instances/Instances 3/fl3795_07.gt,3794,1000.0,86400.0,PTVRP_LINEAR,494388.0,8,0.000123100,0.000123100,0.0000,1,0.009902
Instances/Instances 3/fl3795_08.gt,3794,2000.0,86400.0,PTVRP_LINEAR,330188.0,6,0.000116100,0.000116100,0.0000,1,0.007466
Instances/Instances 3/fl3795_09.gt,3794,5000.0,86400.0,PTVRP_LINEAR,201523.0,4,0.000118400,0.000118400,0.0000,1,0.008117
Instances/Instances 3/fl3795_10.gt,3794,10000.0,86400.0,PTVRP_LINEAR,154052.0,3,0.000114300,0.000114300,0.0000,1,0.00759
Instances/Instances 3/fl417_01.gt,416,10.0,86400.0,PTVRP_LINEAR,2390474.0,32,0.000015400,0.000015400,0.0000,1,0.007006
Instances/Instances 3/fl417_02.gt,416,20.0,86400.0,PTVRP_LINEAR,1220687.0,17,0.000014400,0.000014400,0.0000,1,0.005807
Instances/Instances 3/fl417_03.gt,416,50.0,86400.0,PTVRP_LINEAR,601967.0,11,0.000013000,0.000013000,0.0000,1,0.00576
Instances/Instances 3/fl417_04.gt,416,100.0,86400.0,PTVRP_LINEAR,376998.0,6,0.000013200,0.000013200,0.0000,1,0.005426
Instances/Instances 3/fl417_05.gt,416,200.0,86400.0,PTVRP_LINEAR,271039.0,4,0.000014000,0.000014000,0.0000,1,0.006241
Instances/Instances 3/fl417_06.gt,416,500.0,86400.0,PTVRP_LINEAR,113315.0,3,0.000013300,0.000013300,0.0000,1,0.006013
Instances/Instances 3/fl417_07.gt,416,1000.0,86400.0,PTVRP_LINEAR,99384.0,2,0.000011000,0.000011000,0.0000,1,0.006947
Instances/Instances 3/fl417_08.gt,416,2000.0,86400.0,PTVRP_LINEAR,82500.0,1,0.000010100,0.000010100,0.0000,1,0.006516
Instances/Instances 3/fl417_09.gt,416,5000.0,86400.0,PTVRP_LINEAR,41250.0,1,0.000010800,0.000010800,0.0000,1,0.006904
Instances/Instances 3/fl417_10.gt,416,10000.0,86400.0,PTVRP_LINEAR,27500.0,1,0.000011600,0.000011600,0.0000,1,0.00498
Instances/Instances 3/fnl4461_01.gt,4460,10.0,86400.0,PTVRP_LINEAR,36809296.0,479,0.000177500,0.000177500,0.0000,1,0.007517
Instances/Instances 3/fnl4461_02.gt,4460,20.0,86400.0,PTVRP_LINEAR,19975926.0,265,0.000184400,0.000184400,0.0000,1,0.007591
Instances/Instances 3/fnl4461_03.gt,4460,50.0,86400.0,PTVRP_LINEAR,9544292.0,135,0.000174500,0.000174500,0.0000,1,0.008628
Instances/Instances 3/fnl4461_04.gt,4460,100.0,86400.0,PTVRP_LINEAR,5792701.0,84,0.000182800,0.000182800,0.0000,1,0.007576
Instances/Instances 3/fnl4461_05.gt,4460,200.0,86400.0,PTVRP_LINEAR,3444966.0,57,0.000169200,0.000169200,0.0000,1,0.009585
Instances/Instances 3/fnl4461_06.gt,4460,500.0,86400.0,PTVRP_LINEAR,1935104.0,34,0.000162000,0.000162000,0.0000,1,0.008389
Instances/Instances 3/fnl4461_07.gt,4460,1000.0,86400.0,PTVRP_LINEAR,1253007.0,24,0.000166800,0.000166800,0.0000,1,0.007569
Instances/Instances 3/fnl4461_08.gt,4460,2000.0,86400.0,PTVRP_LINEAR,892486.0,16,0.000157000,0.000157000,0.0000,1,0.008361
Instances/Instances 3/fnl4461_09.gt,4460,5000.0,86400.0,PTVRP_LINEAR,591478.0,8,0.000160800,0.000160800,0.0000,1,0.008063
Instances/Instances 3/fnl4461_10.gt,4460,10000.0,86400.0,PTVRP_LINEAR,375794.0,7,0.000155500,0.000155500,0.0000,1,0.007592
Instances/Instances 3/gil262_01.gt,261,10.0,86400.0,PTVRP_LINEAR,405035.0,6,0.000008900,0.000008900,0.0000,1,0.00541
Instances/Instances 3/gil262_02.gt,261,20.0,86400.0,PTVRP_LINEAR,266095.0,4,0.000008800,0.000008800,0.0000,1,0.006749
Instances/Instances 3/gil262_03.gt,261,50.0,86400.0,PTVRP_LINEAR,167862.0,3,0.000008200,0.000008200,0.0000,1,0.005205
Instances/Instances 3/gil262_04.gt,261,100.0,86400.0,PTVRP_LINEAR,108138.0,2,0.000007600,0.000007600,0.0000,1,0.006473
Instances/Instances 3/gil262_05.gt,261,200.0,86400.0,PTVRP_LINEAR,86166.0,2,0.000006400,0.000006400,0.0000,1,0.005513
Instances/Instances 3/gil262_06.gt,261,500.0,86400.0,PTVRP_LINEAR,34385.0,1,0.000006300,0.000006300,0.0000,1,0.006074
Instances/Instances 3/gil262_07.gt,261,1000.0,86400.0,PTVRP_LINEAR,18515.0,1,0.000006500,0.000006500,0.0000,1,0.005613
Instances/Instances 3/gil262_08.gt,261,2000.0,86400.0,PTVRP_LINEAR,10580.0,1,0.000007500,0.000007500,0.0000,1,0.006586
Instances/Instances 3/gil262_09.gt,261,5000.0,86400.0,PTVRP_LINEAR,5290.0,1,0.000007900,0.000007900,0.0000,1,0.006289
Instances/Instances 3/gil262_10.gt,261,10000.0,86400.0,PTVRP_LINEAR,2645.0,1,0.000008700,0.000008700,0.0000,1,0.006005
Instances/Instances 3/gr9882_01.gt,9881,10.0,86400.0,PTVRP_LINEAR,115525322.0,1539,0.000373900,0.000373900,0.0000,1,0.012654
Instances/Instances 3/gr9882_02.gt,9881,20.0,86400.0,PTVRP_LINEAR,60033950.0,774,0.000392500,0.000392500,0.0000,1,0.013065
Instances/Instances 3/gr9882_03.gt,9881,50.0,86400.0,PTVRP_LINEAR,26232792.0,340,0.000389700,0.000389700,0.0000,1,0.010805
Instances/Instances 3/gr9882_04.gt,9881,100.0,86400.0,PTVRP_LINEAR,14836897.0,196,0.000408500,0.000408500,0.0000,1,0.011462
Instances/Instances 3/gr9882_05.gt,9881,200.0,86400.0,PTVRP_LINEAR,8490411.0,125,0.000385900,0.000385900,0.0000,1,0.013595
Instances/Instances 3/gr9882_06.gt,9881,500.0,86400.0,PTVRP_LINEAR,4386085.0,72,0.000398700,0.000398700,0.0000,1,0.014302
Instances/Instances 3/gr9882_07.gt,9881,1000.0,86400.0,PTVRP_LINEAR,2855794.0,46,0.000358300,0.000358300,0.0000,1,0.013727
Instances/Instances 3/gr9882_08.gt,9881,2000.0,86400.0,PTVRP_LINEAR,1904927.0,31,0.000357700,0.000357700,0.0000,1,0.011742
Instances/Instances 3/gr9882_09.gt,9881,5000.0,86400.0,PTVRP_LINEAR,1122396.0,20,0.000350500,0.000350500,0.0000,1,0.010987
Instances/Instances 3/gr9882_10.gt,9881,10000.0,86400.0,PTVRP_LINEAR,736019.0,15,0.000337800,0.000337800,0.0000,1,0.013692
Instances/Instances 3/ho14473_01.gt,14472,10.0,86400.0,PTVRP_LINEAR,86689605.0,1091,0.000565600,0.000565600,0.0000,1,0.01529
Instances/Instances 3/ho14473_02.gt,14472,20.0,86400.0,PTVRP_LINEAR,46361582.0,583,0.000593500,0.000593500,0.0000,1,0.015847
Instances/Instances 3/ho14473_03.gt,14472,50.0,86400.0,PTVRP_LINEAR,20742155.0,278,0.000583500,0.000583500,0.0000,1,0.017594
Instances/Instances 3/ho14473_04.gt,14472,100.0,86400.0,PTVRP_LINEAR,11712763.0,172,0.000568900,0.000568900,0.0000,1,0.016515
Instances/Instances 3/ho14473_05.gt,14472,200.0,86400.0,PTVRP_LINEAR,6900148.0,114,0.000551200,0.000551200,0.0000,1,0.014297
Instances/Instances 3/ho14473_06.gt,14472,500.0,86400.0,PTVRP_LINEAR,3636239.0,66,0.000527800,0.000527800,0.0000,1,0.014942
Instances/Instances 3/ho14473_07.gt,14472,1000.0,86400.0,PTVRP_LINEAR,2374459.0,43,0.000533700,0.000533700,0.0000,1,0.016787
Instances/Instances 3/ho14473_08.gt,14472,2000.0,86400.0,PTVRP_LINEAR,1512580.0,32,0.000503500,0.000503500,0.0000,1,0.01663
Instances/Instances 3/ho14473_09.gt,14472,5000.0,86400.0,PTVRP_LINEAR,970062.0,18,0.000502900,0.000502900,0.0000,1,0.016731
Instances/Instances 3/ho14473_10.gt,14472,10000.0,86400.0,PTVRP_LINEAR,635529.0,13,0.000514600,0.000514600,0.0000,1,0.016694
Instances/Instances 3/it16862_01.gt,16861,10.0,86400.0,PTVRP_LINEAR,283552327.0,4014,0.000647200,0.000647200,0.0000,1,0.017976
Instances/Instances 3/it16862_02.gt,16861,20.0,86400.0,PTVRP_LINEAR,142680521.0,1868,0.000654800,0.000654800,0.0000,1,0.01823
Instances/Instances 3/it16862_03.gt,16861,50.0,86400.0,PTVRP_LINEAR,60915380.0,776,0.000664000,0.000664000,0.0000,1,0.019352
Instances/Instances 3/it16862_04.gt,16861,100.0,86400.0,PTVRP_LINEAR,32203875.0,420,0.000673700,0.000673700,0.0000,1,0.016811
Instances/Instances 3/it16862_05.gt,16861,200.0,86400.0,PTVRP_LINEAR,18195410.0,249,0.000708100,0.000708100,0.0000,1,0.018066
Instances/Instances 3/it16862_06.gt,16861,500.0,86400.0,PTVRP_LINEAR,9052893.0,132,0.000645600,0.000645600,0.0000,1,0.01918
Instances/Instances 3/it16862_07.gt,16861,1000.0,86400.0,PTVRP_LINEAR,5539654.0,86,0.000626600,0.000626600,0.0000,1,0.01769
Instances/Instances 3/it16862_08.gt,16861,2000.0,86400.0,PTVRP_LINEAR,3550293.0,59,0.000606200,0.000606200,0.0000,1,0.020399
Instances/Instances 3/it16862_09.gt,16861,5000.0,86400.0,PTVRP_LINEAR,1931389.0,41,0.000571600,0.000571600,0.0000,1,0.01553
Instances/Instances 3/it16862_10.gt,16861,10000.0,86400.0,PTVRP_LINEAR,1428195.0,24,0.000589400,0.000589400,0.0000,1,0.017756
Instances/Instances 3/ja9847_01.gt,9846,10.0,86400.0,PTVRP_LINEAR,287649039.0,3980,0.000358000,0.000358000,0.0000,1,0.013443
Instances/Instances 3/ja9847_02.gt,9846,20.0,86400.0,PTVRP_LINEAR,145190280.0,2037,0.000386800,0.000386800,0.0000,1,0.012121
Instances/Instances 3/ja9847_03.gt,9846,50.0,86400.0,PTVRP_LINEAR,59088020.0,781,0.000394900,0.000394900,0.0000,1,0.013265
Instances/Instances 3/ja9847_04.gt,9846,100.0,86400.0,PTVRP_LINEAR,30727803.0,413,0.000405800,0.000405800,0.0000,1,0.014193
Instances/Instances 3/ja9847_05.gt,9846,200.0,86400.0,PTVRP_LINEAR,16224719.0,222,0.000411700,0.000411700,0.0000,1,0.012647
Instances/Instances 3/ja9847_06.gt,9846,500.0,86400.0,PTVRP_LINEAR,7654724.0,110,0.000383400,0.000383400,0.0000,1,0.013608
Instances/Instances 3/ja9847_07.gt,9846,1000.0,86400.0,PTVRP_LINEAR,4631580.0,66,0.000376900,0.000376900,0.0000,1,0.012183
Instances/Instances 3/ja9847_08.gt,9846,2000.0,86400.0,PTVRP_LINEAR,2732369.0,48,0.000358000,0.000358000,0.0000,1,0.011621
Instances/Instances 3/ja9847_09.gt,9846,5000.0,86400.0,PTVRP_LINEAR,1579912.0,28,0.000378500,0.000378500,0.0000,1,0.011284
Instances/Instances 3/ja9847_10.gt,9846,10000.0,86400.0,PTVRP_LINEAR,1064002.0,20,0.000344000,0.000344000,0.0000,1,0.01404
Instances/Instances 3/kroA100_01.gt,99,10.0,86400.0,PTVRP_LINEAR,945742.0,14,0.000004000,0.000004000,0.0000,1,0.00721
Instances/Instances 3/kroA100_02.gt,99,20.0,86400.0,PTVRP_LINEAR,566566.0,9,0.000004100,0.000004100,0.0000,1,0.006838
Instances/Instances 3/kroA100_03.gt,99,50.0,86400.0,PTVRP_LINEAR,347590.0,5,0.000004100,0.000004100,0.0000,1,0.006438
Instances/Instances 3/kroA100_04.gt,99,100.0,86400.0,PTVRP_LINEAR,214227.0,4,0.000003900,0.000003900,0.0000,1,0.006415
Instances/Instances 3/kroA100_05.gt,99,200.0,86400.0,PTVRP_LINEAR,147365.0,3,0.000003600,0.000003600,0.0000,1,0.007016
Instances/Instances 3/kroA100_06.gt,99,500.0,86400.0,PTVRP_LINEAR,83666.0,2,0.000003100,0.000003100,0.0000,1,0.006182
Instances/Instances 3/kroA100_07.gt,99,1000.0,86400.0,PTVRP_LINEAR,67872.0,1,0.000003500,0.000003500,0.0000,1,0.006628
Instances/Instances 3/kroA100_08.gt,99,2000.0,86400.0,PTVRP_LINEAR,45248.0,1,0.000003300,0.000003300,0.0000,1,0.006146
Instances/Instances 3/kroA100_09.gt,99,5000.0,86400.0,PTVRP_LINEAR,22624.0,1,0.000003500,0.000003500,0.0000,1,0.00699
Instances/Instances 3/kroA100_10.gt,99,10000.0,86400.0,PTVRP_LINEAR,22624.0,1,0.000003300,0.000003300,0.0000,1,0.007356
Instances/Instances 3/kroA150_01.gt,149,10.0,86400.0,PTVRP_LINEAR,1398809.0,20,0.000005800,0.000005800,0.0000,1,0.006377
Instances/Instances 3/kroA150_02.gt,149,20.0,86400.0,PTVRP_LINEAR,836371.0,12,0.000006300,0.000006300,0.0000,1,0.005539
Instances/Instances 3/kroA150_03.gt,149,50.0,86400.0,PTVRP_LINEAR,443612.0,6,0.000006000,0.000006000,0.0000,1,0.005494
Instances/Instances 3/kroA150_04.gt,149,100.0,86400.0,PTVRP_LINEAR,278248.0,5,0.000006300,0.000006300,0.0000,1,0.006306
Instances/Instances 3/kroA150_05.gt,149,200.0,86400.0,PTVRP_LINEAR,195736.0,3,0.000005500,0.000005500,0.0000,1,0.007773
Instances/Instances 3/kroA150_06.gt,149,500.0,86400.0,PTVRP_LINEAR,117719.0,2,0.000005700,0.000005700,0.0000,1,0.007271
Instances/Instances 3/kroA150_07.gt,149,1000.0,86400.0,PTVRP_LINEAR,78920.0,2,0.000005000,0.000005000,0.0000,1,0.007154
Instances/Instances 3/kroA150_08.gt,149,2000.0,86400.0,PTVRP_LINEAR,55260.0,1,0.000004700,0.000004700,0.0000,1,0.004642
Instances/Instances 3/kroA150_09.gt,149,5000.0,86400.0,PTVRP_LINEAR,27630.0,1,0.000005200,0.000005200,0.0000,1,0.005672
Instances/Instances 3/kroA150_10.gt,149,10000.0,86400.0,PTVRP_LINEAR,27630.0,1,0.000005100,0.000005100,0.0000,1,0.00549
Instances/Instances 3/kroA200_01.gt,199,10.0,86400.0,PTVRP_LINEAR,1827364.0,26,0.000007200,0.000007200,0.0000,1,0.006448
Instances/Instances 3/kroA200_02.gt,199,20.0,86400.0,PTVRP_LINEAR,1061876.0,15,0.000007300,0.000007300,0.0000,1,0.006748
Instances/Instances 3/kroA200_03.gt,199,50.0,86400.0,PTVRP_LINEAR,581250.0,10,0.000007400,0.000007400,0.0000,1,0.005414
Instances/Instances 3/kroA200_04.gt,199,100.0,86400.0,PTVRP_LINEAR,386242.0,7,0.000007800,0.000007800,0.0000,1,0.005239
Instances/Instances 3/kroA200_05.gt,199,200.0,86400.0,PTVRP_LINEAR,252919.0,4,0.000007500,0.000007500,0.0000,1,0.00658
Instances/Instances 3/kroA200_06.gt,199,500.0,86400.0,PTVRP_LINEAR,154239.0,3,0.000007200,0.000007200,0.0000,1,0.006125
Instances/Instances 3/kroA200_07.gt,199,1000.0,86400.0,PTVRP_LINEAR,108542.0,2,0.000006500,0.000006500,0.0000,1,0.006884
Instances/Instances 3/kroA200_08.gt,199,2000.0,86400.0,PTVRP_LINEAR,51002.0,2,0.000006500,0.000006500,0.0000,1,0.006025
Instances/Instances 3/kroA200_09.gt,199,5000.0,86400.0,PTVRP_LINEAR,30902.0,1,0.000006600,0.000006600,0.0000,1,0.006118
Instances/Instances 3/kroA200_10.gt,199,10000.0,86400.0,PTVRP_LINEAR,30902.0,1,0.000006500,0.000006500,0.0000,1,0.006088
Instances/Instances 3/kroB100_01.gt,99,10.0,86400.0,PTVRP_LINEAR,1009461.0,15,0.000004000,0.000004000,0.0000,1,0.005442
Instances/Instances 3/kroB100_02.gt,99,20.0,86400.0,PTVRP_LINEAR,581628.0,9,0.000004100,0.000004100,0.0000,1,0.004686
Instances/Instances 3/kroB100_03.gt,99,50.0,86400.0,PTVRP_LINEAR,319881.0,5,0.000004000,0.000004000,0.0000,1,0.005029
Instances/Instances 3/kroB100_04.gt,99,100.0,86400.0,PTVRP_LINEAR,237828.0,4,0.000003800,0.000003800,0.0000,1,0.005655
Instances/Instances 3/kroB100_05.gt,99,200.0,86400.0,PTVRP_LINEAR,151015.0,3,0.000003600,0.000003600,0.0000,1,0.005558
Instances/Instances 3/kroB100_06.gt,99,500.0,86400.0,PTVRP_LINEAR,91714.0,2,0.000003300,0.000003300,0.0000,1,0.005064
Instances/Instances 3/kroB100_07.gt,99,1000.0,86400.0,PTVRP_LINEAR,73416.0,1,0.000003100,0.000003100,0.0000,1,0.005363
Instances/Instances 3/kroB100_08.gt,99,2000.0,86400.0,PTVRP_LINEAR,48944.0,1,0.000003300,0.000003300,0.0000,1,0.004786
Instances/Instances 3/kroB100_09.gt,99,5000.0,86400.0,PTVRP_LINEAR,24472.0,1,0.000003400,0.000003400,0.0000,1,0.005625
Instances/Instances 3/kroB100_10.gt,99,10000.0,86400.0,PTVRP_LINEAR,24472.0,1,0.000003300,0.000003300,0.0000,1,0.005016
Instances/Instances 3/kroB150_01.gt,149,10.0,86400.0,PTVRP_LINEAR,1448967.0,22,0.000005500,0.000005500,0.0000,1,0.006098
Instances/Instances 3/kroB150_02.gt,149,20.0,86400.0,PTVRP_LINEAR,804374.0,13,0.000005800,0.000005800,0.0000,1,0.005706
Instances/Instances 3/kroB150_03.gt,149,50.0,86400.0,PTVRP_LINEAR,470769.0,8,0.000005900,0.000005900,0.0000,1,0.005955
Instances/Instances 3/kroB150_04.gt,149,100.0,86400.0,PTVRP_LINEAR,264293.0,6,0.000006100,0.000006100,0.0000,1,0.00659
Instances/Instances 3/kroB150_05.gt,149,200.0,86400.0,PTVRP_LINEAR,206416.0,4,0.000005800,0.000005800,0.0000,1,0.006413
Instances/Instances 3/kroB150_06.gt,149,500.0,86400.0,PTVRP_LINEAR,120373.0,2,0.000005100,0.000005100,0.0000,1,0.005802
Instances/Instances 3/kroB150_07.gt,149,1000.0,86400.0,PTVRP_LINEAR,72516.0,2,0.000005000,0.000005000,0.0000,1,0.00644
Instances/Instances 3/kroB150_08.gt,149,2000.0,86400.0,PTVRP_LINEAR,55958.0,1,0.000004800,0.000004800,0.0000,1,0.006433
Instances/Instances 3/kroB150_09.gt,149,5000.0,86400.0,PTVRP_LINEAR,27979.0,1,0.000005400,0.000005400,0.0000,1,0.006331
Instances/Instances 3/kroB150_10.gt,149,10000.0,86400.0,PTVRP_LINEAR,27979.0,1,0.000005300,0.000005300,0.0000,1,0.00591
Instances/Instances 3/kroB200_01.gt,199,10.0,86400.0,PTVRP_LINEAR,1780775.0,26,0.000007200,0.000007200,0.0000,1,0.005168
Instances/Instances 3/kroB200_02.gt,199,20.0,86400.0,PTVRP_LINEAR,1036760.0,16,0.000007200,0.000007200,0.0000,1,0.005974
Instances/Instances 3/kroB200_03.gt,199,50.0,86400.0,PTVRP_LINEAR,641658.0,10,0.000007600,0.000007600,0.0000,1,0.004699
Instances/Instances 3/kroB200_04.gt,199,100.0,86400.0,PTVRP_LINEAR,396371.0,6,0.000007900,0.000007900,0.0000,1,0.006215
Instances/Instances 3/kroB200_05.gt,199,200.0,86400.0,PTVRP_LINEAR,270486.0,4,0.000007500,0.000007500,0.0000,1,0.005279
Instances/Instances 3/kroB200_06.gt,199,500.0,86400.0,PTVRP_LINEAR,144900.0,3,0.000006900,0.000006900,0.0000,1,0.005181
Instances/Instances 3/kroB200_07.gt,199,1000.0,86400.0,PTVRP_LINEAR,110754.0,2,0.000006500,0.000006500,0.0000,1,0.005481
Instances/Instances 3/kroB200_08.gt,199,2000.0,86400.0,PTVRP_LINEAR,85744.0,2,0.000006300,0.000006300,0.0000,1,0.005189
Instances/Instances 3/kroB200_09.gt,199,5000.0,86400.0,PTVRP_LINEAR,63536.0,1,0.000006300,0.000006300,0.0000,1,0.005409
Instances/Instances 3/kroB200_10.gt,199,10000.0,86400.0,PTVRP_LINEAR,31768.0,1,0.000006700,0.000006700,0.0000,1,0.006271
Instances/Instances 3/kroC100_01.gt,99,10.0,86400.0,PTVRP_LINEAR,987458.0,15,0.000004000,0.000004000,0.0000,1,0.006059
Instances/Instances 3/kroC100_02.gt,99,20.0,86400.0,PTVRP_LINEAR,608185.0,8,0.000004500,0.000004500,0.0000,1,0.006954
Instances/Instances 3/kroC100_03.gt,99,50.0,86400.0,PTVRP_LINEAR,343866.0,5,0.000003900,0.000003900,0.0000,1,0.006723
Instances/Instances 3/kroC100_04.gt,99,100.0,86400.0,PTVRP_LINEAR,200360.0,4,0.000004100,0.000004100,0.0000,1,0.007526
Instances/Instances 3/kroC100_05.gt,99,200.0,86400.0,PTVRP_LINEAR,162055.0,3,0.000003600,0.000003600,0.0000,1,0.005685
Instances/Instances 3/kroC100_06.gt,99,500.0,86400.0,PTVRP_LINEAR,89562.0,2,0.000003200,0.000003200,0.0000,1,0.005638
Instances/Instances 3/kroC100_07.gt,99,1000.0,86400.0,PTVRP_LINEAR,68139.0,1,0.000003200,0.000003200,0.0000,1,0.005395
Instances/Instances 3/kroC100_08.gt,99,2000.0,86400.0,PTVRP_LINEAR,45426.0,1,0.000003400,0.000003400,0.0000,1,0.005198
Instances/Instances 3/kroC100_09.gt,99,5000.0,86400.0,PTVRP_LINEAR,22713.0,1,0.000003500,0.000003500,0.0000,1,0.005167
Instances/Instances 3/kroC100_10.gt,99,10000.0,86400.0,PTVRP_LINEAR,22713.0,1,0.000003500,0.000003500,0.0000,1,0.005686
Instances/Instances 3/kroD100_01.gt,99,10.0,86400.0,PTVRP_LINEAR,929142.0,14,0.000004000,0.000004000,0.0000,1,0.004556
Instances/Instances 3/kroD100_02.gt,99,20.0,86400.0,PTVRP_LINEAR,587504.0,9,0.000003900,0.000003900,0.0000,1,0.005096
Instances/Instances 3/kroD100_03.gt,99,50.0,86400.0,PTVRP_LINEAR,337692.0,5,0.000004200,0.000004200,0.0000,1,0.005679
Instances/Instances 3/kroD100_04.gt,99,100.0,86400.0,PTVRP_LINEAR,226772.0,4,0.000003500,0.000003500,0.0000,1,0.00476
Instances/Instances 3/kroD100_05.gt,99,200.0,86400.0,PTVRP_LINEAR,158115.0,3,0.000003500,0.000003500,0.0000,1,0.005971
Instances/Instances 3/kroD100_06.gt,99,500.0,86400.0,PTVRP_LINEAR,92126.0,2,0.000003300,0.000003300,0.0000,1,0.005174
Instances/Instances 3/kroD100_07.gt,99,1000.0,86400.0,PTVRP_LINEAR,71376.0,1,0.000003200,0.000003200,0.0000,1,0.005009
Instances/Instances 3/kroD100_08.gt,99,2000.0,86400.0,PTVRP_LINEAR,47584.0,1,0.000003300,0.000003300,0.0000,1,0.004579
Instances/Instances 3/kroD100_09.gt,99,5000.0,86400.0,PTVRP_LINEAR,23792.0,1,0.000003600,0.000003600,0.0000,1,0.006732
Instances/Instances 3/kroD100_10.gt,99,10000.0,86400.0,PTVRP_LINEAR,23792.0,1,0.000003300,0.000003300,0.0000,1,0.004903
Instances/Instances 3/kroE100_01.gt,99,10.0,86400.0,PTVRP_LINEAR,992415.0,14,0.000004100,0.000004100,0.0000,1,0.005881
Instances/Instances 3/kroE100_02.gt,99,20.0,86400.0,PTVRP_LINEAR,621610.0,9,0.000004000,0.000004000,0.0000,1,0.005656
Instances/Instances 3/kroE100_03.gt,99,50.0,86400.0,PTVRP_LINEAR,331382.0,5,0.000004100,0.000004100,0.0000,1,0.005355
Instances/Instances 3/kroE100_04.gt,99,100.0,86400.0,PTVRP_LINEAR,203363.0,4,0.000003900,0.000003900,0.0000,1,0.005047
Instances/Instances 3/kroE100_05.gt,99,200.0,86400.0,PTVRP_LINEAR,150706.0,3,0.000003600,0.000003600,0.0000,1,0.005983
Instances/Instances 3/kroE100_06.gt,99,500.0,86400.0,PTVRP_LINEAR,90068.0,2,0.000003100,0.000003100,0.0000,1,0.004935
Instances/Instances 3/kroE100_07.gt,99,1000.0,86400.0,PTVRP_LINEAR,73656.0,1,0.000003100,0.000003100,0.0000,1,0.005061
Instances/Instances 3/kroE100_08.gt,99,2000.0,86400.0,PTVRP_LINEAR,49104.0,1,0.000003500,0.000003500,0.0000,1,0.006244
Instances/Instances 3/kroE100_09.gt,99,5000.0,86400.0,PTVRP_LINEAR,24552.0,1,0.000003400,0.000003400,0.0000,1,0.005355
Instances/Instances 3/kroE100_10.gt,99,10000.0,86400.0,PTVRP_LINEAR,24552.0,1,0.000003500,0.000003500,0.0000,1,0.005415
Instances/Instances 3/kz9976_01.gt,9975,10.0,86400.0,PTVRP_LINEAR,568930094.0,6703,0.000324600,0.000324600,0.0000,1,0.011677
Instances/Instances 3/kz9976_02.gt,9975,20.0,86400.0,PTVRP_LINEAR,300216678.0,4263,0.000364400,0.000364400,0.0000,1,0.012426
Instances/Instances 3/kz9976_03.gt,9975,50.0,86400.0,PTVRP_LINEAR,116977098.0,1643,0.000401100,0.000401100,0.0000,1,0.012117
Instances/Instances 3/kz9976_04.gt,9975,100.0,86400.0,PTVRP_LINEAR,56742433.0,787,0.000413400,0.000413400,0.0000,1,0.011326
Instances/Instances 3/kz9976_05.gt,9975,200.0,86400.0,PTVRP_LINEAR,29882228.0,425,0.000421800,0.000421800,0.0000,1,0.013686
Instances/Instances 3/kz9976_06.gt,9975,500.0,86400.0,PTVRP_LINEAR,13276949.0,193,0.000399200,0.000399200,0.0000,1,0.013961
Instances/Instances 3/kz9976_07.gt,9975,1000.0,86400.0,PTVRP_LINEAR,7737760.0,116,0.000388400,0.000388400,0.0000,1,0.014533
Instances/Instances 3/kz9976_08.gt,9975,2000.0,86400.0,PTVRP_LINEAR,4629716.0,76,0.000383700,0.000383700,0.0000,1,0.014216
Instances/Instances 3/kz9976_09.gt,9975,5000.0,86400.0,PTVRP_LINEAR,2383025.0,46,0.000365000,0.000365000,0.0000,1,0.015291
Instances/Instances 3/kz9976_10.gt,9975,10000.0,86400.0,PTVRP_LINEAR,1532119.0,28,0.000361500,0.000361500,0.0000,1,0.012868
Instances/Instances 3/lin105_01.gt,104,10.0,86400.0,PTVRP_LINEAR,727537.0,12,0.000004400,0.000004400,0.0000,1,0.006633
Instances/Instances 3/lin105_02.gt,104,20.0,86400.0,PTVRP_LINEAR,496072.0,7,0.000004300,0.000004300,0.0000,1,0.006984
Instances/Instances 3/lin105_03.gt,104,50.0,86400.0,PTVRP_LINEAR,273309.0,4,0.000004200,0.000004200,0.0000,1,0.006576
Instances/Instances 3/lin105_04.gt,104,100.0,86400.0,PTVRP_LINEAR,185157.0,3,0.000004000,0.000004000,0.0000,1,0.006895
Instances/Instances 3/lin105_05.gt,104,200.0,86400.0,PTVRP_LINEAR,117467.0,2,0.000003500,0.000003500,0.0000,1,0.006646
Instances/Instances 3/lin105_06.gt,104,500.0,86400.0,PTVRP_LINEAR,85165.0,1,0.000002900,0.000002900,0.0000,1,0.006357
Instances/Instances 3/lin105_07.gt,104,1000.0,86400.0,PTVRP_LINEAR,28882.0,2,0.000003300,0.000003300,0.0000,1,0.006302
Instances/Instances 3/lin105_08.gt,104,2000.0,86400.0,PTVRP_LINEAR,17033.0,2,0.000003700,0.000003700,0.0000,1,0.005666
Instances/Instances 3/lin105_09.gt,104,5000.0,86400.0,PTVRP_LINEAR,17033.0,2,0.000003700,0.000003700,0.0000,1,0.006713
Instances/Instances 3/lin105_10.gt,104,10000.0,86400.0,PTVRP_LINEAR,17033.0,2,0.000003500,0.000003500,0.0000,1,0.007031
Instances/Instances 3/lin318_01.gt,317,10.0,86400.0,PTVRP_LINEAR,2880906.0,42,0.000011400,0.000011400,0.0000,1,0.006705
Instances/Instances 3/lin318_02.gt,317,20.0,86400.0,PTVRP_LINEAR,1639626.0,23,0.000012100,0.000012100,0.0000,1,0.005994
Instances/Instances 3/lin318_03.gt,317,50.0,86400.0,PTVRP_LINEAR,931735.0,14,0.000012400,0.000012400,0.0000,1,0.006228
Instances/Instances 3/lin318_04.gt,317,100.0,86400.0,PTVRP_LINEAR,544893.0,10,0.000011700,0.000011700,0.0000,1,0.006129
Instances/Instances 3/lin318_05.gt,317,200.0,86400.0,PTVRP_LINEAR,389070.0,6,0.000019500,0.000019500,0.0000,1,0.005238
Instances/Instances 3/lin318_06.gt,317,500.0,86400.0,PTVRP_LINEAR,238019.0,4,0.000010700,0.000010700,0.0000,1,0.005742
Instances/Instances 3/lin318_07.gt,317,1000.0,86400.0,PTVRP_LINEAR,164209.0,3,0.000010100,0.000010100,0.0000,1,0.006277
Instances/Instances 3/lin318_08.gt,317,2000.0,86400.0,PTVRP_LINEAR,120219.0,2,0.000009300,0.000009300,0.0000,1,0.006298
Instances/Instances 3/lin318_09.gt,317,5000.0,86400.0,PTVRP_LINEAR,46049.0,2,0.000010200,0.000010200,0.0000,1,0.004935
Instances/Instances 3/lin318_10.gt,317,10000.0,86400.0,PTVRP_LINEAR,46049.0,2,0.000010700,0.000010700,0.0000,1,0.005205
Instances/Instances 3/linhp318_01.gt,317,10.0,86400.0,PTVRP_LINEAR,2998347.0,42,0.000011000,0.000011000,0.0000,1,0.00528
Instances/Instances 3/linhp318_02.gt,317,20.0,86400.0,PTVRP_LINEAR,1746589.0,24,0.000011400,0.000011400,0.0000,1,0.005559
Instances/Instances 3/linhp318_03.gt,317,50.0,86400.0,PTVRP_LINEAR,932521.0,14,0.000011800,0.000011800,0.0000,1,0.005186
Instances/Instances 3/linhp318_04.gt,317,100.0,86400.0,PTVRP_LINEAR,566193.0,10,0.000011300,0.000011300,0.0000,1,0.004924
Instances/Instances 3/linhp318_05.gt,317,200.0,86400.0,PTVRP_LINEAR,352098.0,7,0.000010900,0.000010900,0.0000,1,0.005275
Instances/Instances 3/linhp318_06.gt,317,500.0,86400.0,PTVRP_LINEAR,209868.0,5,0.000010100,0.000010100,0.0000,1,0.005206
Instances/Instances 3/linhp318_07.gt,317,1000.0,86400.0,PTVRP_LINEAR,171042.0,3,0.000009800,0.000009800,0.0000,1,0.005343
Instances/Instances 3/linhp318_08.gt,317,2000.0,86400.0,PTVRP_LINEAR,119835.0,2,0.000009400,0.000009400,0.0000,1,0.005135
Instances/Instances 3/linhp318_09.gt,317,5000.0,86400.0,PTVRP_LINEAR,46168.0,2,0.000010000,0.000010000,0.0000,1,0.005609
Instances/Instances 3/linhp318_10.gt,317,10000.0,86400.0,PTVRP_LINEAR,46168.0,2,0.000010000,0.000010000,0.0000,1,0.005896
Instances/Instances 3/lu980_01.gt,979,10.0,86400.0,PTVRP_LINEAR,2009905.0,34,0.000031900,0.000031900,0.0000,1,0.005557
Instances/Instances 3/lu980_02.gt,979,20.0,86400.0,PTVRP_LINEAR,1238885.0,20,0.000030800,0.000030800,0.0000,1,0.006259
Instances/Instances 3/lu980_03.gt,979,50.0,86400.0,PTVRP_LINEAR,693448.0,13,0.000030800,0.000030800,0.0000,1,0.005335
Instances/Instances 3/lu980_04.gt,979,100.0,86400.0,PTVRP_LINEAR,534238.0,7,0.000034500,0.000034500,0.0000,1,0.007236
Instances/Instances 3/lu980_05.gt,979,200.0,86400.0,PTVRP_LINEAR,324408.0,6,0.000032300,0.000032300,0.0000,1,0.00637
Instances/Instances 3/lu980_06.gt,979,500.0,86400.0,PTVRP_LINEAR,210830.0,3,0.000050600,0.000050600,0.0000,1,0.006508
Instances/Instances 3/lu980_07.gt,979,1000.0,86400.0,PTVRP_LINEAR,156048.0,2,0.000030900,0.000030900,0.0000,1,0.006668
Instances/Instances 3/lu980_08.gt,979,2000.0,86400.0,PTVRP_LINEAR,91136.0,2,0.000027900,0.000027900,0.0000,1,0.005995
Instances/Instances 3/lu980_09.gt,979,5000.0,86400.0,PTVRP_LINEAR,71514.0,1,0.000026900,0.000026900,0.0000,1,0.005892
Instances/Instances 3/lu980_10.gt,979,10000.0,86400.0,PTVRP_LINEAR,35757.0,1,0.000027900,0.000027900,0.0000,1,0.005974
Instances/Instances 3/mo14185_01.gt,14184,10.0,86400.0,PTVRP_LINEAR,196895412.0,2642,0.000540300,0.000540300,0.0000,1,0.013389
Instances/Instances 3/mo14185_02.gt,14184,20.0,86400.0,PTVRP_LINEAR,100477070.0,1284,0.000577600,0.000577600,0.0000,1,0.016209
Instances/Instances 3/mo14185_03.gt,14184,50.0,86400.0,PTVRP_LINEAR,42897020.0,547,0.000575300,0.000575300,0.0000,1,0.015592
Instances/Instances 3/mo14185_04.gt,14184,100.0,86400.0,PTVRP_LINEAR,23694379.0,308,0.000572400,0.000572400,0.0000,1,0.015609
Instances/Instances 3/mo14185_05.gt,14184,200.0,86400.0,PTVRP_LINEAR,13602534.0,184,0.000561400,0.000561400,0.0000,1,0.015622
Instances/Instances 3/mo14185_06.gt,14184,500.0,86400.0,PTVRP_LINEAR,6824032.0,102,0.000543700,0.000543700,0.0000,1,0.015806
Instances/Instances 3/mo14185_07.gt,14184,1000.0,86400.0,PTVRP_LINEAR,4311376.0,66,0.000531900,0.000531900,0.0000,1,0.017765
Instances/Instances 3/mo14185_08.gt,14184,2000.0,86400.0,PTVRP_LINEAR,2626306.0,51,0.000510600,0.000510600,0.0000,1,0.015942
Instances/Instances 3/mo14185_09.gt,14184,5000.0,86400.0,PTVRP_LINEAR,1676020.0,28,0.000501100,0.000501100,0.0000,1,0.018136
Instances/Instances 3/mo14185_10.gt,14184,10000.0,86400.0,PTVRP_LINEAR,1149294.0,19,0.000507900,0.000507900,0.0000,1,0.016725
Instances/Instances 3/mu1979_01.gt,1978,10.0,86400.0,PTVRP_LINEAR,22508277.0,319,0.000066100,0.000066100,0.0000,1,0.008301
Instances/Instances 3/mu1979_02.gt,1978,20.0,86400.0,PTVRP_LINEAR,11938505.0,160,0.000065100,0.000065100,0.0000,1,0.007753
Instances/Instances 3/mu1979_03.gt,1978,50.0,86400.0,PTVRP_LINEAR,5420280.0,73,0.000066800,0.000066800,0.0000,1,0.009295
Instances/Instances 3/mu1979_04.gt,1978,100.0,86400.0,PTVRP_LINEAR,2950693.0,42,0.000066100,0.000066100,0.0000,1,0.008033
Instances/Instances 3/mu1979_05.gt,1978,200.0,86400.0,PTVRP_LINEAR,1733679.0,27,0.000064700,0.000064700,0.0000,1,0.006932
Instances/Instances 3/mu1979_06.gt,1978,500.0,86400.0,PTVRP_LINEAR,957415.0,14,0.000059800,0.000059800,0.0000,1,0.007244
Instances/Instances 3/mu1979_07.gt,1978,1000.0,86400.0,PTVRP_LINEAR,600331.0,11,0.000060300,0.000060300,0.0000,1,0.006952
Instances/Instances 3/mu1979_08.gt,1978,2000.0,86400.0,PTVRP_LINEAR,447023.0,7,0.000058100,0.000058100,0.0000,1,0.006393
Instances/Instances 3/mu1979_09.gt,1978,5000.0,86400.0,PTVRP_LINEAR,239316.0,6,0.000055100,0.000055100,0.0000,1,0.006233
Instances/Instances 3/mu1979_10.gt,1978,10000.0,86400.0,PTVRP_LINEAR,179419.0,4,0.000054000,0.000054000,0.0000,1,0.007806
Instances/Instances 3/nrw1379_01.gt,1378,10.0,86400.0,PTVRP_LINEAR,7327013.0,98,0.000043600,0.000043600,0.0000,1,0.007997
Instances/Instances 3/nrw1379_02.gt,1378,20.0,86400.0,PTVRP_LINEAR,4183090.0,64,0.000043100,0.000043100,0.0000,1,0.007906
Instances/Instances 3/nrw1379_03.gt,1378,50.0,86400.0,PTVRP_LINEAR,2303308.0,35,0.000045400,0.000045400,0.0000,1,0.005811
Instances/Instances 3/nrw1379_04.gt,1378,100.0,86400.0,PTVRP_LINEAR,1399389.0,25,0.000043600,0.000043600,0.0000,1,0.006807
Instances/Instances 3/nrw1379_05.gt,1378,200.0,86400.0,PTVRP_LINEAR,898916.0,17,0.000043200,0.000043200,0.0000,1,0.005796
Instances/Instances 3/nrw1379_06.gt,1378,500.0,86400.0,PTVRP_LINEAR,593119.0,9,0.000043400,0.000043400,0.0000,1,0.005897
Instances/Instances 3/nrw1379_07.gt,1378,1000.0,86400.0,PTVRP_LINEAR,399328.0,6,0.000040900,0.000040900,0.0000,1,0.006923
Instances/Instances 3/nrw1379_08.gt,1378,2000.0,86400.0,PTVRP_LINEAR,278072.0,5,0.000039900,0.000039900,0.0000,1,0.006125
Instances/Instances 3/nrw1379_09.gt,1378,5000.0,86400.0,PTVRP_LINEAR,150491.0,4,0.000036500,0.000036500,0.0000,1,0.005963
Instances/Instances 3/nrw1379_10.gt,1378,10000.0,86400.0,PTVRP_LINEAR,116084.0,3,0.000036900,0.000036900,0.0000,1,0.006678
Instances/Instances 3/nu3496_01.gt,3495,10.0,86400.0,PTVRP_LINEAR,22141091.0,291,0.000134800,0.000134800,0.0000,1,0.008341
Instances/Instances 3/nu3496_02.gt,3495,20.0,86400.0,PTVRP_LINEAR,12172007.0,162,0.000136500,0.000136500,0.0000,1,0.008653
Instances/Instances 3/nu3496_03.gt,3495,50.0,86400.0,PTVRP_LINEAR,5695592.0,86,0.000138100,0.000138100,0.0000,1,0.008742
Instances/Instances 3/nu3496_04.gt,3495,100.0,86400.0,PTVRP_LINEAR,3437764.0,55,0.000141600,0.000141600,0.0000,1,0.007903
Instances/Instances 3/nu3496_05.gt,3495,200.0,86400.0,PTVRP_LINEAR,2164125.0,36,0.000136900,0.000136900,0.0000,1,0.008973
Instances/Instances 3/nu3496_06.gt,3495,500.0,86400.0,PTVRP_LINEAR,1155961.0,22,0.000132500,0.000132500,0.0000,1,0.009537
Instances/Instances 3/nu3496_07.gt,3495,1000.0,86400.0,PTVRP_LINEAR,799042.0,15,0.000136300,0.000136300,0.0000,1,0.008451
Instances/Instances 3/nu3496_08.gt,3495,2000.0,86400.0,PTVRP_LINEAR,534037.0,11,0.000129400,0.000129400,0.0000,1,0.007499
Instances/Instances 3/nu3496_09.gt,3495,5000.0,86400.0,PTVRP_LINEAR,374983.0,6,0.000131400,0.000131400,0.0000,1,0.008715
Instances/Instances 3/nu3496_10.gt,3495,10000.0,86400.0,PTVRP_LINEAR,213360.0,5,0.000127900,0.000127900,0.0000,1,0.00862
Instances/Instances 3/p654_01.gt,653,10.0,86400.0,PTVRP_LINEAR,8871811.0,119,0.000022400,0.000022400,0.0000,1,0.005724
Instances/Instances 3/p654_02.gt,653,20.0,86400.0,PTVRP_LINEAR,4451432.0,56,0.000022400,0.000022400,0.0000,1,0.007066
Instances/Instances 3/p654_03.gt,653,50.0,86400.0,PTVRP_LINEAR,2064858.0,27,0.000025500,0.000025500,0.0000,1,0.006904
Instances/Instances 3/p654_04.gt,653,100.0,86400.0,PTVRP_LINEAR,1103774.0,16,0.000022900,0.000022900,0.0000,1,0.00624
Instances/Instances 3/p654_05.gt,653,200.0,86400.0,PTVRP_LINEAR,656172.0,10,0.000021700,0.000021700,0.0000,1,0.006077
Instances/Instances 3/p654_06.gt,653,500.0,86400.0,PTVRP_LINEAR,355525.0,6,0.000019100,0.000019100,0.0000,1,0.006884
Instances/Instances 3/p654_07.gt,653,1000.0,86400.0,PTVRP_LINEAR,234617.0,4,0.000019000,0.000019000,0.0000,1,0.005656
Instances/Instances 3/p654_08.gt,653,2000.0,86400.0,PTVRP_LINEAR,160643.0,3,0.000017300,0.000017300,0.0000,1,0.005763
Instances/Instances 3/p654_09.gt,653,5000.0,86400.0,PTVRP_LINEAR,100605.0,2,0.000017400,0.000017400,0.0000,1,0.005182
Instances/Instances 3/p654_10.gt,653,10000.0,86400.0,PTVRP_LINEAR,79798.0,1,0.000017800,0.000017800,0.0000,1,0.006002
Instances/Instances 3/pcb1173_01.gt,1172,10.0,86400.0,PTVRP_LINEAR,6934653.0,96,0.000036900,0.000036900,0.0000,1,0.006915
Instances/Instances 3/pcb1173_02.gt,1172,20.0,86400.0,PTVRP_LINEAR,4069382.0,58,0.000037500,0.000037500,0.0000,1,0.006838
Instances/Instances 3/pcb1173_03.gt,1172,50.0,86400.0,PTVRP_LINEAR,2127945.0,30,0.000037900,0.000037900,0.0000,1,0.007956
Instances/Instances 3/pcb1173_04.gt,1172,100.0,86400.0,PTVRP_LINEAR,1368383.0,20,0.000038100,0.000038100,0.0000,1,0.006552
Instances/Instances 3/pcb1173_05.gt,1172,200.0,86400.0,PTVRP_LINEAR,888162.0,15,0.000037100,0.000037100,0.0000,1,0.006206
Instances/Instances 3/pcb1173_06.gt,1172,500.0,86400.0,PTVRP_LINEAR,499863.0,9,0.000034700,0.000034700,0.0000,1,0.005487
Instances/Instances 3/pcb1173_07.gt,1172,1000.0,86400.0,PTVRP_LINEAR,346328.0,6,0.000033800,0.000033800,0.0000,1,0.00595
Instances/Instances 3/pcb1173_08.gt,1172,2000.0,86400.0,PTVRP_LINEAR,255665.0,4,0.000033100,0.000033100,0.0000,1,0.006368
Instances/Instances 3/pcb1173_09.gt,1172,5000.0,86400.0,PTVRP_LINEAR,114333.0,4,0.000029900,0.000029900,0.0000,1,0.005717
Instances/Instances 3/pcb1173_10.gt,1172,10000.0,86400.0,PTVRP_LINEAR,102420.0,2,0.000029200,0.000029200,0.0000,1,0.00612
Instances/Instances 3/pcb3038_01.gt,3037,10.0,86400.0,PTVRP_LINEAR,23779172.0,310,0.000115300,0.000115300,0.0000,1,0.006328
Instances/Instances 3/pcb3038_02.gt,3037,20.0,86400.0,PTVRP_LINEAR,13231408.0,178,0.000118800,0.000118800,0.0000,1,0.007823
Instances/Instances 3/pcb3038_03.gt,3037,50.0,86400.0,PTVRP_LINEAR,6511702.0,88,0.000120000,0.000120000,0.0000,1,0.007558
Instances/Instances 3/pcb3038_04.gt,3037,100.0,86400.0,PTVRP_LINEAR,3909101.0,58,0.000118500,0.000118500,0.0000,1,0.008257
Instances/Instances 3/pcb3038_05.gt,3037,200.0,86400.0,PTVRP_LINEAR,2455585.0,38,0.000116300,0.000116300,0.0000,1,0.008499
Instances/Instances 3/pcb3038_06.gt,3037,500.0,86400.0,PTVRP_LINEAR,1403739.0,23,0.000112900,0.000112900,0.0000,1,0.009234
Instances/Instances 3/pcb3038_07.gt,3037,1000.0,86400.0,PTVRP_LINEAR,958287.0,16,0.000111400,0.000111400,0.0000,1,0.007157
Instances/Instances 3/pcb3038_08.gt,3037,2000.0,86400.0,PTVRP_LINEAR,602815.0,12,0.000105000,0.000105000,0.0000,1,0.008321
Instances/Instances 3/pcb3038_09.gt,3037,5000.0,86400.0,PTVRP_LINEAR,331851.0,9,0.000101100,0.000101100,0.0000,1,0.007831
Instances/Instances 3/pcb3038_10.gt,3037,10000.0,86400.0,PTVRP_LINEAR,266332.0,6,0.000099400,0.000099400,0.0000,1,0.008261
Instances/Instances 3/pcb442_01.gt,441,10.0,86400.0,PTVRP_LINEAR,3733838.0,55,0.000014800,0.000014800,0.0000,1,0.007599
Instances/Instances 3/pcb442_02.gt,441,20.0,86400.0,PTVRP_LINEAR,2279495.0,32,0.000014700,0.000014700,0.0000,1,0.007169
Instances/Instances 3/pcb442_03.gt,441,50.0,86400.0,PTVRP_LINEAR,1221510.0,17,0.000015600,0.000015600,0.0000,1,0.006207
Instances/Instances 3/pcb442_04.gt,441,100.0,86400.0,PTVRP_LINEAR,777164.0,12,0.000015200,0.000015200,0.0000,1,0.005818
Instances/Instances 3/pcb442_05.gt,441,200.0,86400.0,PTVRP_LINEAR,501847.0,8,0.000015900,0.000015900,0.0000,1,0.007243
Instances/Instances 3/pcb442_06.gt,441,500.0,86400.0,PTVRP_LINEAR,311390.0,5,0.000014500,0.000014500,0.0000,1,0.007227
Instances/Instances 3/pcb442_07.gt,441,1000.0,86400.0,PTVRP_LINEAR,230934.0,4,0.000014200,0.000014200,0.0000,1,0.007039
Instances/Instances 3/pcb442_08.gt,441,2000.0,86400.0,PTVRP_LINEAR,154899.0,3,0.000011800,0.000011800,0.0000,1,0.005716
Instances/Instances 3/pcb442_09.gt,441,5000.0,86400.0,PTVRP_LINEAR,90246.0,2,0.000012000,0.000012000,0.0000,1,0.005892
Instances/Instances 3/pcb442_10.gt,441,10000.0,86400.0,PTVRP_LINEAR,55052.0,2,0.000012900,0.000012900,0.0000,1,0.005716
Instances/Instances 3/pm8079_01.gt,8078,10.0,86400.0,PTVRP_LINEAR,46567390.0,594,0.000307000,0.000307000,0.0000,1,0.01183
Instances/Instances 3/pm8079_02.gt,8078,20.0,86400.0,PTVRP_LINEAR,24861022.0,322,0.000325100,0.000325100,0.0000,1,0.012064
Instances/Instances 3/pm8079_03.gt,8078,50.0,86400.0,PTVRP_LINEAR,11379949.0,156,0.000324500,0.000324500,0.0000,1,0.014636
Instances/Instances 3/pm8079_04.gt,8078,100.0,86400.0,PTVRP_LINEAR,6600277.0,98,0.000319700,0.000319700,0.0000,1,0.011956
Instances/Instances 3/pm8079_05.gt,8078,200.0,86400.0,PTVRP_LINEAR,4001704.0,62,0.000316100,0.000316100,0.0000,1,0.011545
Instances/Instances 3/pm8079_06.gt,8078,500.0,86400.0,PTVRP_LINEAR,2136271.0,38,0.000305700,0.000305700,0.0000,1,0.010519
Instances/Instances 3/pm8079_07.gt,8078,1000.0,86400.0,PTVRP_LINEAR,1414427.0,25,0.000318400,0.000318400,0.0000,1,0.010041
Instances/Instances 3/pm8079_08.gt,8078,2000.0,86400.0,PTVRP_LINEAR,1033007.0,16,0.000301800,0.000301800,0.0000,1,0.011385
Instances/Instances 3/pm8079_09.gt,8078,5000.0,86400.0,PTVRP_LINEAR,590723.0,11,0.000293100,0.000293100,0.0000,1,0.009518
Instances/Instances 3/pm8079_10.gt,8078,10000.0,86400.0,PTVRP_LINEAR,411648.0,7,0.000285900,0.000285900,0.0000,1,0.010396
Instances/Instances 3/pr1002_01.gt,1001,10.0,86400.0,PTVRP_LINEAR,28064368.0,418,0.000032200,0.000032200,0.0000,1,0.0057
Instances/Instances 3/pr1002_02.gt,1001,20.0,86400.0,PTVRP_LINEAR,13981664.0,198,0.000033800,0.000033800,0.0000,1,0.006078
Instances/Instances 3/pr1002_03.gt,1001,50.0,86400.0,PTVRP_LINEAR,6597211.0,91,0.000035100,0.000035100,0.0000,1,0.00687
Instances/Instances 3/pr1002_04.gt,1001,100.0,86400.0,PTVRP_LINEAR,3725376.0,52,0.000037400,0.000037400,0.0000,1,0.006302
Instances/Instances 3/pr1002_05.gt,1001,200.0,86400.0,PTVRP_LINEAR,2195485.0,33,0.000035700,0.000035700,0.0000,1,0.00613
Instances/Instances 3/pr1002_06.gt,1001,500.0,86400.0,PTVRP_LINEAR,1193274.0,20,0.000033900,0.000033900,0.0000,1,0.007306
Instances/Instances 3/pr1002_07.gt,1001,1000.0,86400.0,PTVRP_LINEAR,733298.0,15,0.000031400,0.000031400,0.0000,1,0.006952
Instances/Instances 3/pr1002_08.gt,1001,2000.0,86400.0,PTVRP_LINEAR,568876.0,10,0.000051100,0.000051100,0.0000,1,0.006503
Instances/Instances 3/pr1002_09.gt,1001,5000.0,86400.0,PTVRP_LINEAR,297554.0,6,0.000029700,0.000029700,0.0000,1,0.006923
Instances/Instances 3/pr1002_10.gt,1001,10000.0,86400.0,PTVRP_LINEAR,283439.0,4,0.000028400,0.000028400,0.0000,1,0.007115
Instances/Instances 3/pr107_01.gt,106,10.0,86400.0,PTVRP_LINEAR,2984101.0,47,0.000004100,0.000004100,0.0000,1,0.006411
Instances/Instances 3/pr107_02.gt,106,20.0,86400.0,PTVRP_LINEAR,1579889.0,23,0.000004300,0.000004300,0.0000,1,0.005373
Instances/Instances 3/pr107_03.gt,106,50.0,86400.0,PTVRP_LINEAR,741741.0,12,0.000004400,0.000004400,0.0000,1,0.005082
Instances/Instances 3/pr107_04.gt,106,100.0,86400.0,PTVRP_LINEAR,382402.0,6,0.000004100,0.000004100,0.0000,1,0.00545
Instances/Instances 3/pr107_05.gt,106,200.0,86400.0,PTVRP_LINEAR,241979.0,5,0.000003900,0.000003900,0.0000,1,0.005195
Instances/Instances 3/pr107_06.gt,106,500.0,86400.0,PTVRP_LINEAR,142420.0,3,0.000004000,0.000004000,0.0000,1,0.005053
Instances/Instances 3/pr107_07.gt,106,1000.0,86400.0,PTVRP_LINEAR,104414.0,2,0.000003500,0.000003500,0.0000,1,0.005936
Instances/Instances 3/pr107_08.gt,106,2000.0,86400.0,PTVRP_LINEAR,51947.0,2,0.000003600,0.000003600,0.0000,1,0.005833
Instances/Instances 3/pr107_09.gt,106,5000.0,86400.0,PTVRP_LINEAR,50502.0,2,0.000003800,0.000003800,0.0000,1,0.006557
Instances/Instances 3/pr107_10.gt,106,10000.0,86400.0,PTVRP_LINEAR,50502.0,2,0.000003600,0.000003600,0.0000,1,0.0048
Instances/Instances 3/pr124_01.gt,123,10.0,86400.0,PTVRP_LINEAR,2930955.0,45,0.000004700,0.000004700,0.0000,1,0.005916
Instances/Instances 3/pr124_02.gt,123,20.0,86400.0,PTVRP_LINEAR,1727385.0,24,0.000005000,0.000005000,0.0000,1,0.006437
Instances/Instances 3/pr124_03.gt,123,50.0,86400.0,PTVRP_LINEAR,724324.0,13,0.000005000,0.000005000,0.0000,1,0.005743
Instances/Instances 3/pr124_04.gt,123,100.0,86400.0,PTVRP_LINEAR,473362.0,8,0.000005000,0.000005000,0.0000,1,0.006387
Instances/Instances 3/pr124_05.gt,123,200.0,86400.0,PTVRP_LINEAR,291852.0,6,0.000004600,0.000004600,0.0000,1,0.006117
Instances/Instances 3/pr124_06.gt,123,500.0,86400.0,PTVRP_LINEAR,176028.0,4,0.000004200,0.000004200,0.0000,1,0.007868
Instances/Instances 3/pr124_07.gt,123,1000.0,86400.0,PTVRP_LINEAR,145668.0,2,0.000003900,0.000003900,0.0000,1,0.006189
Instances/Instances 3/pr124_08.gt,123,2000.0,86400.0,PTVRP_LINEAR,71966.0,2,0.000004000,0.000004000,0.0000,1,0.006566
Instances/Instances 3/pr124_09.gt,123,5000.0,86400.0,PTVRP_LINEAR,66676.0,1,0.000003900,0.000003900,0.0000,1,0.006215
Instances/Instances 3/pr124_10.gt,123,10000.0,86400.0,PTVRP_LINEAR,66676.0,1,0.000003900,0.000003900,0.0000,1,0.005163
Instances/Instances 3/pr136_01.gt,135,10.0,86400.0,PTVRP_LINEAR,3803470.0,57,0.000005300,0.000005300,0.0000,1,0.004561
Instances/Instances 3/pr136_02.gt,135,20.0,86400.0,PTVRP_LINEAR,2122308.0,30,0.000005500,0.000005500,0.0000,1,0.005913
Instances/Instances 3/pr136_03.gt,135,50.0,86400.0,PTVRP_LINEAR,1045007.0,15,0.000005500,0.000005500,0.0000,1,0.004986
Instances/Instances 3/pr136_04.gt,135,100.0,86400.0,PTVRP_LINEAR,662976.0,10,0.000005900,0.000005900,0.0000,1,0.005473
Instances/Instances 3/pr136_05.gt,135,200.0,86400.0,PTVRP_LINEAR,408108.0,7,0.000005400,0.000005400,0.0000,1,0.004543
Instances/Instances 3/pr136_06.gt,135,500.0,86400.0,PTVRP_LINEAR,237360.0,4,0.000004900,0.000004900,0.0000,1,0.005376
Instances/Instances 3/pr136_07.gt,135,1000.0,86400.0,PTVRP_LINEAR,121669.0,4,0.000004700,0.000004700,0.0000,1,0.005239
Instances/Instances 3/pr136_08.gt,135,2000.0,86400.0,PTVRP_LINEAR,111704.0,2,0.000004500,0.000004500,0.0000,1,0.005064
Instances/Instances 3/pr136_09.gt,135,5000.0,86400.0,PTVRP_LINEAR,107219.0,2,0.000004400,0.000004400,0.0000,1,0.005605
Instances/Instances 3/pr136_10.gt,135,10000.0,86400.0,PTVRP_LINEAR,107219.0,2,0.000004700,0.000004700,0.0000,1,0.005751
Instances/Instances 3/pr144_01.gt,143,10.0,86400.0,PTVRP_LINEAR,3503682.0,51,0.000005500,0.000005500,0.0000,1,0.005706
Instances/Instances 3/pr144_02.gt,143,20.0,86400.0,PTVRP_LINEAR,1784494.0,27,0.000006300,0.000006300,0.0000,1,0.005369
Instances/Instances 3/pr144_03.gt,143,50.0,86400.0,PTVRP_LINEAR,930184.0,14,0.000006000,0.000006000,0.0000,1,0.006315
Instances/Instances 3/pr144_04.gt,143,100.0,86400.0,PTVRP_LINEAR,533995.0,9,0.000006000,0.000006000,0.0000,1,0.006086
Instances/Instances 3/pr144_05.gt,143,200.0,86400.0,PTVRP_LINEAR,338868.0,6,0.000005500,0.000005500,0.0000,1,0.006202
Instances/Instances 3/pr144_06.gt,143,500.0,86400.0,PTVRP_LINEAR,208677.0,4,0.000004900,0.000004900,0.0000,1,0.005379
Instances/Instances 3/pr144_07.gt,143,1000.0,86400.0,PTVRP_LINEAR,135374.0,3,0.000004300,0.000004300,0.0000,1,0.005783
Instances/Instances 3/pr144_08.gt,143,2000.0,86400.0,PTVRP_LINEAR,71677.0,3,0.000004400,0.000004400,0.0000,1,0.005605
Instances/Instances 3/pr144_09.gt,143,5000.0,86400.0,PTVRP_LINEAR,68780.0,1,0.000004400,0.000004400,0.0000,1,0.007627
Instances/Instances 3/pr144_10.gt,143,10000.0,86400.0,PTVRP_LINEAR,68780.0,1,0.000004300,0.000004300,0.0000,1,0.005833
Instances/Instances 3/pr152_01.gt,151,10.0,86400.0,PTVRP_LINEAR,4251354.0,67,0.000006100,0.000006100,0.0000,1,0.005445
Instances/Instances 3/pr152_02.gt,151,20.0,86400.0,PTVRP_LINEAR,2125811.0,34,0.000006400,0.000006400,0.0000,1,0.005611
Instances/Instances 3/pr152_03.gt,151,50.0,86400.0,PTVRP_LINEAR,1127232.0,16,0.000006200,0.000006200,0.0000,1,0.005496
Instances/Instances 3/pr152_04.gt,151,100.0,86400.0,PTVRP_LINEAR,595764.0,11,0.000006400,0.000006400,0.0000,1,0.005592
Instances/Instances 3/pr152_05.gt,151,200.0,86400.0,PTVRP_LINEAR,384033.0,7,0.000006000,0.000006000,0.0000,1,0.005662
Instances/Instances 3/pr152_06.gt,151,500.0,86400.0,PTVRP_LINEAR,224133.0,5,0.000005400,0.000005400,0.0000,1,0.005566
Instances/Instances 3/pr152_07.gt,151,1000.0,86400.0,PTVRP_LINEAR,172733.0,3,0.000005400,0.000005400,0.0000,1,0.005926
Instances/Instances 3/pr152_08.gt,151,2000.0,86400.0,PTVRP_LINEAR,91842.0,2,0.000005200,0.000005200,0.0000,1,0.005318
Instances/Instances 3/pr152_09.gt,151,5000.0,86400.0,PTVRP_LINEAR,89575.0,2,0.000006800,0.000006800,0.0000,1,0.005893
Instances/Instances 3/pr152_10.gt,151,10000.0,86400.0,PTVRP_LINEAR,89575.0,2,0.000005300,0.000005300,0.0000,1,0.008376
Instances/Instances 3/pr226_01.gt,225,10.0,86400.0,PTVRP_LINEAR,7231877.0,112,0.000008700,0.000008700,0.0000,1,0.006571
Instances/Instances 3/pr226_02.gt,225,20.0,86400.0,PTVRP_LINEAR,3811101.0,53,0.000008400,0.000008400,0.0000,1,0.005156
Instances/Instances 3/pr226_03.gt,225,50.0,86400.0,PTVRP_LINEAR,1576517.0,22,0.000009000,0.000009000,0.0000,1,0.005291
Instances/Instances 3/pr226_04.gt,225,100.0,86400.0,PTVRP_LINEAR,965007.0,15,0.000008800,0.000008800,0.0000,1,0.005154
Instances/Instances 3/pr226_05.gt,225,200.0,86400.0,PTVRP_LINEAR,558221.0,9,0.000008000,0.000008000,0.0000,1,0.005053
Instances/Instances 3/pr226_06.gt,225,500.0,86400.0,PTVRP_LINEAR,305179.0,5,0.000007900,0.000007900,0.0000,1,0.004736
Instances/Instances 3/pr226_07.gt,225,1000.0,86400.0,PTVRP_LINEAR,199593.0,4,0.000006800,0.000006800,0.0000,1,0.005413
Instances/Instances 3/pr226_08.gt,225,2000.0,86400.0,PTVRP_LINEAR,147305.0,3,0.000006500,0.000006500,0.0000,1,0.005069
Instances/Instances 3/pr226_09.gt,225,5000.0,86400.0,PTVRP_LINEAR,97856.0,2,0.000006600,0.000006600,0.0000,1,0.004604
Instances/Instances 3/pr226_10.gt,225,10000.0,86400.0,PTVRP_LINEAR,97856.0,2,0.000006400,0.000006400,0.0000,1,0.005111
Instances/Instances 3/pr2392_01.gt,2391,10.0,86400.0,PTVRP_LINEAR,61279247.0,896,0.000084300,0.000084300,0.0000,1,0.007
Instances/Instances 3/pr2392_02.gt,2391,20.0,86400.0,PTVRP_LINEAR,32552381.0,447,0.000086000,0.000086000,0.0000,1,0.007459
Instances/Instances 3/pr2392_03.gt,2391,50.0,86400.0,PTVRP_LINEAR,14337543.0,190,0.000090000,0.000090000,0.0000,1,0.007763
Instances/Instances 3/pr2392_04.gt,2391,100.0,86400.0,PTVRP_LINEAR,7971864.0,110,0.000094300,0.000094300,0.0000,1,0.007526
Instances/Instances 3/pr2392_05.gt,2391,200.0,86400.0,PTVRP_LINEAR,4626595.0,66,0.000092200,0.000092200,0.0000,1,0.008156
Instances/Instances 3/pr2392_06.gt,2391,500.0,86400.0,PTVRP_LINEAR,2501143.0,37,0.000086000,0.000086000,0.0000,1,0.00684
Instances/Instances 3/pr2392_07.gt,2391,1000.0,86400.0,PTVRP_LINEAR,1562605.0,25,0.000082400,0.000082400,0.0000,1,0.005975
Instances/Instances 3/pr2392_08.gt,2391,2000.0,86400.0,PTVRP_LINEAR,1002830.0,18,0.000083200,0.000083200,0.0000,1,0.006589
Instances/Instances 3/pr2392_09.gt,2391,5000.0,86400.0,PTVRP_LINEAR,516522.0,14,0.000075000,0.000075000,0.0000,1,0.007523
Instances/Instances 3/pr2392_10.gt,2391,10000.0,86400.0,PTVRP_LINEAR,420652.0,8,0.000075500,0.000075500,0.0000,1,0.008239
Instances/Instances 3/pr264_01.gt,263,10.0,86400.0,PTVRP_LINEAR,5150364.0,78,0.000009500,0.000009500,0.0000,1,0.005922
Instances/Instances 3/pr264_02.gt,263,20.0,86400.0,PTVRP_LINEAR,3021228.0,41,0.000015800,0.000015800,0.0000,1,0.006456
Instances/Instances 3/pr264_03.gt,263,50.0,86400.0,PTVRP_LINEAR,1390280.0,20,0.000009700,0.000009700,0.0000,1,0.005374
Instances/Instances 3/pr264_04.gt,263,100.0,86400.0,PTVRP_LINEAR,782072.0,11,0.000010100,0.000010100,0.0000,1,0.005322
Instances/Instances 3/pr264_05.gt,263,200.0,86400.0,PTVRP_LINEAR,472260.0,7,0.000009500,0.000009500,0.0000,1,0.005466
Instances/Instances 3/pr264_06.gt,263,500.0,86400.0,PTVRP_LINEAR,261297.0,4,0.000008600,0.000008600,0.0000,1,0.0048
Instances/Instances 3/pr264_07.gt,263,1000.0,86400.0,PTVRP_LINEAR,181567.0,3,0.000008100,0.000008100,0.0000,1,0.005896
Instances/Instances 3/pr264_08.gt,263,2000.0,86400.0,PTVRP_LINEAR,122728.0,2,0.000008200,0.000008200,0.0000,1,0.006326
Instances/Instances 3/pr264_09.gt,263,5000.0,86400.0,PTVRP_LINEAR,53706.0,2,0.000007400,0.000007400,0.0000,1,0.007031
Instances/Instances 3/pr264_10.gt,263,10000.0,86400.0,PTVRP_LINEAR,50874.0,1,0.000007100,0.000007100,0.0000,1,0.006095
Instances/Instances 3/pr299_01.gt,298,10.0,86400.0,PTVRP_LINEAR,3435554.0,48,0.000011300,0.000011300,0.0000,1,0.006631
Instances/Instances 3/pr299_02.gt,298,20.0,86400.0,PTVRP_LINEAR,2150601.0,31,0.000011300,0.000011300,0.0000,1,0.007426
Instances/Instances 3/pr299_03.gt,298,50.0,86400.0,PTVRP_LINEAR,1118354.0,15,0.000011100,0.000011100,0.0000,1,0.006495
Instances/Instances 3/pr299_04.gt,298,100.0,86400.0,PTVRP_LINEAR,656037.0,11,0.000011700,0.000011700,0.0000,1,0.006662
Instances/Instances 3/pr299_05.gt,298,200.0,86400.0,PTVRP_LINEAR,437848.0,6,0.000010500,0.000010500,0.0000,1,0.008003
Instances/Instances 3/pr299_06.gt,298,500.0,86400.0,PTVRP_LINEAR,254300.0,4,0.000009900,0.000009900,0.0000,1,0.00592
Instances/Instances 3/pr299_07.gt,298,1000.0,86400.0,PTVRP_LINEAR,168884.0,4,0.000009000,0.000009000,0.0000,1,0.006013
Instances/Instances 3/pr299_08.gt,298,2000.0,86400.0,PTVRP_LINEAR,100636.0,3,0.000008500,0.000008500,0.0000,1,0.006786
Instances/Instances 3/pr299_09.gt,298,5000.0,86400.0,PTVRP_LINEAR,55003.0,2,0.000008600,0.000008600,0.0000,1,0.006497
Instances/Instances 3/pr299_10.gt,298,10000.0,86400.0,PTVRP_LINEAR,54703.0,1,0.000008700,0.000008700,0.0000,1,0.005482
Instances/Instances 3/pr439_01.gt,438,10.0,86400.0,PTVRP_LINEAR,8033577.0,118,0.000015300,0.000015300,0.0000,1,0.006327
Instances/Instances 3/pr439_02.gt,438,20.0,86400.0,PTVRP_LINEAR,4655331.0,66,0.000015200,0.000015200,0.0000,1,0.005483
Instances/Instances 3/pr439_03.gt,438,50.0,86400.0,PTVRP_LINEAR,2220243.0,31,0.000015900,0.000015900,0.0000,1,0.005502
Instances/Instances 3/pr439_04.gt,438,100.0,86400.0,PTVRP_LINEAR,1264767.0,20,0.000015800,0.000015800,0.0000,1,0.00571
Instances/Instances 3/pr439_05.gt,438,200.0,86400.0,PTVRP_LINEAR,828099.0,13,0.000015300,0.000015300,0.0000,1,0.005713
Instances/Instances 3/pr439_06.gt,438,500.0,86400.0,PTVRP_LINEAR,431555.0,9,0.000013700,0.000013700,0.0000,1,0.005659
Instances/Instances 3/pr439_07.gt,438,1000.0,86400.0,PTVRP_LINEAR,271063.0,7,0.000012800,0.000012800,0.0000,1,0.004753
Instances/Instances 3/pr439_08.gt,438,2000.0,86400.0,PTVRP_LINEAR,179593.0,5,0.000013200,0.000013200,0.0000,1,0.005221
Instances/Instances 3/pr439_09.gt,438,5000.0,86400.0,PTVRP_LINEAR,119090.0,3,0.000012300,0.000012300,0.0000,1,0.00512
Instances/Instances 3/pr439_10.gt,438,10000.0,86400.0,PTVRP_LINEAR,117489.0,2,0.000012100,0.000012100,0.0000,1,0.005695
Instances/Instances 3/pr76_01.gt,75,10.0,86400.0,PTVRP_LINEAR,2628014.0,41,0.000003100,0.000003100,0.0000,1,0.007002
Instances/Instances 3/pr76_02.gt,75,20.0,86400.0,PTVRP_LINEAR,1490675.0,24,0.000003100,0.000003100,0.0000,1,0.007232
Instances/Instances 3/pr76_03.gt,75,50.0,86400.0,PTVRP_LINEAR,798836.0,14,0.000003600,0.000003600,0.0000,1,0.006821
Instances/Instances 3/pr76_04.gt,75,100.0,86400.0,PTVRP_LINEAR,442887.0,8,0.000003200,0.000003200,0.0000,1,0.005088
Instances/Instances 3/pr76_05.gt,75,200.0,86400.0,PTVRP_LINEAR,316999.0,6,0.000003300,0.000003300,0.0000,1,0.005578
Instances/Instances 3/pr76_06.gt,75,500.0,86400.0,PTVRP_LINEAR,143058.0,4,0.000002800,0.000002800,0.0000,1,0.005256
Instances/Instances 3/pr76_07.gt,75,1000.0,86400.0,PTVRP_LINEAR,127410.0,3,0.000002800,0.000002800,0.0000,1,0.005868
Instances/Instances 3/pr76_08.gt,75,2000.0,86400.0,PTVRP_LINEAR,124689.0,2,0.000002600,0.000002600,0.0000,1,0.004733
Instances/Instances 3/pr76_09.gt,75,5000.0,86400.0,PTVRP_LINEAR,124689.0,2,0.000002800,0.000002800,0.0000,1,0.005792
Instances/Instances 3/pr76_10.gt,75,10000.0,86400.0,PTVRP_LINEAR,124689.0,2,0.000002700,0.000002700,0.0000,1,0.004832
Instances/Instances 3/qa194_01.gt,193,10.0,86400.0,PTVRP_LINEAR,735642.0,12,0.000006800,0.000006800,0.0000,1,0.005562
Instances/Instances 3/qa194_02.gt,193,20.0,86400.0,PTVRP_LINEAR,465534.0,8,0.000006900,0.000006900,0.0000,1,0.005827
Instances/Instances 3/qa194_03.gt,193,50.0,86400.0,PTVRP_LINEAR,276706.0,5,0.000007100,0.000007100,0.0000,1,0.005844
Instances/Instances 3/qa194_04.gt,193,100.0,86400.0,PTVRP_LINEAR,204082.0,3,0.000006800,0.000006800,0.0000,1,0.004938
Instances/Instances 3/qa194_05.gt,193,200.0,86400.0,PTVRP_LINEAR,131065.0,3,0.000006500,0.000006500,0.0000,1,0.007096
Instances/Instances 3/qa194_06.gt,193,500.0,86400.0,PTVRP_LINEAR,87991.0,2,0.000005200,0.000005200,0.0000,1,0.007316
Instances/Instances 3/qa194_07.gt,193,1000.0,86400.0,PTVRP_LINEAR,62814.0,1,0.000005200,0.000005200,0.0000,1,0.00675
Instances/Instances 3/qa194_08.gt,193,2000.0,86400.0,PTVRP_LINEAR,31407.0,1,0.000005500,0.000005500,0.0000,1,0.00571
Instances/Instances 3/qa194_09.gt,193,5000.0,86400.0,PTVRP_LINEAR,10469.0,1,0.000006000,0.000006000,0.0000,1,0.005938
Instances/Instances 3/qa194_10.gt,193,10000.0,86400.0,PTVRP_LINEAR,10469.0,1,0.000006200,0.000006200,0.0000,1,0.006403
Instances/Instances 3/rat195_01.gt,194,10.0,86400.0,PTVRP_LINEAR,339180.0,5,0.000006600,0.000006600,0.0000,1,0.005948
Instances/Instances 3/rat195_02.gt,194,20.0,86400.0,PTVRP_LINEAR,233692.0,3,0.000006600,0.000006600,0.0000,1,0.005357
Instances/Instances 3/rat195_03.gt,194,50.0,86400.0,PTVRP_LINEAR,141626.0,2,0.000006300,0.000006300,0.0000,1,0.006577
Instances/Instances 3/rat195_04.gt,194,100.0,86400.0,PTVRP_LINEAR,90536.0,2,0.000005300,0.000005300,0.0000,1,0.006072
Instances/Instances 3/rat195_05.gt,194,200.0,86400.0,PTVRP_LINEAR,64525.0,1,0.000004400,0.000004400,0.0000,1,0.004945
Instances/Instances 3/rat195_06.gt,194,500.0,86400.0,PTVRP_LINEAR,25810.0,1,0.000005300,0.000005300,0.0000,1,0.006424
Instances/Instances 3/rat195_07.gt,194,1000.0,86400.0,PTVRP_LINEAR,12905.0,1,0.000005200,0.000005200,0.0000,1,0.005374
Instances/Instances 3/rat195_08.gt,194,2000.0,86400.0,PTVRP_LINEAR,7743.0,1,0.000005800,0.000005800,0.0000,1,0.004933
Instances/Instances 3/rat195_09.gt,194,5000.0,86400.0,PTVRP_LINEAR,2581.0,1,0.000006400,0.000006400,0.0000,1,0.006367
Instances/Instances 3/rat195_10.gt,194,10000.0,86400.0,PTVRP_LINEAR,2581.0,1,0.000006200,0.000006200,0.0000,1,0.006121
Instances/Instances 3/rat575_01.gt,574,10.0,86400.0,PTVRP_LINEAR,1014110.0,17,0.000017700,0.000017700,0.0000,1,0.006527
Instances/Instances 3/rat575_02.gt,574,20.0,86400.0,PTVRP_LINEAR,707669.0,10,0.000018200,0.000018200,0.0000,1,0.006096
Instances/Instances 3/rat575_03.gt,574,50.0,86400.0,PTVRP_LINEAR,408920.0,6,0.000017900,0.000017900,0.0000,1,0.005919
Instances/Instances 3/rat575_04.gt,574,100.0,86400.0,PTVRP_LINEAR,303037.0,4,0.000018600,0.000018600,0.0000,1,0.00631
Instances/Instances 3/rat575_05.gt,574,200.0,86400.0,PTVRP_LINEAR,204222.0,3,0.000018100,0.000018100,0.0000,1,0.006436
Instances/Instances 3/rat575_06.gt,574,500.0,86400.0,PTVRP_LINEAR,115150.0,2,0.000016600,0.000016600,0.0000,1,0.005712
Instances/Instances 3/rat575_07.gt,574,1000.0,86400.0,PTVRP_LINEAR,83496.0,2,0.000013400,0.000013400,0.0000,1,0.004955
Instances/Instances 3/rat575_08.gt,574,2000.0,86400.0,PTVRP_LINEAR,58120.0,1,0.000013600,0.000013600,0.0000,1,0.006348
Instances/Instances 3/rat575_09.gt,574,5000.0,86400.0,PTVRP_LINEAR,21795.0,1,0.000014900,0.000014900,0.0000,1,0.006721
Instances/Instances 3/rat575_10.gt,574,10000.0,86400.0,PTVRP_LINEAR,14530.0,1,0.000015800,0.000015800,0.0000,1,0.004969
Instances/Instances 3/rat783_01.gt,782,10.0,86400.0,PTVRP_LINEAR,1427216.0,24,0.000023500,0.000023500,0.0000,1,0.00817
Instances/Instances 3/rat783_02.gt,782,20.0,86400.0,PTVRP_LINEAR,874983.0,16,0.000022700,0.000022700,0.0000,1,0.006783
Instances/Instances 3/rat783_03.gt,782,50.0,86400.0,PTVRP_LINEAR,524175.0,10,0.000024100,0.000024100,0.0000,1,0.007244
Instances/Instances 3/rat783_04.gt,782,100.0,86400.0,PTVRP_LINEAR,376320.0,6,0.000024600,0.000024600,0.0000,1,0.006706
Instances/Instances 3/rat783_05.gt,782,200.0,86400.0,PTVRP_LINEAR,262726.0,4,0.000024900,0.000024900,0.0000,1,0.005932
Instances/Instances 3/rat783_06.gt,782,500.0,86400.0,PTVRP_LINEAR,170480.0,3,0.000022700,0.000022700,0.0000,1,0.006734
Instances/Instances 3/rat783_07.gt,782,1000.0,86400.0,PTVRP_LINEAR,105414.0,2,0.000020800,0.000020800,0.0000,1,0.005505
Instances/Instances 3/rat783_08.gt,782,2000.0,86400.0,PTVRP_LINEAR,86067.0,2,0.000017700,0.000017700,0.0000,1,0.006072
Instances/Instances 3/rat783_09.gt,782,5000.0,86400.0,PTVRP_LINEAR,37556.0,1,0.000019300,0.000019300,0.0000,1,0.007102
Instances/Instances 3/rat783_10.gt,782,10000.0,86400.0,PTVRP_LINEAR,15232.0,2,0.000021600,0.000021600,0.0000,1,0.006721
Instances/Instances 3/rat99_01.gt,98,10.0,86400.0,PTVRP_LINEAR,170154.0,3,0.000003200,0.000003200,0.0000,1,0.005416
Instances/Instances 3/rat99_02.gt,98,20.0,86400.0,PTVRP_LINEAR,98535.0,2,0.000003000,0.000003000,0.0000,1,0.005034
Instances/Instances 3/rat99_03.gt,98,50.0,86400.0,PTVRP_LINEAR,71145.0,1,0.000002300,0.000002300,0.0000,1,0.005086
Instances/Instances 3/rat99_04.gt,98,100.0,86400.0,PTVRP_LINEAR,36270.0,1,0.000002600,0.000002600,0.0000,1,0.004632
Instances/Instances 3/rat99_05.gt,98,200.0,86400.0,PTVRP_LINEAR,16740.0,1,0.000002700,0.000002700,0.0000,1,0.00515
Instances/Instances 3/rat99_06.gt,98,500.0,86400.0,PTVRP_LINEAR,8370.0,1,0.000003000,0.000003000,0.0000,1,0.005634
Instances/Instances 3/rat99_07.gt,98,1000.0,86400.0,PTVRP_LINEAR,4185.0,1,0.000003200,0.000003200,0.0000,1,0.0057
Instances/Instances 3/rat99_08.gt,98,2000.0,86400.0,PTVRP_LINEAR,2790.0,1,0.000003500,0.000003500,0.0000,1,0.006067
Instances/Instances 3/rat99_09.gt,98,5000.0,86400.0,PTVRP_LINEAR,1395.0,1,0.000003500,0.000003500,0.0000,1,0.005269
Instances/Instances 3/rat99_10.gt,98,10000.0,86400.0,PTVRP_LINEAR,1395.0,1,0.000003600,0.000003600,0.0000,1,0.004834
Instances/Instances 3/rd100_01.gt,99,10.0,86400.0,PTVRP_LINEAR,424506.0,7,0.000003800,0.000003800,0.0000,1,0.005312
Instances/Instances 3/rd100_02.gt,99,20.0,86400.0,PTVRP_LINEAR,301721.0,5,0.000004100,0.000004100,0.0000,1,0.005374
Instances/Instances 3/rd100_03.gt,99,50.0,86400.0,PTVRP_LINEAR,188948.0,3,0.000003800,0.000003800,0.0000,1,0.005728
Instances/Instances 3/rd100_04.gt,99,100.0,86400.0,PTVRP_LINEAR,127476.0,2,0.000003900,0.000003900,0.0000,1,0.005589
Instances/Instances 3/rd100_05.gt,99,200.0,86400.0,PTVRP_LINEAR,91926.0,2,0.000003100,0.000003100,0.0000,1,0.005012
Instances/Instances 3/rd100_06.gt,99,500.0,86400.0,PTVRP_LINEAR,53802.0,1,0.000003000,0.000003000,0.0000,1,0.006113
Instances/Instances 3/rd100_07.gt,99,1000.0,86400.0,PTVRP_LINEAR,26901.0,1,0.000003300,0.000003300,0.0000,1,0.005952
Instances/Instances 3/rd100_08.gt,99,2000.0,86400.0,PTVRP_LINEAR,17934.0,1,0.000003300,0.000003300,0.0000,1,0.006773
Instances/Instances 3/rd100_09.gt,99,5000.0,86400.0,PTVRP_LINEAR,8967.0,2,0.000003400,0.000003400,0.0000,1,0.005876
Instances/Instances 3/rd100_10.gt,99,10000.0,86400.0,PTVRP_LINEAR,8967.0,2,0.000003500,0.000003500,0.0000,1,0.005228
Instances/Instances 3/rd400_01.gt,399,10.0,86400.0,PTVRP_LINEAR,1413253.0,23,0.000013000,0.000013000,0.0000,1,0.005132
Instances/Instances 3/rd400_02.gt,399,20.0,86400.0,PTVRP_LINEAR,915247.0,14,0.000013600,0.000013600,0.0000,1,0.005853
Instances/Instances 3/rd400_03.gt,399,50.0,86400.0,PTVRP_LINEAR,554305.0,8,0.000013900,0.000013900,0.0000,1,0.006049
Instances/Instances 3/rd400_04.gt,399,100.0,86400.0,PTVRP_LINEAR,349066.0,5,0.000013300,0.000013300,0.0000,1,0.006714
Instances/Instances 3/rd400_05.gt,399,200.0,86400.0,PTVRP_LINEAR,269206.0,4,0.000013000,0.000013000,0.0000,1,0.005735
Instances/Instances 3/rd400_06.gt,399,500.0,86400.0,PTVRP_LINEAR,164187.0,3,0.000012700,0.000012700,0.0000,1,0.006028
Instances/Instances 3/rd400_07.gt,399,1000.0,86400.0,PTVRP_LINEAR,97021.0,2,0.000011300,0.000011300,0.0000,1,0.006303
Instances/Instances 3/rd400_08.gt,399,2000.0,86400.0,PTVRP_LINEAR,75230.0,2,0.000010700,0.000010700,0.0000,1,0.006626
Instances/Instances 3/rd400_09.gt,399,5000.0,86400.0,PTVRP_LINEAR,45948.0,1,0.000011300,0.000011300,0.0000,1,0.006298
Instances/Instances 3/rd400_10.gt,399,10000.0,86400.0,PTVRP_LINEAR,30632.0,1,0.000012200,0.000012200,0.0000,1,0.005869
Instances/Instances 3/rl11849_01.gt,11848,10.0,86400.0,PTVRP_LINEAR,352367246.0,5190,0.000436800,0.000436800,0.0000,1,0.013461
Instances/Instances 3/rl11849_02.gt,11848,20.0,86400.0,PTVRP_LINEAR,179850949.0,2472,0.000460300,0.000460300,0.0000,1,0.015158
Instances/Instances 3/rl11849_03.gt,11848,50.0,86400.0,PTVRP_LINEAR,74118136.0,967,0.000474200,0.000474200,0.0000,1,0.01306
Instances/Instances 3/rl11849_04.gt,11848,100.0,86400.0,PTVRP_LINEAR,38975988.0,513,0.000508300,0.000508300,0.0000,1,0.014839
Instances/Instances 3/rl11849_05.gt,11848,200.0,86400.0,PTVRP_LINEAR,21727673.0,290,0.000490500,0.000490500,0.0000,1,0.013851
Instances/Instances 3/rl11849_06.gt,11848,500.0,86400.0,PTVRP_LINEAR,10358725.0,151,0.000452900,0.000452900,0.0000,1,0.016567
Instances/Instances 3/rl11849_07.gt,11848,1000.0,86400.0,PTVRP_LINEAR,6225054.0,99,0.000429600,0.000429600,0.0000,1,0.015839
Instances/Instances 3/rl11849_08.gt,11848,2000.0,86400.0,PTVRP_LINEAR,3969536.0,64,0.000421900,0.000421900,0.0000,1,0.013635
Instances/Instances 3/rl11849_09.gt,11848,5000.0,86400.0,PTVRP_LINEAR,2371110.0,36,0.000411700,0.000411700,0.0000,1,0.013106
Instances/Instances 3/rl11849_10.gt,11848,10000.0,86400.0,PTVRP_LINEAR,1279909.0,33,0.000384000,0.000384000,0.0000,1,0.015641
Instances/Instances 3/rl1304_01.gt,1303,10.0,86400.0,PTVRP_LINEAR,38718179.0,571,0.000042100,0.000042100,0.0000,1,0.007884
Instances/Instances 3/rl1304_02.gt,1303,20.0,86400.0,PTVRP_LINEAR,20367391.0,282,0.000043800,0.000043800,0.0000,1,0.007352
Instances/Instances 3/rl1304_03.gt,1303,50.0,86400.0,PTVRP_LINEAR,8789720.0,122,0.000046700,0.000046700,0.0000,1,0.008063
Instances/Instances 3/rl1304_04.gt,1303,100.0,86400.0,PTVRP_LINEAR,4742827.0,67,0.000047800,0.000047800,0.0000,1,0.008559
Instances/Instances 3/rl1304_05.gt,1303,200.0,86400.0,PTVRP_LINEAR,2795246.0,42,0.000045400,0.000045400,0.0000,1,0.008221
Instances/Instances 3/rl1304_06.gt,1303,500.0,86400.0,PTVRP_LINEAR,1459863.0,22,0.000042700,0.000042700,0.0000,1,0.00732
Instances/Instances 3/rl1304_07.gt,1303,1000.0,86400.0,PTVRP_LINEAR,913936.0,16,0.000039500,0.000039500,0.0000,1,0.007539
Instances/Instances 3/rl1304_08.gt,1303,2000.0,86400.0,PTVRP_LINEAR,605717.0,10,0.000037000,0.000037000,0.0000,1,0.008531
Instances/Instances 3/rl1304_09.gt,1303,5000.0,86400.0,PTVRP_LINEAR,306416.0,9,0.000037800,0.000037800,0.0000,1,0.007659
Instances/Instances 3/rl1304_10.gt,1303,10000.0,86400.0,PTVRP_LINEAR,279685.0,5,0.000034900,0.000034900,0.0000,1,0.008124
Instances/Instances 3/rl1323_01.gt,1322,10.0,86400.0,PTVRP_LINEAR,42482715.0,623,0.000041000,0.000041000,0.0000,1,0.007822
Instances/Instances 3/rl1323_02.gt,1322,20.0,86400.0,PTVRP_LINEAR,20896105.0,291,0.000044800,0.000044800,0.0000,1,0.00726
Instances/Instances 3/rl1323_03.gt,1322,50.0,86400.0,PTVRP_LINEAR,9048276.0,124,0.000046100,0.000046100,0.0000,1,0.008142
Instances/Instances 3/rl1323_04.gt,1322,100.0,86400.0,PTVRP_LINEAR,5017708.0,72,0.000047000,0.000047000,0.0000,1,0.006667
Instances/Instances 3/rl1323_05.gt,1322,200.0,86400.0,PTVRP_LINEAR,2941646.0,44,0.000045600,0.000045600,0.0000,1,0.006313
Instances/Instances 3/rl1323_06.gt,1322,500.0,86400.0,PTVRP_LINEAR,1547385.0,22,0.000042700,0.000042700,0.0000,1,0.007087
Instances/Instances 3/rl1323_07.gt,1322,1000.0,86400.0,PTVRP_LINEAR,938185.0,17,0.000039700,0.000039700,0.0000,1,0.007739
Instances/Instances 3/rl1323_08.gt,1322,2000.0,86400.0,PTVRP_LINEAR,582208.0,14,0.000034900,0.000034900,0.0000,1,0.007097
Instances/Instances 3/rl1323_09.gt,1322,5000.0,86400.0,PTVRP_LINEAR,330625.0,8,0.000037000,0.000037000,0.0000,1,0.006629
Instances/Instances 3/rl1323_10.gt,1322,10000.0,86400.0,PTVRP_LINEAR,305210.0,5,0.000036000,0.000036000,0.0000,1,0.00637
Instances/Instances 3/rl1889_01.gt,1888,10.0,86400.0,PTVRP_LINEAR,62190416.0,924,0.000059700,0.000059700,0.0000,1,0.006026
Instances/Instances 3/rl1889_02.gt,1888,20.0,86400.0,PTVRP_LINEAR,31439967.0,445,0.000062100,0.000062100,0.0000,1,0.006975
Instances/Instances 3/rl1889_03.gt,1888,50.0,86400.0,PTVRP_LINEAR,13423909.0,181,0.000064800,0.000064800,0.0000,1,0.007072
Instances/Instances 3/rl1889_04.gt,1888,100.0,86400.0,PTVRP_LINEAR,7279786.0,99,0.000067200,0.000067200,0.0000,1,0.00647
Instances/Instances 3/rl1889_05.gt,1888,200.0,86400.0,PTVRP_LINEAR,4187654.0,61,0.000065100,0.000065100,0.0000,1,0.008027
Instances/Instances 3/rl1889_06.gt,1888,500.0,86400.0,PTVRP_LINEAR,2072263.0,34,0.000060600,0.000060600,0.0000,1,0.007403
Instances/Instances 3/rl1889_07.gt,1888,1000.0,86400.0,PTVRP_LINEAR,1259601.0,24,0.000055600,0.000055600,0.0000,1,0.006076
Instances/Instances 3/rl1889_08.gt,1888,2000.0,86400.0,PTVRP_LINEAR,886708.0,14,0.000061600,0.000061600,0.0000,1,0.006429
Instances/Instances 3/rl1889_09.gt,1888,5000.0,86400.0,PTVRP_LINEAR,406713.0,11,0.000053400,0.000053400,0.0000,1,0.007723
Instances/Instances 3/rl1889_10.gt,1888,10000.0,86400.0,PTVRP_LINEAR,359033.0,6,0.000052300,0.000052300,0.0000,1,0.008052
Instances/Instances 3/rl5915_01.gt,5914,10.0,86400.0,PTVRP_LINEAR,171148242.0,2542,0.000244700,0.000244700,0.0000,1,0.011051
Instances/Instances 3/rl5915_02.gt,5914,20.0,86400.0,PTVRP_LINEAR,87976866.0,1213,0.000235500,0.000235500,0.0000,1,0.012066
Instances/Instances 3/rl5915_03.gt,5914,50.0,86400.0,PTVRP_LINEAR,37037110.0,489,0.000240600,0.000240600,0.0000,1,0.013408
Instances/Instances 3/rl5915_04.gt,5914,100.0,86400.0,PTVRP_LINEAR,19584392.0,261,0.000243800,0.000243800,0.0000,1,0.014417
Instances/Instances 3/rl5915_05.gt,5914,200.0,86400.0,PTVRP_LINEAR,10878442.0,152,0.000236300,0.000236300,0.0000,1,0.012301
Instances/Instances 3/rl5915_06.gt,5914,500.0,86400.0,PTVRP_LINEAR,5434046.0,81,0.000223300,0.000223300,0.0000,1,0.00979
Instances/Instances 3/rl5915_07.gt,5914,1000.0,86400.0,PTVRP_LINEAR,3269282.0,52,0.000212700,0.000212700,0.0000,1,0.010542
Instances/Instances 3/rl5915_08.gt,5914,2000.0,86400.0,PTVRP_LINEAR,2118142.0,36,0.000199800,0.000199800,0.0000,1,0.010052
Instances/Instances 3/rl5915_09.gt,5914,5000.0,86400.0,PTVRP_LINEAR,1241436.0,22,0.000195200,0.000195200,0.0000,1,0.009702
Instances/Instances 3/rl5915_10.gt,5914,10000.0,86400.0,PTVRP_LINEAR,688221.0,18,0.000198500,0.000198500,0.0000,1,0.009491
Instances/Instances 3/rl5934_01.gt,5933,10.0,86400.0,PTVRP_LINEAR,172684207.0,2521,0.000223100,0.000223100,0.0000,1,0.011187
Instances/Instances 3/rl5934_02.gt,5933,20.0,86400.0,PTVRP_LINEAR,87392104.0,1206,0.000232200,0.000232200,0.0000,1,0.010145
Instances/Instances 3/rl5934_03.gt,5933,50.0,86400.0,PTVRP_LINEAR,36201074.0,480,0.000239300,0.000239300,0.0000,1,0.010246
Instances/Instances 3/rl5934_04.gt,5933,100.0,86400.0,PTVRP_LINEAR,19683535.0,259,0.000243300,0.000243300,0.0000,1,0.011289
Instances/Instances 3/rl5934_05.gt,5933,200.0,86400.0,PTVRP_LINEAR,10813214.0,148,0.000237200,0.000237200,0.0000,1,0.009935
Instances/Instances 3/rl5934_06.gt,5933,500.0,86400.0,PTVRP_LINEAR,5321809.0,79,0.000233300,0.000233300,0.0000,1,0.00945
Instances/Instances 3/rl5934_07.gt,5933,1000.0,86400.0,PTVRP_LINEAR,3252254.0,52,0.000210900,0.000210900,0.0000,1,0.009064
Instances/Instances 3/rl5934_08.gt,5933,2000.0,86400.0,PTVRP_LINEAR,2042012.0,39,0.000197500,0.000197500,0.0000,1,0.011074
Instances/Instances 3/rl5934_09.gt,5933,5000.0,86400.0,PTVRP_LINEAR,1324170.0,21,0.000198400,0.000198400,0.0000,1,0.010205
Instances/Instances 3/rl5934_10.gt,5933,10000.0,86400.0,PTVRP_LINEAR,682866.0,18,0.000195300,0.000195300,0.0000,1,0.011153
Instances/Instances 3/rw1621_01.gt,1620,10.0,86400.0,PTVRP_LINEAR,5895701.0,76,0.000056600,0.000056600,0.0000,1,0.007946
Instances/Instances 3/rw1621_02.gt,1620,20.0,86400.0,PTVRP_LINEAR,3356196.0,46,0.000056400,0.000056400,0.0000,1,0.007429
Instances/Instances 3/rw1621_03.gt,1620,50.0,86400.0,PTVRP_LINEAR,1689234.0,26,0.000121700,0.000121700,0.0000,1,0.009182
Instances/Instances 3/rw1621_04.gt,1620,100.0,86400.0,PTVRP_LINEAR,1071220.0,18,0.000051400,0.000051400,0.0000,1,0.008215
Instances/Instances 3/rw1621_05.gt,1620,200.0,86400.0,PTVRP_LINEAR,716737.0,12,0.000049300,0.000049300,0.0000,1,0.007481
Instances/Instances 3/rw1621_06.gt,1620,500.0,86400.0,PTVRP_LINEAR,392898.0,8,0.000046300,0.000046300,0.0000,1,0.006683
Instances/Instances 3/rw1621_07.gt,1620,1000.0,86400.0,PTVRP_LINEAR,296196.0,5,0.000044400,0.000044400,0.0000,1,0.006063
Instances/Instances 3/rw1621_08.gt,1620,2000.0,86400.0,PTVRP_LINEAR,217856.0,3,0.000044300,0.000044300,0.0000,1,0.006113
Instances/Instances 3/rw1621_09.gt,1620,5000.0,86400.0,PTVRP_LINEAR,130928.0,2,0.000044500,0.000044500,0.0000,1,0.006208
Instances/Instances 3/rw1621_10.gt,1620,10000.0,86400.0,PTVRP_LINEAR,92116.0,2,0.000039700,0.000039700,0.0000,1,0.007596
Instances/Instances 3/st70_01.gt,69,10.0,86400.0,PTVRP_LINEAR,88258.0,2,0.000002000,0.000002000,0.0000,1,0.005528
Instances/Instances 3/st70_02.gt,69,20.0,86400.0,PTVRP_LINEAR,63180.0,1,0.000001700,0.000001700,0.0000,1,0.005701
Instances/Instances 3/st70_03.gt,69,50.0,86400.0,PTVRP_LINEAR,28080.0,1,0.000001700,0.000001700,0.0000,1,0.005986
Instances/Instances 3/st70_04.gt,69,100.0,86400.0,PTVRP_LINEAR,13260.0,1,0.000002000,0.000002000,0.0000,1,0.00527
Instances/Instances 3/st70_05.gt,69,200.0,86400.0,PTVRP_LINEAR,7800.0,1,0.000002000,0.000002000,0.0000,1,0.005299
Instances/Instances 3/st70_06.gt,69,500.0,86400.0,PTVRP_LINEAR,3120.0,1,0.000002500,0.000002500,0.0000,1,0.005307
Instances/Instances 3/st70_07.gt,69,1000.0,86400.0,PTVRP_LINEAR,1560.0,1,0.000002500,0.000002500,0.0000,1,0.006147
Instances/Instances 3/st70_08.gt,69,2000.0,86400.0,PTVRP_LINEAR,780.0,1,0.000002800,0.000002800,0.0000,1,0.007162
Instances/Instances 3/st70_09.gt,69,5000.0,86400.0,PTVRP_LINEAR,780.0,1,0.000002500,0.000002500,0.0000,1,0.007376
Instances/Instances 3/st70_10.gt,69,10000.0,86400.0,PTVRP_LINEAR,780.0,1,0.000002800,0.000002800,0.0000,1,0.007345
Instances/Instances 3/sw24978_01.gt,24977,10.0,86400.0,PTVRP_LINEAR,445178584.0,6161,0.000942300,0.000942300,0.0000,1,0.022893
Instances/Instances 3/sw24978_02.gt,24977,20.0,86400.0,PTVRP_LINEAR,226036109.0,2972,0.000995000,0.000995000,0.0000,1,0.027508
Instances/Instances 3/sw24978_03.gt,24977,50.0,86400.0,PTVRP_LINEAR,95025439.0,1210,0.001002600,0.001002600,0.0000,1,0.027528
Instances/Instances 3/sw24978_04.gt,24977,100.0,86400.0,PTVRP_LINEAR,50979951.0,659,0.001007100,0.001007100,0.0000,1,0.026769
Instances/Instances 3/sw24978_05.gt,24977,200.0,86400.0,PTVRP_LINEAR,28079515.0,373,0.001012700,0.001012700,0.0000,1,0.027885
Instances/Instances 3/sw24978_06.gt,24977,500.0,86400.0,PTVRP_LINEAR,13954490.0,202,0.000967500,0.000967500,0.0000,1,0.027754
Instances/Instances 3/sw24978_07.gt,24977,1000.0,86400.0,PTVRP_LINEAR,8483603.0,129,0.000968200,0.000968200,0.0000,1,0.022039
Instances/Instances 3/sw24978_08.gt,24977,2000.0,86400.0,PTVRP_LINEAR,5349103.0,88,0.000934200,0.000934200,0.0000,1,0.029697
Instances/Instances 3/sw24978_09.gt,24977,5000.0,86400.0,PTVRP_LINEAR,3032404.0,54,0.000876600,0.000876600,0.0000,1,0.024369
Instances/Instances 3/sw24978_10.gt,24977,10000.0,86400.0,PTVRP_LINEAR,1969466.0,42,0.000847000,0.000847000,0.0000,1,0.028217
Instances/Instances 3/ts225_01.gt,224,10.0,86400.0,PTVRP_LINEAR,6921886.0,110,0.000008800,0.000008800,0.0000,1,0.009268
Instances/Instances 3/ts225_02.gt,224,20.0,86400.0,PTVRP_LINEAR,4112399.0,58,0.000008000,0.000008000,0.0000,1,0.00803
Instances/Instances 3/ts225_03.gt,224,50.0,86400.0,PTVRP_LINEAR,1780645.0,26,0.000009100,0.000009100,0.0000,1,0.006984
Instances/Instances 3/ts225_04.gt,224,100.0,86400.0,PTVRP_LINEAR,1071915.0,17,0.000008600,0.000008600,0.0000,1,0.006186
Instances/Instances 3/ts225_05.gt,224,200.0,86400.0,PTVRP_LINEAR,631221.0,12,0.000008300,0.000008300,0.0000,1,0.005844
Instances/Instances 3/ts225_06.gt,224,500.0,86400.0,PTVRP_LINEAR,348606.0,7,0.000007300,0.000007300,0.0000,1,0.005279
Instances/Instances 3/ts225_07.gt,224,1000.0,86400.0,PTVRP_LINEAR,172751.0,6,0.000006100,0.000006100,0.0000,1,0.005427
Instances/Instances 3/ts225_08.gt,224,2000.0,86400.0,PTVRP_LINEAR,148763.0,4,0.000006300,0.000006300,0.0000,1,0.005098
Instances/Instances 3/ts225_09.gt,224,5000.0,86400.0,PTVRP_LINEAR,143060.0,3,0.000005900,0.000005900,0.0000,1,0.004904
Instances/Instances 3/ts225_10.gt,224,10000.0,86400.0,PTVRP_LINEAR,143060.0,3,0.000005900,0.000005900,0.0000,1,0.005089
Instances/Instances 3/tsp225_01.gt,224,10.0,86400.0,PTVRP_LINEAR,455112.0,8,0.000007300,0.000007300,0.0000,1,0.005376
Instances/Instances 3/tsp225_02.gt,224,20.0,86400.0,PTVRP_LINEAR,349311.0,5,0.000007600,0.000007600,0.0000,1,0.006029
Instances/Instances 3/tsp225_03.gt,224,50.0,86400.0,PTVRP_LINEAR,197960.0,3,0.000007500,0.000007500,0.0000,1,0.005988
Instances/Instances 3/tsp225_04.gt,224,100.0,86400.0,PTVRP_LINEAR,139602.0,2,0.000007000,0.000007000,0.0000,1,0.005636
Instances/Instances 3/tsp225_05.gt,224,200.0,86400.0,PTVRP_LINEAR,90906.0,2,0.000005600,0.000005600,0.0000,1,0.006035
Instances/Instances 3/tsp225_06.gt,224,500.0,86400.0,PTVRP_LINEAR,48598.0,1,0.000005200,0.000005200,0.0000,1,0.006122
Instances/Instances 3/tsp225_07.gt,224,1000.0,86400.0,PTVRP_LINEAR,26508.0,1,0.000005700,0.000005700,0.0000,1,0.005998
Instances/Instances 3/tsp225_08.gt,224,2000.0,86400.0,PTVRP_LINEAR,13254.0,1,0.000005800,0.000005800,0.0000,1,0.005254
Instances/Instances 3/tsp225_09.gt,224,5000.0,86400.0,PTVRP_LINEAR,8836.0,1,0.000006500,0.000006500,0.0000,1,0.005788
Instances/Instances 3/tsp225_10.gt,224,10000.0,86400.0,PTVRP_LINEAR,4418.0,1,0.000006400,0.000006400,0.0000,1,0.005767
Instances/Instances 3/tz6117_01.gt,6116,10.0,86400.0,PTVRP_LINEAR,125812702.0,1792,0.000236000,0.000236000,0.0000,1,0.010103
Instances/Instances 3/tz6117_02.gt,6116,20.0,86400.0,PTVRP_LINEAR,65561955.0,868,0.000237800,0.000237800,0.0000,1,0.010793
Instances/Instances 3/tz6117_03.gt,6116,50.0,86400.0,PTVRP_LINEAR,27699088.0,361,0.000245600,0.000245600,0.0000,1,0.010221
Instances/Instances 3/tz6117_04.gt,6116,100.0,86400.0,PTVRP_LINEAR,15181649.0,199,0.000292500,0.000292500,0.0000,1,0.011559
Instances/Instances 3/tz6117_05.gt,6116,200.0,86400.0,PTVRP_LINEAR,8447997.0,114,0.000256300,0.000256300,0.0000,1,0.011441
Instances/Instances 3/tz6117_06.gt,6116,500.0,86400.0,PTVRP_LINEAR,4408732.0,63,0.000241900,0.000241900,0.0000,1,0.013345
Instances/Instances 3/tz6117_07.gt,6116,1000.0,86400.0,PTVRP_LINEAR,2635743.0,44,0.000227100,0.000227100,0.0000,1,0.010984
Instances/Instances 3/tz6117_08.gt,6116,2000.0,86400.0,PTVRP_LINEAR,1698716.0,30,0.000243000,0.000243000,0.0000,1,0.010171
Instances/Instances 3/tz6117_09.gt,6116,5000.0,86400.0,PTVRP_LINEAR,1033506.0,16,0.000226800,0.000226800,0.0000,1,0.009981
Instances/Instances 3/tz6117_10.gt,6116,10000.0,86400.0,PTVRP_LINEAR,623452.0,15,0.000227000,0.000227000,0.0000,1,0.009059
Instances/Instances 3/u1060_01.gt,1059,10.0,86400.0,PTVRP_LINEAR,28796399.0,433,0.000034200,0.000034200,0.0000,1,0.007686
Instances/Instances 3/u1060_02.gt,1059,20.0,86400.0,PTVRP_LINEAR,14955620.0,206,0.000035700,0.000035700,0.0000,1,0.007999
Instances/Instances 3/u1060_03.gt,1059,50.0,86400.0,PTVRP_LINEAR,6679613.0,91,0.000036300,0.000036300,0.0000,1,0.007464
Instances/Instances 3/u1060_04.gt,1059,100.0,86400.0,PTVRP_LINEAR,3793108.0,55,0.000038300,0.000038300,0.0000,1,0.005653
Instances/Instances 3/u1060_05.gt,1059,200.0,86400.0,PTVRP_LINEAR,2226934.0,33,0.000037200,0.000037200,0.0000,1,0.006108
Instances/Instances 3/u1060_06.gt,1059,500.0,86400.0,PTVRP_LINEAR,1207280.0,19,0.000036000,0.000036000,0.0000,1,0.006305
Instances/Instances 3/u1060_07.gt,1059,1000.0,86400.0,PTVRP_LINEAR,749850.0,15,0.000032800,0.000032800,0.0000,1,0.006415
Instances/Instances 3/u1060_08.gt,1059,2000.0,86400.0,PTVRP_LINEAR,534420.0,9,0.000032800,0.000032800,0.0000,1,0.005666
Instances/Instances 3/u1060_09.gt,1059,5000.0,86400.0,PTVRP_LINEAR,265974.0,8,0.000030700,0.000030700,0.0000,1,0.006199
Instances/Instances 3/u1060_10.gt,1059,10000.0,86400.0,PTVRP_LINEAR,245381.0,4,0.000029400,0.000029400,0.0000,1,0.007139
Instances/Instances 3/u1432_01.gt,1431,10.0,86400.0,PTVRP_LINEAR,16863502.0,226,0.000045500,0.000045500,0.0000,1,0.00862
Instances/Instances 3/u1432_02.gt,1431,20.0,86400.0,PTVRP_LINEAR,9712079.0,131,0.000046700,0.000046700,0.0000,1,0.007402
Instances/Instances 3/u1432_03.gt,1431,50.0,86400.0,PTVRP_LINEAR,4663314.0,65,0.000048300,0.000048300,0.0000,1,0.00647
Instances/Instances 3/u1432_04.gt,1431,100.0,86400.0,PTVRP_LINEAR,2846209.0,41,0.000049400,0.000049400,0.0000,1,0.007322
Instances/Instances 3/u1432_05.gt,1431,200.0,86400.0,PTVRP_LINEAR,1733602.0,30,0.000046600,0.000046600,0.0000,1,0.007098
Instances/Instances 3/u1432_06.gt,1431,500.0,86400.0,PTVRP_LINEAR,1060489.0,16,0.000048400,0.000048400,0.0000,1,0.005791
Instances/Instances 3/u1432_07.gt,1431,1000.0,86400.0,PTVRP_LINEAR,687870.0,12,0.000044400,0.000044400,0.0000,1,0.005307
Instances/Instances 3/u1432_08.gt,1431,2000.0,86400.0,PTVRP_LINEAR,508991.0,7,0.000044900,0.000044900,0.0000,1,0.005713
Instances/Instances 3/u1432_09.gt,1431,5000.0,86400.0,PTVRP_LINEAR,322595.0,5,0.000041200,0.000041200,0.0000,1,0.007678
Instances/Instances 3/u1432_10.gt,1431,10000.0,86400.0,PTVRP_LINEAR,163339.0,6,0.000038100,0.000038100,0.0000,1,0.005508
Instances/Instances 3/u159_01.gt,158,10.0,86400.0,PTVRP_LINEAR,2317603.0,31,0.000006100,0.000006100,0.0000,1,0.005713
Instances/Instances 3/u159_02.gt,158,20.0,86400.0,PTVRP_LINEAR,1276515.0,19,0.000006300,0.000006300,0.0000,1,0.009897
Instances/Instances 3/u159_03.gt,158,50.0,86400.0,PTVRP_LINEAR,610631.0,11,0.000006000,0.000006000,0.0000,1,0.008138
Instances/Instances 3/u159_04.gt,158,100.0,86400.0,PTVRP_LINEAR,413504.0,6,0.000006600,0.000006600,0.0000,1,0.006137
Instances/Instances 3/u159_05.gt,158,200.0,86400.0,PTVRP_LINEAR,279983.0,5,0.000005800,0.000005800,0.0000,1,0.005875
Instances/Instances 3/u159_06.gt,158,500.0,86400.0,PTVRP_LINEAR,143343.0,3,0.000005400,0.000005400,0.0000,1,0.006131
Instances/Instances 3/u159_07.gt,158,1000.0,86400.0,PTVRP_LINEAR,91060.0,3,0.000005100,0.000005100,0.0000,1,0.005293
Instances/Instances 3/u159_08.gt,158,2000.0,86400.0,PTVRP_LINEAR,80842.0,2,0.000005100,0.000005100,0.0000,1,0.006591
Instances/Instances 3/u159_09.gt,158,5000.0,86400.0,PTVRP_LINEAR,47792.0,1,0.000005100,0.000005100,0.0000,1,0.005475
Instances/Instances 3/u159_10.gt,158,10000.0,86400.0,PTVRP_LINEAR,47792.0,1,0.000005200,0.000005200,0.0000,1,0.004892
Instances/Instances 3/u1817_01.gt,1816,10.0,86400.0,PTVRP_LINEAR,9933101.0,134,0.000057800,0.000057800,0.0000,1,0.006241
Instances/Instances 3/u1817_02.gt,1816,20.0,86400.0,PTVRP_LINEAR,5670730.0,79,0.000057400,0.000057400,0.0000,1,0.007371
Instances/Instances 3/u1817_03.gt,1816,50.0,86400.0,PTVRP_LINEAR,2786989.0,46,0.000057300,0.000057300,0.0000,1,0.007277
Instances/Instances 3/u1817_04.gt,1816,100.0,86400.0,PTVRP_LINEAR,1749593.0,29,0.000056300,0.000056300,0.0000,1,0.007301
Instances/Instances 3/u1817_05.gt,1816,200.0,86400.0,PTVRP_LINEAR,1081062.0,21,0.000054200,0.000054200,0.0000,1,0.008002
Instances/Instances 3/u1817_06.gt,1816,500.0,86400.0,PTVRP_LINEAR,683297.0,11,0.000054100,0.000054100,0.0000,1,0.007025
Instances/Instances 3/u1817_07.gt,1816,1000.0,86400.0,PTVRP_LINEAR,458148.0,8,0.000051300,0.000051300,0.0000,1,0.006513
Instances/Instances 3/u1817_08.gt,1816,2000.0,86400.0,PTVRP_LINEAR,322297.0,5,0.000048300,0.000048300,0.0000,1,0.007457
Instances/Instances 3/u1817_09.gt,1816,5000.0,86400.0,PTVRP_LINEAR,157422.0,5,0.000045000,0.000045000,0.0000,1,0.00614
Instances/Instances 3/u1817_10.gt,1816,10000.0,86400.0,PTVRP_LINEAR,142578.0,3,0.000043700,0.000043700,0.0000,1,0.006425
Instances/Instances 3/u2152_01.gt,2151,10.0,86400.0,PTVRP_LINEAR,11774504.0,154,0.000077600,0.000077600,0.0000,1,0.005903
Instances/Instances 3/u2152_02.gt,2151,20.0,86400.0,PTVRP_LINEAR,6776837.0,91,0.000077600,0.000077600,0.0000,1,0.007885
Instances/Instances 3/u2152_03.gt,2151,50.0,86400.0,PTVRP_LINEAR,3367416.0,50,0.000079100,0.000079100,0.0000,1,0.006515
Instances/Instances 3/u2152_04.gt,2151,100.0,86400.0,PTVRP_LINEAR,2030389.0,34,0.000076200,0.000076200,0.0000,1,0.007513
Instances/Instances 3/u2152_05.gt,2151,200.0,86400.0,PTVRP_LINEAR,1276617.0,23,0.000073400,0.000073400,0.0000,1,0.006648
Instances/Instances 3/u2152_06.gt,2151,500.0,86400.0,PTVRP_LINEAR,723915.0,15,0.000069400,0.000069400,0.0000,1,0.007063
Instances/Instances 3/u2152_07.gt,2151,1000.0,86400.0,PTVRP_LINEAR,571094.0,8,0.000072100,0.000072100,0.0000,1,0.00712
Instances/Instances 3/u2152_08.gt,2151,2000.0,86400.0,PTVRP_LINEAR,353984.0,7,0.000064600,0.000064600,0.0000,1,0.006558
Instances/Instances 3/u2152_09.gt,2151,5000.0,86400.0,PTVRP_LINEAR,216607.0,5,0.000062100,0.000062100,0.0000,1,0.006888
Instances/Instances 3/u2152_10.gt,2151,10000.0,86400.0,PTVRP_LINEAR,131407.0,4,0.000083600,0.000083600,0.0000,1,0.008416
Instances/Instances 3/u2319_01.gt,2318,10.0,86400.0,PTVRP_LINEAR,26621283.0,360,0.000085500,0.000085500,0.0000,1,0.007899
Instances/Instances 3/u2319_02.gt,2318,20.0,86400.0,PTVRP_LINEAR,14865778.0,201,0.000080400,0.000080400,0.0000,1,0.006737
Instances/Instances 3/u2319_03.gt,2318,50.0,86400.0,PTVRP_LINEAR,7243261.0,103,0.000084500,0.000084500,0.0000,1,0.006577
Instances/Instances 3/u2319_04.gt,2318,100.0,86400.0,PTVRP_LINEAR,4407396.0,67,0.000093500,0.000093500,0.0000,1,0.007484
Instances/Instances 3/u2319_05.gt,2318,200.0,86400.0,PTVRP_LINEAR,2781138.0,43,0.000099900,0.000099900,0.0000,1,0.009339
Instances/Instances 3/u2319_06.gt,2318,500.0,86400.0,PTVRP_LINEAR,1461356.0,31,0.000076200,0.000076200,0.0000,1,0.008948
Instances/Instances 3/u2319_07.gt,2318,1000.0,86400.0,PTVRP_LINEAR,1043370.0,18,0.000079500,0.000079500,0.0000,1,0.007539
Instances/Instances 3/u2319_08.gt,2318,2000.0,86400.0,PTVRP_LINEAR,765040.0,12,0.000078000,0.000078000,0.0000,1,0.00808
Instances/Instances 3/u2319_09.gt,2318,5000.0,86400.0,PTVRP_LINEAR,490140.0,7,0.000076300,0.000076300,0.0000,1,0.009439
Instances/Instances 3/u2319_10.gt,2318,10000.0,86400.0,PTVRP_LINEAR,251109.0,8,0.000067400,0.000067400,0.0000,1,0.008749
Instances/Instances 3/u574_01.gt,573,10.0,86400.0,PTVRP_LINEAR,3655349.0,51,0.000018900,0.000018900,0.0000,1,0.007354
Instances/Instances 3/u574_02.gt,573,20.0,86400.0,PTVRP_LINEAR,2098829.0,34,0.000019500,0.000019500,0.0000,1,0.007447
Instances/Instances 3/u574_03.gt,573,50.0,86400.0,PTVRP_LINEAR,1044694.0,20,0.000019100,0.000019100,0.0000,1,0.006924
Instances/Instances 3/u574_04.gt,573,100.0,86400.0,PTVRP_LINEAR,697233.0,13,0.000018600,0.000018600,0.0000,1,0.007833
Instances/Instances 3/u574_05.gt,573,200.0,86400.0,PTVRP_LINEAR,515480.0,8,0.000019500,0.000019500,0.0000,1,0.006576
Instances/Instances 3/u574_06.gt,573,500.0,86400.0,PTVRP_LINEAR,305295.0,5,0.000017600,0.000017600,0.0000,1,0.005798
Instances/Instances 3/u574_07.gt,573,1000.0,86400.0,PTVRP_LINEAR,202374.0,4,0.000017400,0.000017400,0.0000,1,0.006077
Instances/Instances 3/u574_08.gt,573,2000.0,86400.0,PTVRP_LINEAR,131388.0,3,0.000015800,0.000015800,0.0000,1,0.007648
Instances/Instances 3/u574_09.gt,573,5000.0,86400.0,PTVRP_LINEAR,71455.0,2,0.000016100,0.000016100,0.0000,1,0.008172
Instances/Instances 3/u574_10.gt,573,10000.0,86400.0,PTVRP_LINEAR,80260.0,1,0.000016000,0.000016000,0.0000,1,0.00794
Instances/Instances 3/u724_01.gt,723,10.0,86400.0,PTVRP_LINEAR,4545685.0,59,0.000024000,0.000024000,0.0000,1,0.005256
Instances/Instances 3/u724_02.gt,723,20.0,86400.0,PTVRP_LINEAR,2635033.0,38,0.000024900,0.000024900,0.0000,1,0.007292
Instances/Instances 3/u724_03.gt,723,50.0,86400.0,PTVRP_LINEAR,1348903.0,21,0.000024500,0.000024500,0.0000,1,0.007157
Instances/Instances 3/u724_04.gt,723,100.0,86400.0,PTVRP_LINEAR,875045.0,14,0.000024400,0.000024400,0.0000,1,0.006674
Instances/Instances 3/u724_05.gt,723,200.0,86400.0,PTVRP_LINEAR,585742.0,10,0.000024200,0.000024200,0.0000,1,0.006959
Instances/Instances 3/u724_06.gt,723,500.0,86400.0,PTVRP_LINEAR,353039.0,6,0.000035300,0.000035300,0.0000,1,0.007003
Instances/Instances 3/u724_07.gt,723,1000.0,86400.0,PTVRP_LINEAR,212640.0,5,0.000020900,0.000020900,0.0000,1,0.006368
Instances/Instances 3/u724_08.gt,723,2000.0,86400.0,PTVRP_LINEAR,170384.0,3,0.000020200,0.000020200,0.0000,1,0.005901
Instances/Instances 3/u724_09.gt,723,5000.0,86400.0,PTVRP_LINEAR,122188.0,2,0.000019500,0.000019500,0.0000,1,0.006886
Instances/Instances 3/u724_10.gt,723,10000.0,86400.0,PTVRP_LINEAR,74613.0,2,0.000019000,0.000019000,0.0000,1,0.00661
Instances/Instances 3/usa13509_01.gt,13508,10.0,86400.0,PTVRP_LINEAR,9209755099.0,13353,0.000329400,0.000329400,0.0000,1,0.01608
Instances/Instances 3/usa13509_02.gt,13508,20.0,86400.0,PTVRP_LINEAR,5442346344.0,13173,0.000343800,0.000343800,0.0000,1,0.016178
Instances/Instances 3/usa13509_03.gt,13508,50.0,86400.0,PTVRP_LINEAR,3019115762.0,12637,0.000385800,0.000385800,0.0000,1,0.018436
Instances/Instances 3/usa13509_04.gt,13508,100.0,86400.0,PTVRP_LINEAR,2982550735.0,12087,0.000370000,0.000370000,0.0000,1,0.017331
Instances/Instances 3/usa13509_05.gt,13508,200.0,86400.0,PTVRP_LINEAR,2967762650.0,11864,0.000359500,0.000359500,0.0000,1,0.016862
Instances/Instances 3/usa13509_06.gt,13508,500.0,86400.0,PTVRP_LINEAR,2961382546.0,11755,0.000350900,0.000350900,0.0000,1,0.0186
Instances/Instances 3/usa13509_07.gt,13508,1000.0,86400.0,PTVRP_LINEAR,2960333635.0,11734,0.000348600,0.000348600,0.0000,1,0.014822
Instances/Instances 3/usa13509_08.gt,13508,2000.0,86400.0,PTVRP_LINEAR,2960247006.0,11731,0.000350400,0.000350400,0.0000,1,0.01958
Instances/Instances 3/usa13509_09.gt,13508,5000.0,86400.0,PTVRP_LINEAR,2960238597.0,11730,0.000349400,0.000349400,0.0000,1,0.019838
Instances/Instances 3/usa13509_10.gt,13508,10000.0,86400.0,PTVRP_LINEAR,2960238597.0,11730,0.000348600,0.000348600,0.0000,1,0.016673
Instances/Instances 3/uy734_01.gt,733,10.0,86400.0,PTVRP_LINEAR,7500833.0,101,0.000024100,0.000024100,0.0000,1,0.00746
Instances/Instances 3/uy734_02.gt,733,20.0,86400.0,PTVRP_LINEAR,4433722.0,61,0.000024300,0.000024300,0.0000,1,0.007669
Instances/Instances 3/uy734_03.gt,733,50.0,86400.0,PTVRP_LINEAR,2163701.0,32,0.000026300,0.000026300,0.0000,1,0.007273
Instances/Instances 3/uy734_04.gt,733,100.0,86400.0,PTVRP_LINEAR,1348593.0,21,0.000025800,0.000025800,0.0000,1,0.005768
Instances/Instances 3/uy734_05.gt,733,200.0,86400.0,PTVRP_LINEAR,890813.0,14,0.000025100,0.000025100,0.0000,1,0.005985
Instances/Instances 3/uy734_06.gt,733,500.0,86400.0,PTVRP_LINEAR,482205.0,10,0.000023400,0.000023400,0.0000,1,0.005583
Instances/Instances 3/uy734_07.gt,733,1000.0,86400.0,PTVRP_LINEAR,359214.0,6,0.000023100,0.000023100,0.0000,1,0.005226
Instances/Instances 3/uy734_08.gt,733,2000.0,86400.0,PTVRP_LINEAR,224183.0,5,0.000020600,0.000020600,0.0000,1,0.005872
Instances/Instances 3/uy734_09.gt,733,5000.0,86400.0,PTVRP_LINEAR,162052.0,3,0.000020500,0.000020500,0.0000,1,0.005694
Instances/Instances 3/uy734_10.gt,733,10000.0,86400.0,PTVRP_LINEAR,85530.0,3,0.000021000,0.000021000,0.0000,1,0.005723
Instances/Instances 3/vm1084_01.gt,1083,10.0,86400.0,PTVRP_LINEAR,36858111.0,553,0.000033200,0.000033200,0.0000,1,0.005861
Instances/Instances 3/vm1084_02.gt,1083,20.0,86400.0,PTVRP_LINEAR,18834710.0,263,0.000035600,0.000035600,0.0000,1,0.00641
Instances/Instances 3/vm1084_03.gt,1083,50.0,86400.0,PTVRP_LINEAR,8009538.0,109,0.000037800,0.000037800,0.0000,1,0.007825
Instances/Instances 3/vm1084_04.gt,1083,100.0,86400.0,PTVRP_LINEAR,4373017.0,61,0.000039500,0.000039500,0.0000,1,0.006605
Instances/Instances 3/vm1084_05.gt,1083,200.0,86400.0,PTVRP_LINEAR,2512390.0,38,0.000044800,0.000044800,0.0000,1,0.006317
Instances/Instances 3/vm1084_06.gt,1083,500.0,86400.0,PTVRP_LINEAR,1291758.0,21,0.000036100,0.000036100,0.0000,1,0.005687
Instances/Instances 3/vm1084_07.gt,1083,1000.0,86400.0,PTVRP_LINEAR,818186.0,13,0.000034600,0.000034600,0.0000,1,0.006831
Instances/Instances 3/vm1084_08.gt,1083,2000.0,86400.0,PTVRP_LINEAR,516928.0,10,0.000044000,0.000044000,0.0000,1,0.006333
Instances/Instances 3/vm1084_09.gt,1083,5000.0,86400.0,PTVRP_LINEAR,323325.0,7,0.000031000,0.000031000,0.0000,1,0.0063
Instances/Instances 3/vm1084_10.gt,1083,10000.0,86400.0,PTVRP_LINEAR,260270.0,4,0.000029300,0.000029300,0.0000,1,0.006256
Instances/Instances 3/vm1748_01.gt,1747,10.0,86400.0,PTVRP_LINEAR,63583015.0,940,0.000053000,0.000053000,0.0000,1,0.006823
Instances/Instances 3/vm1748_02.gt,1747,20.0,86400.0,PTVRP_LINEAR,32597046.0,459,0.000057400,0.000057400,0.0000,1,0.006393
Instances/Instances 3/vm1748_03.gt,1747,50.0,86400.0,PTVRP_LINEAR,13483017.0,183,0.000061300,0.000061300,0.0000,1,0.007541
Instances/Instances 3/vm1748_04.gt,1747,100.0,86400.0,PTVRP_LINEAR,7346755.0,104,0.000062200,0.000062200,0.0000,1,0.008328
Instances/Instances 3/vm1748_05.gt,1747,200.0,86400.0,PTVRP_LINEAR,4137345.0,61,0.000061400,0.000061400,0.0000,1,0.0073
Instances/Instances 3/vm1748_06.gt,1747,500.0,86400.0,PTVRP_LINEAR,2062330.0,33,0.000056300,0.000056300,0.0000,1,0.006526
Instances/Instances 3/vm1748_07.gt,1747,1000.0,86400.0,PTVRP_LINEAR,1233555.0,22,0.000055700,0.000055700,0.0000,1,0.007335
Instances/Instances 3/vm1748_08.gt,1747,2000.0,86400.0,PTVRP_LINEAR,792451.0,17,0.000061400,0.000061400,0.0000,1,0.006646
Instances/Instances 3/vm1748_09.gt,1747,5000.0,86400.0,PTVRP_LINEAR,429746.0,11,0.000049400,0.000049400,0.0000,1,0.006443
Instances/Instances 3/vm1748_10.gt,1747,10000.0,86400.0,PTVRP_LINEAR,374783.0,6,0.000046800,0.000046800,0.0000,1,0.007765
Instances/Instances 3/vm22775_01.gt,22774,10.0,86400.0,PTVRP_LINEAR,561280340.0,8245,0.000869700,0.000869700,0.0000,1,0.02375
Instances/Instances 3/vm22775_02.gt,22774,20.0,86400.0,PTVRP_LINEAR,281004562.0,3735,0.000874300,0.000874300,0.0000,1,0.025304
Instances/Instances 3/vm22775_03.gt,22774,50.0,86400.0,PTVRP_LINEAR,113015587.0,1438,0.000912700,0.000912700,0.0000,1,0.025889
Instances/Instances 3/vm22775_04.gt,22774,100.0,86400.0,PTVRP_LINEAR,58323476.0,734,0.000933500,0.000933500,0.0000,1,0.022634
Instances/Instances 3/vm22775_05.gt,22774,200.0,86400.0,PTVRP_LINEAR,31108008.0,397,0.000922500,0.000922500,0.0000,1,0.026283
Instances/Instances 3/vm22775_06.gt,22774,500.0,86400.0,PTVRP_LINEAR,14182786.0,191,0.000961200,0.000961200,0.0000,1,0.024287
Instances/Instances 3/vm22775_07.gt,22774,1000.0,86400.0,PTVRP_LINEAR,8359929.0,117,0.000886300,0.000886300,0.0000,1,0.023916
Instances/Instances 3/vm22775_08.gt,22774,2000.0,86400.0,PTVRP_LINEAR,5153837.0,71,0.000887000,0.000887000,0.0000,1,0.026534
Instances/Instances 3/vm22775_09.gt,22774,5000.0,86400.0,PTVRP_LINEAR,2784891.0,42,0.000835700,0.000835700,0.0000,1,0.02574
Instances/Instances 3/vm22775_10.gt,22774,10000.0,86400.0,PTVRP_LINEAR,1817668.0,31,0.000805800,0.000805800,0.0000,1,0.021923
Instances/Instances 3/wi29_01.gt,28,10.0,86400.0,PTVRP_LINEAR,542840.0,9,0.000001800,0.000001800,0.0000,1,0.009152
Instances/Instances 3/wi29_02.gt,28,20.0,86400.0,PTVRP_LINEAR,352323.0,6,0.000001800,0.000001800,0.0000,1,0.008269
Instances/Instances 3/wi29_03.gt,28,50.0,86400.0,PTVRP_LINEAR,170617.0,4,0.000001700,0.000001700,0.0000,1,0.005192
Instances/Instances 3/wi29_04.gt,28,100.0,86400.0,PTVRP_LINEAR,145118.0,3,0.000001700,0.000001700,0.0000,1,0.00542
Instances/Instances 3/wi29_05.gt,28,200.0,86400.0,PTVRP_LINEAR,81480.0,2,0.000001600,0.000001600,0.0000,1,0.007399
Instances/Instances 3/wi29_06.gt,28,500.0,86400.0,PTVRP_LINEAR,66220.0,1,0.000001500,0.000001500,0.0000,1,0.006
Instances/Instances 3/wi29_07.gt,28,1000.0,86400.0,PTVRP_LINEAR,33110.0,1,0.000001600,0.000001600,0.0000,1,0.007583
Instances/Instances 3/wi29_08.gt,28,2000.0,86400.0,PTVRP_LINEAR,33110.0,1,0.000001700,0.000001700,0.0000,1,0.007816
Instances/Instances 3/wi29_09.gt,28,5000.0,86400.0,PTVRP_LINEAR,33110.0,1,0.000001600,0.000001600,0.0000,1,0.00628
Instances/Instances 3/wi29_10.gt,28,10000.0,86400.0,PTVRP_LINEAR,33110.0,1,0.000001600,0.000001600,0.0000,1,0.006378
Instances/Instances 3/ym7663_01.gt,7662,10.0,86400.0,PTVRP_LINEAR,78231285.0,1037,0.000293300,0.000293300,0.0000,1,0.012312
Instances/Instances 3/ym7663_02.gt,7662,20.0,86400.0,PTVRP_LINEAR,41594353.0,539,0.000306500,0.000306500,0.0000,1,0.011592
Instances/Instances 3/ym7663_03.gt,7662,50.0,86400.0,PTVRP_LINEAR,18294375.0,240,0.000301200,0.000301200,0.0000,1,0.011593
Instances/Instances 3/ym7663_04.gt,7662,100.0,86400.0,PTVRP_LINEAR,10440110.0,142,0.000322700,0.000322700,0.0000,1,0.011228
Instances/Instances 3/ym7663_05.gt,7662,200.0,86400.0,PTVRP_LINEAR,6091269.0,92,0.000295600,0.000295600,0.0000,1,0.013943
Instances/Instances 3/ym7663_06.gt,7662,500.0,86400.0,PTVRP_LINEAR,3229386.0,53,0.000288100,0.000288100,0.0000,1,0.013214
Instances/Instances 3/ym7663_07.gt,7662,1000.0,86400.0,PTVRP_LINEAR,1983565.0,39,0.000274300,0.000274300,0.0000,1,0.012627
Instances/Instances 3/ym7663_08.gt,7662,2000.0,86400.0,PTVRP_LINEAR,1417368.0,23,0.000301200,0.000301200,0.0000,1,0.013374
Instances/Instances 3/ym7663_09.gt,7662,5000.0,86400.0,PTVRP_LINEAR,766059.0,17,0.000262300,0.000262300,0.0000,1,0.010621
Instances/Instances 3/ym7663_10.gt,7662,10000.0,86400.0,PTVRP_LINEAR,558920.0,11,0.000268900,0.000268900,0.0000,1,0.009212
Instances/Instances 3/zi929_01.gt,928,10.0,86400.0,PTVRP_LINEAR,10976317.0,148,0.000030200,0.000030200,0.0000,1,0.006378
Instances/Instances 3/zi929_02.gt,928,20.0,86400.0,PTVRP_LINEAR,5787701.0,80,0.000031400,0.000031400,0.0000,1,0.00639
Instances/Instances 3/zi929_03.gt,928,50.0,86400.0,PTVRP_LINEAR,2809727.0,40,0.000032100,0.000032100,0.0000,1,0.006339
Instances/Instances 3/zi929_04.gt,928,100.0,86400.0,PTVRP_LINEAR,1735776.0,24,0.000032500,0.000032500,0.0000,1,0.005841
Instances/Instances 3/zi929_05.gt,928,200.0,86400.0,PTVRP_LINEAR,1032991.0,18,0.000030300,0.000030300,0.0000,1,0.005923
Instances/Instances 3/zi929_06.gt,928,500.0,86400.0,PTVRP_LINEAR,643007.0,10,0.000029100,0.000029100,0.0000,1,0.006432
Instances/Instances 3/zi929_07.gt,928,1000.0,86400.0,PTVRP_LINEAR,367100.0,9,0.000026000,0.000026000,0.0000,1,0.007217
Instances/Instances 3/zi929_08.gt,928,2000.0,86400.0,PTVRP_LINEAR,283027.0,6,0.000026200,0.000026200,0.0000,1,0.006382
Instances/Instances 3/zi929_09.gt,928,5000.0,86400.0,PTVRP_LINEAR,168236.0,4,0.000025100,0.000025100,0.0000,1,0.006672
Instances/Instances 3/zi929_10.gt,928,10000.0,86400.0,PTVRP_LINEAR,101349.0,3,0.000026500,0.000026500,0.0000,1,0.007802
