instance,n,Q,horizon,solver,cost,templates,solve_seconds,wall_seconds
Instances/Instances 1/a280_01.gt,279,100.0,86400.0,PTVRP_LAYERED_SAFE,16387.0,72,0.000319100,0.00705
Instances/Instances 1/a280_02.gt,279,100.0,86400.0,PTVRP_LAYERED_SAFE,15996.0,69,0.000322900,0.006621
Instances/Instances 1/a280_03.gt,279,100.0,86400.0,PTVRP_LAYERED_SAFE,15828.0,68,0.000306500,0.006151
Instances/Instances 1/a280_04.gt,279,100.0,86400.0,PTVRP_LAYERED_SAFE,16430.0,73,0.000317100,0.006277
Instances/Instances 1/a280_05.gt,279,100.0,86400.0,PTVRP_LAYERED_SAFE,16174.0,71,0.000308000,0.007935
Instances/Instances 1/a280_06.gt,279,100.0,86400.0,PTVRP_LAYERED_SAFE,16174.0,68,0.000310700,0.007563
Instances/Instances 1/a280_07.gt,279,100.0,86400.0,PTVRP_LAYERED_SAFE,17114.0,73,0.000320300,0.006974
Instances/Instances 1/a280_08.gt,279,100.0,86400.0,PTVRP_LAYERED_SAFE,16331.0,69,0.000312800,0.00678
Instances/Instances 1/a280_09.gt,279,100.0,86400.0,PTVRP_LAYERED_SAFE,15846.0,69,0.000309500,0.006701
Instances/Instances 1/a280_10.gt,279,100.0,86400.0,PTVRP_LAYERED_SAFE,15869.0,64,0.000309100,0.00618
Instances/Instances 1/ar9152_01.gt,9151,100.0,86400.0,PTVRP_LAYERED_SAFE,28717346.0,1467,0.005259500,0.017098
Instances/Instances 1/ar9152_02.gt,9151,100.0,86400.0,PTVRP_LAYERED_SAFE,28610771.0,1450,0.005232500,0.020752
Instances/Instances 1/ar9152_03.gt,9151,100.0,86400.0,PTVRP_LAYERED_SAFE,28715905.0,1460,0.005297200,0.022032
Instances/Instances 1/ar9152_04.gt,9151,100.0,86400.0,PTVRP_LAYERED_SAFE,28834320.0,1442,0.005261500,0.02014
Instances/Instances 1/ar9152_05.gt,9151,100.0,86400.0,PTVRP_LAYERED_SAFE,29179466.0,1456,0.005195900,0.020347
Instances/Instances 1/ar9152_06.gt,9151,100.0,86400.0,PTVRP_LAYERED_SAFE,29046577.0,1490,0.005247600,0.020647
Instances/Instances 1/ar9152_07.gt,9151,100.0,86400.0,PTVRP_LAYERED_SAFE,28992613.0,1443,0.005347700,0.021208
Instances/Instances 1/ar9152_08.gt,9151,100.0,86400.0,PTVRP_LAYERED_SAFE,28721995.0,1452,0.005462900,0.021928
Instances/Instances 1/ar9152_09.gt,9151,100.0,86400.0,PTVRP_LAYERED_SAFE,28835482.0,1476,0.005378700,0.022714
Instances/Instances 1/ar9152_10.gt,9151,100.0,86400.0,PTVRP_LAYERED_SAFE,28950660.0,1473,0.005293000,0.020467
Instances/Instances 1/berlin52_01.gt,51,100.0,86400.0,PTVRP_LAYERED_SAFE,14644.0,14,0.000018000,0.007799
Instances/Instances 1/berlin52_02.gt,51,100.0,86400.0,PTVRP_LAYERED_SAFE,15833.0,17,0.000019700,0.005654
Instances/Instances 1/berlin52_03.gt,51,100.0,86400.0,PTVRP_LAYERED_SAFE,16839.0,17,0.000020800,0.005105
Instances/Instances 1/berlin52_04.gt,51,100.0,86400.0,PTVRP_LAYERED_SAFE,16777.0,18,0.000020200,0.006166
Instances/Instances 1/berlin52_05.gt,51,100.0,86400.0,PTVRP_LAYERED_SAFE,17449.0,18,0.000019500,0.005344
Instances/Instances 1/berlin52_06.gt,51,100.0,86400.0,PTVRP_LAYERED_SAFE,15836.0,15,0.000017900,0.005091
Instances/Instances 1/berlin52_07.gt,51,100.0,86400.0,PTVRP_LAYERED_SAFE,18006.0,17,0.000020800,0.005643
Instances/Instances 1/berlin52_08.gt,51,100.0,86400.0,PTVRP_LAYERED_SAFE,14796.0,14,0.000018700,0.006034
Instances/Instances 1/berlin52_09.gt,51,100.0,86400.0,PTVRP_LAYERED_SAFE,16939.0,16,0.000019900,0.005926
Instances/Instances 1/berlin52_10.gt,51,100.0,86400.0,PTVRP_LAYERED_SAFE,16741.0,17,0.000019900,0.005102
Instances/Instances 1/bier127_01.gt,126,100.0,86400.0,PTVRP_LAYERED_SAFE,328886.0,35,0.000035800,0.00531
Instances/Instances 1/bier127_02.gt,126,100.0,86400.0,PTVRP_LAYERED_SAFE,346606.0,41,0.000037400,0.005945
Instances/Instances 1/bier127_03.gt,126,100.0,86400.0,PTVRP_LAYERED_SAFE,325803.0,38,0.000037300,0.005344
Instances/Instances 1/bier127_04.gt,126,100.0,86400.0,PTVRP_LAYERED_SAFE,338897.0,34,0.000036700,0.006466
Instances/Instances 1/bier127_05.gt,126,100.0,86400.0,PTVRP_LAYERED_SAFE,328505.0,38,0.000036300,0.005692
Instances/Instances 1/bier127_06.gt,126,100.0,86400.0,PTVRP_LAYERED_SAFE,327452.0,38,0.000036800,0.00532
Instances/Instances 1/bier127_07.gt,126,100.0,86400.0,PTVRP_LAYERED_SAFE,325803.0,37,0.000036500,0.00522
Instances/Instances 1/bier127_08.gt,126,100.0,86400.0,PTVRP_LAYERED_SAFE,316399.0,36,0.000036800,0.005103
Instances/Instances 1/bier127_09.gt,126,100.0,86400.0,PTVRP_LAYERED_SAFE,333390.0,38,0.000037900,0.004846
Instances/Instances 1/bier127_10.gt,126,100.0,86400.0,PTVRP_LAYERED_SAFE,301119.0,34,0.000035300,0.00644
Instances/Instances 1/bm33708_01.gt,33707,100.0,86400.0,PTVRP_LAYERED_SAFE,54311911.0,4710,0.031670600,0.060024
Instances/Instances 1/bm33708_02.gt,33707,100.0,86400.0,PTVRP_LAYERED_SAFE,54271357.0,4634,0.031626500,0.06172
Instances/Instances 1/bm33708_03.gt,33707,100.0,86400.0,PTVRP_LAYERED_SAFE,54459415.0,4689,0.031451500,0.066229
Instances/Instances 1/bm33708_04.gt,33707,100.0,86400.0,PTVRP_LAYERED_SAFE,54391979.0,4686,0.031514901,0.065497
Instances/Instances 1/bm33708_05.gt,33707,100.0,86400.0,PTVRP_LAYERED_SAFE,54489688.0,4652,0.032087201,0.065997
Instances/Instances 1/bm33708_06.gt,33707,100.0,86400.0,PTVRP_LAYERED_SAFE,54289141.0,4622,0.032050401,0.102577
Instances/Instances 1/bm33708_07.gt,33707,100.0,86400.0,PTVRP_LAYERED_SAFE,54596226.0,4584,0.032255001,0.065858
Instances/Instances 1/bm33708_08.gt,33707,100.0,86400.0,PTVRP_LAYERED_SAFE,54466943.0,4601,0.031492701,0.066134
Instances/Instances 1/bm33708_09.gt,33707,100.0,86400.0,PTVRP_LAYERED_SAFE,54295177.0,4554,0.031997701,0.066438
Instances/Instances 1/bm33708_10.gt,33707,100.0,86400.0,PTVRP_LAYERED_SAFE,54086906.0,4551,0.031573200,0.067053
Instances/Instances 1/brd14051_01.gt,14050,100.0,86400.0,PTVRP_LAYERED_SAFE,16950869.0,2180,0.013669300,0.031871
Instances/Instances 1/brd14051_02.gt,14050,100.0,86400.0,PTVRP_LAYERED_SAFE,16799684.0,2138,0.013740200,0.032616
Instances/Instances 1/brd14051_03.gt,14050,100.0,86400.0,PTVRP_LAYERED_SAFE,16827003.0,2170,0.013608101,0.032823
Instances/Instances 1/brd14051_04.gt,14050,100.0,86400.0,PTVRP_LAYERED_SAFE,16930477.0,2162,0.013662700,0.033146
Instances/Instances 1/brd14051_05.gt,14050,100.0,86400.0,PTVRP_LAYERED_SAFE,16913156.0,2212,0.014117300,0.033198
Instances/Instances 1/brd14051_06.gt,14050,100.0,86400.0,PTVRP_LAYERED_SAFE,16936254.0,2171,0.013540200,0.033792
Instances/Instances 1/brd14051_07.gt,14050,100.0,86400.0,PTVRP_LAYERED_SAFE,16950578.0,2187,0.013895000,0.031974
Instances/Instances 1/brd14051_08.gt,14050,100.0,86400.0,PTVRP_LAYERED_SAFE,17140786.0,2199,0.013568001,0.034072
Instances/Instances 1/brd14051_09.gt,14050,100.0,86400.0,PTVRP_LAYERED_SAFE,16991877.0,2155,0.013575700,0.029701
Instances/Instances 1/brd14051_10.gt,14050,100.0,86400.0,PTVRP_LAYERED_SAFE,16864694.0,2162,0.013618700,0.031824
Instances/Instances 1/ca4663_01.gt,4662,100.0,86400.0,PTVRP_LAYERED_SAFE,NO SOLUTION,,0.001046900,0.014565
Instances/Instances 1/ca4663_02.gt,4662,100.0,86400.0,PTVRP_LAYERED_SAFE,NO SOLUTION,,0.001040700,0.012166
Instances/Instances 1/ca4663_03.gt,4662,100.0,86400.0,PTVRP_LAYERED_SAFE,NO SOLUTION,,0.001004300,0.010286
Instances/Instances 1/ca4663_04.gt,4662,100.0,86400.0,PTVRP_LAYERED_SAFE,NO SOLUTION,,0.001010700,0.010913
Instances/Instances 1/ca4663_05.gt,4662,100.0,86400.0,PTVRP_LAYERED_SAFE,NO SOLUTION,,0.001013700,0.010818
Instances/Instances 1/ca4663_06.gt,4662,100.0,86400.0,PTVRP_LAYERED_SAFE,NO SOLUTION,,0.001015000,0.012366
Instances/Instances 1/ca4663_07.gt,4662,100.0,86400.0,PTVRP_LAYERED_SAFE,NO SOLUTION,,0.001018900,0.010326
Instances/Instances 1/ca4663_08.gt,4662,100.0,86400.0,PTVRP_LAYERED_SAFE,NO SOLUTION,,0.001064501,0.011223
Instances/Instances 1/ca4663_09.gt,4662,100.0,86400.0,PTVRP_LAYERED_SAFE,NO SOLUTION,,0.001028500,0.012006
Instances/Instances 1/ca4663_10.gt,4662,100.0,86400.0,PTVRP_LAYERED_SAFE,NO SOLUTION,,0.001009000,0.012051
Instances/Instances 1/ch130_01.gt,129,100.0,86400.0,PTVRP_LAYERED_SAFE,23377.0,36,0.000079300,0.006997
Instances/Instances 1/ch130_02.gt,129,100.0,86400.0,PTVRP_LAYERED_SAFE,24193.0,34,0.000080300,0.007147
Instances/Instances 1/ch130_03.gt,129,100.0,86400.0,PTVRP_LAYERED_SAFE,23296.0,33,0.000082400,0.007043
Instances/Instances 1/ch130_04.gt,129,100.0,86400.0,PTVRP_LAYERED_SAFE,25835.0,36,0.000082200,0.008034
Instances/Instances 1/ch130_05.gt,129,100.0,86400.0,PTVRP_LAYERED_SAFE,22889.0,37,0.000078500,0.00795
Instances/Instances 1/ch130_06.gt,129,100.0,86400.0,PTVRP_LAYERED_SAFE,22600.0,35,0.000081000,0.007099
Instances/Instances 1/ch130_07.gt,129,100.0,86400.0,PTVRP_LAYERED_SAFE,23255.0,35,0.000078900,0.007963
Instances/Instances 1/ch130_08.gt,129,100.0,86400.0,PTVRP_LAYERED_SAFE,25154.0,37,0.000086100,0.00998
Instances/Instances 1/ch130_09.gt,129,100.0,86400.0,PTVRP_LAYERED_SAFE,23844.0,33,0.000079700,0.007685
Instances/Instances 1/ch130_10.gt,129,100.0,86400.0,PTVRP_LAYERED_SAFE,23294.0,36,0.000081700,0.006589
Instances/Instances 1/ch150_01.gt,149,100.0,86400.0,PTVRP_LAYERED_SAFE,28985.0,44,0.000105000,0.007993
Instances/Instances 1/ch150_02.gt,149,100.0,86400.0,PTVRP_LAYERED_SAFE,25895.0,38,0.000095900,0.007594
Instances/Instances 1/ch150_03.gt,149,100.0,86400.0,PTVRP_LAYERED_SAFE,26227.0,40,0.000107200,0.007287
Instances/Instances 1/ch150_04.gt,149,100.0,86400.0,PTVRP_LAYERED_SAFE,27859.0,42,0.000098000,0.006899
Instances/Instances 1/ch150_05.gt,149,100.0,86400.0,PTVRP_LAYERED_SAFE,27906.0,43,0.000101600,0.006294
Instances/Instances 1/ch150_06.gt,149,100.0,86400.0,PTVRP_LAYERED_SAFE,26908.0,39,0.000098300,0.00868
Instances/Instances 1/ch150_07.gt,149,100.0,86400.0,PTVRP_LAYERED_SAFE,27804.0,43,0.000099500,0.007411
Instances/Instances 1/ch150_08.gt,149,100.0,86400.0,PTVRP_LAYERED_SAFE,28592.0,37,0.000101900,0.006918
Instances/Instances 1/ch150_09.gt,149,100.0,86400.0,PTVRP_LAYERED_SAFE,27636.0,40,0.000099800,0.006849
Instances/Instances 1/ch150_10.gt,149,100.0,86400.0,PTVRP_LAYERED_SAFE,27526.0,39,0.000100500,0.005794
Instances/Instances 1/ch71009_01.gt,71008,100.0,86400.0,PTVRP_LAYERED_SAFE,314697654.0,10228,0.038851001,0.090261
Instances/Instances 1/ch71009_02.gt,71008,100.0,86400.0,PTVRP_LAYERED_SAFE,315588574.0,10256,0.039432500,0.103916
Instances/Instances 1/ch71009_03.gt,71008,100.0,86400.0,PTVRP_LAYERED_SAFE,314780250.0,10214,0.038655701,0.100903
Instances/Instances 1/ch71009_04.gt,71008,100.0,86400.0,PTVRP_LAYERED_SAFE,315639950.0,10125,0.038546201,0.099173
Instances/Instances 1/ch71009_05.gt,71008,100.0,86400.0,PTVRP_LAYERED_SAFE,314888615.0,10301,0.038710701,0.104953
Instances/Instances 1/ch71009_06.gt,71008,100.0,86400.0,PTVRP_LAYERED_SAFE,315300472.0,10275,0.038601801,0.091847
Instances/Instances 1/ch71009_07.gt,71008,100.0,86400.0,PTVRP_LAYERED_SAFE,314970528.0,10304,0.038974501,0.101121
Instances/Instances 1/ch71009_08.gt,71008,100.0,86400.0,PTVRP_LAYERED_SAFE,315323807.0,10275,0.039018800,0.091481
Instances/Instances 1/ch71009_09.gt,71008,100.0,86400.0,PTVRP_LAYERED_SAFE,315388172.0,10266,0.038562901,0.098566
Instances/Instances 1/ch71009_10.gt,71008,100.0,86400.0,PTVRP_LAYERED_SAFE,314275319.0,10190,0.038786101,0.093292
Instances/Instances 1/d1291_01.gt,1290,100.0,86400.0,PTVRP_LAYERED_SAFE,768417.0,261,0.001275300,0.009734
Instances/Instances 1/d1291_02.gt,1290,100.0,86400.0,PTVRP_LAYERED_SAFE,700857.0,247,0.001247300,0.009293
Instances/Instances 1/d1291_03.gt,1290,100.0,86400.0,PTVRP_LAYERED_SAFE,734697.0,249,0.001256400,0.00862
Instances/Instances 1/d1291_04.gt,1290,100.0,86400.0,PTVRP_LAYERED_SAFE,719650.0,257,0.001291900,0.009172
Instances/Instances 1/d1291_05.gt,1290,100.0,86400.0,PTVRP_LAYERED_SAFE,730335.0,245,0.001237800,0.009321
Instances/Instances 1/d1291_06.gt,1290,100.0,86400.0,PTVRP_LAYERED_SAFE,728389.0,249,0.001253100,0.009396
Instances/Instances 1/d1291_07.gt,1290,100.0,86400.0,PTVRP_LAYERED_SAFE,723980.0,256,0.001248600,0.00898
Instances/Instances 1/d1291_08.gt,1290,100.0,86400.0,PTVRP_LAYERED_SAFE,719374.0,266,0.001282600,0.009439
Instances/Instances 1/d1291_09.gt,1290,100.0,86400.0,PTVRP_LAYERED_SAFE,729990.0,254,0.001356000,0.011063
Instances/Instances 1/d1291_10.gt,1290,100.0,86400.0,PTVRP_LAYERED_SAFE,722309.0,257,0.001281500,0.008261
Instances/Instances 1/d15112_01.gt,15111,100.0,86400.0,PTVRP_LAYERED_SAFE,53788704.0,2388,0.007722500,0.023278
Instances/Instances 1/d15112_02.gt,15111,100.0,86400.0,PTVRP_LAYERED_SAFE,54066537.0,2465,0.007781401,0.028644
Instances/Instances 1/d15112_03.gt,15111,100.0,86400.0,PTVRP_LAYERED_SAFE,53486510.0,2389,0.007580000,0.028889
Instances/Instances 1/d15112_04.gt,15111,100.0,86400.0,PTVRP_LAYERED_SAFE,53894103.0,2382,0.007604200,0.026651
Instances/Instances 1/d15112_05.gt,15111,100.0,86400.0,PTVRP_LAYERED_SAFE,53460057.0,2426,0.007729201,0.027128
Instances/Instances 1/d15112_06.gt,15111,100.0,86400.0,PTVRP_LAYERED_SAFE,54161669.0,2467,0.007668000,0.025167
Instances/Instances 1/d15112_07.gt,15111,100.0,86400.0,PTVRP_LAYERED_SAFE,53932504.0,2432,0.007898500,0.026881
Instances/Instances 1/d15112_08.gt,15111,100.0,86400.0,PTVRP_LAYERED_SAFE,53980038.0,2397,0.007679601,0.029165
Instances/Instances 1/d15112_09.gt,15111,100.0,86400.0,PTVRP_LAYERED_SAFE,54274313.0,2419,0.007651100,0.026752
Instances/Instances 1/d15112_10.gt,15111,100.0,86400.0,PTVRP_LAYERED_SAFE,53524620.0,2463,0.007585200,0.022905
Instances/Instances 1/d1655_01.gt,1654,100.0,86400.0,PTVRP_LAYERED_SAFE,920931.0,323,0.001646100,0.010099
Instances/Instances 1/d1655_02.gt,1654,100.0,86400.0,PTVRP_LAYERED_SAFE,952252.0,335,0.001696700,0.008689
Instances/Instances 1/d1655_03.gt,1654,100.0,86400.0,PTVRP_LAYERED_SAFE,916468.0,329,0.001656801,0.008891
Instances/Instances 1/d1655_04.gt,1654,100.0,86400.0,PTVRP_LAYERED_SAFE,925568.0,300,0.001695300,0.010178
Instances/Instances 1/d1655_05.gt,1654,100.0,86400.0,PTVRP_LAYERED_SAFE,925252.0,320,0.001649500,0.009214
Instances/Instances 1/d1655_06.gt,1654,100.0,86400.0,PTVRP_LAYERED_SAFE,927721.0,345,0.001688800,0.009736
Instances/Instances 1/d1655_07.gt,1654,100.0,86400.0,PTVRP_LAYERED_SAFE,941813.0,318,0.001675900,0.008516
Instances/Instances 1/d1655_08.gt,1654,100.0,86400.0,PTVRP_LAYERED_SAFE,943382.0,326,0.001653600,0.009684
Instances/Instances 1/d1655_09.gt,1654,100.0,86400.0,PTVRP_LAYERED_SAFE,950915.0,328,0.001656900,0.010449
Instances/Instances 1/d1655_10.gt,1654,100.0,86400.0,PTVRP_LAYERED_SAFE,951356.0,324,0.001681000,0.010457
Instances/Instances 1/d18512_01.gt,18511,100.0,86400.0,PTVRP_LAYERED_SAFE,24130075.0,2865,0.017070700,0.040347
Instances/Instances 1/d18512_02.gt,18511,100.0,86400.0,PTVRP_LAYERED_SAFE,23849978.0,2832,0.017034600,0.036891
Instances/Instances 1/d18512_03.gt,18511,100.0,86400.0,PTVRP_LAYERED_SAFE,24156640.0,2808,0.017158900,0.038196
Instances/Instances 1/d18512_04.gt,18511,100.0,86400.0,PTVRP_LAYERED_SAFE,24042189.0,2869,0.016942000,0.039723
Instances/Instances 1/d18512_05.gt,18511,100.0,86400.0,PTVRP_LAYERED_SAFE,24062963.0,2846,0.016898901,0.039131
Instances/Instances 1/d18512_06.gt,18511,100.0,86400.0,PTVRP_LAYERED_SAFE,24093922.0,2834,0.016872401,0.036541
Instances/Instances 1/d18512_07.gt,18511,100.0,86400.0,PTVRP_LAYERED_SAFE,23909625.0,2780,0.017370801,0.037843
Instances/Instances 1/d18512_08.gt,18511,100.0,86400.0,PTVRP_LAYERED_SAFE,24112175.0,2865,0.017074101,0.039963
Instances/Instances 1/d18512_09.gt,18511,100.0,86400.0,PTVRP_LAYERED_SAFE,24267469.0,2864,0.016889601,0.03726
Instances/Instances 1/d18512_10.gt,18511,100.0,86400.0,PTVRP_LAYERED_SAFE,24252644.0,2835,0.016912300,0.034414
Instances/Instances 1/d198_01.gt,197,100.0,86400.0,PTVRP_LAYERED_SAFE,87758.0,48,0.000124400,0.007682
Instances/Instances 1/d198_02.gt,197,100.0,86400.0,PTVRP_LAYERED_SAFE,92888.0,49,0.000157400,0.006927
Instances/Instances 1/d198_03.gt,197,100.0,86400.0,PTVRP_LAYERED_SAFE,91745.0,51,0.000122400,0.006687
Instances/Instances 1/d198_04.gt,197,100.0,86400.0,PTVRP_LAYERED_SAFE,90414.0,49,0.000122200,0.007017
Instances/Instances 1/d198_05.gt,197,100.0,86400.0,PTVRP_LAYERED_SAFE,92596.0,51,0.000123900,0.006204
Instances/Instances 1/d198_06.gt,197,100.0,86400.0,PTVRP_LAYERED_SAFE,87760.0,49,0.000131200,0.006083
Instances/Instances 1/d198_07.gt,197,100.0,86400.0,PTVRP_LAYERED_SAFE,88168.0,45,0.000117300,0.005695
Instances/Instances 1/d198_08.gt,197,100.0,86400.0,PTVRP_LAYERED_SAFE,91763.0,48,0.000123800,0.006521
Instances/Instances 1/d198_09.gt,197,100.0,86400.0,PTVRP_LAYERED_SAFE,89474.0,48,0.000120400,0.00651
Instances/Instances 1/d198_10.gt,197,100.0,86400.0,PTVRP_LAYERED_SAFE,92588.0,50,0.000120800,0.006809
Instances/Instances 1/d2103_01.gt,2102,100.0,86400.0,PTVRP_LAYERED_SAFE,1406040.0,385,0.001993900,0.009685
Instances/Instances 1/d2103_02.gt,2102,100.0,86400.0,PTVRP_LAYERED_SAFE,1386768.0,409,0.001953601,0.009681
Instances/Instances 1/d2103_03.gt,2102,100.0,86400.0,PTVRP_LAYERED_SAFE,1414941.0,401,0.001960200,0.010896
Instances/Instances 1/d2103_04.gt,2102,100.0,86400.0,PTVRP_LAYERED_SAFE,1380591.0,394,0.002009700,0.011975
Instances/Instances 1/d2103_05.gt,2102,100.0,86400.0,PTVRP_LAYERED_SAFE,1383278.0,391,0.001996400,0.009983
Instances/Instances 1/d2103_06.gt,2102,100.0,86400.0,PTVRP_LAYERED_SAFE,1380479.0,419,0.002019600,0.011306
Instances/Instances 1/d2103_07.gt,2102,100.0,86400.0,PTVRP_LAYERED_SAFE,1400531.0,394,0.001999100,0.010813
Instances/Instances 1/d2103_08.gt,2102,100.0,86400.0,PTVRP_LAYERED_SAFE,1404670.0,403,0.001982700,0.009117
Instances/Instances 1/d2103_09.gt,2102,100.0,86400.0,PTVRP_LAYERED_SAFE,1377844.0,373,0.001989100,0.010208
Instances/Instances 1/d2103_10.gt,2102,100.0,86400.0,PTVRP_LAYERED_SAFE,1392606.0,397,0.002013500,0.009198
Instances/Instances 1/d493_01.gt,492,100.0,86400.0,PTVRP_LAYERED_SAFE,218874.0,121,0.000401000,0.007259
Instances/Instances 1/d493_02.gt,492,100.0,86400.0,PTVRP_LAYERED_SAFE,208744.0,106,0.000421900,0.006905
Instances/Instances 1/d493_03.gt,492,100.0,86400.0,PTVRP_LAYERED_SAFE,219972.0,117,0.000401700,0.006666
Instances/Instances 1/d493_04.gt,492,100.0,86400.0,PTVRP_LAYERED_SAFE,215511.0,122,0.000398000,0.006131
Instances/Instances 1/d493_05.gt,492,100.0,86400.0,PTVRP_LAYERED_SAFE,218509.0,124,0.000420000,0.007842
Instances/Instances 1/d493_06.gt,492,100.0,86400.0,PTVRP_LAYERED_SAFE,221693.0,125,0.000404500,0.0064
Instances/Instances 1/d493_07.gt,492,100.0,86400.0,PTVRP_LAYERED_SAFE,228900.0,123,0.000403300,0.007299
Instances/Instances 1/d493_08.gt,492,100.0,86400.0,PTVRP_LAYERED_SAFE,206707.0,118,0.000391400,0.007522
Instances/Instances 1/d493_09.gt,492,100.0,86400.0,PTVRP_LAYERED_SAFE,220231.0,118,0.000402600,0.007115
Instances/Instances 1/d493_10.gt,492,100.0,86400.0,PTVRP_LAYERED_SAFE,214301.0,120,0.000419500,0.00749
Instances/Instances 1/d657_01.gt,656,100.0,86400.0,PTVRP_LAYERED_SAFE,374201.0,152,0.000494400,0.008985
Instances/Instances 1/d657_02.gt,656,100.0,86400.0,PTVRP_LAYERED_SAFE,383863.0,150,0.000489200,0.008899
Instances/Instances 1/d657_03.gt,656,100.0,86400.0,PTVRP_LAYERED_SAFE,386558.0,157,0.000480200,0.009377
Instances/Instances 1/d657_04.gt,656,100.0,86400.0,PTVRP_LAYERED_SAFE,393602.0,150,0.000515100,0.008485
Instances/Instances 1/d657_05.gt,656,100.0,86400.0,PTVRP_LAYERED_SAFE,401000.0,160,0.000482100,0.007945
Instances/Instances 1/d657_06.gt,656,100.0,86400.0,PTVRP_LAYERED_SAFE,375869.0,148,0.000477700,0.007921
Instances/Instances 1/d657_07.gt,656,100.0,86400.0,PTVRP_LAYERED_SAFE,385403.0,148,0.000490700,0.008012
Instances/Instances 1/d657_08.gt,656,100.0,86400.0,PTVRP_LAYERED_SAFE,397639.0,147,0.000492200,0.008166
Instances/Instances 1/d657_09.gt,656,100.0,86400.0,PTVRP_LAYERED_SAFE,389290.0,154,0.000504500,0.008684
Instances/Instances 1/d657_10.gt,656,100.0,86400.0,PTVRP_LAYERED_SAFE,388538.0,158,0.000490901,0.008477
Instances/Instances 1/dj38_01.gt,37,100.0,86400.0,PTVRP_LAYERED_SAFE,17501.0,12,0.000013000,0.006101
Instances/Instances 1/dj38_02.gt,37,100.0,86400.0,PTVRP_LAYERED_SAFE,18089.0,12,0.000013100,0.006014
Instances/Instances 1/dj38_03.gt,37,100.0,86400.0,PTVRP_LAYERED_SAFE,16366.0,13,0.000013300,0.006374
Instances/Instances 1/dj38_04.gt,37,100.0,86400.0,PTVRP_LAYERED_SAFE,15411.0,11,0.000011900,0.007116
Instances/Instances 1/dj38_05.gt,37,100.0,86400.0,PTVRP_LAYERED_SAFE,15963.0,12,0.000013500,0.006996
Instances/Instances 1/dj38_06.gt,37,100.0,86400.0,PTVRP_LAYERED_SAFE,15404.0,10,0.000013400,0.006804
Instances/Instances 1/dj38_07.gt,37,100.0,86400.0,PTVRP_LAYERED_SAFE,17275.0,13,0.000012400,0.005383
Instances/Instances 1/dj38_08.gt,37,100.0,86400.0,PTVRP_LAYERED_SAFE,16017.0,11,0.000012000,0.005339
Instances/Instances 1/dj38_09.gt,37,100.0,86400.0,PTVRP_LAYERED_SAFE,14245.0,10,0.000011700,0.005611
Instances/Instances 1/dj38_10.gt,37,100.0,86400.0,PTVRP_LAYERED_SAFE,16887.0,10,0.000012600,0.005432
Instances/Instances 1/eg7146_01.gt,7145,100.0,86400.0,PTVRP_LAYERED_SAFE,5872828.0,1076,0.009344201,0.020578
Instances/Instances 1/eg7146_02.gt,7145,100.0,86400.0,PTVRP_LAYERED_SAFE,5805590.0,1083,0.009395600,0.023058
Instances/Instances 1/eg7146_03.gt,7145,100.0,86400.0,PTVRP_LAYERED_SAFE,5892326.0,1079,0.009592801,0.021922
Instances/Instances 1/eg7146_04.gt,7145,100.0,86400.0,PTVRP_LAYERED_SAFE,5804540.0,1063,0.009416500,0.023649
Instances/Instances 1/eg7146_05.gt,7145,100.0,86400.0,PTVRP_LAYERED_SAFE,5873162.0,1068,0.009431500,0.021499
Instances/Instances 1/eg7146_06.gt,7145,100.0,86400.0,PTVRP_LAYERED_SAFE,5811714.0,1064,0.009388900,0.023213
Instances/Instances 1/eg7146_07.gt,7145,100.0,86400.0,PTVRP_LAYERED_SAFE,5875846.0,1104,0.009417300,0.02208
Instances/Instances 1/eg7146_08.gt,7145,100.0,86400.0,PTVRP_LAYERED_SAFE,5882676.0,1066,0.009412500,0.023977
Instances/Instances 1/eg7146_09.gt,7145,100.0,86400.0,PTVRP_LAYERED_SAFE,5826631.0,1083,0.009335600,0.023599
Instances/Instances 1/eg7146_10.gt,7145,100.0,86400.0,PTVRP_LAYERED_SAFE,5907892.0,1080,0.009351401,0.023184
Instances/Instances 1/ei8246_01.gt,8245,100.0,86400.0,PTVRP_LAYERED_SAFE,6036095.0,1381,0.009936300,0.022782
Instances/Instances 1/ei8246_02.gt,8245,100.0,86400.0,PTVRP_LAYERED_SAFE,5995436.0,1336,0.009805701,0.024743
Instances/Instances 1/ei8246_03.gt,8245,100.0,86400.0,PTVRP_LAYERED_SAFE,6008994.0,1350,0.009788600,0.024629
Instances/Instances 1/ei8246_04.gt,8245,100.0,86400.0,PTVRP_LAYERED_SAFE,5992487.0,1319,0.009796000,0.025886
Instances/Instances 1/ei8246_05.gt,8245,100.0,86400.0,PTVRP_LAYERED_SAFE,6005246.0,1338,0.009769701,0.023997
Instances/Instances 1/ei8246_06.gt,8245,100.0,86400.0,PTVRP_LAYERED_SAFE,6000276.0,1357,0.009797800,0.023902
Instances/Instances 1/ei8246_07.gt,8245,100.0,86400.0,PTVRP_LAYERED_SAFE,6028694.0,1362,0.009841101,0.022825
Instances/Instances 1/ei8246_08.gt,8245,100.0,86400.0,PTVRP_LAYERED_SAFE,5970521.0,1391,0.009905800,0.020878
Instances/Instances 1/ei8246_09.gt,8245,100.0,86400.0,PTVRP_LAYERED_SAFE,6045797.0,1386,0.009799401,0.022166
Instances/Instances 1/ei8246_10.gt,8245,100.0,86400.0,PTVRP_LAYERED_SAFE,5925891.0,1359,0.009925000,0.022467
Instances/Instances 1/eil101_01.gt,100,100.0,86400.0,PTVRP_LAYERED_SAFE,1941.0,30,0.000054200,0.008406
Instances/Instances 1/eil101_02.gt,100,100.0,86400.0,PTVRP_LAYERED_SAFE,1871.0,29,0.000056000,0.006865
Instances/Instances 1/eil101_03.gt,100,100.0,86400.0,PTVRP_LAYERED_SAFE,1933.0,29,0.000054900,0.0053
Instances/Instances 1/eil101_04.gt,100,100.0,86400.0,PTVRP_LAYERED_SAFE,1815.0,29,0.000051700,0.005858
Instances/Instances 1/eil101_05.gt,100,100.0,86400.0,PTVRP_LAYERED_SAFE,1975.0,32,0.000057900,0.00659
Instances/Instances 1/eil101_06.gt,100,100.0,86400.0,PTVRP_LAYERED_SAFE,1791.0,29,0.000050500,0.006831
Instances/Instances 1/eil101_07.gt,100,100.0,86400.0,PTVRP_LAYERED_SAFE,1837.0,27,0.000055700,0.007888
Instances/Instances 1/eil101_08.gt,100,100.0,86400.0,PTVRP_LAYERED_SAFE,1917.0,28,0.000056300,0.009697
Instances/Instances 1/eil101_09.gt,100,100.0,86400.0,PTVRP_LAYERED_SAFE,1861.0,29,0.000055300,0.009216
Instances/Instances 1/eil101_10.gt,100,100.0,86400.0,PTVRP_LAYERED_SAFE,1990.0,32,0.000054800,0.007301
Instances/Instances 1/eil51_01.gt,50,100.0,86400.0,PTVRP_LAYERED_SAFE,941.0,15,0.000018200,0.005511
Instances/Instances 1/eil51_02.gt,50,100.0,86400.0,PTVRP_LAYERED_SAFE,1005.0,16,0.000018800,0.005348
Instances/Instances 1/eil51_03.gt,50,100.0,86400.0,PTVRP_LAYERED_SAFE,942.0,16,0.000019100,0.004903
Instances/Instances 1/eil51_04.gt,50,100.0,86400.0,PTVRP_LAYERED_SAFE,1016.0,16,0.000017900,0.006518
Instances/Instances 1/eil51_05.gt,50,100.0,86400.0,PTVRP_LAYERED_SAFE,807.0,12,0.000016400,0.006941
Instances/Instances 1/eil51_06.gt,50,100.0,86400.0,PTVRP_LAYERED_SAFE,959.0,15,0.000017100,0.006447
Instances/Instances 1/eil51_07.gt,50,100.0,86400.0,PTVRP_LAYERED_SAFE,1003.0,16,0.000018800,0.006711
Instances/Instances 1/eil51_08.gt,50,100.0,86400.0,PTVRP_LAYERED_SAFE,957.0,15,0.000017100,0.005885
Instances/Instances 1/eil51_09.gt,50,100.0,86400.0,PTVRP_LAYERED_SAFE,999.0,16,0.000019100,0.006208
Instances/Instances 1/eil51_10.gt,50,100.0,86400.0,PTVRP_LAYERED_SAFE,999.0,16,0.000018200,0.006316
Instances/Instances 1/eil76_01.gt,75,100.0,86400.0,PTVRP_LAYERED_SAFE,1401.0,23,0.000034000,0.005284
Instances/Instances 1/eil76_02.gt,75,100.0,86400.0,PTVRP_LAYERED_SAFE,1344.0,22,0.000034200,0.00588
Instances/Instances 1/eil76_03.gt,75,100.0,86400.0,PTVRP_LAYERED_SAFE,1379.0,22,0.000033000,0.004953
Instances/Instances 1/eil76_04.gt,75,100.0,86400.0,PTVRP_LAYERED_SAFE,1376.0,22,0.000032100,0.00554
Instances/Instances 1/eil76_05.gt,75,100.0,86400.0,PTVRP_LAYERED_SAFE,1487.0,23,0.000034200,0.006559
Instances/Instances 1/eil76_06.gt,75,100.0,86400.0,PTVRP_LAYERED_SAFE,1316.0,21,0.000032900,0.005968
Instances/Instances 1/eil76_07.gt,75,100.0,86400.0,PTVRP_LAYERED_SAFE,1539.0,26,0.000034300,0.005228
Instances/Instances 1/eil76_08.gt,75,100.0,86400.0,PTVRP_LAYERED_SAFE,1552.0,25,0.000034600,0.00493
Instances/Instances 1/eil76_09.gt,75,100.0,86400.0,PTVRP_LAYERED_SAFE,1450.0,22,0.000033100,0.005556
Instances/Instances 1/eil76_10.gt,75,100.0,86400.0,PTVRP_LAYERED_SAFE,1412.0,22,0.000033600,0.005694
Instances/Instances 1/fi10639_01.gt,10638,100.0,86400.0,PTVRP_LAYERED_SAFE,17282915.0,1662,0.008236601,0.020063
Instances/Instances 1/fi10639_02.gt,10638,100.0,86400.0,PTVRP_LAYERED_SAFE,17352977.0,1644,0.008232500,0.022932
Instances/Instances 1/fi10639_03.gt,10638,100.0,86400.0,PTVRP_LAYERED_SAFE,17246871.0,1634,0.008282001,0.022166
Instances/Instances 1/fi10639_04.gt,10638,100.0,86400.0,PTVRP_LAYERED_SAFE,17218486.0,1646,0.008291600,0.024133
Instances/Instances 1/fi10639_05.gt,10638,100.0,86400.0,PTVRP_LAYERED_SAFE,17326283.0,1687,0.008259200,0.021675
Instances/Instances 1/fi10639_06.gt,10638,100.0,86400.0,PTVRP_LAYERED_SAFE,17350397.0,1656,0.008260100,0.022153
Instances/Instances 1/fi10639_07.gt,10638,100.0,86400.0,PTVRP_LAYERED_SAFE,17417359.0,1607,0.008372800,0.02103
Instances/Instances 1/fi10639_08.gt,10638,100.0,86400.0,PTVRP_LAYERED_SAFE,17389972.0,1648,0.008385900,0.021243
Instances/Instances 1/fi10639_09.gt,10638,100.0,86400.0,PTVRP_LAYERED_SAFE,17228937.0,1638,0.008362400,0.02752
Instances/Instances 1/fi10639_10.gt,10638,100.0,86400.0,PTVRP_LAYERED_SAFE,17309569.0,1629,0.008233301,0.023432
Instances/Instances 1/fl1400_01.gt,1399,100.0,86400.0,PTVRP_LAYERED_SAFE,727206.0,162,0.001973300,0.010763
Instances/Instances 1/fl1400_02.gt,1399,100.0,86400.0,PTVRP_LAYERED_SAFE,721897.0,171,0.001974600,0.011524
Instances/Instances 1/fl1400_03.gt,1399,100.0,86400.0,PTVRP_LAYERED_SAFE,753870.0,170,0.001968700,0.010099
Instances/Instances 1/fl1400_04.gt,1399,100.0,86400.0,PTVRP_LAYERED_SAFE,742586.0,181,0.001974600,0.009814
Instances/Instances 1/fl1400_05.gt,1399,100.0,86400.0,PTVRP_LAYERED_SAFE,712240.0,178,0.001958000,0.009601
Instances/Instances 1/fl1400_06.gt,1399,100.0,86400.0,PTVRP_LAYERED_SAFE,743043.0,174,0.001984900,0.009868
Instances/Instances 1/fl1400_07.gt,1399,100.0,86400.0,PTVRP_LAYERED_SAFE,731588.0,184,0.001962000,0.008861
Instances/Instances 1/fl1400_08.gt,1399,100.0,86400.0,PTVRP_LAYERED_SAFE,712394.0,182,0.001961100,0.009054
Instances/Instances 1/fl1400_09.gt,1399,100.0,86400.0,PTVRP_LAYERED_SAFE,728279.0,186,0.001991200,0.009155
Instances/Instances 1/fl1400_10.gt,1399,100.0,86400.0,PTVRP_LAYERED_SAFE,720405.0,179,0.001956100,0.010221
Instances/Instances 1/fl1577_01.gt,1576,100.0,86400.0,PTVRP_LAYERED_SAFE,534844.0,263,0.002267000,0.010366
Instances/Instances 1/fl1577_02.gt,1576,100.0,86400.0,PTVRP_LAYERED_SAFE,539278.0,267,0.002308300,0.011391
Instances/Instances 1/fl1577_03.gt,1576,100.0,86400.0,PTVRP_LAYERED_SAFE,535804.0,272,0.002326400,0.00975
Instances/Instances 1/fl1577_04.gt,1576,100.0,86400.0,PTVRP_LAYERED_SAFE,527925.0,282,0.002352200,0.010966
Instances/Instances 1/fl1577_05.gt,1576,100.0,86400.0,PTVRP_LAYERED_SAFE,543822.0,290,0.002303000,0.010777
Instances/Instances 1/fl1577_06.gt,1576,100.0,86400.0,PTVRP_LAYERED_SAFE,535457.0,271,0.002315200,0.009068
Instances/Instances 1/fl1577_07.gt,1576,100.0,86400.0,PTVRP_LAYERED_SAFE,528625.0,280,0.002275700,0.009726
Instances/Instances 1/fl1577_08.gt,1576,100.0,86400.0,PTVRP_LAYERED_SAFE,540003.0,264,0.002294800,0.009136
Instances/Instances 1/fl1577_09.gt,1576,100.0,86400.0,PTVRP_LAYERED_SAFE,528335.0,287,0.002324600,0.011281
Instances/Instances 1/fl1577_10.gt,1576,100.0,86400.0,PTVRP_LAYERED_SAFE,534445.0,255,0.002269100,0.011084
Instances/Instances 1/fl3795_01.gt,3794,100.0,86400.0,PTVRP_LAYERED_SAFE,1406061.0,540,0.007252300,0.017401
Instances/Instances 1/fl3795_02.gt,3794,100.0,86400.0,PTVRP_LAYERED_SAFE,1404211.0,530,0.007216600,0.016455
Instances/Instances 1/fl3795_03.gt,3794,100.0,86400.0,PTVRP_LAYERED_SAFE,1371508.0,508,0.007188200,0.01826
Instances/Instances 1/fl3795_04.gt,3794,100.0,86400.0,PTVRP_LAYERED_SAFE,1376200.0,532,0.007198100,0.017169
Instances/Instances 1/fl3795_05.gt,3794,100.0,86400.0,PTVRP_LAYERED_SAFE,1387007.0,533,0.007267300,0.017574
Instances/Instances 1/fl3795_06.gt,3794,100.0,86400.0,PTVRP_LAYERED_SAFE,1373034.0,530,0.007266500,0.017783
Instances/Instances 1/fl3795_07.gt,3794,100.0,86400.0,PTVRP_LAYERED_SAFE,1405649.0,521,0.007207201,0.015783
Instances/Instances 1/fl3795_08.gt,3794,100.0,86400.0,PTVRP_LAYERED_SAFE,1354989.0,555,0.007239600,0.018274
Instances/Instances 1/fl3795_09.gt,3794,100.0,86400.0,PTVRP_LAYERED_SAFE,1393201.0,523,0.007236100,0.016094
Instances/Instances 1/fl3795_10.gt,3794,100.0,86400.0,PTVRP_LAYERED_SAFE,1390318.0,542,0.007245700,0.019
Instances/Instances 1/fl417_01.gt,416,100.0,86400.0,PTVRP_LAYERED_SAFE,228870.0,69,0.000363200,0.008426
Instances/Instances 1/fl417_02.gt,416,100.0,86400.0,PTVRP_LAYERED_SAFE,210516.0,68,0.000364000,0.005874
Instances/Instances 1/fl417_03.gt,416,100.0,86400.0,PTVRP_LAYERED_SAFE,225998.0,69,0.000367600,0.006278
Instances/Instances 1/fl417_04.gt,416,100.0,86400.0,PTVRP_LAYERED_SAFE,214650.0,68,0.000360100,0.00583
Instances/Instances 1/fl417_05.gt,416,100.0,86400.0,PTVRP_LAYERED_SAFE,227531.0,66,0.000397800,0.006571
Instances/Instances 1/fl417_06.gt,416,100.0,86400.0,PTVRP_LAYERED_SAFE,219688.0,63,0.000400900,0.007171
Instances/Instances 1/fl417_07.gt,416,100.0,86400.0,PTVRP_LAYERED_SAFE,229950.0,70,0.000363800,0.006249
Instances/Instances 1/fl417_08.gt,416,100.0,86400.0,PTVRP_LAYERED_SAFE,225032.0,64,0.000369900,0.006662
Instances/Instances 1/fl417_09.gt,416,100.0,86400.0,PTVRP_LAYERED_SAFE,219366.0,70,0.000360700,0.00691
Instances/Instances 1/fl417_10.gt,416,100.0,86400.0,PTVRP_LAYERED_SAFE,230888.0,70,0.000369400,0.006373
Instances/Instances 1/fnl4461_01.gt,4460,100.0,86400.0,PTVRP_LAYERED_SAFE,3582667.0,834,0.004232100,0.013617
Instances/Instances 1/fnl4461_02.gt,4460,100.0,86400.0,PTVRP_LAYERED_SAFE,3544936.0,836,0.004201900,0.013566
Instances/Instances 1/fnl4461_03.gt,4460,100.0,86400.0,PTVRP_LAYERED_SAFE,3555464.0,854,0.004244500,0.017169
Instances/Instances 1/fnl4461_04.gt,4460,100.0,86400.0,PTVRP_LAYERED_SAFE,3558776.0,820,0.004255100,0.014601
Instances/Instances 1/fnl4461_05.gt,4460,100.0,86400.0,PTVRP_LAYERED_SAFE,3464972.0,830,0.004205100,0.015211
Instances/Instances 1/fnl4461_06.gt,4460,100.0,86400.0,PTVRP_LAYERED_SAFE,3515932.0,842,0.004224800,0.015166
Instances/Instances 1/fnl4461_07.gt,4460,100.0,86400.0,PTVRP_LAYERED_SAFE,3493295.0,850,0.004256700,0.014086
Instances/Instances 1/fnl4461_08.gt,4460,100.0,86400.0,PTVRP_LAYERED_SAFE,3465909.0,818,0.004203400,0.01497
Instances/Instances 1/fnl4461_09.gt,4460,100.0,86400.0,PTVRP_LAYERED_SAFE,3484176.0,817,0.004205800,0.015284
Instances/Instances 1/fnl4461_10.gt,4460,100.0,86400.0,PTVRP_LAYERED_SAFE,3503324.0,809,0.004185700,0.015758
Instances/Instances 1/gil262_01.gt,261,100.0,86400.0,PTVRP_LAYERED_SAFE,13466.0,63,0.000300400,0.007004
Instances/Instances 1/gil262_02.gt,261,100.0,86400.0,PTVRP_LAYERED_SAFE,12652.0,65,0.000289400,0.008069
Instances/Instances 1/gil262_03.gt,261,100.0,86400.0,PTVRP_LAYERED_SAFE,12682.0,67,0.000293500,0.006814
Instances/Instances 1/gil262_04.gt,261,100.0,86400.0,PTVRP_LAYERED_SAFE,13102.0,66,0.000298400,0.007077
Instances/Instances 1/gil262_05.gt,261,100.0,86400.0,PTVRP_LAYERED_SAFE,13680.0,77,0.000304200,0.006777
Instances/Instances 1/gil262_06.gt,261,100.0,86400.0,PTVRP_LAYERED_SAFE,12425.0,65,0.000288300,0.007144
Instances/Instances 1/gil262_07.gt,261,100.0,86400.0,PTVRP_LAYERED_SAFE,13351.0,65,0.000302800,0.007474
Instances/Instances 1/gil262_08.gt,261,100.0,86400.0,PTVRP_LAYERED_SAFE,12903.0,65,0.000303500,0.007697
Instances/Instances 1/gil262_09.gt,261,100.0,86400.0,PTVRP_LAYERED_SAFE,12607.0,69,0.000285600,0.007203
Instances/Instances 1/gil262_10.gt,261,100.0,86400.0,PTVRP_LAYERED_SAFE,12916.0,70,0.000288600,0.007535
Instances/Instances 1/gr9882_01.gt,9881,100.0,86400.0,PTVRP_LAYERED_SAFE,11487691.0,1457,0.009719401,0.022571
Instances/Instances 1/gr9882_02.gt,9881,100.0,86400.0,PTVRP_LAYERED_SAFE,11476202.0,1464,0.009665200,0.024831
Instances/Instances 1/gr9882_03.gt,9881,100.0,86400.0,PTVRP_LAYERED_SAFE,11398873.0,1523,0.009815500,0.022764
Instances/Instances 1/gr9882_04.gt,9881,100.0,86400.0,PTVRP_LAYERED_SAFE,11535214.0,1501,0.009605000,0.024156
Instances/Instances 1/gr9882_05.gt,9881,100.0,86400.0,PTVRP_LAYERED_SAFE,11439167.0,1514,0.009688700,0.025691
Instances/Instances 1/gr9882_06.gt,9881,100.0,86400.0,PTVRP_LAYERED_SAFE,11389497.0,1471,0.009788001,0.025192
Instances/Instances 1/gr9882_07.gt,9881,100.0,86400.0,PTVRP_LAYERED_SAFE,11635037.0,1545,0.009671700,0.022049
Instances/Instances 1/gr9882_08.gt,9881,100.0,86400.0,PTVRP_LAYERED_SAFE,11431551.0,1453,0.009647301,0.023158
Instances/Instances 1/gr9882_09.gt,9881,100.0,86400.0,PTVRP_LAYERED_SAFE,11502987.0,1503,0.009693200,0.022952
Instances/Instances 1/gr9882_10.gt,9881,100.0,86400.0,PTVRP_LAYERED_SAFE,11389039.0,1472,0.009682300,0.024668
Instances/Instances 1/ho14473_01.gt,14472,100.0,86400.0,PTVRP_LAYERED_SAFE,8450979.0,2017,0.022979101,0.041495
Instances/Instances 1/ho14473_02.gt,14472,100.0,86400.0,PTVRP_LAYERED_SAFE,8551245.0,1935,0.022826501,0.040273
Instances/Instances 1/ho14473_03.gt,14472,100.0,86400.0,PTVRP_LAYERED_SAFE,8494553.0,1967,0.022828801,0.040654
Instances/Instances 1/ho14473_04.gt,14472,100.0,86400.0,PTVRP_LAYERED_SAFE,8464073.0,1967,0.022692301,0.039829
Instances/Instances 1/ho14473_05.gt,14472,100.0,86400.0,PTVRP_LAYERED_SAFE,8531524.0,1959,0.022680101,0.040609
Instances/Instances 1/ho14473_06.gt,14472,100.0,86400.0,PTVRP_LAYERED_SAFE,8541073.0,1949,0.022453701,0.04072
Instances/Instances 1/ho14473_07.gt,14472,100.0,86400.0,PTVRP_LAYERED_SAFE,8454546.0,1981,0.022842301,0.042444
Instances/Instances 1/ho14473_08.gt,14472,100.0,86400.0,PTVRP_LAYERED_SAFE,8528038.0,1954,0.023149201,0.039509
Instances/Instances 1/ho14473_09.gt,14472,100.0,86400.0,PTVRP_LAYERED_SAFE,8463085.0,1981,0.022961101,0.039867
Instances/Instances 1/ho14473_10.gt,14472,100.0,86400.0,PTVRP_LAYERED_SAFE,8488202.0,1985,0.022821701,0.041402
Instances/Instances 1/it16862_01.gt,16861,100.0,86400.0,PTVRP_LAYERED_SAFE,27987539.0,2424,0.015048700,0.03391
Instances/Instances 1/it16862_02.gt,16861,100.0,86400.0,PTVRP_LAYERED_SAFE,27641746.0,2437,0.015062600,0.033674
Instances/Instances 1/it16862_03.gt,16861,100.0,86400.0,PTVRP_LAYERED_SAFE,27891218.0,2406,0.015041300,0.035819
Instances/Instances 1/it16862_04.gt,16861,100.0,86400.0,PTVRP_LAYERED_SAFE,27421558.0,2385,0.014938300,0.037829
Instances/Instances 1/it16862_05.gt,16861,100.0,86400.0,PTVRP_LAYERED_SAFE,27570152.0,2446,0.015215400,0.037566
Instances/Instances 1/it16862_06.gt,16861,100.0,86400.0,PTVRP_LAYERED_SAFE,27578707.0,2418,0.015295701,0.035019
Instances/Instances 1/it16862_07.gt,16861,100.0,86400.0,PTVRP_LAYERED_SAFE,27513777.0,2457,0.015128301,0.035629
Instances/Instances 1/it16862_08.gt,16861,100.0,86400.0,PTVRP_LAYERED_SAFE,27533979.0,2422,0.015076700,0.034844
Instances/Instances 1/it16862_09.gt,16861,100.0,86400.0,PTVRP_LAYERED_SAFE,27761544.0,2415,0.015189700,0.034566
Instances/Instances 1/it16862_10.gt,16861,100.0,86400.0,PTVRP_LAYERED_SAFE,27472803.0,2389,0.015125000,0.035872
Instances/Instances 1/ja9847_01.gt,9846,100.0,86400.0,PTVRP_LAYERED_SAFE,27648638.0,1468,0.006721700,0.021188
Instances/Instances 1/ja9847_02.gt,9846,100.0,86400.0,PTVRP_LAYERED_SAFE,27333879.0,1432,0.006601000,0.024008
Instances/Instances 1/ja9847_03.gt,9846,100.0,86400.0,PTVRP_LAYERED_SAFE,27637210.0,1463,0.006592900,0.021508
Instances/Instances 1/ja9847_04.gt,9846,100.0,86400.0,PTVRP_LAYERED_SAFE,27981221.0,1425,0.006658900,0.023684
Instances/Instances 1/ja9847_05.gt,9846,100.0,86400.0,PTVRP_LAYERED_SAFE,27374297.0,1419,0.006584000,0.023789
Instances/Instances 1/ja9847_06.gt,9846,100.0,86400.0,PTVRP_LAYERED_SAFE,27566024.0,1427,0.006634900,0.0219
Instances/Instances 1/ja9847_07.gt,9846,100.0,86400.0,PTVRP_LAYERED_SAFE,27666982.0,1452,0.006588500,0.023861
Instances/Instances 1/ja9847_08.gt,9846,100.0,86400.0,PTVRP_LAYERED_SAFE,27463241.0,1451,0.006574001,0.022739
Instances/Instances 1/ja9847_09.gt,9846,100.0,86400.0,PTVRP_LAYERED_SAFE,28027321.0,1435,0.006539100,0.022753
Instances/Instances 1/ja9847_10.gt,9846,100.0,86400.0,PTVRP_LAYERED_SAFE,27420272.0,1432,0.006710000,0.023531
Instances/Instances 1/kroA100_01.gt,99,100.0,86400.0,PTVRP_LAYERED_SAFE,86834.0,25,0.000048700,0.010008
Instances/Instances 1/kroA100_02.gt,99,100.0,86400.0,PTVRP_LAYERED_SAFE,84671.0,26,0.000043600,0.006951
Instances/Instances 1/kroA100_03.gt,99,100.0,86400.0,PTVRP_LAYERED_SAFE,87711.0,29,0.000043600,0.005367
Instances/Instances 1/kroA100_04.gt,99,100.0,86400.0,PTVRP_LAYERED_SAFE,82549.0,27,0.000040900,0.005337
Instances/Instances 1/kroA100_05.gt,99,100.0,86400.0,PTVRP_LAYERED_SAFE,88688.0,26,0.000042900,0.008397
Instances/Instances 1/kroA100_06.gt,99,100.0,86400.0,PTVRP_LAYERED_SAFE,78665.0,22,0.000042400,0.007886
Instances/Instances 1/kroA100_07.gt,99,100.0,86400.0,PTVRP_LAYERED_SAFE,77189.0,24,0.000042300,0.006081
Instances/Instances 1/kroA100_08.gt,99,100.0,86400.0,PTVRP_LAYERED_SAFE,83787.0,26,0.000040800,0.006781
Instances/Instances 1/kroA100_09.gt,99,100.0,86400.0,PTVRP_LAYERED_SAFE,83857.0,28,0.000041200,0.00624
Instances/Instances 1/kroA100_10.gt,99,100.0,86400.0,PTVRP_LAYERED_SAFE,92338.0,27,0.000043600,0.006283
Instances/Instances 1/kroA150_01.gt,149,100.0,86400.0,PTVRP_LAYERED_SAFE,128307.0,39,0.000069200,0.007388
Instances/Instances 1/kroA150_02.gt,149,100.0,86400.0,PTVRP_LAYERED_SAFE,123703.0,39,0.000070900,0.006663
Instances/Instances 1/kroA150_03.gt,149,100.0,86400.0,PTVRP_LAYERED_SAFE,118944.0,35,0.000067400,0.006223
Instances/Instances 1/kroA150_04.gt,149,100.0,86400.0,PTVRP_LAYERED_SAFE,122973.0,37,0.000068500,0.006159
Instances/Instances 1/kroA150_05.gt,149,100.0,86400.0,PTVRP_LAYERED_SAFE,115496.0,37,0.000066500,0.006729
Instances/Instances 1/kroA150_06.gt,149,100.0,86400.0,PTVRP_LAYERED_SAFE,122263.0,40,0.000068400,0.006697
Instances/Instances 1/kroA150_07.gt,149,100.0,86400.0,PTVRP_LAYERED_SAFE,136289.0,43,0.000071500,0.0052
Instances/Instances 1/kroA150_08.gt,149,100.0,86400.0,PTVRP_LAYERED_SAFE,130607.0,39,0.000069000,0.004756
Instances/Instances 1/kroA150_09.gt,149,100.0,86400.0,PTVRP_LAYERED_SAFE,136443.0,37,0.000068200,0.006003
Instances/Instances 1/kroA150_10.gt,149,100.0,86400.0,PTVRP_LAYERED_SAFE,122633.0,38,0.000066100,0.005956
Instances/Instances 1/kroA200_01.gt,199,100.0,86400.0,PTVRP_LAYERED_SAFE,168343.0,50,0.000101900,0.005943
Instances/Instances 1/kroA200_02.gt,199,100.0,86400.0,PTVRP_LAYERED_SAFE,154624.0,48,0.000098500,0.006084
Instances/Instances 1/kroA200_03.gt,199,100.0,86400.0,PTVRP_LAYERED_SAFE,170703.0,54,0.000098700,0.006505
Instances/Instances 1/kroA200_04.gt,199,100.0,86400.0,PTVRP_LAYERED_SAFE,178481.0,59,0.000100900,0.008128
Instances/Instances 1/kroA200_05.gt,199,100.0,86400.0,PTVRP_LAYERED_SAFE,154672.0,48,0.000099100,0.006283
Instances/Instances 1/kroA200_06.gt,199,100.0,86400.0,PTVRP_LAYERED_SAFE,172719.0,47,0.000101800,0.006231
Instances/Instances 1/kroA200_07.gt,199,100.0,86400.0,PTVRP_LAYERED_SAFE,176009.0,54,0.000099700,0.005491
Instances/Instances 1/kroA200_08.gt,199,100.0,86400.0,PTVRP_LAYERED_SAFE,165318.0,45,0.000098100,0.005766
Instances/Instances 1/kroA200_09.gt,199,100.0,86400.0,PTVRP_LAYERED_SAFE,153686.0,42,0.000098800,0.006937
Instances/Instances 1/kroA200_10.gt,199,100.0,86400.0,PTVRP_LAYERED_SAFE,168085.0,46,0.000100400,0.007134
Instances/Instances 1/kroB100_01.gt,99,100.0,86400.0,PTVRP_LAYERED_SAFE,86708.0,28,0.000042200,0.00702
Instances/Instances 1/kroB100_02.gt,99,100.0,86400.0,PTVRP_LAYERED_SAFE,85130.0,27,0.000041800,0.007286
Instances/Instances 1/kroB100_03.gt,99,100.0,86400.0,PTVRP_LAYERED_SAFE,80181.0,26,0.000039300,0.004997
Instances/Instances 1/kroB100_04.gt,99,100.0,86400.0,PTVRP_LAYERED_SAFE,85698.0,27,0.000040500,0.006158
Instances/Instances 1/kroB100_05.gt,99,100.0,86400.0,PTVRP_LAYERED_SAFE,93315.0,28,0.000042300,0.005466
Instances/Instances 1/kroB100_06.gt,99,100.0,86400.0,PTVRP_LAYERED_SAFE,88059.0,27,0.000040700,0.006684
Instances/Instances 1/kroB100_07.gt,99,100.0,86400.0,PTVRP_LAYERED_SAFE,98254.0,33,0.000041900,0.006488
Instances/Instances 1/kroB100_08.gt,99,100.0,86400.0,PTVRP_LAYERED_SAFE,85480.0,27,0.000059100,0.006789
Instances/Instances 1/kroB100_09.gt,99,100.0,86400.0,PTVRP_LAYERED_SAFE,79499.0,24,0.000039000,0.006775
Instances/Instances 1/kroB100_10.gt,99,100.0,86400.0,PTVRP_LAYERED_SAFE,86982.0,26,0.000041600,0.0064
Instances/Instances 1/kroB150_01.gt,149,100.0,86400.0,PTVRP_LAYERED_SAFE,133262.0,42,0.000070900,0.006444
Instances/Instances 1/kroB150_02.gt,149,100.0,86400.0,PTVRP_LAYERED_SAFE,126330.0,33,0.000067800,0.006696
Instances/Instances 1/kroB150_03.gt,149,100.0,86400.0,PTVRP_LAYERED_SAFE,135049.0,39,0.000071900,0.00645
Instances/Instances 1/kroB150_04.gt,149,100.0,86400.0,PTVRP_LAYERED_SAFE,129944.0,35,0.000070400,0.007014
Instances/Instances 1/kroB150_05.gt,149,100.0,86400.0,PTVRP_LAYERED_SAFE,143513.0,37,0.000070900,0.007556
Instances/Instances 1/kroB150_06.gt,149,100.0,86400.0,PTVRP_LAYERED_SAFE,118839.0,36,0.000066600,0.006316
Instances/Instances 1/kroB150_07.gt,149,100.0,86400.0,PTVRP_LAYERED_SAFE,131276.0,37,0.000072000,0.005687
Instances/Instances 1/kroB150_08.gt,149,100.0,86400.0,PTVRP_LAYERED_SAFE,131033.0,32,0.000069500,0.005594
Instances/Instances 1/kroB150_09.gt,149,100.0,86400.0,PTVRP_LAYERED_SAFE,133827.0,39,0.000074300,0.00694
Instances/Instances 1/kroB150_10.gt,149,100.0,86400.0,PTVRP_LAYERED_SAFE,131518.0,39,0.000071400,0.006793
Instances/Instances 1/kroB200_01.gt,199,100.0,86400.0,PTVRP_LAYERED_SAFE,163688.0,56,0.000103600,0.006367
Instances/Instances 1/kroB200_02.gt,199,100.0,86400.0,PTVRP_LAYERED_SAFE,155461.0,47,0.000102400,0.006902
Instances/Instances 1/kroB200_03.gt,199,100.0,86400.0,PTVRP_LAYERED_SAFE,169873.0,57,0.000105900,0.00672
Instances/Instances 1/kroB200_04.gt,199,100.0,86400.0,PTVRP_LAYERED_SAFE,161234.0,52,0.000103400,0.008363
Instances/Instances 1/kroB200_05.gt,199,100.0,86400.0,PTVRP_LAYERED_SAFE,162830.0,46,0.000104700,0.007184
Instances/Instances 1/kroB200_06.gt,199,100.0,86400.0,PTVRP_LAYERED_SAFE,171216.0,51,0.000105400,0.005628
Instances/Instances 1/kroB200_07.gt,199,100.0,86400.0,PTVRP_LAYERED_SAFE,165138.0,47,0.000101600,0.005829
Instances/Instances 1/kroB200_08.gt,199,100.0,86400.0,PTVRP_LAYERED_SAFE,161250.0,50,0.000125800,0.005644
Instances/Instances 1/kroB200_09.gt,199,100.0,86400.0,PTVRP_LAYERED_SAFE,170901.0,56,0.000104300,0.005215
Instances/Instances 1/kroB200_10.gt,199,100.0,86400.0,PTVRP_LAYERED_SAFE,156480.0,48,0.000101900,0.004882
Instances/Instances 1/kroC100_01.gt,99,100.0,86400.0,PTVRP_LAYERED_SAFE,90576.0,28,0.000041300,0.006366
Instances/Instances 1/kroC100_02.gt,99,100.0,86400.0,PTVRP_LAYERED_SAFE,86256.0,28,0.000041200,0.005588
Instances/Instances 1/kroC100_03.gt,99,100.0,86400.0,PTVRP_LAYERED_SAFE,85136.0,27,0.000041600,0.005577
Instances/Instances 1/kroC100_04.gt,99,100.0,86400.0,PTVRP_LAYERED_SAFE,90678.0,28,0.000042000,0.005714
Instances/Instances 1/kroC100_05.gt,99,100.0,86400.0,PTVRP_LAYERED_SAFE,101739.0,30,0.000042700,0.005117
Instances/Instances 1/kroC100_06.gt,99,100.0,86400.0,PTVRP_LAYERED_SAFE,93858.0,28,0.000042300,0.005764
Instances/Instances 1/kroC100_07.gt,99,100.0,86400.0,PTVRP_LAYERED_SAFE,87631.0,25,0.000041600,0.005355
Instances/Instances 1/kroC100_08.gt,99,100.0,86400.0,PTVRP_LAYERED_SAFE,88454.0,27,0.000042500,0.004917
Instances/Instances 1/kroC100_09.gt,99,100.0,86400.0,PTVRP_LAYERED_SAFE,88204.0,26,0.000042200,0.005733
Instances/Instances 1/kroC100_10.gt,99,100.0,86400.0,PTVRP_LAYERED_SAFE,92309.0,26,0.000043600,0.005814
Instances/Instances 1/kroD100_01.gt,99,100.0,86400.0,PTVRP_LAYERED_SAFE,82273.0,28,0.000041600,0.006343
Instances/Instances 1/kroD100_02.gt,99,100.0,86400.0,PTVRP_LAYERED_SAFE,82368.0,28,0.000041600,0.005747
Instances/Instances 1/kroD100_03.gt,99,100.0,86400.0,PTVRP_LAYERED_SAFE,81409.0,26,0.000040800,0.006945
Instances/Instances 1/kroD100_04.gt,99,100.0,86400.0,PTVRP_LAYERED_SAFE,80842.0,30,0.000041400,0.006884
Instances/Instances 1/kroD100_05.gt,99,100.0,86400.0,PTVRP_LAYERED_SAFE,96426.0,33,0.000043600,0.005893
Instances/Instances 1/kroD100_06.gt,99,100.0,86400.0,PTVRP_LAYERED_SAFE,87663.0,29,0.000041400,0.006224
Instances/Instances 1/kroD100_07.gt,99,100.0,86400.0,PTVRP_LAYERED_SAFE,80550.0,29,0.000041300,0.006557
Instances/Instances 1/kroD100_08.gt,99,100.0,86400.0,PTVRP_LAYERED_SAFE,84065.0,30,0.000042900,0.008278
Instances/Instances 1/kroD100_09.gt,99,100.0,86400.0,PTVRP_LAYERED_SAFE,86099.0,27,0.000042600,0.006748
Instances/Instances 1/kroD100_10.gt,99,100.0,86400.0,PTVRP_LAYERED_SAFE,91048.0,27,0.000042000,0.006388
Instances/Instances 1/kroE100_01.gt,99,100.0,86400.0,PTVRP_LAYERED_SAFE,86110.0,27,0.000040500,0.007351
Instances/Instances 1/kroE100_02.gt,99,100.0,86400.0,PTVRP_LAYERED_SAFE,89231.0,26,0.000040500,0.00706
Instances/Instances 1/kroE100_03.gt,99,100.0,86400.0,PTVRP_LAYERED_SAFE,87193.0,26,0.000039900,0.006547
Instances/Instances 1/kroE100_04.gt,99,100.0,86400.0,PTVRP_LAYERED_SAFE,90282.0,29,0.000040100,0.005722
Instances/Instances 1/kroE100_05.gt,99,100.0,86400.0,PTVRP_LAYERED_SAFE,99459.0,30,0.000041800,0.005917
Instances/Instances 1/kroE100_06.gt,99,100.0,86400.0,PTVRP_LAYERED_SAFE,94485.0,28,0.000041100,0.004805
Instances/Instances 1/kroE100_07.gt,99,100.0,86400.0,PTVRP_LAYERED_SAFE,87299.0,27,0.000042200,0.005249
Instances/Instances 1/kroE100_08.gt,99,100.0,86400.0,PTVRP_LAYERED_SAFE,93563.0,25,0.000040700,0.005774
Instances/Instances 1/kroE100_09.gt,99,100.0,86400.0,PTVRP_LAYERED_SAFE,89894.0,29,0.000041100,0.006198
Instances/Instances 1/kroE100_10.gt,99,100.0,86400.0,PTVRP_LAYERED_SAFE,92829.0,27,0.000042300,0.006599
Instances/Instances 1/kz9976_01.gt,9975,100.0,86400.0,PTVRP_LAYERED_SAFE,53922029.0,1712,0.004091601,0.016302
Instances/Instances 1/kz9976_02.gt,9975,100.0,86400.0,PTVRP_LAYERED_SAFE,53800345.0,1697,0.004084600,0.019687
Instances/Instances 1/kz9976_03.gt,9975,100.0,86400.0,PTVRP_LAYERED_SAFE,54541228.0,1681,0.004082701,0.021509
Instances/Instances 1/kz9976_04.gt,9975,100.0,86400.0,PTVRP_LAYERED_SAFE,53535869.0,1698,0.004109500,0.01944
Instances/Instances 1/kz9976_05.gt,9975,100.0,86400.0,PTVRP_LAYERED_SAFE,54719017.0,1665,0.004107000,0.017954
Instances/Instances 1/kz9976_06.gt,9975,100.0,86400.0,PTVRP_LAYERED_SAFE,54161072.0,1730,0.004144700,0.021128
Instances/Instances 1/kz9976_07.gt,9975,100.0,86400.0,PTVRP_LAYERED_SAFE,54060574.0,1690,0.004104601,0.021573
Instances/Instances 1/kz9976_08.gt,9975,100.0,86400.0,PTVRP_LAYERED_SAFE,53985784.0,1668,0.004079800,0.020598
Instances/Instances 1/kz9976_09.gt,9975,100.0,86400.0,PTVRP_LAYERED_SAFE,54525800.0,1722,0.004184301,0.020676
Instances/Instances 1/kz9976_10.gt,9975,100.0,86400.0,PTVRP_LAYERED_SAFE,54067196.0,1734,0.004190400,0.01754
Instances/Instances 1/lin105_01.gt,104,100.0,86400.0,PTVRP_LAYERED_SAFE,60512.0,31,0.000050200,0.00845
Instances/Instances 1/lin105_02.gt,104,100.0,86400.0,PTVRP_LAYERED_SAFE,62295.0,28,0.000051900,0.008254
Instances/Instances 1/lin105_03.gt,104,100.0,86400.0,PTVRP_LAYERED_SAFE,58855.0,29,0.000047600,0.007442
Instances/Instances 1/lin105_04.gt,104,100.0,86400.0,PTVRP_LAYERED_SAFE,61853.0,23,0.000050000,0.007142
Instances/Instances 1/lin105_05.gt,104,100.0,86400.0,PTVRP_LAYERED_SAFE,54618.0,27,0.000048300,0.007637
Instances/Instances 1/lin105_06.gt,104,100.0,86400.0,PTVRP_LAYERED_SAFE,58818.0,27,0.000049200,0.006262
Instances/Instances 1/lin105_07.gt,104,100.0,86400.0,PTVRP_LAYERED_SAFE,64862.0,26,0.000071800,0.006251
Instances/Instances 1/lin105_08.gt,104,100.0,86400.0,PTVRP_LAYERED_SAFE,57052.0,29,0.000049100,0.006111
Instances/Instances 1/lin105_09.gt,104,100.0,86400.0,PTVRP_LAYERED_SAFE,62739.0,29,0.000048700,0.00821
Instances/Instances 1/lin105_10.gt,104,100.0,86400.0,PTVRP_LAYERED_SAFE,61101.0,30,0.000049300,0.006456
Instances/Instances 1/lin318_01.gt,317,100.0,86400.0,PTVRP_LAYERED_SAFE,270492.0,77,0.000175100,0.006864
Instances/Instances 1/lin318_02.gt,317,100.0,86400.0,PTVRP_LAYERED_SAFE,257547.0,75,0.000175800,0.006912
Instances/Instances 1/lin318_03.gt,317,100.0,86400.0,PTVRP_LAYERED_SAFE,274895.0,79,0.000175300,0.006634
Instances/Instances 1/lin318_04.gt,317,100.0,86400.0,PTVRP_LAYERED_SAFE,264200.0,73,0.000172600,0.006694
Instances/Instances 1/lin318_05.gt,317,100.0,86400.0,PTVRP_LAYERED_SAFE,270495.0,78,0.000174500,0.006176
Instances/Instances 1/lin318_06.gt,317,100.0,86400.0,PTVRP_LAYERED_SAFE,272469.0,77,0.000193500,0.005942
Instances/Instances 1/lin318_07.gt,317,100.0,86400.0,PTVRP_LAYERED_SAFE,264933.0,73,0.000174400,0.006389
Instances/Instances 1/lin318_08.gt,317,100.0,86400.0,PTVRP_LAYERED_SAFE,290795.0,83,0.000180200,0.005734
Instances/Instances 1/lin318_09.gt,317,100.0,86400.0,PTVRP_LAYERED_SAFE,271482.0,67,0.000196300,0.006716
Instances/Instances 1/lin318_10.gt,317,100.0,86400.0,PTVRP_LAYERED_SAFE,280639.0,76,0.000175800,0.007232
Instances/Instances 1/linhp318_01.gt,317,100.0,86400.0,PTVRP_LAYERED_SAFE,281713.0,86,0.000176300,0.006352
Instances/Instances 1/linhp318_02.gt,317,100.0,86400.0,PTVRP_LAYERED_SAFE,277548.0,74,0.000176500,0.00651
Instances/Instances 1/linhp318_03.gt,317,100.0,86400.0,PTVRP_LAYERED_SAFE,285563.0,76,0.000174200,0.007303
Instances/Instances 1/linhp318_04.gt,317,100.0,86400.0,PTVRP_LAYERED_SAFE,273931.0,80,0.000178900,0.006911
Instances/Instances 1/linhp318_05.gt,317,100.0,86400.0,PTVRP_LAYERED_SAFE,257971.0,73,0.000171800,0.008186
Instances/Instances 1/linhp318_06.gt,317,100.0,86400.0,PTVRP_LAYERED_SAFE,284018.0,76,0.000180300,0.009655
Instances/Instances 1/linhp318_07.gt,317,100.0,86400.0,PTVRP_LAYERED_SAFE,274941.0,83,0.000175500,0.009619
Instances/Instances 1/linhp318_08.gt,317,100.0,86400.0,PTVRP_LAYERED_SAFE,272372.0,76,0.000176800,0.008614
Instances/Instances 1/linhp318_09.gt,317,100.0,86400.0,PTVRP_LAYERED_SAFE,267304.0,73,0.000172400,0.006509
Instances/Instances 1/linhp318_10.gt,317,100.0,86400.0,PTVRP_LAYERED_SAFE,291178.0,81,0.000177000,0.006553
Instances/Instances 1/lu980_01.gt,979,100.0,86400.0,PTVRP_LAYERED_SAFE,136841.0,205,0.001587500,0.008187
Instances/Instances 1/lu980_02.gt,979,100.0,86400.0,PTVRP_LAYERED_SAFE,129486.0,216,0.001560800,0.009766
Instances/Instances 1/lu980_03.gt,979,100.0,86400.0,PTVRP_LAYERED_SAFE,135411.0,206,0.001587700,0.009013
Instances/Instances 1/lu980_04.gt,979,100.0,86400.0,PTVRP_LAYERED_SAFE,134615.0,197,0.001600400,0.009193
Instances/Instances 1/lu980_05.gt,979,100.0,86400.0,PTVRP_LAYERED_SAFE,135926.0,211,0.001590701,0.009697
Instances/Instances 1/lu980_06.gt,979,100.0,86400.0,PTVRP_LAYERED_SAFE,132696.0,216,0.001581700,0.008888
Instances/Instances 1/lu980_07.gt,979,100.0,86400.0,PTVRP_LAYERED_SAFE,133334.0,193,0.001589000,0.010365
Instances/Instances 1/lu980_08.gt,979,100.0,86400.0,PTVRP_LAYERED_SAFE,132127.0,200,0.001565300,0.008751
Instances/Instances 1/lu980_09.gt,979,100.0,86400.0,PTVRP_LAYERED_SAFE,135004.0,198,0.001624000,0.009065
Instances/Instances 1/lu980_10.gt,979,100.0,86400.0,PTVRP_LAYERED_SAFE,130633.0,207,0.001598100,0.008454
Instances/Instances 1/mo14185_01.gt,14184,100.0,86400.0,PTVRP_LAYERED_SAFE,19646765.0,1993,0.013379800,0.029479
Instances/Instances 1/mo14185_02.gt,14184,100.0,86400.0,PTVRP_LAYERED_SAFE,19537097.0,2007,0.013366700,0.031034
Instances/Instances 1/mo14185_03.gt,14184,100.0,86400.0,PTVRP_LAYERED_SAFE,19420393.0,2002,0.013465600,0.032611
Instances/Instances 1/mo14185_04.gt,14184,100.0,86400.0,PTVRP_LAYERED_SAFE,19578291.0,1972,0.013385601,0.029404
Instances/Instances 1/mo14185_05.gt,14184,100.0,86400.0,PTVRP_LAYERED_SAFE,19630530.0,2010,0.013334200,0.030658
Instances/Instances 1/mo14185_06.gt,14184,100.0,86400.0,PTVRP_LAYERED_SAFE,19474285.0,2100,0.013375800,0.032213
Instances/Instances 1/mo14185_07.gt,14184,100.0,86400.0,PTVRP_LAYERED_SAFE,19593432.0,2015,0.013278200,0.03063
Instances/Instances 1/mo14185_08.gt,14184,100.0,86400.0,PTVRP_LAYERED_SAFE,19573544.0,1992,0.018184100,0.063661
Instances/Instances 1/mo14185_09.gt,14184,100.0,86400.0,PTVRP_LAYERED_SAFE,19516835.0,2013,0.013476300,0.032248
Instances/Instances 1/mo14185_10.gt,14184,100.0,86400.0,PTVRP_LAYERED_SAFE,19662663.0,2031,0.013765400,0.031757
Instances/Instances 1/mu1979_01.gt,1978,100.0,86400.0,PTVRP_LAYERED_SAFE,2177670.0,311,0.001981200,0.010471
Instances/Instances 1/mu1979_02.gt,1978,100.0,86400.0,PTVRP_LAYERED_SAFE,2193776.0,342,0.001954900,0.01015
Instances/Instances 1/mu1979_03.gt,1978,100.0,86400.0,PTVRP_LAYERED_SAFE,2233827.0,326,0.001960300,0.010579
Instances/Instances 1/mu1979_04.gt,1978,100.0,86400.0,PTVRP_LAYERED_SAFE,2134080.0,337,0.001947500,0.011795
Instances/Instances 1/mu1979_05.gt,1978,100.0,86400.0,PTVRP_LAYERED_SAFE,2141910.0,318,0.001933000,0.011058
Instances/Instances 1/mu1979_06.gt,1978,100.0,86400.0,PTVRP_LAYERED_SAFE,2122479.0,346,0.001930801,0.010465
Instances/Instances 1/mu1979_07.gt,1978,100.0,86400.0,PTVRP_LAYERED_SAFE,2173158.0,324,0.001925100,0.010041
Instances/Instances 1/mu1979_08.gt,1978,100.0,86400.0,PTVRP_LAYERED_SAFE,2144333.0,311,0.001955000,0.010208
Instances/Instances 1/mu1979_09.gt,1978,100.0,86400.0,PTVRP_LAYERED_SAFE,2217105.0,349,0.001933000,0.010143
Instances/Instances 1/mu1979_10.gt,1978,100.0,86400.0,PTVRP_LAYERED_SAFE,2166367.0,333,0.001954901,0.009827
Instances/Instances 1/nrw1379_01.gt,1378,100.0,86400.0,PTVRP_LAYERED_SAFE,626327.0,300,0.001324000,0.009409
Instances/Instances 1/nrw1379_02.gt,1378,100.0,86400.0,PTVRP_LAYERED_SAFE,623225.0,298,0.001325300,0.008047
Instances/Instances 1/nrw1379_03.gt,1378,100.0,86400.0,PTVRP_LAYERED_SAFE,649974.0,290,0.001353100,0.008618
Instances/Instances 1/nrw1379_04.gt,1378,100.0,86400.0,PTVRP_LAYERED_SAFE,639977.0,292,0.001335300,0.009287
Instances/Instances 1/nrw1379_05.gt,1378,100.0,86400.0,PTVRP_LAYERED_SAFE,632301.0,303,0.001336300,0.009527
Instances/Instances 1/nrw1379_06.gt,1378,100.0,86400.0,PTVRP_LAYERED_SAFE,621596.0,301,0.001324300,0.009044
Instances/Instances 1/nrw1379_07.gt,1378,100.0,86400.0,PTVRP_LAYERED_SAFE,637126.0,305,0.001324500,0.008884
Instances/Instances 1/nrw1379_08.gt,1378,100.0,86400.0,PTVRP_LAYERED_SAFE,628983.0,300,0.001358900,0.009793
Instances/Instances 1/nrw1379_09.gt,1378,100.0,86400.0,PTVRP_LAYERED_SAFE,642832.0,300,0.001343301,0.008627
Instances/Instances 1/nrw1379_10.gt,1378,100.0,86400.0,PTVRP_LAYERED_SAFE,613435.0,289,0.001322900,0.009556
Instances/Instances 1/nu3496_01.gt,3495,100.0,86400.0,PTVRP_LAYERED_SAFE,2096506.0,618,0.004092000,0.013779
Instances/Instances 1/nu3496_02.gt,3495,100.0,86400.0,PTVRP_LAYERED_SAFE,2097921.0,637,0.004059300,0.015705
Instances/Instances 1/nu3496_03.gt,3495,100.0,86400.0,PTVRP_LAYERED_SAFE,2089169.0,649,0.004091500,0.015118
Instances/Instances 1/nu3496_04.gt,3495,100.0,86400.0,PTVRP_LAYERED_SAFE,2118845.0,595,0.004063600,0.01482
Instances/Instances 1/nu3496_05.gt,3495,100.0,86400.0,PTVRP_LAYERED_SAFE,2155803.0,626,0.004114800,0.012971
Instances/Instances 1/nu3496_06.gt,3495,100.0,86400.0,PTVRP_LAYERED_SAFE,2102054.0,593,0.004106900,0.014985
Instances/Instances 1/nu3496_07.gt,3495,100.0,86400.0,PTVRP_LAYERED_SAFE,2098348.0,601,0.004099600,0.014376
Instances/Instances 1/nu3496_08.gt,3495,100.0,86400.0,PTVRP_LAYERED_SAFE,2114490.0,613,0.004116000,0.014767
Instances/Instances 1/nu3496_09.gt,3495,100.0,86400.0,PTVRP_LAYERED_SAFE,2126374.0,623,0.004134600,0.015924
Instances/Instances 1/nu3496_10.gt,3495,100.0,86400.0,PTVRP_LAYERED_SAFE,2133569.0,614,0.004086600,0.01508
Instances/Instances 1/p654_01.gt,653,100.0,86400.0,PTVRP_LAYERED_SAFE,894357.0,92,0.000480600,0.008522
Instances/Instances 1/p654_02.gt,653,100.0,86400.0,PTVRP_LAYERED_SAFE,860557.0,86,0.000501300,0.008272
Instances/Instances 1/p654_03.gt,653,100.0,86400.0,PTVRP_LAYERED_SAFE,913604.0,104,0.000486700,0.006377
Instances/Instances 1/p654_04.gt,653,100.0,86400.0,PTVRP_LAYERED_SAFE,882536.0,88,0.000493500,0.006991
Instances/Instances 1/p654_05.gt,653,100.0,86400.0,PTVRP_LAYERED_SAFE,894876.0,101,0.000476100,0.006183
Instances/Instances 1/p654_06.gt,653,100.0,86400.0,PTVRP_LAYERED_SAFE,919082.0,103,0.000475500,0.007456
Instances/Instances 1/p654_07.gt,653,100.0,86400.0,PTVRP_LAYERED_SAFE,900668.0,90,0.000485300,0.008501
Instances/Instances 1/p654_08.gt,653,100.0,86400.0,PTVRP_LAYERED_SAFE,902248.0,85,0.000475900,0.007896
Instances/Instances 1/p654_09.gt,653,100.0,86400.0,PTVRP_LAYERED_SAFE,844375.0,80,0.000482700,0.006025
Instances/Instances 1/p654_10.gt,653,100.0,86400.0,PTVRP_LAYERED_SAFE,900722.0,88,0.000486100,0.007946
Instances/Instances 1/pcb1173_01.gt,1172,100.0,86400.0,PTVRP_LAYERED_SAFE,614012.0,264,0.001043400,0.007952
Instances/Instances 1/pcb1173_02.gt,1172,100.0,86400.0,PTVRP_LAYERED_SAFE,616022.0,268,0.001049800,0.008206
Instances/Instances 1/pcb1173_03.gt,1172,100.0,86400.0,PTVRP_LAYERED_SAFE,620656.0,257,0.001039000,0.00803
Instances/Instances 1/pcb1173_04.gt,1172,100.0,86400.0,PTVRP_LAYERED_SAFE,620414.0,250,0.001056800,0.008959
Instances/Instances 1/pcb1173_05.gt,1172,100.0,86400.0,PTVRP_LAYERED_SAFE,621598.0,237,0.001023500,0.008821
Instances/Instances 1/pcb1173_06.gt,1172,100.0,86400.0,PTVRP_LAYERED_SAFE,609178.0,258,0.001023900,0.008697
Instances/Instances 1/pcb1173_07.gt,1172,100.0,86400.0,PTVRP_LAYERED_SAFE,626081.0,262,0.001039600,0.009288
Instances/Instances 1/pcb1173_08.gt,1172,100.0,86400.0,PTVRP_LAYERED_SAFE,622301.0,247,0.001046100,0.008013
Instances/Instances 1/pcb1173_09.gt,1172,100.0,86400.0,PTVRP_LAYERED_SAFE,629484.0,242,0.001045300,0.010436
Instances/Instances 1/pcb1173_10.gt,1172,100.0,86400.0,PTVRP_LAYERED_SAFE,619216.0,245,0.001046100,0.011808
Instances/Instances 1/pcb3038_01.gt,3037,100.0,86400.0,PTVRP_LAYERED_SAFE,2291713.0,574,0.002750800,0.01399
Instances/Instances 1/pcb3038_02.gt,3037,100.0,86400.0,PTVRP_LAYERED_SAFE,2301416.0,590,0.002773300,0.013715
Instances/Instances 1/pcb3038_03.gt,3037,100.0,86400.0,PTVRP_LAYERED_SAFE,2302811.0,579,0.002768900,0.012083
Instances/Instances 1/pcb3038_04.gt,3037,100.0,86400.0,PTVRP_LAYERED_SAFE,2289406.0,586,0.002756000,0.012556
Instances/Instances 1/pcb3038_05.gt,3037,100.0,86400.0,PTVRP_LAYERED_SAFE,2279891.0,591,0.002763900,0.013435
Instances/Instances 1/pcb3038_06.gt,3037,100.0,86400.0,PTVRP_LAYERED_SAFE,2308821.0,582,0.002751900,0.01284
Instances/Instances 1/pcb3038_07.gt,3037,100.0,86400.0,PTVRP_LAYERED_SAFE,2326066.0,602,0.002777600,0.012859
Instances/Instances 1/pcb3038_08.gt,3037,100.0,86400.0,PTVRP_LAYERED_SAFE,2247322.0,581,0.002760499,0.011724
Instances/Instances 1/pcb3038_09.gt,3037,100.0,86400.0,PTVRP_LAYERED_SAFE,2286326.0,573,0.002720700,0.011636
Instances/Instances 1/pcb3038_10.gt,3037,100.0,86400.0,PTVRP_LAYERED_SAFE,2329254.0,580,0.002740700,0.012298
Instances/Instances 1/pcb442_01.gt,441,100.0,86400.0,PTVRP_LAYERED_SAFE,343207.0,112,0.000253800,0.006836
Instances/Instances 1/pcb442_02.gt,441,100.0,86400.0,PTVRP_LAYERED_SAFE,356123.0,99,0.000254500,0.006824
Instances/Instances 1/pcb442_03.gt,441,100.0,86400.0,PTVRP_LAYERED_SAFE,353526.0,100,0.000254000,0.006775
Instances/Instances 1/pcb442_04.gt,441,100.0,86400.0,PTVRP_LAYERED_SAFE,352858.0,107,0.000256000,0.007043
Instances/Instances 1/pcb442_05.gt,441,100.0,86400.0,PTVRP_LAYERED_SAFE,349884.0,110,0.000258600,0.00675
Instances/Instances 1/pcb442_06.gt,441,100.0,86400.0,PTVRP_LAYERED_SAFE,359736.0,104,0.000252100,0.006776
Instances/Instances 1/pcb442_07.gt,441,100.0,86400.0,PTVRP_LAYERED_SAFE,357385.0,110,0.000252600,0.007322
Instances/Instances 1/pcb442_08.gt,441,100.0,86400.0,PTVRP_LAYERED_SAFE,359579.0,105,0.000258400,0.007606
Instances/Instances 1/pcb442_09.gt,441,100.0,86400.0,PTVRP_LAYERED_SAFE,347176.0,105,0.000256500,0.00742
Instances/Instances 1/pcb442_10.gt,441,100.0,86400.0,PTVRP_LAYERED_SAFE,356095.0,100,0.000254000,0.006504
Instances/Instances 1/pm8079_01.gt,8078,100.0,86400.0,PTVRP_LAYERED_SAFE,4492596.0,1214,0.012705700,0.024457
Instances/Instances 1/pm8079_02.gt,8078,100.0,86400.0,PTVRP_LAYERED_SAFE,4487110.0,1223,0.012519499,0.024308
Instances/Instances 1/pm8079_03.gt,8078,100.0,86400.0,PTVRP_LAYERED_SAFE,4445970.0,1234,0.012444399,0.024101
Instances/Instances 1/pm8079_04.gt,8078,100.0,86400.0,PTVRP_LAYERED_SAFE,4476368.0,1199,0.012480300,0.025745
Instances/Instances 1/pm8079_05.gt,8078,100.0,86400.0,PTVRP_LAYERED_SAFE,4449585.0,1222,0.012602500,0.024236
Instances/Instances 1/pm8079_06.gt,8078,100.0,86400.0,PTVRP_LAYERED_SAFE,4454966.0,1192,0.012653299,0.026873
Instances/Instances 1/pm8079_07.gt,8078,100.0,86400.0,PTVRP_LAYERED_SAFE,4471170.0,1215,0.012655999,0.027061
Instances/Instances 1/pm8079_08.gt,8078,100.0,86400.0,PTVRP_LAYERED_SAFE,4477258.0,1199,0.012640400,0.027179
Instances/Instances 1/pm8079_09.gt,8078,100.0,86400.0,PTVRP_LAYERED_SAFE,4475747.0,1254,0.012823200,0.027769
Instances/Instances 1/pm8079_10.gt,8078,100.0,86400.0,PTVRP_LAYERED_SAFE,4490192.0,1248,0.012508100,0.028355
Instances/Instances 1/pr1002_01.gt,1001,100.0,86400.0,PTVRP_LAYERED_SAFE,2942522.0,220,0.000403600,0.008842
Instances/Instances 1/pr1002_02.gt,1001,100.0,86400.0,PTVRP_LAYERED_SAFE,2788758.0,208,0.000394800,0.006097
Instances/Instances 1/pr1002_03.gt,1001,100.0,86400.0,PTVRP_LAYERED_SAFE,2938996.0,209,0.000408200,0.007686
Instances/Instances 1/pr1002_04.gt,1001,100.0,86400.0,PTVRP_LAYERED_SAFE,2842708.0,196,0.000394200,0.007647
Instances/Instances 1/pr1002_05.gt,1001,100.0,86400.0,PTVRP_LAYERED_SAFE,2850858.0,218,0.000399300,0.006193
Instances/Instances 1/pr1002_06.gt,1001,100.0,86400.0,PTVRP_LAYERED_SAFE,2811582.0,201,0.000399200,0.006432
Instances/Instances 1/pr1002_07.gt,1001,100.0,86400.0,PTVRP_LAYERED_SAFE,2815022.0,225,0.000395000,0.005961
Instances/Instances 1/pr1002_08.gt,1001,100.0,86400.0,PTVRP_LAYERED_SAFE,2919525.0,229,0.000399500,0.007415
Instances/Instances 1/pr1002_09.gt,1001,100.0,86400.0,PTVRP_LAYERED_SAFE,2848134.0,209,0.000402800,0.007298
Instances/Instances 1/pr1002_10.gt,1001,100.0,86400.0,PTVRP_LAYERED_SAFE,2810997.0,212,0.000405100,0.007507
Instances/Instances 1/pr107_01.gt,106,100.0,86400.0,PTVRP_LAYERED_SAFE,315817.0,29,0.000036200,0.006183
Instances/Instances 1/pr107_02.gt,106,100.0,86400.0,PTVRP_LAYERED_SAFE,315357.0,27,0.000037000,0.004887
Instances/Instances 1/pr107_03.gt,106,100.0,86400.0,PTVRP_LAYERED_SAFE,327341.0,26,0.000035200,0.007167
Instances/Instances 1/pr107_04.gt,106,100.0,86400.0,PTVRP_LAYERED_SAFE,280299.0,24,0.000034100,0.006289
Instances/Instances 1/pr107_05.gt,106,100.0,86400.0,PTVRP_LAYERED_SAFE,324153.0,23,0.000036200,0.006612
Instances/Instances 1/pr107_06.gt,106,100.0,86400.0,PTVRP_LAYERED_SAFE,303460.0,24,0.000034699,0.005531
Instances/Instances 1/pr107_07.gt,106,100.0,86400.0,PTVRP_LAYERED_SAFE,321214.0,25,0.000037200,0.005659
Instances/Instances 1/pr107_08.gt,106,100.0,86400.0,PTVRP_LAYERED_SAFE,328706.0,28,0.000034800,0.005181
Instances/Instances 1/pr107_09.gt,106,100.0,86400.0,PTVRP_LAYERED_SAFE,352106.0,29,0.000036800,0.006155
Instances/Instances 1/pr107_10.gt,106,100.0,86400.0,PTVRP_LAYERED_SAFE,320139.0,29,0.000034900,0.005807
Instances/Instances 1/pr124_01.gt,123,100.0,86400.0,PTVRP_LAYERED_SAFE,323864.0,30,0.000038500,0.006708
Instances/Instances 1/pr124_02.gt,123,100.0,86400.0,PTVRP_LAYERED_SAFE,341796.0,25,0.000040600,0.006095
Instances/Instances 1/pr124_03.gt,123,100.0,86400.0,PTVRP_LAYERED_SAFE,312976.0,27,0.000039200,0.006489
Instances/Instances 1/pr124_04.gt,123,100.0,86400.0,PTVRP_LAYERED_SAFE,343373.0,30,0.000039900,0.006209
Instances/Instances 1/pr124_05.gt,123,100.0,86400.0,PTVRP_LAYERED_SAFE,329648.0,28,0.000040100,0.006963
Instances/Instances 1/pr124_06.gt,123,100.0,86400.0,PTVRP_LAYERED_SAFE,344359.0,25,0.000041000,0.007147
Instances/Instances 1/pr124_07.gt,123,100.0,86400.0,PTVRP_LAYERED_SAFE,324406.0,31,0.000039800,0.006295
Instances/Instances 1/pr124_08.gt,123,100.0,86400.0,PTVRP_LAYERED_SAFE,326193.0,28,0.000040500,0.00558
Instances/Instances 1/pr124_09.gt,123,100.0,86400.0,PTVRP_LAYERED_SAFE,319342.0,28,0.000040300,0.005981
Instances/Instances 1/pr124_10.gt,123,100.0,86400.0,PTVRP_LAYERED_SAFE,325087.0,32,0.000040300,0.006374
Instances/Instances 1/pr136_01.gt,135,100.0,86400.0,PTVRP_LAYERED_SAFE,432084.0,38,0.000039300,0.006549
Instances/Instances 1/pr136_02.gt,135,100.0,86400.0,PTVRP_LAYERED_SAFE,425941.0,32,0.000038800,0.006461
Instances/Instances 1/pr136_03.gt,135,100.0,86400.0,PTVRP_LAYERED_SAFE,422564.0,34,0.000038100,0.006689
Instances/Instances 1/pr136_04.gt,135,100.0,86400.0,PTVRP_LAYERED_SAFE,432928.0,34,0.000038800,0.006004
Instances/Instances 1/pr136_05.gt,135,100.0,86400.0,PTVRP_LAYERED_SAFE,437157.0,40,0.000038100,0.005063
Instances/Instances 1/pr136_06.gt,135,100.0,86400.0,PTVRP_LAYERED_SAFE,434379.0,36,0.000038900,0.006105
Instances/Instances 1/pr136_07.gt,135,100.0,86400.0,PTVRP_LAYERED_SAFE,428545.0,34,0.000039900,0.006048
Instances/Instances 1/pr136_08.gt,135,100.0,86400.0,PTVRP_LAYERED_SAFE,424571.0,35,0.000040900,0.006748
Instances/Instances 1/pr136_09.gt,135,100.0,86400.0,PTVRP_LAYERED_SAFE,431582.0,37,0.000038900,0.006538
Instances/Instances 1/pr136_10.gt,135,100.0,86400.0,PTVRP_LAYERED_SAFE,431953.0,38,0.000039900,0.006085
Instances/Instances 1/pr144_01.gt,143,100.0,86400.0,PTVRP_LAYERED_SAFE,373881.0,34,0.000047200,0.005803
Instances/Instances 1/pr144_02.gt,143,100.0,86400.0,PTVRP_LAYERED_SAFE,360437.0,34,0.000048500,0.005085
Instances/Instances 1/pr144_03.gt,143,100.0,86400.0,PTVRP_LAYERED_SAFE,383246.0,38,0.000047300,0.005804
Instances/Instances 1/pr144_04.gt,143,100.0,86400.0,PTVRP_LAYERED_SAFE,373881.0,32,0.000048700,0.005375
Instances/Instances 1/pr144_05.gt,143,100.0,86400.0,PTVRP_LAYERED_SAFE,387360.0,33,0.000048400,0.005812
Instances/Instances 1/pr144_06.gt,143,100.0,86400.0,PTVRP_LAYERED_SAFE,391429.0,31,0.000047900,0.004784
Instances/Instances 1/pr144_07.gt,143,100.0,86400.0,PTVRP_LAYERED_SAFE,375534.0,32,0.000046800,0.005743
Instances/Instances 1/pr144_08.gt,143,100.0,86400.0,PTVRP_LAYERED_SAFE,365384.0,28,0.000046900,0.007058
Instances/Instances 1/pr144_09.gt,143,100.0,86400.0,PTVRP_LAYERED_SAFE,423389.0,39,0.000050300,0.006437
Instances/Instances 1/pr144_10.gt,143,100.0,86400.0,PTVRP_LAYERED_SAFE,334655.0,31,0.000046600,0.005963
Instances/Instances 1/pr152_01.gt,151,100.0,86400.0,PTVRP_LAYERED_SAFE,455588.0,35,0.000050200,0.006396
Instances/Instances 1/pr152_02.gt,151,100.0,86400.0,PTVRP_LAYERED_SAFE,433989.0,36,0.000046900,0.005777
Instances/Instances 1/pr152_03.gt,151,100.0,86400.0,PTVRP_LAYERED_SAFE,483116.0,40,0.000048500,0.005151
Instances/Instances 1/pr152_04.gt,151,100.0,86400.0,PTVRP_LAYERED_SAFE,435559.0,32,0.000047200,0.005103
Instances/Instances 1/pr152_05.gt,151,100.0,86400.0,PTVRP_LAYERED_SAFE,442168.0,30,0.000048300,0.006583
Instances/Instances 1/pr152_06.gt,151,100.0,86400.0,PTVRP_LAYERED_SAFE,471571.0,36,0.000050000,0.006093
Instances/Instances 1/pr152_07.gt,151,100.0,86400.0,PTVRP_LAYERED_SAFE,450184.0,36,0.000049300,0.005292
Instances/Instances 1/pr152_08.gt,151,100.0,86400.0,PTVRP_LAYERED_SAFE,460676.0,39,0.000051000,0.006646
Instances/Instances 1/pr152_09.gt,151,100.0,86400.0,PTVRP_LAYERED_SAFE,438611.0,34,0.000048800,0.005891
Instances/Instances 1/pr152_10.gt,151,100.0,86400.0,PTVRP_LAYERED_SAFE,457739.0,37,0.000051200,0.006937
Instances/Instances 1/pr226_01.gt,225,100.0,86400.0,PTVRP_LAYERED_SAFE,769822.0,44,0.000077200,0.00562
Instances/Instances 1/pr226_02.gt,225,100.0,86400.0,PTVRP_LAYERED_SAFE,754150.0,50,0.000078500,0.0057
Instances/Instances 1/pr226_03.gt,225,100.0,86400.0,PTVRP_LAYERED_SAFE,726861.0,41,0.000078100,0.005936
Instances/Instances 1/pr226_04.gt,225,100.0,86400.0,PTVRP_LAYERED_SAFE,788316.0,44,0.000088100,0.007615
Instances/Instances 1/pr226_05.gt,225,100.0,86400.0,PTVRP_LAYERED_SAFE,756657.0,46,0.000078300,0.006918
Instances/Instances 1/pr226_06.gt,225,100.0,86400.0,PTVRP_LAYERED_SAFE,766704.0,39,0.000075800,0.006955
Instances/Instances 1/pr226_07.gt,225,100.0,86400.0,PTVRP_LAYERED_SAFE,762602.0,45,0.000076000,0.006235
Instances/Instances 1/pr226_08.gt,225,100.0,86400.0,PTVRP_LAYERED_SAFE,783056.0,45,0.000078500,0.007223
Instances/Instances 1/pr226_09.gt,225,100.0,86400.0,PTVRP_LAYERED_SAFE,767513.0,41,0.000078500,0.007203
Instances/Instances 1/pr226_10.gt,225,100.0,86400.0,PTVRP_LAYERED_SAFE,758202.0,43,0.000077900,0.00586
Instances/Instances 1/pr2392_01.gt,2391,100.0,86400.0,PTVRP_LAYERED_SAFE,6271806.0,450,0.001123800,0.008911
Instances/Instances 1/pr2392_02.gt,2391,100.0,86400.0,PTVRP_LAYERED_SAFE,6484348.0,463,0.001115300,0.009936
Instances/Instances 1/pr2392_03.gt,2391,100.0,86400.0,PTVRP_LAYERED_SAFE,6459415.0,458,0.001124800,0.010712
Instances/Instances 1/pr2392_04.gt,2391,100.0,86400.0,PTVRP_LAYERED_SAFE,6472349.0,452,0.001132600,0.01188
Instances/Instances 1/pr2392_05.gt,2391,100.0,86400.0,PTVRP_LAYERED_SAFE,6429614.0,463,0.001182400,0.012493
Instances/Instances 1/pr2392_06.gt,2391,100.0,86400.0,PTVRP_LAYERED_SAFE,6681445.0,459,0.001100700,0.010805
Instances/Instances 1/pr2392_07.gt,2391,100.0,86400.0,PTVRP_LAYERED_SAFE,6492321.0,453,0.001111400,0.01011
Instances/Instances 1/pr2392_08.gt,2391,100.0,86400.0,PTVRP_LAYERED_SAFE,6539047.0,448,0.001119100,0.010201
Instances/Instances 1/pr2392_09.gt,2391,100.0,86400.0,PTVRP_LAYERED_SAFE,6503231.0,468,0.001119300,0.010049
Instances/Instances 1/pr2392_10.gt,2391,100.0,86400.0,PTVRP_LAYERED_SAFE,6518111.0,462,0.001118200,0.010872
Instances/Instances 1/pr264_01.gt,263,100.0,86400.0,PTVRP_LAYERED_SAFE,532550.0,48,0.000113400,0.006927
Instances/Instances 1/pr264_02.gt,263,100.0,86400.0,PTVRP_LAYERED_SAFE,580194.0,59,0.000117000,0.006328
Instances/Instances 1/pr264_03.gt,263,100.0,86400.0,PTVRP_LAYERED_SAFE,597584.0,51,0.000116000,0.006691
Instances/Instances 1/pr264_04.gt,263,100.0,86400.0,PTVRP_LAYERED_SAFE,597027.0,56,0.000113000,0.006315
Instances/Instances 1/pr264_05.gt,263,100.0,86400.0,PTVRP_LAYERED_SAFE,544100.0,55,0.000115100,0.005946
Instances/Instances 1/pr264_06.gt,263,100.0,86400.0,PTVRP_LAYERED_SAFE,555802.0,53,0.000116700,0.005876
Instances/Instances 1/pr264_07.gt,263,100.0,86400.0,PTVRP_LAYERED_SAFE,599206.0,56,0.000116100,0.005777
Instances/Instances 1/pr264_08.gt,263,100.0,86400.0,PTVRP_LAYERED_SAFE,585693.0,53,0.000117000,0.007266
Instances/Instances 1/pr264_09.gt,263,100.0,86400.0,PTVRP_LAYERED_SAFE,563200.0,48,0.000114800,0.007349
Instances/Instances 1/pr264_10.gt,263,100.0,86400.0,PTVRP_LAYERED_SAFE,592131.0,48,0.000112600,0.007059
Instances/Instances 1/pr299_01.gt,298,100.0,86400.0,PTVRP_LAYERED_SAFE,340299.0,61,0.000148300,0.006657
Instances/Instances 1/pr299_02.gt,298,100.0,86400.0,PTVRP_LAYERED_SAFE,375809.0,65,0.000152200,0.006455
Instances/Instances 1/pr299_03.gt,298,100.0,86400.0,PTVRP_LAYERED_SAFE,385897.0,69,0.000151800,0.006748
Instances/Instances 1/pr299_04.gt,298,100.0,86400.0,PTVRP_LAYERED_SAFE,355455.0,69,0.000150200,0.006092
Instances/Instances 1/pr299_05.gt,298,100.0,86400.0,PTVRP_LAYERED_SAFE,347334.0,73,0.000148400,0.006174
Instances/Instances 1/pr299_06.gt,298,100.0,86400.0,PTVRP_LAYERED_SAFE,367335.0,67,0.000147300,0.007119
Instances/Instances 1/pr299_07.gt,298,100.0,86400.0,PTVRP_LAYERED_SAFE,373681.0,68,0.000150600,0.006483
Instances/Instances 1/pr299_08.gt,298,100.0,86400.0,PTVRP_LAYERED_SAFE,353447.0,64,0.000148700,0.005418
Instances/Instances 1/pr299_09.gt,298,100.0,86400.0,PTVRP_LAYERED_SAFE,384554.0,68,0.000151700,0.004845
Instances/Instances 1/pr299_10.gt,298,100.0,86400.0,PTVRP_LAYERED_SAFE,359937.0,65,0.000147200,0.005756
Instances/Instances 1/pr439_01.gt,438,100.0,86400.0,PTVRP_LAYERED_SAFE,840706.0,98,0.000195000,0.005392
Instances/Instances 1/pr439_02.gt,438,100.0,86400.0,PTVRP_LAYERED_SAFE,904208.0,100,0.000193700,0.005544
Instances/Instances 1/pr439_03.gt,438,100.0,86400.0,PTVRP_LAYERED_SAFE,894461.0,102,0.000201500,0.006058
Instances/Instances 1/pr439_04.gt,438,100.0,86400.0,PTVRP_LAYERED_SAFE,870009.0,101,0.000194300,0.005445
Instances/Instances 1/pr439_05.gt,438,100.0,86400.0,PTVRP_LAYERED_SAFE,899423.0,100,0.000198900,0.006422
Instances/Instances 1/pr439_06.gt,438,100.0,86400.0,PTVRP_LAYERED_SAFE,897277.0,96,0.000193300,0.006891
Instances/Instances 1/pr439_07.gt,438,100.0,86400.0,PTVRP_LAYERED_SAFE,925317.0,92,0.000192900,0.007802
Instances/Instances 1/pr439_08.gt,438,100.0,86400.0,PTVRP_LAYERED_SAFE,886744.0,110,0.000203600,0.007521
Instances/Instances 1/pr439_09.gt,438,100.0,86400.0,PTVRP_LAYERED_SAFE,874916.0,95,0.000199000,0.007726
Instances/Instances 1/pr439_10.gt,438,100.0,86400.0,PTVRP_LAYERED_SAFE,888910.0,107,0.000197700,0.007238
Instances/Instances 1/pr76_01.gt,75,100.0,86400.0,PTVRP_LAYERED_SAFE,327253.0,22,0.000021200,0.009456
Instances/Instances 1/pr76_02.gt,75,100.0,86400.0,PTVRP_LAYERED_SAFE,312258.0,23,0.000019300,0.006401
Instances/Instances 1/pr76_03.gt,75,100.0,86400.0,PTVRP_LAYERED_SAFE,339052.0,25,0.000019700,0.005485
Instances/Instances 1/pr76_04.gt,75,100.0,86400.0,PTVRP_LAYERED_SAFE,287762.0,21,0.000018500,0.005831
Instances/Instances 1/pr76_05.gt,75,100.0,86400.0,PTVRP_LAYERED_SAFE,320428.0,25,0.000019800,0.00507
Instances/Instances 1/pr76_06.gt,75,100.0,86400.0,PTVRP_LAYERED_SAFE,296177.0,21,0.000018400,0.005451
Instances/Instances 1/pr76_07.gt,75,100.0,86400.0,PTVRP_LAYERED_SAFE,316418.0,23,0.000019200,0.004812
Instances/Instances 1/pr76_08.gt,75,100.0,86400.0,PTVRP_LAYERED_SAFE,303456.0,23,0.000018700,0.005883
Instances/Instances 1/pr76_09.gt,75,100.0,86400.0,PTVRP_LAYERED_SAFE,328437.0,23,0.000019300,0.00527
Instances/Instances 1/pr76_10.gt,75,100.0,86400.0,PTVRP_LAYERED_SAFE,302177.0,23,0.000018700,0.005884
Instances/Instances 1/qa194_01.gt,193,100.0,86400.0,PTVRP_LAYERED_SAFE,48026.0,52,0.000144000,0.005982
Instances/Instances 1/qa194_02.gt,193,100.0,86400.0,PTVRP_LAYERED_SAFE,47902.0,47,0.000143100,0.006808
Instances/Instances 1/qa194_03.gt,193,100.0,86400.0,PTVRP_LAYERED_SAFE,45009.0,49,0.000142100,0.005448
Instances/Instances 1/qa194_04.gt,193,100.0,86400.0,PTVRP_LAYERED_SAFE,47863.0,44,0.000140600,0.005796
Instances/Instances 1/qa194_05.gt,193,100.0,86400.0,PTVRP_LAYERED_SAFE,49692.0,50,0.000144600,0.005456
Instances/Instances 1/qa194_06.gt,193,100.0,86400.0,PTVRP_LAYERED_SAFE,47600.0,49,0.000144200,0.005583
Instances/Instances 1/qa194_07.gt,193,100.0,86400.0,PTVRP_LAYERED_SAFE,48683.0,51,0.000145000,0.004833
Instances/Instances 1/qa194_08.gt,193,100.0,86400.0,PTVRP_LAYERED_SAFE,47383.0,51,0.000144200,0.005674
Instances/Instances 1/qa194_09.gt,193,100.0,86400.0,PTVRP_LAYERED_SAFE,46365.0,50,0.000139700,0.006037
Instances/Instances 1/qa194_10.gt,193,100.0,86400.0,PTVRP_LAYERED_SAFE,45815.0,45,0.000141300,0.005826
Instances/Instances 1/rat195_01.gt,194,100.0,86400.0,PTVRP_LAYERED_SAFE,11847.0,54,0.000170800,0.006795
Instances/Instances 1/rat195_02.gt,194,100.0,86400.0,PTVRP_LAYERED_SAFE,11412.0,52,0.000165500,0.006275
Instances/Instances 1/rat195_03.gt,194,100.0,86400.0,PTVRP_LAYERED_SAFE,11329.0,51,0.000166400,0.005438
Instances/Instances 1/rat195_04.gt,194,100.0,86400.0,PTVRP_LAYERED_SAFE,10698.0,56,0.000166700,0.005411
Instances/Instances 1/rat195_05.gt,194,100.0,86400.0,PTVRP_LAYERED_SAFE,11426.0,51,0.000166700,0.006121
Instances/Instances 1/rat195_06.gt,194,100.0,86400.0,PTVRP_LAYERED_SAFE,11257.0,51,0.000169700,0.007707
Instances/Instances 1/rat195_07.gt,194,100.0,86400.0,PTVRP_LAYERED_SAFE,10902.0,46,0.000170000,0.007529
Instances/Instances 1/rat195_08.gt,194,100.0,86400.0,PTVRP_LAYERED_SAFE,10870.0,48,0.000167500,0.007397
Instances/Instances 1/rat195_09.gt,194,100.0,86400.0,PTVRP_LAYERED_SAFE,11131.0,53,0.000194000,0.006087
Instances/Instances 1/rat195_10.gt,194,100.0,86400.0,PTVRP_LAYERED_SAFE,11903.0,49,0.000171300,0.00644
Instances/Instances 1/rat575_01.gt,574,100.0,86400.0,PTVRP_LAYERED_SAFE,54101.0,140,0.000817300,0.00739
Instances/Instances 1/rat575_02.gt,574,100.0,86400.0,PTVRP_LAYERED_SAFE,52473.0,134,0.000815300,0.00791
Instances/Instances 1/rat575_03.gt,574,100.0,86400.0,PTVRP_LAYERED_SAFE,50267.0,133,0.000810700,0.007696
Instances/Instances 1/rat575_04.gt,574,100.0,86400.0,PTVRP_LAYERED_SAFE,53425.0,133,0.000831300,0.007529
Instances/Instances 1/rat575_05.gt,574,100.0,86400.0,PTVRP_LAYERED_SAFE,53539.0,131,0.000814600,0.008147
Instances/Instances 1/rat575_06.gt,574,100.0,86400.0,PTVRP_LAYERED_SAFE,51171.0,129,0.000838000,0.00793
Instances/Instances 1/rat575_07.gt,574,100.0,86400.0,PTVRP_LAYERED_SAFE,53316.0,142,0.000820200,0.008927
Instances/Instances 1/rat575_08.gt,574,100.0,86400.0,PTVRP_LAYERED_SAFE,52871.0,134,0.000816200,0.008011
Instances/Instances 1/rat575_09.gt,574,100.0,86400.0,PTVRP_LAYERED_SAFE,51530.0,139,0.000810900,0.008301
Instances/Instances 1/rat575_10.gt,574,100.0,86400.0,PTVRP_LAYERED_SAFE,53006.0,138,0.000841000,0.008603
Instances/Instances 1/rat783_01.gt,782,100.0,86400.0,PTVRP_LAYERED_SAFE,81721.0,177,0.001247000,0.007995
Instances/Instances 1/rat783_02.gt,782,100.0,86400.0,PTVRP_LAYERED_SAFE,79547.0,167,0.001205400,0.007212
Instances/Instances 1/rat783_03.gt,782,100.0,86400.0,PTVRP_LAYERED_SAFE,82400.0,184,0.001224500,0.009465
Instances/Instances 1/rat783_04.gt,782,100.0,86400.0,PTVRP_LAYERED_SAFE,80354.0,176,0.001195100,0.008918
Instances/Instances 1/rat783_05.gt,782,100.0,86400.0,PTVRP_LAYERED_SAFE,81933.0,172,0.001215700,0.008289
Instances/Instances 1/rat783_06.gt,782,100.0,86400.0,PTVRP_LAYERED_SAFE,81789.0,168,0.001216600,0.007282
Instances/Instances 1/rat783_07.gt,782,100.0,86400.0,PTVRP_LAYERED_SAFE,81988.0,181,0.001223800,0.007362
Instances/Instances 1/rat783_08.gt,782,100.0,86400.0,PTVRP_LAYERED_SAFE,79883.0,176,0.001227500,0.007779
Instances/Instances 1/rat783_09.gt,782,100.0,86400.0,PTVRP_LAYERED_SAFE,81343.0,174,0.001249000,0.007102
Instances/Instances 1/rat783_10.gt,782,100.0,86400.0,PTVRP_LAYERED_SAFE,82377.0,187,0.001208900,0.009388
Instances/Instances 1/rat99_01.gt,98,100.0,86400.0,PTVRP_LAYERED_SAFE,4164.0,25,0.000049200,0.00709
Instances/Instances 1/rat99_02.gt,98,100.0,86400.0,PTVRP_LAYERED_SAFE,4104.0,28,0.000049200,0.006038
Instances/Instances 1/rat99_03.gt,98,100.0,86400.0,PTVRP_LAYERED_SAFE,4580.0,27,0.000053200,0.005736
Instances/Instances 1/rat99_04.gt,98,100.0,86400.0,PTVRP_LAYERED_SAFE,4617.0,29,0.000051900,0.006378
Instances/Instances 1/rat99_05.gt,98,100.0,86400.0,PTVRP_LAYERED_SAFE,4333.0,25,0.000052600,0.006216
Instances/Instances 1/rat99_06.gt,98,100.0,86400.0,PTVRP_LAYERED_SAFE,4828.0,26,0.000052000,0.005495
Instances/Instances 1/rat99_07.gt,98,100.0,86400.0,PTVRP_LAYERED_SAFE,4583.0,30,0.000051900,0.005733
Instances/Instances 1/rat99_08.gt,98,100.0,86400.0,PTVRP_LAYERED_SAFE,4483.0,28,0.000050900,0.006276
Instances/Instances 1/rat99_09.gt,98,100.0,86400.0,PTVRP_LAYERED_SAFE,4637.0,27,0.000051600,0.006712
Instances/Instances 1/rat99_10.gt,98,100.0,86400.0,PTVRP_LAYERED_SAFE,4244.0,26,0.000049000,0.006247
Instances/Instances 1/rd100_01.gt,99,100.0,86400.0,PTVRP_LAYERED_SAFE,26860.0,27,0.000047200,0.006562
Instances/Instances 1/rd100_02.gt,99,100.0,86400.0,PTVRP_LAYERED_SAFE,27336.0,28,0.000049200,0.005405
Instances/Instances 1/rd100_03.gt,99,100.0,86400.0,PTVRP_LAYERED_SAFE,30031.0,31,0.000051400,0.005748
Instances/Instances 1/rd100_04.gt,99,100.0,86400.0,PTVRP_LAYERED_SAFE,29763.0,27,0.000049600,0.0063
Instances/Instances 1/rd100_05.gt,99,100.0,86400.0,PTVRP_LAYERED_SAFE,29682.0,29,0.000050500,0.006767
Instances/Instances 1/rd100_06.gt,99,100.0,86400.0,PTVRP_LAYERED_SAFE,31545.0,28,0.000051300,0.005707
Instances/Instances 1/rd100_07.gt,99,100.0,86400.0,PTVRP_LAYERED_SAFE,31006.0,30,0.000051000,0.006921
Instances/Instances 1/rd100_08.gt,99,100.0,86400.0,PTVRP_LAYERED_SAFE,30478.0,28,0.000050800,0.007234
Instances/Instances 1/rd100_09.gt,99,100.0,86400.0,PTVRP_LAYERED_SAFE,29842.0,30,0.000051500,0.005976
Instances/Instances 1/rd100_10.gt,99,100.0,86400.0,PTVRP_LAYERED_SAFE,26637.0,26,0.000046500,0.005583
Instances/Instances 1/rd400_01.gt,399,100.0,86400.0,PTVRP_LAYERED_SAFE,99006.0,101,0.000355200,0.006704
Instances/Instances 1/rd400_02.gt,399,100.0,86400.0,PTVRP_LAYERED_SAFE,98318.0,99,0.000349400,0.007272
Instances/Instances 1/rd400_03.gt,399,100.0,86400.0,PTVRP_LAYERED_SAFE,100521.0,98,0.000358000,0.00671
Instances/Instances 1/rd400_04.gt,399,100.0,86400.0,PTVRP_LAYERED_SAFE,95985.0,94,0.000373600,0.006607
Instances/Instances 1/rd400_05.gt,399,100.0,86400.0,PTVRP_LAYERED_SAFE,103086.0,105,0.000362099,0.007679
Instances/Instances 1/rd400_06.gt,399,100.0,86400.0,PTVRP_LAYERED_SAFE,99372.0,98,0.000351300,0.00824
Instances/Instances 1/rd400_07.gt,399,100.0,86400.0,PTVRP_LAYERED_SAFE,100751.0,97,0.000359600,0.00718
Instances/Instances 1/rd400_08.gt,399,100.0,86400.0,PTVRP_LAYERED_SAFE,102421.0,99,0.000363600,0.006113
Instances/Instances 1/rd400_09.gt,399,100.0,86400.0,PTVRP_LAYERED_SAFE,98530.0,95,0.000360200,0.006684
Instances/Instances 1/rd400_10.gt,399,100.0,86400.0,PTVRP_LAYERED_SAFE,97171.0,98,0.000355500,0.00595
Instances/Instances 1/rl11849_01.gt,11848,100.0,86400.0,PTVRP_LAYERED_SAFE,34562643.0,1790,0.006708900,0.020492
Instances/Instances 1/rl11849_02.gt,11848,100.0,86400.0,PTVRP_LAYERED_SAFE,34885057.0,1831,0.006650000,0.023678
Instances/Instances 1/rl11849_03.gt,11848,100.0,86400.0,PTVRP_LAYERED_SAFE,34891640.0,1806,0.006637299,0.02145
Instances/Instances 1/rl11849_04.gt,11848,100.0,86400.0,PTVRP_LAYERED_SAFE,34716965.0,1812,0.006653700,0.021689
Instances/Instances 1/rl11849_05.gt,11848,100.0,86400.0,PTVRP_LAYERED_SAFE,35195177.0,1852,0.006625900,0.019833
Instances/Instances 1/rl11849_06.gt,11848,100.0,86400.0,PTVRP_LAYERED_SAFE,34616209.0,1844,0.006852399,0.026482
Instances/Instances 1/rl11849_07.gt,11848,100.0,86400.0,PTVRP_LAYERED_SAFE,34709535.0,1818,0.006647700,0.025968
Instances/Instances 1/rl11849_08.gt,11848,100.0,86400.0,PTVRP_LAYERED_SAFE,34417977.0,1837,0.006661900,0.021851
Instances/Instances 1/rl11849_09.gt,11848,100.0,86400.0,PTVRP_LAYERED_SAFE,34612507.0,1845,0.006616399,0.021392
Instances/Instances 1/rl11849_10.gt,11848,100.0,86400.0,PTVRP_LAYERED_SAFE,34706340.0,1851,0.006642100,0.024424
Instances/Instances 1/rl1304_01.gt,1303,100.0,86400.0,PTVRP_LAYERED_SAFE,3961808.0,257,0.000558900,0.008524
Instances/Instances 1/rl1304_02.gt,1303,100.0,86400.0,PTVRP_LAYERED_SAFE,3992090.0,262,0.000554800,0.007633
Instances/Instances 1/rl1304_03.gt,1303,100.0,86400.0,PTVRP_LAYERED_SAFE,4041218.0,260,0.000554900,0.007802
Instances/Instances 1/rl1304_04.gt,1303,100.0,86400.0,PTVRP_LAYERED_SAFE,3897915.0,248,0.000560800,0.007659
Instances/Instances 1/rl1304_05.gt,1303,100.0,86400.0,PTVRP_LAYERED_SAFE,3978039.0,254,0.000568800,0.008734
Instances/Instances 1/rl1304_06.gt,1303,100.0,86400.0,PTVRP_LAYERED_SAFE,3914107.0,256,0.000566300,0.009197
Instances/Instances 1/rl1304_07.gt,1303,100.0,86400.0,PTVRP_LAYERED_SAFE,3990504.0,249,0.000560400,0.008113
Instances/Instances 1/rl1304_08.gt,1303,100.0,86400.0,PTVRP_LAYERED_SAFE,3976863.0,259,0.000572100,0.008463
Instances/Instances 1/rl1304_09.gt,1303,100.0,86400.0,PTVRP_LAYERED_SAFE,4081164.0,254,0.000561400,0.008512
Instances/Instances 1/rl1304_10.gt,1303,100.0,86400.0,PTVRP_LAYERED_SAFE,3963540.0,257,0.000567000,0.007917
Instances/Instances 1/rl1323_01.gt,1322,100.0,86400.0,PTVRP_LAYERED_SAFE,4333098.0,245,0.000547000,0.008465
Instances/Instances 1/rl1323_02.gt,1322,100.0,86400.0,PTVRP_LAYERED_SAFE,4123449.0,252,0.000545400,0.008969
Instances/Instances 1/rl1323_03.gt,1322,100.0,86400.0,PTVRP_LAYERED_SAFE,4123202.0,258,0.000553800,0.008173
Instances/Instances 1/rl1323_04.gt,1322,100.0,86400.0,PTVRP_LAYERED_SAFE,4156895.0,248,0.000551500,0.007883
Instances/Instances 1/rl1323_05.gt,1322,100.0,86400.0,PTVRP_LAYERED_SAFE,4156486.0,267,0.000551900,0.008653
Instances/Instances 1/rl1323_06.gt,1322,100.0,86400.0,PTVRP_LAYERED_SAFE,4176744.0,264,0.000550000,0.008769
Instances/Instances 1/rl1323_07.gt,1322,100.0,86400.0,PTVRP_LAYERED_SAFE,4223168.0,254,0.000559900,0.007914
Instances/Instances 1/rl1323_08.gt,1322,100.0,86400.0,PTVRP_LAYERED_SAFE,4172434.0,256,0.000552900,0.006868
Instances/Instances 1/rl1323_09.gt,1322,100.0,86400.0,PTVRP_LAYERED_SAFE,4160722.0,250,0.000551000,0.008018
Instances/Instances 1/rl1323_10.gt,1322,100.0,86400.0,PTVRP_LAYERED_SAFE,4299391.0,263,0.000545300,0.008474
Instances/Instances 1/rl1889_01.gt,1888,100.0,86400.0,PTVRP_LAYERED_SAFE,6228521.0,344,0.000824000,0.00967
Instances/Instances 1/rl1889_02.gt,1888,100.0,86400.0,PTVRP_LAYERED_SAFE,6201590.0,351,0.000818300,0.008423
Instances/Instances 1/rl1889_03.gt,1888,100.0,86400.0,PTVRP_LAYERED_SAFE,6272466.0,344,0.000829500,0.008729
Instances/Instances 1/rl1889_04.gt,1888,100.0,86400.0,PTVRP_LAYERED_SAFE,6250762.0,353,0.000828899,0.008773
Instances/Instances 1/rl1889_05.gt,1888,100.0,86400.0,PTVRP_LAYERED_SAFE,6341697.0,345,0.000813400,0.008995
Instances/Instances 1/rl1889_06.gt,1888,100.0,86400.0,PTVRP_LAYERED_SAFE,6259713.0,335,0.000838100,0.008316
Instances/Instances 1/rl1889_07.gt,1888,100.0,86400.0,PTVRP_LAYERED_SAFE,6355001.0,350,0.000828600,0.008111
Instances/Instances 1/rl1889_08.gt,1888,100.0,86400.0,PTVRP_LAYERED_SAFE,6217577.0,345,0.000818800,0.00858
Instances/Instances 1/rl1889_09.gt,1888,100.0,86400.0,PTVRP_LAYERED_SAFE,6282893.0,353,0.000825500,0.009154
Instances/Instances 1/rl1889_10.gt,1888,100.0,86400.0,PTVRP_LAYERED_SAFE,6264645.0,347,0.000820100,0.00871
Instances/Instances 1/rl5915_01.gt,5914,100.0,86400.0,PTVRP_LAYERED_SAFE,16941723.0,927,0.003094899,0.014025
Instances/Instances 1/rl5915_02.gt,5914,100.0,86400.0,PTVRP_LAYERED_SAFE,17146931.0,958,0.003141200,0.015047
Instances/Instances 1/rl5915_03.gt,5914,100.0,86400.0,PTVRP_LAYERED_SAFE,17328936.0,927,0.003071100,0.014977
Instances/Instances 1/rl5915_04.gt,5914,100.0,86400.0,PTVRP_LAYERED_SAFE,17126113.0,952,0.003155200,0.014101
Instances/Instances 1/rl5915_05.gt,5914,100.0,86400.0,PTVRP_LAYERED_SAFE,17191441.0,955,0.003077100,0.013733
Instances/Instances 1/rl5915_06.gt,5914,100.0,86400.0,PTVRP_LAYERED_SAFE,17393426.0,959,0.003109200,0.014403
Instances/Instances 1/rl5915_07.gt,5914,100.0,86400.0,PTVRP_LAYERED_SAFE,16910553.0,968,0.003130400,0.014307
Instances/Instances 1/rl5915_08.gt,5914,100.0,86400.0,PTVRP_LAYERED_SAFE,17270343.0,952,0.003125399,0.012525
Instances/Instances 1/rl5915_09.gt,5914,100.0,86400.0,PTVRP_LAYERED_SAFE,17104079.0,940,0.003129900,0.013579
Instances/Instances 1/rl5915_10.gt,5914,100.0,86400.0,PTVRP_LAYERED_SAFE,17194946.0,974,0.003114200,0.014218
Instances/Instances 1/rl5934_01.gt,5933,100.0,86400.0,PTVRP_LAYERED_SAFE,17063015.0,996,0.003173400,0.01419
Instances/Instances 1/rl5934_02.gt,5933,100.0,86400.0,PTVRP_LAYERED_SAFE,16969174.0,957,0.003151000,0.014704
Instances/Instances 1/rl5934_03.gt,5933,100.0,86400.0,PTVRP_LAYERED_SAFE,16903589.0,997,0.003194100,0.015369
Instances/Instances 1/rl5934_04.gt,5933,100.0,86400.0,PTVRP_LAYERED_SAFE,17180449.0,981,0.003174900,0.017231
Instances/Instances 1/rl5934_05.gt,5933,100.0,86400.0,PTVRP_LAYERED_SAFE,16912608.0,965,0.003170100,0.016838
Instances/Instances 1/rl5934_06.gt,5933,100.0,86400.0,PTVRP_LAYERED_SAFE,17023192.0,986,0.003171500,0.015088
Instances/Instances 1/rl5934_07.gt,5933,100.0,86400.0,PTVRP_LAYERED_SAFE,17124297.0,968,0.003149800,0.014256
Instances/Instances 1/rl5934_08.gt,5933,100.0,86400.0,PTVRP_LAYERED_SAFE,17020508.0,958,0.003169000,0.014969
Instances/Instances 1/rl5934_09.gt,5933,100.0,86400.0,PTVRP_LAYERED_SAFE,16953895.0,974,0.003188099,0.015275
Instances/Instances 1/rl5934_10.gt,5933,100.0,86400.0,PTVRP_LAYERED_SAFE,17147559.0,962,0.003143100,0.015156
Instances/Instances 1/rw1621_01.gt,1620,100.0,86400.0,PTVRP_LAYERED_SAFE,505772.0,301,0.002270200,0.010901
Instances/Instances 1/rw1621_02.gt,1620,100.0,86400.0,PTVRP_LAYERED_SAFE,496696.0,301,0.002293500,0.009785
Instances/Instances 1/rw1621_03.gt,1620,100.0,86400.0,PTVRP_LAYERED_SAFE,495162.0,298,0.002278800,0.009788
Instances/Instances 1/rw1621_04.gt,1620,100.0,86400.0,PTVRP_LAYERED_SAFE,506231.0,292,0.002286000,0.009304
Instances/Instances 1/rw1621_05.gt,1620,100.0,86400.0,PTVRP_LAYERED_SAFE,499419.0,293,0.002304199,0.010332
Instances/Instances 1/rw1621_06.gt,1620,100.0,86400.0,PTVRP_LAYERED_SAFE,495883.0,283,0.002250300,0.011248
Instances/Instances 1/rw1621_07.gt,1620,100.0,86400.0,PTVRP_LAYERED_SAFE,492430.0,286,0.002257000,0.010582
Instances/Instances 1/rw1621_08.gt,1620,100.0,86400.0,PTVRP_LAYERED_SAFE,497201.0,282,0.002267599,0.010784
Instances/Instances 1/rw1621_09.gt,1620,100.0,86400.0,PTVRP_LAYERED_SAFE,504283.0,284,0.002287900,0.010986
Instances/Instances 1/rw1621_10.gt,1620,100.0,86400.0,PTVRP_LAYERED_SAFE,490108.0,296,0.002270400,0.011732
Instances/Instances 1/st70_01.gt,69,100.0,86400.0,PTVRP_LAYERED_SAFE,1877.0,16,0.000028300,0.008412
Instances/Instances 1/st70_02.gt,69,100.0,86400.0,PTVRP_LAYERED_SAFE,1948.0,19,0.000028900,0.005475
Instances/Instances 1/st70_03.gt,69,100.0,86400.0,PTVRP_LAYERED_SAFE,2076.0,20,0.000030200,0.00616
Instances/Instances 1/st70_04.gt,69,100.0,86400.0,PTVRP_LAYERED_SAFE,1928.0,19,0.000029000,0.005732
Instances/Instances 1/st70_05.gt,69,100.0,86400.0,PTVRP_LAYERED_SAFE,2126.0,20,0.000030700,0.006643
Instances/Instances 1/st70_06.gt,69,100.0,86400.0,PTVRP_LAYERED_SAFE,1937.0,18,0.000029900,0.005488
Instances/Instances 1/st70_07.gt,69,100.0,86400.0,PTVRP_LAYERED_SAFE,1931.0,18,0.000029300,0.006207
Instances/Instances 1/st70_08.gt,69,100.0,86400.0,PTVRP_LAYERED_SAFE,2081.0,20,0.000029600,0.005294
Instances/Instances 1/st70_09.gt,69,100.0,86400.0,PTVRP_LAYERED_SAFE,2154.0,24,0.000031200,0.005841
Instances/Instances 1/st70_10.gt,69,100.0,86400.0,PTVRP_LAYERED_SAFE,1973.0,20,0.000028400,0.005732
Instances/Instances 1/sw24978_01.gt,24977,100.0,86400.0,PTVRP_LAYERED_SAFE,43962617.0,3462,0.021846400,0.043012
Instances/Instances 1/sw24978_02.gt,24977,100.0,86400.0,PTVRP_LAYERED_SAFE,43869031.0,3445,0.021767799,0.043846
Instances/Instances 1/sw24978_03.gt,24977,100.0,86400.0,PTVRP_LAYERED_SAFE,43925669.0,3440,0.021862099,0.045898
Instances/Instances 1/sw24978_04.gt,24977,100.0,86400.0,PTVRP_LAYERED_SAFE,44146043.0,3487,0.022154600,0.049338
Instances/Instances 1/sw24978_05.gt,24977,100.0,86400.0,PTVRP_LAYERED_SAFE,43524174.0,3501,0.024632099,0.055646
Instances/Instances 1/sw24978_06.gt,24977,100.0,86400.0,PTVRP_LAYERED_SAFE,44257620.0,3541,0.022077100,0.046322
Instances/Instances 1/sw24978_07.gt,24977,100.0,86400.0,PTVRP_LAYERED_SAFE,43932202.0,3504,0.021814999,0.044671
Instances/Instances 1/sw24978_08.gt,24977,100.0,86400.0,PTVRP_LAYERED_SAFE,43812131.0,3462,0.022118700,0.049101
Instances/Instances 1/sw24978_09.gt,24977,100.0,86400.0,PTVRP_LAYERED_SAFE,43952102.0,3471,0.021842499,0.044765
Instances/Instances 1/sw24978_10.gt,24977,100.0,86400.0,PTVRP_LAYERED_SAFE,44049563.0,3523,0.021852499,0.04363
Instances/Instances 1/ts225_01.gt,224,100.0,86400.0,PTVRP_LAYERED_SAFE,753549.0,57,0.000066900,0.008216
Instances/Instances 1/ts225_02.gt,224,100.0,86400.0,PTVRP_LAYERED_SAFE,839760.0,69,0.000066500,0.006885
Instances/Instances 1/ts225_03.gt,224,100.0,86400.0,PTVRP_LAYERED_SAFE,755713.0,60,0.000068500,0.006111
Instances/Instances 1/ts225_04.gt,224,100.0,86400.0,PTVRP_LAYERED_SAFE,788723.0,62,0.000068700,0.005534
Instances/Instances 1/ts225_05.gt,224,100.0,86400.0,PTVRP_LAYERED_SAFE,762544.0,58,0.000068300,0.004855
Instances/Instances 1/ts225_06.gt,224,100.0,86400.0,PTVRP_LAYERED_SAFE,730659.0,58,0.000074600,0.006147
Instances/Instances 1/ts225_07.gt,224,100.0,86400.0,PTVRP_LAYERED_SAFE,716171.0,56,0.000066200,0.006086
Instances/Instances 1/ts225_08.gt,224,100.0,86400.0,PTVRP_LAYERED_SAFE,740685.0,54,0.000068200,0.006656
Instances/Instances 1/ts225_09.gt,224,100.0,86400.0,PTVRP_LAYERED_SAFE,782309.0,58,0.000067200,0.007641
Instances/Instances 1/ts225_10.gt,224,100.0,86400.0,PTVRP_LAYERED_SAFE,775827.0,62,0.000068800,0.007062
Instances/Instances 1/tsp225_01.gt,224,100.0,86400.0,PTVRP_LAYERED_SAFE,20111.0,59,0.000202200,0.007575
Instances/Instances 1/tsp225_02.gt,224,100.0,86400.0,PTVRP_LAYERED_SAFE,22052.0,63,0.000210800,0.006931
Instances/Instances 1/tsp225_03.gt,224,100.0,86400.0,PTVRP_LAYERED_SAFE,19648.0,59,0.000204100,0.006569
Instances/Instances 1/tsp225_04.gt,224,100.0,86400.0,PTVRP_LAYERED_SAFE,21346.0,64,0.000212400,0.007308
Instances/Instances 1/tsp225_05.gt,224,100.0,86400.0,PTVRP_LAYERED_SAFE,20669.0,64,0.000206300,0.005728
Instances/Instances 1/tsp225_06.gt,224,100.0,86400.0,PTVRP_LAYERED_SAFE,19374.0,59,0.000214600,0.005867
Instances/Instances 1/tsp225_07.gt,224,100.0,86400.0,PTVRP_LAYERED_SAFE,18569.0,61,0.000195400,0.00628
Instances/Instances 1/tsp225_08.gt,224,100.0,86400.0,PTVRP_LAYERED_SAFE,19967.0,55,0.000204600,0.006345
Instances/Instances 1/tsp225_09.gt,224,100.0,86400.0,PTVRP_LAYERED_SAFE,20158.0,61,0.000204000,0.007528
Instances/Instances 1/tsp225_10.gt,224,100.0,86400.0,PTVRP_LAYERED_SAFE,20511.0,62,0.000208600,0.007511
Instances/Instances 1/tz6117_01.gt,6116,100.0,86400.0,PTVRP_LAYERED_SAFE,12551427.0,955,0.004056900,0.014606
Instances/Instances 1/tz6117_02.gt,6116,100.0,86400.0,PTVRP_LAYERED_SAFE,12811296.0,960,0.004017600,0.016781
Instances/Instances 1/tz6117_03.gt,6116,100.0,86400.0,PTVRP_LAYERED_SAFE,12671790.0,939,0.004070400,0.017107
Instances/Instances 1/tz6117_04.gt,6116,100.0,86400.0,PTVRP_LAYERED_SAFE,12796072.0,974,0.004063400,0.017364
Instances/Instances 1/tz6117_05.gt,6116,100.0,86400.0,PTVRP_LAYERED_SAFE,12459778.0,952,0.004065800,0.017239
Instances/Instances 1/tz6117_06.gt,6116,100.0,86400.0,PTVRP_LAYERED_SAFE,12810191.0,935,0.004064000,0.015552
Instances/Instances 1/tz6117_07.gt,6116,100.0,86400.0,PTVRP_LAYERED_SAFE,12704025.0,948,0.004063400,0.01767
Instances/Instances 1/tz6117_08.gt,6116,100.0,86400.0,PTVRP_LAYERED_SAFE,12597102.0,943,0.004079600,0.017076
Instances/Instances 1/tz6117_09.gt,6116,100.0,86400.0,PTVRP_LAYERED_SAFE,12594943.0,959,0.004091200,0.016863
Instances/Instances 1/tz6117_10.gt,6116,100.0,86400.0,PTVRP_LAYERED_SAFE,12616671.0,964,0.004204900,0.017294
Instances/Instances 1/u1060_01.gt,1059,100.0,86400.0,PTVRP_LAYERED_SAFE,2929446.0,220,0.000445000,0.010606
Instances/Instances 1/u1060_02.gt,1059,100.0,86400.0,PTVRP_LAYERED_SAFE,2920714.0,219,0.000450900,0.00794
Instances/Instances 1/u1060_03.gt,1059,100.0,86400.0,PTVRP_LAYERED_SAFE,2930870.0,249,0.000457200,0.0061
Instances/Instances 1/u1060_04.gt,1059,100.0,86400.0,PTVRP_LAYERED_SAFE,2971375.0,214,0.000445800,0.006725
Instances/Instances 1/u1060_05.gt,1059,100.0,86400.0,PTVRP_LAYERED_SAFE,2914306.0,218,0.000448400,0.006432
Instances/Instances 1/u1060_06.gt,1059,100.0,86400.0,PTVRP_LAYERED_SAFE,2931750.0,218,0.000465500,0.008154
Instances/Instances 1/u1060_07.gt,1059,100.0,86400.0,PTVRP_LAYERED_SAFE,2887710.0,213,0.000448900,0.007977
Instances/Instances 1/u1060_08.gt,1059,100.0,86400.0,PTVRP_LAYERED_SAFE,2933959.0,217,0.000444600,0.008531
Instances/Instances 1/u1060_09.gt,1059,100.0,86400.0,PTVRP_LAYERED_SAFE,2901514.0,227,0.000445500,0.00818
Instances/Instances 1/u1060_10.gt,1059,100.0,86400.0,PTVRP_LAYERED_SAFE,2950166.0,236,0.000440700,0.008137
Instances/Instances 1/u1432_01.gt,1431,100.0,86400.0,PTVRP_LAYERED_SAFE,1689644.0,295,0.000865900,0.009092
Instances/Instances 1/u1432_02.gt,1431,100.0,86400.0,PTVRP_LAYERED_SAFE,1756882.0,300,0.000875900,0.007753
Instances/Instances 1/u1432_03.gt,1431,100.0,86400.0,PTVRP_LAYERED_SAFE,1720119.0,306,0.000859900,0.008942
Instances/Instances 1/u1432_04.gt,1431,100.0,86400.0,PTVRP_LAYERED_SAFE,1723255.0,292,0.000859600,0.007885
Instances/Instances 1/u1432_05.gt,1431,100.0,86400.0,PTVRP_LAYERED_SAFE,1753256.0,301,0.000860300,0.008228
Instances/Instances 1/u1432_06.gt,1431,100.0,86400.0,PTVRP_LAYERED_SAFE,1755048.0,314,0.000864800,0.008922
Instances/Instances 1/u1432_07.gt,1431,100.0,86400.0,PTVRP_LAYERED_SAFE,1770353.0,309,0.000847300,0.008652
Instances/Instances 1/u1432_08.gt,1431,100.0,86400.0,PTVRP_LAYERED_SAFE,1750849.0,310,0.000855000,0.007984
Instances/Instances 1/u1432_09.gt,1431,100.0,86400.0,PTVRP_LAYERED_SAFE,1769624.0,305,0.000850500,0.00893
Instances/Instances 1/u1432_10.gt,1431,100.0,86400.0,PTVRP_LAYERED_SAFE,1753611.0,308,0.000897700,0.007463
Instances/Instances 1/u159_01.gt,158,100.0,86400.0,PTVRP_LAYERED_SAFE,235559.0,43,0.000063300,0.005752
Instances/Instances 1/u159_02.gt,158,100.0,86400.0,PTVRP_LAYERED_SAFE,216892.0,38,0.000062000,0.006382
Instances/Instances 1/u159_03.gt,158,100.0,86400.0,PTVRP_LAYERED_SAFE,204628.0,36,0.000061300,0.005565
Instances/Instances 1/u159_04.gt,158,100.0,86400.0,PTVRP_LAYERED_SAFE,211969.0,38,0.000062200,0.006427
Instances/Instances 1/u159_05.gt,158,100.0,86400.0,PTVRP_LAYERED_SAFE,218817.0,40,0.000064700,0.006144
Instances/Instances 1/u159_06.gt,158,100.0,86400.0,PTVRP_LAYERED_SAFE,197964.0,36,0.000062100,0.006058
Instances/Instances 1/u159_07.gt,158,100.0,86400.0,PTVRP_LAYERED_SAFE,220169.0,34,0.000060900,0.007279
Instances/Instances 1/u159_08.gt,158,100.0,86400.0,PTVRP_LAYERED_SAFE,225307.0,38,0.000061500,0.006618
Instances/Instances 1/u159_09.gt,158,100.0,86400.0,PTVRP_LAYERED_SAFE,221066.0,43,0.000063500,0.006826
Instances/Instances 1/u159_10.gt,158,100.0,86400.0,PTVRP_LAYERED_SAFE,222065.0,41,0.000063500,0.006378
Instances/Instances 1/u1817_01.gt,1816,100.0,86400.0,PTVRP_LAYERED_SAFE,908323.0,349,0.001950800,0.010213
Instances/Instances 1/u1817_02.gt,1816,100.0,86400.0,PTVRP_LAYERED_SAFE,903539.0,362,0.001927299,0.009743
Instances/Instances 1/u1817_03.gt,1816,100.0,86400.0,PTVRP_LAYERED_SAFE,900900.0,355,0.001924800,0.011689
Instances/Instances 1/u1817_04.gt,1816,100.0,86400.0,PTVRP_LAYERED_SAFE,926278.0,372,0.001923300,0.011088
Instances/Instances 1/u1817_05.gt,1816,100.0,86400.0,PTVRP_LAYERED_SAFE,903550.0,353,0.001932699,0.009805
Instances/Instances 1/u1817_06.gt,1816,100.0,86400.0,PTVRP_LAYERED_SAFE,896776.0,364,0.001914500,0.011538
Instances/Instances 1/u1817_07.gt,1816,100.0,86400.0,PTVRP_LAYERED_SAFE,914526.0,360,0.001962000,0.011156
Instances/Instances 1/u1817_08.gt,1816,100.0,86400.0,PTVRP_LAYERED_SAFE,901794.0,350,0.001940700,0.011553
Instances/Instances 1/u1817_09.gt,1816,100.0,86400.0,PTVRP_LAYERED_SAFE,902398.0,351,0.001969000,0.010477
Instances/Instances 1/u1817_10.gt,1816,100.0,86400.0,PTVRP_LAYERED_SAFE,908822.0,347,0.001944100,0.009802
Instances/Instances 1/u2152_01.gt,2151,100.0,86400.0,PTVRP_LAYERED_SAFE,1077821.0,423,0.002472200,0.012089
Instances/Instances 1/u2152_02.gt,2151,100.0,86400.0,PTVRP_LAYERED_SAFE,1079930.0,416,0.002438200,0.012041
Instances/Instances 1/u2152_03.gt,2151,100.0,86400.0,PTVRP_LAYERED_SAFE,1087953.0,428,0.002370900,0.013632
Instances/Instances 1/u2152_04.gt,2151,100.0,86400.0,PTVRP_LAYERED_SAFE,1079166.0,406,0.002329000,0.012295
Instances/Instances 1/u2152_05.gt,2151,100.0,86400.0,PTVRP_LAYERED_SAFE,1073919.0,421,0.002373300,0.012989
Instances/Instances 1/u2152_06.gt,2151,100.0,86400.0,PTVRP_LAYERED_SAFE,1083037.0,423,0.002385499,0.012073
Instances/Instances 1/u2152_07.gt,2151,100.0,86400.0,PTVRP_LAYERED_SAFE,1083657.0,422,0.002347200,0.012308
Instances/Instances 1/u2152_08.gt,2151,100.0,86400.0,PTVRP_LAYERED_SAFE,1079463.0,422,0.002355900,0.011175
Instances/Instances 1/u2152_09.gt,2151,100.0,86400.0,PTVRP_LAYERED_SAFE,1071351.0,413,0.002376800,0.012649
Instances/Instances 1/u2152_10.gt,2151,100.0,86400.0,PTVRP_LAYERED_SAFE,1088236.0,417,0.002413200,0.012621
Instances/Instances 1/u2319_01.gt,2318,100.0,86400.0,PTVRP_LAYERED_SAFE,2655554.0,494,0.001497700,0.011431
Instances/Instances 1/u2319_02.gt,2318,100.0,86400.0,PTVRP_LAYERED_SAFE,2659037.0,505,0.001452700,0.011239
Instances/Instances 1/u2319_03.gt,2318,100.0,86400.0,PTVRP_LAYERED_SAFE,2646782.0,497,0.001692000,0.010429
Instances/Instances 1/u2319_04.gt,2318,100.0,86400.0,PTVRP_LAYERED_SAFE,2666310.0,499,0.001459600,0.008475
Instances/Instances 1/u2319_05.gt,2318,100.0,86400.0,PTVRP_LAYERED_SAFE,2604044.0,496,0.001445600,0.00934
Instances/Instances 1/u2319_06.gt,2318,100.0,86400.0,PTVRP_LAYERED_SAFE,2651135.0,491,0.001465400,0.01071
Instances/Instances 1/u2319_07.gt,2318,100.0,86400.0,PTVRP_LAYERED_SAFE,2635490.0,524,0.001474100,0.010555
Instances/Instances 1/u2319_08.gt,2318,100.0,86400.0,PTVRP_LAYERED_SAFE,2662172.0,512,0.001488699,0.010176
Instances/Instances 1/u2319_09.gt,2318,100.0,86400.0,PTVRP_LAYERED_SAFE,2665646.0,490,0.001444800,0.010039
Instances/Instances 1/u2319_10.gt,2318,100.0,86400.0,PTVRP_LAYERED_SAFE,2661007.0,510,0.001476600,0.009406
Instances/Instances 1/u574_01.gt,573,100.0,86400.0,PTVRP_LAYERED_SAFE,315211.0,137,0.000439800,0.007089
Instances/Instances 1/u574_02.gt,573,100.0,86400.0,PTVRP_LAYERED_SAFE,314774.0,136,0.000444400,0.008253
Instances/Instances 1/u574_03.gt,573,100.0,86400.0,PTVRP_LAYERED_SAFE,298327.0,134,0.000436700,0.008135
Instances/Instances 1/u574_04.gt,573,100.0,86400.0,PTVRP_LAYERED_SAFE,307809.0,126,0.000436000,0.00726
Instances/Instances 1/u574_05.gt,573,100.0,86400.0,PTVRP_LAYERED_SAFE,304755.0,126,0.000439500,0.005977
Instances/Instances 1/u574_06.gt,573,100.0,86400.0,PTVRP_LAYERED_SAFE,323155.0,130,0.000442300,0.006446
Instances/Instances 1/u574_07.gt,573,100.0,86400.0,PTVRP_LAYERED_SAFE,308936.0,139,0.000456500,0.006628
Instances/Instances 1/u574_08.gt,573,100.0,86400.0,PTVRP_LAYERED_SAFE,311340.0,134,0.000437300,0.006369
Instances/Instances 1/u574_09.gt,573,100.0,86400.0,PTVRP_LAYERED_SAFE,295566.0,129,0.000450700,0.00608
Instances/Instances 1/u574_10.gt,573,100.0,86400.0,PTVRP_LAYERED_SAFE,310873.0,133,0.000438100,0.009164
Instances/Instances 1/u724_01.gt,723,100.0,86400.0,PTVRP_LAYERED_SAFE,394021.0,162,0.000604700,0.007373
Instances/Instances 1/u724_02.gt,723,100.0,86400.0,PTVRP_LAYERED_SAFE,394132.0,159,0.000589700,0.00776
Instances/Instances 1/u724_03.gt,723,100.0,86400.0,PTVRP_LAYERED_SAFE,381510.0,164,0.000582600,0.007708
Instances/Instances 1/u724_04.gt,723,100.0,86400.0,PTVRP_LAYERED_SAFE,397244.0,169,0.000591900,0.006834
Instances/Instances 1/u724_05.gt,723,100.0,86400.0,PTVRP_LAYERED_SAFE,404839.0,163,0.000637300,0.007585
Instances/Instances 1/u724_06.gt,723,100.0,86400.0,PTVRP_LAYERED_SAFE,398647.0,162,0.000578900,0.006788
Instances/Instances 1/u724_07.gt,723,100.0,86400.0,PTVRP_LAYERED_SAFE,377366.0,156,0.000612000,0.008521
Instances/Instances 1/u724_08.gt,723,100.0,86400.0,PTVRP_LAYERED_SAFE,384349.0,165,0.000584500,0.007706
Instances/Instances 1/u724_09.gt,723,100.0,86400.0,PTVRP_LAYERED_SAFE,402193.0,171,0.000584300,0.007529
Instances/Instances 1/u724_10.gt,723,100.0,86400.0,PTVRP_LAYERED_SAFE,390147.0,163,0.000580400,0.007318
Instances/Instances 1/usa13509_01.gt,13508,100.0,86400.0,PTVRP_LAYERED_SAFE,NO SOLUTION,,0.000913300,0.019665
Instances/Instances 1/usa13509_02.gt,13508,100.0,86400.0,PTVRP_LAYERED_SAFE,NO SOLUTION,,0.000877500,0.019793
Instances/Instances 1/usa13509_03.gt,13508,100.0,86400.0,PTVRP_LAYERED_SAFE,NO SOLUTION,,0.000893900,0.01643
Instances/Instances 1/usa13509_04.gt,13508,100.0,86400.0,PTVRP_LAYERED_SAFE,NO SOLUTION,,0.000856900,0.017176
Instances/Instances 1/usa13509_05.gt,13508,100.0,86400.0,PTVRP_LAYERED_SAFE,NO SOLUTION,,0.000864000,0.018766
Instances/Instances 1/usa13509_06.gt,13508,100.0,86400.0,PTVRP_LAYERED_SAFE,NO SOLUTION,,0.000904000,0.016944
Instances/Instances 1/usa13509_07.gt,13508,100.0,86400.0,PTVRP_LAYERED_SAFE,NO SOLUTION,,0.000872000,0.017127
Instances/Instances 1/usa13509_08.gt,13508,100.0,86400.0,PTVRP_LAYERED_SAFE,NO SOLUTION,,0.000906500,0.015495
Instances/Instances 1/usa13509_09.gt,13508,100.0,86400.0,PTVRP_LAYERED_SAFE,NO SOLUTION,,0.000862400,0.016074
Instances/Instances 1/usa13509_10.gt,13508,100.0,86400.0,PTVRP_LAYERED_SAFE,NO SOLUTION,,0.000903800,0.017405
Instances/Instances 1/uy734_01.gt,733,100.0,86400.0,PTVRP_LAYERED_SAFE,732294.0,158,0.000457600,0.007418
Instances/Instances 1/uy734_02.gt,733,100.0,86400.0,PTVRP_LAYERED_SAFE,769798.0,165,0.000462900,0.008186
Instances/Instances 1/uy734_03.gt,733,100.0,86400.0,PTVRP_LAYERED_SAFE,738187.0,160,0.000458400,0.006915
Instances/Instances 1/uy734_04.gt,733,100.0,86400.0,PTVRP_LAYERED_SAFE,744082.0,166,0.000461500,0.00739
Instances/Instances 1/uy734_05.gt,733,100.0,86400.0,PTVRP_LAYERED_SAFE,732532.0,161,0.000456700,0.00663
Instances/Instances 1/uy734_06.gt,733,100.0,86400.0,PTVRP_LAYERED_SAFE,744294.0,153,0.000484400,0.007731
Instances/Instances 1/uy734_07.gt,733,100.0,86400.0,PTVRP_LAYERED_SAFE,735743.0,164,0.000463900,0.006173
Instances/Instances 1/uy734_08.gt,733,100.0,86400.0,PTVRP_LAYERED_SAFE,756391.0,167,0.000465200,0.006813
Instances/Instances 1/uy734_09.gt,733,100.0,86400.0,PTVRP_LAYERED_SAFE,748436.0,153,0.000467000,0.006663
Instances/Instances 1/uy734_10.gt,733,100.0,86400.0,PTVRP_LAYERED_SAFE,738356.0,165,0.000460400,0.008307
Instances/Instances 1/vm1084_01.gt,1083,100.0,86400.0,PTVRP_LAYERED_SAFE,3726449.0,217,0.000434800,0.009193
Instances/Instances 1/vm1084_02.gt,1083,100.0,86400.0,PTVRP_LAYERED_SAFE,3700592.0,205,0.000435900,0.008719
Instances/Instances 1/vm1084_03.gt,1083,100.0,86400.0,PTVRP_LAYERED_SAFE,3661791.0,209,0.000441500,0.008993
Instances/Instances 1/vm1084_04.gt,1083,100.0,86400.0,PTVRP_LAYERED_SAFE,3648999.0,196,0.000434800,0.009279
Instances/Instances 1/vm1084_05.gt,1083,100.0,86400.0,PTVRP_LAYERED_SAFE,3713544.0,201,0.000441800,0.008172
Instances/Instances 1/vm1084_06.gt,1083,100.0,86400.0,PTVRP_LAYERED_SAFE,3647592.0,197,0.000444000,0.009064
Instances/Instances 1/vm1084_07.gt,1083,100.0,86400.0,PTVRP_LAYERED_SAFE,3760001.0,208,0.000437700,0.007944
Instances/Instances 1/vm1084_08.gt,1083,100.0,86400.0,PTVRP_LAYERED_SAFE,3699725.0,201,0.000441900,0.006748
Instances/Instances 1/vm1084_09.gt,1083,100.0,86400.0,PTVRP_LAYERED_SAFE,3717533.0,201,0.000437500,0.006624
Instances/Instances 1/vm1084_10.gt,1083,100.0,86400.0,PTVRP_LAYERED_SAFE,3584176.0,196,0.000438000,0.006217
Instances/Instances 1/vm1748_01.gt,1747,100.0,86400.0,PTVRP_LAYERED_SAFE,6327619.0,317,0.000768300,0.008171
Instances/Instances 1/vm1748_02.gt,1747,100.0,86400.0,PTVRP_LAYERED_SAFE,6330263.0,314,0.000712500,0.008048
Instances/Instances 1/vm1748_03.gt,1747,100.0,86400.0,PTVRP_LAYERED_SAFE,6237018.0,320,0.000719500,0.007565
Instances/Instances 1/vm1748_04.gt,1747,100.0,86400.0,PTVRP_LAYERED_SAFE,6385114.0,325,0.000721400,0.007528
Instances/Instances 1/vm1748_05.gt,1747,100.0,86400.0,PTVRP_LAYERED_SAFE,6344146.0,309,0.000720800,0.008242
Instances/Instances 1/vm1748_06.gt,1747,100.0,86400.0,PTVRP_LAYERED_SAFE,6271296.0,302,0.000717800,0.007468
Instances/Instances 1/vm1748_07.gt,1747,100.0,86400.0,PTVRP_LAYERED_SAFE,6163538.0,296,0.000717200,0.008468
Instances/Instances 1/vm1748_08.gt,1747,100.0,86400.0,PTVRP_LAYERED_SAFE,6342950.0,317,0.000718400,0.008379
Instances/Instances 1/vm1748_09.gt,1747,100.0,86400.0,PTVRP_LAYERED_SAFE,6270420.0,310,0.000722300,0.009244
Instances/Instances 1/vm1748_10.gt,1747,100.0,86400.0,PTVRP_LAYERED_SAFE,6328544.0,314,0.000762900,0.007659
Instances/Instances 1/vm22775_01.gt,22774,100.0,86400.0,PTVRP_LAYERED_SAFE,54441730.0,2712,0.017932600,0.037772
Instances/Instances 1/vm22775_02.gt,22774,100.0,86400.0,PTVRP_LAYERED_SAFE,54541485.0,2701,0.017790700,0.038202
Instances/Instances 1/vm22775_03.gt,22774,100.0,86400.0,PTVRP_LAYERED_SAFE,54261290.0,2687,0.017879999,0.042451
Instances/Instances 1/vm22775_04.gt,22774,100.0,86400.0,PTVRP_LAYERED_SAFE,54435928.0,2658,0.018143299,0.042893
Instances/Instances 1/vm22775_05.gt,22774,100.0,86400.0,PTVRP_LAYERED_SAFE,54765238.0,2701,0.018251799,0.041508
Instances/Instances 1/vm22775_06.gt,22774,100.0,86400.0,PTVRP_LAYERED_SAFE,54358246.0,2643,0.017950800,0.048225
Instances/Instances 1/vm22775_07.gt,22774,100.0,86400.0,PTVRP_LAYERED_SAFE,54749112.0,2661,0.018017599,0.04021
Instances/Instances 1/vm22775_08.gt,22774,100.0,86400.0,PTVRP_LAYERED_SAFE,54592635.0,2686,0.017708999,0.043113
Instances/Instances 1/vm22775_09.gt,22774,100.0,86400.0,PTVRP_LAYERED_SAFE,54226956.0,2642,0.018276500,0.042305
Instances/Instances 1/vm22775_10.gt,22774,100.0,86400.0,PTVRP_LAYERED_SAFE,54527669.0,2707,0.018037800,0.039467
Instances/Instances 1/wi29_01.gt,28,100.0,86400.0,PTVRP_LAYERED_SAFE,63832.0,8,0.000009100,0.005872
Instances/Instances 1/wi29_02.gt,28,100.0,86400.0,PTVRP_LAYERED_SAFE,67357.0,8,0.000008700,0.006893
Instances/Instances 1/wi29_03.gt,28,100.0,86400.0,PTVRP_LAYERED_SAFE,61295.0,8,0.000009200,0.007785
Instances/Instances 1/wi29_04.gt,28,100.0,86400.0,PTVRP_LAYERED_SAFE,73682.0,9,0.000009000,0.006692
Instances/Instances 1/wi29_05.gt,28,100.0,86400.0,PTVRP_LAYERED_SAFE,61000.0,8,0.000008600,0.005589
Instances/Instances 1/wi29_06.gt,28,100.0,86400.0,PTVRP_LAYERED_SAFE,77752.0,10,0.000009000,0.005682
Instances/Instances 1/wi29_07.gt,28,100.0,86400.0,PTVRP_LAYERED_SAFE,61738.0,8,0.000008500,0.005976
Instances/Instances 1/wi29_08.gt,28,100.0,86400.0,PTVRP_LAYERED_SAFE,64655.0,9,0.000009000,0.00529
Instances/Instances 1/wi29_09.gt,28,100.0,86400.0,PTVRP_LAYERED_SAFE,58151.0,7,0.000007700,0.006285
Instances/Instances 1/wi29_10.gt,28,100.0,86400.0,PTVRP_LAYERED_SAFE,59236.0,7,0.000007900,0.005294
Instances/Instances 1/ym7663_01.gt,7662,100.0,86400.0,PTVRP_LAYERED_SAFE,7752216.0,1133,0.008327000,0.01836
Instances/Instances 1/ym7663_02.gt,7662,100.0,86400.0,PTVRP_LAYERED_SAFE,7847057.0,1185,0.008335700,0.021128
Instances/Instances 1/ym7663_03.gt,7662,100.0,86400.0,PTVRP_LAYERED_SAFE,7751612.0,1167,0.008267300,0.020291
Instances/Instances 1/ym7663_04.gt,7662,100.0,86400.0,PTVRP_LAYERED_SAFE,7747573.0,1198,0.008432299,0.01885
Instances/Instances 1/ym7663_05.gt,7662,100.0,86400.0,PTVRP_LAYERED_SAFE,7805879.0,1184,0.008342800,0.022887
Instances/Instances 1/ym7663_06.gt,7662,100.0,86400.0,PTVRP_LAYERED_SAFE,7712720.0,1161,0.008347800,0.022129
Instances/Instances 1/ym7663_07.gt,7662,100.0,86400.0,PTVRP_LAYERED_SAFE,7806262.0,1211,0.008314499,0.021084
Instances/Instances 1/ym7663_08.gt,7662,100.0,86400.0,PTVRP_LAYERED_SAFE,7770068.0,1208,0.008289300,0.020179
Instances/Instances 1/ym7663_09.gt,7662,100.0,86400.0,PTVRP_LAYERED_SAFE,7798925.0,1190,0.008439200,0.020953
Instances/Instances 1/ym7663_10.gt,7662,100.0,86400.0,PTVRP_LAYERED_SAFE,7832136.0,1170,0.008284600,0.020312
Instances/Instances 1/zi929_01.gt,928,100.0,86400.0,PTVRP_LAYERED_SAFE,1109222.0,162,0.000661100,0.009487
Instances/Instances 1/zi929_02.gt,928,100.0,86400.0,PTVRP_LAYERED_SAFE,1068497.0,182,0.000669900,0.006926
Instances/Instances 1/zi929_03.gt,928,100.0,86400.0,PTVRP_LAYERED_SAFE,1070952.0,169,0.000700900,0.007714
Instances/Instances 1/zi929_04.gt,928,100.0,86400.0,PTVRP_LAYERED_SAFE,1076890.0,168,0.000659800,0.007994
Instances/Instances 1/zi929_05.gt,928,100.0,86400.0,PTVRP_LAYERED_SAFE,1087710.0,167,0.000693900,0.007656
Instances/Instances 1/zi929_06.gt,928,100.0,86400.0,PTVRP_LAYERED_SAFE,1117208.0,177,0.000667800,0.006519
Instances/Instances 1/zi929_07.gt,928,100.0,86400.0,PTVRP_LAYERED_SAFE,1089182.0,182,0.000683100,0.007106
Instances/Instances 1/zi929_08.gt,928,100.0,86400.0,PTVRP_LAYERED_SAFE,1100299.0,161,0.000655600,0.007805
Instances/Instances 1/zi929_09.gt,928,100.0,86400.0,PTVRP_LAYERED_SAFE,1053304.0,157,0.000657200,0.007348
Instances/Instances 1/zi929_10.gt,928,100.0,86400.0,PTVRP_LAYERED_SAFE,1117329.0,180,0.000662500,0.006918
Instances/Instances 2/a280_01.gt,279,20.0,86400.0,PTVRP_LAYERED_SAFE,73065.0,134,0.000720100,0.007307
Instances/Instances 2/a280_02.gt,279,20.0,86400.0,PTVRP_LAYERED_SAFE,69627.0,138,0.000702400,0.007485
Instances/Instances 2/a280_03.gt,279,20.0,86400.0,PTVRP_LAYERED_SAFE,70033.0,138,0.000709500,0.0077
Instances/Instances 2/a280_04.gt,279,20.0,86400.0,PTVRP_LAYERED_SAFE,72211.0,126,0.000734700,0.007482
Instances/Instances 2/a280_05.gt,279,20.0,86400.0,PTVRP_LAYERED_SAFE,71540.0,129,0.000716200,0.007016
Instances/Instances 2/a280_06.gt,279,20.0,86400.0,PTVRP_LAYERED_SAFE,72625.0,125,0.000715400,0.007192
Instances/Instances 2/a280_07.gt,279,20.0,86400.0,PTVRP_LAYERED_SAFE,75409.0,146,0.000720600,0.007384
Instances/Instances 2/a280_08.gt,279,20.0,86400.0,PTVRP_LAYERED_SAFE,73218.0,131,0.000712200,0.007494
Instances/Instances 2/a280_09.gt,279,20.0,86400.0,PTVRP_LAYERED_SAFE,70552.0,137,0.000739900,0.009983
Instances/Instances 2/a280_10.gt,279,20.0,86400.0,PTVRP_LAYERED_SAFE,69316.0,136,0.000719700,0.009372
Instances/Instances 2/ar9152_01.gt,9151,20.0,86400.0,PTVRP_LAYERED_SAFE,NO SOLUTION,,0.005846600,0.02038
Instances/Instances 2/ar9152_02.gt,9151,20.0,86400.0,PTVRP_LAYERED_SAFE,NO SOLUTION,,0.005933900,0.021509
Instances/Instances 2/ar9152_03.gt,9151,20.0,86400.0,PTVRP_LAYERED_SAFE,NO SOLUTION,,0.005964000,0.022899
Instances/Instances 2/ar9152_04.gt,9151,20.0,86400.0,PTVRP_LAYERED_SAFE,NO SOLUTION,,0.005893100,0.020427
Instances/Instances 2/ar9152_05.gt,9151,20.0,86400.0,PTVRP_LAYERED_SAFE,NO SOLUTION,,0.005912300,0.021681
Instances/Instances 2/ar9152_06.gt,9151,20.0,86400.0,PTVRP_LAYERED_SAFE,NO SOLUTION,,0.005891100,0.023916
Instances/Instances 2/ar9152_07.gt,9151,20.0,86400.0,PTVRP_LAYERED_SAFE,NO SOLUTION,,0.005878400,0.022209
Instances/Instances 2/ar9152_08.gt,9151,20.0,86400.0,PTVRP_LAYERED_SAFE,NO SOLUTION,,0.005868100,0.023353
Instances/Instances 2/ar9152_09.gt,9151,20.0,86400.0,PTVRP_LAYERED_SAFE,NO SOLUTION,,0.005887600,0.020554
Instances/Instances 2/ar9152_10.gt,9151,20.0,86400.0,PTVRP_LAYERED_SAFE,NO SOLUTION,,0.005838100,0.02237
Instances/Instances 2/berlin52_01.gt,51,20.0,86400.0,PTVRP_LAYERED_SAFE,51496.0,35,0.000047400,0.008111
Instances/Instances 2/berlin52_02.gt,51,20.0,86400.0,PTVRP_LAYERED_SAFE,55621.0,31,0.000049200,0.007641
Instances/Instances 2/berlin52_03.gt,51,20.0,86400.0,PTVRP_LAYERED_SAFE,68168.0,35,0.000052000,0.00765
Instances/Instances 2/berlin52_04.gt,51,20.0,86400.0,PTVRP_LAYERED_SAFE,65530.0,41,0.000049400,0.00805
Instances/Instances 2/berlin52_05.gt,51,20.0,86400.0,PTVRP_LAYERED_SAFE,65234.0,35,0.000047200,0.008517
Instances/Instances 2/berlin52_06.gt,51,20.0,86400.0,PTVRP_LAYERED_SAFE,59666.0,29,0.000046700,0.007215
Instances/Instances 2/berlin52_07.gt,51,20.0,86400.0,PTVRP_LAYERED_SAFE,70707.0,37,0.000048600,0.006874
Instances/Instances 2/berlin52_08.gt,51,20.0,86400.0,PTVRP_LAYERED_SAFE,55987.0,33,0.000048100,0.00642
Instances/Instances 2/berlin52_09.gt,51,20.0,86400.0,PTVRP_LAYERED_SAFE,67848.0,34,0.000050100,0.006487
Instances/Instances 2/berlin52_10.gt,51,20.0,86400.0,PTVRP_LAYERED_SAFE,64579.0,35,0.000047700,0.007798
Instances/Instances 2/bier127_01.gt,126,20.0,86400.0,PTVRP_LAYERED_SAFE,1285131.0,74,0.000059500,0.00837
Instances/Instances 2/bier127_02.gt,126,20.0,86400.0,PTVRP_LAYERED_SAFE,1373509.0,77,0.000059000,0.007118
Instances/Instances 2/bier127_03.gt,126,20.0,86400.0,PTVRP_LAYERED_SAFE,1315115.0,81,0.000060900,0.008783
Instances/Instances 2/bier127_04.gt,126,20.0,86400.0,PTVRP_LAYERED_SAFE,1384370.0,74,0.000060200,0.007988
Instances/Instances 2/bier127_05.gt,126,20.0,86400.0,PTVRP_LAYERED_SAFE,1350243.0,73,0.000061000,0.009112
Instances/Instances 2/bier127_06.gt,126,20.0,86400.0,PTVRP_LAYERED_SAFE,1283571.0,69,0.000061100,0.008007
Instances/Instances 2/bier127_07.gt,126,20.0,86400.0,PTVRP_LAYERED_SAFE,1309712.0,71,0.000060500,0.008023
Instances/Instances 2/bier127_08.gt,126,20.0,86400.0,PTVRP_LAYERED_SAFE,1220999.0,76,0.000061700,0.006709
Instances/Instances 2/bier127_09.gt,126,20.0,86400.0,PTVRP_LAYERED_SAFE,1330236.0,72,0.000059100,0.007147
Instances/Instances 2/bier127_10.gt,126,20.0,86400.0,PTVRP_LAYERED_SAFE,1210161.0,76,0.000058100,0.00771
Instances/Instances 2/bm33708_01.gt,33707,20.0,86400.0,PTVRP_LAYERED_SAFE,266607781.0,9733,0.039531798,0.07214
Instances/Instances 2/bm33708_02.gt,33707,20.0,86400.0,PTVRP_LAYERED_SAFE,266537121.0,9755,0.039109698,0.066238
Instances/Instances 2/bm33708_03.gt,33707,20.0,86400.0,PTVRP_LAYERED_SAFE,267500602.0,9706,0.038818898,0.068692
Instances/Instances 2/bm33708_04.gt,33707,20.0,86400.0,PTVRP_LAYERED_SAFE,267076808.0,9835,0.038573398,0.067972
Instances/Instances 2/bm33708_05.gt,33707,20.0,86400.0,PTVRP_LAYERED_SAFE,267589178.0,9756,0.038635499,0.074303
Instances/Instances 2/bm33708_06.gt,33707,20.0,86400.0,PTVRP_LAYERED_SAFE,266496539.0,9774,0.038779399,0.067955
Instances/Instances 2/bm33708_07.gt,33707,20.0,86400.0,PTVRP_LAYERED_SAFE,268064290.0,9867,0.038825599,0.067216
Instances/Instances 2/bm33708_08.gt,33707,20.0,86400.0,PTVRP_LAYERED_SAFE,267513339.0,9944,0.038965899,0.074452
Instances/Instances 2/bm33708_09.gt,33707,20.0,86400.0,PTVRP_LAYERED_SAFE,266621135.0,9803,0.038593499,0.06794
Instances/Instances 2/bm33708_10.gt,33707,20.0,86400.0,PTVRP_LAYERED_SAFE,265598639.0,9651,0.039152699,0.068943
Instances/Instances 2/brd14051_01.gt,14050,20.0,86400.0,PTVRP_LAYERED_SAFE,81780746.0,4064,0.017787999,0.035491
Instances/Instances 2/brd14051_02.gt,14050,20.0,86400.0,PTVRP_LAYERED_SAFE,81057860.0,4037,0.017222699,0.031006
Instances/Instances 2/brd14051_03.gt,14050,20.0,86400.0,PTVRP_LAYERED_SAFE,81217832.0,4104,0.017134599,0.032894
Instances/Instances 2/brd14051_04.gt,14050,20.0,86400.0,PTVRP_LAYERED_SAFE,81710438.0,4117,0.017111299,0.033607
Instances/Instances 2/brd14051_05.gt,14050,20.0,86400.0,PTVRP_LAYERED_SAFE,81621139.0,4123,0.017270299,0.033665
Instances/Instances 2/brd14051_06.gt,14050,20.0,86400.0,PTVRP_LAYERED_SAFE,81705145.0,4124,0.017296699,0.035389
Instances/Instances 2/brd14051_07.gt,14050,20.0,86400.0,PTVRP_LAYERED_SAFE,81806096.0,4136,0.017300799,0.03555
Instances/Instances 2/brd14051_08.gt,14050,20.0,86400.0,PTVRP_LAYERED_SAFE,82753631.0,4160,0.017213799,0.036418
Instances/Instances 2/brd14051_09.gt,14050,20.0,86400.0,PTVRP_LAYERED_SAFE,82016611.0,4152,0.017117699,0.033391
Instances/Instances 2/brd14051_10.gt,14050,20.0,86400.0,PTVRP_LAYERED_SAFE,81447471.0,4106,0.017077999,0.033863
Instances/Instances 2/ca4663_01.gt,4662,20.0,86400.0,PTVRP_LAYERED_SAFE,NO SOLUTION,,0.001014200,0.014158
Instances/Instances 2/ca4663_02.gt,4662,20.0,86400.0,PTVRP_LAYERED_SAFE,NO SOLUTION,,0.001007900,0.011601
Instances/Instances 2/ca4663_03.gt,4662,20.0,86400.0,PTVRP_LAYERED_SAFE,NO SOLUTION,,0.000974600,0.011667
Instances/Instances 2/ca4663_04.gt,4662,20.0,86400.0,PTVRP_LAYERED_SAFE,NO SOLUTION,,0.000987600,0.010196
Instances/Instances 2/ca4663_05.gt,4662,20.0,86400.0,PTVRP_LAYERED_SAFE,NO SOLUTION,,0.001003900,0.008684
Instances/Instances 2/ca4663_06.gt,4662,20.0,86400.0,PTVRP_LAYERED_SAFE,NO SOLUTION,,0.001011000,0.012649
Instances/Instances 2/ca4663_07.gt,4662,20.0,86400.0,PTVRP_LAYERED_SAFE,NO SOLUTION,,0.001021600,0.011181
Instances/Instances 2/ca4663_08.gt,4662,20.0,86400.0,PTVRP_LAYERED_SAFE,NO SOLUTION,,0.001000900,0.010177
Instances/Instances 2/ca4663_09.gt,4662,20.0,86400.0,PTVRP_LAYERED_SAFE,NO SOLUTION,,0.000972200,0.011051
Instances/Instances 2/ca4663_10.gt,4662,20.0,86400.0,PTVRP_LAYERED_SAFE,NO SOLUTION,,0.001005200,0.011955
Instances/Instances 2/ch130_01.gt,129,20.0,86400.0,PTVRP_LAYERED_SAFE,97546.0,65,0.000164400,0.007263
Instances/Instances 2/ch130_02.gt,129,20.0,86400.0,PTVRP_LAYERED_SAFE,100776.0,73,0.000163400,0.006836
Instances/Instances 2/ch130_03.gt,129,20.0,86400.0,PTVRP_LAYERED_SAFE,99916.0,69,0.000159300,0.006632
Instances/Instances 2/ch130_04.gt,129,20.0,86400.0,PTVRP_LAYERED_SAFE,108977.0,71,0.000161200,0.005823
Instances/Instances 2/ch130_05.gt,129,20.0,86400.0,PTVRP_LAYERED_SAFE,96310.0,68,0.000162400,0.007336
Instances/Instances 2/ch130_06.gt,129,20.0,86400.0,PTVRP_LAYERED_SAFE,94305.0,69,0.000167100,0.007549
Instances/Instances 2/ch130_07.gt,129,20.0,86400.0,PTVRP_LAYERED_SAFE,95705.0,72,0.000170400,0.007978
Instances/Instances 2/ch130_08.gt,129,20.0,86400.0,PTVRP_LAYERED_SAFE,105568.0,69,0.000161200,0.009404
Instances/Instances 2/ch130_09.gt,129,20.0,86400.0,PTVRP_LAYERED_SAFE,97617.0,74,0.000155100,0.006648
Instances/Instances 2/ch130_10.gt,129,20.0,86400.0,PTVRP_LAYERED_SAFE,97471.0,68,0.000164100,0.005869
Instances/Instances 2/ch150_01.gt,149,20.0,86400.0,PTVRP_LAYERED_SAFE,125618.0,83,0.000199500,0.005943
Instances/Instances 2/ch150_02.gt,149,20.0,86400.0,PTVRP_LAYERED_SAFE,109287.0,74,0.000225800,0.00552
Instances/Instances 2/ch150_03.gt,149,20.0,86400.0,PTVRP_LAYERED_SAFE,111233.0,84,0.000197200,0.006515
Instances/Instances 2/ch150_04.gt,149,20.0,86400.0,PTVRP_LAYERED_SAFE,116220.0,79,0.000194800,0.005246
Instances/Instances 2/ch150_05.gt,149,20.0,86400.0,PTVRP_LAYERED_SAFE,121717.0,87,0.000198600,0.005153
Instances/Instances 2/ch150_06.gt,149,20.0,86400.0,PTVRP_LAYERED_SAFE,112498.0,82,0.000194500,0.005852
Instances/Instances 2/ch150_07.gt,149,20.0,86400.0,PTVRP_LAYERED_SAFE,119674.0,74,0.000203000,0.005446
Instances/Instances 2/ch150_08.gt,149,20.0,86400.0,PTVRP_LAYERED_SAFE,123117.0,76,0.000199200,0.005861
Instances/Instances 2/ch150_09.gt,149,20.0,86400.0,PTVRP_LAYERED_SAFE,114490.0,78,0.000201600,0.00594
Instances/Instances 2/ch150_10.gt,149,20.0,86400.0,PTVRP_LAYERED_SAFE,116533.0,80,0.000198000,0.007036
Instances/Instances 2/ch71009_01.gt,71008,20.0,86400.0,PTVRP_LAYERED_SAFE,NO SOLUTION,,0.035278399,0.095693
Instances/Instances 2/ch71009_02.gt,71008,20.0,86400.0,PTVRP_LAYERED_SAFE,NO SOLUTION,,0.049159399,0.100714
Instances/Instances 2/ch71009_03.gt,71008,20.0,86400.0,PTVRP_LAYERED_SAFE,NO SOLUTION,,0.033510799,0.098184
Instances/Instances 2/ch71009_04.gt,71008,20.0,86400.0,PTVRP_LAYERED_SAFE,NO SOLUTION,,0.033079800,0.090816
Instances/Instances 2/ch71009_05.gt,71008,20.0,86400.0,PTVRP_LAYERED_SAFE,NO SOLUTION,,0.033795399,0.098135
Instances/Instances 2/ch71009_06.gt,71008,20.0,86400.0,PTVRP_LAYERED_SAFE,NO SOLUTION,,0.033461799,0.085123
Instances/Instances 2/ch71009_07.gt,71008,20.0,86400.0,PTVRP_LAYERED_SAFE,NO SOLUTION,,0.034144499,0.085727
Instances/Instances 2/ch71009_08.gt,71008,20.0,86400.0,PTVRP_LAYERED_SAFE,NO SOLUTION,,0.033201099,0.096851
Instances/Instances 2/ch71009_09.gt,71008,20.0,86400.0,PTVRP_LAYERED_SAFE,NO SOLUTION,,0.034033600,0.103039
Instances/Instances 2/ch71009_10.gt,71008,20.0,86400.0,PTVRP_LAYERED_SAFE,NO SOLUTION,,0.033533600,0.088222
Instances/Instances 2/d1291_01.gt,1290,20.0,86400.0,PTVRP_LAYERED_SAFE,3596492.0,488,0.001829600,0.012341
Instances/Instances 2/d1291_02.gt,1290,20.0,86400.0,PTVRP_LAYERED_SAFE,3267831.0,493,0.001854500,0.011049
Instances/Instances 2/d1291_03.gt,1290,20.0,86400.0,PTVRP_LAYERED_SAFE,3436670.0,483,0.001859100,0.010568
Instances/Instances 2/d1291_04.gt,1290,20.0,86400.0,PTVRP_LAYERED_SAFE,3363161.0,501,0.001868199,0.008885
Instances/Instances 2/d1291_05.gt,1290,20.0,86400.0,PTVRP_LAYERED_SAFE,3429998.0,492,0.001836700,0.009672
Instances/Instances 2/d1291_06.gt,1290,20.0,86400.0,PTVRP_LAYERED_SAFE,3413697.0,465,0.001862600,0.009827
Instances/Instances 2/d1291_07.gt,1290,20.0,86400.0,PTVRP_LAYERED_SAFE,3385304.0,487,0.001859700,0.009759
Instances/Instances 2/d1291_08.gt,1290,20.0,86400.0,PTVRP_LAYERED_SAFE,3368128.0,461,0.001875400,0.010319
Instances/Instances 2/d1291_09.gt,1290,20.0,86400.0,PTVRP_LAYERED_SAFE,3418892.0,493,0.001858600,0.010091
Instances/Instances 2/d1291_10.gt,1290,20.0,86400.0,PTVRP_LAYERED_SAFE,3383842.0,470,0.001858100,0.009741
Instances/Instances 2/d15112_01.gt,15111,20.0,86400.0,PTVRP_LAYERED_SAFE,269951897.0,6659,0.008925099,0.025873
Instances/Instances 2/d15112_02.gt,15111,20.0,86400.0,PTVRP_LAYERED_SAFE,272296027.0,6790,0.008991200,0.024914
Instances/Instances 2/d15112_03.gt,15111,20.0,86400.0,PTVRP_LAYERED_SAFE,267831077.0,6600,0.008915500,0.029966
Instances/Instances 2/d15112_04.gt,15111,20.0,86400.0,PTVRP_LAYERED_SAFE,271386986.0,6780,0.009223199,0.028496
Instances/Instances 2/d15112_05.gt,15111,20.0,86400.0,PTVRP_LAYERED_SAFE,269217706.0,6736,0.009101800,0.025901
Instances/Instances 2/d15112_06.gt,15111,20.0,86400.0,PTVRP_LAYERED_SAFE,272615922.0,6748,0.009187600,0.027074
Instances/Instances 2/d15112_07.gt,15111,20.0,86400.0,PTVRP_LAYERED_SAFE,270564799.0,6641,0.008941700,0.027573
Instances/Instances 2/d15112_08.gt,15111,20.0,86400.0,PTVRP_LAYERED_SAFE,271805424.0,6838,0.008805700,0.028322
Instances/Instances 2/d15112_09.gt,15111,20.0,86400.0,PTVRP_LAYERED_SAFE,273322269.0,6816,0.008762400,0.028792
Instances/Instances 2/d15112_10.gt,15111,20.0,86400.0,PTVRP_LAYERED_SAFE,269279118.0,6708,0.009120700,0.028351
Instances/Instances 2/d1655_01.gt,1654,20.0,86400.0,PTVRP_LAYERED_SAFE,4311096.0,614,0.002390400,0.011967
Instances/Instances 2/d1655_02.gt,1654,20.0,86400.0,PTVRP_LAYERED_SAFE,4471021.0,594,0.002406600,0.010694
Instances/Instances 2/d1655_03.gt,1654,20.0,86400.0,PTVRP_LAYERED_SAFE,4285921.0,596,0.002430200,0.009793
Instances/Instances 2/d1655_04.gt,1654,20.0,86400.0,PTVRP_LAYERED_SAFE,4342170.0,601,0.002410900,0.010805
Instances/Instances 2/d1655_05.gt,1654,20.0,86400.0,PTVRP_LAYERED_SAFE,4321143.0,606,0.002428200,0.009584
Instances/Instances 2/d1655_06.gt,1654,20.0,86400.0,PTVRP_LAYERED_SAFE,4361788.0,586,0.002407700,0.00898
Instances/Instances 2/d1655_07.gt,1654,20.0,86400.0,PTVRP_LAYERED_SAFE,4415572.0,587,0.002434100,0.010376
Instances/Instances 2/d1655_08.gt,1654,20.0,86400.0,PTVRP_LAYERED_SAFE,4420119.0,573,0.002463100,0.009026
Instances/Instances 2/d1655_09.gt,1654,20.0,86400.0,PTVRP_LAYERED_SAFE,4454408.0,593,0.002391500,0.009922
Instances/Instances 2/d1655_10.gt,1654,20.0,86400.0,PTVRP_LAYERED_SAFE,4456696.0,604,0.002415400,0.009487
Instances/Instances 2/d18512_01.gt,18511,20.0,86400.0,PTVRP_LAYERED_SAFE,116490296.0,5262,0.021036299,0.040745
Instances/Instances 2/d18512_02.gt,18511,20.0,86400.0,PTVRP_LAYERED_SAFE,115151869.0,5273,0.021143199,0.04309
Instances/Instances 2/d18512_03.gt,18511,20.0,86400.0,PTVRP_LAYERED_SAFE,116670558.0,5381,0.021258599,0.041659
Instances/Instances 2/d18512_04.gt,18511,20.0,86400.0,PTVRP_LAYERED_SAFE,116055615.0,5306,0.020917799,0.042665
Instances/Instances 2/d18512_05.gt,18511,20.0,86400.0,PTVRP_LAYERED_SAFE,116156809.0,5315,0.021146899,0.044218
Instances/Instances 2/d18512_06.gt,18511,20.0,86400.0,PTVRP_LAYERED_SAFE,116330575.0,5363,0.020657899,0.043464
Instances/Instances 2/d18512_07.gt,18511,20.0,86400.0,PTVRP_LAYERED_SAFE,115406918.0,5244,0.020832399,0.04026
Instances/Instances 2/d18512_08.gt,18511,20.0,86400.0,PTVRP_LAYERED_SAFE,116422205.0,5311,0.020776299,0.041453
Instances/Instances 2/d18512_09.gt,18511,20.0,86400.0,PTVRP_LAYERED_SAFE,117224983.0,5365,0.020401499,0.03761
Instances/Instances 2/d18512_10.gt,18511,20.0,86400.0,PTVRP_LAYERED_SAFE,117109102.0,5370,0.020614199,0.041753
Instances/Instances 2/d198_01.gt,197,20.0,86400.0,PTVRP_LAYERED_SAFE,391429.0,92,0.000226500,0.008717
Instances/Instances 2/d198_02.gt,197,20.0,86400.0,PTVRP_LAYERED_SAFE,408690.0,91,0.000232400,0.006652
Instances/Instances 2/d198_03.gt,197,20.0,86400.0,PTVRP_LAYERED_SAFE,417189.0,82,0.000228500,0.007056
Instances/Instances 2/d198_04.gt,197,20.0,86400.0,PTVRP_LAYERED_SAFE,407027.0,89,0.000248200,0.0063
Instances/Instances 2/d198_05.gt,197,20.0,86400.0,PTVRP_LAYERED_SAFE,408752.0,91,0.000233900,0.005648
Instances/Instances 2/d198_06.gt,197,20.0,86400.0,PTVRP_LAYERED_SAFE,392701.0,87,0.000232200,0.006406
Instances/Instances 2/d198_07.gt,197,20.0,86400.0,PTVRP_LAYERED_SAFE,391049.0,87,0.000237200,0.005432
Instances/Instances 2/d198_08.gt,197,20.0,86400.0,PTVRP_LAYERED_SAFE,411048.0,86,0.000272400,0.006243
Instances/Instances 2/d198_09.gt,197,20.0,86400.0,PTVRP_LAYERED_SAFE,398457.0,87,0.000238900,0.006149
Instances/Instances 2/d198_10.gt,197,20.0,86400.0,PTVRP_LAYERED_SAFE,419449.0,94,0.000234300,0.005371
Instances/Instances 2/d2103_01.gt,2102,20.0,86400.0,PTVRP_LAYERED_SAFE,6627894.0,737,0.002788300,0.010436
Instances/Instances 2/d2103_02.gt,2102,20.0,86400.0,PTVRP_LAYERED_SAFE,6550658.0,765,0.002849300,0.011598
Instances/Instances 2/d2103_03.gt,2102,20.0,86400.0,PTVRP_LAYERED_SAFE,6670710.0,738,0.002799500,0.012672
Instances/Instances 2/d2103_04.gt,2102,20.0,86400.0,PTVRP_LAYERED_SAFE,6510116.0,736,0.002809700,0.012679
Instances/Instances 2/d2103_05.gt,2102,20.0,86400.0,PTVRP_LAYERED_SAFE,6523059.0,769,0.002845800,0.012958
Instances/Instances 2/d2103_06.gt,2102,20.0,86400.0,PTVRP_LAYERED_SAFE,6499593.0,734,0.002834200,0.012728
Instances/Instances 2/d2103_07.gt,2102,20.0,86400.0,PTVRP_LAYERED_SAFE,6603452.0,731,0.002821800,0.014048
Instances/Instances 2/d2103_08.gt,2102,20.0,86400.0,PTVRP_LAYERED_SAFE,6632885.0,708,0.002809300,0.011905
Instances/Instances 2/d2103_09.gt,2102,20.0,86400.0,PTVRP_LAYERED_SAFE,6507514.0,744,0.002810900,0.011181
Instances/Instances 2/d2103_10.gt,2102,20.0,86400.0,PTVRP_LAYERED_SAFE,6558459.0,739,0.002794100,0.01252
Instances/Instances 2/d493_01.gt,492,20.0,86400.0,PTVRP_LAYERED_SAFE,971521.0,222,0.000648800,0.007095
Instances/Instances 2/d493_02.gt,492,20.0,86400.0,PTVRP_LAYERED_SAFE,929771.0,227,0.000652600,0.007299
Instances/Instances 2/d493_03.gt,492,20.0,86400.0,PTVRP_LAYERED_SAFE,981444.0,236,0.000655100,0.00691
Instances/Instances 2/d493_04.gt,492,20.0,86400.0,PTVRP_LAYERED_SAFE,950693.0,213,0.000647300,0.006556
Instances/Instances 2/d493_05.gt,492,20.0,86400.0,PTVRP_LAYERED_SAFE,967441.0,217,0.000644400,0.008097
Instances/Instances 2/d493_06.gt,492,20.0,86400.0,PTVRP_LAYERED_SAFE,979290.0,210,0.000669800,0.007625
Instances/Instances 2/d493_07.gt,492,20.0,86400.0,PTVRP_LAYERED_SAFE,1009277.0,240,0.000691500,0.007265
Instances/Instances 2/d493_08.gt,492,20.0,86400.0,PTVRP_LAYERED_SAFE,907855.0,207,0.000667600,0.006867
Instances/Instances 2/d493_09.gt,492,20.0,86400.0,PTVRP_LAYERED_SAFE,981104.0,219,0.000652000,0.006573
Instances/Instances 2/d493_10.gt,492,20.0,86400.0,PTVRP_LAYERED_SAFE,936308.0,221,0.000654400,0.007223
Instances/Instances 2/d657_01.gt,656,20.0,86400.0,PTVRP_LAYERED_SAFE,1705077.0,300,0.000757900,0.007551
Instances/Instances 2/d657_02.gt,656,20.0,86400.0,PTVRP_LAYERED_SAFE,1727859.0,282,0.000744000,0.007376
Instances/Instances 2/d657_03.gt,656,20.0,86400.0,PTVRP_LAYERED_SAFE,1739518.0,282,0.000744700,0.007183
Instances/Instances 2/d657_04.gt,656,20.0,86400.0,PTVRP_LAYERED_SAFE,1775842.0,287,0.000736400,0.005898
Instances/Instances 2/d657_05.gt,656,20.0,86400.0,PTVRP_LAYERED_SAFE,1801103.0,289,0.000727400,0.006619
Instances/Instances 2/d657_06.gt,656,20.0,86400.0,PTVRP_LAYERED_SAFE,1695067.0,288,0.000745200,0.007123
Instances/Instances 2/d657_07.gt,656,20.0,86400.0,PTVRP_LAYERED_SAFE,1743333.0,270,0.000752000,0.007281
Instances/Instances 2/d657_08.gt,656,20.0,86400.0,PTVRP_LAYERED_SAFE,1808360.0,267,0.000746400,0.008209
Instances/Instances 2/d657_09.gt,656,20.0,86400.0,PTVRP_LAYERED_SAFE,1766629.0,282,0.000749399,0.006369
Instances/Instances 2/d657_10.gt,656,20.0,86400.0,PTVRP_LAYERED_SAFE,1762735.0,287,0.000734700,0.008549
Instances/Instances 2/dj38_01.gt,37,20.0,86400.0,PTVRP_LAYERED_SAFE,66218.0,22,0.000032600,0.007196
Instances/Instances 2/dj38_02.gt,37,20.0,86400.0,PTVRP_LAYERED_SAFE,64157.0,25,0.000030900,0.00784
Instances/Instances 2/dj38_03.gt,37,20.0,86400.0,PTVRP_LAYERED_SAFE,61669.0,24,0.000032100,0.005809
Instances/Instances 2/dj38_04.gt,37,20.0,86400.0,PTVRP_LAYERED_SAFE,55039.0,25,0.000032400,0.006535
Instances/Instances 2/dj38_05.gt,37,20.0,86400.0,PTVRP_LAYERED_SAFE,60527.0,24,0.000031600,0.00617
Instances/Instances 2/dj38_06.gt,37,20.0,86400.0,PTVRP_LAYERED_SAFE,60774.0,25,0.000027400,0.006864
Instances/Instances 2/dj38_07.gt,37,20.0,86400.0,PTVRP_LAYERED_SAFE,67059.0,23,0.000030500,0.006401
Instances/Instances 2/dj38_08.gt,37,20.0,86400.0,PTVRP_LAYERED_SAFE,63246.0,24,0.000028500,0.006074
Instances/Instances 2/dj38_09.gt,37,20.0,86400.0,PTVRP_LAYERED_SAFE,53493.0,21,0.000030600,0.004848
Instances/Instances 2/dj38_10.gt,37,20.0,86400.0,PTVRP_LAYERED_SAFE,60902.0,27,0.000032300,0.005775
Instances/Instances 2/eg7146_01.gt,7145,20.0,86400.0,PTVRP_LAYERED_SAFE,28407450.0,2097,0.012223700,0.022106
Instances/Instances 2/eg7146_02.gt,7145,20.0,86400.0,PTVRP_LAYERED_SAFE,28073479.0,2042,0.012337800,0.023447
Instances/Instances 2/eg7146_03.gt,7145,20.0,86400.0,PTVRP_LAYERED_SAFE,28491277.0,2010,0.012359700,0.024751
Instances/Instances 2/eg7146_04.gt,7145,20.0,86400.0,PTVRP_LAYERED_SAFE,28123360.0,2092,0.012417299,0.023786
Instances/Instances 2/eg7146_05.gt,7145,20.0,86400.0,PTVRP_LAYERED_SAFE,28428563.0,2053,0.012419100,0.022496
Instances/Instances 2/eg7146_06.gt,7145,20.0,86400.0,PTVRP_LAYERED_SAFE,28187821.0,2037,0.012309199,0.024129
Instances/Instances 2/eg7146_07.gt,7145,20.0,86400.0,PTVRP_LAYERED_SAFE,28409479.0,2134,0.012294100,0.025922
Instances/Instances 2/eg7146_08.gt,7145,20.0,86400.0,PTVRP_LAYERED_SAFE,28452009.0,2075,0.012316800,0.026106
Instances/Instances 2/eg7146_09.gt,7145,20.0,86400.0,PTVRP_LAYERED_SAFE,28190030.0,2054,0.012324300,0.025577
Instances/Instances 2/eg7146_10.gt,7145,20.0,86400.0,PTVRP_LAYERED_SAFE,28544110.0,2083,0.012275500,0.023999
Instances/Instances 2/ei8246_01.gt,8245,20.0,86400.0,PTVRP_LAYERED_SAFE,28936243.0,2514,0.013134599,0.025846
Instances/Instances 2/ei8246_02.gt,8245,20.0,86400.0,PTVRP_LAYERED_SAFE,28746376.0,2514,0.013220900,0.028734
Instances/Instances 2/ei8246_03.gt,8245,20.0,86400.0,PTVRP_LAYERED_SAFE,28768482.0,2556,0.012945500,0.026674
Instances/Instances 2/ei8246_04.gt,8245,20.0,86400.0,PTVRP_LAYERED_SAFE,28754078.0,2483,0.013057999,0.025961
Instances/Instances 2/ei8246_05.gt,8245,20.0,86400.0,PTVRP_LAYERED_SAFE,28790458.0,2555,0.013275300,0.028013
Instances/Instances 2/ei8246_06.gt,8245,20.0,86400.0,PTVRP_LAYERED_SAFE,28772425.0,2557,0.013167700,0.026645
Instances/Instances 2/ei8246_07.gt,8245,20.0,86400.0,PTVRP_LAYERED_SAFE,28900417.0,2520,0.012992800,0.026445
Instances/Instances 2/ei8246_08.gt,8245,20.0,86400.0,PTVRP_LAYERED_SAFE,28655630.0,2455,0.012955600,0.028183
Instances/Instances 2/ei8246_09.gt,8245,20.0,86400.0,PTVRP_LAYERED_SAFE,28994360.0,2555,0.013047599,0.028307
Instances/Instances 2/ei8246_10.gt,8245,20.0,86400.0,PTVRP_LAYERED_SAFE,28400086.0,2495,0.013029500,0.027508
Instances/Instances 2/eil101_01.gt,100,20.0,86400.0,PTVRP_LAYERED_SAFE,8224.0,63,0.000194600,0.008372
Instances/Instances 2/eil101_02.gt,100,20.0,86400.0,PTVRP_LAYERED_SAFE,7407.0,62,0.000187800,0.007083
Instances/Instances 2/eil101_03.gt,100,20.0,86400.0,PTVRP_LAYERED_SAFE,7855.0,58,0.000192900,0.007284
Instances/Instances 2/eil101_04.gt,100,20.0,86400.0,PTVRP_LAYERED_SAFE,7190.0,65,0.000187300,0.007197
Instances/Instances 2/eil101_05.gt,100,20.0,86400.0,PTVRP_LAYERED_SAFE,8342.0,57,0.000200300,0.007459
Instances/Instances 2/eil101_06.gt,100,20.0,86400.0,PTVRP_LAYERED_SAFE,7020.0,59,0.000217000,0.006867
Instances/Instances 2/eil101_07.gt,100,20.0,86400.0,PTVRP_LAYERED_SAFE,7268.0,60,0.000189500,0.00767
Instances/Instances 2/eil101_08.gt,100,20.0,86400.0,PTVRP_LAYERED_SAFE,7768.0,56,0.000186000,0.006779
Instances/Instances 2/eil101_09.gt,100,20.0,86400.0,PTVRP_LAYERED_SAFE,7533.0,62,0.000196100,0.008163
Instances/Instances 2/eil101_10.gt,100,20.0,86400.0,PTVRP_LAYERED_SAFE,8180.0,62,0.000212300,0.007831
Instances/Instances 2/eil51_01.gt,50,20.0,86400.0,PTVRP_LAYERED_SAFE,3528.0,33,0.000059700,0.007272
Instances/Instances 2/eil51_02.gt,50,20.0,86400.0,PTVRP_LAYERED_SAFE,3959.0,38,0.000064200,0.00719
Instances/Instances 2/eil51_03.gt,50,20.0,86400.0,PTVRP_LAYERED_SAFE,3735.0,31,0.000062600,0.007495
Instances/Instances 2/eil51_04.gt,50,20.0,86400.0,PTVRP_LAYERED_SAFE,3878.0,33,0.000062600,0.007655
Instances/Instances 2/eil51_05.gt,50,20.0,86400.0,PTVRP_LAYERED_SAFE,2841.0,34,0.000052400,0.006681
Instances/Instances 2/eil51_06.gt,50,20.0,86400.0,PTVRP_LAYERED_SAFE,3710.0,36,0.000058400,0.006483
Instances/Instances 2/eil51_07.gt,50,20.0,86400.0,PTVRP_LAYERED_SAFE,3829.0,35,0.000064000,0.00657
Instances/Instances 2/eil51_08.gt,50,20.0,86400.0,PTVRP_LAYERED_SAFE,3576.0,37,0.000059000,0.006354
Instances/Instances 2/eil51_09.gt,50,20.0,86400.0,PTVRP_LAYERED_SAFE,3953.0,31,0.000064400,0.006161
Instances/Instances 2/eil51_10.gt,50,20.0,86400.0,PTVRP_LAYERED_SAFE,3961.0,35,0.000065100,0.008018
Instances/Instances 2/eil76_01.gt,75,20.0,86400.0,PTVRP_LAYERED_SAFE,5405.0,51,0.000119700,0.00624
Instances/Instances 2/eil76_02.gt,75,20.0,86400.0,PTVRP_LAYERED_SAFE,5462.0,47,0.000116200,0.005722
Instances/Instances 2/eil76_03.gt,75,20.0,86400.0,PTVRP_LAYERED_SAFE,5202.0,48,0.000112400,0.004979
Instances/Instances 2/eil76_04.gt,75,20.0,86400.0,PTVRP_LAYERED_SAFE,5353.0,45,0.000116000,0.005788
Instances/Instances 2/eil76_05.gt,75,20.0,86400.0,PTVRP_LAYERED_SAFE,5822.0,49,0.000119500,0.00561
Instances/Instances 2/eil76_06.gt,75,20.0,86400.0,PTVRP_LAYERED_SAFE,5093.0,45,0.000118700,0.005352
Instances/Instances 2/eil76_07.gt,75,20.0,86400.0,PTVRP_LAYERED_SAFE,6197.0,49,0.000118400,0.0061
Instances/Instances 2/eil76_08.gt,75,20.0,86400.0,PTVRP_LAYERED_SAFE,6005.0,52,0.000115500,0.005578
Instances/Instances 2/eil76_09.gt,75,20.0,86400.0,PTVRP_LAYERED_SAFE,5550.0,44,0.000112500,0.006153
Instances/Instances 2/eil76_10.gt,75,20.0,86400.0,PTVRP_LAYERED_SAFE,5222.0,50,0.000112000,0.005473
Instances/Instances 2/fi10639_01.gt,10638,20.0,86400.0,PTVRP_LAYERED_SAFE,83469131.0,3245,0.010096700,0.023754
Instances/Instances 2/fi10639_02.gt,10638,20.0,86400.0,PTVRP_LAYERED_SAFE,83837548.0,3256,0.010032499,0.025844
Instances/Instances 2/fi10639_03.gt,10638,20.0,86400.0,PTVRP_LAYERED_SAFE,83200082.0,3188,0.010051900,0.024274
Instances/Instances 2/fi10639_04.gt,10638,20.0,86400.0,PTVRP_LAYERED_SAFE,83057911.0,3236,0.010037199,0.024048
Instances/Instances 2/fi10639_05.gt,10638,20.0,86400.0,PTVRP_LAYERED_SAFE,83673127.0,3206,0.010035900,0.025362
Instances/Instances 2/fi10639_06.gt,10638,20.0,86400.0,PTVRP_LAYERED_SAFE,83690020.0,3237,0.010066500,0.027294
Instances/Instances 2/fi10639_07.gt,10638,20.0,86400.0,PTVRP_LAYERED_SAFE,84032931.0,3155,0.009959699,0.026352
Instances/Instances 2/fi10639_08.gt,10638,20.0,86400.0,PTVRP_LAYERED_SAFE,83891806.0,3254,0.010025100,0.023718
Instances/Instances 2/fi10639_09.gt,10638,20.0,86400.0,PTVRP_LAYERED_SAFE,83128034.0,3205,0.009998200,0.026409
Instances/Instances 2/fi10639_10.gt,10638,20.0,86400.0,PTVRP_LAYERED_SAFE,83505986.0,3272,0.010097300,0.025252
Instances/Instances 2/fl1400_01.gt,1399,20.0,86400.0,PTVRP_LAYERED_SAFE,3522838.0,314,0.002686900,0.011594
Instances/Instances 2/fl1400_02.gt,1399,20.0,86400.0,PTVRP_LAYERED_SAFE,3501534.0,343,0.002741100,0.009935
Instances/Instances 2/fl1400_03.gt,1399,20.0,86400.0,PTVRP_LAYERED_SAFE,3649593.0,343,0.002642700,0.010354
Instances/Instances 2/fl1400_04.gt,1399,20.0,86400.0,PTVRP_LAYERED_SAFE,3605379.0,341,0.002661000,0.010196
Instances/Instances 2/fl1400_05.gt,1399,20.0,86400.0,PTVRP_LAYERED_SAFE,3452856.0,356,0.002726300,0.011057
Instances/Instances 2/fl1400_06.gt,1399,20.0,86400.0,PTVRP_LAYERED_SAFE,3596218.0,357,0.002654400,0.010415
Instances/Instances 2/fl1400_07.gt,1399,20.0,86400.0,PTVRP_LAYERED_SAFE,3547896.0,332,0.002681900,0.011173
Instances/Instances 2/fl1400_08.gt,1399,20.0,86400.0,PTVRP_LAYERED_SAFE,3455538.0,334,0.002673900,0.010395
Instances/Instances 2/fl1400_09.gt,1399,20.0,86400.0,PTVRP_LAYERED_SAFE,3533464.0,326,0.002721000,0.010997
Instances/Instances 2/fl1400_10.gt,1399,20.0,86400.0,PTVRP_LAYERED_SAFE,3497474.0,340,0.002686800,0.011001
Instances/Instances 2/fl1577_01.gt,1576,20.0,86400.0,PTVRP_LAYERED_SAFE,2552865.0,502,0.003491200,0.013036
Instances/Instances 2/fl1577_02.gt,1576,20.0,86400.0,PTVRP_LAYERED_SAFE,2575760.0,501,0.003515700,0.014737
Instances/Instances 2/fl1577_03.gt,1576,20.0,86400.0,PTVRP_LAYERED_SAFE,2559176.0,505,0.003515700,0.013353
Instances/Instances 2/fl1577_04.gt,1576,20.0,86400.0,PTVRP_LAYERED_SAFE,2529304.0,517,0.003483900,0.013373
Instances/Instances 2/fl1577_05.gt,1576,20.0,86400.0,PTVRP_LAYERED_SAFE,2603206.0,515,0.003448500,0.012025
Instances/Instances 2/fl1577_06.gt,1576,20.0,86400.0,PTVRP_LAYERED_SAFE,2550728.0,501,0.003544500,0.011452
Instances/Instances 2/fl1577_07.gt,1576,20.0,86400.0,PTVRP_LAYERED_SAFE,2521192.0,509,0.003523000,0.011931
Instances/Instances 2/fl1577_08.gt,1576,20.0,86400.0,PTVRP_LAYERED_SAFE,2576473.0,509,0.003541100,0.011772
Instances/Instances 2/fl1577_09.gt,1576,20.0,86400.0,PTVRP_LAYERED_SAFE,2525377.0,510,0.003504300,0.012532
Instances/Instances 2/fl1577_10.gt,1576,20.0,86400.0,PTVRP_LAYERED_SAFE,2548258.0,516,0.003476100,0.012866
Instances/Instances 2/fl3795_01.gt,3794,20.0,86400.0,PTVRP_LAYERED_SAFE,6833040.0,986,0.010242299,0.02101
Instances/Instances 2/fl3795_02.gt,3794,20.0,86400.0,PTVRP_LAYERED_SAFE,6820241.0,1012,0.010212800,0.020526
Instances/Instances 2/fl3795_03.gt,3794,20.0,86400.0,PTVRP_LAYERED_SAFE,6667065.0,953,0.010263799,0.020471
Instances/Instances 2/fl3795_04.gt,3794,20.0,86400.0,PTVRP_LAYERED_SAFE,6692019.0,995,0.010480100,0.021748
Instances/Instances 2/fl3795_05.gt,3794,20.0,86400.0,PTVRP_LAYERED_SAFE,6744047.0,996,0.010625999,0.023613
Instances/Instances 2/fl3795_06.gt,3794,20.0,86400.0,PTVRP_LAYERED_SAFE,6667681.0,977,0.010637800,0.021567
Instances/Instances 2/fl3795_07.gt,3794,20.0,86400.0,PTVRP_LAYERED_SAFE,6832596.0,1001,0.010294199,0.021947
Instances/Instances 2/fl3795_08.gt,3794,20.0,86400.0,PTVRP_LAYERED_SAFE,6593318.0,979,0.010431900,0.021367
Instances/Instances 2/fl3795_09.gt,3794,20.0,86400.0,PTVRP_LAYERED_SAFE,6767380.0,996,0.010245799,0.021171
Instances/Instances 2/fl3795_10.gt,3794,20.0,86400.0,PTVRP_LAYERED_SAFE,6760145.0,1002,0.010325800,0.019803
Instances/Instances 2/fl417_01.gt,416,20.0,86400.0,PTVRP_LAYERED_SAFE,1094548.0,130,0.000593300,0.009004
Instances/Instances 2/fl417_02.gt,416,20.0,86400.0,PTVRP_LAYERED_SAFE,1003696.0,121,0.000616700,0.008718
Instances/Instances 2/fl417_03.gt,416,20.0,86400.0,PTVRP_LAYERED_SAFE,1068558.0,128,0.000615600,0.008708
Instances/Instances 2/fl417_04.gt,416,20.0,86400.0,PTVRP_LAYERED_SAFE,1022162.0,118,0.000608600,0.009256
Instances/Instances 2/fl417_05.gt,416,20.0,86400.0,PTVRP_LAYERED_SAFE,1084392.0,127,0.000593800,0.008172
Instances/Instances 2/fl417_06.gt,416,20.0,86400.0,PTVRP_LAYERED_SAFE,1045791.0,110,0.000610300,0.007622
Instances/Instances 2/fl417_07.gt,416,20.0,86400.0,PTVRP_LAYERED_SAFE,1099613.0,127,0.000591200,0.008182
Instances/Instances 2/fl417_08.gt,416,20.0,86400.0,PTVRP_LAYERED_SAFE,1071387.0,135,0.000608700,0.008971
Instances/Instances 2/fl417_09.gt,416,20.0,86400.0,PTVRP_LAYERED_SAFE,1039365.0,117,0.000607300,0.00843
Instances/Instances 2/fl417_10.gt,416,20.0,86400.0,PTVRP_LAYERED_SAFE,1105941.0,123,0.000606300,0.008295
Instances/Instances 2/fnl4461_01.gt,4460,20.0,86400.0,PTVRP_LAYERED_SAFE,16961715.0,1530,0.005687299,0.015744
Instances/Instances 2/fnl4461_02.gt,4460,20.0,86400.0,PTVRP_LAYERED_SAFE,16797639.0,1541,0.005709000,0.016519
Instances/Instances 2/fnl4461_03.gt,4460,20.0,86400.0,PTVRP_LAYERED_SAFE,16850587.0,1562,0.005707600,0.01643
Instances/Instances 2/fnl4461_04.gt,4460,20.0,86400.0,PTVRP_LAYERED_SAFE,16840451.0,1535,0.005759000,0.016905
Instances/Instances 2/fnl4461_05.gt,4460,20.0,86400.0,PTVRP_LAYERED_SAFE,16398390.0,1526,0.005771200,0.01696
Instances/Instances 2/fnl4461_06.gt,4460,20.0,86400.0,PTVRP_LAYERED_SAFE,16665040.0,1545,0.005756499,0.016664
Instances/Instances 2/fnl4461_07.gt,4460,20.0,86400.0,PTVRP_LAYERED_SAFE,16513749.0,1544,0.005807300,0.016433
Instances/Instances 2/fnl4461_08.gt,4460,20.0,86400.0,PTVRP_LAYERED_SAFE,16397634.0,1534,0.005720300,0.016134
Instances/Instances 2/fnl4461_09.gt,4460,20.0,86400.0,PTVRP_LAYERED_SAFE,16486954.0,1561,0.005734500,0.017606
Instances/Instances 2/fnl4461_10.gt,4460,20.0,86400.0,PTVRP_LAYERED_SAFE,16571552.0,1537,0.005732600,0.017326
Instances/Instances 2/gil262_01.gt,261,20.0,86400.0,PTVRP_LAYERED_SAFE,58935.0,128,0.000677700,0.009426
Instances/Instances 2/gil262_02.gt,261,20.0,86400.0,PTVRP_LAYERED_SAFE,55593.0,139,0.000653900,0.008099
Instances/Instances 2/gil262_03.gt,261,20.0,86400.0,PTVRP_LAYERED_SAFE,55722.0,132,0.000724800,0.006088
Instances/Instances 2/gil262_04.gt,261,20.0,86400.0,PTVRP_LAYERED_SAFE,57260.0,133,0.000657100,0.007097
Instances/Instances 2/gil262_05.gt,261,20.0,86400.0,PTVRP_LAYERED_SAFE,59977.0,129,0.000672700,0.007205
Instances/Instances 2/gil262_06.gt,261,20.0,86400.0,PTVRP_LAYERED_SAFE,53836.0,136,0.000669300,0.007835
Instances/Instances 2/gil262_07.gt,261,20.0,86400.0,PTVRP_LAYERED_SAFE,58426.0,125,0.000678100,0.007962
Instances/Instances 2/gil262_08.gt,261,20.0,86400.0,PTVRP_LAYERED_SAFE,56352.0,139,0.000701400,0.008384
Instances/Instances 2/gil262_09.gt,261,20.0,86400.0,PTVRP_LAYERED_SAFE,55474.0,135,0.000681500,0.007712
Instances/Instances 2/gil262_10.gt,261,20.0,86400.0,PTVRP_LAYERED_SAFE,55945.0,125,0.000672900,0.009374
Instances/Instances 2/gr9882_01.gt,9881,20.0,86400.0,PTVRP_LAYERED_SAFE,55589654.0,2907,0.012171000,0.029453
Instances/Instances 2/gr9882_02.gt,9881,20.0,86400.0,PTVRP_LAYERED_SAFE,55512558.0,2947,0.012047100,0.025287
Instances/Instances 2/gr9882_03.gt,9881,20.0,86400.0,PTVRP_LAYERED_SAFE,55168530.0,2827,0.011966500,0.027958
Instances/Instances 2/gr9882_04.gt,9881,20.0,86400.0,PTVRP_LAYERED_SAFE,55785700.0,2866,0.011951899,0.026923
Instances/Instances 2/gr9882_05.gt,9881,20.0,86400.0,PTVRP_LAYERED_SAFE,55340799.0,2899,0.012201900,0.027301
Instances/Instances 2/gr9882_06.gt,9881,20.0,86400.0,PTVRP_LAYERED_SAFE,55108055.0,2800,0.011993200,0.0248
Instances/Instances 2/gr9882_07.gt,9881,20.0,86400.0,PTVRP_LAYERED_SAFE,56330416.0,2924,0.011860099,0.028199
Instances/Instances 2/gr9882_08.gt,9881,20.0,86400.0,PTVRP_LAYERED_SAFE,55301954.0,2873,0.011998400,0.028411
Instances/Instances 2/gr9882_09.gt,9881,20.0,86400.0,PTVRP_LAYERED_SAFE,55660726.0,2916,0.011929000,0.025957
Instances/Instances 2/gr9882_10.gt,9881,20.0,86400.0,PTVRP_LAYERED_SAFE,55084954.0,2885,0.012073399,0.025838
Instances/Instances 2/ho14473_01.gt,14472,20.0,86400.0,PTVRP_LAYERED_SAFE,41054525.0,3622,0.029362499,0.048706
Instances/Instances 2/ho14473_02.gt,14472,20.0,86400.0,PTVRP_LAYERED_SAFE,41547285.0,3634,0.029131799,0.04638
Instances/Instances 2/ho14473_03.gt,14472,20.0,86400.0,PTVRP_LAYERED_SAFE,41257934.0,3691,0.029404999,0.047285
Instances/Instances 2/ho14473_04.gt,14472,20.0,86400.0,PTVRP_LAYERED_SAFE,41111090.0,3676,0.029256999,0.046298
Instances/Instances 2/ho14473_05.gt,14472,20.0,86400.0,PTVRP_LAYERED_SAFE,41431239.0,3737,0.029191599,0.047176
Instances/Instances 2/ho14473_06.gt,14472,20.0,86400.0,PTVRP_LAYERED_SAFE,41493497.0,3582,0.029655099,0.047845
Instances/Instances 2/ho14473_07.gt,14472,20.0,86400.0,PTVRP_LAYERED_SAFE,41036496.0,3642,0.029941100,0.047246
Instances/Instances 2/ho14473_08.gt,14472,20.0,86400.0,PTVRP_LAYERED_SAFE,41396972.0,3589,0.029471800,0.045625
Instances/Instances 2/ho14473_09.gt,14472,20.0,86400.0,PTVRP_LAYERED_SAFE,41064579.0,3605,0.029246899,0.048774
Instances/Instances 2/ho14473_10.gt,14472,20.0,86400.0,PTVRP_LAYERED_SAFE,41212839.0,3611,0.029303299,0.048423
Instances/Instances 2/it16862_01.gt,16861,20.0,86400.0,PTVRP_LAYERED_SAFE,137173624.0,5151,0.018345900,0.035766
Instances/Instances 2/it16862_02.gt,16861,20.0,86400.0,PTVRP_LAYERED_SAFE,135413716.0,5132,0.018119000,0.038502
Instances/Instances 2/it16862_03.gt,16861,20.0,86400.0,PTVRP_LAYERED_SAFE,136673116.0,5193,0.018022900,0.037868
Instances/Instances 2/it16862_04.gt,16861,20.0,86400.0,PTVRP_LAYERED_SAFE,134279401.0,5098,0.018446800,0.038017
Instances/Instances 2/it16862_05.gt,16861,20.0,86400.0,PTVRP_LAYERED_SAFE,134949013.0,5071,0.018081900,0.039942
Instances/Instances 2/it16862_06.gt,16861,20.0,86400.0,PTVRP_LAYERED_SAFE,135015607.0,5154,0.018164700,0.03921
Instances/Instances 2/it16862_07.gt,16861,20.0,86400.0,PTVRP_LAYERED_SAFE,134793494.0,5099,0.018517500,0.039823
Instances/Instances 2/it16862_08.gt,16861,20.0,86400.0,PTVRP_LAYERED_SAFE,134825917.0,5133,0.018574500,0.042522
Instances/Instances 2/it16862_09.gt,16861,20.0,86400.0,PTVRP_LAYERED_SAFE,136147772.0,5225,0.018508199,0.040225
Instances/Instances 2/it16862_10.gt,16861,20.0,86400.0,PTVRP_LAYERED_SAFE,134487444.0,5114,0.018327499,0.04228
Instances/Instances 2/ja9847_01.gt,9846,20.0,86400.0,PTVRP_LAYERED_SAFE,NO SOLUTION,,0.006212900,0.02168
Instances/Instances 2/ja9847_02.gt,9846,20.0,86400.0,PTVRP_LAYERED_SAFE,NO SOLUTION,,0.006188000,0.021791
Instances/Instances 2/ja9847_03.gt,9846,20.0,86400.0,PTVRP_LAYERED_SAFE,NO SOLUTION,,0.006199200,0.022707
Instances/Instances 2/ja9847_04.gt,9846,20.0,86400.0,PTVRP_LAYERED_SAFE,NO SOLUTION,,0.006134500,0.021131
Instances/Instances 2/ja9847_05.gt,9846,20.0,86400.0,PTVRP_LAYERED_SAFE,NO SOLUTION,,0.006262899,0.021595
Instances/Instances 2/ja9847_06.gt,9846,20.0,86400.0,PTVRP_LAYERED_SAFE,NO SOLUTION,,0.006327400,0.019618
Instances/Instances 2/ja9847_07.gt,9846,20.0,86400.0,PTVRP_LAYERED_SAFE,NO SOLUTION,,0.006261799,0.023736
Instances/Instances 2/ja9847_08.gt,9846,20.0,86400.0,PTVRP_LAYERED_SAFE,NO SOLUTION,,0.006235500,0.019729
Instances/Instances 2/ja9847_09.gt,9846,20.0,86400.0,PTVRP_LAYERED_SAFE,NO SOLUTION,,0.006307499,0.020869
Instances/Instances 2/ja9847_10.gt,9846,20.0,86400.0,PTVRP_LAYERED_SAFE,NO SOLUTION,,0.006277000,0.02071
Instances/Instances 2/kroA100_01.gt,99,20.0,86400.0,PTVRP_LAYERED_SAFE,370636.0,50,0.000073100,0.007659
Instances/Instances 2/kroA100_02.gt,99,20.0,86400.0,PTVRP_LAYERED_SAFE,351799.0,49,0.000074000,0.007234
Instances/Instances 2/kroA100_03.gt,99,20.0,86400.0,PTVRP_LAYERED_SAFE,373500.0,53,0.000071400,0.007816
Instances/Instances 2/kroA100_04.gt,99,20.0,86400.0,PTVRP_LAYERED_SAFE,342430.0,53,0.000071400,0.00671
Instances/Instances 2/kroA100_05.gt,99,20.0,86400.0,PTVRP_LAYERED_SAFE,370999.0,56,0.000073400,0.006201
Instances/Instances 2/kroA100_06.gt,99,20.0,86400.0,PTVRP_LAYERED_SAFE,325271.0,47,0.000072200,0.006747
Instances/Instances 2/kroA100_07.gt,99,20.0,86400.0,PTVRP_LAYERED_SAFE,329845.0,49,0.000073200,0.006129
Instances/Instances 2/kroA100_08.gt,99,20.0,86400.0,PTVRP_LAYERED_SAFE,357594.0,59,0.000072400,0.005979
Instances/Instances 2/kroA100_09.gt,99,20.0,86400.0,PTVRP_LAYERED_SAFE,353355.0,50,0.000071000,0.006171
Instances/Instances 2/kroA100_10.gt,99,20.0,86400.0,PTVRP_LAYERED_SAFE,393692.0,53,0.000072100,0.007602
Instances/Instances 2/kroA150_01.gt,149,20.0,86400.0,PTVRP_LAYERED_SAFE,553296.0,72,0.000112900,0.007383
Instances/Instances 2/kroA150_02.gt,149,20.0,86400.0,PTVRP_LAYERED_SAFE,531749.0,77,0.000113100,0.006347
Instances/Instances 2/kroA150_03.gt,149,20.0,86400.0,PTVRP_LAYERED_SAFE,499174.0,75,0.000147900,0.006709
Instances/Instances 2/kroA150_04.gt,149,20.0,86400.0,PTVRP_LAYERED_SAFE,530437.0,70,0.000115400,0.006627
Instances/Instances 2/kroA150_05.gt,149,20.0,86400.0,PTVRP_LAYERED_SAFE,491176.0,74,0.000115600,0.006462
Instances/Instances 2/kroA150_06.gt,149,20.0,86400.0,PTVRP_LAYERED_SAFE,529459.0,68,0.000115300,0.006609
Instances/Instances 2/kroA150_07.gt,149,20.0,86400.0,PTVRP_LAYERED_SAFE,590204.0,78,0.000112500,0.00641
Instances/Instances 2/kroA150_08.gt,149,20.0,86400.0,PTVRP_LAYERED_SAFE,561364.0,68,0.000111400,0.00641
Instances/Instances 2/kroA150_09.gt,149,20.0,86400.0,PTVRP_LAYERED_SAFE,590437.0,74,0.000111800,0.006316
Instances/Instances 2/kroA150_10.gt,149,20.0,86400.0,PTVRP_LAYERED_SAFE,530351.0,70,0.000108200,0.005973
Instances/Instances 2/kroA200_01.gt,199,20.0,86400.0,PTVRP_LAYERED_SAFE,741456.0,95,0.000161200,0.006927
Instances/Instances 2/kroA200_02.gt,199,20.0,86400.0,PTVRP_LAYERED_SAFE,682026.0,91,0.000161000,0.006855
Instances/Instances 2/kroA200_03.gt,199,20.0,86400.0,PTVRP_LAYERED_SAFE,759333.0,92,0.000157600,0.007306
Instances/Instances 2/kroA200_04.gt,199,20.0,86400.0,PTVRP_LAYERED_SAFE,790719.0,94,0.000157400,0.006365
Instances/Instances 2/kroA200_05.gt,199,20.0,86400.0,PTVRP_LAYERED_SAFE,668520.0,90,0.000160900,0.006043
Instances/Instances 2/kroA200_06.gt,199,20.0,86400.0,PTVRP_LAYERED_SAFE,748516.0,92,0.000159000,0.006701
Instances/Instances 2/kroA200_07.gt,199,20.0,86400.0,PTVRP_LAYERED_SAFE,769244.0,93,0.000164900,0.006156
Instances/Instances 2/kroA200_08.gt,199,20.0,86400.0,PTVRP_LAYERED_SAFE,726706.0,87,0.000160500,0.005645
Instances/Instances 2/kroA200_09.gt,199,20.0,86400.0,PTVRP_LAYERED_SAFE,663457.0,94,0.000161600,0.006053
Instances/Instances 2/kroA200_10.gt,199,20.0,86400.0,PTVRP_LAYERED_SAFE,749818.0,90,0.000157700,0.006309
Instances/Instances 2/kroB100_01.gt,99,20.0,86400.0,PTVRP_LAYERED_SAFE,378993.0,61,0.000070000,0.006232
Instances/Instances 2/kroB100_02.gt,99,20.0,86400.0,PTVRP_LAYERED_SAFE,361631.0,53,0.000070600,0.006352
Instances/Instances 2/kroB100_03.gt,99,20.0,86400.0,PTVRP_LAYERED_SAFE,330911.0,48,0.000071500,0.005523
Instances/Instances 2/kroB100_04.gt,99,20.0,86400.0,PTVRP_LAYERED_SAFE,359805.0,56,0.000069400,0.005919
Instances/Instances 2/kroB100_05.gt,99,20.0,86400.0,PTVRP_LAYERED_SAFE,407062.0,51,0.000069700,0.005474
Instances/Instances 2/kroB100_06.gt,99,20.0,86400.0,PTVRP_LAYERED_SAFE,383232.0,51,0.000070500,0.005658
Instances/Instances 2/kroB100_07.gt,99,20.0,86400.0,PTVRP_LAYERED_SAFE,419085.0,56,0.000069500,0.006207
Instances/Instances 2/kroB100_08.gt,99,20.0,86400.0,PTVRP_LAYERED_SAFE,366728.0,54,0.000073800,0.005733
Instances/Instances 2/kroB100_09.gt,99,20.0,86400.0,PTVRP_LAYERED_SAFE,334796.0,45,0.000069500,0.006381
Instances/Instances 2/kroB100_10.gt,99,20.0,86400.0,PTVRP_LAYERED_SAFE,367537.0,56,0.000070200,0.007077
Instances/Instances 2/kroB150_01.gt,149,20.0,86400.0,PTVRP_LAYERED_SAFE,576374.0,79,0.000112100,0.006392
Instances/Instances 2/kroB150_02.gt,149,20.0,86400.0,PTVRP_LAYERED_SAFE,547594.0,66,0.000114100,0.00641
Instances/Instances 2/kroB150_03.gt,149,20.0,86400.0,PTVRP_LAYERED_SAFE,582023.0,74,0.000109000,0.005904
Instances/Instances 2/kroB150_04.gt,149,20.0,86400.0,PTVRP_LAYERED_SAFE,560316.0,64,0.000110100,0.006539
Instances/Instances 2/kroB150_05.gt,149,20.0,86400.0,PTVRP_LAYERED_SAFE,630724.0,78,0.000111500,0.005517
Instances/Instances 2/kroB150_06.gt,149,20.0,86400.0,PTVRP_LAYERED_SAFE,512348.0,67,0.000111100,0.005742
Instances/Instances 2/kroB150_07.gt,149,20.0,86400.0,PTVRP_LAYERED_SAFE,562626.0,76,0.000111900,0.005685
Instances/Instances 2/kroB150_08.gt,149,20.0,86400.0,PTVRP_LAYERED_SAFE,557331.0,74,0.000112100,0.004997
Instances/Instances 2/kroB150_09.gt,149,20.0,86400.0,PTVRP_LAYERED_SAFE,581315.0,70,0.000113300,0.006139
Instances/Instances 2/kroB150_10.gt,149,20.0,86400.0,PTVRP_LAYERED_SAFE,573945.0,75,0.000111000,0.006108
Instances/Instances 2/kroB200_01.gt,199,20.0,86400.0,PTVRP_LAYERED_SAFE,720543.0,96,0.000164700,0.005873
Instances/Instances 2/kroB200_02.gt,199,20.0,86400.0,PTVRP_LAYERED_SAFE,674226.0,100,0.000165400,0.007248
Instances/Instances 2/kroB200_03.gt,199,20.0,86400.0,PTVRP_LAYERED_SAFE,765927.0,105,0.000161200,0.006074
Instances/Instances 2/kroB200_04.gt,199,20.0,86400.0,PTVRP_LAYERED_SAFE,697662.0,96,0.000171500,0.006659
Instances/Instances 2/kroB200_05.gt,199,20.0,86400.0,PTVRP_LAYERED_SAFE,716445.0,98,0.000164000,0.006125
Instances/Instances 2/kroB200_06.gt,199,20.0,86400.0,PTVRP_LAYERED_SAFE,742880.0,100,0.000166400,0.005358
Instances/Instances 2/kroB200_07.gt,199,20.0,86400.0,PTVRP_LAYERED_SAFE,728023.0,95,0.000165500,0.006004
Instances/Instances 2/kroB200_08.gt,199,20.0,86400.0,PTVRP_LAYERED_SAFE,696489.0,99,0.000161500,0.005654
Instances/Instances 2/kroB200_09.gt,199,20.0,86400.0,PTVRP_LAYERED_SAFE,755683.0,95,0.000159600,0.005845
Instances/Instances 2/kroB200_10.gt,199,20.0,86400.0,PTVRP_LAYERED_SAFE,684751.0,90,0.000162500,0.006958
Instances/Instances 2/kroC100_01.gt,99,20.0,86400.0,PTVRP_LAYERED_SAFE,383855.0,49,0.000069300,0.005843
Instances/Instances 2/kroC100_02.gt,99,20.0,86400.0,PTVRP_LAYERED_SAFE,371907.0,50,0.000070300,0.005679
Instances/Instances 2/kroC100_03.gt,99,20.0,86400.0,PTVRP_LAYERED_SAFE,363169.0,51,0.000069000,0.005223
Instances/Instances 2/kroC100_04.gt,99,20.0,86400.0,PTVRP_LAYERED_SAFE,387636.0,53,0.000068600,0.005431
Instances/Instances 2/kroC100_05.gt,99,20.0,86400.0,PTVRP_LAYERED_SAFE,441690.0,54,0.000067500,0.005911
Instances/Instances 2/kroC100_06.gt,99,20.0,86400.0,PTVRP_LAYERED_SAFE,402652.0,54,0.000070600,0.005364
Instances/Instances 2/kroC100_07.gt,99,20.0,86400.0,PTVRP_LAYERED_SAFE,371087.0,52,0.000069200,0.005789
Instances/Instances 2/kroC100_08.gt,99,20.0,86400.0,PTVRP_LAYERED_SAFE,382468.0,57,0.000070600,0.005546
Instances/Instances 2/kroC100_09.gt,99,20.0,86400.0,PTVRP_LAYERED_SAFE,384692.0,49,0.000071300,0.006086
Instances/Instances 2/kroC100_10.gt,99,20.0,86400.0,PTVRP_LAYERED_SAFE,395625.0,52,0.000069600,0.005983
Instances/Instances 2/kroD100_01.gt,99,20.0,86400.0,PTVRP_LAYERED_SAFE,345875.0,54,0.000069400,0.006261
Instances/Instances 2/kroD100_02.gt,99,20.0,86400.0,PTVRP_LAYERED_SAFE,345002.0,51,0.000072500,0.007015
Instances/Instances 2/kroD100_03.gt,99,20.0,86400.0,PTVRP_LAYERED_SAFE,345425.0,53,0.000071200,0.006992
Instances/Instances 2/kroD100_04.gt,99,20.0,86400.0,PTVRP_LAYERED_SAFE,331306.0,57,0.000072400,0.005895
Instances/Instances 2/kroD100_05.gt,99,20.0,86400.0,PTVRP_LAYERED_SAFE,401310.0,58,0.000070400,0.00604
Instances/Instances 2/kroD100_06.gt,99,20.0,86400.0,PTVRP_LAYERED_SAFE,363794.0,53,0.000071700,0.004994
Instances/Instances 2/kroD100_07.gt,99,20.0,86400.0,PTVRP_LAYERED_SAFE,338564.0,47,0.000071200,0.005274
Instances/Instances 2/kroD100_08.gt,99,20.0,86400.0,PTVRP_LAYERED_SAFE,359121.0,57,0.000071700,0.006517
Instances/Instances 2/kroD100_09.gt,99,20.0,86400.0,PTVRP_LAYERED_SAFE,359655.0,57,0.000074300,0.005676
Instances/Instances 2/kroD100_10.gt,99,20.0,86400.0,PTVRP_LAYERED_SAFE,377767.0,50,0.000081800,0.006256
Instances/Instances 2/kroE100_01.gt,99,20.0,86400.0,PTVRP_LAYERED_SAFE,366106.0,53,0.000067300,0.00622
Instances/Instances 2/kroE100_02.gt,99,20.0,86400.0,PTVRP_LAYERED_SAFE,383437.0,56,0.000068100,0.006899
Instances/Instances 2/kroE100_03.gt,99,20.0,86400.0,PTVRP_LAYERED_SAFE,368814.0,55,0.000068000,0.006821
Instances/Instances 2/kroE100_04.gt,99,20.0,86400.0,PTVRP_LAYERED_SAFE,388418.0,55,0.000070700,0.006067
Instances/Instances 2/kroE100_05.gt,99,20.0,86400.0,PTVRP_LAYERED_SAFE,427958.0,56,0.000065100,0.005719
Instances/Instances 2/kroE100_06.gt,99,20.0,86400.0,PTVRP_LAYERED_SAFE,391953.0,51,0.000069300,0.005037
Instances/Instances 2/kroE100_07.gt,99,20.0,86400.0,PTVRP_LAYERED_SAFE,367717.0,50,0.000070700,0.005614
Instances/Instances 2/kroE100_08.gt,99,20.0,86400.0,PTVRP_LAYERED_SAFE,396538.0,54,0.000068200,0.005174
Instances/Instances 2/kroE100_09.gt,99,20.0,86400.0,PTVRP_LAYERED_SAFE,380502.0,54,0.000068900,0.005881
Instances/Instances 2/kroE100_10.gt,99,20.0,86400.0,PTVRP_LAYERED_SAFE,396164.0,58,0.000069000,0.005609
Instances/Instances 2/kz9976_01.gt,9975,20.0,86400.0,PTVRP_LAYERED_SAFE,NO SOLUTION,,0.003624100,0.014479
Instances/Instances 2/kz9976_02.gt,9975,20.0,86400.0,PTVRP_LAYERED_SAFE,NO SOLUTION,,0.003596700,0.018566
Instances/Instances 2/kz9976_03.gt,9975,20.0,86400.0,PTVRP_LAYERED_SAFE,NO SOLUTION,,0.003598000,0.016979
Instances/Instances 2/kz9976_04.gt,9975,20.0,86400.0,PTVRP_LAYERED_SAFE,NO SOLUTION,,0.003619600,0.018773
Instances/Instances 2/kz9976_05.gt,9975,20.0,86400.0,PTVRP_LAYERED_SAFE,NO SOLUTION,,0.003593800,0.020611
Instances/Instances 2/kz9976_06.gt,9975,20.0,86400.0,PTVRP_LAYERED_SAFE,NO SOLUTION,,0.003606700,0.018842
Instances/Instances 2/kz9976_07.gt,9975,20.0,86400.0,PTVRP_LAYERED_SAFE,NO SOLUTION,,0.003625900,0.019948
Instances/Instances 2/kz9976_08.gt,9975,20.0,86400.0,PTVRP_LAYERED_SAFE,NO SOLUTION,,0.003674400,0.020429
Instances/Instances 2/kz9976_09.gt,9975,20.0,86400.0,PTVRP_LAYERED_SAFE,NO SOLUTION,,0.003638700,0.021049
Instances/Instances 2/kz9976_10.gt,9975,20.0,86400.0,PTVRP_LAYERED_SAFE,NO SOLUTION,,0.003608500,0.017806
Instances/Instances 2/lin105_01.gt,104,20.0,86400.0,PTVRP_LAYERED_SAFE,256859.0,53,0.000090900,0.007355
Instances/Instances 2/lin105_02.gt,104,20.0,86400.0,PTVRP_LAYERED_SAFE,270194.0,48,0.000090900,0.006856
Instances/Instances 2/lin105_03.gt,104,20.0,86400.0,PTVRP_LAYERED_SAFE,243273.0,58,0.000088300,0.006854
Instances/Instances 2/lin105_04.gt,104,20.0,86400.0,PTVRP_LAYERED_SAFE,259216.0,59,0.000089800,0.006463
Instances/Instances 2/lin105_05.gt,104,20.0,86400.0,PTVRP_LAYERED_SAFE,228942.0,54,0.000091500,0.005834
Instances/Instances 2/lin105_06.gt,104,20.0,86400.0,PTVRP_LAYERED_SAFE,248028.0,52,0.000090900,0.005916
Instances/Instances 2/lin105_07.gt,104,20.0,86400.0,PTVRP_LAYERED_SAFE,276882.0,61,0.000091200,0.006313
Instances/Instances 2/lin105_08.gt,104,20.0,86400.0,PTVRP_LAYERED_SAFE,239648.0,53,0.000089100,0.006913
Instances/Instances 2/lin105_09.gt,104,20.0,86400.0,PTVRP_LAYERED_SAFE,265155.0,54,0.000089100,0.006035
Instances/Instances 2/lin105_10.gt,104,20.0,86400.0,PTVRP_LAYERED_SAFE,264002.0,58,0.000092500,0.006193
Instances/Instances 2/lin318_01.gt,317,20.0,86400.0,PTVRP_LAYERED_SAFE,1203102.0,146,0.000269700,0.006016
Instances/Instances 2/lin318_02.gt,317,20.0,86400.0,PTVRP_LAYERED_SAFE,1140467.0,145,0.000275800,0.006293
Instances/Instances 2/lin318_03.gt,317,20.0,86400.0,PTVRP_LAYERED_SAFE,1225544.0,136,0.000306300,0.006048
Instances/Instances 2/lin318_04.gt,317,20.0,86400.0,PTVRP_LAYERED_SAFE,1160301.0,155,0.000276400,0.00526
Instances/Instances 2/lin318_05.gt,317,20.0,86400.0,PTVRP_LAYERED_SAFE,1204055.0,149,0.000269600,0.00688
Instances/Instances 2/lin318_06.gt,317,20.0,86400.0,PTVRP_LAYERED_SAFE,1220766.0,143,0.000270000,0.006821
Instances/Instances 2/lin318_07.gt,317,20.0,86400.0,PTVRP_LAYERED_SAFE,1162224.0,148,0.000275300,0.007413
Instances/Instances 2/lin318_08.gt,317,20.0,86400.0,PTVRP_LAYERED_SAFE,1300076.0,151,0.000270000,0.006214
Instances/Instances 2/lin318_09.gt,317,20.0,86400.0,PTVRP_LAYERED_SAFE,1199595.0,143,0.000271400,0.00724
Instances/Instances 2/lin318_10.gt,317,20.0,86400.0,PTVRP_LAYERED_SAFE,1249664.0,153,0.000266200,0.007233
Instances/Instances 2/linhp318_01.gt,317,20.0,86400.0,PTVRP_LAYERED_SAFE,1256145.0,151,0.000277100,0.007896
Instances/Instances 2/linhp318_02.gt,317,20.0,86400.0,PTVRP_LAYERED_SAFE,1241823.0,142,0.000265800,0.007604
Instances/Instances 2/linhp318_03.gt,317,20.0,86400.0,PTVRP_LAYERED_SAFE,1280941.0,155,0.000267400,0.006282
Instances/Instances 2/linhp318_04.gt,317,20.0,86400.0,PTVRP_LAYERED_SAFE,1216901.0,145,0.000272900,0.005934
Instances/Instances 2/linhp318_05.gt,317,20.0,86400.0,PTVRP_LAYERED_SAFE,1144043.0,144,0.000271800,0.00573
Instances/Instances 2/linhp318_06.gt,317,20.0,86400.0,PTVRP_LAYERED_SAFE,1265582.0,149,0.000271300,0.006996
Instances/Instances 2/linhp318_07.gt,317,20.0,86400.0,PTVRP_LAYERED_SAFE,1218659.0,150,0.000321700,0.00659
Instances/Instances 2/linhp318_08.gt,317,20.0,86400.0,PTVRP_LAYERED_SAFE,1224658.0,136,0.000271200,0.007026
Instances/Instances 2/linhp318_09.gt,317,20.0,86400.0,PTVRP_LAYERED_SAFE,1176953.0,153,0.000270100,0.008032
Instances/Instances 2/linhp318_10.gt,317,20.0,86400.0,PTVRP_LAYERED_SAFE,1304745.0,144,0.000303000,0.007712
Instances/Instances 2/lu980_01.gt,979,20.0,86400.0,PTVRP_LAYERED_SAFE,634375.0,390,0.002551600,0.010716
Instances/Instances 2/lu980_02.gt,979,20.0,86400.0,PTVRP_LAYERED_SAFE,597749.0,366,0.002581600,0.010121
Instances/Instances 2/lu980_03.gt,979,20.0,86400.0,PTVRP_LAYERED_SAFE,625997.0,370,0.002591900,0.010114
Instances/Instances 2/lu980_04.gt,979,20.0,86400.0,PTVRP_LAYERED_SAFE,621015.0,364,0.002619100,0.010459
Instances/Instances 2/lu980_05.gt,979,20.0,86400.0,PTVRP_LAYERED_SAFE,629769.0,374,0.002568600,0.009578
Instances/Instances 2/lu980_06.gt,979,20.0,86400.0,PTVRP_LAYERED_SAFE,615319.0,374,0.002629199,0.008578
Instances/Instances 2/lu980_07.gt,979,20.0,86400.0,PTVRP_LAYERED_SAFE,615606.0,363,0.002595500,0.010909
Instances/Instances 2/lu980_08.gt,979,20.0,86400.0,PTVRP_LAYERED_SAFE,611653.0,358,0.002625300,0.010762
Instances/Instances 2/lu980_09.gt,979,20.0,86400.0,PTVRP_LAYERED_SAFE,622039.0,362,0.002595100,0.009741
Instances/Instances 2/lu980_10.gt,979,20.0,86400.0,PTVRP_LAYERED_SAFE,602928.0,390,0.002610699,0.00974
Instances/Instances 2/mo14185_01.gt,14184,20.0,86400.0,PTVRP_LAYERED_SAFE,95461861.0,3985,0.015880000,0.03419
Instances/Instances 2/mo14185_02.gt,14184,20.0,86400.0,PTVRP_LAYERED_SAFE,94886942.0,3918,0.016163200,0.034942
Instances/Instances 2/mo14185_03.gt,14184,20.0,86400.0,PTVRP_LAYERED_SAFE,94282186.0,3932,0.015990500,0.037449
Instances/Instances 2/mo14185_04.gt,14184,20.0,86400.0,PTVRP_LAYERED_SAFE,95143267.0,3982,0.016042999,0.031948
Instances/Instances 2/mo14185_05.gt,14184,20.0,86400.0,PTVRP_LAYERED_SAFE,95356468.0,3925,0.015888899,0.034828
Instances/Instances 2/mo14185_06.gt,14184,20.0,86400.0,PTVRP_LAYERED_SAFE,94652703.0,3965,0.016290000,0.034649
Instances/Instances 2/mo14185_07.gt,14184,20.0,86400.0,PTVRP_LAYERED_SAFE,95212243.0,3968,0.015963800,0.035747
Instances/Instances 2/mo14185_08.gt,14184,20.0,86400.0,PTVRP_LAYERED_SAFE,95089409.0,3952,0.016042200,0.03398
Instances/Instances 2/mo14185_09.gt,14184,20.0,86400.0,PTVRP_LAYERED_SAFE,94795522.0,3935,0.015919000,0.03611
Instances/Instances 2/mo14185_10.gt,14184,20.0,86400.0,PTVRP_LAYERED_SAFE,95543168.0,3872,0.015971599,0.037529
Instances/Instances 2/mu1979_01.gt,1978,20.0,86400.0,PTVRP_LAYERED_SAFE,10552448.0,657,0.002721800,0.01362
Instances/Instances 2/mu1979_02.gt,1978,20.0,86400.0,PTVRP_LAYERED_SAFE,10601470.0,639,0.002695900,0.01259
Instances/Instances 2/mu1979_03.gt,1978,20.0,86400.0,PTVRP_LAYERED_SAFE,10855526.0,677,0.002716000,0.012234
Instances/Instances 2/mu1979_04.gt,1978,20.0,86400.0,PTVRP_LAYERED_SAFE,10284597.0,666,0.002735700,0.009901
Instances/Instances 2/mu1979_05.gt,1978,20.0,86400.0,PTVRP_LAYERED_SAFE,10377139.0,667,0.002714500,0.01084
Instances/Instances 2/mu1979_06.gt,1978,20.0,86400.0,PTVRP_LAYERED_SAFE,10282292.0,667,0.002685899,0.011446
Instances/Instances 2/mu1979_07.gt,1978,20.0,86400.0,PTVRP_LAYERED_SAFE,10525543.0,680,0.002682500,0.010311
Instances/Instances 2/mu1979_08.gt,1978,20.0,86400.0,PTVRP_LAYERED_SAFE,10349452.0,665,0.002766100,0.011144
Instances/Instances 2/mu1979_09.gt,1978,20.0,86400.0,PTVRP_LAYERED_SAFE,10707959.0,672,0.002718600,0.012932
Instances/Instances 2/mu1979_10.gt,1978,20.0,86400.0,PTVRP_LAYERED_SAFE,10473496.0,665,0.002625900,0.012447
Instances/Instances 2/nrw1379_01.gt,1378,20.0,86400.0,PTVRP_LAYERED_SAFE,2900697.0,562,0.001927000,0.011688
Instances/Instances 2/nrw1379_02.gt,1378,20.0,86400.0,PTVRP_LAYERED_SAFE,2864393.0,575,0.001927100,0.011441
Instances/Instances 2/nrw1379_03.gt,1378,20.0,86400.0,PTVRP_LAYERED_SAFE,2991694.0,567,0.001984000,0.009769
Instances/Instances 2/nrw1379_04.gt,1378,20.0,86400.0,PTVRP_LAYERED_SAFE,2967649.0,532,0.001976700,0.008718
Instances/Instances 2/nrw1379_05.gt,1378,20.0,86400.0,PTVRP_LAYERED_SAFE,2923442.0,549,0.001986900,0.009278
Instances/Instances 2/nrw1379_06.gt,1378,20.0,86400.0,PTVRP_LAYERED_SAFE,2859195.0,554,0.001973500,0.009019
Instances/Instances 2/nrw1379_07.gt,1378,20.0,86400.0,PTVRP_LAYERED_SAFE,2941464.0,562,0.001970700,0.00981
Instances/Instances 2/nrw1379_08.gt,1378,20.0,86400.0,PTVRP_LAYERED_SAFE,2908918.0,548,0.001979000,0.010016
Instances/Instances 2/nrw1379_09.gt,1378,20.0,86400.0,PTVRP_LAYERED_SAFE,2966966.0,554,0.002006600,0.009341
Instances/Instances 2/nrw1379_10.gt,1378,20.0,86400.0,PTVRP_LAYERED_SAFE,2823534.0,543,0.001984500,0.008894
Instances/Instances 2/nu3496_01.gt,3495,20.0,86400.0,PTVRP_LAYERED_SAFE,9981936.0,1121,0.005729200,0.01537
Instances/Instances 2/nu3496_02.gt,3495,20.0,86400.0,PTVRP_LAYERED_SAFE,9982322.0,1133,0.005849800,0.017859
Instances/Instances 2/nu3496_03.gt,3495,20.0,86400.0,PTVRP_LAYERED_SAFE,9948983.0,1116,0.005828800,0.016919
Instances/Instances 2/nu3496_04.gt,3495,20.0,86400.0,PTVRP_LAYERED_SAFE,10066631.0,1146,0.005705699,0.016082
Instances/Instances 2/nu3496_05.gt,3495,20.0,86400.0,PTVRP_LAYERED_SAFE,10278441.0,1149,0.005703000,0.016811
Instances/Instances 2/nu3496_06.gt,3495,20.0,86400.0,PTVRP_LAYERED_SAFE,10018229.0,1157,0.005882600,0.016116
Instances/Instances 2/nu3496_07.gt,3495,20.0,86400.0,PTVRP_LAYERED_SAFE,9991035.0,1129,0.005794000,0.016995
Instances/Instances 2/nu3496_08.gt,3495,20.0,86400.0,PTVRP_LAYERED_SAFE,10052721.0,1163,0.005777500,0.016274
Instances/Instances 2/nu3496_09.gt,3495,20.0,86400.0,PTVRP_LAYERED_SAFE,10135816.0,1140,0.005677399,0.015238
Instances/Instances 2/nu3496_10.gt,3495,20.0,86400.0,PTVRP_LAYERED_SAFE,10168191.0,1184,0.005685200,0.017389
Instances/Instances 2/p654_01.gt,653,20.0,86400.0,PTVRP_LAYERED_SAFE,4302441.0,170,0.000589300,0.010305
Instances/Instances 2/p654_02.gt,653,20.0,86400.0,PTVRP_LAYERED_SAFE,4130591.0,177,0.000595900,0.009025
Instances/Instances 2/p654_03.gt,653,20.0,86400.0,PTVRP_LAYERED_SAFE,4415693.0,193,0.000585100,0.006877
Instances/Instances 2/p654_04.gt,653,20.0,86400.0,PTVRP_LAYERED_SAFE,4249123.0,173,0.000595400,0.007972
Instances/Instances 2/p654_05.gt,653,20.0,86400.0,PTVRP_LAYERED_SAFE,4315902.0,188,0.000593500,0.006631
Instances/Instances 2/p654_06.gt,653,20.0,86400.0,PTVRP_LAYERED_SAFE,4422172.0,174,0.000601700,0.006929
Instances/Instances 2/p654_07.gt,653,20.0,86400.0,PTVRP_LAYERED_SAFE,4326441.0,166,0.000598200,0.006224
Instances/Instances 2/p654_08.gt,653,20.0,86400.0,PTVRP_LAYERED_SAFE,4343680.0,184,0.000582700,0.007247
Instances/Instances 2/p654_09.gt,653,20.0,86400.0,PTVRP_LAYERED_SAFE,4048578.0,172,0.000608600,0.007117
Instances/Instances 2/p654_10.gt,653,20.0,86400.0,PTVRP_LAYERED_SAFE,4325444.0,165,0.000583000,0.006011
Instances/Instances 2/pcb1173_01.gt,1172,20.0,86400.0,PTVRP_LAYERED_SAFE,2827187.0,470,0.001554900,0.009146
Instances/Instances 2/pcb1173_02.gt,1172,20.0,86400.0,PTVRP_LAYERED_SAFE,2864320.0,476,0.001548200,0.008127
Instances/Instances 2/pcb1173_03.gt,1172,20.0,86400.0,PTVRP_LAYERED_SAFE,2871166.0,489,0.001556100,0.008667
Instances/Instances 2/pcb1173_04.gt,1172,20.0,86400.0,PTVRP_LAYERED_SAFE,2867451.0,479,0.001560400,0.010569
Instances/Instances 2/pcb1173_05.gt,1172,20.0,86400.0,PTVRP_LAYERED_SAFE,2869183.0,484,0.001580400,0.009261
Instances/Instances 2/pcb1173_06.gt,1172,20.0,86400.0,PTVRP_LAYERED_SAFE,2815360.0,480,0.001547900,0.009256
Instances/Instances 2/pcb1173_07.gt,1172,20.0,86400.0,PTVRP_LAYERED_SAFE,2884723.0,487,0.001567800,0.009444
Instances/Instances 2/pcb1173_08.gt,1172,20.0,86400.0,PTVRP_LAYERED_SAFE,2877236.0,472,0.001563400,0.008732
Instances/Instances 2/pcb1173_09.gt,1172,20.0,86400.0,PTVRP_LAYERED_SAFE,2903698.0,476,0.001544700,0.009358
Instances/Instances 2/pcb1173_10.gt,1172,20.0,86400.0,PTVRP_LAYERED_SAFE,2858486.0,448,0.001563700,0.009105
Instances/Instances 2/pcb3038_01.gt,3037,20.0,86400.0,PTVRP_LAYERED_SAFE,10777614.0,1074,0.003811300,0.012849
Instances/Instances 2/pcb3038_02.gt,3037,20.0,86400.0,PTVRP_LAYERED_SAFE,10835812.0,1087,0.003858800,0.013511
Instances/Instances 2/pcb3038_03.gt,3037,20.0,86400.0,PTVRP_LAYERED_SAFE,10822884.0,1098,0.003849000,0.014975
Instances/Instances 2/pcb3038_04.gt,3037,20.0,86400.0,PTVRP_LAYERED_SAFE,10768265.0,1105,0.003829000,0.014506
Instances/Instances 2/pcb3038_05.gt,3037,20.0,86400.0,PTVRP_LAYERED_SAFE,10717926.0,1106,0.003835800,0.015157
Instances/Instances 2/pcb3038_06.gt,3037,20.0,86400.0,PTVRP_LAYERED_SAFE,10875623.0,1066,0.003793500,0.0136
Instances/Instances 2/pcb3038_07.gt,3037,20.0,86400.0,PTVRP_LAYERED_SAFE,10930516.0,1093,0.003835800,0.014121
Instances/Instances 2/pcb3038_08.gt,3037,20.0,86400.0,PTVRP_LAYERED_SAFE,10559144.0,1064,0.003827400,0.0125
Instances/Instances 2/pcb3038_09.gt,3037,20.0,86400.0,PTVRP_LAYERED_SAFE,10769633.0,1049,0.003796500,0.013283
Instances/Instances 2/pcb3038_10.gt,3037,20.0,86400.0,PTVRP_LAYERED_SAFE,10959725.0,1071,0.003796500,0.013963
Instances/Instances 2/pcb442_01.gt,441,20.0,86400.0,PTVRP_LAYERED_SAFE,1550629.0,196,0.000393800,0.010095
Instances/Instances 2/pcb442_02.gt,441,20.0,86400.0,PTVRP_LAYERED_SAFE,1591676.0,190,0.000399800,0.007099
Instances/Instances 2/pcb442_03.gt,441,20.0,86400.0,PTVRP_LAYERED_SAFE,1591679.0,208,0.000399500,0.008398
Instances/Instances 2/pcb442_04.gt,441,20.0,86400.0,PTVRP_LAYERED_SAFE,1591505.0,202,0.000396300,0.007865
Instances/Instances 2/pcb442_05.gt,441,20.0,86400.0,PTVRP_LAYERED_SAFE,1567429.0,200,0.000393700,0.007233
Instances/Instances 2/pcb442_06.gt,441,20.0,86400.0,PTVRP_LAYERED_SAFE,1595493.0,209,0.000415700,0.007464
Instances/Instances 2/pcb442_07.gt,441,20.0,86400.0,PTVRP_LAYERED_SAFE,1612167.0,202,0.000417400,0.006443
Instances/Instances 2/pcb442_08.gt,441,20.0,86400.0,PTVRP_LAYERED_SAFE,1618543.0,197,0.000395200,0.005567
Instances/Instances 2/pcb442_09.gt,441,20.0,86400.0,PTVRP_LAYERED_SAFE,1544559.0,200,0.000397500,0.006698
Instances/Instances 2/pcb442_10.gt,441,20.0,86400.0,PTVRP_LAYERED_SAFE,1578438.0,195,0.000396800,0.006044
Instances/Instances 2/pm8079_01.gt,8078,20.0,86400.0,PTVRP_LAYERED_SAFE,21704398.0,2281,0.017010599,0.029758
Instances/Instances 2/pm8079_02.gt,8078,20.0,86400.0,PTVRP_LAYERED_SAFE,21678833.0,2234,0.017161299,0.029619
Instances/Instances 2/pm8079_03.gt,8078,20.0,86400.0,PTVRP_LAYERED_SAFE,21477132.0,2236,0.017153500,0.032016
Instances/Instances 2/pm8079_04.gt,8078,20.0,86400.0,PTVRP_LAYERED_SAFE,21634095.0,2259,0.017277700,0.032187
Instances/Instances 2/pm8079_05.gt,8078,20.0,86400.0,PTVRP_LAYERED_SAFE,21503058.0,2260,0.017193499,0.03014
Instances/Instances 2/pm8079_06.gt,8078,20.0,86400.0,PTVRP_LAYERED_SAFE,21505027.0,2240,0.017072299,0.030917
Instances/Instances 2/pm8079_07.gt,8078,20.0,86400.0,PTVRP_LAYERED_SAFE,21616220.0,2217,0.017106400,0.029431
Instances/Instances 2/pm8079_08.gt,8078,20.0,86400.0,PTVRP_LAYERED_SAFE,21632245.0,2240,0.016953800,0.029095
Instances/Instances 2/pm8079_09.gt,8078,20.0,86400.0,PTVRP_LAYERED_SAFE,21613529.0,2276,0.017192099,0.032221
Instances/Instances 2/pm8079_10.gt,8078,20.0,86400.0,PTVRP_LAYERED_SAFE,21699619.0,2259,0.017152400,0.032938
Instances/Instances 2/pr1002_01.gt,1001,20.0,86400.0,PTVRP_LAYERED_SAFE,13704076.0,443,0.000518200,0.008562
Instances/Instances 2/pr1002_02.gt,1001,20.0,86400.0,PTVRP_LAYERED_SAFE,12903461.0,402,0.000523500,0.006886
Instances/Instances 2/pr1002_03.gt,1001,20.0,86400.0,PTVRP_LAYERED_SAFE,13634685.0,439,0.000511100,0.005755
Instances/Instances 2/pr1002_04.gt,1001,20.0,86400.0,PTVRP_LAYERED_SAFE,13193001.0,443,0.000540200,0.0071
Instances/Instances 2/pr1002_05.gt,1001,20.0,86400.0,PTVRP_LAYERED_SAFE,13202785.0,430,0.000515000,0.006614
Instances/Instances 2/pr1002_06.gt,1001,20.0,86400.0,PTVRP_LAYERED_SAFE,13057482.0,443,0.000512200,0.006439
Instances/Instances 2/pr1002_07.gt,1001,20.0,86400.0,PTVRP_LAYERED_SAFE,13085155.0,419,0.000516900,0.006176
Instances/Instances 2/pr1002_08.gt,1001,20.0,86400.0,PTVRP_LAYERED_SAFE,13586632.0,454,0.000516000,0.006887
Instances/Instances 2/pr1002_09.gt,1001,20.0,86400.0,PTVRP_LAYERED_SAFE,13270092.0,438,0.000521700,0.00573
Instances/Instances 2/pr1002_10.gt,1001,20.0,86400.0,PTVRP_LAYERED_SAFE,13126103.0,454,0.000519200,0.006946
Instances/Instances 2/pr107_01.gt,106,20.0,86400.0,PTVRP_LAYERED_SAFE,1431303.0,52,0.000065700,0.004646
Instances/Instances 2/pr107_02.gt,106,20.0,86400.0,PTVRP_LAYERED_SAFE,1417795.0,57,0.000054400,0.004891
Instances/Instances 2/pr107_03.gt,106,20.0,86400.0,PTVRP_LAYERED_SAFE,1497646.0,55,0.000054000,0.0061
Instances/Instances 2/pr107_04.gt,106,20.0,86400.0,PTVRP_LAYERED_SAFE,1285625.0,58,0.000054800,0.005741
Instances/Instances 2/pr107_05.gt,106,20.0,86400.0,PTVRP_LAYERED_SAFE,1514781.0,53,0.000053800,0.004881
Instances/Instances 2/pr107_06.gt,106,20.0,86400.0,PTVRP_LAYERED_SAFE,1409257.0,51,0.000075900,0.005903
Instances/Instances 2/pr107_07.gt,106,20.0,86400.0,PTVRP_LAYERED_SAFE,1486634.0,54,0.000053900,0.005455
Instances/Instances 2/pr107_08.gt,106,20.0,86400.0,PTVRP_LAYERED_SAFE,1501182.0,59,0.000054700,0.005075
Instances/Instances 2/pr107_09.gt,106,20.0,86400.0,PTVRP_LAYERED_SAFE,1642401.0,59,0.000053600,0.005541
Instances/Instances 2/pr107_10.gt,106,20.0,86400.0,PTVRP_LAYERED_SAFE,1499834.0,54,0.000054400,0.005609
Instances/Instances 2/pr124_01.gt,123,20.0,86400.0,PTVRP_LAYERED_SAFE,1409460.0,56,0.000059000,0.005375
Instances/Instances 2/pr124_02.gt,123,20.0,86400.0,PTVRP_LAYERED_SAFE,1512911.0,59,0.000058200,0.006612
Instances/Instances 2/pr124_03.gt,123,20.0,86400.0,PTVRP_LAYERED_SAFE,1379859.0,54,0.000058500,0.006134
Instances/Instances 2/pr124_04.gt,123,20.0,86400.0,PTVRP_LAYERED_SAFE,1501588.0,58,0.000059200,0.006436
Instances/Instances 2/pr124_05.gt,123,20.0,86400.0,PTVRP_LAYERED_SAFE,1458345.0,59,0.000057700,0.007412
Instances/Instances 2/pr124_06.gt,123,20.0,86400.0,PTVRP_LAYERED_SAFE,1509084.0,62,0.000058800,0.007423
Instances/Instances 2/pr124_07.gt,123,20.0,86400.0,PTVRP_LAYERED_SAFE,1455663.0,61,0.000058900,0.006838
Instances/Instances 2/pr124_08.gt,123,20.0,86400.0,PTVRP_LAYERED_SAFE,1422417.0,57,0.000061100,0.006071
Instances/Instances 2/pr124_09.gt,123,20.0,86400.0,PTVRP_LAYERED_SAFE,1395787.0,58,0.000056600,0.006109
Instances/Instances 2/pr124_10.gt,123,20.0,86400.0,PTVRP_LAYERED_SAFE,1455833.0,60,0.000058800,0.007358
Instances/Instances 2/pr136_01.gt,135,20.0,86400.0,PTVRP_LAYERED_SAFE,1850248.0,73,0.000055100,0.00701
Instances/Instances 2/pr136_02.gt,135,20.0,86400.0,PTVRP_LAYERED_SAFE,1811364.0,71,0.000056200,0.006882
Instances/Instances 2/pr136_03.gt,135,20.0,86400.0,PTVRP_LAYERED_SAFE,1815904.0,74,0.000054900,0.007091
Instances/Instances 2/pr136_04.gt,135,20.0,86400.0,PTVRP_LAYERED_SAFE,1885185.0,64,0.000054900,0.006032
Instances/Instances 2/pr136_05.gt,135,20.0,86400.0,PTVRP_LAYERED_SAFE,1900246.0,64,0.000055500,0.006528
Instances/Instances 2/pr136_06.gt,135,20.0,86400.0,PTVRP_LAYERED_SAFE,1872818.0,67,0.000055700,0.007503
Instances/Instances 2/pr136_07.gt,135,20.0,86400.0,PTVRP_LAYERED_SAFE,1815655.0,64,0.000056700,0.006867
Instances/Instances 2/pr136_08.gt,135,20.0,86400.0,PTVRP_LAYERED_SAFE,1801967.0,67,0.000055700,0.007683
Instances/Instances 2/pr136_09.gt,135,20.0,86400.0,PTVRP_LAYERED_SAFE,1845761.0,66,0.000056000,0.005973
Instances/Instances 2/pr136_10.gt,135,20.0,86400.0,PTVRP_LAYERED_SAFE,1887371.0,70,0.000056200,0.006669
Instances/Instances 2/pr144_01.gt,143,20.0,86400.0,PTVRP_LAYERED_SAFE,1698228.0,67,0.000071700,0.006012
Instances/Instances 2/pr144_02.gt,143,20.0,86400.0,PTVRP_LAYERED_SAFE,1617568.0,60,0.000071800,0.005669
Instances/Instances 2/pr144_03.gt,143,20.0,86400.0,PTVRP_LAYERED_SAFE,1688668.0,73,0.000068000,0.005971
Instances/Instances 2/pr144_04.gt,143,20.0,86400.0,PTVRP_LAYERED_SAFE,1675395.0,67,0.000075200,0.005607
Instances/Instances 2/pr144_05.gt,143,20.0,86400.0,PTVRP_LAYERED_SAFE,1702929.0,66,0.000069600,0.005766
Instances/Instances 2/pr144_06.gt,143,20.0,86400.0,PTVRP_LAYERED_SAFE,1753112.0,61,0.000071500,0.006298
Instances/Instances 2/pr144_07.gt,143,20.0,86400.0,PTVRP_LAYERED_SAFE,1682719.0,60,0.000068900,0.004866
Instances/Instances 2/pr144_08.gt,143,20.0,86400.0,PTVRP_LAYERED_SAFE,1642233.0,69,0.000071200,0.005574
Instances/Instances 2/pr144_09.gt,143,20.0,86400.0,PTVRP_LAYERED_SAFE,1904478.0,76,0.000069100,0.005382
Instances/Instances 2/pr144_10.gt,143,20.0,86400.0,PTVRP_LAYERED_SAFE,1476934.0,63,0.000071800,0.005688
Instances/Instances 2/pr152_01.gt,151,20.0,86400.0,PTVRP_LAYERED_SAFE,2079458.0,74,0.000070600,0.005428
Instances/Instances 2/pr152_02.gt,151,20.0,86400.0,PTVRP_LAYERED_SAFE,1944988.0,74,0.000071300,0.005617
Instances/Instances 2/pr152_03.gt,151,20.0,86400.0,PTVRP_LAYERED_SAFE,2156455.0,71,0.000070300,0.005807
Instances/Instances 2/pr152_04.gt,151,20.0,86400.0,PTVRP_LAYERED_SAFE,1936300.0,70,0.000071800,0.005418
Instances/Instances 2/pr152_05.gt,151,20.0,86400.0,PTVRP_LAYERED_SAFE,1985891.0,73,0.000071200,0.006071
Instances/Instances 2/pr152_06.gt,151,20.0,86400.0,PTVRP_LAYERED_SAFE,2138380.0,70,0.000072800,0.005225
Instances/Instances 2/pr152_07.gt,151,20.0,86400.0,PTVRP_LAYERED_SAFE,2033638.0,69,0.000071600,0.006348
Instances/Instances 2/pr152_08.gt,151,20.0,86400.0,PTVRP_LAYERED_SAFE,2114265.0,80,0.000071500,0.005757
Instances/Instances 2/pr152_09.gt,151,20.0,86400.0,PTVRP_LAYERED_SAFE,1981662.0,69,0.000072100,0.006146
Instances/Instances 2/pr152_10.gt,151,20.0,86400.0,PTVRP_LAYERED_SAFE,2028140.0,77,0.000072900,0.005211
Instances/Instances 2/pr226_01.gt,225,20.0,86400.0,PTVRP_LAYERED_SAFE,3535353.0,96,0.000107000,0.005911
Instances/Instances 2/pr226_02.gt,225,20.0,86400.0,PTVRP_LAYERED_SAFE,3544375.0,111,0.000108200,0.004625
Instances/Instances 2/pr226_03.gt,225,20.0,86400.0,PTVRP_LAYERED_SAFE,3342649.0,95,0.000109400,0.005235
Instances/Instances 2/pr226_04.gt,225,20.0,86400.0,PTVRP_LAYERED_SAFE,3649079.0,95,0.000104200,0.005921
Instances/Instances 2/pr226_05.gt,225,20.0,86400.0,PTVRP_LAYERED_SAFE,3518702.0,96,0.000120200,0.005073
Instances/Instances 2/pr226_06.gt,225,20.0,86400.0,PTVRP_LAYERED_SAFE,3611797.0,96,0.000104900,0.005382
Instances/Instances 2/pr226_07.gt,225,20.0,86400.0,PTVRP_LAYERED_SAFE,3521200.0,108,0.000125300,0.006169
Instances/Instances 2/pr226_08.gt,225,20.0,86400.0,PTVRP_LAYERED_SAFE,3638252.0,94,0.000107300,0.006987
Instances/Instances 2/pr226_09.gt,225,20.0,86400.0,PTVRP_LAYERED_SAFE,3639720.0,105,0.000106400,0.008192
Instances/Instances 2/pr226_10.gt,225,20.0,86400.0,PTVRP_LAYERED_SAFE,3555876.0,95,0.000106300,0.005911
Instances/Instances 2/pr2392_01.gt,2391,20.0,86400.0,PTVRP_LAYERED_SAFE,29811896.0,961,0.001405800,0.009037
Instances/Instances 2/pr2392_02.gt,2391,20.0,86400.0,PTVRP_LAYERED_SAFE,30752105.0,952,0.001366600,0.009442
Instances/Instances 2/pr2392_03.gt,2391,20.0,86400.0,PTVRP_LAYERED_SAFE,30705051.0,978,0.001368500,0.008069
Instances/Instances 2/pr2392_04.gt,2391,20.0,86400.0,PTVRP_LAYERED_SAFE,30673585.0,962,0.001400600,0.009948
Instances/Instances 2/pr2392_05.gt,2391,20.0,86400.0,PTVRP_LAYERED_SAFE,30598641.0,942,0.001386900,0.00936
Instances/Instances 2/pr2392_06.gt,2391,20.0,86400.0,PTVRP_LAYERED_SAFE,31809095.0,977,0.001394200,0.009772
Instances/Instances 2/pr2392_07.gt,2391,20.0,86400.0,PTVRP_LAYERED_SAFE,30869934.0,942,0.001368000,0.009764
Instances/Instances 2/pr2392_08.gt,2391,20.0,86400.0,PTVRP_LAYERED_SAFE,31062591.0,942,0.001396800,0.008871
Instances/Instances 2/pr2392_09.gt,2391,20.0,86400.0,PTVRP_LAYERED_SAFE,30949049.0,953,0.001382400,0.009656
Instances/Instances 2/pr2392_10.gt,2391,20.0,86400.0,PTVRP_LAYERED_SAFE,30949317.0,962,0.001399200,0.009615
Instances/Instances 2/pr264_01.gt,263,20.0,86400.0,PTVRP_LAYERED_SAFE,2473645.0,102,0.000164400,0.007269
Instances/Instances 2/pr264_02.gt,263,20.0,86400.0,PTVRP_LAYERED_SAFE,2754287.0,104,0.000161000,0.007439
Instances/Instances 2/pr264_03.gt,263,20.0,86400.0,PTVRP_LAYERED_SAFE,2806747.0,102,0.000162600,0.00687
Instances/Instances 2/pr264_04.gt,263,20.0,86400.0,PTVRP_LAYERED_SAFE,2793414.0,106,0.000158500,0.006959
Instances/Instances 2/pr264_05.gt,263,20.0,86400.0,PTVRP_LAYERED_SAFE,2554231.0,103,0.000169000,0.008187
Instances/Instances 2/pr264_06.gt,263,20.0,86400.0,PTVRP_LAYERED_SAFE,2607218.0,105,0.000168100,0.007159
Instances/Instances 2/pr264_07.gt,263,20.0,86400.0,PTVRP_LAYERED_SAFE,2811004.0,114,0.000159700,0.007285
Instances/Instances 2/pr264_08.gt,263,20.0,86400.0,PTVRP_LAYERED_SAFE,2742833.0,112,0.000165700,0.006257
Instances/Instances 2/pr264_09.gt,263,20.0,86400.0,PTVRP_LAYERED_SAFE,2620680.0,112,0.000163400,0.006631
Instances/Instances 2/pr264_10.gt,263,20.0,86400.0,PTVRP_LAYERED_SAFE,2753544.0,112,0.000163500,0.006365
Instances/Instances 2/pr299_01.gt,298,20.0,86400.0,PTVRP_LAYERED_SAFE,1535659.0,141,0.000228600,0.007275
Instances/Instances 2/pr299_02.gt,298,20.0,86400.0,PTVRP_LAYERED_SAFE,1687892.0,138,0.000228400,0.006333
Instances/Instances 2/pr299_03.gt,298,20.0,86400.0,PTVRP_LAYERED_SAFE,1747370.0,135,0.000249200,0.005694
Instances/Instances 2/pr299_04.gt,298,20.0,86400.0,PTVRP_LAYERED_SAFE,1578636.0,132,0.000229300,0.005524
Instances/Instances 2/pr299_05.gt,298,20.0,86400.0,PTVRP_LAYERED_SAFE,1582612.0,136,0.000229400,0.007482
Instances/Instances 2/pr299_06.gt,298,20.0,86400.0,PTVRP_LAYERED_SAFE,1653161.0,131,0.000226200,0.005898
Instances/Instances 2/pr299_07.gt,298,20.0,86400.0,PTVRP_LAYERED_SAFE,1672617.0,142,0.000232200,0.006443
Instances/Instances 2/pr299_08.gt,298,20.0,86400.0,PTVRP_LAYERED_SAFE,1572474.0,142,0.000224700,0.005756
Instances/Instances 2/pr299_09.gt,298,20.0,86400.0,PTVRP_LAYERED_SAFE,1724977.0,132,0.000221900,0.005902
Instances/Instances 2/pr299_10.gt,298,20.0,86400.0,PTVRP_LAYERED_SAFE,1616890.0,138,0.000217300,0.007464
Instances/Instances 2/pr439_01.gt,438,20.0,86400.0,PTVRP_LAYERED_SAFE,3824747.0,197,0.000275700,0.00757
Instances/Instances 2/pr439_02.gt,438,20.0,86400.0,PTVRP_LAYERED_SAFE,4099770.0,194,0.000271000,0.007149
Instances/Instances 2/pr439_03.gt,438,20.0,86400.0,PTVRP_LAYERED_SAFE,4054221.0,185,0.000275200,0.007489
Instances/Instances 2/pr439_04.gt,438,20.0,86400.0,PTVRP_LAYERED_SAFE,3978076.0,188,0.000274800,0.007458
Instances/Instances 2/pr439_05.gt,438,20.0,86400.0,PTVRP_LAYERED_SAFE,4104375.0,188,0.000271400,0.007252
Instances/Instances 2/pr439_06.gt,438,20.0,86400.0,PTVRP_LAYERED_SAFE,4041211.0,182,0.000274800,0.007454
Instances/Instances 2/pr439_07.gt,438,20.0,86400.0,PTVRP_LAYERED_SAFE,4199725.0,189,0.000271500,0.007355
Instances/Instances 2/pr439_08.gt,438,20.0,86400.0,PTVRP_LAYERED_SAFE,4037110.0,196,0.000276600,0.007836
Instances/Instances 2/pr439_09.gt,438,20.0,86400.0,PTVRP_LAYERED_SAFE,3948707.0,181,0.000279400,0.006912
Instances/Instances 2/pr439_10.gt,438,20.0,86400.0,PTVRP_LAYERED_SAFE,4033077.0,198,0.000277200,0.007497
Instances/Instances 2/pr76_01.gt,75,20.0,86400.0,PTVRP_LAYERED_SAFE,1305457.0,44,0.000027800,0.007137
Instances/Instances 2/pr76_02.gt,75,20.0,86400.0,PTVRP_LAYERED_SAFE,1266198.0,47,0.000028600,0.006807
Instances/Instances 2/pr76_03.gt,75,20.0,86400.0,PTVRP_LAYERED_SAFE,1374740.0,45,0.000027200,0.005855
Instances/Instances 2/pr76_04.gt,75,20.0,86400.0,PTVRP_LAYERED_SAFE,1102781.0,44,0.000026800,0.005405
Instances/Instances 2/pr76_05.gt,75,20.0,86400.0,PTVRP_LAYERED_SAFE,1321112.0,45,0.000028100,0.005394
Instances/Instances 2/pr76_06.gt,75,20.0,86400.0,PTVRP_LAYERED_SAFE,1185484.0,44,0.000027600,0.00567
Instances/Instances 2/pr76_07.gt,75,20.0,86400.0,PTVRP_LAYERED_SAFE,1299235.0,46,0.000027800,0.00643
Instances/Instances 2/pr76_08.gt,75,20.0,86400.0,PTVRP_LAYERED_SAFE,1267144.0,44,0.000028700,0.007314
Instances/Instances 2/pr76_09.gt,75,20.0,86400.0,PTVRP_LAYERED_SAFE,1302172.0,50,0.000027500,0.006052
Instances/Instances 2/pr76_10.gt,75,20.0,86400.0,PTVRP_LAYERED_SAFE,1264889.0,49,0.000029300,0.007056
Instances/Instances 2/qa194_01.gt,193,20.0,86400.0,PTVRP_LAYERED_SAFE,208610.0,98,0.000265400,0.007352
Instances/Instances 2/qa194_02.gt,193,20.0,86400.0,PTVRP_LAYERED_SAFE,206184.0,97,0.000258700,0.00783
Instances/Instances 2/qa194_03.gt,193,20.0,86400.0,PTVRP_LAYERED_SAFE,194807.0,96,0.000260000,0.008387
Instances/Instances 2/qa194_04.gt,193,20.0,86400.0,PTVRP_LAYERED_SAFE,205333.0,99,0.000263400,0.006422
Instances/Instances 2/qa194_05.gt,193,20.0,86400.0,PTVRP_LAYERED_SAFE,213739.0,95,0.000283300,0.005644
Instances/Instances 2/qa194_06.gt,193,20.0,86400.0,PTVRP_LAYERED_SAFE,205617.0,98,0.000265500,0.007379
Instances/Instances 2/qa194_07.gt,193,20.0,86400.0,PTVRP_LAYERED_SAFE,212746.0,96,0.000269700,0.006601
Instances/Instances 2/qa194_08.gt,193,20.0,86400.0,PTVRP_LAYERED_SAFE,204376.0,95,0.000271000,0.006281
Instances/Instances 2/qa194_09.gt,193,20.0,86400.0,PTVRP_LAYERED_SAFE,197279.0,87,0.000261000,0.006155
Instances/Instances 2/qa194_10.gt,193,20.0,86400.0,PTVRP_LAYERED_SAFE,200774.0,97,0.000262000,0.005476
Instances/Instances 2/rat195_01.gt,194,20.0,86400.0,PTVRP_LAYERED_SAFE,51522.0,105,0.000443900,0.006933
Instances/Instances 2/rat195_02.gt,194,20.0,86400.0,PTVRP_LAYERED_SAFE,49336.0,104,0.000419100,0.006367
Instances/Instances 2/rat195_03.gt,194,20.0,86400.0,PTVRP_LAYERED_SAFE,49859.0,105,0.000416500,0.006843
Instances/Instances 2/rat195_04.gt,194,20.0,86400.0,PTVRP_LAYERED_SAFE,46427.0,93,0.000418400,0.008044
Instances/Instances 2/rat195_05.gt,194,20.0,86400.0,PTVRP_LAYERED_SAFE,49234.0,99,0.000420400,0.007989
Instances/Instances 2/rat195_06.gt,194,20.0,86400.0,PTVRP_LAYERED_SAFE,48974.0,102,0.000411800,0.006331
Instances/Instances 2/rat195_07.gt,194,20.0,86400.0,PTVRP_LAYERED_SAFE,46434.0,100,0.000420700,0.007347
Instances/Instances 2/rat195_08.gt,194,20.0,86400.0,PTVRP_LAYERED_SAFE,46647.0,101,0.000430900,0.007717
Instances/Instances 2/rat195_09.gt,194,20.0,86400.0,PTVRP_LAYERED_SAFE,48678.0,108,0.000428400,0.007041
Instances/Instances 2/rat195_10.gt,194,20.0,86400.0,PTVRP_LAYERED_SAFE,51300.0,103,0.000422100,0.00668
Instances/Instances 2/rat575_01.gt,574,20.0,86400.0,PTVRP_LAYERED_SAFE,244321.0,280,0.001534800,0.00814
Instances/Instances 2/rat575_02.gt,574,20.0,86400.0,PTVRP_LAYERED_SAFE,235476.0,265,0.001479700,0.008238
Instances/Instances 2/rat575_03.gt,574,20.0,86400.0,PTVRP_LAYERED_SAFE,228624.0,257,0.001547900,0.011148
Instances/Instances 2/rat575_04.gt,574,20.0,86400.0,PTVRP_LAYERED_SAFE,239521.0,248,0.001534500,0.011318
Instances/Instances 2/rat575_05.gt,574,20.0,86400.0,PTVRP_LAYERED_SAFE,241476.0,275,0.001504800,0.009108
Instances/Instances 2/rat575_06.gt,574,20.0,86400.0,PTVRP_LAYERED_SAFE,229830.0,252,0.001504600,0.009668
Instances/Instances 2/rat575_07.gt,574,20.0,86400.0,PTVRP_LAYERED_SAFE,240093.0,265,0.001471900,0.008531
Instances/Instances 2/rat575_08.gt,574,20.0,86400.0,PTVRP_LAYERED_SAFE,237577.0,264,0.001500400,0.009183
Instances/Instances 2/rat575_09.gt,574,20.0,86400.0,PTVRP_LAYERED_SAFE,231237.0,253,0.001551100,0.008679
Instances/Instances 2/rat575_10.gt,574,20.0,86400.0,PTVRP_LAYERED_SAFE,238829.0,273,0.001490000,0.008826
Instances/Instances 2/rat783_01.gt,782,20.0,86400.0,PTVRP_LAYERED_SAFE,373979.0,335,0.002167700,0.009436
Instances/Instances 2/rat783_02.gt,782,20.0,86400.0,PTVRP_LAYERED_SAFE,362745.0,344,0.002126200,0.008455
Instances/Instances 2/rat783_03.gt,782,20.0,86400.0,PTVRP_LAYERED_SAFE,373525.0,328,0.002108700,0.010024
Instances/Instances 2/rat783_04.gt,782,20.0,86400.0,PTVRP_LAYERED_SAFE,364461.0,332,0.002131300,0.010637
Instances/Instances 2/rat783_05.gt,782,20.0,86400.0,PTVRP_LAYERED_SAFE,371661.0,322,0.002109600,0.011274
Instances/Instances 2/rat783_06.gt,782,20.0,86400.0,PTVRP_LAYERED_SAFE,372016.0,329,0.002121300,0.008926
Instances/Instances 2/rat783_07.gt,782,20.0,86400.0,PTVRP_LAYERED_SAFE,373490.0,339,0.002129400,0.008753
Instances/Instances 2/rat783_08.gt,782,20.0,86400.0,PTVRP_LAYERED_SAFE,363212.0,342,0.002116600,0.010136
Instances/Instances 2/rat783_09.gt,782,20.0,86400.0,PTVRP_LAYERED_SAFE,369314.0,316,0.002109900,0.010262
Instances/Instances 2/rat783_10.gt,782,20.0,86400.0,PTVRP_LAYERED_SAFE,373809.0,351,0.002161900,0.010213
Instances/Instances 2/rat99_01.gt,98,20.0,86400.0,PTVRP_LAYERED_SAFE,16503.0,57,0.000166400,0.007468
Instances/Instances 2/rat99_02.gt,98,20.0,86400.0,PTVRP_LAYERED_SAFE,16698.0,59,0.000164600,0.00707
Instances/Instances 2/rat99_03.gt,98,20.0,86400.0,PTVRP_LAYERED_SAFE,19043.0,55,0.000175800,0.006887
Instances/Instances 2/rat99_04.gt,98,20.0,86400.0,PTVRP_LAYERED_SAFE,19667.0,53,0.000167200,0.006445
Instances/Instances 2/rat99_05.gt,98,20.0,86400.0,PTVRP_LAYERED_SAFE,17139.0,51,0.000171200,0.007314
Instances/Instances 2/rat99_06.gt,98,20.0,86400.0,PTVRP_LAYERED_SAFE,19685.0,54,0.000175100,0.00778
Instances/Instances 2/rat99_07.gt,98,20.0,86400.0,PTVRP_LAYERED_SAFE,19017.0,58,0.000165900,0.007205
Instances/Instances 2/rat99_08.gt,98,20.0,86400.0,PTVRP_LAYERED_SAFE,18759.0,57,0.000171500,0.006587
Instances/Instances 2/rat99_09.gt,98,20.0,86400.0,PTVRP_LAYERED_SAFE,19984.0,55,0.000175100,0.007376
Instances/Instances 2/rat99_10.gt,98,20.0,86400.0,PTVRP_LAYERED_SAFE,16893.0,58,0.000164000,0.006718
Instances/Instances 2/rd100_01.gt,99,20.0,86400.0,PTVRP_LAYERED_SAFE,107009.0,50,0.000102900,0.006223
Instances/Instances 2/rd100_02.gt,99,20.0,86400.0,PTVRP_LAYERED_SAFE,114753.0,54,0.000101500,0.005281
Instances/Instances 2/rd100_03.gt,99,20.0,86400.0,PTVRP_LAYERED_SAFE,126240.0,53,0.000103500,0.004886
Instances/Instances 2/rd100_04.gt,99,20.0,86400.0,PTVRP_LAYERED_SAFE,123072.0,51,0.000099000,0.005865
Instances/Instances 2/rd100_05.gt,99,20.0,86400.0,PTVRP_LAYERED_SAFE,121979.0,54,0.000104500,0.005457
Instances/Instances 2/rd100_06.gt,99,20.0,86400.0,PTVRP_LAYERED_SAFE,128855.0,54,0.000102200,0.005533
Instances/Instances 2/rd100_07.gt,99,20.0,86400.0,PTVRP_LAYERED_SAFE,127747.0,55,0.000100900,0.005762
Instances/Instances 2/rd100_08.gt,99,20.0,86400.0,PTVRP_LAYERED_SAFE,127958.0,59,0.000104400,0.006997
Instances/Instances 2/rd100_09.gt,99,20.0,86400.0,PTVRP_LAYERED_SAFE,127965.0,52,0.000108600,0.006971
Instances/Instances 2/rd100_10.gt,99,20.0,86400.0,PTVRP_LAYERED_SAFE,106914.0,55,0.000111400,0.006369
Instances/Instances 2/rd400_01.gt,399,20.0,86400.0,PTVRP_LAYERED_SAFE,442893.0,194,0.000606200,0.007646
Instances/Instances 2/rd400_02.gt,399,20.0,86400.0,PTVRP_LAYERED_SAFE,434910.0,199,0.000658700,0.007024
Instances/Instances 2/rd400_03.gt,399,20.0,86400.0,PTVRP_LAYERED_SAFE,442789.0,184,0.000595800,0.006262
Instances/Instances 2/rd400_04.gt,399,20.0,86400.0,PTVRP_LAYERED_SAFE,425893.0,184,0.000602600,0.006055
Instances/Instances 2/rd400_05.gt,399,20.0,86400.0,PTVRP_LAYERED_SAFE,464395.0,188,0.000615000,0.006163
Instances/Instances 2/rd400_06.gt,399,20.0,86400.0,PTVRP_LAYERED_SAFE,441987.0,181,0.000595600,0.006158
Instances/Instances 2/rd400_07.gt,399,20.0,86400.0,PTVRP_LAYERED_SAFE,453152.0,181,0.000598600,0.006978
Instances/Instances 2/rd400_08.gt,399,20.0,86400.0,PTVRP_LAYERED_SAFE,456541.0,182,0.000605400,0.006652
Instances/Instances 2/rd400_09.gt,399,20.0,86400.0,PTVRP_LAYERED_SAFE,438132.0,185,0.000629000,0.006994
Instances/Instances 2/rd400_10.gt,399,20.0,86400.0,PTVRP_LAYERED_SAFE,434207.0,201,0.000620200,0.007759
Instances/Instances 2/rl11849_01.gt,11848,20.0,86400.0,PTVRP_LAYERED_SAFE,171385867.0,4564,0.007837800,0.021628
Instances/Instances 2/rl11849_02.gt,11848,20.0,86400.0,PTVRP_LAYERED_SAFE,173031497.0,4599,0.007749200,0.023808
Instances/Instances 2/rl11849_03.gt,11848,20.0,86400.0,PTVRP_LAYERED_SAFE,172895095.0,4640,0.007709000,0.024606
Instances/Instances 2/rl11849_04.gt,11848,20.0,86400.0,PTVRP_LAYERED_SAFE,172025814.0,4599,0.007772700,0.024054
Instances/Instances 2/rl11849_05.gt,11848,20.0,86400.0,PTVRP_LAYERED_SAFE,174319743.0,4625,0.007731900,0.026558
Instances/Instances 2/rl11849_06.gt,11848,20.0,86400.0,PTVRP_LAYERED_SAFE,171465839.0,4579,0.007752500,0.022353
Instances/Instances 2/rl11849_07.gt,11848,20.0,86400.0,PTVRP_LAYERED_SAFE,171756795.0,4577,0.007685200,0.022098
Instances/Instances 2/rl11849_08.gt,11848,20.0,86400.0,PTVRP_LAYERED_SAFE,170491759.0,4570,0.007978500,0.02573
Instances/Instances 2/rl11849_09.gt,11848,20.0,86400.0,PTVRP_LAYERED_SAFE,171735237.0,4610,0.007681400,0.025979
Instances/Instances 2/rl11849_10.gt,11848,20.0,86400.0,PTVRP_LAYERED_SAFE,172077577.0,4594,0.007694900,0.022824
Instances/Instances 2/rl1304_01.gt,1303,20.0,86400.0,PTVRP_LAYERED_SAFE,18841723.0,580,0.000707300,0.009716
Instances/Instances 2/rl1304_02.gt,1303,20.0,86400.0,PTVRP_LAYERED_SAFE,19139564.0,568,0.000712600,0.008139
Instances/Instances 2/rl1304_03.gt,1303,20.0,86400.0,PTVRP_LAYERED_SAFE,19282011.0,568,0.000717100,0.007513
Instances/Instances 2/rl1304_04.gt,1303,20.0,86400.0,PTVRP_LAYERED_SAFE,18549178.0,548,0.000728100,0.007697
Instances/Instances 2/rl1304_05.gt,1303,20.0,86400.0,PTVRP_LAYERED_SAFE,19084314.0,558,0.000990800,0.00884
Instances/Instances 2/rl1304_06.gt,1303,20.0,86400.0,PTVRP_LAYERED_SAFE,18619879.0,542,0.000750800,0.007673
Instances/Instances 2/rl1304_07.gt,1303,20.0,86400.0,PTVRP_LAYERED_SAFE,18964091.0,571,0.000714900,0.007513
Instances/Instances 2/rl1304_08.gt,1303,20.0,86400.0,PTVRP_LAYERED_SAFE,19031367.0,560,0.000707400,0.006994
Instances/Instances 2/rl1304_09.gt,1303,20.0,86400.0,PTVRP_LAYERED_SAFE,19545017.0,590,0.000711600,0.008742
Instances/Instances 2/rl1304_10.gt,1303,20.0,86400.0,PTVRP_LAYERED_SAFE,18969604.0,555,0.000705800,0.008808
Instances/Instances 2/rl1323_01.gt,1322,20.0,86400.0,PTVRP_LAYERED_SAFE,20770192.0,558,0.000670900,0.0078
Instances/Instances 2/rl1323_02.gt,1322,20.0,86400.0,PTVRP_LAYERED_SAFE,19699766.0,552,0.000688000,0.008477
Instances/Instances 2/rl1323_03.gt,1322,20.0,86400.0,PTVRP_LAYERED_SAFE,19735787.0,551,0.000686500,0.008938
Instances/Instances 2/rl1323_04.gt,1322,20.0,86400.0,PTVRP_LAYERED_SAFE,19850592.0,592,0.000691500,0.008178
Instances/Instances 2/rl1323_05.gt,1322,20.0,86400.0,PTVRP_LAYERED_SAFE,19888821.0,551,0.000683100,0.008467
Instances/Instances 2/rl1323_06.gt,1322,20.0,86400.0,PTVRP_LAYERED_SAFE,19912518.0,568,0.000683800,0.007941
Instances/Instances 2/rl1323_07.gt,1322,20.0,86400.0,PTVRP_LAYERED_SAFE,20063143.0,596,0.000686800,0.007605
Instances/Instances 2/rl1323_08.gt,1322,20.0,86400.0,PTVRP_LAYERED_SAFE,19909984.0,589,0.000691400,0.007704
Instances/Instances 2/rl1323_09.gt,1322,20.0,86400.0,PTVRP_LAYERED_SAFE,19854660.0,551,0.000689700,0.007814
Instances/Instances 2/rl1323_10.gt,1322,20.0,86400.0,PTVRP_LAYERED_SAFE,20589182.0,582,0.000701200,0.007684
Instances/Instances 2/rl1889_01.gt,1888,20.0,86400.0,PTVRP_LAYERED_SAFE,30137720.0,789,0.000967800,0.009016
Instances/Instances 2/rl1889_02.gt,1888,20.0,86400.0,PTVRP_LAYERED_SAFE,30029449.0,795,0.000966800,0.009112
Instances/Instances 2/rl1889_03.gt,1888,20.0,86400.0,PTVRP_LAYERED_SAFE,30498623.0,795,0.000971200,0.009672
Instances/Instances 2/rl1889_04.gt,1888,20.0,86400.0,PTVRP_LAYERED_SAFE,30392815.0,797,0.000978700,0.009984
Instances/Instances 2/rl1889_05.gt,1888,20.0,86400.0,PTVRP_LAYERED_SAFE,30730885.0,819,0.000971000,0.009174
Instances/Instances 2/rl1889_06.gt,1888,20.0,86400.0,PTVRP_LAYERED_SAFE,30377145.0,803,0.001002300,0.008866
Instances/Instances 2/rl1889_07.gt,1888,20.0,86400.0,PTVRP_LAYERED_SAFE,30931729.0,812,0.000968600,0.009544
Instances/Instances 2/rl1889_08.gt,1888,20.0,86400.0,PTVRP_LAYERED_SAFE,30117798.0,793,0.000993000,0.010548
Instances/Instances 2/rl1889_09.gt,1888,20.0,86400.0,PTVRP_LAYERED_SAFE,30520490.0,786,0.000980200,0.008624
Instances/Instances 2/rl1889_10.gt,1888,20.0,86400.0,PTVRP_LAYERED_SAFE,30514984.0,826,0.001016800,0.009045
Instances/Instances 2/rl5915_01.gt,5914,20.0,86400.0,PTVRP_LAYERED_SAFE,83146568.0,2270,0.003540300,0.014665
Instances/Instances 2/rl5915_02.gt,5914,20.0,86400.0,PTVRP_LAYERED_SAFE,84106777.0,2262,0.003560700,0.015476
Instances/Instances 2/rl5915_03.gt,5914,20.0,86400.0,PTVRP_LAYERED_SAFE,85380535.0,2355,0.003519700,0.015718
Instances/Instances 2/rl5915_04.gt,5914,20.0,86400.0,PTVRP_LAYERED_SAFE,84244193.0,2312,0.003556600,0.015537
Instances/Instances 2/rl5915_05.gt,5914,20.0,86400.0,PTVRP_LAYERED_SAFE,84434909.0,2316,0.003554500,0.015087
Instances/Instances 2/rl5915_06.gt,5914,20.0,86400.0,PTVRP_LAYERED_SAFE,85259782.0,2314,0.003521100,0.016449
Instances/Instances 2/rl5915_07.gt,5914,20.0,86400.0,PTVRP_LAYERED_SAFE,83033370.0,2273,0.003534200,0.01432
Instances/Instances 2/rl5915_08.gt,5914,20.0,86400.0,PTVRP_LAYERED_SAFE,84923141.0,2359,0.003566700,0.014732
Instances/Instances 2/rl5915_09.gt,5914,20.0,86400.0,PTVRP_LAYERED_SAFE,83988831.0,2325,0.003557100,0.015585
Instances/Instances 2/rl5915_10.gt,5914,20.0,86400.0,PTVRP_LAYERED_SAFE,84554193.0,2278,0.003541000,0.016153
Instances/Instances 2/rl5934_01.gt,5933,20.0,86400.0,PTVRP_LAYERED_SAFE,84169002.0,2339,0.003707400,0.015697
Instances/Instances 2/rl5934_02.gt,5933,20.0,86400.0,PTVRP_LAYERED_SAFE,83602771.0,2376,0.003716200,0.014773
Instances/Instances 2/rl5934_03.gt,5933,20.0,86400.0,PTVRP_LAYERED_SAFE,83317175.0,2322,0.003792300,0.015567
Instances/Instances 2/rl5934_04.gt,5933,20.0,86400.0,PTVRP_LAYERED_SAFE,84493612.0,2382,0.003697900,0.015652
Instances/Instances 2/rl5934_05.gt,5933,20.0,86400.0,PTVRP_LAYERED_SAFE,83077048.0,2319,0.003759300,0.015859
Instances/Instances 2/rl5934_06.gt,5933,20.0,86400.0,PTVRP_LAYERED_SAFE,83817739.0,2322,0.003734100,0.016681
Instances/Instances 2/rl5934_07.gt,5933,20.0,86400.0,PTVRP_LAYERED_SAFE,84257474.0,2338,0.003699000,0.015652
Instances/Instances 2/rl5934_08.gt,5933,20.0,86400.0,PTVRP_LAYERED_SAFE,83745960.0,2369,0.003726600,0.015031
Instances/Instances 2/rl5934_09.gt,5933,20.0,86400.0,PTVRP_LAYERED_SAFE,83387390.0,2306,0.003715700,0.01362
Instances/Instances 2/rl5934_10.gt,5933,20.0,86400.0,PTVRP_LAYERED_SAFE,84434454.0,2320,0.003710900,0.01409
Instances/Instances 2/rw1621_01.gt,1620,20.0,86400.0,PTVRP_LAYERED_SAFE,2391345.0,553,0.003437900,0.012159
Instances/Instances 2/rw1621_02.gt,1620,20.0,86400.0,PTVRP_LAYERED_SAFE,2345740.0,543,0.003430600,0.011261
Instances/Instances 2/rw1621_03.gt,1620,20.0,86400.0,PTVRP_LAYERED_SAFE,2336815.0,535,0.003418400,0.012101
Instances/Instances 2/rw1621_04.gt,1620,20.0,86400.0,PTVRP_LAYERED_SAFE,2395601.0,544,0.003407200,0.010115
Instances/Instances 2/rw1621_05.gt,1620,20.0,86400.0,PTVRP_LAYERED_SAFE,2365160.0,532,0.003468600,0.010738
Instances/Instances 2/rw1621_06.gt,1620,20.0,86400.0,PTVRP_LAYERED_SAFE,2349905.0,538,0.003465500,0.012551
Instances/Instances 2/rw1621_07.gt,1620,20.0,86400.0,PTVRP_LAYERED_SAFE,2333904.0,532,0.003442600,0.011904
Instances/Instances 2/rw1621_08.gt,1620,20.0,86400.0,PTVRP_LAYERED_SAFE,2354681.0,543,0.003470700,0.012253
Instances/Instances 2/rw1621_09.gt,1620,20.0,86400.0,PTVRP_LAYERED_SAFE,2386590.0,548,0.003467400,0.010684
Instances/Instances 2/rw1621_10.gt,1620,20.0,86400.0,PTVRP_LAYERED_SAFE,2314082.0,522,0.003461300,0.01118
Instances/Instances 2/st70_01.gt,69,20.0,86400.0,PTVRP_LAYERED_SAFE,7414.0,41,0.000096300,0.008596
Instances/Instances 2/st70_02.gt,69,20.0,86400.0,PTVRP_LAYERED_SAFE,8001.0,41,0.000100100,0.008156
Instances/Instances 2/st70_03.gt,69,20.0,86400.0,PTVRP_LAYERED_SAFE,8201.0,38,0.000105800,0.007967
Instances/Instances 2/st70_04.gt,69,20.0,86400.0,PTVRP_LAYERED_SAFE,7794.0,40,0.000102100,0.006379
Instances/Instances 2/st70_05.gt,69,20.0,86400.0,PTVRP_LAYERED_SAFE,8613.0,46,0.000105600,0.007296
Instances/Instances 2/st70_06.gt,69,20.0,86400.0,PTVRP_LAYERED_SAFE,7912.0,39,0.000103700,0.007387
Instances/Instances 2/st70_07.gt,69,20.0,86400.0,PTVRP_LAYERED_SAFE,7519.0,45,0.000104100,0.00536
Instances/Instances 2/st70_08.gt,69,20.0,86400.0,PTVRP_LAYERED_SAFE,8409.0,45,0.000100200,0.005688
Instances/Instances 2/st70_09.gt,69,20.0,86400.0,PTVRP_LAYERED_SAFE,8576.0,35,0.000107200,0.006813
Instances/Instances 2/st70_10.gt,69,20.0,86400.0,PTVRP_LAYERED_SAFE,7702.0,43,0.000096800,0.006302
Instances/Instances 2/sw24978_01.gt,24977,20.0,86400.0,PTVRP_LAYERED_SAFE,216192004.0,7551,0.026005000,0.044618
Instances/Instances 2/sw24978_02.gt,24977,20.0,86400.0,PTVRP_LAYERED_SAFE,215776977.0,7551,0.025944300,0.052769
Instances/Instances 2/sw24978_03.gt,24977,20.0,86400.0,PTVRP_LAYERED_SAFE,215946893.0,7454,0.025609100,0.051012
Instances/Instances 2/sw24978_04.gt,24977,20.0,86400.0,PTVRP_LAYERED_SAFE,217284219.0,7519,0.026569500,0.053424
Instances/Instances 2/sw24978_05.gt,24977,20.0,86400.0,PTVRP_LAYERED_SAFE,213948099.0,7447,0.025977699,0.054303
Instances/Instances 2/sw24978_06.gt,24977,20.0,86400.0,PTVRP_LAYERED_SAFE,217919768.0,7357,0.025923700,0.050969
Instances/Instances 2/sw24978_07.gt,24977,20.0,86400.0,PTVRP_LAYERED_SAFE,216165836.0,7553,0.025584600,0.053365
Instances/Instances 2/sw24978_08.gt,24977,20.0,86400.0,PTVRP_LAYERED_SAFE,215549520.0,7504,0.026903800,0.052239
Instances/Instances 2/sw24978_09.gt,24977,20.0,86400.0,PTVRP_LAYERED_SAFE,216207311.0,7406,0.025890500,0.049189
Instances/Instances 2/sw24978_10.gt,24977,20.0,86400.0,PTVRP_LAYERED_SAFE,216718697.0,7436,0.026531400,0.051976
Instances/Instances 2/ts225_01.gt,224,20.0,86400.0,PTVRP_LAYERED_SAFE,3372707.0,116,0.000094000,0.010221
Instances/Instances 2/ts225_02.gt,224,20.0,86400.0,PTVRP_LAYERED_SAFE,3748470.0,118,0.000090400,0.006704
Instances/Instances 2/ts225_03.gt,224,20.0,86400.0,PTVRP_LAYERED_SAFE,3371946.0,111,0.000093900,0.005627
Instances/Instances 2/ts225_04.gt,224,20.0,86400.0,PTVRP_LAYERED_SAFE,3545039.0,121,0.000093500,0.006031
Instances/Instances 2/ts225_05.gt,224,20.0,86400.0,PTVRP_LAYERED_SAFE,3415885.0,119,0.000092400,0.006501
Instances/Instances 2/ts225_06.gt,224,20.0,86400.0,PTVRP_LAYERED_SAFE,3230129.0,101,0.000094400,0.005592
Instances/Instances 2/ts225_07.gt,224,20.0,86400.0,PTVRP_LAYERED_SAFE,3149938.0,107,0.000093300,0.006256
Instances/Instances 2/ts225_08.gt,224,20.0,86400.0,PTVRP_LAYERED_SAFE,3304624.0,111,0.000092200,0.006375
Instances/Instances 2/ts225_09.gt,224,20.0,86400.0,PTVRP_LAYERED_SAFE,3430212.0,115,0.000092200,0.006723
Instances/Instances 2/ts225_10.gt,224,20.0,86400.0,PTVRP_LAYERED_SAFE,3402079.0,122,0.000092000,0.008173
Instances/Instances 2/tsp225_01.gt,224,20.0,86400.0,PTVRP_LAYERED_SAFE,86922.0,102,0.000456800,0.006703
Instances/Instances 2/tsp225_02.gt,224,20.0,86400.0,PTVRP_LAYERED_SAFE,97798.0,118,0.000453600,0.007844
Instances/Instances 2/tsp225_03.gt,224,20.0,86400.0,PTVRP_LAYERED_SAFE,84826.0,122,0.000463600,0.007
Instances/Instances 2/tsp225_04.gt,224,20.0,86400.0,PTVRP_LAYERED_SAFE,92291.0,127,0.000457600,0.008418
Instances/Instances 2/tsp225_05.gt,224,20.0,86400.0,PTVRP_LAYERED_SAFE,90043.0,113,0.000457600,0.007149
Instances/Instances 2/tsp225_06.gt,224,20.0,86400.0,PTVRP_LAYERED_SAFE,82844.0,114,0.000456700,0.006621
Instances/Instances 2/tsp225_07.gt,224,20.0,86400.0,PTVRP_LAYERED_SAFE,80454.0,112,0.000459900,0.007587
Instances/Instances 2/tsp225_08.gt,224,20.0,86400.0,PTVRP_LAYERED_SAFE,86411.0,113,0.000455800,0.006491
Instances/Instances 2/tsp225_09.gt,224,20.0,86400.0,PTVRP_LAYERED_SAFE,88603.0,116,0.000481100,0.006797
Instances/Instances 2/tsp225_10.gt,224,20.0,86400.0,PTVRP_LAYERED_SAFE,88679.0,112,0.000468700,0.006942
Instances/Instances 2/tz6117_01.gt,6116,20.0,86400.0,PTVRP_LAYERED_SAFE,60869139.0,2046,0.004955100,0.013611
Instances/Instances 2/tz6117_02.gt,6116,20.0,86400.0,PTVRP_LAYERED_SAFE,62122181.0,2109,0.004758500,0.016816
Instances/Instances 2/tz6117_03.gt,6116,20.0,86400.0,PTVRP_LAYERED_SAFE,61444518.0,2028,0.004876500,0.016541
Instances/Instances 2/tz6117_04.gt,6116,20.0,86400.0,PTVRP_LAYERED_SAFE,62026420.0,2037,0.004839400,0.015874
Instances/Instances 2/tz6117_05.gt,6116,20.0,86400.0,PTVRP_LAYERED_SAFE,60352701.0,2003,0.004850799,0.016317
Instances/Instances 2/tz6117_06.gt,6116,20.0,86400.0,PTVRP_LAYERED_SAFE,62026603.0,2050,0.004861600,0.017634
Instances/Instances 2/tz6117_07.gt,6116,20.0,86400.0,PTVRP_LAYERED_SAFE,61598615.0,2060,0.004785800,0.017237
Instances/Instances 2/tz6117_08.gt,6116,20.0,86400.0,PTVRP_LAYERED_SAFE,60967364.0,2006,0.004930800,0.018251
Instances/Instances 2/tz6117_09.gt,6116,20.0,86400.0,PTVRP_LAYERED_SAFE,60901269.0,2042,0.004854100,0.017244
Instances/Instances 2/tz6117_10.gt,6116,20.0,86400.0,PTVRP_LAYERED_SAFE,61121943.0,2012,0.004871200,0.015946
Instances/Instances 2/u1060_01.gt,1059,20.0,86400.0,PTVRP_LAYERED_SAFE,13870350.0,470,0.000565400,0.007938
Instances/Instances 2/u1060_02.gt,1059,20.0,86400.0,PTVRP_LAYERED_SAFE,13760289.0,459,0.000567400,0.007219
Instances/Instances 2/u1060_03.gt,1059,20.0,86400.0,PTVRP_LAYERED_SAFE,13852243.0,445,0.000564600,0.007108
Instances/Instances 2/u1060_04.gt,1059,20.0,86400.0,PTVRP_LAYERED_SAFE,13986545.0,447,0.000567100,0.006614
Instances/Instances 2/u1060_05.gt,1059,20.0,86400.0,PTVRP_LAYERED_SAFE,13716105.0,449,0.000561600,0.007583
Instances/Instances 2/u1060_06.gt,1059,20.0,86400.0,PTVRP_LAYERED_SAFE,13753742.0,461,0.000562800,0.007581
Instances/Instances 2/u1060_07.gt,1059,20.0,86400.0,PTVRP_LAYERED_SAFE,13567504.0,469,0.000562700,0.007424
Instances/Instances 2/u1060_08.gt,1059,20.0,86400.0,PTVRP_LAYERED_SAFE,13771723.0,466,0.000561000,0.007925
Instances/Instances 2/u1060_09.gt,1059,20.0,86400.0,PTVRP_LAYERED_SAFE,13601824.0,445,0.000562200,0.006902
Instances/Instances 2/u1060_10.gt,1059,20.0,86400.0,PTVRP_LAYERED_SAFE,13915840.0,479,0.000562100,0.007341
Instances/Instances 2/u1432_01.gt,1431,20.0,86400.0,PTVRP_LAYERED_SAFE,7772481.0,574,0.001193300,0.007794
Instances/Instances 2/u1432_02.gt,1431,20.0,86400.0,PTVRP_LAYERED_SAFE,8132376.0,552,0.001190200,0.008252
Instances/Instances 2/u1432_03.gt,1431,20.0,86400.0,PTVRP_LAYERED_SAFE,7945782.0,585,0.001201300,0.007769
Instances/Instances 2/u1432_04.gt,1431,20.0,86400.0,PTVRP_LAYERED_SAFE,7970819.0,559,0.001210000,0.008163
Instances/Instances 2/u1432_05.gt,1431,20.0,86400.0,PTVRP_LAYERED_SAFE,8107144.0,574,0.001209400,0.00962
Instances/Instances 2/u1432_06.gt,1431,20.0,86400.0,PTVRP_LAYERED_SAFE,8099615.0,566,0.001197700,0.008903
Instances/Instances 2/u1432_07.gt,1431,20.0,86400.0,PTVRP_LAYERED_SAFE,8168845.0,593,0.001228000,0.009999
Instances/Instances 2/u1432_08.gt,1431,20.0,86400.0,PTVRP_LAYERED_SAFE,8111613.0,572,0.001208900,0.011068
Instances/Instances 2/u1432_09.gt,1431,20.0,86400.0,PTVRP_LAYERED_SAFE,8187961.0,586,0.001184200,0.009768
Instances/Instances 2/u1432_10.gt,1431,20.0,86400.0,PTVRP_LAYERED_SAFE,8113847.0,595,0.001201600,0.010111
Instances/Instances 2/u159_01.gt,158,20.0,86400.0,PTVRP_LAYERED_SAFE,1025901.0,76,0.000099800,0.008389
Instances/Instances 2/u159_02.gt,158,20.0,86400.0,PTVRP_LAYERED_SAFE,951395.0,82,0.000098400,0.00637
Instances/Instances 2/u159_03.gt,158,20.0,86400.0,PTVRP_LAYERED_SAFE,885393.0,86,0.000100200,0.005345
Instances/Instances 2/u159_04.gt,158,20.0,86400.0,PTVRP_LAYERED_SAFE,909853.0,70,0.000104500,0.00561
Instances/Instances 2/u159_05.gt,158,20.0,86400.0,PTVRP_LAYERED_SAFE,943505.0,80,0.000101500,0.005632
Instances/Instances 2/u159_06.gt,158,20.0,86400.0,PTVRP_LAYERED_SAFE,832112.0,70,0.000102300,0.007053
Instances/Instances 2/u159_07.gt,158,20.0,86400.0,PTVRP_LAYERED_SAFE,954499.0,86,0.000097800,0.007194
Instances/Instances 2/u159_08.gt,158,20.0,86400.0,PTVRP_LAYERED_SAFE,984192.0,74,0.000097800,0.006776
Instances/Instances 2/u159_09.gt,158,20.0,86400.0,PTVRP_LAYERED_SAFE,954241.0,77,0.000100700,0.007432
Instances/Instances 2/u159_10.gt,158,20.0,86400.0,PTVRP_LAYERED_SAFE,970410.0,73,0.000101000,0.007725
Instances/Instances 2/u1817_01.gt,1816,20.0,86400.0,PTVRP_LAYERED_SAFE,4252091.0,658,0.002829700,0.010333
Instances/Instances 2/u1817_02.gt,1816,20.0,86400.0,PTVRP_LAYERED_SAFE,4240676.0,668,0.002824200,0.010444
Instances/Instances 2/u1817_03.gt,1816,20.0,86400.0,PTVRP_LAYERED_SAFE,4236344.0,675,0.002815100,0.011069
Instances/Instances 2/u1817_04.gt,1816,20.0,86400.0,PTVRP_LAYERED_SAFE,4361150.0,659,0.002797100,0.011358
Instances/Instances 2/u1817_05.gt,1816,20.0,86400.0,PTVRP_LAYERED_SAFE,4243549.0,642,0.002779100,0.012701
Instances/Instances 2/u1817_06.gt,1816,20.0,86400.0,PTVRP_LAYERED_SAFE,4212711.0,661,0.002820500,0.012351
Instances/Instances 2/u1817_07.gt,1816,20.0,86400.0,PTVRP_LAYERED_SAFE,4294253.0,655,0.002859600,0.011928
Instances/Instances 2/u1817_08.gt,1816,20.0,86400.0,PTVRP_LAYERED_SAFE,4237097.0,673,0.002823900,0.012446
Instances/Instances 2/u1817_09.gt,1816,20.0,86400.0,PTVRP_LAYERED_SAFE,4240644.0,683,0.002873500,0.011338
Instances/Instances 2/u1817_10.gt,1816,20.0,86400.0,PTVRP_LAYERED_SAFE,4246557.0,650,0.002830400,0.010579
Instances/Instances 2/u2152_01.gt,2151,20.0,86400.0,PTVRP_LAYERED_SAFE,5069364.0,776,0.003441700,0.012769
Instances/Instances 2/u2152_02.gt,2151,20.0,86400.0,PTVRP_LAYERED_SAFE,5090787.0,768,0.003400500,0.013001
Instances/Instances 2/u2152_03.gt,2151,20.0,86400.0,PTVRP_LAYERED_SAFE,5128013.0,776,0.003422800,0.01357
Instances/Instances 2/u2152_04.gt,2151,20.0,86400.0,PTVRP_LAYERED_SAFE,5077847.0,783,0.003402800,0.014347
Instances/Instances 2/u2152_05.gt,2151,20.0,86400.0,PTVRP_LAYERED_SAFE,5046396.0,796,0.003428400,0.012139
Instances/Instances 2/u2152_06.gt,2151,20.0,86400.0,PTVRP_LAYERED_SAFE,5111368.0,766,0.003415600,0.012477
Instances/Instances 2/u2152_07.gt,2151,20.0,86400.0,PTVRP_LAYERED_SAFE,5106143.0,755,0.003414500,0.012998
Instances/Instances 2/u2152_08.gt,2151,20.0,86400.0,PTVRP_LAYERED_SAFE,5074650.0,756,0.003412500,0.012812
Instances/Instances 2/u2152_09.gt,2151,20.0,86400.0,PTVRP_LAYERED_SAFE,5035489.0,787,0.003420800,0.012736
Instances/Instances 2/u2152_10.gt,2151,20.0,86400.0,PTVRP_LAYERED_SAFE,5134528.0,782,0.003405700,0.013252
Instances/Instances 2/u2319_01.gt,2318,20.0,86400.0,PTVRP_LAYERED_SAFE,12257919.0,917,0.002077600,0.010463
Instances/Instances 2/u2319_02.gt,2318,20.0,86400.0,PTVRP_LAYERED_SAFE,12290127.0,937,0.002055700,0.011776
Instances/Instances 2/u2319_03.gt,2318,20.0,86400.0,PTVRP_LAYERED_SAFE,12225779.0,941,0.002037600,0.010716
Instances/Instances 2/u2319_04.gt,2318,20.0,86400.0,PTVRP_LAYERED_SAFE,12331550.0,950,0.002039300,0.012897
Instances/Instances 2/u2319_05.gt,2318,20.0,86400.0,PTVRP_LAYERED_SAFE,12027767.0,936,0.002013500,0.012676
Instances/Instances 2/u2319_06.gt,2318,20.0,86400.0,PTVRP_LAYERED_SAFE,12273892.0,919,0.002017400,0.011259
Instances/Instances 2/u2319_07.gt,2318,20.0,86400.0,PTVRP_LAYERED_SAFE,12191228.0,932,0.002043700,0.01143
Instances/Instances 2/u2319_08.gt,2318,20.0,86400.0,PTVRP_LAYERED_SAFE,12334476.0,946,0.002023200,0.010925
Instances/Instances 2/u2319_09.gt,2318,20.0,86400.0,PTVRP_LAYERED_SAFE,12354447.0,941,0.002031200,0.011243
Instances/Instances 2/u2319_10.gt,2318,20.0,86400.0,PTVRP_LAYERED_SAFE,12309912.0,927,0.002048200,0.011885
Instances/Instances 2/u574_01.gt,573,20.0,86400.0,PTVRP_LAYERED_SAFE,1434352.0,249,0.000668900,0.007903
Instances/Instances 2/u574_02.gt,573,20.0,86400.0,PTVRP_LAYERED_SAFE,1425860.0,271,0.000668700,0.00826
Instances/Instances 2/u574_03.gt,573,20.0,86400.0,PTVRP_LAYERED_SAFE,1357613.0,264,0.000682700,0.007122
Instances/Instances 2/u574_04.gt,573,20.0,86400.0,PTVRP_LAYERED_SAFE,1392639.0,245,0.000681000,0.007186
Instances/Instances 2/u574_05.gt,573,20.0,86400.0,PTVRP_LAYERED_SAFE,1381372.0,247,0.000681700,0.007859
Instances/Instances 2/u574_06.gt,573,20.0,86400.0,PTVRP_LAYERED_SAFE,1476267.0,239,0.000675700,0.008436
Instances/Instances 2/u574_07.gt,573,20.0,86400.0,PTVRP_LAYERED_SAFE,1411816.0,265,0.000670300,0.006889
Instances/Instances 2/u574_08.gt,573,20.0,86400.0,PTVRP_LAYERED_SAFE,1417451.0,256,0.000675300,0.007173
Instances/Instances 2/u574_09.gt,573,20.0,86400.0,PTVRP_LAYERED_SAFE,1346205.0,249,0.000689800,0.006797
Instances/Instances 2/u574_10.gt,573,20.0,86400.0,PTVRP_LAYERED_SAFE,1409795.0,253,0.000690000,0.008004
Instances/Instances 2/u724_01.gt,723,20.0,86400.0,PTVRP_LAYERED_SAFE,1805898.0,321,0.000887200,0.007543
Instances/Instances 2/u724_02.gt,723,20.0,86400.0,PTVRP_LAYERED_SAFE,1805735.0,303,0.000895000,0.007865
Instances/Instances 2/u724_03.gt,723,20.0,86400.0,PTVRP_LAYERED_SAFE,1742959.0,311,0.000893100,0.007846
Instances/Instances 2/u724_04.gt,723,20.0,86400.0,PTVRP_LAYERED_SAFE,1816240.0,290,0.000889900,0.009017
Instances/Instances 2/u724_05.gt,723,20.0,86400.0,PTVRP_LAYERED_SAFE,1856694.0,302,0.000906100,0.007651
Instances/Instances 2/u724_06.gt,723,20.0,86400.0,PTVRP_LAYERED_SAFE,1814651.0,309,0.000878900,0.008179
Instances/Instances 2/u724_07.gt,723,20.0,86400.0,PTVRP_LAYERED_SAFE,1730151.0,290,0.000901800,0.007902
Instances/Instances 2/u724_08.gt,723,20.0,86400.0,PTVRP_LAYERED_SAFE,1766716.0,298,0.000885100,0.007971
Instances/Instances 2/u724_09.gt,723,20.0,86400.0,PTVRP_LAYERED_SAFE,1847344.0,300,0.000920100,0.006728
Instances/Instances 2/u724_10.gt,723,20.0,86400.0,PTVRP_LAYERED_SAFE,1785052.0,300,0.000899600,0.007041
Instances/Instances 2/usa13509_01.gt,13508,20.0,86400.0,PTVRP_LAYERED_SAFE,NO SOLUTION,,0.000928800,0.017667
Instances/Instances 2/usa13509_02.gt,13508,20.0,86400.0,PTVRP_LAYERED_SAFE,NO SOLUTION,,0.000967100,0.017164
Instances/Instances 2/usa13509_03.gt,13508,20.0,86400.0,PTVRP_LAYERED_SAFE,NO SOLUTION,,0.000914600,0.014676
Instances/Instances 2/usa13509_04.gt,13508,20.0,86400.0,PTVRP_LAYERED_SAFE,NO SOLUTION,,0.000932300,0.015077
Instances/Instances 2/usa13509_05.gt,13508,20.0,86400.0,PTVRP_LAYERED_SAFE,NO SOLUTION,,0.000941000,0.019312
Instances/Instances 2/usa13509_06.gt,13508,20.0,86400.0,PTVRP_LAYERED_SAFE,NO SOLUTION,,0.000938000,0.017896
Instances/Instances 2/usa13509_07.gt,13508,20.0,86400.0,PTVRP_LAYERED_SAFE,NO SOLUTION,,0.000924800,0.013921
Instances/Instances 2/usa13509_08.gt,13508,20.0,86400.0,PTVRP_LAYERED_SAFE,NO SOLUTION,,0.000962700,0.016062
Instances/Instances 2/usa13509_09.gt,13508,20.0,86400.0,PTVRP_LAYERED_SAFE,NO SOLUTION,,0.000947300,0.018121
Instances/Instances 2/usa13509_10.gt,13508,20.0,86400.0,PTVRP_LAYERED_SAFE,NO SOLUTION,,0.000925600,0.018618
Instances/Instances 2/uy734_01.gt,733,20.0,86400.0,PTVRP_LAYERED_SAFE,3323235.0,303,0.000655800,0.008608
Instances/Instances 2/uy734_02.gt,733,20.0,86400.0,PTVRP_LAYERED_SAFE,3522264.0,305,0.000650600,0.007108
Instances/Instances 2/uy734_03.gt,733,20.0,86400.0,PTVRP_LAYERED_SAFE,3380518.0,304,0.000676500,0.007407
Instances/Instances 2/uy734_04.gt,733,20.0,86400.0,PTVRP_LAYERED_SAFE,3406459.0,307,0.000648600,0.007726
Instances/Instances 2/uy734_05.gt,733,20.0,86400.0,PTVRP_LAYERED_SAFE,3349271.0,298,0.000652200,0.007045
Instances/Instances 2/uy734_06.gt,733,20.0,86400.0,PTVRP_LAYERED_SAFE,3416362.0,305,0.000652100,0.007615
Instances/Instances 2/uy734_07.gt,733,20.0,86400.0,PTVRP_LAYERED_SAFE,3377940.0,305,0.000650100,0.007792
Instances/Instances 2/uy734_08.gt,733,20.0,86400.0,PTVRP_LAYERED_SAFE,3461662.0,307,0.000646600,0.00758
Instances/Instances 2/uy734_09.gt,733,20.0,86400.0,PTVRP_LAYERED_SAFE,3422421.0,303,0.000656600,0.007651
Instances/Instances 2/uy734_10.gt,733,20.0,86400.0,PTVRP_LAYERED_SAFE,3384784.0,300,0.000656400,0.007375
Instances/Instances 2/vm1084_01.gt,1083,20.0,86400.0,PTVRP_LAYERED_SAFE,17941763.0,472,0.000499900,0.008824
Instances/Instances 2/vm1084_02.gt,1083,20.0,86400.0,PTVRP_LAYERED_SAFE,17871874.0,498,0.000516700,0.008101
Instances/Instances 2/vm1084_03.gt,1083,20.0,86400.0,PTVRP_LAYERED_SAFE,17739421.0,483,0.000504100,0.006134
Instances/Instances 2/vm1084_04.gt,1083,20.0,86400.0,PTVRP_LAYERED_SAFE,17545103.0,482,0.000501100,0.006514
Instances/Instances 2/vm1084_05.gt,1083,20.0,86400.0,PTVRP_LAYERED_SAFE,17833855.0,482,0.000501100,0.006968
Instances/Instances 2/vm1084_06.gt,1083,20.0,86400.0,PTVRP_LAYERED_SAFE,17540137.0,493,0.000503600,0.007847
Instances/Instances 2/vm1084_07.gt,1083,20.0,86400.0,PTVRP_LAYERED_SAFE,18133464.0,499,0.000507400,0.008016
Instances/Instances 2/vm1084_08.gt,1083,20.0,86400.0,PTVRP_LAYERED_SAFE,17919102.0,479,0.000501000,0.00757
Instances/Instances 2/vm1084_09.gt,1083,20.0,86400.0,PTVRP_LAYERED_SAFE,17820291.0,493,0.000497100,0.008285
Instances/Instances 2/vm1084_10.gt,1083,20.0,86400.0,PTVRP_LAYERED_SAFE,17302288.0,473,0.000514100,0.007674
Instances/Instances 2/vm1748_01.gt,1747,20.0,86400.0,PTVRP_LAYERED_SAFE,30957344.0,785,0.000789000,0.007377
Instances/Instances 2/vm1748_02.gt,1747,20.0,86400.0,PTVRP_LAYERED_SAFE,30946455.0,795,0.000792600,0.007473
Instances/Instances 2/vm1748_03.gt,1747,20.0,86400.0,PTVRP_LAYERED_SAFE,30569413.0,822,0.000791100,0.0076
Instances/Instances 2/vm1748_04.gt,1747,20.0,86400.0,PTVRP_LAYERED_SAFE,31156713.0,798,0.000789000,0.007539
Instances/Instances 2/vm1748_05.gt,1747,20.0,86400.0,PTVRP_LAYERED_SAFE,31091076.0,809,0.000820500,0.007421
Instances/Instances 2/vm1748_06.gt,1747,20.0,86400.0,PTVRP_LAYERED_SAFE,30636599.0,804,0.000803900,0.007246
Instances/Instances 2/vm1748_07.gt,1747,20.0,86400.0,PTVRP_LAYERED_SAFE,30173820.0,753,0.000811400,0.007793
Instances/Instances 2/vm1748_08.gt,1747,20.0,86400.0,PTVRP_LAYERED_SAFE,31049903.0,808,0.000793800,0.007716
Instances/Instances 2/vm1748_09.gt,1747,20.0,86400.0,PTVRP_LAYERED_SAFE,30597194.0,770,0.000800800,0.007985
Instances/Instances 2/vm1748_10.gt,1747,20.0,86400.0,PTVRP_LAYERED_SAFE,30881962.0,780,0.000799600,0.007552
Instances/Instances 2/vm22775_01.gt,22774,20.0,86400.0,PTVRP_LAYERED_SAFE,271789200.0,7369,0.020174500,0.042991
Instances/Instances 2/vm22775_02.gt,22774,20.0,86400.0,PTVRP_LAYERED_SAFE,272765485.0,7450,0.019972700,0.041047
Instances/Instances 2/vm22775_03.gt,22774,20.0,86400.0,PTVRP_LAYERED_SAFE,271122383.0,7489,0.020028400,0.044084
Instances/Instances 2/vm22775_04.gt,22774,20.0,86400.0,PTVRP_LAYERED_SAFE,271765235.0,7338,0.020049500,0.04547
Instances/Instances 2/vm22775_05.gt,22774,20.0,86400.0,PTVRP_LAYERED_SAFE,273727586.0,7416,0.019931800,0.042763
Instances/Instances 2/vm22775_06.gt,22774,20.0,86400.0,PTVRP_LAYERED_SAFE,271459169.0,7300,0.019960300,0.042305
Instances/Instances 2/vm22775_07.gt,22774,20.0,86400.0,PTVRP_LAYERED_SAFE,273454688.0,7360,0.020076500,0.041096
Instances/Instances 2/vm22775_08.gt,22774,20.0,86400.0,PTVRP_LAYERED_SAFE,272927407.0,7379,0.019849700,0.043742
Instances/Instances 2/vm22775_09.gt,22774,20.0,86400.0,PTVRP_LAYERED_SAFE,270920641.0,7370,0.019933700,0.042605
Instances/Instances 2/vm22775_10.gt,22774,20.0,86400.0,PTVRP_LAYERED_SAFE,272426022.0,7406,0.019537600,0.044465
Instances/Instances 2/wi29_01.gt,28,20.0,86400.0,PTVRP_LAYERED_SAFE,253201.0,17,0.000013700,0.008909
Instances/Instances 2/wi29_02.gt,28,20.0,86400.0,PTVRP_LAYERED_SAFE,261376.0,19,0.000014100,0.006262
Instances/Instances 2/wi29_03.gt,28,20.0,86400.0,PTVRP_LAYERED_SAFE,219391.0,17,0.000013500,0.006905
Instances/Instances 2/wi29_04.gt,28,20.0,86400.0,PTVRP_LAYERED_SAFE,285853.0,18,0.000014100,0.00552
Instances/Instances 2/wi29_05.gt,28,20.0,86400.0,PTVRP_LAYERED_SAFE,210958.0,17,0.000013100,0.005564
Instances/Instances 2/wi29_06.gt,28,20.0,86400.0,PTVRP_LAYERED_SAFE,326358.0,17,0.000014600,0.005622
Instances/Instances 2/wi29_07.gt,28,20.0,86400.0,PTVRP_LAYERED_SAFE,248200.0,18,0.000014600,0.005111
Instances/Instances 2/wi29_08.gt,28,20.0,86400.0,PTVRP_LAYERED_SAFE,262679.0,19,0.000013600,0.006102
Instances/Instances 2/wi29_09.gt,28,20.0,86400.0,PTVRP_LAYERED_SAFE,216460.0,15,0.000014300,0.00551
Instances/Instances 2/wi29_10.gt,28,20.0,86400.0,PTVRP_LAYERED_SAFE,222558.0,15,0.000015200,0.005931
Instances/Instances 2/ym7663_01.gt,7662,20.0,86400.0,PTVRP_LAYERED_SAFE,37449141.0,2280,0.010956600,0.021275
Instances/Instances 2/ym7663_02.gt,7662,20.0,86400.0,PTVRP_LAYERED_SAFE,38039089.0,2306,0.010987800,0.024035
Instances/Instances 2/ym7663_03.gt,7662,20.0,86400.0,PTVRP_LAYERED_SAFE,37498361.0,2247,0.010926100,0.02453
Instances/Instances 2/ym7663_04.gt,7662,20.0,86400.0,PTVRP_LAYERED_SAFE,37415386.0,2288,0.010667400,0.025198
Instances/Instances 2/ym7663_05.gt,7662,20.0,86400.0,PTVRP_LAYERED_SAFE,37775912.0,2263,0.010674700,0.023311
Instances/Instances 2/ym7663_06.gt,7662,20.0,86400.0,PTVRP_LAYERED_SAFE,37268322.0,2219,0.010818400,0.023736
Instances/Instances 2/ym7663_07.gt,7662,20.0,86400.0,PTVRP_LAYERED_SAFE,37797803.0,2284,0.010622300,0.022993
Instances/Instances 2/ym7663_08.gt,7662,20.0,86400.0,PTVRP_LAYERED_SAFE,37585117.0,2264,0.010590700,0.022923
Instances/Instances 2/ym7663_09.gt,7662,20.0,86400.0,PTVRP_LAYERED_SAFE,37722326.0,2266,0.010653900,0.023864
Instances/Instances 2/ym7663_10.gt,7662,20.0,86400.0,PTVRP_LAYERED_SAFE,37922689.0,2229,0.010748900,0.022573
Instances/Instances 2/zi929_01.gt,928,20.0,86400.0,PTVRP_LAYERED_SAFE,5163866.0,343,0.000914500,0.009446
Instances/Instances 2/zi929_02.gt,928,20.0,86400.0,PTVRP_LAYERED_SAFE,4971798.0,320,0.000921500,0.007538
Instances/Instances 2/zi929_03.gt,928,20.0,86400.0,PTVRP_LAYERED_SAFE,4946344.0,312,0.000921700,0.007785
Instances/Instances 2/zi929_04.gt,928,20.0,86400.0,PTVRP_LAYERED_SAFE,4996468.0,324,0.000920200,0.006691
Instances/Instances 2/zi929_05.gt,928,20.0,86400.0,PTVRP_LAYERED_SAFE,5058673.0,306,0.000928800,0.007118
Instances/Instances 2/zi929_06.gt,928,20.0,86400.0,PTVRP_LAYERED_SAFE,5211894.0,316,0.000906500,0.006822
Instances/Instances 2/zi929_07.gt,928,20.0,86400.0,PTVRP_LAYERED_SAFE,5067200.0,328,0.000921900,0.007138
Instances/Instances 2/zi929_08.gt,928,20.0,86400.0,PTVRP_LAYERED_SAFE,5109945.0,315,0.000967500,0.006478
Instances/Instances 2/zi929_09.gt,928,20.0,86400.0,PTVRP_LAYERED_SAFE,4869021.0,328,0.000955500,0.008052
Instances/Instances 2/zi929_10.gt,928,20.0,86400.0,PTVRP_LAYERED_SAFE,5188654.0,324,0.000913500,0.007967
Instances/Instances 3/a280_01.gt,279,10.0,86400.0,PTVRP_LAYERED_SAFE,140031.0,179,0.000849500,0.006518
Instances/Instances 3/a280_02.gt,279,10.0,86400.0,PTVRP_LAYERED_SAFE,134245.0,164,0.000857300,0.006941
Instances/Instances 3/a280_03.gt,279,10.0,86400.0,PTVRP_LAYERED_SAFE,134959.0,168,0.000851500,0.006494
Instances/Instances 3/a280_04.gt,279,10.0,86400.0,PTVRP_LAYERED_SAFE,137740.0,174,0.000852600,0.006566
Instances/Instances 3/a280_05.gt,279,10.0,86400.0,PTVRP_LAYERED_SAFE,137973.0,174,0.000852400,0.005915
Instances/Instances 3/a280_06.gt,279,10.0,86400.0,PTVRP_LAYERED_SAFE,139552.0,168,0.000848200,0.007146
Instances/Instances 3/a280_07.gt,279,10.0,86400.0,PTVRP_LAYERED_SAFE,144531.0,168,0.000848400,0.007031
Instances/Instances 3/a280_08.gt,279,10.0,86400.0,PTVRP_LAYERED_SAFE,140522.0,168,0.000834300,0.006881
Instances/Instances 3/a280_09.gt,279,10.0,86400.0,PTVRP_LAYERED_SAFE,135599.0,170,0.000861100,0.00799
Instances/Instances 3/a280_10.gt,279,10.0,86400.0,PTVRP_LAYERED_SAFE,133598.0,163,0.000853300,0.00746
Instances/Instances 3/ar9152_01.gt,9151,10.0,86400.0,PTVRP_LAYERED_SAFE,NO SOLUTION,,0.005295500,0.016443
Instances/Instances 3/ar9152_02.gt,9151,10.0,86400.0,PTVRP_LAYERED_SAFE,NO SOLUTION,,0.005407500,0.017706
Instances/Instances 3/ar9152_03.gt,9151,10.0,86400.0,PTVRP_LAYERED_SAFE,NO SOLUTION,,0.005412500,0.019914
Instances/Instances 3/ar9152_04.gt,9151,10.0,86400.0,PTVRP_LAYERED_SAFE,NO SOLUTION,,0.005374500,0.02093
Instances/Instances 3/ar9152_05.gt,9151,10.0,86400.0,PTVRP_LAYERED_SAFE,NO SOLUTION,,0.005240400,0.019204
Instances/Instances 3/ar9152_06.gt,9151,10.0,86400.0,PTVRP_LAYERED_SAFE,NO SOLUTION,,0.005407500,0.01736
Instances/Instances 3/ar9152_07.gt,9151,10.0,86400.0,PTVRP_LAYERED_SAFE,NO SOLUTION,,0.005363800,0.018893
Instances/Instances 3/ar9152_08.gt,9151,10.0,86400.0,PTVRP_LAYERED_SAFE,NO SOLUTION,,0.005450200,0.022996
Instances/Instances 3/ar9152_09.gt,9151,10.0,86400.0,PTVRP_LAYERED_SAFE,NO SOLUTION,,0.005434100,0.02189
Instances/Instances 3/ar9152_10.gt,9151,10.0,86400.0,PTVRP_LAYERED_SAFE,NO SOLUTION,,0.005264300,0.018819
Instances/Instances 3/berlin52_01.gt,51,10.0,86400.0,PTVRP_LAYERED_SAFE,97661.0,39,0.000056900,0.00948
Instances/Instances 3/berlin52_02.gt,51,10.0,86400.0,PTVRP_LAYERED_SAFE,103571.0,40,0.000060300,0.006858
Instances/Instances 3/berlin52_03.gt,51,10.0,86400.0,PTVRP_LAYERED_SAFE,121606.0,43,0.000063500,0.008028
Instances/Instances 3/berlin52_04.gt,51,10.0,86400.0,PTVRP_LAYERED_SAFE,123858.0,44,0.000060900,0.007993
Instances/Instances 3/berlin52_05.gt,51,10.0,86400.0,PTVRP_LAYERED_SAFE,120000.0,39,0.000060400,0.007276
Instances/Instances 3/berlin52_06.gt,51,10.0,86400.0,PTVRP_LAYERED_SAFE,109441.0,40,0.000056400,0.00578
Instances/Instances 3/berlin52_07.gt,51,10.0,86400.0,PTVRP_LAYERED_SAFE,131065.0,42,0.000060200,0.006905
Instances/Instances 3/berlin52_08.gt,51,10.0,86400.0,PTVRP_LAYERED_SAFE,99399.0,40,0.000057300,0.006267
Instances/Instances 3/berlin52_09.gt,51,10.0,86400.0,PTVRP_LAYERED_SAFE,122913.0,41,0.000058800,0.005434
Instances/Instances 3/berlin52_10.gt,51,10.0,86400.0,PTVRP_LAYERED_SAFE,116231.0,43,0.000055400,0.005985
Instances/Instances 3/bier127_01.gt,126,10.0,86400.0,PTVRP_LAYERED_SAFE,2372871.0,89,0.000063700,0.004923
Instances/Instances 3/bier127_02.gt,126,10.0,86400.0,PTVRP_LAYERED_SAFE,NO SOLUTION,,0.000080000,0.005912
Instances/Instances 3/bier127_03.gt,126,10.0,86400.0,PTVRP_LAYERED_SAFE,NO SOLUTION,,0.000076800,0.005876
Instances/Instances 3/bier127_04.gt,126,10.0,86400.0,PTVRP_LAYERED_SAFE,NO SOLUTION,,0.000081800,0.006209
Instances/Instances 3/bier127_05.gt,126,10.0,86400.0,PTVRP_LAYERED_SAFE,2501155.0,96,0.000062000,0.006224
Instances/Instances 3/bier127_06.gt,126,10.0,86400.0,PTVRP_LAYERED_SAFE,NO SOLUTION,,0.000078700,0.007519
Instances/Instances 3/bier127_07.gt,126,10.0,86400.0,PTVRP_LAYERED_SAFE,NO SOLUTION,,0.000079200,0.005569
Instances/Instances 3/bier127_08.gt,126,10.0,86400.0,PTVRP_LAYERED_SAFE,NO SOLUTION,,0.000077800,0.006562
Instances/Instances 3/bier127_09.gt,126,10.0,86400.0,PTVRP_LAYERED_SAFE,NO SOLUTION,,0.000077300,0.005009
Instances/Instances 3/bier127_10.gt,126,10.0,86400.0,PTVRP_LAYERED_SAFE,NO SOLUTION,,0.000079700,0.005722
Instances/Instances 3/bm33708_01.gt,33707,10.0,86400.0,PTVRP_LAYERED_SAFE,NO SOLUTION,,0.032765800,0.059579
Instances/Instances 3/bm33708_02.gt,33707,10.0,86400.0,PTVRP_LAYERED_SAFE,NO SOLUTION,,0.031983600,0.059692
Instances/Instances 3/bm33708_03.gt,33707,10.0,86400.0,PTVRP_LAYERED_SAFE,NO SOLUTION,,0.032434600,0.066421
Instances/Instances 3/bm33708_04.gt,33707,10.0,86400.0,PTVRP_LAYERED_SAFE,NO SOLUTION,,0.031789200,0.065879
Instances/Instances 3/bm33708_05.gt,33707,10.0,86400.0,PTVRP_LAYERED_SAFE,NO SOLUTION,,0.032395600,0.063876
Instances/Instances 3/bm33708_06.gt,33707,10.0,86400.0,PTVRP_LAYERED_SAFE,NO SOLUTION,,0.032046600,0.068278
Instances/Instances 3/bm33708_07.gt,33707,10.0,86400.0,PTVRP_LAYERED_SAFE,NO SOLUTION,,0.032149099,0.066763
Instances/Instances 3/bm33708_08.gt,33707,10.0,86400.0,PTVRP_LAYERED_SAFE,NO SOLUTION,,0.032701000,0.064489
Instances/Instances 3/bm33708_09.gt,33707,10.0,86400.0,PTVRP_LAYERED_SAFE,NO SOLUTION,,0.031238900,0.066971
Instances/Instances 3/bm33708_10.gt,33707,10.0,86400.0,PTVRP_LAYERED_SAFE,NO SOLUTION,,0.032071000,0.071729
Instances/Instances 3/brd14051_01.gt,14050,10.0,86400.0,PTVRP_LAYERED_SAFE,162296593.0,6002,0.015844000,0.035074
Instances/Instances 3/brd14051_02.gt,14050,10.0,86400.0,PTVRP_LAYERED_SAFE,160815080.0,6006,0.015838200,0.033887
Instances/Instances 3/brd14051_03.gt,14050,10.0,86400.0,PTVRP_LAYERED_SAFE,161097353.0,6052,0.016227200,0.035111
Instances/Instances 3/brd14051_04.gt,14050,10.0,86400.0,PTVRP_LAYERED_SAFE,162174071.0,5999,0.016118700,0.036475
Instances/Instances 3/brd14051_05.gt,14050,10.0,86400.0,PTVRP_LAYERED_SAFE,161905991.0,6085,0.015929000,0.034988
Instances/Instances 3/brd14051_06.gt,14050,10.0,86400.0,PTVRP_LAYERED_SAFE,162135672.0,6000,0.017111600,0.035785
Instances/Instances 3/brd14051_07.gt,14050,10.0,86400.0,PTVRP_LAYERED_SAFE,162357864.0,6011,0.016816800,0.03833
Instances/Instances 3/brd14051_08.gt,14050,10.0,86400.0,PTVRP_LAYERED_SAFE,164184438.0,6081,0.015981500,0.032531
Instances/Instances 3/brd14051_09.gt,14050,10.0,86400.0,PTVRP_LAYERED_SAFE,162721864.0,6127,0.015964500,0.030945
Instances/Instances 3/brd14051_10.gt,14050,10.0,86400.0,PTVRP_LAYERED_SAFE,161716360.0,6075,0.016357700,0.034376
Instances/Instances 3/ca4663_01.gt,4662,10.0,86400.0,PTVRP_LAYERED_SAFE,NO SOLUTION,,0.000983300,0.012138
Instances/Instances 3/ca4663_02.gt,4662,10.0,86400.0,PTVRP_LAYERED_SAFE,NO SOLUTION,,0.000949700,0.010868
Instances/Instances 3/ca4663_03.gt,4662,10.0,86400.0,PTVRP_LAYERED_SAFE,NO SOLUTION,,0.000933200,0.008656
Instances/Instances 3/ca4663_04.gt,4662,10.0,86400.0,PTVRP_LAYERED_SAFE,NO SOLUTION,,0.000937000,0.009831
Instances/Instances 3/ca4663_05.gt,4662,10.0,86400.0,PTVRP_LAYERED_SAFE,NO SOLUTION,,0.000974400,0.010063
Instances/Instances 3/ca4663_06.gt,4662,10.0,86400.0,PTVRP_LAYERED_SAFE,NO SOLUTION,,0.000916800,0.011055
Instances/Instances 3/ca4663_07.gt,4662,10.0,86400.0,PTVRP_LAYERED_SAFE,NO SOLUTION,,0.000911100,0.010403
Instances/Instances 3/ca4663_08.gt,4662,10.0,86400.0,PTVRP_LAYERED_SAFE,NO SOLUTION,,0.000939400,0.011105
Instances/Instances 3/ca4663_09.gt,4662,10.0,86400.0,PTVRP_LAYERED_SAFE,NO SOLUTION,,0.000927600,0.008883
Instances/Instances 3/ca4663_10.gt,4662,10.0,86400.0,PTVRP_LAYERED_SAFE,NO SOLUTION,,0.000929300,0.011414
Instances/Instances 3/ch130_01.gt,129,10.0,86400.0,PTVRP_LAYERED_SAFE,183001.0,90,0.000195200,0.006737
Instances/Instances 3/ch130_02.gt,129,10.0,86400.0,PTVRP_LAYERED_SAFE,189850.0,85,0.000194400,0.006545
Instances/Instances 3/ch130_03.gt,129,10.0,86400.0,PTVRP_LAYERED_SAFE,188041.0,92,0.000189700,0.006613
Instances/Instances 3/ch130_04.gt,129,10.0,86400.0,PTVRP_LAYERED_SAFE,204523.0,92,0.000190300,0.006297
Instances/Instances 3/ch130_05.gt,129,10.0,86400.0,PTVRP_LAYERED_SAFE,180670.0,85,0.000191900,0.007602
Instances/Instances 3/ch130_06.gt,129,10.0,86400.0,PTVRP_LAYERED_SAFE,178842.0,86,0.000194700,0.006552
Instances/Instances 3/ch130_07.gt,129,10.0,86400.0,PTVRP_LAYERED_SAFE,180444.0,88,0.000195800,0.005608
Instances/Instances 3/ch130_08.gt,129,10.0,86400.0,PTVRP_LAYERED_SAFE,198515.0,94,0.000189600,0.005964
Instances/Instances 3/ch130_09.gt,129,10.0,86400.0,PTVRP_LAYERED_SAFE,184710.0,90,0.000191500,0.006319
Instances/Instances 3/ch130_10.gt,129,10.0,86400.0,PTVRP_LAYERED_SAFE,184325.0,87,0.000188400,0.005696
Instances/Instances 3/ch150_01.gt,149,10.0,86400.0,PTVRP_LAYERED_SAFE,236822.0,98,0.000231200,0.005488
Instances/Instances 3/ch150_02.gt,149,10.0,86400.0,PTVRP_LAYERED_SAFE,205537.0,101,0.000233100,0.005552
Instances/Instances 3/ch150_03.gt,149,10.0,86400.0,PTVRP_LAYERED_SAFE,210032.0,101,0.000232800,0.005708
Instances/Instances 3/ch150_04.gt,149,10.0,86400.0,PTVRP_LAYERED_SAFE,220234.0,106,0.000237100,0.005817
Instances/Instances 3/ch150_05.gt,149,10.0,86400.0,PTVRP_LAYERED_SAFE,228044.0,104,0.000227100,0.005768
Instances/Instances 3/ch150_06.gt,149,10.0,86400.0,PTVRP_LAYERED_SAFE,212598.0,100,0.000228800,0.006111
Instances/Instances 3/ch150_07.gt,149,10.0,86400.0,PTVRP_LAYERED_SAFE,225934.0,100,0.000244400,0.006278
Instances/Instances 3/ch150_08.gt,149,10.0,86400.0,PTVRP_LAYERED_SAFE,233995.0,100,0.000231900,0.006788
Instances/Instances 3/ch150_09.gt,149,10.0,86400.0,PTVRP_LAYERED_SAFE,217384.0,97,0.000229900,0.007156
Instances/Instances 3/ch150_10.gt,149,10.0,86400.0,PTVRP_LAYERED_SAFE,218360.0,107,0.000232800,0.005942
Instances/Instances 3/ch71009_01.gt,71008,10.0,86400.0,PTVRP_LAYERED_SAFE,NO SOLUTION,,0.032733400,0.091553
Instances/Instances 3/ch71009_02.gt,71008,10.0,86400.0,PTVRP_LAYERED_SAFE,NO SOLUTION,,0.032737199,0.08438
Instances/Instances 3/ch71009_03.gt,71008,10.0,86400.0,PTVRP_LAYERED_SAFE,NO SOLUTION,,0.032472000,0.087648
Instances/Instances 3/ch71009_04.gt,71008,10.0,86400.0,PTVRP_LAYERED_SAFE,NO SOLUTION,,0.033257000,0.091701
Instances/Instances 3/ch71009_05.gt,71008,10.0,86400.0,PTVRP_LAYERED_SAFE,NO SOLUTION,,0.032757500,0.081792
Instances/Instances 3/ch71009_06.gt,71008,10.0,86400.0,PTVRP_LAYERED_SAFE,NO SOLUTION,,0.032396400,0.106996
Instances/Instances 3/ch71009_07.gt,71008,10.0,86400.0,PTVRP_LAYERED_SAFE,NO SOLUTION,,0.033999000,0.094419
Instances/Instances 3/ch71009_08.gt,71008,10.0,86400.0,PTVRP_LAYERED_SAFE,NO SOLUTION,,0.032264200,0.087742
Instances/Instances 3/ch71009_09.gt,71008,10.0,86400.0,PTVRP_LAYERED_SAFE,NO SOLUTION,,0.032272400,0.090722
Instances/Instances 3/ch71009_10.gt,71008,10.0,86400.0,PTVRP_LAYERED_SAFE,NO SOLUTION,,0.032447200,0.092567
Instances/Instances 3/d1291_01.gt,1290,10.0,86400.0,PTVRP_LAYERED_SAFE,7047490.0,626,0.001837500,0.009976
Instances/Instances 3/d1291_02.gt,1290,10.0,86400.0,PTVRP_LAYERED_SAFE,6401254.0,624,0.001933300,0.009427
Instances/Instances 3/d1291_03.gt,1290,10.0,86400.0,PTVRP_LAYERED_SAFE,6717332.0,640,0.001874700,0.009857
Instances/Instances 3/d1291_04.gt,1290,10.0,86400.0,PTVRP_LAYERED_SAFE,6581313.0,625,0.001888800,0.009321
Instances/Instances 3/d1291_05.gt,1290,10.0,86400.0,PTVRP_LAYERED_SAFE,6711677.0,633,0.001903400,0.007864
Instances/Instances 3/d1291_06.gt,1290,10.0,86400.0,PTVRP_LAYERED_SAFE,6675794.0,602,0.001869800,0.008918
Instances/Instances 3/d1291_07.gt,1290,10.0,86400.0,PTVRP_LAYERED_SAFE,6634690.0,635,0.001896300,0.008914
Instances/Instances 3/d1291_08.gt,1290,10.0,86400.0,PTVRP_LAYERED_SAFE,6587813.0,612,0.001913200,0.00853
Instances/Instances 3/d1291_09.gt,1290,10.0,86400.0,PTVRP_LAYERED_SAFE,6684618.0,606,0.001864700,0.009838
Instances/Instances 3/d1291_10.gt,1290,10.0,86400.0,PTVRP_LAYERED_SAFE,6614974.0,625,0.001901900,0.011757
Instances/Instances 3/d15112_01.gt,15111,10.0,86400.0,PTVRP_LAYERED_SAFE,NO SOLUTION,,0.007334700,0.023564
Instances/Instances 3/d15112_02.gt,15111,10.0,86400.0,PTVRP_LAYERED_SAFE,NO SOLUTION,,0.007499300,0.025224
Instances/Instances 3/d15112_03.gt,15111,10.0,86400.0,PTVRP_LAYERED_SAFE,NO SOLUTION,,0.007459600,0.024989
Instances/Instances 3/d15112_04.gt,15111,10.0,86400.0,PTVRP_LAYERED_SAFE,NO SOLUTION,,0.007865100,0.025201
Instances/Instances 3/d15112_05.gt,15111,10.0,86400.0,PTVRP_LAYERED_SAFE,NO SOLUTION,,0.007489900,0.023844
Instances/Instances 3/d15112_06.gt,15111,10.0,86400.0,PTVRP_LAYERED_SAFE,NO SOLUTION,,0.007588200,0.023115
Instances/Instances 3/d15112_07.gt,15111,10.0,86400.0,PTVRP_LAYERED_SAFE,NO SOLUTION,,0.007496100,0.025352
Instances/Instances 3/d15112_08.gt,15111,10.0,86400.0,PTVRP_LAYERED_SAFE,NO SOLUTION,,0.007324800,0.023318
Instances/Instances 3/d15112_09.gt,15111,10.0,86400.0,PTVRP_LAYERED_SAFE,NO SOLUTION,,0.007209600,0.025559
Instances/Instances 3/d15112_10.gt,15111,10.0,86400.0,PTVRP_LAYERED_SAFE,NO SOLUTION,,0.008017100,0.024975
Instances/Instances 3/d1655_01.gt,1654,10.0,86400.0,PTVRP_LAYERED_SAFE,8436092.0,810,0.002510500,0.013393
Instances/Instances 3/d1655_02.gt,1654,10.0,86400.0,PTVRP_LAYERED_SAFE,8758582.0,809,0.002461000,0.01188
Instances/Instances 3/d1655_03.gt,1654,10.0,86400.0,PTVRP_LAYERED_SAFE,8393898.0,789,0.002453700,0.010117
Instances/Instances 3/d1655_04.gt,1654,10.0,86400.0,PTVRP_LAYERED_SAFE,8491391.0,821,0.002428900,0.011031
Instances/Instances 3/d1655_05.gt,1654,10.0,86400.0,PTVRP_LAYERED_SAFE,8469009.0,835,0.002471600,0.010932
Instances/Instances 3/d1655_06.gt,1654,10.0,86400.0,PTVRP_LAYERED_SAFE,8534083.0,794,0.002426000,0.01133
Instances/Instances 3/d1655_07.gt,1654,10.0,86400.0,PTVRP_LAYERED_SAFE,8661560.0,778,0.002471800,0.009516
Instances/Instances 3/d1655_08.gt,1654,10.0,86400.0,PTVRP_LAYERED_SAFE,8645009.0,783,0.002446600,0.010227
Instances/Instances 3/d1655_09.gt,1654,10.0,86400.0,PTVRP_LAYERED_SAFE,8711928.0,815,0.002424100,0.010156
Instances/Instances 3/d1655_10.gt,1654,10.0,86400.0,PTVRP_LAYERED_SAFE,8725167.0,805,0.002463299,0.010461
Instances/Instances 3/d18512_01.gt,18511,10.0,86400.0,PTVRP_LAYERED_SAFE,231120636.0,8019,0.019626198,0.0398
Instances/Instances 3/d18512_02.gt,18511,10.0,86400.0,PTVRP_LAYERED_SAFE,228529458.0,7949,0.019547498,0.038779
Instances/Instances 3/d18512_03.gt,18511,10.0,86400.0,PTVRP_LAYERED_SAFE,231569951.0,8044,0.019690198,0.040737
Instances/Instances 3/d18512_04.gt,18511,10.0,86400.0,PTVRP_LAYERED_SAFE,230192202.0,7902,0.019783199,0.040863
Instances/Instances 3/d18512_05.gt,18511,10.0,86400.0,PTVRP_LAYERED_SAFE,230461247.0,7861,0.019607798,0.041766
Instances/Instances 3/d18512_06.gt,18511,10.0,86400.0,PTVRP_LAYERED_SAFE,230855520.0,7975,0.019642798,0.040827
Instances/Instances 3/d18512_07.gt,18511,10.0,86400.0,PTVRP_LAYERED_SAFE,228951634.0,7989,0.020001399,0.04428
Instances/Instances 3/d18512_08.gt,18511,10.0,86400.0,PTVRP_LAYERED_SAFE,231033923.0,7958,0.019452298,0.040691
Instances/Instances 3/d18512_09.gt,18511,10.0,86400.0,PTVRP_LAYERED_SAFE,232602434.0,8021,0.019838598,0.041414
Instances/Instances 3/d18512_10.gt,18511,10.0,86400.0,PTVRP_LAYERED_SAFE,232387434.0,7991,0.019825698,0.037353
Instances/Instances 3/d198_01.gt,197,10.0,86400.0,PTVRP_LAYERED_SAFE,755350.0,122,0.000264500,0.007972
Instances/Instances 3/d198_02.gt,197,10.0,86400.0,PTVRP_LAYERED_SAFE,787648.0,118,0.000277600,0.006638
Instances/Instances 3/d198_03.gt,197,10.0,86400.0,PTVRP_LAYERED_SAFE,805081.0,119,0.000267300,0.006983
Instances/Instances 3/d198_04.gt,197,10.0,86400.0,PTVRP_LAYERED_SAFE,786428.0,121,0.000273700,0.007281
Instances/Instances 3/d198_05.gt,197,10.0,86400.0,PTVRP_LAYERED_SAFE,787354.0,112,0.000268800,0.006126
Instances/Instances 3/d198_06.gt,197,10.0,86400.0,PTVRP_LAYERED_SAFE,757625.0,110,0.000268400,0.005063
Instances/Instances 3/d198_07.gt,197,10.0,86400.0,PTVRP_LAYERED_SAFE,748162.0,122,0.000290600,0.006093
Instances/Instances 3/d198_08.gt,197,10.0,86400.0,PTVRP_LAYERED_SAFE,791564.0,114,0.000270800,0.005899
Instances/Instances 3/d198_09.gt,197,10.0,86400.0,PTVRP_LAYERED_SAFE,769840.0,117,0.000270000,0.005401
Instances/Instances 3/d198_10.gt,197,10.0,86400.0,PTVRP_LAYERED_SAFE,798297.0,121,0.000270200,0.00565
Instances/Instances 3/d2103_01.gt,2102,10.0,86400.0,PTVRP_LAYERED_SAFE,12997338.0,986,0.002799300,0.010135
Instances/Instances 3/d2103_02.gt,2102,10.0,86400.0,PTVRP_LAYERED_SAFE,12833809.0,1022,0.002827600,0.011844
Instances/Instances 3/d2103_03.gt,2102,10.0,86400.0,PTVRP_LAYERED_SAFE,13063743.0,1033,0.002822400,0.011571
Instances/Instances 3/d2103_04.gt,2102,10.0,86400.0,PTVRP_LAYERED_SAFE,12757990.0,974,0.002846500,0.011224
Instances/Instances 3/d2103_05.gt,2102,10.0,86400.0,PTVRP_LAYERED_SAFE,12794343.0,1010,0.002864600,0.014029
Instances/Instances 3/d2103_06.gt,2102,10.0,86400.0,PTVRP_LAYERED_SAFE,12733053.0,982,0.002814900,0.011746
Instances/Instances 3/d2103_07.gt,2102,10.0,86400.0,PTVRP_LAYERED_SAFE,12925597.0,1011,0.002817200,0.011989
Instances/Instances 3/d2103_08.gt,2102,10.0,86400.0,PTVRP_LAYERED_SAFE,13004013.0,957,0.002819000,0.012994
Instances/Instances 3/d2103_09.gt,2102,10.0,86400.0,PTVRP_LAYERED_SAFE,12742967.0,992,0.002835500,0.012115
Instances/Instances 3/d2103_10.gt,2102,10.0,86400.0,PTVRP_LAYERED_SAFE,12865600.0,995,0.002832200,0.011484
Instances/Instances 3/d493_01.gt,492,10.0,86400.0,PTVRP_LAYERED_SAFE,1861604.0,288,0.000694400,0.009362
Instances/Instances 3/d493_02.gt,492,10.0,86400.0,PTVRP_LAYERED_SAFE,1778966.0,280,0.000699700,0.008323
Instances/Instances 3/d493_03.gt,492,10.0,86400.0,PTVRP_LAYERED_SAFE,1873148.0,303,0.000690300,0.007545
Instances/Instances 3/d493_04.gt,492,10.0,86400.0,PTVRP_LAYERED_SAFE,1830994.0,298,0.000688800,0.00809
Instances/Instances 3/d493_05.gt,492,10.0,86400.0,PTVRP_LAYERED_SAFE,1847155.0,285,0.000740900,0.008608
Instances/Instances 3/d493_06.gt,492,10.0,86400.0,PTVRP_LAYERED_SAFE,1889474.0,279,0.000684300,0.007834
Instances/Instances 3/d493_07.gt,492,10.0,86400.0,PTVRP_LAYERED_SAFE,1942428.0,303,0.000693000,0.008194
Instances/Instances 3/d493_08.gt,492,10.0,86400.0,PTVRP_LAYERED_SAFE,1743548.0,280,0.000701400,0.0072
Instances/Instances 3/d493_09.gt,492,10.0,86400.0,PTVRP_LAYERED_SAFE,1877018.0,302,0.000685400,0.007076
Instances/Instances 3/d493_10.gt,492,10.0,86400.0,PTVRP_LAYERED_SAFE,1793640.0,283,0.000709900,0.007692
Instances/Instances 3/d657_01.gt,656,10.0,86400.0,PTVRP_LAYERED_SAFE,3276262.0,382,0.000816400,0.0092
Instances/Instances 3/d657_02.gt,656,10.0,86400.0,PTVRP_LAYERED_SAFE,3342495.0,374,0.000787700,0.007417
Instances/Instances 3/d657_03.gt,656,10.0,86400.0,PTVRP_LAYERED_SAFE,3356199.0,369,0.000797200,0.008124
Instances/Instances 3/d657_04.gt,656,10.0,86400.0,PTVRP_LAYERED_SAFE,3435877.0,370,0.000791400,0.007648
Instances/Instances 3/d657_05.gt,656,10.0,86400.0,PTVRP_LAYERED_SAFE,3481489.0,358,0.000757600,0.008782
Instances/Instances 3/d657_06.gt,656,10.0,86400.0,PTVRP_LAYERED_SAFE,3264502.0,359,0.000792900,0.009029
Instances/Instances 3/d657_07.gt,656,10.0,86400.0,PTVRP_LAYERED_SAFE,3360459.0,378,0.000823400,0.008256
Instances/Instances 3/d657_08.gt,656,10.0,86400.0,PTVRP_LAYERED_SAFE,3483374.0,375,0.000776000,0.007407
Instances/Instances 3/d657_09.gt,656,10.0,86400.0,PTVRP_LAYERED_SAFE,3417306.0,372,0.000779600,0.008316
Instances/Instances 3/d657_10.gt,656,10.0,86400.0,PTVRP_LAYERED_SAFE,3395202.0,364,0.000762800,0.008777
Instances/Instances 3/dj38_01.gt,37,10.0,86400.0,PTVRP_LAYERED_SAFE,124396.0,31,0.000039200,0.006863
Instances/Instances 3/dj38_02.gt,37,10.0,86400.0,PTVRP_LAYERED_SAFE,120057.0,32,0.000043700,0.005635
Instances/Instances 3/dj38_03.gt,37,10.0,86400.0,PTVRP_LAYERED_SAFE,113556.0,31,0.000041500,0.005631
Instances/Instances 3/dj38_04.gt,37,10.0,86400.0,PTVRP_LAYERED_SAFE,100332.0,27,0.000038800,0.005669
Instances/Instances 3/dj38_05.gt,37,10.0,86400.0,PTVRP_LAYERED_SAFE,110624.0,28,0.000040600,0.006463
Instances/Instances 3/dj38_06.gt,37,10.0,86400.0,PTVRP_LAYERED_SAFE,111638.0,28,0.000038400,0.005114
Instances/Instances 3/dj38_07.gt,37,10.0,86400.0,PTVRP_LAYERED_SAFE,121004.0,27,0.000041400,0.005054
Instances/Instances 3/dj38_08.gt,37,10.0,86400.0,PTVRP_LAYERED_SAFE,117094.0,31,0.000038900,0.006016
Instances/Instances 3/dj38_09.gt,37,10.0,86400.0,PTVRP_LAYERED_SAFE,97831.0,26,0.000038800,0.006484
Instances/Instances 3/dj38_10.gt,37,10.0,86400.0,PTVRP_LAYERED_SAFE,115962.0,32,0.000040000,0.006223
Instances/Instances 3/eg7146_01.gt,7145,10.0,86400.0,PTVRP_LAYERED_SAFE,56520751.0,2898,0.011761299,0.022224
Instances/Instances 3/eg7146_02.gt,7145,10.0,86400.0,PTVRP_LAYERED_SAFE,55767751.0,2870,0.011865599,0.026772
Instances/Instances 3/eg7146_03.gt,7145,10.0,86400.0,PTVRP_LAYERED_SAFE,56762325.0,2894,0.011797999,0.02348
Instances/Instances 3/eg7146_04.gt,7145,10.0,86400.0,PTVRP_LAYERED_SAFE,55885680.0,2901,0.012042099,0.026987
Instances/Instances 3/eg7146_05.gt,7145,10.0,86400.0,PTVRP_LAYERED_SAFE,56562484.0,2880,0.012076900,0.025639
Instances/Instances 3/eg7146_06.gt,7145,10.0,86400.0,PTVRP_LAYERED_SAFE,56092246.0,2993,0.011843299,0.022239
Instances/Instances 3/eg7146_07.gt,7145,10.0,86400.0,PTVRP_LAYERED_SAFE,56562148.0,2904,0.012004099,0.024728
Instances/Instances 3/eg7146_08.gt,7145,10.0,86400.0,PTVRP_LAYERED_SAFE,56607426.0,2866,0.011898799,0.023368
Instances/Instances 3/eg7146_09.gt,7145,10.0,86400.0,PTVRP_LAYERED_SAFE,56069185.0,2836,0.011768399,0.023116
Instances/Instances 3/eg7146_10.gt,7145,10.0,86400.0,PTVRP_LAYERED_SAFE,56874986.0,2907,0.011806199,0.023863
Instances/Instances 3/ei8246_01.gt,8245,10.0,86400.0,PTVRP_LAYERED_SAFE,57072244.0,3383,0.012569199,0.02744
Instances/Instances 3/ei8246_02.gt,8245,10.0,86400.0,PTVRP_LAYERED_SAFE,56731433.0,3403,0.012546399,0.027155
Instances/Instances 3/ei8246_03.gt,8245,10.0,86400.0,PTVRP_LAYERED_SAFE,56779595.0,3428,0.012575199,0.026199
Instances/Instances 3/ei8246_04.gt,8245,10.0,86400.0,PTVRP_LAYERED_SAFE,56701619.0,3337,0.012458999,0.026659
Instances/Instances 3/ei8246_05.gt,8245,10.0,86400.0,PTVRP_LAYERED_SAFE,56823034.0,3389,0.012422399,0.027208
Instances/Instances 3/ei8246_06.gt,8245,10.0,86400.0,PTVRP_LAYERED_SAFE,56758231.0,3434,0.012836999,0.02539
Instances/Instances 3/ei8246_07.gt,8245,10.0,86400.0,PTVRP_LAYERED_SAFE,57014081.0,3413,0.012682499,0.027557
Instances/Instances 3/ei8246_08.gt,8245,10.0,86400.0,PTVRP_LAYERED_SAFE,56515148.0,3345,0.012456399,0.025947
Instances/Instances 3/ei8246_09.gt,8245,10.0,86400.0,PTVRP_LAYERED_SAFE,57210286.0,3362,0.012583299,0.024468
Instances/Instances 3/ei8246_10.gt,8245,10.0,86400.0,PTVRP_LAYERED_SAFE,56019434.0,3392,0.012665099,0.027735
Instances/Instances 3/eil101_01.gt,100,10.0,86400.0,PTVRP_LAYERED_SAFE,15232.0,73,0.000286900,0.009059
Instances/Instances 3/eil101_02.gt,100,10.0,86400.0,PTVRP_LAYERED_SAFE,13896.0,78,0.000283000,0.007199
Instances/Instances 3/eil101_03.gt,100,10.0,86400.0,PTVRP_LAYERED_SAFE,14643.0,72,0.000320700,0.006863
Instances/Instances 3/eil101_04.gt,100,10.0,86400.0,PTVRP_LAYERED_SAFE,13593.0,72,0.000281400,0.007734
Instances/Instances 3/eil101_05.gt,100,10.0,86400.0,PTVRP_LAYERED_SAFE,15353.0,80,0.000301299,0.00679
Instances/Instances 3/eil101_06.gt,100,10.0,86400.0,PTVRP_LAYERED_SAFE,13206.0,76,0.000300500,0.007186
Instances/Instances 3/eil101_07.gt,100,10.0,86400.0,PTVRP_LAYERED_SAFE,13764.0,66,0.000319800,0.006039
Instances/Instances 3/eil101_08.gt,100,10.0,86400.0,PTVRP_LAYERED_SAFE,14337.0,74,0.000288600,0.008223
Instances/Instances 3/eil101_09.gt,100,10.0,86400.0,PTVRP_LAYERED_SAFE,14002.0,76,0.000301900,0.008538
Instances/Instances 3/eil101_10.gt,100,10.0,86400.0,PTVRP_LAYERED_SAFE,15212.0,78,0.000285199,0.005896
Instances/Instances 3/eil51_01.gt,50,10.0,86400.0,PTVRP_LAYERED_SAFE,6400.0,44,0.000096300,0.006139
Instances/Instances 3/eil51_02.gt,50,10.0,86400.0,PTVRP_LAYERED_SAFE,6955.0,41,0.000118200,0.006763
Instances/Instances 3/eil51_03.gt,50,10.0,86400.0,PTVRP_LAYERED_SAFE,6886.0,39,0.000109000,0.007698
Instances/Instances 3/eil51_04.gt,50,10.0,86400.0,PTVRP_LAYERED_SAFE,7154.0,42,0.000102100,0.006252
Instances/Instances 3/eil51_05.gt,50,10.0,86400.0,PTVRP_LAYERED_SAFE,5056.0,38,0.000089800,0.005509
Instances/Instances 3/eil51_06.gt,50,10.0,86400.0,PTVRP_LAYERED_SAFE,6653.0,41,0.000098500,0.005398
Instances/Instances 3/eil51_07.gt,50,10.0,86400.0,PTVRP_LAYERED_SAFE,6845.0,42,0.000100100,0.00548
Instances/Instances 3/eil51_08.gt,50,10.0,86400.0,PTVRP_LAYERED_SAFE,6358.0,41,0.000097400,0.005321
Instances/Instances 3/eil51_09.gt,50,10.0,86400.0,PTVRP_LAYERED_SAFE,7037.0,41,0.000103400,0.005793
Instances/Instances 3/eil51_10.gt,50,10.0,86400.0,PTVRP_LAYERED_SAFE,6996.0,40,0.000102300,0.00514
Instances/Instances 3/eil76_01.gt,75,10.0,86400.0,PTVRP_LAYERED_SAFE,9893.0,62,0.000191700,0.005815
Instances/Instances 3/eil76_02.gt,75,10.0,86400.0,PTVRP_LAYERED_SAFE,10084.0,59,0.000193800,0.005116
Instances/Instances 3/eil76_03.gt,75,10.0,86400.0,PTVRP_LAYERED_SAFE,9469.0,61,0.000176600,0.004899
Instances/Instances 3/eil76_04.gt,75,10.0,86400.0,PTVRP_LAYERED_SAFE,9967.0,65,0.000203200,0.00623
Instances/Instances 3/eil76_05.gt,75,10.0,86400.0,PTVRP_LAYERED_SAFE,10847.0,61,0.000234100,0.006307
Instances/Instances 3/eil76_06.gt,75,10.0,86400.0,PTVRP_LAYERED_SAFE,9202.0,58,0.000222000,0.007623
Instances/Instances 3/eil76_07.gt,75,10.0,86400.0,PTVRP_LAYERED_SAFE,11363.0,58,0.000191900,0.007024
Instances/Instances 3/eil76_08.gt,75,10.0,86400.0,PTVRP_LAYERED_SAFE,11172.0,60,0.000190700,0.007518
Instances/Instances 3/eil76_09.gt,75,10.0,86400.0,PTVRP_LAYERED_SAFE,10430.0,57,0.000191000,0.007004
Instances/Instances 3/eil76_10.gt,75,10.0,86400.0,PTVRP_LAYERED_SAFE,9587.0,59,0.000187300,0.005825
Instances/Instances 3/fi10639_01.gt,10638,10.0,86400.0,PTVRP_LAYERED_SAFE,166094138.0,5055,0.009270099,0.021756
Instances/Instances 3/fi10639_02.gt,10638,10.0,86400.0,PTVRP_LAYERED_SAFE,166966174.0,5152,0.009138000,0.022641
Instances/Instances 3/fi10639_03.gt,10638,10.0,86400.0,PTVRP_LAYERED_SAFE,165600399.0,4922,0.009202600,0.02379
Instances/Instances 3/fi10639_04.gt,10638,10.0,86400.0,PTVRP_LAYERED_SAFE,165396224.0,5019,0.009348299,0.02483
Instances/Instances 3/fi10639_05.gt,10638,10.0,86400.0,PTVRP_LAYERED_SAFE,166385899.0,5032,0.009386099,0.022946
Instances/Instances 3/fi10639_06.gt,10638,10.0,86400.0,PTVRP_LAYERED_SAFE,166758718.0,5089,0.009234599,0.024231
Instances/Instances 3/fi10639_07.gt,10638,10.0,86400.0,PTVRP_LAYERED_SAFE,167205300.0,5041,0.009362999,0.025807
Instances/Instances 3/fi10639_08.gt,10638,10.0,86400.0,PTVRP_LAYERED_SAFE,167140841.0,5043,0.009198099,0.025532
Instances/Instances 3/fi10639_09.gt,10638,10.0,86400.0,PTVRP_LAYERED_SAFE,165456878.0,5030,0.009337800,0.026291
Instances/Instances 3/fi10639_10.gt,10638,10.0,86400.0,PTVRP_LAYERED_SAFE,166357039.0,5074,0.009420200,0.02731
Instances/Instances 3/fl1400_01.gt,1399,10.0,86400.0,PTVRP_LAYERED_SAFE,6984703.0,434,0.002550499,0.012495
Instances/Instances 3/fl1400_02.gt,1399,10.0,86400.0,PTVRP_LAYERED_SAFE,6927543.0,445,0.002556000,0.010958
Instances/Instances 3/fl1400_03.gt,1399,10.0,86400.0,PTVRP_LAYERED_SAFE,7228426.0,442,0.002518100,0.010743
Instances/Instances 3/fl1400_04.gt,1399,10.0,86400.0,PTVRP_LAYERED_SAFE,7139005.0,432,0.002500800,0.008886
Instances/Instances 3/fl1400_05.gt,1399,10.0,86400.0,PTVRP_LAYERED_SAFE,6840253.0,457,0.002560900,0.010736
Instances/Instances 3/fl1400_06.gt,1399,10.0,86400.0,PTVRP_LAYERED_SAFE,7122580.0,457,0.002500100,0.010765
Instances/Instances 3/fl1400_07.gt,1399,10.0,86400.0,PTVRP_LAYERED_SAFE,7023771.0,434,0.002525599,0.010362
Instances/Instances 3/fl1400_08.gt,1399,10.0,86400.0,PTVRP_LAYERED_SAFE,6846840.0,435,0.002547100,0.009435
Instances/Instances 3/fl1400_09.gt,1399,10.0,86400.0,PTVRP_LAYERED_SAFE,7001263.0,431,0.002540400,0.01068
Instances/Instances 3/fl1400_10.gt,1399,10.0,86400.0,PTVRP_LAYERED_SAFE,6929315.0,476,0.002527000,0.010855
Instances/Instances 3/fl1577_01.gt,1576,10.0,86400.0,PTVRP_LAYERED_SAFE,5031187.0,669,0.003664200,0.010687
Instances/Instances 3/fl1577_02.gt,1576,10.0,86400.0,PTVRP_LAYERED_SAFE,5085836.0,671,0.003661700,0.011005
Instances/Instances 3/fl1577_03.gt,1576,10.0,86400.0,PTVRP_LAYERED_SAFE,5041398.0,651,0.003665400,0.011909
Instances/Instances 3/fl1577_04.gt,1576,10.0,86400.0,PTVRP_LAYERED_SAFE,4990258.0,699,0.003680500,0.013372
Instances/Instances 3/fl1577_05.gt,1576,10.0,86400.0,PTVRP_LAYERED_SAFE,5132595.0,663,0.003621000,0.012403
Instances/Instances 3/fl1577_06.gt,1576,10.0,86400.0,PTVRP_LAYERED_SAFE,5023026.0,665,0.003635100,0.014048
Instances/Instances 3/fl1577_07.gt,1576,10.0,86400.0,PTVRP_LAYERED_SAFE,4970862.0,682,0.003641100,0.012047
Instances/Instances 3/fl1577_08.gt,1576,10.0,86400.0,PTVRP_LAYERED_SAFE,5074212.0,680,0.003639900,0.012517
Instances/Instances 3/fl1577_09.gt,1576,10.0,86400.0,PTVRP_LAYERED_SAFE,4981749.0,702,0.003655300,0.012983
Instances/Instances 3/fl1577_10.gt,1576,10.0,86400.0,PTVRP_LAYERED_SAFE,5022095.0,669,0.003644200,0.012996
Instances/Instances 3/fl3795_01.gt,3794,10.0,86400.0,PTVRP_LAYERED_SAFE,13543623.0,1322,0.010225299,0.021061
Instances/Instances 3/fl3795_02.gt,3794,10.0,86400.0,PTVRP_LAYERED_SAFE,13514021.0,1340,0.010147999,0.020041
Instances/Instances 3/fl3795_03.gt,3794,10.0,86400.0,PTVRP_LAYERED_SAFE,13213477.0,1331,0.010290300,0.020942
Instances/Instances 3/fl3795_04.gt,3794,10.0,86400.0,PTVRP_LAYERED_SAFE,13263837.0,1337,0.010293399,0.018249
Instances/Instances 3/fl3795_05.gt,3794,10.0,86400.0,PTVRP_LAYERED_SAFE,13373700.0,1379,0.010263700,0.019294
Instances/Instances 3/fl3795_06.gt,3794,10.0,86400.0,PTVRP_LAYERED_SAFE,13210776.0,1389,0.010401699,0.020958
Instances/Instances 3/fl3795_07.gt,3794,10.0,86400.0,PTVRP_LAYERED_SAFE,13544911.0,1364,0.010212799,0.020026
Instances/Instances 3/fl3795_08.gt,3794,10.0,86400.0,PTVRP_LAYERED_SAFE,13066430.0,1357,0.010263700,0.020411
Instances/Instances 3/fl3795_09.gt,3794,10.0,86400.0,PTVRP_LAYERED_SAFE,13418227.0,1336,0.010221199,0.022723
Instances/Instances 3/fl3795_10.gt,3794,10.0,86400.0,PTVRP_LAYERED_SAFE,13398051.0,1367,0.010217999,0.022784
Instances/Instances 3/fl417_01.gt,416,10.0,86400.0,PTVRP_LAYERED_SAFE,2149449.0,170,0.000618300,0.008371
Instances/Instances 3/fl417_02.gt,416,10.0,86400.0,PTVRP_LAYERED_SAFE,1972925.0,173,0.000686600,0.007707
Instances/Instances 3/fl417_03.gt,416,10.0,86400.0,PTVRP_LAYERED_SAFE,2110688.0,174,0.000631200,0.006773
Instances/Instances 3/fl417_04.gt,416,10.0,86400.0,PTVRP_LAYERED_SAFE,2017705.0,162,0.000635100,0.006943
Instances/Instances 3/fl417_05.gt,416,10.0,86400.0,PTVRP_LAYERED_SAFE,2139259.0,160,0.000627100,0.007822
Instances/Instances 3/fl417_06.gt,416,10.0,86400.0,PTVRP_LAYERED_SAFE,2064592.0,160,0.000639600,0.00762
Instances/Instances 3/fl417_07.gt,416,10.0,86400.0,PTVRP_LAYERED_SAFE,2161680.0,181,0.000623800,0.006697
Instances/Instances 3/fl417_08.gt,416,10.0,86400.0,PTVRP_LAYERED_SAFE,2110698.0,172,0.000630700,0.007424
Instances/Instances 3/fl417_09.gt,416,10.0,86400.0,PTVRP_LAYERED_SAFE,2053309.0,157,0.000665999,0.005888
Instances/Instances 3/fl417_10.gt,416,10.0,86400.0,PTVRP_LAYERED_SAFE,2177982.0,173,0.000641600,0.007443
Instances/Instances 3/fnl4461_01.gt,4460,10.0,86400.0,PTVRP_LAYERED_SAFE,33285849.0,2075,0.005543100,0.014119
Instances/Instances 3/fnl4461_02.gt,4460,10.0,86400.0,PTVRP_LAYERED_SAFE,32953672.0,2083,0.005551499,0.015482
Instances/Instances 3/fnl4461_03.gt,4460,10.0,86400.0,PTVRP_LAYERED_SAFE,33084912.0,2102,0.005646099,0.014259
Instances/Instances 3/fnl4461_04.gt,4460,10.0,86400.0,PTVRP_LAYERED_SAFE,33095782.0,2095,0.005623300,0.015705
Instances/Instances 3/fnl4461_05.gt,4460,10.0,86400.0,PTVRP_LAYERED_SAFE,32230079.0,2059,0.005705400,0.015489
Instances/Instances 3/fnl4461_06.gt,4460,10.0,86400.0,PTVRP_LAYERED_SAFE,32719280.0,2041,0.005679999,0.01634
Instances/Instances 3/fnl4461_07.gt,4460,10.0,86400.0,PTVRP_LAYERED_SAFE,32426780.0,2094,0.005692600,0.01913
Instances/Instances 3/fnl4461_08.gt,4460,10.0,86400.0,PTVRP_LAYERED_SAFE,32183278.0,2031,0.005648199,0.018425
Instances/Instances 3/fnl4461_09.gt,4460,10.0,86400.0,PTVRP_LAYERED_SAFE,32364940.0,2093,0.005658499,0.015638
Instances/Instances 3/fnl4461_10.gt,4460,10.0,86400.0,PTVRP_LAYERED_SAFE,32543499.0,2082,0.005580200,0.017728
Instances/Instances 3/gil262_01.gt,261,10.0,86400.0,PTVRP_LAYERED_SAFE,112367.0,174,0.000826700,0.007243
Instances/Instances 3/gil262_02.gt,261,10.0,86400.0,PTVRP_LAYERED_SAFE,105563.0,165,0.000805099,0.006934
Instances/Instances 3/gil262_03.gt,261,10.0,86400.0,PTVRP_LAYERED_SAFE,105816.0,170,0.000807000,0.007575
Instances/Instances 3/gil262_04.gt,261,10.0,86400.0,PTVRP_LAYERED_SAFE,108297.0,164,0.000831500,0.008067
Instances/Instances 3/gil262_05.gt,261,10.0,86400.0,PTVRP_LAYERED_SAFE,114666.0,170,0.000824200,0.007337
Instances/Instances 3/gil262_06.gt,261,10.0,86400.0,PTVRP_LAYERED_SAFE,102928.0,160,0.000801100,0.007315
Instances/Instances 3/gil262_07.gt,261,10.0,86400.0,PTVRP_LAYERED_SAFE,111238.0,169,0.000817800,0.007189
Instances/Instances 3/gil262_08.gt,261,10.0,86400.0,PTVRP_LAYERED_SAFE,107137.0,172,0.000806400,0.007306
Instances/Instances 3/gil262_09.gt,261,10.0,86400.0,PTVRP_LAYERED_SAFE,105177.0,160,0.000811700,0.007619
Instances/Instances 3/gil262_10.gt,261,10.0,86400.0,PTVRP_LAYERED_SAFE,107665.0,163,0.000802400,0.006694
Instances/Instances 3/gr9882_01.gt,9881,10.0,86400.0,PTVRP_LAYERED_SAFE,110435208.0,4235,0.010915399,0.023428
Instances/Instances 3/gr9882_02.gt,9881,10.0,86400.0,PTVRP_LAYERED_SAFE,110438778.0,4294,0.011018700,0.026136
Instances/Instances 3/gr9882_03.gt,9881,10.0,86400.0,PTVRP_LAYERED_SAFE,109540367.0,4186,0.011026999,0.027488
Instances/Instances 3/gr9882_04.gt,9881,10.0,86400.0,PTVRP_LAYERED_SAFE,110880436.0,4240,0.011131099,0.027553
Instances/Instances 3/gr9882_05.gt,9881,10.0,86400.0,PTVRP_LAYERED_SAFE,109960238.0,4276,0.011057799,0.026377
Instances/Instances 3/gr9882_06.gt,9881,10.0,86400.0,PTVRP_LAYERED_SAFE,109525426.0,4197,0.011028599,0.025569
Instances/Instances 3/gr9882_07.gt,9881,10.0,86400.0,PTVRP_LAYERED_SAFE,111938101.0,4223,0.010992599,0.024093
Instances/Instances 3/gr9882_08.gt,9881,10.0,86400.0,PTVRP_LAYERED_SAFE,109877449.0,4279,0.011101399,0.027293
Instances/Instances 3/gr9882_09.gt,9881,10.0,86400.0,PTVRP_LAYERED_SAFE,110610898.0,4263,0.010984999,0.027063
Instances/Instances 3/gr9882_10.gt,9881,10.0,86400.0,PTVRP_LAYERED_SAFE,109488558.0,4190,0.011104999,0.026422
Instances/Instances 3/ho14473_01.gt,14472,10.0,86400.0,PTVRP_LAYERED_SAFE,81424388.0,5014,0.027788198,0.044532
Instances/Instances 3/ho14473_02.gt,14472,10.0,86400.0,PTVRP_LAYERED_SAFE,82372280.0,5006,0.027616798,0.044457
Instances/Instances 3/ho14473_03.gt,14472,10.0,86400.0,PTVRP_LAYERED_SAFE,81781083.0,5028,0.027603698,0.044029
Instances/Instances 3/ho14473_04.gt,14472,10.0,86400.0,PTVRP_LAYERED_SAFE,81527203.0,4984,0.029125497,0.047291
Instances/Instances 3/ho14473_05.gt,14472,10.0,86400.0,PTVRP_LAYERED_SAFE,82174926.0,4985,0.027641098,0.046281
Instances/Instances 3/ho14473_06.gt,14472,10.0,86400.0,PTVRP_LAYERED_SAFE,82314977.0,5031,0.028119498,0.045224
Instances/Instances 3/ho14473_07.gt,14472,10.0,86400.0,PTVRP_LAYERED_SAFE,81376150.0,4999,0.028571598,0.04582
Instances/Instances 3/ho14473_08.gt,14472,10.0,86400.0,PTVRP_LAYERED_SAFE,82098123.0,4954,0.027936298,0.045347
Instances/Instances 3/ho14473_09.gt,14472,10.0,86400.0,PTVRP_LAYERED_SAFE,81441678.0,4856,0.028466798,0.048002
Instances/Instances 3/ho14473_10.gt,14472,10.0,86400.0,PTVRP_LAYERED_SAFE,81698743.0,4882,0.028282698,0.045028
Instances/Instances 3/it16862_01.gt,16861,10.0,86400.0,PTVRP_LAYERED_SAFE,275184989.0,8151,0.017373598,0.039126
Instances/Instances 3/it16862_02.gt,16861,10.0,86400.0,PTVRP_LAYERED_SAFE,271502317.0,8111,0.017374598,0.039147
Instances/Instances 3/it16862_03.gt,16861,10.0,86400.0,PTVRP_LAYERED_SAFE,274118516.0,8192,0.017148598,0.036728
Instances/Instances 3/it16862_04.gt,16861,10.0,86400.0,PTVRP_LAYERED_SAFE,269283911.0,8065,0.017383998,0.037605
Instances/Instances 3/it16862_05.gt,16861,10.0,86400.0,PTVRP_LAYERED_SAFE,271180946.0,8183,0.017973898,0.039522
Instances/Instances 3/it16862_06.gt,16861,10.0,86400.0,PTVRP_LAYERED_SAFE,270956247.0,8058,0.017397198,0.037197
Instances/Instances 3/it16862_07.gt,16861,10.0,86400.0,PTVRP_LAYERED_SAFE,270140254.0,7993,0.017296298,0.037209
Instances/Instances 3/it16862_08.gt,16861,10.0,86400.0,PTVRP_LAYERED_SAFE,270433715.0,8037,0.017518598,0.036187
Instances/Instances 3/it16862_09.gt,16861,10.0,86400.0,PTVRP_LAYERED_SAFE,273015938.0,8128,0.017274498,0.038339
Instances/Instances 3/it16862_10.gt,16861,10.0,86400.0,PTVRP_LAYERED_SAFE,270011126.0,8126,0.017233498,0.037961
Instances/Instances 3/ja9847_01.gt,9846,10.0,86400.0,PTVRP_LAYERED_SAFE,NO SOLUTION,,0.006191000,0.022647
Instances/Instances 3/ja9847_02.gt,9846,10.0,86400.0,PTVRP_LAYERED_SAFE,NO SOLUTION,,0.006149200,0.020267
Instances/Instances 3/ja9847_03.gt,9846,10.0,86400.0,PTVRP_LAYERED_SAFE,NO SOLUTION,,0.006100899,0.021496
Instances/Instances 3/ja9847_04.gt,9846,10.0,86400.0,PTVRP_LAYERED_SAFE,NO SOLUTION,,0.006169999,0.022601
Instances/Instances 3/ja9847_05.gt,9846,10.0,86400.0,PTVRP_LAYERED_SAFE,NO SOLUTION,,0.006125200,0.02196
Instances/Instances 3/ja9847_06.gt,9846,10.0,86400.0,PTVRP_LAYERED_SAFE,NO SOLUTION,,0.006120300,0.021997
Instances/Instances 3/ja9847_07.gt,9846,10.0,86400.0,PTVRP_LAYERED_SAFE,NO SOLUTION,,0.006205899,0.020774
Instances/Instances 3/ja9847_08.gt,9846,10.0,86400.0,PTVRP_LAYERED_SAFE,NO SOLUTION,,0.006025699,0.021787
Instances/Instances 3/ja9847_09.gt,9846,10.0,86400.0,PTVRP_LAYERED_SAFE,NO SOLUTION,,0.006109600,0.021013
Instances/Instances 3/ja9847_10.gt,9846,10.0,86400.0,PTVRP_LAYERED_SAFE,NO SOLUTION,,0.006156800,0.021738
Instances/Instances 3/kroA100_01.gt,99,10.0,86400.0,PTVRP_LAYERED_SAFE,701399.0,67,0.000074600,0.009219
Instances/Instances 3/kroA100_02.gt,99,10.0,86400.0,PTVRP_LAYERED_SAFE,668280.0,70,0.000076700,0.008369
Instances/Instances 3/kroA100_03.gt,99,10.0,86400.0,PTVRP_LAYERED_SAFE,709585.0,68,0.000075200,0.008857
Instances/Instances 3/kroA100_04.gt,99,10.0,86400.0,PTVRP_LAYERED_SAFE,645594.0,69,0.000076800,0.007117
Instances/Instances 3/kroA100_05.gt,99,10.0,86400.0,PTVRP_LAYERED_SAFE,705987.0,65,0.000076000,0.007779
Instances/Instances 3/kroA100_06.gt,99,10.0,86400.0,PTVRP_LAYERED_SAFE,617519.0,68,0.000077900,0.005545
Instances/Instances 3/kroA100_07.gt,99,10.0,86400.0,PTVRP_LAYERED_SAFE,615490.0,69,0.000079200,0.006251
Instances/Instances 3/kroA100_08.gt,99,10.0,86400.0,PTVRP_LAYERED_SAFE,679225.0,66,0.000077000,0.005904
Instances/Instances 3/kroA100_09.gt,99,10.0,86400.0,PTVRP_LAYERED_SAFE,660672.0,67,0.000076400,0.006167
Instances/Instances 3/kroA100_10.gt,99,10.0,86400.0,PTVRP_LAYERED_SAFE,740424.0,68,0.000077900,0.006095
Instances/Instances 3/kroA150_01.gt,149,10.0,86400.0,PTVRP_LAYERED_SAFE,1048872.0,89,0.000121100,0.004921
Instances/Instances 3/kroA150_02.gt,149,10.0,86400.0,PTVRP_LAYERED_SAFE,1013251.0,101,0.000121500,0.004655
Instances/Instances 3/kroA150_03.gt,149,10.0,86400.0,PTVRP_LAYERED_SAFE,949076.0,96,0.000120900,0.006184
Instances/Instances 3/kroA150_04.gt,149,10.0,86400.0,PTVRP_LAYERED_SAFE,1011207.0,97,0.000123400,0.005403
Instances/Instances 3/kroA150_05.gt,149,10.0,86400.0,PTVRP_LAYERED_SAFE,933052.0,93,0.000125800,0.005473
Instances/Instances 3/kroA150_06.gt,149,10.0,86400.0,PTVRP_LAYERED_SAFE,1015270.0,95,0.000123300,0.006021
Instances/Instances 3/kroA150_07.gt,149,10.0,86400.0,PTVRP_LAYERED_SAFE,1125706.0,104,0.000120400,0.005341
Instances/Instances 3/kroA150_08.gt,149,10.0,86400.0,PTVRP_LAYERED_SAFE,1071109.0,93,0.000120000,0.006001
Instances/Instances 3/kroA150_09.gt,149,10.0,86400.0,PTVRP_LAYERED_SAFE,1123351.0,111,0.000118800,0.005038
Instances/Instances 3/kroA150_10.gt,149,10.0,86400.0,PTVRP_LAYERED_SAFE,1005577.0,104,0.000119200,0.006712
Instances/Instances 3/kroA200_01.gt,199,10.0,86400.0,PTVRP_LAYERED_SAFE,1419120.0,126,0.000168700,0.006678
Instances/Instances 3/kroA200_02.gt,199,10.0,86400.0,PTVRP_LAYERED_SAFE,1301414.0,123,0.000170200,0.006849
Instances/Instances 3/kroA200_03.gt,199,10.0,86400.0,PTVRP_LAYERED_SAFE,1447751.0,113,0.000165800,0.006472
Instances/Instances 3/kroA200_04.gt,199,10.0,86400.0,PTVRP_LAYERED_SAFE,1517945.0,117,0.000173800,0.006614
Instances/Instances 3/kroA200_05.gt,199,10.0,86400.0,PTVRP_LAYERED_SAFE,1277440.0,118,0.000168000,0.008648
Instances/Instances 3/kroA200_06.gt,199,10.0,86400.0,PTVRP_LAYERED_SAFE,1441787.0,122,0.000167500,0.006671
Instances/Instances 3/kroA200_07.gt,199,10.0,86400.0,PTVRP_LAYERED_SAFE,1471343.0,124,0.000166300,0.006399
Instances/Instances 3/kroA200_08.gt,199,10.0,86400.0,PTVRP_LAYERED_SAFE,1382401.0,124,0.000170500,0.006368
Instances/Instances 3/kroA200_09.gt,199,10.0,86400.0,PTVRP_LAYERED_SAFE,1270833.0,125,0.000174500,0.006204
Instances/Instances 3/kroA200_10.gt,199,10.0,86400.0,PTVRP_LAYERED_SAFE,1430895.0,123,0.000167300,0.006475
Instances/Instances 3/kroB100_01.gt,99,10.0,86400.0,PTVRP_LAYERED_SAFE,715686.0,67,0.000075700,0.005499
Instances/Instances 3/kroB100_02.gt,99,10.0,86400.0,PTVRP_LAYERED_SAFE,680826.0,65,0.000079200,0.005081
Instances/Instances 3/kroB100_03.gt,99,10.0,86400.0,PTVRP_LAYERED_SAFE,631680.0,64,0.000074200,0.005222
Instances/Instances 3/kroB100_04.gt,99,10.0,86400.0,PTVRP_LAYERED_SAFE,679875.0,68,0.000077300,0.004817
Instances/Instances 3/kroB100_05.gt,99,10.0,86400.0,PTVRP_LAYERED_SAFE,759455.0,71,0.000076600,0.005972
Instances/Instances 3/kroB100_06.gt,99,10.0,86400.0,PTVRP_LAYERED_SAFE,728976.0,64,0.000074100,0.006586
Instances/Instances 3/kroB100_07.gt,99,10.0,86400.0,PTVRP_LAYERED_SAFE,780813.0,71,0.000076500,0.006251
Instances/Instances 3/kroB100_08.gt,99,10.0,86400.0,PTVRP_LAYERED_SAFE,684087.0,59,0.000076200,0.005894
Instances/Instances 3/kroB100_09.gt,99,10.0,86400.0,PTVRP_LAYERED_SAFE,634875.0,66,0.000076400,0.005946
Instances/Instances 3/kroB100_10.gt,99,10.0,86400.0,PTVRP_LAYERED_SAFE,691007.0,67,0.000076600,0.005456
Instances/Instances 3/kroB150_01.gt,149,10.0,86400.0,PTVRP_LAYERED_SAFE,1104436.0,98,0.000124000,0.004997
Instances/Instances 3/kroB150_02.gt,149,10.0,86400.0,PTVRP_LAYERED_SAFE,1043182.0,96,0.000121400,0.00756
Instances/Instances 3/kroB150_03.gt,149,10.0,86400.0,PTVRP_LAYERED_SAFE,1130756.0,97,0.000116700,0.006671
Instances/Instances 3/kroB150_04.gt,149,10.0,86400.0,PTVRP_LAYERED_SAFE,1069013.0,93,0.000115400,0.006563
Instances/Instances 3/kroB150_05.gt,149,10.0,86400.0,PTVRP_LAYERED_SAFE,1194362.0,98,0.000119100,0.006389
Instances/Instances 3/kroB150_06.gt,149,10.0,86400.0,PTVRP_LAYERED_SAFE,969658.0,86,0.000123600,0.006282
Instances/Instances 3/kroB150_07.gt,149,10.0,86400.0,PTVRP_LAYERED_SAFE,1074929.0,105,0.000124400,0.008651
Instances/Instances 3/kroB150_08.gt,149,10.0,86400.0,PTVRP_LAYERED_SAFE,1061542.0,100,0.000125000,0.006593
Instances/Instances 3/kroB150_09.gt,149,10.0,86400.0,PTVRP_LAYERED_SAFE,1111188.0,92,0.000124100,0.005658
Instances/Instances 3/kroB150_10.gt,149,10.0,86400.0,PTVRP_LAYERED_SAFE,1088644.0,98,0.000122500,0.008706
Instances/Instances 3/kroB200_01.gt,199,10.0,86400.0,PTVRP_LAYERED_SAFE,1382288.0,129,0.000172200,0.007301
Instances/Instances 3/kroB200_02.gt,199,10.0,86400.0,PTVRP_LAYERED_SAFE,1277857.0,126,0.000175000,0.007064
Instances/Instances 3/kroB200_03.gt,199,10.0,86400.0,PTVRP_LAYERED_SAFE,1461001.0,132,0.000170900,0.007111
Instances/Instances 3/kroB200_04.gt,199,10.0,86400.0,PTVRP_LAYERED_SAFE,1341879.0,124,0.000170100,0.006657
Instances/Instances 3/kroB200_05.gt,199,10.0,86400.0,PTVRP_LAYERED_SAFE,1365789.0,127,0.000170200,0.006841
Instances/Instances 3/kroB200_06.gt,199,10.0,86400.0,PTVRP_LAYERED_SAFE,1428376.0,136,0.000168800,0.005917
Instances/Instances 3/kroB200_07.gt,199,10.0,86400.0,PTVRP_LAYERED_SAFE,1392874.0,124,0.000171500,0.006256
Instances/Instances 3/kroB200_08.gt,199,10.0,86400.0,PTVRP_LAYERED_SAFE,1336093.0,122,0.000172400,0.0057
Instances/Instances 3/kroB200_09.gt,199,10.0,86400.0,PTVRP_LAYERED_SAFE,1445513.0,135,0.000170000,0.005579
Instances/Instances 3/kroB200_10.gt,199,10.0,86400.0,PTVRP_LAYERED_SAFE,1306257.0,126,0.000170600,0.006135
Instances/Instances 3/kroC100_01.gt,99,10.0,86400.0,PTVRP_LAYERED_SAFE,729741.0,60,0.000079500,0.005959
Instances/Instances 3/kroC100_02.gt,99,10.0,86400.0,PTVRP_LAYERED_SAFE,699705.0,61,0.000077200,0.006285
Instances/Instances 3/kroC100_03.gt,99,10.0,86400.0,PTVRP_LAYERED_SAFE,681203.0,64,0.000077500,0.005853
Instances/Instances 3/kroC100_04.gt,99,10.0,86400.0,PTVRP_LAYERED_SAFE,737465.0,64,0.000074700,0.006071
Instances/Instances 3/kroC100_05.gt,99,10.0,86400.0,PTVRP_LAYERED_SAFE,840633.0,74,0.000074500,0.005072
Instances/Instances 3/kroC100_06.gt,99,10.0,86400.0,PTVRP_LAYERED_SAFE,764793.0,60,0.000077800,0.006058
Instances/Instances 3/kroC100_07.gt,99,10.0,86400.0,PTVRP_LAYERED_SAFE,705581.0,65,0.000076600,0.006875
Instances/Instances 3/kroC100_08.gt,99,10.0,86400.0,PTVRP_LAYERED_SAFE,719808.0,68,0.000077500,0.006999
Instances/Instances 3/kroC100_09.gt,99,10.0,86400.0,PTVRP_LAYERED_SAFE,724202.0,67,0.000078100,0.006381
Instances/Instances 3/kroC100_10.gt,99,10.0,86400.0,PTVRP_LAYERED_SAFE,744838.0,71,0.000078800,0.006371
Instances/Instances 3/kroD100_01.gt,99,10.0,86400.0,PTVRP_LAYERED_SAFE,653242.0,66,0.000083100,0.005747
Instances/Instances 3/kroD100_02.gt,99,10.0,86400.0,PTVRP_LAYERED_SAFE,653243.0,63,0.000077100,0.005488
Instances/Instances 3/kroD100_03.gt,99,10.0,86400.0,PTVRP_LAYERED_SAFE,644781.0,70,0.000079300,0.005711
Instances/Instances 3/kroD100_04.gt,99,10.0,86400.0,PTVRP_LAYERED_SAFE,622870.0,69,0.000078900,0.006172
Instances/Instances 3/kroD100_05.gt,99,10.0,86400.0,PTVRP_LAYERED_SAFE,756943.0,74,0.000077400,0.005931
Instances/Instances 3/kroD100_06.gt,99,10.0,86400.0,PTVRP_LAYERED_SAFE,687061.0,65,0.000080300,0.006522
Instances/Instances 3/kroD100_07.gt,99,10.0,86400.0,PTVRP_LAYERED_SAFE,643576.0,64,0.000075800,0.006809
Instances/Instances 3/kroD100_08.gt,99,10.0,86400.0,PTVRP_LAYERED_SAFE,682404.0,70,0.000080800,0.006691
Instances/Instances 3/kroD100_09.gt,99,10.0,86400.0,PTVRP_LAYERED_SAFE,676464.0,70,0.000080100,0.005618
Instances/Instances 3/kroD100_10.gt,99,10.0,86400.0,PTVRP_LAYERED_SAFE,708156.0,74,0.000082800,0.005554
Instances/Instances 3/kroE100_01.gt,99,10.0,86400.0,PTVRP_LAYERED_SAFE,699690.0,62,0.000072600,0.006129
Instances/Instances 3/kroE100_02.gt,99,10.0,86400.0,PTVRP_LAYERED_SAFE,729508.0,65,0.000072700,0.005612
Instances/Instances 3/kroE100_03.gt,99,10.0,86400.0,PTVRP_LAYERED_SAFE,689893.0,71,0.000072800,0.005896
Instances/Instances 3/kroE100_04.gt,99,10.0,86400.0,PTVRP_LAYERED_SAFE,735116.0,64,0.000075500,0.005767
Instances/Instances 3/kroE100_05.gt,99,10.0,86400.0,PTVRP_LAYERED_SAFE,809301.0,70,0.000076200,0.005903
Instances/Instances 3/kroE100_06.gt,99,10.0,86400.0,PTVRP_LAYERED_SAFE,739501.0,61,0.000074500,0.005536
Instances/Instances 3/kroE100_07.gt,99,10.0,86400.0,PTVRP_LAYERED_SAFE,696935.0,64,0.000074500,0.005782
Instances/Instances 3/kroE100_08.gt,99,10.0,86400.0,PTVRP_LAYERED_SAFE,758659.0,65,0.000075300,0.005659
Instances/Instances 3/kroE100_09.gt,99,10.0,86400.0,PTVRP_LAYERED_SAFE,721416.0,66,0.000075100,0.005911
Instances/Instances 3/kroE100_10.gt,99,10.0,86400.0,PTVRP_LAYERED_SAFE,750597.0,71,0.000077700,0.006042
Instances/Instances 3/kz9976_01.gt,9975,10.0,86400.0,PTVRP_LAYERED_SAFE,NO SOLUTION,,0.003219400,0.016382
Instances/Instances 3/kz9976_02.gt,9975,10.0,86400.0,PTVRP_LAYERED_SAFE,NO SOLUTION,,0.003316199,0.019886
Instances/Instances 3/kz9976_03.gt,9975,10.0,86400.0,PTVRP_LAYERED_SAFE,NO SOLUTION,,0.003150200,0.019162
Instances/Instances 3/kz9976_04.gt,9975,10.0,86400.0,PTVRP_LAYERED_SAFE,NO SOLUTION,,0.003260099,0.016922
Instances/Instances 3/kz9976_05.gt,9975,10.0,86400.0,PTVRP_LAYERED_SAFE,NO SOLUTION,,0.003214800,0.019627
Instances/Instances 3/kz9976_06.gt,9975,10.0,86400.0,PTVRP_LAYERED_SAFE,NO SOLUTION,,0.003191299,0.018855
Instances/Instances 3/kz9976_07.gt,9975,10.0,86400.0,PTVRP_LAYERED_SAFE,NO SOLUTION,,0.003201500,0.016879
Instances/Instances 3/kz9976_08.gt,9975,10.0,86400.0,PTVRP_LAYERED_SAFE,NO SOLUTION,,0.003176499,0.018716
Instances/Instances 3/kz9976_09.gt,9975,10.0,86400.0,PTVRP_LAYERED_SAFE,NO SOLUTION,,0.003245200,0.017567
Instances/Instances 3/kz9976_10.gt,9975,10.0,86400.0,PTVRP_LAYERED_SAFE,NO SOLUTION,,0.003169999,0.020289
Instances/Instances 3/lin105_01.gt,104,10.0,86400.0,PTVRP_LAYERED_SAFE,487430.0,69,0.000104200,0.008602
Instances/Instances 3/lin105_02.gt,104,10.0,86400.0,PTVRP_LAYERED_SAFE,512256.0,68,0.000101600,0.006594
Instances/Instances 3/lin105_03.gt,104,10.0,86400.0,PTVRP_LAYERED_SAFE,458949.0,71,0.000105600,0.005699
Instances/Instances 3/lin105_04.gt,104,10.0,86400.0,PTVRP_LAYERED_SAFE,486420.0,68,0.000102900,0.006228
Instances/Instances 3/lin105_05.gt,104,10.0,86400.0,PTVRP_LAYERED_SAFE,433043.0,69,0.000105200,0.005393
Instances/Instances 3/lin105_06.gt,104,10.0,86400.0,PTVRP_LAYERED_SAFE,461803.0,66,0.000108500,0.004828
Instances/Instances 3/lin105_07.gt,104,10.0,86400.0,PTVRP_LAYERED_SAFE,524106.0,71,0.000106000,0.005093
Instances/Instances 3/lin105_08.gt,104,10.0,86400.0,PTVRP_LAYERED_SAFE,453555.0,68,0.000107900,0.005551
Instances/Instances 3/lin105_09.gt,104,10.0,86400.0,PTVRP_LAYERED_SAFE,500374.0,69,0.000100700,0.00642
Instances/Instances 3/lin105_10.gt,104,10.0,86400.0,PTVRP_LAYERED_SAFE,499916.0,78,0.000108200,0.005911
Instances/Instances 3/lin318_01.gt,317,10.0,86400.0,PTVRP_LAYERED_SAFE,2323080.0,183,0.000320600,0.006062
Instances/Instances 3/lin318_02.gt,317,10.0,86400.0,PTVRP_LAYERED_SAFE,2185506.0,190,0.000286600,0.005535
Instances/Instances 3/lin318_03.gt,317,10.0,86400.0,PTVRP_LAYERED_SAFE,2355448.0,196,0.000282100,0.005058
Instances/Instances 3/lin318_04.gt,317,10.0,86400.0,PTVRP_LAYERED_SAFE,2234524.0,198,0.000286600,0.005709
Instances/Instances 3/lin318_05.gt,317,10.0,86400.0,PTVRP_LAYERED_SAFE,2324434.0,198,0.000281100,0.006316
Instances/Instances 3/lin318_06.gt,317,10.0,86400.0,PTVRP_LAYERED_SAFE,2342468.0,185,0.000279500,0.006026
Instances/Instances 3/lin318_07.gt,317,10.0,86400.0,PTVRP_LAYERED_SAFE,2233691.0,177,0.000283200,0.006864
Instances/Instances 3/lin318_08.gt,317,10.0,86400.0,PTVRP_LAYERED_SAFE,2496731.0,196,0.000271500,0.006654
Instances/Instances 3/lin318_09.gt,317,10.0,86400.0,PTVRP_LAYERED_SAFE,2299952.0,193,0.000273100,0.006108
Instances/Instances 3/lin318_10.gt,317,10.0,86400.0,PTVRP_LAYERED_SAFE,2417488.0,185,0.000272200,0.006803
Instances/Instances 3/linhp318_01.gt,317,10.0,86400.0,PTVRP_LAYERED_SAFE,2422886.0,190,0.000276400,0.006586
Instances/Instances 3/linhp318_02.gt,317,10.0,86400.0,PTVRP_LAYERED_SAFE,2386979.0,185,0.000296600,0.006784
Instances/Instances 3/linhp318_03.gt,317,10.0,86400.0,PTVRP_LAYERED_SAFE,2460086.0,195,0.000275700,0.006167
Instances/Instances 3/linhp318_04.gt,317,10.0,86400.0,PTVRP_LAYERED_SAFE,2342231.0,195,0.000279000,0.006691
Instances/Instances 3/linhp318_05.gt,317,10.0,86400.0,PTVRP_LAYERED_SAFE,2196723.0,181,0.000286900,0.006757
Instances/Instances 3/linhp318_06.gt,317,10.0,86400.0,PTVRP_LAYERED_SAFE,2445813.0,208,0.000275200,0.005546
Instances/Instances 3/linhp318_07.gt,317,10.0,86400.0,PTVRP_LAYERED_SAFE,2344476.0,189,0.000276900,0.006013
Instances/Instances 3/linhp318_08.gt,317,10.0,86400.0,PTVRP_LAYERED_SAFE,2349404.0,179,0.000280200,0.006134
Instances/Instances 3/linhp318_09.gt,317,10.0,86400.0,PTVRP_LAYERED_SAFE,2264598.0,190,0.000280100,0.005155
Instances/Instances 3/linhp318_10.gt,317,10.0,86400.0,PTVRP_LAYERED_SAFE,2497763.0,192,0.000275100,0.006368
Instances/Instances 3/lu980_01.gt,979,10.0,86400.0,PTVRP_LAYERED_SAFE,1238199.0,486,0.002781800,0.009309
Instances/Instances 3/lu980_02.gt,979,10.0,86400.0,PTVRP_LAYERED_SAFE,1165402.0,531,0.002832800,0.011113
Instances/Instances 3/lu980_03.gt,979,10.0,86400.0,PTVRP_LAYERED_SAFE,1222382.0,480,0.002817800,0.011971
Instances/Instances 3/lu980_04.gt,979,10.0,86400.0,PTVRP_LAYERED_SAFE,1208687.0,492,0.002819500,0.009719
Instances/Instances 3/lu980_05.gt,979,10.0,86400.0,PTVRP_LAYERED_SAFE,1230504.0,496,0.002772000,0.011339
Instances/Instances 3/lu980_06.gt,979,10.0,86400.0,PTVRP_LAYERED_SAFE,1198941.0,499,0.002821100,0.010153
Instances/Instances 3/lu980_07.gt,979,10.0,86400.0,PTVRP_LAYERED_SAFE,1199265.0,493,0.002824700,0.011136
Instances/Instances 3/lu980_08.gt,979,10.0,86400.0,PTVRP_LAYERED_SAFE,1191115.0,481,0.002780499,0.009834
Instances/Instances 3/lu980_09.gt,979,10.0,86400.0,PTVRP_LAYERED_SAFE,1211996.0,465,0.002806499,0.011579
Instances/Instances 3/lu980_10.gt,979,10.0,86400.0,PTVRP_LAYERED_SAFE,1176320.0,493,0.002848199,0.011623
Instances/Instances 3/mo14185_01.gt,14184,10.0,86400.0,PTVRP_LAYERED_SAFE,190178737.0,6239,0.014701599,0.030744
Instances/Instances 3/mo14185_02.gt,14184,10.0,86400.0,PTVRP_LAYERED_SAFE,189013088.0,6210,0.014634798,0.032333
Instances/Instances 3/mo14185_03.gt,14184,10.0,86400.0,PTVRP_LAYERED_SAFE,187695839.0,6074,0.014772399,0.033868
Instances/Instances 3/mo14185_04.gt,14184,10.0,86400.0,PTVRP_LAYERED_SAFE,189513359.0,6121,0.015113699,0.036245
Instances/Instances 3/mo14185_05.gt,14184,10.0,86400.0,PTVRP_LAYERED_SAFE,190030739.0,6193,0.014698198,0.031298
Instances/Instances 3/mo14185_06.gt,14184,10.0,86400.0,PTVRP_LAYERED_SAFE,188462785.0,6202,0.014841599,0.035163
Instances/Instances 3/mo14185_07.gt,14184,10.0,86400.0,PTVRP_LAYERED_SAFE,189510438.0,6167,0.014860799,0.033289
Instances/Instances 3/mo14185_08.gt,14184,10.0,86400.0,PTVRP_LAYERED_SAFE,189230723.0,6209,0.014609699,0.034277
Instances/Instances 3/mo14185_09.gt,14184,10.0,86400.0,PTVRP_LAYERED_SAFE,188776833.0,6211,0.014816599,0.029929
Instances/Instances 3/mo14185_10.gt,14184,10.0,86400.0,PTVRP_LAYERED_SAFE,190259492.0,6150,0.014925899,0.030276
Instances/Instances 3/mu1979_01.gt,1978,10.0,86400.0,PTVRP_LAYERED_SAFE,21170613.0,942,0.002817599,0.01181
Instances/Instances 3/mu1979_02.gt,1978,10.0,86400.0,PTVRP_LAYERED_SAFE,21225319.0,941,0.002772999,0.012294
Instances/Instances 3/mu1979_03.gt,1978,10.0,86400.0,PTVRP_LAYERED_SAFE,21681777.0,932,0.002797500,0.013199
Instances/Instances 3/mu1979_04.gt,1978,10.0,86400.0,PTVRP_LAYERED_SAFE,20540625.0,918,0.002813400,0.010883
Instances/Instances 3/mu1979_05.gt,1978,10.0,86400.0,PTVRP_LAYERED_SAFE,20617936.0,930,0.002761899,0.0113
Instances/Instances 3/mu1979_06.gt,1978,10.0,86400.0,PTVRP_LAYERED_SAFE,20581045.0,941,0.002740700,0.013326
Instances/Instances 3/mu1979_07.gt,1978,10.0,86400.0,PTVRP_LAYERED_SAFE,20944937.0,931,0.002813700,0.012131
Instances/Instances 3/mu1979_08.gt,1978,10.0,86400.0,PTVRP_LAYERED_SAFE,20655147.0,919,0.002753099,0.010551
Instances/Instances 3/mu1979_09.gt,1978,10.0,86400.0,PTVRP_LAYERED_SAFE,21386643.0,957,0.002755999,0.011203
Instances/Instances 3/mu1979_10.gt,1978,10.0,86400.0,PTVRP_LAYERED_SAFE,20899924.0,957,0.002756599,0.013428
Instances/Instances 3/nrw1379_01.gt,1378,10.0,86400.0,PTVRP_LAYERED_SAFE,5653357.0,730,0.002059800,0.009876
Instances/Instances 3/nrw1379_02.gt,1378,10.0,86400.0,PTVRP_LAYERED_SAFE,5580432.0,741,0.002035100,0.010128
Instances/Instances 3/nrw1379_03.gt,1378,10.0,86400.0,PTVRP_LAYERED_SAFE,5833089.0,754,0.002018500,0.010277
Instances/Instances 3/nrw1379_04.gt,1378,10.0,86400.0,PTVRP_LAYERED_SAFE,5764558.0,742,0.002032900,0.008831
Instances/Instances 3/nrw1379_05.gt,1378,10.0,86400.0,PTVRP_LAYERED_SAFE,5699319.0,725,0.002037900,0.010723
Instances/Instances 3/nrw1379_06.gt,1378,10.0,86400.0,PTVRP_LAYERED_SAFE,5563588.0,747,0.002047999,0.010562
Instances/Instances 3/nrw1379_07.gt,1378,10.0,86400.0,PTVRP_LAYERED_SAFE,5729957.0,750,0.002051900,0.00925
Instances/Instances 3/nrw1379_08.gt,1378,10.0,86400.0,PTVRP_LAYERED_SAFE,5654639.0,734,0.002040700,0.00997
Instances/Instances 3/nrw1379_09.gt,1378,10.0,86400.0,PTVRP_LAYERED_SAFE,5784503.0,747,0.002021900,0.009493
Instances/Instances 3/nrw1379_10.gt,1378,10.0,86400.0,PTVRP_LAYERED_SAFE,5490488.0,706,0.002076600,0.010083
Instances/Instances 3/nu3496_01.gt,3495,10.0,86400.0,PTVRP_LAYERED_SAFE,19679188.0,1495,0.006001500,0.016144
Instances/Instances 3/nu3496_02.gt,3495,10.0,86400.0,PTVRP_LAYERED_SAFE,19667114.0,1513,0.005894899,0.018287
Instances/Instances 3/nu3496_03.gt,3495,10.0,86400.0,PTVRP_LAYERED_SAFE,19598847.0,1501,0.005902799,0.016317
Instances/Instances 3/nu3496_04.gt,3495,10.0,86400.0,PTVRP_LAYERED_SAFE,19847809.0,1521,0.005758200,0.015488
Instances/Instances 3/nu3496_05.gt,3495,10.0,86400.0,PTVRP_LAYERED_SAFE,20230717.0,1581,0.005740299,0.016408
Instances/Instances 3/nu3496_06.gt,3495,10.0,86400.0,PTVRP_LAYERED_SAFE,19735255.0,1519,0.005808199,0.016112
Instances/Instances 3/nu3496_07.gt,3495,10.0,86400.0,PTVRP_LAYERED_SAFE,19668992.0,1467,0.005853800,0.016199
Instances/Instances 3/nu3496_08.gt,3495,10.0,86400.0,PTVRP_LAYERED_SAFE,19814351.0,1557,0.005810600,0.015957
Instances/Instances 3/nu3496_09.gt,3495,10.0,86400.0,PTVRP_LAYERED_SAFE,19954560.0,1587,0.005796499,0.017138
Instances/Instances 3/nu3496_10.gt,3495,10.0,86400.0,PTVRP_LAYERED_SAFE,20053480.0,1558,0.005735600,0.015805
Instances/Instances 3/p654_01.gt,653,10.0,86400.0,PTVRP_LAYERED_SAFE,8542444.0,280,0.000537200,0.008781
Instances/Instances 3/p654_02.gt,653,10.0,86400.0,PTVRP_LAYERED_SAFE,8180776.0,270,0.000540200,0.008531
Instances/Instances 3/p654_03.gt,653,10.0,86400.0,PTVRP_LAYERED_SAFE,8753569.0,280,0.000519000,0.008411
Instances/Instances 3/p654_04.gt,653,10.0,86400.0,PTVRP_LAYERED_SAFE,8421204.0,278,0.000547500,0.007336
Instances/Instances 3/p654_05.gt,653,10.0,86400.0,PTVRP_LAYERED_SAFE,8551199.0,276,0.000530500,0.007426
Instances/Instances 3/p654_06.gt,653,10.0,86400.0,PTVRP_LAYERED_SAFE,8787699.0,287,0.000524700,0.007105
Instances/Instances 3/p654_07.gt,653,10.0,86400.0,PTVRP_LAYERED_SAFE,8575793.0,280,0.000532300,0.007163
Instances/Instances 3/p654_08.gt,653,10.0,86400.0,PTVRP_LAYERED_SAFE,8603865.0,288,0.000527600,0.008155
Instances/Instances 3/p654_09.gt,653,10.0,86400.0,PTVRP_LAYERED_SAFE,8022594.0,261,0.000548600,0.006889
Instances/Instances 3/p654_10.gt,653,10.0,86400.0,PTVRP_LAYERED_SAFE,8583498.0,279,0.000527900,0.007526
Instances/Instances 3/pcb1173_01.gt,1172,10.0,86400.0,PTVRP_LAYERED_SAFE,5492447.0,632,0.001598400,0.009179
Instances/Instances 3/pcb1173_02.gt,1172,10.0,86400.0,PTVRP_LAYERED_SAFE,5563928.0,640,0.001600700,0.008379
Instances/Instances 3/pcb1173_03.gt,1172,10.0,86400.0,PTVRP_LAYERED_SAFE,5587936.0,633,0.001640700,0.009025
Instances/Instances 3/pcb1173_04.gt,1172,10.0,86400.0,PTVRP_LAYERED_SAFE,5567967.0,626,0.001598799,0.00983
Instances/Instances 3/pcb1173_05.gt,1172,10.0,86400.0,PTVRP_LAYERED_SAFE,5576721.0,611,0.001625900,0.009843
Instances/Instances 3/pcb1173_06.gt,1172,10.0,86400.0,PTVRP_LAYERED_SAFE,5465231.0,645,0.001626900,0.008684
Instances/Instances 3/pcb1173_07.gt,1172,10.0,86400.0,PTVRP_LAYERED_SAFE,5607587.0,647,0.001604700,0.010513
Instances/Instances 3/pcb1173_08.gt,1172,10.0,86400.0,PTVRP_LAYERED_SAFE,5587654.0,610,0.001612500,0.010361
Instances/Instances 3/pcb1173_09.gt,1172,10.0,86400.0,PTVRP_LAYERED_SAFE,5641844.0,612,0.001633600,0.009914
Instances/Instances 3/pcb1173_10.gt,1172,10.0,86400.0,PTVRP_LAYERED_SAFE,5552925.0,633,0.001624200,0.010541
Instances/Instances 3/pcb3038_01.gt,3037,10.0,86400.0,PTVRP_LAYERED_SAFE,21095837.0,1469,0.003809199,0.013656
Instances/Instances 3/pcb3038_02.gt,3037,10.0,86400.0,PTVRP_LAYERED_SAFE,21244818.0,1453,0.003799599,0.013998
Instances/Instances 3/pcb3038_03.gt,3037,10.0,86400.0,PTVRP_LAYERED_SAFE,21218720.0,1484,0.003803500,0.013731
Instances/Instances 3/pcb3038_04.gt,3037,10.0,86400.0,PTVRP_LAYERED_SAFE,21102438.0,1411,0.003844800,0.013293
Instances/Instances 3/pcb3038_05.gt,3037,10.0,86400.0,PTVRP_LAYERED_SAFE,21004164.0,1453,0.003790200,0.014512
Instances/Instances 3/pcb3038_06.gt,3037,10.0,86400.0,PTVRP_LAYERED_SAFE,21288490.0,1471,0.003751700,0.014243
Instances/Instances 3/pcb3038_07.gt,3037,10.0,86400.0,PTVRP_LAYERED_SAFE,21450433.0,1493,0.003830200,0.013782
Instances/Instances 3/pcb3038_08.gt,3037,10.0,86400.0,PTVRP_LAYERED_SAFE,20676972.0,1451,0.003811899,0.013519
Instances/Instances 3/pcb3038_09.gt,3037,10.0,86400.0,PTVRP_LAYERED_SAFE,21100464.0,1395,0.003754399,0.013465
Instances/Instances 3/pcb3038_10.gt,3037,10.0,86400.0,PTVRP_LAYERED_SAFE,21461673.0,1422,0.003735299,0.012505
Instances/Instances 3/pcb442_01.gt,441,10.0,86400.0,PTVRP_LAYERED_SAFE,2985167.0,257,0.000410000,0.008579
Instances/Instances 3/pcb442_02.gt,441,10.0,86400.0,PTVRP_LAYERED_SAFE,3043256.0,264,0.000402600,0.008312
Instances/Instances 3/pcb442_03.gt,441,10.0,86400.0,PTVRP_LAYERED_SAFE,3057377.0,256,0.000413800,0.008337
Instances/Instances 3/pcb442_04.gt,441,10.0,86400.0,PTVRP_LAYERED_SAFE,3058219.0,280,0.000409200,0.008008
Instances/Instances 3/pcb442_05.gt,441,10.0,86400.0,PTVRP_LAYERED_SAFE,3006899.0,263,0.000431500,0.00816
Instances/Instances 3/pcb442_06.gt,441,10.0,86400.0,PTVRP_LAYERED_SAFE,3081123.0,253,0.000405400,0.008034
Instances/Instances 3/pcb442_07.gt,441,10.0,86400.0,PTVRP_LAYERED_SAFE,3097038.0,273,0.000406700,0.00743
Instances/Instances 3/pcb442_08.gt,441,10.0,86400.0,PTVRP_LAYERED_SAFE,3111295.0,269,0.000417400,0.007537
Instances/Instances 3/pcb442_09.gt,441,10.0,86400.0,PTVRP_LAYERED_SAFE,2972519.0,267,0.000417800,0.007879
Instances/Instances 3/pcb442_10.gt,441,10.0,86400.0,PTVRP_LAYERED_SAFE,3053895.0,267,0.000415100,0.008769
Instances/Instances 3/pm8079_01.gt,8078,10.0,86400.0,PTVRP_LAYERED_SAFE,42933464.0,3016,0.017357599,0.031413
Instances/Instances 3/pm8079_02.gt,8078,10.0,86400.0,PTVRP_LAYERED_SAFE,42885427.0,2932,0.017282299,0.031968
Instances/Instances 3/pm8079_03.gt,8078,10.0,86400.0,PTVRP_LAYERED_SAFE,42521512.0,3014,0.017312199,0.031318
Instances/Instances 3/pm8079_04.gt,8078,10.0,86400.0,PTVRP_LAYERED_SAFE,42847264.0,2992,0.017142499,0.031785
Instances/Instances 3/pm8079_05.gt,8078,10.0,86400.0,PTVRP_LAYERED_SAFE,42549861.0,2971,0.017320799,0.031517
Instances/Instances 3/pm8079_06.gt,8078,10.0,86400.0,PTVRP_LAYERED_SAFE,42547601.0,2982,0.017149998,0.031796
Instances/Instances 3/pm8079_07.gt,8078,10.0,86400.0,PTVRP_LAYERED_SAFE,42787176.0,3059,0.017029499,0.031638
Instances/Instances 3/pm8079_08.gt,8078,10.0,86400.0,PTVRP_LAYERED_SAFE,42824912.0,2983,0.016822598,0.030923
Instances/Instances 3/pm8079_09.gt,8078,10.0,86400.0,PTVRP_LAYERED_SAFE,42804345.0,3044,0.017004599,0.030891
Instances/Instances 3/pm8079_10.gt,8078,10.0,86400.0,PTVRP_LAYERED_SAFE,42939753.0,3046,0.017032899,0.030905
Instances/Instances 3/pr1002_01.gt,1001,10.0,86400.0,PTVRP_LAYERED_SAFE,NO SOLUTION,,0.000430600,0.009714
Instances/Instances 3/pr1002_02.gt,1001,10.0,86400.0,PTVRP_LAYERED_SAFE,NO SOLUTION,,0.000431000,0.008672
Instances/Instances 3/pr1002_03.gt,1001,10.0,86400.0,PTVRP_LAYERED_SAFE,NO SOLUTION,,0.000422600,0.008413
Instances/Instances 3/pr1002_04.gt,1001,10.0,86400.0,PTVRP_LAYERED_SAFE,NO SOLUTION,,0.000428200,0.008157
Instances/Instances 3/pr1002_05.gt,1001,10.0,86400.0,PTVRP_LAYERED_SAFE,NO SOLUTION,,0.000427500,0.007738
Instances/Instances 3/pr1002_06.gt,1001,10.0,86400.0,PTVRP_LAYERED_SAFE,NO SOLUTION,,0.000420400,0.007658
Instances/Instances 3/pr1002_07.gt,1001,10.0,86400.0,PTVRP_LAYERED_SAFE,NO SOLUTION,,0.000416900,0.007468
Instances/Instances 3/pr1002_08.gt,1001,10.0,86400.0,PTVRP_LAYERED_SAFE,NO SOLUTION,,0.000475200,0.008134
Instances/Instances 3/pr1002_09.gt,1001,10.0,86400.0,PTVRP_LAYERED_SAFE,26238795.0,663,0.000476900,0.008277
Instances/Instances 3/pr1002_10.gt,1001,10.0,86400.0,PTVRP_LAYERED_SAFE,NO SOLUTION,,0.000427700,0.007873
Instances/Instances 3/pr107_01.gt,106,10.0,86400.0,PTVRP_LAYERED_SAFE,2842350.0,71,0.000054200,0.007471
Instances/Instances 3/pr107_02.gt,106,10.0,86400.0,PTVRP_LAYERED_SAFE,2832765.0,81,0.000056100,0.007818
Instances/Instances 3/pr107_03.gt,106,10.0,86400.0,PTVRP_LAYERED_SAFE,2949729.0,78,0.000054000,0.007204
Instances/Instances 3/pr107_04.gt,106,10.0,86400.0,PTVRP_LAYERED_SAFE,2538563.0,74,0.000056300,0.007249
Instances/Instances 3/pr107_05.gt,106,10.0,86400.0,PTVRP_LAYERED_SAFE,3002051.0,78,0.000055700,0.006656
Instances/Instances 3/pr107_06.gt,106,10.0,86400.0,PTVRP_LAYERED_SAFE,2747923.0,75,0.000053800,0.006351
Instances/Instances 3/pr107_07.gt,106,10.0,86400.0,PTVRP_LAYERED_SAFE,2962783.0,80,0.000056000,0.006557
Instances/Instances 3/pr107_08.gt,106,10.0,86400.0,PTVRP_LAYERED_SAFE,3024084.0,78,0.000052400,0.006239
Instances/Instances 3/pr107_09.gt,106,10.0,86400.0,PTVRP_LAYERED_SAFE,3222280.0,81,0.000053800,0.008001
Instances/Instances 3/pr107_10.gt,106,10.0,86400.0,PTVRP_LAYERED_SAFE,3023371.0,79,0.000055400,0.008671
Instances/Instances 3/pr124_01.gt,123,10.0,86400.0,PTVRP_LAYERED_SAFE,2738248.0,80,0.000058600,0.009997
Instances/Instances 3/pr124_02.gt,123,10.0,86400.0,PTVRP_LAYERED_SAFE,2926304.0,80,0.000061500,0.009182
Instances/Instances 3/pr124_03.gt,123,10.0,86400.0,PTVRP_LAYERED_SAFE,2668445.0,76,0.000058500,0.008036
Instances/Instances 3/pr124_04.gt,123,10.0,86400.0,PTVRP_LAYERED_SAFE,2952477.0,87,0.000059400,0.005993
Instances/Instances 3/pr124_05.gt,123,10.0,86400.0,PTVRP_LAYERED_SAFE,2791237.0,83,0.000058000,0.005135
Instances/Instances 3/pr124_06.gt,123,10.0,86400.0,PTVRP_LAYERED_SAFE,2952491.0,91,0.000056500,0.006056
Instances/Instances 3/pr124_07.gt,123,10.0,86400.0,PTVRP_LAYERED_SAFE,2830151.0,85,0.000057100,0.005948
Instances/Instances 3/pr124_08.gt,123,10.0,86400.0,PTVRP_LAYERED_SAFE,2730369.0,80,0.000058700,0.005256
Instances/Instances 3/pr124_09.gt,123,10.0,86400.0,PTVRP_LAYERED_SAFE,2713480.0,81,0.000058100,0.005681
Instances/Instances 3/pr124_10.gt,123,10.0,86400.0,PTVRP_LAYERED_SAFE,2808418.0,87,0.000058800,0.00468
Instances/Instances 3/pr136_01.gt,135,10.0,86400.0,PTVRP_LAYERED_SAFE,NO SOLUTION,,0.000073600,0.005304
Instances/Instances 3/pr136_02.gt,135,10.0,86400.0,PTVRP_LAYERED_SAFE,3465435.0,91,0.000075000,0.005569
Instances/Instances 3/pr136_03.gt,135,10.0,86400.0,PTVRP_LAYERED_SAFE,3482228.0,92,0.000055200,0.004797
Instances/Instances 3/pr136_04.gt,135,10.0,86400.0,PTVRP_LAYERED_SAFE,3627284.0,96,0.000055100,0.005761
Instances/Instances 3/pr136_05.gt,135,10.0,86400.0,PTVRP_LAYERED_SAFE,3654384.0,98,0.000053800,0.006524
Instances/Instances 3/pr136_06.gt,135,10.0,86400.0,PTVRP_LAYERED_SAFE,NO SOLUTION,,0.000071400,0.006576
Instances/Instances 3/pr136_07.gt,135,10.0,86400.0,PTVRP_LAYERED_SAFE,3438549.0,91,0.000057400,0.005443
Instances/Instances 3/pr136_08.gt,135,10.0,86400.0,PTVRP_LAYERED_SAFE,3434377.0,89,0.000054500,0.006311
Instances/Instances 3/pr136_09.gt,135,10.0,86400.0,PTVRP_LAYERED_SAFE,3546661.0,99,0.000055400,0.007127
Instances/Instances 3/pr136_10.gt,135,10.0,86400.0,PTVRP_LAYERED_SAFE,3622855.0,96,0.000054300,0.006039
Instances/Instances 3/pr144_01.gt,143,10.0,86400.0,PTVRP_LAYERED_SAFE,3349011.0,80,0.000073300,0.006445
Instances/Instances 3/pr144_02.gt,143,10.0,86400.0,PTVRP_LAYERED_SAFE,3151503.0,84,0.000076900,0.005943
Instances/Instances 3/pr144_03.gt,143,10.0,86400.0,PTVRP_LAYERED_SAFE,3289674.0,95,0.000073300,0.005682
Instances/Instances 3/pr144_04.gt,143,10.0,86400.0,PTVRP_LAYERED_SAFE,3327375.0,91,0.000074000,0.006289
Instances/Instances 3/pr144_05.gt,143,10.0,86400.0,PTVRP_LAYERED_SAFE,3318979.0,96,0.000072500,0.00683
Instances/Instances 3/pr144_06.gt,143,10.0,86400.0,PTVRP_LAYERED_SAFE,3438136.0,89,0.000072300,0.007494
Instances/Instances 3/pr144_07.gt,143,10.0,86400.0,PTVRP_LAYERED_SAFE,3276333.0,94,0.000071700,0.006665
Instances/Instances 3/pr144_08.gt,143,10.0,86400.0,PTVRP_LAYERED_SAFE,3165450.0,86,0.000074400,0.006709
Instances/Instances 3/pr144_09.gt,143,10.0,86400.0,PTVRP_LAYERED_SAFE,3730632.0,101,0.000070800,0.00622
Instances/Instances 3/pr144_10.gt,143,10.0,86400.0,PTVRP_LAYERED_SAFE,2887431.0,86,0.000077200,0.00613
Instances/Instances 3/pr152_01.gt,151,10.0,86400.0,PTVRP_LAYERED_SAFE,4095117.0,102,0.000068100,0.00618
Instances/Instances 3/pr152_02.gt,151,10.0,86400.0,PTVRP_LAYERED_SAFE,3884467.0,103,0.000078500,0.006626
Instances/Instances 3/pr152_03.gt,151,10.0,86400.0,PTVRP_LAYERED_SAFE,4308009.0,103,0.000082500,0.005688
Instances/Instances 3/pr152_04.gt,151,10.0,86400.0,PTVRP_LAYERED_SAFE,NO SOLUTION,,0.000084300,0.005416
Instances/Instances 3/pr152_05.gt,151,10.0,86400.0,PTVRP_LAYERED_SAFE,NO SOLUTION,,0.000081300,0.005567
Instances/Instances 3/pr152_06.gt,151,10.0,86400.0,PTVRP_LAYERED_SAFE,4202908.0,108,0.000069600,0.00475
Instances/Instances 3/pr152_07.gt,151,10.0,86400.0,PTVRP_LAYERED_SAFE,4003826.0,102,0.000071000,0.005768
Instances/Instances 3/pr152_08.gt,151,10.0,86400.0,PTVRP_LAYERED_SAFE,4169887.0,111,0.000072500,0.00518
Instances/Instances 3/pr152_09.gt,151,10.0,86400.0,PTVRP_LAYERED_SAFE,3885939.0,109,0.000072900,0.005789
Instances/Instances 3/pr152_10.gt,151,10.0,86400.0,PTVRP_LAYERED_SAFE,4061782.0,105,0.000072400,0.005589
Instances/Instances 3/pr226_01.gt,225,10.0,86400.0,PTVRP_LAYERED_SAFE,7069881.0,147,0.000099600,0.005108
Instances/Instances 3/pr226_02.gt,225,10.0,86400.0,PTVRP_LAYERED_SAFE,NO SOLUTION,,0.000119500,0.005562
Instances/Instances 3/pr226_03.gt,225,10.0,86400.0,PTVRP_LAYERED_SAFE,NO SOLUTION,,0.000106400,0.004954
Instances/Instances 3/pr226_04.gt,225,10.0,86400.0,PTVRP_LAYERED_SAFE,NO SOLUTION,,0.000101500,0.005623
Instances/Instances 3/pr226_05.gt,225,10.0,86400.0,PTVRP_LAYERED_SAFE,NO SOLUTION,,0.000102200,0.005095
Instances/Instances 3/pr226_06.gt,225,10.0,86400.0,PTVRP_LAYERED_SAFE,NO SOLUTION,,0.000106100,0.004966
Instances/Instances 3/pr226_07.gt,225,10.0,86400.0,PTVRP_LAYERED_SAFE,NO SOLUTION,,0.000102800,0.004881
Instances/Instances 3/pr226_08.gt,225,10.0,86400.0,PTVRP_LAYERED_SAFE,NO SOLUTION,,0.000103800,0.005736
Instances/Instances 3/pr226_09.gt,225,10.0,86400.0,PTVRP_LAYERED_SAFE,NO SOLUTION,,0.000105800,0.005659
Instances/Instances 3/pr226_10.gt,225,10.0,86400.0,PTVRP_LAYERED_SAFE,NO SOLUTION,,0.000103400,0.005363
Instances/Instances 3/pr2392_01.gt,2391,10.0,86400.0,PTVRP_LAYERED_SAFE,59233110.0,1458,0.001261900,0.00876
Instances/Instances 3/pr2392_02.gt,2391,10.0,86400.0,PTVRP_LAYERED_SAFE,61455827.0,1518,0.001256300,0.008447
Instances/Instances 3/pr2392_03.gt,2391,10.0,86400.0,PTVRP_LAYERED_SAFE,NO SOLUTION,,0.001116900,0.009518
Instances/Instances 3/pr2392_04.gt,2391,10.0,86400.0,PTVRP_LAYERED_SAFE,61154647.0,1491,0.001265200,0.008579
Instances/Instances 3/pr2392_05.gt,2391,10.0,86400.0,PTVRP_LAYERED_SAFE,NO SOLUTION,,0.001290200,0.01028
Instances/Instances 3/pr2392_06.gt,2391,10.0,86400.0,PTVRP_LAYERED_SAFE,63367215.0,1514,0.001237900,0.010822
Instances/Instances 3/pr2392_07.gt,2391,10.0,86400.0,PTVRP_LAYERED_SAFE,61568743.0,1463,0.001252900,0.010107
Instances/Instances 3/pr2392_08.gt,2391,10.0,86400.0,PTVRP_LAYERED_SAFE,NO SOLUTION,,0.001112400,0.009197
Instances/Instances 3/pr2392_09.gt,2391,10.0,86400.0,PTVRP_LAYERED_SAFE,61739153.0,1484,0.001254300,0.010016
Instances/Instances 3/pr2392_10.gt,2391,10.0,86400.0,PTVRP_LAYERED_SAFE,61905857.0,1525,0.001248900,0.009041
Instances/Instances 3/pr264_01.gt,263,10.0,86400.0,PTVRP_LAYERED_SAFE,4898412.0,147,0.000159500,0.007217
Instances/Instances 3/pr264_02.gt,263,10.0,86400.0,PTVRP_LAYERED_SAFE,5469074.0,156,0.000152900,0.006818
Instances/Instances 3/pr264_03.gt,263,10.0,86400.0,PTVRP_LAYERED_SAFE,5600488.0,175,0.000158300,0.006391
Instances/Instances 3/pr264_04.gt,263,10.0,86400.0,PTVRP_LAYERED_SAFE,5521963.0,163,0.000155300,0.005474
Instances/Instances 3/pr264_05.gt,263,10.0,86400.0,PTVRP_LAYERED_SAFE,5070497.0,156,0.000161500,0.006596
Instances/Instances 3/pr264_06.gt,263,10.0,86400.0,PTVRP_LAYERED_SAFE,5146593.0,160,0.000155700,0.005825
Instances/Instances 3/pr264_07.gt,263,10.0,86400.0,PTVRP_LAYERED_SAFE,5556735.0,158,0.000152900,0.00546
Instances/Instances 3/pr264_08.gt,263,10.0,86400.0,PTVRP_LAYERED_SAFE,5444873.0,157,0.000153500,0.006046
Instances/Instances 3/pr264_09.gt,263,10.0,86400.0,PTVRP_LAYERED_SAFE,5194033.0,159,0.000158800,0.005434
Instances/Instances 3/pr264_10.gt,263,10.0,86400.0,PTVRP_LAYERED_SAFE,5463349.0,162,0.000176800,0.005373
Instances/Instances 3/pr299_01.gt,298,10.0,86400.0,PTVRP_LAYERED_SAFE,2952053.0,177,0.000227100,0.005445
Instances/Instances 3/pr299_02.gt,298,10.0,86400.0,PTVRP_LAYERED_SAFE,3261806.0,186,0.000222100,0.005543
Instances/Instances 3/pr299_03.gt,298,10.0,86400.0,PTVRP_LAYERED_SAFE,3366029.0,186,0.000219700,0.005077
Instances/Instances 3/pr299_04.gt,298,10.0,86400.0,PTVRP_LAYERED_SAFE,3047528.0,167,0.000230600,0.005935
Instances/Instances 3/pr299_05.gt,298,10.0,86400.0,PTVRP_LAYERED_SAFE,3045661.0,172,0.000229900,0.006242
Instances/Instances 3/pr299_06.gt,298,10.0,86400.0,PTVRP_LAYERED_SAFE,3194351.0,177,0.000222500,0.006888
Instances/Instances 3/pr299_07.gt,298,10.0,86400.0,PTVRP_LAYERED_SAFE,3247132.0,178,0.000247700,0.006556
Instances/Instances 3/pr299_08.gt,298,10.0,86400.0,PTVRP_LAYERED_SAFE,3038194.0,173,0.000262200,0.007559
Instances/Instances 3/pr299_09.gt,298,10.0,86400.0,PTVRP_LAYERED_SAFE,3334326.0,184,0.000226200,0.006719
Instances/Instances 3/pr299_10.gt,298,10.0,86400.0,PTVRP_LAYERED_SAFE,3101259.0,175,0.000219100,0.007371
Instances/Instances 3/pr439_01.gt,438,10.0,86400.0,PTVRP_LAYERED_SAFE,7480967.0,270,0.000271400,0.006457
Instances/Instances 3/pr439_02.gt,438,10.0,86400.0,PTVRP_LAYERED_SAFE,7999497.0,273,0.000264200,0.007868
Instances/Instances 3/pr439_03.gt,438,10.0,86400.0,PTVRP_LAYERED_SAFE,NO SOLUTION,,0.000269500,0.007139
Instances/Instances 3/pr439_04.gt,438,10.0,86400.0,PTVRP_LAYERED_SAFE,NO SOLUTION,,0.000286800,0.008268
Instances/Instances 3/pr439_05.gt,438,10.0,86400.0,PTVRP_LAYERED_SAFE,8025635.0,267,0.000274800,0.00874
Instances/Instances 3/pr439_06.gt,438,10.0,86400.0,PTVRP_LAYERED_SAFE,NO SOLUTION,,0.000278800,0.010266
Instances/Instances 3/pr439_07.gt,438,10.0,86400.0,PTVRP_LAYERED_SAFE,NO SOLUTION,,0.000322100,0.010022
Instances/Instances 3/pr439_08.gt,438,10.0,86400.0,PTVRP_LAYERED_SAFE,NO SOLUTION,,0.000264100,0.007109
Instances/Instances 3/pr439_09.gt,438,10.0,86400.0,PTVRP_LAYERED_SAFE,NO SOLUTION,,0.000299000,0.006213
Instances/Instances 3/pr439_10.gt,438,10.0,86400.0,PTVRP_LAYERED_SAFE,7840130.0,266,0.000273600,0.006054
Instances/Instances 3/pr76_01.gt,75,10.0,86400.0,PTVRP_LAYERED_SAFE,NO SOLUTION,,0.000045800,0.005282
Instances/Instances 3/pr76_02.gt,75,10.0,86400.0,PTVRP_LAYERED_SAFE,NO SOLUTION,,0.000049400,0.005552
Instances/Instances 3/pr76_03.gt,75,10.0,86400.0,PTVRP_LAYERED_SAFE,NO SOLUTION,,0.000043000,0.006113
Instances/Instances 3/pr76_04.gt,75,10.0,86400.0,PTVRP_LAYERED_SAFE,NO SOLUTION,,0.000043000,0.005523
Instances/Instances 3/pr76_05.gt,75,10.0,86400.0,PTVRP_LAYERED_SAFE,NO SOLUTION,,0.000045200,0.00528
Instances/Instances 3/pr76_06.gt,75,10.0,86400.0,PTVRP_LAYERED_SAFE,2198661.0,54,0.000028600,0.005772
Instances/Instances 3/pr76_07.gt,75,10.0,86400.0,PTVRP_LAYERED_SAFE,NO SOLUTION,,0.000045000,0.004961
Instances/Instances 3/pr76_08.gt,75,10.0,86400.0,PTVRP_LAYERED_SAFE,NO SOLUTION,,0.000041900,0.006043
Instances/Instances 3/pr76_09.gt,75,10.0,86400.0,PTVRP_LAYERED_SAFE,NO SOLUTION,,0.000042300,0.006072
Instances/Instances 3/pr76_10.gt,75,10.0,86400.0,PTVRP_LAYERED_SAFE,NO SOLUTION,,0.000043300,0.005426
Instances/Instances 3/qa194_01.gt,193,10.0,86400.0,PTVRP_LAYERED_SAFE,397222.0,120,0.000303700,0.007678
Instances/Instances 3/qa194_02.gt,193,10.0,86400.0,PTVRP_LAYERED_SAFE,394061.0,125,0.000307400,0.007274
Instances/Instances 3/qa194_03.gt,193,10.0,86400.0,PTVRP_LAYERED_SAFE,373224.0,123,0.000305300,0.007521
Instances/Instances 3/qa194_04.gt,193,10.0,86400.0,PTVRP_LAYERED_SAFE,391411.0,126,0.000308800,0.006597
Instances/Instances 3/qa194_05.gt,193,10.0,86400.0,PTVRP_LAYERED_SAFE,403650.0,130,0.000324900,0.006471
Instances/Instances 3/qa194_06.gt,193,10.0,86400.0,PTVRP_LAYERED_SAFE,394858.0,122,0.000303500,0.005315
Instances/Instances 3/qa194_07.gt,193,10.0,86400.0,PTVRP_LAYERED_SAFE,404906.0,121,0.000308200,0.005826
Instances/Instances 3/qa194_08.gt,193,10.0,86400.0,PTVRP_LAYERED_SAFE,391155.0,121,0.000310200,0.005859
Instances/Instances 3/qa194_09.gt,193,10.0,86400.0,PTVRP_LAYERED_SAFE,374826.0,122,0.000308600,0.006305
Instances/Instances 3/qa194_10.gt,193,10.0,86400.0,PTVRP_LAYERED_SAFE,382570.0,123,0.000307200,0.005097
Instances/Instances 3/rat195_01.gt,194,10.0,86400.0,PTVRP_LAYERED_SAFE,98540.0,134,0.000514100,0.006709
Instances/Instances 3/rat195_02.gt,194,10.0,86400.0,PTVRP_LAYERED_SAFE,94314.0,130,0.000542100,0.00676
Instances/Instances 3/rat195_03.gt,194,10.0,86400.0,PTVRP_LAYERED_SAFE,94818.0,121,0.000516900,0.007158
Instances/Instances 3/rat195_04.gt,194,10.0,86400.0,PTVRP_LAYERED_SAFE,87178.0,127,0.000510000,0.005691
Instances/Instances 3/rat195_05.gt,194,10.0,86400.0,PTVRP_LAYERED_SAFE,93874.0,117,0.000517800,0.00704
Instances/Instances 3/rat195_06.gt,194,10.0,86400.0,PTVRP_LAYERED_SAFE,93715.0,133,0.000535000,0.007082
Instances/Instances 3/rat195_07.gt,194,10.0,86400.0,PTVRP_LAYERED_SAFE,88104.0,129,0.000513000,0.006709
Instances/Instances 3/rat195_08.gt,194,10.0,86400.0,PTVRP_LAYERED_SAFE,89023.0,130,0.000535300,0.005907
Instances/Instances 3/rat195_09.gt,194,10.0,86400.0,PTVRP_LAYERED_SAFE,91653.0,137,0.000529800,0.007257
Instances/Instances 3/rat195_10.gt,194,10.0,86400.0,PTVRP_LAYERED_SAFE,97668.0,123,0.000521200,0.006972
Instances/Instances 3/rat575_01.gt,574,10.0,86400.0,PTVRP_LAYERED_SAFE,471901.0,334,0.001765800,0.007164
Instances/Instances 3/rat575_02.gt,574,10.0,86400.0,PTVRP_LAYERED_SAFE,454201.0,331,0.001689400,0.008213
Instances/Instances 3/rat575_03.gt,574,10.0,86400.0,PTVRP_LAYERED_SAFE,440963.0,326,0.001671200,0.009111
Instances/Instances 3/rat575_04.gt,574,10.0,86400.0,PTVRP_LAYERED_SAFE,461536.0,333,0.001681700,0.009554
Instances/Instances 3/rat575_05.gt,574,10.0,86400.0,PTVRP_LAYERED_SAFE,467188.0,344,0.001678600,0.008661
Instances/Instances 3/rat575_06.gt,574,10.0,86400.0,PTVRP_LAYERED_SAFE,443838.0,328,0.001660900,0.008179
Instances/Instances 3/rat575_07.gt,574,10.0,86400.0,PTVRP_LAYERED_SAFE,463217.0,356,0.001638900,0.009104
Instances/Instances 3/rat575_08.gt,574,10.0,86400.0,PTVRP_LAYERED_SAFE,459210.0,335,0.001670100,0.009074
Instances/Instances 3/rat575_09.gt,574,10.0,86400.0,PTVRP_LAYERED_SAFE,445686.0,345,0.001679700,0.008931
Instances/Instances 3/rat575_10.gt,574,10.0,86400.0,PTVRP_LAYERED_SAFE,461722.0,346,0.001696500,0.009754
Instances/Instances 3/rat783_01.gt,782,10.0,86400.0,PTVRP_LAYERED_SAFE,724330.0,425,0.002328499,0.011046
Instances/Instances 3/rat783_02.gt,782,10.0,86400.0,PTVRP_LAYERED_SAFE,702792.0,431,0.002348899,0.011913
Instances/Instances 3/rat783_03.gt,782,10.0,86400.0,PTVRP_LAYERED_SAFE,723849.0,449,0.002312099,0.012401
Instances/Instances 3/rat783_04.gt,782,10.0,86400.0,PTVRP_LAYERED_SAFE,705808.0,436,0.002334100,0.01034
Instances/Instances 3/rat783_05.gt,782,10.0,86400.0,PTVRP_LAYERED_SAFE,719690.0,438,0.002286900,0.009325
Instances/Instances 3/rat783_06.gt,782,10.0,86400.0,PTVRP_LAYERED_SAFE,720841.0,444,0.002315000,0.00983
Instances/Instances 3/rat783_07.gt,782,10.0,86400.0,PTVRP_LAYERED_SAFE,722484.0,443,0.002325900,0.008726
Instances/Instances 3/rat783_08.gt,782,10.0,86400.0,PTVRP_LAYERED_SAFE,704351.0,449,0.002296299,0.00957
Instances/Instances 3/rat783_09.gt,782,10.0,86400.0,PTVRP_LAYERED_SAFE,715764.0,453,0.002288200,0.01042
Instances/Instances 3/rat783_10.gt,782,10.0,86400.0,PTVRP_LAYERED_SAFE,724694.0,432,0.002321500,0.009859
Instances/Instances 3/rat99_01.gt,98,10.0,86400.0,PTVRP_LAYERED_SAFE,30816.0,69,0.000227700,0.007891
Instances/Instances 3/rat99_02.gt,98,10.0,86400.0,PTVRP_LAYERED_SAFE,30976.0,74,0.000230200,0.007731
Instances/Instances 3/rat99_03.gt,98,10.0,86400.0,PTVRP_LAYERED_SAFE,35851.0,67,0.000243100,0.007035
Instances/Instances 3/rat99_04.gt,98,10.0,86400.0,PTVRP_LAYERED_SAFE,36989.0,63,0.000233600,0.00656
Instances/Instances 3/rat99_05.gt,98,10.0,86400.0,PTVRP_LAYERED_SAFE,32166.0,72,0.000258500,0.007192
Instances/Instances 3/rat99_06.gt,98,10.0,86400.0,PTVRP_LAYERED_SAFE,37249.0,69,0.000235500,0.00603
Instances/Instances 3/rat99_07.gt,98,10.0,86400.0,PTVRP_LAYERED_SAFE,36012.0,63,0.000227500,0.006215
Instances/Instances 3/rat99_08.gt,98,10.0,86400.0,PTVRP_LAYERED_SAFE,34923.0,68,0.000235400,0.006055
Instances/Instances 3/rat99_09.gt,98,10.0,86400.0,PTVRP_LAYERED_SAFE,36927.0,74,0.000236000,0.006382
Instances/Instances 3/rat99_10.gt,98,10.0,86400.0,PTVRP_LAYERED_SAFE,31864.0,63,0.000231900,0.005837
Instances/Instances 3/rd100_01.gt,99,10.0,86400.0,PTVRP_LAYERED_SAFE,201225.0,63,0.000119400,0.00699
Instances/Instances 3/rd100_02.gt,99,10.0,86400.0,PTVRP_LAYERED_SAFE,212931.0,69,0.000119800,0.006134
Instances/Instances 3/rd100_03.gt,99,10.0,86400.0,PTVRP_LAYERED_SAFE,239007.0,66,0.000123100,0.005874
Instances/Instances 3/rd100_04.gt,99,10.0,86400.0,PTVRP_LAYERED_SAFE,229960.0,64,0.000117100,0.006219
Instances/Instances 3/rd100_05.gt,99,10.0,86400.0,PTVRP_LAYERED_SAFE,231324.0,75,0.000120800,0.005964
Instances/Instances 3/rd100_06.gt,99,10.0,86400.0,PTVRP_LAYERED_SAFE,241404.0,71,0.000121400,0.00586
Instances/Instances 3/rd100_07.gt,99,10.0,86400.0,PTVRP_LAYERED_SAFE,245382.0,70,0.000121800,0.005824
Instances/Instances 3/rd100_08.gt,99,10.0,86400.0,PTVRP_LAYERED_SAFE,238446.0,73,0.000180800,0.006518
Instances/Instances 3/rd100_09.gt,99,10.0,86400.0,PTVRP_LAYERED_SAFE,240387.0,68,0.000121600,0.006787
Instances/Instances 3/rd100_10.gt,99,10.0,86400.0,PTVRP_LAYERED_SAFE,200465.0,61,0.000119600,0.005917
Instances/Instances 3/rd400_01.gt,399,10.0,86400.0,PTVRP_LAYERED_SAFE,851551.0,241,0.000683600,0.006653
Instances/Instances 3/rd400_02.gt,399,10.0,86400.0,PTVRP_LAYERED_SAFE,834873.0,252,0.000641200,0.006685
Instances/Instances 3/rd400_03.gt,399,10.0,86400.0,PTVRP_LAYERED_SAFE,850403.0,238,0.000663000,0.007821
Instances/Instances 3/rd400_04.gt,399,10.0,86400.0,PTVRP_LAYERED_SAFE,818097.0,242,0.000652100,0.007198
Instances/Instances 3/rd400_05.gt,399,10.0,86400.0,PTVRP_LAYERED_SAFE,892389.0,243,0.000644400,0.005932
Instances/Instances 3/rd400_06.gt,399,10.0,86400.0,PTVRP_LAYERED_SAFE,852932.0,239,0.000634400,0.007148
Instances/Instances 3/rd400_07.gt,399,10.0,86400.0,PTVRP_LAYERED_SAFE,871332.0,235,0.000642700,0.007417
Instances/Instances 3/rd400_08.gt,399,10.0,86400.0,PTVRP_LAYERED_SAFE,878797.0,233,0.000639899,0.008144
Instances/Instances 3/rd400_09.gt,399,10.0,86400.0,PTVRP_LAYERED_SAFE,842201.0,249,0.000647600,0.00741
Instances/Instances 3/rd400_10.gt,399,10.0,86400.0,PTVRP_LAYERED_SAFE,835330.0,239,0.000654100,0.007915
Instances/Instances 3/rl11849_01.gt,11848,10.0,86400.0,PTVRP_LAYERED_SAFE,NO SOLUTION,,0.006365500,0.020545
Instances/Instances 3/rl11849_02.gt,11848,10.0,86400.0,PTVRP_LAYERED_SAFE,NO SOLUTION,,0.006372000,0.022122
Instances/Instances 3/rl11849_03.gt,11848,10.0,86400.0,PTVRP_LAYERED_SAFE,NO SOLUTION,,0.006293900,0.023144
Instances/Instances 3/rl11849_04.gt,11848,10.0,86400.0,PTVRP_LAYERED_SAFE,NO SOLUTION,,0.006466699,0.023775
Instances/Instances 3/rl11849_05.gt,11848,10.0,86400.0,PTVRP_LAYERED_SAFE,NO SOLUTION,,0.006281500,0.024678
Instances/Instances 3/rl11849_06.gt,11848,10.0,86400.0,PTVRP_LAYERED_SAFE,NO SOLUTION,,0.006295700,0.025742
Instances/Instances 3/rl11849_07.gt,11848,10.0,86400.0,PTVRP_LAYERED_SAFE,NO SOLUTION,,0.006349400,0.024338
Instances/Instances 3/rl11849_08.gt,11848,10.0,86400.0,PTVRP_LAYERED_SAFE,NO SOLUTION,,0.006426200,0.02326
Instances/Instances 3/rl11849_09.gt,11848,10.0,86400.0,PTVRP_LAYERED_SAFE,NO SOLUTION,,0.006363400,0.023632
Instances/Instances 3/rl11849_10.gt,11848,10.0,86400.0,PTVRP_LAYERED_SAFE,NO SOLUTION,,0.006344800,0.025045
Instances/Instances 3/rl1304_01.gt,1303,10.0,86400.0,PTVRP_LAYERED_SAFE,NO SOLUTION,,0.000617900,0.01089
Instances/Instances 3/rl1304_02.gt,1303,10.0,86400.0,PTVRP_LAYERED_SAFE,NO SOLUTION,,0.000634700,0.009956
Instances/Instances 3/rl1304_03.gt,1303,10.0,86400.0,PTVRP_LAYERED_SAFE,NO SOLUTION,,0.000598000,0.009369
Instances/Instances 3/rl1304_04.gt,1303,10.0,86400.0,PTVRP_LAYERED_SAFE,NO SOLUTION,,0.000627600,0.009456
Instances/Instances 3/rl1304_05.gt,1303,10.0,86400.0,PTVRP_LAYERED_SAFE,NO SOLUTION,,0.000601900,0.008325
Instances/Instances 3/rl1304_06.gt,1303,10.0,86400.0,PTVRP_LAYERED_SAFE,NO SOLUTION,,0.000630400,0.008646
Instances/Instances 3/rl1304_07.gt,1303,10.0,86400.0,PTVRP_LAYERED_SAFE,NO SOLUTION,,0.000630600,0.007902
Instances/Instances 3/rl1304_08.gt,1303,10.0,86400.0,PTVRP_LAYERED_SAFE,NO SOLUTION,,0.000605000,0.008504
Instances/Instances 3/rl1304_09.gt,1303,10.0,86400.0,PTVRP_LAYERED_SAFE,NO SOLUTION,,0.000596300,0.008471
Instances/Instances 3/rl1304_10.gt,1303,10.0,86400.0,PTVRP_LAYERED_SAFE,NO SOLUTION,,0.000589200,0.008413
Instances/Instances 3/rl1323_01.gt,1322,10.0,86400.0,PTVRP_LAYERED_SAFE,NO SOLUTION,,0.000579500,0.009077
Instances/Instances 3/rl1323_02.gt,1322,10.0,86400.0,PTVRP_LAYERED_SAFE,NO SOLUTION,,0.000598100,0.007866
Instances/Instances 3/rl1323_03.gt,1322,10.0,86400.0,PTVRP_LAYERED_SAFE,NO SOLUTION,,0.000615200,0.009227
Instances/Instances 3/rl1323_04.gt,1322,10.0,86400.0,PTVRP_LAYERED_SAFE,NO SOLUTION,,0.000769700,0.008833
Instances/Instances 3/rl1323_05.gt,1322,10.0,86400.0,PTVRP_LAYERED_SAFE,NO SOLUTION,,0.000599700,0.011015
Instances/Instances 3/rl1323_06.gt,1322,10.0,86400.0,PTVRP_LAYERED_SAFE,NO SOLUTION,,0.000625400,0.009575
Instances/Instances 3/rl1323_07.gt,1322,10.0,86400.0,PTVRP_LAYERED_SAFE,NO SOLUTION,,0.000637300,0.008557
Instances/Instances 3/rl1323_08.gt,1322,10.0,86400.0,PTVRP_LAYERED_SAFE,NO SOLUTION,,0.000601000,0.008655
Instances/Instances 3/rl1323_09.gt,1322,10.0,86400.0,PTVRP_LAYERED_SAFE,NO SOLUTION,,0.000590400,0.008025
Instances/Instances 3/rl1323_10.gt,1322,10.0,86400.0,PTVRP_LAYERED_SAFE,NO SOLUTION,,0.000596700,0.007425
Instances/Instances 3/rl1889_01.gt,1888,10.0,86400.0,PTVRP_LAYERED_SAFE,NO SOLUTION,,0.000768200,0.008301
Instances/Instances 3/rl1889_02.gt,1888,10.0,86400.0,PTVRP_LAYERED_SAFE,NO SOLUTION,,0.000757800,0.007681
Instances/Instances 3/rl1889_03.gt,1888,10.0,86400.0,PTVRP_LAYERED_SAFE,NO SOLUTION,,0.000766500,0.008118
Instances/Instances 3/rl1889_04.gt,1888,10.0,86400.0,PTVRP_LAYERED_SAFE,NO SOLUTION,,0.000774900,0.006797
Instances/Instances 3/rl1889_05.gt,1888,10.0,86400.0,PTVRP_LAYERED_SAFE,NO SOLUTION,,0.000779600,0.008327
Instances/Instances 3/rl1889_06.gt,1888,10.0,86400.0,PTVRP_LAYERED_SAFE,NO SOLUTION,,0.000779400,0.007762
Instances/Instances 3/rl1889_07.gt,1888,10.0,86400.0,PTVRP_LAYERED_SAFE,NO SOLUTION,,0.000768200,0.009334
Instances/Instances 3/rl1889_08.gt,1888,10.0,86400.0,PTVRP_LAYERED_SAFE,NO SOLUTION,,0.000783100,0.007815
Instances/Instances 3/rl1889_09.gt,1888,10.0,86400.0,PTVRP_LAYERED_SAFE,NO SOLUTION,,0.000767400,0.007655
Instances/Instances 3/rl1889_10.gt,1888,10.0,86400.0,PTVRP_LAYERED_SAFE,NO SOLUTION,,0.000777600,0.006885
Instances/Instances 3/rl5915_01.gt,5914,10.0,86400.0,PTVRP_LAYERED_SAFE,NO SOLUTION,,0.002712900,0.014093
Instances/Instances 3/rl5915_02.gt,5914,10.0,86400.0,PTVRP_LAYERED_SAFE,NO SOLUTION,,0.002725500,0.015663
Instances/Instances 3/rl5915_03.gt,5914,10.0,86400.0,PTVRP_LAYERED_SAFE,NO SOLUTION,,0.002904500,0.01684
Instances/Instances 3/rl5915_04.gt,5914,10.0,86400.0,PTVRP_LAYERED_SAFE,NO SOLUTION,,0.002710700,0.015054
Instances/Instances 3/rl5915_05.gt,5914,10.0,86400.0,PTVRP_LAYERED_SAFE,NO SOLUTION,,0.002966900,0.014761
Instances/Instances 3/rl5915_06.gt,5914,10.0,86400.0,PTVRP_LAYERED_SAFE,NO SOLUTION,,0.002911000,0.015704
Instances/Instances 3/rl5915_07.gt,5914,10.0,86400.0,PTVRP_LAYERED_SAFE,NO SOLUTION,,0.002708000,0.015038
Instances/Instances 3/rl5915_08.gt,5914,10.0,86400.0,PTVRP_LAYERED_SAFE,NO SOLUTION,,0.002717700,0.016141
Instances/Instances 3/rl5915_09.gt,5914,10.0,86400.0,PTVRP_LAYERED_SAFE,NO SOLUTION,,0.002727500,0.016261
Instances/Instances 3/rl5915_10.gt,5914,10.0,86400.0,PTVRP_LAYERED_SAFE,NO SOLUTION,,0.002946600,0.015024
Instances/Instances 3/rl5934_01.gt,5933,10.0,86400.0,PTVRP_LAYERED_SAFE,NO SOLUTION,,0.002929300,0.015411
Instances/Instances 3/rl5934_02.gt,5933,10.0,86400.0,PTVRP_LAYERED_SAFE,NO SOLUTION,,0.002950000,0.014556
Instances/Instances 3/rl5934_03.gt,5933,10.0,86400.0,PTVRP_LAYERED_SAFE,NO SOLUTION,,0.003011500,0.014558
Instances/Instances 3/rl5934_04.gt,5933,10.0,86400.0,PTVRP_LAYERED_SAFE,NO SOLUTION,,0.002973000,0.015483
Instances/Instances 3/rl5934_05.gt,5933,10.0,86400.0,PTVRP_LAYERED_SAFE,NO SOLUTION,,0.002900000,0.014943
Instances/Instances 3/rl5934_06.gt,5933,10.0,86400.0,PTVRP_LAYERED_SAFE,NO SOLUTION,,0.002876700,0.014601
Instances/Instances 3/rl5934_07.gt,5933,10.0,86400.0,PTVRP_LAYERED_SAFE,NO SOLUTION,,0.002893900,0.015434
Instances/Instances 3/rl5934_08.gt,5933,10.0,86400.0,PTVRP_LAYERED_SAFE,NO SOLUTION,,0.002888100,0.01587
Instances/Instances 3/rl5934_09.gt,5933,10.0,86400.0,PTVRP_LAYERED_SAFE,NO SOLUTION,,0.002890500,0.015236
Instances/Instances 3/rl5934_10.gt,5933,10.0,86400.0,PTVRP_LAYERED_SAFE,NO SOLUTION,,0.002993200,0.015052
Instances/Instances 3/rw1621_01.gt,1620,10.0,86400.0,PTVRP_LAYERED_SAFE,4699717.0,722,0.003589000,0.012698
Instances/Instances 3/rw1621_02.gt,1620,10.0,86400.0,PTVRP_LAYERED_SAFE,4611680.0,721,0.003614100,0.013224
Instances/Instances 3/rw1621_03.gt,1620,10.0,86400.0,PTVRP_LAYERED_SAFE,4597742.0,718,0.003588600,0.014362
Instances/Instances 3/rw1621_04.gt,1620,10.0,86400.0,PTVRP_LAYERED_SAFE,4708510.0,726,0.003620800,0.014343
Instances/Instances 3/rw1621_05.gt,1620,10.0,86400.0,PTVRP_LAYERED_SAFE,4647032.0,699,0.003684100,0.014416
Instances/Instances 3/rw1621_06.gt,1620,10.0,86400.0,PTVRP_LAYERED_SAFE,4616264.0,729,0.003622400,0.013602
Instances/Instances 3/rw1621_07.gt,1620,10.0,86400.0,PTVRP_LAYERED_SAFE,4583308.0,701,0.003692900,0.012373
Instances/Instances 3/rw1621_08.gt,1620,10.0,86400.0,PTVRP_LAYERED_SAFE,4624804.0,705,0.003614900,0.012629
Instances/Instances 3/rw1621_09.gt,1620,10.0,86400.0,PTVRP_LAYERED_SAFE,4689576.0,684,0.003619700,0.01319
Instances/Instances 3/rw1621_10.gt,1620,10.0,86400.0,PTVRP_LAYERED_SAFE,4554245.0,704,0.003647800,0.012314
Instances/Instances 3/st70_01.gt,69,10.0,86400.0,PTVRP_LAYERED_SAFE,13829.0,45,0.000144500,0.008204
Instances/Instances 3/st70_02.gt,69,10.0,86400.0,PTVRP_LAYERED_SAFE,14631.0,49,0.000153200,0.006278
Instances/Instances 3/st70_03.gt,69,10.0,86400.0,PTVRP_LAYERED_SAFE,15112.0,53,0.000154500,0.006699
Instances/Instances 3/st70_04.gt,69,10.0,86400.0,PTVRP_LAYERED_SAFE,14748.0,53,0.000148900,0.007398
Instances/Instances 3/st70_05.gt,69,10.0,86400.0,PTVRP_LAYERED_SAFE,16017.0,53,0.000156400,0.007095
Instances/Instances 3/st70_06.gt,69,10.0,86400.0,PTVRP_LAYERED_SAFE,14473.0,48,0.000159100,0.006454
Instances/Instances 3/st70_07.gt,69,10.0,86400.0,PTVRP_LAYERED_SAFE,13670.0,55,0.000162900,0.006203
Instances/Instances 3/st70_08.gt,69,10.0,86400.0,PTVRP_LAYERED_SAFE,15303.0,54,0.000155900,0.005934
Instances/Instances 3/st70_09.gt,69,10.0,86400.0,PTVRP_LAYERED_SAFE,15825.0,53,0.000158300,0.006568
Instances/Instances 3/st70_10.gt,69,10.0,86400.0,PTVRP_LAYERED_SAFE,14697.0,47,0.000147000,0.007583
Instances/Instances 3/sw24978_01.gt,24977,10.0,86400.0,PTVRP_LAYERED_SAFE,NO SOLUTION,,0.022166100,0.045872
Instances/Instances 3/sw24978_02.gt,24977,10.0,86400.0,PTVRP_LAYERED_SAFE,NO SOLUTION,,0.022226600,0.048483
Instances/Instances 3/sw24978_03.gt,24977,10.0,86400.0,PTVRP_LAYERED_SAFE,NO SOLUTION,,0.022334200,0.045087
Instances/Instances 3/sw24978_04.gt,24977,10.0,86400.0,PTVRP_LAYERED_SAFE,NO SOLUTION,,0.021668300,0.047683
Instances/Instances 3/sw24978_05.gt,24977,10.0,86400.0,PTVRP_LAYERED_SAFE,NO SOLUTION,,0.021655100,0.050062
Instances/Instances 3/sw24978_06.gt,24977,10.0,86400.0,PTVRP_LAYERED_SAFE,NO SOLUTION,,0.022043900,0.049297
Instances/Instances 3/sw24978_07.gt,24977,10.0,86400.0,PTVRP_LAYERED_SAFE,NO SOLUTION,,0.022570800,0.051318
Instances/Instances 3/sw24978_08.gt,24977,10.0,86400.0,PTVRP_LAYERED_SAFE,NO SOLUTION,,0.022653200,0.049449
Instances/Instances 3/sw24978_09.gt,24977,10.0,86400.0,PTVRP_LAYERED_SAFE,NO SOLUTION,,0.022485600,0.050866
Instances/Instances 3/sw24978_10.gt,24977,10.0,86400.0,PTVRP_LAYERED_SAFE,NO SOLUTION,,0.022007700,0.046803
Instances/Instances 3/ts225_01.gt,224,10.0,86400.0,PTVRP_LAYERED_SAFE,6556133.0,162,0.000089100,0.009532
Instances/Instances 3/ts225_02.gt,224,10.0,86400.0,PTVRP_LAYERED_SAFE,7322584.0,166,0.000084100,0.008483
Instances/Instances 3/ts225_03.gt,224,10.0,86400.0,PTVRP_LAYERED_SAFE,6494470.0,164,0.000088000,0.006583
Instances/Instances 3/ts225_04.gt,224,10.0,86400.0,PTVRP_LAYERED_SAFE,6882733.0,171,0.000086600,0.006035
Instances/Instances 3/ts225_05.gt,224,10.0,86400.0,PTVRP_LAYERED_SAFE,6576806.0,163,0.000088900,0.005792
Instances/Instances 3/ts225_06.gt,224,10.0,86400.0,PTVRP_LAYERED_SAFE,6259972.0,159,0.000090300,0.005598
Instances/Instances 3/ts225_07.gt,224,10.0,86400.0,PTVRP_LAYERED_SAFE,6151092.0,152,0.000090800,0.005352
Instances/Instances 3/ts225_08.gt,224,10.0,86400.0,PTVRP_LAYERED_SAFE,6385728.0,159,0.000087200,0.006009
Instances/Instances 3/ts225_09.gt,224,10.0,86400.0,PTVRP_LAYERED_SAFE,6719653.0,169,0.000088500,0.005357
Instances/Instances 3/ts225_10.gt,224,10.0,86400.0,PTVRP_LAYERED_SAFE,6582608.0,163,0.000094100,0.005836
Instances/Instances 3/tsp225_01.gt,224,10.0,86400.0,PTVRP_LAYERED_SAFE,165557.0,145,0.000539900,0.006337
Instances/Instances 3/tsp225_02.gt,224,10.0,86400.0,PTVRP_LAYERED_SAFE,185624.0,153,0.000523200,0.005991
Instances/Instances 3/tsp225_03.gt,224,10.0,86400.0,PTVRP_LAYERED_SAFE,161779.0,149,0.000541200,0.006029
Instances/Instances 3/tsp225_04.gt,224,10.0,86400.0,PTVRP_LAYERED_SAFE,175486.0,153,0.000538100,0.006292
Instances/Instances 3/tsp225_05.gt,224,10.0,86400.0,PTVRP_LAYERED_SAFE,172190.0,146,0.000528400,0.005858
Instances/Instances 3/tsp225_06.gt,224,10.0,86400.0,PTVRP_LAYERED_SAFE,157511.0,147,0.000538800,0.006194
Instances/Instances 3/tsp225_07.gt,224,10.0,86400.0,PTVRP_LAYERED_SAFE,153057.0,145,0.000535200,0.006563
Instances/Instances 3/tsp225_08.gt,224,10.0,86400.0,PTVRP_LAYERED_SAFE,162394.0,152,0.000544300,0.006102
Instances/Instances 3/tsp225_09.gt,224,10.0,86400.0,PTVRP_LAYERED_SAFE,167741.0,149,0.000544700,0.00571
Instances/Instances 3/tsp225_10.gt,224,10.0,86400.0,PTVRP_LAYERED_SAFE,168703.0,142,0.000558700,0.006309
Instances/Instances 3/tz6117_01.gt,6116,10.0,86400.0,PTVRP_LAYERED_SAFE,121747404.0,3363,0.004697500,0.01548
Instances/Instances 3/tz6117_02.gt,6116,10.0,86400.0,PTVRP_LAYERED_SAFE,124345043.0,3347,0.004424200,0.017133
Instances/Instances 3/tz6117_03.gt,6116,10.0,86400.0,PTVRP_LAYERED_SAFE,123054875.0,3344,0.004617200,0.017759
Instances/Instances 3/tz6117_04.gt,6116,10.0,86400.0,PTVRP_LAYERED_SAFE,124276207.0,3360,0.004531000,0.017775
Instances/Instances 3/tz6117_05.gt,6116,10.0,86400.0,PTVRP_LAYERED_SAFE,120919473.0,3274,0.004593500,0.015858
Instances/Instances 3/tz6117_06.gt,6116,10.0,86400.0,PTVRP_LAYERED_SAFE,124272474.0,3354,0.004652200,0.01843
Instances/Instances 3/tz6117_07.gt,6116,10.0,86400.0,PTVRP_LAYERED_SAFE,123420900.0,3354,0.004834900,0.018147
Instances/Instances 3/tz6117_08.gt,6116,10.0,86400.0,PTVRP_LAYERED_SAFE,122131338.0,3340,0.004544800,0.017033
Instances/Instances 3/tz6117_09.gt,6116,10.0,86400.0,PTVRP_LAYERED_SAFE,121980798.0,3313,0.004585500,0.016879
Instances/Instances 3/tz6117_10.gt,6116,10.0,86400.0,PTVRP_LAYERED_SAFE,122542104.0,3337,0.004558300,0.018043
Instances/Instances 3/u1060_01.gt,1059,10.0,86400.0,PTVRP_LAYERED_SAFE,27657271.0,700,0.000522900,0.010362
Instances/Instances 3/u1060_02.gt,1059,10.0,86400.0,PTVRP_LAYERED_SAFE,NO SOLUTION,,0.000508200,0.007505
Instances/Instances 3/u1060_03.gt,1059,10.0,86400.0,PTVRP_LAYERED_SAFE,27558339.0,706,0.000530800,0.008464
Instances/Instances 3/u1060_04.gt,1059,10.0,86400.0,PTVRP_LAYERED_SAFE,27898027.0,710,0.000525100,0.007995
Instances/Instances 3/u1060_05.gt,1059,10.0,86400.0,PTVRP_LAYERED_SAFE,NO SOLUTION,,0.000544300,0.007586
Instances/Instances 3/u1060_06.gt,1059,10.0,86400.0,PTVRP_LAYERED_SAFE,27471254.0,714,0.000535300,0.007811
Instances/Instances 3/u1060_07.gt,1059,10.0,86400.0,PTVRP_LAYERED_SAFE,27045692.0,692,0.000531900,0.008243
Instances/Instances 3/u1060_08.gt,1059,10.0,86400.0,PTVRP_LAYERED_SAFE,27444606.0,699,0.000522000,0.008429
Instances/Instances 3/u1060_09.gt,1059,10.0,86400.0,PTVRP_LAYERED_SAFE,NO SOLUTION,,0.000531900,0.00685
Instances/Instances 3/u1060_10.gt,1059,10.0,86400.0,PTVRP_LAYERED_SAFE,27711302.0,705,0.000552700,0.007211
Instances/Instances 3/u1432_01.gt,1431,10.0,86400.0,PTVRP_LAYERED_SAFE,15121146.0,755,0.001221200,0.00863
Instances/Instances 3/u1432_02.gt,1431,10.0,86400.0,PTVRP_LAYERED_SAFE,15819478.0,781,0.001211800,0.008666
Instances/Instances 3/u1432_03.gt,1431,10.0,86400.0,PTVRP_LAYERED_SAFE,15460467.0,756,0.001219400,0.008295
Instances/Instances 3/u1432_04.gt,1431,10.0,86400.0,PTVRP_LAYERED_SAFE,15505579.0,763,0.001227900,0.008618
Instances/Instances 3/u1432_05.gt,1431,10.0,86400.0,PTVRP_LAYERED_SAFE,15779241.0,777,0.001186000,0.009053
Instances/Instances 3/u1432_06.gt,1431,10.0,86400.0,PTVRP_LAYERED_SAFE,15757989.0,789,0.001176900,0.008498
Instances/Instances 3/u1432_07.gt,1431,10.0,86400.0,PTVRP_LAYERED_SAFE,15920491.0,780,0.001185200,0.008533
Instances/Instances 3/u1432_08.gt,1431,10.0,86400.0,PTVRP_LAYERED_SAFE,15810068.0,745,0.001180300,0.008085
Instances/Instances 3/u1432_09.gt,1431,10.0,86400.0,PTVRP_LAYERED_SAFE,15906911.0,739,0.001197500,0.00801
Instances/Instances 3/u1432_10.gt,1431,10.0,86400.0,PTVRP_LAYERED_SAFE,15771713.0,780,0.001191800,0.007956
Instances/Instances 3/u159_01.gt,158,10.0,86400.0,PTVRP_LAYERED_SAFE,1955024.0,104,0.000101300,0.007064
Instances/Instances 3/u159_02.gt,158,10.0,86400.0,PTVRP_LAYERED_SAFE,1804726.0,96,0.000103400,0.006314
Instances/Instances 3/u159_03.gt,158,10.0,86400.0,PTVRP_LAYERED_SAFE,1700890.0,103,0.000103100,0.007083
Instances/Instances 3/u159_04.gt,158,10.0,86400.0,PTVRP_LAYERED_SAFE,1730740.0,97,0.000106600,0.006257
Instances/Instances 3/u159_05.gt,158,10.0,86400.0,PTVRP_LAYERED_SAFE,1817579.0,99,0.000110000,0.00584
Instances/Instances 3/u159_06.gt,158,10.0,86400.0,PTVRP_LAYERED_SAFE,1597865.0,100,0.000106500,0.006113
Instances/Instances 3/u159_07.gt,158,10.0,86400.0,PTVRP_LAYERED_SAFE,1823566.0,98,0.000102000,0.007689
Instances/Instances 3/u159_08.gt,158,10.0,86400.0,PTVRP_LAYERED_SAFE,1880216.0,96,0.000105700,0.006264
Instances/Instances 3/u159_09.gt,158,10.0,86400.0,PTVRP_LAYERED_SAFE,1823680.0,97,0.000103900,0.006749
Instances/Instances 3/u159_10.gt,158,10.0,86400.0,PTVRP_LAYERED_SAFE,1857083.0,101,0.000112800,0.005985
Instances/Instances 3/u1817_01.gt,1816,10.0,86400.0,PTVRP_LAYERED_SAFE,8331342.0,886,0.002862500,0.009456
Instances/Instances 3/u1817_02.gt,1816,10.0,86400.0,PTVRP_LAYERED_SAFE,8306233.0,908,0.002874300,0.010574
Instances/Instances 3/u1817_03.gt,1816,10.0,86400.0,PTVRP_LAYERED_SAFE,8296413.0,878,0.002857200,0.011744
Instances/Instances 3/u1817_04.gt,1816,10.0,86400.0,PTVRP_LAYERED_SAFE,8540228.0,866,0.002806000,0.011708
Instances/Instances 3/u1817_05.gt,1816,10.0,86400.0,PTVRP_LAYERED_SAFE,8314402.0,863,0.002828100,0.011693
Instances/Instances 3/u1817_06.gt,1816,10.0,86400.0,PTVRP_LAYERED_SAFE,8251983.0,875,0.002872600,0.010325
Instances/Instances 3/u1817_07.gt,1816,10.0,86400.0,PTVRP_LAYERED_SAFE,8401806.0,904,0.002860100,0.012305
Instances/Instances 3/u1817_08.gt,1816,10.0,86400.0,PTVRP_LAYERED_SAFE,8300667.0,883,0.002849000,0.013
Instances/Instances 3/u1817_09.gt,1816,10.0,86400.0,PTVRP_LAYERED_SAFE,8298174.0,901,0.002860700,0.012338
Instances/Instances 3/u1817_10.gt,1816,10.0,86400.0,PTVRP_LAYERED_SAFE,8316281.0,874,0.002865800,0.012106
Instances/Instances 3/u2152_01.gt,2151,10.0,86400.0,PTVRP_LAYERED_SAFE,9937986.0,1041,0.003460000,0.012836
Instances/Instances 3/u2152_02.gt,2151,10.0,86400.0,PTVRP_LAYERED_SAFE,9973001.0,1017,0.003444400,0.01361
Instances/Instances 3/u2152_03.gt,2151,10.0,86400.0,PTVRP_LAYERED_SAFE,10050850.0,992,0.003435200,0.013815
Instances/Instances 3/u2152_04.gt,2151,10.0,86400.0,PTVRP_LAYERED_SAFE,9956878.0,1040,0.003465200,0.014096
Instances/Instances 3/u2152_05.gt,2151,10.0,86400.0,PTVRP_LAYERED_SAFE,9893251.0,1020,0.003483500,0.013383
Instances/Instances 3/u2152_06.gt,2151,10.0,86400.0,PTVRP_LAYERED_SAFE,10022190.0,1028,0.003444800,0.013732
Instances/Instances 3/u2152_07.gt,2151,10.0,86400.0,PTVRP_LAYERED_SAFE,10001003.0,1052,0.003507500,0.013089
Instances/Instances 3/u2152_08.gt,2151,10.0,86400.0,PTVRP_LAYERED_SAFE,9941750.0,1012,0.003474900,0.013887
Instances/Instances 3/u2152_09.gt,2151,10.0,86400.0,PTVRP_LAYERED_SAFE,9868487.0,1036,0.003480900,0.013026
Instances/Instances 3/u2152_10.gt,2151,10.0,86400.0,PTVRP_LAYERED_SAFE,10046468.0,1031,0.003425100,0.013568
Instances/Instances 3/u2319_01.gt,2318,10.0,86400.0,PTVRP_LAYERED_SAFE,23843851.0,1247,0.002037900,0.012339
Instances/Instances 3/u2319_02.gt,2318,10.0,86400.0,PTVRP_LAYERED_SAFE,23932928.0,1225,0.002030200,0.013498
Instances/Instances 3/u2319_03.gt,2318,10.0,86400.0,PTVRP_LAYERED_SAFE,23785324.0,1245,0.002045100,0.011812
Instances/Instances 3/u2319_04.gt,2318,10.0,86400.0,PTVRP_LAYERED_SAFE,24007177.0,1226,0.002055400,0.011804
Instances/Instances 3/u2319_05.gt,2318,10.0,86400.0,PTVRP_LAYERED_SAFE,23416903.0,1236,0.002049800,0.011442
Instances/Instances 3/u2319_06.gt,2318,10.0,86400.0,PTVRP_LAYERED_SAFE,23885466.0,1240,0.002043800,0.011904
Instances/Instances 3/u2319_07.gt,2318,10.0,86400.0,PTVRP_LAYERED_SAFE,23695297.0,1276,0.002072100,0.011618
Instances/Instances 3/u2319_08.gt,2318,10.0,86400.0,PTVRP_LAYERED_SAFE,23961428.0,1224,0.002031000,0.010689
Instances/Instances 3/u2319_09.gt,2318,10.0,86400.0,PTVRP_LAYERED_SAFE,24013325.0,1224,0.002004300,0.013625
Instances/Instances 3/u2319_10.gt,2318,10.0,86400.0,PTVRP_LAYERED_SAFE,23949574.0,1272,0.002002300,0.012253
Instances/Instances 3/u574_01.gt,573,10.0,86400.0,PTVRP_LAYERED_SAFE,2779006.0,317,0.000694000,0.008544
Instances/Instances 3/u574_02.gt,573,10.0,86400.0,PTVRP_LAYERED_SAFE,2754450.0,336,0.000720100,0.006824
Instances/Instances 3/u574_03.gt,573,10.0,86400.0,PTVRP_LAYERED_SAFE,2624600.0,331,0.000740000,0.007755
Instances/Instances 3/u574_04.gt,573,10.0,86400.0,PTVRP_LAYERED_SAFE,2683545.0,316,0.000732200,0.007584
Instances/Instances 3/u574_05.gt,573,10.0,86400.0,PTVRP_LAYERED_SAFE,2674886.0,342,0.000716500,0.009179
Instances/Instances 3/u574_06.gt,573,10.0,86400.0,PTVRP_LAYERED_SAFE,2865712.0,322,0.000697800,0.011378
Instances/Instances 3/u574_07.gt,573,10.0,86400.0,PTVRP_LAYERED_SAFE,2722244.0,336,0.000716500,0.010131
Instances/Instances 3/u574_08.gt,573,10.0,86400.0,PTVRP_LAYERED_SAFE,2739624.0,326,0.000716500,0.007838
Instances/Instances 3/u574_09.gt,573,10.0,86400.0,PTVRP_LAYERED_SAFE,2605599.0,317,0.000717800,0.006082
Instances/Instances 3/u574_10.gt,573,10.0,86400.0,PTVRP_LAYERED_SAFE,2720618.0,330,0.000703800,0.006759
Instances/Instances 3/u724_01.gt,723,10.0,86400.0,PTVRP_LAYERED_SAFE,3504519.0,399,0.000894000,0.007764
Instances/Instances 3/u724_02.gt,723,10.0,86400.0,PTVRP_LAYERED_SAFE,3510237.0,403,0.000900500,0.008292
Instances/Instances 3/u724_03.gt,723,10.0,86400.0,PTVRP_LAYERED_SAFE,3382713.0,390,0.000912400,0.008029
Instances/Instances 3/u724_04.gt,723,10.0,86400.0,PTVRP_LAYERED_SAFE,3530333.0,401,0.000906500,0.007165
Instances/Instances 3/u724_05.gt,723,10.0,86400.0,PTVRP_LAYERED_SAFE,3606877.0,393,0.000896000,0.007991
Instances/Instances 3/u724_06.gt,723,10.0,86400.0,PTVRP_LAYERED_SAFE,3515840.0,400,0.000895900,0.007846
Instances/Instances 3/u724_07.gt,723,10.0,86400.0,PTVRP_LAYERED_SAFE,3360153.0,402,0.000920000,0.008098
Instances/Instances 3/u724_08.gt,723,10.0,86400.0,PTVRP_LAYERED_SAFE,3417645.0,412,0.000910300,0.007166
Instances/Instances 3/u724_09.gt,723,10.0,86400.0,PTVRP_LAYERED_SAFE,3589144.0,395,0.000890600,0.007862
Instances/Instances 3/u724_10.gt,723,10.0,86400.0,PTVRP_LAYERED_SAFE,3468814.0,389,0.000905100,0.008073
Instances/Instances 3/usa13509_01.gt,13508,10.0,86400.0,PTVRP_LAYERED_SAFE,NO SOLUTION,,0.000927900,0.016588
Instances/Instances 3/usa13509_02.gt,13508,10.0,86400.0,PTVRP_LAYERED_SAFE,NO SOLUTION,,0.000921900,0.015438
Instances/Instances 3/usa13509_03.gt,13508,10.0,86400.0,PTVRP_LAYERED_SAFE,NO SOLUTION,,0.000912300,0.016335
Instances/Instances 3/usa13509_04.gt,13508,10.0,86400.0,PTVRP_LAYERED_SAFE,NO SOLUTION,,0.000911400,0.01491
Instances/Instances 3/usa13509_05.gt,13508,10.0,86400.0,PTVRP_LAYERED_SAFE,NO SOLUTION,,0.000914200,0.015429
Instances/Instances 3/usa13509_06.gt,13508,10.0,86400.0,PTVRP_LAYERED_SAFE,NO SOLUTION,,0.000928400,0.01598
Instances/Instances 3/usa13509_07.gt,13508,10.0,86400.0,PTVRP_LAYERED_SAFE,NO SOLUTION,,0.000896800,0.0184
Instances/Instances 3/usa13509_08.gt,13508,10.0,86400.0,PTVRP_LAYERED_SAFE,NO SOLUTION,,0.000900400,0.015196
Instances/Instances 3/usa13509_09.gt,13508,10.0,86400.0,PTVRP_LAYERED_SAFE,NO SOLUTION,,0.000902000,0.014905
Instances/Instances 3/usa13509_10.gt,13508,10.0,86400.0,PTVRP_LAYERED_SAFE,NO SOLUTION,,0.000875100,0.015478
Instances/Instances 3/uy734_01.gt,733,10.0,86400.0,PTVRP_LAYERED_SAFE,6455596.0,385,0.000643400,0.007928
Instances/Instances 3/uy734_02.gt,733,10.0,86400.0,PTVRP_LAYERED_SAFE,6827211.0,404,0.000645000,0.007539
Instances/Instances 3/uy734_03.gt,733,10.0,86400.0,PTVRP_LAYERED_SAFE,6564553.0,399,0.000673500,0.007583
Instances/Instances 3/uy734_04.gt,733,10.0,86400.0,PTVRP_LAYERED_SAFE,6589188.0,397,0.000649300,0.007332
Instances/Instances 3/uy734_05.gt,733,10.0,86400.0,PTVRP_LAYERED_SAFE,6492238.0,399,0.000649500,0.006317
Instances/Instances 3/uy734_06.gt,733,10.0,86400.0,PTVRP_LAYERED_SAFE,6615086.0,406,0.000695700,0.006871
Instances/Instances 3/uy734_07.gt,733,10.0,86400.0,PTVRP_LAYERED_SAFE,6573768.0,393,0.000658100,0.006867
Instances/Instances 3/uy734_08.gt,733,10.0,86400.0,PTVRP_LAYERED_SAFE,6711269.0,400,0.000653800,0.00643
Instances/Instances 3/uy734_09.gt,733,10.0,86400.0,PTVRP_LAYERED_SAFE,6641721.0,414,0.000653100,0.008147
Instances/Instances 3/uy734_10.gt,733,10.0,86400.0,PTVRP_LAYERED_SAFE,6558463.0,392,0.000660000,0.009274
Instances/Instances 3/vm1084_01.gt,1083,10.0,86400.0,PTVRP_LAYERED_SAFE,NO SOLUTION,,0.000416300,0.007739
Instances/Instances 3/vm1084_02.gt,1083,10.0,86400.0,PTVRP_LAYERED_SAFE,NO SOLUTION,,0.000405300,0.007418
Instances/Instances 3/vm1084_03.gt,1083,10.0,86400.0,PTVRP_LAYERED_SAFE,NO SOLUTION,,0.000400500,0.006527
Instances/Instances 3/vm1084_04.gt,1083,10.0,86400.0,PTVRP_LAYERED_SAFE,NO SOLUTION,,0.000398900,0.007025
Instances/Instances 3/vm1084_05.gt,1083,10.0,86400.0,PTVRP_LAYERED_SAFE,NO SOLUTION,,0.000416600,0.006181
Instances/Instances 3/vm1084_06.gt,1083,10.0,86400.0,PTVRP_LAYERED_SAFE,NO SOLUTION,,0.000412500,0.00728
Instances/Instances 3/vm1084_07.gt,1083,10.0,86400.0,PTVRP_LAYERED_SAFE,NO SOLUTION,,0.000456000,0.00725
Instances/Instances 3/vm1084_08.gt,1083,10.0,86400.0,PTVRP_LAYERED_SAFE,NO SOLUTION,,0.000408000,0.009162
Instances/Instances 3/vm1084_09.gt,1083,10.0,86400.0,PTVRP_LAYERED_SAFE,NO SOLUTION,,0.000404200,0.008883
Instances/Instances 3/vm1084_10.gt,1083,10.0,86400.0,PTVRP_LAYERED_SAFE,NO SOLUTION,,0.000411000,0.00738
Instances/Instances 3/vm1748_01.gt,1747,10.0,86400.0,PTVRP_LAYERED_SAFE,NO SOLUTION,,0.000651300,0.007963
Instances/Instances 3/vm1748_02.gt,1747,10.0,86400.0,PTVRP_LAYERED_SAFE,NO SOLUTION,,0.000626400,0.006475
Instances/Instances 3/vm1748_03.gt,1747,10.0,86400.0,PTVRP_LAYERED_SAFE,NO SOLUTION,,0.000645900,0.008339
Instances/Instances 3/vm1748_04.gt,1747,10.0,86400.0,PTVRP_LAYERED_SAFE,NO SOLUTION,,0.000679900,0.008872
Instances/Instances 3/vm1748_05.gt,1747,10.0,86400.0,PTVRP_LAYERED_SAFE,NO SOLUTION,,0.000638900,0.009302
Instances/Instances 3/vm1748_06.gt,1747,10.0,86400.0,PTVRP_LAYERED_SAFE,NO SOLUTION,,0.000672300,0.009597
Instances/Instances 3/vm1748_07.gt,1747,10.0,86400.0,PTVRP_LAYERED_SAFE,NO SOLUTION,,0.000667000,0.008145
Instances/Instances 3/vm1748_08.gt,1747,10.0,86400.0,PTVRP_LAYERED_SAFE,NO SOLUTION,,0.000648200,0.007761
Instances/Instances 3/vm1748_09.gt,1747,10.0,86400.0,PTVRP_LAYERED_SAFE,NO SOLUTION,,0.000636800,0.007094
Instances/Instances 3/vm1748_10.gt,1747,10.0,86400.0,PTVRP_LAYERED_SAFE,NO SOLUTION,,0.000644600,0.007616
Instances/Instances 3/vm22775_01.gt,22774,10.0,86400.0,PTVRP_LAYERED_SAFE,NO SOLUTION,,0.016033200,0.034266
Instances/Instances 3/vm22775_02.gt,22774,10.0,86400.0,PTVRP_LAYERED_SAFE,NO SOLUTION,,0.016222200,0.041427
Instances/Instances 3/vm22775_03.gt,22774,10.0,86400.0,PTVRP_LAYERED_SAFE,NO SOLUTION,,0.016286500,0.039873
Instances/Instances 3/vm22775_04.gt,22774,10.0,86400.0,PTVRP_LAYERED_SAFE,NO SOLUTION,,0.016122500,0.042291
Instances/Instances 3/vm22775_05.gt,22774,10.0,86400.0,PTVRP_LAYERED_SAFE,NO SOLUTION,,0.016228500,0.03717
Instances/Instances 3/vm22775_06.gt,22774,10.0,86400.0,PTVRP_LAYERED_SAFE,NO SOLUTION,,0.016121400,0.040082
Instances/Instances 3/vm22775_07.gt,22774,10.0,86400.0,PTVRP_LAYERED_SAFE,NO SOLUTION,,0.016169200,0.038613
Instances/Instances 3/vm22775_08.gt,22774,10.0,86400.0,PTVRP_LAYERED_SAFE,NO SOLUTION,,0.018176500,0.043086
Instances/Instances 3/vm22775_09.gt,22774,10.0,86400.0,PTVRP_LAYERED_SAFE,NO SOLUTION,,0.015949300,0.043015
Instances/Instances 3/vm22775_10.gt,22774,10.0,86400.0,PTVRP_LAYERED_SAFE,NO SOLUTION,,0.015982400,0.040687
Instances/Instances 3/wi29_01.gt,28,10.0,86400.0,PTVRP_LAYERED_SAFE,446870.0,19,0.000017100,0.00978
Instances/Instances 3/wi29_02.gt,28,10.0,86400.0,PTVRP_LAYERED_SAFE,466074.0,21,0.000014700,0.009061
Instances/Instances 3/wi29_03.gt,28,10.0,86400.0,PTVRP_LAYERED_SAFE,402508.0,20,0.000017300,0.007784
Instances/Instances 3/wi29_04.gt,28,10.0,86400.0,PTVRP_LAYERED_SAFE,529299.0,24,0.000017100,0.007051
Instances/Instances 3/wi29_05.gt,28,10.0,86400.0,PTVRP_LAYERED_SAFE,394740.0,20,0.000017400,0.00697
Instances/Instances 3/wi29_06.gt,28,10.0,86400.0,PTVRP_LAYERED_SAFE,614990.0,20,0.000017100,0.006946
Instances/Instances 3/wi29_07.gt,28,10.0,86400.0,PTVRP_LAYERED_SAFE,461649.0,21,0.000017700,0.004917
Instances/Instances 3/wi29_08.gt,28,10.0,86400.0,PTVRP_LAYERED_SAFE,488072.0,20,0.000017600,0.005307
Instances/Instances 3/wi29_09.gt,28,10.0,86400.0,PTVRP_LAYERED_SAFE,380343.0,20,0.000018500,0.005499
Instances/Instances 3/wi29_10.gt,28,10.0,86400.0,PTVRP_LAYERED_SAFE,406223.0,21,0.000018100,0.005543
Instances/Instances 3/ym7663_01.gt,7662,10.0,86400.0,PTVRP_LAYERED_SAFE,NO SOLUTION,,0.010113900,0.019558
Instances/Instances 3/ym7663_02.gt,7662,10.0,86400.0,PTVRP_LAYERED_SAFE,NO SOLUTION,,0.010304200,0.024601
Instances/Instances 3/ym7663_03.gt,7662,10.0,86400.0,PTVRP_LAYERED_SAFE,NO SOLUTION,,0.010090700,0.024702
Instances/Instances 3/ym7663_04.gt,7662,10.0,86400.0,PTVRP_LAYERED_SAFE,NO SOLUTION,,0.010027900,0.021261
Instances/Instances 3/ym7663_05.gt,7662,10.0,86400.0,PTVRP_LAYERED_SAFE,NO SOLUTION,,0.010075400,0.024033
Instances/Instances 3/ym7663_06.gt,7662,10.0,86400.0,PTVRP_LAYERED_SAFE,NO SOLUTION,,0.009956700,0.024794
Instances/Instances 3/ym7663_07.gt,7662,10.0,86400.0,PTVRP_LAYERED_SAFE,NO SOLUTION,,0.010126000,0.025453
Instances/Instances 3/ym7663_08.gt,7662,10.0,86400.0,PTVRP_LAYERED_SAFE,NO SOLUTION,,0.009876600,0.022758
Instances/Instances 3/ym7663_09.gt,7662,10.0,86400.0,PTVRP_LAYERED_SAFE,NO SOLUTION,,0.009963700,0.025246
Instances/Instances 3/ym7663_10.gt,7662,10.0,86400.0,PTVRP_LAYERED_SAFE,NO SOLUTION,,0.010054700,0.024889
Instances/Instances 3/zi929_01.gt,928,10.0,86400.0,PTVRP_LAYERED_SAFE,10085136.0,423,0.000844500,0.010778
Instances/Instances 3/zi929_02.gt,928,10.0,86400.0,PTVRP_LAYERED_SAFE,9697540.0,418,0.000859900,0.009058
Instances/Instances 3/zi929_03.gt,928,10.0,86400.0,PTVRP_LAYERED_SAFE,9661041.0,438,0.000857400,0.008321
Instances/Instances 3/zi929_04.gt,928,10.0,86400.0,PTVRP_LAYERED_SAFE,9743139.0,440,0.000858800,0.008626
Instances/Instances 3/zi929_05.gt,928,10.0,86400.0,PTVRP_LAYERED_SAFE,9883469.0,440,0.000879500,0.007723
Instances/Instances 3/zi929_06.gt,928,10.0,86400.0,PTVRP_LAYERED_SAFE,10161255.0,428,0.000867300,0.008178
Instances/Instances 3/zi929_07.gt,928,10.0,86400.0,PTVRP_LAYERED_SAFE,9894043.0,441,0.000881500,0.008134
Instances/Instances 3/zi929_08.gt,928,10.0,86400.0,PTVRP_LAYERED_SAFE,9969947.0,428,0.000896700,0.00741
Instances/Instances 3/zi929_09.gt,928,10.0,86400.0,PTVRP_LAYERED_SAFE,9519449.0,432,0.000902700,0.006904
Instances/Instances 3/zi929_10.gt,928,10.0,86400.0,PTVRP_LAYERED_SAFE,10134151.0,465,0.000854800,0.007746
