instance,n,Q,horizon,solver,cost,templates,solve_seconds,solve_seconds_min,solve_seconds_spread,repeats,wall_seconds
Instances/Instances 1/a280_01.gt,279,100.0,86400.0,PTVRP_CONT,16387.0,72,0.000292500,0.000292500,0.0000,1,0.005366
Instances/Instances 1/a280_02.gt,279,200.0,86400.0,PTVRP_CONT,8816.0,36,0.000276100,0.000276100,0.0000,1,0.005508
Instances/Instances 1/a280_03.gt,279,500.0,86400.0,PTVRP_CONT,4897.0,15,0.000248900,0.000248900,0.0000,1,0.005761
Instances/Instances 1/a280_04.gt,279,1000.0,86400.0,PTVRP_CONT,3722.0,9,0.000236300,0.000236300,0.0000,1,0.00624
Instances/Instances 1/a280_05.gt,279,2000.0,86400.0,PTVRP_CONT,3176.0,4,0.000228000,0.000228000,0.0000,1,0.005985
Instances/Instances 1/a280_06.gt,279,5000.0,86400.0,PTVRP_CONT,2855.0,2,0.000221200,0.000221200,0.0000,1,0.005471
Instances/Instances 1/a280_07.gt,279,10000.0,86400.0,PTVRP_CONT,2835.0,1,0.000218000,0.000218000,0.0000,1,0.005526
Instances/Instances 1/a280_08.gt,279,20000.0,86400.0,PTVRP_CONT,2835.0,1,0.000217800,0.000217800,0.0000,1,0.005849
Instances/Instances 1/a280_09.gt,279,50000.0,86400.0,PTVRP_CONT,2835.0,1,0.000217800,0.000217800,0.0000,1,0.005153
Instances/Instances 1/a280_10.gt,279,100000.0,86400.0,PTVRP_CONT,2835.0,1,0.000217800,0.000217800,0.0000,1,0.005387
Instances/Instances 1/ar9152_01.gt,9151,100.0,86400.0,PTVRP_CONT,28717346.0,1467,0.257182300,0.257182300,0.0000,1,0.267739
Instances/Instances 1/ar9152_02.gt,9151,200.0,86400.0,PTVRP_CONT,14570814.0,978,0.200438700,0.200438700,0.0000,1,0.211766
Instances/Instances 1/ar9152_03.gt,9151,500.0,86400.0,PTVRP_CONT,6223523.0,476,0.197435800,0.197435800,0.0000,1,0.207751
Instances/Instances 1/ar9152_04.gt,9151,1000.0,86400.0,PTVRP_CONT,3468503.0,239,0.199668999,0.199668999,0.0000,1,0.210301
Instances/Instances 1/ar9152_05.gt,9151,2000.0,86400.0,PTVRP_CONT,2131437.0,123,0.196253200,0.196253200,0.0000,1,0.208645
Instances/Instances 1/ar9152_06.gt,9151,5000.0,86400.0,PTVRP_CONT,1329482.0,51,0.205676699,0.205676699,0.0000,1,0.220874
Instances/Instances 1/ar9152_07.gt,9151,10000.0,86400.0,PTVRP_CONT,1090437.0,27,0.236456500,0.236456500,0.0000,1,0.251426
Instances/Instances 1/ar9152_08.gt,9151,20000.0,86400.0,PTVRP_CONT,986552.0,15,0.254686999,0.254686999,0.0000,1,0.269733
Instances/Instances 1/ar9152_09.gt,9151,50000.0,86400.0,PTVRP_CONT,970633.0,13,0.232513499,0.232513499,0.0000,1,0.255699
Instances/Instances 1/ar9152_10.gt,9151,100000.0,86400.0,PTVRP_CONT,970633.0,13,0.223013399,0.223013399,0.0000,1,0.238023
Instances/Instances 1/berlin52_01.gt,51,100.0,86400.0,PTVRP_CONT,14644.0,14,0.000013300,0.000013300,0.0000,1,0.005751
Instances/Instances 1/berlin52_02.gt,51,200.0,86400.0,PTVRP_CONT,11269.0,8,0.000011600,0.000011600,0.0000,1,0.005519
Instances/Instances 1/berlin52_03.gt,51,500.0,86400.0,PTVRP_CONT,8619.0,4,0.000010100,0.000010100,0.0000,1,0.007214
Instances/Instances 1/berlin52_04.gt,51,1000.0,86400.0,PTVRP_CONT,7852.0,2,0.000009400,0.000009400,0.0000,1,0.005051
Instances/Instances 1/berlin52_05.gt,51,2000.0,86400.0,PTVRP_CONT,7803.0,1,0.000008200,0.000008200,0.0000,1,0.004918
Instances/Instances 1/berlin52_06.gt,51,5000.0,86400.0,PTVRP_CONT,7803.0,1,0.000008500,0.000008500,0.0000,1,0.00538
Instances/Instances 1/berlin52_07.gt,51,10000.0,86400.0,PTVRP_CONT,7803.0,1,0.000008300,0.000008300,0.0000,1,0.005049
Instances/Instances 1/berlin52_08.gt,51,20000.0,86400.0,PTVRP_CONT,7803.0,1,0.000008400,0.000008400,0.0000,1,0.00498
Instances/Instances 1/berlin52_09.gt,51,50000.0,86400.0,PTVRP_CONT,7803.0,1,0.000008400,0.000008400,0.0000,1,0.005196
Instances/Instances 1/berlin52_10.gt,51,100000.0,86400.0,PTVRP_CONT,7803.0,1,0.000008300,0.000008300,0.0000,1,0.004792
Instances/Instances 1/bier127_01.gt,126,100.0,86400.0,PTVRP_CONT,328886.0,35,0.000051100,0.000051100,0.0000,1,0.005156
Instances/Instances 1/bier127_02.gt,126,200.0,86400.0,PTVRP_CONT,214093.0,20,0.000048300,0.000048300,0.0000,1,0.005479
Instances/Instances 1/bier127_03.gt,126,500.0,86400.0,PTVRP_CONT,147478.0,8,0.000046300,0.000046300,0.0000,1,0.005096
Instances/Instances 1/bier127_04.gt,126,1000.0,86400.0,PTVRP_CONT,129773.0,4,0.000046300,0.000046300,0.0000,1,0.00584
Instances/Instances 1/bier127_05.gt,126,2000.0,86400.0,PTVRP_CONT,126048.0,2,0.000046000,0.000046000,0.0000,1,0.005614
Instances/Instances 1/bier127_06.gt,126,5000.0,86400.0,PTVRP_CONT,126048.0,2,0.000072000,0.000072000,0.0000,1,0.005753
Instances/Instances 1/bier127_07.gt,126,10000.0,86400.0,PTVRP_CONT,126048.0,2,0.000046200,0.000046200,0.0000,1,0.005804
Instances/Instances 1/bier127_08.gt,126,20000.0,86400.0,PTVRP_CONT,126048.0,2,0.000045700,0.000045700,0.0000,1,0.005733
Instances/Instances 1/bier127_09.gt,126,50000.0,86400.0,PTVRP_CONT,126048.0,2,0.000046400,0.000046400,0.0000,1,0.00714
Instances/Instances 1/bier127_10.gt,126,100000.0,86400.0,PTVRP_CONT,126048.0,2,0.000045800,0.000045800,0.0000,1,0.006844
Instances/Instances 1/bm33708_01.gt,33707,100.0,86400.0,PTVRP_CONT,54311911.0,4710,3.163901085,3.163901085,0.0000,1,3.196642
Instances/Instances 1/bm33708_02.gt,33707,200.0,86400.0,PTVRP_CONT,27566313.0,3312,3.107122986,3.107122986,0.0000,1,3.161623
Instances/Instances 1/bm33708_03.gt,33707,500.0,86400.0,PTVRP_CONT,11486555.0,1721,2.730501834,2.730501834,0.0000,1,2.760887
Instances/Instances 1/bm33708_04.gt,33707,1000.0,86400.0,PTVRP_CONT,6132031.0,878,2.755008376,2.755008376,0.0000,1,2.788276
Instances/Instances 1/bm33708_05.gt,33707,2000.0,86400.0,PTVRP_CONT,3523882.0,437,2.678391402,2.678391402,0.0000,1,2.709021
Instances/Instances 1/bm33708_06.gt,33707,5000.0,86400.0,PTVRP_CONT,1962016.0,178,2.673352102,2.673352102,0.0000,1,2.699538
Instances/Instances 1/bm33708_07.gt,33707,10000.0,86400.0,PTVRP_CONT,1448460.0,90,2.667868401,2.667868401,0.0000,1,2.702058
Instances/Instances 1/bm33708_08.gt,33707,20000.0,86400.0,PTVRP_CONT,1194002.0,47,2.685636801,2.685636801,0.0000,1,2.714891
Instances/Instances 1/bm33708_09.gt,33707,50000.0,86400.0,PTVRP_CONT,1051830.0,20,2.720645316,2.720645316,0.0000,1,2.758081
Instances/Instances 1/bm33708_10.gt,33707,100000.0,86400.0,PTVRP_CONT,1025973.0,15,2.731950220,2.731950220,0.0000,1,2.76302
Instances/Instances 1/brd14051_01.gt,14050,100.0,86400.0,PTVRP_CONT,16950869.0,2180,0.465144804,0.465144804,0.0000,1,0.483259
Instances/Instances 1/brd14051_02.gt,14050,200.0,86400.0,PTVRP_CONT,8596446.0,1486,0.488403904,0.488403904,0.0000,1,0.508546
Instances/Instances 1/brd14051_03.gt,14050,500.0,86400.0,PTVRP_CONT,3646827.0,737,0.461075503,0.461075503,0.0000,1,0.481432
Instances/Instances 1/brd14051_04.gt,14050,1000.0,86400.0,PTVRP_CONT,2040540.0,368,0.467994404,0.467994404,0.0000,1,0.485475
Instances/Instances 1/brd14051_05.gt,14050,2000.0,86400.0,PTVRP_CONT,1236617.0,184,0.469907104,0.469907104,0.0000,1,0.486035
Instances/Instances 1/brd14051_06.gt,14050,5000.0,86400.0,PTVRP_CONT,768899.0,76,0.472048803,0.472048803,0.0000,1,0.491104
Instances/Instances 1/brd14051_07.gt,14050,10000.0,86400.0,PTVRP_CONT,613871.0,40,0.468832808,0.468832808,0.0000,1,0.487846
Instances/Instances 1/brd14051_08.gt,14050,20000.0,86400.0,PTVRP_CONT,535568.0,20,0.471677613,0.471677613,0.0000,1,0.488788
Instances/Instances 1/brd14051_09.gt,14050,50000.0,86400.0,PTVRP_CONT,494413.0,9,0.483032214,0.483032214,0.0000,1,0.503915
Instances/Instances 1/brd14051_10.gt,14050,100000.0,86400.0,PTVRP_CONT,487545.0,7,0.486200514,0.486200514,0.0000,1,0.505431
Instances/Instances 1/ca4663_01.gt,4662,100.0,86400.0,PTVRP_CONT,NO SOLUTION,,0.050280901,0.050280901,0.0000,1,0.062423
Instances/Instances 1/ca4663_02.gt,4662,200.0,86400.0,PTVRP_CONT,NO SOLUTION,,0.050028301,0.050028301,0.0000,1,0.062294
Instances/Instances 1/ca4663_03.gt,4662,500.0,86400.0,PTVRP_CONT,NO SOLUTION,,0.050457002,0.050457002,0.0000,1,0.062107
Instances/Instances 1/ca4663_04.gt,4662,1000.0,86400.0,PTVRP_CONT,NO SOLUTION,,0.050107002,0.050107002,0.0000,1,0.062726
Instances/Instances 1/ca4663_05.gt,4662,2000.0,86400.0,PTVRP_CONT,NO SOLUTION,,0.050614501,0.050614501,0.0000,1,0.060528
Instances/Instances 1/ca4663_06.gt,4662,5000.0,86400.0,PTVRP_CONT,NO SOLUTION,,0.050659201,0.050659201,0.0000,1,0.064831
Instances/Instances 1/ca4663_07.gt,4662,10000.0,86400.0,PTVRP_CONT,NO SOLUTION,,0.050760001,0.050760001,0.0000,1,0.064162
Instances/Instances 1/ca4663_08.gt,4662,20000.0,86400.0,PTVRP_CONT,NO SOLUTION,,0.050930501,0.050930501,0.0000,1,0.063308
Instances/Instances 1/ca4663_09.gt,4662,50000.0,86400.0,PTVRP_CONT,NO SOLUTION,,0.050925302,0.050925302,0.0000,1,0.064471
Instances/Instances 1/ca4663_10.gt,4662,100000.0,86400.0,PTVRP_CONT,NO SOLUTION,,0.050821102,0.050821102,0.0000,1,0.064099
Instances/Instances 1/ch130_01.gt,129,100.0,86400.0,PTVRP_CONT,23377.0,36,0.000069100,0.000069100,0.0000,1,0.009919
Instances/Instances 1/ch130_02.gt,129,200.0,86400.0,PTVRP_CONT,14025.0,20,0.000066200,0.000066200,0.0000,1,0.010053
Instances/Instances 1/ch130_03.gt,129,500.0,86400.0,PTVRP_CONT,9031.0,8,0.000054300,0.000054300,0.0000,1,0.008915
Instances/Instances 1/ch130_04.gt,129,1000.0,86400.0,PTVRP_CONT,7424.0,5,0.000067500,0.000067500,0.0000,1,0.008713
Instances/Instances 1/ch130_05.gt,129,2000.0,86400.0,PTVRP_CONT,6533.0,2,0.000063100,0.000063100,0.0000,1,0.007213
Instances/Instances 1/ch130_06.gt,129,5000.0,86400.0,PTVRP_CONT,6291.0,1,0.000047800,0.000047800,0.0000,1,0.007018
Instances/Instances 1/ch130_07.gt,129,10000.0,86400.0,PTVRP_CONT,6291.0,1,0.000048000,0.000048000,0.0000,1,0.005719
Instances/Instances 1/ch130_08.gt,129,20000.0,86400.0,PTVRP_CONT,6291.0,1,0.000047700,0.000047700,0.0000,1,0.005728
Instances/Instances 1/ch130_09.gt,129,50000.0,86400.0,PTVRP_CONT,6291.0,1,0.000047900,0.000047900,0.0000,1,0.005121
Instances/Instances 1/ch130_10.gt,129,100000.0,86400.0,PTVRP_CONT,6291.0,1,0.000047600,0.000047600,0.0000,1,0.005585
Instances/Instances 1/ch150_01.gt,149,100.0,86400.0,PTVRP_CONT,28985.0,44,0.000089700,0.000089700,0.0000,1,0.005431
Instances/Instances 1/ch150_02.gt,149,200.0,86400.0,PTVRP_CONT,15615.0,21,0.000082500,0.000082500,0.0000,1,0.005211
Instances/Instances 1/ch150_03.gt,149,500.0,86400.0,PTVRP_CONT,9611.0,9,0.000072900,0.000072900,0.0000,1,0.005304
Instances/Instances 1/ch150_04.gt,149,1000.0,86400.0,PTVRP_CONT,8060.0,5,0.000068700,0.000068700,0.0000,1,0.005003
Instances/Instances 1/ch150_05.gt,149,2000.0,86400.0,PTVRP_CONT,7467.0,3,0.000066600,0.000066600,0.0000,1,0.006241
Instances/Instances 1/ch150_06.gt,149,5000.0,86400.0,PTVRP_CONT,7281.0,1,0.000063200,0.000063200,0.0000,1,0.005339
Instances/Instances 1/ch150_07.gt,149,10000.0,86400.0,PTVRP_CONT,7281.0,1,0.000063200,0.000063200,0.0000,1,0.006129
Instances/Instances 1/ch150_08.gt,149,20000.0,86400.0,PTVRP_CONT,7281.0,1,0.000063300,0.000063300,0.0000,1,0.006363
Instances/Instances 1/ch150_09.gt,149,50000.0,86400.0,PTVRP_CONT,7281.0,1,0.000063200,0.000063200,0.0000,1,0.00597
Instances/Instances 1/ch150_10.gt,149,100000.0,86400.0,PTVRP_CONT,7281.0,1,0.000063100,0.000063100,0.0000,1,0.005335
Instances/Instances 1/ch71009_01.gt,71008,100.0,86400.0,PTVRP_CONT,314697654.0,10228,11.814513152,11.814513152,0.0000,1,11.868317
Instances/Instances 1/ch71009_02.gt,71008,200.0,86400.0,PTVRP_CONT,157714607.0,6667,11.903043725,11.903043725,0.0000,1,11.973303
Instances/Instances 1/ch71009_03.gt,71008,500.0,86400.0,PTVRP_CONT,64684308.0,3536,11.747548003,11.747548003,0.0000,1,11.852619
Instances/Instances 1/ch71009_04.gt,71008,1000.0,86400.0,PTVRP_CONT,34256373.0,1837,11.832310895,11.832310895,0.0000,1,11.887115
Instances/Instances 1/ch71009_05.gt,71008,2000.0,86400.0,PTVRP_CONT,19367843.0,923,11.865132555,11.865132555,0.0000,1,11.924515
Instances/Instances 1/ch71009_06.gt,71008,5000.0,86400.0,PTVRP_CONT,10872483.0,375,11.798212533,11.798212533,0.0000,1,11.872071
Instances/Instances 1/ch71009_07.gt,71008,10000.0,86400.0,PTVRP_CONT,8261810.0,204,12.034298408,12.034298408,0.0000,1,12.094033
Instances/Instances 1/ch71009_08.gt,71008,20000.0,86400.0,PTVRP_CONT,7108473.0,120,11.904709794,11.904709794,0.0000,1,11.963316
Instances/Instances 1/ch71009_09.gt,71008,50000.0,86400.0,PTVRP_CONT,6671779.0,84,11.860007688,11.860007688,0.0000,1,11.915352
Instances/Instances 1/ch71009_10.gt,71008,100000.0,86400.0,PTVRP_CONT,6650715.0,82,11.894955324,11.894955324,0.0000,1,11.948549
Instances/Instances 1/d1291_01.gt,1290,100.0,86400.0,PTVRP_CONT,768417.0,261,0.004353800,0.004353800,0.0000,1,0.01175
Instances/Instances 1/d1291_02.gt,1290,200.0,86400.0,PTVRP_CONT,367546.0,158,0.004292500,0.004292500,0.0000,1,0.011097
Instances/Instances 1/d1291_03.gt,1290,500.0,86400.0,PTVRP_CONT,178154.0,70,0.004287700,0.004287700,0.0000,1,0.011575
Instances/Instances 1/d1291_04.gt,1290,1000.0,86400.0,PTVRP_CONT,110025.0,35,0.004291200,0.004291200,0.0000,1,0.011761
Instances/Instances 1/d1291_05.gt,1290,2000.0,86400.0,PTVRP_CONT,78610.0,18,0.004399600,0.004399600,0.0000,1,0.012147
Instances/Instances 1/d1291_06.gt,1290,5000.0,86400.0,PTVRP_CONT,61167.0,8,0.004491900,0.004491900,0.0000,1,0.014578
Instances/Instances 1/d1291_07.gt,1290,10000.0,86400.0,PTVRP_CONT,56230.0,5,0.004603800,0.004603800,0.0000,1,0.01414
Instances/Instances 1/d1291_08.gt,1290,20000.0,86400.0,PTVRP_CONT,53710.0,2,0.004706800,0.004706800,0.0000,1,0.012095
Instances/Instances 1/d1291_09.gt,1290,50000.0,86400.0,PTVRP_CONT,53688.0,1,0.004611500,0.004611500,0.0000,1,0.012477
Instances/Instances 1/d1291_10.gt,1290,100000.0,86400.0,PTVRP_CONT,53688.0,1,0.004605300,0.004605300,0.0000,1,0.013776
Instances/Instances 1/d15112_01.gt,15111,100.0,86400.0,PTVRP_CONT,53788704.0,2388,0.551268607,0.551268607,0.0000,1,0.567747
Instances/Instances 1/d15112_02.gt,15111,200.0,86400.0,PTVRP_CONT,27647861.0,1647,0.541687307,0.541687307,0.0000,1,0.559325
Instances/Instances 1/d15112_03.gt,15111,500.0,86400.0,PTVRP_CONT,11626925.0,784,0.529589107,0.529589107,0.0000,1,0.546252
Instances/Instances 1/d15112_04.gt,15111,1000.0,86400.0,PTVRP_CONT,6549550.0,399,0.532156307,0.532156307,0.0000,1,0.553955
Instances/Instances 1/d15112_05.gt,15111,2000.0,86400.0,PTVRP_CONT,3986206.0,197,0.529087207,0.529087207,0.0000,1,0.549881
Instances/Instances 1/d15112_06.gt,15111,5000.0,86400.0,PTVRP_CONT,2517833.0,82,0.536938107,0.536938107,0.0000,1,0.56107
Instances/Instances 1/d15112_07.gt,15111,10000.0,86400.0,PTVRP_CONT,2016391.0,41,0.558087408,0.558087408,0.0000,1,0.577091
Instances/Instances 1/d15112_08.gt,15111,20000.0,86400.0,PTVRP_CONT,1832536.0,24,0.541399207,0.541399207,0.0000,1,0.56072
Instances/Instances 1/d15112_09.gt,15111,50000.0,86400.0,PTVRP_CONT,1819674.0,24,0.559067108,0.559067108,0.0000,1,0.579123
Instances/Instances 1/d15112_10.gt,15111,100000.0,86400.0,PTVRP_CONT,1819674.0,24,0.568488808,0.568488808,0.0000,1,0.595362
Instances/Instances 1/d1655_01.gt,1654,100.0,86400.0,PTVRP_CONT,920931.0,323,0.006935200,0.006935200,0.0000,1,0.017446
Instances/Instances 1/d1655_02.gt,1654,200.0,86400.0,PTVRP_CONT,497810.0,213,0.007123300,0.007123300,0.0000,1,0.017136
Instances/Instances 1/d1655_03.gt,1654,500.0,86400.0,PTVRP_CONT,221226.0,87,0.007007700,0.007007700,0.0000,1,0.017547
Instances/Instances 1/d1655_04.gt,1654,1000.0,86400.0,PTVRP_CONT,139737.0,45,0.006946900,0.006946900,0.0000,1,0.014141
Instances/Instances 1/d1655_05.gt,1654,2000.0,86400.0,PTVRP_CONT,97963.0,24,0.007000000,0.007000000,0.0000,1,0.016362
Instances/Instances 1/d1655_06.gt,1654,5000.0,86400.0,PTVRP_CONT,74780.0,11,0.007256200,0.007256200,0.0000,1,0.016195
Instances/Instances 1/d1655_07.gt,1654,10000.0,86400.0,PTVRP_CONT,67599.0,5,0.007321900,0.007321900,0.0000,1,0.017485
Instances/Instances 1/d1655_08.gt,1654,20000.0,86400.0,PTVRP_CONT,66176.0,3,0.007525401,0.007525401,0.0000,1,0.016255
Instances/Instances 1/d1655_09.gt,1654,50000.0,86400.0,PTVRP_CONT,65597.0,1,0.007679000,0.007679000,0.0000,1,0.016344
Instances/Instances 1/d1655_10.gt,1654,100000.0,86400.0,PTVRP_CONT,65597.0,1,0.007552900,0.007552900,0.0000,1,0.015874
Instances/Instances 1/d18512_01.gt,18511,100.0,86400.0,PTVRP_CONT,24130075.0,2865,0.805961509,0.805961509,0.0000,1,0.828513
Instances/Instances 1/d18512_02.gt,18511,200.0,86400.0,PTVRP_CONT,12188367.0,1995,0.799036506,0.799036506,0.0000,1,0.820599
Instances/Instances 1/d18512_03.gt,18511,500.0,86400.0,PTVRP_CONT,5222711.0,960,0.817220606,0.817220606,0.0000,1,0.837833
Instances/Instances 1/d18512_04.gt,18511,1000.0,86400.0,PTVRP_CONT,2876916.0,483,0.796347606,0.796347606,0.0000,1,0.818013
Instances/Instances 1/d18512_05.gt,18511,2000.0,86400.0,PTVRP_CONT,1743333.0,242,0.810622106,0.810622106,0.0000,1,0.829251
Instances/Instances 1/d18512_06.gt,18511,5000.0,86400.0,PTVRP_CONT,1070282.0,99,0.811107306,0.811107306,0.0000,1,0.828155
Instances/Instances 1/d18512_07.gt,18511,10000.0,86400.0,PTVRP_CONT,848838.0,51,0.804873806,0.804873806,0.0000,1,0.8234
Instances/Instances 1/d18512_08.gt,18511,20000.0,86400.0,PTVRP_CONT,741916.0,26,0.819855106,0.819855106,0.0000,1,0.840593
Instances/Instances 1/d18512_09.gt,18511,50000.0,86400.0,PTVRP_CONT,677542.0,11,0.824364106,0.824364106,0.0000,1,0.846479
Instances/Instances 1/d18512_10.gt,18511,100000.0,86400.0,PTVRP_CONT,672457.0,9,0.836001007,0.836001007,0.0000,1,0.856828
Instances/Instances 1/d198_01.gt,197,100.0,86400.0,PTVRP_CONT,87758.0,48,0.000143100,0.000143100,0.0000,1,0.00762
Instances/Instances 1/d198_02.gt,197,200.0,86400.0,PTVRP_CONT,50344.0,28,0.000135000,0.000135000,0.0000,1,0.007668
Instances/Instances 1/d198_03.gt,197,500.0,86400.0,PTVRP_CONT,28510.0,12,0.000127200,0.000127200,0.0000,1,0.009119
Instances/Instances 1/d198_04.gt,197,1000.0,86400.0,PTVRP_CONT,20609.0,6,0.000119300,0.000119300,0.0000,1,0.008441
Instances/Instances 1/d198_05.gt,197,2000.0,86400.0,PTVRP_CONT,17770.0,3,0.000114400,0.000114400,0.0000,1,0.006721
Instances/Instances 1/d198_06.gt,197,5000.0,86400.0,PTVRP_CONT,17527.0,1,0.000109400,0.000109400,0.0000,1,0.006697
Instances/Instances 1/d198_07.gt,197,10000.0,86400.0,PTVRP_CONT,17527.0,1,0.000109400,0.000109400,0.0000,1,0.006862
Instances/Instances 1/d198_08.gt,197,20000.0,86400.0,PTVRP_CONT,17527.0,1,0.000109400,0.000109400,0.0000,1,0.00715
Instances/Instances 1/d198_09.gt,197,50000.0,86400.0,PTVRP_CONT,17527.0,1,0.000109300,0.000109300,0.0000,1,0.006234
Instances/Instances 1/d198_10.gt,197,100000.0,86400.0,PTVRP_CONT,17527.0,1,0.000109800,0.000109800,0.0000,1,0.00767
Instances/Instances 1/d2103_01.gt,2102,100.0,86400.0,PTVRP_CONT,1406040.0,385,0.010970600,0.010970600,0.0000,1,0.021307
Instances/Instances 1/d2103_02.gt,2102,200.0,86400.0,PTVRP_CONT,723617.0,260,0.010919100,0.010919100,0.0000,1,0.022547
Instances/Instances 1/d2103_03.gt,2102,500.0,86400.0,PTVRP_CONT,332914.0,114,0.011016601,0.011016601,0.0000,1,0.022046
Instances/Instances 1/d2103_04.gt,2102,1000.0,86400.0,PTVRP_CONT,199704.0,56,0.011148100,0.011148100,0.0000,1,0.018557
Instances/Instances 1/d2103_05.gt,2102,2000.0,86400.0,PTVRP_CONT,132584.0,31,0.011536000,0.011536000,0.0000,1,0.049895
Instances/Instances 1/d2103_06.gt,2102,5000.0,86400.0,PTVRP_CONT,100628.0,11,0.011480801,0.011480801,0.0000,1,0.033933
Instances/Instances 1/d2103_07.gt,2102,10000.0,86400.0,PTVRP_CONT,91251.0,6,0.011988700,0.011988700,0.0000,1,0.020642
Instances/Instances 1/d2103_08.gt,2102,20000.0,86400.0,PTVRP_CONT,86881.0,3,0.012155500,0.012155500,0.0000,1,0.020999
Instances/Instances 1/d2103_09.gt,2102,50000.0,86400.0,PTVRP_CONT,84458.0,2,0.012341900,0.012341900,0.0000,1,0.020835
Instances/Instances 1/d2103_10.gt,2102,100000.0,86400.0,PTVRP_CONT,84457.0,1,0.012181501,0.012181501,0.0000,1,0.021232
Instances/Instances 1/d493_01.gt,492,100.0,86400.0,PTVRP_CONT,218874.0,121,0.000699400,0.000699400,0.0000,1,0.009412
Instances/Instances 1/d493_02.gt,492,200.0,86400.0,PTVRP_CONT,117917.0,63,0.000698800,0.000698800,0.0000,1,0.007369
Instances/Instances 1/d493_03.gt,492,500.0,86400.0,PTVRP_CONT,66689.0,27,0.000689500,0.000689500,0.0000,1,0.00755
Instances/Instances 1/d493_04.gt,492,1000.0,86400.0,PTVRP_CONT,50395.0,14,0.000690600,0.000690600,0.0000,1,0.007047
Instances/Instances 1/d493_05.gt,492,2000.0,86400.0,PTVRP_CONT,42464.0,7,0.000687100,0.000687100,0.0000,1,0.00776
Instances/Instances 1/d493_06.gt,492,5000.0,86400.0,PTVRP_CONT,38646.0,4,0.000688900,0.000688900,0.0000,1,0.007693
Instances/Instances 1/d493_07.gt,492,10000.0,86400.0,PTVRP_CONT,37916.0,2,0.000692600,0.000692600,0.0000,1,0.00655
Instances/Instances 1/d493_08.gt,492,20000.0,86400.0,PTVRP_CONT,37734.0,1,0.000673100,0.000673100,0.0000,1,0.007392
Instances/Instances 1/d493_09.gt,492,50000.0,86400.0,PTVRP_CONT,37734.0,1,0.000673200,0.000673200,0.0000,1,0.00689
Instances/Instances 1/d493_10.gt,492,100000.0,86400.0,PTVRP_CONT,37734.0,1,0.000685700,0.000685700,0.0000,1,0.007003
Instances/Instances 1/d657_01.gt,656,100.0,86400.0,PTVRP_CONT,374201.0,152,0.001182000,0.001182000,0.0000,1,0.009173
Instances/Instances 1/d657_02.gt,656,200.0,86400.0,PTVRP_CONT,209715.0,90,0.001188300,0.001188300,0.0000,1,0.007646
Instances/Instances 1/d657_03.gt,656,500.0,86400.0,PTVRP_CONT,109006.0,36,0.001156600,0.001156600,0.0000,1,0.008771
Instances/Instances 1/d657_04.gt,656,1000.0,86400.0,PTVRP_CONT,78389.0,19,0.001152300,0.001152300,0.0000,1,0.007365
Instances/Instances 1/d657_05.gt,656,2000.0,86400.0,PTVRP_CONT,62326.0,10,0.001192000,0.001192000,0.0000,1,0.007396
Instances/Instances 1/d657_06.gt,656,5000.0,86400.0,PTVRP_CONT,53349.0,4,0.001203000,0.001203000,0.0000,1,0.008045
Instances/Instances 1/d657_07.gt,656,10000.0,86400.0,PTVRP_CONT,52507.0,2,0.001219100,0.001219100,0.0000,1,0.010218
Instances/Instances 1/d657_08.gt,656,20000.0,86400.0,PTVRP_CONT,52008.0,1,0.001202200,0.001202200,0.0000,1,0.008745
Instances/Instances 1/d657_09.gt,656,50000.0,86400.0,PTVRP_CONT,52008.0,1,0.001201800,0.001201800,0.0000,1,0.009483
Instances/Instances 1/d657_10.gt,656,100000.0,86400.0,PTVRP_CONT,52008.0,1,0.001267700,0.001267700,0.0000,1,0.008676
Instances/Instances 1/dj38_01.gt,37,100.0,86400.0,PTVRP_CONT,17501.0,12,0.000009600,0.000009600,0.0000,1,0.007657
Instances/Instances 1/dj38_02.gt,37,200.0,86400.0,PTVRP_CONT,11667.0,6,0.000007100,0.000007100,0.0000,1,0.006598
Instances/Instances 1/dj38_03.gt,37,500.0,86400.0,PTVRP_CONT,8402.0,3,0.000006300,0.000006300,0.0000,1,0.006594
Instances/Instances 1/dj38_04.gt,37,1000.0,86400.0,PTVRP_CONT,8048.0,1,0.000004700,0.000004700,0.0000,1,0.005268
Instances/Instances 1/dj38_05.gt,37,2000.0,86400.0,PTVRP_CONT,8048.0,1,0.000004800,0.000004800,0.0000,1,0.005781
Instances/Instances 1/dj38_06.gt,37,5000.0,86400.0,PTVRP_CONT,8048.0,1,0.000004800,0.000004800,0.0000,1,0.007283
Instances/Instances 1/dj38_07.gt,37,10000.0,86400.0,PTVRP_CONT,8048.0,1,0.000005000,0.000005000,0.0000,1,0.007566
Instances/Instances 1/dj38_08.gt,37,20000.0,86400.0,PTVRP_CONT,8048.0,1,0.000004800,0.000004800,0.0000,1,0.007159
Instances/Instances 1/dj38_09.gt,37,50000.0,86400.0,PTVRP_CONT,8048.0,1,0.000004800,0.000004800,0.0000,1,0.006303
Instances/Instances 1/dj38_10.gt,37,100000.0,86400.0,PTVRP_CONT,8048.0,1,0.000005100,0.000005100,0.0000,1,0.007969
Instances/Instances 1/eg7146_01.gt,7145,100.0,86400.0,PTVRP_CONT,5872828.0,1076,0.123564205,0.123564205,0.0000,1,0.135361
Instances/Instances 1/eg7146_02.gt,7145,200.0,86400.0,PTVRP_CONT,2972502.0,770,0.126429805,0.126429805,0.0000,1,0.138435
Instances/Instances 1/eg7146_03.gt,7145,500.0,86400.0,PTVRP_CONT,1281035.0,373,0.145193705,0.145193705,0.0000,1,0.154988
Instances/Instances 1/eg7146_04.gt,7145,1000.0,86400.0,PTVRP_CONT,708528.0,186,0.126646304,0.126646304,0.0000,1,0.136342
Instances/Instances 1/eg7146_05.gt,7145,2000.0,86400.0,PTVRP_CONT,437580.0,95,0.129084405,0.129084405,0.0000,1,0.137912
Instances/Instances 1/eg7146_06.gt,7145,5000.0,86400.0,PTVRP_CONT,273169.0,38,0.126765405,0.126765405,0.0000,1,0.138096
Instances/Instances 1/eg7146_07.gt,7145,10000.0,86400.0,PTVRP_CONT,222770.0,20,0.132659005,0.132659005,0.0000,1,0.144169
Instances/Instances 1/eg7146_08.gt,7145,20000.0,86400.0,PTVRP_CONT,200051.0,10,0.130308605,0.130308605,0.0000,1,0.140877
Instances/Instances 1/eg7146_09.gt,7145,50000.0,86400.0,PTVRP_CONT,186570.0,5,0.137993205,0.137993205,0.0000,1,0.152172
Instances/Instances 1/eg7146_10.gt,7145,100000.0,86400.0,PTVRP_CONT,184251.0,3,0.148256906,0.148256906,0.0000,1,0.165455
Instances/Instances 1/ei8246_01.gt,8245,100.0,86400.0,PTVRP_CONT,6036095.0,1384,0.159720706,0.159720706,0.0000,1,0.175311
Instances/Instances 1/ei8246_02.gt,8245,200.0,86400.0,PTVRP_CONT,3075949.0,917,0.162563906,0.162563906,0.0000,1,0.178177
Instances/Instances 1/ei8246_03.gt,8245,500.0,86400.0,PTVRP_CONT,1324735.0,436,0.162506106,0.162506106,0.0000,1,0.175801
Instances/Instances 1/ei8246_04.gt,8245,1000.0,86400.0,PTVRP_CONT,752179.0,218,0.161772506,0.161772506,0.0000,1,0.173582
Instances/Instances 1/ei8246_05.gt,8245,2000.0,86400.0,PTVRP_CONT,473280.0,110,0.162344306,0.162344306,0.0000,1,0.176757
Instances/Instances 1/ei8246_06.gt,8245,5000.0,86400.0,PTVRP_CONT,305629.0,45,0.163615906,0.163615906,0.0000,1,0.177974
Instances/Instances 1/ei8246_07.gt,8245,10000.0,86400.0,PTVRP_CONT,252631.0,24,0.164665606,0.164665606,0.0000,1,0.179253
Instances/Instances 1/ei8246_08.gt,8245,20000.0,86400.0,PTVRP_CONT,228782.0,13,0.169228606,0.169228606,0.0000,1,0.184389
Instances/Instances 1/ei8246_09.gt,8245,50000.0,86400.0,PTVRP_CONT,214769.0,6,0.170005606,0.170005606,0.0000,1,0.184224
Instances/Instances 1/ei8246_10.gt,8245,100000.0,86400.0,PTVRP_CONT,211535.0,4,0.177397707,0.177397707,0.0000,1,0.193378
Instances/Instances 1/eil101_01.gt,100,100.0,86400.0,PTVRP_CONT,1941.0,30,0.000043800,0.000043800,0.0000,1,0.007614
Instances/Instances 1/eil101_02.gt,100,200.0,86400.0,PTVRP_CONT,1166.0,15,0.000039600,0.000039600,0.0000,1,0.007256
Instances/Instances 1/eil101_03.gt,100,500.0,86400.0,PTVRP_CONT,827.0,6,0.000033800,0.000033800,0.0000,1,0.005699
Instances/Instances 1/eil101_04.gt,100,1000.0,86400.0,PTVRP_CONT,701.0,3,0.000032100,0.000032100,0.0000,1,0.007355
Instances/Instances 1/eil101_05.gt,100,2000.0,86400.0,PTVRP_CONT,664.0,2,0.000030400,0.000030400,0.0000,1,0.008356
Instances/Instances 1/eil101_06.gt,100,5000.0,86400.0,PTVRP_CONT,652.0,1,0.000029200,0.000029200,0.0000,1,0.006694
Instances/Instances 1/eil101_07.gt,100,10000.0,86400.0,PTVRP_CONT,652.0,1,0.000029300,0.000029300,0.0000,1,0.005703
Instances/Instances 1/eil101_08.gt,100,20000.0,86400.0,PTVRP_CONT,652.0,1,0.000028900,0.000028900,0.0000,1,0.00579
Instances/Instances 1/eil101_09.gt,100,50000.0,86400.0,PTVRP_CONT,652.0,1,0.000029100,0.000029100,0.0000,1,0.006347
Instances/Instances 1/eil101_10.gt,100,100000.0,86400.0,PTVRP_CONT,652.0,1,0.000029300,0.000029300,0.0000,1,0.006776
Instances/Instances 1/eil51_01.gt,50,100.0,86400.0,PTVRP_CONT,941.0,15,0.000012700,0.000012700,0.0000,1,0.007099
Instances/Instances 1/eil51_02.gt,50,200.0,86400.0,PTVRP_CONT,664.0,7,0.000011900,0.000011900,0.0000,1,0.006775
Instances/Instances 1/eil51_03.gt,50,500.0,86400.0,PTVRP_CONT,490.0,3,0.000010100,0.000010100,0.0000,1,0.007376
Instances/Instances 1/eil51_04.gt,50,1000.0,86400.0,PTVRP_CONT,474.0,2,0.000008900,0.000008900,0.0000,1,0.008647
Instances/Instances 1/eil51_05.gt,50,2000.0,86400.0,PTVRP_CONT,442.0,1,0.000008100,0.000008100,0.0000,1,0.008062
Instances/Instances 1/eil51_06.gt,50,5000.0,86400.0,PTVRP_CONT,442.0,1,0.000008300,0.000008300,0.0000,1,0.006507
Instances/Instances 1/eil51_07.gt,50,10000.0,86400.0,PTVRP_CONT,442.0,1,0.000008200,0.000008200,0.0000,1,0.005527
Instances/Instances 1/eil51_08.gt,50,20000.0,86400.0,PTVRP_CONT,442.0,1,0.000008200,0.000008200,0.0000,1,0.004947
Instances/Instances 1/eil51_09.gt,50,50000.0,86400.0,PTVRP_CONT,442.0,1,0.000007900,0.000007900,0.0000,1,0.005223
Instances/Instances 1/eil51_10.gt,50,100000.0,86400.0,PTVRP_CONT,442.0,1,0.000008200,0.000008200,0.0000,1,0.004931
Instances/Instances 1/eil76_01.gt,75,100.0,86400.0,PTVRP_CONT,1401.0,23,0.000036600,0.000036600,0.0000,1,0.032529
Instances/Instances 1/eil76_02.gt,75,200.0,86400.0,PTVRP_CONT,931.0,12,0.000023400,0.000023400,0.0000,1,0.018069
Instances/Instances 1/eil76_03.gt,75,500.0,86400.0,PTVRP_CONT,664.0,5,0.000019800,0.000019800,0.0000,1,0.006849
Instances/Instances 1/eil76_04.gt,75,1000.0,86400.0,PTVRP_CONT,600.0,3,0.000018400,0.000018400,0.0000,1,0.007389
Instances/Instances 1/eil76_05.gt,75,2000.0,86400.0,PTVRP_CONT,573.0,1,0.000017600,0.000017600,0.0000,1,0.008182
Instances/Instances 1/eil76_06.gt,75,5000.0,86400.0,PTVRP_CONT,573.0,1,0.000016800,0.000016800,0.0000,1,0.007641
Instances/Instances 1/eil76_07.gt,75,10000.0,86400.0,PTVRP_CONT,573.0,1,0.000017200,0.000017200,0.0000,1,0.005969
Instances/Instances 1/eil76_08.gt,75,20000.0,86400.0,PTVRP_CONT,573.0,1,0.000017100,0.000017100,0.0000,1,0.005792
Instances/Instances 1/eil76_09.gt,75,50000.0,86400.0,PTVRP_CONT,573.0,1,0.000017000,0.000017000,0.0000,1,0.005354
Instances/Instances 1/eil76_10.gt,75,100000.0,86400.0,PTVRP_CONT,573.0,1,0.000016900,0.000016900,0.0000,1,0.005016
Instances/Instances 1/fi10639_01.gt,10638,100.0,86400.0,PTVRP_CONT,17282915.0,1662,0.267211210,0.267211210,0.0000,1,0.279376
Instances/Instances 1/fi10639_02.gt,10638,200.0,86400.0,PTVRP_CONT,8893028.0,1158,0.264205210,0.264205210,0.0000,1,0.283557
Instances/Instances 1/fi10639_03.gt,10638,500.0,86400.0,PTVRP_CONT,3763490.0,557,0.281479811,0.281479811,0.0000,1,0.297712
Instances/Instances 1/fi10639_04.gt,10638,1000.0,86400.0,PTVRP_CONT,2108169.0,277,0.283195611,0.283195611,0.0000,1,0.300001
Instances/Instances 1/fi10639_05.gt,10638,2000.0,86400.0,PTVRP_CONT,1303908.0,140,0.269198710,0.269198710,0.0000,1,0.281613
Instances/Instances 1/fi10639_06.gt,10638,5000.0,86400.0,PTVRP_CONT,820119.0,58,0.276281210,0.276281210,0.0000,1,0.291527
Instances/Instances 1/fi10639_07.gt,10638,10000.0,86400.0,PTVRP_CONT,660140.0,30,0.289696311,0.289696311,0.0000,1,0.303113
Instances/Instances 1/fi10639_08.gt,10638,20000.0,86400.0,PTVRP_CONT,585300.0,14,0.294764811,0.294764811,0.0000,1,0.30765
Instances/Instances 1/fi10639_09.gt,10638,50000.0,86400.0,PTVRP_CONT,551822.0,8,0.284594710,0.284594710,0.0000,1,0.29894
Instances/Instances 1/fi10639_10.gt,10638,100000.0,86400.0,PTVRP_CONT,551822.0,8,0.289661610,0.289661610,0.0000,1,0.305211
Instances/Instances 1/fl1400_01.gt,1399,100.0,86400.0,PTVRP_CONT,727206.0,162,0.005199000,0.005199000,0.0000,1,0.014694
Instances/Instances 1/fl1400_02.gt,1399,200.0,86400.0,PTVRP_CONT,369796.0,132,0.005303200,0.005303200,0.0000,1,0.013756
Instances/Instances 1/fl1400_03.gt,1399,500.0,86400.0,PTVRP_CONT,163619.0,73,0.005427000,0.005427000,0.0000,1,0.014146
Instances/Instances 1/fl1400_04.gt,1399,1000.0,86400.0,PTVRP_CONT,90227.0,37,0.005565600,0.005565600,0.0000,1,0.014028
Instances/Instances 1/fl1400_05.gt,1399,2000.0,86400.0,PTVRP_CONT,53314.0,19,0.005463000,0.005463000,0.0000,1,0.049083
Instances/Instances 1/fl1400_06.gt,1399,5000.0,86400.0,PTVRP_CONT,32739.0,8,0.006250800,0.006250800,0.0000,1,0.01599
Instances/Instances 1/fl1400_07.gt,1399,10000.0,86400.0,PTVRP_CONT,25452.0,4,0.005709800,0.005709800,0.0000,1,0.013923
Instances/Instances 1/fl1400_08.gt,1399,20000.0,86400.0,PTVRP_CONT,22330.0,2,0.005513800,0.005513800,0.0000,1,0.013394
Instances/Instances 1/fl1400_09.gt,1399,50000.0,86400.0,PTVRP_CONT,22250.0,1,0.005383901,0.005383901,0.0000,1,0.013545
Instances/Instances 1/fl1400_10.gt,1399,100000.0,86400.0,PTVRP_CONT,22250.0,1,0.005461600,0.005461600,0.0000,1,0.014949
Instances/Instances 1/fl1577_01.gt,1576,100.0,86400.0,PTVRP_CONT,534844.0,262,0.006610701,0.006610701,0.0000,1,0.016518
Instances/Instances 1/fl1577_02.gt,1576,200.0,86400.0,PTVRP_CONT,278030.0,186,0.006633100,0.006633100,0.0000,1,0.016106
Instances/Instances 1/fl1577_03.gt,1576,500.0,86400.0,PTVRP_CONT,120347.0,85,0.006593200,0.006593200,0.0000,1,0.016986
Instances/Instances 1/fl1577_04.gt,1576,1000.0,86400.0,PTVRP_CONT,69180.0,43,0.006644501,0.006644501,0.0000,1,0.016286
Instances/Instances 1/fl1577_05.gt,1576,2000.0,86400.0,PTVRP_CONT,45021.0,22,0.006734400,0.006734400,0.0000,1,0.01485
Instances/Instances 1/fl1577_06.gt,1576,5000.0,86400.0,PTVRP_CONT,30431.0,10,0.006977000,0.006977000,0.0000,1,0.015625
Instances/Instances 1/fl1577_07.gt,1576,10000.0,86400.0,PTVRP_CONT,25235.0,5,0.007009400,0.007009400,0.0000,1,0.014747
Instances/Instances 1/fl1577_08.gt,1576,20000.0,86400.0,PTVRP_CONT,23781.0,3,0.007061800,0.007061800,0.0000,1,0.015037
Instances/Instances 1/fl1577_09.gt,1576,50000.0,86400.0,PTVRP_CONT,23697.0,1,0.006925200,0.006925200,0.0000,1,0.013687
Instances/Instances 1/fl1577_10.gt,1576,100000.0,86400.0,PTVRP_CONT,23697.0,1,0.006994700,0.006994700,0.0000,1,0.013888
Instances/Instances 1/fl3795_01.gt,3794,100.0,86400.0,PTVRP_CONT,1406061.0,540,0.035714802,0.035714802,0.0000,1,0.043301
Instances/Instances 1/fl3795_02.gt,3794,200.0,86400.0,PTVRP_CONT,714398.0,374,0.036643201,0.036643201,0.0000,1,0.046262
Instances/Instances 1/fl3795_03.gt,3794,500.0,86400.0,PTVRP_CONT,292849.0,192,0.039264201,0.039264201,0.0000,1,0.05155
Instances/Instances 1/fl3795_04.gt,3794,1000.0,86400.0,PTVRP_CONT,159179.0,100,0.036960201,0.036960201,0.0000,1,0.047987
Instances/Instances 1/fl3795_05.gt,3794,2000.0,86400.0,PTVRP_CONT,93815.0,51,0.037174302,0.037174302,0.0000,1,0.045625
Instances/Instances 1/fl3795_06.gt,3794,5000.0,86400.0,PTVRP_CONT,51747.0,21,0.038030701,0.038030701,0.0000,1,0.04847
Instances/Instances 1/fl3795_07.gt,3794,10000.0,86400.0,PTVRP_CONT,40046.0,11,0.039836101,0.039836101,0.0000,1,0.04892
Instances/Instances 1/fl3795_08.gt,3794,20000.0,86400.0,PTVRP_CONT,34168.0,6,0.040828201,0.040828201,0.0000,1,0.049335
Instances/Instances 1/fl3795_09.gt,3794,50000.0,86400.0,PTVRP_CONT,30739.0,3,0.040518102,0.040518102,0.0000,1,0.048852
Instances/Instances 1/fl3795_10.gt,3794,100000.0,86400.0,PTVRP_CONT,30708.0,1,0.040547202,0.040547202,0.0000,1,0.051578
Instances/Instances 1/fl417_01.gt,416,100.0,86400.0,PTVRP_CONT,228870.0,69,0.000557800,0.000557800,0.0000,1,0.007953
Instances/Instances 1/fl417_02.gt,416,200.0,86400.0,PTVRP_CONT,110050.0,48,0.000558700,0.000558700,0.0000,1,0.00643
Instances/Instances 1/fl417_03.gt,416,500.0,86400.0,PTVRP_CONT,52409.0,24,0.000552100,0.000552100,0.0000,1,0.006455
Instances/Instances 1/fl417_04.gt,416,1000.0,86400.0,PTVRP_CONT,30091.0,12,0.000541900,0.000541900,0.0000,1,0.007215
Instances/Instances 1/fl417_05.gt,416,2000.0,86400.0,PTVRP_CONT,22180.0,7,0.000522400,0.000522400,0.0000,1,0.006785
Instances/Instances 1/fl417_06.gt,416,5000.0,86400.0,PTVRP_CONT,14735.0,3,0.000490700,0.000490700,0.0000,1,0.008255
Instances/Instances 1/fl417_07.gt,416,10000.0,86400.0,PTVRP_CONT,13776.0,2,0.000483600,0.000483600,0.0000,1,0.007648
Instances/Instances 1/fl417_08.gt,416,20000.0,86400.0,PTVRP_CONT,13750.0,1,0.000482100,0.000482100,0.0000,1,0.009101
Instances/Instances 1/fl417_09.gt,416,50000.0,86400.0,PTVRP_CONT,13750.0,1,0.000485000,0.000485000,0.0000,1,0.009589
Instances/Instances 1/fl417_10.gt,416,100000.0,86400.0,PTVRP_CONT,13750.0,1,0.000492900,0.000492900,0.0000,1,0.008143
Instances/Instances 1/fnl4461_01.gt,4460,100.0,86400.0,PTVRP_CONT,3582667.0,834,0.047178702,0.047178702,0.0000,1,0.056941
Instances/Instances 1/fnl4461_02.gt,4460,200.0,86400.0,PTVRP_CONT,1837638.0,545,0.046992302,0.046992302,0.0000,1,0.057897
Instances/Instances 1/fnl4461_03.gt,4460,500.0,86400.0,PTVRP_CONT,823101.0,240,0.047775001,0.047775001,0.0000,1,0.057396
Instances/Instances 1/fnl4461_04.gt,4460,1000.0,86400.0,PTVRP_CONT,493280.0,121,0.047110801,0.047110801,0.0000,1,0.05835
Instances/Instances 1/fnl4461_05.gt,4460,2000.0,86400.0,PTVRP_CONT,328926.0,60,0.048194901,0.048194901,0.0000,1,0.060027
Instances/Instances 1/fnl4461_06.gt,4460,5000.0,86400.0,PTVRP_CONT,236264.0,26,0.048910301,0.048910301,0.0000,1,0.058275
Instances/Instances 1/fnl4461_07.gt,4460,10000.0,86400.0,PTVRP_CONT,205790.0,13,0.049408401,0.049408401,0.0000,1,0.061657
Instances/Instances 1/fnl4461_08.gt,4460,20000.0,86400.0,PTVRP_CONT,193945.0,8,0.049886501,0.049886501,0.0000,1,0.062423
Instances/Instances 1/fnl4461_09.gt,4460,50000.0,86400.0,PTVRP_CONT,187221.0,4,0.053213001,0.053213001,0.0000,1,0.065425
Instances/Instances 1/fnl4461_10.gt,4460,100000.0,86400.0,PTVRP_CONT,187145.0,3,0.053138201,0.053138201,0.0000,1,0.065136
Instances/Instances 1/gil262_01.gt,261,100.0,86400.0,PTVRP_CONT,13466.0,63,0.000270100,0.000270100,0.0000,1,0.009722
Instances/Instances 1/gil262_02.gt,261,200.0,86400.0,PTVRP_CONT,7175.0,35,0.000278200,0.000278200,0.0000,1,0.00865
Instances/Instances 1/gil262_03.gt,261,500.0,86400.0,PTVRP_CONT,4196.0,14,0.000221800,0.000221800,0.0000,1,0.008332
Instances/Instances 1/gil262_04.gt,261,1000.0,86400.0,PTVRP_CONT,3287.0,8,0.000207600,0.000207600,0.0000,1,0.007354
Instances/Instances 1/gil262_05.gt,261,2000.0,86400.0,PTVRP_CONT,2873.0,4,0.000203200,0.000203200,0.0000,1,0.007216
Instances/Instances 1/gil262_06.gt,261,5000.0,86400.0,PTVRP_CONT,2667.0,2,0.000192900,0.000192900,0.0000,1,0.007627
Instances/Instances 1/gil262_07.gt,261,10000.0,86400.0,PTVRP_CONT,2645.0,1,0.000190800,0.000190800,0.0000,1,0.007496
Instances/Instances 1/gil262_08.gt,261,20000.0,86400.0,PTVRP_CONT,2645.0,1,0.000191000,0.000191000,0.0000,1,0.007385
Instances/Instances 1/gil262_09.gt,261,50000.0,86400.0,PTVRP_CONT,2645.0,1,0.000190900,0.000190900,0.0000,1,0.006766
Instances/Instances 1/gil262_10.gt,261,100000.0,86400.0,PTVRP_CONT,2645.0,1,0.000191300,0.000191300,0.0000,1,0.007539
Instances/Instances 1/gr9882_01.gt,9881,100.0,86400.0,PTVRP_CONT,11487691.0,1457,0.232639105,0.232639105,0.0000,1,0.246595
Instances/Instances 1/gr9882_02.gt,9881,200.0,86400.0,PTVRP_CONT,5868339.0,1038,0.235732905,0.235732905,0.0000,1,0.248477
Instances/Instances 1/gr9882_03.gt,9881,500.0,86400.0,PTVRP_CONT,2464249.0,510,0.245526005,0.245526005,0.0000,1,0.259833
Instances/Instances 1/gr9882_04.gt,9881,1000.0,86400.0,PTVRP_CONT,1376698.0,260,0.251946605,0.251946605,0.0000,1,0.267703
Instances/Instances 1/gr9882_05.gt,9881,2000.0,86400.0,PTVRP_CONT,824838.0,130,0.261117606,0.261117606,0.0000,1,0.279398
Instances/Instances 1/gr9882_06.gt,9881,5000.0,86400.0,PTVRP_CONT,501483.0,52,0.241974605,0.241974605,0.0000,1,0.256377
Instances/Instances 1/gr9882_07.gt,9881,10000.0,86400.0,PTVRP_CONT,399596.0,27,0.240615705,0.240615705,0.0000,1,0.25363
Instances/Instances 1/gr9882_08.gt,9881,20000.0,86400.0,PTVRP_CONT,343807.0,14,0.243022905,0.243022905,0.0000,1,0.257481
Instances/Instances 1/gr9882_09.gt,9881,50000.0,86400.0,PTVRP_CONT,317771.0,6,0.243421105,0.243421105,0.0000,1,0.258595
Instances/Instances 1/gr9882_10.gt,9881,100000.0,86400.0,PTVRP_CONT,313501.0,5,0.299175506,0.299175506,0.0000,1,0.317024
Instances/Instances 1/ho14473_01.gt,14472,100.0,86400.0,PTVRP_CONT,8450979.0,2011,0.584632412,0.584632412,0.0000,1,0.599916
Instances/Instances 1/ho14473_02.gt,14472,200.0,86400.0,PTVRP_CONT,4354156.0,1459,0.536219811,0.536219811,0.0000,1,0.555855
Instances/Instances 1/ho14473_03.gt,14472,500.0,86400.0,PTVRP_CONT,1807631.0,749,0.496899510,0.496899510,0.0000,1,0.514683
Instances/Instances 1/ho14473_04.gt,14472,1000.0,86400.0,PTVRP_CONT,974659.0,377,0.499699310,0.499699310,0.0000,1,0.517369
Instances/Instances 1/ho14473_05.gt,14472,2000.0,86400.0,PTVRP_CONT,570975.0,189,0.493750611,0.493750611,0.0000,1,0.512091
Instances/Instances 1/ho14473_06.gt,14472,5000.0,86400.0,PTVRP_CONT,331612.0,78,0.502520210,0.502520210,0.0000,1,0.521217
Instances/Instances 1/ho14473_07.gt,14472,10000.0,86400.0,PTVRP_CONT,248892.0,40,0.503983310,0.503983310,0.0000,1,0.522986
Instances/Instances 1/ho14473_08.gt,14472,20000.0,86400.0,PTVRP_CONT,210554.0,21,0.547920312,0.547920312,0.0000,1,0.565334
Instances/Instances 1/ho14473_09.gt,14472,50000.0,86400.0,PTVRP_CONT,187851.0,9,0.521642611,0.521642611,0.0000,1,0.538353
Instances/Instances 1/ho14473_10.gt,14472,100000.0,86400.0,PTVRP_CONT,181545.0,4,0.549497414,0.549497414,0.0000,1,0.569509
Instances/Instances 1/it16862_01.gt,16861,100.0,86400.0,PTVRP_CONT,27987539.0,2424,0.657659717,0.657659717,0.0000,1,0.679375
Instances/Instances 1/it16862_02.gt,16861,200.0,86400.0,PTVRP_CONT,14072619.0,1701,0.661534317,0.661534317,0.0000,1,0.681728
Instances/Instances 1/it16862_03.gt,16861,500.0,86400.0,PTVRP_CONT,5921913.0,886,0.658534617,0.658534617,0.0000,1,0.680986
Instances/Instances 1/it16862_04.gt,16861,1000.0,86400.0,PTVRP_CONT,3150614.0,439,0.659781217,0.659781217,0.0000,1,0.681935
Instances/Instances 1/it16862_05.gt,16861,2000.0,86400.0,PTVRP_CONT,1841830.0,220,0.661440917,0.661440917,0.0000,1,0.684133
Instances/Instances 1/it16862_06.gt,16861,5000.0,86400.0,PTVRP_CONT,1060736.0,89,0.663290717,0.663290717,0.0000,1,0.683663
Instances/Instances 1/it16862_07.gt,16861,10000.0,86400.0,PTVRP_CONT,799388.0,46,0.675825717,0.675825717,0.0000,1,0.696033
Instances/Instances 1/it16862_08.gt,16861,20000.0,86400.0,PTVRP_CONT,675310.0,24,0.692736818,0.692736818,0.0000,1,0.713311
Instances/Instances 1/it16862_09.gt,16861,50000.0,86400.0,PTVRP_CONT,599939.0,10,0.692545917,0.692545917,0.0000,1,0.709193
Instances/Instances 1/it16862_10.gt,16861,100000.0,86400.0,PTVRP_CONT,592244.0,8,0.702784017,0.702784017,0.0000,1,0.720668
Instances/Instances 1/ja9847_01.gt,9846,100.0,86400.0,PTVRP_CONT,27648638.0,1468,0.227625205,0.227625205,0.0000,1,0.244997
Instances/Instances 1/ja9847_02.gt,9846,200.0,86400.0,PTVRP_CONT,13847756.0,969,0.230844205,0.230844205,0.0000,1,0.247348
Instances/Instances 1/ja9847_03.gt,9846,500.0,86400.0,PTVRP_CONT,5809604.0,493,0.239367506,0.239367506,0.0000,1,0.260982
Instances/Instances 1/ja9847_04.gt,9846,1000.0,86400.0,PTVRP_CONT,3142417.0,260,0.228046506,0.228046506,0.0000,1,0.247726
Instances/Instances 1/ja9847_05.gt,9846,2000.0,86400.0,PTVRP_CONT,1777436.0,127,0.248103306,0.248103306,0.0000,1,0.264378
Instances/Instances 1/ja9847_06.gt,9846,5000.0,86400.0,PTVRP_CONT,1002457.0,53,0.232705807,0.232705807,0.0000,1,0.261912
Instances/Instances 1/ja9847_07.gt,9846,10000.0,86400.0,PTVRP_CONT,755860.0,27,0.236058807,0.236058807,0.0000,1,0.250283
Instances/Instances 1/ja9847_08.gt,9846,20000.0,86400.0,PTVRP_CONT,619091.0,14,0.233252706,0.233252706,0.0000,1,0.249825
Instances/Instances 1/ja9847_09.gt,9846,50000.0,86400.0,PTVRP_CONT,573619.0,8,0.241968706,0.241968706,0.0000,1,0.257525
Instances/Instances 1/ja9847_10.gt,9846,100000.0,86400.0,PTVRP_CONT,573619.0,8,0.244555606,0.244555606,0.0000,1,0.258276
Instances/Instances 1/kroA100_01.gt,99,100.0,86400.0,PTVRP_CONT,86834.0,25,0.000041700,0.000041700,0.0000,1,0.006514
Instances/Instances 1/kroA100_02.gt,99,200.0,86400.0,PTVRP_CONT,50084.0,13,0.000038400,0.000038400,0.0000,1,0.006203
Instances/Instances 1/kroA100_03.gt,99,500.0,86400.0,PTVRP_CONT,32654.0,7,0.000034400,0.000034400,0.0000,1,0.00651
Instances/Instances 1/kroA100_04.gt,99,1000.0,86400.0,PTVRP_CONT,25740.0,4,0.000031100,0.000031100,0.0000,1,0.005803
Instances/Instances 1/kroA100_05.gt,99,2000.0,86400.0,PTVRP_CONT,23670.0,2,0.000030700,0.000030700,0.0000,1,0.005807
Instances/Instances 1/kroA100_06.gt,99,5000.0,86400.0,PTVRP_CONT,22624.0,1,0.000055700,0.000055700,0.0000,1,0.005842
Instances/Instances 1/kroA100_07.gt,99,10000.0,86400.0,PTVRP_CONT,22624.0,1,0.000028600,0.000028600,0.0000,1,0.005975
Instances/Instances 1/kroA100_08.gt,99,20000.0,86400.0,PTVRP_CONT,22624.0,1,0.000028700,0.000028700,0.0000,1,0.006269
Instances/Instances 1/kroA100_09.gt,99,50000.0,86400.0,PTVRP_CONT,22624.0,1,0.000028500,0.000028500,0.0000,1,0.005517
Instances/Instances 1/kroA100_10.gt,99,100000.0,86400.0,PTVRP_CONT,22624.0,1,0.000028800,0.000028800,0.0000,1,0.005204
Instances/Instances 1/kroA150_01.gt,149,100.0,86400.0,PTVRP_CONT,128307.0,39,0.000079500,0.000079500,0.0000,1,0.005759
Instances/Instances 1/kroA150_02.gt,149,200.0,86400.0,PTVRP_CONT,72363.0,21,0.000076900,0.000076900,0.0000,1,0.005591
Instances/Instances 1/kroA150_03.gt,149,500.0,86400.0,PTVRP_CONT,40115.0,8,0.000074900,0.000074900,0.0000,1,0.006039
Instances/Instances 1/kroA150_04.gt,149,1000.0,86400.0,PTVRP_CONT,33898.0,5,0.000069400,0.000069400,0.0000,1,0.00604
Instances/Instances 1/kroA150_05.gt,149,2000.0,86400.0,PTVRP_CONT,28781.0,2,0.000064900,0.000064900,0.0000,1,0.005075
Instances/Instances 1/kroA150_06.gt,149,5000.0,86400.0,PTVRP_CONT,27630.0,1,0.000064200,0.000064200,0.0000,1,0.006271
Instances/Instances 1/kroA150_07.gt,149,10000.0,86400.0,PTVRP_CONT,27630.0,1,0.000063200,0.000063200,0.0000,1,0.006318
Instances/Instances 1/kroA150_08.gt,149,20000.0,86400.0,PTVRP_CONT,27630.0,1,0.000063400,0.000063400,0.0000,1,0.005954
Instances/Instances 1/kroA150_09.gt,149,50000.0,86400.0,PTVRP_CONT,27630.0,1,0.000064000,0.000064000,0.0000,1,0.00779
Instances/Instances 1/kroA150_10.gt,149,100000.0,86400.0,PTVRP_CONT,27630.0,1,0.000063200,0.000063200,0.0000,1,0.005937
Instances/Instances 1/kroA200_01.gt,199,100.0,86400.0,PTVRP_CONT,168343.0,50,0.000130800,0.000130800,0.0000,1,0.0075
Instances/Instances 1/kroA200_02.gt,199,200.0,86400.0,PTVRP_CONT,88322.0,27,0.000128800,0.000128800,0.0000,1,0.007603
Instances/Instances 1/kroA200_03.gt,199,500.0,86400.0,PTVRP_CONT,53593.0,12,0.000123200,0.000123200,0.0000,1,0.00679
Instances/Instances 1/kroA200_04.gt,199,1000.0,86400.0,PTVRP_CONT,40258.0,8,0.000120100,0.000120100,0.0000,1,0.006994
Instances/Instances 1/kroA200_05.gt,199,2000.0,86400.0,PTVRP_CONT,33244.0,3,0.000118500,0.000118500,0.0000,1,0.007519
Instances/Instances 1/kroA200_06.gt,199,5000.0,86400.0,PTVRP_CONT,30958.0,2,0.000111800,0.000111800,0.0000,1,0.006149
Instances/Instances 1/kroA200_07.gt,199,10000.0,86400.0,PTVRP_CONT,30902.0,1,0.000111500,0.000111500,0.0000,1,0.005876
Instances/Instances 1/kroA200_08.gt,199,20000.0,86400.0,PTVRP_CONT,30902.0,1,0.000111800,0.000111800,0.0000,1,0.007054
Instances/Instances 1/kroA200_09.gt,199,50000.0,86400.0,PTVRP_CONT,30902.0,1,0.000111600,0.000111600,0.0000,1,0.008174
Instances/Instances 1/kroA200_10.gt,199,100000.0,86400.0,PTVRP_CONT,30902.0,1,0.000111600,0.000111600,0.0000,1,0.00863
Instances/Instances 1/kroB100_01.gt,99,100.0,86400.0,PTVRP_CONT,86708.0,28,0.000040500,0.000040500,0.0000,1,0.00714
Instances/Instances 1/kroB100_02.gt,99,200.0,86400.0,PTVRP_CONT,51033.0,15,0.000038100,0.000038100,0.0000,1,0.007193
Instances/Instances 1/kroB100_03.gt,99,500.0,86400.0,PTVRP_CONT,31663.0,6,0.000033300,0.000033300,0.0000,1,0.006882
Instances/Instances 1/kroB100_04.gt,99,1000.0,86400.0,PTVRP_CONT,26294.0,4,0.000031900,0.000031900,0.0000,1,0.005895
Instances/Instances 1/kroB100_05.gt,99,2000.0,86400.0,PTVRP_CONT,24490.0,2,0.000056100,0.000056100,0.0000,1,0.005652
Instances/Instances 1/kroB100_06.gt,99,5000.0,86400.0,PTVRP_CONT,24472.0,1,0.000028400,0.000028400,0.0000,1,0.005128
Instances/Instances 1/kroB100_07.gt,99,10000.0,86400.0,PTVRP_CONT,24472.0,1,0.000029100,0.000029100,0.0000,1,0.006078
Instances/Instances 1/kroB100_08.gt,99,20000.0,86400.0,PTVRP_CONT,24472.0,1,0.000028400,0.000028400,0.0000,1,0.005577
Instances/Instances 1/kroB100_09.gt,99,50000.0,86400.0,PTVRP_CONT,24472.0,1,0.000028700,0.000028700,0.0000,1,0.005922
Instances/Instances 1/kroB100_10.gt,99,100000.0,86400.0,PTVRP_CONT,24472.0,1,0.000028500,0.000028500,0.0000,1,0.006084
Instances/Instances 1/kroB150_01.gt,149,100.0,86400.0,PTVRP_CONT,133262.0,42,0.000086000,0.000086000,0.0000,1,0.00528
Instances/Instances 1/kroB150_02.gt,149,200.0,86400.0,PTVRP_CONT,72209.0,19,0.000079600,0.000079600,0.0000,1,0.006775
Instances/Instances 1/kroB150_03.gt,149,500.0,86400.0,PTVRP_CONT,43866.0,9,0.000072600,0.000072600,0.0000,1,0.006164
Instances/Instances 1/kroB150_04.gt,149,1000.0,86400.0,PTVRP_CONT,33533.0,5,0.000069500,0.000069500,0.0000,1,0.005571
Instances/Instances 1/kroB150_05.gt,149,2000.0,86400.0,PTVRP_CONT,28883.0,3,0.000066300,0.000066300,0.0000,1,0.007642
Instances/Instances 1/kroB150_06.gt,149,5000.0,86400.0,PTVRP_CONT,27979.0,1,0.000063300,0.000063300,0.0000,1,0.007217
Instances/Instances 1/kroB150_07.gt,149,10000.0,86400.0,PTVRP_CONT,27979.0,1,0.000063500,0.000063500,0.0000,1,0.00659
Instances/Instances 1/kroB150_08.gt,149,20000.0,86400.0,PTVRP_CONT,27979.0,1,0.000063200,0.000063200,0.0000,1,0.006595
Instances/Instances 1/kroB150_09.gt,149,50000.0,86400.0,PTVRP_CONT,27979.0,1,0.000063800,0.000063800,0.0000,1,0.006013
Instances/Instances 1/kroB150_10.gt,149,100000.0,86400.0,PTVRP_CONT,27979.0,1,0.000063800,0.000063800,0.0000,1,0.008188
Instances/Instances 1/kroB200_01.gt,199,100.0,86400.0,PTVRP_CONT,163688.0,56,0.000131500,0.000131500,0.0000,1,0.00672
Instances/Instances 1/kroB200_02.gt,199,200.0,86400.0,PTVRP_CONT,85498.0,27,0.000126500,0.000126500,0.0000,1,0.008117
Instances/Instances 1/kroB200_03.gt,199,500.0,86400.0,PTVRP_CONT,55153.0,13,0.000124000,0.000124000,0.0000,1,0.008569
Instances/Instances 1/kroB200_04.gt,199,1000.0,86400.0,PTVRP_CONT,40240.0,6,0.000119500,0.000119500,0.0000,1,0.008924
Instances/Instances 1/kroB200_05.gt,199,2000.0,86400.0,PTVRP_CONT,33729.0,3,0.000117000,0.000117000,0.0000,1,0.006567
Instances/Instances 1/kroB200_06.gt,199,5000.0,86400.0,PTVRP_CONT,31786.0,2,0.000120200,0.000120200,0.0000,1,0.00729
Instances/Instances 1/kroB200_07.gt,199,10000.0,86400.0,PTVRP_CONT,31768.0,1,0.000112300,0.000112300,0.0000,1,0.054567
Instances/Instances 1/kroB200_08.gt,199,20000.0,86400.0,PTVRP_CONT,31768.0,1,0.000298800,0.000298800,0.0000,1,0.006968
Instances/Instances 1/kroB200_09.gt,199,50000.0,86400.0,PTVRP_CONT,31768.0,1,0.000140400,0.000140400,0.0000,1,0.011384
Instances/Instances 1/kroB200_10.gt,199,100000.0,86400.0,PTVRP_CONT,31768.0,1,0.000115000,0.000115000,0.0000,1,0.021174
Instances/Instances 1/kroC100_01.gt,99,100.0,86400.0,PTVRP_CONT,90576.0,28,0.000040700,0.000040700,0.0000,1,0.007528
Instances/Instances 1/kroC100_02.gt,99,200.0,86400.0,PTVRP_CONT,51395.0,14,0.000039700,0.000039700,0.0000,1,0.007061
Instances/Instances 1/kroC100_03.gt,99,500.0,86400.0,PTVRP_CONT,31936.0,6,0.000035000,0.000035000,0.0000,1,0.006149
Instances/Instances 1/kroC100_04.gt,99,1000.0,86400.0,PTVRP_CONT,25737.0,4,0.000032000,0.000032000,0.0000,1,0.005715
Instances/Instances 1/kroC100_05.gt,99,2000.0,86400.0,PTVRP_CONT,23764.0,2,0.000030200,0.000030200,0.0000,1,0.006463
Instances/Instances 1/kroC100_06.gt,99,5000.0,86400.0,PTVRP_CONT,22713.0,1,0.000028700,0.000028700,0.0000,1,0.005475
Instances/Instances 1/kroC100_07.gt,99,10000.0,86400.0,PTVRP_CONT,22713.0,1,0.000028700,0.000028700,0.0000,1,0.005922
Instances/Instances 1/kroC100_08.gt,99,20000.0,86400.0,PTVRP_CONT,22713.0,1,0.000028600,0.000028600,0.0000,1,0.005449
Instances/Instances 1/kroC100_09.gt,99,50000.0,86400.0,PTVRP_CONT,22713.0,1,0.000028600,0.000028600,0.0000,1,0.005865
Instances/Instances 1/kroC100_10.gt,99,100000.0,86400.0,PTVRP_CONT,22713.0,1,0.000029000,0.000029000,0.0000,1,0.006389
Instances/Instances 1/kroD100_01.gt,99,100.0,86400.0,PTVRP_CONT,82273.0,28,0.000040000,0.000040000,0.0000,1,0.00535
Instances/Instances 1/kroD100_02.gt,99,200.0,86400.0,PTVRP_CONT,49618.0,15,0.000037300,0.000037300,0.0000,1,0.004869
Instances/Instances 1/kroD100_03.gt,99,500.0,86400.0,PTVRP_CONT,31926.0,6,0.000034200,0.000034200,0.0000,1,0.007624
Instances/Instances 1/kroD100_04.gt,99,1000.0,86400.0,PTVRP_CONT,24890.0,4,0.000031500,0.000031500,0.0000,1,0.00586
Instances/Instances 1/kroD100_05.gt,99,2000.0,86400.0,PTVRP_CONT,23833.0,2,0.000030700,0.000030700,0.0000,1,0.006431
Instances/Instances 1/kroD100_06.gt,99,5000.0,86400.0,PTVRP_CONT,23792.0,1,0.000028700,0.000028700,0.0000,1,0.005274
Instances/Instances 1/kroD100_07.gt,99,10000.0,86400.0,PTVRP_CONT,23792.0,1,0.000028800,0.000028800,0.0000,1,0.006865
Instances/Instances 1/kroD100_08.gt,99,20000.0,86400.0,PTVRP_CONT,23792.0,1,0.000028700,0.000028700,0.0000,1,0.005583
Instances/Instances 1/kroD100_09.gt,99,50000.0,86400.0,PTVRP_CONT,23792.0,1,0.000028500,0.000028500,0.0000,1,0.006331
Instances/Instances 1/kroD100_10.gt,99,100000.0,86400.0,PTVRP_CONT,23792.0,1,0.000028700,0.000028700,0.0000,1,0.006559
Instances/Instances 1/kroE100_01.gt,99,100.0,86400.0,PTVRP_CONT,86110.0,27,0.000062800,0.000062800,0.0000,1,0.006025
Instances/Instances 1/kroE100_02.gt,99,200.0,86400.0,PTVRP_CONT,53184.0,14,0.000038500,0.000038500,0.0000,1,0.005551
Instances/Instances 1/kroE100_03.gt,99,500.0,86400.0,PTVRP_CONT,33160.0,6,0.000033900,0.000033900,0.0000,1,0.006304
Instances/Instances 1/kroE100_04.gt,99,1000.0,86400.0,PTVRP_CONT,26063.0,3,0.000031000,0.000031000,0.0000,1,0.00566
Instances/Instances 1/kroE100_05.gt,99,2000.0,86400.0,PTVRP_CONT,25287.0,2,0.000030600,0.000030600,0.0000,1,0.006151
Instances/Instances 1/kroE100_06.gt,99,5000.0,86400.0,PTVRP_CONT,24552.0,1,0.000028600,0.000028600,0.0000,1,0.006767
Instances/Instances 1/kroE100_07.gt,99,10000.0,86400.0,PTVRP_CONT,24552.0,1,0.000028900,0.000028900,0.0000,1,0.005819
Instances/Instances 1/kroE100_08.gt,99,20000.0,86400.0,PTVRP_CONT,24552.0,1,0.000028900,0.000028900,0.0000,1,0.005929
Instances/Instances 1/kroE100_09.gt,99,50000.0,86400.0,PTVRP_CONT,24552.0,1,0.000028700,0.000028700,0.0000,1,0.006427
Instances/Instances 1/kroE100_10.gt,99,100000.0,86400.0,PTVRP_CONT,24552.0,1,0.000029300,0.000029300,0.0000,1,0.006639
Instances/Instances 1/kz9976_01.gt,9975,100.0,86400.0,PTVRP_CONT,53922029.0,1712,0.233597407,0.233597407,0.0000,1,0.245663
Instances/Instances 1/kz9976_02.gt,9975,200.0,86400.0,PTVRP_CONT,26996117.0,1048,0.231319307,0.231319307,0.0000,1,0.248869
Instances/Instances 1/kz9976_03.gt,9975,500.0,86400.0,PTVRP_CONT,11392172.0,517,0.231839606,0.231839606,0.0000,1,0.24552
Instances/Instances 1/kz9976_04.gt,9975,1000.0,86400.0,PTVRP_CONT,6041162.0,260,0.234156106,0.234156106,0.0000,1,0.24945
Instances/Instances 1/kz9976_05.gt,9975,2000.0,86400.0,PTVRP_CONT,3572025.0,133,0.239860706,0.239860706,0.0000,1,0.255642
Instances/Instances 1/kz9976_06.gt,9975,5000.0,86400.0,PTVRP_CONT,2020775.0,52,0.232850806,0.232850806,0.0000,1,0.247617
Instances/Instances 1/kz9976_07.gt,9975,10000.0,86400.0,PTVRP_CONT,1523406.0,27,0.234024107,0.234024107,0.0000,1,0.250732
Instances/Instances 1/kz9976_08.gt,9975,20000.0,86400.0,PTVRP_CONT,1339347.0,18,0.235431607,0.235431607,0.0000,1,0.250903
Instances/Instances 1/kz9976_09.gt,9975,50000.0,86400.0,PTVRP_CONT,1338578.0,18,0.234926007,0.234926007,0.0000,1,0.251427
Instances/Instances 1/kz9976_10.gt,9975,100000.0,86400.0,PTVRP_CONT,1338578.0,18,0.232534606,0.232534606,0.0000,1,0.249207
Instances/Instances 1/lin105_01.gt,104,100.0,86400.0,PTVRP_CONT,60512.0,30,0.000044800,0.000044800,0.0000,1,0.007451
Instances/Instances 1/lin105_02.gt,104,200.0,86400.0,PTVRP_CONT,38095.0,15,0.000041600,0.000041600,0.0000,1,0.008755
Instances/Instances 1/lin105_03.gt,104,500.0,86400.0,PTVRP_CONT,21949.0,6,0.000035800,0.000035800,0.0000,1,0.007084
Instances/Instances 1/lin105_04.gt,104,1000.0,86400.0,PTVRP_CONT,18166.0,3,0.000033700,0.000033700,0.0000,1,0.007453
Instances/Instances 1/lin105_05.gt,104,2000.0,86400.0,PTVRP_CONT,17033.0,2,0.000031700,0.000031700,0.0000,1,0.006769
Instances/Instances 1/lin105_06.gt,104,5000.0,86400.0,PTVRP_CONT,17033.0,1,0.000030600,0.000030600,0.0000,1,0.006946
Instances/Instances 1/lin105_07.gt,104,10000.0,86400.0,PTVRP_CONT,17033.0,1,0.000030600,0.000030600,0.0000,1,0.00622
Instances/Instances 1/lin105_08.gt,104,20000.0,86400.0,PTVRP_CONT,17033.0,1,0.000030700,0.000030700,0.0000,1,0.006899
Instances/Instances 1/lin105_09.gt,104,50000.0,86400.0,PTVRP_CONT,17033.0,1,0.000031300,0.000031300,0.0000,1,0.007593
Instances/Instances 1/lin105_10.gt,104,100000.0,86400.0,PTVRP_CONT,17033.0,1,0.000031300,0.000031300,0.0000,1,0.006736
Instances/Instances 1/lin318_01.gt,317,100.0,86400.0,PTVRP_CONT,270492.0,76,0.000301000,0.000301000,0.0000,1,0.006426
Instances/Instances 1/lin318_02.gt,317,200.0,86400.0,PTVRP_CONT,144461.0,42,0.000294900,0.000294900,0.0000,1,0.006587
Instances/Instances 1/lin318_03.gt,317,500.0,86400.0,PTVRP_CONT,82401.0,19,0.000289900,0.000289900,0.0000,1,0.006749
Instances/Instances 1/lin318_04.gt,317,1000.0,86400.0,PTVRP_CONT,60046.0,10,0.000290000,0.000290000,0.0000,1,0.008441
Instances/Instances 1/lin318_05.gt,317,2000.0,86400.0,PTVRP_CONT,51204.0,5,0.000291500,0.000291500,0.0000,1,0.008742
Instances/Instances 1/lin318_06.gt,317,5000.0,86400.0,PTVRP_CONT,46049.0,2,0.000291800,0.000291800,0.0000,1,0.007244
Instances/Instances 1/lin318_07.gt,317,10000.0,86400.0,PTVRP_CONT,46049.0,1,0.000281100,0.000281100,0.0000,1,0.008079
Instances/Instances 1/lin318_08.gt,317,20000.0,86400.0,PTVRP_CONT,46049.0,1,0.000280500,0.000280500,0.0000,1,0.006541
Instances/Instances 1/lin318_09.gt,317,50000.0,86400.0,PTVRP_CONT,46049.0,1,0.000280500,0.000280500,0.0000,1,0.007409
Instances/Instances 1/lin318_10.gt,317,100000.0,86400.0,PTVRP_CONT,46049.0,1,0.000296900,0.000296900,0.0000,1,0.008354
Instances/Instances 1/linhp318_01.gt,317,100.0,86400.0,PTVRP_CONT,281713.0,86,0.000299800,0.000299800,0.0000,1,0.007156
Instances/Instances 1/linhp318_02.gt,317,200.0,86400.0,PTVRP_CONT,153902.0,46,0.000297900,0.000297900,0.0000,1,0.007299
Instances/Instances 1/linhp318_03.gt,317,500.0,86400.0,PTVRP_CONT,84379.0,20,0.000288600,0.000288600,0.0000,1,0.006993
Instances/Instances 1/linhp318_04.gt,317,1000.0,86400.0,PTVRP_CONT,60788.0,10,0.000289300,0.000289300,0.0000,1,0.008267
Instances/Instances 1/linhp318_05.gt,317,2000.0,86400.0,PTVRP_CONT,49996.0,5,0.000307800,0.000307800,0.0000,1,0.007795
Instances/Instances 1/linhp318_06.gt,317,5000.0,86400.0,PTVRP_CONT,46168.0,2,0.000285700,0.000285700,0.0000,1,0.007979
Instances/Instances 1/linhp318_07.gt,317,10000.0,86400.0,PTVRP_CONT,46168.0,1,0.000296200,0.000296200,0.0000,1,0.007162
Instances/Instances 1/linhp318_08.gt,317,20000.0,86400.0,PTVRP_CONT,46168.0,1,0.000280500,0.000280500,0.0000,1,0.00694
Instances/Instances 1/linhp318_09.gt,317,50000.0,86400.0,PTVRP_CONT,46168.0,1,0.000280400,0.000280400,0.0000,1,0.00763
Instances/Instances 1/linhp318_10.gt,317,100000.0,86400.0,PTVRP_CONT,46168.0,1,0.000286400,0.000286400,0.0000,1,0.008069
Instances/Instances 1/lu980_01.gt,979,100.0,86400.0,PTVRP_CONT,136841.0,206,0.002768900,0.002768900,0.0000,1,0.010906
Instances/Instances 1/lu980_02.gt,979,200.0,86400.0,PTVRP_CONT,68580.0,127,0.002757200,0.002757200,0.0000,1,0.011932
Instances/Instances 1/lu980_03.gt,979,500.0,86400.0,PTVRP_CONT,34251.0,54,0.002728200,0.002728200,0.0000,1,0.010628
Instances/Instances 1/lu980_04.gt,979,1000.0,86400.0,PTVRP_CONT,22180.0,27,0.002738500,0.002738500,0.0000,1,0.01033
Instances/Instances 1/lu980_05.gt,979,2000.0,86400.0,PTVRP_CONT,16388.0,15,0.002768700,0.002768700,0.0000,1,0.010268
Instances/Instances 1/lu980_06.gt,979,5000.0,86400.0,PTVRP_CONT,13150.0,6,0.002717200,0.002717200,0.0000,1,0.010474
Instances/Instances 1/lu980_07.gt,979,10000.0,86400.0,PTVRP_CONT,12225.0,3,0.002725300,0.002725300,0.0000,1,0.011809
Instances/Instances 1/lu980_08.gt,979,20000.0,86400.0,PTVRP_CONT,11920.0,2,0.002671500,0.002671500,0.0000,1,0.010387
Instances/Instances 1/lu980_09.gt,979,50000.0,86400.0,PTVRP_CONT,11919.0,1,0.002657900,0.002657900,0.0000,1,0.012328
Instances/Instances 1/lu980_10.gt,979,100000.0,86400.0,PTVRP_CONT,11919.0,1,0.002668300,0.002668300,0.0000,1,0.012871
Instances/Instances 1/mo14185_01.gt,14184,100.0,86400.0,PTVRP_CONT,19646765.0,1992,0.472649813,0.472649813,0.0000,1,0.490364
Instances/Instances 1/mo14185_02.gt,14184,200.0,86400.0,PTVRP_CONT,9961714.0,1434,0.467403313,0.467403313,0.0000,1,0.485699
Instances/Instances 1/mo14185_03.gt,14184,500.0,86400.0,PTVRP_CONT,4148566.0,723,0.472869913,0.472869913,0.0000,1,0.490124
Instances/Instances 1/mo14185_04.gt,14184,1000.0,86400.0,PTVRP_CONT,2271048.0,372,0.473834512,0.473834512,0.0000,1,0.492422
Instances/Instances 1/mo14185_05.gt,14184,2000.0,86400.0,PTVRP_CONT,1342638.0,189,0.475392612,0.475392612,0.0000,1,0.496665
Instances/Instances 1/mo14185_06.gt,14184,5000.0,86400.0,PTVRP_CONT,784414.0,75,0.481296005,0.481296005,0.0000,1,0.498258
Instances/Instances 1/mo14185_07.gt,14184,10000.0,86400.0,PTVRP_CONT,603241.0,40,0.477022504,0.477022504,0.0000,1,0.491418
Instances/Instances 1/mo14185_08.gt,14184,20000.0,86400.0,PTVRP_CONT,514688.0,20,0.489338005,0.489338005,0.0000,1,0.508712
Instances/Instances 1/mo14185_09.gt,14184,50000.0,86400.0,PTVRP_CONT,463398.0,9,0.491048305,0.491048305,0.0000,1,0.509091
Instances/Instances 1/mo14185_10.gt,14184,100000.0,86400.0,PTVRP_CONT,455029.0,7,0.498723404,0.498723404,0.0000,1,0.517641
Instances/Instances 1/mu1979_01.gt,1978,100.0,86400.0,PTVRP_CONT,2177670.0,311,0.009675400,0.009675400,0.0000,1,0.017375
Instances/Instances 1/mu1979_02.gt,1978,200.0,86400.0,PTVRP_CONT,1127695.0,231,0.009641900,0.009641900,0.0000,1,0.018572
Instances/Instances 1/mu1979_03.gt,1978,500.0,86400.0,PTVRP_CONT,503808.0,107,0.009954600,0.009954600,0.0000,1,0.018404
Instances/Instances 1/mu1979_04.gt,1978,1000.0,86400.0,PTVRP_CONT,281013.0,52,0.009777500,0.009777500,0.0000,1,0.017924
Instances/Instances 1/mu1979_05.gt,1978,2000.0,86400.0,PTVRP_CONT,185137.0,27,0.009975300,0.009975300,0.0000,1,0.018419
Instances/Instances 1/mu1979_06.gt,1978,5000.0,86400.0,PTVRP_CONT,125279.0,12,0.010200200,0.010200200,0.0000,1,0.018431
Instances/Instances 1/mu1979_07.gt,1978,10000.0,86400.0,PTVRP_CONT,109386.0,6,0.010475601,0.010475601,0.0000,1,0.020259
Instances/Instances 1/mu1979_08.gt,1978,20000.0,86400.0,PTVRP_CONT,101983.0,4,0.010629800,0.010629800,0.0000,1,0.019877
Instances/Instances 1/mu1979_09.gt,1978,50000.0,86400.0,PTVRP_CONT,101151.0,2,0.011059600,0.011059600,0.0000,1,0.049044
Instances/Instances 1/mu1979_10.gt,1978,100000.0,86400.0,PTVRP_CONT,101151.0,2,0.010767100,0.010767100,0.0000,1,0.018575
Instances/Instances 1/nrw1379_01.gt,1378,100.0,86400.0,PTVRP_CONT,626327.0,300,0.004888700,0.004888700,0.0000,1,0.012406
Instances/Instances 1/nrw1379_02.gt,1378,200.0,86400.0,PTVRP_CONT,331275.0,184,0.004834200,0.004834200,0.0000,1,0.011825
Instances/Instances 1/nrw1379_03.gt,1378,500.0,86400.0,PTVRP_CONT,165379.0,75,0.004899400,0.004899400,0.0000,1,0.012062
Instances/Instances 1/nrw1379_04.gt,1378,1000.0,86400.0,PTVRP_CONT,108128.0,39,0.004863700,0.004863700,0.0000,1,0.011394
Instances/Instances 1/nrw1379_05.gt,1378,2000.0,86400.0,PTVRP_CONT,80183.0,20,0.004915400,0.004915400,0.0000,1,0.01255
Instances/Instances 1/nrw1379_06.gt,1378,5000.0,86400.0,PTVRP_CONT,64536.0,9,0.005205400,0.005205400,0.0000,1,0.011948
Instances/Instances 1/nrw1379_07.gt,1378,10000.0,86400.0,PTVRP_CONT,60155.0,4,0.005362100,0.005362100,0.0000,1,0.014634
Instances/Instances 1/nrw1379_08.gt,1378,20000.0,86400.0,PTVRP_CONT,59232.0,2,0.005436000,0.005436000,0.0000,1,0.013482
Instances/Instances 1/nrw1379_09.gt,1378,50000.0,86400.0,PTVRP_CONT,58840.0,1,0.005309500,0.005309500,0.0000,1,0.013468
Instances/Instances 1/nrw1379_10.gt,1378,100000.0,86400.0,PTVRP_CONT,58840.0,1,0.005225600,0.005225600,0.0000,1,0.013141
Instances/Instances 1/nu3496_01.gt,3495,100.0,86400.0,PTVRP_CONT,2096506.0,618,0.029463700,0.029463700,0.0000,1,0.039906
Instances/Instances 1/nu3496_02.gt,3495,200.0,86400.0,PTVRP_CONT,1083302.0,412,0.029463500,0.029463500,0.0000,1,0.040968
Instances/Instances 1/nu3496_03.gt,3495,500.0,86400.0,PTVRP_CONT,477097.0,185,0.029645801,0.029645801,0.0000,1,0.04047
Instances/Instances 1/nu3496_04.gt,3495,1000.0,86400.0,PTVRP_CONT,283052.0,94,0.029639200,0.029639200,0.0000,1,0.040791
Instances/Instances 1/nu3496_05.gt,3495,2000.0,86400.0,PTVRP_CONT,187401.0,48,0.029838900,0.029838900,0.0000,1,0.040333
Instances/Instances 1/nu3496_06.gt,3495,5000.0,86400.0,PTVRP_CONT,127127.0,20,0.030352300,0.030352300,0.0000,1,0.04113
Instances/Instances 1/nu3496_07.gt,3495,10000.0,86400.0,PTVRP_CONT,110055.0,11,0.031748200,0.031748200,0.0000,1,0.043649
Instances/Instances 1/nu3496_08.gt,3495,20000.0,86400.0,PTVRP_CONT,100794.0,6,0.031974001,0.031974001,0.0000,1,0.043495
Instances/Instances 1/nu3496_09.gt,3495,50000.0,86400.0,PTVRP_CONT,97414.0,2,0.032648400,0.032648400,0.0000,1,0.044009
Instances/Instances 1/nu3496_10.gt,3495,100000.0,86400.0,PTVRP_CONT,97408.0,2,0.033595400,0.033595400,0.0000,1,0.044771
Instances/Instances 1/p654_01.gt,653,100.0,86400.0,PTVRP_CONT,894357.0,92,0.001149300,0.001149300,0.0000,1,0.010822
Instances/Instances 1/p654_02.gt,653,200.0,86400.0,PTVRP_CONT,444127.0,71,0.001202700,0.001202700,0.0000,1,0.008238
Instances/Instances 1/p654_03.gt,653,500.0,86400.0,PTVRP_CONT,207237.0,33,0.001169400,0.001169400,0.0000,1,0.007901
Instances/Instances 1/p654_04.gt,653,1000.0,86400.0,PTVRP_CONT,116082.0,18,0.001182700,0.001182700,0.0000,1,0.007578
Instances/Instances 1/p654_05.gt,653,2000.0,86400.0,PTVRP_CONT,74787.0,9,0.001183500,0.001183500,0.0000,1,0.00833
Instances/Instances 1/p654_06.gt,653,5000.0,86400.0,PTVRP_CONT,47469.0,4,0.001205100,0.001205100,0.0000,1,0.009125
Instances/Instances 1/p654_07.gt,653,10000.0,86400.0,PTVRP_CONT,40143.0,2,0.001230600,0.001230600,0.0000,1,0.009022
Instances/Instances 1/p654_08.gt,653,20000.0,86400.0,PTVRP_CONT,39899.0,1,0.001184000,0.001184000,0.0000,1,0.008805
Instances/Instances 1/p654_09.gt,653,50000.0,86400.0,PTVRP_CONT,39899.0,1,0.001184400,0.001184400,0.0000,1,0.008888
Instances/Instances 1/p654_10.gt,653,100000.0,86400.0,PTVRP_CONT,39899.0,1,0.001184100,0.001184100,0.0000,1,0.00784
Instances/Instances 1/pcb1173_01.gt,1172,100.0,86400.0,PTVRP_CONT,614012.0,264,0.003512600,0.003512600,0.0000,1,0.01061
Instances/Instances 1/pcb1173_02.gt,1172,200.0,86400.0,PTVRP_CONT,329516.0,155,0.003578001,0.003578001,0.0000,1,0.010728
Instances/Instances 1/pcb1173_03.gt,1172,500.0,86400.0,PTVRP_CONT,160266.0,64,0.003522200,0.003522200,0.0000,1,0.011624
Instances/Instances 1/pcb1173_04.gt,1172,1000.0,86400.0,PTVRP_CONT,104941.0,32,0.003561000,0.003561000,0.0000,1,0.014463
Instances/Instances 1/pcb1173_05.gt,1172,2000.0,86400.0,PTVRP_CONT,78742.0,18,0.003573400,0.003573400,0.0000,1,0.013473
Instances/Instances 1/pcb1173_06.gt,1172,5000.0,86400.0,PTVRP_CONT,64331.0,7,0.003718100,0.003718100,0.0000,1,0.012061
Instances/Instances 1/pcb1173_07.gt,1172,10000.0,86400.0,PTVRP_CONT,61295.0,4,0.003801900,0.003801900,0.0000,1,0.013303
Instances/Instances 1/pcb1173_08.gt,1172,20000.0,86400.0,PTVRP_CONT,59749.0,2,0.003808400,0.003808400,0.0000,1,0.013193
Instances/Instances 1/pcb1173_09.gt,1172,50000.0,86400.0,PTVRP_CONT,59707.0,1,0.003815100,0.003815100,0.0000,1,0.01246
Instances/Instances 1/pcb1173_10.gt,1172,100000.0,86400.0,PTVRP_CONT,59707.0,1,0.003815601,0.003815601,0.0000,1,0.011406
Instances/Instances 1/pcb3038_01.gt,3037,100.0,86400.0,PTVRP_CONT,2291713.0,573,0.022073700,0.022073700,0.0000,1,0.033248
Instances/Instances 1/pcb3038_02.gt,3037,200.0,86400.0,PTVRP_CONT,1201573.0,381,0.022155600,0.022155600,0.0000,1,0.034055
Instances/Instances 1/pcb3038_03.gt,3037,500.0,86400.0,PTVRP_CONT,544419.0,161,0.022230800,0.022230800,0.0000,1,0.031362
Instances/Instances 1/pcb3038_04.gt,3037,1000.0,86400.0,PTVRP_CONT,333787.0,82,0.022176400,0.022176400,0.0000,1,0.03283
Instances/Instances 1/pcb3038_05.gt,3037,2000.0,86400.0,PTVRP_CONT,230461.0,42,0.022618800,0.022618800,0.0000,1,0.03463
Instances/Instances 1/pcb3038_06.gt,3037,5000.0,86400.0,PTVRP_CONT,171682.0,18,0.023310000,0.023310000,0.0000,1,0.034933
Instances/Instances 1/pcb3038_07.gt,3037,10000.0,86400.0,PTVRP_CONT,152925.0,9,0.023349001,0.023349001,0.0000,1,0.034114
Instances/Instances 1/pcb3038_08.gt,3037,20000.0,86400.0,PTVRP_CONT,144169.0,5,0.023514800,0.023514800,0.0000,1,0.033852
Instances/Instances 1/pcb3038_09.gt,3037,50000.0,86400.0,PTVRP_CONT,142509.0,3,0.025095200,0.025095200,0.0000,1,0.035738
Instances/Instances 1/pcb3038_10.gt,3037,100000.0,86400.0,PTVRP_CONT,142509.0,3,0.025012801,0.025012801,0.0000,1,0.035635
Instances/Instances 1/pcb442_01.gt,441,100.0,86400.0,PTVRP_CONT,343207.0,112,0.000582000,0.000582000,0.0000,1,0.008937
Instances/Instances 1/pcb442_02.gt,441,200.0,86400.0,PTVRP_CONT,195366.0,59,0.000551500,0.000551500,0.0000,1,0.009071
Instances/Instances 1/pcb442_03.gt,441,500.0,86400.0,PTVRP_CONT,103872.0,25,0.000532300,0.000532300,0.0000,1,0.009574
Instances/Instances 1/pcb442_04.gt,441,1000.0,86400.0,PTVRP_CONT,76065.0,12,0.000536000,0.000536000,0.0000,1,0.007736
Instances/Instances 1/pcb442_05.gt,441,2000.0,86400.0,PTVRP_CONT,62444.0,7,0.000552700,0.000552700,0.0000,1,0.046672
Instances/Instances 1/pcb442_06.gt,441,5000.0,86400.0,PTVRP_CONT,56982.0,3,0.000552700,0.000552700,0.0000,1,0.011186
Instances/Instances 1/pcb442_07.gt,441,10000.0,86400.0,PTVRP_CONT,55551.0,2,0.000560600,0.000560600,0.0000,1,0.006334
Instances/Instances 1/pcb442_08.gt,441,20000.0,86400.0,PTVRP_CONT,55035.0,1,0.000541600,0.000541600,0.0000,1,0.008675
Instances/Instances 1/pcb442_09.gt,441,50000.0,86400.0,PTVRP_CONT,55035.0,1,0.000545400,0.000545400,0.0000,1,0.010161
Instances/Instances 1/pcb442_10.gt,441,100000.0,86400.0,PTVRP_CONT,55035.0,1,0.000542300,0.000542300,0.0000,1,0.00964
Instances/Instances 1/pm8079_01.gt,8078,100.0,86400.0,PTVRP_CONT,4492596.0,1210,0.153748301,0.153748301,0.0000,1,0.165804
Instances/Instances 1/pm8079_02.gt,8078,200.0,86400.0,PTVRP_CONT,2293687.0,830,0.166512301,0.166512301,0.0000,1,0.181356
Instances/Instances 1/pm8079_03.gt,8078,500.0,86400.0,PTVRP_CONT,959042.0,417,0.155832502,0.155832502,0.0000,1,0.169928
Instances/Instances 1/pm8079_04.gt,8078,1000.0,86400.0,PTVRP_CONT,531809.0,212,0.157829501,0.157829501,0.0000,1,0.173362
Instances/Instances 1/pm8079_05.gt,8078,2000.0,86400.0,PTVRP_CONT,318227.0,107,0.158389302,0.158389302,0.0000,1,0.171641
Instances/Instances 1/pm8079_06.gt,8078,5000.0,86400.0,PTVRP_CONT,192355.0,45,0.165031702,0.165031702,0.0000,1,0.176376
Instances/Instances 1/pm8079_07.gt,8078,10000.0,86400.0,PTVRP_CONT,151902.0,22,0.162156001,0.162156001,0.0000,1,0.176136
Instances/Instances 1/pm8079_08.gt,8078,20000.0,86400.0,PTVRP_CONT,132448.0,12,0.167706002,0.167706002,0.0000,1,0.181952
Instances/Instances 1/pm8079_09.gt,8078,50000.0,86400.0,PTVRP_CONT,119944.0,5,0.168540502,0.168540502,0.0000,1,0.181933
Instances/Instances 1/pm8079_10.gt,8078,100000.0,86400.0,PTVRP_CONT,116736.0,3,0.172437501,0.172437501,0.0000,1,0.187483
Instances/Instances 1/pr1002_01.gt,1001,100.0,86400.0,PTVRP_CONT,2942522.0,220,0.002407100,0.002407100,0.0000,1,0.012158
Instances/Instances 1/pr1002_02.gt,1001,200.0,86400.0,PTVRP_CONT,1484090.0,130,0.002443100,0.002443100,0.0000,1,0.011585
Instances/Instances 1/pr1002_03.gt,1001,500.0,86400.0,PTVRP_CONT,747933.0,57,0.002440300,0.002440300,0.0000,1,0.010581
Instances/Instances 1/pr1002_04.gt,1001,1000.0,86400.0,PTVRP_CONT,482853.0,28,0.002439100,0.002439100,0.0000,1,0.010347
Instances/Instances 1/pr1002_05.gt,1001,2000.0,86400.0,PTVRP_CONT,364862.0,14,0.002472000,0.002472000,0.0000,1,0.010465
Instances/Instances 1/pr1002_06.gt,1001,5000.0,86400.0,PTVRP_CONT,296228.0,6,0.002481800,0.002481800,0.0000,1,0.010491
Instances/Instances 1/pr1002_07.gt,1001,10000.0,86400.0,PTVRP_CONT,283439.0,4,0.002573700,0.002573700,0.0000,1,0.011572
Instances/Instances 1/pr1002_08.gt,1001,20000.0,86400.0,PTVRP_CONT,283439.0,4,0.002556200,0.002556200,0.0000,1,0.01054
Instances/Instances 1/pr1002_09.gt,1001,50000.0,86400.0,PTVRP_CONT,283439.0,4,0.002599600,0.002599600,0.0000,1,0.011607
Instances/Instances 1/pr1002_10.gt,1001,100000.0,86400.0,PTVRP_CONT,283439.0,4,0.002581500,0.002581500,0.0000,1,0.010439
Instances/Instances 1/pr107_01.gt,106,100.0,86400.0,PTVRP_CONT,315817.0,29,0.000039900,0.000039900,0.0000,1,0.007969
Instances/Instances 1/pr107_02.gt,106,200.0,86400.0,PTVRP_CONT,176802.0,16,0.000039400,0.000039400,0.0000,1,0.006124
Instances/Instances 1/pr107_03.gt,106,500.0,86400.0,PTVRP_CONT,88082.0,6,0.000038000,0.000038000,0.0000,1,0.007334
Instances/Instances 1/pr107_04.gt,106,1000.0,86400.0,PTVRP_CONT,64305.0,3,0.000036700,0.000036700,0.0000,1,0.007824
Instances/Instances 1/pr107_05.gt,106,2000.0,86400.0,PTVRP_CONT,52505.0,2,0.000036100,0.000036100,0.0000,1,0.007013
Instances/Instances 1/pr107_06.gt,106,5000.0,86400.0,PTVRP_CONT,50502.0,1,0.000032500,0.000032500,0.0000,1,0.006289
Instances/Instances 1/pr107_07.gt,106,10000.0,86400.0,PTVRP_CONT,50502.0,1,0.000032400,0.000032400,0.0000,1,0.005721
Instances/Instances 1/pr107_08.gt,106,20000.0,86400.0,PTVRP_CONT,50502.0,1,0.000032600,0.000032600,0.0000,1,0.005518
Instances/Instances 1/pr107_09.gt,106,50000.0,86400.0,PTVRP_CONT,50502.0,1,0.000032500,0.000032500,0.0000,1,0.005869
Instances/Instances 1/pr107_10.gt,106,100000.0,86400.0,PTVRP_CONT,50502.0,1,0.000032700,0.000032700,0.0000,1,0.005388
Instances/Instances 1/pr124_01.gt,123,100.0,86400.0,PTVRP_CONT,323864.0,30,0.000051700,0.000051700,0.0000,1,0.005746
Instances/Instances 1/pr124_02.gt,123,200.0,86400.0,PTVRP_CONT,194567.0,17,0.000049400,0.000049400,0.0000,1,0.006954
Instances/Instances 1/pr124_03.gt,123,500.0,86400.0,PTVRP_CONT,98181.0,7,0.000047500,0.000047500,0.0000,1,0.007698
Instances/Instances 1/pr124_04.gt,123,1000.0,86400.0,PTVRP_CONT,83325.0,4,0.000065700,0.000065700,0.0000,1,0.005958
Instances/Instances 1/pr124_05.gt,123,2000.0,86400.0,PTVRP_CONT,71966.0,2,0.000045100,0.000045100,0.0000,1,0.00719
Instances/Instances 1/pr124_06.gt,123,5000.0,86400.0,PTVRP_CONT,66676.0,1,0.000043400,0.000043400,0.0000,1,0.005747
Instances/Instances 1/pr124_07.gt,123,10000.0,86400.0,PTVRP_CONT,66676.0,1,0.000043400,0.000043400,0.0000,1,0.004858
Instances/Instances 1/pr124_08.gt,123,20000.0,86400.0,PTVRP_CONT,66676.0,1,0.000043500,0.000043500,0.0000,1,0.00633
Instances/Instances 1/pr124_09.gt,123,50000.0,86400.0,PTVRP_CONT,66676.0,1,0.000043700,0.000043700,0.0000,1,0.006277
Instances/Instances 1/pr124_10.gt,123,100000.0,86400.0,PTVRP_CONT,66676.0,1,0.000043500,0.000043500,0.0000,1,0.007028
Instances/Instances 1/pr136_01.gt,135,100.0,86400.0,PTVRP_CONT,432084.0,38,0.000057700,0.000057700,0.0000,1,0.007614
Instances/Instances 1/pr136_02.gt,135,200.0,86400.0,PTVRP_CONT,248708.0,18,0.000056800,0.000056800,0.0000,1,0.005985
Instances/Instances 1/pr136_03.gt,135,500.0,86400.0,PTVRP_CONT,146072.0,8,0.000054800,0.000054800,0.0000,1,0.006284
Instances/Instances 1/pr136_04.gt,135,1000.0,86400.0,PTVRP_CONT,121273.0,4,0.000053800,0.000053800,0.0000,1,0.006803
Instances/Instances 1/pr136_05.gt,135,2000.0,86400.0,PTVRP_CONT,113148.0,2,0.000053300,0.000053300,0.0000,1,0.006844
Instances/Instances 1/pr136_06.gt,135,5000.0,86400.0,PTVRP_CONT,107219.0,2,0.000053400,0.000053400,0.0000,1,0.005845
Instances/Instances 1/pr136_07.gt,135,10000.0,86400.0,PTVRP_CONT,107219.0,2,0.000053800,0.000053800,0.0000,1,0.004878
Instances/Instances 1/pr136_08.gt,135,20000.0,86400.0,PTVRP_CONT,107219.0,2,0.000053700,0.000053700,0.0000,1,0.006145
Instances/Instances 1/pr136_09.gt,135,50000.0,86400.0,PTVRP_CONT,107219.0,2,0.000053300,0.000053300,0.0000,1,0.005399
Instances/Instances 1/pr136_10.gt,135,100000.0,86400.0,PTVRP_CONT,107219.0,2,0.000054100,0.000054100,0.0000,1,0.005607
Instances/Instances 1/pr144_01.gt,143,100.0,86400.0,PTVRP_CONT,373881.0,34,0.000066100,0.000066100,0.0000,1,0.005384
Instances/Instances 1/pr144_02.gt,143,200.0,86400.0,PTVRP_CONT,206883.0,20,0.000065200,0.000065200,0.0000,1,0.005993
Instances/Instances 1/pr144_03.gt,143,500.0,86400.0,PTVRP_CONT,115732.0,9,0.000062900,0.000062900,0.0000,1,0.005018
Instances/Instances 1/pr144_04.gt,143,1000.0,86400.0,PTVRP_CONT,82943.0,5,0.000093400,0.000093400,0.0000,1,0.004857
Instances/Instances 1/pr144_05.gt,143,2000.0,86400.0,PTVRP_CONT,71677.0,3,0.000060300,0.000060300,0.0000,1,0.005347
Instances/Instances 1/pr144_06.gt,143,5000.0,86400.0,PTVRP_CONT,68780.0,1,0.000058400,0.000058400,0.0000,1,0.005838
Instances/Instances 1/pr144_07.gt,143,10000.0,86400.0,PTVRP_CONT,68780.0,1,0.000058200,0.000058200,0.0000,1,0.005211
Instances/Instances 1/pr144_08.gt,143,20000.0,86400.0,PTVRP_CONT,68780.0,1,0.000058300,0.000058300,0.0000,1,0.004938
Instances/Instances 1/pr144_09.gt,143,50000.0,86400.0,PTVRP_CONT,68780.0,1,0.000059200,0.000059200,0.0000,1,0.005837
Instances/Instances 1/pr144_10.gt,143,100000.0,86400.0,PTVRP_CONT,68780.0,1,0.000058200,0.000058200,0.0000,1,0.006051
Instances/Instances 1/pr152_01.gt,151,100.0,86400.0,PTVRP_CONT,455588.0,35,0.000070200,0.000070200,0.0000,1,0.00578
Instances/Instances 1/pr152_02.gt,151,200.0,86400.0,PTVRP_CONT,250170.0,21,0.000070300,0.000070300,0.0000,1,0.006276
Instances/Instances 1/pr152_03.gt,151,500.0,86400.0,PTVRP_CONT,144000.0,9,0.000069400,0.000069400,0.0000,1,0.005316
Instances/Instances 1/pr152_04.gt,151,1000.0,86400.0,PTVRP_CONT,103893.0,5,0.000067700,0.000067700,0.0000,1,0.00512
Instances/Instances 1/pr152_05.gt,151,2000.0,86400.0,PTVRP_CONT,89575.0,2,0.000066100,0.000066100,0.0000,1,0.007017
Instances/Instances 1/pr152_06.gt,151,5000.0,86400.0,PTVRP_CONT,89575.0,2,0.000065400,0.000065400,0.0000,1,0.006272
Instances/Instances 1/pr152_07.gt,151,10000.0,86400.0,PTVRP_CONT,89575.0,2,0.000065600,0.000065600,0.0000,1,0.007181
Instances/Instances 1/pr152_08.gt,151,20000.0,86400.0,PTVRP_CONT,89575.0,2,0.000065400,0.000065400,0.0000,1,0.00752
Instances/Instances 1/pr152_09.gt,151,50000.0,86400.0,PTVRP_CONT,89575.0,2,0.000065400,0.000065400,0.0000,1,0.007518
Instances/Instances 1/pr152_10.gt,151,100000.0,86400.0,PTVRP_CONT,89575.0,2,0.000065300,0.000065300,0.0000,1,0.007171
Instances/Instances 1/pr226_01.gt,225,100.0,86400.0,PTVRP_CONT,769822.0,44,0.000144800,0.000144800,0.0000,1,0.007257
Instances/Instances 1/pr226_02.gt,225,200.0,86400.0,PTVRP_CONT,407301.0,27,0.000145500,0.000145500,0.0000,1,0.005611
Instances/Instances 1/pr226_03.gt,225,500.0,86400.0,PTVRP_CONT,192335.0,12,0.000142300,0.000142300,0.0000,1,0.007101
Instances/Instances 1/pr226_04.gt,225,1000.0,86400.0,PTVRP_CONT,139942.0,6,0.000141500,0.000141500,0.0000,1,0.00801
Instances/Instances 1/pr226_05.gt,225,2000.0,86400.0,PTVRP_CONT,112647.0,4,0.000141900,0.000141900,0.0000,1,0.007126
Instances/Instances 1/pr226_06.gt,225,5000.0,86400.0,PTVRP_CONT,97856.0,2,0.000150000,0.000150000,0.0000,1,0.006556
Instances/Instances 1/pr226_07.gt,225,10000.0,86400.0,PTVRP_CONT,97856.0,2,0.000164300,0.000164300,0.0000,1,0.006198
Instances/Instances 1/pr226_08.gt,225,20000.0,86400.0,PTVRP_CONT,97856.0,2,0.000143800,0.000143800,0.0000,1,0.00573
Instances/Instances 1/pr226_09.gt,225,50000.0,86400.0,PTVRP_CONT,97856.0,2,0.000151200,0.000151200,0.0000,1,0.006033
Instances/Instances 1/pr226_10.gt,225,100000.0,86400.0,PTVRP_CONT,97856.0,2,0.000143300,0.000143300,0.0000,1,0.006204
Instances/Instances 1/pr2392_01.gt,2391,100.0,86400.0,PTVRP_CONT,6271806.0,449,0.013540200,0.013540200,0.0000,1,0.021491
Instances/Instances 1/pr2392_02.gt,2391,200.0,86400.0,PTVRP_CONT,3378291.0,304,0.013419300,0.013419300,0.0000,1,0.023142
Instances/Instances 1/pr2392_03.gt,2391,500.0,86400.0,PTVRP_CONT,1530907.0,127,0.013485500,0.013485500,0.0000,1,0.024996
Instances/Instances 1/pr2392_04.gt,2391,1000.0,86400.0,PTVRP_CONT,936165.0,64,0.013565200,0.013565200,0.0000,1,0.022305
Instances/Instances 1/pr2392_05.gt,2391,2000.0,86400.0,PTVRP_CONT,642735.0,32,0.013538600,0.013538600,0.0000,1,0.024689
Instances/Instances 1/pr2392_06.gt,2391,5000.0,86400.0,PTVRP_CONT,475497.0,15,0.013631600,0.013631600,0.0000,1,0.024117
Instances/Instances 1/pr2392_07.gt,2391,10000.0,86400.0,PTVRP_CONT,422099.0,8,0.013993801,0.013993801,0.0000,1,0.024683
Instances/Instances 1/pr2392_08.gt,2391,20000.0,86400.0,PTVRP_CONT,410093.0,6,0.014164900,0.014164900,0.0000,1,0.023864
Instances/Instances 1/pr2392_09.gt,2391,50000.0,86400.0,PTVRP_CONT,410093.0,6,0.014174100,0.014174100,0.0000,1,0.025632
Instances/Instances 1/pr2392_10.gt,2391,100000.0,86400.0,PTVRP_CONT,410093.0,6,0.014374900,0.014374900,0.0000,1,0.025129
Instances/Instances 1/pr264_01.gt,263,100.0,86400.0,PTVRP_CONT,532550.0,48,0.000208200,0.000208200,0.0000,1,0.009474
Instances/Instances 1/pr264_02.gt,263,200.0,86400.0,PTVRP_CONT,309817.0,33,0.000202400,0.000202400,0.0000,1,0.008067
Instances/Instances 1/pr264_03.gt,263,500.0,86400.0,PTVRP_CONT,145078.0,15,0.000199800,0.000199800,0.0000,1,0.007433
Instances/Instances 1/pr264_04.gt,263,1000.0,86400.0,PTVRP_CONT,93307.0,8,0.000198900,0.000198900,0.0000,1,0.006025
Instances/Instances 1/pr264_05.gt,263,2000.0,86400.0,PTVRP_CONT,66092.0,4,0.000198400,0.000198400,0.0000,1,0.005442
Instances/Instances 1/pr264_06.gt,263,5000.0,86400.0,PTVRP_CONT,53706.0,2,0.000195600,0.000195600,0.0000,1,0.006294
Instances/Instances 1/pr264_07.gt,263,10000.0,86400.0,PTVRP_CONT,50874.0,1,0.000193500,0.000193500,0.0000,1,0.006407
Instances/Instances 1/pr264_08.gt,263,20000.0,86400.0,PTVRP_CONT,50874.0,1,0.000193800,0.000193800,0.0000,1,0.007459
Instances/Instances 1/pr264_09.gt,263,50000.0,86400.0,PTVRP_CONT,50874.0,1,0.000193700,0.000193700,0.0000,1,0.006352
Instances/Instances 1/pr264_10.gt,263,100000.0,86400.0,PTVRP_CONT,50874.0,1,0.000193900,0.000193900,0.0000,1,0.008109
Instances/Instances 1/pr299_01.gt,298,100.0,86400.0,PTVRP_CONT,340299.0,61,0.000261200,0.000261200,0.0000,1,0.007866
Instances/Instances 1/pr299_02.gt,298,200.0,86400.0,PTVRP_CONT,203569.0,42,0.000260600,0.000260600,0.0000,1,0.007913
Instances/Instances 1/pr299_03.gt,298,500.0,86400.0,PTVRP_CONT,106423.0,17,0.000253400,0.000253400,0.0000,1,0.006191
Instances/Instances 1/pr299_04.gt,298,1000.0,86400.0,PTVRP_CONT,73519.0,8,0.000256500,0.000256500,0.0000,1,0.007508
Instances/Instances 1/pr299_05.gt,298,2000.0,86400.0,PTVRP_CONT,60992.0,5,0.000251600,0.000251600,0.0000,1,0.007501
Instances/Instances 1/pr299_06.gt,298,5000.0,86400.0,PTVRP_CONT,54833.0,2,0.000260000,0.000260000,0.0000,1,0.007709
Instances/Instances 1/pr299_07.gt,298,10000.0,86400.0,PTVRP_CONT,54703.0,1,0.000263100,0.000263100,0.0000,1,0.0068
Instances/Instances 1/pr299_08.gt,298,20000.0,86400.0,PTVRP_CONT,54703.0,1,0.000248100,0.000248100,0.0000,1,0.006634
Instances/Instances 1/pr299_09.gt,298,50000.0,86400.0,PTVRP_CONT,54703.0,1,0.000248300,0.000248300,0.0000,1,0.00727
Instances/Instances 1/pr299_10.gt,298,100000.0,86400.0,PTVRP_CONT,54703.0,1,0.000248100,0.000248100,0.0000,1,0.007587
Instances/Instances 1/pr439_01.gt,438,100.0,86400.0,PTVRP_CONT,840706.0,98,0.000515700,0.000515700,0.0000,1,0.008891
Instances/Instances 1/pr439_02.gt,438,200.0,86400.0,PTVRP_CONT,491435.0,61,0.000506900,0.000506900,0.0000,1,0.008581
Instances/Instances 1/pr439_03.gt,438,500.0,86400.0,PTVRP_CONT,245398.0,24,0.000501200,0.000501200,0.0000,1,0.008325
Instances/Instances 1/pr439_04.gt,438,1000.0,86400.0,PTVRP_CONT,168640.0,12,0.000504100,0.000504100,0.0000,1,0.007638
Instances/Instances 1/pr439_05.gt,438,2000.0,86400.0,PTVRP_CONT,138124.0,7,0.000506800,0.000506800,0.0000,1,0.007215
Instances/Instances 1/pr439_06.gt,438,5000.0,86400.0,PTVRP_CONT,119090.0,3,0.000516100,0.000516100,0.0000,1,0.006809
Instances/Instances 1/pr439_07.gt,438,10000.0,86400.0,PTVRP_CONT,117489.0,2,0.000532700,0.000532700,0.0000,1,0.007655
Instances/Instances 1/pr439_08.gt,438,20000.0,86400.0,PTVRP_CONT,117489.0,2,0.000532700,0.000532700,0.0000,1,0.007896
Instances/Instances 1/pr439_09.gt,438,50000.0,86400.0,PTVRP_CONT,117489.0,2,0.000532900,0.000532900,0.0000,1,0.00739
Instances/Instances 1/pr439_10.gt,438,100000.0,86400.0,PTVRP_CONT,117489.0,2,0.000532400,0.000532400,0.0000,1,0.00597
Instances/Instances 1/pr76_01.gt,75,100.0,86400.0,PTVRP_CONT,327253.0,22,0.000021700,0.000021700,0.0000,1,0.005444
Instances/Instances 1/pr76_02.gt,75,200.0,86400.0,PTVRP_CONT,200553.0,12,0.000020700,0.000020700,0.0000,1,0.005772
Instances/Instances 1/pr76_03.gt,75,500.0,86400.0,PTVRP_CONT,149322.0,5,0.000019400,0.000019400,0.0000,1,0.005621
Instances/Instances 1/pr76_04.gt,75,1000.0,86400.0,PTVRP_CONT,124689.0,2,0.000018700,0.000018700,0.0000,1,0.006299
Instances/Instances 1/pr76_05.gt,75,2000.0,86400.0,PTVRP_CONT,124689.0,2,0.000018300,0.000018300,0.0000,1,0.006867
Instances/Instances 1/pr76_06.gt,75,5000.0,86400.0,PTVRP_CONT,124689.0,2,0.000018500,0.000018500,0.0000,1,0.006093
Instances/Instances 1/pr76_07.gt,75,10000.0,86400.0,PTVRP_CONT,124689.0,2,0.000018600,0.000018600,0.0000,1,0.006586
Instances/Instances 1/pr76_08.gt,75,20000.0,86400.0,PTVRP_CONT,124689.0,2,0.000018500,0.000018500,0.0000,1,0.006647
Instances/Instances 1/pr76_09.gt,75,50000.0,86400.0,PTVRP_CONT,124689.0,2,0.000018700,0.000018700,0.0000,1,0.006294
Instances/Instances 1/pr76_10.gt,75,100000.0,86400.0,PTVRP_CONT,124689.0,2,0.000018600,0.000018600,0.0000,1,0.008162
Instances/Instances 1/qa194_01.gt,193,100.0,86400.0,PTVRP_CONT,48026.0,52,0.000144400,0.000144400,0.0000,1,0.006423
Instances/Instances 1/qa194_02.gt,193,200.0,86400.0,PTVRP_CONT,27409.0,28,0.000136700,0.000136700,0.0000,1,0.007327
Instances/Instances 1/qa194_03.gt,193,500.0,86400.0,PTVRP_CONT,15625.0,11,0.000122300,0.000122300,0.0000,1,0.006157
Instances/Instances 1/qa194_04.gt,193,1000.0,86400.0,PTVRP_CONT,12944.0,6,0.000113100,0.000113100,0.0000,1,0.007805
Instances/Instances 1/qa194_05.gt,193,2000.0,86400.0,PTVRP_CONT,11131.0,3,0.000109700,0.000109700,0.0000,1,0.00706
Instances/Instances 1/qa194_06.gt,193,5000.0,86400.0,PTVRP_CONT,10519.0,2,0.000105800,0.000105800,0.0000,1,0.007529
Instances/Instances 1/qa194_07.gt,193,10000.0,86400.0,PTVRP_CONT,10469.0,1,0.000105300,0.000105300,0.0000,1,0.006587
Instances/Instances 1/qa194_08.gt,193,20000.0,86400.0,PTVRP_CONT,10469.0,1,0.000105100,0.000105100,0.0000,1,0.006893
Instances/Instances 1/qa194_09.gt,193,50000.0,86400.0,PTVRP_CONT,10469.0,1,0.000105500,0.000105500,0.0000,1,0.007782
Instances/Instances 1/qa194_10.gt,193,100000.0,86400.0,PTVRP_CONT,10469.0,1,0.000105000,0.000105000,0.0000,1,0.007767
Instances/Instances 1/rat195_01.gt,194,100.0,86400.0,PTVRP_CONT,11847.0,54,0.000145900,0.000145900,0.0000,1,0.007586
Instances/Instances 1/rat195_02.gt,194,200.0,86400.0,PTVRP_CONT,6561.0,28,0.000135900,0.000135900,0.0000,1,0.005635
Instances/Instances 1/rat195_03.gt,194,500.0,86400.0,PTVRP_CONT,3777.0,11,0.000123300,0.000123300,0.0000,1,0.005652
Instances/Instances 1/rat195_04.gt,194,1000.0,86400.0,PTVRP_CONT,2972.0,6,0.000114600,0.000114600,0.0000,1,0.005873
Instances/Instances 1/rat195_05.gt,194,2000.0,86400.0,PTVRP_CONT,2663.0,3,0.000110600,0.000110600,0.0000,1,0.004956
Instances/Instances 1/rat195_06.gt,194,5000.0,86400.0,PTVRP_CONT,2581.0,1,0.000106000,0.000106000,0.0000,1,0.005412
Instances/Instances 1/rat195_07.gt,194,10000.0,86400.0,PTVRP_CONT,2581.0,1,0.000106300,0.000106300,0.0000,1,0.006491
Instances/Instances 1/rat195_08.gt,194,20000.0,86400.0,PTVRP_CONT,2581.0,1,0.000106000,0.000106000,0.0000,1,0.004975
Instances/Instances 1/rat195_09.gt,194,50000.0,86400.0,PTVRP_CONT,2581.0,1,0.000125200,0.000125200,0.0000,1,0.005455
Instances/Instances 1/rat195_10.gt,194,100000.0,86400.0,PTVRP_CONT,2581.0,1,0.000106100,0.000106100,0.0000,1,0.006573
Instances/Instances 1/rat575_01.gt,574,100.0,86400.0,PTVRP_CONT,54101.0,140,0.001071800,0.001071800,0.0000,1,0.008873
Instances/Instances 1/rat575_02.gt,574,200.0,86400.0,PTVRP_CONT,28335.0,79,0.001037800,0.001037800,0.0000,1,0.008458
Instances/Instances 1/rat575_03.gt,574,500.0,86400.0,PTVRP_CONT,14521.0,30,0.001007300,0.001007300,0.0000,1,0.009349
Instances/Instances 1/rat575_04.gt,574,1000.0,86400.0,PTVRP_CONT,10607.0,16,0.001020500,0.001020500,0.0000,1,0.008733
Instances/Instances 1/rat575_05.gt,574,2000.0,86400.0,PTVRP_CONT,8580.0,8,0.000984000,0.000984000,0.0000,1,0.007838
Instances/Instances 1/rat575_06.gt,574,5000.0,86400.0,PTVRP_CONT,7591.0,3,0.000946900,0.000946900,0.0000,1,0.007366
Instances/Instances 1/rat575_07.gt,574,10000.0,86400.0,PTVRP_CONT,7378.0,3,0.000925700,0.000925700,0.0000,1,0.008826
Instances/Instances 1/rat575_08.gt,574,20000.0,86400.0,PTVRP_CONT,7265.0,1,0.000915600,0.000915600,0.0000,1,0.009536
Instances/Instances 1/rat575_09.gt,574,50000.0,86400.0,PTVRP_CONT,7265.0,1,0.000943500,0.000943500,0.0000,1,0.008253
Instances/Instances 1/rat575_10.gt,574,100000.0,86400.0,PTVRP_CONT,7265.0,1,0.000921300,0.000921300,0.0000,1,0.007064
Instances/Instances 1/rat783_01.gt,782,100.0,86400.0,PTVRP_CONT,81721.0,177,0.001837300,0.001837300,0.0000,1,0.008685
Instances/Instances 1/rat783_02.gt,782,200.0,86400.0,PTVRP_CONT,42440.0,105,0.001798100,0.001798100,0.0000,1,0.009377
Instances/Instances 1/rat783_03.gt,782,500.0,86400.0,PTVRP_CONT,22025.0,43,0.001810600,0.001810600,0.0000,1,0.009434
Instances/Instances 1/rat783_04.gt,782,1000.0,86400.0,PTVRP_CONT,15097.0,23,0.001785700,0.001785700,0.0000,1,0.009525
Instances/Instances 1/rat783_05.gt,782,2000.0,86400.0,PTVRP_CONT,11598.0,11,0.001776300,0.001776300,0.0000,1,0.008987
Instances/Instances 1/rat783_06.gt,782,5000.0,86400.0,PTVRP_CONT,9892.0,5,0.001741200,0.001741200,0.0000,1,0.009577
Instances/Instances 1/rat783_07.gt,782,10000.0,86400.0,PTVRP_CONT,9552.0,3,0.001715000,0.001715000,0.0000,1,0.010612
Instances/Instances 1/rat783_08.gt,782,20000.0,86400.0,PTVRP_CONT,9389.0,1,0.001696800,0.001696800,0.0000,1,0.009892
Instances/Instances 1/rat783_09.gt,782,50000.0,86400.0,PTVRP_CONT,9389.0,1,0.001696800,0.001696800,0.0000,1,0.007413
Instances/Instances 1/rat783_10.gt,782,100000.0,86400.0,PTVRP_CONT,9389.0,1,0.001722300,0.001722300,0.0000,1,0.007839
Instances/Instances 1/rat99_01.gt,98,100.0,86400.0,PTVRP_CONT,4164.0,25,0.000042700,0.000042700,0.0000,1,0.006745
Instances/Instances 1/rat99_02.gt,98,200.0,86400.0,PTVRP_CONT,2540.0,13,0.000036800,0.000036800,0.0000,1,0.008222
Instances/Instances 1/rat99_03.gt,98,500.0,86400.0,PTVRP_CONT,1744.0,6,0.000032700,0.000032700,0.0000,1,0.007045
Instances/Instances 1/rat99_04.gt,98,1000.0,86400.0,PTVRP_CONT,1497.0,3,0.000030600,0.000030600,0.0000,1,0.005627
Instances/Instances 1/rat99_05.gt,98,2000.0,86400.0,PTVRP_CONT,1399.0,2,0.000029100,0.000029100,0.0000,1,0.005377
Instances/Instances 1/rat99_06.gt,98,5000.0,86400.0,PTVRP_CONT,1395.0,1,0.000028100,0.000028100,0.0000,1,0.006777
Instances/Instances 1/rat99_07.gt,98,10000.0,86400.0,PTVRP_CONT,1395.0,1,0.000027900,0.000027900,0.0000,1,0.006213
Instances/Instances 1/rat99_08.gt,98,20000.0,86400.0,PTVRP_CONT,1395.0,1,0.000028000,0.000028000,0.0000,1,0.005322
Instances/Instances 1/rat99_09.gt,98,50000.0,86400.0,PTVRP_CONT,1395.0,1,0.000028200,0.000028200,0.0000,1,0.005539
Instances/Instances 1/rat99_10.gt,98,100000.0,86400.0,PTVRP_CONT,1395.0,1,0.000027900,0.000027900,0.0000,1,0.005287
Instances/Instances 1/rd100_01.gt,99,100.0,86400.0,PTVRP_CONT,26860.0,26,0.000041700,0.000041700,0.0000,1,0.005447
Instances/Instances 1/rd100_02.gt,99,200.0,86400.0,PTVRP_CONT,17125.0,14,0.000039900,0.000039900,0.0000,1,0.006135
Instances/Instances 1/rd100_03.gt,99,500.0,86400.0,PTVRP_CONT,11463.0,6,0.000033400,0.000033400,0.0000,1,0.006063
Instances/Instances 1/rd100_04.gt,99,1000.0,86400.0,PTVRP_CONT,9816.0,3,0.000031100,0.000031100,0.0000,1,0.006674
Instances/Instances 1/rd100_05.gt,99,2000.0,86400.0,PTVRP_CONT,9356.0,2,0.000029700,0.000029700,0.0000,1,0.005952
Instances/Instances 1/rd100_06.gt,99,5000.0,86400.0,PTVRP_CONT,8967.0,1,0.000029900,0.000029900,0.0000,1,0.007273
Instances/Instances 1/rd100_07.gt,99,10000.0,86400.0,PTVRP_CONT,8967.0,1,0.000028700,0.000028700,0.0000,1,0.006897
Instances/Instances 1/rd100_08.gt,99,20000.0,86400.0,PTVRP_CONT,8967.0,1,0.000028900,0.000028900,0.0000,1,0.005317
Instances/Instances 1/rd100_09.gt,99,50000.0,86400.0,PTVRP_CONT,8967.0,1,0.000030600,0.000030600,0.0000,1,0.006231
Instances/Instances 1/rd100_10.gt,99,100000.0,86400.0,PTVRP_CONT,8967.0,1,0.000028900,0.000028900,0.0000,1,0.006457
Instances/Instances 1/rd400_01.gt,399,100.0,86400.0,PTVRP_CONT,99006.0,101,0.000501800,0.000501800,0.0000,1,0.006393
Instances/Instances 1/rd400_02.gt,399,200.0,86400.0,PTVRP_CONT,54509.0,56,0.000492200,0.000492200,0.0000,1,0.007087
Instances/Instances 1/rd400_03.gt,399,500.0,86400.0,PTVRP_CONT,29878.0,23,0.000659600,0.000659600,0.0000,1,0.008119
Instances/Instances 1/rd400_04.gt,399,1000.0,86400.0,PTVRP_CONT,21169.0,11,0.000479300,0.000479300,0.0000,1,0.008417
Instances/Instances 1/rd400_05.gt,399,2000.0,86400.0,PTVRP_CONT,18032.0,8,0.000466700,0.000466700,0.0000,1,0.007563
Instances/Instances 1/rd400_06.gt,399,5000.0,86400.0,PTVRP_CONT,15880.0,3,0.000454500,0.000454500,0.0000,1,0.00762
Instances/Instances 1/rd400_07.gt,399,10000.0,86400.0,PTVRP_CONT,15507.0,2,0.000450900,0.000450900,0.0000,1,0.008482
Instances/Instances 1/rd400_08.gt,399,20000.0,86400.0,PTVRP_CONT,15316.0,1,0.000444200,0.000444200,0.0000,1,0.010766
Instances/Instances 1/rd400_09.gt,399,50000.0,86400.0,PTVRP_CONT,15316.0,1,0.000454500,0.000454500,0.0000,1,0.008505
Instances/Instances 1/rd400_10.gt,399,100000.0,86400.0,PTVRP_CONT,15316.0,1,0.000444400,0.000444400,0.0000,1,0.00844
Instances/Instances 1/rl11849_01.gt,11848,100.0,86400.0,PTVRP_CONT,34562643.0,1790,0.326731503,0.326731503,0.0000,1,0.342225
Instances/Instances 1/rl11849_02.gt,11848,200.0,86400.0,PTVRP_CONT,17809296.0,1274,0.321836602,0.321836602,0.0000,1,0.340402
Instances/Instances 1/rl11849_03.gt,11848,500.0,86400.0,PTVRP_CONT,7531671.0,621,0.323318101,0.323318101,0.0000,1,0.339833
Instances/Instances 1/rl11849_04.gt,11848,1000.0,86400.0,PTVRP_CONT,4139341.0,313,0.326576501,0.326576501,0.0000,1,0.346151
Instances/Instances 1/rl11849_05.gt,11848,2000.0,86400.0,PTVRP_CONT,2513746.0,160,0.334644000,0.334644000,0.0000,1,0.349321
Instances/Instances 1/rl11849_06.gt,11848,5000.0,86400.0,PTVRP_CONT,1505293.0,66,0.334637001,0.334637001,0.0000,1,0.353031
Instances/Instances 1/rl11849_07.gt,11848,10000.0,86400.0,PTVRP_CONT,1185215.0,33,0.331437201,0.331437201,0.0000,1,0.347938
Instances/Instances 1/rl11849_08.gt,11848,20000.0,86400.0,PTVRP_CONT,1024038.0,18,0.332636900,0.332636900,0.0000,1,0.34765
Instances/Instances 1/rl11849_09.gt,11848,50000.0,86400.0,PTVRP_CONT,994667.0,14,0.332334100,0.332334100,0.0000,1,0.347737
Instances/Instances 1/rl11849_10.gt,11848,100000.0,86400.0,PTVRP_CONT,994667.0,14,0.341631101,0.341631101,0.0000,1,0.359451
Instances/Instances 1/rl1304_01.gt,1303,100.0,86400.0,PTVRP_CONT,3961808.0,256,0.004144500,0.004144500,0.0000,1,0.012696
Instances/Instances 1/rl1304_02.gt,1303,200.0,86400.0,PTVRP_CONT,2088153.0,171,0.004070200,0.004070200,0.0000,1,0.012922
Instances/Instances 1/rl1304_03.gt,1303,500.0,86400.0,PTVRP_CONT,961355.0,72,0.004071900,0.004071900,0.0000,1,0.012943
Instances/Instances 1/rl1304_04.gt,1303,1000.0,86400.0,PTVRP_CONT,577486.0,35,0.004094700,0.004094700,0.0000,1,0.013604
Instances/Instances 1/rl1304_05.gt,1303,2000.0,86400.0,PTVRP_CONT,405682.0,19,0.004145900,0.004145900,0.0000,1,0.013126
Instances/Instances 1/rl1304_06.gt,1303,5000.0,86400.0,PTVRP_CONT,299168.0,8,0.004220800,0.004220800,0.0000,1,0.012672
Instances/Instances 1/rl1304_07.gt,1303,10000.0,86400.0,PTVRP_CONT,279685.0,4,0.004329700,0.004329700,0.0000,1,0.012483
Instances/Instances 1/rl1304_08.gt,1303,20000.0,86400.0,PTVRP_CONT,277708.0,4,0.004356400,0.004356400,0.0000,1,0.014681
Instances/Instances 1/rl1304_09.gt,1303,50000.0,86400.0,PTVRP_CONT,277708.0,4,0.004336700,0.004336700,0.0000,1,0.013264
Instances/Instances 1/rl1304_10.gt,1303,100000.0,86400.0,PTVRP_CONT,277708.0,4,0.004330700,0.004330700,0.0000,1,0.013614
Instances/Instances 1/rl1323_01.gt,1322,100.0,86400.0,PTVRP_CONT,4333098.0,245,0.004169400,0.004169400,0.0000,1,0.014589
Instances/Instances 1/rl1323_02.gt,1322,200.0,86400.0,PTVRP_CONT,2158890.0,163,0.004201200,0.004201200,0.0000,1,0.013459
Instances/Instances 1/rl1323_03.gt,1322,500.0,86400.0,PTVRP_CONT,994180.0,71,0.004262300,0.004262300,0.0000,1,0.013293
Instances/Instances 1/rl1323_04.gt,1322,1000.0,86400.0,PTVRP_CONT,623637.0,36,0.004264700,0.004264700,0.0000,1,0.013352
Instances/Instances 1/rl1323_05.gt,1322,2000.0,86400.0,PTVRP_CONT,430065.0,18,0.004233200,0.004233200,0.0000,1,0.012946
Instances/Instances 1/rl1323_06.gt,1322,5000.0,86400.0,PTVRP_CONT,331374.0,8,0.004276600,0.004276600,0.0000,1,0.014368
Instances/Instances 1/rl1323_07.gt,1322,10000.0,86400.0,PTVRP_CONT,305210.0,5,0.004413900,0.004413900,0.0000,1,0.014712
Instances/Instances 1/rl1323_08.gt,1322,20000.0,86400.0,PTVRP_CONT,305210.0,5,0.004410900,0.004410900,0.0000,1,0.014321
Instances/Instances 1/rl1323_09.gt,1322,50000.0,86400.0,PTVRP_CONT,305210.0,5,0.004449800,0.004449800,0.0000,1,0.013831
Instances/Instances 1/rl1323_10.gt,1322,100000.0,86400.0,PTVRP_CONT,305210.0,5,0.004439900,0.004439900,0.0000,1,0.014558
Instances/Instances 1/rl1889_01.gt,1888,100.0,86400.0,PTVRP_CONT,6228521.0,344,0.008393800,0.008393800,0.0000,1,0.018622
Instances/Instances 1/rl1889_02.gt,1888,200.0,86400.0,PTVRP_CONT,3218612.0,226,0.008543200,0.008543200,0.0000,1,0.018961
Instances/Instances 1/rl1889_03.gt,1888,500.0,86400.0,PTVRP_CONT,1445235.0,102,0.008444200,0.008444200,0.0000,1,0.018887
Instances/Instances 1/rl1889_04.gt,1888,1000.0,86400.0,PTVRP_CONT,863473.0,51,0.008565200,0.008565200,0.0000,1,0.01985
Instances/Instances 1/rl1889_05.gt,1888,2000.0,86400.0,PTVRP_CONT,581959.0,26,0.008560600,0.008560600,0.0000,1,0.01803
Instances/Instances 1/rl1889_06.gt,1888,5000.0,86400.0,PTVRP_CONT,407084.0,11,0.008605200,0.008605200,0.0000,1,0.018034
Instances/Instances 1/rl1889_07.gt,1888,10000.0,86400.0,PTVRP_CONT,359202.0,6,0.009109300,0.009109300,0.0000,1,0.019238
Instances/Instances 1/rl1889_08.gt,1888,20000.0,86400.0,PTVRP_CONT,351630.0,6,0.008943700,0.008943700,0.0000,1,0.019595
Instances/Instances 1/rl1889_09.gt,1888,50000.0,86400.0,PTVRP_CONT,351630.0,6,0.008918700,0.008918700,0.0000,1,0.019406
Instances/Instances 1/rl1889_10.gt,1888,100000.0,86400.0,PTVRP_CONT,351630.0,6,0.009035600,0.009035600,0.0000,1,0.020578
Instances/Instances 1/rl5915_01.gt,5914,100.0,86400.0,PTVRP_CONT,16941723.0,927,0.081733300,0.081733300,0.0000,1,0.095851
Instances/Instances 1/rl5915_02.gt,5914,200.0,86400.0,PTVRP_CONT,8795198.0,657,0.085058300,0.085058300,0.0000,1,0.099953
Instances/Instances 1/rl5915_03.gt,5914,500.0,86400.0,PTVRP_CONT,3812692.0,312,0.098889900,0.098889900,0.0000,1,0.109998
Instances/Instances 1/rl5915_04.gt,5914,1000.0,86400.0,PTVRP_CONT,2130660.0,157,0.083066301,0.083066301,0.0000,1,0.092414
Instances/Instances 1/rl5915_05.gt,5914,2000.0,86400.0,PTVRP_CONT,1325177.0,80,0.082478400,0.082478400,0.0000,1,0.094799
Instances/Instances 1/rl5915_06.gt,5914,5000.0,86400.0,PTVRP_CONT,845893.0,34,0.083746300,0.083746300,0.0000,1,0.095347
Instances/Instances 1/rl5915_07.gt,5914,10000.0,86400.0,PTVRP_CONT,684223.0,18,0.085304400,0.085304400,0.0000,1,0.09733
Instances/Instances 1/rl5915_08.gt,5914,20000.0,86400.0,PTVRP_CONT,624324.0,10,0.088465300,0.088465300,0.0000,1,0.1029
Instances/Instances 1/rl5915_09.gt,5914,50000.0,86400.0,PTVRP_CONT,616974.0,8,0.088352001,0.088352001,0.0000,1,0.110751
Instances/Instances 1/rl5915_10.gt,5914,100000.0,86400.0,PTVRP_CONT,616974.0,8,0.089662000,0.089662000,0.0000,1,0.101229
Instances/Instances 1/rl5934_01.gt,5933,100.0,86400.0,PTVRP_CONT,17063015.0,996,0.093193600,0.093193600,0.0000,1,0.10734
Instances/Instances 1/rl5934_02.gt,5933,200.0,86400.0,PTVRP_CONT,8697938.0,658,0.103702400,0.103702400,0.0000,1,0.115914
Instances/Instances 1/rl5934_03.gt,5933,500.0,86400.0,PTVRP_CONT,3708635.0,311,0.086808900,0.086808900,0.0000,1,0.097229
Instances/Instances 1/rl5934_04.gt,5933,1000.0,86400.0,PTVRP_CONT,2127667.0,157,0.086956601,0.086956601,0.0000,1,0.095889
Instances/Instances 1/rl5934_05.gt,5933,2000.0,86400.0,PTVRP_CONT,1299956.0,80,0.086294200,0.086294200,0.0000,1,0.095424
Instances/Instances 1/rl5934_06.gt,5933,5000.0,86400.0,PTVRP_CONT,833835.0,34,0.084186300,0.084186300,0.0000,1,0.094788
Instances/Instances 1/rl5934_07.gt,5933,10000.0,86400.0,PTVRP_CONT,681392.0,18,0.083818800,0.083818800,0.0000,1,0.095382
Instances/Instances 1/rl5934_08.gt,5933,20000.0,86400.0,PTVRP_CONT,613159.0,9,0.086580500,0.086580500,0.0000,1,0.098457
Instances/Instances 1/rl5934_09.gt,5933,50000.0,86400.0,PTVRP_CONT,610282.0,9,0.085276600,0.085276600,0.0000,1,0.09667
Instances/Instances 1/rl5934_10.gt,5933,100000.0,86400.0,PTVRP_CONT,610282.0,9,0.086162701,0.086162701,0.0000,1,0.09759
Instances/Instances 1/rw1621_01.gt,1620,100.0,86400.0,PTVRP_CONT,505772.0,301,0.006899400,0.006899400,0.0000,1,0.01559
Instances/Instances 1/rw1621_02.gt,1620,200.0,86400.0,PTVRP_CONT,256645.0,193,0.006986700,0.006986700,0.0000,1,0.013829
Instances/Instances 1/rw1621_03.gt,1620,500.0,86400.0,PTVRP_CONT,115222.0,87,0.006908100,0.006908100,0.0000,1,0.01381
Instances/Instances 1/rw1621_04.gt,1620,1000.0,86400.0,PTVRP_CONT,69012.0,45,0.006922700,0.006922700,0.0000,1,0.015871
Instances/Instances 1/rw1621_05.gt,1620,2000.0,86400.0,PTVRP_CONT,47035.0,23,0.007059600,0.007059600,0.0000,1,0.016895
Instances/Instances 1/rw1621_06.gt,1620,5000.0,86400.0,PTVRP_CONT,33470.0,10,0.007246300,0.007246300,0.0000,1,0.017001
Instances/Instances 1/rw1621_07.gt,1620,10000.0,86400.0,PTVRP_CONT,29392.0,5,0.007336500,0.007336500,0.0000,1,0.016181
Instances/Instances 1/rw1621_08.gt,1620,20000.0,86400.0,PTVRP_CONT,27739.0,3,0.007341100,0.007341100,0.0000,1,0.015838
Instances/Instances 1/rw1621_09.gt,1620,50000.0,86400.0,PTVRP_CONT,27418.0,1,0.007260600,0.007260600,0.0000,1,0.015628
Instances/Instances 1/rw1621_10.gt,1620,100000.0,86400.0,PTVRP_CONT,27418.0,1,0.007282200,0.007282200,0.0000,1,0.016466
Instances/Instances 1/st70_01.gt,69,100.0,86400.0,PTVRP_CONT,1877.0,16,0.000021100,0.000021100,0.0000,1,0.007782
Instances/Instances 1/st70_02.gt,69,200.0,86400.0,PTVRP_CONT,1254.0,9,0.000019800,0.000019800,0.0000,1,0.005453
Instances/Instances 1/st70_03.gt,69,500.0,86400.0,PTVRP_CONT,890.0,5,0.000017200,0.000017200,0.0000,1,0.006259
Instances/Instances 1/st70_04.gt,69,1000.0,86400.0,PTVRP_CONT,794.0,3,0.000015900,0.000015900,0.0000,1,0.005653
Instances/Instances 1/st70_05.gt,69,2000.0,86400.0,PTVRP_CONT,780.0,1,0.000014500,0.000014500,0.0000,1,0.005136
Instances/Instances 1/st70_06.gt,69,5000.0,86400.0,PTVRP_CONT,780.0,1,0.000014300,0.000014300,0.0000,1,0.00561
Instances/Instances 1/st70_07.gt,69,10000.0,86400.0,PTVRP_CONT,780.0,1,0.000014400,0.000014400,0.0000,1,0.005916
Instances/Instances 1/st70_08.gt,69,20000.0,86400.0,PTVRP_CONT,780.0,1,0.000014400,0.000014400,0.0000,1,0.005578
Instances/Instances 1/st70_09.gt,69,50000.0,86400.0,PTVRP_CONT,780.0,1,0.000014400,0.000014400,0.0000,1,0.006093
Instances/Instances 1/st70_10.gt,69,100000.0,86400.0,PTVRP_CONT,780.0,1,0.000014600,0.000014600,0.0000,1,0.006545
Instances/Instances 1/sw24978_01.gt,24977,100.0,86400.0,PTVRP_CONT,43962617.0,3462,1.445008003,1.445008003,0.0000,1,1.468039
Instances/Instances 1/sw24978_02.gt,24977,200.0,86400.0,PTVRP_CONT,22326305.0,2493,1.434516999,1.434516999,0.0000,1,1.464799
Instances/Instances 1/sw24978_03.gt,24977,500.0,86400.0,PTVRP_CONT,9310817.0,1274,1.456800292,1.456800292,0.0000,1,1.482866
Instances/Instances 1/sw24978_04.gt,24977,1000.0,86400.0,PTVRP_CONT,5042409.0,657,1.449928193,1.449928193,0.0000,1,1.473133
Instances/Instances 1/sw24978_05.gt,24977,2000.0,86400.0,PTVRP_CONT,2891595.0,325,1.466621992,1.466621992,0.0000,1,1.487301
Instances/Instances 1/sw24978_06.gt,24977,5000.0,86400.0,PTVRP_CONT,1662823.0,133,1.434704793,1.434704793,0.0000,1,1.462739
Instances/Instances 1/sw24978_07.gt,24977,10000.0,86400.0,PTVRP_CONT,1244321.0,68,1.476435392,1.476435392,0.0000,1,1.501352
Instances/Instances 1/sw24978_08.gt,24977,20000.0,86400.0,PTVRP_CONT,1039172.0,36,1.469395198,1.469395198,0.0000,1,1.499291
Instances/Instances 1/sw24978_09.gt,24977,50000.0,86400.0,PTVRP_CONT,938916.0,16,1.486309697,1.486309697,0.0000,1,1.511343
Instances/Instances 1/sw24978_10.gt,24977,100000.0,86400.0,PTVRP_CONT,921494.0,13,1.697583798,1.697583798,0.0000,1,1.724788
Instances/Instances 1/ts225_01.gt,224,100.0,86400.0,PTVRP_CONT,753549.0,57,0.000141900,0.000141900,0.0000,1,0.007665
Instances/Instances 1/ts225_02.gt,224,200.0,86400.0,PTVRP_CONT,464853.0,35,0.000139900,0.000139900,0.0000,1,0.006893
Instances/Instances 1/ts225_03.gt,224,500.0,86400.0,PTVRP_CONT,238729.0,13,0.000139900,0.000139900,0.0000,1,0.007585
Instances/Instances 1/ts225_04.gt,224,1000.0,86400.0,PTVRP_CONT,175964.0,7,0.000138400,0.000138400,0.0000,1,0.007942
Instances/Instances 1/ts225_05.gt,224,2000.0,86400.0,PTVRP_CONT,148763.0,4,0.000137900,0.000137900,0.0000,1,0.007481
Instances/Instances 1/ts225_06.gt,224,5000.0,86400.0,PTVRP_CONT,143060.0,3,0.000140800,0.000140800,0.0000,1,0.00688
Instances/Instances 1/ts225_07.gt,224,10000.0,86400.0,PTVRP_CONT,143060.0,3,0.000141100,0.000141100,0.0000,1,0.005582
Instances/Instances 1/ts225_08.gt,224,20000.0,86400.0,PTVRP_CONT,143060.0,3,0.000163800,0.000163800,0.0000,1,0.006929
Instances/Instances 1/ts225_09.gt,224,50000.0,86400.0,PTVRP_CONT,143060.0,3,0.000141200,0.000141200,0.0000,1,0.005911
Instances/Instances 1/ts225_10.gt,224,100000.0,86400.0,PTVRP_CONT,143060.0,3,0.000143800,0.000143800,0.0000,1,0.006431
Instances/Instances 1/tsp225_01.gt,224,100.0,86400.0,PTVRP_CONT,20111.0,59,0.000201800,0.000201800,0.0000,1,0.006379
Instances/Instances 1/tsp225_02.gt,224,200.0,86400.0,PTVRP_CONT,12470.0,33,0.000174000,0.000174000,0.0000,1,0.00535
Instances/Instances 1/tsp225_03.gt,224,500.0,86400.0,PTVRP_CONT,6755.0,13,0.000159600,0.000159600,0.0000,1,0.006246
Instances/Instances 1/tsp225_04.gt,224,1000.0,86400.0,PTVRP_CONT,5378.0,7,0.000152600,0.000152600,0.0000,1,0.005401
Instances/Instances 1/tsp225_05.gt,224,2000.0,86400.0,PTVRP_CONT,4684.0,3,0.000147000,0.000147000,0.0000,1,0.005925
Instances/Instances 1/tsp225_06.gt,224,5000.0,86400.0,PTVRP_CONT,4425.0,2,0.000141700,0.000141700,0.0000,1,0.005908
Instances/Instances 1/tsp225_07.gt,224,10000.0,86400.0,PTVRP_CONT,4418.0,1,0.000141300,0.000141300,0.0000,1,0.005492
Instances/Instances 1/tsp225_08.gt,224,20000.0,86400.0,PTVRP_CONT,4418.0,1,0.000141900,0.000141900,0.0000,1,0.005851
Instances/Instances 1/tsp225_09.gt,224,50000.0,86400.0,PTVRP_CONT,4418.0,1,0.000142400,0.000142400,0.0000,1,0.006608
Instances/Instances 1/tsp225_10.gt,224,100000.0,86400.0,PTVRP_CONT,4418.0,1,0.000141300,0.000141300,0.0000,1,0.006386
Instances/Instances 1/tz6117_01.gt,6116,100.0,86400.0,PTVRP_CONT,12551427.0,953,0.103436399,0.103436399,0.0000,1,0.114005
Instances/Instances 1/tz6117_02.gt,6116,200.0,86400.0,PTVRP_CONT,6569900.0,668,0.093043200,0.093043200,0.0000,1,0.103351
Instances/Instances 1/tz6117_03.gt,6116,500.0,86400.0,PTVRP_CONT,2774760.0,313,0.088603300,0.088603300,0.0000,1,0.098639
Instances/Instances 1/tz6117_04.gt,6116,1000.0,86400.0,PTVRP_CONT,1571641.0,163,0.088959000,0.088959000,0.0000,1,0.099257
Instances/Instances 1/tz6117_05.gt,6116,2000.0,86400.0,PTVRP_CONT,952249.0,80,0.091742700,0.091742700,0.0000,1,0.102536
Instances/Instances 1/tz6117_06.gt,6116,5000.0,86400.0,PTVRP_CONT,619718.0,33,0.091416700,0.091416700,0.0000,1,0.103197
Instances/Instances 1/tz6117_07.gt,6116,10000.0,86400.0,PTVRP_CONT,499588.0,18,0.091388299,0.091388299,0.0000,1,0.106767
Instances/Instances 1/tz6117_08.gt,6116,20000.0,86400.0,PTVRP_CONT,441005.0,9,0.093745200,0.093745200,0.0000,1,0.106587
Instances/Instances 1/tz6117_09.gt,6116,50000.0,86400.0,PTVRP_CONT,422925.0,6,0.095422200,0.095422200,0.0000,1,0.107309
Instances/Instances 1/tz6117_10.gt,6116,100000.0,86400.0,PTVRP_CONT,422925.0,6,0.093398400,0.093398400,0.0000,1,0.10562
Instances/Instances 1/u1060_01.gt,1059,100.0,86400.0,PTVRP_CONT,2929446.0,220,0.002695100,0.002695100,0.0000,1,0.009782
Instances/Instances 1/u1060_02.gt,1059,200.0,86400.0,PTVRP_CONT,1537507.0,130,0.003353400,0.003353400,0.0000,1,0.011458
Instances/Instances 1/u1060_03.gt,1059,500.0,86400.0,PTVRP_CONT,729871.0,59,0.002710300,0.002710300,0.0000,1,0.009123
Instances/Instances 1/u1060_04.gt,1059,1000.0,86400.0,PTVRP_CONT,469462.0,29,0.002745700,0.002745700,0.0000,1,0.011665
Instances/Instances 1/u1060_05.gt,1059,2000.0,86400.0,PTVRP_CONT,342351.0,15,0.002790700,0.002790700,0.0000,1,0.011001
Instances/Instances 1/u1060_06.gt,1059,5000.0,86400.0,PTVRP_CONT,262408.0,7,0.003041700,0.003041700,0.0000,1,0.012674
Instances/Instances 1/u1060_07.gt,1059,10000.0,86400.0,PTVRP_CONT,245381.0,4,0.002984000,0.002984000,0.0000,1,0.015776
Instances/Instances 1/u1060_08.gt,1059,20000.0,86400.0,PTVRP_CONT,245381.0,4,0.002940800,0.002940800,0.0000,1,0.012864
Instances/Instances 1/u1060_09.gt,1059,50000.0,86400.0,PTVRP_CONT,245381.0,4,0.002909800,0.002909800,0.0000,1,0.012084
Instances/Instances 1/u1060_10.gt,1059,100000.0,86400.0,PTVRP_CONT,245381.0,4,0.002964100,0.002964100,0.0000,1,0.011628
Instances/Instances 1/u1432_01.gt,1431,100.0,86400.0,PTVRP_CONT,1689644.0,295,0.005792400,0.005792400,0.0000,1,0.014419
Instances/Instances 1/u1432_02.gt,1431,200.0,86400.0,PTVRP_CONT,930390.0,189,0.005216000,0.005216000,0.0000,1,0.013044
Instances/Instances 1/u1432_03.gt,1431,500.0,86400.0,PTVRP_CONT,439256.0,76,0.005009800,0.005009800,0.0000,1,0.012047
Instances/Instances 1/u1432_04.gt,1431,1000.0,86400.0,PTVRP_CONT,289266.0,39,0.005030400,0.005030400,0.0000,1,0.012563
Instances/Instances 1/u1432_05.gt,1431,2000.0,86400.0,PTVRP_CONT,217969.0,21,0.005464700,0.005464700,0.0000,1,0.012667
Instances/Instances 1/u1432_06.gt,1431,5000.0,86400.0,PTVRP_CONT,173513.0,9,0.005260100,0.005260100,0.0000,1,0.011733
Instances/Instances 1/u1432_07.gt,1431,10000.0,86400.0,PTVRP_CONT,163339.0,5,0.005169600,0.005169600,0.0000,1,0.011672
Instances/Instances 1/u1432_08.gt,1431,20000.0,86400.0,PTVRP_CONT,157856.0,3,0.005550800,0.005550800,0.0000,1,0.01292
Instances/Instances 1/u1432_09.gt,1431,50000.0,86400.0,PTVRP_CONT,157856.0,3,0.005912300,0.005912300,0.0000,1,0.012471
Instances/Instances 1/u1432_10.gt,1431,100000.0,86400.0,PTVRP_CONT,157856.0,3,0.005639900,0.005639900,0.0000,1,0.011848
Instances/Instances 1/u159_01.gt,158,100.0,86400.0,PTVRP_CONT,235559.0,43,0.000082600,0.000082600,0.0000,1,0.006041
Instances/Instances 1/u159_02.gt,158,200.0,86400.0,PTVRP_CONT,124624.0,21,0.000082800,0.000082800,0.0000,1,0.005391
Instances/Instances 1/u159_03.gt,158,500.0,86400.0,PTVRP_CONT,70246.0,9,0.000081300,0.000081300,0.0000,1,0.007359
Instances/Instances 1/u159_04.gt,158,1000.0,86400.0,PTVRP_CONT,55116.0,4,0.000076800,0.000076800,0.0000,1,0.005202
Instances/Instances 1/u159_05.gt,158,2000.0,86400.0,PTVRP_CONT,49328.0,3,0.000075800,0.000075800,0.0000,1,0.006526
Instances/Instances 1/u159_06.gt,158,5000.0,86400.0,PTVRP_CONT,47792.0,1,0.000070800,0.000070800,0.0000,1,0.005194
Instances/Instances 1/u159_07.gt,158,10000.0,86400.0,PTVRP_CONT,47792.0,1,0.000070900,0.000070900,0.0000,1,0.005622
Instances/Instances 1/u159_08.gt,158,20000.0,86400.0,PTVRP_CONT,47792.0,1,0.000070900,0.000070900,0.0000,1,0.005731
Instances/Instances 1/u159_09.gt,158,50000.0,86400.0,PTVRP_CONT,47792.0,1,0.000071000,0.000071000,0.0000,1,0.005127
Instances/Instances 1/u159_10.gt,158,100000.0,86400.0,PTVRP_CONT,47792.0,1,0.000070700,0.000070700,0.0000,1,0.004921
Instances/Instances 1/u1817_01.gt,1816,100.0,86400.0,PTVRP_CONT,908323.0,349,0.008254300,0.008254300,0.0000,1,0.01473
Instances/Instances 1/u1817_02.gt,1816,200.0,86400.0,PTVRP_CONT,471171.0,234,0.008319900,0.008319900,0.0000,1,0.01571
Instances/Instances 1/u1817_03.gt,1816,500.0,86400.0,PTVRP_CONT,214917.0,97,0.008262100,0.008262100,0.0000,1,0.016255
Instances/Instances 1/u1817_04.gt,1816,1000.0,86400.0,PTVRP_CONT,136524.0,50,0.008358500,0.008358500,0.0000,1,0.015849
Instances/Instances 1/u1817_05.gt,1816,2000.0,86400.0,PTVRP_CONT,94826.0,26,0.008396200,0.008396200,0.0000,1,0.015534
Instances/Instances 1/u1817_06.gt,1816,5000.0,86400.0,PTVRP_CONT,71523.0,11,0.008666400,0.008666400,0.0000,1,0.015968
Instances/Instances 1/u1817_07.gt,1816,10000.0,86400.0,PTVRP_CONT,64609.0,6,0.008975800,0.008975800,0.0000,1,0.017255
Instances/Instances 1/u1817_08.gt,1816,20000.0,86400.0,PTVRP_CONT,61253.0,3,0.009199600,0.009199600,0.0000,1,0.018263
Instances/Instances 1/u1817_09.gt,1816,50000.0,86400.0,PTVRP_CONT,60413.0,2,0.009066200,0.009066200,0.0000,1,0.017412
Instances/Instances 1/u1817_10.gt,1816,100000.0,86400.0,PTVRP_CONT,60413.0,2,0.009134000,0.009134000,0.0000,1,0.018023
Instances/Instances 1/u2152_01.gt,2151,100.0,86400.0,PTVRP_CONT,1077821.0,423,0.011714700,0.011714700,0.0000,1,0.020212
Instances/Instances 1/u2152_02.gt,2151,200.0,86400.0,PTVRP_CONT,564444.0,269,0.011644400,0.011644400,0.0000,1,0.021058
Instances/Instances 1/u2152_03.gt,2151,500.0,86400.0,PTVRP_CONT,256154.0,117,0.011646100,0.011646100,0.0000,1,0.022623
Instances/Instances 1/u2152_04.gt,2151,1000.0,86400.0,PTVRP_CONT,157044.0,58,0.011650400,0.011650400,0.0000,1,0.020845
Instances/Instances 1/u2152_05.gt,2151,2000.0,86400.0,PTVRP_CONT,108100.0,29,0.011732600,0.011732600,0.0000,1,0.01958
Instances/Instances 1/u2152_06.gt,2151,5000.0,86400.0,PTVRP_CONT,80318.0,13,0.012004200,0.012004200,0.0000,1,0.022255
Instances/Instances 1/u2152_07.gt,2151,10000.0,86400.0,PTVRP_CONT,71831.0,7,0.016222000,0.016222000,0.0000,1,0.026426
Instances/Instances 1/u2152_08.gt,2151,20000.0,86400.0,PTVRP_CONT,68776.0,5,0.012784200,0.012784200,0.0000,1,0.022078
Instances/Instances 1/u2152_09.gt,2151,50000.0,86400.0,PTVRP_CONT,67272.0,2,0.012846400,0.012846400,0.0000,1,0.021457
Instances/Instances 1/u2152_10.gt,2151,100000.0,86400.0,PTVRP_CONT,67272.0,2,0.013289100,0.013289100,0.0000,1,0.022704
Instances/Instances 1/u2319_01.gt,2318,100.0,86400.0,PTVRP_CONT,2655554.0,494,0.012752600,0.012752600,0.0000,1,0.02342
Instances/Instances 1/u2319_02.gt,2318,200.0,86400.0,PTVRP_CONT,1410729.0,307,0.012983700,0.012983700,0.0000,1,0.023778
Instances/Instances 1/u2319_03.gt,2318,500.0,86400.0,PTVRP_CONT,676171.0,126,0.012816300,0.012816300,0.0000,1,0.024006
Instances/Instances 1/u2319_04.gt,2318,1000.0,86400.0,PTVRP_CONT,444889.0,65,0.013248200,0.013248200,0.0000,1,0.02457
Instances/Instances 1/u2319_05.gt,2318,2000.0,86400.0,PTVRP_CONT,328171.0,32,0.012945300,0.012945300,0.0000,1,0.025177
Instances/Instances 1/u2319_06.gt,2318,5000.0,86400.0,PTVRP_CONT,267819.0,14,0.013393800,0.013393800,0.0000,1,0.024017
Instances/Instances 1/u2319_07.gt,2318,10000.0,86400.0,PTVRP_CONT,250126.0,8,0.013304400,0.013304400,0.0000,1,0.021443
Instances/Instances 1/u2319_08.gt,2318,20000.0,86400.0,PTVRP_CONT,243057.0,4,0.013993800,0.013993800,0.0000,1,0.025549
Instances/Instances 1/u2319_09.gt,2318,50000.0,86400.0,PTVRP_CONT,243057.0,4,0.014247900,0.014247900,0.0000,1,0.025434
Instances/Instances 1/u2319_10.gt,2318,100000.0,86400.0,PTVRP_CONT,243057.0,4,0.018136100,0.018136100,0.0000,1,0.02905
Instances/Instances 1/u574_01.gt,573,100.0,86400.0,PTVRP_CONT,315211.0,137,0.000934500,0.000934500,0.0000,1,0.01132
Instances/Instances 1/u574_02.gt,573,200.0,86400.0,PTVRP_CONT,170127.0,80,0.000936400,0.000936400,0.0000,1,0.010371
Instances/Instances 1/u574_03.gt,573,500.0,86400.0,PTVRP_CONT,84338.0,32,0.000916100,0.000916100,0.0000,1,0.009918
Instances/Instances 1/u574_04.gt,573,1000.0,86400.0,PTVRP_CONT,59257.0,16,0.000898600,0.000898600,0.0000,1,0.010061
Instances/Instances 1/u574_05.gt,573,2000.0,86400.0,PTVRP_CONT,47781.0,9,0.000963800,0.000963800,0.0000,1,0.011485
Instances/Instances 1/u574_06.gt,573,5000.0,86400.0,PTVRP_CONT,41906.0,4,0.000921900,0.000921900,0.0000,1,0.010065
Instances/Instances 1/u574_07.gt,573,10000.0,86400.0,PTVRP_CONT,40177.0,2,0.000931700,0.000931700,0.0000,1,0.009768
Instances/Instances 1/u574_08.gt,573,20000.0,86400.0,PTVRP_CONT,40130.0,1,0.000912500,0.000912500,0.0000,1,0.00961
Instances/Instances 1/u574_09.gt,573,50000.0,86400.0,PTVRP_CONT,40130.0,1,0.000916100,0.000916100,0.0000,1,0.009245
Instances/Instances 1/u574_10.gt,573,100000.0,86400.0,PTVRP_CONT,40130.0,1,0.000919200,0.000919200,0.0000,1,0.009825
Instances/Instances 1/u724_01.gt,723,100.0,86400.0,PTVRP_CONT,394021.0,162,0.001406400,0.001406400,0.0000,1,0.00882
Instances/Instances 1/u724_02.gt,723,200.0,86400.0,PTVRP_CONT,211719.0,99,0.001414000,0.001414000,0.0000,1,0.01026
Instances/Instances 1/u724_03.gt,723,500.0,86400.0,PTVRP_CONT,103492.0,38,0.001434600,0.001434600,0.0000,1,0.009293
Instances/Instances 1/u724_04.gt,723,1000.0,86400.0,PTVRP_CONT,72273.0,21,0.001456600,0.001456600,0.0000,1,0.014185
Instances/Instances 1/u724_05.gt,723,2000.0,86400.0,PTVRP_CONT,55174.0,11,0.001417500,0.001417500,0.0000,1,0.009104
Instances/Instances 1/u724_06.gt,723,5000.0,86400.0,PTVRP_CONT,46182.0,5,0.001526000,0.001526000,0.0000,1,0.009119
Instances/Instances 1/u724_07.gt,723,10000.0,86400.0,PTVRP_CONT,45169.0,3,0.001469200,0.001469200,0.0000,1,0.00791
Instances/Instances 1/u724_08.gt,723,20000.0,86400.0,PTVRP_CONT,44989.0,1,0.001600400,0.001600400,0.0000,1,0.00793
Instances/Instances 1/u724_09.gt,723,50000.0,86400.0,PTVRP_CONT,44989.0,1,0.001476600,0.001476600,0.0000,1,0.008298
Instances/Instances 1/u724_10.gt,723,100000.0,86400.0,PTVRP_CONT,44989.0,1,0.001568600,0.001568600,0.0000,1,0.007715
Instances/Instances 1/usa13509_01.gt,13508,100.0,86400.0,PTVRP_CONT,NO SOLUTION,,0.451190900,0.451190900,0.0000,1,0.468648
Instances/Instances 1/usa13509_02.gt,13508,200.0,86400.0,PTVRP_CONT,NO SOLUTION,,0.427947299,0.427947299,0.0000,1,0.446879
Instances/Instances 1/usa13509_03.gt,13508,500.0,86400.0,PTVRP_CONT,NO SOLUTION,,0.422957598,0.422957598,0.0000,1,0.440306
Instances/Instances 1/usa13509_04.gt,13508,1000.0,86400.0,PTVRP_CONT,NO SOLUTION,,0.425612598,0.425612598,0.0000,1,0.444631
Instances/Instances 1/usa13509_05.gt,13508,2000.0,86400.0,PTVRP_CONT,NO SOLUTION,,0.503061698,0.503061698,0.0000,1,0.521663
Instances/Instances 1/usa13509_06.gt,13508,5000.0,86400.0,PTVRP_CONT,NO SOLUTION,,0.450621098,0.450621098,0.0000,1,0.467158
Instances/Instances 1/usa13509_07.gt,13508,10000.0,86400.0,PTVRP_CONT,NO SOLUTION,,0.425939398,0.425939398,0.0000,1,0.440677
Instances/Instances 1/usa13509_08.gt,13508,20000.0,86400.0,PTVRP_CONT,NO SOLUTION,,0.432578898,0.432578898,0.0000,1,0.452753
Instances/Instances 1/usa13509_09.gt,13508,50000.0,86400.0,PTVRP_CONT,NO SOLUTION,,0.452240698,0.452240698,0.0000,1,0.470115
Instances/Instances 1/usa13509_10.gt,13508,100000.0,86400.0,PTVRP_CONT,NO SOLUTION,,0.512356098,0.512356098,0.0000,1,0.526597
Instances/Instances 1/uy734_01.gt,733,100.0,86400.0,PTVRP_CONT,732294.0,158,0.001403300,0.001403300,0.0000,1,0.008824
Instances/Instances 1/uy734_02.gt,733,200.0,86400.0,PTVRP_CONT,411705.0,99,0.001472000,0.001472000,0.0000,1,0.010787
Instances/Instances 1/uy734_03.gt,733,500.0,86400.0,PTVRP_CONT,199476.0,40,0.001434400,0.001434400,0.0000,1,0.008779
Instances/Instances 1/uy734_04.gt,733,1000.0,86400.0,PTVRP_CONT,136400.0,21,0.001405300,0.001405300,0.0000,1,0.009792
Instances/Instances 1/uy734_05.gt,733,2000.0,86400.0,PTVRP_CONT,105514.0,11,0.001527500,0.001527500,0.0000,1,0.009943
Instances/Instances 1/uy734_06.gt,733,5000.0,86400.0,PTVRP_CONT,90227.0,5,0.001460800,0.001460800,0.0000,1,0.008542
Instances/Instances 1/uy734_07.gt,733,10000.0,86400.0,PTVRP_CONT,85530.0,3,0.001519100,0.001519100,0.0000,1,0.009274
Instances/Instances 1/uy734_08.gt,733,20000.0,86400.0,PTVRP_CONT,85164.0,1,0.001532300,0.001532300,0.0000,1,0.008564
Instances/Instances 1/uy734_09.gt,733,50000.0,86400.0,PTVRP_CONT,85164.0,1,0.001495000,0.001495000,0.0000,1,0.008643
Instances/Instances 1/uy734_10.gt,733,100000.0,86400.0,PTVRP_CONT,85164.0,1,0.001535500,0.001535500,0.0000,1,0.008708
Instances/Instances 1/vm1084_01.gt,1083,100.0,86400.0,PTVRP_CONT,3726449.0,217,0.002830300,0.002830300,0.0000,1,0.010311
Instances/Instances 1/vm1084_02.gt,1083,200.0,86400.0,PTVRP_CONT,1932716.0,130,0.002879100,0.002879100,0.0000,1,0.01083
Instances/Instances 1/vm1084_03.gt,1083,500.0,86400.0,PTVRP_CONT,881795.0,59,0.002922900,0.002922900,0.0000,1,0.010636
Instances/Instances 1/vm1084_04.gt,1083,1000.0,86400.0,PTVRP_CONT,538552.0,29,0.002909900,0.002909900,0.0000,1,0.009642
Instances/Instances 1/vm1084_05.gt,1083,2000.0,86400.0,PTVRP_CONT,381674.0,16,0.002956600,0.002956600,0.0000,1,0.010639
Instances/Instances 1/vm1084_06.gt,1083,5000.0,86400.0,PTVRP_CONT,285395.0,7,0.002952200,0.002952200,0.0000,1,0.009571
Instances/Instances 1/vm1084_07.gt,1083,10000.0,86400.0,PTVRP_CONT,260270.0,4,0.003015000,0.003015000,0.0000,1,0.009938
Instances/Instances 1/vm1084_08.gt,1083,20000.0,86400.0,PTVRP_CONT,260270.0,4,0.003166200,0.003166200,0.0000,1,0.009693
Instances/Instances 1/vm1084_09.gt,1083,50000.0,86400.0,PTVRP_CONT,260270.0,4,0.003022800,0.003022800,0.0000,1,0.009837
Instances/Instances 1/vm1084_10.gt,1083,100000.0,86400.0,PTVRP_CONT,260270.0,4,0.003164300,0.003164300,0.0000,1,0.010718
Instances/Instances 1/vm1748_01.gt,1747,100.0,86400.0,PTVRP_CONT,6327619.0,317,0.007374300,0.007374300,0.0000,1,0.0146
Instances/Instances 1/vm1748_02.gt,1747,200.0,86400.0,PTVRP_CONT,3280108.0,216,0.007587800,0.007587800,0.0000,1,0.014693
Instances/Instances 1/vm1748_03.gt,1747,500.0,86400.0,PTVRP_CONT,1460856.0,92,0.008551600,0.008551600,0.0000,1,0.015614
Instances/Instances 1/vm1748_04.gt,1747,1000.0,86400.0,PTVRP_CONT,890115.0,49,0.007640399,0.007640399,0.0000,1,0.014469
Instances/Instances 1/vm1748_05.gt,1747,2000.0,86400.0,PTVRP_CONT,609402.0,24,0.007384900,0.007384900,0.0000,1,0.014175
Instances/Instances 1/vm1748_06.gt,1747,5000.0,86400.0,PTVRP_CONT,428261.0,10,0.007479800,0.007479800,0.0000,1,0.014172
Instances/Instances 1/vm1748_07.gt,1747,10000.0,86400.0,PTVRP_CONT,376320.0,6,0.007693800,0.007693800,0.0000,1,0.014753
Instances/Instances 1/vm1748_08.gt,1747,20000.0,86400.0,PTVRP_CONT,370285.0,5,0.007724900,0.007724900,0.0000,1,0.015468
Instances/Instances 1/vm1748_09.gt,1747,50000.0,86400.0,PTVRP_CONT,370285.0,5,0.007677900,0.007677900,0.0000,1,0.014756
Instances/Instances 1/vm1748_10.gt,1747,100000.0,86400.0,PTVRP_CONT,370285.0,5,0.007694000,0.007694000,0.0000,1,0.013896
Instances/Instances 1/vm22775_01.gt,22774,100.0,86400.0,PTVRP_CONT,54441730.0,2712,1.232883394,1.232883394,0.0000,1,1.25249
Instances/Instances 1/vm22775_02.gt,22774,200.0,86400.0,PTVRP_CONT,27584502.0,1942,1.247479995,1.247479995,0.0000,1,1.273302
Instances/Instances 1/vm22775_03.gt,22774,500.0,86400.0,PTVRP_CONT,11229261.0,1107,1.262290695,1.262290695,0.0000,1,1.285116
Instances/Instances 1/vm22775_04.gt,22774,1000.0,86400.0,PTVRP_CONT,5855160.0,588,1.205736005,1.205736005,0.0000,1,1.228863
Instances/Instances 1/vm22775_05.gt,22774,2000.0,86400.0,PTVRP_CONT,3205006.0,296,1.226200097,1.226200097,0.0000,1,1.253828
Instances/Instances 1/vm22775_06.gt,22774,5000.0,86400.0,PTVRP_CONT,1611192.0,118,1.198072800,1.198072800,0.0000,1,1.223927
Instances/Instances 1/vm22775_07.gt,22774,10000.0,86400.0,PTVRP_CONT,1085937.0,61,1.214119798,1.214119798,0.0000,1,1.243463
Instances/Instances 1/vm22775_08.gt,22774,20000.0,86400.0,PTVRP_CONT,824494.0,30,1.224041097,1.224041097,0.0000,1,1.248395
Instances/Instances 1/vm22775_09.gt,22774,50000.0,86400.0,PTVRP_CONT,667934.0,13,1.236388196,1.236388196,0.0000,1,1.262205
Instances/Instances 1/vm22775_10.gt,22774,100000.0,86400.0,PTVRP_CONT,630951.0,8,1.264662575,1.264662575,0.0000,1,1.291909
Instances/Instances 1/wi29_01.gt,28,100.0,86400.0,PTVRP_CONT,63832.0,8,0.000005600,0.000005600,0.0000,1,0.008772
Instances/Instances 1/wi29_02.gt,28,200.0,86400.0,PTVRP_CONT,43652.0,5,0.000004500,0.000004500,0.0000,1,0.007181
Instances/Instances 1/wi29_03.gt,28,500.0,86400.0,PTVRP_CONT,34911.0,3,0.000003600,0.000003600,0.0000,1,0.006929
Instances/Instances 1/wi29_04.gt,28,1000.0,86400.0,PTVRP_CONT,33110.0,1,0.000003000,0.000003000,0.0000,1,0.00717
Instances/Instances 1/wi29_05.gt,28,2000.0,86400.0,PTVRP_CONT,33110.0,1,0.000003000,0.000003000,0.0000,1,0.006928
Instances/Instances 1/wi29_06.gt,28,5000.0,86400.0,PTVRP_CONT,33110.0,1,0.000003000,0.000003000,0.0000,1,0.006009
Instances/Instances 1/wi29_07.gt,28,10000.0,86400.0,PTVRP_CONT,33110.0,1,0.000003200,0.000003200,0.0000,1,0.007679
Instances/Instances 1/wi29_08.gt,28,20000.0,86400.0,PTVRP_CONT,33110.0,1,0.000003400,0.000003400,0.0000,1,0.007628
Instances/Instances 1/wi29_09.gt,28,50000.0,86400.0,PTVRP_CONT,33110.0,1,0.000003200,0.000003200,0.0000,1,0.006915
Instances/Instances 1/wi29_10.gt,28,100000.0,86400.0,PTVRP_CONT,33110.0,1,0.000003200,0.000003200,0.0000,1,0.006317
Instances/Instances 1/ym7663_01.gt,7662,100.0,86400.0,PTVRP_CONT,7752216.0,1133,0.137309100,0.137309100,0.0000,1,0.149601
Instances/Instances 1/ym7663_02.gt,7662,200.0,86400.0,PTVRP_CONT,4018081.0,839,0.137299600,0.137299600,0.0000,1,0.151221
Instances/Instances 1/ym7663_03.gt,7662,500.0,86400.0,PTVRP_CONT,1695913.0,401,0.137413501,0.137413501,0.0000,1,0.150128
Instances/Instances 1/ym7663_04.gt,7662,1000.0,86400.0,PTVRP_CONT,953947.0,201,0.135907500,0.135907500,0.0000,1,0.150234
Instances/Instances 1/ym7663_05.gt,7662,2000.0,86400.0,PTVRP_CONT,584538.0,101,0.136644101,0.136644101,0.0000,1,0.149875
Instances/Instances 1/ym7663_06.gt,7662,5000.0,86400.0,PTVRP_CONT,374947.0,41,0.141804000,0.141804000,0.0000,1,0.156297
Instances/Instances 1/ym7663_07.gt,7662,10000.0,86400.0,PTVRP_CONT,306692.0,22,0.143752901,0.143752901,0.0000,1,0.157645
Instances/Instances 1/ym7663_08.gt,7662,20000.0,86400.0,PTVRP_CONT,274088.0,11,0.146460100,0.146460100,0.0000,1,0.159868
Instances/Instances 1/ym7663_09.gt,7662,50000.0,86400.0,PTVRP_CONT,257285.0,5,0.147355401,0.147355401,0.0000,1,0.160225
Instances/Instances 1/ym7663_10.gt,7662,100000.0,86400.0,PTVRP_CONT,255251.0,4,0.152700100,0.152700100,0.0000,1,0.166162
Instances/Instances 1/zi929_01.gt,928,100.0,86400.0,PTVRP_CONT,1109222.0,162,0.002199800,0.002199800,0.0000,1,0.011522
Instances/Instances 1/zi929_02.gt,928,200.0,86400.0,PTVRP_CONT,570785.0,108,0.002286300,0.002286300,0.0000,1,0.010747
Instances/Instances 1/zi929_03.gt,928,500.0,86400.0,PTVRP_CONT,275845.0,50,0.002186900,0.002186900,0.0000,1,0.008745
Instances/Instances 1/zi929_04.gt,928,1000.0,86400.0,PTVRP_CONT,181723.0,26,0.002135700,0.002135700,0.0000,1,0.009419
Instances/Instances 1/zi929_05.gt,928,2000.0,86400.0,PTVRP_CONT,137565.0,14,0.002210900,0.002210900,0.0000,1,0.009525
Instances/Instances 1/zi929_06.gt,928,5000.0,86400.0,PTVRP_CONT,111798.0,6,0.002290200,0.002290200,0.0000,1,0.010848
Instances/Instances 1/zi929_07.gt,928,10000.0,86400.0,PTVRP_CONT,101349.0,3,0.002299300,0.002299300,0.0000,1,0.011463
Instances/Instances 1/zi929_08.gt,928,20000.0,86400.0,PTVRP_CONT,100905.0,2,0.002394800,0.002394800,0.0000,1,0.010428
Instances/Instances 1/zi929_09.gt,928,50000.0,86400.0,PTVRP_CONT,100905.0,2,0.002388100,0.002388100,0.0000,1,0.010745
Instances/Instances 1/zi929_10.gt,928,100000.0,86400.0,PTVRP_CONT,100905.0,2,0.002393300,0.002393300,0.0000,1,0.011394
Instances/Instances 2/a280_01.gt,279,20.0,86400.0,PTVRP_CONT,73065.0,133,0.000222500,0.000222500,0.0000,1,0.007727
Instances/Instances 2/a280_02.gt,279,40.0,86400.0,PTVRP_CONT,36676.0,110,0.000253500,0.000253500,0.0000,1,0.007037
Instances/Instances 2/a280_03.gt,279,100.0,86400.0,PTVRP_CONT,15828.0,68,0.000295000,0.000295000,0.0000,1,0.006355
Instances/Instances 2/a280_04.gt,279,200.0,86400.0,PTVRP_CONT,9183.0,40,0.000273900,0.000273900,0.0000,1,0.006227
Instances/Instances 2/a280_05.gt,279,400.0,86400.0,PTVRP_CONT,5637.0,19,0.000251900,0.000251900,0.0000,1,0.006424
Instances/Instances 2/a280_06.gt,279,1000.0,86400.0,PTVRP_CONT,3760.0,9,0.000235700,0.000235700,0.0000,1,0.007631
Instances/Instances 2/a280_07.gt,279,2000.0,86400.0,PTVRP_CONT,3205.0,5,0.000227300,0.000227300,0.0000,1,0.007658
Instances/Instances 2/a280_08.gt,279,4000.0,86400.0,PTVRP_CONT,2961.0,3,0.000222300,0.000222300,0.0000,1,0.006973
Instances/Instances 2/a280_09.gt,279,10000.0,86400.0,PTVRP_CONT,2835.0,1,0.000217800,0.000217800,0.0000,1,0.008307
Instances/Instances 2/a280_10.gt,279,20000.0,86400.0,PTVRP_CONT,2835.0,1,0.000217800,0.000217800,0.0000,1,0.006727
Instances/Instances 2/ar9152_01.gt,9151,20.0,86400.0,PTVRP_CONT,NO SOLUTION,,0.193064300,0.193064300,0.0000,1,0.205272
Instances/Instances 2/ar9152_02.gt,9151,40.0,86400.0,PTVRP_CONT,NO SOLUTION,,0.193439101,0.193439101,0.0000,1,0.209821
Instances/Instances 2/ar9152_03.gt,9151,100.0,86400.0,PTVRP_CONT,28715905.0,1460,0.204648901,0.204648901,0.0000,1,0.219593
Instances/Instances 2/ar9152_04.gt,9151,200.0,86400.0,PTVRP_CONT,14651277.0,987,0.195519600,0.195519600,0.0000,1,0.210074
Instances/Instances 2/ar9152_05.gt,9151,400.0,86400.0,PTVRP_CONT,7705355.0,580,0.194508701,0.194508701,0.0000,1,0.211788
Instances/Instances 2/ar9152_06.gt,9151,1000.0,86400.0,PTVRP_CONT,3501476.0,242,0.195425201,0.195425201,0.0000,1,0.210004
Instances/Instances 2/ar9152_07.gt,9151,2000.0,86400.0,PTVRP_CONT,2123295.0,122,0.195446400,0.195446400,0.0000,1,0.209387
Instances/Instances 2/ar9152_08.gt,9151,4000.0,86400.0,PTVRP_CONT,1455041.0,61,0.191782601,0.191782601,0.0000,1,0.207085
Instances/Instances 2/ar9152_09.gt,9151,10000.0,86400.0,PTVRP_CONT,1091432.0,27,0.199293601,0.199293601,0.0000,1,0.213438
Instances/Instances 2/ar9152_10.gt,9151,20000.0,86400.0,PTVRP_CONT,988353.0,15,0.193963800,0.193963800,0.0000,1,0.20931
Instances/Instances 2/berlin52_01.gt,51,20.0,86400.0,PTVRP_CONT,51496.0,35,0.000011600,0.000011600,0.0000,1,0.007126
Instances/Instances 2/berlin52_02.gt,51,40.0,86400.0,PTVRP_CONT,31750.0,28,0.000011800,0.000011800,0.0000,1,0.006478
Instances/Instances 2/berlin52_03.gt,51,100.0,86400.0,PTVRP_CONT,16839.0,17,0.000013000,0.000013000,0.0000,1,0.007106
Instances/Instances 2/berlin52_04.gt,51,200.0,86400.0,PTVRP_CONT,11555.0,9,0.000023700,0.000023700,0.0000,1,0.00657
Instances/Instances 2/berlin52_05.gt,51,400.0,86400.0,PTVRP_CONT,8782.0,4,0.000009900,0.000009900,0.0000,1,0.007517
Instances/Instances 2/berlin52_06.gt,51,1000.0,86400.0,PTVRP_CONT,7852.0,2,0.000023000,0.000023000,0.0000,1,0.007553
Instances/Instances 2/berlin52_07.gt,51,2000.0,86400.0,PTVRP_CONT,7803.0,1,0.000020900,0.000020900,0.0000,1,0.007119
Instances/Instances 2/berlin52_08.gt,51,4000.0,86400.0,PTVRP_CONT,7803.0,1,0.000021300,0.000021300,0.0000,1,0.006683
Instances/Instances 2/berlin52_09.gt,51,10000.0,86400.0,PTVRP_CONT,7803.0,1,0.000008300,0.000008300,0.0000,1,0.007258
Instances/Instances 2/berlin52_10.gt,51,20000.0,86400.0,PTVRP_CONT,7803.0,1,0.000008400,0.000008400,0.0000,1,0.006365
Instances/Instances 2/bier127_01.gt,126,20.0,86400.0,PTVRP_CONT,1285131.0,74,0.000045700,0.000045700,0.0000,1,0.006553
Instances/Instances 2/bier127_02.gt,126,40.0,86400.0,PTVRP_CONT,732831.0,60,0.000047300,0.000047300,0.0000,1,0.007378
Instances/Instances 2/bier127_03.gt,126,100.0,86400.0,PTVRP_CONT,325803.0,38,0.000057100,0.000057100,0.0000,1,0.006486
Instances/Instances 2/bier127_04.gt,126,200.0,86400.0,PTVRP_CONT,217579.0,18,0.000049200,0.000049200,0.0000,1,0.006248
Instances/Instances 2/bier127_05.gt,126,400.0,86400.0,PTVRP_CONT,158074.0,10,0.000047300,0.000047300,0.0000,1,0.005336
Instances/Instances 2/bier127_06.gt,126,1000.0,86400.0,PTVRP_CONT,129911.0,4,0.000045800,0.000045800,0.0000,1,0.006194
Instances/Instances 2/bier127_07.gt,126,2000.0,86400.0,PTVRP_CONT,126048.0,2,0.000046000,0.000046000,0.0000,1,0.005795
Instances/Instances 2/bier127_08.gt,126,4000.0,86400.0,PTVRP_CONT,126048.0,2,0.000046000,0.000046000,0.0000,1,0.005819
Instances/Instances 2/bier127_09.gt,126,10000.0,86400.0,PTVRP_CONT,126048.0,2,0.000045600,0.000045600,0.0000,1,0.007161
Instances/Instances 2/bier127_10.gt,126,20000.0,86400.0,PTVRP_CONT,126048.0,2,0.000046000,0.000046000,0.0000,1,0.006851
Instances/Instances 2/bm33708_01.gt,33707,20.0,86400.0,PTVRP_CONT,266607781.0,9733,2.624517508,2.624517508,0.0000,1,2.653298
Instances/Instances 2/bm33708_02.gt,33707,40.0,86400.0,PTVRP_CONT,133799378.0,6827,2.645224238,2.645224238,0.0000,1,2.680648
Instances/Instances 2/bm33708_03.gt,33707,100.0,86400.0,PTVRP_CONT,54459415.0,4690,2.654951247,2.654951247,0.0000,1,2.684408
Instances/Instances 2/bm33708_04.gt,33707,200.0,86400.0,PTVRP_CONT,27637382.0,3325,2.635490947,2.635490947,0.0000,1,2.668548
Instances/Instances 2/bm33708_05.gt,33707,400.0,86400.0,PTVRP_CONT,14181009.0,2095,2.721110820,2.721110820,0.0000,1,2.753739
Instances/Instances 2/bm33708_06.gt,33707,1000.0,86400.0,PTVRP_CONT,6125752.0,878,2.636624011,2.636624011,0.0000,1,2.668935
Instances/Instances 2/bm33708_07.gt,33707,2000.0,86400.0,PTVRP_CONT,3525039.0,440,2.660561512,2.660561512,0.0000,1,2.696054
Instances/Instances 2/bm33708_08.gt,33707,4000.0,86400.0,PTVRP_CONT,2222571.0,220,2.678630814,2.678630814,0.0000,1,2.710891
Instances/Instances 2/bm33708_09.gt,33707,10000.0,86400.0,PTVRP_CONT,1447859.0,89,2.668987714,2.668987714,0.0000,1,2.707636
Instances/Instances 2/bm33708_10.gt,33707,20000.0,86400.0,PTVRP_CONT,1193768.0,46,2.670808014,2.670808014,0.0000,1,2.703083
Instances/Instances 2/brd14051_01.gt,14050,20.0,86400.0,PTVRP_CONT,81780746.0,4066,0.451559202,0.451559202,0.0000,1,0.470501
Instances/Instances 2/brd14051_02.gt,14050,40.0,86400.0,PTVRP_CONT,41126740.0,3140,0.461339402,0.461339402,0.0000,1,0.479096
Instances/Instances 2/brd14051_03.gt,14050,100.0,86400.0,PTVRP_CONT,16827003.0,2170,0.448444802,0.448444802,0.0000,1,0.467757
Instances/Instances 2/brd14051_04.gt,14050,200.0,86400.0,PTVRP_CONT,8657069.0,1466,0.461678901,0.461678901,0.0000,1,0.483271
Instances/Instances 2/brd14051_05.gt,14050,400.0,86400.0,PTVRP_CONT,4494231.0,902,0.447342701,0.447342701,0.0000,1,0.465994
Instances/Instances 2/brd14051_06.gt,14050,1000.0,86400.0,PTVRP_CONT,2039632.0,367,0.473092702,0.473092702,0.0000,1,0.491097
Instances/Instances 2/brd14051_07.gt,14050,2000.0,86400.0,PTVRP_CONT,1239364.0,186,0.464117002,0.464117002,0.0000,1,0.484496
Instances/Instances 2/brd14051_08.gt,14050,4000.0,86400.0,PTVRP_CONT,849957.0,94,0.465222702,0.465222702,0.0000,1,0.485101
Instances/Instances 2/brd14051_09.gt,14050,10000.0,86400.0,PTVRP_CONT,613164.0,39,0.458726202,0.458726202,0.0000,1,0.47771
Instances/Instances 2/brd14051_10.gt,14050,20000.0,86400.0,PTVRP_CONT,535031.0,20,0.457931402,0.457931402,0.0000,1,0.476694
Instances/Instances 2/ca4663_01.gt,4662,20.0,86400.0,PTVRP_CONT,NO SOLUTION,,0.048215700,0.048215700,0.0000,1,0.05995
Instances/Instances 2/ca4663_02.gt,4662,40.0,86400.0,PTVRP_CONT,NO SOLUTION,,0.050491600,0.050491600,0.0000,1,0.065085
Instances/Instances 2/ca4663_03.gt,4662,100.0,86400.0,PTVRP_CONT,NO SOLUTION,,0.049875301,0.049875301,0.0000,1,0.061351
Instances/Instances 2/ca4663_04.gt,4662,200.0,86400.0,PTVRP_CONT,NO SOLUTION,,0.050677000,0.050677000,0.0000,1,0.063698
Instances/Instances 2/ca4663_05.gt,4662,400.0,86400.0,PTVRP_CONT,NO SOLUTION,,0.053125900,0.053125900,0.0000,1,0.064439
Instances/Instances 2/ca4663_06.gt,4662,1000.0,86400.0,PTVRP_CONT,NO SOLUTION,,0.050424900,0.050424900,0.0000,1,0.063588
Instances/Instances 2/ca4663_07.gt,4662,2000.0,86400.0,PTVRP_CONT,NO SOLUTION,,0.050451101,0.050451101,0.0000,1,0.062077
Instances/Instances 2/ca4663_08.gt,4662,4000.0,86400.0,PTVRP_CONT,NO SOLUTION,,0.050612700,0.050612700,0.0000,1,0.062899
Instances/Instances 2/ca4663_09.gt,4662,10000.0,86400.0,PTVRP_CONT,NO SOLUTION,,0.050894500,0.050894500,0.0000,1,0.06181
Instances/Instances 2/ca4663_10.gt,4662,20000.0,86400.0,PTVRP_CONT,NO SOLUTION,,0.050860500,0.050860500,0.0000,1,0.063
Instances/Instances 2/ch130_01.gt,129,20.0,86400.0,PTVRP_CONT,97546.0,65,0.000053400,0.000053400,0.0000,1,0.009149
Instances/Instances 2/ch130_02.gt,129,40.0,86400.0,PTVRP_CONT,53970.0,54,0.000060200,0.000060200,0.0000,1,0.006337
Instances/Instances 2/ch130_03.gt,129,100.0,86400.0,PTVRP_CONT,23296.0,33,0.000071400,0.000071400,0.0000,1,0.00587
Instances/Instances 2/ch130_04.gt,129,200.0,86400.0,PTVRP_CONT,15027.0,21,0.000065400,0.000065400,0.0000,1,0.006055
Instances/Instances 2/ch130_05.gt,129,400.0,86400.0,PTVRP_CONT,9679.0,9,0.000057100,0.000057100,0.0000,1,0.0059
Instances/Instances 2/ch130_06.gt,129,1000.0,86400.0,PTVRP_CONT,6878.0,4,0.000051800,0.000051800,0.0000,1,0.006093
Instances/Instances 2/ch130_07.gt,129,2000.0,86400.0,PTVRP_CONT,6533.0,2,0.000049200,0.000049200,0.0000,1,0.005917
Instances/Instances 2/ch130_08.gt,129,4000.0,86400.0,PTVRP_CONT,6291.0,1,0.000047600,0.000047600,0.0000,1,0.006156
Instances/Instances 2/ch130_09.gt,129,10000.0,86400.0,PTVRP_CONT,6291.0,1,0.000047600,0.000047600,0.0000,1,0.00508
Instances/Instances 2/ch130_10.gt,129,20000.0,86400.0,PTVRP_CONT,6291.0,1,0.000056300,0.000056300,0.0000,1,0.006181
Instances/Instances 2/ch150_01.gt,149,20.0,86400.0,PTVRP_CONT,125618.0,83,0.000066200,0.000066200,0.0000,1,0.005473
Instances/Instances 2/ch150_02.gt,149,40.0,86400.0,PTVRP_CONT,57340.0,63,0.000076300,0.000076300,0.0000,1,0.005809
Instances/Instances 2/ch150_03.gt,149,100.0,86400.0,PTVRP_CONT,26227.0,40,0.000089400,0.000089400,0.0000,1,0.006128
Instances/Instances 2/ch150_04.gt,149,200.0,86400.0,PTVRP_CONT,16318.0,20,0.000084000,0.000084000,0.0000,1,0.006097
Instances/Instances 2/ch150_05.gt,149,400.0,86400.0,PTVRP_CONT,10933.0,11,0.000075500,0.000075500,0.0000,1,0.005457
Instances/Instances 2/ch150_06.gt,149,1000.0,86400.0,PTVRP_CONT,8110.0,5,0.000069000,0.000069000,0.0000,1,0.006093
Instances/Instances 2/ch150_07.gt,149,2000.0,86400.0,PTVRP_CONT,7598.0,3,0.000065800,0.000065800,0.0000,1,0.005608
Instances/Instances 2/ch150_08.gt,149,4000.0,86400.0,PTVRP_CONT,7281.0,1,0.000063000,0.000063000,0.0000,1,0.005692
Instances/Instances 2/ch150_09.gt,149,10000.0,86400.0,PTVRP_CONT,7281.0,1,0.000063100,0.000063100,0.0000,1,0.00659
Instances/Instances 2/ch150_10.gt,149,20000.0,86400.0,PTVRP_CONT,7281.0,1,0.000063000,0.000063000,0.0000,1,0.00539
Instances/Instances 2/ch71009_01.gt,71008,20.0,86400.0,PTVRP_CONT,NO SOLUTION,,11.863901085,11.863901085,0.0000,1,11.915242
Instances/Instances 2/ch71009_02.gt,71008,40.0,86400.0,PTVRP_CONT,NO SOLUTION,,11.732191855,11.732191855,0.0000,1,11.791925
Instances/Instances 2/ch71009_03.gt,71008,100.0,86400.0,PTVRP_CONT,314780250.0,10214,11.583724619,11.583724619,0.0000,1,11.687838
Instances/Instances 2/ch71009_04.gt,71008,200.0,86400.0,PTVRP_CONT,157461685.0,6636,11.477739940,11.477739940,0.0000,1,11.544625
Instances/Instances 2/ch71009_05.gt,71008,400.0,86400.0,PTVRP_CONT,80096350.0,4205,11.491512354,11.491512354,0.0000,1,11.563326
Instances/Instances 2/ch71009_06.gt,71008,1000.0,86400.0,PTVRP_CONT,34240708.0,1841,11.513774435,11.513774435,0.0000,1,11.584879
Instances/Instances 2/ch71009_07.gt,71008,2000.0,86400.0,PTVRP_CONT,19363856.0,920,11.461430139,11.461430139,0.0000,1,11.513857
Instances/Instances 2/ch71009_08.gt,71008,4000.0,86400.0,PTVRP_CONT,12256165.0,468,11.438751969,11.438751969,0.0000,1,11.508561
Instances/Instances 2/ch71009_09.gt,71008,10000.0,86400.0,PTVRP_CONT,8265565.0,205,11.521454058,11.521454058,0.0000,1,11.587971
Instances/Instances 2/ch71009_10.gt,71008,20000.0,86400.0,PTVRP_CONT,7106010.0,120,11.471727833,11.471727833,0.0000,1,11.531177
Instances/Instances 2/d1291_01.gt,1290,20.0,86400.0,PTVRP_CONT,3596492.0,488,0.003964300,0.003964300,0.0000,1,0.012958
Instances/Instances 2/d1291_02.gt,1290,40.0,86400.0,PTVRP_CONT,1680169.0,377,0.004012900,0.004012900,0.0000,1,0.01394
Instances/Instances 2/d1291_03.gt,1290,100.0,86400.0,PTVRP_CONT,734697.0,249,0.004238700,0.004238700,0.0000,1,0.014051
Instances/Instances 2/d1291_04.gt,1290,200.0,86400.0,PTVRP_CONT,377356.0,161,0.004278000,0.004278000,0.0000,1,0.013872
Instances/Instances 2/d1291_05.gt,1290,400.0,86400.0,PTVRP_CONT,210524.0,86,0.004255100,0.004255100,0.0000,1,0.013477
Instances/Instances 2/d1291_06.gt,1290,1000.0,86400.0,PTVRP_CONT,111323.0,34,0.004245200,0.004245200,0.0000,1,0.013811
Instances/Instances 2/d1291_07.gt,1290,2000.0,86400.0,PTVRP_CONT,79274.0,18,0.004336000,0.004336000,0.0000,1,0.014325
Instances/Instances 2/d1291_08.gt,1290,4000.0,86400.0,PTVRP_CONT,62440.0,10,0.004400600,0.004400600,0.0000,1,0.013486
Instances/Instances 2/d1291_09.gt,1290,10000.0,86400.0,PTVRP_CONT,56230.0,5,0.004561100,0.004561100,0.0000,1,0.013064
Instances/Instances 2/d1291_10.gt,1290,20000.0,86400.0,PTVRP_CONT,53710.0,2,0.004623600,0.004623600,0.0000,1,0.013853
Instances/Instances 2/d15112_01.gt,15111,20.0,86400.0,PTVRP_CONT,269951897.0,6657,0.519583001,0.519583001,0.0000,1,0.536098
Instances/Instances 2/d15112_02.gt,15111,40.0,86400.0,PTVRP_CONT,133937531.0,4194,0.510714701,0.510714701,0.0000,1,0.531551
Instances/Instances 2/d15112_03.gt,15111,100.0,86400.0,PTVRP_CONT,53486510.0,2389,0.523334601,0.523334601,0.0000,1,0.543215
Instances/Instances 2/d15112_04.gt,15111,200.0,86400.0,PTVRP_CONT,27562281.0,1659,0.530518801,0.530518801,0.0000,1,0.54843
Instances/Instances 2/d15112_05.gt,15111,400.0,86400.0,PTVRP_CONT,14243316.0,970,0.519575001,0.519575001,0.0000,1,0.537787
Instances/Instances 2/d15112_06.gt,15111,1000.0,86400.0,PTVRP_CONT,6567888.0,398,0.519778001,0.519778001,0.0000,1,0.538921
Instances/Instances 2/d15112_07.gt,15111,2000.0,86400.0,PTVRP_CONT,4004594.0,200,0.530314901,0.530314901,0.0000,1,0.547823
Instances/Instances 2/d15112_08.gt,15111,4000.0,86400.0,PTVRP_CONT,2765033.0,101,0.520704601,0.520704601,0.0000,1,0.537354
Instances/Instances 2/d15112_09.gt,15111,10000.0,86400.0,PTVRP_CONT,2023634.0,41,0.525034801,0.525034801,0.0000,1,0.547508
Instances/Instances 2/d15112_10.gt,15111,20000.0,86400.0,PTVRP_CONT,1833096.0,24,0.527790201,0.527790201,0.0000,1,0.54782
Instances/Instances 2/d1655_01.gt,1654,20.0,86400.0,PTVRP_CONT,4311096.0,614,0.006476900,0.006476900,0.0000,1,0.01561
Instances/Instances 2/d1655_02.gt,1654,40.0,86400.0,PTVRP_CONT,2292931.0,492,0.006486300,0.006486300,0.0000,1,0.014686
Instances/Instances 2/d1655_03.gt,1654,100.0,86400.0,PTVRP_CONT,916468.0,329,0.006816800,0.006816800,0.0000,1,0.015907
Instances/Instances 2/d1655_04.gt,1654,200.0,86400.0,PTVRP_CONT,485112.0,211,0.016999400,0.016999400,0.0000,1,0.03825
Instances/Instances 2/d1655_05.gt,1654,400.0,86400.0,PTVRP_CONT,266111.0,111,0.006898700,0.006898700,0.0000,1,0.022068
Instances/Instances 2/d1655_06.gt,1654,1000.0,86400.0,PTVRP_CONT,139820.0,45,0.006898600,0.006898600,0.0000,1,0.016875
Instances/Instances 2/d1655_07.gt,1654,2000.0,86400.0,PTVRP_CONT,99903.0,23,0.007004100,0.007004100,0.0000,1,0.017444
Instances/Instances 2/d1655_08.gt,1654,4000.0,86400.0,PTVRP_CONT,78957.0,12,0.007133900,0.007133900,0.0000,1,0.017218
Instances/Instances 2/d1655_09.gt,1654,10000.0,86400.0,PTVRP_CONT,68355.0,5,0.007301200,0.007301200,0.0000,1,0.017728
Instances/Instances 2/d1655_10.gt,1654,20000.0,86400.0,PTVRP_CONT,66176.0,3,0.007518900,0.007518900,0.0000,1,0.016512
Instances/Instances 2/d18512_01.gt,18511,20.0,86400.0,PTVRP_CONT,116490296.0,5262,0.779610702,0.779610702,0.0000,1,0.80223
Instances/Instances 2/d18512_02.gt,18511,40.0,86400.0,PTVRP_CONT,58396177.0,4138,0.799055701,0.799055701,0.0000,1,0.819997
Instances/Instances 2/d18512_03.gt,18511,100.0,86400.0,PTVRP_CONT,24156640.0,2808,0.812715000,0.812715000,0.0000,1,0.831591
Instances/Instances 2/d18512_04.gt,18511,200.0,86400.0,PTVRP_CONT,12294558.0,1964,0.786826801,0.786826801,0.0000,1,0.809542
Instances/Instances 2/d18512_05.gt,18511,400.0,86400.0,PTVRP_CONT,6379099.0,1180,0.785585300,0.785585300,0.0000,1,0.807394
Instances/Instances 2/d18512_06.gt,18511,1000.0,86400.0,PTVRP_CONT,2882003.0,485,0.789377601,0.789377601,0.0000,1,0.810969
Instances/Instances 2/d18512_07.gt,18511,2000.0,86400.0,PTVRP_CONT,1735095.0,243,0.781419200,0.781419200,0.0000,1,0.800687
Instances/Instances 2/d18512_08.gt,18511,4000.0,86400.0,PTVRP_CONT,1184655.0,123,0.784402701,0.784402701,0.0000,1,0.80797
Instances/Instances 2/d18512_09.gt,18511,10000.0,86400.0,PTVRP_CONT,851731.0,52,0.809069100,0.809069100,0.0000,1,0.828959
Instances/Instances 2/d18512_10.gt,18511,20000.0,86400.0,PTVRP_CONT,742654.0,26,0.791535501,0.791535501,0.0000,1,0.812788
Instances/Instances 2/d198_01.gt,197,20.0,86400.0,PTVRP_CONT,391429.0,92,0.000108600,0.000108600,0.0000,1,0.008624
Instances/Instances 2/d198_02.gt,197,40.0,86400.0,PTVRP_CONT,216237.0,66,0.000237200,0.000237200,0.0000,1,0.008325
Instances/Instances 2/d198_03.gt,197,100.0,86400.0,PTVRP_CONT,91745.0,51,0.000136500,0.000136500,0.0000,1,0.008071
Instances/Instances 2/d198_04.gt,197,200.0,86400.0,PTVRP_CONT,50591.0,28,0.000132900,0.000132900,0.0000,1,0.007099
Instances/Instances 2/d198_05.gt,197,400.0,86400.0,PTVRP_CONT,30885.0,15,0.000184300,0.000184300,0.0000,1,0.007585
Instances/Instances 2/d198_06.gt,197,1000.0,86400.0,PTVRP_CONT,20362.0,6,0.000161100,0.000161100,0.0000,1,0.009162
Instances/Instances 2/d198_07.gt,197,2000.0,86400.0,PTVRP_CONT,17770.0,3,0.000111700,0.000111700,0.0000,1,0.009684
Instances/Instances 2/d198_08.gt,197,4000.0,86400.0,PTVRP_CONT,17528.0,2,0.000106400,0.000106400,0.0000,1,0.009296
Instances/Instances 2/d198_09.gt,197,10000.0,86400.0,PTVRP_CONT,17527.0,1,0.000173700,0.000173700,0.0000,1,0.009683
Instances/Instances 2/d198_10.gt,197,20000.0,86400.0,PTVRP_CONT,17527.0,1,0.000117100,0.000117100,0.0000,1,0.009049
Instances/Instances 2/d2103_01.gt,2102,20.0,86400.0,PTVRP_CONT,6627894.0,737,0.010315000,0.010315000,0.0000,1,0.01963
Instances/Instances 2/d2103_02.gt,2102,40.0,86400.0,PTVRP_CONT,3352463.0,617,0.010488200,0.010488200,0.0000,1,0.0204
Instances/Instances 2/d2103_03.gt,2102,100.0,86400.0,PTVRP_CONT,1414941.0,401,0.010802200,0.010802200,0.0000,1,0.020731
Instances/Instances 2/d2103_04.gt,2102,200.0,86400.0,PTVRP_CONT,717586.0,261,0.010868300,0.010868300,0.0000,1,0.020851
Instances/Instances 2/d2103_05.gt,2102,400.0,86400.0,PTVRP_CONT,391265.0,141,0.010845900,0.010845900,0.0000,1,0.021164
Instances/Instances 2/d2103_06.gt,2102,1000.0,86400.0,PTVRP_CONT,199307.0,56,0.011005800,0.011005800,0.0000,1,0.021789
Instances/Instances 2/d2103_07.gt,2102,2000.0,86400.0,PTVRP_CONT,132609.0,32,0.011054500,0.011054500,0.0000,1,0.021548
Instances/Instances 2/d2103_08.gt,2102,4000.0,86400.0,PTVRP_CONT,106870.0,16,0.011258400,0.011258400,0.0000,1,0.020972
Instances/Instances 2/d2103_09.gt,2102,10000.0,86400.0,PTVRP_CONT,91582.0,6,0.011635600,0.011635600,0.0000,1,0.021767
Instances/Instances 2/d2103_10.gt,2102,20000.0,86400.0,PTVRP_CONT,86881.0,3,0.011874100,0.011874100,0.0000,1,0.021697
Instances/Instances 2/d493_01.gt,492,20.0,86400.0,PTVRP_CONT,971521.0,222,0.000636700,0.000636700,0.0000,1,0.008946
Instances/Instances 2/d493_02.gt,492,40.0,86400.0,PTVRP_CONT,492442.0,167,0.000639100,0.000639100,0.0000,1,0.008589
Instances/Instances 2/d493_03.gt,492,100.0,86400.0,PTVRP_CONT,219972.0,117,0.000705300,0.000705300,0.0000,1,0.007955
Instances/Instances 2/d493_04.gt,492,200.0,86400.0,PTVRP_CONT,120902.0,70,0.000697100,0.000697100,0.0000,1,0.008513
Instances/Instances 2/d493_05.gt,492,400.0,86400.0,PTVRP_CONT,76085.0,34,0.000687100,0.000687100,0.0000,1,0.007991
Instances/Instances 2/d493_06.gt,492,1000.0,86400.0,PTVRP_CONT,51097.0,16,0.000687200,0.000687200,0.0000,1,0.007637
Instances/Instances 2/d493_07.gt,492,2000.0,86400.0,PTVRP_CONT,42824.0,8,0.000686400,0.000686400,0.0000,1,0.007842
Instances/Instances 2/d493_08.gt,492,4000.0,86400.0,PTVRP_CONT,38821.0,4,0.000694200,0.000694200,0.0000,1,0.007637
Instances/Instances 2/d493_09.gt,492,10000.0,86400.0,PTVRP_CONT,37916.0,2,0.000676800,0.000676800,0.0000,1,0.007899
Instances/Instances 2/d493_10.gt,492,20000.0,86400.0,PTVRP_CONT,37734.0,1,0.000694000,0.000694000,0.0000,1,0.008146
Instances/Instances 2/d657_01.gt,656,20.0,86400.0,PTVRP_CONT,1705077.0,297,0.001046600,0.001046600,0.0000,1,0.008933
Instances/Instances 2/d657_02.gt,656,40.0,86400.0,PTVRP_CONT,904230.0,215,0.001083200,0.001083200,0.0000,1,0.009491
Instances/Instances 2/d657_03.gt,656,100.0,86400.0,PTVRP_CONT,386558.0,157,0.001189400,0.001189400,0.0000,1,0.00875
Instances/Instances 2/d657_04.gt,656,200.0,86400.0,PTVRP_CONT,214602.0,91,0.001160900,0.001160900,0.0000,1,0.009429
Instances/Instances 2/d657_05.gt,656,400.0,86400.0,PTVRP_CONT,128670.0,46,0.001193300,0.001193300,0.0000,1,0.008918
Instances/Instances 2/d657_06.gt,656,1000.0,86400.0,PTVRP_CONT,75840.0,18,0.001155600,0.001155600,0.0000,1,0.00804
Instances/Instances 2/d657_07.gt,656,2000.0,86400.0,PTVRP_CONT,61209.0,10,0.001177300,0.001177300,0.0000,1,0.008707
Instances/Instances 2/d657_08.gt,656,4000.0,86400.0,PTVRP_CONT,55332.0,6,0.001203100,0.001203100,0.0000,1,0.009132
Instances/Instances 2/d657_09.gt,656,10000.0,86400.0,PTVRP_CONT,52507.0,2,0.001219100,0.001219100,0.0000,1,0.008112
Instances/Instances 2/d657_10.gt,656,20000.0,86400.0,PTVRP_CONT,52008.0,1,0.001205400,0.001205400,0.0000,1,0.00782
Instances/Instances 2/dj38_01.gt,37,20.0,86400.0,PTVRP_CONT,66218.0,22,0.000006900,0.000006900,0.0000,1,0.006694
Instances/Instances 2/dj38_02.gt,37,40.0,86400.0,PTVRP_CONT,34694.0,19,0.000007600,0.000007600,0.0000,1,0.006048
Instances/Instances 2/dj38_03.gt,37,100.0,86400.0,PTVRP_CONT,16366.0,13,0.000007900,0.000007900,0.0000,1,0.007438
Instances/Instances 2/dj38_04.gt,37,200.0,86400.0,PTVRP_CONT,10402.0,5,0.000006400,0.000006400,0.0000,1,0.007234
Instances/Instances 2/dj38_05.gt,37,400.0,86400.0,PTVRP_CONT,8754.0,3,0.000006100,0.000006100,0.0000,1,0.007519
Instances/Instances 2/dj38_06.gt,37,1000.0,86400.0,PTVRP_CONT,8048.0,1,0.000006200,0.000006200,0.0000,1,0.00708
Instances/Instances 2/dj38_07.gt,37,2000.0,86400.0,PTVRP_CONT,8048.0,1,0.000004700,0.000004700,0.0000,1,0.006224
Instances/Instances 2/dj38_08.gt,37,4000.0,86400.0,PTVRP_CONT,8048.0,1,0.000004700,0.000004700,0.0000,1,0.007468
Instances/Instances 2/dj38_09.gt,37,10000.0,86400.0,PTVRP_CONT,8048.0,1,0.000004700,0.000004700,0.0000,1,0.006778
Instances/Instances 2/dj38_10.gt,37,20000.0,86400.0,PTVRP_CONT,8048.0,1,0.000004800,0.000004800,0.0000,1,0.00616
Instances/Instances 2/eg7146_01.gt,7145,20.0,86400.0,PTVRP_CONT,28407450.0,2097,0.117602500,0.117602500,0.0000,1,0.128754
Instances/Instances 2/eg7146_02.gt,7145,40.0,86400.0,PTVRP_CONT,14207749.0,1535,0.118811800,0.118811800,0.0000,1,0.162288
Instances/Instances 2/eg7146_03.gt,7145,100.0,86400.0,PTVRP_CONT,5892326.0,1079,0.119927800,0.119927800,0.0000,1,0.134667
Instances/Instances 2/eg7146_04.gt,7145,200.0,86400.0,PTVRP_CONT,2974089.0,749,0.119108400,0.119108400,0.0000,1,0.132876
Instances/Instances 2/eg7146_05.gt,7145,400.0,86400.0,PTVRP_CONT,1567167.0,452,0.119354600,0.119354600,0.0000,1,0.134912
Instances/Instances 2/eg7146_06.gt,7145,1000.0,86400.0,PTVRP_CONT,710511.0,185,0.118976400,0.118976400,0.0000,1,0.133547
Instances/Instances 2/eg7146_07.gt,7145,2000.0,86400.0,PTVRP_CONT,437254.0,95,0.121093601,0.121093601,0.0000,1,0.134387
Instances/Instances 2/eg7146_08.gt,7145,4000.0,86400.0,PTVRP_CONT,303674.0,48,0.120645100,0.120645100,0.0000,1,0.13682
Instances/Instances 2/eg7146_09.gt,7145,10000.0,86400.0,PTVRP_CONT,223379.0,19,0.122810100,0.122810100,0.0000,1,0.137281
Instances/Instances 2/eg7146_10.gt,7145,20000.0,86400.0,PTVRP_CONT,199939.0,10,0.128192800,0.128192800,0.0000,1,0.142922
Instances/Instances 2/ei8246_01.gt,8245,20.0,86400.0,PTVRP_CONT,28936243.0,2513,0.154019700,0.154019700,0.0000,1,0.168071
Instances/Instances 2/ei8246_02.gt,8245,40.0,86400.0,PTVRP_CONT,14622345.0,2000,0.156651301,0.156651301,0.0000,1,0.174405
Instances/Instances 2/ei8246_03.gt,8245,100.0,86400.0,PTVRP_CONT,6008994.0,1350,0.155798800,0.155798800,0.0000,1,0.170672
Instances/Instances 2/ei8246_04.gt,8245,200.0,86400.0,PTVRP_CONT,3076480.0,944,0.157041500,0.157041500,0.0000,1,0.174009
Instances/Instances 2/ei8246_05.gt,8245,400.0,86400.0,PTVRP_CONT,1614603.0,542,0.156668201,0.156668201,0.0000,1,0.171241
Instances/Instances 2/ei8246_06.gt,8245,1000.0,86400.0,PTVRP_CONT,753096.0,219,0.162114800,0.162114800,0.0000,1,0.178496
Instances/Instances 2/ei8246_07.gt,8245,2000.0,86400.0,PTVRP_CONT,473063.0,110,0.159913800,0.159913800,0.0000,1,0.17431
Instances/Instances 2/ei8246_08.gt,8245,4000.0,86400.0,PTVRP_CONT,333565.0,55,0.160229200,0.160229200,0.0000,1,0.175738
Instances/Instances 2/ei8246_09.gt,8245,10000.0,86400.0,PTVRP_CONT,253168.0,25,0.163855201,0.163855201,0.0000,1,0.180635
Instances/Instances 2/ei8246_10.gt,8245,20000.0,86400.0,PTVRP_CONT,228570.0,13,0.165627800,0.165627800,0.0000,1,0.182284
Instances/Instances 2/eil101_01.gt,100,20.0,86400.0,PTVRP_CONT,8224.0,63,0.000034000,0.000034000,0.0000,1,0.009629
Instances/Instances 2/eil101_02.gt,100,40.0,86400.0,PTVRP_CONT,3976.0,52,0.000039000,0.000039000,0.0000,1,0.00812
Instances/Instances 2/eil101_03.gt,100,100.0,86400.0,PTVRP_CONT,1933.0,28,0.000042000,0.000042000,0.0000,1,0.007814
Instances/Instances 2/eil101_04.gt,100,200.0,86400.0,PTVRP_CONT,1153.0,14,0.000037800,0.000037800,0.0000,1,0.00744
Instances/Instances 2/eil101_05.gt,100,400.0,86400.0,PTVRP_CONT,901.0,8,0.000033900,0.000033900,0.0000,1,0.006445
Instances/Instances 2/eil101_06.gt,100,1000.0,86400.0,PTVRP_CONT,706.0,4,0.000030500,0.000030500,0.0000,1,0.006348
Instances/Instances 2/eil101_07.gt,100,2000.0,86400.0,PTVRP_CONT,664.0,2,0.000029300,0.000029300,0.0000,1,0.006729
Instances/Instances 2/eil101_08.gt,100,4000.0,86400.0,PTVRP_CONT,652.0,1,0.000028400,0.000028400,0.0000,1,0.006896
Instances/Instances 2/eil101_09.gt,100,10000.0,86400.0,PTVRP_CONT,652.0,1,0.000028400,0.000028400,0.0000,1,0.007121
Instances/Instances 2/eil101_10.gt,100,20000.0,86400.0,PTVRP_CONT,652.0,1,0.000028500,0.000028500,0.0000,1,0.007098
Instances/Instances 2/eil51_01.gt,50,20.0,86400.0,PTVRP_CONT,3528.0,33,0.000009600,0.000009600,0.0000,1,0.005911
Instances/Instances 2/eil51_02.gt,50,40.0,86400.0,PTVRP_CONT,2134.0,29,0.000011200,0.000011200,0.0000,1,0.005196
Instances/Instances 2/eil51_03.gt,50,100.0,86400.0,PTVRP_CONT,942.0,16,0.000012500,0.000012500,0.0000,1,0.007018
Instances/Instances 2/eil51_04.gt,50,200.0,86400.0,PTVRP_CONT,673.0,8,0.000011800,0.000011800,0.0000,1,0.006153
Instances/Instances 2/eil51_05.gt,50,400.0,86400.0,PTVRP_CONT,484.0,3,0.000009800,0.000009800,0.0000,1,0.006011
Instances/Instances 2/eil51_06.gt,50,1000.0,86400.0,PTVRP_CONT,443.0,2,0.000008800,0.000008800,0.0000,1,0.004974
Instances/Instances 2/eil51_07.gt,50,2000.0,86400.0,PTVRP_CONT,442.0,1,0.000008000,0.000008000,0.0000,1,0.0053
Instances/Instances 2/eil51_08.gt,50,4000.0,86400.0,PTVRP_CONT,442.0,1,0.000008000,0.000008000,0.0000,1,0.005324
Instances/Instances 2/eil51_09.gt,50,10000.0,86400.0,PTVRP_CONT,442.0,1,0.000007900,0.000007900,0.0000,1,0.00554
Instances/Instances 2/eil51_10.gt,50,20000.0,86400.0,PTVRP_CONT,442.0,1,0.000008200,0.000008200,0.0000,1,0.005682
Instances/Instances 2/eil76_01.gt,75,20.0,86400.0,PTVRP_CONT,5405.0,50,0.000020700,0.000020700,0.0000,1,0.005318
Instances/Instances 2/eil76_02.gt,75,40.0,86400.0,PTVRP_CONT,2966.0,40,0.000022500,0.000022500,0.0000,1,0.005223
Instances/Instances 2/eil76_03.gt,75,100.0,86400.0,PTVRP_CONT,1379.0,22,0.000025500,0.000025500,0.0000,1,0.006158
Instances/Instances 2/eil76_04.gt,75,200.0,86400.0,PTVRP_CONT,924.0,10,0.000022000,0.000022000,0.0000,1,0.005712
Instances/Instances 2/eil76_05.gt,75,400.0,86400.0,PTVRP_CONT,715.0,6,0.000020000,0.000020000,0.0000,1,0.004748
Instances/Instances 2/eil76_06.gt,75,1000.0,86400.0,PTVRP_CONT,589.0,2,0.000018300,0.000018300,0.0000,1,0.005895
Instances/Instances 2/eil76_07.gt,75,2000.0,86400.0,PTVRP_CONT,574.0,2,0.000017400,0.000017400,0.0000,1,0.005066
Instances/Instances 2/eil76_08.gt,75,4000.0,86400.0,PTVRP_CONT,573.0,1,0.000039300,0.000039300,0.0000,1,0.005774
Instances/Instances 2/eil76_09.gt,75,10000.0,86400.0,PTVRP_CONT,573.0,1,0.000016700,0.000016700,0.0000,1,0.004711
Instances/Instances 2/eil76_10.gt,75,20000.0,86400.0,PTVRP_CONT,573.0,1,0.000016800,0.000016800,0.0000,1,0.00581
Instances/Instances 2/fi10639_01.gt,10638,20.0,86400.0,PTVRP_CONT,83469131.0,3245,0.259193901,0.259193901,0.0000,1,0.271497
Instances/Instances 2/fi10639_02.gt,10638,40.0,86400.0,PTVRP_CONT,42483914.0,2404,0.259691800,0.259691800,0.0000,1,0.277361
Instances/Instances 2/fi10639_03.gt,10638,100.0,86400.0,PTVRP_CONT,17246871.0,1639,0.255719601,0.255719601,0.0000,1,0.274937
Instances/Instances 2/fi10639_04.gt,10638,200.0,86400.0,PTVRP_CONT,8819038.0,1191,0.257602600,0.257602600,0.0000,1,0.275082
Instances/Instances 2/fi10639_05.gt,10638,400.0,86400.0,PTVRP_CONT,4620832.0,676,0.263186600,0.263186600,0.0000,1,0.279903
Instances/Instances 2/fi10639_06.gt,10638,1000.0,86400.0,PTVRP_CONT,2119939.0,278,0.260044001,0.260044001,0.0000,1,0.27602
Instances/Instances 2/fi10639_07.gt,10638,2000.0,86400.0,PTVRP_CONT,1303746.0,141,0.257808900,0.257808900,0.0000,1,0.275285
Instances/Instances 2/fi10639_08.gt,10638,4000.0,86400.0,PTVRP_CONT,900413.0,71,0.261540201,0.261540201,0.0000,1,0.277762
Instances/Instances 2/fi10639_09.gt,10638,10000.0,86400.0,PTVRP_CONT,659467.0,30,0.263956600,0.263956600,0.0000,1,0.281295
Instances/Instances 2/fi10639_10.gt,10638,20000.0,86400.0,PTVRP_CONT,584344.0,15,0.262687801,0.262687801,0.0000,1,0.278655
Instances/Instances 2/fl1400_01.gt,1399,20.0,86400.0,PTVRP_CONT,3522838.0,314,0.004553700,0.004553700,0.0000,1,0.015289
Instances/Instances 2/fl1400_02.gt,1399,40.0,86400.0,PTVRP_CONT,1769282.0,266,0.004798500,0.004798500,0.0000,1,0.015314
Instances/Instances 2/fl1400_03.gt,1399,100.0,86400.0,PTVRP_CONT,753870.0,171,0.005101500,0.005101500,0.0000,1,0.015302
Instances/Instances 2/fl1400_04.gt,1399,200.0,86400.0,PTVRP_CONT,380135.0,126,0.005255900,0.005255900,0.0000,1,0.0142
Instances/Instances 2/fl1400_05.gt,1399,400.0,86400.0,PTVRP_CONT,190653.0,76,0.005214400,0.005214400,0.0000,1,0.015222
Instances/Instances 2/fl1400_06.gt,1399,1000.0,86400.0,PTVRP_CONT,89751.0,38,0.005269200,0.005269200,0.0000,1,0.013795
Instances/Instances 2/fl1400_07.gt,1399,2000.0,86400.0,PTVRP_CONT,54245.0,19,0.005327900,0.005327900,0.0000,1,0.014969
Instances/Instances 2/fl1400_08.gt,1399,4000.0,86400.0,PTVRP_CONT,35751.0,10,0.005697100,0.005697100,0.0000,1,0.015088
Instances/Instances 2/fl1400_09.gt,1399,10000.0,86400.0,PTVRP_CONT,25823.0,4,0.005521200,0.005521200,0.0000,1,0.015584
Instances/Instances 2/fl1400_10.gt,1399,20000.0,86400.0,PTVRP_CONT,22330.0,2,0.005471400,0.005471400,0.0000,1,0.015159
Instances/Instances 2/fl1577_01.gt,1576,20.0,86400.0,PTVRP_CONT,2552865.0,501,0.005971200,0.005971200,0.0000,1,0.014953
Instances/Instances 2/fl1577_02.gt,1576,40.0,86400.0,PTVRP_CONT,1312743.0,385,0.006137300,0.006137300,0.0000,1,0.015032
Instances/Instances 2/fl1577_03.gt,1576,100.0,86400.0,PTVRP_CONT,535804.0,271,0.006572700,0.006572700,0.0000,1,0.016283
Instances/Instances 2/fl1577_04.gt,1576,200.0,86400.0,PTVRP_CONT,273379.0,184,0.006576700,0.006576700,0.0000,1,0.016396
Instances/Instances 2/fl1577_05.gt,1576,400.0,86400.0,PTVRP_CONT,147500.0,103,0.006595900,0.006595900,0.0000,1,0.016146
Instances/Instances 2/fl1577_06.gt,1576,1000.0,86400.0,PTVRP_CONT,69712.0,43,0.006630700,0.006630700,0.0000,1,0.015685
Instances/Instances 2/fl1577_07.gt,1576,2000.0,86400.0,PTVRP_CONT,44544.0,21,0.006714900,0.006714900,0.0000,1,0.015557
Instances/Instances 2/fl1577_08.gt,1576,4000.0,86400.0,PTVRP_CONT,31748.0,12,0.006889600,0.006889600,0.0000,1,0.0161
Instances/Instances 2/fl1577_09.gt,1576,10000.0,86400.0,PTVRP_CONT,25242.0,5,0.006997000,0.006997000,0.0000,1,0.015982
Instances/Instances 2/fl1577_10.gt,1576,20000.0,86400.0,PTVRP_CONT,23781.0,3,0.006960100,0.006960100,0.0000,1,0.015913
Instances/Instances 2/fl3795_01.gt,3794,20.0,86400.0,PTVRP_CONT,6833040.0,984,0.033924800,0.033924800,0.0000,1,0.04468
Instances/Instances 2/fl3795_02.gt,3794,40.0,86400.0,PTVRP_CONT,3450239.0,763,0.033967800,0.033967800,0.0000,1,0.044959
Instances/Instances 2/fl3795_03.gt,3794,100.0,86400.0,PTVRP_CONT,1371508.0,508,0.035407000,0.035407000,0.0000,1,0.046312
Instances/Instances 2/fl3795_04.gt,3794,200.0,86400.0,PTVRP_CONT,700906.0,367,0.035699000,0.035699000,0.0000,1,0.045822
Instances/Instances 2/fl3795_05.gt,3794,400.0,86400.0,PTVRP_CONT,363328.0,240,0.035630700,0.035630700,0.0000,1,0.045945
Instances/Instances 2/fl3795_06.gt,3794,1000.0,86400.0,PTVRP_CONT,158905.0,99,0.037252401,0.037252401,0.0000,1,0.04833
Instances/Instances 2/fl3795_07.gt,3794,2000.0,86400.0,PTVRP_CONT,94468.0,51,0.036676900,0.036676900,0.0000,1,0.047402
Instances/Instances 2/fl3795_08.gt,3794,4000.0,86400.0,PTVRP_CONT,59550.0,27,0.038018700,0.038018700,0.0000,1,0.050665
Instances/Instances 2/fl3795_09.gt,3794,10000.0,86400.0,PTVRP_CONT,39814.0,11,0.039275600,0.039275600,0.0000,1,0.04971
Instances/Instances 2/fl3795_10.gt,3794,20000.0,86400.0,PTVRP_CONT,34314.0,6,0.040446500,0.040446500,0.0000,1,0.051576
Instances/Instances 2/fl417_01.gt,416,20.0,86400.0,PTVRP_CONT,1094548.0,130,0.000457600,0.000457600,0.0000,1,0.008525
Instances/Instances 2/fl417_02.gt,416,40.0,86400.0,PTVRP_CONT,509789.0,98,0.000498200,0.000498200,0.0000,1,0.008096
Instances/Instances 2/fl417_03.gt,416,100.0,86400.0,PTVRP_CONT,225998.0,69,0.000554200,0.000554200,0.0000,1,0.00752
Instances/Instances 2/fl417_04.gt,416,200.0,86400.0,PTVRP_CONT,111820.0,54,0.000564600,0.000564600,0.0000,1,0.007008
Instances/Instances 2/fl417_05.gt,416,400.0,86400.0,PTVRP_CONT,64490.0,29,0.000557000,0.000557000,0.0000,1,0.007423
Instances/Instances 2/fl417_06.gt,416,1000.0,86400.0,PTVRP_CONT,31332.0,12,0.000540700,0.000540700,0.0000,1,0.008351
Instances/Instances 2/fl417_07.gt,416,2000.0,86400.0,PTVRP_CONT,21777.0,7,0.000517000,0.000517000,0.0000,1,0.008075
Instances/Instances 2/fl417_08.gt,416,4000.0,86400.0,PTVRP_CONT,15183.0,3,0.000495300,0.000495300,0.0000,1,0.008392
Instances/Instances 2/fl417_09.gt,416,10000.0,86400.0,PTVRP_CONT,13776.0,2,0.000482800,0.000482800,0.0000,1,0.007221
Instances/Instances 2/fl417_10.gt,416,20000.0,86400.0,PTVRP_CONT,13750.0,1,0.000481700,0.000481700,0.0000,1,0.007013
Instances/Instances 2/fnl4461_01.gt,4460,20.0,86400.0,PTVRP_CONT,16961715.0,1530,0.045963300,0.045963300,0.0000,1,0.056587
Instances/Instances 2/fnl4461_02.gt,4460,40.0,86400.0,PTVRP_CONT,8588092.0,1188,0.046233600,0.046233600,0.0000,1,0.057521
Instances/Instances 2/fnl4461_03.gt,4460,100.0,86400.0,PTVRP_CONT,3555464.0,854,0.047114200,0.047114200,0.0000,1,0.058603
Instances/Instances 2/fnl4461_04.gt,4460,200.0,86400.0,PTVRP_CONT,1849142.0,551,0.046609100,0.046609100,0.0000,1,0.058115
Instances/Instances 2/fnl4461_05.gt,4460,400.0,86400.0,PTVRP_CONT,965173.0,292,0.047127800,0.047127800,0.0000,1,0.058724
Instances/Instances 2/fnl4461_06.gt,4460,1000.0,86400.0,PTVRP_CONT,490818.0,120,0.046953301,0.046953301,0.0000,1,0.057034
Instances/Instances 2/fnl4461_07.gt,4460,2000.0,86400.0,PTVRP_CONT,331322.0,61,0.046858800,0.046858800,0.0000,1,0.058626
Instances/Instances 2/fnl4461_08.gt,4460,4000.0,86400.0,PTVRP_CONT,251075.0,33,0.046910400,0.046910400,0.0000,1,0.059401
Instances/Instances 2/fnl4461_09.gt,4460,10000.0,86400.0,PTVRP_CONT,205627.0,13,0.049515700,0.049515700,0.0000,1,0.060869
Instances/Instances 2/fnl4461_10.gt,4460,20000.0,86400.0,PTVRP_CONT,194307.0,7,0.049279400,0.049279400,0.0000,1,0.060637
Instances/Instances 2/gil262_01.gt,261,20.0,86400.0,PTVRP_CONT,58935.0,128,0.000207600,0.000207600,0.0000,1,0.008616
Instances/Instances 2/gil262_02.gt,261,40.0,86400.0,PTVRP_CONT,29357.0,104,0.000232700,0.000232700,0.0000,1,0.007087
Instances/Instances 2/gil262_03.gt,261,100.0,86400.0,PTVRP_CONT,12682.0,67,0.000268400,0.000268400,0.0000,1,0.007553
Instances/Instances 2/gil262_04.gt,261,200.0,86400.0,PTVRP_CONT,7484.0,38,0.000246900,0.000246900,0.0000,1,0.005907
Instances/Instances 2/gil262_05.gt,261,400.0,86400.0,PTVRP_CONT,4888.0,20,0.000225200,0.000225200,0.0000,1,0.007243
Instances/Instances 2/gil262_06.gt,261,1000.0,86400.0,PTVRP_CONT,3250.0,7,0.000206700,0.000206700,0.0000,1,0.007093
Instances/Instances 2/gil262_07.gt,261,2000.0,86400.0,PTVRP_CONT,2849.0,4,0.000199700,0.000199700,0.0000,1,0.007992
Instances/Instances 2/gil262_08.gt,261,4000.0,86400.0,PTVRP_CONT,2717.0,2,0.000194500,0.000194500,0.0000,1,0.007423
Instances/Instances 2/gil262_09.gt,261,10000.0,86400.0,PTVRP_CONT,2645.0,1,0.000191100,0.000191100,0.0000,1,0.007196
Instances/Instances 2/gil262_10.gt,261,20000.0,86400.0,PTVRP_CONT,2645.0,1,0.000190700,0.000190700,0.0000,1,0.008608
Instances/Instances 2/gr9882_01.gt,9881,20.0,86400.0,PTVRP_CONT,55589654.0,2907,0.224412500,0.224412500,0.0000,1,0.237218
Instances/Instances 2/gr9882_02.gt,9881,40.0,86400.0,PTVRP_CONT,28114126.0,2176,0.223500101,0.223500101,0.0000,1,0.240157
Instances/Instances 2/gr9882_03.gt,9881,100.0,86400.0,PTVRP_CONT,11398873.0,1523,0.220836100,0.220836100,0.0000,1,0.236837
Instances/Instances 2/gr9882_04.gt,9881,200.0,86400.0,PTVRP_CONT,5897879.0,1070,0.223854801,0.223854801,0.0000,1,0.240723
Instances/Instances 2/gr9882_05.gt,9881,400.0,86400.0,PTVRP_CONT,3031669.0,633,0.226751201,0.226751201,0.0000,1,0.243493
Instances/Instances 2/gr9882_06.gt,9881,1000.0,86400.0,PTVRP_CONT,1363190.0,257,0.227218601,0.227218601,0.0000,1,0.245305
Instances/Instances 2/gr9882_07.gt,9881,2000.0,86400.0,PTVRP_CONT,835657.0,131,0.224828301,0.224828301,0.0000,1,0.241411
Instances/Instances 2/gr9882_08.gt,9881,4000.0,86400.0,PTVRP_CONT,553560.0,66,0.227318601,0.227318601,0.0000,1,0.244507
Instances/Instances 2/gr9882_09.gt,9881,10000.0,86400.0,PTVRP_CONT,396605.0,27,0.230278701,0.230278701,0.0000,1,0.248118
Instances/Instances 2/gr9882_10.gt,9881,20000.0,86400.0,PTVRP_CONT,344218.0,14,0.236534101,0.236534101,0.0000,1,0.256232
Instances/Instances 2/ho14473_01.gt,14472,20.0,86400.0,PTVRP_CONT,41054525.0,3473,0.469602403,0.469602403,0.0000,1,0.488956
Instances/Instances 2/ho14473_02.gt,14472,40.0,86400.0,PTVRP_CONT,21021338.0,2791,0.484936002,0.484936002,0.0000,1,0.506909
Instances/Instances 2/ho14473_03.gt,14472,100.0,86400.0,PTVRP_CONT,8494553.0,1964,0.478892602,0.478892602,0.0000,1,0.499068
Instances/Instances 2/ho14473_04.gt,14472,200.0,86400.0,PTVRP_CONT,4310635.0,1418,0.485307703,0.485307703,0.0000,1,0.506855
Instances/Instances 2/ho14473_05.gt,14472,400.0,86400.0,PTVRP_CONT,2236526.0,888,0.476222802,0.476222802,0.0000,1,0.496345
Instances/Instances 2/ho14473_06.gt,14472,1000.0,86400.0,PTVRP_CONT,983817.0,380,0.486951202,0.486951202,0.0000,1,0.50734
Instances/Instances 2/ho14473_07.gt,14472,2000.0,86400.0,PTVRP_CONT,567969.0,190,0.484039503,0.484039503,0.0000,1,0.501363
Instances/Instances 2/ho14473_08.gt,14472,4000.0,86400.0,PTVRP_CONT,371376.0,96,0.491843502,0.491843502,0.0000,1,0.508804
Instances/Instances 2/ho14473_09.gt,14472,10000.0,86400.0,PTVRP_CONT,249068.0,40,0.488197102,0.488197102,0.0000,1,0.506912
Instances/Instances 2/ho14473_10.gt,14472,20000.0,86400.0,PTVRP_CONT,210498.0,21,0.502387902,0.502387902,0.0000,1,0.521745
Instances/Instances 2/it16862_01.gt,16861,20.0,86400.0,PTVRP_CONT,137173624.0,5151,0.652133803,0.652133803,0.0000,1,0.674354
Instances/Instances 2/it16862_02.gt,16861,40.0,86400.0,PTVRP_CONT,68107323.0,3656,0.659939703,0.659939703,0.0000,1,0.684097
Instances/Instances 2/it16862_03.gt,16861,100.0,86400.0,PTVRP_CONT,27891218.0,2406,0.649883102,0.649883102,0.0000,1,0.673
Instances/Instances 2/it16862_04.gt,16861,200.0,86400.0,PTVRP_CONT,13955751.0,1707,0.653938902,0.653938902,0.0000,1,0.674747
Instances/Instances 2/it16862_05.gt,16861,400.0,86400.0,PTVRP_CONT,7210225.0,1057,0.643627002,0.643627002,0.0000,1,0.669363
Instances/Instances 2/it16862_06.gt,16861,1000.0,86400.0,PTVRP_CONT,3168330.0,440,0.654864303,0.654864303,0.0000,1,0.677701
Instances/Instances 2/it16862_07.gt,16861,2000.0,86400.0,PTVRP_CONT,1839893.0,220,0.654829402,0.654829402,0.0000,1,0.678175
Instances/Instances 2/it16862_08.gt,16861,4000.0,86400.0,PTVRP_CONT,1187539.0,112,0.655405303,0.655405303,0.0000,1,0.679067
Instances/Instances 2/it16862_09.gt,16861,10000.0,86400.0,PTVRP_CONT,800755.0,47,0.665869402,0.665869402,0.0000,1,0.688243
Instances/Instances 2/it16862_10.gt,16861,20000.0,86400.0,PTVRP_CONT,675005.0,25,0.677446103,0.677446103,0.0000,1,0.701141
Instances/Instances 2/ja9847_01.gt,9846,20.0,86400.0,PTVRP_CONT,NO SOLUTION,,0.220155301,0.220155301,0.0000,1,0.238025
Instances/Instances 2/ja9847_02.gt,9846,40.0,86400.0,PTVRP_CONT,68527189.0,2485,0.220320400,0.220320400,0.0000,1,0.237819
Instances/Instances 2/ja9847_03.gt,9846,100.0,86400.0,PTVRP_CONT,27637210.0,1463,0.218532101,0.218532101,0.0000,1,0.234391
Instances/Instances 2/ja9847_04.gt,9846,200.0,86400.0,PTVRP_CONT,14147868.0,961,0.219464901,0.219464901,0.0000,1,0.236688
Instances/Instances 2/ja9847_05.gt,9846,400.0,86400.0,PTVRP_CONT,7116105.0,617,0.221185001,0.221185001,0.0000,1,0.23848
Instances/Instances 2/ja9847_06.gt,9846,1000.0,86400.0,PTVRP_CONT,3104457.0,254,0.222633901,0.222633901,0.0000,1,0.238471
Instances/Instances 2/ja9847_07.gt,9846,2000.0,86400.0,PTVRP_CONT,1789326.0,129,0.219528701,0.219528701,0.0000,1,0.235975
Instances/Instances 2/ja9847_08.gt,9846,4000.0,86400.0,PTVRP_CONT,1127782.0,66,0.221293001,0.221293001,0.0000,1,0.237061
Instances/Instances 2/ja9847_09.gt,9846,10000.0,86400.0,PTVRP_CONT,757055.0,28,0.229317500,0.229317500,0.0000,1,0.247934
Instances/Instances 2/ja9847_10.gt,9846,20000.0,86400.0,PTVRP_CONT,618365.0,15,0.227986801,0.227986801,0.0000,1,0.243635
Instances/Instances 2/kroA100_01.gt,99,20.0,86400.0,PTVRP_CONT,370636.0,50,0.000031000,0.000031000,0.0000,1,0.009902
Instances/Instances 2/kroA100_02.gt,99,40.0,86400.0,PTVRP_CONT,186984.0,42,0.000034500,0.000034500,0.0000,1,0.008049
Instances/Instances 2/kroA100_03.gt,99,100.0,86400.0,PTVRP_CONT,87711.0,29,0.000039700,0.000039700,0.0000,1,0.006442
Instances/Instances 2/kroA100_04.gt,99,200.0,86400.0,PTVRP_CONT,49335.0,14,0.000038400,0.000038400,0.0000,1,0.006806
Instances/Instances 2/kroA100_05.gt,99,400.0,86400.0,PTVRP_CONT,35984.0,7,0.000033900,0.000033900,0.0000,1,0.007218
Instances/Instances 2/kroA100_06.gt,99,1000.0,86400.0,PTVRP_CONT,24541.0,3,0.000030100,0.000030100,0.0000,1,0.006766
Instances/Instances 2/kroA100_07.gt,99,2000.0,86400.0,PTVRP_CONT,23670.0,2,0.000028500,0.000028500,0.0000,1,0.006213
Instances/Instances 2/kroA100_08.gt,99,4000.0,86400.0,PTVRP_CONT,22624.0,1,0.000027900,0.000027900,0.0000,1,0.007516
Instances/Instances 2/kroA100_09.gt,99,10000.0,86400.0,PTVRP_CONT,22624.0,1,0.000028300,0.000028300,0.0000,1,0.007058
Instances/Instances 2/kroA100_10.gt,99,20000.0,86400.0,PTVRP_CONT,22624.0,1,0.000028500,0.000028500,0.0000,1,0.00673
Instances/Instances 2/kroA150_01.gt,149,20.0,86400.0,PTVRP_CONT,553296.0,72,0.000066700,0.000066700,0.0000,1,0.007227
Instances/Instances 2/kroA150_02.gt,149,40.0,86400.0,PTVRP_CONT,283559.0,57,0.000070000,0.000070000,0.0000,1,0.006056
Instances/Instances 2/kroA150_03.gt,149,100.0,86400.0,PTVRP_CONT,118944.0,35,0.000079400,0.000079400,0.0000,1,0.006157
Instances/Instances 2/kroA150_04.gt,149,200.0,86400.0,PTVRP_CONT,71730.0,20,0.000084200,0.000084200,0.0000,1,0.007343
Instances/Instances 2/kroA150_05.gt,149,400.0,86400.0,PTVRP_CONT,44682.0,11,0.000073200,0.000073200,0.0000,1,0.005399
Instances/Instances 2/kroA150_06.gt,149,1000.0,86400.0,PTVRP_CONT,33781.0,5,0.000069800,0.000069800,0.0000,1,0.006216
Instances/Instances 2/kroA150_07.gt,149,2000.0,86400.0,PTVRP_CONT,29219.0,3,0.000065900,0.000065900,0.0000,1,0.006737
Instances/Instances 2/kroA150_08.gt,149,4000.0,86400.0,PTVRP_CONT,27630.0,1,0.000063100,0.000063100,0.0000,1,0.006078
Instances/Instances 2/kroA150_09.gt,149,10000.0,86400.0,PTVRP_CONT,27630.0,1,0.000063200,0.000063200,0.0000,1,0.005542
Instances/Instances 2/kroA150_10.gt,149,20000.0,86400.0,PTVRP_CONT,27630.0,1,0.000063100,0.000063100,0.0000,1,0.005887
Instances/Instances 2/kroA200_01.gt,199,20.0,86400.0,PTVRP_CONT,741456.0,95,0.000108400,0.000108400,0.0000,1,0.005367
Instances/Instances 2/kroA200_02.gt,199,40.0,86400.0,PTVRP_CONT,359812.0,79,0.000118100,0.000118100,0.0000,1,0.006083
Instances/Instances 2/kroA200_03.gt,199,100.0,86400.0,PTVRP_CONT,170703.0,54,0.000131700,0.000131700,0.0000,1,0.005237
Instances/Instances 2/kroA200_04.gt,199,200.0,86400.0,PTVRP_CONT,98954.0,29,0.000129500,0.000129500,0.0000,1,0.005455
Instances/Instances 2/kroA200_05.gt,199,400.0,86400.0,PTVRP_CONT,55937.0,13,0.000144000,0.000144000,0.0000,1,0.005021
Instances/Instances 2/kroA200_06.gt,199,1000.0,86400.0,PTVRP_CONT,39475.0,7,0.000119300,0.000119300,0.0000,1,0.006345
Instances/Instances 2/kroA200_07.gt,199,2000.0,86400.0,PTVRP_CONT,34396.0,4,0.000155700,0.000155700,0.0000,1,0.005126
Instances/Instances 2/kroA200_08.gt,199,4000.0,86400.0,PTVRP_CONT,31417.0,2,0.000113200,0.000113200,0.0000,1,0.006768
Instances/Instances 2/kroA200_09.gt,199,10000.0,86400.0,PTVRP_CONT,30902.0,1,0.000111500,0.000111500,0.0000,1,0.005385
Instances/Instances 2/kroA200_10.gt,199,20000.0,86400.0,PTVRP_CONT,30902.0,1,0.000111800,0.000111800,0.0000,1,0.005921
Instances/Instances 2/kroB100_01.gt,99,20.0,86400.0,PTVRP_CONT,378993.0,61,0.000030500,0.000030500,0.0000,1,0.004967
Instances/Instances 2/kroB100_02.gt,99,40.0,86400.0,PTVRP_CONT,190239.0,43,0.000034800,0.000034800,0.0000,1,0.006186
Instances/Instances 2/kroB100_03.gt,99,100.0,86400.0,PTVRP_CONT,80181.0,26,0.000039000,0.000039000,0.0000,1,0.006103
Instances/Instances 2/kroB100_04.gt,99,200.0,86400.0,PTVRP_CONT,51391.0,14,0.000037100,0.000037100,0.0000,1,0.005136
Instances/Instances 2/kroB100_05.gt,99,400.0,86400.0,PTVRP_CONT,37578.0,9,0.000034900,0.000034900,0.0000,1,0.00589
Instances/Instances 2/kroB100_06.gt,99,1000.0,86400.0,PTVRP_CONT,26294.0,4,0.000031300,0.000031300,0.0000,1,0.005537
Instances/Instances 2/kroB100_07.gt,99,2000.0,86400.0,PTVRP_CONT,24490.0,2,0.000030300,0.000030300,0.0000,1,0.00546
Instances/Instances 2/kroB100_08.gt,99,4000.0,86400.0,PTVRP_CONT,24472.0,1,0.000028500,0.000028500,0.0000,1,0.006201
Instances/Instances 2/kroB100_09.gt,99,10000.0,86400.0,PTVRP_CONT,24472.0,1,0.000028600,0.000028600,0.0000,1,0.004858
Instances/Instances 2/kroB100_10.gt,99,20000.0,86400.0,PTVRP_CONT,24472.0,1,0.000028400,0.000028400,0.0000,1,0.005856
Instances/Instances 2/kroB150_01.gt,149,20.0,86400.0,PTVRP_CONT,576374.0,79,0.000064300,0.000064300,0.0000,1,0.005383
Instances/Instances 2/kroB150_02.gt,149,40.0,86400.0,PTVRP_CONT,291855.0,56,0.000074800,0.000074800,0.0000,1,0.005486
Instances/Instances 2/kroB150_03.gt,149,100.0,86400.0,PTVRP_CONT,135049.0,39,0.000082700,0.000082700,0.0000,1,0.005727
Instances/Instances 2/kroB150_04.gt,149,200.0,86400.0,PTVRP_CONT,74170.0,20,0.000077900,0.000077900,0.0000,1,0.007063
Instances/Instances 2/kroB150_05.gt,149,400.0,86400.0,PTVRP_CONT,52272.0,12,0.000075100,0.000075100,0.0000,1,0.007014
Instances/Instances 2/kroB150_06.gt,149,1000.0,86400.0,PTVRP_CONT,33461.0,5,0.000068900,0.000068900,0.0000,1,0.005233
Instances/Instances 2/kroB150_07.gt,149,2000.0,86400.0,PTVRP_CONT,28870.0,3,0.000066000,0.000066000,0.0000,1,0.006455
Instances/Instances 2/kroB150_08.gt,149,4000.0,86400.0,PTVRP_CONT,27979.0,1,0.000063100,0.000063100,0.0000,1,0.006122
Instances/Instances 2/kroB150_09.gt,149,10000.0,86400.0,PTVRP_CONT,27979.0,1,0.000096300,0.000096300,0.0000,1,0.006063
Instances/Instances 2/kroB150_10.gt,149,20000.0,86400.0,PTVRP_CONT,27979.0,1,0.000064000,0.000064000,0.0000,1,0.005897
Instances/Instances 2/kroB200_01.gt,199,20.0,86400.0,PTVRP_CONT,720543.0,96,0.000108900,0.000108900,0.0000,1,0.005424
Instances/Instances 2/kroB200_02.gt,199,40.0,86400.0,PTVRP_CONT,353344.0,76,0.000118400,0.000118400,0.0000,1,0.005386
Instances/Instances 2/kroB200_03.gt,199,100.0,86400.0,PTVRP_CONT,169873.0,57,0.000834000,0.000834000,0.0000,1,0.026155
Instances/Instances 2/kroB200_04.gt,199,200.0,86400.0,PTVRP_CONT,90967.0,29,0.000800600,0.000800600,0.0000,1,0.041693
Instances/Instances 2/kroB200_05.gt,199,400.0,86400.0,PTVRP_CONT,59195.0,15,0.000700700,0.000700700,0.0000,1,0.043566
Instances/Instances 2/kroB200_06.gt,199,1000.0,86400.0,PTVRP_CONT,41044.0,7,0.000119600,0.000119600,0.0000,1,0.033773
Instances/Instances 2/kroB200_07.gt,199,2000.0,86400.0,PTVRP_CONT,34876.0,4,0.000116700,0.000116700,0.0000,1,0.008806
Instances/Instances 2/kroB200_08.gt,199,4000.0,86400.0,PTVRP_CONT,31786.0,2,0.000113100,0.000113100,0.0000,1,0.007204
Instances/Instances 2/kroB200_09.gt,199,10000.0,86400.0,PTVRP_CONT,31768.0,1,0.000120500,0.000120500,0.0000,1,0.006525
Instances/Instances 2/kroB200_10.gt,199,20000.0,86400.0,PTVRP_CONT,31768.0,1,0.000111500,0.000111500,0.0000,1,0.007395
Instances/Instances 2/kroC100_01.gt,99,20.0,86400.0,PTVRP_CONT,383855.0,49,0.000031900,0.000031900,0.0000,1,0.006843
Instances/Instances 2/kroC100_02.gt,99,40.0,86400.0,PTVRP_CONT,201443.0,40,0.000036000,0.000036000,0.0000,1,0.007087
Instances/Instances 2/kroC100_03.gt,99,100.0,86400.0,PTVRP_CONT,85136.0,27,0.000041100,0.000041100,0.0000,1,0.005949
Instances/Instances 2/kroC100_04.gt,99,200.0,86400.0,PTVRP_CONT,53151.0,15,0.000039200,0.000039200,0.0000,1,0.00595
Instances/Instances 2/kroC100_05.gt,99,400.0,86400.0,PTVRP_CONT,38061.0,9,0.000035800,0.000035800,0.0000,1,0.00684
Instances/Instances 2/kroC100_06.gt,99,1000.0,86400.0,PTVRP_CONT,26061.0,4,0.000031800,0.000031800,0.0000,1,0.007063
Instances/Instances 2/kroC100_07.gt,99,2000.0,86400.0,PTVRP_CONT,23764.0,2,0.000029800,0.000029800,0.0000,1,0.00637
Instances/Instances 2/kroC100_08.gt,99,4000.0,86400.0,PTVRP_CONT,22713.0,1,0.000028500,0.000028500,0.0000,1,0.006756
Instances/Instances 2/kroC100_09.gt,99,10000.0,86400.0,PTVRP_CONT,22713.0,1,0.000028500,0.000028500,0.0000,1,0.005771
Instances/Instances 2/kroC100_10.gt,99,20000.0,86400.0,PTVRP_CONT,22713.0,1,0.000028400,0.000028400,0.0000,1,0.005245
Instances/Instances 2/kroD100_01.gt,99,20.0,86400.0,PTVRP_CONT,345875.0,54,0.000031000,0.000031000,0.0000,1,0.005828
Instances/Instances 2/kroD100_02.gt,99,40.0,86400.0,PTVRP_CONT,184953.0,42,0.000035300,0.000035300,0.0000,1,0.005189
Instances/Instances 2/kroD100_03.gt,99,100.0,86400.0,PTVRP_CONT,81409.0,26,0.000075200,0.000075200,0.0000,1,0.006174
Instances/Instances 2/kroD100_04.gt,99,200.0,86400.0,PTVRP_CONT,48008.0,14,0.000036300,0.000036300,0.0000,1,0.006592
Instances/Instances 2/kroD100_05.gt,99,400.0,86400.0,PTVRP_CONT,36610.0,9,0.000035700,0.000035700,0.0000,1,0.006078
Instances/Instances 2/kroD100_06.gt,99,1000.0,86400.0,PTVRP_CONT,26319.0,4,0.000031500,0.000031500,0.0000,1,0.005559
Instances/Instances 2/kroD100_07.gt,99,2000.0,86400.0,PTVRP_CONT,23833.0,2,0.000029400,0.000029400,0.0000,1,0.005898
Instances/Instances 2/kroD100_08.gt,99,4000.0,86400.0,PTVRP_CONT,23792.0,1,0.000028400,0.000028400,0.0000,1,0.006503
Instances/Instances 2/kroD100_09.gt,99,10000.0,86400.0,PTVRP_CONT,23792.0,1,0.000028500,0.000028500,0.0000,1,0.006021
Instances/Instances 2/kroD100_10.gt,99,20000.0,86400.0,PTVRP_CONT,23792.0,1,0.000028600,0.000028600,0.0000,1,0.004871
Instances/Instances 2/kroE100_01.gt,99,20.0,86400.0,PTVRP_CONT,366106.0,53,0.000031000,0.000031000,0.0000,1,0.006068
Instances/Instances 2/kroE100_02.gt,99,40.0,86400.0,PTVRP_CONT,205873.0,41,0.000035200,0.000035200,0.0000,1,0.00591
Instances/Instances 2/kroE100_03.gt,99,100.0,86400.0,PTVRP_CONT,87193.0,26,0.000040100,0.000040100,0.0000,1,0.005906
Instances/Instances 2/kroE100_04.gt,99,200.0,86400.0,PTVRP_CONT,55113.0,15,0.000038200,0.000038200,0.0000,1,0.005459
Instances/Instances 2/kroE100_05.gt,99,400.0,86400.0,PTVRP_CONT,38877.0,9,0.000035900,0.000035900,0.0000,1,0.005564
Instances/Instances 2/kroE100_06.gt,99,1000.0,86400.0,PTVRP_CONT,25965.0,3,0.000032400,0.000032400,0.0000,1,0.004882
Instances/Instances 2/kroE100_07.gt,99,2000.0,86400.0,PTVRP_CONT,24610.0,2,0.000029300,0.000029300,0.0000,1,0.00607
Instances/Instances 2/kroE100_08.gt,99,4000.0,86400.0,PTVRP_CONT,24552.0,1,0.000028600,0.000028600,0.0000,1,0.006114
Instances/Instances 2/kroE100_09.gt,99,10000.0,86400.0,PTVRP_CONT,24552.0,1,0.000028400,0.000028400,0.0000,1,0.004931
Instances/Instances 2/kroE100_10.gt,99,20000.0,86400.0,PTVRP_CONT,24552.0,1,0.000028600,0.000028600,0.0000,1,0.005801
Instances/Instances 2/kz9976_01.gt,9975,20.0,86400.0,PTVRP_CONT,NO SOLUTION,,0.226713301,0.226713301,0.0000,1,0.239328
Instances/Instances 2/kz9976_02.gt,9975,40.0,86400.0,PTVRP_CONT,141180698.0,3494,0.224913301,0.224913301,0.0000,1,0.240816
Instances/Instances 2/kz9976_03.gt,9975,100.0,86400.0,PTVRP_CONT,54541228.0,1681,0.224024501,0.224024501,0.0000,1,0.242123
Instances/Instances 2/kz9976_04.gt,9975,200.0,86400.0,PTVRP_CONT,26900064.0,1040,0.224688400,0.224688400,0.0000,1,0.240073
Instances/Instances 2/kz9976_05.gt,9975,400.0,86400.0,PTVRP_CONT,14072935.0,632,0.227291300,0.227291300,0.0000,1,0.245759
Instances/Instances 2/kz9976_06.gt,9975,1000.0,86400.0,PTVRP_CONT,6092626.0,260,0.245531401,0.245531401,0.0000,1,0.259283
Instances/Instances 2/kz9976_07.gt,9975,2000.0,86400.0,PTVRP_CONT,3542499.0,131,0.230268501,0.230268501,0.0000,1,0.245578
Instances/Instances 2/kz9976_08.gt,9975,4000.0,86400.0,PTVRP_CONT,2272038.0,67,0.228929401,0.228929401,0.0000,1,0.245162
Instances/Instances 2/kz9976_09.gt,9975,10000.0,86400.0,PTVRP_CONT,1530560.0,28,0.231647301,0.231647301,0.0000,1,0.248489
Instances/Instances 2/kz9976_10.gt,9975,20000.0,86400.0,PTVRP_CONT,1339347.0,18,0.231429401,0.231429401,0.0000,1,0.246587
Instances/Instances 2/lin105_01.gt,104,20.0,86400.0,PTVRP_CONT,256859.0,52,0.000034000,0.000034000,0.0000,1,0.007271
Instances/Instances 2/lin105_02.gt,104,40.0,86400.0,PTVRP_CONT,145220.0,40,0.000037500,0.000037500,0.0000,1,0.007103
Instances/Instances 2/lin105_03.gt,104,100.0,86400.0,PTVRP_CONT,58855.0,29,0.000043100,0.000043100,0.0000,1,0.006528
Instances/Instances 2/lin105_04.gt,104,200.0,86400.0,PTVRP_CONT,34753.0,14,0.000040800,0.000040800,0.0000,1,0.006469
Instances/Instances 2/lin105_05.gt,104,400.0,86400.0,PTVRP_CONT,23492.0,8,0.000037500,0.000037500,0.0000,1,0.006063
Instances/Instances 2/lin105_06.gt,104,1000.0,86400.0,PTVRP_CONT,18091.0,3,0.000033100,0.000033100,0.0000,1,0.005956
Instances/Instances 2/lin105_07.gt,104,2000.0,86400.0,PTVRP_CONT,17033.0,2,0.000031800,0.000031800,0.0000,1,0.005926
Instances/Instances 2/lin105_08.gt,104,4000.0,86400.0,PTVRP_CONT,17033.0,1,0.000030700,0.000030700,0.0000,1,0.006563
Instances/Instances 2/lin105_09.gt,104,10000.0,86400.0,PTVRP_CONT,17033.0,1,0.000030800,0.000030800,0.0000,1,0.006417
Instances/Instances 2/lin105_10.gt,104,20000.0,86400.0,PTVRP_CONT,17033.0,1,0.000030700,0.000030700,0.0000,1,0.00633
Instances/Instances 2/lin318_01.gt,317,20.0,86400.0,PTVRP_CONT,1203102.0,146,0.000308500,0.000308500,0.0000,1,0.007182
Instances/Instances 2/lin318_02.gt,317,40.0,86400.0,PTVRP_CONT,595309.0,120,0.000266100,0.000266100,0.0000,1,0.006563
Instances/Instances 2/lin318_03.gt,317,100.0,86400.0,PTVRP_CONT,274895.0,79,0.000292500,0.000292500,0.0000,1,0.006572
Instances/Instances 2/lin318_04.gt,317,200.0,86400.0,PTVRP_CONT,147118.0,43,0.000295500,0.000295500,0.0000,1,0.005886
Instances/Instances 2/lin318_05.gt,317,400.0,86400.0,PTVRP_CONT,91883.0,23,0.000291900,0.000291900,0.0000,1,0.005703
Instances/Instances 2/lin318_06.gt,317,1000.0,86400.0,PTVRP_CONT,60776.0,10,0.000291500,0.000291500,0.0000,1,0.006441
Instances/Instances 2/lin318_07.gt,317,2000.0,86400.0,PTVRP_CONT,50871.0,5,0.000288900,0.000288900,0.0000,1,0.006368
Instances/Instances 2/lin318_08.gt,317,4000.0,86400.0,PTVRP_CONT,46415.0,3,0.000287800,0.000287800,0.0000,1,0.005862
Instances/Instances 2/lin318_09.gt,317,10000.0,86400.0,PTVRP_CONT,46049.0,1,0.000280500,0.000280500,0.0000,1,0.006326
Instances/Instances 2/lin318_10.gt,317,20000.0,86400.0,PTVRP_CONT,46049.0,1,0.000280400,0.000280400,0.0000,1,0.005088
Instances/Instances 2/linhp318_01.gt,317,20.0,86400.0,PTVRP_CONT,1256145.0,151,0.000261400,0.000261400,0.0000,1,0.005533
Instances/Instances 2/linhp318_02.gt,317,40.0,86400.0,PTVRP_CONT,650893.0,122,0.000267400,0.000267400,0.0000,1,0.006098
Instances/Instances 2/linhp318_03.gt,317,100.0,86400.0,PTVRP_CONT,285563.0,75,0.000295800,0.000295800,0.0000,1,0.006322
Instances/Instances 2/linhp318_04.gt,317,200.0,86400.0,PTVRP_CONT,151905.0,44,0.000295600,0.000295600,0.0000,1,0.006171
Instances/Instances 2/linhp318_05.gt,317,400.0,86400.0,PTVRP_CONT,90688.0,21,0.000291200,0.000291200,0.0000,1,0.005996
Instances/Instances 2/linhp318_06.gt,317,1000.0,86400.0,PTVRP_CONT,61104.0,10,0.000290200,0.000290200,0.0000,1,0.006894
Instances/Instances 2/linhp318_07.gt,317,2000.0,86400.0,PTVRP_CONT,50329.0,5,0.000287800,0.000287800,0.0000,1,0.006509
Instances/Instances 2/linhp318_08.gt,317,4000.0,86400.0,PTVRP_CONT,46459.0,3,0.000287500,0.000287500,0.0000,1,0.00634
Instances/Instances 2/linhp318_09.gt,317,10000.0,86400.0,PTVRP_CONT,46168.0,1,0.000280600,0.000280600,0.0000,1,0.006574
Instances/Instances 2/linhp318_10.gt,317,20000.0,86400.0,PTVRP_CONT,46168.0,1,0.000285400,0.000285400,0.0000,1,0.006278
Instances/Instances 2/lu980_01.gt,979,20.0,86400.0,PTVRP_CONT,634375.0,372,0.002389800,0.002389800,0.0000,1,0.008444
Instances/Instances 2/lu980_02.gt,979,40.0,86400.0,PTVRP_CONT,309635.0,281,0.002554300,0.002554300,0.0000,1,0.009698
Instances/Instances 2/lu980_03.gt,979,100.0,86400.0,PTVRP_CONT,135411.0,207,0.002801900,0.002801900,0.0000,1,0.010351
Instances/Instances 2/lu980_04.gt,979,200.0,86400.0,PTVRP_CONT,71262.0,129,0.002796200,0.002796200,0.0000,1,0.010364
Instances/Instances 2/lu980_05.gt,979,400.0,86400.0,PTVRP_CONT,40603.0,67,0.002722100,0.002722100,0.0000,1,0.010533
Instances/Instances 2/lu980_06.gt,979,1000.0,86400.0,PTVRP_CONT,22122.0,26,0.002740000,0.002740000,0.0000,1,0.011046
Instances/Instances 2/lu980_07.gt,979,2000.0,86400.0,PTVRP_CONT,16260.0,14,0.002770500,0.002770500,0.0000,1,0.009247
Instances/Instances 2/lu980_08.gt,979,4000.0,86400.0,PTVRP_CONT,13604.0,8,0.002736900,0.002736900,0.0000,1,0.010122
Instances/Instances 2/lu980_09.gt,979,10000.0,86400.0,PTVRP_CONT,12225.0,3,0.002693500,0.002693500,0.0000,1,0.010245
Instances/Instances 2/lu980_10.gt,979,20000.0,86400.0,PTVRP_CONT,11920.0,2,0.002671300,0.002671300,0.0000,1,0.010331
Instances/Instances 2/mo14185_01.gt,14184,20.0,86400.0,PTVRP_CONT,95461861.0,3985,0.459350402,0.459350402,0.0000,1,0.473958
Instances/Instances 2/mo14185_02.gt,14184,40.0,86400.0,PTVRP_CONT,47972862.0,2870,0.459236502,0.459236502,0.0000,1,0.475976
Instances/Instances 2/mo14185_03.gt,14184,100.0,86400.0,PTVRP_CONT,19420393.0,2002,0.453384101,0.453384101,0.0000,1,0.470048
Instances/Instances 2/mo14185_04.gt,14184,200.0,86400.0,PTVRP_CONT,9981564.0,1445,0.458307802,0.458307802,0.0000,1,0.478165
Instances/Instances 2/mo14185_05.gt,14184,400.0,86400.0,PTVRP_CONT,5155357.0,896,0.455192502,0.455192502,0.0000,1,0.470988
Instances/Instances 2/mo14185_06.gt,14184,1000.0,86400.0,PTVRP_CONT,2268232.0,371,0.469946002,0.469946002,0.0000,1,0.48993
Instances/Instances 2/mo14185_07.gt,14184,2000.0,86400.0,PTVRP_CONT,1341274.0,187,0.462576501,0.462576501,0.0000,1,0.478891
Instances/Instances 2/mo14185_08.gt,14184,4000.0,86400.0,PTVRP_CONT,874470.0,95,0.464309302,0.464309302,0.0000,1,0.481431
Instances/Instances 2/mo14185_09.gt,14184,10000.0,86400.0,PTVRP_CONT,601150.0,39,0.467027102,0.467027102,0.0000,1,0.482269
Instances/Instances 2/mo14185_10.gt,14184,20000.0,86400.0,PTVRP_CONT,515013.0,20,0.470178702,0.470178702,0.0000,1,0.488441
Instances/Instances 2/mu1979_01.gt,1978,20.0,86400.0,PTVRP_CONT,10552448.0,657,0.009179200,0.009179200,0.0000,1,0.020414
Instances/Instances 2/mu1979_02.gt,1978,40.0,86400.0,PTVRP_CONT,5352549.0,527,0.009200600,0.009200600,0.0000,1,0.018726
Instances/Instances 2/mu1979_03.gt,1978,100.0,86400.0,PTVRP_CONT,2233827.0,326,0.009572900,0.009572900,0.0000,1,0.019187
Instances/Instances 2/mu1979_04.gt,1978,200.0,86400.0,PTVRP_CONT,1101653.0,227,0.009575300,0.009575300,0.0000,1,0.018491
Instances/Instances 2/mu1979_05.gt,1978,400.0,86400.0,PTVRP_CONT,584725.0,127,0.009806700,0.009806700,0.0000,1,0.019969
Instances/Instances 2/mu1979_06.gt,1978,1000.0,86400.0,PTVRP_CONT,282230.0,52,0.009754900,0.009754900,0.0000,1,0.019134
Instances/Instances 2/mu1979_07.gt,1978,2000.0,86400.0,PTVRP_CONT,183774.0,27,0.010318100,0.010318100,0.0000,1,0.019158
Instances/Instances 2/mu1979_08.gt,1978,4000.0,86400.0,PTVRP_CONT,140651.0,15,0.010079600,0.010079600,0.0000,1,0.020146
Instances/Instances 2/mu1979_09.gt,1978,10000.0,86400.0,PTVRP_CONT,110667.0,6,0.010582300,0.010582300,0.0000,1,0.01968
Instances/Instances 2/mu1979_10.gt,1978,20000.0,86400.0,PTVRP_CONT,101983.0,4,0.010650300,0.010650300,0.0000,1,0.020081
Instances/Instances 2/nrw1379_01.gt,1378,20.0,86400.0,PTVRP_CONT,2900697.0,561,0.004486400,0.004486400,0.0000,1,0.013329
Instances/Instances 2/nrw1379_02.gt,1378,40.0,86400.0,PTVRP_CONT,1481785.0,466,0.004607100,0.004607100,0.0000,1,0.013543
Instances/Instances 2/nrw1379_03.gt,1378,100.0,86400.0,PTVRP_CONT,649974.0,290,0.004868901,0.004868901,0.0000,1,0.01438
Instances/Instances 2/nrw1379_04.gt,1378,200.0,86400.0,PTVRP_CONT,338045.0,184,0.004889100,0.004889100,0.0000,1,0.014934
Instances/Instances 2/nrw1379_05.gt,1378,400.0,86400.0,PTVRP_CONT,190950.0,93,0.004847700,0.004847700,0.0000,1,0.015981
Instances/Instances 2/nrw1379_06.gt,1378,1000.0,86400.0,PTVRP_CONT,106479.0,38,0.004846700,0.004846700,0.0000,1,0.012949
Instances/Instances 2/nrw1379_07.gt,1378,2000.0,86400.0,PTVRP_CONT,80394.0,20,0.004940700,0.004940700,0.0000,1,0.014632
Instances/Instances 2/nrw1379_08.gt,1378,4000.0,86400.0,PTVRP_CONT,67197.0,11,0.005017800,0.005017800,0.0000,1,0.014217
Instances/Instances 2/nrw1379_09.gt,1378,10000.0,86400.0,PTVRP_CONT,60155.0,4,0.005166500,0.005166500,0.0000,1,0.014056
Instances/Instances 2/nrw1379_10.gt,1378,20000.0,86400.0,PTVRP_CONT,59232.0,2,0.005240500,0.005240500,0.0000,1,0.013864
Instances/Instances 2/nu3496_01.gt,3495,20.0,86400.0,PTVRP_CONT,9981936.0,1089,0.028296000,0.028296000,0.0000,1,0.038863
Instances/Instances 2/nu3496_02.gt,3495,40.0,86400.0,PTVRP_CONT,5092426.0,882,0.028587500,0.028587500,0.0000,1,0.038522
Instances/Instances 2/nu3496_03.gt,3495,100.0,86400.0,PTVRP_CONT,2089169.0,646,0.029373800,0.029373800,0.0000,1,0.0397
Instances/Instances 2/nu3496_04.gt,3495,200.0,86400.0,PTVRP_CONT,1093331.0,416,0.029417500,0.029417500,0.0000,1,0.04049
Instances/Instances 2/nu3496_05.gt,3495,400.0,86400.0,PTVRP_CONT,592909.0,232,0.029568801,0.029568801,0.0000,1,0.040807
Instances/Instances 2/nu3496_06.gt,3495,1000.0,86400.0,PTVRP_CONT,281191.0,93,0.029060200,0.029060200,0.0000,1,0.039919
Instances/Instances 2/nu3496_07.gt,3495,2000.0,86400.0,PTVRP_CONT,185378.0,47,0.029484700,0.029484700,0.0000,1,0.040119
Instances/Instances 2/nu3496_08.gt,3495,4000.0,86400.0,PTVRP_CONT,136359.0,24,0.029665300,0.029665300,0.0000,1,0.040135
Instances/Instances 2/nu3496_09.gt,3495,10000.0,86400.0,PTVRP_CONT,110135.0,11,0.030606500,0.030606500,0.0000,1,0.041436
Instances/Instances 2/nu3496_10.gt,3495,20000.0,86400.0,PTVRP_CONT,100933.0,6,0.032651600,0.032651600,0.0000,1,0.043302
Instances/Instances 2/p654_01.gt,653,20.0,86400.0,PTVRP_CONT,4302441.0,170,0.001005700,0.001005700,0.0000,1,0.009026
Instances/Instances 2/p654_02.gt,653,40.0,86400.0,PTVRP_CONT,2101634.0,122,0.001034400,0.001034400,0.0000,1,0.009468
Instances/Instances 2/p654_03.gt,653,100.0,86400.0,PTVRP_CONT,913604.0,104,0.001097800,0.001097800,0.0000,1,0.008255
Instances/Instances 2/p654_04.gt,653,200.0,86400.0,PTVRP_CONT,457500.0,63,0.001148500,0.001148500,0.0000,1,0.008848
Instances/Instances 2/p654_05.gt,653,400.0,86400.0,PTVRP_CONT,244839.0,43,0.001172400,0.001172400,0.0000,1,0.009453
Instances/Instances 2/p654_06.gt,653,1000.0,86400.0,PTVRP_CONT,117223.0,18,0.001180600,0.001180600,0.0000,1,0.009089
Instances/Instances 2/p654_07.gt,653,2000.0,86400.0,PTVRP_CONT,71896.0,10,0.001185400,0.001185400,0.0000,1,0.00934
Instances/Instances 2/p654_08.gt,653,4000.0,86400.0,PTVRP_CONT,51913.0,5,0.001223900,0.001223900,0.0000,1,0.00844
Instances/Instances 2/p654_09.gt,653,10000.0,86400.0,PTVRP_CONT,40143.0,2,0.001195300,0.001195300,0.0000,1,0.008893
Instances/Instances 2/p654_10.gt,653,20000.0,86400.0,PTVRP_CONT,39899.0,1,0.001210400,0.001210400,0.0000,1,0.009657
Instances/Instances 2/pcb1173_01.gt,1172,20.0,86400.0,PTVRP_CONT,2827187.0,470,0.003266200,0.003266200,0.0000,1,0.012187
Instances/Instances 2/pcb1173_02.gt,1172,40.0,86400.0,PTVRP_CONT,1479254.0,369,0.003367500,0.003367500,0.0000,1,0.012167
Instances/Instances 2/pcb1173_03.gt,1172,100.0,86400.0,PTVRP_CONT,620656.0,257,0.003522500,0.003522500,0.0000,1,0.012507
Instances/Instances 2/pcb1173_04.gt,1172,200.0,86400.0,PTVRP_CONT,329933.0,159,0.003520400,0.003520400,0.0000,1,0.012956
Instances/Instances 2/pcb1173_05.gt,1172,400.0,86400.0,PTVRP_CONT,187528.0,80,0.003547000,0.003547000,0.0000,1,0.011848
Instances/Instances 2/pcb1173_06.gt,1172,1000.0,86400.0,PTVRP_CONT,103951.0,32,0.003554600,0.003554600,0.0000,1,0.012241
Instances/Instances 2/pcb1173_07.gt,1172,2000.0,86400.0,PTVRP_CONT,79415.0,17,0.003560500,0.003560500,0.0000,1,0.012015
Instances/Instances 2/pcb1173_08.gt,1172,4000.0,86400.0,PTVRP_CONT,66099.0,9,0.003646500,0.003646500,0.0000,1,0.012025
Instances/Instances 2/pcb1173_09.gt,1172,10000.0,86400.0,PTVRP_CONT,61435.0,4,0.003797500,0.003797500,0.0000,1,0.012381
Instances/Instances 2/pcb1173_10.gt,1172,20000.0,86400.0,PTVRP_CONT,59749.0,2,0.003808600,0.003808600,0.0000,1,0.01257
Instances/Instances 2/pcb3038_01.gt,3037,20.0,86400.0,PTVRP_CONT,10777614.0,1074,0.021476900,0.021476900,0.0000,1,0.03191
Instances/Instances 2/pcb3038_02.gt,3037,40.0,86400.0,PTVRP_CONT,5552073.0,895,0.021759000,0.021759000,0.0000,1,0.032556
Instances/Instances 2/pcb3038_03.gt,3037,100.0,86400.0,PTVRP_CONT,2302811.0,579,0.022142100,0.022142100,0.0000,1,0.032401
Instances/Instances 2/pcb3038_04.gt,3037,200.0,86400.0,PTVRP_CONT,1194693.0,384,0.022121901,0.022121901,0.0000,1,0.03293
Instances/Instances 2/pcb3038_05.gt,3037,400.0,86400.0,PTVRP_CONT,645346.0,202,0.022156700,0.022156700,0.0000,1,0.032586
Instances/Instances 2/pcb3038_06.gt,3037,1000.0,86400.0,PTVRP_CONT,332841.0,81,0.022195400,0.022195400,0.0000,1,0.033207
Instances/Instances 2/pcb3038_07.gt,3037,2000.0,86400.0,PTVRP_CONT,231929.0,41,0.022142900,0.022142900,0.0000,1,0.032019
Instances/Instances 2/pcb3038_08.gt,3037,4000.0,86400.0,PTVRP_CONT,177769.0,21,0.022373900,0.022373900,0.0000,1,0.032935
Instances/Instances 2/pcb3038_09.gt,3037,10000.0,86400.0,PTVRP_CONT,151671.0,9,0.023336200,0.023336200,0.0000,1,0.035742
Instances/Instances 2/pcb3038_10.gt,3037,20000.0,86400.0,PTVRP_CONT,145475.0,5,0.023413300,0.023413300,0.0000,1,0.033925
Instances/Instances 2/pcb442_01.gt,441,20.0,86400.0,PTVRP_CONT,1550629.0,196,0.000501600,0.000501600,0.0000,1,0.008242
Instances/Instances 2/pcb442_02.gt,441,40.0,86400.0,PTVRP_CONT,839013.0,149,0.000528800,0.000528800,0.0000,1,0.007653
Instances/Instances 2/pcb442_03.gt,441,100.0,86400.0,PTVRP_CONT,353526.0,100,0.000559200,0.000559200,0.0000,1,0.007884
Instances/Instances 2/pcb442_04.gt,441,200.0,86400.0,PTVRP_CONT,195444.0,61,0.000540200,0.000540200,0.0000,1,0.008503
Instances/Instances 2/pcb442_05.gt,441,400.0,86400.0,PTVRP_CONT,118419.0,30,0.000530300,0.000530300,0.0000,1,0.008404
Instances/Instances 2/pcb442_06.gt,441,1000.0,86400.0,PTVRP_CONT,75864.0,12,0.000533600,0.000533600,0.0000,1,0.007996
Instances/Instances 2/pcb442_07.gt,441,2000.0,86400.0,PTVRP_CONT,62821.0,7,0.000540300,0.000540300,0.0000,1,0.007963
Instances/Instances 2/pcb442_08.gt,441,4000.0,86400.0,PTVRP_CONT,57716.0,4,0.000546600,0.000546600,0.0000,1,0.008106
Instances/Instances 2/pcb442_09.gt,441,10000.0,86400.0,PTVRP_CONT,55052.0,2,0.000562900,0.000562900,0.0000,1,0.008022
Instances/Instances 2/pcb442_10.gt,441,20000.0,86400.0,PTVRP_CONT,55035.0,1,0.000559600,0.000559600,0.0000,1,0.007691
Instances/Instances 2/pm8079_01.gt,8078,20.0,86400.0,PTVRP_CONT,21704398.0,2219,0.149484300,0.149484300,0.0000,1,0.16099
Instances/Instances 2/pm8079_02.gt,8078,40.0,86400.0,PTVRP_CONT,10984254.0,1729,0.149092901,0.149092901,0.0000,1,0.163327
Instances/Instances 2/pm8079_03.gt,8078,100.0,86400.0,PTVRP_CONT,4445970.0,1233,0.151984700,0.151984700,0.0000,1,0.166702
Instances/Instances 2/pm8079_04.gt,8078,200.0,86400.0,PTVRP_CONT,2286284.0,863,0.150483501,0.150483501,0.0000,1,0.1642
Instances/Instances 2/pm8079_05.gt,8078,400.0,86400.0,PTVRP_CONT,1178538.0,512,0.153333100,0.153333100,0.0000,1,0.16742
Instances/Instances 2/pm8079_06.gt,8078,1000.0,86400.0,PTVRP_CONT,528860.0,212,0.160984201,0.160984201,0.0000,1,0.175231
Instances/Instances 2/pm8079_07.gt,8078,2000.0,86400.0,PTVRP_CONT,319370.0,107,0.154213301,0.154213301,0.0000,1,0.16714
Instances/Instances 2/pm8079_08.gt,8078,4000.0,86400.0,PTVRP_CONT,214352.0,54,0.154613100,0.154613100,0.0000,1,0.168315
Instances/Instances 2/pm8079_09.gt,8078,10000.0,86400.0,PTVRP_CONT,151894.0,22,0.158412401,0.158412401,0.0000,1,0.171759
Instances/Instances 2/pm8079_10.gt,8078,20000.0,86400.0,PTVRP_CONT,132679.0,12,0.160175400,0.160175400,0.0000,1,0.175674
Instances/Instances 2/pr1002_01.gt,1001,20.0,86400.0,PTVRP_CONT,13704076.0,443,0.002284500,0.002284500,0.0000,1,0.013639
Instances/Instances 2/pr1002_02.gt,1001,40.0,86400.0,PTVRP_CONT,6656691.0,328,0.002455200,0.002455200,0.0000,1,0.012741
Instances/Instances 2/pr1002_03.gt,1001,100.0,86400.0,PTVRP_CONT,2938996.0,209,0.002431600,0.002431600,0.0000,1,0.013341
Instances/Instances 2/pr1002_04.gt,1001,200.0,86400.0,PTVRP_CONT,1514865.0,129,0.002744700,0.002744700,0.0000,1,0.013443
Instances/Instances 2/pr1002_05.gt,1001,400.0,86400.0,PTVRP_CONT,850078.0,69,0.002312100,0.002312100,0.0000,1,0.013552
Instances/Instances 2/pr1002_06.gt,1001,1000.0,86400.0,PTVRP_CONT,481274.0,28,0.002323100,0.002323100,0.0000,1,0.010532
Instances/Instances 2/pr1002_07.gt,1001,2000.0,86400.0,PTVRP_CONT,363862.0,14,0.002347000,0.002347000,0.0000,1,0.011916
Instances/Instances 2/pr1002_08.gt,1001,4000.0,86400.0,PTVRP_CONT,308980.0,7,0.002407900,0.002407900,0.0000,1,0.010406
Instances/Instances 2/pr1002_09.gt,1001,10000.0,86400.0,PTVRP_CONT,283439.0,4,0.002556100,0.002556100,0.0000,1,0.011741
Instances/Instances 2/pr1002_10.gt,1001,20000.0,86400.0,PTVRP_CONT,283439.0,4,0.002576900,0.002576900,0.0000,1,0.011205
Instances/Instances 2/pr107_01.gt,106,20.0,86400.0,PTVRP_CONT,1431303.0,52,0.000032500,0.000032500,0.0000,1,0.00795
Instances/Instances 2/pr107_02.gt,106,40.0,86400.0,PTVRP_CONT,733118.0,46,0.000035600,0.000035600,0.0000,1,0.006748
Instances/Instances 2/pr107_03.gt,106,100.0,86400.0,PTVRP_CONT,327341.0,25,0.000039800,0.000039800,0.0000,1,0.00735
Instances/Instances 2/pr107_04.gt,106,200.0,86400.0,PTVRP_CONT,158217.0,14,0.000038700,0.000038700,0.0000,1,0.008006
Instances/Instances 2/pr107_05.gt,106,400.0,86400.0,PTVRP_CONT,102577.0,8,0.000045500,0.000045500,0.0000,1,0.007158
Instances/Instances 2/pr107_06.gt,106,1000.0,86400.0,PTVRP_CONT,65048.0,3,0.000036500,0.000036500,0.0000,1,0.006722
Instances/Instances 2/pr107_07.gt,106,2000.0,86400.0,PTVRP_CONT,50502.0,2,0.000035800,0.000035800,0.0000,1,0.006079
Instances/Instances 2/pr107_08.gt,106,4000.0,86400.0,PTVRP_CONT,50502.0,1,0.000032400,0.000032400,0.0000,1,0.005693
Instances/Instances 2/pr107_09.gt,106,10000.0,86400.0,PTVRP_CONT,50502.0,1,0.000032400,0.000032400,0.0000,1,0.006346
Instances/Instances 2/pr107_10.gt,106,20000.0,86400.0,PTVRP_CONT,50502.0,1,0.000032600,0.000032600,0.0000,1,0.005886
Instances/Instances 2/pr124_01.gt,123,20.0,86400.0,PTVRP_CONT,1409460.0,56,0.000043500,0.000043500,0.0000,1,0.006259
Instances/Instances 2/pr124_02.gt,123,40.0,86400.0,PTVRP_CONT,789985.0,44,0.000046100,0.000046100,0.0000,1,0.005668
Instances/Instances 2/pr124_03.gt,123,100.0,86400.0,PTVRP_CONT,312976.0,27,0.000050200,0.000050200,0.0000,1,0.005491
Instances/Instances 2/pr124_04.gt,123,200.0,86400.0,PTVRP_CONT,191131.0,17,0.000050100,0.000050100,0.0000,1,0.00536
Instances/Instances 2/pr124_05.gt,123,400.0,86400.0,PTVRP_CONT,117602.0,9,0.000049400,0.000049400,0.0000,1,0.005128
Instances/Instances 2/pr124_06.gt,123,1000.0,86400.0,PTVRP_CONT,83132.0,4,0.000047100,0.000047100,0.0000,1,0.004766
Instances/Instances 2/pr124_07.gt,123,2000.0,86400.0,PTVRP_CONT,71966.0,2,0.000044800,0.000044800,0.0000,1,0.005238
Instances/Instances 2/pr124_08.gt,123,4000.0,86400.0,PTVRP_CONT,66676.0,1,0.000043400,0.000043400,0.0000,1,0.005612
Instances/Instances 2/pr124_09.gt,123,10000.0,86400.0,PTVRP_CONT,66676.0,1,0.000043300,0.000043300,0.0000,1,0.004938
Instances/Instances 2/pr124_10.gt,123,20000.0,86400.0,PTVRP_CONT,66676.0,1,0.000043300,0.000043300,0.0000,1,0.005015
Instances/Instances 2/pr136_01.gt,135,20.0,86400.0,PTVRP_CONT,1850248.0,73,0.000049700,0.000049700,0.0000,1,0.005116
Instances/Instances 2/pr136_02.gt,135,40.0,86400.0,PTVRP_CONT,954015.0,54,0.000085300,0.000085300,0.0000,1,0.00638
Instances/Instances 2/pr136_03.gt,135,100.0,86400.0,PTVRP_CONT,422564.0,34,0.000058800,0.000058800,0.0000,1,0.005566
Instances/Instances 2/pr136_04.gt,135,200.0,86400.0,PTVRP_CONT,255301.0,20,0.000056500,0.000056500,0.0000,1,0.005729
Instances/Instances 2/pr136_05.gt,135,400.0,86400.0,PTVRP_CONT,165517.0,9,0.000054900,0.000054900,0.0000,1,0.005636
Instances/Instances 2/pr136_06.gt,135,1000.0,86400.0,PTVRP_CONT,121273.0,4,0.000054000,0.000054000,0.0000,1,0.005441
Instances/Instances 2/pr136_07.gt,135,2000.0,86400.0,PTVRP_CONT,112838.0,2,0.000053500,0.000053500,0.0000,1,0.006271
Instances/Instances 2/pr136_08.gt,135,4000.0,86400.0,PTVRP_CONT,107219.0,2,0.000053300,0.000053300,0.0000,1,0.005825
Instances/Instances 2/pr136_09.gt,135,10000.0,86400.0,PTVRP_CONT,107219.0,2,0.000053400,0.000053400,0.0000,1,0.005852
Instances/Instances 2/pr136_10.gt,135,20000.0,86400.0,PTVRP_CONT,107219.0,2,0.000053400,0.000053400,0.0000,1,0.005394
Instances/Instances 2/pr144_01.gt,143,20.0,86400.0,PTVRP_CONT,1698228.0,67,0.000056800,0.000056800,0.0000,1,0.005007
Instances/Instances 2/pr144_02.gt,143,40.0,86400.0,PTVRP_CONT,844665.0,52,0.000061100,0.000061100,0.0000,1,0.005821
Instances/Instances 2/pr144_03.gt,143,100.0,86400.0,PTVRP_CONT,383246.0,38,0.000068700,0.000068700,0.0000,1,0.005464
Instances/Instances 2/pr144_04.gt,143,200.0,86400.0,PTVRP_CONT,199286.0,20,0.000065800,0.000065800,0.0000,1,0.005313
Instances/Instances 2/pr144_05.gt,143,400.0,86400.0,PTVRP_CONT,131764.0,11,0.000064100,0.000064100,0.0000,1,0.005747
Instances/Instances 2/pr144_06.gt,143,1000.0,86400.0,PTVRP_CONT,83690.0,4,0.000062600,0.000062600,0.0000,1,0.005066
Instances/Instances 2/pr144_07.gt,143,2000.0,86400.0,PTVRP_CONT,71677.0,3,0.000060000,0.000060000,0.0000,1,0.005258
Instances/Instances 2/pr144_08.gt,143,4000.0,86400.0,PTVRP_CONT,68780.0,1,0.000058300,0.000058300,0.0000,1,0.005813
Instances/Instances 2/pr144_09.gt,143,10000.0,86400.0,PTVRP_CONT,68780.0,1,0.000058300,0.000058300,0.0000,1,0.006195
Instances/Instances 2/pr144_10.gt,143,20000.0,86400.0,PTVRP_CONT,68780.0,1,0.000058300,0.000058300,0.0000,1,0.006739
Instances/Instances 2/pr152_01.gt,151,20.0,86400.0,PTVRP_CONT,2079458.0,74,0.000061600,0.000061600,0.0000,1,0.007163
Instances/Instances 2/pr152_02.gt,151,40.0,86400.0,PTVRP_CONT,1017935.0,59,0.000065200,0.000065200,0.0000,1,0.005436
Instances/Instances 2/pr152_03.gt,151,100.0,86400.0,PTVRP_CONT,483116.0,40,0.000071300,0.000071300,0.0000,1,0.006143
Instances/Instances 2/pr152_04.gt,151,200.0,86400.0,PTVRP_CONT,248047.0,20,0.000071300,0.000071300,0.0000,1,0.004888
Instances/Instances 2/pr152_05.gt,151,400.0,86400.0,PTVRP_CONT,162729.0,11,0.000069200,0.000069200,0.0000,1,0.005672
Instances/Instances 2/pr152_06.gt,151,1000.0,86400.0,PTVRP_CONT,107390.0,5,0.000068400,0.000068400,0.0000,1,0.00588
Instances/Instances 2/pr152_07.gt,151,2000.0,86400.0,PTVRP_CONT,89575.0,2,0.000066000,0.000066000,0.0000,1,0.005868
Instances/Instances 2/pr152_08.gt,151,4000.0,86400.0,PTVRP_CONT,89575.0,2,0.000065200,0.000065200,0.0000,1,0.005391
Instances/Instances 2/pr152_09.gt,151,10000.0,86400.0,PTVRP_CONT,89575.0,2,0.000065400,0.000065400,0.0000,1,0.005289
Instances/Instances 2/pr152_10.gt,151,20000.0,86400.0,PTVRP_CONT,89575.0,2,0.000065700,0.000065700,0.0000,1,0.006071
Instances/Instances 2/pr226_01.gt,225,20.0,86400.0,PTVRP_CONT,3535353.0,96,0.000129200,0.000129200,0.0000,1,0.005948
Instances/Instances 2/pr226_02.gt,225,40.0,86400.0,PTVRP_CONT,1809620.0,65,0.000134600,0.000134600,0.0000,1,0.006515
Instances/Instances 2/pr226_03.gt,225,100.0,86400.0,PTVRP_CONT,726861.0,41,0.000143700,0.000143700,0.0000,1,0.006328
Instances/Instances 2/pr226_04.gt,225,200.0,86400.0,PTVRP_CONT,423171.0,27,0.000145400,0.000145400,0.0000,1,0.006539
Instances/Instances 2/pr226_05.gt,225,400.0,86400.0,PTVRP_CONT,229788.0,15,0.000143100,0.000143100,0.0000,1,0.006136
Instances/Instances 2/pr226_06.gt,225,1000.0,86400.0,PTVRP_CONT,140925.0,6,0.000142400,0.000142400,0.0000,1,0.005063
Instances/Instances 2/pr226_07.gt,225,2000.0,86400.0,PTVRP_CONT,112461.0,3,0.000140200,0.000140200,0.0000,1,0.005637
Instances/Instances 2/pr226_08.gt,225,4000.0,86400.0,PTVRP_CONT,102122.0,2,0.000143900,0.000143900,0.0000,1,0.00479
Instances/Instances 2/pr226_09.gt,225,10000.0,86400.0,PTVRP_CONT,97856.0,2,0.000143500,0.000143500,0.0000,1,0.005332
Instances/Instances 2/pr226_10.gt,225,20000.0,86400.0,PTVRP_CONT,97856.0,2,0.000142900,0.000142900,0.0000,1,0.00578
Instances/Instances 2/pr2392_01.gt,2391,20.0,86400.0,PTVRP_CONT,29811896.0,961,0.013205700,0.013205700,0.0000,1,0.020684
Instances/Instances 2/pr2392_02.gt,2391,40.0,86400.0,PTVRP_CONT,15663717.0,677,0.013214900,0.013214900,0.0000,1,0.023898
Instances/Instances 2/pr2392_03.gt,2391,100.0,86400.0,PTVRP_CONT,6459415.0,457,0.013510500,0.013510500,0.0000,1,0.024486
Instances/Instances 2/pr2392_04.gt,2391,200.0,86400.0,PTVRP_CONT,3356260.0,299,0.013417200,0.013417200,0.0000,1,0.023719
Instances/Instances 2/pr2392_05.gt,2391,400.0,86400.0,PTVRP_CONT,1817581.0,158,0.013492300,0.013492300,0.0000,1,0.024424
Instances/Instances 2/pr2392_06.gt,2391,1000.0,86400.0,PTVRP_CONT,957752.0,66,0.013485801,0.013485801,0.0000,1,0.023779
Instances/Instances 2/pr2392_07.gt,2391,2000.0,86400.0,PTVRP_CONT,642532.0,33,0.013573200,0.013573200,0.0000,1,0.023034
Instances/Instances 2/pr2392_08.gt,2391,4000.0,86400.0,PTVRP_CONT,504475.0,17,0.013619600,0.013619600,0.0000,1,0.022403
Instances/Instances 2/pr2392_09.gt,2391,10000.0,86400.0,PTVRP_CONT,420652.0,7,0.013959300,0.013959300,0.0000,1,0.024258
Instances/Instances 2/pr2392_10.gt,2391,20000.0,86400.0,PTVRP_CONT,410093.0,6,0.014049200,0.014049200,0.0000,1,0.02475
Instances/Instances 2/pr264_01.gt,263,20.0,86400.0,PTVRP_CONT,2473645.0,102,0.000174400,0.000174400,0.0000,1,0.009136
Instances/Instances 2/pr264_02.gt,263,40.0,86400.0,PTVRP_CONT,1411735.0,84,0.000224100,0.000224100,0.0000,1,0.006995
Instances/Instances 2/pr264_03.gt,263,100.0,86400.0,PTVRP_CONT,597584.0,51,0.000196300,0.000196300,0.0000,1,0.006558
Instances/Instances 2/pr264_04.gt,263,200.0,86400.0,PTVRP_CONT,313564.0,37,0.000268800,0.000268800,0.0000,1,0.008157
Instances/Instances 2/pr264_05.gt,263,400.0,86400.0,PTVRP_CONT,160496.0,18,0.000193500,0.000193500,0.0000,1,0.006569
Instances/Instances 2/pr264_06.gt,263,1000.0,86400.0,PTVRP_CONT,91669.0,8,0.000195200,0.000195200,0.0000,1,0.007319
Instances/Instances 2/pr264_07.gt,263,2000.0,86400.0,PTVRP_CONT,68338.0,5,0.000194200,0.000194200,0.0000,1,0.007464
Instances/Instances 2/pr264_08.gt,263,4000.0,86400.0,PTVRP_CONT,56527.0,3,0.000194300,0.000194300,0.0000,1,0.006138
Instances/Instances 2/pr264_09.gt,263,10000.0,86400.0,PTVRP_CONT,50874.0,1,0.000193600,0.000193600,0.0000,1,0.005703
Instances/Instances 2/pr264_10.gt,263,20000.0,86400.0,PTVRP_CONT,50874.0,1,0.000193500,0.000193500,0.0000,1,0.005521
Instances/Instances 2/pr299_01.gt,298,20.0,86400.0,PTVRP_CONT,1535659.0,141,0.000228500,0.000228500,0.0000,1,0.006286
Instances/Instances 2/pr299_02.gt,298,40.0,86400.0,PTVRP_CONT,877745.0,111,0.000237600,0.000237600,0.0000,1,0.005496
Instances/Instances 2/pr299_03.gt,298,100.0,86400.0,PTVRP_CONT,385897.0,69,0.000261800,0.000261800,0.0000,1,0.005922
Instances/Instances 2/pr299_04.gt,298,200.0,86400.0,PTVRP_CONT,193863.0,39,0.000258500,0.000258500,0.0000,1,0.009098
Instances/Instances 2/pr299_05.gt,298,400.0,86400.0,PTVRP_CONT,117143.0,20,0.000253800,0.000253800,0.0000,1,0.00672
Instances/Instances 2/pr299_06.gt,298,1000.0,86400.0,PTVRP_CONT,74980.0,8,0.000250600,0.000250600,0.0000,1,0.005803
Instances/Instances 2/pr299_07.gt,298,2000.0,86400.0,PTVRP_CONT,60992.0,5,0.000251300,0.000251300,0.0000,1,0.006973
Instances/Instances 2/pr299_08.gt,298,4000.0,86400.0,PTVRP_CONT,56211.0,3,0.000253200,0.000253200,0.0000,1,0.006731
Instances/Instances 2/pr299_09.gt,298,10000.0,86400.0,PTVRP_CONT,54703.0,1,0.000248000,0.000248000,0.0000,1,0.005353
Instances/Instances 2/pr299_10.gt,298,20000.0,86400.0,PTVRP_CONT,54703.0,1,0.000248200,0.000248200,0.0000,1,0.006044
Instances/Instances 2/pr439_01.gt,438,20.0,86400.0,PTVRP_CONT,3824747.0,197,0.000466800,0.000466800,0.0000,1,0.005961
Instances/Instances 2/pr439_02.gt,438,40.0,86400.0,PTVRP_CONT,2129727.0,162,0.000479800,0.000479800,0.0000,1,0.00706
Instances/Instances 2/pr439_03.gt,438,100.0,86400.0,PTVRP_CONT,894461.0,102,0.000505700,0.000505700,0.0000,1,0.006468
Instances/Instances 2/pr439_04.gt,438,200.0,86400.0,PTVRP_CONT,474380.0,58,0.000507000,0.000507000,0.0000,1,0.006828
Instances/Instances 2/pr439_05.gt,438,400.0,86400.0,PTVRP_CONT,290794.0,31,0.000510000,0.000510000,0.0000,1,0.006719
Instances/Instances 2/pr439_06.gt,438,1000.0,86400.0,PTVRP_CONT,170676.0,13,0.000504900,0.000504900,0.0000,1,0.006341
Instances/Instances 2/pr439_07.gt,438,2000.0,86400.0,PTVRP_CONT,139239.0,7,0.000507400,0.000507400,0.0000,1,0.005714
Instances/Instances 2/pr439_08.gt,438,4000.0,86400.0,PTVRP_CONT,121241.0,4,0.000514700,0.000514700,0.0000,1,0.006381
Instances/Instances 2/pr439_09.gt,438,10000.0,86400.0,PTVRP_CONT,117489.0,2,0.000532600,0.000532600,0.0000,1,0.006032
Instances/Instances 2/pr439_10.gt,438,20000.0,86400.0,PTVRP_CONT,117489.0,2,0.000532400,0.000532400,0.0000,1,0.006304
Instances/Instances 2/pr76_01.gt,75,20.0,86400.0,PTVRP_CONT,1305457.0,44,0.000017100,0.000017100,0.0000,1,0.005984
Instances/Instances 2/pr76_02.gt,75,40.0,86400.0,PTVRP_CONT,690100.0,32,0.000018700,0.000018700,0.0000,1,0.005397
Instances/Instances 2/pr76_03.gt,75,100.0,86400.0,PTVRP_CONT,339052.0,25,0.000020600,0.000020600,0.0000,1,0.00617
Instances/Instances 2/pr76_04.gt,75,200.0,86400.0,PTVRP_CONT,195275.0,10,0.000019900,0.000019900,0.0000,1,0.005668
Instances/Instances 2/pr76_05.gt,75,400.0,86400.0,PTVRP_CONT,157160.0,6,0.000019900,0.000019900,0.0000,1,0.005241
Instances/Instances 2/pr76_06.gt,75,1000.0,86400.0,PTVRP_CONT,124689.0,2,0.000018800,0.000018800,0.0000,1,0.006402
Instances/Instances 2/pr76_07.gt,75,2000.0,86400.0,PTVRP_CONT,124689.0,2,0.000018400,0.000018400,0.0000,1,0.007168
Instances/Instances 2/pr76_08.gt,75,4000.0,86400.0,PTVRP_CONT,124689.0,2,0.000018900,0.000018900,0.0000,1,0.00635
Instances/Instances 2/pr76_09.gt,75,10000.0,86400.0,PTVRP_CONT,124689.0,2,0.000018300,0.000018300,0.0000,1,0.006751
Instances/Instances 2/pr76_10.gt,75,20000.0,86400.0,PTVRP_CONT,124689.0,2,0.000018200,0.000018200,0.0000,1,0.005848
Instances/Instances 2/qa194_01.gt,193,20.0,86400.0,PTVRP_CONT,208610.0,97,0.000108400,0.000108400,0.0000,1,0.006298
Instances/Instances 2/qa194_02.gt,193,40.0,86400.0,PTVRP_CONT,108926.0,82,0.000118200,0.000118200,0.0000,1,0.005348
Instances/Instances 2/qa194_03.gt,193,100.0,86400.0,PTVRP_CONT,45009.0,49,0.000143400,0.000143400,0.0000,1,0.006007
Instances/Instances 2/qa194_04.gt,193,200.0,86400.0,PTVRP_CONT,27373.0,28,0.000137400,0.000137400,0.0000,1,0.00623
Instances/Instances 2/qa194_05.gt,193,400.0,86400.0,PTVRP_CONT,18229.0,14,0.000126100,0.000126100,0.0000,1,0.005384
Instances/Instances 2/qa194_06.gt,193,1000.0,86400.0,PTVRP_CONT,12997.0,6,0.000113600,0.000113600,0.0000,1,0.005579
Instances/Instances 2/qa194_07.gt,193,2000.0,86400.0,PTVRP_CONT,11122.0,3,0.000110200,0.000110200,0.0000,1,0.004943
Instances/Instances 2/qa194_08.gt,193,4000.0,86400.0,PTVRP_CONT,10519.0,2,0.000106400,0.000106400,0.0000,1,0.005528
Instances/Instances 2/qa194_09.gt,193,10000.0,86400.0,PTVRP_CONT,10469.0,1,0.000105400,0.000105400,0.0000,1,0.007636
Instances/Instances 2/qa194_10.gt,193,20000.0,86400.0,PTVRP_CONT,10469.0,1,0.000105300,0.000105300,0.0000,1,0.00737
Instances/Instances 2/rat195_01.gt,194,20.0,86400.0,PTVRP_CONT,51522.0,105,0.000113600,0.000113600,0.0000,1,0.006378
Instances/Instances 2/rat195_02.gt,194,40.0,86400.0,PTVRP_CONT,26155.0,79,0.000156200,0.000156200,0.0000,1,0.006465
Instances/Instances 2/rat195_03.gt,194,100.0,86400.0,PTVRP_CONT,11329.0,51,0.000146900,0.000146900,0.0000,1,0.006445
Instances/Instances 2/rat195_04.gt,194,200.0,86400.0,PTVRP_CONT,6264.0,28,0.000136200,0.000136200,0.0000,1,0.005995
Instances/Instances 2/rat195_05.gt,194,400.0,86400.0,PTVRP_CONT,4260.0,14,0.000125700,0.000125700,0.0000,1,0.005509
Instances/Instances 2/rat195_06.gt,194,1000.0,86400.0,PTVRP_CONT,2978.0,6,0.000114400,0.000114400,0.0000,1,0.005031
Instances/Instances 2/rat195_07.gt,194,2000.0,86400.0,PTVRP_CONT,2630.0,3,0.000110600,0.000110600,0.0000,1,0.006468
Instances/Instances 2/rat195_08.gt,194,4000.0,86400.0,PTVRP_CONT,2587.0,2,0.000107700,0.000107700,0.0000,1,0.005504
Instances/Instances 2/rat195_09.gt,194,10000.0,86400.0,PTVRP_CONT,2581.0,1,0.000106100,0.000106100,0.0000,1,0.006603
Instances/Instances 2/rat195_10.gt,194,20000.0,86400.0,PTVRP_CONT,2581.0,1,0.000106000,0.000106000,0.0000,1,0.006111
Instances/Instances 2/rat575_01.gt,574,20.0,86400.0,PTVRP_CONT,244321.0,280,0.000842400,0.000842400,0.0000,1,0.00765
Instances/Instances 2/rat575_02.gt,574,40.0,86400.0,PTVRP_CONT,122964.0,220,0.000920000,0.000920000,0.0000,1,0.007769
Instances/Instances 2/rat575_03.gt,574,100.0,86400.0,PTVRP_CONT,50267.0,133,0.001047000,0.001047000,0.0000,1,0.006918
Instances/Instances 2/rat575_04.gt,574,200.0,86400.0,PTVRP_CONT,28679.0,80,0.001020100,0.001020100,0.0000,1,0.008232
Instances/Instances 2/rat575_05.gt,574,400.0,86400.0,PTVRP_CONT,17406.0,39,0.001025300,0.001025300,0.0000,1,0.008607
Instances/Instances 2/rat575_06.gt,574,1000.0,86400.0,PTVRP_CONT,10471.0,16,0.001013900,0.001013900,0.0000,1,0.007939
Instances/Instances 2/rat575_07.gt,574,2000.0,86400.0,PTVRP_CONT,8567.0,9,0.000972700,0.000972700,0.0000,1,0.008877
Instances/Instances 2/rat575_08.gt,574,4000.0,86400.0,PTVRP_CONT,7691.0,4,0.000947900,0.000947900,0.0000,1,0.00902
Instances/Instances 2/rat575_09.gt,574,10000.0,86400.0,PTVRP_CONT,7378.0,3,0.000922900,0.000922900,0.0000,1,0.009333
Instances/Instances 2/rat575_10.gt,574,20000.0,86400.0,PTVRP_CONT,7265.0,1,0.000914000,0.000914000,0.0000,1,0.008211
Instances/Instances 2/rat783_01.gt,782,20.0,86400.0,PTVRP_CONT,373979.0,335,0.001560600,0.001560600,0.0000,1,0.009714
Instances/Instances 2/rat783_02.gt,782,40.0,86400.0,PTVRP_CONT,187305.0,261,0.001637700,0.001637700,0.0000,1,0.009126
Instances/Instances 2/rat783_03.gt,782,100.0,86400.0,PTVRP_CONT,82400.0,183,0.001853600,0.001853600,0.0000,1,0.00863
Instances/Instances 2/rat783_04.gt,782,200.0,86400.0,PTVRP_CONT,43245.0,102,0.001804500,0.001804500,0.0000,1,0.008821
Instances/Instances 2/rat783_05.gt,782,400.0,86400.0,PTVRP_CONT,25430.0,56,0.001773600,0.001773600,0.0000,1,0.009351
Instances/Instances 2/rat783_06.gt,782,1000.0,86400.0,PTVRP_CONT,15139.0,22,0.001782500,0.001782500,0.0000,1,0.008246
Instances/Instances 2/rat783_07.gt,782,2000.0,86400.0,PTVRP_CONT,11603.0,12,0.001791700,0.001791700,0.0000,1,0.00918
Instances/Instances 2/rat783_08.gt,782,4000.0,86400.0,PTVRP_CONT,10027.0,6,0.001745800,0.001745800,0.0000,1,0.008577
Instances/Instances 2/rat783_09.gt,782,10000.0,86400.0,PTVRP_CONT,9552.0,3,0.001713500,0.001713500,0.0000,1,0.00949
Instances/Instances 2/rat783_10.gt,782,20000.0,86400.0,PTVRP_CONT,9389.0,1,0.001697200,0.001697200,0.0000,1,0.009812
Instances/Instances 2/rat99_01.gt,98,20.0,86400.0,PTVRP_CONT,16503.0,57,0.000033800,0.000033800,0.0000,1,0.007875
Instances/Instances 2/rat99_02.gt,98,40.0,86400.0,PTVRP_CONT,8994.0,48,0.000037400,0.000037400,0.0000,1,0.006447
Instances/Instances 2/rat99_03.gt,98,100.0,86400.0,PTVRP_CONT,4580.0,27,0.000040200,0.000040200,0.0000,1,0.006356
Instances/Instances 2/rat99_04.gt,98,200.0,86400.0,PTVRP_CONT,2833.0,14,0.000037200,0.000037200,0.0000,1,0.005504
Instances/Instances 2/rat99_05.gt,98,400.0,86400.0,PTVRP_CONT,1869.0,7,0.000033200,0.000033200,0.0000,1,0.006345
Instances/Instances 2/rat99_06.gt,98,1000.0,86400.0,PTVRP_CONT,1470.0,3,0.000030800,0.000030800,0.0000,1,0.006522
Instances/Instances 2/rat99_07.gt,98,2000.0,86400.0,PTVRP_CONT,1399.0,2,0.000028600,0.000028600,0.0000,1,0.005474
Instances/Instances 2/rat99_08.gt,98,4000.0,86400.0,PTVRP_CONT,1395.0,1,0.000027900,0.000027900,0.0000,1,0.005
Instances/Instances 2/rat99_09.gt,98,10000.0,86400.0,PTVRP_CONT,1395.0,1,0.000027900,0.000027900,0.0000,1,0.00724
Instances/Instances 2/rat99_10.gt,98,20000.0,86400.0,PTVRP_CONT,1395.0,1,0.000027800,0.000027800,0.0000,1,0.005141
Instances/Instances 2/rd100_01.gt,99,20.0,86400.0,PTVRP_CONT,107009.0,50,0.000034000,0.000034000,0.0000,1,0.005051
Instances/Instances 2/rd100_02.gt,99,40.0,86400.0,PTVRP_CONT,60993.0,44,0.000037600,0.000037600,0.0000,1,0.005153
Instances/Instances 2/rd100_03.gt,99,100.0,86400.0,PTVRP_CONT,30031.0,30,0.000043600,0.000043600,0.0000,1,0.007121
Instances/Instances 2/rd100_04.gt,99,200.0,86400.0,PTVRP_CONT,17776.0,15,0.000039700,0.000039700,0.0000,1,0.006252
Instances/Instances 2/rd100_05.gt,99,400.0,86400.0,PTVRP_CONT,11939.0,7,0.000034800,0.000034800,0.0000,1,0.005403
Instances/Instances 2/rd100_06.gt,99,1000.0,86400.0,PTVRP_CONT,9875.0,4,0.000031600,0.000031600,0.0000,1,0.00638
Instances/Instances 2/rd100_07.gt,99,2000.0,86400.0,PTVRP_CONT,9356.0,2,0.000029400,0.000029400,0.0000,1,0.005645
Instances/Instances 2/rd100_08.gt,99,4000.0,86400.0,PTVRP_CONT,8967.0,1,0.000028900,0.000028900,0.0000,1,0.006923
Instances/Instances 2/rd100_09.gt,99,10000.0,86400.0,PTVRP_CONT,8967.0,1,0.000028500,0.000028500,0.0000,1,0.00734
Instances/Instances 2/rd100_10.gt,99,20000.0,86400.0,PTVRP_CONT,8967.0,1,0.000028300,0.000028300,0.0000,1,0.005686
Instances/Instances 2/rd400_01.gt,399,20.0,86400.0,PTVRP_CONT,442893.0,194,0.000413200,0.000413200,0.0000,1,0.006448
Instances/Instances 2/rd400_02.gt,399,40.0,86400.0,PTVRP_CONT,227178.0,167,0.000443300,0.000443300,0.0000,1,0.007165
Instances/Instances 2/rd400_03.gt,399,100.0,86400.0,PTVRP_CONT,100521.0,98,0.000535000,0.000535000,0.0000,1,0.007171
Instances/Instances 2/rd400_04.gt,399,200.0,86400.0,PTVRP_CONT,52887.0,53,0.000492000,0.000492000,0.0000,1,0.006165
Instances/Instances 2/rd400_05.gt,399,400.0,86400.0,PTVRP_CONT,34887.0,30,0.000483100,0.000483100,0.0000,1,0.007128
Instances/Instances 2/rd400_06.gt,399,1000.0,86400.0,PTVRP_CONT,21380.0,12,0.000474600,0.000474600,0.0000,1,0.006999
Instances/Instances 2/rd400_07.gt,399,2000.0,86400.0,PTVRP_CONT,17809.0,6,0.000462200,0.000462200,0.0000,1,0.006369
Instances/Instances 2/rd400_08.gt,399,4000.0,86400.0,PTVRP_CONT,16168.0,3,0.000452500,0.000452500,0.0000,1,0.006415
Instances/Instances 2/rd400_09.gt,399,10000.0,86400.0,PTVRP_CONT,15473.0,2,0.000444500,0.000444500,0.0000,1,0.00738
Instances/Instances 2/rd400_10.gt,399,20000.0,86400.0,PTVRP_CONT,15316.0,1,0.000443700,0.000443700,0.0000,1,0.006576
Instances/Instances 2/rl11849_01.gt,11848,20.0,86400.0,PTVRP_CONT,171385867.0,4565,0.320532701,0.320532701,0.0000,1,0.336349
Instances/Instances 2/rl11849_02.gt,11848,40.0,86400.0,PTVRP_CONT,86085907.0,2937,0.317639701,0.317639701,0.0000,1,0.334287
Instances/Instances 2/rl11849_03.gt,11848,100.0,86400.0,PTVRP_CONT,34891640.0,1798,0.315676201,0.315676201,0.0000,1,0.333553
Instances/Instances 2/rl11849_04.gt,11848,200.0,86400.0,PTVRP_CONT,17732426.0,1259,0.317087201,0.317087201,0.0000,1,0.332298
Instances/Instances 2/rl11849_05.gt,11848,400.0,86400.0,PTVRP_CONT,9318777.0,767,0.319476701,0.319476701,0.0000,1,0.334828
Instances/Instances 2/rl11849_06.gt,11848,1000.0,86400.0,PTVRP_CONT,4134816.0,311,0.319584702,0.319584702,0.0000,1,0.335907
Instances/Instances 2/rl11849_07.gt,11848,2000.0,86400.0,PTVRP_CONT,2497882.0,159,0.326464501,0.326464501,0.0000,1,0.346505
Instances/Instances 2/rl11849_08.gt,11848,4000.0,86400.0,PTVRP_CONT,1663784.0,79,0.322124201,0.322124201,0.0000,1,0.335371
Instances/Instances 2/rl11849_09.gt,11848,10000.0,86400.0,PTVRP_CONT,1182604.0,33,0.321858801,0.321858801,0.0000,1,0.339
Instances/Instances 2/rl11849_10.gt,11848,20000.0,86400.0,PTVRP_CONT,1026008.0,18,0.322813301,0.322813301,0.0000,1,0.337631
Instances/Instances 2/rl1304_01.gt,1303,20.0,86400.0,PTVRP_CONT,18841723.0,580,0.003959500,0.003959500,0.0000,1,0.014554
Instances/Instances 2/rl1304_02.gt,1303,40.0,86400.0,PTVRP_CONT,9644354.0,385,0.003934800,0.003934800,0.0000,1,0.012194
Instances/Instances 2/rl1304_03.gt,1303,100.0,86400.0,PTVRP_CONT,4041218.0,260,0.004031900,0.004031900,0.0000,1,0.013393
Instances/Instances 2/rl1304_04.gt,1303,200.0,86400.0,PTVRP_CONT,2037727.0,164,0.004021100,0.004021100,0.0000,1,0.013692
Instances/Instances 2/rl1304_05.gt,1303,400.0,86400.0,PTVRP_CONT,1129403.0,88,0.004092600,0.004092600,0.0000,1,0.013809
Instances/Instances 2/rl1304_06.gt,1303,1000.0,86400.0,PTVRP_CONT,580361.0,35,0.004159300,0.004159300,0.0000,1,0.012748
Instances/Instances 2/rl1304_07.gt,1303,2000.0,86400.0,PTVRP_CONT,401899.0,19,0.004065000,0.004065000,0.0000,1,0.013503
Instances/Instances 2/rl1304_08.gt,1303,4000.0,86400.0,PTVRP_CONT,311174.0,10,0.004129600,0.004129600,0.0000,1,0.013624
Instances/Instances 2/rl1304_09.gt,1303,10000.0,86400.0,PTVRP_CONT,280421.0,5,0.004311200,0.004311200,0.0000,1,0.014195
Instances/Instances 2/rl1304_10.gt,1303,20000.0,86400.0,PTVRP_CONT,277708.0,4,0.004346700,0.004346700,0.0000,1,0.012837
Instances/Instances 2/rl1323_01.gt,1322,20.0,86400.0,PTVRP_CONT,20770192.0,557,0.004051600,0.004051600,0.0000,1,0.012172
Instances/Instances 2/rl1323_02.gt,1322,40.0,86400.0,PTVRP_CONT,9981873.0,407,0.004083800,0.004083800,0.0000,1,0.01324
Instances/Instances 2/rl1323_03.gt,1322,100.0,86400.0,PTVRP_CONT,4123202.0,258,0.004158600,0.004158600,0.0000,1,0.013469
Instances/Instances 2/rl1323_04.gt,1322,200.0,86400.0,PTVRP_CONT,2177917.0,173,0.004171300,0.004171300,0.0000,1,0.01267
Instances/Instances 2/rl1323_05.gt,1322,400.0,86400.0,PTVRP_CONT,1195852.0,91,0.004183500,0.004183500,0.0000,1,0.012708
Instances/Instances 2/rl1323_06.gt,1322,1000.0,86400.0,PTVRP_CONT,622721.0,36,0.004211000,0.004211000,0.0000,1,0.01417
Instances/Instances 2/rl1323_07.gt,1322,2000.0,86400.0,PTVRP_CONT,435188.0,19,0.004249500,0.004249500,0.0000,1,0.012645
Instances/Instances 2/rl1323_08.gt,1322,4000.0,86400.0,PTVRP_CONT,343638.0,10,0.004247600,0.004247600,0.0000,1,0.012587
Instances/Instances 2/rl1323_09.gt,1322,10000.0,86400.0,PTVRP_CONT,305210.0,5,0.004443400,0.004443400,0.0000,1,0.013166
Instances/Instances 2/rl1323_10.gt,1322,20000.0,86400.0,PTVRP_CONT,305210.0,5,0.004429600,0.004429600,0.0000,1,0.015203
Instances/Instances 2/rl1889_01.gt,1888,20.0,86400.0,PTVRP_CONT,30137720.0,789,0.008223500,0.008223500,0.0000,1,0.019623
Instances/Instances 2/rl1889_02.gt,1888,40.0,86400.0,PTVRP_CONT,15108861.0,561,0.008489400,0.008489400,0.0000,1,0.019095
Instances/Instances 2/rl1889_03.gt,1888,100.0,86400.0,PTVRP_CONT,6272466.0,344,0.008539300,0.008539300,0.0000,1,0.017956
Instances/Instances 2/rl1889_04.gt,1888,200.0,86400.0,PTVRP_CONT,3248313.0,228,0.008414900,0.008414900,0.0000,1,0.017394
Instances/Instances 2/rl1889_05.gt,1888,400.0,86400.0,PTVRP_CONT,1761285.0,127,0.008411600,0.008411600,0.0000,1,0.017603
Instances/Instances 2/rl1889_06.gt,1888,1000.0,86400.0,PTVRP_CONT,864321.0,51,0.008678900,0.008678900,0.0000,1,0.017662
Instances/Instances 2/rl1889_07.gt,1888,2000.0,86400.0,PTVRP_CONT,584162.0,27,0.008491100,0.008491100,0.0000,1,0.017228
Instances/Instances 2/rl1889_08.gt,1888,4000.0,86400.0,PTVRP_CONT,439497.0,14,0.008589900,0.008589900,0.0000,1,0.018042
Instances/Instances 2/rl1889_09.gt,1888,10000.0,86400.0,PTVRP_CONT,359202.0,6,0.008839200,0.008839200,0.0000,1,0.018031
Instances/Instances 2/rl1889_10.gt,1888,20000.0,86400.0,PTVRP_CONT,351630.0,6,0.008941200,0.008941200,0.0000,1,0.017712
Instances/Instances 2/rl5915_01.gt,5914,20.0,86400.0,PTVRP_CONT,83146568.0,2270,0.079529401,0.079529401,0.0000,1,0.092292
Instances/Instances 2/rl5915_02.gt,5914,40.0,86400.0,PTVRP_CONT,42081110.0,1484,0.079224800,0.079224800,0.0000,1,0.091011
Instances/Instances 2/rl5915_03.gt,5914,100.0,86400.0,PTVRP_CONT,17328936.0,927,0.078954700,0.078954700,0.0000,1,0.093422
Instances/Instances 2/rl5915_04.gt,5914,200.0,86400.0,PTVRP_CONT,8794278.0,665,0.079610901,0.079610901,0.0000,1,0.090711
Instances/Instances 2/rl5915_05.gt,5914,400.0,86400.0,PTVRP_CONT,4616007.0,381,0.081552100,0.081552100,0.0000,1,0.093991
Instances/Instances 2/rl5915_06.gt,5914,1000.0,86400.0,PTVRP_CONT,2154063.0,158,0.081391900,0.081391900,0.0000,1,0.094368
Instances/Instances 2/rl5915_07.gt,5914,2000.0,86400.0,PTVRP_CONT,1309085.0,79,0.081613001,0.081613001,0.0000,1,0.097088
Instances/Instances 2/rl5915_08.gt,5914,4000.0,86400.0,PTVRP_CONT,914546.0,42,0.081664700,0.081664700,0.0000,1,0.094503
Instances/Instances 2/rl5915_09.gt,5914,10000.0,86400.0,PTVRP_CONT,684988.0,18,0.081302601,0.081302601,0.0000,1,0.092272
Instances/Instances 2/rl5915_10.gt,5914,20000.0,86400.0,PTVRP_CONT,622673.0,10,0.084470400,0.084470400,0.0000,1,0.095629
Instances/Instances 2/rl5934_01.gt,5933,20.0,86400.0,PTVRP_CONT,84169002.0,2339,0.080719500,0.080719500,0.0000,1,0.094267
Instances/Instances 2/rl5934_02.gt,5933,40.0,86400.0,PTVRP_CONT,41719081.0,1594,0.079889001,0.079889001,0.0000,1,0.093606
Instances/Instances 2/rl5934_03.gt,5933,100.0,86400.0,PTVRP_CONT,16903589.0,997,0.079935100,0.079935100,0.0000,1,0.094041
Instances/Instances 2/rl5934_04.gt,5933,200.0,86400.0,PTVRP_CONT,8807558.0,668,0.080009500,0.080009500,0.0000,1,0.091442
Instances/Instances 2/rl5934_05.gt,5933,400.0,86400.0,PTVRP_CONT,4534110.0,386,0.079983101,0.079983101,0.0000,1,0.09228
Instances/Instances 2/rl5934_06.gt,5933,1000.0,86400.0,PTVRP_CONT,2110204.0,158,0.087703700,0.087703700,0.0000,1,0.101201
Instances/Instances 2/rl5934_07.gt,5933,2000.0,86400.0,PTVRP_CONT,1314665.0,80,0.081940400,0.081940400,0.0000,1,0.094486
Instances/Instances 2/rl5934_08.gt,5933,4000.0,86400.0,PTVRP_CONT,904911.0,42,0.082482200,0.082482200,0.0000,1,0.094396
Instances/Instances 2/rl5934_09.gt,5933,10000.0,86400.0,PTVRP_CONT,678749.0,18,0.081566200,0.081566200,0.0000,1,0.094078
Instances/Instances 2/rl5934_10.gt,5933,20000.0,86400.0,PTVRP_CONT,613159.0,9,0.084773101,0.084773101,0.0000,1,0.096663
Instances/Instances 2/rw1621_01.gt,1620,20.0,86400.0,PTVRP_CONT,2391345.0,531,0.006286900,0.006286900,0.0000,1,0.01526
Instances/Instances 2/rw1621_02.gt,1620,40.0,86400.0,PTVRP_CONT,1199112.0,420,0.006526100,0.006526100,0.0000,1,0.0141
Instances/Instances 2/rw1621_03.gt,1620,100.0,86400.0,PTVRP_CONT,495162.0,298,0.007179900,0.007179900,0.0000,1,0.01706
Instances/Instances 2/rw1621_04.gt,1620,200.0,86400.0,PTVRP_CONT,262188.0,204,0.006966300,0.006966300,0.0000,1,0.017221
Instances/Instances 2/rw1621_05.gt,1620,400.0,86400.0,PTVRP_CONT,139406.0,109,0.006827200,0.006827200,0.0000,1,0.014921
Instances/Instances 2/rw1621_06.gt,1620,1000.0,86400.0,PTVRP_CONT,68691.0,43,0.006797400,0.006797400,0.0000,1,0.016564
Instances/Instances 2/rw1621_07.gt,1620,2000.0,86400.0,PTVRP_CONT,46476.0,23,0.006905100,0.006905100,0.0000,1,0.015931
Instances/Instances 2/rw1621_08.gt,1620,4000.0,86400.0,PTVRP_CONT,36176.0,12,0.007098500,0.007098500,0.0000,1,0.016065
Instances/Instances 2/rw1621_09.gt,1620,10000.0,86400.0,PTVRP_CONT,29392.0,5,0.007362100,0.007362100,0.0000,1,0.016446
Instances/Instances 2/rw1621_10.gt,1620,20000.0,86400.0,PTVRP_CONT,27739.0,3,0.007319900,0.007319900,0.0000,1,0.016926
Instances/Instances 2/st70_01.gt,69,20.0,86400.0,PTVRP_CONT,7414.0,41,0.000017500,0.000017500,0.0000,1,0.007934
Instances/Instances 2/st70_02.gt,69,40.0,86400.0,PTVRP_CONT,4366.0,33,0.000019700,0.000019700,0.0000,1,0.007628
Instances/Instances 2/st70_03.gt,69,100.0,86400.0,PTVRP_CONT,2076.0,20,0.000022600,0.000022600,0.0000,1,0.007714
Instances/Instances 2/st70_04.gt,69,200.0,86400.0,PTVRP_CONT,1255.0,11,0.000019500,0.000019500,0.0000,1,0.007106
Instances/Instances 2/st70_05.gt,69,400.0,86400.0,PTVRP_CONT,974.0,6,0.000017500,0.000017500,0.0000,1,0.006333
Instances/Instances 2/st70_06.gt,69,1000.0,86400.0,PTVRP_CONT,794.0,3,0.000015800,0.000015800,0.0000,1,0.006007
Instances/Instances 2/st70_07.gt,69,2000.0,86400.0,PTVRP_CONT,780.0,1,0.000014500,0.000014500,0.0000,1,0.00618
Instances/Instances 2/st70_08.gt,69,4000.0,86400.0,PTVRP_CONT,780.0,1,0.000014200,0.000014200,0.0000,1,0.005116
Instances/Instances 2/st70_09.gt,69,10000.0,86400.0,PTVRP_CONT,780.0,1,0.000014300,0.000014300,0.0000,1,0.00535
Instances/Instances 2/st70_10.gt,69,20000.0,86400.0,PTVRP_CONT,780.0,1,0.000014300,0.000014300,0.0000,1,0.0051
Instances/Instances 2/sw24978_01.gt,24977,20.0,86400.0,PTVRP_CONT,216192004.0,7552,1.433679505,1.433679505,0.0000,1,1.456254
Instances/Instances 2/sw24978_02.gt,24977,40.0,86400.0,PTVRP_CONT,108173763.0,5292,1.425721506,1.425721506,0.0000,1,1.451843
Instances/Instances 2/sw24978_03.gt,24977,100.0,86400.0,PTVRP_CONT,43925669.0,3438,1.410117906,1.410117906,0.0000,1,1.441381
Instances/Instances 2/sw24978_04.gt,24977,200.0,86400.0,PTVRP_CONT,22469886.0,2478,1.423283906,1.423283906,0.0000,1,1.449963
Instances/Instances 2/sw24978_05.gt,24977,400.0,86400.0,PTVRP_CONT,11371426.0,1518,1.438551908,1.438551908,0.0000,1,1.465311
Instances/Instances 2/sw24978_06.gt,24977,1000.0,86400.0,PTVRP_CONT,5048739.0,654,1.422209807,1.422209807,0.0000,1,1.447516
Instances/Instances 2/sw24978_07.gt,24977,2000.0,86400.0,PTVRP_CONT,2908289.0,325,1.458121007,1.458121007,0.0000,1,1.489126
Instances/Instances 2/sw24978_08.gt,24977,4000.0,86400.0,PTVRP_CONT,1861338.0,164,1.433167708,1.433167708,0.0000,1,1.457733
Instances/Instances 2/sw24978_09.gt,24977,10000.0,86400.0,PTVRP_CONT,1245566.0,67,1.464051908,1.464051908,0.0000,1,1.491258
Instances/Instances 2/sw24978_10.gt,24977,20000.0,86400.0,PTVRP_CONT,1041100.0,36,1.448580105,1.448580105,0.0000,1,1.471438
Instances/Instances 2/ts225_01.gt,224,20.0,86400.0,PTVRP_CONT,3372707.0,113,0.000121000,0.000121000,0.0000,1,0.009908
Instances/Instances 2/ts225_02.gt,224,40.0,86400.0,PTVRP_CONT,1962568.0,88,0.000126100,0.000126100,0.0000,1,0.008103
Instances/Instances 2/ts225_03.gt,224,100.0,86400.0,PTVRP_CONT,755713.0,60,0.000139200,0.000139200,0.0000,1,0.006585
Instances/Instances 2/ts225_04.gt,224,200.0,86400.0,PTVRP_CONT,440938.0,33,0.000143900,0.000143900,0.0000,1,0.005761
Instances/Instances 2/ts225_05.gt,224,400.0,86400.0,PTVRP_CONT,272708.0,16,0.000230000,0.000230000,0.0000,1,0.008494
Instances/Instances 2/ts225_06.gt,224,1000.0,86400.0,PTVRP_CONT,171841.0,7,0.000137700,0.000137700,0.0000,1,0.006747
Instances/Instances 2/ts225_07.gt,224,2000.0,86400.0,PTVRP_CONT,148763.0,4,0.000133300,0.000133300,0.0000,1,0.005701
Instances/Instances 2/ts225_08.gt,224,4000.0,86400.0,PTVRP_CONT,143060.0,3,0.000138300,0.000138300,0.0000,1,0.0069
Instances/Instances 2/ts225_09.gt,224,10000.0,86400.0,PTVRP_CONT,143060.0,3,0.000138100,0.000138100,0.0000,1,0.007051
Instances/Instances 2/ts225_10.gt,224,20000.0,86400.0,PTVRP_CONT,143060.0,3,0.000141000,0.000141000,0.0000,1,0.006461
Instances/Instances 2/tsp225_01.gt,224,20.0,86400.0,PTVRP_CONT,86922.0,101,0.000145500,0.000145500,0.0000,1,0.00523
Instances/Instances 2/tsp225_02.gt,224,40.0,86400.0,PTVRP_CONT,51568.0,96,0.000160800,0.000160800,0.0000,1,0.006081
Instances/Instances 2/tsp225_03.gt,224,100.0,86400.0,PTVRP_CONT,19648.0,59,0.000187700,0.000187700,0.0000,1,0.005277
Instances/Instances 2/tsp225_04.gt,224,200.0,86400.0,PTVRP_CONT,12031.0,33,0.000176500,0.000176500,0.0000,1,0.005567
Instances/Instances 2/tsp225_05.gt,224,400.0,86400.0,PTVRP_CONT,7704.0,16,0.000163300,0.000163300,0.0000,1,0.006745
Instances/Instances 2/tsp225_06.gt,224,1000.0,86400.0,PTVRP_CONT,5113.0,6,0.000151100,0.000151100,0.0000,1,0.005643
Instances/Instances 2/tsp225_07.gt,224,2000.0,86400.0,PTVRP_CONT,4602.0,3,0.000146900,0.000146900,0.0000,1,0.005961
Instances/Instances 2/tsp225_08.gt,224,4000.0,86400.0,PTVRP_CONT,4425.0,2,0.000143000,0.000143000,0.0000,1,0.005401
Instances/Instances 2/tsp225_09.gt,224,10000.0,86400.0,PTVRP_CONT,4418.0,1,0.000140900,0.000140900,0.0000,1,0.005964
Instances/Instances 2/tsp225_10.gt,224,20000.0,86400.0,PTVRP_CONT,4418.0,1,0.000162000,0.000162000,0.0000,1,0.006113
Instances/Instances 2/tz6117_01.gt,6116,20.0,86400.0,PTVRP_CONT,60869139.0,2046,0.085878600,0.085878600,0.0000,1,0.095181
Instances/Instances 2/tz6117_02.gt,6116,40.0,86400.0,PTVRP_CONT,31382950.0,1427,0.085311500,0.085311500,0.0000,1,0.099132
Instances/Instances 2/tz6117_03.gt,6116,100.0,86400.0,PTVRP_CONT,12671790.0,939,0.088225801,0.088225801,0.0000,1,0.101785
Instances/Instances 2/tz6117_04.gt,6116,200.0,86400.0,PTVRP_CONT,6557761.0,667,0.085589100,0.085589100,0.0000,1,0.099246
Instances/Instances 2/tz6117_05.gt,6116,400.0,86400.0,PTVRP_CONT,3337555.0,388,0.085365301,0.085365301,0.0000,1,0.097678
Instances/Instances 2/tz6117_06.gt,6116,1000.0,86400.0,PTVRP_CONT,1569054.0,163,0.087338500,0.087338500,0.0000,1,0.100384
Instances/Instances 2/tz6117_07.gt,6116,2000.0,86400.0,PTVRP_CONT,965299.0,81,0.087492100,0.087492100,0.0000,1,0.100782
Instances/Instances 2/tz6117_08.gt,6116,4000.0,86400.0,PTVRP_CONT,674007.0,42,0.086874001,0.086874001,0.0000,1,0.101431
Instances/Instances 2/tz6117_09.gt,6116,10000.0,86400.0,PTVRP_CONT,499086.0,17,0.090221600,0.090221600,0.0000,1,0.103096
Instances/Instances 2/tz6117_10.gt,6116,20000.0,86400.0,PTVRP_CONT,441130.0,9,0.091032800,0.091032800,0.0000,1,0.106021
Instances/Instances 2/u1060_01.gt,1059,20.0,86400.0,PTVRP_CONT,13870350.0,469,0.002615600,0.002615600,0.0000,1,0.01112
Instances/Instances 2/u1060_02.gt,1059,40.0,86400.0,PTVRP_CONT,7000301.0,327,0.002641100,0.002641100,0.0000,1,0.011995
Instances/Instances 2/u1060_03.gt,1059,100.0,86400.0,PTVRP_CONT,2930870.0,249,0.002690300,0.002690300,0.0000,1,0.011934
Instances/Instances 2/u1060_04.gt,1059,200.0,86400.0,PTVRP_CONT,1562703.0,134,0.002741000,0.002741000,0.0000,1,0.011155
Instances/Instances 2/u1060_05.gt,1059,400.0,86400.0,PTVRP_CONT,855343.0,72,0.002707200,0.002707200,0.0000,1,0.011863
Instances/Instances 2/u1060_06.gt,1059,1000.0,86400.0,PTVRP_CONT,463822.0,29,0.002722500,0.002722500,0.0000,1,0.010873
Instances/Instances 2/u1060_07.gt,1059,2000.0,86400.0,PTVRP_CONT,337836.0,15,0.002780000,0.002780000,0.0000,1,0.01076
Instances/Instances 2/u1060_08.gt,1059,4000.0,86400.0,PTVRP_CONT,273038.0,8,0.002763800,0.002763800,0.0000,1,0.010848
Instances/Instances 2/u1060_09.gt,1059,10000.0,86400.0,PTVRP_CONT,245381.0,4,0.002899400,0.002899400,0.0000,1,0.011568
Instances/Instances 2/u1060_10.gt,1059,20000.0,86400.0,PTVRP_CONT,245381.0,4,0.002912800,0.002912800,0.0000,1,0.010901
Instances/Instances 2/u1432_01.gt,1431,20.0,86400.0,PTVRP_CONT,7772481.0,574,0.004819100,0.004819100,0.0000,1,0.014246
Instances/Instances 2/u1432_02.gt,1431,40.0,86400.0,PTVRP_CONT,4195853.0,469,0.004880200,0.004880200,0.0000,1,0.012995
Instances/Instances 2/u1432_03.gt,1431,100.0,86400.0,PTVRP_CONT,1720119.0,306,0.004993000,0.004993000,0.0000,1,0.013522
Instances/Instances 2/u1432_04.gt,1431,200.0,86400.0,PTVRP_CONT,911025.0,193,0.005007500,0.005007500,0.0000,1,0.01393
Instances/Instances 2/u1432_05.gt,1431,400.0,86400.0,PTVRP_CONT,525785.0,98,0.005000400,0.005000400,0.0000,1,0.013949
Instances/Instances 2/u1432_06.gt,1431,1000.0,86400.0,PTVRP_CONT,291794.0,40,0.005006700,0.005006700,0.0000,1,0.0137
Instances/Instances 2/u1432_07.gt,1431,2000.0,86400.0,PTVRP_CONT,216895.0,21,0.005056200,0.005056200,0.0000,1,0.013738
Instances/Instances 2/u1432_08.gt,1431,4000.0,86400.0,PTVRP_CONT,181236.0,10,0.005169400,0.005169400,0.0000,1,0.015799
Instances/Instances 2/u1432_09.gt,1431,10000.0,86400.0,PTVRP_CONT,163339.0,5,0.005264100,0.005264100,0.0000,1,0.016333
Instances/Instances 2/u1432_10.gt,1431,20000.0,86400.0,PTVRP_CONT,157856.0,3,0.005489900,0.005489900,0.0000,1,0.015701
Instances/Instances 2/u159_01.gt,158,20.0,86400.0,PTVRP_CONT,1025901.0,76,0.000069800,0.000069800,0.0000,1,0.007715
Instances/Instances 2/u159_02.gt,158,40.0,86400.0,PTVRP_CONT,502668.0,68,0.000078200,0.000078200,0.0000,1,0.006817
Instances/Instances 2/u159_03.gt,158,100.0,86400.0,PTVRP_CONT,204628.0,36,0.000083700,0.000083700,0.0000,1,0.00712
Instances/Instances 2/u159_04.gt,158,200.0,86400.0,PTVRP_CONT,121332.0,21,0.000081200,0.000081200,0.0000,1,0.007336
Instances/Instances 2/u159_05.gt,158,400.0,86400.0,PTVRP_CONT,81028.0,11,0.000078600,0.000078600,0.0000,1,0.006726
Instances/Instances 2/u159_06.gt,158,1000.0,86400.0,PTVRP_CONT,53603.0,4,0.000076800,0.000076800,0.0000,1,0.006001
Instances/Instances 2/u159_07.gt,158,2000.0,86400.0,PTVRP_CONT,48990.0,3,0.000074900,0.000074900,0.0000,1,0.007425
Instances/Instances 2/u159_08.gt,158,4000.0,86400.0,PTVRP_CONT,47958.0,2,0.000071400,0.000071400,0.0000,1,0.006902
Instances/Instances 2/u159_09.gt,158,10000.0,86400.0,PTVRP_CONT,47792.0,1,0.000070700,0.000070700,0.0000,1,0.00606
Instances/Instances 2/u159_10.gt,158,20000.0,86400.0,PTVRP_CONT,47792.0,1,0.000070900,0.000070900,0.0000,1,0.006774
Instances/Instances 2/u1817_01.gt,1816,20.0,86400.0,PTVRP_CONT,4252091.0,658,0.007758200,0.007758200,0.0000,1,0.015105
Instances/Instances 2/u1817_02.gt,1816,40.0,86400.0,PTVRP_CONT,2176754.0,548,0.007927600,0.007927600,0.0000,1,0.017197
Instances/Instances 2/u1817_03.gt,1816,100.0,86400.0,PTVRP_CONT,900900.0,355,0.008252100,0.008252100,0.0000,1,0.018691
Instances/Instances 2/u1817_04.gt,1816,200.0,86400.0,PTVRP_CONT,485166.0,228,0.008316800,0.008316800,0.0000,1,0.019183
Instances/Instances 2/u1817_05.gt,1816,400.0,86400.0,PTVRP_CONT,257388.0,124,0.008255400,0.008255400,0.0000,1,0.018869
Instances/Instances 2/u1817_06.gt,1816,1000.0,86400.0,PTVRP_CONT,134263.0,50,0.008303400,0.008303400,0.0000,1,0.017227
Instances/Instances 2/u1817_07.gt,1816,2000.0,86400.0,PTVRP_CONT,95570.0,26,0.008410700,0.008410700,0.0000,1,0.018045
Instances/Instances 2/u1817_08.gt,1816,4000.0,86400.0,PTVRP_CONT,74993.0,13,0.008701600,0.008701600,0.0000,1,0.018627
Instances/Instances 2/u1817_09.gt,1816,10000.0,86400.0,PTVRP_CONT,64302.0,6,0.008849600,0.008849600,0.0000,1,0.019596
Instances/Instances 2/u1817_10.gt,1816,20000.0,86400.0,PTVRP_CONT,61230.0,3,0.008954000,0.008954000,0.0000,1,0.017738
Instances/Instances 2/u2152_01.gt,2151,20.0,86400.0,PTVRP_CONT,5069364.0,776,0.010996300,0.010996300,0.0000,1,0.0226
Instances/Instances 2/u2152_02.gt,2151,40.0,86400.0,PTVRP_CONT,2609790.0,613,0.011275901,0.011275901,0.0000,1,0.022691
Instances/Instances 2/u2152_03.gt,2151,100.0,86400.0,PTVRP_CONT,1087953.0,428,0.011232400,0.011232400,0.0000,1,0.020591
Instances/Instances 2/u2152_04.gt,2151,200.0,86400.0,PTVRP_CONT,564237.0,265,0.011386600,0.011386600,0.0000,1,0.020438
Instances/Instances 2/u2152_05.gt,2151,400.0,86400.0,PTVRP_CONT,303111.0,144,0.011437200,0.011437200,0.0000,1,0.020612
Instances/Instances 2/u2152_06.gt,2151,1000.0,86400.0,PTVRP_CONT,156642.0,58,0.011628100,0.011628100,0.0000,1,0.021624
Instances/Instances 2/u2152_07.gt,2151,2000.0,86400.0,PTVRP_CONT,108799.0,29,0.011666500,0.011666500,0.0000,1,0.020983
Instances/Instances 2/u2152_08.gt,2151,4000.0,86400.0,PTVRP_CONT,84694.0,16,0.011910200,0.011910200,0.0000,1,0.021123
Instances/Instances 2/u2152_09.gt,2151,10000.0,86400.0,PTVRP_CONT,71630.0,7,0.012003200,0.012003200,0.0000,1,0.022424
Instances/Instances 2/u2152_10.gt,2151,20000.0,86400.0,PTVRP_CONT,68776.0,5,0.012712700,0.012712700,0.0000,1,0.02208
Instances/Instances 2/u2319_01.gt,2318,20.0,86400.0,PTVRP_CONT,12257919.0,916,0.012645200,0.012645200,0.0000,1,0.022257
Instances/Instances 2/u2319_02.gt,2318,40.0,86400.0,PTVRP_CONT,6350097.0,717,0.012573900,0.012573900,0.0000,1,0.022661
Instances/Instances 2/u2319_03.gt,2318,100.0,86400.0,PTVRP_CONT,2646782.0,497,0.012690800,0.012690800,0.0000,1,0.022851
Instances/Instances 2/u2319_04.gt,2318,200.0,86400.0,PTVRP_CONT,1410939.0,308,0.013178901,0.013178901,0.0000,1,0.023955
Instances/Instances 2/u2319_05.gt,2318,400.0,86400.0,PTVRP_CONT,784556.0,155,0.012913600,0.012913600,0.0000,1,0.023699
Instances/Instances 2/u2319_06.gt,2318,1000.0,86400.0,PTVRP_CONT,446696.0,65,0.013107500,0.013107500,0.0000,1,0.022916
Instances/Instances 2/u2319_07.gt,2318,2000.0,86400.0,PTVRP_CONT,329709.0,32,0.012931300,0.012931300,0.0000,1,0.023494
Instances/Instances 2/u2319_08.gt,2318,4000.0,86400.0,PTVRP_CONT,276624.0,17,0.013200900,0.013200900,0.0000,1,0.023616
Instances/Instances 2/u2319_09.gt,2318,10000.0,86400.0,PTVRP_CONT,250126.0,8,0.013144000,0.013144000,0.0000,1,0.025064
Instances/Instances 2/u2319_10.gt,2318,20000.0,86400.0,PTVRP_CONT,243057.0,4,0.013806700,0.013806700,0.0000,1,0.024144
Instances/Instances 2/u574_01.gt,573,20.0,86400.0,PTVRP_CONT,1434352.0,249,0.000816400,0.000816400,0.0000,1,0.009493
Instances/Instances 2/u574_02.gt,573,40.0,86400.0,PTVRP_CONT,743452.0,204,0.000837600,0.000837600,0.0000,1,0.009167
Instances/Instances 2/u574_03.gt,573,100.0,86400.0,PTVRP_CONT,298327.0,134,0.000908100,0.000908100,0.0000,1,0.008938
Instances/Instances 2/u574_04.gt,573,200.0,86400.0,PTVRP_CONT,165539.0,78,0.000927300,0.000927300,0.0000,1,0.008307
Instances/Instances 2/u574_05.gt,573,400.0,86400.0,PTVRP_CONT,97397.0,39,0.000898100,0.000898100,0.0000,1,0.00878
Instances/Instances 2/u574_06.gt,573,1000.0,86400.0,PTVRP_CONT,60696.0,17,0.000899700,0.000899700,0.0000,1,0.008516
Instances/Instances 2/u574_07.gt,573,2000.0,86400.0,PTVRP_CONT,47960.0,9,0.000914200,0.000914200,0.0000,1,0.008775
Instances/Instances 2/u574_08.gt,573,4000.0,86400.0,PTVRP_CONT,42506.0,4,0.000956200,0.000956200,0.0000,1,0.008764
Instances/Instances 2/u574_09.gt,573,10000.0,86400.0,PTVRP_CONT,40147.0,2,0.000917400,0.000917400,0.0000,1,0.008745
Instances/Instances 2/u574_10.gt,573,20000.0,86400.0,PTVRP_CONT,40130.0,1,0.000918800,0.000918800,0.0000,1,0.009748
Instances/Instances 2/u724_01.gt,723,20.0,86400.0,PTVRP_CONT,1805898.0,321,0.001274400,0.001274400,0.0000,1,0.009722
Instances/Instances 2/u724_02.gt,723,40.0,86400.0,PTVRP_CONT,937968.0,242,0.001362200,0.001362200,0.0000,1,0.01005
Instances/Instances 2/u724_03.gt,723,100.0,86400.0,PTVRP_CONT,381510.0,164,0.001415000,0.001415000,0.0000,1,0.009402
Instances/Instances 2/u724_04.gt,723,200.0,86400.0,PTVRP_CONT,212011.0,94,0.001417300,0.001417300,0.0000,1,0.009175
Instances/Instances 2/u724_05.gt,723,400.0,86400.0,PTVRP_CONT,124941.0,51,0.001399300,0.001399300,0.0000,1,0.008333
Instances/Instances 2/u724_06.gt,723,1000.0,86400.0,PTVRP_CONT,72420.0,21,0.001409700,0.001409700,0.0000,1,0.0091
Instances/Instances 2/u724_07.gt,723,2000.0,86400.0,PTVRP_CONT,55068.0,11,0.001444800,0.001444800,0.0000,1,0.00963
Instances/Instances 2/u724_08.gt,723,4000.0,86400.0,PTVRP_CONT,46997.0,6,0.001462100,0.001462100,0.0000,1,0.009114
Instances/Instances 2/u724_09.gt,723,10000.0,86400.0,PTVRP_CONT,45169.0,3,0.001540200,0.001540200,0.0000,1,0.009344
Instances/Instances 2/u724_10.gt,723,20000.0,86400.0,PTVRP_CONT,44989.0,1,0.001454600,0.001454600,0.0000,1,0.008872
Instances/Instances 2/usa13509_01.gt,13508,20.0,86400.0,PTVRP_CONT,NO SOLUTION,,0.421144601,0.421144601,0.0000,1,0.438956
Instances/Instances 2/usa13509_02.gt,13508,40.0,86400.0,PTVRP_CONT,NO SOLUTION,,0.413629402,0.413629402,0.0000,1,0.432125
Instances/Instances 2/usa13509_03.gt,13508,100.0,86400.0,PTVRP_CONT,NO SOLUTION,,0.417541902,0.417541902,0.0000,1,0.433788
Instances/Instances 2/usa13509_04.gt,13508,200.0,86400.0,PTVRP_CONT,NO SOLUTION,,0.412696101,0.412696101,0.0000,1,0.431249
Instances/Instances 2/usa13509_05.gt,13508,400.0,86400.0,PTVRP_CONT,NO SOLUTION,,0.409733902,0.409733902,0.0000,1,0.42716
Instances/Instances 2/usa13509_06.gt,13508,1000.0,86400.0,PTVRP_CONT,NO SOLUTION,,0.411758201,0.411758201,0.0000,1,0.432272
Instances/Instances 2/usa13509_07.gt,13508,2000.0,86400.0,PTVRP_CONT,NO SOLUTION,,0.409998202,0.409998202,0.0000,1,0.428336
Instances/Instances 2/usa13509_08.gt,13508,4000.0,86400.0,PTVRP_CONT,NO SOLUTION,,0.418487101,0.418487101,0.0000,1,0.438857
Instances/Instances 2/usa13509_09.gt,13508,10000.0,86400.0,PTVRP_CONT,NO SOLUTION,,0.414115401,0.414115401,0.0000,1,0.433276
Instances/Instances 2/usa13509_10.gt,13508,20000.0,86400.0,PTVRP_CONT,NO SOLUTION,,0.407975902,0.407975902,0.0000,1,0.427111
Instances/Instances 2/uy734_01.gt,733,20.0,86400.0,PTVRP_CONT,3323235.0,302,0.001285500,0.001285500,0.0000,1,0.009708
Instances/Instances 2/uy734_02.gt,733,40.0,86400.0,PTVRP_CONT,1826082.0,249,0.001289100,0.001289100,0.0000,1,0.00835
Instances/Instances 2/uy734_03.gt,733,100.0,86400.0,PTVRP_CONT,738187.0,160,0.001362900,0.001362900,0.0000,1,0.009418
Instances/Instances 2/uy734_04.gt,733,200.0,86400.0,PTVRP_CONT,399549.0,100,0.001404800,0.001404800,0.0000,1,0.008256
Instances/Instances 2/uy734_05.gt,733,400.0,86400.0,PTVRP_CONT,228866.0,49,0.001406900,0.001406900,0.0000,1,0.008373
Instances/Instances 2/uy734_06.gt,733,1000.0,86400.0,PTVRP_CONT,134983.0,21,0.001382700,0.001382700,0.0000,1,0.008719
Instances/Instances 2/uy734_07.gt,733,2000.0,86400.0,PTVRP_CONT,106108.0,11,0.001380300,0.001380300,0.0000,1,0.008252
Instances/Instances 2/uy734_08.gt,733,4000.0,86400.0,PTVRP_CONT,90894.0,6,0.001436900,0.001436900,0.0000,1,0.008957
Instances/Instances 2/uy734_09.gt,733,10000.0,86400.0,PTVRP_CONT,85530.0,3,0.001416900,0.001416900,0.0000,1,0.008757
Instances/Instances 2/uy734_10.gt,733,20000.0,86400.0,PTVRP_CONT,85164.0,1,0.001464300,0.001464300,0.0000,1,0.009213
Instances/Instances 2/vm1084_01.gt,1083,20.0,86400.0,PTVRP_CONT,17941763.0,472,0.002855600,0.002855600,0.0000,1,0.010009
Instances/Instances 2/vm1084_02.gt,1083,40.0,86400.0,PTVRP_CONT,8943347.0,318,0.002741900,0.002741900,0.0000,1,0.010041
Instances/Instances 2/vm1084_03.gt,1083,100.0,86400.0,PTVRP_CONT,3661791.0,209,0.002803000,0.002803000,0.0000,1,0.010035
Instances/Instances 2/vm1084_04.gt,1083,200.0,86400.0,PTVRP_CONT,1906799.0,131,0.002874400,0.002874400,0.0000,1,0.010162
Instances/Instances 2/vm1084_05.gt,1083,400.0,86400.0,PTVRP_CONT,1057265.0,71,0.002832700,0.002832700,0.0000,1,0.009675
Instances/Instances 2/vm1084_06.gt,1083,1000.0,86400.0,PTVRP_CONT,542469.0,30,0.002890500,0.002890500,0.0000,1,0.009844
Instances/Instances 2/vm1084_07.gt,1083,2000.0,86400.0,PTVRP_CONT,377742.0,16,0.002880900,0.002880900,0.0000,1,0.01069
Instances/Instances 2/vm1084_08.gt,1083,4000.0,86400.0,PTVRP_CONT,301938.0,8,0.002877300,0.002877300,0.0000,1,0.010428
Instances/Instances 2/vm1084_09.gt,1083,10000.0,86400.0,PTVRP_CONT,260270.0,4,0.002984000,0.002984000,0.0000,1,0.010699
Instances/Instances 2/vm1084_10.gt,1083,20000.0,86400.0,PTVRP_CONT,260270.0,4,0.003020300,0.003020300,0.0000,1,0.010034
Instances/Instances 2/vm1748_01.gt,1747,20.0,86400.0,PTVRP_CONT,30957344.0,785,0.007093100,0.007093100,0.0000,1,0.016098
Instances/Instances 2/vm1748_02.gt,1747,40.0,86400.0,PTVRP_CONT,15462234.0,520,0.007159200,0.007159200,0.0000,1,0.017041
Instances/Instances 2/vm1748_03.gt,1747,100.0,86400.0,PTVRP_CONT,6237018.0,320,0.007146100,0.007146100,0.0000,1,0.017485
Instances/Instances 2/vm1748_04.gt,1747,200.0,86400.0,PTVRP_CONT,3324686.0,201,0.007178000,0.007178000,0.0000,1,0.017476
Instances/Instances 2/vm1748_05.gt,1747,400.0,86400.0,PTVRP_CONT,1780988.0,115,0.007217500,0.007217500,0.0000,1,0.016199
Instances/Instances 2/vm1748_06.gt,1747,1000.0,86400.0,PTVRP_CONT,876726.0,46,0.007268600,0.007268600,0.0000,1,0.01677
Instances/Instances 2/vm1748_07.gt,1747,2000.0,86400.0,PTVRP_CONT,597978.0,22,0.007294000,0.007294000,0.0000,1,0.016761
Instances/Instances 2/vm1748_08.gt,1747,4000.0,86400.0,PTVRP_CONT,460006.0,13,0.007416100,0.007416100,0.0000,1,0.016963
Instances/Instances 2/vm1748_09.gt,1747,10000.0,86400.0,PTVRP_CONT,376320.0,6,0.007576200,0.007576200,0.0000,1,0.016779
Instances/Instances 2/vm1748_10.gt,1747,20000.0,86400.0,PTVRP_CONT,370285.0,5,0.007663100,0.007663100,0.0000,1,0.017442
Instances/Instances 2/vm22775_01.gt,22774,20.0,86400.0,PTVRP_CONT,271789200.0,7370,1.180974007,1.180974007,0.0000,1,1.205642
Instances/Instances 2/vm22775_02.gt,22774,40.0,86400.0,PTVRP_CONT,135723338.0,4529,1.190533007,1.190533007,0.0000,1,1.213909
Instances/Instances 2/vm22775_03.gt,22774,100.0,86400.0,PTVRP_CONT,54261290.0,2687,1.196097307,1.196097307,0.0000,1,1.217074
Instances/Instances 2/vm22775_04.gt,22774,200.0,86400.0,PTVRP_CONT,27519129.0,1966,1.174882806,1.174882806,0.0000,1,1.195794
Instances/Instances 2/vm22775_05.gt,22774,400.0,86400.0,PTVRP_CONT,14064490.0,1308,1.177212107,1.177212107,0.0000,1,1.200216
Instances/Instances 2/vm22775_06.gt,22774,1000.0,86400.0,PTVRP_CONT,5848763.0,585,1.199158007,1.199158007,0.0000,1,1.222233
Instances/Instances 2/vm22775_07.gt,22774,2000.0,86400.0,PTVRP_CONT,3205805.0,295,1.182150003,1.182150003,0.0000,1,1.207654
Instances/Instances 2/vm22775_08.gt,22774,4000.0,86400.0,PTVRP_CONT,1871706.0,148,1.189973703,1.189973703,0.0000,1,1.212533
Instances/Instances 2/vm22775_09.gt,22774,10000.0,86400.0,PTVRP_CONT,1082862.0,61,1.188534102,1.188534102,0.0000,1,1.216073
Instances/Instances 2/vm22775_10.gt,22774,20000.0,86400.0,PTVRP_CONT,823288.0,31,1.226469603,1.226469603,0.0000,1,1.251655
Instances/Instances 2/wi29_01.gt,28,20.0,86400.0,PTVRP_CONT,253201.0,17,0.000004700,0.000004700,0.0000,1,0.009341
Instances/Instances 2/wi29_02.gt,28,40.0,86400.0,PTVRP_CONT,134032.0,15,0.000005400,0.000005400,0.0000,1,0.006348
Instances/Instances 2/wi29_03.gt,28,100.0,86400.0,PTVRP_CONT,61295.0,8,0.000005300,0.000005300,0.0000,1,0.006575
Instances/Instances 2/wi29_04.gt,28,200.0,86400.0,PTVRP_CONT,45801.0,5,0.000005000,0.000005000,0.0000,1,0.007671
Instances/Instances 2/wi29_05.gt,28,400.0,86400.0,PTVRP_CONT,34911.0,3,0.000003700,0.000003700,0.0000,1,0.006647
Instances/Instances 2/wi29_06.gt,28,1000.0,86400.0,PTVRP_CONT,33110.0,1,0.000003400,0.000003400,0.0000,1,0.006424
Instances/Instances 2/wi29_07.gt,28,2000.0,86400.0,PTVRP_CONT,33110.0,1,0.000003000,0.000003000,0.0000,1,0.006785
Instances/Instances 2/wi29_08.gt,28,4000.0,86400.0,PTVRP_CONT,33110.0,1,0.000003100,0.000003100,0.0000,1,0.007002
Instances/Instances 2/wi29_09.gt,28,10000.0,86400.0,PTVRP_CONT,33110.0,1,0.000003100,0.000003100,0.0000,1,0.006935
Instances/Instances 2/wi29_10.gt,28,20000.0,86400.0,PTVRP_CONT,33110.0,1,0.000003000,0.000003000,0.0000,1,0.007026
Instances/Instances 2/ym7663_01.gt,7662,20.0,86400.0,PTVRP_CONT,37449141.0,2280,0.135754800,0.135754800,0.0000,1,0.147723
Instances/Instances 2/ym7663_02.gt,7662,40.0,86400.0,PTVRP_CONT,19220905.0,1798,0.135697700,0.135697700,0.0000,1,0.148116
Instances/Instances 2/ym7663_03.gt,7662,100.0,86400.0,PTVRP_CONT,7751612.0,1167,0.134259500,0.134259500,0.0000,1,0.148983
Instances/Instances 2/ym7663_04.gt,7662,200.0,86400.0,PTVRP_CONT,3976739.0,836,0.135033200,0.135033200,0.0000,1,0.147407
Instances/Instances 2/ym7663_05.gt,7662,400.0,86400.0,PTVRP_CONT,2088413.0,499,0.135365401,0.135365401,0.0000,1,0.147986
Instances/Instances 2/ym7663_06.gt,7662,1000.0,86400.0,PTVRP_CONT,948659.0,199,0.139458400,0.139458400,0.0000,1,0.15219
Instances/Instances 2/ym7663_07.gt,7662,2000.0,86400.0,PTVRP_CONT,587011.0,102,0.135958200,0.135958200,0.0000,1,0.151298
Instances/Instances 2/ym7663_08.gt,7662,4000.0,86400.0,PTVRP_CONT,406957.0,52,0.142846901,0.142846901,0.0000,1,0.155987
Instances/Instances 2/ym7663_09.gt,7662,10000.0,86400.0,PTVRP_CONT,306723.0,22,0.139575500,0.139575500,0.0000,1,0.153169
Instances/Instances 2/ym7663_10.gt,7662,20000.0,86400.0,PTVRP_CONT,273896.0,10,0.144943500,0.144943500,0.0000,1,0.159171
Instances/Instances 2/zi929_01.gt,928,20.0,86400.0,PTVRP_CONT,5163866.0,343,0.002060700,0.002060700,0.0000,1,0.011488
Instances/Instances 2/zi929_02.gt,928,40.0,86400.0,PTVRP_CONT,2571046.0,253,0.002049400,0.002049400,0.0000,1,0.009719
Instances/Instances 2/zi929_03.gt,928,100.0,86400.0,PTVRP_CONT,1070952.0,169,0.002150300,0.002150300,0.0000,1,0.011501
Instances/Instances 2/zi929_04.gt,928,200.0,86400.0,PTVRP_CONT,573266.0,107,0.002152500,0.002152500,0.0000,1,0.010883
Instances/Instances 2/zi929_05.gt,928,400.0,86400.0,PTVRP_CONT,325010.0,59,0.002234100,0.002234100,0.0000,1,0.010199
Instances/Instances 2/zi929_06.gt,928,1000.0,86400.0,PTVRP_CONT,186212.0,27,0.002134100,0.002134100,0.0000,1,0.009139
Instances/Instances 2/zi929_07.gt,928,2000.0,86400.0,PTVRP_CONT,137406.0,14,0.002210300,0.002210300,0.0000,1,0.010184
Instances/Instances 2/zi929_08.gt,928,4000.0,86400.0,PTVRP_CONT,116225.0,8,0.002192500,0.002192500,0.0000,1,0.00997
Instances/Instances 2/zi929_09.gt,928,10000.0,86400.0,PTVRP_CONT,101349.0,3,0.002309600,0.002309600,0.0000,1,0.010386
Instances/Instances 2/zi929_10.gt,928,20000.0,86400.0,PTVRP_CONT,100905.0,2,0.002387600,0.002387600,0.0000,1,0.009935
Instances/Instances 3/a280_01.gt,279,10.0,86400.0,PTVRP_CONT,140031.0,179,0.000207900,0.000207900,0.0000,1,0.007331
Instances/Instances 3/a280_02.gt,279,20.0,86400.0,PTVRP_CONT,69627.0,138,0.000247600,0.000247600,0.0000,1,0.007265
Instances/Instances 3/a280_03.gt,279,50.0,86400.0,PTVRP_CONT,29764.0,107,0.000269800,0.000269800,0.0000,1,0.00688
Instances/Instances 3/a280_04.gt,279,100.0,86400.0,PTVRP_CONT,16430.0,71,0.000292400,0.000292400,0.0000,1,0.006389
Instances/Instances 3/a280_05.gt,279,200.0,86400.0,PTVRP_CONT,9011.0,39,0.000276700,0.000276700,0.0000,1,0.006446
Instances/Instances 3/a280_06.gt,279,500.0,86400.0,PTVRP_CONT,4975.0,16,0.000247500,0.000247500,0.0000,1,0.005867
Instances/Instances 3/a280_07.gt,279,1000.0,86400.0,PTVRP_CONT,3757.0,9,0.000236100,0.000236100,0.0000,1,0.006283
Instances/Instances 3/a280_08.gt,279,2000.0,86400.0,PTVRP_CONT,3180.0,4,0.000227400,0.000227400,0.0000,1,0.005845
Instances/Instances 3/a280_09.gt,279,5000.0,86400.0,PTVRP_CONT,2855.0,2,0.000220500,0.000220500,0.0000,1,0.005672
Instances/Instances 3/a280_10.gt,279,10000.0,86400.0,PTVRP_CONT,2835.0,1,0.000217600,0.000217600,0.0000,1,0.004987
Instances/Instances 3/ar9152_01.gt,9151,10.0,86400.0,PTVRP_CONT,NO SOLUTION,,0.193605100,0.193605100,0.0000,1,0.206911
Instances/Instances 3/ar9152_02.gt,9151,20.0,86400.0,PTVRP_CONT,NO SOLUTION,,0.189738001,0.189738001,0.0000,1,0.205735
Instances/Instances 3/ar9152_03.gt,9151,50.0,86400.0,PTVRP_CONT,57284295.0,2292,0.191363600,0.191363600,0.0000,1,0.207628
Instances/Instances 3/ar9152_04.gt,9151,100.0,86400.0,PTVRP_CONT,28834320.0,1442,0.189147700,0.189147700,0.0000,1,0.206312
Instances/Instances 3/ar9152_05.gt,9151,200.0,86400.0,PTVRP_CONT,14835608.0,987,0.188934201,0.188934201,0.0000,1,0.205836
Instances/Instances 3/ar9152_06.gt,9151,500.0,86400.0,PTVRP_CONT,6278747.0,477,0.193222500,0.193222500,0.0000,1,0.210707
Instances/Instances 3/ar9152_07.gt,9151,1000.0,86400.0,PTVRP_CONT,3487956.0,240,0.191566201,0.191566201,0.0000,1,0.206919
Instances/Instances 3/ar9152_08.gt,9151,2000.0,86400.0,PTVRP_CONT,2110923.0,121,0.197247100,0.197247100,0.0000,1,0.213858
Instances/Instances 3/ar9152_09.gt,9151,5000.0,86400.0,PTVRP_CONT,1327714.0,51,0.197973399,0.197973399,0.0000,1,0.224746
Instances/Instances 3/ar9152_10.gt,9151,10000.0,86400.0,PTVRP_CONT,1089814.0,27,0.196377499,0.196377499,0.0000,1,0.219869
Instances/Instances 3/berlin52_01.gt,51,10.0,86400.0,PTVRP_CONT,97661.0,39,0.000010000,0.000010000,0.0000,1,0.008517
Instances/Instances 3/berlin52_02.gt,51,20.0,86400.0,PTVRP_CONT,55621.0,31,0.000010300,0.000010300,0.0000,1,0.006117
Instances/Instances 3/berlin52_03.gt,51,50.0,86400.0,PTVRP_CONT,28190.0,33,0.000011500,0.000011500,0.0000,1,0.00603
Instances/Instances 3/berlin52_04.gt,51,100.0,86400.0,PTVRP_CONT,16777.0,18,0.000013900,0.000013900,0.0000,1,0.006115
Instances/Instances 3/berlin52_05.gt,51,200.0,86400.0,PTVRP_CONT,11637.0,8,0.000011300,0.000011300,0.0000,1,0.006158
Instances/Instances 3/berlin52_06.gt,51,500.0,86400.0,PTVRP_CONT,8113.0,3,0.000009600,0.000009600,0.0000,1,0.005721
Instances/Instances 3/berlin52_07.gt,51,1000.0,86400.0,PTVRP_CONT,7852.0,2,0.000009800,0.000009800,0.0000,1,0.005388
Instances/Instances 3/berlin52_08.gt,51,2000.0,86400.0,PTVRP_CONT,7803.0,1,0.000008300,0.000008300,0.0000,1,0.005135
Instances/Instances 3/berlin52_09.gt,51,5000.0,86400.0,PTVRP_CONT,7803.0,1,0.000008200,0.000008200,0.0000,1,0.0051
Instances/Instances 3/berlin52_10.gt,51,10000.0,86400.0,PTVRP_CONT,7803.0,1,0.000008200,0.000008200,0.0000,1,0.00612
Instances/Instances 3/bier127_01.gt,126,10.0,86400.0,PTVRP_CONT,2372871.0,89,0.000042100,0.000042100,0.0000,1,0.005801
Instances/Instances 3/bier127_02.gt,126,20.0,86400.0,PTVRP_CONT,1373509.0,77,0.000043700,0.000043700,0.0000,1,0.005502
Instances/Instances 3/bier127_03.gt,126,50.0,86400.0,PTVRP_CONT,568887.0,63,0.000049300,0.000049300,0.0000,1,0.006233
Instances/Instances 3/bier127_04.gt,126,100.0,86400.0,PTVRP_CONT,338897.0,34,0.000051000,0.000051000,0.0000,1,0.007386
Instances/Instances 3/bier127_05.gt,126,200.0,86400.0,PTVRP_CONT,210471.0,19,0.000048900,0.000048900,0.0000,1,0.007437
Instances/Instances 3/bier127_06.gt,126,500.0,86400.0,PTVRP_CONT,148689.0,8,0.000046300,0.000046300,0.0000,1,0.006765
Instances/Instances 3/bier127_07.gt,126,1000.0,86400.0,PTVRP_CONT,128916.0,4,0.000046700,0.000046700,0.0000,1,0.006033
Instances/Instances 3/bier127_08.gt,126,2000.0,86400.0,PTVRP_CONT,126048.0,2,0.000045600,0.000045600,0.0000,1,0.005919
Instances/Instances 3/bier127_09.gt,126,5000.0,86400.0,PTVRP_CONT,126048.0,2,0.000045600,0.000045600,0.0000,1,0.006337
Instances/Instances 3/bier127_10.gt,126,10000.0,86400.0,PTVRP_CONT,126048.0,2,0.000045500,0.000045500,0.0000,1,0.005902
Instances/Instances 3/bm33708_01.gt,33707,10.0,86400.0,PTVRP_CONT,NO SOLUTION,,2.635325386,2.635325386,0.0000,1,2.661313
Instances/Instances 3/bm33708_02.gt,33707,20.0,86400.0,PTVRP_CONT,266537121.0,9754,2.617215486,2.617215486,0.0000,1,2.649757
Instances/Instances 3/bm33708_03.gt,33707,50.0,86400.0,PTVRP_CONT,107790242.0,6641,2.643689289,2.643689289,0.0000,1,2.672283
Instances/Instances 3/bm33708_04.gt,33707,100.0,86400.0,PTVRP_CONT,54391979.0,4686,2.651582395,2.651582395,0.0000,1,2.686406
Instances/Instances 3/bm33708_05.gt,33707,200.0,86400.0,PTVRP_CONT,27690303.0,3321,2.648951296,2.648951296,0.0000,1,2.679339
Instances/Instances 3/bm33708_06.gt,33707,500.0,86400.0,PTVRP_CONT,11448729.0,1714,2.614473896,2.614473896,0.0000,1,2.646709
Instances/Instances 3/bm33708_07.gt,33707,1000.0,86400.0,PTVRP_CONT,6155234.0,877,2.594805994,2.594805994,0.0000,1,2.627585
Instances/Instances 3/bm33708_08.gt,33707,2000.0,86400.0,PTVRP_CONT,3523371.0,439,2.591726994,2.591726994,0.0000,1,2.624099
Instances/Instances 3/bm33708_09.gt,33707,5000.0,86400.0,PTVRP_CONT,1960299.0,175,2.648291594,2.648291594,0.0000,1,2.683659
Instances/Instances 3/bm33708_10.gt,33707,10000.0,86400.0,PTVRP_CONT,1445451.0,89,2.598230790,2.598230790,0.0000,1,2.627999
Instances/Instances 3/brd14051_01.gt,14050,10.0,86400.0,PTVRP_CONT,162296593.0,6002,0.446349499,0.446349499,0.0000,1,0.466127
Instances/Instances 3/brd14051_02.gt,14050,20.0,86400.0,PTVRP_CONT,81057860.0,4037,0.445273598,0.445273598,0.0000,1,0.461415
Instances/Instances 3/brd14051_03.gt,14050,50.0,86400.0,PTVRP_CONT,33079874.0,3002,0.452946698,0.452946698,0.0000,1,0.470982
Instances/Instances 3/brd14051_04.gt,14050,100.0,86400.0,PTVRP_CONT,16930477.0,2162,0.450145198,0.450145198,0.0000,1,0.468003
Instances/Instances 3/brd14051_05.gt,14050,200.0,86400.0,PTVRP_CONT,8649644.0,1512,0.448044498,0.448044498,0.0000,1,0.466527
Instances/Instances 3/brd14051_06.gt,14050,500.0,86400.0,PTVRP_CONT,3670489.0,729,0.452367999,0.452367999,0.0000,1,0.47149
Instances/Instances 3/brd14051_07.gt,14050,1000.0,86400.0,PTVRP_CONT,2040231.0,370,0.457281398,0.457281398,0.0000,1,0.476072
Instances/Instances 3/brd14051_08.gt,14050,2000.0,86400.0,PTVRP_CONT,1247775.0,186,0.458760098,0.458760098,0.0000,1,0.478973
Instances/Instances 3/brd14051_09.gt,14050,5000.0,86400.0,PTVRP_CONT,768552.0,75,0.449885198,0.449885198,0.0000,1,0.468785
Instances/Instances 3/brd14051_10.gt,14050,10000.0,86400.0,PTVRP_CONT,611852.0,39,0.460883098,0.460883098,0.0000,1,0.479258
Instances/Instances 3/ca4663_01.gt,4662,10.0,86400.0,PTVRP_CONT,NO SOLUTION,,0.049217900,0.049217900,0.0000,1,0.061765
Instances/Instances 3/ca4663_02.gt,4662,20.0,86400.0,PTVRP_CONT,NO SOLUTION,,0.050697600,0.050697600,0.0000,1,0.064045
Instances/Instances 3/ca4663_03.gt,4662,50.0,86400.0,PTVRP_CONT,NO SOLUTION,,0.050035700,0.050035700,0.0000,1,0.06332
Instances/Instances 3/ca4663_04.gt,4662,100.0,86400.0,PTVRP_CONT,NO SOLUTION,,0.050391600,0.050391600,0.0000,1,0.064549
Instances/Instances 3/ca4663_05.gt,4662,200.0,86400.0,PTVRP_CONT,NO SOLUTION,,0.050921700,0.050921700,0.0000,1,0.062146
Instances/Instances 3/ca4663_06.gt,4662,500.0,86400.0,PTVRP_CONT,NO SOLUTION,,0.050277200,0.050277200,0.0000,1,0.06094
Instances/Instances 3/ca4663_07.gt,4662,1000.0,86400.0,PTVRP_CONT,NO SOLUTION,,0.050662300,0.050662300,0.0000,1,0.06055
Instances/Instances 3/ca4663_08.gt,4662,2000.0,86400.0,PTVRP_CONT,NO SOLUTION,,0.051396501,0.051396501,0.0000,1,0.061786
Instances/Instances 3/ca4663_09.gt,4662,5000.0,86400.0,PTVRP_CONT,NO SOLUTION,,0.051843600,0.051843600,0.0000,1,0.061371
Instances/Instances 3/ca4663_10.gt,4662,10000.0,86400.0,PTVRP_CONT,NO SOLUTION,,0.051036700,0.051036700,0.0000,1,0.060732
Instances/Instances 3/ch130_01.gt,129,10.0,86400.0,PTVRP_CONT,183001.0,90,0.000049700,0.000049700,0.0000,1,0.006375
Instances/Instances 3/ch130_02.gt,129,20.0,86400.0,PTVRP_CONT,100776.0,73,0.000051900,0.000051900,0.0000,1,0.005643
Instances/Instances 3/ch130_03.gt,129,50.0,86400.0,PTVRP_CONT,42446.0,53,0.000064400,0.000064400,0.0000,1,0.00658
Instances/Instances 3/ch130_04.gt,129,100.0,86400.0,PTVRP_CONT,25835.0,36,0.000074400,0.000074400,0.0000,1,0.005639
Instances/Instances 3/ch130_05.gt,129,200.0,86400.0,PTVRP_CONT,13769.0,19,0.000065000,0.000065000,0.0000,1,0.006004
Instances/Instances 3/ch130_06.gt,129,500.0,86400.0,PTVRP_CONT,8377.0,7,0.000055400,0.000055400,0.0000,1,0.005294
Instances/Instances 3/ch130_07.gt,129,1000.0,86400.0,PTVRP_CONT,6937.0,4,0.000051900,0.000051900,0.0000,1,0.005263
Instances/Instances 3/ch130_08.gt,129,2000.0,86400.0,PTVRP_CONT,6675.0,3,0.000049700,0.000049700,0.0000,1,0.00482
Instances/Instances 3/ch130_09.gt,129,5000.0,86400.0,PTVRP_CONT,6291.0,1,0.000047700,0.000047700,0.0000,1,0.005223
Instances/Instances 3/ch130_10.gt,129,10000.0,86400.0,PTVRP_CONT,6291.0,1,0.000047900,0.000047900,0.0000,1,0.005159
Instances/Instances 3/ch150_01.gt,149,10.0,86400.0,PTVRP_CONT,236822.0,97,0.000062300,0.000062300,0.0000,1,0.005146
Instances/Instances 3/ch150_02.gt,149,20.0,86400.0,PTVRP_CONT,109287.0,74,0.000068200,0.000068200,0.0000,1,0.005749
Instances/Instances 3/ch150_03.gt,149,50.0,86400.0,PTVRP_CONT,47621.0,61,0.000081900,0.000081900,0.0000,1,0.005867
Instances/Instances 3/ch150_04.gt,149,100.0,86400.0,PTVRP_CONT,27859.0,42,0.000091200,0.000091200,0.0000,1,0.005871
Instances/Instances 3/ch150_05.gt,149,200.0,86400.0,PTVRP_CONT,16292.0,23,0.000086800,0.000086800,0.0000,1,0.005977
Instances/Instances 3/ch150_06.gt,149,500.0,86400.0,PTVRP_CONT,9718.0,8,0.000072800,0.000072800,0.0000,1,0.005534
Instances/Instances 3/ch150_07.gt,149,1000.0,86400.0,PTVRP_CONT,8117.0,5,0.000068700,0.000068700,0.0000,1,0.006367
Instances/Instances 3/ch150_08.gt,149,2000.0,86400.0,PTVRP_CONT,7633.0,3,0.000065800,0.000065800,0.0000,1,0.005144
Instances/Instances 3/ch150_09.gt,149,5000.0,86400.0,PTVRP_CONT,7281.0,1,0.000064000,0.000064000,0.0000,1,0.005764
Instances/Instances 3/ch150_10.gt,149,10000.0,86400.0,PTVRP_CONT,7281.0,1,0.000063600,0.000063600,0.0000,1,0.006422
Instances/Instances 3/ch71009_01.gt,71008,10.0,86400.0,PTVRP_CONT,NO SOLUTION,,11.535131027,11.535131027,0.0000,1,11.587525
Instances/Instances 3/ch71009_02.gt,71008,20.0,86400.0,PTVRP_CONT,NO SOLUTION,,11.435850130,11.435850130,0.0000,1,11.499745
Instances/Instances 3/ch71009_03.gt,71008,50.0,86400.0,PTVRP_CONT,642210909.0,18637,11.466738447,11.466738447,0.0000,1,11.533459
Instances/Instances 3/ch71009_04.gt,71008,100.0,86400.0,PTVRP_CONT,315639950.0,10125,11.411625751,11.411625751,0.0000,1,11.465887
Instances/Instances 3/ch71009_05.gt,71008,200.0,86400.0,PTVRP_CONT,157462984.0,6772,11.550392541,11.550392541,0.0000,1,11.609724
Instances/Instances 3/ch71009_06.gt,71008,500.0,86400.0,PTVRP_CONT,64708115.0,3502,11.550542433,11.550542433,0.0000,1,11.601677
Instances/Instances 3/ch71009_07.gt,71008,1000.0,86400.0,PTVRP_CONT,34240606.0,1836,11.520798241,11.520798241,0.0000,1,11.583779
Instances/Instances 3/ch71009_08.gt,71008,2000.0,86400.0,PTVRP_CONT,19393780.0,923,11.483930528,11.483930528,0.0000,1,11.535265
Instances/Instances 3/ch71009_09.gt,71008,5000.0,86400.0,PTVRP_CONT,10900388.0,377,11.509472974,11.509472974,0.0000,1,11.57809
Instances/Instances 3/ch71009_10.gt,71008,10000.0,86400.0,PTVRP_CONT,8260494.0,204,11.468547746,11.468547746,0.0000,1,11.530672
Instances/Instances 3/d1291_01.gt,1290,10.0,86400.0,PTVRP_CONT,7047490.0,626,0.003785300,0.003785300,0.0000,1,0.013314
Instances/Instances 3/d1291_02.gt,1290,20.0,86400.0,PTVRP_CONT,3267831.0,493,0.003840800,0.003840800,0.0000,1,0.013108
Instances/Instances 3/d1291_03.gt,1290,50.0,86400.0,PTVRP_CONT,1416470.0,377,0.004055100,0.004055100,0.0000,1,0.014022
Instances/Instances 3/d1291_04.gt,1290,100.0,86400.0,PTVRP_CONT,719650.0,257,0.004125000,0.004125000,0.0000,1,0.012926
Instances/Instances 3/d1291_05.gt,1290,200.0,86400.0,PTVRP_CONT,383574.0,169,0.004604700,0.004604700,0.0000,1,0.013482
Instances/Instances 3/d1291_06.gt,1290,500.0,86400.0,PTVRP_CONT,177362.0,69,0.004794000,0.004794000,0.0000,1,0.014091
Instances/Instances 3/d1291_07.gt,1290,1000.0,86400.0,PTVRP_CONT,109939.0,35,0.004491100,0.004491100,0.0000,1,0.013898
Instances/Instances 3/d1291_08.gt,1290,2000.0,86400.0,PTVRP_CONT,78524.0,18,0.004379400,0.004379400,0.0000,1,0.013783
Instances/Instances 3/d1291_09.gt,1290,5000.0,86400.0,PTVRP_CONT,61034.0,8,0.004462900,0.004462900,0.0000,1,0.012993
Instances/Instances 3/d1291_10.gt,1290,10000.0,86400.0,PTVRP_CONT,56230.0,5,0.004574500,0.004574500,0.0000,1,0.013816
Instances/Instances 3/d15112_01.gt,15111,10.0,86400.0,PTVRP_CONT,NO SOLUTION,,0.531757602,0.531757602,0.0000,1,0.550213
Instances/Instances 3/d15112_02.gt,15111,20.0,86400.0,PTVRP_CONT,272296027.0,6790,0.516150401,0.516150401,0.0000,1,0.534239
Instances/Instances 3/d15112_03.gt,15111,50.0,86400.0,PTVRP_CONT,105793970.0,3834,0.515699802,0.515699802,0.0000,1,0.538274
Instances/Instances 3/d15112_04.gt,15111,100.0,86400.0,PTVRP_CONT,53894103.0,2382,0.523133302,0.523133302,0.0000,1,0.542247
Instances/Instances 3/d15112_05.gt,15111,200.0,86400.0,PTVRP_CONT,27369384.0,1648,0.522475001,0.522475001,0.0000,1,0.541815
Instances/Instances 3/d15112_06.gt,15111,500.0,86400.0,PTVRP_CONT,11772286.0,796,0.518807702,0.518807702,0.0000,1,0.5379
Instances/Instances 3/d15112_07.gt,15111,1000.0,86400.0,PTVRP_CONT,6542826.0,398,0.520025302,0.520025302,0.0000,1,0.53899
Instances/Instances 3/d15112_08.gt,15111,2000.0,86400.0,PTVRP_CONT,4011562.0,200,0.540414401,0.540414401,0.0000,1,0.560864
Instances/Instances 3/d15112_09.gt,15111,5000.0,86400.0,PTVRP_CONT,2521389.0,82,0.537052302,0.537052302,0.0000,1,0.556398
Instances/Instances 3/d15112_10.gt,15111,10000.0,86400.0,PTVRP_CONT,2015105.0,41,0.527221302,0.527221302,0.0000,1,0.54936
Instances/Instances 3/d1655_01.gt,1654,10.0,86400.0,PTVRP_CONT,8436092.0,808,0.006312700,0.006312700,0.0000,1,0.016771
Instances/Instances 3/d1655_02.gt,1654,20.0,86400.0,PTVRP_CONT,4471021.0,594,0.006343500,0.006343500,0.0000,1,0.016645
Instances/Instances 3/d1655_03.gt,1654,50.0,86400.0,PTVRP_CONT,1777148.0,464,0.006621700,0.006621700,0.0000,1,0.015074
Instances/Instances 3/d1655_04.gt,1654,100.0,86400.0,PTVRP_CONT,925568.0,300,0.006847600,0.006847600,0.0000,1,0.015722
Instances/Instances 3/d1655_05.gt,1654,200.0,86400.0,PTVRP_CONT,485977.0,198,0.006913400,0.006913400,0.0000,1,0.016185
Instances/Instances 3/d1655_06.gt,1654,500.0,86400.0,PTVRP_CONT,225433.0,89,0.006985000,0.006985000,0.0000,1,0.01671
Instances/Instances 3/d1655_07.gt,1654,1000.0,86400.0,PTVRP_CONT,141378.0,46,0.007060800,0.007060800,0.0000,1,0.015864
Instances/Instances 3/d1655_08.gt,1654,2000.0,86400.0,PTVRP_CONT,99160.0,24,0.006994000,0.006994000,0.0000,1,0.016161
Instances/Instances 3/d1655_09.gt,1654,5000.0,86400.0,PTVRP_CONT,74894.0,11,0.007124400,0.007124400,0.0000,1,0.016908
Instances/Instances 3/d1655_10.gt,1654,10000.0,86400.0,PTVRP_CONT,67599.0,5,0.007287800,0.007287800,0.0000,1,0.015747
Instances/Instances 3/d18512_01.gt,18511,10.0,86400.0,PTVRP_CONT,231120636.0,8019,0.775752602,0.775752602,0.0000,1,0.797343
Instances/Instances 3/d18512_02.gt,18511,20.0,86400.0,PTVRP_CONT,115151869.0,5273,0.790326903,0.790326903,0.0000,1,0.812209
Instances/Instances 3/d18512_03.gt,18511,50.0,86400.0,PTVRP_CONT,47512090.0,3953,0.778254202,0.778254202,0.0000,1,0.797176
Instances/Instances 3/d18512_04.gt,18511,100.0,86400.0,PTVRP_CONT,24042189.0,2869,0.785156902,0.785156902,0.0000,1,0.809556
Instances/Instances 3/d18512_05.gt,18511,200.0,86400.0,PTVRP_CONT,12297824.0,1959,0.775062202,0.775062202,0.0000,1,0.794929
Instances/Instances 3/d18512_06.gt,18511,500.0,86400.0,PTVRP_CONT,5204128.0,960,0.781301203,0.781301203,0.0000,1,0.802999
Instances/Instances 3/d18512_07.gt,18511,1000.0,86400.0,PTVRP_CONT,2864202.0,482,0.789762202,0.789762202,0.0000,1,0.815416
Instances/Instances 3/d18512_08.gt,18511,2000.0,86400.0,PTVRP_CONT,1744047.0,245,0.775297902,0.775297902,0.0000,1,0.799356
Instances/Instances 3/d18512_09.gt,18511,5000.0,86400.0,PTVRP_CONT,1075475.0,100,0.811805100,0.811805100,0.0000,1,0.834097
Instances/Instances 3/d18512_10.gt,18511,10000.0,86400.0,PTVRP_CONT,852236.0,50,0.791769701,0.791769701,0.0000,1,0.816816
Instances/Instances 3/d198_01.gt,197,10.0,86400.0,PTVRP_CONT,755350.0,122,0.000099900,0.000099900,0.0000,1,0.009013
Instances/Instances 3/d198_02.gt,197,20.0,86400.0,PTVRP_CONT,408690.0,89,0.000106300,0.000106300,0.0000,1,0.008841
Instances/Instances 3/d198_03.gt,197,50.0,86400.0,PTVRP_CONT,170605.0,83,0.000125700,0.000125700,0.0000,1,0.007311
Instances/Instances 3/d198_04.gt,197,100.0,86400.0,PTVRP_CONT,90414.0,49,0.000140300,0.000140300,0.0000,1,0.006822
Instances/Instances 3/d198_05.gt,197,200.0,86400.0,PTVRP_CONT,49883.0,28,0.000133900,0.000133900,0.0000,1,0.006766
Instances/Instances 3/d198_06.gt,197,500.0,86400.0,PTVRP_CONT,27714.0,11,0.000119300,0.000119300,0.0000,1,0.007606
Instances/Instances 3/d198_07.gt,197,1000.0,86400.0,PTVRP_CONT,20371.0,6,0.000118700,0.000118700,0.0000,1,0.007134
Instances/Instances 3/d198_08.gt,197,2000.0,86400.0,PTVRP_CONT,17786.0,3,0.000114600,0.000114600,0.0000,1,0.005821
Instances/Instances 3/d198_09.gt,197,5000.0,86400.0,PTVRP_CONT,17527.0,1,0.000109400,0.000109400,0.0000,1,0.005564
Instances/Instances 3/d198_10.gt,197,10000.0,86400.0,PTVRP_CONT,17527.0,1,0.000109400,0.000109400,0.0000,1,0.005697
Instances/Instances 3/d2103_01.gt,2102,10.0,86400.0,PTVRP_CONT,12997338.0,986,0.010252000,0.010252000,0.0000,1,0.017374
Instances/Instances 3/d2103_02.gt,2102,20.0,86400.0,PTVRP_CONT,6550658.0,765,0.010384100,0.010384100,0.0000,1,0.019857
Instances/Instances 3/d2103_03.gt,2102,50.0,86400.0,PTVRP_CONT,2749274.0,589,0.010600500,0.010600500,0.0000,1,0.019943
Instances/Instances 3/d2103_04.gt,2102,100.0,86400.0,PTVRP_CONT,1380591.0,392,0.010807500,0.010807500,0.0000,1,0.02077
Instances/Instances 3/d2103_05.gt,2102,200.0,86400.0,PTVRP_CONT,722504.0,260,0.010866100,0.010866100,0.0000,1,0.020032
Instances/Instances 3/d2103_06.gt,2102,500.0,86400.0,PTVRP_CONT,324497.0,111,0.010865500,0.010865500,0.0000,1,0.02037
Instances/Instances 3/d2103_07.gt,2102,1000.0,86400.0,PTVRP_CONT,201444.0,57,0.010930900,0.010930900,0.0000,1,0.020187
Instances/Instances 3/d2103_08.gt,2102,2000.0,86400.0,PTVRP_CONT,133949.0,32,0.011063200,0.011063200,0.0000,1,0.020585
Instances/Instances 3/d2103_09.gt,2102,5000.0,86400.0,PTVRP_CONT,100359.0,12,0.011307600,0.011307600,0.0000,1,0.019814
Instances/Instances 3/d2103_10.gt,2102,10000.0,86400.0,PTVRP_CONT,91308.0,6,0.011802100,0.011802100,0.0000,1,0.022124
Instances/Instances 3/d493_01.gt,492,10.0,86400.0,PTVRP_CONT,1861604.0,288,0.000808400,0.000808400,0.0000,1,0.010702
Instances/Instances 3/d493_02.gt,492,20.0,86400.0,PTVRP_CONT,929771.0,227,0.000608600,0.000608600,0.0000,1,0.00932
Instances/Instances 3/d493_03.gt,492,50.0,86400.0,PTVRP_CONT,405994.0,184,0.000692000,0.000692000,0.0000,1,0.008409
Instances/Instances 3/d493_04.gt,492,100.0,86400.0,PTVRP_CONT,215511.0,122,0.000741900,0.000741900,0.0000,1,0.007271
Instances/Instances 3/d493_05.gt,492,200.0,86400.0,PTVRP_CONT,121988.0,66,0.000697700,0.000697700,0.0000,1,0.007092
Instances/Instances 3/d493_06.gt,492,500.0,86400.0,PTVRP_CONT,67997.0,30,0.000686200,0.000686200,0.0000,1,0.006533
Instances/Instances 3/d493_07.gt,492,1000.0,86400.0,PTVRP_CONT,50723.0,14,0.000687900,0.000687900,0.0000,1,0.006322
Instances/Instances 3/d493_08.gt,492,2000.0,86400.0,PTVRP_CONT,42184.0,7,0.000705600,0.000705600,0.0000,1,0.006306
Instances/Instances 3/d493_09.gt,492,5000.0,86400.0,PTVRP_CONT,38646.0,4,0.000686200,0.000686200,0.0000,1,0.006232
Instances/Instances 3/d493_10.gt,492,10000.0,86400.0,PTVRP_CONT,37916.0,2,0.000676500,0.000676500,0.0000,1,0.006745
Instances/Instances 3/d657_01.gt,656,10.0,86400.0,PTVRP_CONT,3276262.0,382,0.001022900,0.001022900,0.0000,1,0.007439
Instances/Instances 3/d657_02.gt,656,20.0,86400.0,PTVRP_CONT,1727859.0,282,0.001075500,0.001075500,0.0000,1,0.00679
Instances/Instances 3/d657_03.gt,656,50.0,86400.0,PTVRP_CONT,730947.0,228,0.001127700,0.001127700,0.0000,1,0.007455
Instances/Instances 3/d657_04.gt,656,100.0,86400.0,PTVRP_CONT,393602.0,150,0.001178900,0.001178900,0.0000,1,0.007437
Instances/Instances 3/d657_05.gt,656,200.0,86400.0,PTVRP_CONT,215306.0,88,0.001158200,0.001158200,0.0000,1,0.006095
Instances/Instances 3/d657_06.gt,656,500.0,86400.0,PTVRP_CONT,107647.0,36,0.001149400,0.001149400,0.0000,1,0.007599
Instances/Instances 3/d657_07.gt,656,1000.0,86400.0,PTVRP_CONT,76768.0,19,0.001159800,0.001159800,0.0000,1,0.006166
Instances/Instances 3/d657_08.gt,656,2000.0,86400.0,PTVRP_CONT,62372.0,10,0.001197600,0.001197600,0.0000,1,0.007891
Instances/Instances 3/d657_09.gt,656,5000.0,86400.0,PTVRP_CONT,53349.0,4,0.001189600,0.001189600,0.0000,1,0.008825
Instances/Instances 3/d657_10.gt,656,10000.0,86400.0,PTVRP_CONT,52507.0,2,0.001203700,0.001203700,0.0000,1,0.007549
Instances/Instances 3/dj38_01.gt,37,10.0,86400.0,PTVRP_CONT,124396.0,31,0.000006000,0.000006000,0.0000,1,0.008124
Instances/Instances 3/dj38_02.gt,37,20.0,86400.0,PTVRP_CONT,64157.0,25,0.000006800,0.000006800,0.0000,1,0.006829
Instances/Instances 3/dj38_03.gt,37,50.0,86400.0,PTVRP_CONT,28160.0,25,0.000007900,0.000007900,0.0000,1,0.006854
Instances/Instances 3/dj38_04.gt,37,100.0,86400.0,PTVRP_CONT,15411.0,11,0.000007100,0.000007100,0.0000,1,0.005761
Instances/Instances 3/dj38_05.gt,37,200.0,86400.0,PTVRP_CONT,10734.0,6,0.000006700,0.000006700,0.0000,1,0.006397
Instances/Instances 3/dj38_06.gt,37,500.0,86400.0,PTVRP_CONT,8070.0,2,0.000006500,0.000006500,0.0000,1,0.005678
Instances/Instances 3/dj38_07.gt,37,1000.0,86400.0,PTVRP_CONT,8070.0,2,0.000005100,0.000005100,0.0000,1,0.004984
Instances/Instances 3/dj38_08.gt,37,2000.0,86400.0,PTVRP_CONT,8048.0,1,0.000004800,0.000004800,0.0000,1,0.00595
Instances/Instances 3/dj38_09.gt,37,5000.0,86400.0,PTVRP_CONT,8048.0,1,0.000004700,0.000004700,0.0000,1,0.0064
Instances/Instances 3/dj38_10.gt,37,10000.0,86400.0,PTVRP_CONT,8048.0,1,0.000004800,0.000004800,0.0000,1,0.006329
Instances/Instances 3/eg7146_01.gt,7145,10.0,86400.0,PTVRP_CONT,56520751.0,2893,0.117645500,0.117645500,0.0000,1,0.128064
Instances/Instances 3/eg7146_02.gt,7145,20.0,86400.0,PTVRP_CONT,28073479.0,2041,0.117239600,0.117239600,0.0000,1,0.128096
Instances/Instances 3/eg7146_03.gt,7145,50.0,86400.0,PTVRP_CONT,11583407.0,1548,0.118256900,0.118256900,0.0000,1,0.133019
Instances/Instances 3/eg7146_04.gt,7145,100.0,86400.0,PTVRP_CONT,5804540.0,1064,0.117694400,0.117694400,0.0000,1,0.130294
Instances/Instances 3/eg7146_05.gt,7145,200.0,86400.0,PTVRP_CONT,3008147.0,747,0.118241100,0.118241100,0.0000,1,0.130866
Instances/Instances 3/eg7146_06.gt,7145,500.0,86400.0,PTVRP_CONT,1271420.0,370,0.118440800,0.118440800,0.0000,1,0.131689
Instances/Instances 3/eg7146_07.gt,7145,1000.0,86400.0,PTVRP_CONT,716363.0,190,0.122056800,0.122056800,0.0000,1,0.13495
Instances/Instances 3/eg7146_08.gt,7145,2000.0,86400.0,PTVRP_CONT,437220.0,94,0.121603500,0.121603500,0.0000,1,0.134451
Instances/Instances 3/eg7146_09.gt,7145,5000.0,86400.0,PTVRP_CONT,272828.0,38,0.123488000,0.123488000,0.0000,1,0.135308
Instances/Instances 3/eg7146_10.gt,7145,10000.0,86400.0,PTVRP_CONT,223307.0,20,0.123952700,0.123952700,0.0000,1,0.135628
Instances/Instances 3/ei8246_01.gt,8245,10.0,86400.0,PTVRP_CONT,57072244.0,3383,0.155084400,0.155084400,0.0000,1,0.16925
Instances/Instances 3/ei8246_02.gt,8245,20.0,86400.0,PTVRP_CONT,28746376.0,2514,0.153552701,0.153552701,0.0000,1,0.167489
Instances/Instances 3/ei8246_03.gt,8245,50.0,86400.0,PTVRP_CONT,11774658.0,1888,0.154336600,0.154336600,0.0000,1,0.169566
Instances/Instances 3/ei8246_04.gt,8245,100.0,86400.0,PTVRP_CONT,5992487.0,1319,0.158467700,0.158467700,0.0000,1,0.174201
Instances/Instances 3/ei8246_05.gt,8245,200.0,86400.0,PTVRP_CONT,3085049.0,949,0.158312300,0.158312300,0.0000,1,0.172909
Instances/Instances 3/ei8246_06.gt,8245,500.0,86400.0,PTVRP_CONT,1324683.0,434,0.158198900,0.158198900,0.0000,1,0.173115
Instances/Instances 3/ei8246_07.gt,8245,1000.0,86400.0,PTVRP_CONT,754549.0,219,0.156966900,0.156966900,0.0000,1,0.171164
Instances/Instances 3/ei8246_08.gt,8245,2000.0,86400.0,PTVRP_CONT,471952.0,108,0.156703900,0.156703900,0.0000,1,0.170796
Instances/Instances 3/ei8246_09.gt,8245,5000.0,86400.0,PTVRP_CONT,307174.0,46,0.159256600,0.159256600,0.0000,1,0.173266
Instances/Instances 3/ei8246_10.gt,8245,10000.0,86400.0,PTVRP_CONT,251520.0,23,0.165042101,0.165042101,0.0000,1,0.180274
Instances/Instances 3/eil101_01.gt,100,10.0,86400.0,PTVRP_CONT,15232.0,73,0.000032000,0.000032000,0.0000,1,0.008731
Instances/Instances 3/eil101_02.gt,100,20.0,86400.0,PTVRP_CONT,7407.0,62,0.000033700,0.000033700,0.0000,1,0.007677
Instances/Instances 3/eil101_03.gt,100,50.0,86400.0,PTVRP_CONT,3441.0,52,0.000038700,0.000038700,0.0000,1,0.005733
Instances/Instances 3/eil101_04.gt,100,100.0,86400.0,PTVRP_CONT,1815.0,29,0.000042900,0.000042900,0.0000,1,0.006588
Instances/Instances 3/eil101_05.gt,100,200.0,86400.0,PTVRP_CONT,1232.0,16,0.000052000,0.000052000,0.0000,1,0.006685
Instances/Instances 3/eil101_06.gt,100,500.0,86400.0,PTVRP_CONT,790.0,7,0.000033700,0.000033700,0.0000,1,0.005393
Instances/Instances 3/eil101_07.gt,100,1000.0,86400.0,PTVRP_CONT,709.0,4,0.000031200,0.000031200,0.0000,1,0.004673
Instances/Instances 3/eil101_08.gt,100,2000.0,86400.0,PTVRP_CONT,664.0,2,0.000029900,0.000029900,0.0000,1,0.005456
Instances/Instances 3/eil101_09.gt,100,5000.0,86400.0,PTVRP_CONT,652.0,1,0.000028400,0.000028400,0.0000,1,0.00736
Instances/Instances 3/eil101_10.gt,100,10000.0,86400.0,PTVRP_CONT,652.0,1,0.000028400,0.000028400,0.0000,1,0.006898
Instances/Instances 3/eil51_01.gt,50,10.0,86400.0,PTVRP_CONT,6400.0,44,0.000008500,0.000008500,0.0000,1,0.007393
Instances/Instances 3/eil51_02.gt,50,20.0,86400.0,PTVRP_CONT,3959.0,35,0.000009900,0.000009900,0.0000,1,0.00665
Instances/Instances 3/eil51_03.gt,50,50.0,86400.0,PTVRP_CONT,1584.0,28,0.000011500,0.000011500,0.0000,1,0.007646
Instances/Instances 3/eil51_04.gt,50,100.0,86400.0,PTVRP_CONT,1016.0,16,0.000012700,0.000012700,0.0000,1,0.005601
Instances/Instances 3/eil51_05.gt,50,200.0,86400.0,PTVRP_CONT,573.0,6,0.000011100,0.000011100,0.0000,1,0.004985
Instances/Instances 3/eil51_06.gt,50,500.0,86400.0,PTVRP_CONT,499.0,3,0.000009500,0.000009500,0.0000,1,0.006122
Instances/Instances 3/eil51_07.gt,50,1000.0,86400.0,PTVRP_CONT,456.0,2,0.000008800,0.000008800,0.0000,1,0.006283
Instances/Instances 3/eil51_08.gt,50,2000.0,86400.0,PTVRP_CONT,442.0,1,0.000008000,0.000008000,0.0000,1,0.006375
Instances/Instances 3/eil51_09.gt,50,5000.0,86400.0,PTVRP_CONT,442.0,1,0.000008000,0.000008000,0.0000,1,0.005115
Instances/Instances 3/eil51_10.gt,50,10000.0,86400.0,PTVRP_CONT,442.0,1,0.000008000,0.000008000,0.0000,1,0.005535
Instances/Instances 3/eil76_01.gt,75,10.0,86400.0,PTVRP_CONT,9893.0,62,0.000019400,0.000019400,0.0000,1,0.005983
Instances/Instances 3/eil76_02.gt,75,20.0,86400.0,PTVRP_CONT,5462.0,47,0.000021000,0.000021000,0.0000,1,0.005232
Instances/Instances 3/eil76_03.gt,75,50.0,86400.0,PTVRP_CONT,2346.0,40,0.000024600,0.000024600,0.0000,1,0.004894
Instances/Instances 3/eil76_04.gt,75,100.0,86400.0,PTVRP_CONT,1376.0,22,0.000025500,0.000025500,0.0000,1,0.006524
Instances/Instances 3/eil76_05.gt,75,200.0,86400.0,PTVRP_CONT,954.0,11,0.000023800,0.000023800,0.0000,1,0.008358
Instances/Instances 3/eil76_06.gt,75,500.0,86400.0,PTVRP_CONT,639.0,4,0.000020000,0.000020000,0.0000,1,0.006133
Instances/Instances 3/eil76_07.gt,75,1000.0,86400.0,PTVRP_CONT,600.0,3,0.000018600,0.000018600,0.0000,1,0.006389
Instances/Instances 3/eil76_08.gt,75,2000.0,86400.0,PTVRP_CONT,574.0,2,0.000017600,0.000017600,0.0000,1,0.006593
Instances/Instances 3/eil76_09.gt,75,5000.0,86400.0,PTVRP_CONT,573.0,1,0.000017100,0.000017100,0.0000,1,0.005296
Instances/Instances 3/eil76_10.gt,75,10000.0,86400.0,PTVRP_CONT,573.0,1,0.000016800,0.000016800,0.0000,1,0.008017
Instances/Instances 3/fi10639_01.gt,10638,10.0,86400.0,PTVRP_CONT,166094138.0,5055,0.258035000,0.258035000,0.0000,1,0.271563
Instances/Instances 3/fi10639_02.gt,10638,20.0,86400.0,PTVRP_CONT,83837548.0,3256,0.253502000,0.253502000,0.0000,1,0.269386
Instances/Instances 3/fi10639_03.gt,10638,50.0,86400.0,PTVRP_CONT,33871348.0,2297,0.260314500,0.260314500,0.0000,1,0.276943
Instances/Instances 3/fi10639_04.gt,10638,100.0,86400.0,PTVRP_CONT,17218486.0,1646,0.260063401,0.260063401,0.0000,1,0.278864
Instances/Instances 3/fi10639_05.gt,10638,200.0,86400.0,PTVRP_CONT,8880244.0,1152,0.259389600,0.259389600,0.0000,1,0.285107
Instances/Instances 3/fi10639_06.gt,10638,500.0,86400.0,PTVRP_CONT,3781368.0,551,0.256759700,0.256759700,0.0000,1,0.275212
Instances/Instances 3/fi10639_07.gt,10638,1000.0,86400.0,PTVRP_CONT,2126089.0,280,0.259824600,0.259824600,0.0000,1,0.281105
Instances/Instances 3/fi10639_08.gt,10638,2000.0,86400.0,PTVRP_CONT,1308109.0,140,0.261627100,0.261627100,0.0000,1,0.278986
Instances/Instances 3/fi10639_09.gt,10638,5000.0,86400.0,PTVRP_CONT,820354.0,57,0.260254800,0.260254800,0.0000,1,0.27784
Instances/Instances 3/fi10639_10.gt,10638,10000.0,86400.0,PTVRP_CONT,660167.0,30,0.263645401,0.263645401,0.0000,1,0.280737
Instances/Instances 3/fl1400_01.gt,1399,10.0,86400.0,PTVRP_CONT,6984703.0,434,0.004705100,0.004705100,0.0000,1,0.013589
Instances/Instances 3/fl1400_02.gt,1399,20.0,86400.0,PTVRP_CONT,3501534.0,343,0.004713000,0.004713000,0.0000,1,0.013405
Instances/Instances 3/fl1400_03.gt,1399,50.0,86400.0,PTVRP_CONT,1481164.0,265,0.005030900,0.005030900,0.0000,1,0.013504
Instances/Instances 3/fl1400_04.gt,1399,100.0,86400.0,PTVRP_CONT,742586.0,181,0.005160900,0.005160900,0.0000,1,0.014738
Instances/Instances 3/fl1400_05.gt,1399,200.0,86400.0,PTVRP_CONT,364536.0,126,0.005206900,0.005206900,0.0000,1,0.014583
Instances/Instances 3/fl1400_06.gt,1399,500.0,86400.0,PTVRP_CONT,161829.0,68,0.005221000,0.005221000,0.0000,1,0.01525
Instances/Instances 3/fl1400_07.gt,1399,1000.0,86400.0,PTVRP_CONT,88503.0,37,0.005332400,0.005332400,0.0000,1,0.01417
Instances/Instances 3/fl1400_08.gt,1399,2000.0,86400.0,PTVRP_CONT,53320.0,20,0.005411200,0.005411200,0.0000,1,0.014206
Instances/Instances 3/fl1400_09.gt,1399,5000.0,86400.0,PTVRP_CONT,32739.0,8,0.005512400,0.005512400,0.0000,1,0.014686
Instances/Instances 3/fl1400_10.gt,1399,10000.0,86400.0,PTVRP_CONT,25261.0,4,0.005547200,0.005547200,0.0000,1,0.014281
Instances/Instances 3/fl1577_01.gt,1576,10.0,86400.0,PTVRP_CONT,5031187.0,669,0.005845000,0.005845000,0.0000,1,0.014049
Instances/Instances 3/fl1577_02.gt,1576,20.0,86400.0,PTVRP_CONT,2575760.0,501,0.005972600,0.005972600,0.0000,1,0.014483
Instances/Instances 3/fl1577_03.gt,1576,50.0,86400.0,PTVRP_CONT,1047851.0,387,0.006331900,0.006331900,0.0000,1,0.014585
Instances/Instances 3/fl1577_04.gt,1576,100.0,86400.0,PTVRP_CONT,527925.0,282,0.006538700,0.006538700,0.0000,1,0.016076
Instances/Instances 3/fl1577_05.gt,1576,200.0,86400.0,PTVRP_CONT,280084.0,176,0.006642400,0.006642400,0.0000,1,0.015791
Instances/Instances 3/fl1577_06.gt,1576,500.0,86400.0,PTVRP_CONT,120644.0,84,0.006585900,0.006585900,0.0000,1,0.015332
Instances/Instances 3/fl1577_07.gt,1576,1000.0,86400.0,PTVRP_CONT,69422.0,43,0.006656600,0.006656600,0.0000,1,0.015377
Instances/Instances 3/fl1577_08.gt,1576,2000.0,86400.0,PTVRP_CONT,44928.0,22,0.006757100,0.006757100,0.0000,1,0.015404
Instances/Instances 3/fl1577_09.gt,1576,5000.0,86400.0,PTVRP_CONT,30368.0,9,0.007067500,0.007067500,0.0000,1,0.017226
Instances/Instances 3/fl1577_10.gt,1576,10000.0,86400.0,PTVRP_CONT,25235.0,5,0.007026400,0.007026400,0.0000,1,0.017514
Instances/Instances 3/fl3795_01.gt,3794,10.0,86400.0,PTVRP_CONT,13543623.0,1319,0.033274900,0.033274900,0.0000,1,0.043339
Instances/Instances 3/fl3795_02.gt,3794,20.0,86400.0,PTVRP_CONT,6820241.0,1012,0.033710600,0.033710600,0.0000,1,0.044377
Instances/Instances 3/fl3795_03.gt,3794,50.0,86400.0,PTVRP_CONT,2707005.0,764,0.034407100,0.034407100,0.0000,1,0.045298
Instances/Instances 3/fl3795_04.gt,3794,100.0,86400.0,PTVRP_CONT,1376200.0,532,0.034943600,0.034943600,0.0000,1,0.045576
Instances/Instances 3/fl3795_05.gt,3794,200.0,86400.0,PTVRP_CONT,705826.0,374,0.035059800,0.035059800,0.0000,1,0.045951
Instances/Instances 3/fl3795_06.gt,3794,500.0,86400.0,PTVRP_CONT,292507.0,192,0.035643600,0.035643600,0.0000,1,0.046644
Instances/Instances 3/fl3795_07.gt,3794,1000.0,86400.0,PTVRP_CONT,161600.0,101,0.035833300,0.035833300,0.0000,1,0.045997
Instances/Instances 3/fl3795_08.gt,3794,2000.0,86400.0,PTVRP_CONT,92177.0,50,0.036354600,0.036354600,0.0000,1,0.047087
Instances/Instances 3/fl3795_09.gt,3794,5000.0,86400.0,PTVRP_CONT,52383.0,21,0.037348100,0.037348100,0.0000,1,0.047644
Instances/Instances 3/fl3795_10.gt,3794,10000.0,86400.0,PTVRP_CONT,39795.0,12,0.038862000,0.038862000,0.0000,1,0.049364
Instances/Instances 3/fl417_01.gt,416,10.0,86400.0,PTVRP_CONT,2149449.0,170,0.000478100,0.000478100,0.0000,1,0.008766
Instances/Instances 3/fl417_02.gt,416,20.0,86400.0,PTVRP_CONT,1003696.0,121,0.000454700,0.000454700,0.0000,1,0.008266
Instances/Instances 3/fl417_03.gt,416,50.0,86400.0,PTVRP_CONT,439626.0,96,0.000506300,0.000506300,0.0000,1,0.008021
Instances/Instances 3/fl417_04.gt,416,100.0,86400.0,PTVRP_CONT,214650.0,68,0.000546100,0.000546100,0.0000,1,0.007965
Instances/Instances 3/fl417_05.gt,416,200.0,86400.0,PTVRP_CONT,118812.0,49,0.000569600,0.000569600,0.0000,1,0.007496
Instances/Instances 3/fl417_06.gt,416,500.0,86400.0,PTVRP_CONT,51657.0,23,0.000542300,0.000542300,0.0000,1,0.007765
Instances/Instances 3/fl417_07.gt,416,1000.0,86400.0,PTVRP_CONT,32593.0,13,0.000529800,0.000529800,0.0000,1,0.007709
Instances/Instances 3/fl417_08.gt,416,2000.0,86400.0,PTVRP_CONT,21512.0,6,0.000518300,0.000518300,0.0000,1,0.008175
Instances/Instances 3/fl417_09.gt,416,5000.0,86400.0,PTVRP_CONT,14735.0,3,0.000508300,0.000508300,0.0000,1,0.008553
Instances/Instances 3/fl417_10.gt,416,10000.0,86400.0,PTVRP_CONT,13776.0,2,0.000479300,0.000479300,0.0000,1,0.007379
Instances/Instances 3/fnl4461_01.gt,4460,10.0,86400.0,PTVRP_CONT,33285849.0,2075,0.045544700,0.045544700,0.0000,1,0.05543
Instances/Instances 3/fnl4461_02.gt,4460,20.0,86400.0,PTVRP_CONT,16797639.0,1541,0.045965900,0.045965900,0.0000,1,0.057477
Instances/Instances 3/fnl4461_03.gt,4460,50.0,86400.0,PTVRP_CONT,6933757.0,1221,0.046695800,0.046695800,0.0000,1,0.057145
Instances/Instances 3/fnl4461_04.gt,4460,100.0,86400.0,PTVRP_CONT,3558776.0,820,0.046897200,0.046897200,0.0000,1,0.058758
Instances/Instances 3/fnl4461_05.gt,4460,200.0,86400.0,PTVRP_CONT,1798753.0,545,0.046744200,0.046744200,0.0000,1,0.057696
Instances/Instances 3/fnl4461_06.gt,4460,500.0,86400.0,PTVRP_CONT,814997.0,239,0.046632800,0.046632800,0.0000,1,0.057697
Instances/Instances 3/fnl4461_07.gt,4460,1000.0,86400.0,PTVRP_CONT,487873.0,118,0.046467800,0.046467800,0.0000,1,0.058642
Instances/Instances 3/fnl4461_08.gt,4460,2000.0,86400.0,PTVRP_CONT,328389.0,59,0.048029100,0.048029100,0.0000,1,0.060414
Instances/Instances 3/fnl4461_09.gt,4460,5000.0,86400.0,PTVRP_CONT,234775.0,26,0.047274400,0.047274400,0.0000,1,0.059348
Instances/Instances 3/fnl4461_10.gt,4460,10000.0,86400.0,PTVRP_CONT,206588.0,13,0.048080500,0.048080500,0.0000,1,0.060269
Instances/Instances 3/gil262_01.gt,261,10.0,86400.0,PTVRP_CONT,112367.0,173,0.000180800,0.000180800,0.0000,1,0.008248
Instances/Instances 3/gil262_02.gt,261,20.0,86400.0,PTVRP_CONT,55593.0,138,0.000197400,0.000197400,0.0000,1,0.008045
Instances/Instances 3/gil262_03.gt,261,50.0,86400.0,PTVRP_CONT,23607.0,100,0.000240200,0.000240200,0.0000,1,0.007748
Instances/Instances 3/gil262_04.gt,261,100.0,86400.0,PTVRP_CONT,13102.0,66,0.000263500,0.000263500,0.0000,1,0.007832
Instances/Instances 3/gil262_05.gt,261,200.0,86400.0,PTVRP_CONT,7750.0,37,0.000243500,0.000243500,0.0000,1,0.007168
Instances/Instances 3/gil262_06.gt,261,500.0,86400.0,PTVRP_CONT,4142.0,14,0.000213100,0.000213100,0.0000,1,0.00729
Instances/Instances 3/gil262_07.gt,261,1000.0,86400.0,PTVRP_CONT,3337.0,8,0.000208800,0.000208800,0.0000,1,0.007241
Instances/Instances 3/gil262_08.gt,261,2000.0,86400.0,PTVRP_CONT,2843.0,4,0.000198900,0.000198900,0.0000,1,0.005773
Instances/Instances 3/gil262_09.gt,261,5000.0,86400.0,PTVRP_CONT,2695.0,2,0.000192800,0.000192800,0.0000,1,0.005168
Instances/Instances 3/gil262_10.gt,261,10000.0,86400.0,PTVRP_CONT,2645.0,1,0.000196100,0.000196100,0.0000,1,0.006747
Instances/Instances 3/gr9882_01.gt,9881,10.0,86400.0,PTVRP_CONT,110435208.0,4235,0.224320800,0.224320800,0.0000,1,0.237287
Instances/Instances 3/gr9882_02.gt,9881,20.0,86400.0,PTVRP_CONT,55512558.0,2947,0.221913400,0.221913400,0.0000,1,0.236963
Instances/Instances 3/gr9882_03.gt,9881,50.0,86400.0,PTVRP_CONT,22433983.0,2132,0.222670000,0.222670000,0.0000,1,0.23939
Instances/Instances 3/gr9882_04.gt,9881,100.0,86400.0,PTVRP_CONT,11535214.0,1500,0.223861500,0.223861500,0.0000,1,0.238156
Instances/Instances 3/gr9882_05.gt,9881,200.0,86400.0,PTVRP_CONT,5843012.0,1063,0.221701000,0.221701000,0.0000,1,0.235798
Instances/Instances 3/gr9882_06.gt,9881,500.0,86400.0,PTVRP_CONT,2461167.0,510,0.223596100,0.223596100,0.0000,1,0.240778
Instances/Instances 3/gr9882_07.gt,9881,1000.0,86400.0,PTVRP_CONT,1387089.0,264,0.228970400,0.228970400,0.0000,1,0.245579
Instances/Instances 3/gr9882_08.gt,9881,2000.0,86400.0,PTVRP_CONT,824776.0,129,0.226033100,0.226033100,0.0000,1,0.243449
Instances/Instances 3/gr9882_09.gt,9881,5000.0,86400.0,PTVRP_CONT,504524.0,53,0.226737900,0.226737900,0.0000,1,0.244163
Instances/Instances 3/gr9882_10.gt,9881,10000.0,86400.0,PTVRP_CONT,396637.0,27,0.234506901,0.234506901,0.0000,1,0.250647
Instances/Instances 3/ho14473_01.gt,14472,10.0,86400.0,PTVRP_CONT,81424388.0,4537,0.476592300,0.476592300,0.0000,1,0.496938
Instances/Instances 3/ho14473_02.gt,14472,20.0,86400.0,PTVRP_CONT,41547285.0,3486,0.474926000,0.474926000,0.0000,1,0.496195
Instances/Instances 3/ho14473_03.gt,14472,50.0,86400.0,PTVRP_CONT,16757738.0,2599,0.475304900,0.475304900,0.0000,1,0.494212
Instances/Instances 3/ho14473_04.gt,14472,100.0,86400.0,PTVRP_CONT,8464073.0,1955,0.488330600,0.488330600,0.0000,1,0.506648
Instances/Instances 3/ho14473_05.gt,14472,200.0,86400.0,PTVRP_CONT,4340861.0,1473,0.482681100,0.482681100,0.0000,1,0.502636
Instances/Instances 3/ho14473_06.gt,14472,500.0,86400.0,PTVRP_CONT,1817829.0,739,0.480335400,0.480335400,0.0000,1,0.501959
Instances/Instances 3/ho14473_07.gt,14472,1000.0,86400.0,PTVRP_CONT,975379.0,378,0.483185200,0.483185200,0.0000,1,0.502668
Instances/Instances 3/ho14473_08.gt,14472,2000.0,86400.0,PTVRP_CONT,571305.0,191,0.483202898,0.483202898,0.0000,1,0.502489
Instances/Instances 3/ho14473_09.gt,14472,5000.0,86400.0,PTVRP_CONT,327973.0,76,0.506046897,0.506046897,0.0000,1,0.523039
Instances/Instances 3/ho14473_10.gt,14472,10000.0,86400.0,PTVRP_CONT,248946.0,40,0.496381397,0.496381397,0.0000,1,0.515899
Instances/Instances 3/it16862_01.gt,16861,10.0,86400.0,PTVRP_CONT,275184989.0,8151,0.640823996,0.640823996,0.0000,1,0.662599
Instances/Instances 3/it16862_02.gt,16861,20.0,86400.0,PTVRP_CONT,135413716.0,5132,0.655611396,0.655611396,0.0000,1,0.674654
Instances/Instances 3/it16862_03.gt,16861,50.0,86400.0,PTVRP_CONT,55071556.0,3436,0.657312196,0.657312196,0.0000,1,0.676511
Instances/Instances 3/it16862_04.gt,16861,100.0,86400.0,PTVRP_CONT,27421558.0,2385,0.640547396,0.640547396,0.0000,1,0.661647
Instances/Instances 3/it16862_05.gt,16861,200.0,86400.0,PTVRP_CONT,14031721.0,1756,0.645113396,0.645113396,0.0000,1,0.663447
Instances/Instances 3/it16862_06.gt,16861,500.0,86400.0,PTVRP_CONT,5864106.0,868,0.654426996,0.654426996,0.0000,1,0.674472
Instances/Instances 3/it16862_07.gt,16861,1000.0,86400.0,PTVRP_CONT,3160788.0,437,0.647085196,0.647085196,0.0000,1,0.666867
Instances/Instances 3/it16862_08.gt,16861,2000.0,86400.0,PTVRP_CONT,1837954.0,219,0.645958996,0.645958996,0.0000,1,0.666284
Instances/Instances 3/it16862_09.gt,16861,5000.0,86400.0,PTVRP_CONT,1066950.0,90,0.659012696,0.659012696,0.0000,1,0.677409
Instances/Instances 3/it16862_10.gt,16861,10000.0,86400.0,PTVRP_CONT,797995.0,46,0.664026396,0.664026396,0.0000,1,0.684331
Instances/Instances 3/ja9847_01.gt,9846,10.0,86400.0,PTVRP_CONT,NO SOLUTION,,0.223336398,0.223336398,0.0000,1,0.238218
Instances/Instances 3/ja9847_02.gt,9846,20.0,86400.0,PTVRP_CONT,NO SOLUTION,,0.219908199,0.219908199,0.0000,1,0.234058
Instances/Instances 3/ja9847_03.gt,9846,50.0,86400.0,PTVRP_CONT,55218627.0,2281,0.219261398,0.219261398,0.0000,1,0.234981
Instances/Instances 3/ja9847_04.gt,9846,100.0,86400.0,PTVRP_CONT,27981221.0,1425,0.221585099,0.221585099,0.0000,1,0.23574
Instances/Instances 3/ja9847_05.gt,9846,200.0,86400.0,PTVRP_CONT,13881495.0,963,0.246975598,0.246975598,0.0000,1,0.262357
Instances/Instances 3/ja9847_06.gt,9846,500.0,86400.0,PTVRP_CONT,5797883.0,487,0.222648099,0.222648099,0.0000,1,0.237824
Instances/Instances 3/ja9847_07.gt,9846,1000.0,86400.0,PTVRP_CONT,3117902.0,257,0.219672298,0.219672298,0.0000,1,0.235338
Instances/Instances 3/ja9847_08.gt,9846,2000.0,86400.0,PTVRP_CONT,1775675.0,128,0.223241099,0.223241099,0.0000,1,0.239095
Instances/Instances 3/ja9847_09.gt,9846,5000.0,86400.0,PTVRP_CONT,1011632.0,54,0.222984698,0.222984698,0.0000,1,0.237714
Instances/Instances 3/ja9847_10.gt,9846,10000.0,86400.0,PTVRP_CONT,752747.0,27,0.227688699,0.227688699,0.0000,1,0.244664
Instances/Instances 3/kroA100_01.gt,99,10.0,86400.0,PTVRP_CONT,701399.0,67,0.000058900,0.000058900,0.0000,1,0.008479
Instances/Instances 3/kroA100_02.gt,99,20.0,86400.0,PTVRP_CONT,351799.0,49,0.000031100,0.000031100,0.0000,1,0.006433
Instances/Instances 3/kroA100_03.gt,99,50.0,86400.0,PTVRP_CONT,159715.0,46,0.000037900,0.000037900,0.0000,1,0.006577
Instances/Instances 3/kroA100_04.gt,99,100.0,86400.0,PTVRP_CONT,82549.0,27,0.000040200,0.000040200,0.0000,1,0.006868
Instances/Instances 3/kroA100_05.gt,99,200.0,86400.0,PTVRP_CONT,52117.0,14,0.000038000,0.000038000,0.0000,1,0.006791
Instances/Instances 3/kroA100_06.gt,99,500.0,86400.0,PTVRP_CONT,31389.0,5,0.000032400,0.000032400,0.0000,1,0.005486
Instances/Instances 3/kroA100_07.gt,99,1000.0,86400.0,PTVRP_CONT,25111.0,4,0.000029900,0.000029900,0.0000,1,0.006311
Instances/Instances 3/kroA100_08.gt,99,2000.0,86400.0,PTVRP_CONT,23670.0,2,0.000028800,0.000028800,0.0000,1,0.006028
Instances/Instances 3/kroA100_09.gt,99,5000.0,86400.0,PTVRP_CONT,22624.0,1,0.000027800,0.000027800,0.0000,1,0.006516
Instances/Instances 3/kroA100_10.gt,99,10000.0,86400.0,PTVRP_CONT,22624.0,1,0.000027800,0.000027800,0.0000,1,0.005455
Instances/Instances 3/kroA150_01.gt,149,10.0,86400.0,PTVRP_CONT,1048872.0,89,0.000060200,0.000060200,0.0000,1,0.006368
Instances/Instances 3/kroA150_02.gt,149,20.0,86400.0,PTVRP_CONT,531749.0,77,0.000065500,0.000065500,0.0000,1,0.006103
Instances/Instances 3/kroA150_03.gt,149,50.0,86400.0,PTVRP_CONT,216607.0,64,0.000072700,0.000072700,0.0000,1,0.006149
Instances/Instances 3/kroA150_04.gt,149,100.0,86400.0,PTVRP_CONT,122973.0,37,0.000079500,0.000079500,0.0000,1,0.005903
Instances/Instances 3/kroA150_05.gt,149,200.0,86400.0,PTVRP_CONT,67491.0,19,0.000077200,0.000077200,0.0000,1,0.005276
Instances/Instances 3/kroA150_06.gt,149,500.0,86400.0,PTVRP_CONT,41974.0,9,0.000072200,0.000072200,0.0000,1,0.005618
Instances/Instances 3/kroA150_07.gt,149,1000.0,86400.0,PTVRP_CONT,34529.0,5,0.000069500,0.000069500,0.0000,1,0.006461
Instances/Instances 3/kroA150_08.gt,149,2000.0,86400.0,PTVRP_CONT,29219.0,3,0.000065500,0.000065500,0.0000,1,0.006272
Instances/Instances 3/kroA150_09.gt,149,5000.0,86400.0,PTVRP_CONT,27630.0,1,0.000063400,0.000063400,0.0000,1,0.00569
Instances/Instances 3/kroA150_10.gt,149,10000.0,86400.0,PTVRP_CONT,27630.0,1,0.000063100,0.000063100,0.0000,1,0.005648
Instances/Instances 3/kroA200_01.gt,199,10.0,86400.0,PTVRP_CONT,1419120.0,126,0.000103600,0.000103600,0.0000,1,0.005078
Instances/Instances 3/kroA200_02.gt,199,20.0,86400.0,PTVRP_CONT,682026.0,91,0.000110000,0.000110000,0.0000,1,0.007162
Instances/Instances 3/kroA200_03.gt,199,50.0,86400.0,PTVRP_CONT,317596.0,81,0.000122100,0.000122100,0.0000,1,0.006232
Instances/Instances 3/kroA200_04.gt,199,100.0,86400.0,PTVRP_CONT,178481.0,59,0.000130900,0.000130900,0.0000,1,0.006162
Instances/Instances 3/kroA200_05.gt,199,200.0,86400.0,PTVRP_CONT,87357.0,27,0.000128400,0.000128400,0.0000,1,0.005387
Instances/Instances 3/kroA200_06.gt,199,500.0,86400.0,PTVRP_CONT,53071.0,11,0.000145400,0.000145400,0.0000,1,0.005695
Instances/Instances 3/kroA200_07.gt,199,1000.0,86400.0,PTVRP_CONT,40471.0,6,0.000119500,0.000119500,0.0000,1,0.006527
Instances/Instances 3/kroA200_08.gt,199,2000.0,86400.0,PTVRP_CONT,33296.0,3,0.000117800,0.000117800,0.0000,1,0.0056
Instances/Instances 3/kroA200_09.gt,199,5000.0,86400.0,PTVRP_CONT,30902.0,1,0.000111400,0.000111400,0.0000,1,0.005167
Instances/Instances 3/kroA200_10.gt,199,10000.0,86400.0,PTVRP_CONT,30902.0,1,0.000111600,0.000111600,0.0000,1,0.005719
Instances/Instances 3/kroB100_01.gt,99,10.0,86400.0,PTVRP_CONT,715686.0,67,0.000028000,0.000028000,0.0000,1,0.004791
Instances/Instances 3/kroB100_02.gt,99,20.0,86400.0,PTVRP_CONT,361631.0,53,0.000031400,0.000031400,0.0000,1,0.006405
Instances/Instances 3/kroB100_03.gt,99,50.0,86400.0,PTVRP_CONT,143168.0,41,0.000038300,0.000038300,0.0000,1,0.005963
Instances/Instances 3/kroB100_04.gt,99,100.0,86400.0,PTVRP_CONT,85698.0,27,0.000039900,0.000039900,0.0000,1,0.006012
Instances/Instances 3/kroB100_05.gt,99,200.0,86400.0,PTVRP_CONT,55051.0,15,0.000037100,0.000037100,0.0000,1,0.005583
Instances/Instances 3/kroB100_06.gt,99,500.0,86400.0,PTVRP_CONT,32940.0,6,0.000033800,0.000033800,0.0000,1,0.00605
Instances/Instances 3/kroB100_07.gt,99,1000.0,86400.0,PTVRP_CONT,26294.0,4,0.000031800,0.000031800,0.0000,1,0.006989
Instances/Instances 3/kroB100_08.gt,99,2000.0,86400.0,PTVRP_CONT,24490.0,2,0.000029200,0.000029200,0.0000,1,0.006746
Instances/Instances 3/kroB100_09.gt,99,5000.0,86400.0,PTVRP_CONT,24472.0,1,0.000028600,0.000028600,0.0000,1,0.007994
Instances/Instances 3/kroB100_10.gt,99,10000.0,86400.0,PTVRP_CONT,24472.0,1,0.000028500,0.000028500,0.0000,1,0.00723
Instances/Instances 3/kroB150_01.gt,149,10.0,86400.0,PTVRP_CONT,1104436.0,98,0.000060500,0.000060500,0.0000,1,0.006759
Instances/Instances 3/kroB150_02.gt,149,20.0,86400.0,PTVRP_CONT,547594.0,66,0.000064700,0.000064700,0.0000,1,0.007693
Instances/Instances 3/kroB150_03.gt,149,50.0,86400.0,PTVRP_CONT,252520.0,67,0.000073500,0.000073500,0.0000,1,0.007289
Instances/Instances 3/kroB150_04.gt,149,100.0,86400.0,PTVRP_CONT,129944.0,35,0.000079900,0.000079900,0.0000,1,0.008022
Instances/Instances 3/kroB150_05.gt,149,200.0,86400.0,PTVRP_CONT,80467.0,23,0.000078400,0.000078400,0.0000,1,0.006307
Instances/Instances 3/kroB150_06.gt,149,500.0,86400.0,PTVRP_CONT,40856.0,8,0.000071100,0.000071100,0.0000,1,0.006376
Instances/Instances 3/kroB150_07.gt,149,1000.0,86400.0,PTVRP_CONT,33971.0,5,0.000069600,0.000069600,0.0000,1,0.006547
Instances/Instances 3/kroB150_08.gt,149,2000.0,86400.0,PTVRP_CONT,28852.0,2,0.000065900,0.000065900,0.0000,1,0.005723
Instances/Instances 3/kroB150_09.gt,149,5000.0,86400.0,PTVRP_CONT,27979.0,1,0.000063200,0.000063200,0.0000,1,0.005791
Instances/Instances 3/kroB150_10.gt,149,10000.0,86400.0,PTVRP_CONT,27979.0,1,0.000063100,0.000063100,0.0000,1,0.00577
Instances/Instances 3/kroB200_01.gt,199,10.0,86400.0,PTVRP_CONT,1382288.0,129,0.000103900,0.000103900,0.0000,1,0.006187
Instances/Instances 3/kroB200_02.gt,199,20.0,86400.0,PTVRP_CONT,674226.0,100,0.000116500,0.000116500,0.0000,1,0.006436
Instances/Instances 3/kroB200_03.gt,199,50.0,86400.0,PTVRP_CONT,320833.0,93,0.000120500,0.000120500,0.0000,1,0.006675
Instances/Instances 3/kroB200_04.gt,199,100.0,86400.0,PTVRP_CONT,161234.0,52,0.000130800,0.000130800,0.0000,1,0.006605
Instances/Instances 3/kroB200_05.gt,199,200.0,86400.0,PTVRP_CONT,92715.0,30,0.000128300,0.000128300,0.0000,1,0.006215
Instances/Instances 3/kroB200_06.gt,199,500.0,86400.0,PTVRP_CONT,53980.0,13,0.000122400,0.000122400,0.0000,1,0.006818
Instances/Instances 3/kroB200_07.gt,199,1000.0,86400.0,PTVRP_CONT,41003.0,6,0.000121100,0.000121100,0.0000,1,0.007013
Instances/Instances 3/kroB200_08.gt,199,2000.0,86400.0,PTVRP_CONT,34301.0,4,0.000117100,0.000117100,0.0000,1,0.006022
Instances/Instances 3/kroB200_09.gt,199,5000.0,86400.0,PTVRP_CONT,31786.0,2,0.000112600,0.000112600,0.0000,1,0.006111
Instances/Instances 3/kroB200_10.gt,199,10000.0,86400.0,PTVRP_CONT,31768.0,1,0.000111600,0.000111600,0.0000,1,0.005866
Instances/Instances 3/kroC100_01.gt,99,10.0,86400.0,PTVRP_CONT,729741.0,60,0.000028900,0.000028900,0.0000,1,0.007322
Instances/Instances 3/kroC100_02.gt,99,20.0,86400.0,PTVRP_CONT,371907.0,50,0.000033900,0.000033900,0.0000,1,0.006897
Instances/Instances 3/kroC100_03.gt,99,50.0,86400.0,PTVRP_CONT,155822.0,45,0.000037900,0.000037900,0.0000,1,0.006941
Instances/Instances 3/kroC100_04.gt,99,100.0,86400.0,PTVRP_CONT,90678.0,28,0.000043500,0.000043500,0.0000,1,0.0072
Instances/Instances 3/kroC100_05.gt,99,200.0,86400.0,PTVRP_CONT,59289.0,17,0.000039100,0.000039100,0.0000,1,0.006698
Instances/Instances 3/kroC100_06.gt,99,500.0,86400.0,PTVRP_CONT,32663.0,6,0.000034900,0.000034900,0.0000,1,0.005263
Instances/Instances 3/kroC100_07.gt,99,1000.0,86400.0,PTVRP_CONT,26061.0,4,0.000031100,0.000031100,0.0000,1,0.005881
Instances/Instances 3/kroC100_08.gt,99,2000.0,86400.0,PTVRP_CONT,23764.0,2,0.000029800,0.000029800,0.0000,1,0.005506
Instances/Instances 3/kroC100_09.gt,99,5000.0,86400.0,PTVRP_CONT,22713.0,1,0.000028500,0.000028500,0.0000,1,0.005979
Instances/Instances 3/kroC100_10.gt,99,10000.0,86400.0,PTVRP_CONT,22713.0,1,0.000028500,0.000028500,0.0000,1,0.005121
Instances/Instances 3/kroD100_01.gt,99,10.0,86400.0,PTVRP_CONT,653242.0,66,0.000029400,0.000029400,0.0000,1,0.007319
Instances/Instances 3/kroD100_02.gt,99,20.0,86400.0,PTVRP_CONT,345002.0,51,0.000031600,0.000031600,0.0000,1,0.006224
Instances/Instances 3/kroD100_03.gt,99,50.0,86400.0,PTVRP_CONT,150778.0,41,0.000037800,0.000037800,0.0000,1,0.007693
Instances/Instances 3/kroD100_04.gt,99,100.0,86400.0,PTVRP_CONT,80842.0,30,0.000040500,0.000040500,0.0000,1,0.007829
Instances/Instances 3/kroD100_05.gt,99,200.0,86400.0,PTVRP_CONT,55500.0,16,0.000038000,0.000038000,0.0000,1,0.006536
Instances/Instances 3/kroD100_06.gt,99,500.0,86400.0,PTVRP_CONT,32259.0,7,0.000033800,0.000033800,0.0000,1,0.005866
Instances/Instances 3/kroD100_07.gt,99,1000.0,86400.0,PTVRP_CONT,25441.0,4,0.000031500,0.000031500,0.0000,1,0.005986
Instances/Instances 3/kroD100_08.gt,99,2000.0,86400.0,PTVRP_CONT,23833.0,2,0.000029700,0.000029700,0.0000,1,0.005434
Instances/Instances 3/kroD100_09.gt,99,5000.0,86400.0,PTVRP_CONT,23792.0,1,0.000028500,0.000028500,0.0000,1,0.005739
Instances/Instances 3/kroD100_10.gt,99,10000.0,86400.0,PTVRP_CONT,23792.0,1,0.000028500,0.000028500,0.0000,1,0.007292
Instances/Instances 3/kroE100_01.gt,99,10.0,86400.0,PTVRP_CONT,699690.0,62,0.000028900,0.000028900,0.0000,1,0.006064
Instances/Instances 3/kroE100_02.gt,99,20.0,86400.0,PTVRP_CONT,383437.0,56,0.000031900,0.000031900,0.0000,1,0.005761
Instances/Instances 3/kroE100_03.gt,99,50.0,86400.0,PTVRP_CONT,156593.0,40,0.000037500,0.000037500,0.0000,1,0.006052
Instances/Instances 3/kroE100_04.gt,99,100.0,86400.0,PTVRP_CONT,90282.0,29,0.000042300,0.000042300,0.0000,1,0.004719
Instances/Instances 3/kroE100_05.gt,99,200.0,86400.0,PTVRP_CONT,58408.0,17,0.000037700,0.000037700,0.0000,1,0.007178
Instances/Instances 3/kroE100_06.gt,99,500.0,86400.0,PTVRP_CONT,33882.0,7,0.000033800,0.000033800,0.0000,1,0.006124
Instances/Instances 3/kroE100_07.gt,99,1000.0,86400.0,PTVRP_CONT,25429.0,3,0.000030900,0.000030900,0.0000,1,0.006498
Instances/Instances 3/kroE100_08.gt,99,2000.0,86400.0,PTVRP_CONT,25287.0,2,0.000029300,0.000029300,0.0000,1,0.006684
Instances/Instances 3/kroE100_09.gt,99,5000.0,86400.0,PTVRP_CONT,24552.0,1,0.000028500,0.000028500,0.0000,1,0.006565
Instances/Instances 3/kroE100_10.gt,99,10000.0,86400.0,PTVRP_CONT,24552.0,1,0.000028400,0.000028400,0.0000,1,0.006142
Instances/Instances 3/kz9976_01.gt,9975,10.0,86400.0,PTVRP_CONT,NO SOLUTION,,0.226153698,0.226153698,0.0000,1,0.237313
Instances/Instances 3/kz9976_02.gt,9975,20.0,86400.0,PTVRP_CONT,NO SOLUTION,,0.227625099,0.227625099,0.0000,1,0.242795
Instances/Instances 3/kz9976_03.gt,9975,50.0,86400.0,PTVRP_CONT,112279617.0,3259,0.222433898,0.222433898,0.0000,1,0.23945
Instances/Instances 3/kz9976_04.gt,9975,100.0,86400.0,PTVRP_CONT,53535869.0,1698,0.225606999,0.225606999,0.0000,1,0.243027
Instances/Instances 3/kz9976_05.gt,9975,200.0,86400.0,PTVRP_CONT,27446897.0,1052,0.227406098,0.227406098,0.0000,1,0.24492
Instances/Instances 3/kz9976_06.gt,9975,500.0,86400.0,PTVRP_CONT,11297928.0,500,0.225949599,0.225949599,0.0000,1,0.242625
Instances/Instances 3/kz9976_07.gt,9975,1000.0,86400.0,PTVRP_CONT,6099274.0,260,0.226737798,0.226737798,0.0000,1,0.242183
Instances/Instances 3/kz9976_08.gt,9975,2000.0,86400.0,PTVRP_CONT,3537289.0,131,0.225988699,0.225988699,0.0000,1,0.243145
Instances/Instances 3/kz9976_09.gt,9975,5000.0,86400.0,PTVRP_CONT,2030972.0,55,0.230710498,0.230710498,0.0000,1,0.245827
Instances/Instances 3/kz9976_10.gt,9975,10000.0,86400.0,PTVRP_CONT,1529484.0,28,0.230250199,0.230250199,0.0000,1,0.247784
Instances/Instances 3/lin105_01.gt,104,10.0,86400.0,PTVRP_CONT,487430.0,69,0.000033100,0.000033100,0.0000,1,0.008317
Instances/Instances 3/lin105_02.gt,104,20.0,86400.0,PTVRP_CONT,270194.0,48,0.000034100,0.000034100,0.0000,1,0.008294
Instances/Instances 3/lin105_03.gt,104,50.0,86400.0,PTVRP_CONT,108787.0,40,0.000041600,0.000041600,0.0000,1,0.007991
Instances/Instances 3/lin105_04.gt,104,100.0,86400.0,PTVRP_CONT,61853.0,23,0.000044600,0.000044600,0.0000,1,0.006721
Instances/Instances 3/lin105_05.gt,104,200.0,86400.0,PTVRP_CONT,32006.0,15,0.000040800,0.000040800,0.0000,1,0.007913
Instances/Instances 3/lin105_06.gt,104,500.0,86400.0,PTVRP_CONT,21595.0,6,0.000036000,0.000036000,0.0000,1,0.007069
Instances/Instances 3/lin105_07.gt,104,1000.0,86400.0,PTVRP_CONT,18091.0,3,0.000034000,0.000034000,0.0000,1,0.006503
Instances/Instances 3/lin105_08.gt,104,2000.0,86400.0,PTVRP_CONT,17033.0,2,0.000032400,0.000032400,0.0000,1,0.005958
Instances/Instances 3/lin105_09.gt,104,5000.0,86400.0,PTVRP_CONT,17033.0,1,0.000031700,0.000031700,0.0000,1,0.006701
Instances/Instances 3/lin105_10.gt,104,10000.0,86400.0,PTVRP_CONT,17033.0,1,0.000031300,0.000031300,0.0000,1,0.006573
Instances/Instances 3/lin318_01.gt,317,10.0,86400.0,PTVRP_CONT,2323080.0,182,0.000248700,0.000248700,0.0000,1,0.006741
Instances/Instances 3/lin318_02.gt,317,20.0,86400.0,PTVRP_CONT,1140467.0,145,0.000259000,0.000259000,0.0000,1,0.008784
Instances/Instances 3/lin318_03.gt,317,50.0,86400.0,PTVRP_CONT,521019.0,114,0.000282900,0.000282900,0.0000,1,0.007938
Instances/Instances 3/lin318_04.gt,317,100.0,86400.0,PTVRP_CONT,264200.0,73,0.000297600,0.000297600,0.0000,1,0.00746
Instances/Instances 3/lin318_05.gt,317,200.0,86400.0,PTVRP_CONT,151682.0,46,0.000296100,0.000296100,0.0000,1,0.00762
Instances/Instances 3/lin318_06.gt,317,500.0,86400.0,PTVRP_CONT,83335.0,18,0.000289600,0.000289600,0.0000,1,0.008064
Instances/Instances 3/lin318_07.gt,317,1000.0,86400.0,PTVRP_CONT,59858.0,10,0.000288900,0.000288900,0.0000,1,0.006262
Instances/Instances 3/lin318_08.gt,317,2000.0,86400.0,PTVRP_CONT,51479.0,5,0.000287900,0.000287900,0.0000,1,0.007351
Instances/Instances 3/lin318_09.gt,317,5000.0,86400.0,PTVRP_CONT,46049.0,2,0.000285800,0.000285800,0.0000,1,0.007611
Instances/Instances 3/lin318_10.gt,317,10000.0,86400.0,PTVRP_CONT,46049.0,1,0.000280500,0.000280500,0.0000,1,0.007813
Instances/Instances 3/linhp318_01.gt,317,10.0,86400.0,PTVRP_CONT,2422886.0,190,0.000248600,0.000248600,0.0000,1,0.00663
Instances/Instances 3/linhp318_02.gt,317,20.0,86400.0,PTVRP_CONT,1241823.0,142,0.000257699,0.000257699,0.0000,1,0.00715
Instances/Instances 3/linhp318_03.gt,317,50.0,86400.0,PTVRP_CONT,539987.0,123,0.000300200,0.000300200,0.0000,1,0.006649
Instances/Instances 3/linhp318_04.gt,317,100.0,86400.0,PTVRP_CONT,273931.0,80,0.000300200,0.000300200,0.0000,1,0.007188
Instances/Instances 3/linhp318_05.gt,317,200.0,86400.0,PTVRP_CONT,143469.0,42,0.000295700,0.000295700,0.0000,1,0.006245
Instances/Instances 3/linhp318_06.gt,317,500.0,86400.0,PTVRP_CONT,83044.0,19,0.000291300,0.000291300,0.0000,1,0.006607
Instances/Instances 3/linhp318_07.gt,317,1000.0,86400.0,PTVRP_CONT,61428.0,10,0.000289700,0.000289700,0.0000,1,0.006765
Instances/Instances 3/linhp318_08.gt,317,2000.0,86400.0,PTVRP_CONT,50329.0,5,0.000287900,0.000287900,0.0000,1,0.007199
Instances/Instances 3/linhp318_09.gt,317,5000.0,86400.0,PTVRP_CONT,46168.0,2,0.000286700,0.000286700,0.0000,1,0.006782
Instances/Instances 3/linhp318_10.gt,317,10000.0,86400.0,PTVRP_CONT,46168.0,1,0.000280500,0.000280500,0.0000,1,0.006432
Instances/Instances 3/lu980_01.gt,979,10.0,86400.0,PTVRP_CONT,1238199.0,431,0.002350300,0.002350300,0.0000,1,0.009012
Instances/Instances 3/lu980_02.gt,979,20.0,86400.0,PTVRP_CONT,597749.0,355,0.002398300,0.002398300,0.0000,1,0.008935
Instances/Instances 3/lu980_03.gt,979,50.0,86400.0,PTVRP_CONT,260096.0,279,0.002657000,0.002657000,0.0000,1,0.011515
Instances/Instances 3/lu980_04.gt,979,100.0,86400.0,PTVRP_CONT,134615.0,197,0.002821900,0.002821900,0.0000,1,0.011925
Instances/Instances 3/lu980_05.gt,979,200.0,86400.0,PTVRP_CONT,72181.0,128,0.002816000,0.002816000,0.0000,1,0.011831
Instances/Instances 3/lu980_06.gt,979,500.0,86400.0,PTVRP_CONT,33701.0,53,0.002726000,0.002726000,0.0000,1,0.011337
Instances/Instances 3/lu980_07.gt,979,1000.0,86400.0,PTVRP_CONT,22041.0,26,0.002736900,0.002736900,0.0000,1,0.010393
Instances/Instances 3/lu980_08.gt,979,2000.0,86400.0,PTVRP_CONT,16239.0,14,0.002756800,0.002756800,0.0000,1,0.010816
Instances/Instances 3/lu980_09.gt,979,5000.0,86400.0,PTVRP_CONT,13197.0,6,0.002726200,0.002726200,0.0000,1,0.009139
Instances/Instances 3/lu980_10.gt,979,10000.0,86400.0,PTVRP_CONT,12225.0,3,0.002717600,0.002717600,0.0000,1,0.010161
Instances/Instances 3/mo14185_01.gt,14184,10.0,86400.0,PTVRP_CONT,190178737.0,6239,0.456250897,0.456250897,0.0000,1,0.471577
Instances/Instances 3/mo14185_02.gt,14184,20.0,86400.0,PTVRP_CONT,94886942.0,3918,0.452142597,0.452142597,0.0000,1,0.471438
Instances/Instances 3/mo14185_03.gt,14184,50.0,86400.0,PTVRP_CONT,38265507.0,2876,0.454486897,0.454486897,0.0000,1,0.476328
Instances/Instances 3/mo14185_04.gt,14184,100.0,86400.0,PTVRP_CONT,19578291.0,1972,0.459475497,0.459475497,0.0000,1,0.48044
Instances/Instances 3/mo14185_05.gt,14184,200.0,86400.0,PTVRP_CONT,10007962.0,1444,0.457825589,0.457825589,0.0000,1,0.477064
Instances/Instances 3/mo14185_06.gt,14184,500.0,86400.0,PTVRP_CONT,4167445.0,725,0.460936579,0.460936579,0.0000,1,0.482133
Instances/Instances 3/mo14185_07.gt,14184,1000.0,86400.0,PTVRP_CONT,2278933.0,371,0.455106879,0.455106879,0.0000,1,0.473896
Instances/Instances 3/mo14185_08.gt,14184,2000.0,86400.0,PTVRP_CONT,1338812.0,186,0.464579278,0.464579278,0.0000,1,0.485116
Instances/Instances 3/mo14185_09.gt,14184,5000.0,86400.0,PTVRP_CONT,783172.0,77,0.464720079,0.464720079,0.0000,1,0.484225
Instances/Instances 3/mo14185_10.gt,14184,10000.0,86400.0,PTVRP_CONT,603909.0,39,0.466728878,0.466728878,0.0000,1,0.486337
Instances/Instances 3/mu1979_01.gt,1978,10.0,86400.0,PTVRP_CONT,21170613.0,942,0.009028599,0.009028599,0.0000,1,0.019043
Instances/Instances 3/mu1979_02.gt,1978,20.0,86400.0,PTVRP_CONT,10601470.0,639,0.009208600,0.009208600,0.0000,1,0.017753
Instances/Instances 3/mu1979_03.gt,1978,50.0,86400.0,PTVRP_CONT,4384693.0,474,0.009262400,0.009262400,0.0000,1,0.019403
Instances/Instances 3/mu1979_04.gt,1978,100.0,86400.0,PTVRP_CONT,2134080.0,337,0.009634900,0.009634900,0.0000,1,0.018675
Instances/Instances 3/mu1979_05.gt,1978,200.0,86400.0,PTVRP_CONT,1109709.0,225,0.009728300,0.009728300,0.0000,1,0.019701
Instances/Instances 3/mu1979_06.gt,1978,500.0,86400.0,PTVRP_CONT,481068.0,102,0.009598700,0.009598700,0.0000,1,0.018386
Instances/Instances 3/mu1979_07.gt,1978,1000.0,86400.0,PTVRP_CONT,281196.0,53,0.009761000,0.009761000,0.0000,1,0.01943
Instances/Instances 3/mu1979_08.gt,1978,2000.0,86400.0,PTVRP_CONT,187097.0,27,0.009935900,0.009935900,0.0000,1,0.019743
Instances/Instances 3/mu1979_09.gt,1978,5000.0,86400.0,PTVRP_CONT,126324.0,12,0.010102399,0.010102399,0.0000,1,0.019673
Instances/Instances 3/mu1979_10.gt,1978,10000.0,86400.0,PTVRP_CONT,110058.0,6,0.010405999,0.010405999,0.0000,1,0.020286
Instances/Instances 3/nrw1379_01.gt,1378,10.0,86400.0,PTVRP_CONT,5653357.0,730,0.004433299,0.004433299,0.0000,1,0.014181
Instances/Instances 3/nrw1379_02.gt,1378,20.0,86400.0,PTVRP_CONT,2864393.0,575,0.004500800,0.004500800,0.0000,1,0.013466
Instances/Instances 3/nrw1379_03.gt,1378,50.0,86400.0,PTVRP_CONT,1249891.0,477,0.004684000,0.004684000,0.0000,1,0.013358
Instances/Instances 3/nrw1379_04.gt,1378,100.0,86400.0,PTVRP_CONT,639977.0,291,0.004846499,0.004846499,0.0000,1,0.01403
Instances/Instances 3/nrw1379_05.gt,1378,200.0,86400.0,PTVRP_CONT,336992.0,177,0.004814200,0.004814200,0.0000,1,0.013663
Instances/Instances 3/nrw1379_06.gt,1378,500.0,86400.0,PTVRP_CONT,159940.0,74,0.004850300,0.004850300,0.0000,1,0.013597
Instances/Instances 3/nrw1379_07.gt,1378,1000.0,86400.0,PTVRP_CONT,107812.0,38,0.004839199,0.004839199,0.0000,1,0.01369
Instances/Instances 3/nrw1379_08.gt,1378,2000.0,86400.0,PTVRP_CONT,80077.0,20,0.004906100,0.004906100,0.0000,1,0.015796
Instances/Instances 3/nrw1379_09.gt,1378,5000.0,86400.0,PTVRP_CONT,64945.0,9,0.005049200,0.005049200,0.0000,1,0.01492
Instances/Instances 3/nrw1379_10.gt,1378,10000.0,86400.0,PTVRP_CONT,60155.0,4,0.005179999,0.005179999,0.0000,1,0.015758
Instances/Instances 3/nu3496_01.gt,3495,10.0,86400.0,PTVRP_CONT,19679188.0,1405,0.028108398,0.028108398,0.0000,1,0.039827
Instances/Instances 3/nu3496_02.gt,3495,20.0,86400.0,PTVRP_CONT,9982322.0,1105,0.028355899,0.028355899,0.0000,1,0.039705
Instances/Instances 3/nu3496_03.gt,3495,50.0,86400.0,PTVRP_CONT,4081427.0,893,0.029027199,0.029027199,0.0000,1,0.040435
Instances/Instances 3/nu3496_04.gt,3495,100.0,86400.0,PTVRP_CONT,2118845.0,595,0.029303599,0.029303599,0.0000,1,0.040657
Instances/Instances 3/nu3496_05.gt,3495,200.0,86400.0,PTVRP_CONT,1114055.0,408,0.028955399,0.028955399,0.0000,1,0.04031
Instances/Instances 3/nu3496_06.gt,3495,500.0,86400.0,PTVRP_CONT,479236.0,186,0.029344799,0.029344799,0.0000,1,0.041072
Instances/Instances 3/nu3496_07.gt,3495,1000.0,86400.0,PTVRP_CONT,280981.0,92,0.030219699,0.030219699,0.0000,1,0.04365
Instances/Instances 3/nu3496_08.gt,3495,2000.0,86400.0,PTVRP_CONT,185342.0,47,0.030198199,0.030198199,0.0000,1,0.042453
Instances/Instances 3/nu3496_09.gt,3495,5000.0,86400.0,PTVRP_CONT,127054.0,21,0.030348399,0.030348399,0.0000,1,0.042791
Instances/Instances 3/nu3496_10.gt,3495,10000.0,86400.0,PTVRP_CONT,110197.0,11,0.030608999,0.030608999,0.0000,1,0.041356
Instances/Instances 3/p654_01.gt,653,10.0,86400.0,PTVRP_CONT,8542444.0,280,0.001014000,0.001014000,0.0000,1,0.010173
Instances/Instances 3/p654_02.gt,653,20.0,86400.0,PTVRP_CONT,4130591.0,177,0.001006000,0.001006000,0.0000,1,0.008808
Instances/Instances 3/p654_03.gt,653,50.0,86400.0,PTVRP_CONT,1792804.0,151,0.001053300,0.001053300,0.0000,1,0.007597
Instances/Instances 3/p654_04.gt,653,100.0,86400.0,PTVRP_CONT,882536.0,88,0.001100100,0.001100100,0.0000,1,0.007411
Instances/Instances 3/p654_05.gt,653,200.0,86400.0,PTVRP_CONT,460540.0,70,0.001129000,0.001129000,0.0000,1,0.006933
Instances/Instances 3/p654_06.gt,653,500.0,86400.0,PTVRP_CONT,207954.0,33,0.001146400,0.001146400,0.0000,1,0.00848
Instances/Instances 3/p654_07.gt,653,1000.0,86400.0,PTVRP_CONT,115213.0,18,0.001180500,0.001180500,0.0000,1,0.008238
Instances/Instances 3/p654_08.gt,653,2000.0,86400.0,PTVRP_CONT,73369.0,9,0.001188100,0.001188100,0.0000,1,0.008666
Instances/Instances 3/p654_09.gt,653,5000.0,86400.0,PTVRP_CONT,47469.0,4,0.001223900,0.001223900,0.0000,1,0.00797
Instances/Instances 3/p654_10.gt,653,10000.0,86400.0,PTVRP_CONT,40143.0,2,0.001195000,0.001195000,0.0000,1,0.007317
Instances/Instances 3/pcb1173_01.gt,1172,10.0,86400.0,PTVRP_CONT,5492447.0,632,0.003212399,0.003212399,0.0000,1,0.010422
Instances/Instances 3/pcb1173_02.gt,1172,20.0,86400.0,PTVRP_CONT,2864320.0,476,0.003251000,0.003251000,0.0000,1,0.012781
Instances/Instances 3/pcb1173_03.gt,1172,50.0,86400.0,PTVRP_CONT,1196657.0,380,0.003421400,0.003421400,0.0000,1,0.013707
Instances/Instances 3/pcb1173_04.gt,1172,100.0,86400.0,PTVRP_CONT,620414.0,250,0.003571300,0.003571300,0.0000,1,0.013025
Instances/Instances 3/pcb1173_05.gt,1172,200.0,86400.0,PTVRP_CONT,330572.0,157,0.003510500,0.003510500,0.0000,1,0.01295
Instances/Instances 3/pcb1173_06.gt,1172,500.0,86400.0,PTVRP_CONT,158018.0,62,0.003518399,0.003518399,0.0000,1,0.011896
Instances/Instances 3/pcb1173_07.gt,1172,1000.0,86400.0,PTVRP_CONT,105872.0,33,0.003535400,0.003535400,0.0000,1,0.011408
Instances/Instances 3/pcb1173_08.gt,1172,2000.0,86400.0,PTVRP_CONT,78914.0,16,0.003609800,0.003609800,0.0000,1,0.01259
Instances/Instances 3/pcb1173_09.gt,1172,5000.0,86400.0,PTVRP_CONT,64560.0,7,0.003797000,0.003797000,0.0000,1,0.013818
Instances/Instances 3/pcb1173_10.gt,1172,10000.0,86400.0,PTVRP_CONT,61052.0,4,0.003818600,0.003818600,0.0000,1,0.013087
Instances/Instances 3/pcb3038_01.gt,3037,10.0,86400.0,PTVRP_CONT,21095837.0,1469,0.021301799,0.021301799,0.0000,1,0.029836
Instances/Instances 3/pcb3038_02.gt,3037,20.0,86400.0,PTVRP_CONT,10835812.0,1087,0.021365099,0.021365099,0.0000,1,0.03282
Instances/Instances 3/pcb3038_03.gt,3037,50.0,86400.0,PTVRP_CONT,4471439.0,852,0.021689399,0.021689399,0.0000,1,0.033238
Instances/Instances 3/pcb3038_04.gt,3037,100.0,86400.0,PTVRP_CONT,2289406.0,585,0.022098899,0.022098899,0.0000,1,0.033457
Instances/Instances 3/pcb3038_05.gt,3037,200.0,86400.0,PTVRP_CONT,1189258.0,376,0.021756799,0.021756799,0.0000,1,0.031615
Instances/Instances 3/pcb3038_06.gt,3037,500.0,86400.0,PTVRP_CONT,544627.0,163,0.021763399,0.021763399,0.0000,1,0.033823
Instances/Instances 3/pcb3038_07.gt,3037,1000.0,86400.0,PTVRP_CONT,336337.0,82,0.021962299,0.021962299,0.0000,1,0.034188
Instances/Instances 3/pcb3038_08.gt,3037,2000.0,86400.0,PTVRP_CONT,229404.0,41,0.021891599,0.021891599,0.0000,1,0.033333
Instances/Instances 3/pcb3038_09.gt,3037,5000.0,86400.0,PTVRP_CONT,172113.0,17,0.022418499,0.022418499,0.0000,1,0.033011
Instances/Instances 3/pcb3038_10.gt,3037,10000.0,86400.0,PTVRP_CONT,153126.0,10,0.022939499,0.022939499,0.0000,1,0.033546
Instances/Instances 3/pcb442_01.gt,441,10.0,86400.0,PTVRP_CONT,2985167.0,257,0.000460900,0.000460900,0.0000,1,0.008966
Instances/Instances 3/pcb442_02.gt,441,20.0,86400.0,PTVRP_CONT,1591676.0,190,0.000480900,0.000480900,0.0000,1,0.006308
Instances/Instances 3/pcb442_03.gt,441,50.0,86400.0,PTVRP_CONT,666538.0,174,0.000507500,0.000507500,0.0000,1,0.008791
Instances/Instances 3/pcb442_04.gt,441,100.0,86400.0,PTVRP_CONT,352858.0,107,0.000641300,0.000641300,0.0000,1,0.009367
Instances/Instances 3/pcb442_05.gt,441,200.0,86400.0,PTVRP_CONT,191037.0,61,0.000527900,0.000527900,0.0000,1,0.00844
Instances/Instances 3/pcb442_06.gt,441,500.0,86400.0,PTVRP_CONT,103755.0,24,0.000563600,0.000563600,0.0000,1,0.007316
Instances/Instances 3/pcb442_07.gt,441,1000.0,86400.0,PTVRP_CONT,75297.0,12,0.000525600,0.000525600,0.0000,1,0.008304
Instances/Instances 3/pcb442_08.gt,441,2000.0,86400.0,PTVRP_CONT,63158.0,7,0.000530200,0.000530200,0.0000,1,0.009323
Instances/Instances 3/pcb442_09.gt,441,5000.0,86400.0,PTVRP_CONT,56573.0,3,0.000602800,0.000602800,0.0000,1,0.008335
Instances/Instances 3/pcb442_10.gt,441,10000.0,86400.0,PTVRP_CONT,55052.0,2,0.000604099,0.000604099,0.0000,1,0.007162
Instances/Instances 3/pm8079_01.gt,8078,10.0,86400.0,PTVRP_CONT,42933464.0,2810,0.149998893,0.149998893,0.0000,1,0.189035
Instances/Instances 3/pm8079_02.gt,8078,20.0,86400.0,PTVRP_CONT,21678833.0,2156,0.149426093,0.149426093,0.0000,1,0.1621
Instances/Instances 3/pm8079_03.gt,8078,50.0,86400.0,PTVRP_CONT,8752999.0,1652,0.149825594,0.149825594,0.0000,1,0.165793
Instances/Instances 3/pm8079_04.gt,8078,100.0,86400.0,PTVRP_CONT,4476368.0,1197,0.155005593,0.155005593,0.0000,1,0.167596
Instances/Instances 3/pm8079_05.gt,8078,200.0,86400.0,PTVRP_CONT,2274327.0,846,0.151687293,0.151687293,0.0000,1,0.166354
Instances/Instances 3/pm8079_06.gt,8078,500.0,86400.0,PTVRP_CONT,960838.0,419,0.151329693,0.151329693,0.0000,1,0.164934
Instances/Instances 3/pm8079_07.gt,8078,1000.0,86400.0,PTVRP_CONT,530978.0,213,0.151654593,0.151654593,0.0000,1,0.1644
Instances/Instances 3/pm8079_08.gt,8078,2000.0,86400.0,PTVRP_CONT,319194.0,106,0.155347493,0.155347493,0.0000,1,0.171184
Instances/Instances 3/pm8079_09.gt,8078,5000.0,86400.0,PTVRP_CONT,192786.0,45,0.154994893,0.154994893,0.0000,1,0.168749
Instances/Instances 3/pm8079_10.gt,8078,10000.0,86400.0,PTVRP_CONT,152073.0,22,0.158330993,0.158330993,0.0000,1,0.173766
Instances/Instances 3/pr1002_01.gt,1001,10.0,86400.0,PTVRP_CONT,NO SOLUTION,,0.002256499,0.002256499,0.0000,1,0.010573
Instances/Instances 3/pr1002_02.gt,1001,20.0,86400.0,PTVRP_CONT,12903461.0,402,0.002341500,0.002341500,0.0000,1,0.009206
Instances/Instances 3/pr1002_03.gt,1001,50.0,86400.0,PTVRP_CONT,5624823.0,328,0.002327600,0.002327600,0.0000,1,0.010376
Instances/Instances 3/pr1002_04.gt,1001,100.0,86400.0,PTVRP_CONT,2842708.0,196,0.002420300,0.002420300,0.0000,1,0.009859
Instances/Instances 3/pr1002_05.gt,1001,200.0,86400.0,PTVRP_CONT,1514476.0,134,0.002410900,0.002410900,0.0000,1,0.010169
Instances/Instances 3/pr1002_06.gt,1001,500.0,86400.0,PTVRP_CONT,720872.0,55,0.002368400,0.002368400,0.0000,1,0.010096
Instances/Instances 3/pr1002_07.gt,1001,1000.0,86400.0,PTVRP_CONT,481810.0,28,0.002366400,0.002366400,0.0000,1,0.010723
Instances/Instances 3/pr1002_08.gt,1001,2000.0,86400.0,PTVRP_CONT,368457.0,15,0.002463200,0.002463200,0.0000,1,0.010869
Instances/Instances 3/pr1002_09.gt,1001,5000.0,86400.0,PTVRP_CONT,297554.0,6,0.002467400,0.002467400,0.0000,1,0.010293
Instances/Instances 3/pr1002_10.gt,1001,10000.0,86400.0,PTVRP_CONT,283439.0,4,0.002567700,0.002567700,0.0000,1,0.010449
Instances/Instances 3/pr107_01.gt,106,10.0,86400.0,PTVRP_CONT,2842350.0,71,0.000030700,0.000030700,0.0000,1,0.008672
Instances/Instances 3/pr107_02.gt,106,20.0,86400.0,PTVRP_CONT,1417795.0,56,0.000033300,0.000033300,0.0000,1,0.007325
Instances/Instances 3/pr107_03.gt,106,50.0,86400.0,PTVRP_CONT,616267.0,37,0.000036800,0.000036800,0.0000,1,0.007402
Instances/Instances 3/pr107_04.gt,106,100.0,86400.0,PTVRP_CONT,280299.0,24,0.000039100,0.000039100,0.0000,1,0.006686
Instances/Instances 3/pr107_05.gt,106,200.0,86400.0,PTVRP_CONT,182443.0,15,0.000038700,0.000038700,0.0000,1,0.005554
Instances/Instances 3/pr107_06.gt,106,500.0,86400.0,PTVRP_CONT,85521.0,6,0.000037400,0.000037400,0.0000,1,0.005888
Instances/Instances 3/pr107_07.gt,106,1000.0,86400.0,PTVRP_CONT,65048.0,3,0.000036500,0.000036500,0.0000,1,0.005481
Instances/Instances 3/pr107_08.gt,106,2000.0,86400.0,PTVRP_CONT,51947.0,2,0.000035200,0.000035200,0.0000,1,0.005702
Instances/Instances 3/pr107_09.gt,106,5000.0,86400.0,PTVRP_CONT,50502.0,1,0.000032600,0.000032600,0.0000,1,0.006089
Instances/Instances 3/pr107_10.gt,106,10000.0,86400.0,PTVRP_CONT,50502.0,1,0.000032500,0.000032500,0.0000,1,0.006543
Instances/Instances 3/pr124_01.gt,123,10.0,86400.0,PTVRP_CONT,2738248.0,80,0.000040600,0.000040600,0.0000,1,0.006504
Instances/Instances 3/pr124_02.gt,123,20.0,86400.0,PTVRP_CONT,1512911.0,59,0.000042800,0.000042800,0.0000,1,0.00676
Instances/Instances 3/pr124_03.gt,123,50.0,86400.0,PTVRP_CONT,587135.0,44,0.000048700,0.000048700,0.0000,1,0.005558
Instances/Instances 3/pr124_04.gt,123,100.0,86400.0,PTVRP_CONT,343373.0,30,0.000051100,0.000051100,0.0000,1,0.006402
Instances/Instances 3/pr124_05.gt,123,200.0,86400.0,PTVRP_CONT,187917.0,16,0.000049800,0.000049800,0.0000,1,0.005247
Instances/Instances 3/pr124_06.gt,123,500.0,86400.0,PTVRP_CONT,102185.0,7,0.000047600,0.000047600,0.0000,1,0.005865
Instances/Instances 3/pr124_07.gt,123,1000.0,86400.0,PTVRP_CONT,81923.0,4,0.000047500,0.000047500,0.0000,1,0.005302
Instances/Instances 3/pr124_08.gt,123,2000.0,86400.0,PTVRP_CONT,71966.0,2,0.000045000,0.000045000,0.0000,1,0.005311
Instances/Instances 3/pr124_09.gt,123,5000.0,86400.0,PTVRP_CONT,66676.0,1,0.000043300,0.000043300,0.0000,1,0.005659
Instances/Instances 3/pr124_10.gt,123,10000.0,86400.0,PTVRP_CONT,66676.0,1,0.000043400,0.000043400,0.0000,1,0.005782
Instances/Instances 3/pr136_01.gt,135,10.0,86400.0,PTVRP_CONT,NO SOLUTION,,0.000065000,0.000065000,0.0000,1,0.005392
Instances/Instances 3/pr136_02.gt,135,20.0,86400.0,PTVRP_CONT,1811364.0,71,0.000050100,0.000050100,0.0000,1,0.005876
Instances/Instances 3/pr136_03.gt,135,50.0,86400.0,PTVRP_CONT,790973.0,54,0.000055500,0.000055500,0.0000,1,0.006303
Instances/Instances 3/pr136_04.gt,135,100.0,86400.0,PTVRP_CONT,432928.0,34,0.000057800,0.000057800,0.0000,1,0.006705
Instances/Instances 3/pr136_05.gt,135,200.0,86400.0,PTVRP_CONT,254531.0,20,0.000058500,0.000058500,0.0000,1,0.005519
Instances/Instances 3/pr136_06.gt,135,500.0,86400.0,PTVRP_CONT,147667.0,8,0.000055000,0.000055000,0.0000,1,0.006542
Instances/Instances 3/pr136_07.gt,135,1000.0,86400.0,PTVRP_CONT,121669.0,4,0.000053800,0.000053800,0.0000,1,0.004888
Instances/Instances 3/pr136_08.gt,135,2000.0,86400.0,PTVRP_CONT,111704.0,2,0.000053300,0.000053300,0.0000,1,0.006452
Instances/Instances 3/pr136_09.gt,135,5000.0,86400.0,PTVRP_CONT,107219.0,2,0.000054100,0.000054100,0.0000,1,0.006067
Instances/Instances 3/pr136_10.gt,135,10000.0,86400.0,PTVRP_CONT,107219.0,2,0.000053500,0.000053500,0.0000,1,0.00579
Instances/Instances 3/pr144_01.gt,143,10.0,86400.0,PTVRP_CONT,3349011.0,79,0.000053700,0.000053700,0.0000,1,0.004767
Instances/Instances 3/pr144_02.gt,143,20.0,86400.0,PTVRP_CONT,1617568.0,61,0.000057000,0.000057000,0.0000,1,0.005508
Instances/Instances 3/pr144_03.gt,143,50.0,86400.0,PTVRP_CONT,706596.0,56,0.000062500,0.000062500,0.0000,1,0.00521
Instances/Instances 3/pr144_04.gt,143,100.0,86400.0,PTVRP_CONT,373881.0,32,0.000065700,0.000065700,0.0000,1,0.005217
Instances/Instances 3/pr144_05.gt,143,200.0,86400.0,PTVRP_CONT,208818.0,20,0.000065200,0.000065200,0.0000,1,0.005133
Instances/Instances 3/pr144_06.gt,143,500.0,86400.0,PTVRP_CONT,112221.0,8,0.000063700,0.000063700,0.0000,1,0.006492
Instances/Instances 3/pr144_07.gt,143,1000.0,86400.0,PTVRP_CONT,82543.0,4,0.000062200,0.000062200,0.0000,1,0.005951
Instances/Instances 3/pr144_08.gt,143,2000.0,86400.0,PTVRP_CONT,71677.0,3,0.000060000,0.000060000,0.0000,1,0.00588
Instances/Instances 3/pr144_09.gt,143,5000.0,86400.0,PTVRP_CONT,68780.0,1,0.000058200,0.000058200,0.0000,1,0.005029
Instances/Instances 3/pr144_10.gt,143,10000.0,86400.0,PTVRP_CONT,68780.0,1,0.000058300,0.000058300,0.0000,1,0.006493
Instances/Instances 3/pr152_01.gt,151,10.0,86400.0,PTVRP_CONT,4095117.0,102,0.000058700,0.000058700,0.0000,1,0.004848
Instances/Instances 3/pr152_02.gt,151,20.0,86400.0,PTVRP_CONT,1944988.0,74,0.000062500,0.000062500,0.0000,1,0.006154
Instances/Instances 3/pr152_03.gt,151,50.0,86400.0,PTVRP_CONT,900697.0,62,0.000067900,0.000067900,0.0000,1,0.006685
Instances/Instances 3/pr152_04.gt,151,100.0,86400.0,PTVRP_CONT,435559.0,32,0.000070700,0.000070700,0.0000,1,0.00667
Instances/Instances 3/pr152_05.gt,151,200.0,86400.0,PTVRP_CONT,250001.0,21,0.000070100,0.000070100,0.0000,1,0.005852
Instances/Instances 3/pr152_06.gt,151,500.0,86400.0,PTVRP_CONT,142253.0,9,0.000070200,0.000070200,0.0000,1,0.004872
Instances/Instances 3/pr152_07.gt,151,1000.0,86400.0,PTVRP_CONT,106584.0,4,0.000068300,0.000068300,0.0000,1,0.005137
Instances/Instances 3/pr152_08.gt,151,2000.0,86400.0,PTVRP_CONT,91842.0,2,0.000065800,0.000065800,0.0000,1,0.006009
Instances/Instances 3/pr152_09.gt,151,5000.0,86400.0,PTVRP_CONT,89575.0,2,0.000065600,0.000065600,0.0000,1,0.006515
Instances/Instances 3/pr152_10.gt,151,10000.0,86400.0,PTVRP_CONT,89575.0,2,0.000067500,0.000067500,0.0000,1,0.007436
Instances/Instances 3/pr226_01.gt,225,10.0,86400.0,PTVRP_CONT,7069881.0,147,0.000123700,0.000123700,0.0000,1,0.006206
Instances/Instances 3/pr226_02.gt,225,20.0,86400.0,PTVRP_CONT,3544375.0,111,0.000129100,0.000129100,0.0000,1,0.006035
Instances/Instances 3/pr226_03.gt,225,50.0,86400.0,PTVRP_CONT,1394984.0,63,0.000138200,0.000138200,0.0000,1,0.005993
Instances/Instances 3/pr226_04.gt,225,100.0,86400.0,PTVRP_CONT,788316.0,44,0.000143300,0.000143300,0.0000,1,0.006301
Instances/Instances 3/pr226_05.gt,225,200.0,86400.0,PTVRP_CONT,403590.0,28,0.000144600,0.000144600,0.0000,1,0.005361
Instances/Instances 3/pr226_06.gt,225,500.0,86400.0,PTVRP_CONT,206012.0,13,0.000158800,0.000158800,0.0000,1,0.006012
Instances/Instances 3/pr226_07.gt,225,1000.0,86400.0,PTVRP_CONT,135981.0,6,0.000142200,0.000142200,0.0000,1,0.005021
Instances/Instances 3/pr226_08.gt,225,2000.0,86400.0,PTVRP_CONT,112778.0,4,0.000157300,0.000157300,0.0000,1,0.00619
Instances/Instances 3/pr226_09.gt,225,5000.0,86400.0,PTVRP_CONT,97856.0,2,0.000143700,0.000143700,0.0000,1,0.005607
Instances/Instances 3/pr226_10.gt,225,10000.0,86400.0,PTVRP_CONT,97856.0,2,0.000143000,0.000143000,0.0000,1,0.00709
Instances/Instances 3/pr2392_01.gt,2391,10.0,86400.0,PTVRP_CONT,59233110.0,1458,0.013111099,0.013111099,0.0000,1,0.022108
Instances/Instances 3/pr2392_02.gt,2391,20.0,86400.0,PTVRP_CONT,30752105.0,951,0.013247099,0.013247099,0.0000,1,0.025033
Instances/Instances 3/pr2392_03.gt,2391,50.0,86400.0,PTVRP_CONT,12574931.0,667,0.013414299,0.013414299,0.0000,1,0.024638
Instances/Instances 3/pr2392_04.gt,2391,100.0,86400.0,PTVRP_CONT,6472349.0,452,0.013400799,0.013400799,0.0000,1,0.023397
Instances/Instances 3/pr2392_05.gt,2391,200.0,86400.0,PTVRP_CONT,3347377.0,297,0.013561100,0.013561100,0.0000,1,0.02494
Instances/Instances 3/pr2392_06.gt,2391,500.0,86400.0,PTVRP_CONT,1564893.0,131,0.013598000,0.013598000,0.0000,1,0.024785
Instances/Instances 3/pr2392_07.gt,2391,1000.0,86400.0,PTVRP_CONT,935720.0,65,0.013523299,0.013523299,0.0000,1,0.024525
Instances/Instances 3/pr2392_08.gt,2391,2000.0,86400.0,PTVRP_CONT,644791.0,32,0.013507699,0.013507699,0.0000,1,0.023717
Instances/Instances 3/pr2392_09.gt,2391,5000.0,86400.0,PTVRP_CONT,471148.0,15,0.013708199,0.013708199,0.0000,1,0.024823
Instances/Instances 3/pr2392_10.gt,2391,10000.0,86400.0,PTVRP_CONT,420652.0,7,0.014086199,0.014086199,0.0000,1,0.023681
Instances/Instances 3/pr264_01.gt,263,10.0,86400.0,PTVRP_CONT,4898412.0,147,0.000171800,0.000171800,0.0000,1,0.008657
Instances/Instances 3/pr264_02.gt,263,20.0,86400.0,PTVRP_CONT,2754287.0,104,0.000176900,0.000176900,0.0000,1,0.006828
Instances/Instances 3/pr264_03.gt,263,50.0,86400.0,PTVRP_CONT,1147944.0,86,0.000187900,0.000187900,0.0000,1,0.006808
Instances/Instances 3/pr264_04.gt,263,100.0,86400.0,PTVRP_CONT,597027.0,56,0.000199700,0.000199700,0.0000,1,0.006651
Instances/Instances 3/pr264_05.gt,263,200.0,86400.0,PTVRP_CONT,283876.0,33,0.000199900,0.000199900,0.0000,1,0.005829
Instances/Instances 3/pr264_06.gt,263,500.0,86400.0,PTVRP_CONT,138174.0,15,0.000197900,0.000197900,0.0000,1,0.006339
Instances/Instances 3/pr264_07.gt,263,1000.0,86400.0,PTVRP_CONT,92769.0,8,0.000198800,0.000198800,0.0000,1,0.006912
Instances/Instances 3/pr264_08.gt,263,2000.0,86400.0,PTVRP_CONT,68322.0,5,0.000205400,0.000205400,0.0000,1,0.007165
Instances/Instances 3/pr264_09.gt,263,5000.0,86400.0,PTVRP_CONT,53706.0,2,0.000195600,0.000195600,0.0000,1,0.00576
Instances/Instances 3/pr264_10.gt,263,10000.0,86400.0,PTVRP_CONT,50874.0,1,0.000200000,0.000200000,0.0000,1,0.00632
Instances/Instances 3/pr299_01.gt,298,10.0,86400.0,PTVRP_CONT,2952053.0,177,0.000220800,0.000220800,0.0000,1,0.006509
Instances/Instances 3/pr299_02.gt,298,20.0,86400.0,PTVRP_CONT,1687892.0,138,0.000226800,0.000226800,0.0000,1,0.006943
Instances/Instances 3/pr299_03.gt,298,50.0,86400.0,PTVRP_CONT,729539.0,124,0.000245100,0.000245100,0.0000,1,0.006552
Instances/Instances 3/pr299_04.gt,298,100.0,86400.0,PTVRP_CONT,355455.0,69,0.000282500,0.000282500,0.0000,1,0.006883
Instances/Instances 3/pr299_05.gt,298,200.0,86400.0,PTVRP_CONT,193567.0,40,0.000282300,0.000282300,0.0000,1,0.007519
Instances/Instances 3/pr299_06.gt,298,500.0,86400.0,PTVRP_CONT,102998.0,17,0.000252900,0.000252900,0.0000,1,0.006023
Instances/Instances 3/pr299_07.gt,298,1000.0,86400.0,PTVRP_CONT,75081.0,9,0.000252900,0.000252900,0.0000,1,0.006762
Instances/Instances 3/pr299_08.gt,298,2000.0,86400.0,PTVRP_CONT,60992.0,5,0.000252000,0.000252000,0.0000,1,0.005616
Instances/Instances 3/pr299_09.gt,298,5000.0,86400.0,PTVRP_CONT,55003.0,2,0.000252800,0.000252800,0.0000,1,0.006873
Instances/Instances 3/pr299_10.gt,298,10000.0,86400.0,PTVRP_CONT,54703.0,1,0.000248400,0.000248400,0.0000,1,0.007679
Instances/Instances 3/pr439_01.gt,438,10.0,86400.0,PTVRP_CONT,7480967.0,270,0.000457100,0.000457100,0.0000,1,0.0065
Instances/Instances 3/pr439_02.gt,438,20.0,86400.0,PTVRP_CONT,4099770.0,194,0.000466300,0.000466300,0.0000,1,0.006915
Instances/Instances 3/pr439_03.gt,438,50.0,86400.0,PTVRP_CONT,1696529.0,163,0.000490400,0.000490400,0.0000,1,0.006373
Instances/Instances 3/pr439_04.gt,438,100.0,86400.0,PTVRP_CONT,870009.0,101,0.000507300,0.000507300,0.0000,1,0.005667
Instances/Instances 3/pr439_05.gt,438,200.0,86400.0,PTVRP_CONT,485210.0,61,0.000506100,0.000506100,0.0000,1,0.007019
Instances/Instances 3/pr439_06.gt,438,500.0,86400.0,PTVRP_CONT,248155.0,25,0.000536099,0.000536099,0.0000,1,0.006359
Instances/Instances 3/pr439_07.gt,438,1000.0,86400.0,PTVRP_CONT,171597.0,13,0.000504900,0.000504900,0.0000,1,0.006379
Instances/Instances 3/pr439_08.gt,438,2000.0,86400.0,PTVRP_CONT,136860.0,7,0.000506700,0.000506700,0.0000,1,0.006568
Instances/Instances 3/pr439_09.gt,438,5000.0,86400.0,PTVRP_CONT,119090.0,3,0.000517500,0.000517500,0.0000,1,0.007
Instances/Instances 3/pr439_10.gt,438,10000.0,86400.0,PTVRP_CONT,117489.0,2,0.000532400,0.000532400,0.0000,1,0.007132
Instances/Instances 3/pr76_01.gt,75,10.0,86400.0,PTVRP_CONT,NO SOLUTION,,0.000040600,0.000040600,0.0000,1,0.006568
Instances/Instances 3/pr76_02.gt,75,20.0,86400.0,PTVRP_CONT,1266198.0,47,0.000017400,0.000017400,0.0000,1,0.006319
Instances/Instances 3/pr76_03.gt,75,50.0,86400.0,PTVRP_CONT,592735.0,39,0.000020000,0.000020000,0.0000,1,0.006289
Instances/Instances 3/pr76_04.gt,75,100.0,86400.0,PTVRP_CONT,287762.0,21,0.000021700,0.000021700,0.0000,1,0.007103
Instances/Instances 3/pr76_05.gt,75,200.0,86400.0,PTVRP_CONT,206226.0,13,0.000020300,0.000020300,0.0000,1,0.008269
Instances/Instances 3/pr76_06.gt,75,500.0,86400.0,PTVRP_CONT,142980.0,4,0.000018900,0.000018900,0.0000,1,0.007296
Instances/Instances 3/pr76_07.gt,75,1000.0,86400.0,PTVRP_CONT,127410.0,3,0.000018400,0.000018400,0.0000,1,0.006709
Instances/Instances 3/pr76_08.gt,75,2000.0,86400.0,PTVRP_CONT,124689.0,2,0.000018400,0.000018400,0.0000,1,0.005651
Instances/Instances 3/pr76_09.gt,75,5000.0,86400.0,PTVRP_CONT,124689.0,2,0.000018100,0.000018100,0.0000,1,0.006603
Instances/Instances 3/pr76_10.gt,75,10000.0,86400.0,PTVRP_CONT,124689.0,2,0.000018300,0.000018300,0.0000,1,0.005646
Instances/Instances 3/qa194_01.gt,193,10.0,86400.0,PTVRP_CONT,397222.0,119,0.000101400,0.000101400,0.0000,1,0.005817
Instances/Instances 3/qa194_02.gt,193,20.0,86400.0,PTVRP_CONT,206184.0,97,0.000109100,0.000109100,0.0000,1,0.004926
Instances/Instances 3/qa194_03.gt,193,50.0,86400.0,PTVRP_CONT,84019.0,69,0.000129600,0.000129600,0.0000,1,0.006506
Instances/Instances 3/qa194_04.gt,193,100.0,86400.0,PTVRP_CONT,47863.0,44,0.000142400,0.000142400,0.0000,1,0.006624
Instances/Instances 3/qa194_05.gt,193,200.0,86400.0,PTVRP_CONT,28008.0,29,0.000139100,0.000139100,0.0000,1,0.006901
Instances/Instances 3/qa194_06.gt,193,500.0,86400.0,PTVRP_CONT,16405.0,12,0.000123500,0.000123500,0.0000,1,0.005212
Instances/Instances 3/qa194_07.gt,193,1000.0,86400.0,PTVRP_CONT,12920.0,6,0.000113900,0.000113900,0.0000,1,0.006198
Instances/Instances 3/qa194_08.gt,193,2000.0,86400.0,PTVRP_CONT,11111.0,3,0.000109300,0.000109300,0.0000,1,0.005961
Instances/Instances 3/qa194_09.gt,193,5000.0,86400.0,PTVRP_CONT,10469.0,1,0.000104900,0.000104900,0.0000,1,0.004722
Instances/Instances 3/qa194_10.gt,193,10000.0,86400.0,PTVRP_CONT,10469.0,1,0.000105000,0.000105000,0.0000,1,0.005774
Instances/Instances 3/rat195_01.gt,194,10.0,86400.0,PTVRP_CONT,98540.0,134,0.000104200,0.000104200,0.0000,1,0.006197
Instances/Instances 3/rat195_02.gt,194,20.0,86400.0,PTVRP_CONT,49336.0,104,0.000113400,0.000113400,0.0000,1,0.006163
Instances/Instances 3/rat195_03.gt,194,50.0,86400.0,PTVRP_CONT,21091.0,87,0.000139800,0.000139800,0.0000,1,0.004777
Instances/Instances 3/rat195_04.gt,194,100.0,86400.0,PTVRP_CONT,10698.0,56,0.000147000,0.000147000,0.0000,1,0.005529
Instances/Instances 3/rat195_05.gt,194,200.0,86400.0,PTVRP_CONT,6564.0,28,0.000135800,0.000135800,0.0000,1,0.004927
Instances/Instances 3/rat195_06.gt,194,500.0,86400.0,PTVRP_CONT,3827.0,11,0.000121500,0.000121500,0.0000,1,0.005534
Instances/Instances 3/rat195_07.gt,194,1000.0,86400.0,PTVRP_CONT,2942.0,5,0.000114200,0.000114200,0.0000,1,0.005251
Instances/Instances 3/rat195_08.gt,194,2000.0,86400.0,PTVRP_CONT,2622.0,3,0.000110900,0.000110900,0.0000,1,0.00616
Instances/Instances 3/rat195_09.gt,194,5000.0,86400.0,PTVRP_CONT,2581.0,1,0.000106000,0.000106000,0.0000,1,0.006436
Instances/Instances 3/rat195_10.gt,194,10000.0,86400.0,PTVRP_CONT,2581.0,1,0.000106300,0.000106300,0.0000,1,0.006509
Instances/Instances 3/rat575_01.gt,574,10.0,86400.0,PTVRP_CONT,471901.0,333,0.000817500,0.000817500,0.0000,1,0.006472
Instances/Instances 3/rat575_02.gt,574,20.0,86400.0,PTVRP_CONT,235476.0,264,0.000848200,0.000848200,0.0000,1,0.007676
Instances/Instances 3/rat575_03.gt,574,50.0,86400.0,PTVRP_CONT,94852.0,200,0.000961500,0.000961500,0.0000,1,0.008023
Instances/Instances 3/rat575_04.gt,574,100.0,86400.0,PTVRP_CONT,53425.0,129,0.001053200,0.001053200,0.0000,1,0.007942
Instances/Instances 3/rat575_05.gt,574,200.0,86400.0,PTVRP_CONT,29058.0,80,0.001047000,0.001047000,0.0000,1,0.006941
Instances/Instances 3/rat575_06.gt,574,500.0,86400.0,PTVRP_CONT,14520.0,30,0.001010800,0.001010800,0.0000,1,0.007402
Instances/Instances 3/rat575_07.gt,574,1000.0,86400.0,PTVRP_CONT,10685.0,17,0.000984500,0.000984500,0.0000,1,0.006856
Instances/Instances 3/rat575_08.gt,574,2000.0,86400.0,PTVRP_CONT,8644.0,9,0.000979600,0.000979600,0.0000,1,0.007556
Instances/Instances 3/rat575_09.gt,574,5000.0,86400.0,PTVRP_CONT,7550.0,4,0.000934100,0.000934100,0.0000,1,0.007739
Instances/Instances 3/rat575_10.gt,574,10000.0,86400.0,PTVRP_CONT,7378.0,3,0.000937000,0.000937000,0.0000,1,0.007716
Instances/Instances 3/rat783_01.gt,782,10.0,86400.0,PTVRP_CONT,724330.0,423,0.001501800,0.001501800,0.0000,1,0.007708
Instances/Instances 3/rat783_02.gt,782,20.0,86400.0,PTVRP_CONT,362745.0,344,0.001532000,0.001532000,0.0000,1,0.008552
Instances/Instances 3/rat783_03.gt,782,50.0,86400.0,PTVRP_CONT,155735.0,276,0.001686599,0.001686599,0.0000,1,0.007678
Instances/Instances 3/rat783_04.gt,782,100.0,86400.0,PTVRP_CONT,80354.0,175,0.001815400,0.001815400,0.0000,1,0.009239
Instances/Instances 3/rat783_05.gt,782,200.0,86400.0,PTVRP_CONT,43678.0,109,0.001788000,0.001788000,0.0000,1,0.009725
Instances/Instances 3/rat783_06.gt,782,500.0,86400.0,PTVRP_CONT,21898.0,43,0.001802900,0.001802900,0.0000,1,0.010431
Instances/Instances 3/rat783_07.gt,782,1000.0,86400.0,PTVRP_CONT,15074.0,23,0.001787200,0.001787200,0.0000,1,0.009097
Instances/Instances 3/rat783_08.gt,782,2000.0,86400.0,PTVRP_CONT,11474.0,11,0.001804400,0.001804400,0.0000,1,0.010655
Instances/Instances 3/rat783_09.gt,782,5000.0,86400.0,PTVRP_CONT,9899.0,5,0.001746500,0.001746500,0.0000,1,0.009741
Instances/Instances 3/rat783_10.gt,782,10000.0,86400.0,PTVRP_CONT,9552.0,3,0.001745700,0.001745700,0.0000,1,0.00918
Instances/Instances 3/rat99_01.gt,98,10.0,86400.0,PTVRP_CONT,30816.0,69,0.000031200,0.000031200,0.0000,1,0.00693
Instances/Instances 3/rat99_02.gt,98,20.0,86400.0,PTVRP_CONT,16698.0,59,0.000034100,0.000034100,0.0000,1,0.007345
Instances/Instances 3/rat99_03.gt,98,50.0,86400.0,PTVRP_CONT,8264.0,51,0.000038000,0.000038000,0.0000,1,0.006927
Instances/Instances 3/rat99_04.gt,98,100.0,86400.0,PTVRP_CONT,4617.0,29,0.000041800,0.000041800,0.0000,1,0.006604
Instances/Instances 3/rat99_05.gt,98,200.0,86400.0,PTVRP_CONT,2637.0,14,0.000036600,0.000036600,0.0000,1,0.006923
Instances/Instances 3/rat99_06.gt,98,500.0,86400.0,PTVRP_CONT,1792.0,6,0.000032800,0.000032800,0.0000,1,0.006256
Instances/Instances 3/rat99_07.gt,98,1000.0,86400.0,PTVRP_CONT,1499.0,3,0.000030600,0.000030600,0.0000,1,0.005702
Instances/Instances 3/rat99_08.gt,98,2000.0,86400.0,PTVRP_CONT,1399.0,2,0.000028800,0.000028800,0.0000,1,0.006222
Instances/Instances 3/rat99_09.gt,98,5000.0,86400.0,PTVRP_CONT,1395.0,1,0.000027900,0.000027900,0.0000,1,0.005549
Instances/Instances 3/rat99_10.gt,98,10000.0,86400.0,PTVRP_CONT,1395.0,1,0.000027800,0.000027800,0.0000,1,0.005663
Instances/Instances 3/rd100_01.gt,99,10.0,86400.0,PTVRP_CONT,201225.0,63,0.000030400,0.000030400,0.0000,1,0.006065
Instances/Instances 3/rd100_02.gt,99,20.0,86400.0,PTVRP_CONT,114753.0,54,0.000032300,0.000032300,0.0000,1,0.005663
Instances/Instances 3/rd100_03.gt,99,50.0,86400.0,PTVRP_CONT,54984.0,46,0.000039100,0.000039100,0.0000,1,0.004692
Instances/Instances 3/rd100_04.gt,99,100.0,86400.0,PTVRP_CONT,29763.0,27,0.000044400,0.000044400,0.0000,1,0.006309
Instances/Instances 3/rd100_05.gt,99,200.0,86400.0,PTVRP_CONT,17924.0,15,0.000039200,0.000039200,0.0000,1,0.006425
Instances/Instances 3/rd100_06.gt,99,500.0,86400.0,PTVRP_CONT,11741.0,6,0.000033500,0.000033500,0.0000,1,0.0055
Instances/Instances 3/rd100_07.gt,99,1000.0,86400.0,PTVRP_CONT,9875.0,4,0.000031300,0.000031300,0.0000,1,0.005243
Instances/Instances 3/rd100_08.gt,99,2000.0,86400.0,PTVRP_CONT,9159.0,2,0.000029500,0.000029500,0.0000,1,0.006378
Instances/Instances 3/rd100_09.gt,99,5000.0,86400.0,PTVRP_CONT,8967.0,1,0.000028400,0.000028400,0.0000,1,0.005977
Instances/Instances 3/rd100_10.gt,99,10000.0,86400.0,PTVRP_CONT,8967.0,1,0.000028600,0.000028600,0.0000,1,0.005751
Instances/Instances 3/rd400_01.gt,399,10.0,86400.0,PTVRP_CONT,851551.0,241,0.000394600,0.000394600,0.0000,1,0.005948
Instances/Instances 3/rd400_02.gt,399,20.0,86400.0,PTVRP_CONT,434910.0,197,0.000419200,0.000419200,0.0000,1,0.006339
Instances/Instances 3/rd400_03.gt,399,50.0,86400.0,PTVRP_CONT,187827.0,150,0.000467400,0.000467400,0.0000,1,0.00588
Instances/Instances 3/rd400_04.gt,399,100.0,86400.0,PTVRP_CONT,95985.0,94,0.000499300,0.000499300,0.0000,1,0.006852
Instances/Instances 3/rd400_05.gt,399,200.0,86400.0,PTVRP_CONT,57378.0,59,0.000494800,0.000494800,0.0000,1,0.00703
Instances/Instances 3/rd400_06.gt,399,500.0,86400.0,PTVRP_CONT,29353.0,23,0.000480200,0.000480200,0.0000,1,0.008247
Instances/Instances 3/rd400_07.gt,399,1000.0,86400.0,PTVRP_CONT,21319.0,11,0.000541100,0.000541100,0.0000,1,0.007994
Instances/Instances 3/rd400_08.gt,399,2000.0,86400.0,PTVRP_CONT,18089.0,7,0.000462600,0.000462600,0.0000,1,0.007425
Instances/Instances 3/rd400_09.gt,399,5000.0,86400.0,PTVRP_CONT,15679.0,3,0.000450600,0.000450600,0.0000,1,0.007144
Instances/Instances 3/rd400_10.gt,399,10000.0,86400.0,PTVRP_CONT,15337.0,2,0.000443600,0.000443600,0.0000,1,0.008971
Instances/Instances 3/rl11849_01.gt,11848,10.0,86400.0,PTVRP_CONT,NO SOLUTION,,0.319939185,0.319939185,0.0000,1,0.336837
Instances/Instances 3/rl11849_02.gt,11848,20.0,86400.0,PTVRP_CONT,173031497.0,4599,0.318523786,0.318523786,0.0000,1,0.33465
Instances/Instances 3/rl11849_03.gt,11848,50.0,86400.0,PTVRP_CONT,68919574.0,2768,0.316613595,0.316613595,0.0000,1,0.332013
Instances/Instances 3/rl11849_04.gt,11848,100.0,86400.0,PTVRP_CONT,34716965.0,1812,0.322710597,0.322710597,0.0000,1,0.337796
Instances/Instances 3/rl11849_05.gt,11848,200.0,86400.0,PTVRP_CONT,17970324.0,1292,0.319562598,0.319562598,0.0000,1,0.334564
Instances/Instances 3/rl11849_06.gt,11848,500.0,86400.0,PTVRP_CONT,7471232.0,613,0.319171697,0.319171697,0.0000,1,0.33522
Instances/Instances 3/rl11849_07.gt,11848,1000.0,86400.0,PTVRP_CONT,4147345.0,311,0.318083698,0.318083698,0.0000,1,0.333116
Instances/Instances 3/rl11849_08.gt,11848,2000.0,86400.0,PTVRP_CONT,2478882.0,155,0.321075497,0.321075497,0.0000,1,0.336432
Instances/Instances 3/rl11849_09.gt,11848,5000.0,86400.0,PTVRP_CONT,1501231.0,65,0.319955798,0.319955798,0.0000,1,0.334541
Instances/Instances 3/rl11849_10.gt,11848,10000.0,86400.0,PTVRP_CONT,1184855.0,33,0.333965598,0.333965598,0.0000,1,0.350104
Instances/Instances 3/rl1304_01.gt,1303,10.0,86400.0,PTVRP_CONT,NO SOLUTION,,0.004015900,0.004015900,0.0000,1,0.013105
Instances/Instances 3/rl1304_02.gt,1303,20.0,86400.0,PTVRP_CONT,19139564.0,568,0.003968200,0.003968200,0.0000,1,0.011974
Instances/Instances 3/rl1304_03.gt,1303,50.0,86400.0,PTVRP_CONT,7819815.0,394,0.004018300,0.004018300,0.0000,1,0.012435
Instances/Instances 3/rl1304_04.gt,1303,100.0,86400.0,PTVRP_CONT,3897915.0,248,0.004067000,0.004067000,0.0000,1,0.011717
Instances/Instances 3/rl1304_05.gt,1303,200.0,86400.0,PTVRP_CONT,2080639.0,164,0.004060200,0.004060200,0.0000,1,0.013457
Instances/Instances 3/rl1304_06.gt,1303,500.0,86400.0,PTVRP_CONT,931038.0,69,0.004085000,0.004085000,0.0000,1,0.013404
Instances/Instances 3/rl1304_07.gt,1303,1000.0,86400.0,PTVRP_CONT,588312.0,36,0.004105600,0.004105600,0.0000,1,0.012782
Instances/Instances 3/rl1304_08.gt,1303,2000.0,86400.0,PTVRP_CONT,402794.0,19,0.004156500,0.004156500,0.0000,1,0.013231
Instances/Instances 3/rl1304_09.gt,1303,5000.0,86400.0,PTVRP_CONT,306416.0,9,0.004154900,0.004154900,0.0000,1,0.012936
Instances/Instances 3/rl1304_10.gt,1303,10000.0,86400.0,PTVRP_CONT,279685.0,4,0.004307300,0.004307300,0.0000,1,0.013372
Instances/Instances 3/rl1323_01.gt,1322,10.0,86400.0,PTVRP_CONT,NO SOLUTION,,0.004040000,0.004040000,0.0000,1,0.012562
Instances/Instances 3/rl1323_02.gt,1322,20.0,86400.0,PTVRP_CONT,19699766.0,552,0.004045900,0.004045900,0.0000,1,0.013199
Instances/Instances 3/rl1323_03.gt,1322,50.0,86400.0,PTVRP_CONT,7991523.0,394,0.004103399,0.004103399,0.0000,1,0.01311
Instances/Instances 3/rl1323_04.gt,1322,100.0,86400.0,PTVRP_CONT,4156895.0,248,0.004172700,0.004172700,0.0000,1,0.012704
Instances/Instances 3/rl1323_05.gt,1322,200.0,86400.0,PTVRP_CONT,2180148.0,172,0.004232700,0.004232700,0.0000,1,0.013457
Instances/Instances 3/rl1323_06.gt,1322,500.0,86400.0,PTVRP_CONT,999201.0,71,0.004241300,0.004241300,0.0000,1,0.013974
Instances/Instances 3/rl1323_07.gt,1322,1000.0,86400.0,PTVRP_CONT,628803.0,35,0.004242000,0.004242000,0.0000,1,0.014025
Instances/Instances 3/rl1323_08.gt,1322,2000.0,86400.0,PTVRP_CONT,431896.0,18,0.004233900,0.004233900,0.0000,1,0.01124
Instances/Instances 3/rl1323_09.gt,1322,5000.0,86400.0,PTVRP_CONT,330625.0,8,0.004274200,0.004274200,0.0000,1,0.012911
Instances/Instances 3/rl1323_10.gt,1322,10000.0,86400.0,PTVRP_CONT,305210.0,5,0.004414500,0.004414500,0.0000,1,0.013718
Instances/Instances 3/rl1889_01.gt,1888,10.0,86400.0,PTVRP_CONT,NO SOLUTION,,0.008172700,0.008172700,0.0000,1,0.018144
Instances/Instances 3/rl1889_02.gt,1888,20.0,86400.0,PTVRP_CONT,30029449.0,795,0.008292999,0.008292999,0.0000,1,0.019433
Instances/Instances 3/rl1889_03.gt,1888,50.0,86400.0,PTVRP_CONT,12231684.0,521,0.008345300,0.008345300,0.0000,1,0.018539
Instances/Instances 3/rl1889_04.gt,1888,100.0,86400.0,PTVRP_CONT,6250762.0,353,0.008358600,0.008358600,0.0000,1,0.018739
Instances/Instances 3/rl1889_05.gt,1888,200.0,86400.0,PTVRP_CONT,3284905.0,219,0.008381600,0.008381600,0.0000,1,0.017538
Instances/Instances 3/rl1889_06.gt,1888,500.0,86400.0,PTVRP_CONT,1444382.0,101,0.008433300,0.008433300,0.0000,1,0.01872
Instances/Instances 3/rl1889_07.gt,1888,1000.0,86400.0,PTVRP_CONT,874742.0,52,0.008556700,0.008556700,0.0000,1,0.018692
Instances/Instances 3/rl1889_08.gt,1888,2000.0,86400.0,PTVRP_CONT,576310.0,26,0.008541500,0.008541500,0.0000,1,0.019386
Instances/Instances 3/rl1889_09.gt,1888,5000.0,86400.0,PTVRP_CONT,405617.0,11,0.008507700,0.008507700,0.0000,1,0.018923
Instances/Instances 3/rl1889_10.gt,1888,10000.0,86400.0,PTVRP_CONT,359033.0,6,0.008696300,0.008696300,0.0000,1,0.018932
Instances/Instances 3/rl5915_01.gt,5914,10.0,86400.0,PTVRP_CONT,NO SOLUTION,,0.078888200,0.078888200,0.0000,1,0.09175
Instances/Instances 3/rl5915_02.gt,5914,20.0,86400.0,PTVRP_CONT,84106777.0,2262,0.079200500,0.079200500,0.0000,1,0.093534
Instances/Instances 3/rl5915_03.gt,5914,50.0,86400.0,PTVRP_CONT,34062687.0,1467,0.079055299,0.079055299,0.0000,1,0.092848
Instances/Instances 3/rl5915_04.gt,5914,100.0,86400.0,PTVRP_CONT,17126113.0,952,0.079223999,0.079223999,0.0000,1,0.090704
Instances/Instances 3/rl5915_05.gt,5914,200.0,86400.0,PTVRP_CONT,8816092.0,656,0.080931400,0.080931400,0.0000,1,0.094535
Instances/Instances 3/rl5915_06.gt,5914,500.0,86400.0,PTVRP_CONT,3815546.0,316,0.079558699,0.079558699,0.0000,1,0.092708
Instances/Instances 3/rl5915_07.gt,5914,1000.0,86400.0,PTVRP_CONT,2105311.0,155,0.079906799,0.079906799,0.0000,1,0.093302
Instances/Instances 3/rl5915_08.gt,5914,2000.0,86400.0,PTVRP_CONT,1327245.0,81,0.080214000,0.080214000,0.0000,1,0.092624
Instances/Instances 3/rl5915_09.gt,5914,5000.0,86400.0,PTVRP_CONT,839782.0,35,0.082385400,0.082385400,0.0000,1,0.095279
Instances/Instances 3/rl5915_10.gt,5914,10000.0,86400.0,PTVRP_CONT,686835.0,18,0.082682099,0.082682099,0.0000,1,0.095481
Instances/Instances 3/rl5934_01.gt,5933,10.0,86400.0,PTVRP_CONT,NO SOLUTION,,0.079680899,0.079680899,0.0000,1,0.091705
Instances/Instances 3/rl5934_02.gt,5933,20.0,86400.0,PTVRP_CONT,83602771.0,2376,0.079258000,0.079258000,0.0000,1,0.091665
Instances/Instances 3/rl5934_03.gt,5933,50.0,86400.0,PTVRP_CONT,33259022.0,1453,0.080663199,0.080663199,0.0000,1,0.094807
Instances/Instances 3/rl5934_04.gt,5933,100.0,86400.0,PTVRP_CONT,17180449.0,981,0.080238199,0.080238199,0.0000,1,0.094167
Instances/Instances 3/rl5934_05.gt,5933,200.0,86400.0,PTVRP_CONT,8670229.0,647,0.080638299,0.080638299,0.0000,1,0.092517
Instances/Instances 3/rl5934_06.gt,5933,500.0,86400.0,PTVRP_CONT,3739989.0,307,0.082221700,0.082221700,0.0000,1,0.095767
Instances/Instances 3/rl5934_07.gt,5933,1000.0,86400.0,PTVRP_CONT,2122527.0,159,0.081596599,0.081596599,0.0000,1,0.092783
Instances/Instances 3/rl5934_08.gt,5933,2000.0,86400.0,PTVRP_CONT,1301907.0,79,0.082072999,0.082072999,0.0000,1,0.122554
Instances/Instances 3/rl5934_09.gt,5933,5000.0,86400.0,PTVRP_CONT,834248.0,34,0.082451699,0.082451699,0.0000,1,0.093424
Instances/Instances 3/rl5934_10.gt,5933,10000.0,86400.0,PTVRP_CONT,679767.0,18,0.082389600,0.082389600,0.0000,1,0.097107
Instances/Instances 3/rw1621_01.gt,1620,10.0,86400.0,PTVRP_CONT,4699717.0,646,0.006163000,0.006163000,0.0000,1,0.016921
Instances/Instances 3/rw1621_02.gt,1620,20.0,86400.0,PTVRP_CONT,2345740.0,522,0.006329400,0.006329400,0.0000,1,0.016261
Instances/Instances 3/rw1621_03.gt,1620,50.0,86400.0,PTVRP_CONT,965063.0,416,0.006704000,0.006704000,0.0000,1,0.01447
Instances/Instances 3/rw1621_04.gt,1620,100.0,86400.0,PTVRP_CONT,506231.0,292,0.006835800,0.006835800,0.0000,1,0.015232
Instances/Instances 3/rw1621_05.gt,1620,200.0,86400.0,PTVRP_CONT,260128.0,198,0.006879900,0.006879900,0.0000,1,0.016739
Instances/Instances 3/rw1621_06.gt,1620,500.0,86400.0,PTVRP_CONT,114574.0,86,0.006919600,0.006919600,0.0000,1,0.016909
Instances/Instances 3/rw1621_07.gt,1620,1000.0,86400.0,PTVRP_CONT,68398.0,43,0.006982000,0.006982000,0.0000,1,0.016388
Instances/Instances 3/rw1621_08.gt,1620,2000.0,86400.0,PTVRP_CONT,46842.0,23,0.006927400,0.006927400,0.0000,1,0.017327
Instances/Instances 3/rw1621_09.gt,1620,5000.0,86400.0,PTVRP_CONT,33543.0,10,0.007214400,0.007214400,0.0000,1,0.016241
Instances/Instances 3/rw1621_10.gt,1620,10000.0,86400.0,PTVRP_CONT,29392.0,5,0.007325800,0.007325800,0.0000,1,0.01607
Instances/Instances 3/st70_01.gt,69,10.0,86400.0,PTVRP_CONT,13829.0,45,0.000016800,0.000016800,0.0000,1,0.006677
Instances/Instances 3/st70_02.gt,69,20.0,86400.0,PTVRP_CONT,8001.0,41,0.000017700,0.000017700,0.0000,1,0.006806
Instances/Instances 3/st70_03.gt,69,50.0,86400.0,PTVRP_CONT,3652.0,36,0.000021400,0.000021400,0.0000,1,0.005788
Instances/Instances 3/st70_04.gt,69,100.0,86400.0,PTVRP_CONT,1928.0,19,0.000022300,0.000022300,0.0000,1,0.005545
Instances/Instances 3/st70_05.gt,69,200.0,86400.0,PTVRP_CONT,1331.0,11,0.000020200,0.000020200,0.0000,1,0.005085
Instances/Instances 3/st70_06.gt,69,500.0,86400.0,PTVRP_CONT,893.0,4,0.000017200,0.000017200,0.0000,1,0.004591
Instances/Instances 3/st70_07.gt,69,1000.0,86400.0,PTVRP_CONT,794.0,3,0.000016000,0.000016000,0.0000,1,0.006581
Instances/Instances 3/st70_08.gt,69,2000.0,86400.0,PTVRP_CONT,780.0,1,0.000014600,0.000014600,0.0000,1,0.006491
Instances/Instances 3/st70_09.gt,69,5000.0,86400.0,PTVRP_CONT,780.0,1,0.000014300,0.000014300,0.0000,1,0.005797
Instances/Instances 3/st70_10.gt,69,10000.0,86400.0,PTVRP_CONT,780.0,1,0.000014300,0.000014300,0.0000,1,0.005571
Instances/Instances 3/sw24978_01.gt,24977,10.0,86400.0,PTVRP_CONT,NO SOLUTION,,1.420451389,1.420451389,0.0000,1,1.442765
Instances/Instances 3/sw24978_02.gt,24977,20.0,86400.0,PTVRP_CONT,215776977.0,7551,1.421312890,1.421312890,0.0000,1,1.448244
Instances/Instances 3/sw24978_03.gt,24977,50.0,86400.0,PTVRP_CONT,86938039.0,4884,1.421037798,1.421037798,0.0000,1,1.452064
Instances/Instances 3/sw24978_04.gt,24977,100.0,86400.0,PTVRP_CONT,44146043.0,3487,1.418318499,1.418318499,0.0000,1,1.443104
Instances/Instances 3/sw24978_05.gt,24977,200.0,86400.0,PTVRP_CONT,22141705.0,2467,1.450931698,1.450931698,0.0000,1,1.481611
Instances/Instances 3/sw24978_06.gt,24977,500.0,86400.0,PTVRP_CONT,9376744.0,1284,1.459338698,1.459338698,0.0000,1,1.482466
Instances/Instances 3/sw24978_07.gt,24977,1000.0,86400.0,PTVRP_CONT,5014862.0,650,1.421822098,1.421822098,0.0000,1,1.447866
Instances/Instances 3/sw24978_08.gt,24977,2000.0,86400.0,PTVRP_CONT,2899692.0,327,1.426321699,1.426321699,0.0000,1,1.451015
Instances/Instances 3/sw24978_09.gt,24977,5000.0,86400.0,PTVRP_CONT,1654829.0,130,1.446278698,1.446278698,0.0000,1,1.473612
Instances/Instances 3/sw24978_10.gt,24977,10000.0,86400.0,PTVRP_CONT,1246108.0,68,1.424946398,1.424946398,0.0000,1,1.453853
Instances/Instances 3/ts225_01.gt,224,10.0,86400.0,PTVRP_CONT,6556133.0,162,0.000116500,0.000116500,0.0000,1,0.008691
Instances/Instances 3/ts225_02.gt,224,20.0,86400.0,PTVRP_CONT,3748470.0,117,0.000166100,0.000166100,0.0000,1,0.007061
Instances/Instances 3/ts225_03.gt,224,50.0,86400.0,PTVRP_CONT,1415669.0,96,0.000144000,0.000144000,0.0000,1,0.007735
Instances/Instances 3/ts225_04.gt,224,100.0,86400.0,PTVRP_CONT,788723.0,62,0.000138000,0.000138000,0.0000,1,0.00628
Instances/Instances 3/ts225_05.gt,224,200.0,86400.0,PTVRP_CONT,428839.0,31,0.000135700,0.000135700,0.0000,1,0.005402
Instances/Instances 3/ts225_06.gt,224,500.0,86400.0,PTVRP_CONT,236458.0,12,0.000132700,0.000132700,0.0000,1,0.006602
Instances/Instances 3/ts225_07.gt,224,1000.0,86400.0,PTVRP_CONT,168954.0,7,0.000134600,0.000134600,0.0000,1,0.006169
Instances/Instances 3/ts225_08.gt,224,2000.0,86400.0,PTVRP_CONT,148763.0,4,0.000133700,0.000133700,0.0000,1,0.005895
Instances/Instances 3/ts225_09.gt,224,5000.0,86400.0,PTVRP_CONT,143060.0,3,0.000138100,0.000138100,0.0000,1,0.005983
Instances/Instances 3/ts225_10.gt,224,10000.0,86400.0,PTVRP_CONT,143060.0,3,0.000138400,0.000138400,0.0000,1,0.006294
Instances/Instances 3/tsp225_01.gt,224,10.0,86400.0,PTVRP_CONT,165557.0,145,0.000131900,0.000131900,0.0000,1,0.005875
Instances/Instances 3/tsp225_02.gt,224,20.0,86400.0,PTVRP_CONT,97798.0,117,0.000140700,0.000140700,0.0000,1,0.005619
Instances/Instances 3/tsp225_03.gt,224,50.0,86400.0,PTVRP_CONT,36199.0,99,0.000166600,0.000166600,0.0000,1,0.007061
Instances/Instances 3/tsp225_04.gt,224,100.0,86400.0,PTVRP_CONT,21346.0,64,0.000183200,0.000183200,0.0000,1,0.005867
Instances/Instances 3/tsp225_05.gt,224,200.0,86400.0,PTVRP_CONT,11893.0,32,0.000184600,0.000184600,0.0000,1,0.006713
Instances/Instances 3/tsp225_06.gt,224,500.0,86400.0,PTVRP_CONT,6450.0,12,0.000157700,0.000157700,0.0000,1,0.006663
Instances/Instances 3/tsp225_07.gt,224,1000.0,86400.0,PTVRP_CONT,5199.0,7,0.000151900,0.000151900,0.0000,1,0.005009
Instances/Instances 3/tsp225_08.gt,224,2000.0,86400.0,PTVRP_CONT,4600.0,3,0.000143300,0.000143300,0.0000,1,0.00601
Instances/Instances 3/tsp225_09.gt,224,5000.0,86400.0,PTVRP_CONT,4425.0,2,0.000139400,0.000139400,0.0000,1,0.006945
Instances/Instances 3/tsp225_10.gt,224,10000.0,86400.0,PTVRP_CONT,4418.0,1,0.000140900,0.000140900,0.0000,1,0.005965
Instances/Instances 3/tz6117_01.gt,6116,10.0,86400.0,PTVRP_CONT,121747404.0,3363,0.085717500,0.085717500,0.0000,1,0.098819
Instances/Instances 3/tz6117_02.gt,6116,20.0,86400.0,PTVRP_CONT,62122181.0,2109,0.086254400,0.086254400,0.0000,1,0.098978
Instances/Instances 3/tz6117_03.gt,6116,50.0,86400.0,PTVRP_CONT,24897459.0,1411,0.086260400,0.086260400,0.0000,1,0.100838
Instances/Instances 3/tz6117_04.gt,6116,100.0,86400.0,PTVRP_CONT,12796072.0,974,0.085291900,0.085291900,0.0000,1,0.099635
Instances/Instances 3/tz6117_05.gt,6116,200.0,86400.0,PTVRP_CONT,6388578.0,654,0.085480500,0.085480500,0.0000,1,0.098304
Instances/Instances 3/tz6117_06.gt,6116,500.0,86400.0,PTVRP_CONT,2800909.0,322,0.087400800,0.087400800,0.0000,1,0.10007
Instances/Instances 3/tz6117_07.gt,6116,1000.0,86400.0,PTVRP_CONT,1564677.0,162,0.086969900,0.086969900,0.0000,1,0.100497
Instances/Instances 3/tz6117_08.gt,6116,2000.0,86400.0,PTVRP_CONT,958294.0,81,0.086392699,0.086392699,0.0000,1,0.099133
Instances/Instances 3/tz6117_09.gt,6116,5000.0,86400.0,PTVRP_CONT,613237.0,33,0.087037000,0.087037000,0.0000,1,0.099086
Instances/Instances 3/tz6117_10.gt,6116,10000.0,86400.0,PTVRP_CONT,497770.0,17,0.087547400,0.087547400,0.0000,1,0.100172
Instances/Instances 3/u1060_01.gt,1059,10.0,86400.0,PTVRP_CONT,27657271.0,700,0.002637600,0.002637600,0.0000,1,0.01207
Instances/Instances 3/u1060_02.gt,1059,20.0,86400.0,PTVRP_CONT,13760289.0,458,0.002599200,0.002599200,0.0000,1,0.011585
Instances/Instances 3/u1060_03.gt,1059,50.0,86400.0,PTVRP_CONT,5674230.0,348,0.002649300,0.002649300,0.0000,1,0.011334
Instances/Instances 3/u1060_04.gt,1059,100.0,86400.0,PTVRP_CONT,2971375.0,214,0.002685000,0.002685000,0.0000,1,0.01169
Instances/Instances 3/u1060_05.gt,1059,200.0,86400.0,PTVRP_CONT,1538512.0,135,0.002715800,0.002715800,0.0000,1,0.011831
Instances/Instances 3/u1060_06.gt,1059,500.0,86400.0,PTVRP_CONT,724094.0,59,0.002689800,0.002689800,0.0000,1,0.010951
Instances/Instances 3/u1060_07.gt,1059,1000.0,86400.0,PTVRP_CONT,463130.0,28,0.002731100,0.002731100,0.0000,1,0.010818
Instances/Instances 3/u1060_08.gt,1059,2000.0,86400.0,PTVRP_CONT,344575.0,15,0.002779300,0.002779300,0.0000,1,0.011099
Instances/Instances 3/u1060_09.gt,1059,5000.0,86400.0,PTVRP_CONT,265974.0,8,0.002800100,0.002800100,0.0000,1,0.011252
Instances/Instances 3/u1060_10.gt,1059,10000.0,86400.0,PTVRP_CONT,245381.0,4,0.002897100,0.002897100,0.0000,1,0.011207
Instances/Instances 3/u1432_01.gt,1431,10.0,86400.0,PTVRP_CONT,15121146.0,752,0.004743900,0.004743900,0.0000,1,0.013649
Instances/Instances 3/u1432_02.gt,1431,20.0,86400.0,PTVRP_CONT,8132376.0,552,0.004769700,0.004769700,0.0000,1,0.013601
Instances/Instances 3/u1432_03.gt,1431,50.0,86400.0,PTVRP_CONT,3305377.0,441,0.004894500,0.004894500,0.0000,1,0.014169
Instances/Instances 3/u1432_04.gt,1431,100.0,86400.0,PTVRP_CONT,1723255.0,291,0.004973900,0.004973900,0.0000,1,0.013512
Instances/Instances 3/u1432_05.gt,1431,200.0,86400.0,PTVRP_CONT,927506.0,187,0.005014100,0.005014100,0.0000,1,0.013692
Instances/Instances 3/u1432_06.gt,1431,500.0,86400.0,PTVRP_CONT,444446.0,79,0.005071000,0.005071000,0.0000,1,0.013072
Instances/Instances 3/u1432_07.gt,1431,1000.0,86400.0,PTVRP_CONT,293385.0,41,0.005122700,0.005122700,0.0000,1,0.015535
Instances/Instances 3/u1432_08.gt,1431,2000.0,86400.0,PTVRP_CONT,218691.0,22,0.005052500,0.005052500,0.0000,1,0.01536
Instances/Instances 3/u1432_09.gt,1431,5000.0,86400.0,PTVRP_CONT,173788.0,9,0.005178800,0.005178800,0.0000,1,0.014327
Instances/Instances 3/u1432_10.gt,1431,10000.0,86400.0,PTVRP_CONT,163339.0,5,0.005268900,0.005268900,0.0000,1,0.014701
Instances/Instances 3/u159_01.gt,158,10.0,86400.0,PTVRP_CONT,1955024.0,104,0.000066200,0.000066200,0.0000,1,0.009315
Instances/Instances 3/u159_02.gt,158,20.0,86400.0,PTVRP_CONT,951395.0,82,0.000070300,0.000070300,0.0000,1,0.006809
Instances/Instances 3/u159_03.gt,158,50.0,86400.0,PTVRP_CONT,384199.0,59,0.000079300,0.000079300,0.0000,1,0.005807
Instances/Instances 3/u159_04.gt,158,100.0,86400.0,PTVRP_CONT,211969.0,38,0.000083000,0.000083000,0.0000,1,0.006816
Instances/Instances 3/u159_05.gt,158,200.0,86400.0,PTVRP_CONT,125701.0,20,0.000082000,0.000082000,0.0000,1,0.00503
Instances/Instances 3/u159_06.gt,158,500.0,86400.0,PTVRP_CONT,70115.0,8,0.000077500,0.000077500,0.0000,1,0.006875
Instances/Instances 3/u159_07.gt,158,1000.0,86400.0,PTVRP_CONT,55634.0,4,0.000076200,0.000076200,0.0000,1,0.007607
Instances/Instances 3/u159_08.gt,158,2000.0,86400.0,PTVRP_CONT,49745.0,3,0.000075100,0.000075100,0.0000,1,0.007211
Instances/Instances 3/u159_09.gt,158,5000.0,86400.0,PTVRP_CONT,47792.0,1,0.000070700,0.000070700,0.0000,1,0.0064
Instances/Instances 3/u159_10.gt,158,10000.0,86400.0,PTVRP_CONT,47792.0,1,0.000070900,0.000070900,0.0000,1,0.006553
Instances/Instances 3/u1817_01.gt,1816,10.0,86400.0,PTVRP_CONT,8331342.0,886,0.007657800,0.007657800,0.0000,1,0.014285
Instances/Instances 3/u1817_02.gt,1816,20.0,86400.0,PTVRP_CONT,4240676.0,668,0.007734800,0.007734800,0.0000,1,0.016631
Instances/Instances 3/u1817_03.gt,1816,50.0,86400.0,PTVRP_CONT,1751242.0,535,0.008102600,0.008102600,0.0000,1,0.016643
Instances/Instances 3/u1817_04.gt,1816,100.0,86400.0,PTVRP_CONT,926278.0,372,0.008244600,0.008244600,0.0000,1,0.017302
Instances/Instances 3/u1817_05.gt,1816,200.0,86400.0,PTVRP_CONT,473231.0,228,0.008268100,0.008268100,0.0000,1,0.016051
Instances/Instances 3/u1817_06.gt,1816,500.0,86400.0,PTVRP_CONT,213504.0,97,0.008315400,0.008315400,0.0000,1,0.017416
Instances/Instances 3/u1817_07.gt,1816,1000.0,86400.0,PTVRP_CONT,135079.0,50,0.008320100,0.008320100,0.0000,1,0.017832
Instances/Instances 3/u1817_08.gt,1816,2000.0,86400.0,PTVRP_CONT,94956.0,25,0.008403400,0.008403400,0.0000,1,0.017951
Instances/Instances 3/u1817_09.gt,1816,5000.0,86400.0,PTVRP_CONT,71935.0,11,0.008620699,0.008620699,0.0000,1,0.017265
Instances/Instances 3/u1817_10.gt,1816,10000.0,86400.0,PTVRP_CONT,64428.0,6,0.009113500,0.009113500,0.0000,1,0.018829
Instances/Instances 3/u2152_01.gt,2151,10.0,86400.0,PTVRP_CONT,9937986.0,1041,0.010746100,0.010746100,0.0000,1,0.021104
Instances/Instances 3/u2152_02.gt,2151,20.0,86400.0,PTVRP_CONT,5090787.0,768,0.010813700,0.010813700,0.0000,1,0.02008
Instances/Instances 3/u2152_03.gt,2151,50.0,86400.0,PTVRP_CONT,2115005.0,596,0.011456500,0.011456500,0.0000,1,0.021894
Instances/Instances 3/u2152_04.gt,2151,100.0,86400.0,PTVRP_CONT,1079166.0,406,0.011423800,0.011423800,0.0000,1,0.022593
Instances/Instances 3/u2152_05.gt,2151,200.0,86400.0,PTVRP_CONT,558921.0,263,0.011552500,0.011552500,0.0000,1,0.021847
Instances/Instances 3/u2152_06.gt,2151,500.0,86400.0,PTVRP_CONT,255346.0,113,0.011466300,0.011466300,0.0000,1,0.020759
Instances/Instances 3/u2152_07.gt,2151,1000.0,86400.0,PTVRP_CONT,157568.0,59,0.011542500,0.011542500,0.0000,1,0.02233
Instances/Instances 3/u2152_08.gt,2151,2000.0,86400.0,PTVRP_CONT,108774.0,30,0.011630800,0.011630800,0.0000,1,0.021289
Instances/Instances 3/u2152_09.gt,2151,5000.0,86400.0,PTVRP_CONT,80340.0,13,0.011867400,0.011867400,0.0000,1,0.019868
Instances/Instances 3/u2152_10.gt,2151,10000.0,86400.0,PTVRP_CONT,71897.0,7,0.012214900,0.012214900,0.0000,1,0.022119
Instances/Instances 3/u2319_01.gt,2318,10.0,86400.0,PTVRP_CONT,23843851.0,1247,0.012689100,0.012689100,0.0000,1,0.021713
Instances/Instances 3/u2319_02.gt,2318,20.0,86400.0,PTVRP_CONT,12290127.0,937,0.012191100,0.012191100,0.0000,1,0.021303
Instances/Instances 3/u2319_03.gt,2318,50.0,86400.0,PTVRP_CONT,5087921.0,743,0.012604700,0.012604700,0.0000,1,0.02274
Instances/Instances 3/u2319_04.gt,2318,100.0,86400.0,PTVRP_CONT,2666310.0,499,0.012794200,0.012794200,0.0000,1,0.022898
Instances/Instances 3/u2319_05.gt,2318,200.0,86400.0,PTVRP_CONT,1384929.0,298,0.012854800,0.012854800,0.0000,1,0.022877
Instances/Instances 3/u2319_06.gt,2318,500.0,86400.0,PTVRP_CONT,678790.0,126,0.012796300,0.012796300,0.0000,1,0.022575
Instances/Instances 3/u2319_07.gt,2318,1000.0,86400.0,PTVRP_CONT,443781.0,63,0.012908300,0.012908300,0.0000,1,0.021648
Instances/Instances 3/u2319_08.gt,2318,2000.0,86400.0,PTVRP_CONT,334721.0,33,0.012819000,0.012819000,0.0000,1,0.021785
Instances/Instances 3/u2319_09.gt,2318,5000.0,86400.0,PTVRP_CONT,267641.0,15,0.012863300,0.012863300,0.0000,1,0.022945
Instances/Instances 3/u2319_10.gt,2318,10000.0,86400.0,PTVRP_CONT,249892.0,8,0.013186600,0.013186600,0.0000,1,0.022724
Instances/Instances 3/u574_01.gt,573,10.0,86400.0,PTVRP_CONT,2779006.0,317,0.000896300,0.000896300,0.0000,1,0.009547
Instances/Instances 3/u574_02.gt,573,20.0,86400.0,PTVRP_CONT,1425860.0,271,0.000788500,0.000788500,0.0000,1,0.008258
Instances/Instances 3/u574_03.gt,573,50.0,86400.0,PTVRP_CONT,567373.0,206,0.000855200,0.000855200,0.0000,1,0.008817
Instances/Instances 3/u574_04.gt,573,100.0,86400.0,PTVRP_CONT,307809.0,126,0.000951100,0.000951100,0.0000,1,0.008997
Instances/Instances 3/u574_05.gt,573,200.0,86400.0,PTVRP_CONT,165067.0,79,0.000927900,0.000927900,0.0000,1,0.00759
Instances/Instances 3/u574_06.gt,573,500.0,86400.0,PTVRP_CONT,88198.0,32,0.000951000,0.000951000,0.0000,1,0.007809
Instances/Instances 3/u574_07.gt,573,1000.0,86400.0,PTVRP_CONT,59901.0,17,0.000898100,0.000898100,0.0000,1,0.006384
Instances/Instances 3/u574_08.gt,573,2000.0,86400.0,PTVRP_CONT,47119.0,8,0.000947500,0.000947500,0.0000,1,0.008183
Instances/Instances 3/u574_09.gt,573,5000.0,86400.0,PTVRP_CONT,41461.0,4,0.000922400,0.000922400,0.0000,1,0.007125
Instances/Instances 3/u574_10.gt,573,10000.0,86400.0,PTVRP_CONT,40147.0,2,0.000925900,0.000925900,0.0000,1,0.006886
Instances/Instances 3/u724_01.gt,723,10.0,86400.0,PTVRP_CONT,3504519.0,399,0.001239200,0.001239200,0.0000,1,0.00717
Instances/Instances 3/u724_02.gt,723,20.0,86400.0,PTVRP_CONT,1805735.0,303,0.001275200,0.001275200,0.0000,1,0.008172
Instances/Instances 3/u724_03.gt,723,50.0,86400.0,PTVRP_CONT,729631.0,248,0.001347000,0.001347000,0.0000,1,0.008326
Instances/Instances 3/u724_04.gt,723,100.0,86400.0,PTVRP_CONT,397244.0,169,0.001411900,0.001411900,0.0000,1,0.009376
Instances/Instances 3/u724_05.gt,723,200.0,86400.0,PTVRP_CONT,216490.0,101,0.001405900,0.001405900,0.0000,1,0.008251
Instances/Instances 3/u724_06.gt,723,500.0,86400.0,PTVRP_CONT,105412.0,40,0.001415900,0.001415900,0.0000,1,0.009193
Instances/Instances 3/u724_07.gt,723,1000.0,86400.0,PTVRP_CONT,70163.0,20,0.001420300,0.001420300,0.0000,1,0.008448
Instances/Instances 3/u724_08.gt,723,2000.0,86400.0,PTVRP_CONT,55415.0,11,0.001424300,0.001424300,0.0000,1,0.008906
Instances/Instances 3/u724_09.gt,723,5000.0,86400.0,PTVRP_CONT,46721.0,5,0.001478100,0.001478100,0.0000,1,0.009711
Instances/Instances 3/u724_10.gt,723,10000.0,86400.0,PTVRP_CONT,45169.0,3,0.001475100,0.001475100,0.0000,1,0.009835
Instances/Instances 3/usa13509_01.gt,13508,10.0,86400.0,PTVRP_CONT,NO SOLUTION,,0.425847599,0.425847599,0.0000,1,0.441505
Instances/Instances 3/usa13509_02.gt,13508,20.0,86400.0,PTVRP_CONT,NO SOLUTION,,0.414572599,0.414572599,0.0000,1,0.433869
Instances/Instances 3/usa13509_03.gt,13508,50.0,86400.0,PTVRP_CONT,NO SOLUTION,,0.413885300,0.413885300,0.0000,1,0.434751
Instances/Instances 3/usa13509_04.gt,13508,100.0,86400.0,PTVRP_CONT,NO SOLUTION,,0.410809299,0.410809299,0.0000,1,0.428834
Instances/Instances 3/usa13509_05.gt,13508,200.0,86400.0,PTVRP_CONT,NO SOLUTION,,0.407994500,0.407994500,0.0000,1,0.425195
Instances/Instances 3/usa13509_06.gt,13508,500.0,86400.0,PTVRP_CONT,NO SOLUTION,,0.415996601,0.415996601,0.0000,1,0.436119
Instances/Instances 3/usa13509_07.gt,13508,1000.0,86400.0,PTVRP_CONT,NO SOLUTION,,0.408886800,0.408886800,0.0000,1,0.427468
Instances/Instances 3/usa13509_08.gt,13508,2000.0,86400.0,PTVRP_CONT,NO SOLUTION,,0.411335400,0.411335400,0.0000,1,0.429713
Instances/Instances 3/usa13509_09.gt,13508,5000.0,86400.0,PTVRP_CONT,NO SOLUTION,,0.409513001,0.409513001,0.0000,1,0.428907
Instances/Instances 3/usa13509_10.gt,13508,10000.0,86400.0,PTVRP_CONT,NO SOLUTION,,0.411579700,0.411579700,0.0000,1,0.432237
Instances/Instances 3/uy734_01.gt,733,10.0,86400.0,PTVRP_CONT,6455596.0,385,0.001236400,0.001236400,0.0000,1,0.009631
Instances/Instances 3/uy734_02.gt,733,20.0,86400.0,PTVRP_CONT,3522264.0,305,0.001300400,0.001300400,0.0000,1,0.008662
Instances/Instances 3/uy734_03.gt,733,50.0,86400.0,PTVRP_CONT,1413591.0,250,0.001814400,0.001814400,0.0000,1,0.010312
Instances/Instances 3/uy734_04.gt,733,100.0,86400.0,PTVRP_CONT,744082.0,166,0.001403600,0.001403600,0.0000,1,0.00869
Instances/Instances 3/uy734_05.gt,733,200.0,86400.0,PTVRP_CONT,394191.0,98,0.001389200,0.001389200,0.0000,1,0.008928
Instances/Instances 3/uy734_06.gt,733,500.0,86400.0,PTVRP_CONT,200634.0,40,0.001365200,0.001365200,0.0000,1,0.009488
Instances/Instances 3/uy734_07.gt,733,1000.0,86400.0,PTVRP_CONT,135339.0,21,0.001432500,0.001432500,0.0000,1,0.008796
Instances/Instances 3/uy734_08.gt,733,2000.0,86400.0,PTVRP_CONT,105571.0,11,0.001401400,0.001401400,0.0000,1,0.008763
Instances/Instances 3/uy734_09.gt,733,5000.0,86400.0,PTVRP_CONT,90390.0,5,0.001424900,0.001424900,0.0000,1,0.008703
Instances/Instances 3/uy734_10.gt,733,10000.0,86400.0,PTVRP_CONT,85530.0,3,0.001456900,0.001456900,0.0000,1,0.009145
Instances/Instances 3/vm1084_01.gt,1083,10.0,86400.0,PTVRP_CONT,NO SOLUTION,,0.002645600,0.002645600,0.0000,1,0.010615
Instances/Instances 3/vm1084_02.gt,1083,20.0,86400.0,PTVRP_CONT,17871874.0,498,0.002656200,0.002656200,0.0000,1,0.011089
Instances/Instances 3/vm1084_03.gt,1083,50.0,86400.0,PTVRP_CONT,7110556.0,315,0.002828400,0.002828400,0.0000,1,0.011209
Instances/Instances 3/vm1084_04.gt,1083,100.0,86400.0,PTVRP_CONT,3648999.0,196,0.002792600,0.002792600,0.0000,1,0.01187
Instances/Instances 3/vm1084_05.gt,1083,200.0,86400.0,PTVRP_CONT,1941710.0,136,0.002823400,0.002823400,0.0000,1,0.011194
Instances/Instances 3/vm1084_06.gt,1083,500.0,86400.0,PTVRP_CONT,876851.0,59,0.002817500,0.002817500,0.0000,1,0.011779
Instances/Instances 3/vm1084_07.gt,1083,1000.0,86400.0,PTVRP_CONT,550504.0,31,0.002832500,0.002832500,0.0000,1,0.011752
Instances/Instances 3/vm1084_08.gt,1083,2000.0,86400.0,PTVRP_CONT,378356.0,16,0.002852400,0.002852400,0.0000,1,0.011398
Instances/Instances 3/vm1084_09.gt,1083,5000.0,86400.0,PTVRP_CONT,285400.0,7,0.002903200,0.002903200,0.0000,1,0.01151
Instances/Instances 3/vm1084_10.gt,1083,10000.0,86400.0,PTVRP_CONT,260270.0,4,0.002991400,0.002991400,0.0000,1,0.011522
Instances/Instances 3/vm1748_01.gt,1747,10.0,86400.0,PTVRP_CONT,NO SOLUTION,,0.007067500,0.007067500,0.0000,1,0.016236
Instances/Instances 3/vm1748_02.gt,1747,20.0,86400.0,PTVRP_CONT,30946455.0,795,0.007131400,0.007131400,0.0000,1,0.017413
Instances/Instances 3/vm1748_03.gt,1747,50.0,86400.0,PTVRP_CONT,12213681.0,500,0.007106800,0.007106800,0.0000,1,0.018261
Instances/Instances 3/vm1748_04.gt,1747,100.0,86400.0,PTVRP_CONT,6385114.0,325,0.007277000,0.007277000,0.0000,1,0.01632
Instances/Instances 3/vm1748_05.gt,1747,200.0,86400.0,PTVRP_CONT,3289473.0,203,0.007168600,0.007168600,0.0000,1,0.017908
Instances/Instances 3/vm1748_06.gt,1747,500.0,86400.0,PTVRP_CONT,1457735.0,93,0.007190700,0.007190700,0.0000,1,0.016036
Instances/Instances 3/vm1748_07.gt,1747,1000.0,86400.0,PTVRP_CONT,868091.0,46,0.007251100,0.007251100,0.0000,1,0.015677
Instances/Instances 3/vm1748_08.gt,1747,2000.0,86400.0,PTVRP_CONT,606626.0,24,0.007316300,0.007316300,0.0000,1,0.015939
Instances/Instances 3/vm1748_09.gt,1747,5000.0,86400.0,PTVRP_CONT,427694.0,11,0.007379700,0.007379700,0.0000,1,0.015045
Instances/Instances 3/vm1748_10.gt,1747,10000.0,86400.0,PTVRP_CONT,374783.0,6,0.007579700,0.007579700,0.0000,1,0.016002
Instances/Instances 3/vm22775_01.gt,22774,10.0,86400.0,PTVRP_CONT,NO SOLUTION,,1.172776401,1.172776401,0.0000,1,1.195263
Instances/Instances 3/vm22775_02.gt,22774,20.0,86400.0,PTVRP_CONT,272765485.0,7449,1.191182802,1.191182802,0.0000,1,1.214752
Instances/Instances 3/vm22775_03.gt,22774,50.0,86400.0,PTVRP_CONT,107936644.0,4112,1.170960301,1.170960301,0.0000,1,1.20192
Instances/Instances 3/vm22775_04.gt,22774,100.0,86400.0,PTVRP_CONT,54435928.0,2658,1.183834502,1.183834502,0.0000,1,1.206819
Instances/Instances 3/vm22775_05.gt,22774,200.0,86400.0,PTVRP_CONT,27675734.0,2010,1.176986102,1.176986102,0.0000,1,1.202376
Instances/Instances 3/vm22775_06.gt,22774,500.0,86400.0,PTVRP_CONT,11248304.0,1109,1.198072002,1.198072002,0.0000,1,1.221025
Instances/Instances 3/vm22775_07.gt,22774,1000.0,86400.0,PTVRP_CONT,5885376.0,590,1.189707102,1.189707102,0.0000,1,1.214875
Instances/Instances 3/vm22775_08.gt,22774,2000.0,86400.0,PTVRP_CONT,3193893.0,294,1.181231302,1.181231302,0.0000,1,1.207019
Instances/Instances 3/vm22775_09.gt,22774,5000.0,86400.0,PTVRP_CONT,1606236.0,118,1.190375902,1.190375902,0.0000,1,1.217599
Instances/Instances 3/vm22775_10.gt,22774,10000.0,86400.0,PTVRP_CONT,1086866.0,61,1.204702102,1.204702102,0.0000,1,1.231048
Instances/Instances 3/wi29_01.gt,28,10.0,86400.0,PTVRP_CONT,446870.0,19,0.000004000,0.000004000,0.0000,1,0.008714
Instances/Instances 3/wi29_02.gt,28,20.0,86400.0,PTVRP_CONT,261376.0,19,0.000005000,0.000005000,0.0000,1,0.00586
Instances/Instances 3/wi29_03.gt,28,50.0,86400.0,PTVRP_CONT,98036.0,14,0.000005100,0.000005100,0.0000,1,0.006385
Instances/Instances 3/wi29_04.gt,28,100.0,86400.0,PTVRP_CONT,73682.0,9,0.000005900,0.000005900,0.0000,1,0.005607
Instances/Instances 3/wi29_05.gt,28,200.0,86400.0,PTVRP_CONT,41037.0,4,0.000004400,0.000004400,0.0000,1,0.005951
Instances/Instances 3/wi29_06.gt,28,500.0,86400.0,PTVRP_CONT,37103.0,3,0.000003800,0.000003800,0.0000,1,0.00494
Instances/Instances 3/wi29_07.gt,28,1000.0,86400.0,PTVRP_CONT,33110.0,1,0.000003000,0.000003000,0.0000,1,0.005795
Instances/Instances 3/wi29_08.gt,28,2000.0,86400.0,PTVRP_CONT,33110.0,1,0.000003000,0.000003000,0.0000,1,0.006113
Instances/Instances 3/wi29_09.gt,28,5000.0,86400.0,PTVRP_CONT,33110.0,1,0.000003100,0.000003100,0.0000,1,0.006085
Instances/Instances 3/wi29_10.gt,28,10000.0,86400.0,PTVRP_CONT,33110.0,1,0.000003100,0.000003100,0.0000,1,0.005294
Instances/Instances 3/ym7663_01.gt,7662,10.0,86400.0,PTVRP_CONT,NO SOLUTION,,0.135187000,0.135187000,0.0000,1,0.145228
Instances/Instances 3/ym7663_02.gt,7662,20.0,86400.0,PTVRP_CONT,38039089.0,2301,0.134623100,0.134623100,0.0000,1,0.148782
Instances/Instances 3/ym7663_03.gt,7662,50.0,86400.0,PTVRP_CONT,15220581.0,1603,0.133967901,0.133967901,0.0000,1,0.147978
Instances/Instances 3/ym7663_04.gt,7662,100.0,86400.0,PTVRP_CONT,7747573.0,1198,0.136085200,0.136085200,0.0000,1,0.147249
Instances/Instances 3/ym7663_05.gt,7662,200.0,86400.0,PTVRP_CONT,4001165.0,822,0.135233200,0.135233200,0.0000,1,0.149433
Instances/Instances 3/ym7663_06.gt,7662,500.0,86400.0,PTVRP_CONT,1685481.0,399,0.138610700,0.138610700,0.0000,1,0.153657
Instances/Instances 3/ym7663_07.gt,7662,1000.0,86400.0,PTVRP_CONT,952410.0,201,0.136849401,0.136849401,0.0000,1,0.150946
Instances/Instances 3/ym7663_08.gt,7662,2000.0,86400.0,PTVRP_CONT,586128.0,103,0.137193100,0.137193100,0.0000,1,0.148855
Instances/Instances 3/ym7663_09.gt,7662,5000.0,86400.0,PTVRP_CONT,375923.0,42,0.140174700,0.140174700,0.0000,1,0.152428
Instances/Instances 3/ym7663_10.gt,7662,10000.0,86400.0,PTVRP_CONT,306838.0,21,0.139521301,0.139521301,0.0000,1,0.151707
Instances/Instances 3/zi929_01.gt,928,10.0,86400.0,PTVRP_CONT,10085136.0,423,0.001976000,0.001976000,0.0000,1,0.010673
Instances/Instances 3/zi929_02.gt,928,20.0,86400.0,PTVRP_CONT,4971798.0,320,0.002054700,0.002054700,0.0000,1,0.010966
Instances/Instances 3/zi929_03.gt,928,50.0,86400.0,PTVRP_CONT,2059292.0,253,0.002089401,0.002089401,0.0000,1,0.010637
Instances/Instances 3/zi929_04.gt,928,100.0,86400.0,PTVRP_CONT,1076890.0,168,0.002187500,0.002187500,0.0000,1,0.011503
Instances/Instances 3/zi929_05.gt,928,200.0,86400.0,PTVRP_CONT,579773.0,107,0.002220000,0.002220000,0.0000,1,0.010426
Instances/Instances 3/zi929_06.gt,928,500.0,86400.0,PTVRP_CONT,285131.0,54,0.002192800,0.002192800,0.0000,1,0.010148
Instances/Instances 3/zi929_07.gt,928,1000.0,86400.0,PTVRP_CONT,184644.0,26,0.002219300,0.002219300,0.0000,1,0.009968
Instances/Instances 3/zi929_08.gt,928,2000.0,86400.0,PTVRP_CONT,136842.0,14,0.002196600,0.002196600,0.0000,1,0.009897
Instances/Instances 3/zi929_09.gt,928,5000.0,86400.0,PTVRP_CONT,111189.0,6,0.002275600,0.002275600,0.0000,1,0.010059
Instances/Instances 3/zi929_10.gt,928,10000.0,86400.0,PTVRP_CONT,101349.0,3,0.002283900,0.002283900,0.0000,1,0.009847
