instance,n,Q,horizon,solver,cost,templates,solve_seconds,solve_seconds_min,solve_seconds_spread,repeats,wall_seconds
Instances/Instances 1/a280_01.gt,279,100.0,86400.0,PTVRP_LAYERED,16387.0,72,0.000280400,0.000280400,0.0000,1,0.007198
Instances/Instances 1/a280_02.gt,279,200.0,86400.0,PTVRP_LAYERED,8816.0,36,0.000154000,0.000154000,0.0000,1,0.007528
Instances/Instances 1/a280_03.gt,279,500.0,86400.0,PTVRP_LAYERED,4897.0,15,0.000074500,0.000074500,0.0000,1,0.006795
Instances/Instances 1/a280_04.gt,279,1000.0,86400.0,PTVRP_LAYERED,3722.0,9,0.000045400,0.000045400,0.0000,1,0.005756
Instances/Instances 1/a280_05.gt,279,2000.0,86400.0,PTVRP_LAYERED,3176.0,4,0.000026200,0.000026200,0.0000,1,0.005607
Instances/Instances 1/a280_06.gt,279,5000.0,86400.0,PTVRP_LAYERED,2855.0,2,0.000013900,0.000013900,0.0000,1,0.005917
Instances/Instances 1/a280_07.gt,279,10000.0,86400.0,PTVRP_LAYERED,2835.0,1,0.000010100,0.000010100,0.0000,1,0.005838
Instances/Instances 1/a280_08.gt,279,20000.0,86400.0,PTVRP_LAYERED,2835.0,1,0.000010200,0.000010200,0.0000,1,0.005671
Instances/Instances 1/a280_09.gt,279,50000.0,86400.0,PTVRP_LAYERED,2835.0,1,0.000010300,0.000010300,0.0000,1,0.005918
Instances/Instances 1/a280_10.gt,279,100000.0,86400.0,PTVRP_LAYERED,2835.0,1,0.000010200,0.000010200,0.0000,1,0.00481
Instances/Instances 1/ar9152_01.gt,9151,100.0,86400.0,PTVRP_LAYERED,28717346.0,1467,0.003232701,0.003232701,0.0000,1,0.014526
Instances/Instances 1/ar9152_02.gt,9151,200.0,86400.0,PTVRP_LAYERED,14570814.0,978,0.002876400,0.002876400,0.0000,1,0.016553
Instances/Instances 1/ar9152_03.gt,9151,500.0,86400.0,PTVRP_LAYERED,6223523.0,476,0.002359200,0.002359200,0.0000,1,0.014988
Instances/Instances 1/ar9152_04.gt,9151,1000.0,86400.0,PTVRP_LAYERED,3468503.0,239,0.001932400,0.001932400,0.0000,1,0.017055
Instances/Instances 1/ar9152_05.gt,9151,2000.0,86400.0,PTVRP_LAYERED,2131437.0,123,0.001526600,0.001526600,0.0000,1,0.014935
Instances/Instances 1/ar9152_06.gt,9151,5000.0,86400.0,PTVRP_LAYERED,1329482.0,51,0.001170900,0.001170900,0.0000,1,0.0151
Instances/Instances 1/ar9152_07.gt,9151,10000.0,86400.0,PTVRP_LAYERED,1090437.0,27,0.000884200,0.000884200,0.0000,1,0.01369
Instances/Instances 1/ar9152_08.gt,9151,20000.0,86400.0,PTVRP_LAYERED,986552.0,15,0.000648700,0.000648700,0.0000,1,0.014586
Instances/Instances 1/ar9152_09.gt,9151,50000.0,86400.0,PTVRP_LAYERED,970633.0,13,0.000644500,0.000644500,0.0000,1,0.014239
Instances/Instances 1/ar9152_10.gt,9151,100000.0,86400.0,PTVRP_LAYERED,970633.0,13,0.000615800,0.000615800,0.0000,1,0.014191
Instances/Instances 1/berlin52_01.gt,51,100.0,86400.0,PTVRP_LAYERED,14644.0,14,0.000015700,0.000015700,0.0000,1,0.007766
Instances/Instances 1/berlin52_02.gt,51,200.0,86400.0,PTVRP_LAYERED,11269.0,8,0.000010900,0.000010900,0.0000,1,0.006999
Instances/Instances 1/berlin52_03.gt,51,500.0,86400.0,PTVRP_LAYERED,8619.0,4,0.000006000,0.000006000,0.0000,1,0.006123
Instances/Instances 1/berlin52_04.gt,51,1000.0,86400.0,PTVRP_LAYERED,7852.0,2,0.000004200,0.000004200,0.0000,1,0.00598
Instances/Instances 1/berlin52_05.gt,51,2000.0,86400.0,PTVRP_LAYERED,7803.0,1,0.000002900,0.000002900,0.0000,1,0.005884
Instances/Instances 1/berlin52_06.gt,51,5000.0,86400.0,PTVRP_LAYERED,7803.0,1,0.000002900,0.000002900,0.0000,1,0.006346
Instances/Instances 1/berlin52_07.gt,51,10000.0,86400.0,PTVRP_LAYERED,7803.0,1,0.000002800,0.000002800,0.0000,1,0.006728
Instances/Instances 1/berlin52_08.gt,51,20000.0,86400.0,PTVRP_LAYERED,7803.0,1,0.000002800,0.000002800,0.0000,1,0.006476
Instances/Instances 1/berlin52_09.gt,51,50000.0,86400.0,PTVRP_LAYERED,7803.0,1,0.000003000,0.000003000,0.0000,1,0.0069
Instances/Instances 1/berlin52_10.gt,51,100000.0,86400.0,PTVRP_LAYERED,7803.0,1,0.000002800,0.000002800,0.0000,1,0.004989
Instances/Instances 1/bier127_01.gt,126,100.0,86400.0,PTVRP_LAYERED,328886.0,35,0.000028800,0.000028800,0.0000,1,0.006689
Instances/Instances 1/bier127_02.gt,126,200.0,86400.0,PTVRP_LAYERED,214093.0,20,0.000024500,0.000024500,0.0000,1,0.006818
Instances/Instances 1/bier127_03.gt,126,500.0,86400.0,PTVRP_LAYERED,147478.0,8,0.000015300,0.000015300,0.0000,1,0.005763
Instances/Instances 1/bier127_04.gt,126,1000.0,86400.0,PTVRP_LAYERED,129773.0,4,0.000010300,0.000010300,0.0000,1,0.005684
Instances/Instances 1/bier127_05.gt,126,2000.0,86400.0,PTVRP_LAYERED,126048.0,2,0.000008100,0.000008100,0.0000,1,0.005266
Instances/Instances 1/bier127_06.gt,126,5000.0,86400.0,PTVRP_LAYERED,126048.0,2,0.000006600,0.000006600,0.0000,1,0.004873
Instances/Instances 1/bier127_07.gt,126,10000.0,86400.0,PTVRP_LAYERED,126048.0,2,0.000006500,0.000006500,0.0000,1,0.005334
Instances/Instances 1/bier127_08.gt,126,20000.0,86400.0,PTVRP_LAYERED,126048.0,2,0.000006700,0.000006700,0.0000,1,0.005965
Instances/Instances 1/bier127_09.gt,126,50000.0,86400.0,PTVRP_LAYERED,126048.0,2,0.000006500,0.000006500,0.0000,1,0.005381
Instances/Instances 1/bier127_10.gt,126,100000.0,86400.0,PTVRP_LAYERED,126048.0,2,0.000006500,0.000006500,0.0000,1,0.005658
Instances/Instances 1/bm33708_01.gt,33707,100.0,86400.0,PTVRP_LAYERED,54311911.0,4710,0.019899501,0.019899501,0.0000,1,0.054194
Instances/Instances 1/bm33708_02.gt,33707,200.0,86400.0,PTVRP_LAYERED,27566313.0,3312,0.017290501,0.017290501,0.0000,1,0.053321
Instances/Instances 1/bm33708_03.gt,33707,500.0,86400.0,PTVRP_LAYERED,11486555.0,1720,0.014081200,0.014081200,0.0000,1,0.04832
Instances/Instances 1/bm33708_04.gt,33707,1000.0,86400.0,PTVRP_LAYERED,6132031.0,878,0.011345300,0.011345300,0.0000,1,0.042011
Instances/Instances 1/bm33708_05.gt,33707,2000.0,86400.0,PTVRP_LAYERED,3523882.0,437,0.009092700,0.009092700,0.0000,1,0.041195
Instances/Instances 1/bm33708_06.gt,33707,5000.0,86400.0,PTVRP_LAYERED,1962016.0,178,0.006724800,0.006724800,0.0000,1,0.042062
Instances/Instances 1/bm33708_07.gt,33707,10000.0,86400.0,PTVRP_LAYERED,1448460.0,90,0.005364100,0.005364100,0.0000,1,0.034723
Instances/Instances 1/bm33708_08.gt,33707,20000.0,86400.0,PTVRP_LAYERED,1194002.0,47,0.004216100,0.004216100,0.0000,1,0.03468
Instances/Instances 1/bm33708_09.gt,33707,50000.0,86400.0,PTVRP_LAYERED,1051830.0,20,0.002336700,0.002336700,0.0000,1,0.033013
Instances/Instances 1/bm33708_10.gt,33707,100000.0,86400.0,PTVRP_LAYERED,1025973.0,15,0.002529700,0.002529700,0.0000,1,0.0385
Instances/Instances 1/brd14051_01.gt,14050,100.0,86400.0,PTVRP_LAYERED,16950869.0,2180,0.009035501,0.009035501,0.0000,1,0.028011
Instances/Instances 1/brd14051_02.gt,14050,200.0,86400.0,PTVRP_LAYERED,8596446.0,1486,0.007705800,0.007705800,0.0000,1,0.025595
Instances/Instances 1/brd14051_03.gt,14050,500.0,86400.0,PTVRP_LAYERED,3646827.0,737,0.006132000,0.006132000,0.0000,1,0.02335
Instances/Instances 1/brd14051_04.gt,14050,1000.0,86400.0,PTVRP_LAYERED,2040540.0,368,0.004712400,0.004712400,0.0000,1,0.021137
Instances/Instances 1/brd14051_05.gt,14050,2000.0,86400.0,PTVRP_LAYERED,1236617.0,184,0.003725300,0.003725300,0.0000,1,0.021225
Instances/Instances 1/brd14051_06.gt,14050,5000.0,86400.0,PTVRP_LAYERED,768899.0,76,0.002588700,0.002588700,0.0000,1,0.018654
Instances/Instances 1/brd14051_07.gt,14050,10000.0,86400.0,PTVRP_LAYERED,613871.0,40,0.001900300,0.001900300,0.0000,1,0.018184
Instances/Instances 1/brd14051_08.gt,14050,20000.0,86400.0,PTVRP_LAYERED,535568.0,20,0.001675300,0.001675300,0.0000,1,0.015341
Instances/Instances 1/brd14051_09.gt,14050,50000.0,86400.0,PTVRP_LAYERED,494413.0,9,0.000934300,0.000934300,0.0000,1,0.018713
Instances/Instances 1/brd14051_10.gt,14050,100000.0,86400.0,PTVRP_LAYERED,487545.0,7,0.000967600,0.000967600,0.0000,1,0.01739
Instances/Instances 1/ca4663_01.gt,4662,100.0,86400.0,PTVRP_LAYERED,NO SOLUTION,,0.000609800,0.000609800,0.0000,1,0.010044
Instances/Instances 1/ca4663_02.gt,4662,200.0,86400.0,PTVRP_LAYERED,NO SOLUTION,,0.000557600,0.000557600,0.0000,1,0.00946
Instances/Instances 1/ca4663_03.gt,4662,500.0,86400.0,PTVRP_LAYERED,NO SOLUTION,,0.000563000,0.000563000,0.0000,1,0.011617
Instances/Instances 1/ca4663_04.gt,4662,1000.0,86400.0,PTVRP_LAYERED,NO SOLUTION,,0.000444300,0.000444300,0.0000,1,0.00931
Instances/Instances 1/ca4663_05.gt,4662,2000.0,86400.0,PTVRP_LAYERED,NO SOLUTION,,0.000400000,0.000400000,0.0000,1,0.008405
Instances/Instances 1/ca4663_06.gt,4662,5000.0,86400.0,PTVRP_LAYERED,NO SOLUTION,,0.000334500,0.000334500,0.0000,1,0.009187
Instances/Instances 1/ca4663_07.gt,4662,10000.0,86400.0,PTVRP_LAYERED,NO SOLUTION,,0.000341800,0.000341800,0.0000,1,0.01126
Instances/Instances 1/ca4663_08.gt,4662,20000.0,86400.0,PTVRP_LAYERED,NO SOLUTION,,0.000344900,0.000344900,0.0000,1,0.010218
Instances/Instances 1/ca4663_09.gt,4662,50000.0,86400.0,PTVRP_LAYERED,NO SOLUTION,,0.000321900,0.000321900,0.0000,1,0.009968
Instances/Instances 1/ca4663_10.gt,4662,100000.0,86400.0,PTVRP_LAYERED,NO SOLUTION,,0.000292800,0.000292800,0.0000,1,0.009003
Instances/Instances 1/ch130_01.gt,129,100.0,86400.0,PTVRP_LAYERED,23377.0,36,0.000071000,0.000071000,0.0000,1,0.006452
Instances/Instances 1/ch130_02.gt,129,200.0,86400.0,PTVRP_LAYERED,14025.0,20,0.000044300,0.000044300,0.0000,1,0.005967
Instances/Instances 1/ch130_03.gt,129,500.0,86400.0,PTVRP_LAYERED,9031.0,8,0.000022700,0.000022700,0.0000,1,0.005357
Instances/Instances 1/ch130_04.gt,129,1000.0,86400.0,PTVRP_LAYERED,7424.0,5,0.000015500,0.000015500,0.0000,1,0.006296
Instances/Instances 1/ch130_05.gt,129,2000.0,86400.0,PTVRP_LAYERED,6533.0,2,0.000008600,0.000008600,0.0000,1,0.006783
Instances/Instances 1/ch130_06.gt,129,5000.0,86400.0,PTVRP_LAYERED,6291.0,1,0.000006100,0.000006100,0.0000,1,0.005846
Instances/Instances 1/ch130_07.gt,129,10000.0,86400.0,PTVRP_LAYERED,6291.0,1,0.000005700,0.000005700,0.0000,1,0.005843
Instances/Instances 1/ch130_08.gt,129,20000.0,86400.0,PTVRP_LAYERED,6291.0,1,0.000005800,0.000005800,0.0000,1,0.006569
Instances/Instances 1/ch130_09.gt,129,50000.0,86400.0,PTVRP_LAYERED,6291.0,1,0.000006200,0.000006200,0.0000,1,0.006463
Instances/Instances 1/ch130_10.gt,129,100000.0,86400.0,PTVRP_LAYERED,6291.0,1,0.000005900,0.000005900,0.0000,1,0.005258
Instances/Instances 1/ch150_01.gt,149,100.0,86400.0,PTVRP_LAYERED,28985.0,44,0.000097300,0.000097300,0.0000,1,0.005562
Instances/Instances 1/ch150_02.gt,149,200.0,86400.0,PTVRP_LAYERED,15615.0,21,0.000052500,0.000052500,0.0000,1,0.005985
Instances/Instances 1/ch150_03.gt,149,500.0,86400.0,PTVRP_LAYERED,9611.0,9,0.000027100,0.000027100,0.0000,1,0.005426
Instances/Instances 1/ch150_04.gt,149,1000.0,86400.0,PTVRP_LAYERED,8060.0,5,0.000016900,0.000016900,0.0000,1,0.005894
Instances/Instances 1/ch150_05.gt,149,2000.0,86400.0,PTVRP_LAYERED,7467.0,3,0.000010900,0.000010900,0.0000,1,0.005263
Instances/Instances 1/ch150_06.gt,149,5000.0,86400.0,PTVRP_LAYERED,7281.0,1,0.000006800,0.000006800,0.0000,1,0.005844
Instances/Instances 1/ch150_07.gt,149,10000.0,86400.0,PTVRP_LAYERED,7281.0,1,0.000007200,0.000007200,0.0000,1,0.005743
Instances/Instances 1/ch150_08.gt,149,20000.0,86400.0,PTVRP_LAYERED,7281.0,1,0.000006600,0.000006600,0.0000,1,0.007171
Instances/Instances 1/ch150_09.gt,149,50000.0,86400.0,PTVRP_LAYERED,7281.0,1,0.000007100,0.000007100,0.0000,1,0.006255
Instances/Instances 1/ch150_10.gt,149,100000.0,86400.0,PTVRP_LAYERED,7281.0,1,0.000006400,0.000006400,0.0000,1,0.005088
Instances/Instances 1/ch71009_01.gt,71008,100.0,86400.0,PTVRP_LAYERED,314697654.0,10228,0.021773001,0.021773001,0.0000,1,0.073988
Instances/Instances 1/ch71009_02.gt,71008,200.0,86400.0,PTVRP_LAYERED,157714607.0,6667,0.020638701,0.020638701,0.0000,1,0.085704
Instances/Instances 1/ch71009_03.gt,71008,500.0,86400.0,PTVRP_LAYERED,64684308.0,3536,0.017552200,0.017552200,0.0000,1,0.088896
Instances/Instances 1/ch71009_04.gt,71008,1000.0,86400.0,PTVRP_LAYERED,34256373.0,1837,0.015544700,0.015544700,0.0000,1,0.073865
Instances/Instances 1/ch71009_05.gt,71008,2000.0,86400.0,PTVRP_LAYERED,19367843.0,923,0.013296100,0.013296100,0.0000,1,0.067981
Instances/Instances 1/ch71009_06.gt,71008,5000.0,86400.0,PTVRP_LAYERED,10872483.0,375,0.010320701,0.010320701,0.0000,1,0.068512
Instances/Instances 1/ch71009_07.gt,71008,10000.0,86400.0,PTVRP_LAYERED,8261810.0,204,0.008050000,0.008050000,0.0000,1,0.06823
Instances/Instances 1/ch71009_08.gt,71008,20000.0,86400.0,PTVRP_LAYERED,7108473.0,120,0.006516100,0.006516100,0.0000,1,0.064828
Instances/Instances 1/ch71009_09.gt,71008,50000.0,86400.0,PTVRP_LAYERED,6671779.0,84,0.005550700,0.005550700,0.0000,1,0.071279
Instances/Instances 1/ch71009_10.gt,71008,100000.0,86400.0,PTVRP_LAYERED,6650715.0,82,0.005642400,0.005642400,0.0000,1,0.060729
Instances/Instances 1/d1291_01.gt,1290,100.0,86400.0,PTVRP_LAYERED,768417.0,261,0.000951300,0.000951300,0.0000,1,0.008704
Instances/Instances 1/d1291_02.gt,1290,200.0,86400.0,PTVRP_LAYERED,367546.0,158,0.000749000,0.000749000,0.0000,1,0.008921
Instances/Instances 1/d1291_03.gt,1290,500.0,86400.0,PTVRP_LAYERED,178154.0,70,0.000511100,0.000511100,0.0000,1,0.007781
Instances/Instances 1/d1291_04.gt,1290,1000.0,86400.0,PTVRP_LAYERED,110025.0,35,0.000346600,0.000346600,0.0000,1,0.007636
Instances/Instances 1/d1291_05.gt,1290,2000.0,86400.0,PTVRP_LAYERED,78610.0,18,0.000246400,0.000246400,0.0000,1,0.008361
Instances/Instances 1/d1291_06.gt,1290,5000.0,86400.0,PTVRP_LAYERED,61167.0,8,0.000145900,0.000145900,0.0000,1,0.00823
Instances/Instances 1/d1291_07.gt,1290,10000.0,86400.0,PTVRP_LAYERED,56230.0,5,0.000090300,0.000090300,0.0000,1,0.008195
Instances/Instances 1/d1291_08.gt,1290,20000.0,86400.0,PTVRP_LAYERED,53710.0,2,0.000073000,0.000073000,0.0000,1,0.007147
Instances/Instances 1/d1291_09.gt,1290,50000.0,86400.0,PTVRP_LAYERED,53688.0,1,0.000039900,0.000039900,0.0000,1,0.007619
Instances/Instances 1/d1291_10.gt,1290,100000.0,86400.0,PTVRP_LAYERED,53688.0,1,0.000039700,0.000039700,0.0000,1,0.006988
Instances/Instances 1/d15112_01.gt,15111,100.0,86400.0,PTVRP_LAYERED,53788704.0,2388,0.004800100,0.004800100,0.0000,1,0.022027
Instances/Instances 1/d15112_02.gt,15111,200.0,86400.0,PTVRP_LAYERED,27647861.0,1647,0.004245701,0.004245701,0.0000,1,0.021089
Instances/Instances 1/d15112_03.gt,15111,500.0,86400.0,PTVRP_LAYERED,11626925.0,784,0.003537300,0.003537300,0.0000,1,0.022663
Instances/Instances 1/d15112_04.gt,15111,1000.0,86400.0,PTVRP_LAYERED,6549550.0,399,0.003039500,0.003039500,0.0000,1,0.022799
Instances/Instances 1/d15112_05.gt,15111,2000.0,86400.0,PTVRP_LAYERED,3986206.0,197,0.002390700,0.002390700,0.0000,1,0.019195
Instances/Instances 1/d15112_06.gt,15111,5000.0,86400.0,PTVRP_LAYERED,2517833.0,82,0.001823100,0.001823100,0.0000,1,0.02116
Instances/Instances 1/d15112_07.gt,15111,10000.0,86400.0,PTVRP_LAYERED,2016391.0,41,0.001344700,0.001344700,0.0000,1,0.023971
Instances/Instances 1/d15112_08.gt,15111,20000.0,86400.0,PTVRP_LAYERED,1832536.0,24,0.001163300,0.001163300,0.0000,1,0.019825
Instances/Instances 1/d15112_09.gt,15111,50000.0,86400.0,PTVRP_LAYERED,1819674.0,24,0.001176200,0.001176200,0.0000,1,0.018614
Instances/Instances 1/d15112_10.gt,15111,100000.0,86400.0,PTVRP_LAYERED,1819674.0,24,0.001146500,0.001146500,0.0000,1,0.020832
Instances/Instances 1/d1655_01.gt,1654,100.0,86400.0,PTVRP_LAYERED,920931.0,323,0.001257900,0.001257900,0.0000,1,0.00943
Instances/Instances 1/d1655_02.gt,1654,200.0,86400.0,PTVRP_LAYERED,497810.0,213,0.001017300,0.001017300,0.0000,1,0.009548
Instances/Instances 1/d1655_03.gt,1654,500.0,86400.0,PTVRP_LAYERED,221226.0,87,0.000664000,0.000664000,0.0000,1,0.008699
Instances/Instances 1/d1655_04.gt,1654,1000.0,86400.0,PTVRP_LAYERED,139737.0,45,0.000491300,0.000491300,0.0000,1,0.007483
Instances/Instances 1/d1655_05.gt,1654,2000.0,86400.0,PTVRP_LAYERED,97963.0,24,0.000343000,0.000343000,0.0000,1,0.007506
Instances/Instances 1/d1655_06.gt,1654,5000.0,86400.0,PTVRP_LAYERED,74780.0,11,0.000210200,0.000210200,0.0000,1,0.007278
Instances/Instances 1/d1655_07.gt,1654,10000.0,86400.0,PTVRP_LAYERED,67599.0,5,0.000145000,0.000145000,0.0000,1,0.006496
Instances/Instances 1/d1655_08.gt,1654,20000.0,86400.0,PTVRP_LAYERED,66176.0,3,0.000108100,0.000108100,0.0000,1,0.006188
Instances/Instances 1/d1655_09.gt,1654,50000.0,86400.0,PTVRP_LAYERED,65597.0,1,0.000058700,0.000058700,0.0000,1,0.007127
Instances/Instances 1/d1655_10.gt,1654,100000.0,86400.0,PTVRP_LAYERED,65597.0,1,0.000059300,0.000059300,0.0000,1,0.007083
Instances/Instances 1/d18512_01.gt,18511,100.0,86400.0,PTVRP_LAYERED,24130075.0,2865,0.010905701,0.010905701,0.0000,1,0.03236
Instances/Instances 1/d18512_02.gt,18511,200.0,86400.0,PTVRP_LAYERED,12188367.0,1995,0.009514601,0.009514601,0.0000,1,0.033011
Instances/Instances 1/d18512_03.gt,18511,500.0,86400.0,PTVRP_LAYERED,5222711.0,960,0.007484300,0.007484300,0.0000,1,0.027935
Instances/Instances 1/d18512_04.gt,18511,1000.0,86400.0,PTVRP_LAYERED,2876916.0,483,0.006107100,0.006107100,0.0000,1,0.027185
Instances/Instances 1/d18512_05.gt,18511,2000.0,86400.0,PTVRP_LAYERED,1743333.0,242,0.004821000,0.004821000,0.0000,1,0.025775
Instances/Instances 1/d18512_06.gt,18511,5000.0,86400.0,PTVRP_LAYERED,1070282.0,99,0.003375000,0.003375000,0.0000,1,0.02494
Instances/Instances 1/d18512_07.gt,18511,10000.0,86400.0,PTVRP_LAYERED,848838.0,51,0.002468400,0.002468400,0.0000,1,0.022451
Instances/Instances 1/d18512_08.gt,18511,20000.0,86400.0,PTVRP_LAYERED,741916.0,26,0.002231400,0.002231400,0.0000,1,0.022271
Instances/Instances 1/d18512_09.gt,18511,50000.0,86400.0,PTVRP_LAYERED,677542.0,11,0.001240300,0.001240300,0.0000,1,0.023919
Instances/Instances 1/d18512_10.gt,18511,100000.0,86400.0,PTVRP_LAYERED,672457.0,9,0.001317400,0.001317400,0.0000,1,0.022797
Instances/Instances 1/d198_01.gt,197,100.0,86400.0,PTVRP_LAYERED,87758.0,48,0.000105800,0.000105800,0.0000,1,0.009313
Instances/Instances 1/d198_02.gt,197,200.0,86400.0,PTVRP_LAYERED,50344.0,28,0.000082000,0.000082000,0.0000,1,0.007312
Instances/Instances 1/d198_03.gt,197,500.0,86400.0,PTVRP_LAYERED,28510.0,12,0.000043900,0.000043900,0.0000,1,0.006318
Instances/Instances 1/d198_04.gt,197,1000.0,86400.0,PTVRP_LAYERED,20609.0,6,0.000026200,0.000026200,0.0000,1,0.005241
Instances/Instances 1/d198_05.gt,197,2000.0,86400.0,PTVRP_LAYERED,17770.0,3,0.000015500,0.000015500,0.0000,1,0.004976
Instances/Instances 1/d198_06.gt,197,5000.0,86400.0,PTVRP_LAYERED,17527.0,1,0.000007600,0.000007600,0.0000,1,0.00511
Instances/Instances 1/d198_07.gt,197,10000.0,86400.0,PTVRP_LAYERED,17527.0,1,0.000007500,0.000007500,0.0000,1,0.004748
Instances/Instances 1/d198_08.gt,197,20000.0,86400.0,PTVRP_LAYERED,17527.0,1,0.000008000,0.000008000,0.0000,1,0.005897
Instances/Instances 1/d198_09.gt,197,50000.0,86400.0,PTVRP_LAYERED,17527.0,1,0.000007900,0.000007900,0.0000,1,0.00598
Instances/Instances 1/d198_10.gt,197,100000.0,86400.0,PTVRP_LAYERED,17527.0,1,0.000007700,0.000007700,0.0000,1,0.005744
Instances/Instances 1/d2103_01.gt,2102,100.0,86400.0,PTVRP_LAYERED,1406040.0,385,0.001486900,0.001486900,0.0000,1,0.008075
Instances/Instances 1/d2103_02.gt,2102,200.0,86400.0,PTVRP_LAYERED,723617.0,262,0.001182900,0.001182900,0.0000,1,0.00921
Instances/Instances 1/d2103_03.gt,2102,500.0,86400.0,PTVRP_LAYERED,332914.0,114,0.000861500,0.000861500,0.0000,1,0.009034
Instances/Instances 1/d2103_04.gt,2102,1000.0,86400.0,PTVRP_LAYERED,199704.0,56,0.000620200,0.000620200,0.0000,1,0.008575
Instances/Instances 1/d2103_05.gt,2102,2000.0,86400.0,PTVRP_LAYERED,132584.0,31,0.000448000,0.000448000,0.0000,1,0.009242
Instances/Instances 1/d2103_06.gt,2102,5000.0,86400.0,PTVRP_LAYERED,100628.0,11,0.000281200,0.000281200,0.0000,1,0.008383
Instances/Instances 1/d2103_07.gt,2102,10000.0,86400.0,PTVRP_LAYERED,91251.0,6,0.000209300,0.000209300,0.0000,1,0.006281
Instances/Instances 1/d2103_08.gt,2102,20000.0,86400.0,PTVRP_LAYERED,86881.0,3,0.000157000,0.000157000,0.0000,1,0.006909
Instances/Instances 1/d2103_09.gt,2102,50000.0,86400.0,PTVRP_LAYERED,84458.0,2,0.000084100,0.000084100,0.0000,1,0.007083
Instances/Instances 1/d2103_10.gt,2102,100000.0,86400.0,PTVRP_LAYERED,84457.0,1,0.000080600,0.000080600,0.0000,1,0.008229
Instances/Instances 1/d493_01.gt,492,100.0,86400.0,PTVRP_LAYERED,218874.0,121,0.000337000,0.000337000,0.0000,1,0.005854
Instances/Instances 1/d493_02.gt,492,200.0,86400.0,PTVRP_LAYERED,117917.0,63,0.000245600,0.000245600,0.0000,1,0.006823
Instances/Instances 1/d493_03.gt,492,500.0,86400.0,PTVRP_LAYERED,66689.0,27,0.000152400,0.000152400,0.0000,1,0.005267
Instances/Instances 1/d493_04.gt,492,1000.0,86400.0,PTVRP_LAYERED,50395.0,14,0.000103200,0.000103200,0.0000,1,0.0062
Instances/Instances 1/d493_05.gt,492,2000.0,86400.0,PTVRP_LAYERED,42464.0,7,0.000067100,0.000067100,0.0000,1,0.005525
Instances/Instances 1/d493_06.gt,492,5000.0,86400.0,PTVRP_LAYERED,38646.0,4,0.000034800,0.000034800,0.0000,1,0.005395
Instances/Instances 1/d493_07.gt,492,10000.0,86400.0,PTVRP_LAYERED,37916.0,2,0.000022000,0.000022000,0.0000,1,0.00481
Instances/Instances 1/d493_08.gt,492,20000.0,86400.0,PTVRP_LAYERED,37734.0,1,0.000017000,0.000017000,0.0000,1,0.007073
Instances/Instances 1/d493_09.gt,492,50000.0,86400.0,PTVRP_LAYERED,37734.0,1,0.000017400,0.000017400,0.0000,1,0.007265
Instances/Instances 1/d493_10.gt,492,100000.0,86400.0,PTVRP_LAYERED,37734.0,1,0.000017400,0.000017400,0.0000,1,0.007964
Instances/Instances 1/d657_01.gt,656,100.0,86400.0,PTVRP_LAYERED,374201.0,152,0.000428100,0.000428100,0.0000,1,0.009167
Instances/Instances 1/d657_02.gt,656,200.0,86400.0,PTVRP_LAYERED,209715.0,90,0.000291600,0.000291600,0.0000,1,0.008045
Instances/Instances 1/d657_03.gt,656,500.0,86400.0,PTVRP_LAYERED,109006.0,36,0.000189100,0.000189100,0.0000,1,0.007123
Instances/Instances 1/d657_04.gt,656,1000.0,86400.0,PTVRP_LAYERED,78389.0,19,0.000135700,0.000135700,0.0000,1,0.007735
Instances/Instances 1/d657_05.gt,656,2000.0,86400.0,PTVRP_LAYERED,62326.0,10,0.000136000,0.000136000,0.0000,1,0.006796
Instances/Instances 1/d657_06.gt,656,5000.0,86400.0,PTVRP_LAYERED,53349.0,4,0.000048700,0.000048700,0.0000,1,0.005805
Instances/Instances 1/d657_07.gt,656,10000.0,86400.0,PTVRP_LAYERED,52507.0,2,0.000036300,0.000036300,0.0000,1,0.0051
Instances/Instances 1/d657_08.gt,656,20000.0,86400.0,PTVRP_LAYERED,52008.0,1,0.000022400,0.000022400,0.0000,1,0.005922
Instances/Instances 1/d657_09.gt,656,50000.0,86400.0,PTVRP_LAYERED,52008.0,1,0.000023200,0.000023200,0.0000,1,0.006038
Instances/Instances 1/d657_10.gt,656,100000.0,86400.0,PTVRP_LAYERED,52008.0,1,0.000022800,0.000022800,0.0000,1,0.00662
Instances/Instances 1/dj38_01.gt,37,100.0,86400.0,PTVRP_LAYERED,17501.0,12,0.000011900,0.000011900,0.0000,1,0.005594
Instances/Instances 1/dj38_02.gt,37,200.0,86400.0,PTVRP_LAYERED,11667.0,6,0.000007300,0.000007300,0.0000,1,0.005759
Instances/Instances 1/dj38_03.gt,37,500.0,86400.0,PTVRP_LAYERED,8402.0,3,0.000004100,0.000004100,0.0000,1,0.004926
Instances/Instances 1/dj38_04.gt,37,1000.0,86400.0,PTVRP_LAYERED,8048.0,1,0.000002400,0.000002400,0.0000,1,0.005216
Instances/Instances 1/dj38_05.gt,37,2000.0,86400.0,PTVRP_LAYERED,8048.0,1,0.000002500,0.000002500,0.0000,1,0.005768
Instances/Instances 1/dj38_06.gt,37,5000.0,86400.0,PTVRP_LAYERED,8048.0,1,0.000002600,0.000002600,0.0000,1,0.004773
Instances/Instances 1/dj38_07.gt,37,10000.0,86400.0,PTVRP_LAYERED,8048.0,1,0.000002700,0.000002700,0.0000,1,0.00542
Instances/Instances 1/dj38_08.gt,37,20000.0,86400.0,PTVRP_LAYERED,8048.0,1,0.000002500,0.000002500,0.0000,1,0.005023
Instances/Instances 1/dj38_09.gt,37,50000.0,86400.0,PTVRP_LAYERED,8048.0,1,0.000002400,0.000002400,0.0000,1,0.005197
Instances/Instances 1/dj38_10.gt,37,100000.0,86400.0,PTVRP_LAYERED,8048.0,1,0.000002500,0.000002500,0.0000,1,0.006552
Instances/Instances 1/eg7146_01.gt,7145,100.0,86400.0,PTVRP_LAYERED,5872828.0,1076,0.006348800,0.006348800,0.0000,1,0.016647
Instances/Instances 1/eg7146_02.gt,7145,200.0,86400.0,PTVRP_LAYERED,2972502.0,770,0.005367000,0.005367000,0.0000,1,0.017395
Instances/Instances 1/eg7146_03.gt,7145,500.0,86400.0,PTVRP_LAYERED,1281035.0,373,0.003962800,0.003962800,0.0000,1,0.018214
Instances/Instances 1/eg7146_04.gt,7145,1000.0,86400.0,PTVRP_LAYERED,708528.0,186,0.003014800,0.003014800,0.0000,1,0.015738
Instances/Instances 1/eg7146_05.gt,7145,2000.0,86400.0,PTVRP_LAYERED,437580.0,95,0.002282101,0.002282101,0.0000,1,0.01393
Instances/Instances 1/eg7146_06.gt,7145,5000.0,86400.0,PTVRP_LAYERED,273169.0,38,0.001591500,0.001591500,0.0000,1,0.013971
Instances/Instances 1/eg7146_07.gt,7145,10000.0,86400.0,PTVRP_LAYERED,222770.0,20,0.001211200,0.001211200,0.0000,1,0.01155
Instances/Instances 1/eg7146_08.gt,7145,20000.0,86400.0,PTVRP_LAYERED,200051.0,10,0.000956100,0.000956100,0.0000,1,0.014608
Instances/Instances 1/eg7146_09.gt,7145,50000.0,86400.0,PTVRP_LAYERED,186570.0,5,0.000568800,0.000568800,0.0000,1,0.012481
Instances/Instances 1/eg7146_10.gt,7145,100000.0,86400.0,PTVRP_LAYERED,184251.0,3,0.000417000,0.000417000,0.0000,1,0.013393
Instances/Instances 1/ei8246_01.gt,8245,100.0,86400.0,PTVRP_LAYERED,6036095.0,1381,0.006850500,0.006850500,0.0000,1,0.020261
Instances/Instances 1/ei8246_02.gt,8245,200.0,86400.0,PTVRP_LAYERED,3075949.0,917,0.005664300,0.005664300,0.0000,1,0.017967
Instances/Instances 1/ei8246_03.gt,8245,500.0,86400.0,PTVRP_LAYERED,1324735.0,436,0.004139300,0.004139300,0.0000,1,0.016146
Instances/Instances 1/ei8246_04.gt,8245,1000.0,86400.0,PTVRP_LAYERED,752179.0,218,0.003203900,0.003203900,0.0000,1,0.018645
Instances/Instances 1/ei8246_05.gt,8245,2000.0,86400.0,PTVRP_LAYERED,473280.0,110,0.002381101,0.002381101,0.0000,1,0.014894
Instances/Instances 1/ei8246_06.gt,8245,5000.0,86400.0,PTVRP_LAYERED,305629.0,45,0.001703200,0.001703200,0.0000,1,0.013171
Instances/Instances 1/ei8246_07.gt,8245,10000.0,86400.0,PTVRP_LAYERED,252631.0,24,0.001327600,0.001327600,0.0000,1,0.012981
Instances/Instances 1/ei8246_08.gt,8245,20000.0,86400.0,PTVRP_LAYERED,228782.0,13,0.000947500,0.000947500,0.0000,1,0.012873
Instances/Instances 1/ei8246_09.gt,8245,50000.0,86400.0,PTVRP_LAYERED,214769.0,6,0.000549000,0.000549000,0.0000,1,0.013465
Instances/Instances 1/ei8246_10.gt,8245,100000.0,86400.0,PTVRP_LAYERED,211535.0,4,0.000536100,0.000536100,0.0000,1,0.012545
Instances/Instances 1/eil101_01.gt,100,100.0,86400.0,PTVRP_LAYERED,1941.0,30,0.000049000,0.000049000,0.0000,1,0.00693
Instances/Instances 1/eil101_02.gt,100,200.0,86400.0,PTVRP_LAYERED,1166.0,16,0.000028700,0.000028700,0.0000,1,0.005189
Instances/Instances 1/eil101_03.gt,100,500.0,86400.0,PTVRP_LAYERED,827.0,7,0.000016000,0.000016000,0.0000,1,0.005377
Instances/Instances 1/eil101_04.gt,100,1000.0,86400.0,PTVRP_LAYERED,701.0,4,0.000008500,0.000008500,0.0000,1,0.00623
Instances/Instances 1/eil101_05.gt,100,2000.0,86400.0,PTVRP_LAYERED,664.0,3,0.000006600,0.000006600,0.0000,1,0.004771
Instances/Instances 1/eil101_06.gt,100,5000.0,86400.0,PTVRP_LAYERED,652.0,2,0.000004600,0.000004600,0.0000,1,0.005658
Instances/Instances 1/eil101_07.gt,100,10000.0,86400.0,PTVRP_LAYERED,652.0,2,0.000004400,0.000004400,0.0000,1,0.004719
Instances/Instances 1/eil101_08.gt,100,20000.0,86400.0,PTVRP_LAYERED,652.0,2,0.000004600,0.000004600,0.0000,1,0.005239
Instances/Instances 1/eil101_09.gt,100,50000.0,86400.0,PTVRP_LAYERED,652.0,2,0.000004400,0.000004400,0.0000,1,0.00607
Instances/Instances 1/eil101_10.gt,100,100000.0,86400.0,PTVRP_LAYERED,652.0,2,0.000004500,0.000004500,0.0000,1,0.00602
Instances/Instances 1/eil51_01.gt,50,100.0,86400.0,PTVRP_LAYERED,941.0,15,0.000016600,0.000016600,0.0000,1,0.006173
Instances/Instances 1/eil51_02.gt,50,200.0,86400.0,PTVRP_LAYERED,664.0,7,0.000010700,0.000010700,0.0000,1,0.006094
Instances/Instances 1/eil51_03.gt,50,500.0,86400.0,PTVRP_LAYERED,490.0,3,0.000005600,0.000005600,0.0000,1,0.00533
Instances/Instances 1/eil51_04.gt,50,1000.0,86400.0,PTVRP_LAYERED,474.0,2,0.000004300,0.000004300,0.0000,1,0.004685
Instances/Instances 1/eil51_05.gt,50,2000.0,86400.0,PTVRP_LAYERED,442.0,1,0.000003000,0.000003000,0.0000,1,0.005314
Instances/Instances 1/eil51_06.gt,50,5000.0,86400.0,PTVRP_LAYERED,442.0,1,0.000002800,0.000002800,0.0000,1,0.005095
Instances/Instances 1/eil51_07.gt,50,10000.0,86400.0,PTVRP_LAYERED,442.0,1,0.000003000,0.000003000,0.0000,1,0.005388
Instances/Instances 1/eil51_08.gt,50,20000.0,86400.0,PTVRP_LAYERED,442.0,1,0.000002800,0.000002800,0.0000,1,0.005494
Instances/Instances 1/eil51_09.gt,50,50000.0,86400.0,PTVRP_LAYERED,442.0,1,0.000002800,0.000002800,0.0000,1,0.004719
Instances/Instances 1/eil51_10.gt,50,100000.0,86400.0,PTVRP_LAYERED,442.0,1,0.000003000,0.000003000,0.0000,1,0.00552
Instances/Instances 1/eil76_01.gt,75,100.0,86400.0,PTVRP_LAYERED,1401.0,23,0.000030700,0.000030700,0.0000,1,0.005615
Instances/Instances 1/eil76_02.gt,75,200.0,86400.0,PTVRP_LAYERED,931.0,12,0.000019500,0.000019500,0.0000,1,0.004921
Instances/Instances 1/eil76_03.gt,75,500.0,86400.0,PTVRP_LAYERED,664.0,5,0.000009300,0.000009300,0.0000,1,0.004828
Instances/Instances 1/eil76_04.gt,75,1000.0,86400.0,PTVRP_LAYERED,600.0,3,0.000005800,0.000005800,0.0000,1,0.00475
Instances/Instances 1/eil76_05.gt,75,2000.0,86400.0,PTVRP_LAYERED,573.0,1,0.000003800,0.000003800,0.0000,1,0.005477
Instances/Instances 1/eil76_06.gt,75,5000.0,86400.0,PTVRP_LAYERED,573.0,1,0.000003600,0.000003600,0.0000,1,0.004771
Instances/Instances 1/eil76_07.gt,75,10000.0,86400.0,PTVRP_LAYERED,573.0,1,0.000003800,0.000003800,0.0000,1,0.00567
Instances/Instances 1/eil76_08.gt,75,20000.0,86400.0,PTVRP_LAYERED,573.0,1,0.000003800,0.000003800,0.0000,1,0.005242
Instances/Instances 1/eil76_09.gt,75,50000.0,86400.0,PTVRP_LAYERED,573.0,1,0.000003700,0.000003700,0.0000,1,0.005543
Instances/Instances 1/eil76_10.gt,75,100000.0,86400.0,PTVRP_LAYERED,573.0,1,0.000003700,0.000003700,0.0000,1,0.005458
Instances/Instances 1/fi10639_01.gt,10638,100.0,86400.0,PTVRP_LAYERED,17282915.0,1662,0.005270900,0.005270900,0.0000,1,0.019991
Instances/Instances 1/fi10639_02.gt,10638,200.0,86400.0,PTVRP_LAYERED,8893028.0,1158,0.004619501,0.004619501,0.0000,1,0.020499
Instances/Instances 1/fi10639_03.gt,10638,500.0,86400.0,PTVRP_LAYERED,3763490.0,557,0.003703400,0.003703400,0.0000,1,0.018332
Instances/Instances 1/fi10639_04.gt,10638,1000.0,86400.0,PTVRP_LAYERED,2108169.0,277,0.002963701,0.002963701,0.0000,1,0.017196
Instances/Instances 1/fi10639_05.gt,10638,2000.0,86400.0,PTVRP_LAYERED,1303908.0,140,0.002371300,0.002371300,0.0000,1,0.018209
Instances/Instances 1/fi10639_06.gt,10638,5000.0,86400.0,PTVRP_LAYERED,820119.0,58,0.001806900,0.001806900,0.0000,1,0.016754
Instances/Instances 1/fi10639_07.gt,10638,10000.0,86400.0,PTVRP_LAYERED,660140.0,30,0.001250800,0.001250800,0.0000,1,0.01662
Instances/Instances 1/fi10639_08.gt,10638,20000.0,86400.0,PTVRP_LAYERED,585300.0,14,0.001024100,0.001024100,0.0000,1,0.015515
Instances/Instances 1/fi10639_09.gt,10638,50000.0,86400.0,PTVRP_LAYERED,551822.0,8,0.000753800,0.000753800,0.0000,1,0.016997
Instances/Instances 1/fi10639_10.gt,10638,100000.0,86400.0,PTVRP_LAYERED,551822.0,8,0.000727000,0.000727000,0.0000,1,0.014131
Instances/Instances 1/fl1400_01.gt,1399,100.0,86400.0,PTVRP_LAYERED,727206.0,162,0.001290400,0.001290400,0.0000,1,0.007836
Instances/Instances 1/fl1400_02.gt,1399,200.0,86400.0,PTVRP_LAYERED,369796.0,132,0.001075601,0.001075601,0.0000,1,0.008813
Instances/Instances 1/fl1400_03.gt,1399,500.0,86400.0,PTVRP_LAYERED,163619.0,73,0.000746300,0.000746300,0.0000,1,0.007571
Instances/Instances 1/fl1400_04.gt,1399,1000.0,86400.0,PTVRP_LAYERED,90227.0,37,0.000507000,0.000507000,0.0000,1,0.006974
Instances/Instances 1/fl1400_05.gt,1399,2000.0,86400.0,PTVRP_LAYERED,53314.0,19,0.000340800,0.000340800,0.0000,1,0.006518
Instances/Instances 1/fl1400_06.gt,1399,5000.0,86400.0,PTVRP_LAYERED,32739.0,8,0.000198300,0.000198300,0.0000,1,0.006948
Instances/Instances 1/fl1400_07.gt,1399,10000.0,86400.0,PTVRP_LAYERED,25452.0,4,0.000114500,0.000114500,0.0000,1,0.007505
Instances/Instances 1/fl1400_08.gt,1399,20000.0,86400.0,PTVRP_LAYERED,22330.0,2,0.000069400,0.000069400,0.0000,1,0.005965
Instances/Instances 1/fl1400_09.gt,1399,50000.0,86400.0,PTVRP_LAYERED,22250.0,1,0.000046400,0.000046400,0.0000,1,0.006311
Instances/Instances 1/fl1400_10.gt,1399,100000.0,86400.0,PTVRP_LAYERED,22250.0,1,0.000045600,0.000045600,0.0000,1,0.007278
Instances/Instances 1/fl1577_01.gt,1576,100.0,86400.0,PTVRP_LAYERED,534844.0,263,0.001728300,0.001728300,0.0000,1,0.009459
Instances/Instances 1/fl1577_02.gt,1576,200.0,86400.0,PTVRP_LAYERED,278030.0,186,0.001362900,0.001362900,0.0000,1,0.008517
Instances/Instances 1/fl1577_03.gt,1576,500.0,86400.0,PTVRP_LAYERED,120347.0,86,0.000863800,0.000863800,0.0000,1,0.007787
Instances/Instances 1/fl1577_04.gt,1576,1000.0,86400.0,PTVRP_LAYERED,69180.0,43,0.000607100,0.000607100,0.0000,1,0.006929
Instances/Instances 1/fl1577_05.gt,1576,2000.0,86400.0,PTVRP_LAYERED,45021.0,23,0.000430100,0.000430100,0.0000,1,0.006993
Instances/Instances 1/fl1577_06.gt,1576,5000.0,86400.0,PTVRP_LAYERED,30431.0,10,0.000234000,0.000234000,0.0000,1,0.006189
Instances/Instances 1/fl1577_07.gt,1576,10000.0,86400.0,PTVRP_LAYERED,25235.0,5,0.000146600,0.000146600,0.0000,1,0.006239
Instances/Instances 1/fl1577_08.gt,1576,20000.0,86400.0,PTVRP_LAYERED,23781.0,3,0.000083400,0.000083400,0.0000,1,0.005821
Instances/Instances 1/fl1577_09.gt,1576,50000.0,86400.0,PTVRP_LAYERED,23697.0,2,0.000054000,0.000054000,0.0000,1,0.005743
Instances/Instances 1/fl1577_10.gt,1576,100000.0,86400.0,PTVRP_LAYERED,23697.0,2,0.000053800,0.000053800,0.0000,1,0.006802
Instances/Instances 1/fl3795_01.gt,3794,100.0,86400.0,PTVRP_LAYERED,1406061.0,540,0.005082500,0.005082500,0.0000,1,0.013525
Instances/Instances 1/fl3795_02.gt,3794,200.0,86400.0,PTVRP_LAYERED,714398.0,374,0.004012401,0.004012401,0.0000,1,0.014524
Instances/Instances 1/fl3795_03.gt,3794,500.0,86400.0,PTVRP_LAYERED,292849.0,193,0.002786700,0.002786700,0.0000,1,0.013525
Instances/Instances 1/fl3795_04.gt,3794,1000.0,86400.0,PTVRP_LAYERED,159179.0,100,0.002047600,0.002047600,0.0000,1,0.012779
Instances/Instances 1/fl3795_05.gt,3794,2000.0,86400.0,PTVRP_LAYERED,93815.0,51,0.001458301,0.001458301,0.0000,1,0.011385
Instances/Instances 1/fl3795_06.gt,3794,5000.0,86400.0,PTVRP_LAYERED,51747.0,21,0.000907700,0.000907700,0.0000,1,0.010109
Instances/Instances 1/fl3795_07.gt,3794,10000.0,86400.0,PTVRP_LAYERED,40046.0,11,0.000606900,0.000606900,0.0000,1,0.009456
Instances/Instances 1/fl3795_08.gt,3794,20000.0,86400.0,PTVRP_LAYERED,34168.0,6,0.000417100,0.000417100,0.0000,1,0.008805
Instances/Instances 1/fl3795_09.gt,3794,50000.0,86400.0,PTVRP_LAYERED,30739.0,3,0.000221400,0.000221400,0.0000,1,0.00913
Instances/Instances 1/fl3795_10.gt,3794,100000.0,86400.0,PTVRP_LAYERED,30708.0,2,0.000162000,0.000162000,0.0000,1,0.009634
Instances/Instances 1/fl417_01.gt,416,100.0,86400.0,PTVRP_LAYERED,228870.0,69,0.000282500,0.000282500,0.0000,1,0.007262
Instances/Instances 1/fl417_02.gt,416,200.0,86400.0,PTVRP_LAYERED,110050.0,48,0.000215700,0.000215700,0.0000,1,0.006406
Instances/Instances 1/fl417_03.gt,416,500.0,86400.0,PTVRP_LAYERED,52409.0,24,0.000137300,0.000137300,0.0000,1,0.006047
Instances/Instances 1/fl417_04.gt,416,1000.0,86400.0,PTVRP_LAYERED,30091.0,12,0.000084100,0.000084100,0.0000,1,0.00636
Instances/Instances 1/fl417_05.gt,416,2000.0,86400.0,PTVRP_LAYERED,22180.0,7,0.000055500,0.000055500,0.0000,1,0.005743
Instances/Instances 1/fl417_06.gt,416,5000.0,86400.0,PTVRP_LAYERED,14735.0,3,0.000025600,0.000025600,0.0000,1,0.005621
Instances/Instances 1/fl417_07.gt,416,10000.0,86400.0,PTVRP_LAYERED,13776.0,2,0.000017000,0.000017000,0.0000,1,0.004985
Instances/Instances 1/fl417_08.gt,416,20000.0,86400.0,PTVRP_LAYERED,13750.0,1,0.000014300,0.000014300,0.0000,1,0.004823
Instances/Instances 1/fl417_09.gt,416,50000.0,86400.0,PTVRP_LAYERED,13750.0,1,0.000014300,0.000014300,0.0000,1,0.007063
Instances/Instances 1/fl417_10.gt,416,100000.0,86400.0,PTVRP_LAYERED,13750.0,1,0.000014000,0.000014000,0.0000,1,0.006002
Instances/Instances 1/fnl4461_01.gt,4460,100.0,86400.0,PTVRP_LAYERED,3582667.0,834,0.003094500,0.003094500,0.0000,1,0.012383
Instances/Instances 1/fnl4461_02.gt,4460,200.0,86400.0,PTVRP_LAYERED,1837638.0,545,0.002535100,0.002535100,0.0000,1,0.012698
Instances/Instances 1/fnl4461_03.gt,4460,500.0,86400.0,PTVRP_LAYERED,823101.0,240,0.001852400,0.001852400,0.0000,1,0.012333
Instances/Instances 1/fnl4461_04.gt,4460,1000.0,86400.0,PTVRP_LAYERED,493280.0,121,0.001412300,0.001412300,0.0000,1,0.011939
Instances/Instances 1/fnl4461_05.gt,4460,2000.0,86400.0,PTVRP_LAYERED,328926.0,60,0.001090800,0.001090800,0.0000,1,0.009865
Instances/Instances 1/fnl4461_06.gt,4460,5000.0,86400.0,PTVRP_LAYERED,236264.0,26,0.000702000,0.000702000,0.0000,1,0.008787
Instances/Instances 1/fnl4461_07.gt,4460,10000.0,86400.0,PTVRP_LAYERED,205790.0,13,0.000493600,0.000493600,0.0000,1,0.007929
Instances/Instances 1/fnl4461_08.gt,4460,20000.0,86400.0,PTVRP_LAYERED,193945.0,8,0.000477700,0.000477700,0.0000,1,0.00866
Instances/Instances 1/fnl4461_09.gt,4460,50000.0,86400.0,PTVRP_LAYERED,187221.0,4,0.000285600,0.000285600,0.0000,1,0.009573
Instances/Instances 1/fnl4461_10.gt,4460,100000.0,86400.0,PTVRP_LAYERED,187145.0,3,0.000251200,0.000251200,0.0000,1,0.009907
Instances/Instances 1/gil262_01.gt,261,100.0,86400.0,PTVRP_LAYERED,13466.0,63,0.000292800,0.000292800,0.0000,1,0.006108
Instances/Instances 1/gil262_02.gt,261,200.0,86400.0,PTVRP_LAYERED,7175.0,35,0.000142500,0.000142500,0.0000,1,0.005894
Instances/Instances 1/gil262_03.gt,261,500.0,86400.0,PTVRP_LAYERED,4196.0,14,0.000070000,0.000070000,0.0000,1,0.006144
Instances/Instances 1/gil262_04.gt,261,1000.0,86400.0,PTVRP_LAYERED,3287.0,8,0.000041900,0.000041900,0.0000,1,0.005975
Instances/Instances 1/gil262_05.gt,261,2000.0,86400.0,PTVRP_LAYERED,2873.0,4,0.000025700,0.000025700,0.0000,1,0.006327
Instances/Instances 1/gil262_06.gt,261,5000.0,86400.0,PTVRP_LAYERED,2667.0,2,0.000014000,0.000014000,0.0000,1,0.007313
Instances/Instances 1/gil262_07.gt,261,10000.0,86400.0,PTVRP_LAYERED,2645.0,1,0.000011200,0.000011200,0.0000,1,0.006072
Instances/Instances 1/gil262_08.gt,261,20000.0,86400.0,PTVRP_LAYERED,2645.0,1,0.000010200,0.000010200,0.0000,1,0.007463
Instances/Instances 1/gil262_09.gt,261,50000.0,86400.0,PTVRP_LAYERED,2645.0,1,0.000010000,0.000010000,0.0000,1,0.006546
Instances/Instances 1/gil262_10.gt,261,100000.0,86400.0,PTVRP_LAYERED,2645.0,1,0.000010200,0.000010200,0.0000,1,0.006578
Instances/Instances 1/gr9882_01.gt,9881,100.0,86400.0,PTVRP_LAYERED,11487691.0,1457,0.006593900,0.006593900,0.0000,1,0.018093
Instances/Instances 1/gr9882_02.gt,9881,200.0,86400.0,PTVRP_LAYERED,5868339.0,1038,0.005524000,0.005524000,0.0000,1,0.018324
Instances/Instances 1/gr9882_03.gt,9881,500.0,86400.0,PTVRP_LAYERED,2464249.0,510,0.004236800,0.004236800,0.0000,1,0.017856
Instances/Instances 1/gr9882_04.gt,9881,1000.0,86400.0,PTVRP_LAYERED,1376698.0,260,0.003333300,0.003333300,0.0000,1,0.01642
Instances/Instances 1/gr9882_05.gt,9881,2000.0,86400.0,PTVRP_LAYERED,824838.0,130,0.002606800,0.002606800,0.0000,1,0.018103
Instances/Instances 1/gr9882_06.gt,9881,5000.0,86400.0,PTVRP_LAYERED,501483.0,52,0.001857501,0.001857501,0.0000,1,0.015974
Instances/Instances 1/gr9882_07.gt,9881,10000.0,86400.0,PTVRP_LAYERED,399596.0,27,0.001421900,0.001421900,0.0000,1,0.015315
Instances/Instances 1/gr9882_08.gt,9881,20000.0,86400.0,PTVRP_LAYERED,343807.0,14,0.001140300,0.001140300,0.0000,1,0.017486
Instances/Instances 1/gr9882_09.gt,9881,50000.0,86400.0,PTVRP_LAYERED,317771.0,6,0.000659300,0.000659300,0.0000,1,0.016297
Instances/Instances 1/gr9882_10.gt,9881,100000.0,86400.0,PTVRP_LAYERED,313501.0,5,0.000663200,0.000663200,0.0000,1,0.014441
Instances/Instances 1/ho14473_01.gt,14472,100.0,86400.0,PTVRP_LAYERED,8450979.0,2017,0.014790700,0.014790700,0.0000,1,0.030363
Instances/Instances 1/ho14473_02.gt,14472,200.0,86400.0,PTVRP_LAYERED,4354156.0,1460,0.012601401,0.012601401,0.0000,1,0.033025
Instances/Instances 1/ho14473_03.gt,14472,500.0,86400.0,PTVRP_LAYERED,1807631.0,749,0.009571500,0.009571500,0.0000,1,0.027464
Instances/Instances 1/ho14473_04.gt,14472,1000.0,86400.0,PTVRP_LAYERED,974659.0,377,0.007452100,0.007452100,0.0000,1,0.025666
Instances/Instances 1/ho14473_05.gt,14472,2000.0,86400.0,PTVRP_LAYERED,570975.0,189,0.005537500,0.005537500,0.0000,1,0.022342
Instances/Instances 1/ho14473_06.gt,14472,5000.0,86400.0,PTVRP_LAYERED,331612.0,78,0.003745500,0.003745500,0.0000,1,0.021868
Instances/Instances 1/ho14473_07.gt,14472,10000.0,86400.0,PTVRP_LAYERED,248892.0,40,0.002760400,0.002760400,0.0000,1,0.023533
Instances/Instances 1/ho14473_08.gt,14472,20000.0,86400.0,PTVRP_LAYERED,210554.0,21,0.002063400,0.002063400,0.0000,1,0.019141
Instances/Instances 1/ho14473_09.gt,14472,50000.0,86400.0,PTVRP_LAYERED,187851.0,9,0.001549700,0.001549700,0.0000,1,0.018514
Instances/Instances 1/ho14473_10.gt,14472,100000.0,86400.0,PTVRP_LAYERED,181545.0,4,0.001088400,0.001088400,0.0000,1,0.017385
Instances/Instances 1/it16862_01.gt,16861,100.0,86400.0,PTVRP_LAYERED,27987539.0,2424,0.009732800,0.009732800,0.0000,1,0.029235
Instances/Instances 1/it16862_02.gt,16861,200.0,86400.0,PTVRP_LAYERED,14072619.0,1701,0.008373900,0.008373900,0.0000,1,0.032692
Instances/Instances 1/it16862_03.gt,16861,500.0,86400.0,PTVRP_LAYERED,5921913.0,886,0.006721900,0.006721900,0.0000,1,0.025421
Instances/Instances 1/it16862_04.gt,16861,1000.0,86400.0,PTVRP_LAYERED,3150614.0,439,0.005460700,0.005460700,0.0000,1,0.026459
Instances/Instances 1/it16862_05.gt,16861,2000.0,86400.0,PTVRP_LAYERED,1841830.0,220,0.004337900,0.004337900,0.0000,1,0.023545
Instances/Instances 1/it16862_06.gt,16861,5000.0,86400.0,PTVRP_LAYERED,1060736.0,89,0.003275800,0.003275800,0.0000,1,0.022053
Instances/Instances 1/it16862_07.gt,16861,10000.0,86400.0,PTVRP_LAYERED,799388.0,46,0.002500900,0.002500900,0.0000,1,0.021265
Instances/Instances 1/it16862_08.gt,16861,20000.0,86400.0,PTVRP_LAYERED,675310.0,24,0.002001500,0.002001500,0.0000,1,0.022765
Instances/Instances 1/it16862_09.gt,16861,50000.0,86400.0,PTVRP_LAYERED,599939.0,10,0.001152400,0.001152400,0.0000,1,0.020402
Instances/Instances 1/it16862_10.gt,16861,100000.0,86400.0,PTVRP_LAYERED,592244.0,8,0.001222700,0.001222700,0.0000,1,0.022782
Instances/Instances 1/ja9847_01.gt,9846,100.0,86400.0,PTVRP_LAYERED,27648638.0,1468,0.004060500,0.004060500,0.0000,1,0.020525
Instances/Instances 1/ja9847_02.gt,9846,200.0,86400.0,PTVRP_LAYERED,13847756.0,969,0.003525600,0.003525600,0.0000,1,0.020704
Instances/Instances 1/ja9847_03.gt,9846,500.0,86400.0,PTVRP_LAYERED,5809604.0,493,0.002977200,0.002977200,0.0000,1,0.01808
Instances/Instances 1/ja9847_04.gt,9846,1000.0,86400.0,PTVRP_LAYERED,3142417.0,260,0.002453701,0.002453701,0.0000,1,0.018537
Instances/Instances 1/ja9847_05.gt,9846,2000.0,86400.0,PTVRP_LAYERED,1777436.0,127,0.001981600,0.001981600,0.0000,1,0.016373
Instances/Instances 1/ja9847_06.gt,9846,5000.0,86400.0,PTVRP_LAYERED,1002457.0,53,0.001471400,0.001471400,0.0000,1,0.017457
Instances/Instances 1/ja9847_07.gt,9846,10000.0,86400.0,PTVRP_LAYERED,755860.0,27,0.001145600,0.001145600,0.0000,1,0.014318
Instances/Instances 1/ja9847_08.gt,9846,20000.0,86400.0,PTVRP_LAYERED,619091.0,14,0.000898600,0.000898600,0.0000,1,0.014502
Instances/Instances 1/ja9847_09.gt,9846,50000.0,86400.0,PTVRP_LAYERED,573619.0,8,0.000730400,0.000730400,0.0000,1,0.015128
Instances/Instances 1/ja9847_10.gt,9846,100000.0,86400.0,PTVRP_LAYERED,573619.0,8,0.000685500,0.000685500,0.0000,1,0.015151
Instances/Instances 1/kroA100_01.gt,99,100.0,86400.0,PTVRP_LAYERED,86834.0,25,0.000044300,0.000044300,0.0000,1,0.007022
Instances/Instances 1/kroA100_02.gt,99,200.0,86400.0,PTVRP_LAYERED,50084.0,13,0.000025000,0.000025000,0.0000,1,0.007566
Instances/Instances 1/kroA100_03.gt,99,500.0,86400.0,PTVRP_LAYERED,32654.0,7,0.000015100,0.000015100,0.0000,1,0.006265
Instances/Instances 1/kroA100_04.gt,99,1000.0,86400.0,PTVRP_LAYERED,25740.0,4,0.000008300,0.000008300,0.0000,1,0.006275
Instances/Instances 1/kroA100_05.gt,99,2000.0,86400.0,PTVRP_LAYERED,23670.0,2,0.000006300,0.000006300,0.0000,1,0.007054
Instances/Instances 1/kroA100_06.gt,99,5000.0,86400.0,PTVRP_LAYERED,22624.0,1,0.000004600,0.000004600,0.0000,1,0.007351
Instances/Instances 1/kroA100_07.gt,99,10000.0,86400.0,PTVRP_LAYERED,22624.0,1,0.000004400,0.000004400,0.0000,1,0.006186
Instances/Instances 1/kroA100_08.gt,99,20000.0,86400.0,PTVRP_LAYERED,22624.0,1,0.000004400,0.000004400,0.0000,1,0.005872
Instances/Instances 1/kroA100_09.gt,99,50000.0,86400.0,PTVRP_LAYERED,22624.0,1,0.000004400,0.000004400,0.0000,1,0.006615
Instances/Instances 1/kroA100_10.gt,99,100000.0,86400.0,PTVRP_LAYERED,22624.0,1,0.000004500,0.000004500,0.0000,1,0.007163
Instances/Instances 1/kroA150_01.gt,149,100.0,86400.0,PTVRP_LAYERED,128307.0,39,0.000058300,0.000058300,0.0000,1,0.006411
Instances/Instances 1/kroA150_02.gt,149,200.0,86400.0,PTVRP_LAYERED,72363.0,21,0.000045200,0.000045200,0.0000,1,0.007216
Instances/Instances 1/kroA150_03.gt,149,500.0,86400.0,PTVRP_LAYERED,40115.0,8,0.000025600,0.000025600,0.0000,1,0.005991
Instances/Instances 1/kroA150_04.gt,149,1000.0,86400.0,PTVRP_LAYERED,33898.0,5,0.000015600,0.000015600,0.0000,1,0.005468
Instances/Instances 1/kroA150_05.gt,149,2000.0,86400.0,PTVRP_LAYERED,28781.0,2,0.000010900,0.000010900,0.0000,1,0.006555
Instances/Instances 1/kroA150_06.gt,149,5000.0,86400.0,PTVRP_LAYERED,27630.0,1,0.000006600,0.000006600,0.0000,1,0.005753
Instances/Instances 1/kroA150_07.gt,149,10000.0,86400.0,PTVRP_LAYERED,27630.0,1,0.000007200,0.000007200,0.0000,1,0.006413
Instances/Instances 1/kroA150_08.gt,149,20000.0,86400.0,PTVRP_LAYERED,27630.0,1,0.000006600,0.000006600,0.0000,1,0.006145
Instances/Instances 1/kroA150_09.gt,149,50000.0,86400.0,PTVRP_LAYERED,27630.0,1,0.000006500,0.000006500,0.0000,1,0.00676
Instances/Instances 1/kroA150_10.gt,149,100000.0,86400.0,PTVRP_LAYERED,27630.0,1,0.000006500,0.000006500,0.0000,1,0.00548
Instances/Instances 1/kroA200_01.gt,199,100.0,86400.0,PTVRP_LAYERED,168343.0,50,0.000083300,0.000083300,0.0000,1,0.005922
Instances/Instances 1/kroA200_02.gt,199,200.0,86400.0,PTVRP_LAYERED,88322.0,27,0.000062700,0.000062700,0.0000,1,0.004916
Instances/Instances 1/kroA200_03.gt,199,500.0,86400.0,PTVRP_LAYERED,53593.0,12,0.000037700,0.000037700,0.0000,1,0.00619
Instances/Instances 1/kroA200_04.gt,199,1000.0,86400.0,PTVRP_LAYERED,40258.0,8,0.000034900,0.000034900,0.0000,1,0.006496
Instances/Instances 1/kroA200_05.gt,199,2000.0,86400.0,PTVRP_LAYERED,33244.0,3,0.000015600,0.000015600,0.0000,1,0.007107
Instances/Instances 1/kroA200_06.gt,199,5000.0,86400.0,PTVRP_LAYERED,30958.0,2,0.000009000,0.000009000,0.0000,1,0.006315
Instances/Instances 1/kroA200_07.gt,199,10000.0,86400.0,PTVRP_LAYERED,30902.0,1,0.000008500,0.000008500,0.0000,1,0.006223
Instances/Instances 1/kroA200_08.gt,199,20000.0,86400.0,PTVRP_LAYERED,30902.0,1,0.000008100,0.000008100,0.0000,1,0.0056
Instances/Instances 1/kroA200_09.gt,199,50000.0,86400.0,PTVRP_LAYERED,30902.0,1,0.000008200,0.000008200,0.0000,1,0.005336
Instances/Instances 1/kroA200_10.gt,199,100000.0,86400.0,PTVRP_LAYERED,30902.0,1,0.000008000,0.000008000,0.0000,1,0.005438
Instances/Instances 1/kroB100_01.gt,99,100.0,86400.0,PTVRP_LAYERED,86708.0,28,0.000036000,0.000036000,0.0000,1,0.005487
Instances/Instances 1/kroB100_02.gt,99,200.0,86400.0,PTVRP_LAYERED,51033.0,15,0.000025700,0.000025700,0.0000,1,0.005539
Instances/Instances 1/kroB100_03.gt,99,500.0,86400.0,PTVRP_LAYERED,31663.0,6,0.000014000,0.000014000,0.0000,1,0.006828
Instances/Instances 1/kroB100_04.gt,99,1000.0,86400.0,PTVRP_LAYERED,26294.0,4,0.000008700,0.000008700,0.0000,1,0.005266
Instances/Instances 1/kroB100_05.gt,99,2000.0,86400.0,PTVRP_LAYERED,24490.0,2,0.000006400,0.000006400,0.0000,1,0.005537
Instances/Instances 1/kroB100_06.gt,99,5000.0,86400.0,PTVRP_LAYERED,24472.0,1,0.000004400,0.000004400,0.0000,1,0.005131
Instances/Instances 1/kroB100_07.gt,99,10000.0,86400.0,PTVRP_LAYERED,24472.0,1,0.000004300,0.000004300,0.0000,1,0.005981
Instances/Instances 1/kroB100_08.gt,99,20000.0,86400.0,PTVRP_LAYERED,24472.0,1,0.000004300,0.000004300,0.0000,1,0.005168
Instances/Instances 1/kroB100_09.gt,99,50000.0,86400.0,PTVRP_LAYERED,24472.0,1,0.000004500,0.000004500,0.0000,1,0.005169
Instances/Instances 1/kroB100_10.gt,99,100000.0,86400.0,PTVRP_LAYERED,24472.0,1,0.000004800,0.000004800,0.0000,1,0.005561
Instances/Instances 1/kroB150_01.gt,149,100.0,86400.0,PTVRP_LAYERED,133262.0,42,0.000059100,0.000059100,0.0000,1,0.006437
Instances/Instances 1/kroB150_02.gt,149,200.0,86400.0,PTVRP_LAYERED,72209.0,19,0.000043000,0.000043000,0.0000,1,0.005914
Instances/Instances 1/kroB150_03.gt,149,500.0,86400.0,PTVRP_LAYERED,43866.0,9,0.000027500,0.000027500,0.0000,1,0.005877
Instances/Instances 1/kroB150_04.gt,149,1000.0,86400.0,PTVRP_LAYERED,33533.0,5,0.000017200,0.000017200,0.0000,1,0.005509
Instances/Instances 1/kroB150_05.gt,149,2000.0,86400.0,PTVRP_LAYERED,28883.0,3,0.000011000,0.000011000,0.0000,1,0.005464
Instances/Instances 1/kroB150_06.gt,149,5000.0,86400.0,PTVRP_LAYERED,27979.0,1,0.000006900,0.000006900,0.0000,1,0.005941
Instances/Instances 1/kroB150_07.gt,149,10000.0,86400.0,PTVRP_LAYERED,27979.0,1,0.000006600,0.000006600,0.0000,1,0.006964
Instances/Instances 1/kroB150_08.gt,149,20000.0,86400.0,PTVRP_LAYERED,27979.0,1,0.000006700,0.000006700,0.0000,1,0.006469
Instances/Instances 1/kroB150_09.gt,149,50000.0,86400.0,PTVRP_LAYERED,27979.0,1,0.000007100,0.000007100,0.0000,1,0.008311
Instances/Instances 1/kroB150_10.gt,149,100000.0,86400.0,PTVRP_LAYERED,27979.0,1,0.000007300,0.000007300,0.0000,1,0.006792
Instances/Instances 1/kroB200_01.gt,199,100.0,86400.0,PTVRP_LAYERED,163688.0,56,0.000086300,0.000086300,0.0000,1,0.006789
Instances/Instances 1/kroB200_02.gt,199,200.0,86400.0,PTVRP_LAYERED,85498.0,27,0.000062200,0.000062200,0.0000,1,0.007341
Instances/Instances 1/kroB200_03.gt,199,500.0,86400.0,PTVRP_LAYERED,55153.0,13,0.000039500,0.000039500,0.0000,1,0.008743
Instances/Instances 1/kroB200_04.gt,199,1000.0,86400.0,PTVRP_LAYERED,40240.0,6,0.000027500,0.000027500,0.0000,1,0.006754
Instances/Instances 1/kroB200_05.gt,199,2000.0,86400.0,PTVRP_LAYERED,33729.0,3,0.000017700,0.000017700,0.0000,1,0.006616
Instances/Instances 1/kroB200_06.gt,199,5000.0,86400.0,PTVRP_LAYERED,31786.0,2,0.000009600,0.000009600,0.0000,1,0.005972
Instances/Instances 1/kroB200_07.gt,199,10000.0,86400.0,PTVRP_LAYERED,31768.0,1,0.000008200,0.000008200,0.0000,1,0.005347
Instances/Instances 1/kroB200_08.gt,199,20000.0,86400.0,PTVRP_LAYERED,31768.0,1,0.000008200,0.000008200,0.0000,1,0.005796
Instances/Instances 1/kroB200_09.gt,199,50000.0,86400.0,PTVRP_LAYERED,31768.0,1,0.000008100,0.000008100,0.0000,1,0.005638
Instances/Instances 1/kroB200_10.gt,199,100000.0,86400.0,PTVRP_LAYERED,31768.0,1,0.000008400,0.000008400,0.0000,1,0.005566
Instances/Instances 1/kroC100_01.gt,99,100.0,86400.0,PTVRP_LAYERED,90576.0,28,0.000036400,0.000036400,0.0000,1,0.00534
Instances/Instances 1/kroC100_02.gt,99,200.0,86400.0,PTVRP_LAYERED,51395.0,14,0.000025900,0.000025900,0.0000,1,0.006022
Instances/Instances 1/kroC100_03.gt,99,500.0,86400.0,PTVRP_LAYERED,31936.0,6,0.000014200,0.000014200,0.0000,1,0.006316
Instances/Instances 1/kroC100_04.gt,99,1000.0,86400.0,PTVRP_LAYERED,25737.0,4,0.000009000,0.000009000,0.0000,1,0.005719
Instances/Instances 1/kroC100_05.gt,99,2000.0,86400.0,PTVRP_LAYERED,23764.0,2,0.000008100,0.000008100,0.0000,1,0.005911
Instances/Instances 1/kroC100_06.gt,99,5000.0,86400.0,PTVRP_LAYERED,22713.0,1,0.000004400,0.000004400,0.0000,1,0.004926
Instances/Instances 1/kroC100_07.gt,99,10000.0,86400.0,PTVRP_LAYERED,22713.0,1,0.000004400,0.000004400,0.0000,1,0.005258
Instances/Instances 1/kroC100_08.gt,99,20000.0,86400.0,PTVRP_LAYERED,22713.0,1,0.000004600,0.000004600,0.0000,1,0.004859
Instances/Instances 1/kroC100_09.gt,99,50000.0,86400.0,PTVRP_LAYERED,22713.0,1,0.000004400,0.000004400,0.0000,1,0.008676
Instances/Instances 1/kroC100_10.gt,99,100000.0,86400.0,PTVRP_LAYERED,22713.0,1,0.000004500,0.000004500,0.0000,1,0.006447
Instances/Instances 1/kroD100_01.gt,99,100.0,86400.0,PTVRP_LAYERED,82273.0,28,0.000036500,0.000036500,0.0000,1,0.006379
Instances/Instances 1/kroD100_02.gt,99,200.0,86400.0,PTVRP_LAYERED,49618.0,15,0.000025300,0.000025300,0.0000,1,0.007662
Instances/Instances 1/kroD100_03.gt,99,500.0,86400.0,PTVRP_LAYERED,31926.0,6,0.000014200,0.000014200,0.0000,1,0.006809
Instances/Instances 1/kroD100_04.gt,99,1000.0,86400.0,PTVRP_LAYERED,24890.0,4,0.000008700,0.000008700,0.0000,1,0.006012
Instances/Instances 1/kroD100_05.gt,99,2000.0,86400.0,PTVRP_LAYERED,23833.0,2,0.000006600,0.000006600,0.0000,1,0.005256
Instances/Instances 1/kroD100_06.gt,99,5000.0,86400.0,PTVRP_LAYERED,23792.0,1,0.000004600,0.000004600,0.0000,1,0.004726
Instances/Instances 1/kroD100_07.gt,99,10000.0,86400.0,PTVRP_LAYERED,23792.0,1,0.000004500,0.000004500,0.0000,1,0.005156
Instances/Instances 1/kroD100_08.gt,99,20000.0,86400.0,PTVRP_LAYERED,23792.0,1,0.000004300,0.000004300,0.0000,1,0.005672
Instances/Instances 1/kroD100_09.gt,99,50000.0,86400.0,PTVRP_LAYERED,23792.0,1,0.000004600,0.000004600,0.0000,1,0.005296
Instances/Instances 1/kroD100_10.gt,99,100000.0,86400.0,PTVRP_LAYERED,23792.0,1,0.000004400,0.000004400,0.0000,1,0.004686
Instances/Instances 1/kroE100_01.gt,99,100.0,86400.0,PTVRP_LAYERED,86110.0,27,0.000034900,0.000034900,0.0000,1,0.004966
Instances/Instances 1/kroE100_02.gt,99,200.0,86400.0,PTVRP_LAYERED,53184.0,14,0.000024800,0.000024800,0.0000,1,0.005229
Instances/Instances 1/kroE100_03.gt,99,500.0,86400.0,PTVRP_LAYERED,33160.0,6,0.000013800,0.000013800,0.0000,1,0.005474
Instances/Instances 1/kroE100_04.gt,99,1000.0,86400.0,PTVRP_LAYERED,26063.0,3,0.000008800,0.000008800,0.0000,1,0.004868
Instances/Instances 1/kroE100_05.gt,99,2000.0,86400.0,PTVRP_LAYERED,25287.0,2,0.000006300,0.000006300,0.0000,1,0.005003
Instances/Instances 1/kroE100_06.gt,99,5000.0,86400.0,PTVRP_LAYERED,24552.0,1,0.000004300,0.000004300,0.0000,1,0.005091
Instances/Instances 1/kroE100_07.gt,99,10000.0,86400.0,PTVRP_LAYERED,24552.0,1,0.000004500,0.000004500,0.0000,1,0.004658
Instances/Instances 1/kroE100_08.gt,99,20000.0,86400.0,PTVRP_LAYERED,24552.0,1,0.000004500,0.000004500,0.0000,1,0.004711
Instances/Instances 1/kroE100_09.gt,99,50000.0,86400.0,PTVRP_LAYERED,24552.0,1,0.000004400,0.000004400,0.0000,1,0.006056
Instances/Instances 1/kroE100_10.gt,99,100000.0,86400.0,PTVRP_LAYERED,24552.0,1,0.000004300,0.000004300,0.0000,1,0.004954
Instances/Instances 1/kz9976_01.gt,9975,100.0,86400.0,PTVRP_LAYERED,53922029.0,1712,0.002323100,0.002323100,0.0000,1,0.013147
Instances/Instances 1/kz9976_02.gt,9975,200.0,86400.0,PTVRP_LAYERED,26996117.0,1048,0.002420400,0.002420400,0.0000,1,0.018831
Instances/Instances 1/kz9976_03.gt,9975,500.0,86400.0,PTVRP_LAYERED,11392172.0,517,0.001867800,0.001867800,0.0000,1,0.018477
Instances/Instances 1/kz9976_04.gt,9975,1000.0,86400.0,PTVRP_LAYERED,6041162.0,260,0.001654400,0.001654400,0.0000,1,0.015475
Instances/Instances 1/kz9976_05.gt,9975,2000.0,86400.0,PTVRP_LAYERED,3572025.0,133,0.001413400,0.001413400,0.0000,1,0.0135
Instances/Instances 1/kz9976_06.gt,9975,5000.0,86400.0,PTVRP_LAYERED,2020775.0,52,0.001036300,0.001036300,0.0000,1,0.011914
Instances/Instances 1/kz9976_07.gt,9975,10000.0,86400.0,PTVRP_LAYERED,1523406.0,27,0.000749500,0.000749500,0.0000,1,0.012651
Instances/Instances 1/kz9976_08.gt,9975,20000.0,86400.0,PTVRP_LAYERED,1339347.0,18,0.000744500,0.000744500,0.0000,1,0.013807
Instances/Instances 1/kz9976_09.gt,9975,50000.0,86400.0,PTVRP_LAYERED,1338578.0,18,0.000727500,0.000727500,0.0000,1,0.01382
Instances/Instances 1/kz9976_10.gt,9975,100000.0,86400.0,PTVRP_LAYERED,1338578.0,18,0.000729000,0.000729000,0.0000,1,0.013734
Instances/Instances 1/lin105_01.gt,104,100.0,86400.0,PTVRP_LAYERED,60512.0,31,0.000043500,0.000043500,0.0000,1,0.006833
Instances/Instances 1/lin105_02.gt,104,200.0,86400.0,PTVRP_LAYERED,38095.0,15,0.000031200,0.000031200,0.0000,1,0.007452
Instances/Instances 1/lin105_03.gt,104,500.0,86400.0,PTVRP_LAYERED,21949.0,6,0.000015100,0.000015100,0.0000,1,0.005479
Instances/Instances 1/lin105_04.gt,104,1000.0,86400.0,PTVRP_LAYERED,18166.0,4,0.000019100,0.000019100,0.0000,1,0.005819
Instances/Instances 1/lin105_05.gt,104,2000.0,86400.0,PTVRP_LAYERED,17033.0,2,0.000006200,0.000006200,0.0000,1,0.005258
Instances/Instances 1/lin105_06.gt,104,5000.0,86400.0,PTVRP_LAYERED,17033.0,2,0.000004500,0.000004500,0.0000,1,0.004625
Instances/Instances 1/lin105_07.gt,104,10000.0,86400.0,PTVRP_LAYERED,17033.0,2,0.000004300,0.000004300,0.0000,1,0.005276
Instances/Instances 1/lin105_08.gt,104,20000.0,86400.0,PTVRP_LAYERED,17033.0,2,0.000004500,0.000004500,0.0000,1,0.006409
Instances/Instances 1/lin105_09.gt,104,50000.0,86400.0,PTVRP_LAYERED,17033.0,2,0.000004600,0.000004600,0.0000,1,0.004717
Instances/Instances 1/lin105_10.gt,104,100000.0,86400.0,PTVRP_LAYERED,17033.0,2,0.000004800,0.000004800,0.0000,1,0.005558
Instances/Instances 1/lin318_01.gt,317,100.0,86400.0,PTVRP_LAYERED,270492.0,77,0.000144000,0.000144000,0.0000,1,0.006791
Instances/Instances 1/lin318_02.gt,317,200.0,86400.0,PTVRP_LAYERED,144461.0,42,0.000105500,0.000105500,0.0000,1,0.006166
Instances/Instances 1/lin318_03.gt,317,500.0,86400.0,PTVRP_LAYERED,82401.0,19,0.000072700,0.000072700,0.0000,1,0.007956
Instances/Instances 1/lin318_04.gt,317,1000.0,86400.0,PTVRP_LAYERED,60046.0,10,0.000050600,0.000050600,0.0000,1,0.007393
Instances/Instances 1/lin318_05.gt,317,2000.0,86400.0,PTVRP_LAYERED,51204.0,5,0.000035100,0.000035100,0.0000,1,0.008126
Instances/Instances 1/lin318_06.gt,317,5000.0,86400.0,PTVRP_LAYERED,46049.0,2,0.000017700,0.000017700,0.0000,1,0.006359
Instances/Instances 1/lin318_07.gt,317,10000.0,86400.0,PTVRP_LAYERED,46049.0,2,0.000012500,0.000012500,0.0000,1,0.007297
Instances/Instances 1/lin318_08.gt,317,20000.0,86400.0,PTVRP_LAYERED,46049.0,2,0.000012000,0.000012000,0.0000,1,0.005772
Instances/Instances 1/lin318_09.gt,317,50000.0,86400.0,PTVRP_LAYERED,46049.0,2,0.000011900,0.000011900,0.0000,1,0.00484
Instances/Instances 1/lin318_10.gt,317,100000.0,86400.0,PTVRP_LAYERED,46049.0,2,0.000012600,0.000012600,0.0000,1,0.007125
Instances/Instances 1/linhp318_01.gt,317,100.0,86400.0,PTVRP_LAYERED,281713.0,86,0.000144900,0.000144900,0.0000,1,0.006912
Instances/Instances 1/linhp318_02.gt,317,200.0,86400.0,PTVRP_LAYERED,153902.0,46,0.000109600,0.000109600,0.0000,1,0.007259
Instances/Instances 1/linhp318_03.gt,317,500.0,86400.0,PTVRP_LAYERED,84379.0,21,0.000072400,0.000072400,0.0000,1,0.006416
Instances/Instances 1/linhp318_04.gt,317,1000.0,86400.0,PTVRP_LAYERED,60788.0,11,0.000051300,0.000051300,0.0000,1,0.005463
Instances/Instances 1/linhp318_05.gt,317,2000.0,86400.0,PTVRP_LAYERED,49996.0,5,0.000034700,0.000034700,0.0000,1,0.006056
Instances/Instances 1/linhp318_06.gt,317,5000.0,86400.0,PTVRP_LAYERED,46168.0,2,0.000018000,0.000018000,0.0000,1,0.005564
Instances/Instances 1/linhp318_07.gt,317,10000.0,86400.0,PTVRP_LAYERED,46168.0,2,0.000012500,0.000012500,0.0000,1,0.004744
Instances/Instances 1/linhp318_08.gt,317,20000.0,86400.0,PTVRP_LAYERED,46168.0,2,0.000011800,0.000011800,0.0000,1,0.005368
Instances/Instances 1/linhp318_09.gt,317,50000.0,86400.0,PTVRP_LAYERED,46168.0,2,0.000012100,0.000012100,0.0000,1,0.004601
Instances/Instances 1/linhp318_10.gt,317,100000.0,86400.0,PTVRP_LAYERED,46168.0,2,0.000012100,0.000012100,0.0000,1,0.005214
Instances/Instances 1/lu980_01.gt,979,100.0,86400.0,PTVRP_LAYERED,136841.0,205,0.001314900,0.001314900,0.0000,1,0.007107
Instances/Instances 1/lu980_02.gt,979,200.0,86400.0,PTVRP_LAYERED,68580.0,127,0.000910800,0.000910800,0.0000,1,0.006463
Instances/Instances 1/lu980_03.gt,979,500.0,86400.0,PTVRP_LAYERED,34251.0,54,0.000544800,0.000544800,0.0000,1,0.006209
Instances/Instances 1/lu980_04.gt,979,1000.0,86400.0,PTVRP_LAYERED,22180.0,27,0.000380800,0.000380800,0.0000,1,0.006167
Instances/Instances 1/lu980_05.gt,979,2000.0,86400.0,PTVRP_LAYERED,16388.0,15,0.000233100,0.000233100,0.0000,1,0.006851
Instances/Instances 1/lu980_06.gt,979,5000.0,86400.0,PTVRP_LAYERED,13150.0,6,0.000111100,0.000111100,0.0000,1,0.006574
Instances/Instances 1/lu980_07.gt,979,10000.0,86400.0,PTVRP_LAYERED,12225.0,3,0.000064700,0.000064700,0.0000,1,0.005509
Instances/Instances 1/lu980_08.gt,979,20000.0,86400.0,PTVRP_LAYERED,11920.0,2,0.000041600,0.000041600,0.0000,1,0.005056
Instances/Instances 1/lu980_09.gt,979,50000.0,86400.0,PTVRP_LAYERED,11919.0,1,0.000034100,0.000034100,0.0000,1,0.006087
Instances/Instances 1/lu980_10.gt,979,100000.0,86400.0,PTVRP_LAYERED,11919.0,1,0.000034400,0.000034400,0.0000,1,0.006144
Instances/Instances 1/mo14185_01.gt,14184,100.0,86400.0,PTVRP_LAYERED,19646765.0,1993,0.008219500,0.008219500,0.0000,1,0.023823
Instances/Instances 1/mo14185_02.gt,14184,200.0,86400.0,PTVRP_LAYERED,9961714.0,1434,0.007258900,0.007258900,0.0000,1,0.025963
Instances/Instances 1/mo14185_03.gt,14184,500.0,86400.0,PTVRP_LAYERED,4148566.0,723,0.005872701,0.005872701,0.0000,1,0.021576
Instances/Instances 1/mo14185_04.gt,14184,1000.0,86400.0,PTVRP_LAYERED,2271048.0,372,0.004756900,0.004756900,0.0000,1,0.022012
Instances/Instances 1/mo14185_05.gt,14184,2000.0,86400.0,PTVRP_LAYERED,1342638.0,189,0.003772700,0.003772700,0.0000,1,0.022047
Instances/Instances 1/mo14185_06.gt,14184,5000.0,86400.0,PTVRP_LAYERED,784414.0,75,0.002790600,0.002790600,0.0000,1,0.01946
Instances/Instances 1/mo14185_07.gt,14184,10000.0,86400.0,PTVRP_LAYERED,603241.0,40,0.002163700,0.002163700,0.0000,1,0.019275
Instances/Instances 1/mo14185_08.gt,14184,20000.0,86400.0,PTVRP_LAYERED,514688.0,20,0.001649600,0.001649600,0.0000,1,0.017032
Instances/Instances 1/mo14185_09.gt,14184,50000.0,86400.0,PTVRP_LAYERED,463398.0,9,0.000938300,0.000938300,0.0000,1,0.017059
Instances/Instances 1/mo14185_10.gt,14184,100000.0,86400.0,PTVRP_LAYERED,455029.0,7,0.000990600,0.000990600,0.0000,1,0.014277
Instances/Instances 1/mu1979_01.gt,1978,100.0,86400.0,PTVRP_LAYERED,2177670.0,311,0.001410400,0.001410400,0.0000,1,0.008486
Instances/Instances 1/mu1979_02.gt,1978,200.0,86400.0,PTVRP_LAYERED,1127695.0,231,0.001131500,0.001131500,0.0000,1,0.008279
Instances/Instances 1/mu1979_03.gt,1978,500.0,86400.0,PTVRP_LAYERED,503808.0,107,0.000788800,0.000788800,0.0000,1,0.008282
Instances/Instances 1/mu1979_04.gt,1978,1000.0,86400.0,PTVRP_LAYERED,281013.0,52,0.000590400,0.000590400,0.0000,1,0.007601
Instances/Instances 1/mu1979_05.gt,1978,2000.0,86400.0,PTVRP_LAYERED,185137.0,27,0.000451900,0.000451900,0.0000,1,0.008175
Instances/Instances 1/mu1979_06.gt,1978,5000.0,86400.0,PTVRP_LAYERED,125279.0,12,0.000307900,0.000307900,0.0000,1,0.006823
Instances/Instances 1/mu1979_07.gt,1978,10000.0,86400.0,PTVRP_LAYERED,109386.0,6,0.000234900,0.000234900,0.0000,1,0.006147
Instances/Instances 1/mu1979_08.gt,1978,20000.0,86400.0,PTVRP_LAYERED,101983.0,4,0.000153800,0.000153800,0.0000,1,0.008121
Instances/Instances 1/mu1979_09.gt,1978,50000.0,86400.0,PTVRP_LAYERED,101151.0,2,0.000084900,0.000084900,0.0000,1,0.006887
Instances/Instances 1/mu1979_10.gt,1978,100000.0,86400.0,PTVRP_LAYERED,101151.0,2,0.000083200,0.000083200,0.0000,1,0.006445
Instances/Instances 1/nrw1379_01.gt,1378,100.0,86400.0,PTVRP_LAYERED,626327.0,300,0.001092000,0.001092000,0.0000,1,0.007454
Instances/Instances 1/nrw1379_02.gt,1378,200.0,86400.0,PTVRP_LAYERED,331275.0,184,0.000805800,0.000805800,0.0000,1,0.007074
Instances/Instances 1/nrw1379_03.gt,1378,500.0,86400.0,PTVRP_LAYERED,165379.0,75,0.000533200,0.000533200,0.0000,1,0.007843
Instances/Instances 1/nrw1379_04.gt,1378,1000.0,86400.0,PTVRP_LAYERED,108128.0,39,0.000382200,0.000382200,0.0000,1,0.008055
Instances/Instances 1/nrw1379_05.gt,1378,2000.0,86400.0,PTVRP_LAYERED,80183.0,20,0.000272800,0.000272800,0.0000,1,0.007612
Instances/Instances 1/nrw1379_06.gt,1378,5000.0,86400.0,PTVRP_LAYERED,64536.0,10,0.000157400,0.000157400,0.0000,1,0.007491
Instances/Instances 1/nrw1379_07.gt,1378,10000.0,86400.0,PTVRP_LAYERED,60155.0,5,0.000101100,0.000101100,0.0000,1,0.006357
Instances/Instances 1/nrw1379_08.gt,1378,20000.0,86400.0,PTVRP_LAYERED,59232.0,3,0.000077700,0.000077700,0.0000,1,0.005922
Instances/Instances 1/nrw1379_09.gt,1378,50000.0,86400.0,PTVRP_LAYERED,58840.0,2,0.000045500,0.000045500,0.0000,1,0.005729
Instances/Instances 1/nrw1379_10.gt,1378,100000.0,86400.0,PTVRP_LAYERED,58840.0,2,0.000044600,0.000044600,0.0000,1,0.006689
Instances/Instances 1/nu3496_01.gt,3495,100.0,86400.0,PTVRP_LAYERED,2096506.0,618,0.003014700,0.003014700,0.0000,1,0.011691
Instances/Instances 1/nu3496_02.gt,3495,200.0,86400.0,PTVRP_LAYERED,1083302.0,412,0.002372400,0.002372400,0.0000,1,0.013167
Instances/Instances 1/nu3496_03.gt,3495,500.0,86400.0,PTVRP_LAYERED,477097.0,185,0.001680500,0.001680500,0.0000,1,0.011761
Instances/Instances 1/nu3496_04.gt,3495,1000.0,86400.0,PTVRP_LAYERED,283052.0,94,0.001254800,0.001254800,0.0000,1,0.011682
Instances/Instances 1/nu3496_05.gt,3495,2000.0,86400.0,PTVRP_LAYERED,187401.0,48,0.000920300,0.000920300,0.0000,1,0.010215
Instances/Instances 1/nu3496_06.gt,3495,5000.0,86400.0,PTVRP_LAYERED,127127.0,20,0.000608300,0.000608300,0.0000,1,0.00806
Instances/Instances 1/nu3496_07.gt,3495,10000.0,86400.0,PTVRP_LAYERED,110055.0,11,0.000450000,0.000450000,0.0000,1,0.008552
Instances/Instances 1/nu3496_08.gt,3495,20000.0,86400.0,PTVRP_LAYERED,100794.0,6,0.000326800,0.000326800,0.0000,1,0.009856
Instances/Instances 1/nu3496_09.gt,3495,50000.0,86400.0,PTVRP_LAYERED,97414.0,2,0.000192300,0.000192300,0.0000,1,0.009404
Instances/Instances 1/nu3496_10.gt,3495,100000.0,86400.0,PTVRP_LAYERED,97408.0,2,0.000170800,0.000170800,0.0000,1,0.0086
Instances/Instances 1/p654_01.gt,653,100.0,86400.0,PTVRP_LAYERED,894357.0,92,0.000288500,0.000288500,0.0000,1,0.007758
Instances/Instances 1/p654_02.gt,653,200.0,86400.0,PTVRP_LAYERED,444127.0,71,0.000254100,0.000254100,0.0000,1,0.008397
Instances/Instances 1/p654_03.gt,653,500.0,86400.0,PTVRP_LAYERED,207237.0,33,0.000224500,0.000224500,0.0000,1,0.007941
Instances/Instances 1/p654_04.gt,653,1000.0,86400.0,PTVRP_LAYERED,116082.0,18,0.000135400,0.000135400,0.0000,1,0.007123
Instances/Instances 1/p654_05.gt,653,2000.0,86400.0,PTVRP_LAYERED,74787.0,9,0.000094600,0.000094600,0.0000,1,0.006273
Instances/Instances 1/p654_06.gt,653,5000.0,86400.0,PTVRP_LAYERED,47469.0,4,0.000057600,0.000057600,0.0000,1,0.006432
Instances/Instances 1/p654_07.gt,653,10000.0,86400.0,PTVRP_LAYERED,40143.0,2,0.000032700,0.000032700,0.0000,1,0.005459
Instances/Instances 1/p654_08.gt,653,20000.0,86400.0,PTVRP_LAYERED,39899.0,1,0.000022300,0.000022300,0.0000,1,0.006986
Instances/Instances 1/p654_09.gt,653,50000.0,86400.0,PTVRP_LAYERED,39899.0,1,0.000021900,0.000021900,0.0000,1,0.005532
Instances/Instances 1/p654_10.gt,653,100000.0,86400.0,PTVRP_LAYERED,39899.0,1,0.000022300,0.000022300,0.0000,1,0.005641
Instances/Instances 1/pcb1173_01.gt,1172,100.0,86400.0,PTVRP_LAYERED,614012.0,264,0.000824101,0.000824101,0.0000,1,0.00815
Instances/Instances 1/pcb1173_02.gt,1172,200.0,86400.0,PTVRP_LAYERED,329516.0,155,0.000630000,0.000630000,0.0000,1,0.008052
Instances/Instances 1/pcb1173_03.gt,1172,500.0,86400.0,PTVRP_LAYERED,160266.0,64,0.000410100,0.000410100,0.0000,1,0.007341
Instances/Instances 1/pcb1173_04.gt,1172,1000.0,86400.0,PTVRP_LAYERED,104941.0,32,0.000296200,0.000296200,0.0000,1,0.006443
Instances/Instances 1/pcb1173_05.gt,1172,2000.0,86400.0,PTVRP_LAYERED,78742.0,18,0.000211800,0.000211800,0.0000,1,0.006393
Instances/Instances 1/pcb1173_06.gt,1172,5000.0,86400.0,PTVRP_LAYERED,64331.0,7,0.000132100,0.000132100,0.0000,1,0.005433
Instances/Instances 1/pcb1173_07.gt,1172,10000.0,86400.0,PTVRP_LAYERED,61295.0,4,0.000080800,0.000080800,0.0000,1,0.006213
Instances/Instances 1/pcb1173_08.gt,1172,20000.0,86400.0,PTVRP_LAYERED,59749.0,2,0.000061600,0.000061600,0.0000,1,0.005897
Instances/Instances 1/pcb1173_09.gt,1172,50000.0,86400.0,PTVRP_LAYERED,59707.0,1,0.000040000,0.000040000,0.0000,1,0.006896
Instances/Instances 1/pcb1173_10.gt,1172,100000.0,86400.0,PTVRP_LAYERED,59707.0,1,0.000038200,0.000038200,0.0000,1,0.007754
Instances/Instances 1/pcb3038_01.gt,3037,100.0,86400.0,PTVRP_LAYERED,2291713.0,574,0.002033400,0.002033400,0.0000,1,0.010602
Instances/Instances 1/pcb3038_02.gt,3037,200.0,86400.0,PTVRP_LAYERED,1201573.0,382,0.001702400,0.001702400,0.0000,1,0.010541
Instances/Instances 1/pcb3038_03.gt,3037,500.0,86400.0,PTVRP_LAYERED,544419.0,162,0.001241100,0.001241100,0.0000,1,0.010981
Instances/Instances 1/pcb3038_04.gt,3037,1000.0,86400.0,PTVRP_LAYERED,333787.0,82,0.000890900,0.000890900,0.0000,1,0.00961
Instances/Instances 1/pcb3038_05.gt,3037,2000.0,86400.0,PTVRP_LAYERED,230461.0,42,0.000692900,0.000692900,0.0000,1,0.010083
Instances/Instances 1/pcb3038_06.gt,3037,5000.0,86400.0,PTVRP_LAYERED,171682.0,18,0.000468500,0.000468500,0.0000,1,0.010405
Instances/Instances 1/pcb3038_07.gt,3037,10000.0,86400.0,PTVRP_LAYERED,152925.0,10,0.000311800,0.000311800,0.0000,1,0.009118
Instances/Instances 1/pcb3038_08.gt,3037,20000.0,86400.0,PTVRP_LAYERED,144169.0,5,0.000298100,0.000298100,0.0000,1,0.008766
Instances/Instances 1/pcb3038_09.gt,3037,50000.0,86400.0,PTVRP_LAYERED,142509.0,3,0.000169000,0.000169000,0.0000,1,0.007391
Instances/Instances 1/pcb3038_10.gt,3037,100000.0,86400.0,PTVRP_LAYERED,142509.0,3,0.000153200,0.000153200,0.0000,1,0.008036
Instances/Instances 1/pcb442_01.gt,441,100.0,86400.0,PTVRP_LAYERED,343207.0,112,0.000208000,0.000208000,0.0000,1,0.006523
Instances/Instances 1/pcb442_02.gt,441,200.0,86400.0,PTVRP_LAYERED,195366.0,59,0.000158100,0.000158100,0.0000,1,0.007255
Instances/Instances 1/pcb442_03.gt,441,500.0,86400.0,PTVRP_LAYERED,103872.0,25,0.000104500,0.000104500,0.0000,1,0.005732
Instances/Instances 1/pcb442_04.gt,441,1000.0,86400.0,PTVRP_LAYERED,76065.0,12,0.000092200,0.000092200,0.0000,1,0.006698
Instances/Instances 1/pcb442_05.gt,441,2000.0,86400.0,PTVRP_LAYERED,62444.0,7,0.000051200,0.000051200,0.0000,1,0.006025
Instances/Instances 1/pcb442_06.gt,441,5000.0,86400.0,PTVRP_LAYERED,56982.0,3,0.000028100,0.000028100,0.0000,1,0.007013
Instances/Instances 1/pcb442_07.gt,441,10000.0,86400.0,PTVRP_LAYERED,55551.0,2,0.000017000,0.000017000,0.0000,1,0.007715
Instances/Instances 1/pcb442_08.gt,441,20000.0,86400.0,PTVRP_LAYERED,55035.0,1,0.000015500,0.000015500,0.0000,1,0.007672
Instances/Instances 1/pcb442_09.gt,441,50000.0,86400.0,PTVRP_LAYERED,55035.0,1,0.000015200,0.000015200,0.0000,1,0.006149
Instances/Instances 1/pcb442_10.gt,441,100000.0,86400.0,PTVRP_LAYERED,55035.0,1,0.000015300,0.000015300,0.0000,1,0.006359
Instances/Instances 1/pm8079_01.gt,8078,100.0,86400.0,PTVRP_LAYERED,4492596.0,1214,0.008741700,0.008741700,0.0000,1,0.018761
Instances/Instances 1/pm8079_02.gt,8078,200.0,86400.0,PTVRP_LAYERED,2293687.0,830,0.007118900,0.007118900,0.0000,1,0.019633
Instances/Instances 1/pm8079_03.gt,8078,500.0,86400.0,PTVRP_LAYERED,959042.0,417,0.005134300,0.005134300,0.0000,1,0.018839
Instances/Instances 1/pm8079_04.gt,8078,1000.0,86400.0,PTVRP_LAYERED,531809.0,212,0.003882000,0.003882000,0.0000,1,0.017404
Instances/Instances 1/pm8079_05.gt,8078,2000.0,86400.0,PTVRP_LAYERED,318227.0,107,0.002884400,0.002884400,0.0000,1,0.015717
Instances/Instances 1/pm8079_06.gt,8078,5000.0,86400.0,PTVRP_LAYERED,192355.0,45,0.001965200,0.001965200,0.0000,1,0.016544
Instances/Instances 1/pm8079_07.gt,8078,10000.0,86400.0,PTVRP_LAYERED,151902.0,22,0.001405601,0.001405601,0.0000,1,0.013931
Instances/Instances 1/pm8079_08.gt,8078,20000.0,86400.0,PTVRP_LAYERED,132448.0,12,0.001066700,0.001066700,0.0000,1,0.013043
Instances/Instances 1/pm8079_09.gt,8078,50000.0,86400.0,PTVRP_LAYERED,119944.0,5,0.000741600,0.000741600,0.0000,1,0.011791
Instances/Instances 1/pm8079_10.gt,8078,100000.0,86400.0,PTVRP_LAYERED,116736.0,3,0.000456100,0.000456100,0.0000,1,0.012262
Instances/Instances 1/pr1002_01.gt,1001,100.0,86400.0,PTVRP_LAYERED,2942522.0,220,0.000281600,0.000281600,0.0000,1,0.007699
Instances/Instances 1/pr1002_02.gt,1001,200.0,86400.0,PTVRP_LAYERED,1484090.0,130,0.000238100,0.000238100,0.0000,1,0.007677
Instances/Instances 1/pr1002_03.gt,1001,500.0,86400.0,PTVRP_LAYERED,747933.0,57,0.000178800,0.000178800,0.0000,1,0.006932
Instances/Instances 1/pr1002_04.gt,1001,1000.0,86400.0,PTVRP_LAYERED,482853.0,28,0.000142700,0.000142700,0.0000,1,0.006429
Instances/Instances 1/pr1002_05.gt,1001,2000.0,86400.0,PTVRP_LAYERED,364862.0,14,0.000116300,0.000116300,0.0000,1,0.005908
Instances/Instances 1/pr1002_06.gt,1001,5000.0,86400.0,PTVRP_LAYERED,296228.0,6,0.000055400,0.000055400,0.0000,1,0.00633
Instances/Instances 1/pr1002_07.gt,1001,10000.0,86400.0,PTVRP_LAYERED,283439.0,4,0.000057600,0.000057600,0.0000,1,0.006831
Instances/Instances 1/pr1002_08.gt,1001,20000.0,86400.0,PTVRP_LAYERED,283439.0,4,0.000052000,0.000052000,0.0000,1,0.006452
Instances/Instances 1/pr1002_09.gt,1001,50000.0,86400.0,PTVRP_LAYERED,283439.0,4,0.000047900,0.000047900,0.0000,1,0.00674
Instances/Instances 1/pr1002_10.gt,1001,100000.0,86400.0,PTVRP_LAYERED,283439.0,4,0.000048100,0.000048100,0.0000,1,0.006455
Instances/Instances 1/pr107_01.gt,106,100.0,86400.0,PTVRP_LAYERED,315817.0,29,0.000028800,0.000028800,0.0000,1,0.006855
Instances/Instances 1/pr107_02.gt,106,200.0,86400.0,PTVRP_LAYERED,176802.0,17,0.000021400,0.000021400,0.0000,1,0.005991
Instances/Instances 1/pr107_03.gt,106,500.0,86400.0,PTVRP_LAYERED,88082.0,7,0.000015100,0.000015100,0.0000,1,0.006289
Instances/Instances 1/pr107_04.gt,106,1000.0,86400.0,PTVRP_LAYERED,64305.0,3,0.000009300,0.000009300,0.0000,1,0.005465
Instances/Instances 1/pr107_05.gt,106,2000.0,86400.0,PTVRP_LAYERED,52505.0,3,0.000007100,0.000007100,0.0000,1,0.005589
Instances/Instances 1/pr107_06.gt,106,5000.0,86400.0,PTVRP_LAYERED,50502.0,2,0.000004900,0.000004900,0.0000,1,0.005942
Instances/Instances 1/pr107_07.gt,106,10000.0,86400.0,PTVRP_LAYERED,50502.0,2,0.000004500,0.000004500,0.0000,1,0.004946
Instances/Instances 1/pr107_08.gt,106,20000.0,86400.0,PTVRP_LAYERED,50502.0,2,0.000004700,0.000004700,0.0000,1,0.005303
Instances/Instances 1/pr107_09.gt,106,50000.0,86400.0,PTVRP_LAYERED,50502.0,2,0.000004700,0.000004700,0.0000,1,0.006
Instances/Instances 1/pr107_10.gt,106,100000.0,86400.0,PTVRP_LAYERED,50502.0,2,0.000004400,0.000004400,0.0000,1,0.005789
Instances/Instances 1/pr124_01.gt,123,100.0,86400.0,PTVRP_LAYERED,323864.0,30,0.000029900,0.000029900,0.0000,1,0.005844
Instances/Instances 1/pr124_02.gt,123,200.0,86400.0,PTVRP_LAYERED,194567.0,17,0.000024700,0.000024700,0.0000,1,0.005833
Instances/Instances 1/pr124_03.gt,123,500.0,86400.0,PTVRP_LAYERED,98181.0,7,0.000015800,0.000015800,0.0000,1,0.005818
Instances/Instances 1/pr124_04.gt,123,1000.0,86400.0,PTVRP_LAYERED,83325.0,4,0.000013400,0.000013400,0.0000,1,0.006697
Instances/Instances 1/pr124_05.gt,123,2000.0,86400.0,PTVRP_LAYERED,71966.0,2,0.000007600,0.000007600,0.0000,1,0.006948
Instances/Instances 1/pr124_06.gt,123,5000.0,86400.0,PTVRP_LAYERED,66676.0,1,0.000005100,0.000005100,0.0000,1,0.007588
Instances/Instances 1/pr124_07.gt,123,10000.0,86400.0,PTVRP_LAYERED,66676.0,1,0.000005200,0.000005200,0.0000,1,0.006253
Instances/Instances 1/pr124_08.gt,123,20000.0,86400.0,PTVRP_LAYERED,66676.0,1,0.000005200,0.000005200,0.0000,1,0.005532
Instances/Instances 1/pr124_09.gt,123,50000.0,86400.0,PTVRP_LAYERED,66676.0,1,0.000005300,0.000005300,0.0000,1,0.004749
Instances/Instances 1/pr124_10.gt,123,100000.0,86400.0,PTVRP_LAYERED,66676.0,1,0.000005400,0.000005400,0.0000,1,0.00548
Instances/Instances 1/pr136_01.gt,135,100.0,86400.0,PTVRP_LAYERED,432084.0,38,0.000030600,0.000030600,0.0000,1,0.004713
Instances/Instances 1/pr136_02.gt,135,200.0,86400.0,PTVRP_LAYERED,248708.0,18,0.000024700,0.000024700,0.0000,1,0.005463
Instances/Instances 1/pr136_03.gt,135,500.0,86400.0,PTVRP_LAYERED,146072.0,8,0.000015700,0.000015700,0.0000,1,0.005727
Instances/Instances 1/pr136_04.gt,135,1000.0,86400.0,PTVRP_LAYERED,121273.0,4,0.000015100,0.000015100,0.0000,1,0.004718
Instances/Instances 1/pr136_05.gt,135,2000.0,86400.0,PTVRP_LAYERED,113148.0,2,0.000008000,0.000008000,0.0000,1,0.005347
Instances/Instances 1/pr136_06.gt,135,5000.0,86400.0,PTVRP_LAYERED,107219.0,2,0.000007100,0.000007100,0.0000,1,0.005393
Instances/Instances 1/pr136_07.gt,135,10000.0,86400.0,PTVRP_LAYERED,107219.0,2,0.000006600,0.000006600,0.0000,1,0.005617
Instances/Instances 1/pr136_08.gt,135,20000.0,86400.0,PTVRP_LAYERED,107219.0,2,0.000006800,0.000006800,0.0000,1,0.005187
Instances/Instances 1/pr136_09.gt,135,50000.0,86400.0,PTVRP_LAYERED,107219.0,2,0.000006900,0.000006900,0.0000,1,0.005413
Instances/Instances 1/pr136_10.gt,135,100000.0,86400.0,PTVRP_LAYERED,107219.0,2,0.000006700,0.000006700,0.0000,1,0.005193
Instances/Instances 1/pr144_01.gt,143,100.0,86400.0,PTVRP_LAYERED,373881.0,34,0.000035700,0.000035700,0.0000,1,0.005473
Instances/Instances 1/pr144_02.gt,143,200.0,86400.0,PTVRP_LAYERED,206883.0,20,0.000029700,0.000029700,0.0000,1,0.005905
Instances/Instances 1/pr144_03.gt,143,500.0,86400.0,PTVRP_LAYERED,115732.0,9,0.000020400,0.000020400,0.0000,1,0.005289
Instances/Instances 1/pr144_04.gt,143,1000.0,86400.0,PTVRP_LAYERED,82943.0,5,0.000015100,0.000015100,0.0000,1,0.00504
Instances/Instances 1/pr144_05.gt,143,2000.0,86400.0,PTVRP_LAYERED,71677.0,3,0.000010200,0.000010200,0.0000,1,0.005028
Instances/Instances 1/pr144_06.gt,143,5000.0,86400.0,PTVRP_LAYERED,68780.0,1,0.000006200,0.000006200,0.0000,1,0.00601
Instances/Instances 1/pr144_07.gt,143,10000.0,86400.0,PTVRP_LAYERED,68780.0,1,0.000006000,0.000006000,0.0000,1,0.004975
Instances/Instances 1/pr144_08.gt,143,20000.0,86400.0,PTVRP_LAYERED,68780.0,1,0.000006100,0.000006100,0.0000,1,0.005484
Instances/Instances 1/pr144_09.gt,143,50000.0,86400.0,PTVRP_LAYERED,68780.0,1,0.000006300,0.000006300,0.0000,1,0.004884
Instances/Instances 1/pr144_10.gt,143,100000.0,86400.0,PTVRP_LAYERED,68780.0,1,0.000006100,0.000006100,0.0000,1,0.005739
Instances/Instances 1/pr152_01.gt,151,100.0,86400.0,PTVRP_LAYERED,455588.0,35,0.000038500,0.000038500,0.0000,1,0.005174
Instances/Instances 1/pr152_02.gt,151,200.0,86400.0,PTVRP_LAYERED,250170.0,21,0.000029400,0.000029400,0.0000,1,0.005386
Instances/Instances 1/pr152_03.gt,151,500.0,86400.0,PTVRP_LAYERED,144000.0,9,0.000022500,0.000022500,0.0000,1,0.005621
Instances/Instances 1/pr152_04.gt,151,1000.0,86400.0,PTVRP_LAYERED,103893.0,5,0.000015400,0.000015400,0.0000,1,0.00544
Instances/Instances 1/pr152_05.gt,151,2000.0,86400.0,PTVRP_LAYERED,89575.0,2,0.000009600,0.000009600,0.0000,1,0.005889
Instances/Instances 1/pr152_06.gt,151,5000.0,86400.0,PTVRP_LAYERED,89575.0,2,0.000006600,0.000006600,0.0000,1,0.006117
Instances/Instances 1/pr152_07.gt,151,10000.0,86400.0,PTVRP_LAYERED,89575.0,2,0.000006500,0.000006500,0.0000,1,0.004677
Instances/Instances 1/pr152_08.gt,151,20000.0,86400.0,PTVRP_LAYERED,89575.0,2,0.000006600,0.000006600,0.0000,1,0.005483
Instances/Instances 1/pr152_09.gt,151,50000.0,86400.0,PTVRP_LAYERED,89575.0,2,0.000006800,0.000006800,0.0000,1,0.004885
Instances/Instances 1/pr152_10.gt,151,100000.0,86400.0,PTVRP_LAYERED,89575.0,2,0.000006500,0.000006500,0.0000,1,0.006503
Instances/Instances 1/pr226_01.gt,225,100.0,86400.0,PTVRP_LAYERED,769822.0,44,0.000054000,0.000054000,0.0000,1,0.005938
Instances/Instances 1/pr226_02.gt,225,200.0,86400.0,PTVRP_LAYERED,407301.0,27,0.000047600,0.000047600,0.0000,1,0.0063
Instances/Instances 1/pr226_03.gt,225,500.0,86400.0,PTVRP_LAYERED,192335.0,12,0.000030300,0.000030300,0.0000,1,0.00548
Instances/Instances 1/pr226_04.gt,225,1000.0,86400.0,PTVRP_LAYERED,139942.0,6,0.000025400,0.000025400,0.0000,1,0.006632
Instances/Instances 1/pr226_05.gt,225,2000.0,86400.0,PTVRP_LAYERED,112647.0,4,0.000017300,0.000017300,0.0000,1,0.006346
Instances/Instances 1/pr226_06.gt,225,5000.0,86400.0,PTVRP_LAYERED,97856.0,2,0.000009300,0.000009300,0.0000,1,0.006873
Instances/Instances 1/pr226_07.gt,225,10000.0,86400.0,PTVRP_LAYERED,97856.0,2,0.000008800,0.000008800,0.0000,1,0.007104
Instances/Instances 1/pr226_08.gt,225,20000.0,86400.0,PTVRP_LAYERED,97856.0,2,0.000008800,0.000008800,0.0000,1,0.006765
Instances/Instances 1/pr226_09.gt,225,50000.0,86400.0,PTVRP_LAYERED,97856.0,2,0.000008900,0.000008900,0.0000,1,0.006516
Instances/Instances 1/pr226_10.gt,225,100000.0,86400.0,PTVRP_LAYERED,97856.0,2,0.000008800,0.000008800,0.0000,1,0.0057
Instances/Instances 1/pr2392_01.gt,2391,100.0,86400.0,PTVRP_LAYERED,6271806.0,450,0.000755800,0.000755800,0.0000,1,0.007398
Instances/Instances 1/pr2392_02.gt,2391,200.0,86400.0,PTVRP_LAYERED,3378291.0,305,0.000706200,0.000706200,0.0000,1,0.007676
Instances/Instances 1/pr2392_03.gt,2391,500.0,86400.0,PTVRP_LAYERED,1530907.0,127,0.000531000,0.000531000,0.0000,1,0.009166
Instances/Instances 1/pr2392_04.gt,2391,1000.0,86400.0,PTVRP_LAYERED,936165.0,65,0.000445300,0.000445300,0.0000,1,0.009204
Instances/Instances 1/pr2392_05.gt,2391,2000.0,86400.0,PTVRP_LAYERED,642735.0,33,0.000294300,0.000294300,0.0000,1,0.010181
Instances/Instances 1/pr2392_06.gt,2391,5000.0,86400.0,PTVRP_LAYERED,475497.0,15,0.000277900,0.000277900,0.0000,1,0.009592
Instances/Instances 1/pr2392_07.gt,2391,10000.0,86400.0,PTVRP_LAYERED,422099.0,8,0.000153800,0.000153800,0.0000,1,0.007999
Instances/Instances 1/pr2392_08.gt,2391,20000.0,86400.0,PTVRP_LAYERED,410093.0,6,0.000159000,0.000159000,0.0000,1,0.007877
Instances/Instances 1/pr2392_09.gt,2391,50000.0,86400.0,PTVRP_LAYERED,410093.0,6,0.000142700,0.000142700,0.0000,1,0.006664
Instances/Instances 1/pr2392_10.gt,2391,100000.0,86400.0,PTVRP_LAYERED,410093.0,6,0.000135400,0.000135400,0.0000,1,0.00757
Instances/Instances 1/pr264_01.gt,263,100.0,86400.0,PTVRP_LAYERED,532550.0,48,0.000080400,0.000080400,0.0000,1,0.00661
Instances/Instances 1/pr264_02.gt,263,200.0,86400.0,PTVRP_LAYERED,309817.0,33,0.000065100,0.000065100,0.0000,1,0.005302
Instances/Instances 1/pr264_03.gt,263,500.0,86400.0,PTVRP_LAYERED,145078.0,15,0.000047500,0.000047500,0.0000,1,0.00618
Instances/Instances 1/pr264_04.gt,263,1000.0,86400.0,PTVRP_LAYERED,93307.0,8,0.000034400,0.000034400,0.0000,1,0.006567
Instances/Instances 1/pr264_05.gt,263,2000.0,86400.0,PTVRP_LAYERED,66092.0,4,0.000022800,0.000022800,0.0000,1,0.007404
Instances/Instances 1/pr264_06.gt,263,5000.0,86400.0,PTVRP_LAYERED,53706.0,2,0.000014000,0.000014000,0.0000,1,0.00606
Instances/Instances 1/pr264_07.gt,263,10000.0,86400.0,PTVRP_LAYERED,50874.0,1,0.000009400,0.000009400,0.0000,1,0.004695
Instances/Instances 1/pr264_08.gt,263,20000.0,86400.0,PTVRP_LAYERED,50874.0,1,0.000009700,0.000009700,0.0000,1,0.00555
Instances/Instances 1/pr264_09.gt,263,50000.0,86400.0,PTVRP_LAYERED,50874.0,1,0.000009500,0.000009500,0.0000,1,0.006072
Instances/Instances 1/pr264_10.gt,263,100000.0,86400.0,PTVRP_LAYERED,50874.0,1,0.000009400,0.000009400,0.0000,1,0.007234
Instances/Instances 1/pr299_01.gt,298,100.0,86400.0,PTVRP_LAYERED,340299.0,61,0.000119400,0.000119400,0.0000,1,0.007885
Instances/Instances 1/pr299_02.gt,298,200.0,86400.0,PTVRP_LAYERED,203569.0,42,0.000115100,0.000115100,0.0000,1,0.006801
Instances/Instances 1/pr299_03.gt,298,500.0,86400.0,PTVRP_LAYERED,106423.0,17,0.000063300,0.000063300,0.0000,1,0.006144
Instances/Instances 1/pr299_04.gt,298,1000.0,86400.0,PTVRP_LAYERED,73519.0,8,0.000042100,0.000042100,0.0000,1,0.005542
Instances/Instances 1/pr299_05.gt,298,2000.0,86400.0,PTVRP_LAYERED,60992.0,5,0.000028100,0.000028100,0.0000,1,0.005271
Instances/Instances 1/pr299_06.gt,298,5000.0,86400.0,PTVRP_LAYERED,54833.0,2,0.000017200,0.000017200,0.0000,1,0.005283
Instances/Instances 1/pr299_07.gt,298,10000.0,86400.0,PTVRP_LAYERED,54703.0,1,0.000010900,0.000010900,0.0000,1,0.005732
Instances/Instances 1/pr299_08.gt,298,20000.0,86400.0,PTVRP_LAYERED,54703.0,1,0.000010500,0.000010500,0.0000,1,0.005485
Instances/Instances 1/pr299_09.gt,298,50000.0,86400.0,PTVRP_LAYERED,54703.0,1,0.000010700,0.000010700,0.0000,1,0.005281
Instances/Instances 1/pr299_10.gt,298,100000.0,86400.0,PTVRP_LAYERED,54703.0,1,0.000011600,0.000011600,0.0000,1,0.005561
Instances/Instances 1/pr439_01.gt,438,100.0,86400.0,PTVRP_LAYERED,840706.0,98,0.000147100,0.000147100,0.0000,1,0.006555
Instances/Instances 1/pr439_02.gt,438,200.0,86400.0,PTVRP_LAYERED,491435.0,61,0.000117900,0.000117900,0.0000,1,0.00494
Instances/Instances 1/pr439_03.gt,438,500.0,86400.0,PTVRP_LAYERED,245398.0,24,0.000084800,0.000084800,0.0000,1,0.005624
Instances/Instances 1/pr439_04.gt,438,1000.0,86400.0,PTVRP_LAYERED,168640.0,12,0.000094100,0.000094100,0.0000,1,0.006077
Instances/Instances 1/pr439_05.gt,438,2000.0,86400.0,PTVRP_LAYERED,138124.0,7,0.000046000,0.000046000,0.0000,1,0.005145
Instances/Instances 1/pr439_06.gt,438,5000.0,86400.0,PTVRP_LAYERED,119090.0,3,0.000025600,0.000025600,0.0000,1,0.00528
Instances/Instances 1/pr439_07.gt,438,10000.0,86400.0,PTVRP_LAYERED,117489.0,2,0.000018500,0.000018500,0.0000,1,0.005351
Instances/Instances 1/pr439_08.gt,438,20000.0,86400.0,PTVRP_LAYERED,117489.0,2,0.000017200,0.000017200,0.0000,1,0.005196
Instances/Instances 1/pr439_09.gt,438,50000.0,86400.0,PTVRP_LAYERED,117489.0,2,0.000017600,0.000017600,0.0000,1,0.005596
Instances/Instances 1/pr439_10.gt,438,100000.0,86400.0,PTVRP_LAYERED,117489.0,2,0.000017600,0.000017600,0.0000,1,0.006092
Instances/Instances 1/pr76_01.gt,75,100.0,86400.0,PTVRP_LAYERED,327253.0,22,0.000016600,0.000016600,0.0000,1,0.006555
Instances/Instances 1/pr76_02.gt,75,200.0,86400.0,PTVRP_LAYERED,200553.0,12,0.000011900,0.000011900,0.0000,1,0.005076
Instances/Instances 1/pr76_03.gt,75,500.0,86400.0,PTVRP_LAYERED,149322.0,5,0.000009900,0.000009900,0.0000,1,0.005751
Instances/Instances 1/pr76_04.gt,75,1000.0,86400.0,PTVRP_LAYERED,124689.0,2,0.000005800,0.000005800,0.0000,1,0.005678
Instances/Instances 1/pr76_05.gt,75,2000.0,86400.0,PTVRP_LAYERED,124689.0,2,0.000004900,0.000004900,0.0000,1,0.006891
Instances/Instances 1/pr76_06.gt,75,5000.0,86400.0,PTVRP_LAYERED,124689.0,2,0.000004700,0.000004700,0.0000,1,0.007163
Instances/Instances 1/pr76_07.gt,75,10000.0,86400.0,PTVRP_LAYERED,124689.0,2,0.000004200,0.000004200,0.0000,1,0.007042
Instances/Instances 1/pr76_08.gt,75,20000.0,86400.0,PTVRP_LAYERED,124689.0,2,0.000004300,0.000004300,0.0000,1,0.005972
Instances/Instances 1/pr76_09.gt,75,50000.0,86400.0,PTVRP_LAYERED,124689.0,2,0.000004200,0.000004200,0.0000,1,0.005108
Instances/Instances 1/pr76_10.gt,75,100000.0,86400.0,PTVRP_LAYERED,124689.0,2,0.000004300,0.000004300,0.0000,1,0.004938
Instances/Instances 1/qa194_01.gt,193,100.0,86400.0,PTVRP_LAYERED,48026.0,52,0.000139200,0.000139200,0.0000,1,0.006249
Instances/Instances 1/qa194_02.gt,193,200.0,86400.0,PTVRP_LAYERED,27409.0,28,0.000083100,0.000083100,0.0000,1,0.004893
Instances/Instances 1/qa194_03.gt,193,500.0,86400.0,PTVRP_LAYERED,15625.0,11,0.000042300,0.000042300,0.0000,1,0.005265
Instances/Instances 1/qa194_04.gt,193,1000.0,86400.0,PTVRP_LAYERED,12944.0,6,0.000024300,0.000024300,0.0000,1,0.004813
Instances/Instances 1/qa194_05.gt,193,2000.0,86400.0,PTVRP_LAYERED,11131.0,3,0.000015300,0.000015300,0.0000,1,0.005132
Instances/Instances 1/qa194_06.gt,193,5000.0,86400.0,PTVRP_LAYERED,10519.0,2,0.000008600,0.000008600,0.0000,1,0.005404
Instances/Instances 1/qa194_07.gt,193,10000.0,86400.0,PTVRP_LAYERED,10469.0,1,0.000007700,0.000007700,0.0000,1,0.00546
Instances/Instances 1/qa194_08.gt,193,20000.0,86400.0,PTVRP_LAYERED,10469.0,1,0.000007700,0.000007700,0.0000,1,0.005833
Instances/Instances 1/qa194_09.gt,193,50000.0,86400.0,PTVRP_LAYERED,10469.0,1,0.000007900,0.000007900,0.0000,1,0.006382
Instances/Instances 1/qa194_10.gt,193,100000.0,86400.0,PTVRP_LAYERED,10469.0,1,0.000007600,0.000007600,0.0000,1,0.005818
Instances/Instances 1/rat195_01.gt,194,100.0,86400.0,PTVRP_LAYERED,11847.0,54,0.000150900,0.000150900,0.0000,1,0.005597
Instances/Instances 1/rat195_02.gt,194,200.0,86400.0,PTVRP_LAYERED,6561.0,28,0.000084200,0.000084200,0.0000,1,0.005694
Instances/Instances 1/rat195_03.gt,194,500.0,86400.0,PTVRP_LAYERED,3777.0,11,0.000041200,0.000041200,0.0000,1,0.005671
Instances/Instances 1/rat195_04.gt,194,1000.0,86400.0,PTVRP_LAYERED,2972.0,6,0.000024700,0.000024700,0.0000,1,0.0057
Instances/Instances 1/rat195_05.gt,194,2000.0,86400.0,PTVRP_LAYERED,2663.0,3,0.000014700,0.000014700,0.0000,1,0.006981
Instances/Instances 1/rat195_06.gt,194,5000.0,86400.0,PTVRP_LAYERED,2581.0,1,0.000007800,0.000007800,0.0000,1,0.005988
Instances/Instances 1/rat195_07.gt,194,10000.0,86400.0,PTVRP_LAYERED,2581.0,1,0.000007900,0.000007900,0.0000,1,0.007279
Instances/Instances 1/rat195_08.gt,194,20000.0,86400.0,PTVRP_LAYERED,2581.0,1,0.000008500,0.000008500,0.0000,1,0.007728
Instances/Instances 1/rat195_09.gt,194,50000.0,86400.0,PTVRP_LAYERED,2581.0,1,0.000007700,0.000007700,0.0000,1,0.006968
Instances/Instances 1/rat195_10.gt,194,100000.0,86400.0,PTVRP_LAYERED,2581.0,1,0.000007800,0.000007800,0.0000,1,0.006477
Instances/Instances 1/rat575_01.gt,574,100.0,86400.0,PTVRP_LAYERED,54101.0,140,0.000709300,0.000709300,0.0000,1,0.006827
Instances/Instances 1/rat575_02.gt,574,200.0,86400.0,PTVRP_LAYERED,28335.0,79,0.000460900,0.000460900,0.0000,1,0.00596
Instances/Instances 1/rat575_03.gt,574,500.0,86400.0,PTVRP_LAYERED,14521.0,30,0.000251500,0.000251500,0.0000,1,0.006825
Instances/Instances 1/rat575_04.gt,574,1000.0,86400.0,PTVRP_LAYERED,10607.0,16,0.000153300,0.000153300,0.0000,1,0.0068
Instances/Instances 1/rat575_05.gt,574,2000.0,86400.0,PTVRP_LAYERED,8580.0,8,0.000087400,0.000087400,0.0000,1,0.006741
Instances/Instances 1/rat575_06.gt,574,5000.0,86400.0,PTVRP_LAYERED,7591.0,3,0.000041500,0.000041500,0.0000,1,0.008519
Instances/Instances 1/rat575_07.gt,574,10000.0,86400.0,PTVRP_LAYERED,7378.0,3,0.000027800,0.000027800,0.0000,1,0.007019
Instances/Instances 1/rat575_08.gt,574,20000.0,86400.0,PTVRP_LAYERED,7265.0,1,0.000020700,0.000020700,0.0000,1,0.006753
Instances/Instances 1/rat575_09.gt,574,50000.0,86400.0,PTVRP_LAYERED,7265.0,1,0.000019900,0.000019900,0.0000,1,0.007069
Instances/Instances 1/rat575_10.gt,574,100000.0,86400.0,PTVRP_LAYERED,7265.0,1,0.000019700,0.000019700,0.0000,1,0.006383
Instances/Instances 1/rat783_01.gt,782,100.0,86400.0,PTVRP_LAYERED,81721.0,177,0.001032700,0.001032700,0.0000,1,0.009106
Instances/Instances 1/rat783_02.gt,782,200.0,86400.0,PTVRP_LAYERED,42440.0,105,0.000701800,0.000701800,0.0000,1,0.009041
Instances/Instances 1/rat783_03.gt,782,500.0,86400.0,PTVRP_LAYERED,22025.0,44,0.000395000,0.000395000,0.0000,1,0.009095
Instances/Instances 1/rat783_04.gt,782,1000.0,86400.0,PTVRP_LAYERED,15097.0,23,0.000249800,0.000249800,0.0000,1,0.007225
Instances/Instances 1/rat783_05.gt,782,2000.0,86400.0,PTVRP_LAYERED,11598.0,12,0.000152800,0.000152800,0.0000,1,0.006987
Instances/Instances 1/rat783_06.gt,782,5000.0,86400.0,PTVRP_LAYERED,9892.0,5,0.000074100,0.000074100,0.0000,1,0.006338
Instances/Instances 1/rat783_07.gt,782,10000.0,86400.0,PTVRP_LAYERED,9552.0,3,0.000041400,0.000041400,0.0000,1,0.006501
Instances/Instances 1/rat783_08.gt,782,20000.0,86400.0,PTVRP_LAYERED,9389.0,2,0.000026200,0.000026200,0.0000,1,0.006972
Instances/Instances 1/rat783_09.gt,782,50000.0,86400.0,PTVRP_LAYERED,9389.0,2,0.000026100,0.000026100,0.0000,1,0.005892
Instances/Instances 1/rat783_10.gt,782,100000.0,86400.0,PTVRP_LAYERED,9389.0,2,0.000026200,0.000026200,0.0000,1,0.006532
Instances/Instances 1/rat99_01.gt,98,100.0,86400.0,PTVRP_LAYERED,4164.0,25,0.000045400,0.000045400,0.0000,1,0.006317
Instances/Instances 1/rat99_02.gt,98,200.0,86400.0,PTVRP_LAYERED,2540.0,13,0.000026100,0.000026100,0.0000,1,0.006338
Instances/Instances 1/rat99_03.gt,98,500.0,86400.0,PTVRP_LAYERED,1744.0,6,0.000014300,0.000014300,0.0000,1,0.005265
Instances/Instances 1/rat99_04.gt,98,1000.0,86400.0,PTVRP_LAYERED,1497.0,3,0.000008500,0.000008500,0.0000,1,0.006552
Instances/Instances 1/rat99_05.gt,98,2000.0,86400.0,PTVRP_LAYERED,1399.0,2,0.000006000,0.000006000,0.0000,1,0.007333
Instances/Instances 1/rat99_06.gt,98,5000.0,86400.0,PTVRP_LAYERED,1395.0,1,0.000004300,0.000004300,0.0000,1,0.006699
Instances/Instances 1/rat99_07.gt,98,10000.0,86400.0,PTVRP_LAYERED,1395.0,1,0.000004300,0.000004300,0.0000,1,0.006248
Instances/Instances 1/rat99_08.gt,98,20000.0,86400.0,PTVRP_LAYERED,1395.0,1,0.000004200,0.000004200,0.0000,1,0.00572
Instances/Instances 1/rat99_09.gt,98,50000.0,86400.0,PTVRP_LAYERED,1395.0,1,0.000004500,0.000004500,0.0000,1,0.007151
Instances/Instances 1/rat99_10.gt,98,100000.0,86400.0,PTVRP_LAYERED,1395.0,1,0.000004400,0.000004400,0.0000,1,0.006695
Instances/Instances 1/rd100_01.gt,99,100.0,86400.0,PTVRP_LAYERED,26860.0,27,0.000042200,0.000042200,0.0000,1,0.005835
Instances/Instances 1/rd100_02.gt,99,200.0,86400.0,PTVRP_LAYERED,17125.0,14,0.000027800,0.000027800,0.0000,1,0.005853
Instances/Instances 1/rd100_03.gt,99,500.0,86400.0,PTVRP_LAYERED,11463.0,6,0.000014900,0.000014900,0.0000,1,0.0069
Instances/Instances 1/rd100_04.gt,99,1000.0,86400.0,PTVRP_LAYERED,9816.0,4,0.000009200,0.000009200,0.0000,1,0.006921
Instances/Instances 1/rd100_05.gt,99,2000.0,86400.0,PTVRP_LAYERED,9356.0,3,0.000006900,0.000006900,0.0000,1,0.007966
Instances/Instances 1/rd100_06.gt,99,5000.0,86400.0,PTVRP_LAYERED,8967.0,2,0.000004400,0.000004400,0.0000,1,0.005002
Instances/Instances 1/rd100_07.gt,99,10000.0,86400.0,PTVRP_LAYERED,8967.0,2,0.000004500,0.000004500,0.0000,1,0.005519
Instances/Instances 1/rd100_08.gt,99,20000.0,86400.0,PTVRP_LAYERED,8967.0,2,0.000004400,0.000004400,0.0000,1,0.006377
Instances/Instances 1/rd100_09.gt,99,50000.0,86400.0,PTVRP_LAYERED,8967.0,2,0.000004300,0.000004300,0.0000,1,0.004668
Instances/Instances 1/rd100_10.gt,99,100000.0,86400.0,PTVRP_LAYERED,8967.0,2,0.000004300,0.000004300,0.0000,1,0.005502
Instances/Instances 1/rd400_01.gt,399,100.0,86400.0,PTVRP_LAYERED,99006.0,101,0.000302300,0.000302300,0.0000,1,0.005455
Instances/Instances 1/rd400_02.gt,399,200.0,86400.0,PTVRP_LAYERED,54509.0,56,0.000214800,0.000214800,0.0000,1,0.006341
Instances/Instances 1/rd400_03.gt,399,500.0,86400.0,PTVRP_LAYERED,29878.0,23,0.000121700,0.000121700,0.0000,1,0.006667
Instances/Instances 1/rd400_04.gt,399,1000.0,86400.0,PTVRP_LAYERED,21169.0,11,0.000098200,0.000098200,0.0000,1,0.006797
Instances/Instances 1/rd400_05.gt,399,2000.0,86400.0,PTVRP_LAYERED,18032.0,8,0.000050400,0.000050400,0.0000,1,0.006838
Instances/Instances 1/rd400_06.gt,399,5000.0,86400.0,PTVRP_LAYERED,15880.0,3,0.000023800,0.000023800,0.0000,1,0.006103
Instances/Instances 1/rd400_07.gt,399,10000.0,86400.0,PTVRP_LAYERED,15507.0,2,0.000016000,0.000016000,0.0000,1,0.0058
Instances/Instances 1/rd400_08.gt,399,20000.0,86400.0,PTVRP_LAYERED,15316.0,1,0.000014300,0.000014300,0.0000,1,0.005527
Instances/Instances 1/rd400_09.gt,399,50000.0,86400.0,PTVRP_LAYERED,15316.0,1,0.000014400,0.000014400,0.0000,1,0.006818
Instances/Instances 1/rd400_10.gt,399,100000.0,86400.0,PTVRP_LAYERED,15316.0,1,0.000014600,0.000014600,0.0000,1,0.005981
Instances/Instances 1/rl11849_01.gt,11848,100.0,86400.0,PTVRP_LAYERED,34562643.0,1790,0.004099300,0.004099300,0.0000,1,0.015972
Instances/Instances 1/rl11849_02.gt,11848,200.0,86400.0,PTVRP_LAYERED,17809296.0,1274,0.003631900,0.003631900,0.0000,1,0.018523
Instances/Instances 1/rl11849_03.gt,11848,500.0,86400.0,PTVRP_LAYERED,7531671.0,621,0.003022700,0.003022700,0.0000,1,0.018969
Instances/Instances 1/rl11849_04.gt,11848,1000.0,86400.0,PTVRP_LAYERED,4139341.0,313,0.002493201,0.002493201,0.0000,1,0.017591
Instances/Instances 1/rl11849_05.gt,11848,2000.0,86400.0,PTVRP_LAYERED,2513746.0,160,0.002109900,0.002109900,0.0000,1,0.017822
Instances/Instances 1/rl11849_06.gt,11848,5000.0,86400.0,PTVRP_LAYERED,1505293.0,66,0.001450200,0.001450200,0.0000,1,0.0167
Instances/Instances 1/rl11849_07.gt,11848,10000.0,86400.0,PTVRP_LAYERED,1185215.0,34,0.001279800,0.001279800,0.0000,1,0.014495
Instances/Instances 1/rl11849_08.gt,11848,20000.0,86400.0,PTVRP_LAYERED,1024038.0,19,0.000796800,0.000796800,0.0000,1,0.013968
Instances/Instances 1/rl11849_09.gt,11848,50000.0,86400.0,PTVRP_LAYERED,994667.0,14,0.000836800,0.000836800,0.0000,1,0.016006
Instances/Instances 1/rl11849_10.gt,11848,100000.0,86400.0,PTVRP_LAYERED,994667.0,14,0.000823200,0.000823200,0.0000,1,0.015209
Instances/Instances 1/rl1304_01.gt,1303,100.0,86400.0,PTVRP_LAYERED,3961808.0,257,0.000375100,0.000375100,0.0000,1,0.007805
Instances/Instances 1/rl1304_02.gt,1303,200.0,86400.0,PTVRP_LAYERED,2088153.0,172,0.000316700,0.000316700,0.0000,1,0.006792
Instances/Instances 1/rl1304_03.gt,1303,500.0,86400.0,PTVRP_LAYERED,961355.0,73,0.000242800,0.000242800,0.0000,1,0.007055
Instances/Instances 1/rl1304_04.gt,1303,1000.0,86400.0,PTVRP_LAYERED,577486.0,35,0.000198500,0.000198500,0.0000,1,0.006847
Instances/Instances 1/rl1304_05.gt,1303,2000.0,86400.0,PTVRP_LAYERED,405682.0,19,0.000149800,0.000149800,0.0000,1,0.005893
Instances/Instances 1/rl1304_06.gt,1303,5000.0,86400.0,PTVRP_LAYERED,299168.0,8,0.000096800,0.000096800,0.0000,1,0.006393
Instances/Instances 1/rl1304_07.gt,1303,10000.0,86400.0,PTVRP_LAYERED,279685.0,5,0.000075500,0.000075500,0.0000,1,0.008702
Instances/Instances 1/rl1304_08.gt,1303,20000.0,86400.0,PTVRP_LAYERED,277708.0,5,0.000070300,0.000070300,0.0000,1,0.007159
Instances/Instances 1/rl1304_09.gt,1303,50000.0,86400.0,PTVRP_LAYERED,277708.0,5,0.000062300,0.000062300,0.0000,1,0.005974
Instances/Instances 1/rl1304_10.gt,1303,100000.0,86400.0,PTVRP_LAYERED,277708.0,5,0.000062900,0.000062900,0.0000,1,0.007172
Instances/Instances 1/rl1323_01.gt,1322,100.0,86400.0,PTVRP_LAYERED,4333098.0,245,0.000358700,0.000358700,0.0000,1,0.00846
Instances/Instances 1/rl1323_02.gt,1322,200.0,86400.0,PTVRP_LAYERED,2158890.0,163,0.000317200,0.000317200,0.0000,1,0.008049
Instances/Instances 1/rl1323_03.gt,1322,500.0,86400.0,PTVRP_LAYERED,994180.0,71,0.000242200,0.000242200,0.0000,1,0.007817
Instances/Instances 1/rl1323_04.gt,1322,1000.0,86400.0,PTVRP_LAYERED,623637.0,36,0.000188500,0.000188500,0.0000,1,0.007915
Instances/Instances 1/rl1323_05.gt,1322,2000.0,86400.0,PTVRP_LAYERED,430065.0,19,0.000157100,0.000157100,0.0000,1,0.007772
Instances/Instances 1/rl1323_06.gt,1322,5000.0,86400.0,PTVRP_LAYERED,331374.0,8,0.000089600,0.000089600,0.0000,1,0.0074
Instances/Instances 1/rl1323_07.gt,1322,10000.0,86400.0,PTVRP_LAYERED,305210.0,5,0.000074200,0.000074200,0.0000,1,0.008756
Instances/Instances 1/rl1323_08.gt,1322,20000.0,86400.0,PTVRP_LAYERED,305210.0,5,0.000069100,0.000069100,0.0000,1,0.006365
Instances/Instances 1/rl1323_09.gt,1322,50000.0,86400.0,PTVRP_LAYERED,305210.0,5,0.000060100,0.000060100,0.0000,1,0.007843
Instances/Instances 1/rl1323_10.gt,1322,100000.0,86400.0,PTVRP_LAYERED,305210.0,5,0.000060300,0.000060300,0.0000,1,0.006382
Instances/Instances 1/rl1889_01.gt,1888,100.0,86400.0,PTVRP_LAYERED,6228521.0,344,0.000534900,0.000534900,0.0000,1,0.00737
Instances/Instances 1/rl1889_02.gt,1888,200.0,86400.0,PTVRP_LAYERED,3218612.0,226,0.000460100,0.000460100,0.0000,1,0.007628
Instances/Instances 1/rl1889_03.gt,1888,500.0,86400.0,PTVRP_LAYERED,1445235.0,102,0.000379100,0.000379100,0.0000,1,0.006684
Instances/Instances 1/rl1889_04.gt,1888,1000.0,86400.0,PTVRP_LAYERED,863473.0,51,0.000306300,0.000306300,0.0000,1,0.008872
Instances/Instances 1/rl1889_05.gt,1888,2000.0,86400.0,PTVRP_LAYERED,581959.0,26,0.000221400,0.000221400,0.0000,1,0.008585
Instances/Instances 1/rl1889_06.gt,1888,5000.0,86400.0,PTVRP_LAYERED,407084.0,11,0.000168501,0.000168501,0.0000,1,0.00728
Instances/Instances 1/rl1889_07.gt,1888,10000.0,86400.0,PTVRP_LAYERED,359202.0,6,0.000133800,0.000133800,0.0000,1,0.006691
Instances/Instances 1/rl1889_08.gt,1888,20000.0,86400.0,PTVRP_LAYERED,351630.0,6,0.000116300,0.000116300,0.0000,1,0.007391
Instances/Instances 1/rl1889_09.gt,1888,50000.0,86400.0,PTVRP_LAYERED,351630.0,6,0.000101900,0.000101900,0.0000,1,0.007757
Instances/Instances 1/rl1889_10.gt,1888,100000.0,86400.0,PTVRP_LAYERED,351630.0,6,0.000098700,0.000098700,0.0000,1,0.006576
Instances/Instances 1/rl5915_01.gt,5914,100.0,86400.0,PTVRP_LAYERED,16941723.0,927,0.001897500,0.001897500,0.0000,1,0.011661
Instances/Instances 1/rl5915_02.gt,5914,200.0,86400.0,PTVRP_LAYERED,8795198.0,657,0.001692000,0.001692000,0.0000,1,0.012256
Instances/Instances 1/rl5915_03.gt,5914,500.0,86400.0,PTVRP_LAYERED,3812692.0,312,0.001380100,0.001380100,0.0000,1,0.012283
Instances/Instances 1/rl5915_04.gt,5914,1000.0,86400.0,PTVRP_LAYERED,2130660.0,157,0.001157700,0.001157700,0.0000,1,0.012086
Instances/Instances 1/rl5915_05.gt,5914,2000.0,86400.0,PTVRP_LAYERED,1325177.0,80,0.000958300,0.000958300,0.0000,1,0.012284
Instances/Instances 1/rl5915_06.gt,5914,5000.0,86400.0,PTVRP_LAYERED,845893.0,34,0.000711400,0.000711400,0.0000,1,0.011605
Instances/Instances 1/rl5915_07.gt,5914,10000.0,86400.0,PTVRP_LAYERED,684223.0,18,0.000482900,0.000482900,0.0000,1,0.0111
Instances/Instances 1/rl5915_08.gt,5914,20000.0,86400.0,PTVRP_LAYERED,624324.0,10,0.000442400,0.000442400,0.0000,1,0.012301
Instances/Instances 1/rl5915_09.gt,5914,50000.0,86400.0,PTVRP_LAYERED,616974.0,8,0.000409500,0.000409500,0.0000,1,0.010936
Instances/Instances 1/rl5915_10.gt,5914,100000.0,86400.0,PTVRP_LAYERED,616974.0,8,0.000377501,0.000377501,0.0000,1,0.011207
Instances/Instances 1/rl5934_01.gt,5933,100.0,86400.0,PTVRP_LAYERED,17063015.0,996,0.001942500,0.001942500,0.0000,1,0.013725
Instances/Instances 1/rl5934_02.gt,5933,200.0,86400.0,PTVRP_LAYERED,8697938.0,658,0.001744200,0.001744200,0.0000,1,0.011857
Instances/Instances 1/rl5934_03.gt,5933,500.0,86400.0,PTVRP_LAYERED,3708635.0,312,0.001457400,0.001457400,0.0000,1,0.011544
Instances/Instances 1/rl5934_04.gt,5933,1000.0,86400.0,PTVRP_LAYERED,2127667.0,157,0.001217901,0.001217901,0.0000,1,0.011455
Instances/Instances 1/rl5934_05.gt,5933,2000.0,86400.0,PTVRP_LAYERED,1299956.0,80,0.000966000,0.000966000,0.0000,1,0.010585
Instances/Instances 1/rl5934_06.gt,5933,5000.0,86400.0,PTVRP_LAYERED,833835.0,34,0.000719600,0.000719600,0.0000,1,0.010611
Instances/Instances 1/rl5934_07.gt,5933,10000.0,86400.0,PTVRP_LAYERED,681392.0,19,0.000489800,0.000489800,0.0000,1,0.012207
Instances/Instances 1/rl5934_08.gt,5933,20000.0,86400.0,PTVRP_LAYERED,613159.0,9,0.000424600,0.000424600,0.0000,1,0.010609
Instances/Instances 1/rl5934_09.gt,5933,50000.0,86400.0,PTVRP_LAYERED,610282.0,9,0.000408900,0.000408900,0.0000,1,0.010301
Instances/Instances 1/rl5934_10.gt,5933,100000.0,86400.0,PTVRP_LAYERED,610282.0,9,0.000375700,0.000375700,0.0000,1,0.012424
Instances/Instances 1/rw1621_01.gt,1620,100.0,86400.0,PTVRP_LAYERED,505772.0,301,0.001768600,0.001768600,0.0000,1,0.010221
Instances/Instances 1/rw1621_02.gt,1620,200.0,86400.0,PTVRP_LAYERED,256645.0,193,0.001346300,0.001346300,0.0000,1,0.009868
Instances/Instances 1/rw1621_03.gt,1620,500.0,86400.0,PTVRP_LAYERED,115222.0,87,0.000902500,0.000902500,0.0000,1,0.00841
Instances/Instances 1/rw1621_04.gt,1620,1000.0,86400.0,PTVRP_LAYERED,69012.0,45,0.000645000,0.000645000,0.0000,1,0.007289
Instances/Instances 1/rw1621_05.gt,1620,2000.0,86400.0,PTVRP_LAYERED,47035.0,23,0.000438100,0.000438100,0.0000,1,0.00644
Instances/Instances 1/rw1621_06.gt,1620,5000.0,86400.0,PTVRP_LAYERED,33470.0,10,0.000259500,0.000259500,0.0000,1,0.006723
Instances/Instances 1/rw1621_07.gt,1620,10000.0,86400.0,PTVRP_LAYERED,29392.0,5,0.000166800,0.000166800,0.0000,1,0.007597
Instances/Instances 1/rw1621_08.gt,1620,20000.0,86400.0,PTVRP_LAYERED,27739.0,3,0.000120300,0.000120300,0.0000,1,0.009278
Instances/Instances 1/rw1621_09.gt,1620,50000.0,86400.0,PTVRP_LAYERED,27418.0,1,0.000074100,0.000074100,0.0000,1,0.007713
Instances/Instances 1/rw1621_10.gt,1620,100000.0,86400.0,PTVRP_LAYERED,27418.0,1,0.000059500,0.000059500,0.0000,1,0.007086
Instances/Instances 1/st70_01.gt,69,100.0,86400.0,PTVRP_LAYERED,1877.0,16,0.000025100,0.000025100,0.0000,1,0.006449
Instances/Instances 1/st70_02.gt,69,200.0,86400.0,PTVRP_LAYERED,1254.0,9,0.000016100,0.000016100,0.0000,1,0.006278
Instances/Instances 1/st70_03.gt,69,500.0,86400.0,PTVRP_LAYERED,890.0,5,0.000009300,0.000009300,0.0000,1,0.005706
Instances/Instances 1/st70_04.gt,69,1000.0,86400.0,PTVRP_LAYERED,794.0,3,0.000005300,0.000005300,0.0000,1,0.005686
Instances/Instances 1/st70_05.gt,69,2000.0,86400.0,PTVRP_LAYERED,780.0,1,0.000003800,0.000003800,0.0000,1,0.006544
Instances/Instances 1/st70_06.gt,69,5000.0,86400.0,PTVRP_LAYERED,780.0,1,0.000003600,0.000003600,0.0000,1,0.006421
Instances/Instances 1/st70_07.gt,69,10000.0,86400.0,PTVRP_LAYERED,780.0,1,0.000003500,0.000003500,0.0000,1,0.005464
Instances/Instances 1/st70_08.gt,69,20000.0,86400.0,PTVRP_LAYERED,780.0,1,0.000003500,0.000003500,0.0000,1,0.006304
Instances/Instances 1/st70_09.gt,69,50000.0,86400.0,PTVRP_LAYERED,780.0,1,0.000003600,0.000003600,0.0000,1,0.007166
Instances/Instances 1/st70_10.gt,69,100000.0,86400.0,PTVRP_LAYERED,780.0,1,0.000003400,0.000003400,0.0000,1,0.006662
Instances/Instances 1/sw24978_01.gt,24977,100.0,86400.0,PTVRP_LAYERED,43962617.0,3462,0.013610501,0.013610501,0.0000,1,0.038758
Instances/Instances 1/sw24978_02.gt,24977,200.0,86400.0,PTVRP_LAYERED,22326305.0,2493,0.011883500,0.011883500,0.0000,1,0.035057
Instances/Instances 1/sw24978_03.gt,24977,500.0,86400.0,PTVRP_LAYERED,9310817.0,1274,0.009669000,0.009669000,0.0000,1,0.037199
Instances/Instances 1/sw24978_04.gt,24977,1000.0,86400.0,PTVRP_LAYERED,5042409.0,657,0.007880400,0.007880400,0.0000,1,0.033777
Instances/Instances 1/sw24978_05.gt,24977,2000.0,86400.0,PTVRP_LAYERED,2891595.0,325,0.006337600,0.006337600,0.0000,1,0.031863
Instances/Instances 1/sw24978_06.gt,24977,5000.0,86400.0,PTVRP_LAYERED,1662823.0,133,0.004686000,0.004686000,0.0000,1,0.028296
Instances/Instances 1/sw24978_07.gt,24977,10000.0,86400.0,PTVRP_LAYERED,1244321.0,68,0.003799901,0.003799901,0.0000,1,0.028204
Instances/Instances 1/sw24978_08.gt,24977,20000.0,86400.0,PTVRP_LAYERED,1039172.0,36,0.002866700,0.002866700,0.0000,1,0.029736
Instances/Instances 1/sw24978_09.gt,24977,50000.0,86400.0,PTVRP_LAYERED,938916.0,16,0.001740700,0.001740700,0.0000,1,0.025156
Instances/Instances 1/sw24978_10.gt,24977,100000.0,86400.0,PTVRP_LAYERED,921494.0,13,0.001809300,0.001809300,0.0000,1,0.03154
Instances/Instances 1/ts225_01.gt,224,100.0,86400.0,PTVRP_LAYERED,753549.0,57,0.000052200,0.000052200,0.0000,1,0.008428
Instances/Instances 1/ts225_02.gt,224,200.0,86400.0,PTVRP_LAYERED,464853.0,35,0.000040500,0.000040500,0.0000,1,0.00562
Instances/Instances 1/ts225_03.gt,224,500.0,86400.0,PTVRP_LAYERED,238729.0,13,0.000028800,0.000028800,0.0000,1,0.006947
Instances/Instances 1/ts225_04.gt,224,1000.0,86400.0,PTVRP_LAYERED,175964.0,7,0.000024000,0.000024000,0.0000,1,0.007074
Instances/Instances 1/ts225_05.gt,224,2000.0,86400.0,PTVRP_LAYERED,148763.0,4,0.000013200,0.000013200,0.0000,1,0.006356
Instances/Instances 1/ts225_06.gt,224,5000.0,86400.0,PTVRP_LAYERED,143060.0,3,0.000010500,0.000010500,0.0000,1,0.006994
Instances/Instances 1/ts225_07.gt,224,10000.0,86400.0,PTVRP_LAYERED,143060.0,3,0.000009900,0.000009900,0.0000,1,0.006064
Instances/Instances 1/ts225_08.gt,224,20000.0,86400.0,PTVRP_LAYERED,143060.0,3,0.000009800,0.000009800,0.0000,1,0.005698
Instances/Instances 1/ts225_09.gt,224,50000.0,86400.0,PTVRP_LAYERED,143060.0,3,0.000010000,0.000010000,0.0000,1,0.006793
Instances/Instances 1/ts225_10.gt,224,100000.0,86400.0,PTVRP_LAYERED,143060.0,3,0.000010200,0.000010200,0.0000,1,0.006429
Instances/Instances 1/tsp225_01.gt,224,100.0,86400.0,PTVRP_LAYERED,20111.0,59,0.000179900,0.000179900,0.0000,1,0.005027
Instances/Instances 1/tsp225_02.gt,224,200.0,86400.0,PTVRP_LAYERED,12470.0,33,0.000111900,0.000111900,0.0000,1,0.006995
Instances/Instances 1/tsp225_03.gt,224,500.0,86400.0,PTVRP_LAYERED,6755.0,13,0.000053200,0.000053200,0.0000,1,0.006995
Instances/Instances 1/tsp225_04.gt,224,1000.0,86400.0,PTVRP_LAYERED,5378.0,7,0.000032600,0.000032600,0.0000,1,0.00561
Instances/Instances 1/tsp225_05.gt,224,2000.0,86400.0,PTVRP_LAYERED,4684.0,3,0.000018000,0.000018000,0.0000,1,0.005609
Instances/Instances 1/tsp225_06.gt,224,5000.0,86400.0,PTVRP_LAYERED,4425.0,2,0.000009700,0.000009700,0.0000,1,0.004637
Instances/Instances 1/tsp225_07.gt,224,10000.0,86400.0,PTVRP_LAYERED,4418.0,1,0.000008400,0.000008400,0.0000,1,0.004954
Instances/Instances 1/tsp225_08.gt,224,20000.0,86400.0,PTVRP_LAYERED,4418.0,1,0.000008300,0.000008300,0.0000,1,0.004851
Instances/Instances 1/tsp225_09.gt,224,50000.0,86400.0,PTVRP_LAYERED,4418.0,1,0.000008600,0.000008600,0.0000,1,0.00643
Instances/Instances 1/tsp225_10.gt,224,100000.0,86400.0,PTVRP_LAYERED,4418.0,1,0.000008800,0.000008800,0.0000,1,0.005939
Instances/Instances 1/tz6117_01.gt,6116,100.0,86400.0,PTVRP_LAYERED,12551427.0,955,0.002578800,0.002578800,0.0000,1,0.012159
Instances/Instances 1/tz6117_02.gt,6116,200.0,86400.0,PTVRP_LAYERED,6569900.0,668,0.002231800,0.002231800,0.0000,1,0.015167
Instances/Instances 1/tz6117_03.gt,6116,500.0,86400.0,PTVRP_LAYERED,2774760.0,313,0.001837600,0.001837600,0.0000,1,0.012932
Instances/Instances 1/tz6117_04.gt,6116,1000.0,86400.0,PTVRP_LAYERED,1571641.0,163,0.001514300,0.001514300,0.0000,1,0.010237
Instances/Instances 1/tz6117_05.gt,6116,2000.0,86400.0,PTVRP_LAYERED,952249.0,80,0.001210800,0.001210800,0.0000,1,0.013211
Instances/Instances 1/tz6117_06.gt,6116,5000.0,86400.0,PTVRP_LAYERED,619718.0,33,0.000827500,0.000827500,0.0000,1,0.012493
Instances/Instances 1/tz6117_07.gt,6116,10000.0,86400.0,PTVRP_LAYERED,499588.0,18,0.000761900,0.000761900,0.0000,1,0.011244
Instances/Instances 1/tz6117_08.gt,6116,20000.0,86400.0,PTVRP_LAYERED,441005.0,9,0.000453400,0.000453400,0.0000,1,0.010571
Instances/Instances 1/tz6117_09.gt,6116,50000.0,86400.0,PTVRP_LAYERED,422925.0,6,0.000424500,0.000424500,0.0000,1,0.010904
Instances/Instances 1/tz6117_10.gt,6116,100000.0,86400.0,PTVRP_LAYERED,422925.0,6,0.000396500,0.000396500,0.0000,1,0.008809
Instances/Instances 1/u1060_01.gt,1059,100.0,86400.0,PTVRP_LAYERED,2929446.0,220,0.000312300,0.000312300,0.0000,1,0.008647
Instances/Instances 1/u1060_02.gt,1059,200.0,86400.0,PTVRP_LAYERED,1537507.0,130,0.000263100,0.000263100,0.0000,1,0.008264
Instances/Instances 1/u1060_03.gt,1059,500.0,86400.0,PTVRP_LAYERED,729871.0,59,0.000204500,0.000204500,0.0000,1,0.006663
Instances/Instances 1/u1060_04.gt,1059,1000.0,86400.0,PTVRP_LAYERED,469462.0,29,0.000159500,0.000159500,0.0000,1,0.005924
Instances/Instances 1/u1060_05.gt,1059,2000.0,86400.0,PTVRP_LAYERED,342351.0,15,0.000120700,0.000120700,0.0000,1,0.006127
Instances/Instances 1/u1060_06.gt,1059,5000.0,86400.0,PTVRP_LAYERED,262408.0,7,0.000064400,0.000064400,0.0000,1,0.006749
Instances/Instances 1/u1060_07.gt,1059,10000.0,86400.0,PTVRP_LAYERED,245381.0,4,0.000060600,0.000060600,0.0000,1,0.007389
Instances/Instances 1/u1060_08.gt,1059,20000.0,86400.0,PTVRP_LAYERED,245381.0,4,0.000054700,0.000054700,0.0000,1,0.006263
Instances/Instances 1/u1060_09.gt,1059,50000.0,86400.0,PTVRP_LAYERED,245381.0,4,0.000051000,0.000051000,0.0000,1,0.007099
Instances/Instances 1/u1060_10.gt,1059,100000.0,86400.0,PTVRP_LAYERED,245381.0,4,0.000057500,0.000057500,0.0000,1,0.006565
Instances/Instances 1/u1432_01.gt,1431,100.0,86400.0,PTVRP_LAYERED,1689644.0,295,0.000647100,0.000647100,0.0000,1,0.008147
Instances/Instances 1/u1432_02.gt,1431,200.0,86400.0,PTVRP_LAYERED,930390.0,189,0.000547000,0.000547000,0.0000,1,0.007136
Instances/Instances 1/u1432_03.gt,1431,500.0,86400.0,PTVRP_LAYERED,439256.0,76,0.000401900,0.000401900,0.0000,1,0.006821
Instances/Instances 1/u1432_04.gt,1431,1000.0,86400.0,PTVRP_LAYERED,289266.0,39,0.000277000,0.000277000,0.0000,1,0.006791
Instances/Instances 1/u1432_05.gt,1431,2000.0,86400.0,PTVRP_LAYERED,217969.0,22,0.000216200,0.000216200,0.0000,1,0.006984
Instances/Instances 1/u1432_06.gt,1431,5000.0,86400.0,PTVRP_LAYERED,173513.0,9,0.000144000,0.000144000,0.0000,1,0.005887
Instances/Instances 1/u1432_07.gt,1431,10000.0,86400.0,PTVRP_LAYERED,163339.0,6,0.000078400,0.000078400,0.0000,1,0.005818
Instances/Instances 1/u1432_08.gt,1431,20000.0,86400.0,PTVRP_LAYERED,157856.0,3,0.000074000,0.000074000,0.0000,1,0.007048
Instances/Instances 1/u1432_09.gt,1431,50000.0,86400.0,PTVRP_LAYERED,157856.0,3,0.000063700,0.000063700,0.0000,1,0.006852
Instances/Instances 1/u1432_10.gt,1431,100000.0,86400.0,PTVRP_LAYERED,157856.0,3,0.000064200,0.000064200,0.0000,1,0.008016
Instances/Instances 1/u159_01.gt,158,100.0,86400.0,PTVRP_LAYERED,235559.0,43,0.000054000,0.000054000,0.0000,1,0.007237
Instances/Instances 1/u159_02.gt,158,200.0,86400.0,PTVRP_LAYERED,124624.0,21,0.000039500,0.000039500,0.0000,1,0.005807
Instances/Instances 1/u159_03.gt,158,500.0,86400.0,PTVRP_LAYERED,70246.0,9,0.000025800,0.000025800,0.0000,1,0.00577
Instances/Instances 1/u159_04.gt,158,1000.0,86400.0,PTVRP_LAYERED,55116.0,4,0.000019000,0.000019000,0.0000,1,0.00496
Instances/Instances 1/u159_05.gt,158,2000.0,86400.0,PTVRP_LAYERED,49328.0,3,0.000011500,0.000011500,0.0000,1,0.005418
Instances/Instances 1/u159_06.gt,158,5000.0,86400.0,PTVRP_LAYERED,47792.0,1,0.000006800,0.000006800,0.0000,1,0.005108
Instances/Instances 1/u159_07.gt,158,10000.0,86400.0,PTVRP_LAYERED,47792.0,1,0.000006600,0.000006600,0.0000,1,0.004798
Instances/Instances 1/u159_08.gt,158,20000.0,86400.0,PTVRP_LAYERED,47792.0,1,0.000006600,0.000006600,0.0000,1,0.00559
Instances/Instances 1/u159_09.gt,158,50000.0,86400.0,PTVRP_LAYERED,47792.0,1,0.000006800,0.000006800,0.0000,1,0.007169
Instances/Instances 1/u159_10.gt,158,100000.0,86400.0,PTVRP_LAYERED,47792.0,1,0.000006600,0.000006600,0.0000,1,0.005443
Instances/Instances 1/u1817_01.gt,1816,100.0,86400.0,PTVRP_LAYERED,908323.0,349,0.001524800,0.001524800,0.0000,1,0.008769
Instances/Instances 1/u1817_02.gt,1816,200.0,86400.0,PTVRP_LAYERED,471171.0,234,0.001167100,0.001167100,0.0000,1,0.009598
Instances/Instances 1/u1817_03.gt,1816,500.0,86400.0,PTVRP_LAYERED,214917.0,97,0.000780000,0.000780000,0.0000,1,0.009949
Instances/Instances 1/u1817_04.gt,1816,1000.0,86400.0,PTVRP_LAYERED,136524.0,50,0.000569300,0.000569300,0.0000,1,0.009743
Instances/Instances 1/u1817_05.gt,1816,2000.0,86400.0,PTVRP_LAYERED,94826.0,26,0.000416600,0.000416600,0.0000,1,0.007738
Instances/Instances 1/u1817_06.gt,1816,5000.0,86400.0,PTVRP_LAYERED,71523.0,11,0.000282000,0.000282000,0.0000,1,0.008848
Instances/Instances 1/u1817_07.gt,1816,10000.0,86400.0,PTVRP_LAYERED,64609.0,6,0.000205800,0.000205800,0.0000,1,0.0077
Instances/Instances 1/u1817_08.gt,1816,20000.0,86400.0,PTVRP_LAYERED,61253.0,3,0.000122900,0.000122900,0.0000,1,0.007373
Instances/Instances 1/u1817_09.gt,1816,50000.0,86400.0,PTVRP_LAYERED,60413.0,2,0.000066900,0.000066900,0.0000,1,0.008337
Instances/Instances 1/u1817_10.gt,1816,100000.0,86400.0,PTVRP_LAYERED,60413.0,2,0.000066700,0.000066700,0.0000,1,0.007084
Instances/Instances 1/u2152_01.gt,2151,100.0,86400.0,PTVRP_LAYERED,1077821.0,423,0.001815800,0.001815800,0.0000,1,0.010046
Instances/Instances 1/u2152_02.gt,2151,200.0,86400.0,PTVRP_LAYERED,564444.0,269,0.001416600,0.001416600,0.0000,1,0.010299
Instances/Instances 1/u2152_03.gt,2151,500.0,86400.0,PTVRP_LAYERED,256154.0,117,0.000953500,0.000953500,0.0000,1,0.01062
Instances/Instances 1/u2152_04.gt,2151,1000.0,86400.0,PTVRP_LAYERED,157044.0,58,0.000724500,0.000724500,0.0000,1,0.010259
Instances/Instances 1/u2152_05.gt,2151,2000.0,86400.0,PTVRP_LAYERED,108100.0,29,0.000529800,0.000529800,0.0000,1,0.008681
Instances/Instances 1/u2152_06.gt,2151,5000.0,86400.0,PTVRP_LAYERED,80318.0,13,0.000353600,0.000353600,0.0000,1,0.007129
Instances/Instances 1/u2152_07.gt,2151,10000.0,86400.0,PTVRP_LAYERED,71831.0,7,0.000253000,0.000253000,0.0000,1,0.008745
Instances/Instances 1/u2152_08.gt,2151,20000.0,86400.0,PTVRP_LAYERED,68776.0,5,0.000167000,0.000167000,0.0000,1,0.0098
Instances/Instances 1/u2152_09.gt,2151,50000.0,86400.0,PTVRP_LAYERED,67272.0,2,0.000094500,0.000094500,0.0000,1,0.008419
Instances/Instances 1/u2152_10.gt,2151,100000.0,86400.0,PTVRP_LAYERED,67272.0,2,0.000086500,0.000086500,0.0000,1,0.008231
Instances/Instances 1/u2319_01.gt,2318,100.0,86400.0,PTVRP_LAYERED,2655554.0,494,0.001140700,0.001140700,0.0000,1,0.009761
Instances/Instances 1/u2319_02.gt,2318,200.0,86400.0,PTVRP_LAYERED,1410729.0,307,0.000904300,0.000904300,0.0000,1,0.008884
Instances/Instances 1/u2319_03.gt,2318,500.0,86400.0,PTVRP_LAYERED,676171.0,126,0.000648800,0.000648800,0.0000,1,0.008341
Instances/Instances 1/u2319_04.gt,2318,1000.0,86400.0,PTVRP_LAYERED,444889.0,65,0.000483300,0.000483300,0.0000,1,0.007652
Instances/Instances 1/u2319_05.gt,2318,2000.0,86400.0,PTVRP_LAYERED,328171.0,32,0.000366600,0.000366600,0.0000,1,0.008968
Instances/Instances 1/u2319_06.gt,2318,5000.0,86400.0,PTVRP_LAYERED,267819.0,14,0.000256400,0.000256400,0.0000,1,0.008433
Instances/Instances 1/u2319_07.gt,2318,10000.0,86400.0,PTVRP_LAYERED,250126.0,8,0.000204000,0.000204000,0.0000,1,0.008744
Instances/Instances 1/u2319_08.gt,2318,20000.0,86400.0,PTVRP_LAYERED,243057.0,4,0.000133500,0.000133500,0.0000,1,0.008169
Instances/Instances 1/u2319_09.gt,2318,50000.0,86400.0,PTVRP_LAYERED,243057.0,4,0.000125100,0.000125100,0.0000,1,0.007381
Instances/Instances 1/u2319_10.gt,2318,100000.0,86400.0,PTVRP_LAYERED,243057.0,4,0.000121400,0.000121400,0.0000,1,0.007652
Instances/Instances 1/u574_01.gt,573,100.0,86400.0,PTVRP_LAYERED,315211.0,137,0.000356300,0.000356300,0.0000,1,0.006009
Instances/Instances 1/u574_02.gt,573,200.0,86400.0,PTVRP_LAYERED,170127.0,80,0.000298600,0.000298600,0.0000,1,0.006042
Instances/Instances 1/u574_03.gt,573,500.0,86400.0,PTVRP_LAYERED,84338.0,32,0.000173600,0.000173600,0.0000,1,0.007062
Instances/Instances 1/u574_04.gt,573,1000.0,86400.0,PTVRP_LAYERED,59257.0,16,0.000120800,0.000120800,0.0000,1,0.005913
Instances/Instances 1/u574_05.gt,573,2000.0,86400.0,PTVRP_LAYERED,47781.0,9,0.000085500,0.000085500,0.0000,1,0.006849
Instances/Instances 1/u574_06.gt,573,5000.0,86400.0,PTVRP_LAYERED,41906.0,4,0.000048300,0.000048300,0.0000,1,0.005869
Instances/Instances 1/u574_07.gt,573,10000.0,86400.0,PTVRP_LAYERED,40177.0,2,0.000027900,0.000027900,0.0000,1,0.006047
Instances/Instances 1/u574_08.gt,573,20000.0,86400.0,PTVRP_LAYERED,40130.0,1,0.000020400,0.000020400,0.0000,1,0.006883
Instances/Instances 1/u574_09.gt,573,50000.0,86400.0,PTVRP_LAYERED,40130.0,1,0.000019700,0.000019700,0.0000,1,0.005207
Instances/Instances 1/u574_10.gt,573,100000.0,86400.0,PTVRP_LAYERED,40130.0,1,0.000021600,0.000021600,0.0000,1,0.006887
Instances/Instances 1/u724_01.gt,723,100.0,86400.0,PTVRP_LAYERED,394021.0,162,0.000468600,0.000468600,0.0000,1,0.005949
Instances/Instances 1/u724_02.gt,723,200.0,86400.0,PTVRP_LAYERED,211719.0,99,0.000355700,0.000355700,0.0000,1,0.006331
Instances/Instances 1/u724_03.gt,723,500.0,86400.0,PTVRP_LAYERED,103492.0,38,0.000229700,0.000229700,0.0000,1,0.006408
Instances/Instances 1/u724_04.gt,723,1000.0,86400.0,PTVRP_LAYERED,72273.0,21,0.000167800,0.000167800,0.0000,1,0.005135
Instances/Instances 1/u724_05.gt,723,2000.0,86400.0,PTVRP_LAYERED,55174.0,11,0.000112800,0.000112800,0.0000,1,0.00643
Instances/Instances 1/u724_06.gt,723,5000.0,86400.0,PTVRP_LAYERED,46182.0,5,0.000067500,0.000067500,0.0000,1,0.005082
Instances/Instances 1/u724_07.gt,723,10000.0,86400.0,PTVRP_LAYERED,45169.0,3,0.000037500,0.000037500,0.0000,1,0.00506
Instances/Instances 1/u724_08.gt,723,20000.0,86400.0,PTVRP_LAYERED,44989.0,1,0.000024300,0.000024300,0.0000,1,0.005598
Instances/Instances 1/u724_09.gt,723,50000.0,86400.0,PTVRP_LAYERED,44989.0,1,0.000024400,0.000024400,0.0000,1,0.006539
Instances/Instances 1/u724_10.gt,723,100000.0,86400.0,PTVRP_LAYERED,44989.0,1,0.000024800,0.000024800,0.0000,1,0.005675
Instances/Instances 1/usa13509_01.gt,13508,100.0,86400.0,PTVRP_LAYERED,NO SOLUTION,,0.000564700,0.000564700,0.0000,1,0.013635
Instances/Instances 1/usa13509_02.gt,13508,200.0,86400.0,PTVRP_LAYERED,NO SOLUTION,,0.000534700,0.000534700,0.0000,1,0.01711
Instances/Instances 1/usa13509_03.gt,13508,500.0,86400.0,PTVRP_LAYERED,NO SOLUTION,,0.000493500,0.000493500,0.0000,1,0.014316
Instances/Instances 1/usa13509_04.gt,13508,1000.0,86400.0,PTVRP_LAYERED,NO SOLUTION,,0.000523400,0.000523400,0.0000,1,0.015325
Instances/Instances 1/usa13509_05.gt,13508,2000.0,86400.0,PTVRP_LAYERED,NO SOLUTION,,0.000532500,0.000532500,0.0000,1,0.014154
Instances/Instances 1/usa13509_06.gt,13508,5000.0,86400.0,PTVRP_LAYERED,NO SOLUTION,,0.000483800,0.000483800,0.0000,1,0.015808
Instances/Instances 1/usa13509_07.gt,13508,10000.0,86400.0,PTVRP_LAYERED,NO SOLUTION,,0.000483600,0.000483600,0.0000,1,0.013782
Instances/Instances 1/usa13509_08.gt,13508,20000.0,86400.0,PTVRP_LAYERED,NO SOLUTION,,0.000551200,0.000551200,0.0000,1,0.014728
Instances/Instances 1/usa13509_09.gt,13508,50000.0,86400.0,PTVRP_LAYERED,NO SOLUTION,,0.000484500,0.000484500,0.0000,1,0.015167
Instances/Instances 1/usa13509_10.gt,13508,100000.0,86400.0,PTVRP_LAYERED,NO SOLUTION,,0.000494100,0.000494100,0.0000,1,0.014585
Instances/Instances 1/uy734_01.gt,733,100.0,86400.0,PTVRP_LAYERED,732294.0,158,0.000375900,0.000375900,0.0000,1,0.006443
Instances/Instances 1/uy734_02.gt,733,200.0,86400.0,PTVRP_LAYERED,411705.0,99,0.000303800,0.000303800,0.0000,1,0.005436
Instances/Instances 1/uy734_03.gt,733,500.0,86400.0,PTVRP_LAYERED,199476.0,40,0.000213800,0.000213800,0.0000,1,0.006011
Instances/Instances 1/uy734_04.gt,733,1000.0,86400.0,PTVRP_LAYERED,136400.0,21,0.000143200,0.000143200,0.0000,1,0.005408
Instances/Instances 1/uy734_05.gt,733,2000.0,86400.0,PTVRP_LAYERED,105514.0,11,0.000100800,0.000100800,0.0000,1,0.005391
Instances/Instances 1/uy734_06.gt,733,5000.0,86400.0,PTVRP_LAYERED,90227.0,5,0.000076100,0.000076100,0.0000,1,0.00666
Instances/Instances 1/uy734_07.gt,733,10000.0,86400.0,PTVRP_LAYERED,85530.0,3,0.000037900,0.000037900,0.0000,1,0.005816
Instances/Instances 1/uy734_08.gt,733,20000.0,86400.0,PTVRP_LAYERED,85164.0,1,0.000028000,0.000028000,0.0000,1,0.006461
Instances/Instances 1/uy734_09.gt,733,50000.0,86400.0,PTVRP_LAYERED,85164.0,1,0.000025600,0.000025600,0.0000,1,0.005702
Instances/Instances 1/uy734_10.gt,733,100000.0,86400.0,PTVRP_LAYERED,85164.0,1,0.000025700,0.000025700,0.0000,1,0.005209
Instances/Instances 1/vm1084_01.gt,1083,100.0,86400.0,PTVRP_LAYERED,3726449.0,217,0.000276000,0.000276000,0.0000,1,0.006195
Instances/Instances 1/vm1084_02.gt,1083,200.0,86400.0,PTVRP_LAYERED,1932716.0,130,0.000243200,0.000243200,0.0000,1,0.006287
Instances/Instances 1/vm1084_03.gt,1083,500.0,86400.0,PTVRP_LAYERED,881795.0,59,0.000193200,0.000193200,0.0000,1,0.005713
Instances/Instances 1/vm1084_04.gt,1083,1000.0,86400.0,PTVRP_LAYERED,538552.0,29,0.000147600,0.000147600,0.0000,1,0.007153
Instances/Instances 1/vm1084_05.gt,1083,2000.0,86400.0,PTVRP_LAYERED,381674.0,16,0.000122400,0.000122400,0.0000,1,0.005571
Instances/Instances 1/vm1084_06.gt,1083,5000.0,86400.0,PTVRP_LAYERED,285395.0,7,0.000075800,0.000075800,0.0000,1,0.006624
Instances/Instances 1/vm1084_07.gt,1083,10000.0,86400.0,PTVRP_LAYERED,260270.0,4,0.000061400,0.000061400,0.0000,1,0.006139
Instances/Instances 1/vm1084_08.gt,1083,20000.0,86400.0,PTVRP_LAYERED,260270.0,4,0.000054500,0.000054500,0.0000,1,0.005334
Instances/Instances 1/vm1084_09.gt,1083,50000.0,86400.0,PTVRP_LAYERED,260270.0,4,0.000051100,0.000051100,0.0000,1,0.00596
Instances/Instances 1/vm1084_10.gt,1083,100000.0,86400.0,PTVRP_LAYERED,260270.0,4,0.000050300,0.000050300,0.0000,1,0.005976
Instances/Instances 1/vm1748_01.gt,1747,100.0,86400.0,PTVRP_LAYERED,6327619.0,317,0.000450000,0.000450000,0.0000,1,0.008096
Instances/Instances 1/vm1748_02.gt,1747,200.0,86400.0,PTVRP_LAYERED,3280108.0,216,0.000410600,0.000410600,0.0000,1,0.006778
Instances/Instances 1/vm1748_03.gt,1747,500.0,86400.0,PTVRP_LAYERED,1460856.0,92,0.000331900,0.000331900,0.0000,1,0.007787
Instances/Instances 1/vm1748_04.gt,1747,1000.0,86400.0,PTVRP_LAYERED,890115.0,49,0.000264401,0.000264401,0.0000,1,0.008086
Instances/Instances 1/vm1748_05.gt,1747,2000.0,86400.0,PTVRP_LAYERED,609402.0,24,0.000221600,0.000221600,0.0000,1,0.00801
Instances/Instances 1/vm1748_06.gt,1747,5000.0,86400.0,PTVRP_LAYERED,428261.0,10,0.000154900,0.000154900,0.0000,1,0.006972
Instances/Instances 1/vm1748_07.gt,1747,10000.0,86400.0,PTVRP_LAYERED,376320.0,6,0.000108600,0.000108600,0.0000,1,0.007964
Instances/Instances 1/vm1748_08.gt,1747,20000.0,86400.0,PTVRP_LAYERED,370285.0,5,0.000107400,0.000107400,0.0000,1,0.006863
Instances/Instances 1/vm1748_09.gt,1747,50000.0,86400.0,PTVRP_LAYERED,370285.0,5,0.000095700,0.000095700,0.0000,1,0.006718
Instances/Instances 1/vm1748_10.gt,1747,100000.0,86400.0,PTVRP_LAYERED,370285.0,5,0.000091500,0.000091500,0.0000,1,0.006505
Instances/Instances 1/vm22775_01.gt,22774,100.0,86400.0,PTVRP_LAYERED,54441730.0,2712,0.010404400,0.010404400,0.0000,1,0.029719
Instances/Instances 1/vm22775_02.gt,22774,200.0,86400.0,PTVRP_LAYERED,27584502.0,1942,0.009832801,0.009832801,0.0000,1,0.030578
Instances/Instances 1/vm22775_03.gt,22774,500.0,86400.0,PTVRP_LAYERED,11229261.0,1107,0.008153900,0.008153900,0.0000,1,0.030205
Instances/Instances 1/vm22775_04.gt,22774,1000.0,86400.0,PTVRP_LAYERED,5855160.0,588,0.007188400,0.007188400,0.0000,1,0.029473
Instances/Instances 1/vm22775_05.gt,22774,2000.0,86400.0,PTVRP_LAYERED,3205006.0,296,0.006369900,0.006369900,0.0000,1,0.028665
Instances/Instances 1/vm22775_06.gt,22774,5000.0,86400.0,PTVRP_LAYERED,1611192.0,118,0.004498700,0.004498700,0.0000,1,0.028219
Instances/Instances 1/vm22775_07.gt,22774,10000.0,86400.0,PTVRP_LAYERED,1085937.0,61,0.003628201,0.003628201,0.0000,1,0.029385
Instances/Instances 1/vm22775_08.gt,22774,20000.0,86400.0,PTVRP_LAYERED,824494.0,30,0.002995100,0.002995100,0.0000,1,0.024842
Instances/Instances 1/vm22775_09.gt,22774,50000.0,86400.0,PTVRP_LAYERED,667934.0,13,0.001571600,0.001571600,0.0000,1,0.031134
Instances/Instances 1/vm22775_10.gt,22774,100000.0,86400.0,PTVRP_LAYERED,630951.0,8,0.001734100,0.001734100,0.0000,1,0.02672
Instances/Instances 1/wi29_01.gt,28,100.0,86400.0,PTVRP_LAYERED,63832.0,8,0.000008300,0.000008300,0.0000,1,0.007855
Instances/Instances 1/wi29_02.gt,28,200.0,86400.0,PTVRP_LAYERED,43652.0,5,0.000006200,0.000006200,0.0000,1,0.005793
Instances/Instances 1/wi29_03.gt,28,500.0,86400.0,PTVRP_LAYERED,34911.0,3,0.000003200,0.000003200,0.0000,1,0.004873
Instances/Instances 1/wi29_04.gt,28,1000.0,86400.0,PTVRP_LAYERED,33110.0,1,0.000002200,0.000002200,0.0000,1,0.004931
Instances/Instances 1/wi29_05.gt,28,2000.0,86400.0,PTVRP_LAYERED,33110.0,1,0.000002600,0.000002600,0.0000,1,0.005639
Instances/Instances 1/wi29_06.gt,28,5000.0,86400.0,PTVRP_LAYERED,33110.0,1,0.000002500,0.000002500,0.0000,1,0.005298
Instances/Instances 1/wi29_07.gt,28,10000.0,86400.0,PTVRP_LAYERED,33110.0,1,0.000002400,0.000002400,0.0000,1,0.004914
Instances/Instances 1/wi29_08.gt,28,20000.0,86400.0,PTVRP_LAYERED,33110.0,1,0.000002800,0.000002800,0.0000,1,0.00599
Instances/Instances 1/wi29_09.gt,28,50000.0,86400.0,PTVRP_LAYERED,33110.0,1,0.000002400,0.000002400,0.0000,1,0.00505
Instances/Instances 1/wi29_10.gt,28,100000.0,86400.0,PTVRP_LAYERED,33110.0,1,0.000002400,0.000002400,0.0000,1,0.00501
Instances/Instances 1/ym7663_01.gt,7662,100.0,86400.0,PTVRP_LAYERED,7752216.0,1133,0.005604900,0.005604900,0.0000,1,0.01609
Instances/Instances 1/ym7663_02.gt,7662,200.0,86400.0,PTVRP_LAYERED,4018081.0,839,0.004745400,0.004745400,0.0000,1,0.01986
Instances/Instances 1/ym7663_03.gt,7662,500.0,86400.0,PTVRP_LAYERED,1695913.0,401,0.003919700,0.003919700,0.0000,1,0.04553
Instances/Instances 1/ym7663_04.gt,7662,1000.0,86400.0,PTVRP_LAYERED,953947.0,201,0.002817100,0.002817100,0.0000,1,0.016469
Instances/Instances 1/ym7663_05.gt,7662,2000.0,86400.0,PTVRP_LAYERED,584538.0,101,0.002158400,0.002158400,0.0000,1,0.014948
Instances/Instances 1/ym7663_06.gt,7662,5000.0,86400.0,PTVRP_LAYERED,374947.0,41,0.001496100,0.001496100,0.0000,1,0.01234
Instances/Instances 1/ym7663_07.gt,7662,10000.0,86400.0,PTVRP_LAYERED,306692.0,22,0.001168100,0.001168100,0.0000,1,0.012261
Instances/Instances 1/ym7663_08.gt,7662,20000.0,86400.0,PTVRP_LAYERED,274088.0,11,0.000845400,0.000845400,0.0000,1,0.013849
Instances/Instances 1/ym7663_09.gt,7662,50000.0,86400.0,PTVRP_LAYERED,257285.0,5,0.000577700,0.000577700,0.0000,1,0.013876
Instances/Instances 1/ym7663_10.gt,7662,100000.0,86400.0,PTVRP_LAYERED,255251.0,4,0.000491400,0.000491400,0.0000,1,0.013657
Instances/Instances 1/zi929_01.gt,928,100.0,86400.0,PTVRP_LAYERED,1109222.0,162,0.000462500,0.000462500,0.0000,1,0.008944
Instances/Instances 1/zi929_02.gt,928,200.0,86400.0,PTVRP_LAYERED,570785.0,108,0.000385100,0.000385100,0.0000,1,0.008095
Instances/Instances 1/zi929_03.gt,928,500.0,86400.0,PTVRP_LAYERED,275845.0,50,0.000250500,0.000250500,0.0000,1,0.007778
Instances/Instances 1/zi929_04.gt,928,1000.0,86400.0,PTVRP_LAYERED,181723.0,26,0.000178900,0.000178900,0.0000,1,0.007287
Instances/Instances 1/zi929_05.gt,928,2000.0,86400.0,PTVRP_LAYERED,137565.0,14,0.000131000,0.000131000,0.0000,1,0.006173
Instances/Instances 1/zi929_06.gt,928,5000.0,86400.0,PTVRP_LAYERED,111798.0,6,0.000082800,0.000082800,0.0000,1,0.006166
Instances/Instances 1/zi929_07.gt,928,10000.0,86400.0,PTVRP_LAYERED,101349.0,3,0.000055100,0.000055100,0.0000,1,0.006011
Instances/Instances 1/zi929_08.gt,928,20000.0,86400.0,PTVRP_LAYERED,100905.0,2,0.000035300,0.000035300,0.0000,1,0.005549
Instances/Instances 1/zi929_09.gt,928,50000.0,86400.0,PTVRP_LAYERED,100905.0,2,0.000033400,0.000033400,0.0000,1,0.006043
Instances/Instances 1/zi929_10.gt,928,100000.0,86400.0,PTVRP_LAYERED,100905.0,2,0.000033900,0.000033900,0.0000,1,0.005831
Instances/Instances 2/a280_01.gt,279,20.0,86400.0,PTVRP_LAYERED,73065.0,134,0.000608500,0.000608500,0.0000,1,0.006079
Instances/Instances 2/a280_02.gt,279,40.0,86400.0,PTVRP_LAYERED,36676.0,110,0.000469400,0.000469400,0.0000,1,0.005384
Instances/Instances 2/a280_03.gt,279,100.0,86400.0,PTVRP_LAYERED,15828.0,68,0.000267300,0.000267300,0.0000,1,0.006257
Instances/Instances 2/a280_04.gt,279,200.0,86400.0,PTVRP_LAYERED,9183.0,40,0.000165100,0.000165100,0.0000,1,0.006299
Instances/Instances 2/a280_05.gt,279,400.0,86400.0,PTVRP_LAYERED,5637.0,19,0.000091500,0.000091500,0.0000,1,0.00552
Instances/Instances 2/a280_06.gt,279,1000.0,86400.0,PTVRP_LAYERED,3760.0,9,0.000043500,0.000043500,0.0000,1,0.005962
Instances/Instances 2/a280_07.gt,279,2000.0,86400.0,PTVRP_LAYERED,3205.0,5,0.000026400,0.000026400,0.0000,1,0.005563
Instances/Instances 2/a280_08.gt,279,4000.0,86400.0,PTVRP_LAYERED,2961.0,3,0.000015900,0.000015900,0.0000,1,0.00559
Instances/Instances 2/a280_09.gt,279,10000.0,86400.0,PTVRP_LAYERED,2835.0,1,0.000010600,0.000010600,0.0000,1,0.004825
Instances/Instances 2/a280_10.gt,279,20000.0,86400.0,PTVRP_LAYERED,2835.0,1,0.000010200,0.000010200,0.0000,1,0.005287
Instances/Instances 2/ar9152_01.gt,9151,20.0,86400.0,PTVRP_LAYERED,NO SOLUTION,,0.003468900,0.003468900,0.0000,1,0.014695
Instances/Instances 2/ar9152_02.gt,9151,40.0,86400.0,PTVRP_LAYERED,NO SOLUTION,,0.003522700,0.003522700,0.0000,1,0.017519
Instances/Instances 2/ar9152_03.gt,9151,100.0,86400.0,PTVRP_LAYERED,28715905.0,1460,0.003240600,0.003240600,0.0000,1,0.018818
Instances/Instances 2/ar9152_04.gt,9151,200.0,86400.0,PTVRP_LAYERED,14651277.0,987,0.002902800,0.002902800,0.0000,1,0.017449
Instances/Instances 2/ar9152_05.gt,9151,400.0,86400.0,PTVRP_LAYERED,7705355.0,580,0.002512800,0.002512800,0.0000,1,0.017518
Instances/Instances 2/ar9152_06.gt,9151,1000.0,86400.0,PTVRP_LAYERED,3501476.0,242,0.001968400,0.001968400,0.0000,1,0.016511
Instances/Instances 2/ar9152_07.gt,9151,2000.0,86400.0,PTVRP_LAYERED,2123295.0,122,0.001570700,0.001570700,0.0000,1,0.015381
Instances/Instances 2/ar9152_08.gt,9151,4000.0,86400.0,PTVRP_LAYERED,1455041.0,61,0.001244000,0.001244000,0.0000,1,0.012066
Instances/Instances 2/ar9152_09.gt,9151,10000.0,86400.0,PTVRP_LAYERED,1091432.0,27,0.000893101,0.000893101,0.0000,1,0.012111
Instances/Instances 2/ar9152_10.gt,9151,20000.0,86400.0,PTVRP_LAYERED,988353.0,15,0.000645200,0.000645200,0.0000,1,0.011684
Instances/Instances 2/berlin52_01.gt,51,20.0,86400.0,PTVRP_LAYERED,51496.0,35,0.000038900,0.000038900,0.0000,1,0.005938
Instances/Instances 2/berlin52_02.gt,51,40.0,86400.0,PTVRP_LAYERED,31750.0,28,0.000028800,0.000028800,0.0000,1,0.0079
Instances/Instances 2/berlin52_03.gt,51,100.0,86400.0,PTVRP_LAYERED,16839.0,17,0.000018100,0.000018100,0.0000,1,0.00592
Instances/Instances 2/berlin52_04.gt,51,200.0,86400.0,PTVRP_LAYERED,11555.0,9,0.000012200,0.000012200,0.0000,1,0.006471
Instances/Instances 2/berlin52_05.gt,51,400.0,86400.0,PTVRP_LAYERED,8782.0,4,0.000006800,0.000006800,0.0000,1,0.00636
Instances/Instances 2/berlin52_06.gt,51,1000.0,86400.0,PTVRP_LAYERED,7852.0,2,0.000003800,0.000003800,0.0000,1,0.007605
Instances/Instances 2/berlin52_07.gt,51,2000.0,86400.0,PTVRP_LAYERED,7803.0,1,0.000002800,0.000002800,0.0000,1,0.006297
Instances/Instances 2/berlin52_08.gt,51,4000.0,86400.0,PTVRP_LAYERED,7803.0,1,0.000002800,0.000002800,0.0000,1,0.005591
Instances/Instances 2/berlin52_09.gt,51,10000.0,86400.0,PTVRP_LAYERED,7803.0,1,0.000003200,0.000003200,0.0000,1,0.005903
Instances/Instances 2/berlin52_10.gt,51,20000.0,86400.0,PTVRP_LAYERED,7803.0,1,0.000002900,0.000002900,0.0000,1,0.006193
Instances/Instances 2/bier127_01.gt,126,20.0,86400.0,PTVRP_LAYERED,1285131.0,74,0.000048200,0.000048200,0.0000,1,0.006934
Instances/Instances 2/bier127_02.gt,126,40.0,86400.0,PTVRP_LAYERED,732831.0,60,0.000042300,0.000042300,0.0000,1,0.006259
Instances/Instances 2/bier127_03.gt,126,100.0,86400.0,PTVRP_LAYERED,325803.0,38,0.000030900,0.000030900,0.0000,1,0.005357
Instances/Instances 2/bier127_04.gt,126,200.0,86400.0,PTVRP_LAYERED,217579.0,18,0.000021700,0.000021700,0.0000,1,0.005275
Instances/Instances 2/bier127_05.gt,126,400.0,86400.0,PTVRP_LAYERED,158074.0,10,0.000016900,0.000016900,0.0000,1,0.005699
Instances/Instances 2/bier127_06.gt,126,1000.0,86400.0,PTVRP_LAYERED,129911.0,4,0.000010900,0.000010900,0.0000,1,0.006407
Instances/Instances 2/bier127_07.gt,126,2000.0,86400.0,PTVRP_LAYERED,126048.0,2,0.000007700,0.000007700,0.0000,1,0.006036
Instances/Instances 2/bier127_08.gt,126,4000.0,86400.0,PTVRP_LAYERED,126048.0,2,0.000006500,0.000006500,0.0000,1,0.005804
Instances/Instances 2/bier127_09.gt,126,10000.0,86400.0,PTVRP_LAYERED,126048.0,2,0.000007300,0.000007300,0.0000,1,0.006407
Instances/Instances 2/bier127_10.gt,126,20000.0,86400.0,PTVRP_LAYERED,126048.0,2,0.000007200,0.000007200,0.0000,1,0.006389
Instances/Instances 2/bm33708_01.gt,33707,20.0,86400.0,PTVRP_LAYERED,266607781.0,9733,0.023557700,0.023557700,0.0000,1,0.051347
Instances/Instances 2/bm33708_02.gt,33707,40.0,86400.0,PTVRP_LAYERED,133799378.0,6827,0.023650700,0.023650700,0.0000,1,0.056492
Instances/Instances 2/bm33708_03.gt,33707,100.0,86400.0,PTVRP_LAYERED,54459415.0,4689,0.020057401,0.020057401,0.0000,1,0.054637
Instances/Instances 2/bm33708_04.gt,33707,200.0,86400.0,PTVRP_LAYERED,27637382.0,3325,0.017302701,0.017302701,0.0000,1,0.051366
Instances/Instances 2/bm33708_05.gt,33707,400.0,86400.0,PTVRP_LAYERED,14181009.0,2096,0.015270900,0.015270900,0.0000,1,0.04423
Instances/Instances 2/bm33708_06.gt,33707,1000.0,86400.0,PTVRP_LAYERED,6125752.0,878,0.013726200,0.013726200,0.0000,1,0.049119
Instances/Instances 2/bm33708_07.gt,33707,2000.0,86400.0,PTVRP_LAYERED,3525039.0,440,0.009265900,0.009265900,0.0000,1,0.039594
Instances/Instances 2/bm33708_08.gt,33707,4000.0,86400.0,PTVRP_LAYERED,2222571.0,220,0.007346000,0.007346000,0.0000,1,0.039355
Instances/Instances 2/bm33708_09.gt,33707,10000.0,86400.0,PTVRP_LAYERED,1447859.0,89,0.005412700,0.005412700,0.0000,1,0.03464
Instances/Instances 2/bm33708_10.gt,33707,20000.0,86400.0,PTVRP_LAYERED,1193768.0,46,0.004267000,0.004267000,0.0000,1,0.037685
Instances/Instances 2/brd14051_01.gt,14050,20.0,86400.0,PTVRP_LAYERED,81780746.0,4064,0.010060400,0.010060400,0.0000,1,0.025938
Instances/Instances 2/brd14051_02.gt,14050,40.0,86400.0,PTVRP_LAYERED,41126740.0,3140,0.010576601,0.010576601,0.0000,1,0.027703
Instances/Instances 2/brd14051_03.gt,14050,100.0,86400.0,PTVRP_LAYERED,16827003.0,2170,0.008930000,0.008930000,0.0000,1,0.024623
Instances/Instances 2/brd14051_04.gt,14050,200.0,86400.0,PTVRP_LAYERED,8657069.0,1466,0.007694701,0.007694701,0.0000,1,0.025632
Instances/Instances 2/brd14051_05.gt,14050,400.0,86400.0,PTVRP_LAYERED,4494231.0,902,0.006502500,0.006502500,0.0000,1,0.023397
Instances/Instances 2/brd14051_06.gt,14050,1000.0,86400.0,PTVRP_LAYERED,2039632.0,367,0.004784301,0.004784301,0.0000,1,0.02275
Instances/Instances 2/brd14051_07.gt,14050,2000.0,86400.0,PTVRP_LAYERED,1239364.0,186,0.003761500,0.003761500,0.0000,1,0.01959
Instances/Instances 2/brd14051_08.gt,14050,4000.0,86400.0,PTVRP_LAYERED,849957.0,94,0.002928900,0.002928900,0.0000,1,0.018829
Instances/Instances 2/brd14051_09.gt,14050,10000.0,86400.0,PTVRP_LAYERED,613164.0,39,0.002143300,0.002143300,0.0000,1,0.017548
Instances/Instances 2/brd14051_10.gt,14050,20000.0,86400.0,PTVRP_LAYERED,535031.0,20,0.001693200,0.001693200,0.0000,1,0.01528
Instances/Instances 2/ca4663_01.gt,4662,20.0,86400.0,PTVRP_LAYERED,NO SOLUTION,,0.000633700,0.000633700,0.0000,1,0.009172
Instances/Instances 2/ca4663_02.gt,4662,40.0,86400.0,PTVRP_LAYERED,NO SOLUTION,,0.000662500,0.000662500,0.0000,1,0.009258
Instances/Instances 2/ca4663_03.gt,4662,100.0,86400.0,PTVRP_LAYERED,NO SOLUTION,,0.000600300,0.000600300,0.0000,1,0.009586
Instances/Instances 2/ca4663_04.gt,4662,200.0,86400.0,PTVRP_LAYERED,NO SOLUTION,,0.000556500,0.000556500,0.0000,1,0.009238
Instances/Instances 2/ca4663_05.gt,4662,400.0,86400.0,PTVRP_LAYERED,NO SOLUTION,,0.000508100,0.000508100,0.0000,1,0.008039
Instances/Instances 2/ca4663_06.gt,4662,1000.0,86400.0,PTVRP_LAYERED,NO SOLUTION,,0.000470200,0.000470200,0.0000,1,0.00894
Instances/Instances 2/ca4663_07.gt,4662,2000.0,86400.0,PTVRP_LAYERED,NO SOLUTION,,0.000400500,0.000400500,0.0000,1,0.008135
Instances/Instances 2/ca4663_08.gt,4662,4000.0,86400.0,PTVRP_LAYERED,NO SOLUTION,,0.000360800,0.000360800,0.0000,1,0.008515
Instances/Instances 2/ca4663_09.gt,4662,10000.0,86400.0,PTVRP_LAYERED,NO SOLUTION,,0.000353400,0.000353400,0.0000,1,0.009128
Instances/Instances 2/ca4663_10.gt,4662,20000.0,86400.0,PTVRP_LAYERED,NO SOLUTION,,0.000348000,0.000348000,0.0000,1,0.007897
Instances/Instances 2/ch130_01.gt,129,20.0,86400.0,PTVRP_LAYERED,97546.0,65,0.000140100,0.000140100,0.0000,1,0.005896
Instances/Instances 2/ch130_02.gt,129,40.0,86400.0,PTVRP_LAYERED,53970.0,54,0.000109900,0.000109900,0.0000,1,0.006089
Instances/Instances 2/ch130_03.gt,129,100.0,86400.0,PTVRP_LAYERED,23296.0,33,0.000072700,0.000072700,0.0000,1,0.006562
Instances/Instances 2/ch130_04.gt,129,200.0,86400.0,PTVRP_LAYERED,15027.0,21,0.000044800,0.000044800,0.0000,1,0.006657
Instances/Instances 2/ch130_05.gt,129,400.0,86400.0,PTVRP_LAYERED,9679.0,9,0.000026000,0.000026000,0.0000,1,0.005728
Instances/Instances 2/ch130_06.gt,129,1000.0,86400.0,PTVRP_LAYERED,6878.0,4,0.000013900,0.000013900,0.0000,1,0.005079
Instances/Instances 2/ch130_07.gt,129,2000.0,86400.0,PTVRP_LAYERED,6533.0,2,0.000009000,0.000009000,0.0000,1,0.005047
Instances/Instances 2/ch130_08.gt,129,4000.0,86400.0,PTVRP_LAYERED,6291.0,1,0.000006400,0.000006400,0.0000,1,0.006053
Instances/Instances 2/ch130_09.gt,129,10000.0,86400.0,PTVRP_LAYERED,6291.0,1,0.000006200,0.000006200,0.0000,1,0.006107
Instances/Instances 2/ch130_10.gt,129,20000.0,86400.0,PTVRP_LAYERED,6291.0,1,0.000005800,0.000005800,0.0000,1,0.005584
Instances/Instances 2/ch150_01.gt,149,20.0,86400.0,PTVRP_LAYERED,125618.0,83,0.000166300,0.000166300,0.0000,1,0.00611
Instances/Instances 2/ch150_02.gt,149,40.0,86400.0,PTVRP_LAYERED,57340.0,63,0.000135200,0.000135200,0.0000,1,0.005489
Instances/Instances 2/ch150_03.gt,149,100.0,86400.0,PTVRP_LAYERED,26227.0,40,0.000086600,0.000086600,0.0000,1,0.005087
Instances/Instances 2/ch150_04.gt,149,200.0,86400.0,PTVRP_LAYERED,16318.0,20,0.000054900,0.000054900,0.0000,1,0.005843
Instances/Instances 2/ch150_05.gt,149,400.0,86400.0,PTVRP_LAYERED,10933.0,11,0.000034000,0.000034000,0.0000,1,0.005877
Instances/Instances 2/ch150_06.gt,149,1000.0,86400.0,PTVRP_LAYERED,8110.0,5,0.000016500,0.000016500,0.0000,1,0.00676
Instances/Instances 2/ch150_07.gt,149,2000.0,86400.0,PTVRP_LAYERED,7598.0,3,0.000011000,0.000011000,0.0000,1,0.005512
Instances/Instances 2/ch150_08.gt,149,4000.0,86400.0,PTVRP_LAYERED,7281.0,1,0.000007400,0.000007400,0.0000,1,0.006442
Instances/Instances 2/ch150_09.gt,149,10000.0,86400.0,PTVRP_LAYERED,7281.0,1,0.000006700,0.000006700,0.0000,1,0.005581
Instances/Instances 2/ch150_10.gt,149,20000.0,86400.0,PTVRP_LAYERED,7281.0,1,0.000007100,0.000007100,0.0000,1,0.005773
Instances/Instances 2/ch71009_01.gt,71008,20.0,86400.0,PTVRP_LAYERED,NO SOLUTION,,0.020200201,0.020200201,0.0000,1,0.071717
Instances/Instances 2/ch71009_02.gt,71008,40.0,86400.0,PTVRP_LAYERED,NO SOLUTION,,0.023504200,0.023504200,0.0000,1,0.0843
Instances/Instances 2/ch71009_03.gt,71008,100.0,86400.0,PTVRP_LAYERED,314780250.0,10214,0.021848801,0.021848801,0.0000,1,0.07906
Instances/Instances 2/ch71009_04.gt,71008,200.0,86400.0,PTVRP_LAYERED,157461685.0,6636,0.020350801,0.020350801,0.0000,1,0.086582
Instances/Instances 2/ch71009_05.gt,71008,400.0,86400.0,PTVRP_LAYERED,80096350.0,4204,0.018788900,0.018788900,0.0000,1,0.078896
Instances/Instances 2/ch71009_06.gt,71008,1000.0,86400.0,PTVRP_LAYERED,34240708.0,1841,0.015740301,0.015740301,0.0000,1,0.07265
Instances/Instances 2/ch71009_07.gt,71008,2000.0,86400.0,PTVRP_LAYERED,19363856.0,920,0.013606200,0.013606200,0.0000,1,0.065045
Instances/Instances 2/ch71009_08.gt,71008,4000.0,86400.0,PTVRP_LAYERED,12256165.0,468,0.010799100,0.010799100,0.0000,1,0.062823
Instances/Instances 2/ch71009_09.gt,71008,10000.0,86400.0,PTVRP_LAYERED,8265565.0,205,0.008270900,0.008270900,0.0000,1,0.065406
Instances/Instances 2/ch71009_10.gt,71008,20000.0,86400.0,PTVRP_LAYERED,7106010.0,120,0.006488400,0.006488400,0.0000,1,0.073399
Instances/Instances 2/d1291_01.gt,1290,20.0,86400.0,PTVRP_LAYERED,3596492.0,488,0.001232600,0.001232600,0.0000,1,0.012021
Instances/Instances 2/d1291_02.gt,1290,40.0,86400.0,PTVRP_LAYERED,1680169.0,377,0.001214300,0.001214300,0.0000,1,0.010444
Instances/Instances 2/d1291_03.gt,1290,100.0,86400.0,PTVRP_LAYERED,734697.0,249,0.000942000,0.000942000,0.0000,1,0.008818
Instances/Instances 2/d1291_04.gt,1290,200.0,86400.0,PTVRP_LAYERED,377356.0,161,0.000738400,0.000738400,0.0000,1,0.008619
Instances/Instances 2/d1291_05.gt,1290,400.0,86400.0,PTVRP_LAYERED,210524.0,86,0.000537000,0.000537000,0.0000,1,0.007856
Instances/Instances 2/d1291_06.gt,1290,1000.0,86400.0,PTVRP_LAYERED,111323.0,34,0.000351500,0.000351500,0.0000,1,0.00659
Instances/Instances 2/d1291_07.gt,1290,2000.0,86400.0,PTVRP_LAYERED,79274.0,18,0.000248500,0.000248500,0.0000,1,0.006026
Instances/Instances 2/d1291_08.gt,1290,4000.0,86400.0,PTVRP_LAYERED,62440.0,10,0.000178100,0.000178100,0.0000,1,0.005984
Instances/Instances 2/d1291_09.gt,1290,10000.0,86400.0,PTVRP_LAYERED,56230.0,5,0.000090000,0.000090000,0.0000,1,0.006153
Instances/Instances 2/d1291_10.gt,1290,20000.0,86400.0,PTVRP_LAYERED,53710.0,2,0.000066100,0.000066100,0.0000,1,0.006712
Instances/Instances 2/d15112_01.gt,15111,20.0,86400.0,PTVRP_LAYERED,269951897.0,6659,0.005465200,0.005465200,0.0000,1,0.02078
Instances/Instances 2/d15112_02.gt,15111,40.0,86400.0,PTVRP_LAYERED,133937531.0,4194,0.005563000,0.005563000,0.0000,1,0.024272
Instances/Instances 2/d15112_03.gt,15111,100.0,86400.0,PTVRP_LAYERED,53486510.0,2389,0.004815400,0.004815400,0.0000,1,0.025
Instances/Instances 2/d15112_04.gt,15111,200.0,86400.0,PTVRP_LAYERED,27562281.0,1659,0.004350600,0.004350600,0.0000,1,0.022595
Instances/Instances 2/d15112_05.gt,15111,400.0,86400.0,PTVRP_LAYERED,14243316.0,970,0.003730800,0.003730800,0.0000,1,0.02082
Instances/Instances 2/d15112_06.gt,15111,1000.0,86400.0,PTVRP_LAYERED,6567888.0,398,0.002997000,0.002997000,0.0000,1,0.018209
Instances/Instances 2/d15112_07.gt,15111,2000.0,86400.0,PTVRP_LAYERED,4004594.0,200,0.002441100,0.002441100,0.0000,1,0.01796
Instances/Instances 2/d15112_08.gt,15111,4000.0,86400.0,PTVRP_LAYERED,2765033.0,101,0.002038100,0.002038100,0.0000,1,0.016016
Instances/Instances 2/d15112_09.gt,15111,10000.0,86400.0,PTVRP_LAYERED,2023634.0,41,0.001408600,0.001408600,0.0000,1,0.015517
Instances/Instances 2/d15112_10.gt,15111,20000.0,86400.0,PTVRP_LAYERED,1833096.0,24,0.001176600,0.001176600,0.0000,1,0.015315
Instances/Instances 2/d1655_01.gt,1654,20.0,86400.0,PTVRP_LAYERED,4311096.0,614,0.001629100,0.001629100,0.0000,1,0.007714
Instances/Instances 2/d1655_02.gt,1654,40.0,86400.0,PTVRP_LAYERED,2292931.0,492,0.001633900,0.001633900,0.0000,1,0.008253
Instances/Instances 2/d1655_03.gt,1654,100.0,86400.0,PTVRP_LAYERED,916468.0,329,0.001288900,0.001288900,0.0000,1,0.007586
Instances/Instances 2/d1655_04.gt,1654,200.0,86400.0,PTVRP_LAYERED,485112.0,211,0.000994100,0.000994100,0.0000,1,0.007129
Instances/Instances 2/d1655_05.gt,1654,400.0,86400.0,PTVRP_LAYERED,266111.0,111,0.000770000,0.000770000,0.0000,1,0.007544
Instances/Instances 2/d1655_06.gt,1654,1000.0,86400.0,PTVRP_LAYERED,139820.0,45,0.000511901,0.000511901,0.0000,1,0.007874
Instances/Instances 2/d1655_07.gt,1654,2000.0,86400.0,PTVRP_LAYERED,99903.0,23,0.000338600,0.000338600,0.0000,1,0.00808
Instances/Instances 2/d1655_08.gt,1654,4000.0,86400.0,PTVRP_LAYERED,78957.0,12,0.000264000,0.000264000,0.0000,1,0.007366
Instances/Instances 2/d1655_09.gt,1654,10000.0,86400.0,PTVRP_LAYERED,68355.0,5,0.000152200,0.000152200,0.0000,1,0.007487
Instances/Instances 2/d1655_10.gt,1654,20000.0,86400.0,PTVRP_LAYERED,66176.0,3,0.000106700,0.000106700,0.0000,1,0.006492
Instances/Instances 2/d18512_01.gt,18511,20.0,86400.0,PTVRP_LAYERED,116490296.0,5262,0.012912701,0.012912701,0.0000,1,0.029586
Instances/Instances 2/d18512_02.gt,18511,40.0,86400.0,PTVRP_LAYERED,58396177.0,4141,0.012839800,0.012839800,0.0000,1,0.033345
Instances/Instances 2/d18512_03.gt,18511,100.0,86400.0,PTVRP_LAYERED,24156640.0,2808,0.011013200,0.011013200,0.0000,1,0.03231
Instances/Instances 2/d18512_04.gt,18511,200.0,86400.0,PTVRP_LAYERED,12294558.0,1964,0.009555001,0.009555001,0.0000,1,0.030502
Instances/Instances 2/d18512_05.gt,18511,400.0,86400.0,PTVRP_LAYERED,6379099.0,1180,0.008111300,0.008111300,0.0000,1,0.02756
Instances/Instances 2/d18512_06.gt,18511,1000.0,86400.0,PTVRP_LAYERED,2882003.0,485,0.006113800,0.006113800,0.0000,1,0.025862
Instances/Instances 2/d18512_07.gt,18511,2000.0,86400.0,PTVRP_LAYERED,1735095.0,243,0.004756100,0.004756100,0.0000,1,0.026149
Instances/Instances 2/d18512_08.gt,18511,4000.0,86400.0,PTVRP_LAYERED,1184655.0,123,0.003730100,0.003730100,0.0000,1,0.023817
Instances/Instances 2/d18512_09.gt,18511,10000.0,86400.0,PTVRP_LAYERED,851731.0,52,0.002424900,0.002424900,0.0000,1,0.023961
Instances/Instances 2/d18512_10.gt,18511,20000.0,86400.0,PTVRP_LAYERED,742654.0,26,0.002294500,0.002294500,0.0000,1,0.023656
Instances/Instances 2/d198_01.gt,197,20.0,86400.0,PTVRP_LAYERED,391429.0,92,0.000201000,0.000201000,0.0000,1,0.007907
Instances/Instances 2/d198_02.gt,197,40.0,86400.0,PTVRP_LAYERED,216237.0,66,0.000159600,0.000159600,0.0000,1,0.006493
Instances/Instances 2/d198_03.gt,197,100.0,86400.0,PTVRP_LAYERED,91745.0,51,0.000107100,0.000107100,0.0000,1,0.006671
Instances/Instances 2/d198_04.gt,197,200.0,86400.0,PTVRP_LAYERED,50591.0,28,0.000072700,0.000072700,0.0000,1,0.005791
Instances/Instances 2/d198_05.gt,197,400.0,86400.0,PTVRP_LAYERED,30885.0,15,0.000051100,0.000051100,0.0000,1,0.006154
Instances/Instances 2/d198_06.gt,197,1000.0,86400.0,PTVRP_LAYERED,20362.0,6,0.000025400,0.000025400,0.0000,1,0.006016
Instances/Instances 2/d198_07.gt,197,2000.0,86400.0,PTVRP_LAYERED,17770.0,3,0.000016400,0.000016400,0.0000,1,0.00562
Instances/Instances 2/d198_08.gt,197,4000.0,86400.0,PTVRP_LAYERED,17528.0,2,0.000010300,0.000010300,0.0000,1,0.007152
Instances/Instances 2/d198_09.gt,197,10000.0,86400.0,PTVRP_LAYERED,17527.0,1,0.000008100,0.000008100,0.0000,1,0.00691
Instances/Instances 2/d198_10.gt,197,20000.0,86400.0,PTVRP_LAYERED,17527.0,1,0.000007600,0.000007600,0.0000,1,0.006075
Instances/Instances 2/d2103_01.gt,2102,20.0,86400.0,PTVRP_LAYERED,6627894.0,737,0.001790300,0.001790300,0.0000,1,0.008441
Instances/Instances 2/d2103_02.gt,2102,40.0,86400.0,PTVRP_LAYERED,3352463.0,617,0.001785800,0.001785800,0.0000,1,0.010184
Instances/Instances 2/d2103_03.gt,2102,100.0,86400.0,PTVRP_LAYERED,1414941.0,401,0.001487100,0.001487100,0.0000,1,0.011027
Instances/Instances 2/d2103_04.gt,2102,200.0,86400.0,PTVRP_LAYERED,717586.0,261,0.001176500,0.001176500,0.0000,1,0.008206
Instances/Instances 2/d2103_05.gt,2102,400.0,86400.0,PTVRP_LAYERED,391265.0,141,0.000913900,0.000913900,0.0000,1,0.00951
Instances/Instances 2/d2103_06.gt,2102,1000.0,86400.0,PTVRP_LAYERED,199307.0,56,0.000614800,0.000614800,0.0000,1,0.009623
Instances/Instances 2/d2103_07.gt,2102,2000.0,86400.0,PTVRP_LAYERED,132609.0,32,0.000448300,0.000448300,0.0000,1,0.008212
Instances/Instances 2/d2103_08.gt,2102,4000.0,86400.0,PTVRP_LAYERED,106870.0,16,0.000366700,0.000366700,0.0000,1,0.007341
Instances/Instances 2/d2103_09.gt,2102,10000.0,86400.0,PTVRP_LAYERED,91582.0,6,0.000206600,0.000206600,0.0000,1,0.007155
Instances/Instances 2/d2103_10.gt,2102,20000.0,86400.0,PTVRP_LAYERED,86881.0,3,0.000159100,0.000159100,0.0000,1,0.00731
Instances/Instances 2/d493_01.gt,492,20.0,86400.0,PTVRP_LAYERED,971521.0,222,0.000499400,0.000499400,0.0000,1,0.006032
Instances/Instances 2/d493_02.gt,492,40.0,86400.0,PTVRP_LAYERED,492442.0,167,0.000455200,0.000455200,0.0000,1,0.006146
Instances/Instances 2/d493_03.gt,492,100.0,86400.0,PTVRP_LAYERED,219972.0,117,0.000335600,0.000335600,0.0000,1,0.005827
Instances/Instances 2/d493_04.gt,492,200.0,86400.0,PTVRP_LAYERED,120902.0,70,0.000236400,0.000236400,0.0000,1,0.006527
Instances/Instances 2/d493_05.gt,492,400.0,86400.0,PTVRP_LAYERED,76085.0,34,0.000170800,0.000170800,0.0000,1,0.005959
Instances/Instances 2/d493_06.gt,492,1000.0,86400.0,PTVRP_LAYERED,51097.0,16,0.000105400,0.000105400,0.0000,1,0.006977
Instances/Instances 2/d493_07.gt,492,2000.0,86400.0,PTVRP_LAYERED,42824.0,8,0.000069200,0.000069200,0.0000,1,0.005569
Instances/Instances 2/d493_08.gt,492,4000.0,86400.0,PTVRP_LAYERED,38821.0,4,0.000038400,0.000038400,0.0000,1,0.00545
Instances/Instances 2/d493_09.gt,492,10000.0,86400.0,PTVRP_LAYERED,37916.0,2,0.000022400,0.000022400,0.0000,1,0.007238
Instances/Instances 2/d493_10.gt,492,20000.0,86400.0,PTVRP_LAYERED,37734.0,1,0.000017300,0.000017300,0.0000,1,0.007021
Instances/Instances 2/d657_01.gt,656,20.0,86400.0,PTVRP_LAYERED,1705077.0,300,0.000558100,0.000558100,0.0000,1,0.008162
Instances/Instances 2/d657_02.gt,656,40.0,86400.0,PTVRP_LAYERED,904230.0,215,0.000523200,0.000523200,0.0000,1,0.007791
Instances/Instances 2/d657_03.gt,656,100.0,86400.0,PTVRP_LAYERED,386558.0,157,0.000395900,0.000395900,0.0000,1,0.008001
Instances/Instances 2/d657_04.gt,656,200.0,86400.0,PTVRP_LAYERED,214602.0,91,0.000293100,0.000293100,0.0000,1,0.007964
Instances/Instances 2/d657_05.gt,656,400.0,86400.0,PTVRP_LAYERED,128670.0,46,0.000211800,0.000211800,0.0000,1,0.006483
Instances/Instances 2/d657_06.gt,656,1000.0,86400.0,PTVRP_LAYERED,75840.0,18,0.000133500,0.000133500,0.0000,1,0.006319
Instances/Instances 2/d657_07.gt,656,2000.0,86400.0,PTVRP_LAYERED,61209.0,10,0.000101400,0.000101400,0.0000,1,0.006283
Instances/Instances 2/d657_08.gt,656,4000.0,86400.0,PTVRP_LAYERED,55332.0,6,0.000067400,0.000067400,0.0000,1,0.005793
Instances/Instances 2/d657_09.gt,656,10000.0,86400.0,PTVRP_LAYERED,52507.0,2,0.000066800,0.000066800,0.0000,1,0.005678
Instances/Instances 2/d657_10.gt,656,20000.0,86400.0,PTVRP_LAYERED,52008.0,1,0.000022500,0.000022500,0.0000,1,0.00662
Instances/Instances 2/dj38_01.gt,37,20.0,86400.0,PTVRP_LAYERED,66218.0,22,0.000028000,0.000028000,0.0000,1,0.007103
Instances/Instances 2/dj38_02.gt,37,40.0,86400.0,PTVRP_LAYERED,34694.0,19,0.000019900,0.000019900,0.0000,1,0.006757
Instances/Instances 2/dj38_03.gt,37,100.0,86400.0,PTVRP_LAYERED,16366.0,13,0.000011500,0.000011500,0.0000,1,0.005805
Instances/Instances 2/dj38_04.gt,37,200.0,86400.0,PTVRP_LAYERED,10402.0,5,0.000007000,0.000007000,0.0000,1,0.00486
Instances/Instances 2/dj38_05.gt,37,400.0,86400.0,PTVRP_LAYERED,8754.0,3,0.000005200,0.000005200,0.0000,1,0.00595
Instances/Instances 2/dj38_06.gt,37,1000.0,86400.0,PTVRP_LAYERED,8048.0,1,0.000002400,0.000002400,0.0000,1,0.005689
Instances/Instances 2/dj38_07.gt,37,2000.0,86400.0,PTVRP_LAYERED,8048.0,1,0.000002500,0.000002500,0.0000,1,0.004838
Instances/Instances 2/dj38_08.gt,37,4000.0,86400.0,PTVRP_LAYERED,8048.0,1,0.000002600,0.000002600,0.0000,1,0.005834
Instances/Instances 2/dj38_09.gt,37,10000.0,86400.0,PTVRP_LAYERED,8048.0,1,0.000002600,0.000002600,0.0000,1,0.00531
Instances/Instances 2/dj38_10.gt,37,20000.0,86400.0,PTVRP_LAYERED,8048.0,1,0.000002500,0.000002500,0.0000,1,0.006134
Instances/Instances 2/eg7146_01.gt,7145,20.0,86400.0,PTVRP_LAYERED,28407450.0,2097,0.007549000,0.007549000,0.0000,1,0.016888
Instances/Instances 2/eg7146_02.gt,7145,40.0,86400.0,PTVRP_LAYERED,14207749.0,1535,0.007750701,0.007750701,0.0000,1,0.019677
Instances/Instances 2/eg7146_03.gt,7145,100.0,86400.0,PTVRP_LAYERED,5892326.0,1079,0.006389600,0.006389600,0.0000,1,0.019382
Instances/Instances 2/eg7146_04.gt,7145,200.0,86400.0,PTVRP_LAYERED,2974089.0,749,0.005425400,0.005425400,0.0000,1,0.018138
Instances/Instances 2/eg7146_05.gt,7145,400.0,86400.0,PTVRP_LAYERED,1567167.0,452,0.004256400,0.004256400,0.0000,1,0.018121
Instances/Instances 2/eg7146_06.gt,7145,1000.0,86400.0,PTVRP_LAYERED,710511.0,185,0.003029500,0.003029500,0.0000,1,0.016418
Instances/Instances 2/eg7146_07.gt,7145,2000.0,86400.0,PTVRP_LAYERED,437254.0,95,0.002278100,0.002278100,0.0000,1,0.013851
Instances/Instances 2/eg7146_08.gt,7145,4000.0,86400.0,PTVRP_LAYERED,303674.0,48,0.001771200,0.001771200,0.0000,1,0.013676
Instances/Instances 2/eg7146_09.gt,7145,10000.0,86400.0,PTVRP_LAYERED,223379.0,19,0.001202300,0.001202300,0.0000,1,0.013884
Instances/Instances 2/eg7146_10.gt,7145,20000.0,86400.0,PTVRP_LAYERED,199939.0,10,0.000958100,0.000958100,0.0000,1,0.010559
Instances/Instances 2/ei8246_01.gt,8245,20.0,86400.0,PTVRP_LAYERED,28936243.0,2514,0.008416901,0.008416901,0.0000,1,0.020736
Instances/Instances 2/ei8246_02.gt,8245,40.0,86400.0,PTVRP_LAYERED,14622345.0,2001,0.008227600,0.008227600,0.0000,1,0.024247
Instances/Instances 2/ei8246_03.gt,8245,100.0,86400.0,PTVRP_LAYERED,6008994.0,1350,0.006816300,0.006816300,0.0000,1,0.020841
Instances/Instances 2/ei8246_04.gt,8245,200.0,86400.0,PTVRP_LAYERED,3076480.0,944,0.005685900,0.005685900,0.0000,1,0.017341
Instances/Instances 2/ei8246_05.gt,8245,400.0,86400.0,PTVRP_LAYERED,1614603.0,542,0.004531500,0.004531500,0.0000,1,0.017476
Instances/Instances 2/ei8246_06.gt,8245,1000.0,86400.0,PTVRP_LAYERED,753096.0,219,0.003193001,0.003193001,0.0000,1,0.016883
Instances/Instances 2/ei8246_07.gt,8245,2000.0,86400.0,PTVRP_LAYERED,473063.0,110,0.002445900,0.002445900,0.0000,1,0.016023
Instances/Instances 2/ei8246_08.gt,8245,4000.0,86400.0,PTVRP_LAYERED,333565.0,55,0.001811100,0.001811100,0.0000,1,0.01491
Instances/Instances 2/ei8246_09.gt,8245,10000.0,86400.0,PTVRP_LAYERED,253168.0,25,0.001329400,0.001329400,0.0000,1,0.015967
Instances/Instances 2/ei8246_10.gt,8245,20000.0,86400.0,PTVRP_LAYERED,228570.0,13,0.000946200,0.000946200,0.0000,1,0.014353
Instances/Instances 2/eil101_01.gt,100,20.0,86400.0,PTVRP_LAYERED,8224.0,63,0.000173000,0.000173000,0.0000,1,0.007261
Instances/Instances 2/eil101_02.gt,100,40.0,86400.0,PTVRP_LAYERED,3976.0,52,0.000102500,0.000102500,0.0000,1,0.006324
Instances/Instances 2/eil101_03.gt,100,100.0,86400.0,PTVRP_LAYERED,1933.0,29,0.000049200,0.000049200,0.0000,1,0.005682
Instances/Instances 2/eil101_04.gt,100,200.0,86400.0,PTVRP_LAYERED,1153.0,15,0.000028300,0.000028300,0.0000,1,0.006911
Instances/Instances 2/eil101_05.gt,100,400.0,86400.0,PTVRP_LAYERED,901.0,9,0.000019700,0.000019700,0.0000,1,0.005565
Instances/Instances 2/eil101_06.gt,100,1000.0,86400.0,PTVRP_LAYERED,706.0,5,0.000008300,0.000008300,0.0000,1,0.005251
Instances/Instances 2/eil101_07.gt,100,2000.0,86400.0,PTVRP_LAYERED,664.0,3,0.000006100,0.000006100,0.0000,1,0.00495
Instances/Instances 2/eil101_08.gt,100,4000.0,86400.0,PTVRP_LAYERED,652.0,2,0.000005500,0.000005500,0.0000,1,0.006538
Instances/Instances 2/eil101_09.gt,100,10000.0,86400.0,PTVRP_LAYERED,652.0,2,0.000004900,0.000004900,0.0000,1,0.006962
Instances/Instances 2/eil101_10.gt,100,20000.0,86400.0,PTVRP_LAYERED,652.0,2,0.000005300,0.000005300,0.0000,1,0.006309
Instances/Instances 2/eil51_01.gt,50,20.0,86400.0,PTVRP_LAYERED,3528.0,33,0.000055200,0.000055200,0.0000,1,0.006227
Instances/Instances 2/eil51_02.gt,50,40.0,86400.0,PTVRP_LAYERED,2134.0,29,0.000033400,0.000033400,0.0000,1,0.004959
Instances/Instances 2/eil51_03.gt,50,100.0,86400.0,PTVRP_LAYERED,942.0,16,0.000017600,0.000017600,0.0000,1,0.006196
Instances/Instances 2/eil51_04.gt,50,200.0,86400.0,PTVRP_LAYERED,673.0,8,0.000010900,0.000010900,0.0000,1,0.00519
Instances/Instances 2/eil51_05.gt,50,400.0,86400.0,PTVRP_LAYERED,484.0,3,0.000005800,0.000005800,0.0000,1,0.005518
Instances/Instances 2/eil51_06.gt,50,1000.0,86400.0,PTVRP_LAYERED,443.0,2,0.000004100,0.000004100,0.0000,1,0.00516
Instances/Instances 2/eil51_07.gt,50,2000.0,86400.0,PTVRP_LAYERED,442.0,1,0.000003000,0.000003000,0.0000,1,0.005369
Instances/Instances 2/eil51_08.gt,50,4000.0,86400.0,PTVRP_LAYERED,442.0,1,0.000003000,0.000003000,0.0000,1,0.005358
Instances/Instances 2/eil51_09.gt,50,10000.0,86400.0,PTVRP_LAYERED,442.0,1,0.000003300,0.000003300,0.0000,1,0.00552
Instances/Instances 2/eil51_10.gt,50,20000.0,86400.0,PTVRP_LAYERED,442.0,1,0.000002900,0.000002900,0.0000,1,0.005313
Instances/Instances 2/eil76_01.gt,75,20.0,86400.0,PTVRP_LAYERED,5405.0,51,0.000108700,0.000108700,0.0000,1,0.005848
Instances/Instances 2/eil76_02.gt,75,40.0,86400.0,PTVRP_LAYERED,2966.0,40,0.000064500,0.000064500,0.0000,1,0.004981
Instances/Instances 2/eil76_03.gt,75,100.0,86400.0,PTVRP_LAYERED,1379.0,22,0.000029900,0.000029900,0.0000,1,0.005435
Instances/Instances 2/eil76_04.gt,75,200.0,86400.0,PTVRP_LAYERED,924.0,11,0.000021600,0.000021600,0.0000,1,0.00584
Instances/Instances 2/eil76_05.gt,75,400.0,86400.0,PTVRP_LAYERED,715.0,6,0.000011500,0.000011500,0.0000,1,0.006396
Instances/Instances 2/eil76_06.gt,75,1000.0,86400.0,PTVRP_LAYERED,589.0,2,0.000006100,0.000006100,0.0000,1,0.005047
Instances/Instances 2/eil76_07.gt,75,2000.0,86400.0,PTVRP_LAYERED,574.0,2,0.000004900,0.000004900,0.0000,1,0.005877
Instances/Instances 2/eil76_08.gt,75,4000.0,86400.0,PTVRP_LAYERED,573.0,1,0.000003700,0.000003700,0.0000,1,0.005704
Instances/Instances 2/eil76_09.gt,75,10000.0,86400.0,PTVRP_LAYERED,573.0,1,0.000003700,0.000003700,0.0000,1,0.00591
Instances/Instances 2/eil76_10.gt,75,20000.0,86400.0,PTVRP_LAYERED,573.0,1,0.000004700,0.000004700,0.0000,1,0.006085
Instances/Instances 2/fi10639_01.gt,10638,20.0,86400.0,PTVRP_LAYERED,83469131.0,3245,0.005869100,0.005869100,0.0000,1,0.017397
Instances/Instances 2/fi10639_02.gt,10638,40.0,86400.0,PTVRP_LAYERED,42483914.0,2404,0.006069700,0.006069700,0.0000,1,0.021761
Instances/Instances 2/fi10639_03.gt,10638,100.0,86400.0,PTVRP_LAYERED,17246871.0,1634,0.005217100,0.005217100,0.0000,1,0.020289
Instances/Instances 2/fi10639_04.gt,10638,200.0,86400.0,PTVRP_LAYERED,8819038.0,1191,0.004692700,0.004692700,0.0000,1,0.020351
Instances/Instances 2/fi10639_05.gt,10638,400.0,86400.0,PTVRP_LAYERED,4620832.0,676,0.003956900,0.003956900,0.0000,1,0.018238
Instances/Instances 2/fi10639_06.gt,10638,1000.0,86400.0,PTVRP_LAYERED,2119939.0,278,0.002991500,0.002991500,0.0000,1,0.017923
Instances/Instances 2/fi10639_07.gt,10638,2000.0,86400.0,PTVRP_LAYERED,1303746.0,141,0.002380800,0.002380800,0.0000,1,0.018465
Instances/Instances 2/fi10639_08.gt,10638,4000.0,86400.0,PTVRP_LAYERED,900413.0,71,0.001842400,0.001842400,0.0000,1,0.018575
Instances/Instances 2/fi10639_09.gt,10638,10000.0,86400.0,PTVRP_LAYERED,659467.0,30,0.001323300,0.001323300,0.0000,1,0.015988
Instances/Instances 2/fi10639_10.gt,10638,20000.0,86400.0,PTVRP_LAYERED,584344.0,15,0.001069800,0.001069800,0.0000,1,0.014738
Instances/Instances 2/fl1400_01.gt,1399,20.0,86400.0,PTVRP_LAYERED,3522838.0,314,0.001506400,0.001506400,0.0000,1,0.008196
Instances/Instances 2/fl1400_02.gt,1399,40.0,86400.0,PTVRP_LAYERED,1769282.0,266,0.001655601,0.001655601,0.0000,1,0.00846
Instances/Instances 2/fl1400_03.gt,1399,100.0,86400.0,PTVRP_LAYERED,753870.0,170,0.001302800,0.001302800,0.0000,1,0.008133
Instances/Instances 2/fl1400_04.gt,1399,200.0,86400.0,PTVRP_LAYERED,380135.0,126,0.001052700,0.001052700,0.0000,1,0.007757
Instances/Instances 2/fl1400_05.gt,1399,400.0,86400.0,PTVRP_LAYERED,190653.0,76,0.000831400,0.000831400,0.0000,1,0.007201
Instances/Instances 2/fl1400_06.gt,1399,1000.0,86400.0,PTVRP_LAYERED,89751.0,38,0.000532800,0.000532800,0.0000,1,0.006171
Instances/Instances 2/fl1400_07.gt,1399,2000.0,86400.0,PTVRP_LAYERED,54245.0,19,0.000343800,0.000343800,0.0000,1,0.007351
Instances/Instances 2/fl1400_08.gt,1399,4000.0,86400.0,PTVRP_LAYERED,35751.0,10,0.000231700,0.000231700,0.0000,1,0.006841
Instances/Instances 2/fl1400_09.gt,1399,10000.0,86400.0,PTVRP_LAYERED,25823.0,4,0.000119100,0.000119100,0.0000,1,0.006556
Instances/Instances 2/fl1400_10.gt,1399,20000.0,86400.0,PTVRP_LAYERED,22330.0,2,0.000069400,0.000069400,0.0000,1,0.006329
Instances/Instances 2/fl1577_01.gt,1576,20.0,86400.0,PTVRP_LAYERED,2552865.0,502,0.002363100,0.002363100,0.0000,1,0.008132
Instances/Instances 2/fl1577_02.gt,1576,40.0,86400.0,PTVRP_LAYERED,1312743.0,385,0.002294900,0.002294900,0.0000,1,0.008964
Instances/Instances 2/fl1577_03.gt,1576,100.0,86400.0,PTVRP_LAYERED,535804.0,272,0.001753600,0.001753600,0.0000,1,0.011073
Instances/Instances 2/fl1577_04.gt,1576,200.0,86400.0,PTVRP_LAYERED,273379.0,184,0.001340301,0.001340301,0.0000,1,0.00924
Instances/Instances 2/fl1577_05.gt,1576,400.0,86400.0,PTVRP_LAYERED,147500.0,103,0.000956300,0.000956300,0.0000,1,0.008631
Instances/Instances 2/fl1577_06.gt,1576,1000.0,86400.0,PTVRP_LAYERED,69712.0,43,0.000640600,0.000640600,0.0000,1,0.008468
Instances/Instances 2/fl1577_07.gt,1576,2000.0,86400.0,PTVRP_LAYERED,44544.0,21,0.000410500,0.000410500,0.0000,1,0.006969
Instances/Instances 2/fl1577_08.gt,1576,4000.0,86400.0,PTVRP_LAYERED,31748.0,12,0.000274800,0.000274800,0.0000,1,0.005995
Instances/Instances 2/fl1577_09.gt,1576,10000.0,86400.0,PTVRP_LAYERED,25242.0,5,0.000146200,0.000146200,0.0000,1,0.007472
Instances/Instances 2/fl1577_10.gt,1576,20000.0,86400.0,PTVRP_LAYERED,23781.0,3,0.000082900,0.000082900,0.0000,1,0.005965
Instances/Instances 2/fl3795_01.gt,3794,20.0,86400.0,PTVRP_LAYERED,6833040.0,986,0.006385200,0.006385200,0.0000,1,0.015186
Instances/Instances 2/fl3795_02.gt,3794,40.0,86400.0,PTVRP_LAYERED,3450239.0,762,0.006237900,0.006237900,0.0000,1,0.017806
Instances/Instances 2/fl3795_03.gt,3794,100.0,86400.0,PTVRP_LAYERED,1371508.0,508,0.005041900,0.005041900,0.0000,1,0.0139
Instances/Instances 2/fl3795_04.gt,3794,200.0,86400.0,PTVRP_LAYERED,700906.0,367,0.004038300,0.004038300,0.0000,1,0.015466
Instances/Instances 2/fl3795_05.gt,3794,400.0,86400.0,PTVRP_LAYERED,363328.0,240,0.003095200,0.003095200,0.0000,1,0.015106
Instances/Instances 2/fl3795_06.gt,3794,1000.0,86400.0,PTVRP_LAYERED,158905.0,100,0.002037300,0.002037300,0.0000,1,0.011798
Instances/Instances 2/fl3795_07.gt,3794,2000.0,86400.0,PTVRP_LAYERED,94468.0,52,0.001489400,0.001489400,0.0000,1,0.011086
Instances/Instances 2/fl3795_08.gt,3794,4000.0,86400.0,PTVRP_LAYERED,59550.0,27,0.001004700,0.001004700,0.0000,1,0.010096
Instances/Instances 2/fl3795_09.gt,3794,10000.0,86400.0,PTVRP_LAYERED,39814.0,11,0.000610800,0.000610800,0.0000,1,0.00911
Instances/Instances 2/fl3795_10.gt,3794,20000.0,86400.0,PTVRP_LAYERED,34314.0,6,0.000420100,0.000420100,0.0000,1,0.009588
Instances/Instances 2/fl417_01.gt,416,20.0,86400.0,PTVRP_LAYERED,1094548.0,130,0.000386400,0.000386400,0.0000,1,0.007737
Instances/Instances 2/fl417_02.gt,416,40.0,86400.0,PTVRP_LAYERED,509789.0,98,0.000375000,0.000375000,0.0000,1,0.006838
Instances/Instances 2/fl417_03.gt,416,100.0,86400.0,PTVRP_LAYERED,225998.0,69,0.000289000,0.000289000,0.0000,1,0.006686
Instances/Instances 2/fl417_04.gt,416,200.0,86400.0,PTVRP_LAYERED,111820.0,54,0.000212100,0.000212100,0.0000,1,0.00694
Instances/Instances 2/fl417_05.gt,416,400.0,86400.0,PTVRP_LAYERED,64490.0,29,0.000176300,0.000176300,0.0000,1,0.006416
Instances/Instances 2/fl417_06.gt,416,1000.0,86400.0,PTVRP_LAYERED,31332.0,12,0.000088500,0.000088500,0.0000,1,0.005977
Instances/Instances 2/fl417_07.gt,416,2000.0,86400.0,PTVRP_LAYERED,21777.0,7,0.000054500,0.000054500,0.0000,1,0.005301
Instances/Instances 2/fl417_08.gt,416,4000.0,86400.0,PTVRP_LAYERED,15183.0,3,0.000029700,0.000029700,0.0000,1,0.005878
Instances/Instances 2/fl417_09.gt,416,10000.0,86400.0,PTVRP_LAYERED,13776.0,2,0.000015800,0.000015800,0.0000,1,0.004804
Instances/Instances 2/fl417_10.gt,416,20000.0,86400.0,PTVRP_LAYERED,13750.0,1,0.000014300,0.000014300,0.0000,1,0.005318
Instances/Instances 2/fnl4461_01.gt,4460,20.0,86400.0,PTVRP_LAYERED,16961715.0,1530,0.003695100,0.003695100,0.0000,1,0.013279
Instances/Instances 2/fnl4461_02.gt,4460,40.0,86400.0,PTVRP_LAYERED,8588092.0,1188,0.003761300,0.003761300,0.0000,1,0.015744
Instances/Instances 2/fnl4461_03.gt,4460,100.0,86400.0,PTVRP_LAYERED,3555464.0,854,0.003111300,0.003111300,0.0000,1,0.013468
Instances/Instances 2/fnl4461_04.gt,4460,200.0,86400.0,PTVRP_LAYERED,1849142.0,551,0.002578200,0.002578200,0.0000,1,0.012479
Instances/Instances 2/fnl4461_05.gt,4460,400.0,86400.0,PTVRP_LAYERED,965173.0,292,0.002013600,0.002013600,0.0000,1,0.014766
Instances/Instances 2/fnl4461_06.gt,4460,1000.0,86400.0,PTVRP_LAYERED,490818.0,120,0.001391500,0.001391500,0.0000,1,0.01187
Instances/Instances 2/fnl4461_07.gt,4460,2000.0,86400.0,PTVRP_LAYERED,331322.0,61,0.001125000,0.001125000,0.0000,1,0.009909
Instances/Instances 2/fnl4461_08.gt,4460,4000.0,86400.0,PTVRP_LAYERED,251075.0,33,0.000807000,0.000807000,0.0000,1,0.008237
Instances/Instances 2/fnl4461_09.gt,4460,10000.0,86400.0,PTVRP_LAYERED,205627.0,13,0.000482800,0.000482800,0.0000,1,0.009816
Instances/Instances 2/fnl4461_10.gt,4460,20000.0,86400.0,PTVRP_LAYERED,194307.0,7,0.000479000,0.000479000,0.0000,1,0.010077
Instances/Instances 2/gil262_01.gt,261,20.0,86400.0,PTVRP_LAYERED,58935.0,128,0.000574700,0.000574700,0.0000,1,0.00665
Instances/Instances 2/gil262_02.gt,261,40.0,86400.0,PTVRP_LAYERED,29357.0,104,0.000438300,0.000438300,0.0000,1,0.006734
Instances/Instances 2/gil262_03.gt,261,100.0,86400.0,PTVRP_LAYERED,12682.0,67,0.000261700,0.000261700,0.0000,1,0.005963
Instances/Instances 2/gil262_04.gt,261,200.0,86400.0,PTVRP_LAYERED,7484.0,38,0.000150700,0.000150700,0.0000,1,0.00491
Instances/Instances 2/gil262_05.gt,261,400.0,86400.0,PTVRP_LAYERED,4888.0,20,0.000086400,0.000086400,0.0000,1,0.005746
Instances/Instances 2/gil262_06.gt,261,1000.0,86400.0,PTVRP_LAYERED,3250.0,7,0.000038800,0.000038800,0.0000,1,0.005425
Instances/Instances 2/gil262_07.gt,261,2000.0,86400.0,PTVRP_LAYERED,2849.0,4,0.000024600,0.000024600,0.0000,1,0.005163
Instances/Instances 2/gil262_08.gt,261,4000.0,86400.0,PTVRP_LAYERED,2717.0,2,0.000014800,0.000014800,0.0000,1,0.004707
Instances/Instances 2/gil262_09.gt,261,10000.0,86400.0,PTVRP_LAYERED,2645.0,1,0.000010100,0.000010100,0.0000,1,0.005616
Instances/Instances 2/gil262_10.gt,261,20000.0,86400.0,PTVRP_LAYERED,2645.0,1,0.000010500,0.000010500,0.0000,1,0.005509
Instances/Instances 2/gr9882_01.gt,9881,20.0,86400.0,PTVRP_LAYERED,55589654.0,2907,0.007129800,0.007129800,0.0000,1,0.018096
Instances/Instances 2/gr9882_02.gt,9881,40.0,86400.0,PTVRP_LAYERED,28114126.0,2176,0.007427300,0.007427300,0.0000,1,0.02274
Instances/Instances 2/gr9882_03.gt,9881,100.0,86400.0,PTVRP_LAYERED,11398873.0,1523,0.006291700,0.006291700,0.0000,1,0.021704
Instances/Instances 2/gr9882_04.gt,9881,200.0,86400.0,PTVRP_LAYERED,5897879.0,1070,0.005459400,0.005459400,0.0000,1,0.021045
Instances/Instances 2/gr9882_05.gt,9881,400.0,86400.0,PTVRP_LAYERED,3031669.0,633,0.004857600,0.004857600,0.0000,1,0.021277
Instances/Instances 2/gr9882_06.gt,9881,1000.0,86400.0,PTVRP_LAYERED,1363190.0,257,0.003361001,0.003361001,0.0000,1,0.018713
Instances/Instances 2/gr9882_07.gt,9881,2000.0,86400.0,PTVRP_LAYERED,835657.0,131,0.002646600,0.002646600,0.0000,1,0.018581
Instances/Instances 2/gr9882_08.gt,9881,4000.0,86400.0,PTVRP_LAYERED,553560.0,66,0.002054800,0.002054800,0.0000,1,0.018547
Instances/Instances 2/gr9882_09.gt,9881,10000.0,86400.0,PTVRP_LAYERED,396605.0,27,0.001443900,0.001443900,0.0000,1,0.018712
Instances/Instances 2/gr9882_10.gt,9881,20000.0,86400.0,PTVRP_LAYERED,344218.0,14,0.001142100,0.001142100,0.0000,1,0.015953
Instances/Instances 2/ho14473_01.gt,14472,20.0,86400.0,PTVRP_LAYERED,41054525.0,3622,0.017103200,0.017103200,0.0000,1,0.034943
Instances/Instances 2/ho14473_02.gt,14472,40.0,86400.0,PTVRP_LAYERED,21021338.0,2874,0.017157700,0.017157700,0.0000,1,0.036744
Instances/Instances 2/ho14473_03.gt,14472,100.0,86400.0,PTVRP_LAYERED,8494553.0,1967,0.014894501,0.014894501,0.0000,1,0.03562
Instances/Instances 2/ho14473_04.gt,14472,200.0,86400.0,PTVRP_LAYERED,4310635.0,1418,0.013061100,0.013061100,0.0000,1,0.0336
Instances/Instances 2/ho14473_05.gt,14472,400.0,86400.0,PTVRP_LAYERED,2236526.0,888,0.010282901,0.010282901,0.0000,1,0.028832
Instances/Instances 2/ho14473_06.gt,14472,1000.0,86400.0,PTVRP_LAYERED,983817.0,380,0.007396000,0.007396000,0.0000,1,0.025994
Instances/Instances 2/ho14473_07.gt,14472,2000.0,86400.0,PTVRP_LAYERED,567969.0,190,0.005588900,0.005588900,0.0000,1,0.022461
Instances/Instances 2/ho14473_08.gt,14472,4000.0,86400.0,PTVRP_LAYERED,371376.0,96,0.004192600,0.004192600,0.0000,1,0.020882
Instances/Instances 2/ho14473_09.gt,14472,10000.0,86400.0,PTVRP_LAYERED,249068.0,40,0.002845300,0.002845300,0.0000,1,0.020739
Instances/Instances 2/ho14473_10.gt,14472,20000.0,86400.0,PTVRP_LAYERED,210498.0,21,0.002034800,0.002034800,0.0000,1,0.020173
Instances/Instances 2/it16862_01.gt,16861,20.0,86400.0,PTVRP_LAYERED,137173624.0,5151,0.011241000,0.011241000,0.0000,1,0.028834
Instances/Instances 2/it16862_02.gt,16861,40.0,86400.0,PTVRP_LAYERED,68107323.0,3656,0.011183900,0.011183900,0.0000,1,0.032939
Instances/Instances 2/it16862_03.gt,16861,100.0,86400.0,PTVRP_LAYERED,27891218.0,2406,0.009505900,0.009505900,0.0000,1,0.02972
Instances/Instances 2/it16862_04.gt,16861,200.0,86400.0,PTVRP_LAYERED,13955751.0,1707,0.008390200,0.008390200,0.0000,1,0.024759
Instances/Instances 2/it16862_05.gt,16861,400.0,86400.0,PTVRP_LAYERED,7210225.0,1057,0.007246800,0.007246800,0.0000,1,0.027468
Instances/Instances 2/it16862_06.gt,16861,1000.0,86400.0,PTVRP_LAYERED,3168330.0,440,0.005439000,0.005439000,0.0000,1,0.024882
Instances/Instances 2/it16862_07.gt,16861,2000.0,86400.0,PTVRP_LAYERED,1839893.0,220,0.004351300,0.004351300,0.0000,1,0.024316
Instances/Instances 2/it16862_08.gt,16861,4000.0,86400.0,PTVRP_LAYERED,1187539.0,112,0.003404400,0.003404400,0.0000,1,0.025388
Instances/Instances 2/it16862_09.gt,16861,10000.0,86400.0,PTVRP_LAYERED,800755.0,47,0.002438700,0.002438700,0.0000,1,0.022024
Instances/Instances 2/it16862_10.gt,16861,20000.0,86400.0,PTVRP_LAYERED,675005.0,25,0.001972400,0.001972400,0.0000,1,0.023612
Instances/Instances 2/ja9847_01.gt,9846,20.0,86400.0,PTVRP_LAYERED,NO SOLUTION,,0.004011700,0.004011700,0.0000,1,0.01928
Instances/Instances 2/ja9847_02.gt,9846,40.0,86400.0,PTVRP_LAYERED,68527189.0,2485,0.004589400,0.004589400,0.0000,1,0.020771
Instances/Instances 2/ja9847_03.gt,9846,100.0,86400.0,PTVRP_LAYERED,27637210.0,1463,0.004001200,0.004001200,0.0000,1,0.018899
Instances/Instances 2/ja9847_04.gt,9846,200.0,86400.0,PTVRP_LAYERED,14147868.0,961,0.003559000,0.003559000,0.0000,1,0.017843
Instances/Instances 2/ja9847_05.gt,9846,400.0,86400.0,PTVRP_LAYERED,7116105.0,617,0.003122500,0.003122500,0.0000,1,0.019244
Instances/Instances 2/ja9847_06.gt,9846,1000.0,86400.0,PTVRP_LAYERED,3104457.0,254,0.002468400,0.002468400,0.0000,1,0.015817
Instances/Instances 2/ja9847_07.gt,9846,2000.0,86400.0,PTVRP_LAYERED,1789326.0,129,0.002002700,0.002002700,0.0000,1,0.015529
Instances/Instances 2/ja9847_08.gt,9846,4000.0,86400.0,PTVRP_LAYERED,1127782.0,66,0.001588800,0.001588800,0.0000,1,0.014732
Instances/Instances 2/ja9847_09.gt,9846,10000.0,86400.0,PTVRP_LAYERED,757055.0,28,0.001145700,0.001145700,0.0000,1,0.015049
Instances/Instances 2/ja9847_10.gt,9846,20000.0,86400.0,PTVRP_LAYERED,618365.0,15,0.000900700,0.000900700,0.0000,1,0.013049
Instances/Instances 2/kroA100_01.gt,99,20.0,86400.0,PTVRP_LAYERED,370636.0,50,0.000057100,0.000057100,0.0000,1,0.006354
Instances/Instances 2/kroA100_02.gt,99,40.0,86400.0,PTVRP_LAYERED,186984.0,42,0.000051000,0.000051000,0.0000,1,0.006886
Instances/Instances 2/kroA100_03.gt,99,100.0,86400.0,PTVRP_LAYERED,87711.0,29,0.000037500,0.000037500,0.0000,1,0.005785
Instances/Instances 2/kroA100_04.gt,99,200.0,86400.0,PTVRP_LAYERED,49335.0,14,0.000024500,0.000024500,0.0000,1,0.005741
Instances/Instances 2/kroA100_05.gt,99,400.0,86400.0,PTVRP_LAYERED,35984.0,7,0.000017900,0.000017900,0.0000,1,0.005134
Instances/Instances 2/kroA100_06.gt,99,1000.0,86400.0,PTVRP_LAYERED,24541.0,3,0.000007600,0.000007600,0.0000,1,0.005556
Instances/Instances 2/kroA100_07.gt,99,2000.0,86400.0,PTVRP_LAYERED,23670.0,2,0.000005900,0.000005900,0.0000,1,0.005439
Instances/Instances 2/kroA100_08.gt,99,4000.0,86400.0,PTVRP_LAYERED,22624.0,1,0.000004500,0.000004500,0.0000,1,0.006696
Instances/Instances 2/kroA100_09.gt,99,10000.0,86400.0,PTVRP_LAYERED,22624.0,1,0.000004400,0.000004400,0.0000,1,0.00505
Instances/Instances 2/kroA100_10.gt,99,20000.0,86400.0,PTVRP_LAYERED,22624.0,1,0.000004400,0.000004400,0.0000,1,0.005288
Instances/Instances 2/kroA150_01.gt,149,20.0,86400.0,PTVRP_LAYERED,553296.0,72,0.000088400,0.000088400,0.0000,1,0.00592
Instances/Instances 2/kroA150_02.gt,149,40.0,86400.0,PTVRP_LAYERED,283559.0,57,0.000079900,0.000079900,0.0000,1,0.005917
Instances/Instances 2/kroA150_03.gt,149,100.0,86400.0,PTVRP_LAYERED,118944.0,35,0.000056600,0.000056600,0.0000,1,0.005058
Instances/Instances 2/kroA150_04.gt,149,200.0,86400.0,PTVRP_LAYERED,71730.0,20,0.000043400,0.000043400,0.0000,1,0.004962
Instances/Instances 2/kroA150_05.gt,149,400.0,86400.0,PTVRP_LAYERED,44682.0,11,0.000028500,0.000028500,0.0000,1,0.005354
Instances/Instances 2/kroA150_06.gt,149,1000.0,86400.0,PTVRP_LAYERED,33781.0,5,0.000016400,0.000016400,0.0000,1,0.006392
Instances/Instances 2/kroA150_07.gt,149,2000.0,86400.0,PTVRP_LAYERED,29219.0,3,0.000010200,0.000010200,0.0000,1,0.007285
Instances/Instances 2/kroA150_08.gt,149,4000.0,86400.0,PTVRP_LAYERED,27630.0,1,0.000006500,0.000006500,0.0000,1,0.007206
Instances/Instances 2/kroA150_09.gt,149,10000.0,86400.0,PTVRP_LAYERED,27630.0,1,0.000006400,0.000006400,0.0000,1,0.006554
Instances/Instances 2/kroA150_10.gt,149,20000.0,86400.0,PTVRP_LAYERED,27630.0,1,0.000006600,0.000006600,0.0000,1,0.005549
Instances/Instances 2/kroA200_01.gt,199,20.0,86400.0,PTVRP_LAYERED,741456.0,95,0.000119100,0.000119100,0.0000,1,0.005831
Instances/Instances 2/kroA200_02.gt,199,40.0,86400.0,PTVRP_LAYERED,359812.0,79,0.000114200,0.000114200,0.0000,1,0.005512
Instances/Instances 2/kroA200_03.gt,199,100.0,86400.0,PTVRP_LAYERED,170703.0,54,0.000082100,0.000082100,0.0000,1,0.005936
Instances/Instances 2/kroA200_04.gt,199,200.0,86400.0,PTVRP_LAYERED,98954.0,29,0.000063200,0.000063200,0.0000,1,0.005339
Instances/Instances 2/kroA200_05.gt,199,400.0,86400.0,PTVRP_LAYERED,55937.0,13,0.000043700,0.000043700,0.0000,1,0.004816
Instances/Instances 2/kroA200_06.gt,199,1000.0,86400.0,PTVRP_LAYERED,39475.0,7,0.000028400,0.000028400,0.0000,1,0.005693
Instances/Instances 2/kroA200_07.gt,199,2000.0,86400.0,PTVRP_LAYERED,34396.0,4,0.000016800,0.000016800,0.0000,1,0.007328
Instances/Instances 2/kroA200_08.gt,199,4000.0,86400.0,PTVRP_LAYERED,31417.0,2,0.000010800,0.000010800,0.0000,1,0.008049
Instances/Instances 2/kroA200_09.gt,199,10000.0,86400.0,PTVRP_LAYERED,30902.0,1,0.000008200,0.000008200,0.0000,1,0.007738
Instances/Instances 2/kroA200_10.gt,199,20000.0,86400.0,PTVRP_LAYERED,30902.0,1,0.000008200,0.000008200,0.0000,1,0.006087
Instances/Instances 2/kroB100_01.gt,99,20.0,86400.0,PTVRP_LAYERED,378993.0,61,0.000054400,0.000054400,0.0000,1,0.005352
Instances/Instances 2/kroB100_02.gt,99,40.0,86400.0,PTVRP_LAYERED,190239.0,43,0.000081800,0.000081800,0.0000,1,0.005783
Instances/Instances 2/kroB100_03.gt,99,100.0,86400.0,PTVRP_LAYERED,80181.0,26,0.000034000,0.000034000,0.0000,1,0.005434
Instances/Instances 2/kroB100_04.gt,99,200.0,86400.0,PTVRP_LAYERED,51391.0,14,0.000025000,0.000025000,0.0000,1,0.006115
Instances/Instances 2/kroB100_05.gt,99,400.0,86400.0,PTVRP_LAYERED,37578.0,9,0.000018000,0.000018000,0.0000,1,0.005103
Instances/Instances 2/kroB100_06.gt,99,1000.0,86400.0,PTVRP_LAYERED,26294.0,4,0.000008900,0.000008900,0.0000,1,0.004667
Instances/Instances 2/kroB100_07.gt,99,2000.0,86400.0,PTVRP_LAYERED,24490.0,2,0.000006800,0.000006800,0.0000,1,0.005048
Instances/Instances 2/kroB100_08.gt,99,4000.0,86400.0,PTVRP_LAYERED,24472.0,1,0.000004400,0.000004400,0.0000,1,0.005307
Instances/Instances 2/kroB100_09.gt,99,10000.0,86400.0,PTVRP_LAYERED,24472.0,1,0.000004400,0.000004400,0.0000,1,0.004642
Instances/Instances 2/kroB100_10.gt,99,20000.0,86400.0,PTVRP_LAYERED,24472.0,1,0.000004500,0.000004500,0.0000,1,0.004747
Instances/Instances 2/kroB150_01.gt,149,20.0,86400.0,PTVRP_LAYERED,576374.0,79,0.000087300,0.000087300,0.0000,1,0.006449
Instances/Instances 2/kroB150_02.gt,149,40.0,86400.0,PTVRP_LAYERED,291855.0,56,0.000079100,0.000079100,0.0000,1,0.005862
Instances/Instances 2/kroB150_03.gt,149,100.0,86400.0,PTVRP_LAYERED,135049.0,39,0.000061500,0.000061500,0.0000,1,0.005621
Instances/Instances 2/kroB150_04.gt,149,200.0,86400.0,PTVRP_LAYERED,74170.0,20,0.000042900,0.000042900,0.0000,1,0.006129
Instances/Instances 2/kroB150_05.gt,149,400.0,86400.0,PTVRP_LAYERED,52272.0,12,0.000031900,0.000031900,0.0000,1,0.005898
Instances/Instances 2/kroB150_06.gt,149,1000.0,86400.0,PTVRP_LAYERED,33461.0,5,0.000015800,0.000015800,0.0000,1,0.005216
Instances/Instances 2/kroB150_07.gt,149,2000.0,86400.0,PTVRP_LAYERED,28870.0,3,0.000010500,0.000010500,0.0000,1,0.005892
Instances/Instances 2/kroB150_08.gt,149,4000.0,86400.0,PTVRP_LAYERED,27979.0,1,0.000006900,0.000006900,0.0000,1,0.006264
Instances/Instances 2/kroB150_09.gt,149,10000.0,86400.0,PTVRP_LAYERED,27979.0,1,0.000006500,0.000006500,0.0000,1,0.005386
Instances/Instances 2/kroB150_10.gt,149,20000.0,86400.0,PTVRP_LAYERED,27979.0,1,0.000006800,0.000006800,0.0000,1,0.005073
Instances/Instances 2/kroB200_01.gt,199,20.0,86400.0,PTVRP_LAYERED,720543.0,96,0.000120300,0.000120300,0.0000,1,0.005434
Instances/Instances 2/kroB200_02.gt,199,40.0,86400.0,PTVRP_LAYERED,353344.0,76,0.000113800,0.000113800,0.0000,1,0.005361
Instances/Instances 2/kroB200_03.gt,199,100.0,86400.0,PTVRP_LAYERED,169873.0,57,0.000084900,0.000084900,0.0000,1,0.007265
Instances/Instances 2/kroB200_04.gt,199,200.0,86400.0,PTVRP_LAYERED,90967.0,29,0.000061400,0.000061400,0.0000,1,0.006404
Instances/Instances 2/kroB200_05.gt,199,400.0,86400.0,PTVRP_LAYERED,59195.0,15,0.000045200,0.000045200,0.0000,1,0.005481
Instances/Instances 2/kroB200_06.gt,199,1000.0,86400.0,PTVRP_LAYERED,41044.0,7,0.000028200,0.000028200,0.0000,1,0.005355
Instances/Instances 2/kroB200_07.gt,199,2000.0,86400.0,PTVRP_LAYERED,34876.0,4,0.000016900,0.000016900,0.0000,1,0.005153
Instances/Instances 2/kroB200_08.gt,199,4000.0,86400.0,PTVRP_LAYERED,31786.0,2,0.000010900,0.000010900,0.0000,1,0.005434
Instances/Instances 2/kroB200_09.gt,199,10000.0,86400.0,PTVRP_LAYERED,31768.0,1,0.000008600,0.000008600,0.0000,1,0.005754
Instances/Instances 2/kroB200_10.gt,199,20000.0,86400.0,PTVRP_LAYERED,31768.0,1,0.000010700,0.000010700,0.0000,1,0.006799
Instances/Instances 2/kroC100_01.gt,99,20.0,86400.0,PTVRP_LAYERED,383855.0,49,0.000055800,0.000055800,0.0000,1,0.012793
Instances/Instances 2/kroC100_02.gt,99,40.0,86400.0,PTVRP_LAYERED,201443.0,40,0.000051300,0.000051300,0.0000,1,0.007681
Instances/Instances 2/kroC100_03.gt,99,100.0,86400.0,PTVRP_LAYERED,85136.0,27,0.000057900,0.000057900,0.0000,1,0.005761
Instances/Instances 2/kroC100_04.gt,99,200.0,86400.0,PTVRP_LAYERED,53151.0,15,0.000026700,0.000026700,0.0000,1,0.007121
Instances/Instances 2/kroC100_05.gt,99,400.0,86400.0,PTVRP_LAYERED,38061.0,9,0.000018400,0.000018400,0.0000,1,0.00723
Instances/Instances 2/kroC100_06.gt,99,1000.0,86400.0,PTVRP_LAYERED,26061.0,4,0.000009300,0.000009300,0.0000,1,0.007123
Instances/Instances 2/kroC100_07.gt,99,2000.0,86400.0,PTVRP_LAYERED,23764.0,2,0.000006200,0.000006200,0.0000,1,0.005469
Instances/Instances 2/kroC100_08.gt,99,4000.0,86400.0,PTVRP_LAYERED,22713.0,1,0.000004800,0.000004800,0.0000,1,0.008024
Instances/Instances 2/kroC100_09.gt,99,10000.0,86400.0,PTVRP_LAYERED,22713.0,1,0.000004400,0.000004400,0.0000,1,0.007622
Instances/Instances 2/kroC100_10.gt,99,20000.0,86400.0,PTVRP_LAYERED,22713.0,1,0.000004600,0.000004600,0.0000,1,0.00693
Instances/Instances 2/kroD100_01.gt,99,20.0,86400.0,PTVRP_LAYERED,345875.0,54,0.000055100,0.000055100,0.0000,1,0.00542
Instances/Instances 2/kroD100_02.gt,99,40.0,86400.0,PTVRP_LAYERED,184953.0,42,0.000051000,0.000051000,0.0000,1,0.004975
Instances/Instances 2/kroD100_03.gt,99,100.0,86400.0,PTVRP_LAYERED,81409.0,26,0.000036000,0.000036000,0.0000,1,0.005703
Instances/Instances 2/kroD100_04.gt,99,200.0,86400.0,PTVRP_LAYERED,48008.0,14,0.000024800,0.000024800,0.0000,1,0.006103
Instances/Instances 2/kroD100_05.gt,99,400.0,86400.0,PTVRP_LAYERED,36610.0,9,0.000018800,0.000018800,0.0000,1,0.006793
Instances/Instances 2/kroD100_06.gt,99,1000.0,86400.0,PTVRP_LAYERED,26319.0,4,0.000009300,0.000009300,0.0000,1,0.005717
Instances/Instances 2/kroD100_07.gt,99,2000.0,86400.0,PTVRP_LAYERED,23833.0,2,0.000005900,0.000005900,0.0000,1,0.007105
Instances/Instances 2/kroD100_08.gt,99,4000.0,86400.0,PTVRP_LAYERED,23792.0,1,0.000004400,0.000004400,0.0000,1,0.005651
Instances/Instances 2/kroD100_09.gt,99,10000.0,86400.0,PTVRP_LAYERED,23792.0,1,0.000004400,0.000004400,0.0000,1,0.004979
Instances/Instances 2/kroD100_10.gt,99,20000.0,86400.0,PTVRP_LAYERED,23792.0,1,0.000005100,0.000005100,0.0000,1,0.006355
Instances/Instances 2/kroE100_01.gt,99,20.0,86400.0,PTVRP_LAYERED,366106.0,53,0.000053000,0.000053000,0.0000,1,0.005547
Instances/Instances 2/kroE100_02.gt,99,40.0,86400.0,PTVRP_LAYERED,205873.0,41,0.000048700,0.000048700,0.0000,1,0.006297
Instances/Instances 2/kroE100_03.gt,99,100.0,86400.0,PTVRP_LAYERED,87193.0,26,0.000033800,0.000033800,0.0000,1,0.007835
Instances/Instances 2/kroE100_04.gt,99,200.0,86400.0,PTVRP_LAYERED,55113.0,15,0.000027300,0.000027300,0.0000,1,0.007975
Instances/Instances 2/kroE100_05.gt,99,400.0,86400.0,PTVRP_LAYERED,38877.0,9,0.000021000,0.000021000,0.0000,1,0.038827
Instances/Instances 2/kroE100_06.gt,99,1000.0,86400.0,PTVRP_LAYERED,25965.0,3,0.000012900,0.000012900,0.0000,1,0.008505
Instances/Instances 2/kroE100_07.gt,99,2000.0,86400.0,PTVRP_LAYERED,24610.0,2,0.000008600,0.000008600,0.0000,1,0.010429
Instances/Instances 2/kroE100_08.gt,99,4000.0,86400.0,PTVRP_LAYERED,24552.0,1,0.000005200,0.000005200,0.0000,1,0.01295
Instances/Instances 2/kroE100_09.gt,99,10000.0,86400.0,PTVRP_LAYERED,24552.0,1,0.000005000,0.000005000,0.0000,1,0.006988
Instances/Instances 2/kroE100_10.gt,99,20000.0,86400.0,PTVRP_LAYERED,24552.0,1,0.000005400,0.000005400,0.0000,1,0.006946
Instances/Instances 2/kz9976_01.gt,9975,20.0,86400.0,PTVRP_LAYERED,NO SOLUTION,,0.002426600,0.002426600,0.0000,1,0.01905
Instances/Instances 2/kz9976_02.gt,9975,40.0,86400.0,PTVRP_LAYERED,141180698.0,3494,0.002587500,0.002587500,0.0000,1,0.023165
Instances/Instances 2/kz9976_03.gt,9975,100.0,86400.0,PTVRP_LAYERED,54541228.0,1681,0.002371100,0.002371100,0.0000,1,0.015771
Instances/Instances 2/kz9976_04.gt,9975,200.0,86400.0,PTVRP_LAYERED,26900064.0,1041,0.002367601,0.002367601,0.0000,1,0.017455
Instances/Instances 2/kz9976_05.gt,9975,400.0,86400.0,PTVRP_LAYERED,14072935.0,632,0.002036000,0.002036000,0.0000,1,0.016681
Instances/Instances 2/kz9976_06.gt,9975,1000.0,86400.0,PTVRP_LAYERED,6092626.0,260,0.001717500,0.001717500,0.0000,1,0.01458
Instances/Instances 2/kz9976_07.gt,9975,2000.0,86400.0,PTVRP_LAYERED,3542499.0,131,0.001461200,0.001461200,0.0000,1,0.015455
Instances/Instances 2/kz9976_08.gt,9975,4000.0,86400.0,PTVRP_LAYERED,2272038.0,67,0.001162200,0.001162200,0.0000,1,0.013762
Instances/Instances 2/kz9976_09.gt,9975,10000.0,86400.0,PTVRP_LAYERED,1530560.0,28,0.000805400,0.000805400,0.0000,1,0.011473
Instances/Instances 2/kz9976_10.gt,9975,20000.0,86400.0,PTVRP_LAYERED,1339347.0,18,0.000753600,0.000753600,0.0000,1,0.011749
Instances/Instances 2/lin105_01.gt,104,20.0,86400.0,PTVRP_LAYERED,256859.0,53,0.000072300,0.000072300,0.0000,1,0.005512
Instances/Instances 2/lin105_02.gt,104,40.0,86400.0,PTVRP_LAYERED,145220.0,40,0.000064000,0.000064000,0.0000,1,0.004956
Instances/Instances 2/lin105_03.gt,104,100.0,86400.0,PTVRP_LAYERED,58855.0,29,0.000041700,0.000041700,0.0000,1,0.005021
Instances/Instances 2/lin105_04.gt,104,200.0,86400.0,PTVRP_LAYERED,34753.0,15,0.000029500,0.000029500,0.0000,1,0.005532
Instances/Instances 2/lin105_05.gt,104,400.0,86400.0,PTVRP_LAYERED,23492.0,8,0.000017800,0.000017800,0.0000,1,0.004801
Instances/Instances 2/lin105_06.gt,104,1000.0,86400.0,PTVRP_LAYERED,18091.0,3,0.000010400,0.000010400,0.0000,1,0.005388
Instances/Instances 2/lin105_07.gt,104,2000.0,86400.0,PTVRP_LAYERED,17033.0,2,0.000008200,0.000008200,0.0000,1,0.006375
Instances/Instances 2/lin105_08.gt,104,4000.0,86400.0,PTVRP_LAYERED,17033.0,2,0.000006000,0.000006000,0.0000,1,0.008645
Instances/Instances 2/lin105_09.gt,104,10000.0,86400.0,PTVRP_LAYERED,17033.0,2,0.000005200,0.000005200,0.0000,1,0.007032
Instances/Instances 2/lin105_10.gt,104,20000.0,86400.0,PTVRP_LAYERED,17033.0,2,0.000006000,0.000006000,0.0000,1,0.009218
Instances/Instances 2/lin318_01.gt,317,20.0,86400.0,PTVRP_LAYERED,1203102.0,146,0.000196600,0.000196600,0.0000,1,0.00765
Instances/Instances 2/lin318_02.gt,317,40.0,86400.0,PTVRP_LAYERED,595309.0,120,0.000192700,0.000192700,0.0000,1,0.008798
Instances/Instances 2/lin318_03.gt,317,100.0,86400.0,PTVRP_LAYERED,274895.0,79,0.000142700,0.000142700,0.0000,1,0.006765
Instances/Instances 2/lin318_04.gt,317,200.0,86400.0,PTVRP_LAYERED,147118.0,43,0.000130100,0.000130100,0.0000,1,0.00513
Instances/Instances 2/lin318_05.gt,317,400.0,86400.0,PTVRP_LAYERED,91883.0,23,0.000082000,0.000082000,0.0000,1,0.006426
Instances/Instances 2/lin318_06.gt,317,1000.0,86400.0,PTVRP_LAYERED,60776.0,10,0.000051300,0.000051300,0.0000,1,0.005805
Instances/Instances 2/lin318_07.gt,317,2000.0,86400.0,PTVRP_LAYERED,50871.0,5,0.000033700,0.000033700,0.0000,1,0.005409
Instances/Instances 2/lin318_08.gt,317,4000.0,86400.0,PTVRP_LAYERED,46415.0,4,0.000020600,0.000020600,0.0000,1,0.005596
Instances/Instances 2/lin318_09.gt,317,10000.0,86400.0,PTVRP_LAYERED,46049.0,2,0.000012100,0.000012100,0.0000,1,0.004813
Instances/Instances 2/lin318_10.gt,317,20000.0,86400.0,PTVRP_LAYERED,46049.0,2,0.000012000,0.000012000,0.0000,1,0.005209
Instances/Instances 2/linhp318_01.gt,317,20.0,86400.0,PTVRP_LAYERED,1256145.0,151,0.000194200,0.000194200,0.0000,1,0.005608
Instances/Instances 2/linhp318_02.gt,317,40.0,86400.0,PTVRP_LAYERED,650893.0,122,0.000183900,0.000183900,0.0000,1,0.005098
Instances/Instances 2/linhp318_03.gt,317,100.0,86400.0,PTVRP_LAYERED,285563.0,76,0.000191800,0.000191800,0.0000,1,0.006264
Instances/Instances 2/linhp318_04.gt,317,200.0,86400.0,PTVRP_LAYERED,151905.0,44,0.000111000,0.000111000,0.0000,1,0.005597
Instances/Instances 2/linhp318_05.gt,317,400.0,86400.0,PTVRP_LAYERED,90688.0,22,0.000080000,0.000080000,0.0000,1,0.0055
Instances/Instances 2/linhp318_06.gt,317,1000.0,86400.0,PTVRP_LAYERED,61104.0,10,0.000052900,0.000052900,0.0000,1,0.006341
Instances/Instances 2/linhp318_07.gt,317,2000.0,86400.0,PTVRP_LAYERED,50329.0,5,0.000035500,0.000035500,0.0000,1,0.004855
Instances/Instances 2/linhp318_08.gt,317,4000.0,86400.0,PTVRP_LAYERED,46459.0,3,0.000019600,0.000019600,0.0000,1,0.004756
Instances/Instances 2/linhp318_09.gt,317,10000.0,86400.0,PTVRP_LAYERED,46168.0,2,0.000012000,0.000012000,0.0000,1,0.006056
Instances/Instances 2/linhp318_10.gt,317,20000.0,86400.0,PTVRP_LAYERED,46168.0,2,0.000011800,0.000011800,0.0000,1,0.005743
Instances/Instances 2/lu980_01.gt,979,20.0,86400.0,PTVRP_LAYERED,634375.0,390,0.001994400,0.001994400,0.0000,1,0.008404
Instances/Instances 2/lu980_02.gt,979,40.0,86400.0,PTVRP_LAYERED,309635.0,289,0.001804500,0.001804500,0.0000,1,0.008224
Instances/Instances 2/lu980_03.gt,979,100.0,86400.0,PTVRP_LAYERED,135411.0,206,0.001309100,0.001309100,0.0000,1,0.008826
Instances/Instances 2/lu980_04.gt,979,200.0,86400.0,PTVRP_LAYERED,71262.0,129,0.000927700,0.000927700,0.0000,1,0.008268
Instances/Instances 2/lu980_05.gt,979,400.0,86400.0,PTVRP_LAYERED,40603.0,67,0.000652500,0.000652500,0.0000,1,0.008669
Instances/Instances 2/lu980_06.gt,979,1000.0,86400.0,PTVRP_LAYERED,22122.0,26,0.000359100,0.000359100,0.0000,1,0.008324
Instances/Instances 2/lu980_07.gt,979,2000.0,86400.0,PTVRP_LAYERED,16260.0,14,0.000230300,0.000230300,0.0000,1,0.007765
Instances/Instances 2/lu980_08.gt,979,4000.0,86400.0,PTVRP_LAYERED,13604.0,8,0.000134700,0.000134700,0.0000,1,0.007111
Instances/Instances 2/lu980_09.gt,979,10000.0,86400.0,PTVRP_LAYERED,12225.0,3,0.000067700,0.000067700,0.0000,1,0.007638
Instances/Instances 2/lu980_10.gt,979,20000.0,86400.0,PTVRP_LAYERED,11920.0,2,0.000042200,0.000042200,0.0000,1,0.006217
Instances/Instances 2/mo14185_01.gt,14184,20.0,86400.0,PTVRP_LAYERED,95461861.0,3985,0.009111601,0.009111601,0.0000,1,0.022972
Instances/Instances 2/mo14185_02.gt,14184,40.0,86400.0,PTVRP_LAYERED,47972862.0,2870,0.010339400,0.010339400,0.0000,1,0.026928
Instances/Instances 2/mo14185_03.gt,14184,100.0,86400.0,PTVRP_LAYERED,19420393.0,2002,0.008655000,0.008655000,0.0000,1,0.024381
Instances/Instances 2/mo14185_04.gt,14184,200.0,86400.0,PTVRP_LAYERED,9981564.0,1445,0.007481100,0.007481100,0.0000,1,0.022059
Instances/Instances 2/mo14185_05.gt,14184,400.0,86400.0,PTVRP_LAYERED,5155357.0,896,0.006254600,0.006254600,0.0000,1,0.020897
Instances/Instances 2/mo14185_06.gt,14184,1000.0,86400.0,PTVRP_LAYERED,2268232.0,371,0.004862400,0.004862400,0.0000,1,0.020972
Instances/Instances 2/mo14185_07.gt,14184,2000.0,86400.0,PTVRP_LAYERED,1341274.0,187,0.004143200,0.004143200,0.0000,1,0.018824
Instances/Instances 2/mo14185_08.gt,14184,4000.0,86400.0,PTVRP_LAYERED,874470.0,95,0.002964200,0.002964200,0.0000,1,0.017405
Instances/Instances 2/mo14185_09.gt,14184,10000.0,86400.0,PTVRP_LAYERED,601150.0,39,0.002229300,0.002229300,0.0000,1,0.017178
Instances/Instances 2/mo14185_10.gt,14184,20000.0,86400.0,PTVRP_LAYERED,515013.0,20,0.001712200,0.001712200,0.0000,1,0.019094
Instances/Instances 2/mu1979_01.gt,1978,20.0,86400.0,PTVRP_LAYERED,10552448.0,657,0.001770800,0.001770800,0.0000,1,0.010789
Instances/Instances 2/mu1979_02.gt,1978,40.0,86400.0,PTVRP_LAYERED,5352549.0,527,0.001724200,0.001724200,0.0000,1,0.010279
Instances/Instances 2/mu1979_03.gt,1978,100.0,86400.0,PTVRP_LAYERED,2233827.0,326,0.001393100,0.001393100,0.0000,1,0.010654
Instances/Instances 2/mu1979_04.gt,1978,200.0,86400.0,PTVRP_LAYERED,1101653.0,227,0.001174600,0.001174600,0.0000,1,0.010149
Instances/Instances 2/mu1979_05.gt,1978,400.0,86400.0,PTVRP_LAYERED,584725.0,127,0.000850700,0.000850700,0.0000,1,0.009204
Instances/Instances 2/mu1979_06.gt,1978,1000.0,86400.0,PTVRP_LAYERED,282230.0,52,0.000596100,0.000596100,0.0000,1,0.009295
Instances/Instances 2/mu1979_07.gt,1978,2000.0,86400.0,PTVRP_LAYERED,183774.0,27,0.000443500,0.000443500,0.0000,1,0.007811
Instances/Instances 2/mu1979_08.gt,1978,4000.0,86400.0,PTVRP_LAYERED,140651.0,15,0.000329900,0.000329900,0.0000,1,0.00726
Instances/Instances 2/mu1979_09.gt,1978,10000.0,86400.0,PTVRP_LAYERED,110667.0,6,0.000246800,0.000246800,0.0000,1,0.006788
Instances/Instances 2/mu1979_10.gt,1978,20000.0,86400.0,PTVRP_LAYERED,101983.0,4,0.000148900,0.000148900,0.0000,1,0.006881
Instances/Instances 2/nrw1379_01.gt,1378,20.0,86400.0,PTVRP_LAYERED,2900697.0,562,0.001414500,0.001414500,0.0000,1,0.006822
Instances/Instances 2/nrw1379_02.gt,1378,40.0,86400.0,PTVRP_LAYERED,1481785.0,466,0.001378000,0.001378000,0.0000,1,0.008573
Instances/Instances 2/nrw1379_03.gt,1378,100.0,86400.0,PTVRP_LAYERED,649974.0,290,0.001119300,0.001119300,0.0000,1,0.008688
Instances/Instances 2/nrw1379_04.gt,1378,200.0,86400.0,PTVRP_LAYERED,338045.0,184,0.000812000,0.000812000,0.0000,1,0.008794
Instances/Instances 2/nrw1379_05.gt,1378,400.0,86400.0,PTVRP_LAYERED,190950.0,94,0.000619500,0.000619500,0.0000,1,0.007585
Instances/Instances 2/nrw1379_06.gt,1378,1000.0,86400.0,PTVRP_LAYERED,106479.0,38,0.000378800,0.000378800,0.0000,1,0.009205
Instances/Instances 2/nrw1379_07.gt,1378,2000.0,86400.0,PTVRP_LAYERED,80394.0,20,0.000275200,0.000275200,0.0000,1,0.007529
Instances/Instances 2/nrw1379_08.gt,1378,4000.0,86400.0,PTVRP_LAYERED,67197.0,11,0.000203300,0.000203300,0.0000,1,0.0069
Instances/Instances 2/nrw1379_09.gt,1378,10000.0,86400.0,PTVRP_LAYERED,60155.0,5,0.000101600,0.000101600,0.0000,1,0.005772
Instances/Instances 2/nrw1379_10.gt,1378,20000.0,86400.0,PTVRP_LAYERED,59232.0,3,0.000100200,0.000100200,0.0000,1,0.007408
Instances/Instances 2/nu3496_01.gt,3495,20.0,86400.0,PTVRP_LAYERED,9981936.0,1121,0.003794201,0.003794201,0.0000,1,0.01135
Instances/Instances 2/nu3496_02.gt,3495,40.0,86400.0,PTVRP_LAYERED,5092426.0,890,0.003692700,0.003692700,0.0000,1,0.014364
Instances/Instances 2/nu3496_03.gt,3495,100.0,86400.0,PTVRP_LAYERED,2089169.0,649,0.002997000,0.002997000,0.0000,1,0.01264
Instances/Instances 2/nu3496_04.gt,3495,200.0,86400.0,PTVRP_LAYERED,1093331.0,416,0.002361800,0.002361800,0.0000,1,0.013666
Instances/Instances 2/nu3496_05.gt,3495,400.0,86400.0,PTVRP_LAYERED,592909.0,232,0.001861400,0.001861400,0.0000,1,0.012932
Instances/Instances 2/nu3496_06.gt,3495,1000.0,86400.0,PTVRP_LAYERED,281191.0,93,0.001266800,0.001266800,0.0000,1,0.010549
Instances/Instances 2/nu3496_07.gt,3495,2000.0,86400.0,PTVRP_LAYERED,185378.0,47,0.000918300,0.000918300,0.0000,1,0.009176
Instances/Instances 2/nu3496_08.gt,3495,4000.0,86400.0,PTVRP_LAYERED,136359.0,24,0.000690000,0.000690000,0.0000,1,0.010288
Instances/Instances 2/nu3496_09.gt,3495,10000.0,86400.0,PTVRP_LAYERED,110135.0,11,0.000449100,0.000449100,0.0000,1,0.008318
Instances/Instances 2/nu3496_10.gt,3495,20000.0,86400.0,PTVRP_LAYERED,100933.0,6,0.000351000,0.000351000,0.0000,1,0.009804
Instances/Instances 2/p654_01.gt,653,20.0,86400.0,PTVRP_LAYERED,4302441.0,170,0.000321100,0.000321100,0.0000,1,0.006628
Instances/Instances 2/p654_02.gt,653,40.0,86400.0,PTVRP_LAYERED,2101634.0,122,0.000340800,0.000340800,0.0000,1,0.00831
Instances/Instances 2/p654_03.gt,653,100.0,86400.0,PTVRP_LAYERED,913604.0,104,0.000292700,0.000292700,0.0000,1,0.006608
Instances/Instances 2/p654_04.gt,653,200.0,86400.0,PTVRP_LAYERED,457500.0,63,0.000258700,0.000258700,0.0000,1,0.00754
Instances/Instances 2/p654_05.gt,653,400.0,86400.0,PTVRP_LAYERED,244839.0,43,0.000204100,0.000204100,0.0000,1,0.006777
Instances/Instances 2/p654_06.gt,653,1000.0,86400.0,PTVRP_LAYERED,117223.0,18,0.000135700,0.000135700,0.0000,1,0.007872
Instances/Instances 2/p654_07.gt,653,2000.0,86400.0,PTVRP_LAYERED,71896.0,10,0.000093300,0.000093300,0.0000,1,0.005752
Instances/Instances 2/p654_08.gt,653,4000.0,86400.0,PTVRP_LAYERED,51913.0,5,0.000065000,0.000065000,0.0000,1,0.006733
Instances/Instances 2/p654_09.gt,653,10000.0,86400.0,PTVRP_LAYERED,40143.0,2,0.000032600,0.000032600,0.0000,1,0.005678
Instances/Instances 2/p654_10.gt,653,20000.0,86400.0,PTVRP_LAYERED,39899.0,1,0.000021900,0.000021900,0.0000,1,0.00555
Instances/Instances 2/pcb1173_01.gt,1172,20.0,86400.0,PTVRP_LAYERED,2827187.0,470,0.001109000,0.001109000,0.0000,1,0.007937
Instances/Instances 2/pcb1173_02.gt,1172,40.0,86400.0,PTVRP_LAYERED,1479254.0,369,0.001084000,0.001084000,0.0000,1,0.006674
Instances/Instances 2/pcb1173_03.gt,1172,100.0,86400.0,PTVRP_LAYERED,620656.0,257,0.000843400,0.000843400,0.0000,1,0.007068
Instances/Instances 2/pcb1173_04.gt,1172,200.0,86400.0,PTVRP_LAYERED,329933.0,159,0.000630000,0.000630000,0.0000,1,0.006308
Instances/Instances 2/pcb1173_05.gt,1172,400.0,86400.0,PTVRP_LAYERED,187528.0,80,0.000463200,0.000463200,0.0000,1,0.006392
Instances/Instances 2/pcb1173_06.gt,1172,1000.0,86400.0,PTVRP_LAYERED,103951.0,32,0.000317600,0.000317600,0.0000,1,0.006439
Instances/Instances 2/pcb1173_07.gt,1172,2000.0,86400.0,PTVRP_LAYERED,79415.0,17,0.000222900,0.000222900,0.0000,1,0.005625
Instances/Instances 2/pcb1173_08.gt,1172,4000.0,86400.0,PTVRP_LAYERED,66099.0,9,0.000142600,0.000142600,0.0000,1,0.006175
Instances/Instances 2/pcb1173_09.gt,1172,10000.0,86400.0,PTVRP_LAYERED,61435.0,4,0.000090000,0.000090000,0.0000,1,0.005654
Instances/Instances 2/pcb1173_10.gt,1172,20000.0,86400.0,PTVRP_LAYERED,59749.0,2,0.000061400,0.000061400,0.0000,1,0.005419
Instances/Instances 2/pcb3038_01.gt,3037,20.0,86400.0,PTVRP_LAYERED,10777614.0,1074,0.002506900,0.002506900,0.0000,1,0.010519
Instances/Instances 2/pcb3038_02.gt,3037,40.0,86400.0,PTVRP_LAYERED,5552073.0,895,0.002588700,0.002588700,0.0000,1,0.010315
Instances/Instances 2/pcb3038_03.gt,3037,100.0,86400.0,PTVRP_LAYERED,2302811.0,579,0.002053000,0.002053000,0.0000,1,0.009382
Instances/Instances 2/pcb3038_04.gt,3037,200.0,86400.0,PTVRP_LAYERED,1194693.0,385,0.001818800,0.001818800,0.0000,1,0.009446
Instances/Instances 2/pcb3038_05.gt,3037,400.0,86400.0,PTVRP_LAYERED,645346.0,203,0.001285600,0.001285600,0.0000,1,0.008591
Instances/Instances 2/pcb3038_06.gt,3037,1000.0,86400.0,PTVRP_LAYERED,332841.0,82,0.000900300,0.000900300,0.0000,1,0.008847
Instances/Instances 2/pcb3038_07.gt,3037,2000.0,86400.0,PTVRP_LAYERED,231929.0,42,0.000733500,0.000733500,0.0000,1,0.007675
Instances/Instances 2/pcb3038_08.gt,3037,4000.0,86400.0,PTVRP_LAYERED,177769.0,21,0.000460000,0.000460000,0.0000,1,0.008634
Instances/Instances 2/pcb3038_09.gt,3037,10000.0,86400.0,PTVRP_LAYERED,151671.0,9,0.000312800,0.000312800,0.0000,1,0.007704
Instances/Instances 2/pcb3038_10.gt,3037,20000.0,86400.0,PTVRP_LAYERED,145475.0,5,0.000296500,0.000296500,0.0000,1,0.0077
Instances/Instances 2/pcb442_01.gt,441,20.0,86400.0,PTVRP_LAYERED,1550629.0,196,0.000311200,0.000311200,0.0000,1,0.005509
Instances/Instances 2/pcb442_02.gt,441,40.0,86400.0,PTVRP_LAYERED,839013.0,149,0.000300400,0.000300400,0.0000,1,0.007631
Instances/Instances 2/pcb442_03.gt,441,100.0,86400.0,PTVRP_LAYERED,353526.0,100,0.000208200,0.000208200,0.0000,1,0.005248
Instances/Instances 2/pcb442_04.gt,441,200.0,86400.0,PTVRP_LAYERED,195444.0,61,0.000158200,0.000158200,0.0000,1,0.005671
Instances/Instances 2/pcb442_05.gt,441,400.0,86400.0,PTVRP_LAYERED,118419.0,30,0.000115900,0.000115900,0.0000,1,0.007122
Instances/Instances 2/pcb442_06.gt,441,1000.0,86400.0,PTVRP_LAYERED,75864.0,12,0.000073400,0.000073400,0.0000,1,0.004987
Instances/Instances 2/pcb442_07.gt,441,2000.0,86400.0,PTVRP_LAYERED,62821.0,7,0.000052000,0.000052000,0.0000,1,0.006452
Instances/Instances 2/pcb442_08.gt,441,4000.0,86400.0,PTVRP_LAYERED,57716.0,4,0.000032700,0.000032700,0.0000,1,0.005037
Instances/Instances 2/pcb442_09.gt,441,10000.0,86400.0,PTVRP_LAYERED,55052.0,2,0.000016300,0.000016300,0.0000,1,0.005698
Instances/Instances 2/pcb442_10.gt,441,20000.0,86400.0,PTVRP_LAYERED,55035.0,1,0.000015700,0.000015700,0.0000,1,0.006259
Instances/Instances 2/pm8079_01.gt,8078,20.0,86400.0,PTVRP_LAYERED,21704398.0,2281,0.010887000,0.010887000,0.0000,1,0.020591
Instances/Instances 2/pm8079_02.gt,8078,40.0,86400.0,PTVRP_LAYERED,10984254.0,1765,0.010659801,0.010659801,0.0000,1,0.022827
Instances/Instances 2/pm8079_03.gt,8078,100.0,86400.0,PTVRP_LAYERED,4445970.0,1234,0.008686900,0.008686900,0.0000,1,0.02119
Instances/Instances 2/pm8079_04.gt,8078,200.0,86400.0,PTVRP_LAYERED,2286284.0,863,0.007089700,0.007089700,0.0000,1,0.020283
Instances/Instances 2/pm8079_05.gt,8078,400.0,86400.0,PTVRP_LAYERED,1178538.0,512,0.005589601,0.005589601,0.0000,1,0.018958
Instances/Instances 2/pm8079_06.gt,8078,1000.0,86400.0,PTVRP_LAYERED,528860.0,212,0.003896200,0.003896200,0.0000,1,0.016378
Instances/Instances 2/pm8079_07.gt,8078,2000.0,86400.0,PTVRP_LAYERED,319370.0,107,0.002889000,0.002889000,0.0000,1,0.016093
Instances/Instances 2/pm8079_08.gt,8078,4000.0,86400.0,PTVRP_LAYERED,214352.0,54,0.002146700,0.002146700,0.0000,1,0.012885
Instances/Instances 2/pm8079_09.gt,8078,10000.0,86400.0,PTVRP_LAYERED,151894.0,22,0.001447800,0.001447800,0.0000,1,0.011702
Instances/Instances 2/pm8079_10.gt,8078,20000.0,86400.0,PTVRP_LAYERED,132679.0,12,0.001091600,0.001091600,0.0000,1,0.010351
Instances/Instances 2/pr1002_01.gt,1001,20.0,86400.0,PTVRP_LAYERED,13704076.0,443,0.000324400,0.000324400,0.0000,1,0.006614
Instances/Instances 2/pr1002_02.gt,1001,40.0,86400.0,PTVRP_LAYERED,6656691.0,328,0.000338800,0.000338800,0.0000,1,0.005776
Instances/Instances 2/pr1002_03.gt,1001,100.0,86400.0,PTVRP_LAYERED,2938996.0,209,0.000279200,0.000279200,0.0000,1,0.005871
Instances/Instances 2/pr1002_04.gt,1001,200.0,86400.0,PTVRP_LAYERED,1514865.0,129,0.000240400,0.000240400,0.0000,1,0.005569
Instances/Instances 2/pr1002_05.gt,1001,400.0,86400.0,PTVRP_LAYERED,850078.0,69,0.000193200,0.000193200,0.0000,1,0.005614
Instances/Instances 2/pr1002_06.gt,1001,1000.0,86400.0,PTVRP_LAYERED,481274.0,28,0.000142200,0.000142200,0.0000,1,0.006203
Instances/Instances 2/pr1002_07.gt,1001,2000.0,86400.0,PTVRP_LAYERED,363862.0,14,0.000115300,0.000115300,0.0000,1,0.005793
Instances/Instances 2/pr1002_08.gt,1001,4000.0,86400.0,PTVRP_LAYERED,308980.0,7,0.000280200,0.000280200,0.0000,1,0.006152
Instances/Instances 2/pr1002_09.gt,1001,10000.0,86400.0,PTVRP_LAYERED,283439.0,4,0.000058400,0.000058400,0.0000,1,0.005715
Instances/Instances 2/pr1002_10.gt,1001,20000.0,86400.0,PTVRP_LAYERED,283439.0,4,0.000053100,0.000053100,0.0000,1,0.005378
Instances/Instances 2/pr107_01.gt,106,20.0,86400.0,PTVRP_LAYERED,1431303.0,52,0.000040500,0.000040500,0.0000,1,0.005551
Instances/Instances 2/pr107_02.gt,106,40.0,86400.0,PTVRP_LAYERED,733118.0,46,0.000037000,0.000037000,0.0000,1,0.005199
Instances/Instances 2/pr107_03.gt,106,100.0,86400.0,PTVRP_LAYERED,327341.0,26,0.000028300,0.000028300,0.0000,1,0.004926
Instances/Instances 2/pr107_04.gt,106,200.0,86400.0,PTVRP_LAYERED,158217.0,15,0.000020900,0.000020900,0.0000,1,0.00556
Instances/Instances 2/pr107_05.gt,106,400.0,86400.0,PTVRP_LAYERED,102577.0,8,0.000016200,0.000016200,0.0000,1,0.005051
Instances/Instances 2/pr107_06.gt,106,1000.0,86400.0,PTVRP_LAYERED,65048.0,3,0.000009500,0.000009500,0.0000,1,0.004852
Instances/Instances 2/pr107_07.gt,106,2000.0,86400.0,PTVRP_LAYERED,50502.0,2,0.000007900,0.000007900,0.0000,1,0.005191
Instances/Instances 2/pr107_08.gt,106,4000.0,86400.0,PTVRP_LAYERED,50502.0,2,0.000005600,0.000005600,0.0000,1,0.005387
Instances/Instances 2/pr107_09.gt,106,10000.0,86400.0,PTVRP_LAYERED,50502.0,2,0.000004700,0.000004700,0.0000,1,0.004723
Instances/Instances 2/pr107_10.gt,106,20000.0,86400.0,PTVRP_LAYERED,50502.0,2,0.000005100,0.000005100,0.0000,1,0.005168
Instances/Instances 2/pr124_01.gt,123,20.0,86400.0,PTVRP_LAYERED,1409460.0,56,0.000039300,0.000039300,0.0000,1,0.006148
Instances/Instances 2/pr124_02.gt,123,40.0,86400.0,PTVRP_LAYERED,789985.0,44,0.000038700,0.000038700,0.0000,1,0.004973
Instances/Instances 2/pr124_03.gt,123,100.0,86400.0,PTVRP_LAYERED,312976.0,27,0.000031700,0.000031700,0.0000,1,0.00606
Instances/Instances 2/pr124_04.gt,123,200.0,86400.0,PTVRP_LAYERED,191131.0,17,0.000024500,0.000024500,0.0000,1,0.005165
Instances/Instances 2/pr124_05.gt,123,400.0,86400.0,PTVRP_LAYERED,117602.0,9,0.000018400,0.000018400,0.0000,1,0.004909
Instances/Instances 2/pr124_06.gt,123,1000.0,86400.0,PTVRP_LAYERED,83132.0,4,0.000012600,0.000012600,0.0000,1,0.005755
Instances/Instances 2/pr124_07.gt,123,2000.0,86400.0,PTVRP_LAYERED,71966.0,2,0.000008000,0.000008000,0.0000,1,0.005621
Instances/Instances 2/pr124_08.gt,123,4000.0,86400.0,PTVRP_LAYERED,66676.0,1,0.000005000,0.000005000,0.0000,1,0.005086
Instances/Instances 2/pr124_09.gt,123,10000.0,86400.0,PTVRP_LAYERED,66676.0,1,0.000005300,0.000005300,0.0000,1,0.006668
Instances/Instances 2/pr124_10.gt,123,20000.0,86400.0,PTVRP_LAYERED,66676.0,1,0.000005000,0.000005000,0.0000,1,0.005894
Instances/Instances 2/pr136_01.gt,135,20.0,86400.0,PTVRP_LAYERED,1850248.0,73,0.000042500,0.000042500,0.0000,1,0.006125
Instances/Instances 2/pr136_02.gt,135,40.0,86400.0,PTVRP_LAYERED,954015.0,54,0.000039600,0.000039600,0.0000,1,0.006757
Instances/Instances 2/pr136_03.gt,135,100.0,86400.0,PTVRP_LAYERED,422564.0,34,0.000032400,0.000032400,0.0000,1,0.006249
Instances/Instances 2/pr136_04.gt,135,200.0,86400.0,PTVRP_LAYERED,255301.0,20,0.000025700,0.000025700,0.0000,1,0.00647
Instances/Instances 2/pr136_05.gt,135,400.0,86400.0,PTVRP_LAYERED,165517.0,9,0.000018600,0.000018600,0.0000,1,0.005884
Instances/Instances 2/pr136_06.gt,135,1000.0,86400.0,PTVRP_LAYERED,121273.0,4,0.000016500,0.000016500,0.0000,1,0.006373
Instances/Instances 2/pr136_07.gt,135,2000.0,86400.0,PTVRP_LAYERED,112838.0,2,0.000008500,0.000008500,0.0000,1,0.005882
Instances/Instances 2/pr136_08.gt,135,4000.0,86400.0,PTVRP_LAYERED,107219.0,2,0.000007200,0.000007200,0.0000,1,0.005578
Instances/Instances 2/pr136_09.gt,135,10000.0,86400.0,PTVRP_LAYERED,107219.0,2,0.000007200,0.000007200,0.0000,1,0.005595
Instances/Instances 2/pr136_10.gt,135,20000.0,86400.0,PTVRP_LAYERED,107219.0,2,0.000006700,0.000006700,0.0000,1,0.005385
Instances/Instances 2/pr144_01.gt,143,20.0,86400.0,PTVRP_LAYERED,1698228.0,67,0.000049100,0.000049100,0.0000,1,0.005151
Instances/Instances 2/pr144_02.gt,143,40.0,86400.0,PTVRP_LAYERED,844665.0,52,0.000046700,0.000046700,0.0000,1,0.007368
Instances/Instances 2/pr144_03.gt,143,100.0,86400.0,PTVRP_LAYERED,383246.0,38,0.000037300,0.000037300,0.0000,1,0.005892
Instances/Instances 2/pr144_04.gt,143,200.0,86400.0,PTVRP_LAYERED,199286.0,20,0.000072100,0.000072100,0.0000,1,0.006944
Instances/Instances 2/pr144_05.gt,143,400.0,86400.0,PTVRP_LAYERED,131764.0,11,0.000022500,0.000022500,0.0000,1,0.006389
Instances/Instances 2/pr144_06.gt,143,1000.0,86400.0,PTVRP_LAYERED,83690.0,4,0.000017000,0.000017000,0.0000,1,0.005681
Instances/Instances 2/pr144_07.gt,143,2000.0,86400.0,PTVRP_LAYERED,71677.0,3,0.000010400,0.000010400,0.0000,1,0.005408
Instances/Instances 2/pr144_08.gt,143,4000.0,86400.0,PTVRP_LAYERED,68780.0,1,0.000006100,0.000006100,0.0000,1,0.004751
Instances/Instances 2/pr144_09.gt,143,10000.0,86400.0,PTVRP_LAYERED,68780.0,1,0.000007400,0.000007400,0.0000,1,0.005878
Instances/Instances 2/pr144_10.gt,143,20000.0,86400.0,PTVRP_LAYERED,68780.0,1,0.000006800,0.000006800,0.0000,1,0.005656
Instances/Instances 2/pr152_01.gt,151,20.0,86400.0,PTVRP_LAYERED,2079458.0,74,0.000048100,0.000048100,0.0000,1,0.005026
Instances/Instances 2/pr152_02.gt,151,40.0,86400.0,PTVRP_LAYERED,1017935.0,59,0.000047400,0.000047400,0.0000,1,0.006373
Instances/Instances 2/pr152_03.gt,151,100.0,86400.0,PTVRP_LAYERED,483116.0,40,0.000037400,0.000037400,0.0000,1,0.004931
Instances/Instances 2/pr152_04.gt,151,200.0,86400.0,PTVRP_LAYERED,248047.0,20,0.000028500,0.000028500,0.0000,1,0.005536
Instances/Instances 2/pr152_05.gt,151,400.0,86400.0,PTVRP_LAYERED,162729.0,11,0.000023500,0.000023500,0.0000,1,0.007005
Instances/Instances 2/pr152_06.gt,151,1000.0,86400.0,PTVRP_LAYERED,107390.0,5,0.000016300,0.000016300,0.0000,1,0.005275
Instances/Instances 2/pr152_07.gt,151,2000.0,86400.0,PTVRP_LAYERED,89575.0,2,0.000011200,0.000011200,0.0000,1,0.005993
Instances/Instances 2/pr152_08.gt,151,4000.0,86400.0,PTVRP_LAYERED,89575.0,2,0.000007300,0.000007300,0.0000,1,0.005233
Instances/Instances 2/pr152_09.gt,151,10000.0,86400.0,PTVRP_LAYERED,89575.0,2,0.000006700,0.000006700,0.0000,1,0.00512
Instances/Instances 2/pr152_10.gt,151,20000.0,86400.0,PTVRP_LAYERED,89575.0,2,0.000006900,0.000006900,0.0000,1,0.005354
Instances/Instances 2/pr226_01.gt,225,20.0,86400.0,PTVRP_LAYERED,3535353.0,96,0.000067300,0.000067300,0.0000,1,0.004989
Instances/Instances 2/pr226_02.gt,225,40.0,86400.0,PTVRP_LAYERED,1809620.0,65,0.000067400,0.000067400,0.0000,1,0.005522
Instances/Instances 2/pr226_03.gt,225,100.0,86400.0,PTVRP_LAYERED,726861.0,41,0.000055400,0.000055400,0.0000,1,0.005199
Instances/Instances 2/pr226_04.gt,225,200.0,86400.0,PTVRP_LAYERED,423171.0,27,0.000048300,0.000048300,0.0000,1,0.004931
Instances/Instances 2/pr226_05.gt,225,400.0,86400.0,PTVRP_LAYERED,229788.0,15,0.000037400,0.000037400,0.0000,1,0.004962
Instances/Instances 2/pr226_06.gt,225,1000.0,86400.0,PTVRP_LAYERED,140925.0,6,0.000026000,0.000026000,0.0000,1,0.005101
Instances/Instances 2/pr226_07.gt,225,2000.0,86400.0,PTVRP_LAYERED,112461.0,3,0.000017700,0.000017700,0.0000,1,0.004994
Instances/Instances 2/pr226_08.gt,225,4000.0,86400.0,PTVRP_LAYERED,102122.0,2,0.000010500,0.000010500,0.0000,1,0.005086
Instances/Instances 2/pr226_09.gt,225,10000.0,86400.0,PTVRP_LAYERED,97856.0,2,0.000009700,0.000009700,0.0000,1,0.005022
Instances/Instances 2/pr226_10.gt,225,20000.0,86400.0,PTVRP_LAYERED,97856.0,2,0.000008900,0.000008900,0.0000,1,0.005593
Instances/Instances 2/pr2392_01.gt,2391,20.0,86400.0,PTVRP_LAYERED,29811896.0,961,0.000830000,0.000830000,0.0000,1,0.006955
Instances/Instances 2/pr2392_02.gt,2391,40.0,86400.0,PTVRP_LAYERED,15663717.0,677,0.000859700,0.000859700,0.0000,1,0.007431
Instances/Instances 2/pr2392_03.gt,2391,100.0,86400.0,PTVRP_LAYERED,6459415.0,458,0.000742300,0.000742300,0.0000,1,0.007223
Instances/Instances 2/pr2392_04.gt,2391,200.0,86400.0,PTVRP_LAYERED,3356260.0,300,0.000664000,0.000664000,0.0000,1,0.007407
Instances/Instances 2/pr2392_05.gt,2391,400.0,86400.0,PTVRP_LAYERED,1817581.0,158,0.000555100,0.000555100,0.0000,1,0.007459
Instances/Instances 2/pr2392_06.gt,2391,1000.0,86400.0,PTVRP_LAYERED,957752.0,66,0.000428300,0.000428300,0.0000,1,0.007631
Instances/Instances 2/pr2392_07.gt,2391,2000.0,86400.0,PTVRP_LAYERED,642532.0,33,0.000289000,0.000289000,0.0000,1,0.006764
Instances/Instances 2/pr2392_08.gt,2391,4000.0,86400.0,PTVRP_LAYERED,504475.0,17,0.000291600,0.000291600,0.0000,1,0.006742
Instances/Instances 2/pr2392_09.gt,2391,10000.0,86400.0,PTVRP_LAYERED,420652.0,8,0.000160000,0.000160000,0.0000,1,0.006438
Instances/Instances 2/pr2392_10.gt,2391,20000.0,86400.0,PTVRP_LAYERED,410093.0,6,0.000161700,0.000161700,0.0000,1,0.006992
Instances/Instances 2/pr264_01.gt,263,20.0,86400.0,PTVRP_LAYERED,2473645.0,102,0.000107000,0.000107000,0.0000,1,0.005334
Instances/Instances 2/pr264_02.gt,263,40.0,86400.0,PTVRP_LAYERED,1411735.0,84,0.000101200,0.000101200,0.0000,1,0.004992
Instances/Instances 2/pr264_03.gt,263,100.0,86400.0,PTVRP_LAYERED,597584.0,51,0.000081800,0.000081800,0.0000,1,0.004845
Instances/Instances 2/pr264_04.gt,263,200.0,86400.0,PTVRP_LAYERED,313564.0,37,0.000064700,0.000064700,0.0000,1,0.005111
Instances/Instances 2/pr264_05.gt,263,400.0,86400.0,PTVRP_LAYERED,160496.0,18,0.000050400,0.000050400,0.0000,1,0.004969
Instances/Instances 2/pr264_06.gt,263,1000.0,86400.0,PTVRP_LAYERED,91669.0,8,0.000035000,0.000035000,0.0000,1,0.005263
Instances/Instances 2/pr264_07.gt,263,2000.0,86400.0,PTVRP_LAYERED,68338.0,5,0.000023200,0.000023200,0.0000,1,0.005304
Instances/Instances 2/pr264_08.gt,263,4000.0,86400.0,PTVRP_LAYERED,56527.0,3,0.000039800,0.000039800,0.0000,1,0.005348
Instances/Instances 2/pr264_09.gt,263,10000.0,86400.0,PTVRP_LAYERED,50874.0,1,0.000009400,0.000009400,0.0000,1,0.005366
Instances/Instances 2/pr264_10.gt,263,20000.0,86400.0,PTVRP_LAYERED,50874.0,1,0.000010000,0.000010000,0.0000,1,0.00543
Instances/Instances 2/pr299_01.gt,298,20.0,86400.0,PTVRP_LAYERED,1535659.0,141,0.000157900,0.000157900,0.0000,1,0.006257
Instances/Instances 2/pr299_02.gt,298,40.0,86400.0,PTVRP_LAYERED,877745.0,111,0.000155000,0.000155000,0.0000,1,0.006602
Instances/Instances 2/pr299_03.gt,298,100.0,86400.0,PTVRP_LAYERED,385897.0,69,0.000123000,0.000123000,0.0000,1,0.005982
Instances/Instances 2/pr299_04.gt,298,200.0,86400.0,PTVRP_LAYERED,193863.0,39,0.000094700,0.000094700,0.0000,1,0.005545
Instances/Instances 2/pr299_05.gt,298,400.0,86400.0,PTVRP_LAYERED,117143.0,20,0.000067100,0.000067100,0.0000,1,0.00572
Instances/Instances 2/pr299_06.gt,298,1000.0,86400.0,PTVRP_LAYERED,74980.0,8,0.000042800,0.000042800,0.0000,1,0.005441
Instances/Instances 2/pr299_07.gt,298,2000.0,86400.0,PTVRP_LAYERED,60992.0,5,0.000029600,0.000029600,0.0000,1,0.005951
Instances/Instances 2/pr299_08.gt,298,4000.0,86400.0,PTVRP_LAYERED,56211.0,3,0.000018800,0.000018800,0.0000,1,0.00556
Instances/Instances 2/pr299_09.gt,298,10000.0,86400.0,PTVRP_LAYERED,54703.0,1,0.000010700,0.000010700,0.0000,1,0.004889
Instances/Instances 2/pr299_10.gt,298,20000.0,86400.0,PTVRP_LAYERED,54703.0,1,0.000010700,0.000010700,0.0000,1,0.004908
Instances/Instances 2/pr439_01.gt,438,20.0,86400.0,PTVRP_LAYERED,3824747.0,197,0.000185400,0.000185400,0.0000,1,0.00604
Instances/Instances 2/pr439_02.gt,438,40.0,86400.0,PTVRP_LAYERED,2129727.0,162,0.000202300,0.000202300,0.0000,1,0.005236
Instances/Instances 2/pr439_03.gt,438,100.0,86400.0,PTVRP_LAYERED,894461.0,102,0.000149400,0.000149400,0.0000,1,0.005739
Instances/Instances 2/pr439_04.gt,438,200.0,86400.0,PTVRP_LAYERED,474380.0,58,0.000119200,0.000119200,0.0000,1,0.005569
Instances/Instances 2/pr439_05.gt,438,400.0,86400.0,PTVRP_LAYERED,290794.0,31,0.000092300,0.000092300,0.0000,1,0.005429
Instances/Instances 2/pr439_06.gt,438,1000.0,86400.0,PTVRP_LAYERED,170676.0,13,0.000063800,0.000063800,0.0000,1,0.005302
Instances/Instances 2/pr439_07.gt,438,2000.0,86400.0,PTVRP_LAYERED,139239.0,7,0.000046400,0.000046400,0.0000,1,0.005051
Instances/Instances 2/pr439_08.gt,438,4000.0,86400.0,PTVRP_LAYERED,121241.0,4,0.000032600,0.000032600,0.0000,1,0.00481
Instances/Instances 2/pr439_09.gt,438,10000.0,86400.0,PTVRP_LAYERED,117489.0,2,0.000020000,0.000020000,0.0000,1,0.005151
Instances/Instances 2/pr439_10.gt,438,20000.0,86400.0,PTVRP_LAYERED,117489.0,2,0.000017900,0.000017900,0.0000,1,0.005034
Instances/Instances 2/pr76_01.gt,75,20.0,86400.0,PTVRP_LAYERED,1305457.0,44,0.000021500,0.000021500,0.0000,1,0.004807
Instances/Instances 2/pr76_02.gt,75,40.0,86400.0,PTVRP_LAYERED,690100.0,32,0.000021100,0.000021100,0.0000,1,0.005729
Instances/Instances 2/pr76_03.gt,75,100.0,86400.0,PTVRP_LAYERED,339052.0,25,0.000016300,0.000016300,0.0000,1,0.005317
Instances/Instances 2/pr76_04.gt,75,200.0,86400.0,PTVRP_LAYERED,195275.0,10,0.000011700,0.000011700,0.0000,1,0.00541
Instances/Instances 2/pr76_05.gt,75,400.0,86400.0,PTVRP_LAYERED,157160.0,6,0.000010200,0.000010200,0.0000,1,0.005488
Instances/Instances 2/pr76_06.gt,75,1000.0,86400.0,PTVRP_LAYERED,124689.0,2,0.000005000,0.000005000,0.0000,1,0.004867
Instances/Instances 2/pr76_07.gt,75,2000.0,86400.0,PTVRP_LAYERED,124689.0,2,0.000004500,0.000004500,0.0000,1,0.005579
Instances/Instances 2/pr76_08.gt,75,4000.0,86400.0,PTVRP_LAYERED,124689.0,2,0.000004400,0.000004400,0.0000,1,0.004995
Instances/Instances 2/pr76_09.gt,75,10000.0,86400.0,PTVRP_LAYERED,124689.0,2,0.000004500,0.000004500,0.0000,1,0.005567
Instances/Instances 2/pr76_10.gt,75,20000.0,86400.0,PTVRP_LAYERED,124689.0,2,0.000004200,0.000004200,0.0000,1,0.005726
Instances/Instances 2/qa194_01.gt,193,20.0,86400.0,PTVRP_LAYERED,208610.0,98,0.000217400,0.000217400,0.0000,1,0.006218
Instances/Instances 2/qa194_02.gt,193,40.0,86400.0,PTVRP_LAYERED,108926.0,82,0.000178900,0.000178900,0.0000,1,0.005051
Instances/Instances 2/qa194_03.gt,193,100.0,86400.0,PTVRP_LAYERED,45009.0,49,0.000121500,0.000121500,0.0000,1,0.005608
Instances/Instances 2/qa194_04.gt,193,200.0,86400.0,PTVRP_LAYERED,27373.0,28,0.000083700,0.000083700,0.0000,1,0.006165
Instances/Instances 2/qa194_05.gt,193,400.0,86400.0,PTVRP_LAYERED,18229.0,14,0.000052600,0.000052600,0.0000,1,0.005068
Instances/Instances 2/qa194_06.gt,193,1000.0,86400.0,PTVRP_LAYERED,12997.0,6,0.000025100,0.000025100,0.0000,1,0.005407
Instances/Instances 2/qa194_07.gt,193,2000.0,86400.0,PTVRP_LAYERED,11122.0,3,0.000015100,0.000015100,0.0000,1,0.005469
Instances/Instances 2/qa194_08.gt,193,4000.0,86400.0,PTVRP_LAYERED,10519.0,2,0.000010000,0.000010000,0.0000,1,0.004847
Instances/Instances 2/qa194_09.gt,193,10000.0,86400.0,PTVRP_LAYERED,10469.0,1,0.000007900,0.000007900,0.0000,1,0.005047
Instances/Instances 2/qa194_10.gt,193,20000.0,86400.0,PTVRP_LAYERED,10469.0,1,0.000008100,0.000008100,0.0000,1,0.005715
Instances/Instances 2/rat195_01.gt,194,20.0,86400.0,PTVRP_LAYERED,51522.0,105,0.000359900,0.000359900,0.0000,1,0.005437
Instances/Instances 2/rat195_02.gt,194,40.0,86400.0,PTVRP_LAYERED,26155.0,79,0.000278400,0.000278400,0.0000,1,0.005677
Instances/Instances 2/rat195_03.gt,194,100.0,86400.0,PTVRP_LAYERED,11329.0,51,0.000164800,0.000164800,0.0000,1,0.006041
Instances/Instances 2/rat195_04.gt,194,200.0,86400.0,PTVRP_LAYERED,6264.0,28,0.000083600,0.000083600,0.0000,1,0.005262
Instances/Instances 2/rat195_05.gt,194,400.0,86400.0,PTVRP_LAYERED,4260.0,15,0.000048700,0.000048700,0.0000,1,0.006898
Instances/Instances 2/rat195_06.gt,194,1000.0,86400.0,PTVRP_LAYERED,2978.0,6,0.000025200,0.000025200,0.0000,1,0.005288
Instances/Instances 2/rat195_07.gt,194,2000.0,86400.0,PTVRP_LAYERED,2630.0,3,0.000015300,0.000015300,0.0000,1,0.006375
Instances/Instances 2/rat195_08.gt,194,4000.0,86400.0,PTVRP_LAYERED,2587.0,2,0.000010600,0.000010600,0.0000,1,0.006015
Instances/Instances 2/rat195_09.gt,194,10000.0,86400.0,PTVRP_LAYERED,2581.0,1,0.000007900,0.000007900,0.0000,1,0.00701
Instances/Instances 2/rat195_10.gt,194,20000.0,86400.0,PTVRP_LAYERED,2581.0,1,0.000008100,0.000008100,0.0000,1,0.007229
Instances/Instances 2/rat575_01.gt,574,20.0,86400.0,PTVRP_LAYERED,244321.0,280,0.001222000,0.001222000,0.0000,1,0.008054
Instances/Instances 2/rat575_02.gt,574,40.0,86400.0,PTVRP_LAYERED,122964.0,222,0.001048900,0.001048900,0.0000,1,0.009226
Instances/Instances 2/rat575_03.gt,574,100.0,86400.0,PTVRP_LAYERED,50267.0,133,0.000701300,0.000701300,0.0000,1,0.006982
Instances/Instances 2/rat575_04.gt,574,200.0,86400.0,PTVRP_LAYERED,28679.0,80,0.000465900,0.000465900,0.0000,1,0.007746
Instances/Instances 2/rat575_05.gt,574,400.0,86400.0,PTVRP_LAYERED,17406.0,39,0.000297900,0.000297900,0.0000,1,0.007296
Instances/Instances 2/rat575_06.gt,574,1000.0,86400.0,PTVRP_LAYERED,10471.0,16,0.000148000,0.000148000,0.0000,1,0.007749
Instances/Instances 2/rat575_07.gt,574,2000.0,86400.0,PTVRP_LAYERED,8567.0,9,0.000088900,0.000088900,0.0000,1,0.00806
Instances/Instances 2/rat575_08.gt,574,4000.0,86400.0,PTVRP_LAYERED,7691.0,4,0.000052200,0.000052200,0.0000,1,0.007692
Instances/Instances 2/rat575_09.gt,574,10000.0,86400.0,PTVRP_LAYERED,7378.0,3,0.000026900,0.000026900,0.0000,1,0.006282
Instances/Instances 2/rat575_10.gt,574,20000.0,86400.0,PTVRP_LAYERED,7265.0,1,0.000021000,0.000021000,0.0000,1,0.007114
Instances/Instances 2/rat783_01.gt,782,20.0,86400.0,PTVRP_LAYERED,373979.0,335,0.001711400,0.001711400,0.0000,1,0.009229
Instances/Instances 2/rat783_02.gt,782,40.0,86400.0,PTVRP_LAYERED,187305.0,261,0.001478700,0.001478700,0.0000,1,0.009458
Instances/Instances 2/rat783_03.gt,782,100.0,86400.0,PTVRP_LAYERED,82400.0,184,0.001055100,0.001055100,0.0000,1,0.00884
Instances/Instances 2/rat783_04.gt,782,200.0,86400.0,PTVRP_LAYERED,43245.0,103,0.000723700,0.000723700,0.0000,1,0.007223
Instances/Instances 2/rat783_05.gt,782,400.0,86400.0,PTVRP_LAYERED,25430.0,56,0.000459800,0.000459800,0.0000,1,0.008742
Instances/Instances 2/rat783_06.gt,782,1000.0,86400.0,PTVRP_LAYERED,15139.0,22,0.000258400,0.000258400,0.0000,1,0.007255
Instances/Instances 2/rat783_07.gt,782,2000.0,86400.0,PTVRP_LAYERED,11603.0,12,0.000153200,0.000153200,0.0000,1,0.005649
Instances/Instances 2/rat783_08.gt,782,4000.0,86400.0,PTVRP_LAYERED,10027.0,6,0.000086800,0.000086800,0.0000,1,0.005931
Instances/Instances 2/rat783_09.gt,782,10000.0,86400.0,PTVRP_LAYERED,9552.0,3,0.000042300,0.000042300,0.0000,1,0.005954
Instances/Instances 2/rat783_10.gt,782,20000.0,86400.0,PTVRP_LAYERED,9389.0,2,0.000026200,0.000026200,0.0000,1,0.005769
Instances/Instances 2/rat99_01.gt,98,20.0,86400.0,PTVRP_LAYERED,16503.0,57,0.000153000,0.000153000,0.0000,1,0.005703
Instances/Instances 2/rat99_02.gt,98,40.0,86400.0,PTVRP_LAYERED,8994.0,49,0.000098200,0.000098200,0.0000,1,0.005975
Instances/Instances 2/rat99_03.gt,98,100.0,86400.0,PTVRP_LAYERED,4580.0,27,0.000048700,0.000048700,0.0000,1,0.004969
Instances/Instances 2/rat99_04.gt,98,200.0,86400.0,PTVRP_LAYERED,2833.0,14,0.000028100,0.000028100,0.0000,1,0.005451
Instances/Instances 2/rat99_05.gt,98,400.0,86400.0,PTVRP_LAYERED,1869.0,7,0.000016600,0.000016600,0.0000,1,0.004865
Instances/Instances 2/rat99_06.gt,98,1000.0,86400.0,PTVRP_LAYERED,1470.0,3,0.000008800,0.000008800,0.0000,1,0.005054
Instances/Instances 2/rat99_07.gt,98,2000.0,86400.0,PTVRP_LAYERED,1399.0,2,0.000006500,0.000006500,0.0000,1,0.006136
Instances/Instances 2/rat99_08.gt,98,4000.0,86400.0,PTVRP_LAYERED,1395.0,1,0.000004400,0.000004400,0.0000,1,0.005157
Instances/Instances 2/rat99_09.gt,98,10000.0,86400.0,PTVRP_LAYERED,1395.0,1,0.000004300,0.000004300,0.0000,1,0.005303
Instances/Instances 2/rat99_10.gt,98,20000.0,86400.0,PTVRP_LAYERED,1395.0,1,0.000004900,0.000004900,0.0000,1,0.006116
Instances/Instances 2/rd100_01.gt,99,20.0,86400.0,PTVRP_LAYERED,107009.0,50,0.000086000,0.000086000,0.0000,1,0.006136
Instances/Instances 2/rd100_02.gt,99,40.0,86400.0,PTVRP_LAYERED,60993.0,44,0.000067500,0.000067500,0.0000,1,0.005785
Instances/Instances 2/rd100_03.gt,99,100.0,86400.0,PTVRP_LAYERED,30031.0,31,0.000046100,0.000046100,0.0000,1,0.006166
Instances/Instances 2/rd100_04.gt,99,200.0,86400.0,PTVRP_LAYERED,17776.0,15,0.000028500,0.000028500,0.0000,1,0.00634
Instances/Instances 2/rd100_05.gt,99,400.0,86400.0,PTVRP_LAYERED,11939.0,7,0.000016900,0.000016900,0.0000,1,0.006062
Instances/Instances 2/rd100_06.gt,99,1000.0,86400.0,PTVRP_LAYERED,9875.0,4,0.000009000,0.000009000,0.0000,1,0.005416
Instances/Instances 2/rd100_07.gt,99,2000.0,86400.0,PTVRP_LAYERED,9356.0,3,0.000006000,0.000006000,0.0000,1,0.005503
Instances/Instances 2/rd100_08.gt,99,4000.0,86400.0,PTVRP_LAYERED,8967.0,2,0.000004300,0.000004300,0.0000,1,0.006592
Instances/Instances 2/rd100_09.gt,99,10000.0,86400.0,PTVRP_LAYERED,8967.0,2,0.000004700,0.000004700,0.0000,1,0.004996
Instances/Instances 2/rd100_10.gt,99,20000.0,86400.0,PTVRP_LAYERED,8967.0,2,0.000004600,0.000004600,0.0000,1,0.006256
Instances/Instances 2/rd400_01.gt,399,20.0,86400.0,PTVRP_LAYERED,442893.0,194,0.000466800,0.000466800,0.0000,1,0.005539
Instances/Instances 2/rd400_02.gt,399,40.0,86400.0,PTVRP_LAYERED,227178.0,167,0.000445000,0.000445000,0.0000,1,0.005355
Instances/Instances 2/rd400_03.gt,399,100.0,86400.0,PTVRP_LAYERED,100521.0,98,0.000305900,0.000305900,0.0000,1,0.006135
Instances/Instances 2/rd400_04.gt,399,200.0,86400.0,PTVRP_LAYERED,52887.0,53,0.000207500,0.000207500,0.0000,1,0.006927
Instances/Instances 2/rd400_05.gt,399,400.0,86400.0,PTVRP_LAYERED,34887.0,30,0.000143800,0.000143800,0.0000,1,0.007862
Instances/Instances 2/rd400_06.gt,399,1000.0,86400.0,PTVRP_LAYERED,21380.0,12,0.000080400,0.000080400,0.0000,1,0.006452
Instances/Instances 2/rd400_07.gt,399,2000.0,86400.0,PTVRP_LAYERED,17809.0,6,0.000049700,0.000049700,0.0000,1,0.006303
Instances/Instances 2/rd400_08.gt,399,4000.0,86400.0,PTVRP_LAYERED,16168.0,3,0.000028700,0.000028700,0.0000,1,0.005729
Instances/Instances 2/rd400_09.gt,399,10000.0,86400.0,PTVRP_LAYERED,15473.0,2,0.000015600,0.000015600,0.0000,1,0.00512
Instances/Instances 2/rd400_10.gt,399,20000.0,86400.0,PTVRP_LAYERED,15316.0,1,0.000014600,0.000014600,0.0000,1,0.005732
Instances/Instances 2/rl11849_01.gt,11848,20.0,86400.0,PTVRP_LAYERED,171385867.0,4564,0.004516000,0.004516000,0.0000,1,0.018728
Instances/Instances 2/rl11849_02.gt,11848,40.0,86400.0,PTVRP_LAYERED,86085907.0,2937,0.004668000,0.004668000,0.0000,1,0.020104
Instances/Instances 2/rl11849_03.gt,11848,100.0,86400.0,PTVRP_LAYERED,34891640.0,1806,0.004125900,0.004125900,0.0000,1,0.022301
Instances/Instances 2/rl11849_04.gt,11848,200.0,86400.0,PTVRP_LAYERED,17732426.0,1260,0.003632800,0.003632800,0.0000,1,0.020222
Instances/Instances 2/rl11849_05.gt,11848,400.0,86400.0,PTVRP_LAYERED,9318777.0,768,0.003239800,0.003239800,0.0000,1,0.019729
Instances/Instances 2/rl11849_06.gt,11848,1000.0,86400.0,PTVRP_LAYERED,4134816.0,312,0.002516600,0.002516600,0.0000,1,0.01956
Instances/Instances 2/rl11849_07.gt,11848,2000.0,86400.0,PTVRP_LAYERED,2497882.0,160,0.002068300,0.002068300,0.0000,1,0.01801
Instances/Instances 2/rl11849_08.gt,11848,4000.0,86400.0,PTVRP_LAYERED,1663784.0,80,0.001488200,0.001488200,0.0000,1,0.016375
Instances/Instances 2/rl11849_09.gt,11848,10000.0,86400.0,PTVRP_LAYERED,1182604.0,34,0.001237800,0.001237800,0.0000,1,0.017034
Instances/Instances 2/rl11849_10.gt,11848,20000.0,86400.0,PTVRP_LAYERED,1026008.0,19,0.000798400,0.000798400,0.0000,1,0.013146
Instances/Instances 2/rl1304_01.gt,1303,20.0,86400.0,PTVRP_LAYERED,18841723.0,580,0.000434700,0.000434700,0.0000,1,0.008812
Instances/Instances 2/rl1304_02.gt,1303,40.0,86400.0,PTVRP_LAYERED,9644354.0,386,0.000446900,0.000446900,0.0000,1,0.008944
Instances/Instances 2/rl1304_03.gt,1303,100.0,86400.0,PTVRP_LAYERED,4041218.0,260,0.000367400,0.000367400,0.0000,1,0.007412
Instances/Instances 2/rl1304_04.gt,1303,200.0,86400.0,PTVRP_LAYERED,2037727.0,164,0.000322600,0.000322600,0.0000,1,0.007932
Instances/Instances 2/rl1304_05.gt,1303,400.0,86400.0,PTVRP_LAYERED,1129403.0,88,0.000263000,0.000263000,0.0000,1,0.006435
Instances/Instances 2/rl1304_06.gt,1303,1000.0,86400.0,PTVRP_LAYERED,580361.0,35,0.000198000,0.000198000,0.0000,1,0.006506
Instances/Instances 2/rl1304_07.gt,1303,2000.0,86400.0,PTVRP_LAYERED,401899.0,19,0.000150200,0.000150200,0.0000,1,0.00711
Instances/Instances 2/rl1304_08.gt,1303,4000.0,86400.0,PTVRP_LAYERED,311174.0,10,0.000116900,0.000116900,0.0000,1,0.008469
Instances/Instances 2/rl1304_09.gt,1303,10000.0,86400.0,PTVRP_LAYERED,280421.0,5,0.000071300,0.000071300,0.0000,1,0.007769
Instances/Instances 2/rl1304_10.gt,1303,20000.0,86400.0,PTVRP_LAYERED,277708.0,5,0.000067400,0.000067400,0.0000,1,0.006896
Instances/Instances 2/rl1323_01.gt,1322,20.0,86400.0,PTVRP_LAYERED,20770192.0,558,0.000414000,0.000414000,0.0000,1,0.007295
Instances/Instances 2/rl1323_02.gt,1322,40.0,86400.0,PTVRP_LAYERED,9981873.0,407,0.000432600,0.000432600,0.0000,1,0.008166
Instances/Instances 2/rl1323_03.gt,1322,100.0,86400.0,PTVRP_LAYERED,4123202.0,258,0.000370300,0.000370300,0.0000,1,0.006633
Instances/Instances 2/rl1323_04.gt,1322,200.0,86400.0,PTVRP_LAYERED,2177917.0,173,0.000313100,0.000313100,0.0000,1,0.006462
Instances/Instances 2/rl1323_05.gt,1322,400.0,86400.0,PTVRP_LAYERED,1195852.0,91,0.000258800,0.000258800,0.0000,1,0.006267
Instances/Instances 2/rl1323_06.gt,1322,1000.0,86400.0,PTVRP_LAYERED,622721.0,37,0.000191700,0.000191700,0.0000,1,0.005882
Instances/Instances 2/rl1323_07.gt,1322,2000.0,86400.0,PTVRP_LAYERED,435188.0,19,0.000148700,0.000148700,0.0000,1,0.006655
Instances/Instances 2/rl1323_08.gt,1322,4000.0,86400.0,PTVRP_LAYERED,343638.0,10,0.000112500,0.000112500,0.0000,1,0.006136
Instances/Instances 2/rl1323_09.gt,1322,10000.0,86400.0,PTVRP_LAYERED,305210.0,5,0.000078900,0.000078900,0.0000,1,0.006592
Instances/Instances 2/rl1323_10.gt,1322,20000.0,86400.0,PTVRP_LAYERED,305210.0,5,0.000069800,0.000069800,0.0000,1,0.005592
Instances/Instances 2/rl1889_01.gt,1888,20.0,86400.0,PTVRP_LAYERED,30137720.0,789,0.000566700,0.000566700,0.0000,1,0.006774
Instances/Instances 2/rl1889_02.gt,1888,40.0,86400.0,PTVRP_LAYERED,15108861.0,561,0.000592500,0.000592500,0.0000,1,0.007179
Instances/Instances 2/rl1889_03.gt,1888,100.0,86400.0,PTVRP_LAYERED,6272466.0,344,0.000524900,0.000524900,0.0000,1,0.007099
Instances/Instances 2/rl1889_04.gt,1888,200.0,86400.0,PTVRP_LAYERED,3248313.0,228,0.000469100,0.000469100,0.0000,1,0.008091
Instances/Instances 2/rl1889_05.gt,1888,400.0,86400.0,PTVRP_LAYERED,1761285.0,127,0.000397900,0.000397900,0.0000,1,0.006188
Instances/Instances 2/rl1889_06.gt,1888,1000.0,86400.0,PTVRP_LAYERED,864321.0,51,0.000320800,0.000320800,0.0000,1,0.008037
Instances/Instances 2/rl1889_07.gt,1888,2000.0,86400.0,PTVRP_LAYERED,584162.0,27,0.000222400,0.000222400,0.0000,1,0.007213
Instances/Instances 2/rl1889_08.gt,1888,4000.0,86400.0,PTVRP_LAYERED,439497.0,14,0.000296900,0.000296900,0.0000,1,0.008223
Instances/Instances 2/rl1889_09.gt,1888,10000.0,86400.0,PTVRP_LAYERED,359202.0,6,0.000116100,0.000116100,0.0000,1,0.006478
Instances/Instances 2/rl1889_10.gt,1888,20000.0,86400.0,PTVRP_LAYERED,351630.0,6,0.000121900,0.000121900,0.0000,1,0.006513
Instances/Instances 2/rl5915_01.gt,5914,20.0,86400.0,PTVRP_LAYERED,83146568.0,2270,0.002031500,0.002031500,0.0000,1,0.010323
Instances/Instances 2/rl5915_02.gt,5914,40.0,86400.0,PTVRP_LAYERED,42081110.0,1484,0.002133000,0.002133000,0.0000,1,0.012202
Instances/Instances 2/rl5915_03.gt,5914,100.0,86400.0,PTVRP_LAYERED,17328936.0,927,0.001888500,0.001888500,0.0000,1,0.011509
Instances/Instances 2/rl5915_04.gt,5914,200.0,86400.0,PTVRP_LAYERED,8794278.0,665,0.001705400,0.001705400,0.0000,1,0.010033
Instances/Instances 2/rl5915_05.gt,5914,400.0,86400.0,PTVRP_LAYERED,4616007.0,381,0.001472100,0.001472100,0.0000,1,0.010982
Instances/Instances 2/rl5915_06.gt,5914,1000.0,86400.0,PTVRP_LAYERED,2154063.0,158,0.001187500,0.001187500,0.0000,1,0.010875
Instances/Instances 2/rl5915_07.gt,5914,2000.0,86400.0,PTVRP_LAYERED,1309085.0,79,0.000969400,0.000969400,0.0000,1,0.011267
Instances/Instances 2/rl5915_08.gt,5914,4000.0,86400.0,PTVRP_LAYERED,914546.0,42,0.000736500,0.000736500,0.0000,1,0.010695
Instances/Instances 2/rl5915_09.gt,5914,10000.0,86400.0,PTVRP_LAYERED,684988.0,18,0.000520900,0.000520900,0.0000,1,0.009895
Instances/Instances 2/rl5915_10.gt,5914,20000.0,86400.0,PTVRP_LAYERED,622673.0,10,0.000414600,0.000414600,0.0000,1,0.009489
Instances/Instances 2/rl5934_01.gt,5933,20.0,86400.0,PTVRP_LAYERED,84169002.0,2339,0.002146000,0.002146000,0.0000,1,0.011885
Instances/Instances 2/rl5934_02.gt,5933,40.0,86400.0,PTVRP_LAYERED,41719081.0,1596,0.002286400,0.002286400,0.0000,1,0.012783
Instances/Instances 2/rl5934_03.gt,5933,100.0,86400.0,PTVRP_LAYERED,16903589.0,997,0.001971800,0.001971800,0.0000,1,0.01273
Instances/Instances 2/rl5934_04.gt,5933,200.0,86400.0,PTVRP_LAYERED,8807558.0,668,0.001729000,0.001729000,0.0000,1,0.011123
Instances/Instances 2/rl5934_05.gt,5933,400.0,86400.0,PTVRP_LAYERED,4534110.0,386,0.001506400,0.001506400,0.0000,1,0.012566
Instances/Instances 2/rl5934_06.gt,5933,1000.0,86400.0,PTVRP_LAYERED,2110204.0,158,0.001202500,0.001202500,0.0000,1,0.011989
Instances/Instances 2/rl5934_07.gt,5933,2000.0,86400.0,PTVRP_LAYERED,1314665.0,81,0.000977600,0.000977600,0.0000,1,0.011506
Instances/Instances 2/rl5934_08.gt,5933,4000.0,86400.0,PTVRP_LAYERED,904911.0,43,0.000710400,0.000710400,0.0000,1,0.012447
Instances/Instances 2/rl5934_09.gt,5933,10000.0,86400.0,PTVRP_LAYERED,678749.0,19,0.000480500,0.000480500,0.0000,1,0.011156
Instances/Instances 2/rl5934_10.gt,5933,20000.0,86400.0,PTVRP_LAYERED,613159.0,9,0.000430500,0.000430500,0.0000,1,0.010838
Instances/Instances 2/rw1621_01.gt,1620,20.0,86400.0,PTVRP_LAYERED,2391345.0,553,0.002382200,0.002382200,0.0000,1,0.008556
Instances/Instances 2/rw1621_02.gt,1620,40.0,86400.0,PTVRP_LAYERED,1199112.0,429,0.002254800,0.002254800,0.0000,1,0.010286
Instances/Instances 2/rw1621_03.gt,1620,100.0,86400.0,PTVRP_LAYERED,495162.0,298,0.001779100,0.001779100,0.0000,1,0.009084
Instances/Instances 2/rw1621_04.gt,1620,200.0,86400.0,PTVRP_LAYERED,262188.0,204,0.001347100,0.001347100,0.0000,1,0.008099
Instances/Instances 2/rw1621_05.gt,1620,400.0,86400.0,PTVRP_LAYERED,139406.0,109,0.000997200,0.000997200,0.0000,1,0.007471
Instances/Instances 2/rw1621_06.gt,1620,1000.0,86400.0,PTVRP_LAYERED,68691.0,43,0.000624000,0.000624000,0.0000,1,0.006459
Instances/Instances 2/rw1621_07.gt,1620,2000.0,86400.0,PTVRP_LAYERED,46476.0,23,0.000459900,0.000459900,0.0000,1,0.006494
Instances/Instances 2/rw1621_08.gt,1620,4000.0,86400.0,PTVRP_LAYERED,36176.0,12,0.000360300,0.000360300,0.0000,1,0.006604
Instances/Instances 2/rw1621_09.gt,1620,10000.0,86400.0,PTVRP_LAYERED,29392.0,5,0.000169100,0.000169100,0.0000,1,0.005575
Instances/Instances 2/rw1621_10.gt,1620,20000.0,86400.0,PTVRP_LAYERED,27739.0,3,0.000098200,0.000098200,0.0000,1,0.006165
Instances/Instances 2/st70_01.gt,69,20.0,86400.0,PTVRP_LAYERED,7414.0,41,0.000086200,0.000086200,0.0000,1,0.005418
Instances/Instances 2/st70_02.gt,69,40.0,86400.0,PTVRP_LAYERED,4366.0,33,0.000051300,0.000051300,0.0000,1,0.004935
Instances/Instances 2/st70_03.gt,69,100.0,86400.0,PTVRP_LAYERED,2076.0,20,0.000028600,0.000028600,0.0000,1,0.004797
Instances/Instances 2/st70_04.gt,69,200.0,86400.0,PTVRP_LAYERED,1255.0,11,0.000016400,0.000016400,0.0000,1,0.005686
Instances/Instances 2/st70_05.gt,69,400.0,86400.0,PTVRP_LAYERED,974.0,6,0.000010200,0.000010200,0.0000,1,0.005874
Instances/Instances 2/st70_06.gt,69,1000.0,86400.0,PTVRP_LAYERED,794.0,3,0.000006100,0.000006100,0.0000,1,0.006255
Instances/Instances 2/st70_07.gt,69,2000.0,86400.0,PTVRP_LAYERED,780.0,1,0.000003600,0.000003600,0.0000,1,0.006177
Instances/Instances 2/st70_08.gt,69,4000.0,86400.0,PTVRP_LAYERED,780.0,1,0.000003500,0.000003500,0.0000,1,0.004975
Instances/Instances 2/st70_09.gt,69,10000.0,86400.0,PTVRP_LAYERED,780.0,1,0.000003700,0.000003700,0.0000,1,0.006184
Instances/Instances 2/st70_10.gt,69,20000.0,86400.0,PTVRP_LAYERED,780.0,1,0.000003500,0.000003500,0.0000,1,0.005874
Instances/Instances 2/sw24978_01.gt,24977,20.0,86400.0,PTVRP_LAYERED,216192004.0,7551,0.015408600,0.015408600,0.0000,1,0.035306
Instances/Instances 2/sw24978_02.gt,24977,40.0,86400.0,PTVRP_LAYERED,108173763.0,5292,0.015924500,0.015924500,0.0000,1,0.040701
Instances/Instances 2/sw24978_03.gt,24977,100.0,86400.0,PTVRP_LAYERED,43925669.0,3440,0.013571001,0.013571001,0.0000,1,0.041442
Instances/Instances 2/sw24978_04.gt,24977,200.0,86400.0,PTVRP_LAYERED,22469886.0,2478,0.011877400,0.011877400,0.0000,1,0.035942
Instances/Instances 2/sw24978_05.gt,24977,400.0,86400.0,PTVRP_LAYERED,11371426.0,1518,0.010247500,0.010247500,0.0000,1,0.032005
Instances/Instances 2/sw24978_06.gt,24977,1000.0,86400.0,PTVRP_LAYERED,5048739.0,654,0.007920000,0.007920000,0.0000,1,0.028772
Instances/Instances 2/sw24978_07.gt,24977,2000.0,86400.0,PTVRP_LAYERED,2908289.0,325,0.006531600,0.006531600,0.0000,1,0.028982
Instances/Instances 2/sw24978_08.gt,24977,4000.0,86400.0,PTVRP_LAYERED,1861338.0,164,0.005525600,0.005525600,0.0000,1,0.029504
Instances/Instances 2/sw24978_09.gt,24977,10000.0,86400.0,PTVRP_LAYERED,1245566.0,67,0.003799700,0.003799700,0.0000,1,0.027311
Instances/Instances 2/sw24978_10.gt,24977,20000.0,86400.0,PTVRP_LAYERED,1041100.0,36,0.002854500,0.002854500,0.0000,1,0.027731
Instances/Instances 2/ts225_01.gt,224,20.0,86400.0,PTVRP_LAYERED,3372707.0,116,0.000065500,0.000065500,0.0000,1,0.007766
Instances/Instances 2/ts225_02.gt,224,40.0,86400.0,PTVRP_LAYERED,1962568.0,88,0.000062800,0.000062800,0.0000,1,0.007437
Instances/Instances 2/ts225_03.gt,224,100.0,86400.0,PTVRP_LAYERED,755713.0,60,0.000052800,0.000052800,0.0000,1,0.008503
Instances/Instances 2/ts225_04.gt,224,200.0,86400.0,PTVRP_LAYERED,440938.0,33,0.000042000,0.000042000,0.0000,1,0.007584
Instances/Instances 2/ts225_05.gt,224,400.0,86400.0,PTVRP_LAYERED,272708.0,16,0.000034900,0.000034900,0.0000,1,0.006772
Instances/Instances 2/ts225_06.gt,224,1000.0,86400.0,PTVRP_LAYERED,171841.0,7,0.000024000,0.000024000,0.0000,1,0.006073
Instances/Instances 2/ts225_07.gt,224,2000.0,86400.0,PTVRP_LAYERED,148763.0,4,0.000012600,0.000012600,0.0000,1,0.005403
Instances/Instances 2/ts225_08.gt,224,4000.0,86400.0,PTVRP_LAYERED,143060.0,3,0.000011000,0.000011000,0.0000,1,0.005068
Instances/Instances 2/ts225_09.gt,224,10000.0,86400.0,PTVRP_LAYERED,143060.0,3,0.000009900,0.000009900,0.0000,1,0.006002
Instances/Instances 2/ts225_10.gt,224,20000.0,86400.0,PTVRP_LAYERED,143060.0,3,0.000010700,0.000010700,0.0000,1,0.005801
Instances/Instances 2/tsp225_01.gt,224,20.0,86400.0,PTVRP_LAYERED,86922.0,102,0.000389400,0.000389400,0.0000,1,0.006096
Instances/Instances 2/tsp225_02.gt,224,40.0,86400.0,PTVRP_LAYERED,51568.0,97,0.000303500,0.000303500,0.0000,1,0.00665
Instances/Instances 2/tsp225_03.gt,224,100.0,86400.0,PTVRP_LAYERED,19648.0,59,0.000180600,0.000180600,0.0000,1,0.006337
Instances/Instances 2/tsp225_04.gt,224,200.0,86400.0,PTVRP_LAYERED,12031.0,33,0.000108600,0.000108600,0.0000,1,0.005977
Instances/Instances 2/tsp225_05.gt,224,400.0,86400.0,PTVRP_LAYERED,7704.0,16,0.000063200,0.000063200,0.0000,1,0.00583
Instances/Instances 2/tsp225_06.gt,224,1000.0,86400.0,PTVRP_LAYERED,5113.0,6,0.000029500,0.000029500,0.0000,1,0.005236
Instances/Instances 2/tsp225_07.gt,224,2000.0,86400.0,PTVRP_LAYERED,4602.0,3,0.000017500,0.000017500,0.0000,1,0.00573
Instances/Instances 2/tsp225_08.gt,224,4000.0,86400.0,PTVRP_LAYERED,4425.0,2,0.000011700,0.000011700,0.0000,1,0.005824
Instances/Instances 2/tsp225_09.gt,224,10000.0,86400.0,PTVRP_LAYERED,4418.0,1,0.000008300,0.000008300,0.0000,1,0.005603
Instances/Instances 2/tsp225_10.gt,224,20000.0,86400.0,PTVRP_LAYERED,4418.0,1,0.000008500,0.000008500,0.0000,1,0.005742
Instances/Instances 2/tz6117_01.gt,6116,20.0,86400.0,PTVRP_LAYERED,60869139.0,2046,0.002985600,0.002985600,0.0000,1,0.013241
Instances/Instances 2/tz6117_02.gt,6116,40.0,86400.0,PTVRP_LAYERED,31382950.0,1427,0.002932800,0.002932800,0.0000,1,0.017389
Instances/Instances 2/tz6117_03.gt,6116,100.0,86400.0,PTVRP_LAYERED,12671790.0,939,0.002547400,0.002547400,0.0000,1,0.016234
Instances/Instances 2/tz6117_04.gt,6116,200.0,86400.0,PTVRP_LAYERED,6557761.0,667,0.002230700,0.002230700,0.0000,1,0.015292
Instances/Instances 2/tz6117_05.gt,6116,400.0,86400.0,PTVRP_LAYERED,3337555.0,388,0.001919900,0.001919900,0.0000,1,0.012755
Instances/Instances 2/tz6117_06.gt,6116,1000.0,86400.0,PTVRP_LAYERED,1569054.0,163,0.001490600,0.001490600,0.0000,1,0.013974
Instances/Instances 2/tz6117_07.gt,6116,2000.0,86400.0,PTVRP_LAYERED,965299.0,81,0.001191000,0.001191000,0.0000,1,0.015354
Instances/Instances 2/tz6117_08.gt,6116,4000.0,86400.0,PTVRP_LAYERED,674007.0,42,0.000898000,0.000898000,0.0000,1,0.011439
Instances/Instances 2/tz6117_09.gt,6116,10000.0,86400.0,PTVRP_LAYERED,499086.0,17,0.000751600,0.000751600,0.0000,1,0.012629
Instances/Instances 2/tz6117_10.gt,6116,20000.0,86400.0,PTVRP_LAYERED,441130.0,9,0.000460200,0.000460200,0.0000,1,0.012944
Instances/Instances 2/u1060_01.gt,1059,20.0,86400.0,PTVRP_LAYERED,13870350.0,470,0.000352400,0.000352400,0.0000,1,0.007106
Instances/Instances 2/u1060_02.gt,1059,40.0,86400.0,PTVRP_LAYERED,7000301.0,327,0.000380900,0.000380900,0.0000,1,0.007906
Instances/Instances 2/u1060_03.gt,1059,100.0,86400.0,PTVRP_LAYERED,2930870.0,249,0.000320500,0.000320500,0.0000,1,0.007973
Instances/Instances 2/u1060_04.gt,1059,200.0,86400.0,PTVRP_LAYERED,1562703.0,134,0.000262500,0.000262500,0.0000,1,0.006867
Instances/Instances 2/u1060_05.gt,1059,400.0,86400.0,PTVRP_LAYERED,855343.0,72,0.000212600,0.000212600,0.0000,1,0.007734
Instances/Instances 2/u1060_06.gt,1059,1000.0,86400.0,PTVRP_LAYERED,463822.0,29,0.000162200,0.000162200,0.0000,1,0.006415
Instances/Instances 2/u1060_07.gt,1059,2000.0,86400.0,PTVRP_LAYERED,337836.0,15,0.000117200,0.000117200,0.0000,1,0.005509
Instances/Instances 2/u1060_08.gt,1059,4000.0,86400.0,PTVRP_LAYERED,273038.0,8,0.000092600,0.000092600,0.0000,1,0.006653
Instances/Instances 2/u1060_09.gt,1059,10000.0,86400.0,PTVRP_LAYERED,245381.0,4,0.000060700,0.000060700,0.0000,1,0.007007
Instances/Instances 2/u1060_10.gt,1059,20000.0,86400.0,PTVRP_LAYERED,245381.0,4,0.000059000,0.000059000,0.0000,1,0.006953
Instances/Instances 2/u1432_01.gt,1431,20.0,86400.0,PTVRP_LAYERED,7772481.0,574,0.000791300,0.000791300,0.0000,1,0.00788
Instances/Instances 2/u1432_02.gt,1431,40.0,86400.0,PTVRP_LAYERED,4195853.0,469,0.000783900,0.000783900,0.0000,1,0.00778
Instances/Instances 2/u1432_03.gt,1431,100.0,86400.0,PTVRP_LAYERED,1720119.0,306,0.000637300,0.000637300,0.0000,1,0.008621
Instances/Instances 2/u1432_04.gt,1431,200.0,86400.0,PTVRP_LAYERED,911025.0,194,0.000525700,0.000525700,0.0000,1,0.008001
Instances/Instances 2/u1432_05.gt,1431,400.0,86400.0,PTVRP_LAYERED,525785.0,98,0.000435400,0.000435400,0.0000,1,0.007214
Instances/Instances 2/u1432_06.gt,1431,1000.0,86400.0,PTVRP_LAYERED,291794.0,40,0.000293900,0.000293900,0.0000,1,0.007536
Instances/Instances 2/u1432_07.gt,1431,2000.0,86400.0,PTVRP_LAYERED,216895.0,21,0.000219200,0.000219200,0.0000,1,0.007604
Instances/Instances 2/u1432_08.gt,1431,4000.0,86400.0,PTVRP_LAYERED,181236.0,11,0.000151500,0.000151500,0.0000,1,0.008278
Instances/Instances 2/u1432_09.gt,1431,10000.0,86400.0,PTVRP_LAYERED,163339.0,6,0.000092700,0.000092700,0.0000,1,0.008673
Instances/Instances 2/u1432_10.gt,1431,20000.0,86400.0,PTVRP_LAYERED,157856.0,3,0.000092300,0.000092300,0.0000,1,0.009261
Instances/Instances 2/u159_01.gt,158,20.0,86400.0,PTVRP_LAYERED,1025901.0,76,0.000071800,0.000071800,0.0000,1,0.007439
Instances/Instances 2/u159_02.gt,158,40.0,86400.0,PTVRP_LAYERED,502668.0,68,0.000070100,0.000070100,0.0000,1,0.007402
Instances/Instances 2/u159_03.gt,158,100.0,86400.0,PTVRP_LAYERED,204628.0,36,0.000052100,0.000052100,0.0000,1,0.007058
Instances/Instances 2/u159_04.gt,158,200.0,86400.0,PTVRP_LAYERED,121332.0,21,0.000040700,0.000040700,0.0000,1,0.006555
Instances/Instances 2/u159_05.gt,158,400.0,86400.0,PTVRP_LAYERED,81028.0,11,0.000030400,0.000030400,0.0000,1,0.006337
Instances/Instances 2/u159_06.gt,158,1000.0,86400.0,PTVRP_LAYERED,53603.0,4,0.000017800,0.000017800,0.0000,1,0.00691
Instances/Instances 2/u159_07.gt,158,2000.0,86400.0,PTVRP_LAYERED,48990.0,3,0.000011500,0.000011500,0.0000,1,0.005777
Instances/Instances 2/u159_08.gt,158,4000.0,86400.0,PTVRP_LAYERED,47958.0,2,0.000006700,0.000006700,0.0000,1,0.005422
Instances/Instances 2/u159_09.gt,158,10000.0,86400.0,PTVRP_LAYERED,47792.0,1,0.000006900,0.000006900,0.0000,1,0.00638
Instances/Instances 2/u159_10.gt,158,20000.0,86400.0,PTVRP_LAYERED,47792.0,1,0.000006700,0.000006700,0.0000,1,0.005956
Instances/Instances 2/u1817_01.gt,1816,20.0,86400.0,PTVRP_LAYERED,4252091.0,658,0.001969300,0.001969300,0.0000,1,0.009544
Instances/Instances 2/u1817_02.gt,1816,40.0,86400.0,PTVRP_LAYERED,2176754.0,548,0.001875300,0.001875300,0.0000,1,0.011574
Instances/Instances 2/u1817_03.gt,1816,100.0,86400.0,PTVRP_LAYERED,900900.0,355,0.001495300,0.001495300,0.0000,1,0.009574
Instances/Instances 2/u1817_04.gt,1816,200.0,86400.0,PTVRP_LAYERED,485166.0,228,0.001151000,0.001151000,0.0000,1,0.009305
Instances/Instances 2/u1817_05.gt,1816,400.0,86400.0,PTVRP_LAYERED,257388.0,124,0.000857700,0.000857700,0.0000,1,0.008611
Instances/Instances 2/u1817_06.gt,1816,1000.0,86400.0,PTVRP_LAYERED,134263.0,50,0.000567400,0.000567400,0.0000,1,0.007447
Instances/Instances 2/u1817_07.gt,1816,2000.0,86400.0,PTVRP_LAYERED,95570.0,26,0.000446500,0.000446500,0.0000,1,0.008681
Instances/Instances 2/u1817_08.gt,1816,4000.0,86400.0,PTVRP_LAYERED,74993.0,13,0.000303900,0.000303900,0.0000,1,0.033566
Instances/Instances 2/u1817_09.gt,1816,10000.0,86400.0,PTVRP_LAYERED,64302.0,6,0.000201600,0.000201600,0.0000,1,0.015212
Instances/Instances 2/u1817_10.gt,1816,20000.0,86400.0,PTVRP_LAYERED,61230.0,3,0.000125700,0.000125700,0.0000,1,0.006093
Instances/Instances 2/u2152_01.gt,2151,20.0,86400.0,PTVRP_LAYERED,5069364.0,776,0.002389300,0.002389300,0.0000,1,0.00931
Instances/Instances 2/u2152_02.gt,2151,40.0,86400.0,PTVRP_LAYERED,2609790.0,613,0.002274600,0.002274600,0.0000,1,0.011219
Instances/Instances 2/u2152_03.gt,2151,100.0,86400.0,PTVRP_LAYERED,1087953.0,428,0.001900600,0.001900600,0.0000,1,0.010722
Instances/Instances 2/u2152_04.gt,2151,200.0,86400.0,PTVRP_LAYERED,564237.0,265,0.001418000,0.001418000,0.0000,1,0.007872
Instances/Instances 2/u2152_05.gt,2151,400.0,86400.0,PTVRP_LAYERED,303111.0,144,0.001087200,0.001087200,0.0000,1,0.008239
Instances/Instances 2/u2152_06.gt,2151,1000.0,86400.0,PTVRP_LAYERED,156642.0,58,0.000713300,0.000713300,0.0000,1,0.008865
Instances/Instances 2/u2152_07.gt,2151,2000.0,86400.0,PTVRP_LAYERED,108799.0,29,0.000536500,0.000536500,0.0000,1,0.007865
Instances/Instances 2/u2152_08.gt,2151,4000.0,86400.0,PTVRP_LAYERED,84694.0,16,0.000358500,0.000358500,0.0000,1,0.007464
Instances/Instances 2/u2152_09.gt,2151,10000.0,86400.0,PTVRP_LAYERED,71630.0,7,0.000257300,0.000257300,0.0000,1,0.008274
Instances/Instances 2/u2152_10.gt,2151,20000.0,86400.0,PTVRP_LAYERED,68776.0,5,0.000182000,0.000182000,0.0000,1,0.007363
Instances/Instances 2/u2319_01.gt,2318,20.0,86400.0,PTVRP_LAYERED,12257919.0,917,0.001379000,0.001379000,0.0000,1,0.009422
Instances/Instances 2/u2319_02.gt,2318,40.0,86400.0,PTVRP_LAYERED,6350097.0,718,0.001398100,0.001398100,0.0000,1,0.008976
Instances/Instances 2/u2319_03.gt,2318,100.0,86400.0,PTVRP_LAYERED,2646782.0,497,0.001106300,0.001106300,0.0000,1,0.008797
Instances/Instances 2/u2319_04.gt,2318,200.0,86400.0,PTVRP_LAYERED,1410939.0,308,0.000932900,0.000932900,0.0000,1,0.00832
Instances/Instances 2/u2319_05.gt,2318,400.0,86400.0,PTVRP_LAYERED,784556.0,155,0.000708100,0.000708100,0.0000,1,0.00765
Instances/Instances 2/u2319_06.gt,2318,1000.0,86400.0,PTVRP_LAYERED,446696.0,65,0.000521600,0.000521600,0.0000,1,0.008766
Instances/Instances 2/u2319_07.gt,2318,2000.0,86400.0,PTVRP_LAYERED,329709.0,32,0.000370000,0.000370000,0.0000,1,0.008019
Instances/Instances 2/u2319_08.gt,2318,4000.0,86400.0,PTVRP_LAYERED,276624.0,17,0.000285700,0.000285700,0.0000,1,0.006599
Instances/Instances 2/u2319_09.gt,2318,10000.0,86400.0,PTVRP_LAYERED,250126.0,8,0.000216900,0.000216900,0.0000,1,0.007015
Instances/Instances 2/u2319_10.gt,2318,20000.0,86400.0,PTVRP_LAYERED,243057.0,4,0.000132500,0.000132500,0.0000,1,0.007874
Instances/Instances 2/u574_01.gt,573,20.0,86400.0,PTVRP_LAYERED,1434352.0,249,0.000497800,0.000497800,0.0000,1,0.007793
Instances/Instances 2/u574_02.gt,573,40.0,86400.0,PTVRP_LAYERED,743452.0,204,0.000459700,0.000459700,0.0000,1,0.008318
Instances/Instances 2/u574_03.gt,573,100.0,86400.0,PTVRP_LAYERED,298327.0,134,0.000366600,0.000366600,0.0000,1,0.007053
Instances/Instances 2/u574_04.gt,573,200.0,86400.0,PTVRP_LAYERED,165539.0,78,0.000266200,0.000266200,0.0000,1,0.005471
Instances/Instances 2/u574_05.gt,573,400.0,86400.0,PTVRP_LAYERED,97397.0,39,0.000188900,0.000188900,0.0000,1,0.006705
Instances/Instances 2/u574_06.gt,573,1000.0,86400.0,PTVRP_LAYERED,60696.0,17,0.000125800,0.000125800,0.0000,1,0.005162
Instances/Instances 2/u574_07.gt,573,2000.0,86400.0,PTVRP_LAYERED,47960.0,9,0.000081700,0.000081700,0.0000,1,0.006623
Instances/Instances 2/u574_08.gt,573,4000.0,86400.0,PTVRP_LAYERED,42506.0,4,0.000054400,0.000054400,0.0000,1,0.005573
Instances/Instances 2/u574_09.gt,573,10000.0,86400.0,PTVRP_LAYERED,40147.0,2,0.000026900,0.000026900,0.0000,1,0.006098
Instances/Instances 2/u574_10.gt,573,20000.0,86400.0,PTVRP_LAYERED,40130.0,1,0.000020000,0.000020000,0.0000,1,0.006047
Instances/Instances 2/u724_01.gt,723,20.0,86400.0,PTVRP_LAYERED,1805898.0,321,0.000627800,0.000627800,0.0000,1,0.0062
Instances/Instances 2/u724_02.gt,723,40.0,86400.0,PTVRP_LAYERED,937968.0,242,0.000593900,0.000593900,0.0000,1,0.007365
Instances/Instances 2/u724_03.gt,723,100.0,86400.0,PTVRP_LAYERED,381510.0,164,0.000490900,0.000490900,0.0000,1,0.00714
Instances/Instances 2/u724_04.gt,723,200.0,86400.0,PTVRP_LAYERED,212011.0,94,0.000355400,0.000355400,0.0000,1,0.007121
Instances/Instances 2/u724_05.gt,723,400.0,86400.0,PTVRP_LAYERED,124941.0,51,0.000263500,0.000263500,0.0000,1,0.006644
Instances/Instances 2/u724_06.gt,723,1000.0,86400.0,PTVRP_LAYERED,72420.0,21,0.000167100,0.000167100,0.0000,1,0.006134
Instances/Instances 2/u724_07.gt,723,2000.0,86400.0,PTVRP_LAYERED,55068.0,11,0.000111200,0.000111200,0.0000,1,0.005159
Instances/Instances 2/u724_08.gt,723,4000.0,86400.0,PTVRP_LAYERED,46997.0,6,0.000071800,0.000071800,0.0000,1,0.005789
Instances/Instances 2/u724_09.gt,723,10000.0,86400.0,PTVRP_LAYERED,45169.0,3,0.000038300,0.000038300,0.0000,1,0.006901
Instances/Instances 2/u724_10.gt,723,20000.0,86400.0,PTVRP_LAYERED,44989.0,1,0.000024400,0.000024400,0.0000,1,0.006003
Instances/Instances 2/usa13509_01.gt,13508,20.0,86400.0,PTVRP_LAYERED,NO SOLUTION,,0.000656700,0.000656700,0.0000,1,0.014477
Instances/Instances 2/usa13509_02.gt,13508,40.0,86400.0,PTVRP_LAYERED,NO SOLUTION,,0.000622500,0.000622500,0.0000,1,0.017737
Instances/Instances 2/usa13509_03.gt,13508,100.0,86400.0,PTVRP_LAYERED,NO SOLUTION,,0.000619800,0.000619800,0.0000,1,0.016201
Instances/Instances 2/usa13509_04.gt,13508,200.0,86400.0,PTVRP_LAYERED,NO SOLUTION,,0.000547000,0.000547000,0.0000,1,0.017664
Instances/Instances 2/usa13509_05.gt,13508,400.0,86400.0,PTVRP_LAYERED,NO SOLUTION,,0.000571000,0.000571000,0.0000,1,0.016825
Instances/Instances 2/usa13509_06.gt,13508,1000.0,86400.0,PTVRP_LAYERED,NO SOLUTION,,0.000506600,0.000506600,0.0000,1,0.014849
Instances/Instances 2/usa13509_07.gt,13508,2000.0,86400.0,PTVRP_LAYERED,NO SOLUTION,,0.000501600,0.000501600,0.0000,1,0.016719
Instances/Instances 2/usa13509_08.gt,13508,4000.0,86400.0,PTVRP_LAYERED,NO SOLUTION,,0.000457000,0.000457000,0.0000,1,0.017865
Instances/Instances 2/usa13509_09.gt,13508,10000.0,86400.0,PTVRP_LAYERED,NO SOLUTION,,0.000463900,0.000463900,0.0000,1,0.015513
Instances/Instances 2/usa13509_10.gt,13508,20000.0,86400.0,PTVRP_LAYERED,NO SOLUTION,,0.000463100,0.000463100,0.0000,1,0.01657
Instances/Instances 2/uy734_01.gt,733,20.0,86400.0,PTVRP_LAYERED,3323235.0,303,0.000436800,0.000436800,0.0000,1,0.008355
Instances/Instances 2/uy734_02.gt,733,40.0,86400.0,PTVRP_LAYERED,1826082.0,249,0.000438600,0.000438600,0.0000,1,0.008184
Instances/Instances 2/uy734_03.gt,733,100.0,86400.0,PTVRP_LAYERED,738187.0,160,0.000348400,0.000348400,0.0000,1,0.007355
Instances/Instances 2/uy734_04.gt,733,200.0,86400.0,PTVRP_LAYERED,399549.0,100,0.000299600,0.000299600,0.0000,1,0.007496
Instances/Instances 2/uy734_05.gt,733,400.0,86400.0,PTVRP_LAYERED,228866.0,49,0.000205900,0.000205900,0.0000,1,0.008119
Instances/Instances 2/uy734_06.gt,733,1000.0,86400.0,PTVRP_LAYERED,134983.0,21,0.000143000,0.000143000,0.0000,1,0.007271
Instances/Instances 2/uy734_07.gt,733,2000.0,86400.0,PTVRP_LAYERED,106108.0,11,0.000104200,0.000104200,0.0000,1,0.005912
Instances/Instances 2/uy734_08.gt,733,4000.0,86400.0,PTVRP_LAYERED,90894.0,6,0.000064000,0.000064000,0.0000,1,0.008488
Instances/Instances 2/uy734_09.gt,733,10000.0,86400.0,PTVRP_LAYERED,85530.0,3,0.000038800,0.000038800,0.0000,1,0.00732
Instances/Instances 2/uy734_10.gt,733,20000.0,86400.0,PTVRP_LAYERED,85164.0,1,0.000025200,0.000025200,0.0000,1,0.007009
Instances/Instances 2/vm1084_01.gt,1083,20.0,86400.0,PTVRP_LAYERED,17941763.0,472,0.000317700,0.000317700,0.0000,1,0.007266
Instances/Instances 2/vm1084_02.gt,1083,40.0,86400.0,PTVRP_LAYERED,8943347.0,318,0.000332600,0.000332600,0.0000,1,0.007573
Instances/Instances 2/vm1084_03.gt,1083,100.0,86400.0,PTVRP_LAYERED,3661791.0,209,0.000274900,0.000274900,0.0000,1,0.008099
Instances/Instances 2/vm1084_04.gt,1083,200.0,86400.0,PTVRP_LAYERED,1906799.0,131,0.000246700,0.000246700,0.0000,1,0.007789
Instances/Instances 2/vm1084_05.gt,1083,400.0,86400.0,PTVRP_LAYERED,1057265.0,71,0.000203600,0.000203600,0.0000,1,0.007248
Instances/Instances 2/vm1084_06.gt,1083,1000.0,86400.0,PTVRP_LAYERED,542469.0,30,0.000153400,0.000153400,0.0000,1,0.007692
Instances/Instances 2/vm1084_07.gt,1083,2000.0,86400.0,PTVRP_LAYERED,377742.0,16,0.000122100,0.000122100,0.0000,1,0.007663
Instances/Instances 2/vm1084_08.gt,1083,4000.0,86400.0,PTVRP_LAYERED,301938.0,8,0.000090700,0.000090700,0.0000,1,0.007548
Instances/Instances 2/vm1084_09.gt,1083,10000.0,86400.0,PTVRP_LAYERED,260270.0,4,0.000060900,0.000060900,0.0000,1,0.007284
Instances/Instances 2/vm1084_10.gt,1083,20000.0,86400.0,PTVRP_LAYERED,260270.0,4,0.000054100,0.000054100,0.0000,1,0.005304
Instances/Instances 2/vm1748_01.gt,1747,20.0,86400.0,PTVRP_LAYERED,30957344.0,785,0.000458800,0.000458800,0.0000,1,0.007647
Instances/Instances 2/vm1748_02.gt,1747,40.0,86400.0,PTVRP_LAYERED,15462234.0,520,0.000487500,0.000487500,0.0000,1,0.006466
Instances/Instances 2/vm1748_03.gt,1747,100.0,86400.0,PTVRP_LAYERED,6237018.0,320,0.000434300,0.000434300,0.0000,1,0.006728
Instances/Instances 2/vm1748_04.gt,1747,200.0,86400.0,PTVRP_LAYERED,3324686.0,201,0.000416500,0.000416500,0.0000,1,0.006417
Instances/Instances 2/vm1748_05.gt,1747,400.0,86400.0,PTVRP_LAYERED,1780988.0,115,0.000355100,0.000355100,0.0000,1,0.007118
Instances/Instances 2/vm1748_06.gt,1747,1000.0,86400.0,PTVRP_LAYERED,876726.0,46,0.000260000,0.000260000,0.0000,1,0.006352
Instances/Instances 2/vm1748_07.gt,1747,2000.0,86400.0,PTVRP_LAYERED,597978.0,22,0.000216700,0.000216700,0.0000,1,0.007382
Instances/Instances 2/vm1748_08.gt,1747,4000.0,86400.0,PTVRP_LAYERED,460006.0,13,0.000176000,0.000176000,0.0000,1,0.006533
Instances/Instances 2/vm1748_09.gt,1747,10000.0,86400.0,PTVRP_LAYERED,376320.0,6,0.000108800,0.000108800,0.0000,1,0.006863
Instances/Instances 2/vm1748_10.gt,1747,20000.0,86400.0,PTVRP_LAYERED,370285.0,5,0.000106600,0.000106600,0.0000,1,0.00776
Instances/Instances 2/vm22775_01.gt,22774,20.0,86400.0,PTVRP_LAYERED,271789200.0,7369,0.011552300,0.011552300,0.0000,1,0.034095
Instances/Instances 2/vm22775_02.gt,22774,40.0,86400.0,PTVRP_LAYERED,135723338.0,4529,0.011888000,0.011888000,0.0000,1,0.036271
Instances/Instances 2/vm22775_03.gt,22774,100.0,86400.0,PTVRP_LAYERED,54261290.0,2687,0.010490500,0.010490500,0.0000,1,0.033523
Instances/Instances 2/vm22775_04.gt,22774,200.0,86400.0,PTVRP_LAYERED,27519129.0,1966,0.009200900,0.009200900,0.0000,1,0.032734
Instances/Instances 2/vm22775_05.gt,22774,400.0,86400.0,PTVRP_LAYERED,14064490.0,1308,0.008308700,0.008308700,0.0000,1,0.034034
Instances/Instances 2/vm22775_06.gt,22774,1000.0,86400.0,PTVRP_LAYERED,5848763.0,585,0.007016700,0.007016700,0.0000,1,0.027314
Instances/Instances 2/vm22775_07.gt,22774,2000.0,86400.0,PTVRP_LAYERED,3205805.0,295,0.005937800,0.005937800,0.0000,1,0.026267
Instances/Instances 2/vm22775_08.gt,22774,4000.0,86400.0,PTVRP_LAYERED,1871706.0,148,0.004745900,0.004745900,0.0000,1,0.025068
Instances/Instances 2/vm22775_09.gt,22774,10000.0,86400.0,PTVRP_LAYERED,1082862.0,61,0.003519400,0.003519400,0.0000,1,0.023754
Instances/Instances 2/vm22775_10.gt,22774,20000.0,86400.0,PTVRP_LAYERED,823288.0,31,0.002826600,0.002826600,0.0000,1,0.022741
Instances/Instances 2/wi29_01.gt,28,20.0,86400.0,PTVRP_LAYERED,253201.0,17,0.000011900,0.000011900,0.0000,1,0.005491
Instances/Instances 2/wi29_02.gt,28,40.0,86400.0,PTVRP_LAYERED,134032.0,15,0.000010200,0.000010200,0.0000,1,0.005437
Instances/Instances 2/wi29_03.gt,28,100.0,86400.0,PTVRP_LAYERED,61295.0,8,0.000007400,0.000007400,0.0000,1,0.005229
Instances/Instances 2/wi29_04.gt,28,200.0,86400.0,PTVRP_LAYERED,45801.0,5,0.000005700,0.000005700,0.0000,1,0.005107
Instances/Instances 2/wi29_05.gt,28,400.0,86400.0,PTVRP_LAYERED,34911.0,3,0.000004100,0.000004100,0.0000,1,0.005122
Instances/Instances 2/wi29_06.gt,28,1000.0,86400.0,PTVRP_LAYERED,33110.0,1,0.000002800,0.000002800,0.0000,1,0.005106
Instances/Instances 2/wi29_07.gt,28,2000.0,86400.0,PTVRP_LAYERED,33110.0,1,0.000002300,0.000002300,0.0000,1,0.005477
Instances/Instances 2/wi29_08.gt,28,4000.0,86400.0,PTVRP_LAYERED,33110.0,1,0.000002300,0.000002300,0.0000,1,0.004899
Instances/Instances 2/wi29_09.gt,28,10000.0,86400.0,PTVRP_LAYERED,33110.0,1,0.000002300,0.000002300,0.0000,1,0.004779
Instances/Instances 2/wi29_10.gt,28,20000.0,86400.0,PTVRP_LAYERED,33110.0,1,0.000002500,0.000002500,0.0000,1,0.004953
Instances/Instances 2/ym7663_01.gt,7662,20.0,86400.0,PTVRP_LAYERED,37449141.0,2280,0.006370900,0.006370900,0.0000,1,0.016009
Instances/Instances 2/ym7663_02.gt,7662,40.0,86400.0,PTVRP_LAYERED,19220905.0,1799,0.006571500,0.006571500,0.0000,1,0.018202
Instances/Instances 2/ym7663_03.gt,7662,100.0,86400.0,PTVRP_LAYERED,7751612.0,1167,0.005537600,0.005537600,0.0000,1,0.01656
Instances/Instances 2/ym7663_04.gt,7662,200.0,86400.0,PTVRP_LAYERED,3976739.0,836,0.004744300,0.004744300,0.0000,1,0.016728
Instances/Instances 2/ym7663_05.gt,7662,400.0,86400.0,PTVRP_LAYERED,2088413.0,499,0.003884600,0.003884600,0.0000,1,0.017634
Instances/Instances 2/ym7663_06.gt,7662,1000.0,86400.0,PTVRP_LAYERED,948659.0,199,0.002793000,0.002793000,0.0000,1,0.017276
Instances/Instances 2/ym7663_07.gt,7662,2000.0,86400.0,PTVRP_LAYERED,587011.0,102,0.002153200,0.002153200,0.0000,1,0.013599
Instances/Instances 2/ym7663_08.gt,7662,4000.0,86400.0,PTVRP_LAYERED,406957.0,52,0.001659800,0.001659800,0.0000,1,0.013405
Instances/Instances 2/ym7663_09.gt,7662,10000.0,86400.0,PTVRP_LAYERED,306723.0,22,0.001136100,0.001136100,0.0000,1,0.0134
Instances/Instances 2/ym7663_10.gt,7662,20000.0,86400.0,PTVRP_LAYERED,273896.0,10,0.000845300,0.000845300,0.0000,1,0.013424
Instances/Instances 2/zi929_01.gt,928,20.0,86400.0,PTVRP_LAYERED,5163866.0,343,0.000532200,0.000532200,0.0000,1,0.008124
Instances/Instances 2/zi929_02.gt,928,40.0,86400.0,PTVRP_LAYERED,2571046.0,253,0.000556100,0.000556100,0.0000,1,0.0082
Instances/Instances 2/zi929_03.gt,928,100.0,86400.0,PTVRP_LAYERED,1070952.0,169,0.000475900,0.000475900,0.0000,1,0.007244
Instances/Instances 2/zi929_04.gt,928,200.0,86400.0,PTVRP_LAYERED,573266.0,107,0.000371700,0.000371700,0.0000,1,0.008484
Instances/Instances 2/zi929_05.gt,928,400.0,86400.0,PTVRP_LAYERED,325010.0,59,0.000286300,0.000286300,0.0000,1,0.007467
Instances/Instances 2/zi929_06.gt,928,1000.0,86400.0,PTVRP_LAYERED,186212.0,27,0.000178900,0.000178900,0.0000,1,0.006743
Instances/Instances 2/zi929_07.gt,928,2000.0,86400.0,PTVRP_LAYERED,137406.0,14,0.000128600,0.000128600,0.0000,1,0.008146
Instances/Instances 2/zi929_08.gt,928,4000.0,86400.0,PTVRP_LAYERED,116225.0,8,0.000086600,0.000086600,0.0000,1,0.007851
Instances/Instances 2/zi929_09.gt,928,10000.0,86400.0,PTVRP_LAYERED,101349.0,3,0.000076200,0.000076200,0.0000,1,0.007517
Instances/Instances 2/zi929_10.gt,928,20000.0,86400.0,PTVRP_LAYERED,100905.0,2,0.000035600,0.000035600,0.0000,1,0.006714
Instances/Instances 3/a280_01.gt,279,10.0,86400.0,PTVRP_LAYERED,140031.0,179,0.000716600,0.000716600,0.0000,1,0.00713
Instances/Instances 3/a280_02.gt,279,20.0,86400.0,PTVRP_LAYERED,69627.0,138,0.000594200,0.000594200,0.0000,1,0.007835
Instances/Instances 3/a280_03.gt,279,50.0,86400.0,PTVRP_LAYERED,29764.0,107,0.000420800,0.000420800,0.0000,1,0.006239
Instances/Instances 3/a280_04.gt,279,100.0,86400.0,PTVRP_LAYERED,16430.0,73,0.000282100,0.000282100,0.0000,1,0.007519
Instances/Instances 3/a280_05.gt,279,200.0,86400.0,PTVRP_LAYERED,9011.0,39,0.000160900,0.000160900,0.0000,1,0.008508
Instances/Instances 3/a280_06.gt,279,500.0,86400.0,PTVRP_LAYERED,4975.0,16,0.000076400,0.000076400,0.0000,1,0.007476
Instances/Instances 3/a280_07.gt,279,1000.0,86400.0,PTVRP_LAYERED,3757.0,9,0.000046600,0.000046600,0.0000,1,0.006295
Instances/Instances 3/a280_08.gt,279,2000.0,86400.0,PTVRP_LAYERED,3180.0,4,0.000026700,0.000026700,0.0000,1,0.007162
Instances/Instances 3/a280_09.gt,279,5000.0,86400.0,PTVRP_LAYERED,2855.0,2,0.000013900,0.000013900,0.0000,1,0.005539
Instances/Instances 3/a280_10.gt,279,10000.0,86400.0,PTVRP_LAYERED,2835.0,1,0.000010200,0.000010200,0.0000,1,0.00562
Instances/Instances 3/ar9152_01.gt,9151,10.0,86400.0,PTVRP_LAYERED,NO SOLUTION,,0.003105700,0.003105700,0.0000,1,0.014061
Instances/Instances 3/ar9152_02.gt,9151,20.0,86400.0,PTVRP_LAYERED,NO SOLUTION,,0.003502000,0.003502000,0.0000,1,0.017851
Instances/Instances 3/ar9152_03.gt,9151,50.0,86400.0,PTVRP_LAYERED,57284295.0,2356,0.003884300,0.003884300,0.0000,1,0.020025
Instances/Instances 3/ar9152_04.gt,9151,100.0,86400.0,PTVRP_LAYERED,28834320.0,1442,0.003263100,0.003263100,0.0000,1,0.019136
Instances/Instances 3/ar9152_05.gt,9151,200.0,86400.0,PTVRP_LAYERED,14835608.0,987,0.002897200,0.002897200,0.0000,1,0.016572
Instances/Instances 3/ar9152_06.gt,9151,500.0,86400.0,PTVRP_LAYERED,6278747.0,477,0.002375400,0.002375400,0.0000,1,0.017259
Instances/Instances 3/ar9152_07.gt,9151,1000.0,86400.0,PTVRP_LAYERED,3487956.0,240,0.001958600,0.001958600,0.0000,1,0.016008
Instances/Instances 3/ar9152_08.gt,9151,2000.0,86400.0,PTVRP_LAYERED,2110923.0,121,0.001577600,0.001577600,0.0000,1,0.014277
Instances/Instances 3/ar9152_09.gt,9151,5000.0,86400.0,PTVRP_LAYERED,1327714.0,51,0.001192400,0.001192400,0.0000,1,0.013866
Instances/Instances 3/ar9152_10.gt,9151,10000.0,86400.0,PTVRP_LAYERED,1089814.0,27,0.000883900,0.000883900,0.0000,1,0.014086
Instances/Instances 3/berlin52_01.gt,51,10.0,86400.0,PTVRP_LAYERED,97661.0,39,0.000048600,0.000048600,0.0000,1,0.006562
Instances/Instances 3/berlin52_02.gt,51,20.0,86400.0,PTVRP_LAYERED,55621.0,31,0.000041500,0.000041500,0.0000,1,0.006419
Instances/Instances 3/berlin52_03.gt,51,50.0,86400.0,PTVRP_LAYERED,28190.0,33,0.000027600,0.000027600,0.0000,1,0.006442
Instances/Instances 3/berlin52_04.gt,51,100.0,86400.0,PTVRP_LAYERED,16777.0,18,0.000018000,0.000018000,0.0000,1,0.005966
Instances/Instances 3/berlin52_05.gt,51,200.0,86400.0,PTVRP_LAYERED,11637.0,8,0.000011700,0.000011700,0.0000,1,0.006257
Instances/Instances 3/berlin52_06.gt,51,500.0,86400.0,PTVRP_LAYERED,8113.0,3,0.000005700,0.000005700,0.0000,1,0.006079
Instances/Instances 3/berlin52_07.gt,51,1000.0,86400.0,PTVRP_LAYERED,7852.0,2,0.000004400,0.000004400,0.0000,1,0.006546
Instances/Instances 3/berlin52_08.gt,51,2000.0,86400.0,PTVRP_LAYERED,7803.0,1,0.000002900,0.000002900,0.0000,1,0.006108
Instances/Instances 3/berlin52_09.gt,51,5000.0,86400.0,PTVRP_LAYERED,7803.0,1,0.000003600,0.000003600,0.0000,1,0.005793
Instances/Instances 3/berlin52_10.gt,51,10000.0,86400.0,PTVRP_LAYERED,7803.0,1,0.000003300,0.000003300,0.0000,1,0.005484
Instances/Instances 3/bier127_01.gt,126,10.0,86400.0,PTVRP_LAYERED,2372871.0,89,0.000048000,0.000048000,0.0000,1,0.005969
Instances/Instances 3/bier127_02.gt,126,20.0,86400.0,PTVRP_LAYERED,1373509.0,77,0.000047300,0.000047300,0.0000,1,0.005545
Instances/Instances 3/bier127_03.gt,126,50.0,86400.0,PTVRP_LAYERED,568887.0,63,0.000040500,0.000040500,0.0000,1,0.007559
Instances/Instances 3/bier127_04.gt,126,100.0,86400.0,PTVRP_LAYERED,338897.0,34,0.000031300,0.000031300,0.0000,1,0.006282
Instances/Instances 3/bier127_05.gt,126,200.0,86400.0,PTVRP_LAYERED,210471.0,19,0.000024000,0.000024000,0.0000,1,0.005447
Instances/Instances 3/bier127_06.gt,126,500.0,86400.0,PTVRP_LAYERED,148689.0,8,0.000016600,0.000016600,0.0000,1,0.006589
Instances/Instances 3/bier127_07.gt,126,1000.0,86400.0,PTVRP_LAYERED,128916.0,4,0.000011300,0.000011300,0.0000,1,0.006699
Instances/Instances 3/bier127_08.gt,126,2000.0,86400.0,PTVRP_LAYERED,126048.0,2,0.000008300,0.000008300,0.0000,1,0.00705
Instances/Instances 3/bier127_09.gt,126,5000.0,86400.0,PTVRP_LAYERED,126048.0,2,0.000007000,0.000007000,0.0000,1,0.00588
Instances/Instances 3/bier127_10.gt,126,10000.0,86400.0,PTVRP_LAYERED,126048.0,2,0.000007200,0.000007200,0.0000,1,0.006487
Instances/Instances 3/bm33708_01.gt,33707,10.0,86400.0,PTVRP_LAYERED,NO SOLUTION,,0.023608000,0.023608000,0.0000,1,0.054102
Instances/Instances 3/bm33708_02.gt,33707,20.0,86400.0,PTVRP_LAYERED,266537121.0,9755,0.023965600,0.023965600,0.0000,1,0.053675
Instances/Instances 3/bm33708_03.gt,33707,50.0,86400.0,PTVRP_LAYERED,107790242.0,6642,0.023071800,0.023071800,0.0000,1,0.049575
Instances/Instances 3/bm33708_04.gt,33707,100.0,86400.0,PTVRP_LAYERED,54391979.0,4686,0.020336801,0.020336801,0.0000,1,0.049046
Instances/Instances 3/bm33708_05.gt,33707,200.0,86400.0,PTVRP_LAYERED,27690303.0,3320,0.017866100,0.017866100,0.0000,1,0.045966
Instances/Instances 3/bm33708_06.gt,33707,500.0,86400.0,PTVRP_LAYERED,11448729.0,1714,0.014428600,0.014428600,0.0000,1,0.044063
Instances/Instances 3/bm33708_07.gt,33707,1000.0,86400.0,PTVRP_LAYERED,6155234.0,877,0.011818400,0.011818400,0.0000,1,0.040328
Instances/Instances 3/bm33708_08.gt,33707,2000.0,86400.0,PTVRP_LAYERED,3523371.0,439,0.009193600,0.009193600,0.0000,1,0.03861
Instances/Instances 3/bm33708_09.gt,33707,5000.0,86400.0,PTVRP_LAYERED,1960299.0,175,0.006846700,0.006846700,0.0000,1,0.034806
Instances/Instances 3/bm33708_10.gt,33707,10000.0,86400.0,PTVRP_LAYERED,1445451.0,89,0.005465401,0.005465401,0.0000,1,0.032396
Instances/Instances 3/brd14051_01.gt,14050,10.0,86400.0,PTVRP_LAYERED,162296593.0,6002,0.009577500,0.009577500,0.0000,1,0.023966
Instances/Instances 3/brd14051_02.gt,14050,20.0,86400.0,PTVRP_LAYERED,81057860.0,4037,0.010540000,0.010540000,0.0000,1,0.025695
Instances/Instances 3/brd14051_03.gt,14050,50.0,86400.0,PTVRP_LAYERED,33079874.0,3002,0.010907100,0.010907100,0.0000,1,0.027079
Instances/Instances 3/brd14051_04.gt,14050,100.0,86400.0,PTVRP_LAYERED,16930477.0,2162,0.009191399,0.009191399,0.0000,1,0.02538
Instances/Instances 3/brd14051_05.gt,14050,200.0,86400.0,PTVRP_LAYERED,8649644.0,1512,0.007770300,0.007770300,0.0000,1,0.022813
Instances/Instances 3/brd14051_06.gt,14050,500.0,86400.0,PTVRP_LAYERED,3670489.0,729,0.006020000,0.006020000,0.0000,1,0.024261
Instances/Instances 3/brd14051_07.gt,14050,1000.0,86400.0,PTVRP_LAYERED,2040231.0,370,0.004740999,0.004740999,0.0000,1,0.022301
Instances/Instances 3/brd14051_08.gt,14050,2000.0,86400.0,PTVRP_LAYERED,1247775.0,186,0.003732000,0.003732000,0.0000,1,0.020536
Instances/Instances 3/brd14051_09.gt,14050,5000.0,86400.0,PTVRP_LAYERED,768552.0,75,0.002570000,0.002570000,0.0000,1,0.016726
Instances/Instances 3/brd14051_10.gt,14050,10000.0,86400.0,PTVRP_LAYERED,611852.0,39,0.001946200,0.001946200,0.0000,1,0.017907
Instances/Instances 3/ca4663_01.gt,4662,10.0,86400.0,PTVRP_LAYERED,NO SOLUTION,,0.000639000,0.000639000,0.0000,1,0.010218
Instances/Instances 3/ca4663_02.gt,4662,20.0,86400.0,PTVRP_LAYERED,NO SOLUTION,,0.000636700,0.000636700,0.0000,1,0.011772
Instances/Instances 3/ca4663_03.gt,4662,50.0,86400.0,PTVRP_LAYERED,NO SOLUTION,,0.000651300,0.000651300,0.0000,1,0.014497
Instances/Instances 3/ca4663_04.gt,4662,100.0,86400.0,PTVRP_LAYERED,NO SOLUTION,,0.000608300,0.000608300,0.0000,1,0.014469
Instances/Instances 3/ca4663_05.gt,4662,200.0,86400.0,PTVRP_LAYERED,NO SOLUTION,,0.000554900,0.000554900,0.0000,1,0.011601
Instances/Instances 3/ca4663_06.gt,4662,500.0,86400.0,PTVRP_LAYERED,NO SOLUTION,,0.000558499,0.000558499,0.0000,1,0.011642
Instances/Instances 3/ca4663_07.gt,4662,1000.0,86400.0,PTVRP_LAYERED,NO SOLUTION,,0.000532700,0.000532700,0.0000,1,0.013511
Instances/Instances 3/ca4663_08.gt,4662,2000.0,86400.0,PTVRP_LAYERED,NO SOLUTION,,0.000500700,0.000500700,0.0000,1,0.020482
Instances/Instances 3/ca4663_09.gt,4662,5000.0,86400.0,PTVRP_LAYERED,NO SOLUTION,,0.000389100,0.000389100,0.0000,1,0.01027
Instances/Instances 3/ca4663_10.gt,4662,10000.0,86400.0,PTVRP_LAYERED,NO SOLUTION,,0.000379800,0.000379800,0.0000,1,0.011505
Instances/Instances 3/ch130_01.gt,129,10.0,86400.0,PTVRP_LAYERED,183001.0,90,0.000210100,0.000210100,0.0000,1,0.00827
Instances/Instances 3/ch130_02.gt,129,20.0,86400.0,PTVRP_LAYERED,100776.0,73,0.000140500,0.000140500,0.0000,1,0.009599
Instances/Instances 3/ch130_03.gt,129,50.0,86400.0,PTVRP_LAYERED,42446.0,53,0.000100100,0.000100100,0.0000,1,0.006053
Instances/Instances 3/ch130_04.gt,129,100.0,86400.0,PTVRP_LAYERED,25835.0,36,0.000074200,0.000074200,0.0000,1,0.006977
Instances/Instances 3/ch130_05.gt,129,200.0,86400.0,PTVRP_LAYERED,13769.0,19,0.000045900,0.000045900,0.0000,1,0.006155
Instances/Instances 3/ch130_06.gt,129,500.0,86400.0,PTVRP_LAYERED,8377.0,7,0.000023500,0.000023500,0.0000,1,0.005861
Instances/Instances 3/ch130_07.gt,129,1000.0,86400.0,PTVRP_LAYERED,6937.0,4,0.000014200,0.000014200,0.0000,1,0.006089
Instances/Instances 3/ch130_08.gt,129,2000.0,86400.0,PTVRP_LAYERED,6675.0,3,0.000009900,0.000009900,0.0000,1,0.005371
Instances/Instances 3/ch130_09.gt,129,5000.0,86400.0,PTVRP_LAYERED,6291.0,1,0.000007500,0.000007500,0.0000,1,0.006028
Instances/Instances 3/ch130_10.gt,129,10000.0,86400.0,PTVRP_LAYERED,6291.0,1,0.000006500,0.000006500,0.0000,1,0.006012
Instances/Instances 3/ch150_01.gt,149,10.0,86400.0,PTVRP_LAYERED,236822.0,98,0.000195600,0.000195600,0.0000,1,0.006005
Instances/Instances 3/ch150_02.gt,149,20.0,86400.0,PTVRP_LAYERED,109287.0,74,0.000171000,0.000171000,0.0000,1,0.007557
Instances/Instances 3/ch150_03.gt,149,50.0,86400.0,PTVRP_LAYERED,47621.0,61,0.000125400,0.000125400,0.0000,1,0.006588
Instances/Instances 3/ch150_04.gt,149,100.0,86400.0,PTVRP_LAYERED,27859.0,42,0.000087100,0.000087100,0.0000,1,0.007313
Instances/Instances 3/ch150_05.gt,149,200.0,86400.0,PTVRP_LAYERED,16292.0,23,0.000058500,0.000058500,0.0000,1,0.005833
Instances/Instances 3/ch150_06.gt,149,500.0,86400.0,PTVRP_LAYERED,9718.0,8,0.000028800,0.000028800,0.0000,1,0.005778
Instances/Instances 3/ch150_07.gt,149,1000.0,86400.0,PTVRP_LAYERED,8117.0,5,0.000017500,0.000017500,0.0000,1,0.005833
Instances/Instances 3/ch150_08.gt,149,2000.0,86400.0,PTVRP_LAYERED,7633.0,3,0.000010800,0.000010800,0.0000,1,0.005137
Instances/Instances 3/ch150_09.gt,149,5000.0,86400.0,PTVRP_LAYERED,7281.0,1,0.000007400,0.000007400,0.0000,1,0.006121
Instances/Instances 3/ch150_10.gt,149,10000.0,86400.0,PTVRP_LAYERED,7281.0,1,0.000007400,0.000007400,0.0000,1,0.006506
Instances/Instances 3/ch71009_01.gt,71008,10.0,86400.0,PTVRP_LAYERED,NO SOLUTION,,0.020192299,0.020192299,0.0000,1,0.069729
Instances/Instances 3/ch71009_02.gt,71008,20.0,86400.0,PTVRP_LAYERED,NO SOLUTION,,0.021476999,0.021476999,0.0000,1,0.078076
Instances/Instances 3/ch71009_03.gt,71008,50.0,86400.0,PTVRP_LAYERED,642210909.0,18641,0.023858399,0.023858399,0.0000,1,0.076565
Instances/Instances 3/ch71009_04.gt,71008,100.0,86400.0,PTVRP_LAYERED,315639950.0,10125,0.022300399,0.022300399,0.0000,1,0.075701
Instances/Instances 3/ch71009_05.gt,71008,200.0,86400.0,PTVRP_LAYERED,157462984.0,6771,0.020286999,0.020286999,0.0000,1,0.076681
Instances/Instances 3/ch71009_06.gt,71008,500.0,86400.0,PTVRP_LAYERED,64708115.0,3502,0.017965598,0.017965598,0.0000,1,0.076957
Instances/Instances 3/ch71009_07.gt,71008,1000.0,86400.0,PTVRP_LAYERED,34240606.0,1836,0.015857999,0.015857999,0.0000,1,0.071207
Instances/Instances 3/ch71009_08.gt,71008,2000.0,86400.0,PTVRP_LAYERED,19393780.0,923,0.013416499,0.013416499,0.0000,1,0.073014
Instances/Instances 3/ch71009_09.gt,71008,5000.0,86400.0,PTVRP_LAYERED,10900388.0,377,0.010302900,0.010302900,0.0000,1,0.062224
Instances/Instances 3/ch71009_10.gt,71008,10000.0,86400.0,PTVRP_LAYERED,8260494.0,204,0.011546399,0.011546399,0.0000,1,0.063911
Instances/Instances 3/d1291_01.gt,1290,10.0,86400.0,PTVRP_LAYERED,7047490.0,626,0.001167600,0.001167600,0.0000,1,0.008273
Instances/Instances 3/d1291_02.gt,1290,20.0,86400.0,PTVRP_LAYERED,3267831.0,493,0.001267700,0.001267700,0.0000,1,0.009465
Instances/Instances 3/d1291_03.gt,1290,50.0,86400.0,PTVRP_LAYERED,1416470.0,377,0.001162200,0.001162200,0.0000,1,0.00833
Instances/Instances 3/d1291_04.gt,1290,100.0,86400.0,PTVRP_LAYERED,719650.0,257,0.000958600,0.000958600,0.0000,1,0.00815
Instances/Instances 3/d1291_05.gt,1290,200.0,86400.0,PTVRP_LAYERED,383574.0,169,0.000748300,0.000748300,0.0000,1,0.007668
Instances/Instances 3/d1291_06.gt,1290,500.0,86400.0,PTVRP_LAYERED,177362.0,69,0.000484100,0.000484100,0.0000,1,0.006196
Instances/Instances 3/d1291_07.gt,1290,1000.0,86400.0,PTVRP_LAYERED,109939.0,35,0.000351199,0.000351199,0.0000,1,0.006599
Instances/Instances 3/d1291_08.gt,1290,2000.0,86400.0,PTVRP_LAYERED,78524.0,18,0.000249400,0.000249400,0.0000,1,0.006818
Instances/Instances 3/d1291_09.gt,1290,5000.0,86400.0,PTVRP_LAYERED,61034.0,8,0.000150200,0.000150200,0.0000,1,0.007221
Instances/Instances 3/d1291_10.gt,1290,10000.0,86400.0,PTVRP_LAYERED,56230.0,5,0.000093500,0.000093500,0.0000,1,0.007111
Instances/Instances 3/d15112_01.gt,15111,10.0,86400.0,PTVRP_LAYERED,NO SOLUTION,,0.005035900,0.005035900,0.0000,1,0.020228
Instances/Instances 3/d15112_02.gt,15111,20.0,86400.0,PTVRP_LAYERED,272296027.0,6790,0.005733600,0.005733600,0.0000,1,0.024536
Instances/Instances 3/d15112_03.gt,15111,50.0,86400.0,PTVRP_LAYERED,105793970.0,3837,0.005769399,0.005769399,0.0000,1,0.022654
Instances/Instances 3/d15112_04.gt,15111,100.0,86400.0,PTVRP_LAYERED,53894103.0,2382,0.004834400,0.004834400,0.0000,1,0.021221
Instances/Instances 3/d15112_05.gt,15111,200.0,86400.0,PTVRP_LAYERED,27369384.0,1648,0.004276100,0.004276100,0.0000,1,0.023012
Instances/Instances 3/d15112_06.gt,15111,500.0,86400.0,PTVRP_LAYERED,11772286.0,796,0.003648500,0.003648500,0.0000,1,0.021971
Instances/Instances 3/d15112_07.gt,15111,1000.0,86400.0,PTVRP_LAYERED,6542826.0,398,0.003005100,0.003005100,0.0000,1,0.019739
Instances/Instances 3/d15112_08.gt,15111,2000.0,86400.0,PTVRP_LAYERED,4011562.0,200,0.002357099,0.002357099,0.0000,1,0.018704
Instances/Instances 3/d15112_09.gt,15111,5000.0,86400.0,PTVRP_LAYERED,2521389.0,82,0.001882400,0.001882400,0.0000,1,0.019816
Instances/Instances 3/d15112_10.gt,15111,10000.0,86400.0,PTVRP_LAYERED,2015105.0,41,0.001442500,0.001442500,0.0000,1,0.015977
Instances/Instances 3/d1655_01.gt,1654,10.0,86400.0,PTVRP_LAYERED,8436092.0,810,0.001575700,0.001575700,0.0000,1,0.008667
Instances/Instances 3/d1655_02.gt,1654,20.0,86400.0,PTVRP_LAYERED,4471021.0,594,0.001627200,0.001627200,0.0000,1,0.008241
Instances/Instances 3/d1655_03.gt,1654,50.0,86400.0,PTVRP_LAYERED,1777148.0,464,0.001516200,0.001516200,0.0000,1,0.008055
Instances/Instances 3/d1655_04.gt,1654,100.0,86400.0,PTVRP_LAYERED,925568.0,300,0.001267900,0.001267900,0.0000,1,0.00828
Instances/Instances 3/d1655_05.gt,1654,200.0,86400.0,PTVRP_LAYERED,485977.0,198,0.000997900,0.000997900,0.0000,1,0.006884
Instances/Instances 3/d1655_06.gt,1654,500.0,86400.0,PTVRP_LAYERED,225433.0,89,0.000682700,0.000682700,0.0000,1,0.007388
Instances/Instances 3/d1655_07.gt,1654,1000.0,86400.0,PTVRP_LAYERED,141378.0,46,0.000485200,0.000485200,0.0000,1,0.006954
Instances/Instances 3/d1655_08.gt,1654,2000.0,86400.0,PTVRP_LAYERED,99160.0,24,0.000338900,0.000338900,0.0000,1,0.006022
Instances/Instances 3/d1655_09.gt,1654,5000.0,86400.0,PTVRP_LAYERED,74894.0,11,0.000210900,0.000210900,0.0000,1,0.007328
Instances/Instances 3/d1655_10.gt,1654,10000.0,86400.0,PTVRP_LAYERED,67599.0,5,0.000141700,0.000141700,0.0000,1,0.006163
Instances/Instances 3/d18512_01.gt,18511,10.0,86400.0,PTVRP_LAYERED,231120636.0,8019,0.012014199,0.012014199,0.0000,1,0.028869
Instances/Instances 3/d18512_02.gt,18511,20.0,86400.0,PTVRP_LAYERED,115151869.0,5273,0.012690099,0.012690099,0.0000,1,0.03221
Instances/Instances 3/d18512_03.gt,18511,50.0,86400.0,PTVRP_LAYERED,47512090.0,3953,0.013279399,0.013279399,0.0000,1,0.034525
Instances/Instances 3/d18512_04.gt,18511,100.0,86400.0,PTVRP_LAYERED,24042189.0,2869,0.011747499,0.011747499,0.0000,1,0.031115
Instances/Instances 3/d18512_05.gt,18511,200.0,86400.0,PTVRP_LAYERED,12297824.0,1959,0.009830699,0.009830699,0.0000,1,0.034273
Instances/Instances 3/d18512_06.gt,18511,500.0,86400.0,PTVRP_LAYERED,5204128.0,960,0.007663199,0.007663199,0.0000,1,0.028726
Instances/Instances 3/d18512_07.gt,18511,1000.0,86400.0,PTVRP_LAYERED,2864202.0,482,0.006370000,0.006370000,0.0000,1,0.029436
Instances/Instances 3/d18512_08.gt,18511,2000.0,86400.0,PTVRP_LAYERED,1744047.0,245,0.004790999,0.004790999,0.0000,1,0.02536
Instances/Instances 3/d18512_09.gt,18511,5000.0,86400.0,PTVRP_LAYERED,1075475.0,100,0.003470000,0.003470000,0.0000,1,0.022527
Instances/Instances 3/d18512_10.gt,18511,10000.0,86400.0,PTVRP_LAYERED,852236.0,50,0.002443400,0.002443400,0.0000,1,0.02517
Instances/Instances 3/d198_01.gt,197,10.0,86400.0,PTVRP_LAYERED,755350.0,122,0.000197700,0.000197700,0.0000,1,0.008684
Instances/Instances 3/d198_02.gt,197,20.0,86400.0,PTVRP_LAYERED,408690.0,91,0.000182200,0.000182200,0.0000,1,0.007217
Instances/Instances 3/d198_03.gt,197,50.0,86400.0,PTVRP_LAYERED,170605.0,83,0.000146899,0.000146899,0.0000,1,0.005761
Instances/Instances 3/d198_04.gt,197,100.0,86400.0,PTVRP_LAYERED,90414.0,49,0.000109800,0.000109800,0.0000,1,0.005878
Instances/Instances 3/d198_05.gt,197,200.0,86400.0,PTVRP_LAYERED,49883.0,28,0.000073100,0.000073100,0.0000,1,0.004868
Instances/Instances 3/d198_06.gt,197,500.0,86400.0,PTVRP_LAYERED,27714.0,11,0.000042100,0.000042100,0.0000,1,0.006644
Instances/Instances 3/d198_07.gt,197,1000.0,86400.0,PTVRP_LAYERED,20371.0,6,0.000025100,0.000025100,0.0000,1,0.005682
Instances/Instances 3/d198_08.gt,197,2000.0,86400.0,PTVRP_LAYERED,17786.0,3,0.000016400,0.000016400,0.0000,1,0.006027
Instances/Instances 3/d198_09.gt,197,5000.0,86400.0,PTVRP_LAYERED,17527.0,1,0.000008000,0.000008000,0.0000,1,0.00588
Instances/Instances 3/d198_10.gt,197,10000.0,86400.0,PTVRP_LAYERED,17527.0,1,0.000007700,0.000007700,0.0000,1,0.00507
Instances/Instances 3/d2103_01.gt,2102,10.0,86400.0,PTVRP_LAYERED,12997338.0,986,0.001694500,0.001694500,0.0000,1,0.008559
Instances/Instances 3/d2103_02.gt,2102,20.0,86400.0,PTVRP_LAYERED,6550658.0,765,0.001799700,0.001799700,0.0000,1,0.010967
Instances/Instances 3/d2103_03.gt,2102,50.0,86400.0,PTVRP_LAYERED,2749274.0,589,0.001678700,0.001678700,0.0000,1,0.009472
Instances/Instances 3/d2103_04.gt,2102,100.0,86400.0,PTVRP_LAYERED,1380591.0,394,0.001455200,0.001455200,0.0000,1,0.010421
Instances/Instances 3/d2103_05.gt,2102,200.0,86400.0,PTVRP_LAYERED,722504.0,260,0.001185100,0.001185100,0.0000,1,0.009627
Instances/Instances 3/d2103_06.gt,2102,500.0,86400.0,PTVRP_LAYERED,324497.0,111,0.000821200,0.000821200,0.0000,1,0.00928
Instances/Instances 3/d2103_07.gt,2102,1000.0,86400.0,PTVRP_LAYERED,201444.0,57,0.000615900,0.000615900,0.0000,1,0.008978
Instances/Instances 3/d2103_08.gt,2102,2000.0,86400.0,PTVRP_LAYERED,133949.0,32,0.000449300,0.000449300,0.0000,1,0.009162
Instances/Instances 3/d2103_09.gt,2102,5000.0,86400.0,PTVRP_LAYERED,100359.0,12,0.000291900,0.000291900,0.0000,1,0.008164
Instances/Instances 3/d2103_10.gt,2102,10000.0,86400.0,PTVRP_LAYERED,91308.0,6,0.000221400,0.000221400,0.0000,1,0.007815
Instances/Instances 3/d493_01.gt,492,10.0,86400.0,PTVRP_LAYERED,1861604.0,288,0.000507500,0.000507500,0.0000,1,0.006423
Instances/Instances 3/d493_02.gt,492,20.0,86400.0,PTVRP_LAYERED,929771.0,227,0.000506800,0.000506800,0.0000,1,0.005904
Instances/Instances 3/d493_03.gt,492,50.0,86400.0,PTVRP_LAYERED,405994.0,184,0.000422700,0.000422700,0.0000,1,0.005543
Instances/Instances 3/d493_04.gt,492,100.0,86400.0,PTVRP_LAYERED,215511.0,122,0.000334400,0.000334400,0.0000,1,0.005745
Instances/Instances 3/d493_05.gt,492,200.0,86400.0,PTVRP_LAYERED,121988.0,66,0.000241000,0.000241000,0.0000,1,0.005387
Instances/Instances 3/d493_06.gt,492,500.0,86400.0,PTVRP_LAYERED,67997.0,30,0.000152300,0.000152300,0.0000,1,0.005269
Instances/Instances 3/d493_07.gt,492,1000.0,86400.0,PTVRP_LAYERED,50723.0,14,0.000105300,0.000105300,0.0000,1,0.005903
Instances/Instances 3/d493_08.gt,492,2000.0,86400.0,PTVRP_LAYERED,42184.0,7,0.000063100,0.000063100,0.0000,1,0.00618
Instances/Instances 3/d493_09.gt,492,5000.0,86400.0,PTVRP_LAYERED,38646.0,4,0.000036500,0.000036500,0.0000,1,0.007108
Instances/Instances 3/d493_10.gt,492,10000.0,86400.0,PTVRP_LAYERED,37916.0,2,0.000021900,0.000021900,0.0000,1,0.006104
Instances/Instances 3/d657_01.gt,656,10.0,86400.0,PTVRP_LAYERED,3276262.0,382,0.000544700,0.000544700,0.0000,1,0.006191
Instances/Instances 3/d657_02.gt,656,20.0,86400.0,PTVRP_LAYERED,1727859.0,282,0.000550800,0.000550800,0.0000,1,0.006051
Instances/Instances 3/d657_03.gt,656,50.0,86400.0,PTVRP_LAYERED,730947.0,228,0.000494900,0.000494900,0.0000,1,0.00864
Instances/Instances 3/d657_04.gt,656,100.0,86400.0,PTVRP_LAYERED,393602.0,150,0.000397500,0.000397500,0.0000,1,0.008214
Instances/Instances 3/d657_05.gt,656,200.0,86400.0,PTVRP_LAYERED,215306.0,88,0.000296000,0.000296000,0.0000,1,0.007295
Instances/Instances 3/d657_06.gt,656,500.0,86400.0,PTVRP_LAYERED,107647.0,36,0.000201100,0.000201100,0.0000,1,0.00547
Instances/Instances 3/d657_07.gt,656,1000.0,86400.0,PTVRP_LAYERED,76768.0,19,0.000139700,0.000139700,0.0000,1,0.005809
Instances/Instances 3/d657_08.gt,656,2000.0,86400.0,PTVRP_LAYERED,62372.0,10,0.000099600,0.000099600,0.0000,1,0.008086
Instances/Instances 3/d657_09.gt,656,5000.0,86400.0,PTVRP_LAYERED,53349.0,4,0.000049500,0.000049500,0.0000,1,0.007838
Instances/Instances 3/d657_10.gt,656,10000.0,86400.0,PTVRP_LAYERED,52507.0,2,0.000038100,0.000038100,0.0000,1,0.0076
Instances/Instances 3/dj38_01.gt,37,10.0,86400.0,PTVRP_LAYERED,124396.0,31,0.000036100,0.000036100,0.0000,1,0.006827
Instances/Instances 3/dj38_02.gt,37,20.0,86400.0,PTVRP_LAYERED,64157.0,25,0.000029600,0.000029600,0.0000,1,0.006054
Instances/Instances 3/dj38_03.gt,37,50.0,86400.0,PTVRP_LAYERED,28160.0,25,0.000017100,0.000017100,0.0000,1,0.007327
Instances/Instances 3/dj38_04.gt,37,100.0,86400.0,PTVRP_LAYERED,15411.0,11,0.000010600,0.000010600,0.0000,1,0.005631
Instances/Instances 3/dj38_05.gt,37,200.0,86400.0,PTVRP_LAYERED,10734.0,6,0.000006800,0.000006800,0.0000,1,0.005617
Instances/Instances 3/dj38_06.gt,37,500.0,86400.0,PTVRP_LAYERED,8070.0,2,0.000004000,0.000004000,0.0000,1,0.005824
Instances/Instances 3/dj38_07.gt,37,1000.0,86400.0,PTVRP_LAYERED,8070.0,2,0.000003400,0.000003400,0.0000,1,0.005938
Instances/Instances 3/dj38_08.gt,37,2000.0,86400.0,PTVRP_LAYERED,8048.0,1,0.000002400,0.000002400,0.0000,1,0.005829
Instances/Instances 3/dj38_09.gt,37,5000.0,86400.0,PTVRP_LAYERED,8048.0,1,0.000002400,0.000002400,0.0000,1,0.005978
Instances/Instances 3/dj38_10.gt,37,10000.0,86400.0,PTVRP_LAYERED,8048.0,1,0.000002500,0.000002500,0.0000,1,0.006448
Instances/Instances 3/eg7146_01.gt,7145,10.0,86400.0,PTVRP_LAYERED,56520751.0,2898,0.007300600,0.007300600,0.0000,1,0.017979
Instances/Instances 3/eg7146_02.gt,7145,20.0,86400.0,PTVRP_LAYERED,28073479.0,2042,0.007730499,0.007730499,0.0000,1,0.01974
Instances/Instances 3/eg7146_03.gt,7145,50.0,86400.0,PTVRP_LAYERED,11583407.0,1548,0.007505600,0.007505600,0.0000,1,0.018956
Instances/Instances 3/eg7146_04.gt,7145,100.0,86400.0,PTVRP_LAYERED,5804540.0,1063,0.006431100,0.006431100,0.0000,1,0.017759
Instances/Instances 3/eg7146_05.gt,7145,200.0,86400.0,PTVRP_LAYERED,3008147.0,747,0.005391699,0.005391699,0.0000,1,0.016847
Instances/Instances 3/eg7146_06.gt,7145,500.0,86400.0,PTVRP_LAYERED,1271420.0,370,0.004032299,0.004032299,0.0000,1,0.015261
Instances/Instances 3/eg7146_07.gt,7145,1000.0,86400.0,PTVRP_LAYERED,716363.0,190,0.003155999,0.003155999,0.0000,1,0.01452
Instances/Instances 3/eg7146_08.gt,7145,2000.0,86400.0,PTVRP_LAYERED,437220.0,94,0.002278700,0.002278700,0.0000,1,0.013139
Instances/Instances 3/eg7146_09.gt,7145,5000.0,86400.0,PTVRP_LAYERED,272828.0,38,0.001556500,0.001556500,0.0000,1,0.010737
Instances/Instances 3/eg7146_10.gt,7145,10000.0,86400.0,PTVRP_LAYERED,223307.0,20,0.001212600,0.001212600,0.0000,1,0.011918
Instances/Instances 3/ei8246_01.gt,8245,10.0,86400.0,PTVRP_LAYERED,57072244.0,3383,0.007829000,0.007829000,0.0000,1,0.019146
Instances/Instances 3/ei8246_02.gt,8245,20.0,86400.0,PTVRP_LAYERED,28746376.0,2514,0.008113399,0.008113399,0.0000,1,0.024087
Instances/Instances 3/ei8246_03.gt,8245,50.0,86400.0,PTVRP_LAYERED,11774658.0,1887,0.007974700,0.007974700,0.0000,1,0.020931
Instances/Instances 3/ei8246_04.gt,8245,100.0,86400.0,PTVRP_LAYERED,5992487.0,1319,0.006791099,0.006791099,0.0000,1,0.020071
Instances/Instances 3/ei8246_05.gt,8245,200.0,86400.0,PTVRP_LAYERED,3085049.0,949,0.005607600,0.005607600,0.0000,1,0.018171
Instances/Instances 3/ei8246_06.gt,8245,500.0,86400.0,PTVRP_LAYERED,1324683.0,434,0.004151400,0.004151400,0.0000,1,0.016152
Instances/Instances 3/ei8246_07.gt,8245,1000.0,86400.0,PTVRP_LAYERED,754549.0,219,0.003191100,0.003191100,0.0000,1,0.01463
Instances/Instances 3/ei8246_08.gt,8245,2000.0,86400.0,PTVRP_LAYERED,471952.0,108,0.002409900,0.002409900,0.0000,1,0.01406
Instances/Instances 3/ei8246_09.gt,8245,5000.0,86400.0,PTVRP_LAYERED,307174.0,46,0.001688900,0.001688900,0.0000,1,0.011969
Instances/Instances 3/ei8246_10.gt,8245,10000.0,86400.0,PTVRP_LAYERED,251520.0,23,0.001367400,0.001367400,0.0000,1,0.011703
Instances/Instances 3/eil101_01.gt,100,10.0,86400.0,PTVRP_LAYERED,15232.0,73,0.000266500,0.000266500,0.0000,1,0.00554
Instances/Instances 3/eil101_02.gt,100,20.0,86400.0,PTVRP_LAYERED,7407.0,62,0.000194000,0.000194000,0.0000,1,0.0051
Instances/Instances 3/eil101_03.gt,100,50.0,86400.0,PTVRP_LAYERED,3441.0,52,0.000087000,0.000087000,0.0000,1,0.006193
Instances/Instances 3/eil101_04.gt,100,100.0,86400.0,PTVRP_LAYERED,1815.0,29,0.000046600,0.000046600,0.0000,1,0.005232
Instances/Instances 3/eil101_05.gt,100,200.0,86400.0,PTVRP_LAYERED,1232.0,17,0.000031800,0.000031800,0.0000,1,0.004926
Instances/Instances 3/eil101_06.gt,100,500.0,86400.0,PTVRP_LAYERED,790.0,7,0.000014300,0.000014300,0.0000,1,0.004921
Instances/Instances 3/eil101_07.gt,100,1000.0,86400.0,PTVRP_LAYERED,709.0,5,0.000008900,0.000008900,0.0000,1,0.004711
Instances/Instances 3/eil101_08.gt,100,2000.0,86400.0,PTVRP_LAYERED,664.0,3,0.000006200,0.000006200,0.0000,1,0.005396
Instances/Instances 3/eil101_09.gt,100,5000.0,86400.0,PTVRP_LAYERED,652.0,2,0.000004900,0.000004900,0.0000,1,0.005975
Instances/Instances 3/eil101_10.gt,100,10000.0,86400.0,PTVRP_LAYERED,652.0,2,0.000004800,0.000004800,0.0000,1,0.004957
Instances/Instances 3/eil51_01.gt,50,10.0,86400.0,PTVRP_LAYERED,6400.0,44,0.000092200,0.000092200,0.0000,1,0.005142
Instances/Instances 3/eil51_02.gt,50,20.0,86400.0,PTVRP_LAYERED,3959.0,38,0.000062500,0.000062500,0.0000,1,0.005921
Instances/Instances 3/eil51_03.gt,50,50.0,86400.0,PTVRP_LAYERED,1584.0,28,0.000030600,0.000030600,0.0000,1,0.005587
Instances/Instances 3/eil51_04.gt,50,100.0,86400.0,PTVRP_LAYERED,1016.0,16,0.000044800,0.000044800,0.0000,1,0.005726
Instances/Instances 3/eil51_05.gt,50,200.0,86400.0,PTVRP_LAYERED,573.0,6,0.000009400,0.000009400,0.0000,1,0.006198
Instances/Instances 3/eil51_06.gt,50,500.0,86400.0,PTVRP_LAYERED,499.0,3,0.000006100,0.000006100,0.0000,1,0.005315
Instances/Instances 3/eil51_07.gt,50,1000.0,86400.0,PTVRP_LAYERED,456.0,2,0.000004500,0.000004500,0.0000,1,0.005263
Instances/Instances 3/eil51_08.gt,50,2000.0,86400.0,PTVRP_LAYERED,442.0,1,0.000003100,0.000003100,0.0000,1,0.004824
Instances/Instances 3/eil51_09.gt,50,5000.0,86400.0,PTVRP_LAYERED,442.0,1,0.000003000,0.000003000,0.0000,1,0.00469
Instances/Instances 3/eil51_10.gt,50,10000.0,86400.0,PTVRP_LAYERED,442.0,1,0.000003500,0.000003500,0.0000,1,0.0052
Instances/Instances 3/eil76_01.gt,75,10.0,86400.0,PTVRP_LAYERED,9893.0,62,0.000179100,0.000179100,0.0000,1,0.004931
Instances/Instances 3/eil76_02.gt,75,20.0,86400.0,PTVRP_LAYERED,5462.0,47,0.000108900,0.000108900,0.0000,1,0.004871
Instances/Instances 3/eil76_03.gt,75,50.0,86400.0,PTVRP_LAYERED,2346.0,40,0.000049900,0.000049900,0.0000,1,0.004968
Instances/Instances 3/eil76_04.gt,75,100.0,86400.0,PTVRP_LAYERED,1376.0,22,0.000029600,0.000029600,0.0000,1,0.005462
Instances/Instances 3/eil76_05.gt,75,200.0,86400.0,PTVRP_LAYERED,954.0,11,0.000020000,0.000020000,0.0000,1,0.005201
Instances/Instances 3/eil76_06.gt,75,500.0,86400.0,PTVRP_LAYERED,639.0,4,0.000010200,0.000010200,0.0000,1,0.006033
Instances/Instances 3/eil76_07.gt,75,1000.0,86400.0,PTVRP_LAYERED,600.0,3,0.000006500,0.000006500,0.0000,1,0.004918
Instances/Instances 3/eil76_08.gt,75,2000.0,86400.0,PTVRP_LAYERED,574.0,2,0.000005600,0.000005600,0.0000,1,0.006484
Instances/Instances 3/eil76_09.gt,75,5000.0,86400.0,PTVRP_LAYERED,573.0,1,0.000003600,0.000003600,0.0000,1,0.005879
Instances/Instances 3/eil76_10.gt,75,10000.0,86400.0,PTVRP_LAYERED,573.0,1,0.000003700,0.000003700,0.0000,1,0.005483
Instances/Instances 3/fi10639_01.gt,10638,10.0,86400.0,PTVRP_LAYERED,166094138.0,5055,0.005407300,0.005407300,0.0000,1,0.016907
Instances/Instances 3/fi10639_02.gt,10638,20.0,86400.0,PTVRP_LAYERED,83837548.0,3256,0.005862599,0.005862599,0.0000,1,0.023468
Instances/Instances 3/fi10639_03.gt,10638,50.0,86400.0,PTVRP_LAYERED,33871348.0,2296,0.005931400,0.005931400,0.0000,1,0.019481
Instances/Instances 3/fi10639_04.gt,10638,100.0,86400.0,PTVRP_LAYERED,17218486.0,1646,0.005290499,0.005290499,0.0000,1,0.02374
Instances/Instances 3/fi10639_05.gt,10638,200.0,86400.0,PTVRP_LAYERED,8880244.0,1152,0.004748800,0.004748800,0.0000,1,0.019302
Instances/Instances 3/fi10639_06.gt,10638,500.0,86400.0,PTVRP_LAYERED,3781368.0,551,0.003740400,0.003740400,0.0000,1,0.019655
Instances/Instances 3/fi10639_07.gt,10638,1000.0,86400.0,PTVRP_LAYERED,2126089.0,280,0.002980999,0.002980999,0.0000,1,0.018666
Instances/Instances 3/fi10639_08.gt,10638,2000.0,86400.0,PTVRP_LAYERED,1308109.0,140,0.002403000,0.002403000,0.0000,1,0.019226
Instances/Instances 3/fi10639_09.gt,10638,5000.0,86400.0,PTVRP_LAYERED,820354.0,57,0.001746900,0.001746900,0.0000,1,0.016427
Instances/Instances 3/fi10639_10.gt,10638,10000.0,86400.0,PTVRP_LAYERED,660167.0,30,0.001270300,0.001270300,0.0000,1,0.014039
Instances/Instances 3/fl1400_01.gt,1399,10.0,86400.0,PTVRP_LAYERED,6984703.0,434,0.001396700,0.001396700,0.0000,1,0.010042
Instances/Instances 3/fl1400_02.gt,1399,20.0,86400.0,PTVRP_LAYERED,3501534.0,343,0.001507100,0.001507100,0.0000,1,0.009168
Instances/Instances 3/fl1400_03.gt,1399,50.0,86400.0,PTVRP_LAYERED,1481164.0,265,0.001456600,0.001456600,0.0000,1,0.008576
Instances/Instances 3/fl1400_04.gt,1399,100.0,86400.0,PTVRP_LAYERED,742586.0,181,0.001273700,0.001273700,0.0000,1,0.008045
Instances/Instances 3/fl1400_05.gt,1399,200.0,86400.0,PTVRP_LAYERED,364536.0,126,0.001071500,0.001071500,0.0000,1,0.008179
Instances/Instances 3/fl1400_06.gt,1399,500.0,86400.0,PTVRP_LAYERED,161829.0,68,0.000748400,0.000748400,0.0000,1,0.007467
Instances/Instances 3/fl1400_07.gt,1399,1000.0,86400.0,PTVRP_LAYERED,88503.0,37,0.000529300,0.000529300,0.0000,1,0.007717
Instances/Instances 3/fl1400_08.gt,1399,2000.0,86400.0,PTVRP_LAYERED,53320.0,20,0.000341300,0.000341300,0.0000,1,0.005854
Instances/Instances 3/fl1400_09.gt,1399,5000.0,86400.0,PTVRP_LAYERED,32739.0,8,0.000199900,0.000199900,0.0000,1,0.006861
Instances/Instances 3/fl1400_10.gt,1399,10000.0,86400.0,PTVRP_LAYERED,25261.0,4,0.000114100,0.000114100,0.0000,1,0.007235
Instances/Instances 3/fl1577_01.gt,1576,10.0,86400.0,PTVRP_LAYERED,5031187.0,669,0.002413600,0.002413600,0.0000,1,0.010691
Instances/Instances 3/fl1577_02.gt,1576,20.0,86400.0,PTVRP_LAYERED,2575760.0,501,0.002377700,0.002377700,0.0000,1,0.010157
Instances/Instances 3/fl1577_03.gt,1576,50.0,86400.0,PTVRP_LAYERED,1047851.0,389,0.002115000,0.002115000,0.0000,1,0.01066
Instances/Instances 3/fl1577_04.gt,1576,100.0,86400.0,PTVRP_LAYERED,527925.0,282,0.001755599,0.001755599,0.0000,1,0.010345
Instances/Instances 3/fl1577_05.gt,1576,200.0,86400.0,PTVRP_LAYERED,280084.0,176,0.001323100,0.001323100,0.0000,1,0.008135
Instances/Instances 3/fl1577_06.gt,1576,500.0,86400.0,PTVRP_LAYERED,120644.0,85,0.000861200,0.000861200,0.0000,1,0.007553
Instances/Instances 3/fl1577_07.gt,1576,1000.0,86400.0,PTVRP_LAYERED,69422.0,43,0.000593500,0.000593500,0.0000,1,0.007662
Instances/Instances 3/fl1577_08.gt,1576,2000.0,86400.0,PTVRP_LAYERED,44928.0,22,0.000406700,0.000406700,0.0000,1,0.007769
Instances/Instances 3/fl1577_09.gt,1576,5000.0,86400.0,PTVRP_LAYERED,30368.0,9,0.000230500,0.000230500,0.0000,1,0.005808
Instances/Instances 3/fl1577_10.gt,1576,10000.0,86400.0,PTVRP_LAYERED,25235.0,5,0.000146000,0.000146000,0.0000,1,0.006643
Instances/Instances 3/fl3795_01.gt,3794,10.0,86400.0,PTVRP_LAYERED,13543623.0,1322,0.006180399,0.006180399,0.0000,1,0.013911
Instances/Instances 3/fl3795_02.gt,3794,20.0,86400.0,PTVRP_LAYERED,6820241.0,1012,0.006388699,0.006388699,0.0000,1,0.017636
Instances/Instances 3/fl3795_03.gt,3794,50.0,86400.0,PTVRP_LAYERED,2707005.0,765,0.005981399,0.005981399,0.0000,1,0.015646
Instances/Instances 3/fl3795_04.gt,3794,100.0,86400.0,PTVRP_LAYERED,1376200.0,532,0.005093100,0.005093100,0.0000,1,0.015739
Instances/Instances 3/fl3795_05.gt,3794,200.0,86400.0,PTVRP_LAYERED,705826.0,374,0.004045900,0.004045900,0.0000,1,0.014691
Instances/Instances 3/fl3795_06.gt,3794,500.0,86400.0,PTVRP_LAYERED,292507.0,192,0.002811900,0.002811900,0.0000,1,0.013054
Instances/Instances 3/fl3795_07.gt,3794,1000.0,86400.0,PTVRP_LAYERED,161600.0,101,0.002031300,0.002031300,0.0000,1,0.011687
Instances/Instances 3/fl3795_08.gt,3794,2000.0,86400.0,PTVRP_LAYERED,92177.0,51,0.001440500,0.001440500,0.0000,1,0.011565
Instances/Instances 3/fl3795_09.gt,3794,5000.0,86400.0,PTVRP_LAYERED,52383.0,21,0.000935000,0.000935000,0.0000,1,0.008341
Instances/Instances 3/fl3795_10.gt,3794,10000.0,86400.0,PTVRP_LAYERED,39795.0,12,0.000617500,0.000617500,0.0000,1,0.007922
Instances/Instances 3/fl417_01.gt,416,10.0,86400.0,PTVRP_LAYERED,2149449.0,170,0.000391700,0.000391700,0.0000,1,0.006706
Instances/Instances 3/fl417_02.gt,416,20.0,86400.0,PTVRP_LAYERED,1003696.0,121,0.000414099,0.000414099,0.0000,1,0.006092
Instances/Instances 3/fl417_03.gt,416,50.0,86400.0,PTVRP_LAYERED,439626.0,96,0.000350300,0.000350300,0.0000,1,0.00645
Instances/Instances 3/fl417_04.gt,416,100.0,86400.0,PTVRP_LAYERED,214650.0,68,0.000281800,0.000281800,0.0000,1,0.005831
Instances/Instances 3/fl417_05.gt,416,200.0,86400.0,PTVRP_LAYERED,118812.0,49,0.000216400,0.000216400,0.0000,1,0.006448
Instances/Instances 3/fl417_06.gt,416,500.0,86400.0,PTVRP_LAYERED,51657.0,23,0.000134200,0.000134200,0.0000,1,0.006424
Instances/Instances 3/fl417_07.gt,416,1000.0,86400.0,PTVRP_LAYERED,32593.0,13,0.000110500,0.000110500,0.0000,1,0.006389
Instances/Instances 3/fl417_08.gt,416,2000.0,86400.0,PTVRP_LAYERED,21512.0,6,0.000054000,0.000054000,0.0000,1,0.006078
Instances/Instances 3/fl417_09.gt,416,5000.0,86400.0,PTVRP_LAYERED,14735.0,3,0.000024700,0.000024700,0.0000,1,0.005976
Instances/Instances 3/fl417_10.gt,416,10000.0,86400.0,PTVRP_LAYERED,13776.0,2,0.000017600,0.000017600,0.0000,1,0.006761
Instances/Instances 3/fnl4461_01.gt,4460,10.0,86400.0,PTVRP_LAYERED,33285849.0,2075,0.003550300,0.003550300,0.0000,1,0.012438
Instances/Instances 3/fnl4461_02.gt,4460,20.0,86400.0,PTVRP_LAYERED,16797639.0,1541,0.003703000,0.003703000,0.0000,1,0.013764
Instances/Instances 3/fnl4461_03.gt,4460,50.0,86400.0,PTVRP_LAYERED,6933757.0,1221,0.003589100,0.003589100,0.0000,1,0.013776
Instances/Instances 3/fnl4461_04.gt,4460,100.0,86400.0,PTVRP_LAYERED,3558776.0,820,0.003091799,0.003091799,0.0000,1,0.013361
Instances/Instances 3/fnl4461_05.gt,4460,200.0,86400.0,PTVRP_LAYERED,1798753.0,545,0.002584199,0.002584199,0.0000,1,0.014485
Instances/Instances 3/fnl4461_06.gt,4460,500.0,86400.0,PTVRP_LAYERED,814997.0,239,0.001859700,0.001859700,0.0000,1,0.01409
Instances/Instances 3/fnl4461_07.gt,4460,1000.0,86400.0,PTVRP_LAYERED,487873.0,118,0.001423100,0.001423100,0.0000,1,0.010592
Instances/Instances 3/fnl4461_08.gt,4460,2000.0,86400.0,PTVRP_LAYERED,328389.0,59,0.001077400,0.001077400,0.0000,1,0.010342
Instances/Instances 3/fnl4461_09.gt,4460,5000.0,86400.0,PTVRP_LAYERED,234775.0,26,0.000716700,0.000716700,0.0000,1,0.010012
Instances/Instances 3/fnl4461_10.gt,4460,10000.0,86400.0,PTVRP_LAYERED,206588.0,13,0.000486799,0.000486799,0.0000,1,0.009493
Instances/Instances 3/gil262_01.gt,261,10.0,86400.0,PTVRP_LAYERED,112367.0,174,0.000693200,0.000693200,0.0000,1,0.007478
Instances/Instances 3/gil262_02.gt,261,20.0,86400.0,PTVRP_LAYERED,55593.0,139,0.000551600,0.000551600,0.0000,1,0.006649
Instances/Instances 3/gil262_03.gt,261,50.0,86400.0,PTVRP_LAYERED,23607.0,100,0.000404800,0.000404800,0.0000,1,0.006845
Instances/Instances 3/gil262_04.gt,261,100.0,86400.0,PTVRP_LAYERED,13102.0,66,0.000264500,0.000264500,0.0000,1,0.006025
Instances/Instances 3/gil262_05.gt,261,200.0,86400.0,PTVRP_LAYERED,7750.0,37,0.000154600,0.000154600,0.0000,1,0.005537
Instances/Instances 3/gil262_06.gt,261,500.0,86400.0,PTVRP_LAYERED,4142.0,14,0.000066400,0.000066400,0.0000,1,0.005067
Instances/Instances 3/gil262_07.gt,261,1000.0,86400.0,PTVRP_LAYERED,3337.0,8,0.000042000,0.000042000,0.0000,1,0.004702
Instances/Instances 3/gil262_08.gt,261,2000.0,86400.0,PTVRP_LAYERED,2843.0,4,0.000058300,0.000058300,0.0000,1,0.005674
Instances/Instances 3/gil262_09.gt,261,5000.0,86400.0,PTVRP_LAYERED,2695.0,2,0.000013300,0.000013300,0.0000,1,0.005151
Instances/Instances 3/gil262_10.gt,261,10000.0,86400.0,PTVRP_LAYERED,2645.0,1,0.000009800,0.000009800,0.0000,1,0.00503
Instances/Instances 3/gr9882_01.gt,9881,10.0,86400.0,PTVRP_LAYERED,110435208.0,4235,0.006324799,0.006324799,0.0000,1,0.018425
Instances/Instances 3/gr9882_02.gt,9881,20.0,86400.0,PTVRP_LAYERED,55512558.0,2947,0.007012300,0.007012300,0.0000,1,0.02357
Instances/Instances 3/gr9882_03.gt,9881,50.0,86400.0,PTVRP_LAYERED,22433983.0,2136,0.007248000,0.007248000,0.0000,1,0.024712
Instances/Instances 3/gr9882_04.gt,9881,100.0,86400.0,PTVRP_LAYERED,11535214.0,1501,0.006295299,0.006295299,0.0000,1,0.022627
Instances/Instances 3/gr9882_05.gt,9881,200.0,86400.0,PTVRP_LAYERED,5843012.0,1063,0.005523200,0.005523200,0.0000,1,0.019862
Instances/Instances 3/gr9882_06.gt,9881,500.0,86400.0,PTVRP_LAYERED,2461167.0,510,0.004231000,0.004231000,0.0000,1,0.018852
Instances/Instances 3/gr9882_07.gt,9881,1000.0,86400.0,PTVRP_LAYERED,1387089.0,264,0.003361600,0.003361600,0.0000,1,0.016735
Instances/Instances 3/gr9882_08.gt,9881,2000.0,86400.0,PTVRP_LAYERED,824776.0,129,0.002615999,0.002615999,0.0000,1,0.017445
Instances/Instances 3/gr9882_09.gt,9881,5000.0,86400.0,PTVRP_LAYERED,504524.0,53,0.001886100,0.001886100,0.0000,1,0.016596
Instances/Instances 3/gr9882_10.gt,9881,10000.0,86400.0,PTVRP_LAYERED,396637.0,27,0.001437100,0.001437100,0.0000,1,0.015538
Instances/Instances 3/ho14473_01.gt,14472,10.0,86400.0,PTVRP_LAYERED,81424388.0,5014,0.015914599,0.015914599,0.0000,1,0.030661
Instances/Instances 3/ho14473_02.gt,14472,20.0,86400.0,PTVRP_LAYERED,41547285.0,3634,0.016969399,0.016969399,0.0000,1,0.034944
Instances/Instances 3/ho14473_03.gt,14472,50.0,86400.0,PTVRP_LAYERED,16757738.0,2647,0.017007999,0.017007999,0.0000,1,0.032816
Instances/Instances 3/ho14473_04.gt,14472,100.0,86400.0,PTVRP_LAYERED,8464073.0,1967,0.014820799,0.014820799,0.0000,1,0.03384
Instances/Instances 3/ho14473_05.gt,14472,200.0,86400.0,PTVRP_LAYERED,4340861.0,1475,0.012854599,0.012854599,0.0000,1,0.030543
Instances/Instances 3/ho14473_06.gt,14472,500.0,86400.0,PTVRP_LAYERED,1817829.0,739,0.009607699,0.009607699,0.0000,1,0.027441
Instances/Instances 3/ho14473_07.gt,14472,1000.0,86400.0,PTVRP_LAYERED,975379.0,378,0.007370500,0.007370500,0.0000,1,0.025078
Instances/Instances 3/ho14473_08.gt,14472,2000.0,86400.0,PTVRP_LAYERED,571305.0,191,0.005796399,0.005796399,0.0000,1,0.022022
Instances/Instances 3/ho14473_09.gt,14472,5000.0,86400.0,PTVRP_LAYERED,327973.0,76,0.003816900,0.003816900,0.0000,1,0.02102
Instances/Instances 3/ho14473_10.gt,14472,10000.0,86400.0,PTVRP_LAYERED,248946.0,40,0.002805999,0.002805999,0.0000,1,0.018654
Instances/Instances 3/it16862_01.gt,16861,10.0,86400.0,PTVRP_LAYERED,275184989.0,8151,0.011009899,0.011009899,0.0000,1,0.030455
Instances/Instances 3/it16862_02.gt,16861,20.0,86400.0,PTVRP_LAYERED,135413716.0,5132,0.011255899,0.011255899,0.0000,1,0.03058
Instances/Instances 3/it16862_03.gt,16861,50.0,86400.0,PTVRP_LAYERED,55071556.0,3436,0.010766999,0.010766999,0.0000,1,0.029955
Instances/Instances 3/it16862_04.gt,16861,100.0,86400.0,PTVRP_LAYERED,27421558.0,2385,0.009601999,0.009601999,0.0000,1,0.029034
Instances/Instances 3/it16862_05.gt,16861,200.0,86400.0,PTVRP_LAYERED,14031721.0,1756,0.008623600,0.008623600,0.0000,1,0.027671
Instances/Instances 3/it16862_06.gt,16861,500.0,86400.0,PTVRP_LAYERED,5864106.0,868,0.006904400,0.006904400,0.0000,1,0.024403
Instances/Instances 3/it16862_07.gt,16861,1000.0,86400.0,PTVRP_LAYERED,3160788.0,437,0.005586699,0.005586699,0.0000,1,0.023544
Instances/Instances 3/it16862_08.gt,16861,2000.0,86400.0,PTVRP_LAYERED,1837954.0,219,0.004877700,0.004877700,0.0000,1,0.024938
Instances/Instances 3/it16862_09.gt,16861,5000.0,86400.0,PTVRP_LAYERED,1066950.0,90,0.003206400,0.003206400,0.0000,1,0.021933
Instances/Instances 3/it16862_10.gt,16861,10000.0,86400.0,PTVRP_LAYERED,797995.0,46,0.002464400,0.002464400,0.0000,1,0.020817
Instances/Instances 3/ja9847_01.gt,9846,10.0,86400.0,PTVRP_LAYERED,NO SOLUTION,,0.003914699,0.003914699,0.0000,1,0.018325
Instances/Instances 3/ja9847_02.gt,9846,20.0,86400.0,PTVRP_LAYERED,NO SOLUTION,,0.004020500,0.004020500,0.0000,1,0.017772
Instances/Instances 3/ja9847_03.gt,9846,50.0,86400.0,PTVRP_LAYERED,55218627.0,2281,0.004555800,0.004555800,0.0000,1,0.016706
Instances/Instances 3/ja9847_04.gt,9846,100.0,86400.0,PTVRP_LAYERED,27981221.0,1425,0.004096500,0.004096500,0.0000,1,0.017597
Instances/Instances 3/ja9847_05.gt,9846,200.0,86400.0,PTVRP_LAYERED,13881495.0,963,0.003578500,0.003578500,0.0000,1,0.018739
Instances/Instances 3/ja9847_06.gt,9846,500.0,86400.0,PTVRP_LAYERED,5797883.0,487,0.003014200,0.003014200,0.0000,1,0.014808
Instances/Instances 3/ja9847_07.gt,9846,1000.0,86400.0,PTVRP_LAYERED,3117902.0,257,0.002456099,0.002456099,0.0000,1,0.016485
Instances/Instances 3/ja9847_08.gt,9846,2000.0,86400.0,PTVRP_LAYERED,1775675.0,128,0.001988900,0.001988900,0.0000,1,0.016619
Instances/Instances 3/ja9847_09.gt,9846,5000.0,86400.0,PTVRP_LAYERED,1011632.0,54,0.001570600,0.001570600,0.0000,1,0.015786
Instances/Instances 3/ja9847_10.gt,9846,10000.0,86400.0,PTVRP_LAYERED,752747.0,27,0.001135400,0.001135400,0.0000,1,0.01476
Instances/Instances 3/kroA100_01.gt,99,10.0,86400.0,PTVRP_LAYERED,701399.0,67,0.000057700,0.000057700,0.0000,1,0.006209
Instances/Instances 3/kroA100_02.gt,99,20.0,86400.0,PTVRP_LAYERED,351799.0,49,0.000059300,0.000059300,0.0000,1,0.006601
Instances/Instances 3/kroA100_03.gt,99,50.0,86400.0,PTVRP_LAYERED,159715.0,46,0.000047300,0.000047300,0.0000,1,0.005877
Instances/Instances 3/kroA100_04.gt,99,100.0,86400.0,PTVRP_LAYERED,82549.0,27,0.000036500,0.000036500,0.0000,1,0.006433
Instances/Instances 3/kroA100_05.gt,99,200.0,86400.0,PTVRP_LAYERED,52117.0,14,0.000026300,0.000026300,0.0000,1,0.005359
Instances/Instances 3/kroA100_06.gt,99,500.0,86400.0,PTVRP_LAYERED,31389.0,5,0.000013600,0.000013600,0.0000,1,0.0049
Instances/Instances 3/kroA100_07.gt,99,1000.0,86400.0,PTVRP_LAYERED,25111.0,4,0.000010900,0.000010900,0.0000,1,0.006384
Instances/Instances 3/kroA100_08.gt,99,2000.0,86400.0,PTVRP_LAYERED,23670.0,2,0.000006000,0.000006000,0.0000,1,0.005142
Instances/Instances 3/kroA100_09.gt,99,5000.0,86400.0,PTVRP_LAYERED,22624.0,1,0.000004300,0.000004300,0.0000,1,0.005639
Instances/Instances 3/kroA100_10.gt,99,10000.0,86400.0,PTVRP_LAYERED,22624.0,1,0.000004600,0.000004600,0.0000,1,0.005873
Instances/Instances 3/kroA150_01.gt,149,10.0,86400.0,PTVRP_LAYERED,1048872.0,89,0.000091700,0.000091700,0.0000,1,0.005322
Instances/Instances 3/kroA150_02.gt,149,20.0,86400.0,PTVRP_LAYERED,531749.0,77,0.000087000,0.000087000,0.0000,1,0.007046
Instances/Instances 3/kroA150_03.gt,149,50.0,86400.0,PTVRP_LAYERED,216607.0,64,0.000073400,0.000073400,0.0000,1,0.006412
Instances/Instances 3/kroA150_04.gt,149,100.0,86400.0,PTVRP_LAYERED,122973.0,37,0.000057700,0.000057700,0.0000,1,0.005482
Instances/Instances 3/kroA150_05.gt,149,200.0,86400.0,PTVRP_LAYERED,67491.0,19,0.000042500,0.000042500,0.0000,1,0.00778
Instances/Instances 3/kroA150_06.gt,149,500.0,86400.0,PTVRP_LAYERED,41974.0,9,0.000026100,0.000026100,0.0000,1,0.005601
Instances/Instances 3/kroA150_07.gt,149,1000.0,86400.0,PTVRP_LAYERED,34529.0,5,0.000017900,0.000017900,0.0000,1,0.005465
Instances/Instances 3/kroA150_08.gt,149,2000.0,86400.0,PTVRP_LAYERED,29219.0,3,0.000010400,0.000010400,0.0000,1,0.005263
Instances/Instances 3/kroA150_09.gt,149,5000.0,86400.0,PTVRP_LAYERED,27630.0,1,0.000006900,0.000006900,0.0000,1,0.005533
Instances/Instances 3/kroA150_10.gt,149,10000.0,86400.0,PTVRP_LAYERED,27630.0,1,0.000006500,0.000006500,0.0000,1,0.00621
Instances/Instances 3/kroA200_01.gt,199,10.0,86400.0,PTVRP_LAYERED,1419120.0,126,0.000121300,0.000121300,0.0000,1,0.006205
Instances/Instances 3/kroA200_02.gt,199,20.0,86400.0,PTVRP_LAYERED,682026.0,91,0.000120200,0.000120200,0.0000,1,0.005412
Instances/Instances 3/kroA200_03.gt,199,50.0,86400.0,PTVRP_LAYERED,317596.0,81,0.000104000,0.000104000,0.0000,1,0.005796
Instances/Instances 3/kroA200_04.gt,199,100.0,86400.0,PTVRP_LAYERED,178481.0,59,0.000083300,0.000083300,0.0000,1,0.005582
Instances/Instances 3/kroA200_05.gt,199,200.0,86400.0,PTVRP_LAYERED,87357.0,27,0.000060100,0.000060100,0.0000,1,0.00512
Instances/Instances 3/kroA200_06.gt,199,500.0,86400.0,PTVRP_LAYERED,53071.0,11,0.000040000,0.000040000,0.0000,1,0.004851
Instances/Instances 3/kroA200_07.gt,199,1000.0,86400.0,PTVRP_LAYERED,40471.0,6,0.000027500,0.000027500,0.0000,1,0.006112
Instances/Instances 3/kroA200_08.gt,199,2000.0,86400.0,PTVRP_LAYERED,33296.0,3,0.000016300,0.000016300,0.0000,1,0.005612
Instances/Instances 3/kroA200_09.gt,199,5000.0,86400.0,PTVRP_LAYERED,30902.0,1,0.000008000,0.000008000,0.0000,1,0.00528
Instances/Instances 3/kroA200_10.gt,199,10000.0,86400.0,PTVRP_LAYERED,30902.0,1,0.000008200,0.000008200,0.0000,1,0.005804
Instances/Instances 3/kroB100_01.gt,99,10.0,86400.0,PTVRP_LAYERED,715686.0,67,0.000055000,0.000055000,0.0000,1,0.00507
Instances/Instances 3/kroB100_02.gt,99,20.0,86400.0,PTVRP_LAYERED,361631.0,53,0.000056000,0.000056000,0.0000,1,0.00585
Instances/Instances 3/kroB100_03.gt,99,50.0,86400.0,PTVRP_LAYERED,143168.0,41,0.000045100,0.000045100,0.0000,1,0.005493
Instances/Instances 3/kroB100_04.gt,99,100.0,86400.0,PTVRP_LAYERED,85698.0,27,0.000036500,0.000036500,0.0000,1,0.005504
Instances/Instances 3/kroB100_05.gt,99,200.0,86400.0,PTVRP_LAYERED,55051.0,15,0.000025700,0.000025700,0.0000,1,0.005381
Instances/Instances 3/kroB100_06.gt,99,500.0,86400.0,PTVRP_LAYERED,32940.0,6,0.000014900,0.000014900,0.0000,1,0.005112
Instances/Instances 3/kroB100_07.gt,99,1000.0,86400.0,PTVRP_LAYERED,26294.0,4,0.000009600,0.000009600,0.0000,1,0.005725
Instances/Instances 3/kroB100_08.gt,99,2000.0,86400.0,PTVRP_LAYERED,24490.0,2,0.000006000,0.000006000,0.0000,1,0.004922
Instances/Instances 3/kroB100_09.gt,99,5000.0,86400.0,PTVRP_LAYERED,24472.0,1,0.000004500,0.000004500,0.0000,1,0.006005
Instances/Instances 3/kroB100_10.gt,99,10000.0,86400.0,PTVRP_LAYERED,24472.0,1,0.000004600,0.000004600,0.0000,1,0.004875
Instances/Instances 3/kroB150_01.gt,149,10.0,86400.0,PTVRP_LAYERED,1104436.0,98,0.000089000,0.000089000,0.0000,1,0.006077
Instances/Instances 3/kroB150_02.gt,149,20.0,86400.0,PTVRP_LAYERED,547594.0,66,0.000088600,0.000088600,0.0000,1,0.00494
Instances/Instances 3/kroB150_03.gt,149,50.0,86400.0,PTVRP_LAYERED,252520.0,67,0.000074300,0.000074300,0.0000,1,0.006139
Instances/Instances 3/kroB150_04.gt,149,100.0,86400.0,PTVRP_LAYERED,129944.0,35,0.000059500,0.000059500,0.0000,1,0.005516
Instances/Instances 3/kroB150_05.gt,149,200.0,86400.0,PTVRP_LAYERED,80467.0,23,0.000044000,0.000044000,0.0000,1,0.006156
Instances/Instances 3/kroB150_06.gt,149,500.0,86400.0,PTVRP_LAYERED,40856.0,8,0.000026500,0.000026500,0.0000,1,0.006009
Instances/Instances 3/kroB150_07.gt,149,1000.0,86400.0,PTVRP_LAYERED,33971.0,5,0.000016300,0.000016300,0.0000,1,0.005842
Instances/Instances 3/kroB150_08.gt,149,2000.0,86400.0,PTVRP_LAYERED,28852.0,2,0.000009800,0.000009800,0.0000,1,0.005763
Instances/Instances 3/kroB150_09.gt,149,5000.0,86400.0,PTVRP_LAYERED,27979.0,1,0.000006900,0.000006900,0.0000,1,0.006354
Instances/Instances 3/kroB150_10.gt,149,10000.0,86400.0,PTVRP_LAYERED,27979.0,1,0.000007700,0.000007700,0.0000,1,0.006632
Instances/Instances 3/kroB200_01.gt,199,10.0,86400.0,PTVRP_LAYERED,1382288.0,129,0.000123400,0.000123400,0.0000,1,0.00677
Instances/Instances 3/kroB200_02.gt,199,20.0,86400.0,PTVRP_LAYERED,674226.0,100,0.000122200,0.000122200,0.0000,1,0.00526
Instances/Instances 3/kroB200_03.gt,199,50.0,86400.0,PTVRP_LAYERED,320833.0,93,0.000105099,0.000105099,0.0000,1,0.006525
Instances/Instances 3/kroB200_04.gt,199,100.0,86400.0,PTVRP_LAYERED,161234.0,52,0.000083800,0.000083800,0.0000,1,0.005758
Instances/Instances 3/kroB200_05.gt,199,200.0,86400.0,PTVRP_LAYERED,92715.0,30,0.000063600,0.000063600,0.0000,1,0.005825
Instances/Instances 3/kroB200_06.gt,199,500.0,86400.0,PTVRP_LAYERED,53980.0,13,0.000040600,0.000040600,0.0000,1,0.006629
Instances/Instances 3/kroB200_07.gt,199,1000.0,86400.0,PTVRP_LAYERED,41003.0,6,0.000028200,0.000028200,0.0000,1,0.005723
Instances/Instances 3/kroB200_08.gt,199,2000.0,86400.0,PTVRP_LAYERED,34301.0,4,0.000020200,0.000020200,0.0000,1,0.006372
Instances/Instances 3/kroB200_09.gt,199,5000.0,86400.0,PTVRP_LAYERED,31786.0,2,0.000009900,0.000009900,0.0000,1,0.006906
Instances/Instances 3/kroB200_10.gt,199,10000.0,86400.0,PTVRP_LAYERED,31768.0,1,0.000008000,0.000008000,0.0000,1,0.006352
Instances/Instances 3/kroC100_01.gt,99,10.0,86400.0,PTVRP_LAYERED,729741.0,60,0.000061000,0.000061000,0.0000,1,0.00663
Instances/Instances 3/kroC100_02.gt,99,20.0,86400.0,PTVRP_LAYERED,371907.0,50,0.000056099,0.000056099,0.0000,1,0.006086
Instances/Instances 3/kroC100_03.gt,99,50.0,86400.0,PTVRP_LAYERED,155822.0,45,0.000046700,0.000046700,0.0000,1,0.007156
Instances/Instances 3/kroC100_04.gt,99,100.0,86400.0,PTVRP_LAYERED,90678.0,28,0.000035900,0.000035900,0.0000,1,0.005066
Instances/Instances 3/kroC100_05.gt,99,200.0,86400.0,PTVRP_LAYERED,59289.0,17,0.000026500,0.000026500,0.0000,1,0.005423
Instances/Instances 3/kroC100_06.gt,99,500.0,86400.0,PTVRP_LAYERED,32663.0,6,0.000015700,0.000015700,0.0000,1,0.00652
Instances/Instances 3/kroC100_07.gt,99,1000.0,86400.0,PTVRP_LAYERED,26061.0,4,0.000009000,0.000009000,0.0000,1,0.004951
Instances/Instances 3/kroC100_08.gt,99,2000.0,86400.0,PTVRP_LAYERED,23764.0,2,0.000006600,0.000006600,0.0000,1,0.00509
Instances/Instances 3/kroC100_09.gt,99,5000.0,86400.0,PTVRP_LAYERED,22713.0,1,0.000004800,0.000004800,0.0000,1,0.005241
Instances/Instances 3/kroC100_10.gt,99,10000.0,86400.0,PTVRP_LAYERED,22713.0,1,0.000004800,0.000004800,0.0000,1,0.005137
Instances/Instances 3/kroD100_01.gt,99,10.0,86400.0,PTVRP_LAYERED,653242.0,66,0.000059600,0.000059600,0.0000,1,0.0054
Instances/Instances 3/kroD100_02.gt,99,20.0,86400.0,PTVRP_LAYERED,345002.0,51,0.000056200,0.000056200,0.0000,1,0.007979
Instances/Instances 3/kroD100_03.gt,99,50.0,86400.0,PTVRP_LAYERED,150778.0,41,0.000047500,0.000047500,0.0000,1,0.007288
Instances/Instances 3/kroD100_04.gt,99,100.0,86400.0,PTVRP_LAYERED,80842.0,30,0.000035100,0.000035100,0.0000,1,0.006034
Instances/Instances 3/kroD100_05.gt,99,200.0,86400.0,PTVRP_LAYERED,55500.0,16,0.000027400,0.000027400,0.0000,1,0.005178
Instances/Instances 3/kroD100_06.gt,99,500.0,86400.0,PTVRP_LAYERED,32259.0,7,0.000015300,0.000015300,0.0000,1,0.005399
Instances/Instances 3/kroD100_07.gt,99,1000.0,86400.0,PTVRP_LAYERED,25441.0,4,0.000008800,0.000008800,0.0000,1,0.005494
Instances/Instances 3/kroD100_08.gt,99,2000.0,86400.0,PTVRP_LAYERED,23833.0,2,0.000006300,0.000006300,0.0000,1,0.004862
Instances/Instances 3/kroD100_09.gt,99,5000.0,86400.0,PTVRP_LAYERED,23792.0,1,0.000005100,0.000005100,0.0000,1,0.005623
Instances/Instances 3/kroD100_10.gt,99,10000.0,86400.0,PTVRP_LAYERED,23792.0,1,0.000004600,0.000004600,0.0000,1,0.006197
Instances/Instances 3/kroE100_01.gt,99,10.0,86400.0,PTVRP_LAYERED,699690.0,62,0.000054100,0.000054100,0.0000,1,0.004899
Instances/Instances 3/kroE100_02.gt,99,20.0,86400.0,PTVRP_LAYERED,383437.0,56,0.000053500,0.000053500,0.0000,1,0.007119
Instances/Instances 3/kroE100_03.gt,99,50.0,86400.0,PTVRP_LAYERED,156593.0,40,0.000044200,0.000044200,0.0000,1,0.005919
Instances/Instances 3/kroE100_04.gt,99,100.0,86400.0,PTVRP_LAYERED,90282.0,29,0.000036800,0.000036800,0.0000,1,0.006629
Instances/Instances 3/kroE100_05.gt,99,200.0,86400.0,PTVRP_LAYERED,58408.0,17,0.000025200,0.000025200,0.0000,1,0.005899
Instances/Instances 3/kroE100_06.gt,99,500.0,86400.0,PTVRP_LAYERED,33882.0,7,0.000015100,0.000015100,0.0000,1,0.005508
Instances/Instances 3/kroE100_07.gt,99,1000.0,86400.0,PTVRP_LAYERED,25429.0,3,0.000009900,0.000009900,0.0000,1,0.007489
Instances/Instances 3/kroE100_08.gt,99,2000.0,86400.0,PTVRP_LAYERED,25287.0,2,0.000006200,0.000006200,0.0000,1,0.00667
Instances/Instances 3/kroE100_09.gt,99,5000.0,86400.0,PTVRP_LAYERED,24552.0,1,0.000005200,0.000005200,0.0000,1,0.008319
Instances/Instances 3/kroE100_10.gt,99,10000.0,86400.0,PTVRP_LAYERED,24552.0,1,0.000004500,0.000004500,0.0000,1,0.00703
Instances/Instances 3/kz9976_01.gt,9975,10.0,86400.0,PTVRP_LAYERED,NO SOLUTION,,0.001868199,0.001868199,0.0000,1,0.015883
Instances/Instances 3/kz9976_02.gt,9975,20.0,86400.0,PTVRP_LAYERED,NO SOLUTION,,0.002145100,0.002145100,0.0000,1,0.018198
Instances/Instances 3/kz9976_03.gt,9975,50.0,86400.0,PTVRP_LAYERED,112279617.0,3259,0.002444800,0.002444800,0.0000,1,0.01784
Instances/Instances 3/kz9976_04.gt,9975,100.0,86400.0,PTVRP_LAYERED,53535869.0,1698,0.002363500,0.002363500,0.0000,1,0.019026
Instances/Instances 3/kz9976_05.gt,9975,200.0,86400.0,PTVRP_LAYERED,27446897.0,1052,0.002187400,0.002187400,0.0000,1,0.016461
Instances/Instances 3/kz9976_06.gt,9975,500.0,86400.0,PTVRP_LAYERED,11297928.0,500,0.001939600,0.001939600,0.0000,1,0.017514
Instances/Instances 3/kz9976_07.gt,9975,1000.0,86400.0,PTVRP_LAYERED,6099274.0,260,0.001861100,0.001861100,0.0000,1,0.016461
Instances/Instances 3/kz9976_08.gt,9975,2000.0,86400.0,PTVRP_LAYERED,3537289.0,131,0.001408600,0.001408600,0.0000,1,0.017822
Instances/Instances 3/kz9976_09.gt,9975,5000.0,86400.0,PTVRP_LAYERED,2030972.0,55,0.001013700,0.001013700,0.0000,1,0.016583
Instances/Instances 3/kz9976_10.gt,9975,10000.0,86400.0,PTVRP_LAYERED,1529484.0,28,0.000764800,0.000764800,0.0000,1,0.01669
Instances/Instances 3/lin105_01.gt,104,10.0,86400.0,PTVRP_LAYERED,487430.0,69,0.000080500,0.000080500,0.0000,1,0.007106
Instances/Instances 3/lin105_02.gt,104,20.0,86400.0,PTVRP_LAYERED,270194.0,48,0.000081200,0.000081200,0.0000,1,0.008259
Instances/Instances 3/lin105_03.gt,104,50.0,86400.0,PTVRP_LAYERED,108787.0,40,0.000057800,0.000057800,0.0000,1,0.006795
Instances/Instances 3/lin105_04.gt,104,100.0,86400.0,PTVRP_LAYERED,61853.0,23,0.000042400,0.000042400,0.0000,1,0.007985
Instances/Instances 3/lin105_05.gt,104,200.0,86400.0,PTVRP_LAYERED,32006.0,15,0.000029100,0.000029100,0.0000,1,0.007284
Instances/Instances 3/lin105_06.gt,104,500.0,86400.0,PTVRP_LAYERED,21595.0,6,0.000015500,0.000015500,0.0000,1,0.007725
Instances/Instances 3/lin105_07.gt,104,1000.0,86400.0,PTVRP_LAYERED,18091.0,3,0.000009600,0.000009600,0.0000,1,0.007349
Instances/Instances 3/lin105_08.gt,104,2000.0,86400.0,PTVRP_LAYERED,17033.0,2,0.000006400,0.000006400,0.0000,1,0.006706
Instances/Instances 3/lin105_09.gt,104,5000.0,86400.0,PTVRP_LAYERED,17033.0,2,0.000004600,0.000004600,0.0000,1,0.006613
Instances/Instances 3/lin105_10.gt,104,10000.0,86400.0,PTVRP_LAYERED,17033.0,2,0.000005400,0.000005400,0.0000,1,0.007204
Instances/Instances 3/lin318_01.gt,317,10.0,86400.0,PTVRP_LAYERED,2323080.0,183,0.000192000,0.000192000,0.0000,1,0.0069
Instances/Instances 3/lin318_02.gt,317,20.0,86400.0,PTVRP_LAYERED,1140467.0,145,0.000200200,0.000200200,0.0000,1,0.008524
Instances/Instances 3/lin318_03.gt,317,50.0,86400.0,PTVRP_LAYERED,521019.0,114,0.000176400,0.000176400,0.0000,1,0.007213
Instances/Instances 3/lin318_04.gt,317,100.0,86400.0,PTVRP_LAYERED,264200.0,73,0.000146400,0.000146400,0.0000,1,0.007611
Instances/Instances 3/lin318_05.gt,317,200.0,86400.0,PTVRP_LAYERED,151682.0,47,0.000108600,0.000108600,0.0000,1,0.008008
Instances/Instances 3/lin318_06.gt,317,500.0,86400.0,PTVRP_LAYERED,83335.0,18,0.000072000,0.000072000,0.0000,1,0.008122
Instances/Instances 3/lin318_07.gt,317,1000.0,86400.0,PTVRP_LAYERED,59858.0,10,0.000051800,0.000051800,0.0000,1,0.007676
Instances/Instances 3/lin318_08.gt,317,2000.0,86400.0,PTVRP_LAYERED,51479.0,6,0.000034900,0.000034900,0.0000,1,0.007899
Instances/Instances 3/lin318_09.gt,317,5000.0,86400.0,PTVRP_LAYERED,46049.0,2,0.000017600,0.000017600,0.0000,1,0.007623
Instances/Instances 3/lin318_10.gt,317,10000.0,86400.0,PTVRP_LAYERED,46049.0,2,0.000012500,0.000012500,0.0000,1,0.00791
Instances/Instances 3/linhp318_01.gt,317,10.0,86400.0,PTVRP_LAYERED,2422886.0,190,0.000192700,0.000192700,0.0000,1,0.006049
Instances/Instances 3/linhp318_02.gt,317,20.0,86400.0,PTVRP_LAYERED,1241823.0,142,0.000229600,0.000229600,0.0000,1,0.006676
Instances/Instances 3/linhp318_03.gt,317,50.0,86400.0,PTVRP_LAYERED,539987.0,123,0.000174800,0.000174800,0.0000,1,0.006681
Instances/Instances 3/linhp318_04.gt,317,100.0,86400.0,PTVRP_LAYERED,273931.0,80,0.000143000,0.000143000,0.0000,1,0.007007
Instances/Instances 3/linhp318_05.gt,317,200.0,86400.0,PTVRP_LAYERED,143469.0,42,0.000107300,0.000107300,0.0000,1,0.007534
Instances/Instances 3/linhp318_06.gt,317,500.0,86400.0,PTVRP_LAYERED,83044.0,20,0.000072500,0.000072500,0.0000,1,0.007387
Instances/Instances 3/linhp318_07.gt,317,1000.0,86400.0,PTVRP_LAYERED,61428.0,10,0.000052100,0.000052100,0.0000,1,0.008509
Instances/Instances 3/linhp318_08.gt,317,2000.0,86400.0,PTVRP_LAYERED,50329.0,5,0.000034500,0.000034500,0.0000,1,0.007073
Instances/Instances 3/linhp318_09.gt,317,5000.0,86400.0,PTVRP_LAYERED,46168.0,2,0.000019500,0.000019500,0.0000,1,0.008242
Instances/Instances 3/linhp318_10.gt,317,10000.0,86400.0,PTVRP_LAYERED,46168.0,2,0.000011900,0.000011900,0.0000,1,0.007763
Instances/Instances 3/lu980_01.gt,979,10.0,86400.0,PTVRP_LAYERED,1238199.0,486,0.002131200,0.002131200,0.0000,1,0.010638
Instances/Instances 3/lu980_02.gt,979,20.0,86400.0,PTVRP_LAYERED,597749.0,366,0.002070700,0.002070700,0.0000,1,0.009439
Instances/Instances 3/lu980_03.gt,979,50.0,86400.0,PTVRP_LAYERED,260096.0,291,0.001697500,0.001697500,0.0000,1,0.009197
Instances/Instances 3/lu980_04.gt,979,100.0,86400.0,PTVRP_LAYERED,134615.0,197,0.001327100,0.001327100,0.0000,1,0.010005
Instances/Instances 3/lu980_05.gt,979,200.0,86400.0,PTVRP_LAYERED,72181.0,128,0.000942300,0.000942300,0.0000,1,0.008676
Instances/Instances 3/lu980_06.gt,979,500.0,86400.0,PTVRP_LAYERED,33701.0,53,0.000544100,0.000544100,0.0000,1,0.008521
Instances/Instances 3/lu980_07.gt,979,1000.0,86400.0,PTVRP_LAYERED,22041.0,26,0.000362500,0.000362500,0.0000,1,0.007177
Instances/Instances 3/lu980_08.gt,979,2000.0,86400.0,PTVRP_LAYERED,16239.0,14,0.000231900,0.000231900,0.0000,1,0.008205
Instances/Instances 3/lu980_09.gt,979,5000.0,86400.0,PTVRP_LAYERED,13197.0,6,0.000114100,0.000114100,0.0000,1,0.007869
Instances/Instances 3/lu980_10.gt,979,10000.0,86400.0,PTVRP_LAYERED,12225.0,3,0.000063200,0.000063200,0.0000,1,0.007583
Instances/Instances 3/mo14185_01.gt,14184,10.0,86400.0,PTVRP_LAYERED,190178737.0,6239,0.008741699,0.008741699,0.0000,1,0.024481
Instances/Instances 3/mo14185_02.gt,14184,20.0,86400.0,PTVRP_LAYERED,94886942.0,3918,0.009783499,0.009783499,0.0000,1,0.025601
Instances/Instances 3/mo14185_03.gt,14184,50.0,86400.0,PTVRP_LAYERED,38265507.0,2878,0.009286400,0.009286400,0.0000,1,0.028956
Instances/Instances 3/mo14185_04.gt,14184,100.0,86400.0,PTVRP_LAYERED,19578291.0,1972,0.008261300,0.008261300,0.0000,1,0.025413
Instances/Instances 3/mo14185_05.gt,14184,200.0,86400.0,PTVRP_LAYERED,10007962.0,1444,0.007476800,0.007476800,0.0000,1,0.046399
Instances/Instances 3/mo14185_06.gt,14184,500.0,86400.0,PTVRP_LAYERED,4167445.0,725,0.006043399,0.006043399,0.0000,1,0.033708
Instances/Instances 3/mo14185_07.gt,14184,1000.0,86400.0,PTVRP_LAYERED,2278933.0,371,0.005890300,0.005890300,0.0000,1,0.024774
Instances/Instances 3/mo14185_08.gt,14184,2000.0,86400.0,PTVRP_LAYERED,1338812.0,186,0.003878500,0.003878500,0.0000,1,0.029161
Instances/Instances 3/mo14185_09.gt,14184,5000.0,86400.0,PTVRP_LAYERED,783172.0,77,0.003143699,0.003143699,0.0000,1,0.020397
Instances/Instances 3/mo14185_10.gt,14184,10000.0,86400.0,PTVRP_LAYERED,603909.0,39,0.002287500,0.002287500,0.0000,1,0.018993
Instances/Instances 3/mu1979_01.gt,1978,10.0,86400.0,PTVRP_LAYERED,21170613.0,942,0.001783800,0.001783800,0.0000,1,0.011419
Instances/Instances 3/mu1979_02.gt,1978,20.0,86400.0,PTVRP_LAYERED,10601470.0,639,0.001766700,0.001766700,0.0000,1,0.010926
Instances/Instances 3/mu1979_03.gt,1978,50.0,86400.0,PTVRP_LAYERED,4384693.0,474,0.001655300,0.001655300,0.0000,1,0.011188
Instances/Instances 3/mu1979_04.gt,1978,100.0,86400.0,PTVRP_LAYERED,2134080.0,337,0.001431300,0.001431300,0.0000,1,0.010447
Instances/Instances 3/mu1979_05.gt,1978,200.0,86400.0,PTVRP_LAYERED,1109709.0,225,0.001126800,0.001126800,0.0000,1,0.009503
Instances/Instances 3/mu1979_06.gt,1978,500.0,86400.0,PTVRP_LAYERED,481068.0,102,0.000812900,0.000812900,0.0000,1,0.010837
Instances/Instances 3/mu1979_07.gt,1978,1000.0,86400.0,PTVRP_LAYERED,281196.0,53,0.000583200,0.000583200,0.0000,1,0.008014
Instances/Instances 3/mu1979_08.gt,1978,2000.0,86400.0,PTVRP_LAYERED,187097.0,27,0.000451300,0.000451300,0.0000,1,0.006954
Instances/Instances 3/mu1979_09.gt,1978,5000.0,86400.0,PTVRP_LAYERED,126324.0,12,0.000309300,0.000309300,0.0000,1,0.00626
Instances/Instances 3/mu1979_10.gt,1978,10000.0,86400.0,PTVRP_LAYERED,110058.0,6,0.000242900,0.000242900,0.0000,1,0.008353
Instances/Instances 3/nrw1379_01.gt,1378,10.0,86400.0,PTVRP_LAYERED,5653357.0,730,0.001420800,0.001420800,0.0000,1,0.009661
Instances/Instances 3/nrw1379_02.gt,1378,20.0,86400.0,PTVRP_LAYERED,2864393.0,575,0.001431000,0.001431000,0.0000,1,0.010897
Instances/Instances 3/nrw1379_03.gt,1378,50.0,86400.0,PTVRP_LAYERED,1249891.0,477,0.001298400,0.001298400,0.0000,1,0.010178
Instances/Instances 3/nrw1379_04.gt,1378,100.0,86400.0,PTVRP_LAYERED,639977.0,292,0.001092700,0.001092700,0.0000,1,0.010101
Instances/Instances 3/nrw1379_05.gt,1378,200.0,86400.0,PTVRP_LAYERED,336992.0,177,0.000823600,0.000823600,0.0000,1,0.007764
Instances/Instances 3/nrw1379_06.gt,1378,500.0,86400.0,PTVRP_LAYERED,159940.0,74,0.000543699,0.000543699,0.0000,1,0.009366
Instances/Instances 3/nrw1379_07.gt,1378,1000.0,86400.0,PTVRP_LAYERED,107812.0,38,0.000421100,0.000421100,0.0000,1,0.008149
Instances/Instances 3/nrw1379_08.gt,1378,2000.0,86400.0,PTVRP_LAYERED,80077.0,20,0.000279700,0.000279700,0.0000,1,0.007639
Instances/Instances 3/nrw1379_09.gt,1378,5000.0,86400.0,PTVRP_LAYERED,64945.0,10,0.000161600,0.000161600,0.0000,1,0.007285
Instances/Instances 3/nrw1379_10.gt,1378,10000.0,86400.0,PTVRP_LAYERED,60155.0,5,0.000106500,0.000106500,0.0000,1,0.008494
Instances/Instances 3/nu3496_01.gt,3495,10.0,86400.0,PTVRP_LAYERED,19679188.0,1495,0.003771599,0.003771599,0.0000,1,0.013237
Instances/Instances 3/nu3496_02.gt,3495,20.0,86400.0,PTVRP_LAYERED,9982322.0,1133,0.003823199,0.003823199,0.0000,1,0.015695
Instances/Instances 3/nu3496_03.gt,3495,50.0,86400.0,PTVRP_LAYERED,4081427.0,911,0.003545399,0.003545399,0.0000,1,0.013253
Instances/Instances 3/nu3496_04.gt,3495,100.0,86400.0,PTVRP_LAYERED,2118845.0,595,0.003056199,0.003056199,0.0000,1,0.013471
Instances/Instances 3/nu3496_05.gt,3495,200.0,86400.0,PTVRP_LAYERED,1114055.0,408,0.002441100,0.002441100,0.0000,1,0.012208
Instances/Instances 3/nu3496_06.gt,3495,500.0,86400.0,PTVRP_LAYERED,479236.0,186,0.001724700,0.001724700,0.0000,1,0.01004
Instances/Instances 3/nu3496_07.gt,3495,1000.0,86400.0,PTVRP_LAYERED,280981.0,92,0.001307000,0.001307000,0.0000,1,0.010454
Instances/Instances 3/nu3496_08.gt,3495,2000.0,86400.0,PTVRP_LAYERED,185342.0,47,0.000988599,0.000988599,0.0000,1,0.009433
Instances/Instances 3/nu3496_09.gt,3495,5000.0,86400.0,PTVRP_LAYERED,127054.0,21,0.000615600,0.000615600,0.0000,1,0.009072
Instances/Instances 3/nu3496_10.gt,3495,10000.0,86400.0,PTVRP_LAYERED,110197.0,11,0.000471600,0.000471600,0.0000,1,0.008169
Instances/Instances 3/p654_01.gt,653,10.0,86400.0,PTVRP_LAYERED,8542444.0,280,0.000281000,0.000281000,0.0000,1,0.005458
Instances/Instances 3/p654_02.gt,653,20.0,86400.0,PTVRP_LAYERED,4130591.0,177,0.000338400,0.000338400,0.0000,1,0.006428
Instances/Instances 3/p654_03.gt,653,50.0,86400.0,PTVRP_LAYERED,1792804.0,151,0.000326700,0.000326700,0.0000,1,0.006142
Instances/Instances 3/p654_04.gt,653,100.0,86400.0,PTVRP_LAYERED,882536.0,88,0.000294400,0.000294400,0.0000,1,0.006119
Instances/Instances 3/p654_05.gt,653,200.0,86400.0,PTVRP_LAYERED,460540.0,70,0.000257300,0.000257300,0.0000,1,0.006233
Instances/Instances 3/p654_06.gt,653,500.0,86400.0,PTVRP_LAYERED,207954.0,33,0.000183600,0.000183600,0.0000,1,0.00597
Instances/Instances 3/p654_07.gt,653,1000.0,86400.0,PTVRP_LAYERED,115213.0,18,0.000135900,0.000135900,0.0000,1,0.005942
Instances/Instances 3/p654_08.gt,653,2000.0,86400.0,PTVRP_LAYERED,73369.0,9,0.000094800,0.000094800,0.0000,1,0.007146
Instances/Instances 3/p654_09.gt,653,5000.0,86400.0,PTVRP_LAYERED,47469.0,4,0.000056700,0.000056700,0.0000,1,0.006817
Instances/Instances 3/p654_10.gt,653,10000.0,86400.0,PTVRP_LAYERED,40143.0,2,0.000033200,0.000033200,0.0000,1,0.006286
Instances/Instances 3/pcb1173_01.gt,1172,10.0,86400.0,PTVRP_LAYERED,5492447.0,632,0.001085600,0.001085600,0.0000,1,0.007237
Instances/Instances 3/pcb1173_02.gt,1172,20.0,86400.0,PTVRP_LAYERED,2864320.0,476,0.001120400,0.001120400,0.0000,1,0.008535
Instances/Instances 3/pcb1173_03.gt,1172,50.0,86400.0,PTVRP_LAYERED,1196657.0,380,0.001007400,0.001007400,0.0000,1,0.006519
Instances/Instances 3/pcb1173_04.gt,1172,100.0,86400.0,PTVRP_LAYERED,620414.0,250,0.000819800,0.000819800,0.0000,1,0.008015
Instances/Instances 3/pcb1173_05.gt,1172,200.0,86400.0,PTVRP_LAYERED,330572.0,157,0.000623800,0.000623800,0.0000,1,0.006993
Instances/Instances 3/pcb1173_06.gt,1172,500.0,86400.0,PTVRP_LAYERED,158018.0,62,0.000446500,0.000446500,0.0000,1,0.006523
Instances/Instances 3/pcb1173_07.gt,1172,1000.0,86400.0,PTVRP_LAYERED,105872.0,33,0.000295700,0.000295700,0.0000,1,0.006122
Instances/Instances 3/pcb1173_08.gt,1172,2000.0,86400.0,PTVRP_LAYERED,78914.0,16,0.000213400,0.000213400,0.0000,1,0.005703
Instances/Instances 3/pcb1173_09.gt,1172,5000.0,86400.0,PTVRP_LAYERED,64560.0,7,0.000157200,0.000157200,0.0000,1,0.006488
Instances/Instances 3/pcb1173_10.gt,1172,10000.0,86400.0,PTVRP_LAYERED,61052.0,4,0.000082000,0.000082000,0.0000,1,0.00558
Instances/Instances 3/pcb3038_01.gt,3037,10.0,86400.0,PTVRP_LAYERED,21095837.0,1469,0.002396199,0.002396199,0.0000,1,0.010231
Instances/Instances 3/pcb3038_02.gt,3037,20.0,86400.0,PTVRP_LAYERED,10835812.0,1087,0.002480000,0.002480000,0.0000,1,0.011028
Instances/Instances 3/pcb3038_03.gt,3037,50.0,86400.0,PTVRP_LAYERED,4471439.0,852,0.002387800,0.002387800,0.0000,1,0.010587
Instances/Instances 3/pcb3038_04.gt,3037,100.0,86400.0,PTVRP_LAYERED,2289406.0,586,0.002086300,0.002086300,0.0000,1,0.012792
Instances/Instances 3/pcb3038_05.gt,3037,200.0,86400.0,PTVRP_LAYERED,1189258.0,376,0.001735900,0.001735900,0.0000,1,0.011499
Instances/Instances 3/pcb3038_06.gt,3037,500.0,86400.0,PTVRP_LAYERED,544627.0,164,0.001169000,0.001169000,0.0000,1,0.00873
Instances/Instances 3/pcb3038_07.gt,3037,1000.0,86400.0,PTVRP_LAYERED,336337.0,82,0.000940500,0.000940500,0.0000,1,0.011138
Instances/Instances 3/pcb3038_08.gt,3037,2000.0,86400.0,PTVRP_LAYERED,229404.0,42,0.000699700,0.000699700,0.0000,1,0.009258
Instances/Instances 3/pcb3038_09.gt,3037,5000.0,86400.0,PTVRP_LAYERED,172113.0,17,0.000465600,0.000465600,0.0000,1,0.007953
Instances/Instances 3/pcb3038_10.gt,3037,10000.0,86400.0,PTVRP_LAYERED,153126.0,10,0.000422200,0.000422200,0.0000,1,0.007999
Instances/Instances 3/pcb442_01.gt,441,10.0,86400.0,PTVRP_LAYERED,2985167.0,257,0.000285700,0.000285700,0.0000,1,0.006953
Instances/Instances 3/pcb442_02.gt,441,20.0,86400.0,PTVRP_LAYERED,1591676.0,190,0.000282800,0.000282800,0.0000,1,0.00569
Instances/Instances 3/pcb442_03.gt,441,50.0,86400.0,PTVRP_LAYERED,666538.0,174,0.000257100,0.000257100,0.0000,1,0.007236
Instances/Instances 3/pcb442_04.gt,441,100.0,86400.0,PTVRP_LAYERED,352858.0,107,0.000210600,0.000210600,0.0000,1,0.005571
Instances/Instances 3/pcb442_05.gt,441,200.0,86400.0,PTVRP_LAYERED,191037.0,61,0.000162100,0.000162100,0.0000,1,0.006471
Instances/Instances 3/pcb442_06.gt,441,500.0,86400.0,PTVRP_LAYERED,103755.0,24,0.000105100,0.000105100,0.0000,1,0.005487
Instances/Instances 3/pcb442_07.gt,441,1000.0,86400.0,PTVRP_LAYERED,75297.0,12,0.000073400,0.000073400,0.0000,1,0.005661
Instances/Instances 3/pcb442_08.gt,441,2000.0,86400.0,PTVRP_LAYERED,63158.0,7,0.000053800,0.000053800,0.0000,1,0.006686
Instances/Instances 3/pcb442_09.gt,441,5000.0,86400.0,PTVRP_LAYERED,56573.0,3,0.000028800,0.000028800,0.0000,1,0.005151
Instances/Instances 3/pcb442_10.gt,441,10000.0,86400.0,PTVRP_LAYERED,55052.0,2,0.000016900,0.000016900,0.0000,1,0.005948
Instances/Instances 3/pm8079_01.gt,8078,10.0,86400.0,PTVRP_LAYERED,42933464.0,3016,0.011117399,0.011117399,0.0000,1,0.022457
Instances/Instances 3/pm8079_02.gt,8078,20.0,86400.0,PTVRP_LAYERED,21678833.0,2234,0.011340299,0.011340299,0.0000,1,0.021849
Instances/Instances 3/pm8079_03.gt,8078,50.0,86400.0,PTVRP_LAYERED,8752999.0,1679,0.011070499,0.011070499,0.0000,1,0.024971
Instances/Instances 3/pm8079_04.gt,8078,100.0,86400.0,PTVRP_LAYERED,4476368.0,1199,0.008733100,0.008733100,0.0000,1,0.021831
Instances/Instances 3/pm8079_05.gt,8078,200.0,86400.0,PTVRP_LAYERED,2274327.0,846,0.007175499,0.007175499,0.0000,1,0.020314
Instances/Instances 3/pm8079_06.gt,8078,500.0,86400.0,PTVRP_LAYERED,960838.0,419,0.005178900,0.005178900,0.0000,1,0.020687
Instances/Instances 3/pm8079_07.gt,8078,1000.0,86400.0,PTVRP_LAYERED,530978.0,213,0.003927500,0.003927500,0.0000,1,0.018091
Instances/Instances 3/pm8079_08.gt,8078,2000.0,86400.0,PTVRP_LAYERED,319194.0,106,0.002895500,0.002895500,0.0000,1,0.015362
Instances/Instances 3/pm8079_09.gt,8078,5000.0,86400.0,PTVRP_LAYERED,192786.0,45,0.001996900,0.001996900,0.0000,1,0.014351
Instances/Instances 3/pm8079_10.gt,8078,10000.0,86400.0,PTVRP_LAYERED,152073.0,22,0.001423200,0.001423200,0.0000,1,0.011855
Instances/Instances 3/pr1002_01.gt,1001,10.0,86400.0,PTVRP_LAYERED,NO SOLUTION,,0.000298100,0.000298100,0.0000,1,0.007949
Instances/Instances 3/pr1002_02.gt,1001,20.0,86400.0,PTVRP_LAYERED,12903461.0,402,0.000328700,0.000328700,0.0000,1,0.00663
Instances/Instances 3/pr1002_03.gt,1001,50.0,86400.0,PTVRP_LAYERED,5624823.0,328,0.000317200,0.000317200,0.0000,1,0.008094
Instances/Instances 3/pr1002_04.gt,1001,100.0,86400.0,PTVRP_LAYERED,2842708.0,196,0.000284100,0.000284100,0.0000,1,0.00616
Instances/Instances 3/pr1002_05.gt,1001,200.0,86400.0,PTVRP_LAYERED,1514476.0,134,0.000238800,0.000238800,0.0000,1,0.007625
Instances/Instances 3/pr1002_06.gt,1001,500.0,86400.0,PTVRP_LAYERED,720872.0,55,0.000192100,0.000192100,0.0000,1,0.006139
Instances/Instances 3/pr1002_07.gt,1001,1000.0,86400.0,PTVRP_LAYERED,481810.0,28,0.000140300,0.000140300,0.0000,1,0.005802
Instances/Instances 3/pr1002_08.gt,1001,2000.0,86400.0,PTVRP_LAYERED,368457.0,15,0.000114400,0.000114400,0.0000,1,0.006762
Instances/Instances 3/pr1002_09.gt,1001,5000.0,86400.0,PTVRP_LAYERED,297554.0,6,0.000055100,0.000055100,0.0000,1,0.007892
Instances/Instances 3/pr1002_10.gt,1001,10000.0,86400.0,PTVRP_LAYERED,283439.0,4,0.000058200,0.000058200,0.0000,1,0.007885
Instances/Instances 3/pr107_01.gt,106,10.0,86400.0,PTVRP_LAYERED,2842350.0,71,0.000039100,0.000039100,0.0000,1,0.005837
Instances/Instances 3/pr107_02.gt,106,20.0,86400.0,PTVRP_LAYERED,1417795.0,57,0.000040000,0.000040000,0.0000,1,0.007101
Instances/Instances 3/pr107_03.gt,106,50.0,86400.0,PTVRP_LAYERED,616267.0,37,0.000035100,0.000035100,0.0000,1,0.006161
Instances/Instances 3/pr107_04.gt,106,100.0,86400.0,PTVRP_LAYERED,280299.0,24,0.000027600,0.000027600,0.0000,1,0.008269
Instances/Instances 3/pr107_05.gt,106,200.0,86400.0,PTVRP_LAYERED,182443.0,16,0.000021800,0.000021800,0.0000,1,0.007181
Instances/Instances 3/pr107_06.gt,106,500.0,86400.0,PTVRP_LAYERED,85521.0,7,0.000016900,0.000016900,0.0000,1,0.008598
Instances/Instances 3/pr107_07.gt,106,1000.0,86400.0,PTVRP_LAYERED,65048.0,3,0.000010300,0.000010300,0.0000,1,0.007895
Instances/Instances 3/pr107_08.gt,106,2000.0,86400.0,PTVRP_LAYERED,51947.0,3,0.000009300,0.000009300,0.0000,1,0.007254
Instances/Instances 3/pr107_09.gt,106,5000.0,86400.0,PTVRP_LAYERED,50502.0,2,0.000005200,0.000005200,0.0000,1,0.008226
Instances/Instances 3/pr107_10.gt,106,10000.0,86400.0,PTVRP_LAYERED,50502.0,2,0.000005800,0.000005800,0.0000,1,0.007779
Instances/Instances 3/pr124_01.gt,123,10.0,86400.0,PTVRP_LAYERED,2738248.0,80,0.000038800,0.000038800,0.0000,1,0.00801
Instances/Instances 3/pr124_02.gt,123,20.0,86400.0,PTVRP_LAYERED,1512911.0,59,0.000043500,0.000043500,0.0000,1,0.007528
Instances/Instances 3/pr124_03.gt,123,50.0,86400.0,PTVRP_LAYERED,587135.0,44,0.000037900,0.000037900,0.0000,1,0.00666
Instances/Instances 3/pr124_04.gt,123,100.0,86400.0,PTVRP_LAYERED,343373.0,30,0.000031900,0.000031900,0.0000,1,0.006438
Instances/Instances 3/pr124_05.gt,123,200.0,86400.0,PTVRP_LAYERED,187917.0,16,0.000024100,0.000024100,0.0000,1,0.007879
Instances/Instances 3/pr124_06.gt,123,500.0,86400.0,PTVRP_LAYERED,102185.0,7,0.000018200,0.000018200,0.0000,1,0.008123
Instances/Instances 3/pr124_07.gt,123,1000.0,86400.0,PTVRP_LAYERED,81923.0,4,0.000011800,0.000011800,0.0000,1,0.008126
Instances/Instances 3/pr124_08.gt,123,2000.0,86400.0,PTVRP_LAYERED,71966.0,2,0.000006700,0.000006700,0.0000,1,0.006963
Instances/Instances 3/pr124_09.gt,123,5000.0,86400.0,PTVRP_LAYERED,66676.0,1,0.000005100,0.000005100,0.0000,1,0.007694
Instances/Instances 3/pr124_10.gt,123,10000.0,86400.0,PTVRP_LAYERED,66676.0,1,0.000006200,0.000006200,0.0000,1,0.006863
Instances/Instances 3/pr136_01.gt,135,10.0,86400.0,PTVRP_LAYERED,NO SOLUTION,,0.000061200,0.000061200,0.0000,1,0.009352
Instances/Instances 3/pr136_02.gt,135,20.0,86400.0,PTVRP_LAYERED,1811364.0,71,0.000042300,0.000042300,0.0000,1,0.009097
Instances/Instances 3/pr136_03.gt,135,50.0,86400.0,PTVRP_LAYERED,790973.0,54,0.000037800,0.000037800,0.0000,1,0.009182
Instances/Instances 3/pr136_04.gt,135,100.0,86400.0,PTVRP_LAYERED,432928.0,34,0.000031700,0.000031700,0.0000,1,0.009002
Instances/Instances 3/pr136_05.gt,135,200.0,86400.0,PTVRP_LAYERED,254531.0,20,0.000024700,0.000024700,0.0000,1,0.005878
Instances/Instances 3/pr136_06.gt,135,500.0,86400.0,PTVRP_LAYERED,147667.0,8,0.000017300,0.000017300,0.0000,1,0.006173
Instances/Instances 3/pr136_07.gt,135,1000.0,86400.0,PTVRP_LAYERED,121669.0,4,0.000014800,0.000014800,0.0000,1,0.00536
Instances/Instances 3/pr136_08.gt,135,2000.0,86400.0,PTVRP_LAYERED,111704.0,2,0.000008000,0.000008000,0.0000,1,0.005319
Instances/Instances 3/pr136_09.gt,135,5000.0,86400.0,PTVRP_LAYERED,107219.0,2,0.000007100,0.000007100,0.0000,1,0.006087
Instances/Instances 3/pr136_10.gt,135,10000.0,86400.0,PTVRP_LAYERED,107219.0,2,0.000006600,0.000006600,0.0000,1,0.005533
Instances/Instances 3/pr144_01.gt,143,10.0,86400.0,PTVRP_LAYERED,3349011.0,80,0.000046000,0.000046000,0.0000,1,0.004826
Instances/Instances 3/pr144_02.gt,143,20.0,86400.0,PTVRP_LAYERED,1617568.0,60,0.000048300,0.000048300,0.0000,1,0.006612
Instances/Instances 3/pr144_03.gt,143,50.0,86400.0,PTVRP_LAYERED,706596.0,56,0.000042500,0.000042500,0.0000,1,0.006798
Instances/Instances 3/pr144_04.gt,143,100.0,86400.0,PTVRP_LAYERED,373881.0,32,0.000036600,0.000036600,0.0000,1,0.007031
Instances/Instances 3/pr144_05.gt,143,200.0,86400.0,PTVRP_LAYERED,208818.0,20,0.000029700,0.000029700,0.0000,1,0.006428
Instances/Instances 3/pr144_06.gt,143,500.0,86400.0,PTVRP_LAYERED,112221.0,8,0.000021600,0.000021600,0.0000,1,0.006598
Instances/Instances 3/pr144_07.gt,143,1000.0,86400.0,PTVRP_LAYERED,82543.0,4,0.000014600,0.000014600,0.0000,1,0.005634
Instances/Instances 3/pr144_08.gt,143,2000.0,86400.0,PTVRP_LAYERED,71677.0,3,0.000010000,0.000010000,0.0000,1,0.005131
Instances/Instances 3/pr144_09.gt,143,5000.0,86400.0,PTVRP_LAYERED,68780.0,1,0.000006100,0.000006100,0.0000,1,0.00647
Instances/Instances 3/pr144_10.gt,143,10000.0,86400.0,PTVRP_LAYERED,68780.0,1,0.000006200,0.000006200,0.0000,1,0.007362
Instances/Instances 3/pr152_01.gt,151,10.0,86400.0,PTVRP_LAYERED,4095117.0,102,0.000044700,0.000044700,0.0000,1,0.007289
Instances/Instances 3/pr152_02.gt,151,20.0,86400.0,PTVRP_LAYERED,1944988.0,74,0.000047900,0.000047900,0.0000,1,0.008409
Instances/Instances 3/pr152_03.gt,151,50.0,86400.0,PTVRP_LAYERED,900697.0,62,0.000044900,0.000044900,0.0000,1,0.007532
Instances/Instances 3/pr152_04.gt,151,100.0,86400.0,PTVRP_LAYERED,435559.0,32,0.000037500,0.000037500,0.0000,1,0.00722
Instances/Instances 3/pr152_05.gt,151,200.0,86400.0,PTVRP_LAYERED,250001.0,21,0.000030200,0.000030200,0.0000,1,0.009038
Instances/Instances 3/pr152_06.gt,151,500.0,86400.0,PTVRP_LAYERED,142253.0,9,0.000022700,0.000022700,0.0000,1,0.00741
Instances/Instances 3/pr152_07.gt,151,1000.0,86400.0,PTVRP_LAYERED,106584.0,4,0.000017100,0.000017100,0.0000,1,0.008249
Instances/Instances 3/pr152_08.gt,151,2000.0,86400.0,PTVRP_LAYERED,91842.0,2,0.000011300,0.000011300,0.0000,1,0.008056
Instances/Instances 3/pr152_09.gt,151,5000.0,86400.0,PTVRP_LAYERED,89575.0,2,0.000007100,0.000007100,0.0000,1,0.007611
Instances/Instances 3/pr152_10.gt,151,10000.0,86400.0,PTVRP_LAYERED,89575.0,2,0.000007000,0.000007000,0.0000,1,0.005078
Instances/Instances 3/pr226_01.gt,225,10.0,86400.0,PTVRP_LAYERED,7069881.0,147,0.000054700,0.000054700,0.0000,1,0.004973
Instances/Instances 3/pr226_02.gt,225,20.0,86400.0,PTVRP_LAYERED,3544375.0,111,0.000066200,0.000066200,0.0000,1,0.005514
Instances/Instances 3/pr226_03.gt,225,50.0,86400.0,PTVRP_LAYERED,1394984.0,63,0.000061300,0.000061300,0.0000,1,0.005549
Instances/Instances 3/pr226_04.gt,225,100.0,86400.0,PTVRP_LAYERED,788316.0,44,0.000056000,0.000056000,0.0000,1,0.005575
Instances/Instances 3/pr226_05.gt,225,200.0,86400.0,PTVRP_LAYERED,403590.0,28,0.000047400,0.000047400,0.0000,1,0.00589
Instances/Instances 3/pr226_06.gt,225,500.0,86400.0,PTVRP_LAYERED,206012.0,13,0.000030400,0.000030400,0.0000,1,0.005835
Instances/Instances 3/pr226_07.gt,225,1000.0,86400.0,PTVRP_LAYERED,135981.0,6,0.000025700,0.000025700,0.0000,1,0.006147
Instances/Instances 3/pr226_08.gt,225,2000.0,86400.0,PTVRP_LAYERED,112778.0,4,0.000018600,0.000018600,0.0000,1,0.006097
Instances/Instances 3/pr226_09.gt,225,5000.0,86400.0,PTVRP_LAYERED,97856.0,2,0.000010600,0.000010600,0.0000,1,0.006435
Instances/Instances 3/pr226_10.gt,225,10000.0,86400.0,PTVRP_LAYERED,97856.0,2,0.000009900,0.000009900,0.0000,1,0.005629
Instances/Instances 3/pr2392_01.gt,2391,10.0,86400.0,PTVRP_LAYERED,59233110.0,1458,0.000755500,0.000755500,0.0000,1,0.008362
Instances/Instances 3/pr2392_02.gt,2391,20.0,86400.0,PTVRP_LAYERED,30752105.0,952,0.000829800,0.000829800,0.0000,1,0.008391
Instances/Instances 3/pr2392_03.gt,2391,50.0,86400.0,PTVRP_LAYERED,12574931.0,667,0.000868200,0.000868200,0.0000,1,0.009076
Instances/Instances 3/pr2392_04.gt,2391,100.0,86400.0,PTVRP_LAYERED,6472349.0,452,0.000755000,0.000755000,0.0000,1,0.009008
Instances/Instances 3/pr2392_05.gt,2391,200.0,86400.0,PTVRP_LAYERED,3347377.0,297,0.000668600,0.000668600,0.0000,1,0.008885
Instances/Instances 3/pr2392_06.gt,2391,500.0,86400.0,PTVRP_LAYERED,1564893.0,131,0.000521600,0.000521600,0.0000,1,0.007304
Instances/Instances 3/pr2392_07.gt,2391,1000.0,86400.0,PTVRP_LAYERED,935720.0,65,0.000420900,0.000420900,0.0000,1,0.008216
Instances/Instances 3/pr2392_08.gt,2391,2000.0,86400.0,PTVRP_LAYERED,644791.0,32,0.000306100,0.000306100,0.0000,1,0.008077
Instances/Instances 3/pr2392_09.gt,2391,5000.0,86400.0,PTVRP_LAYERED,471148.0,15,0.000311800,0.000311800,0.0000,1,0.00773
Instances/Instances 3/pr2392_10.gt,2391,10000.0,86400.0,PTVRP_LAYERED,420652.0,8,0.000155700,0.000155700,0.0000,1,0.007806
Instances/Instances 3/pr264_01.gt,263,10.0,86400.0,PTVRP_LAYERED,4898412.0,147,0.000095500,0.000095500,0.0000,1,0.006139
Instances/Instances 3/pr264_02.gt,263,20.0,86400.0,PTVRP_LAYERED,2754287.0,104,0.000104500,0.000104500,0.0000,1,0.00595
Instances/Instances 3/pr264_03.gt,263,50.0,86400.0,PTVRP_LAYERED,1147944.0,86,0.000115900,0.000115900,0.0000,1,0.006012
Instances/Instances 3/pr264_04.gt,263,100.0,86400.0,PTVRP_LAYERED,597027.0,56,0.000079700,0.000079700,0.0000,1,0.006687
Instances/Instances 3/pr264_05.gt,263,200.0,86400.0,PTVRP_LAYERED,283876.0,33,0.000067000,0.000067000,0.0000,1,0.006126
Instances/Instances 3/pr264_06.gt,263,500.0,86400.0,PTVRP_LAYERED,138174.0,15,0.000046400,0.000046400,0.0000,1,0.005903
Instances/Instances 3/pr264_07.gt,263,1000.0,86400.0,PTVRP_LAYERED,92769.0,8,0.000035400,0.000035400,0.0000,1,0.008072
Instances/Instances 3/pr264_08.gt,263,2000.0,86400.0,PTVRP_LAYERED,68322.0,5,0.000023700,0.000023700,0.0000,1,0.006321
Instances/Instances 3/pr264_09.gt,263,5000.0,86400.0,PTVRP_LAYERED,53706.0,2,0.000014700,0.000014700,0.0000,1,0.006019
Instances/Instances 3/pr264_10.gt,263,10000.0,86400.0,PTVRP_LAYERED,50874.0,1,0.000010300,0.000010300,0.0000,1,0.005785
Instances/Instances 3/pr299_01.gt,298,10.0,86400.0,PTVRP_LAYERED,2952053.0,177,0.000157800,0.000157800,0.0000,1,0.006489
Instances/Instances 3/pr299_02.gt,298,20.0,86400.0,PTVRP_LAYERED,1687892.0,138,0.000154900,0.000154900,0.0000,1,0.006103
Instances/Instances 3/pr299_03.gt,298,50.0,86400.0,PTVRP_LAYERED,729539.0,124,0.000145300,0.000145300,0.0000,1,0.006148
Instances/Instances 3/pr299_04.gt,298,100.0,86400.0,PTVRP_LAYERED,355455.0,69,0.000145300,0.000145300,0.0000,1,0.006613
Instances/Instances 3/pr299_05.gt,298,200.0,86400.0,PTVRP_LAYERED,193567.0,40,0.000092200,0.000092200,0.0000,1,0.006456
Instances/Instances 3/pr299_06.gt,298,500.0,86400.0,PTVRP_LAYERED,102998.0,17,0.000067000,0.000067000,0.0000,1,0.00648
Instances/Instances 3/pr299_07.gt,298,1000.0,86400.0,PTVRP_LAYERED,75081.0,9,0.000045700,0.000045700,0.0000,1,0.005545
Instances/Instances 3/pr299_08.gt,298,2000.0,86400.0,PTVRP_LAYERED,60992.0,5,0.000030300,0.000030300,0.0000,1,0.005692
Instances/Instances 3/pr299_09.gt,298,5000.0,86400.0,PTVRP_LAYERED,55003.0,2,0.000018000,0.000018000,0.0000,1,0.006084
Instances/Instances 3/pr299_10.gt,298,10000.0,86400.0,PTVRP_LAYERED,54703.0,1,0.000011400,0.000011400,0.0000,1,0.006144
Instances/Instances 3/pr439_01.gt,438,10.0,86400.0,PTVRP_LAYERED,7480967.0,270,0.000176200,0.000176200,0.0000,1,0.0064
Instances/Instances 3/pr439_02.gt,438,20.0,86400.0,PTVRP_LAYERED,4099770.0,194,0.000180900,0.000180900,0.0000,1,0.006238
Instances/Instances 3/pr439_03.gt,438,50.0,86400.0,PTVRP_LAYERED,1696529.0,163,0.000174800,0.000174800,0.0000,1,0.006825
Instances/Instances 3/pr439_04.gt,438,100.0,86400.0,PTVRP_LAYERED,870009.0,101,0.000149200,0.000149200,0.0000,1,0.005923
Instances/Instances 3/pr439_05.gt,438,200.0,86400.0,PTVRP_LAYERED,485210.0,61,0.000119600,0.000119600,0.0000,1,0.006487
Instances/Instances 3/pr439_06.gt,438,500.0,86400.0,PTVRP_LAYERED,248155.0,25,0.000108100,0.000108100,0.0000,1,0.005783
Instances/Instances 3/pr439_07.gt,438,1000.0,86400.0,PTVRP_LAYERED,171597.0,13,0.000061900,0.000061900,0.0000,1,0.006148
Instances/Instances 3/pr439_08.gt,438,2000.0,86400.0,PTVRP_LAYERED,136860.0,7,0.000049100,0.000049100,0.0000,1,0.006128
Instances/Instances 3/pr439_09.gt,438,5000.0,86400.0,PTVRP_LAYERED,119090.0,3,0.000026700,0.000026700,0.0000,1,0.006153
Instances/Instances 3/pr439_10.gt,438,10000.0,86400.0,PTVRP_LAYERED,117489.0,2,0.000019500,0.000019500,0.0000,1,0.005366
Instances/Instances 3/pr76_01.gt,75,10.0,86400.0,PTVRP_LAYERED,NO SOLUTION,,0.000049300,0.000049300,0.0000,1,0.00563
Instances/Instances 3/pr76_02.gt,75,20.0,86400.0,PTVRP_LAYERED,1266198.0,47,0.000021900,0.000021900,0.0000,1,0.00635
Instances/Instances 3/pr76_03.gt,75,50.0,86400.0,PTVRP_LAYERED,592735.0,39,0.000020000,0.000020000,0.0000,1,0.005632
Instances/Instances 3/pr76_04.gt,75,100.0,86400.0,PTVRP_LAYERED,287762.0,21,0.000017300,0.000017300,0.0000,1,0.007573
Instances/Instances 3/pr76_05.gt,75,200.0,86400.0,PTVRP_LAYERED,206226.0,13,0.000013500,0.000013500,0.0000,1,0.005753
Instances/Instances 3/pr76_06.gt,75,500.0,86400.0,PTVRP_LAYERED,142980.0,4,0.000009100,0.000009100,0.0000,1,0.005561
Instances/Instances 3/pr76_07.gt,75,1000.0,86400.0,PTVRP_LAYERED,127410.0,3,0.000005500,0.000005500,0.0000,1,0.006053
Instances/Instances 3/pr76_08.gt,75,2000.0,86400.0,PTVRP_LAYERED,124689.0,2,0.000004600,0.000004600,0.0000,1,0.006143
Instances/Instances 3/pr76_09.gt,75,5000.0,86400.0,PTVRP_LAYERED,124689.0,2,0.000005500,0.000005500,0.0000,1,0.00586
Instances/Instances 3/pr76_10.gt,75,10000.0,86400.0,PTVRP_LAYERED,124689.0,2,0.000004600,0.000004600,0.0000,1,0.005713
Instances/Instances 3/qa194_01.gt,193,10.0,86400.0,PTVRP_LAYERED,397222.0,120,0.000250200,0.000250200,0.0000,1,0.006973
Instances/Instances 3/qa194_02.gt,193,20.0,86400.0,PTVRP_LAYERED,206184.0,97,0.000214100,0.000214100,0.0000,1,0.00792
Instances/Instances 3/qa194_03.gt,193,50.0,86400.0,PTVRP_LAYERED,84019.0,69,0.000167100,0.000167100,0.0000,1,0.006858
Instances/Instances 3/qa194_04.gt,193,100.0,86400.0,PTVRP_LAYERED,47863.0,44,0.000122700,0.000122700,0.0000,1,0.008101
Instances/Instances 3/qa194_05.gt,193,200.0,86400.0,PTVRP_LAYERED,28008.0,29,0.000085800,0.000085800,0.0000,1,0.007674
Instances/Instances 3/qa194_06.gt,193,500.0,86400.0,PTVRP_LAYERED,16405.0,12,0.000043200,0.000043200,0.0000,1,0.006032
Instances/Instances 3/qa194_07.gt,193,1000.0,86400.0,PTVRP_LAYERED,12920.0,6,0.000026000,0.000026000,0.0000,1,0.006378
Instances/Instances 3/qa194_08.gt,193,2000.0,86400.0,PTVRP_LAYERED,11111.0,3,0.000014900,0.000014900,0.0000,1,0.006176
Instances/Instances 3/qa194_09.gt,193,5000.0,86400.0,PTVRP_LAYERED,10469.0,1,0.000008200,0.000008200,0.0000,1,0.006483
Instances/Instances 3/qa194_10.gt,193,10000.0,86400.0,PTVRP_LAYERED,10469.0,1,0.000008800,0.000008800,0.0000,1,0.006124
Instances/Instances 3/rat195_01.gt,194,10.0,86400.0,PTVRP_LAYERED,98540.0,134,0.000451700,0.000451700,0.0000,1,0.006584
Instances/Instances 3/rat195_02.gt,194,20.0,86400.0,PTVRP_LAYERED,49336.0,104,0.000365000,0.000365000,0.0000,1,0.005618
Instances/Instances 3/rat195_03.gt,194,50.0,86400.0,PTVRP_LAYERED,21091.0,87,0.000241100,0.000241100,0.0000,1,0.006328
Instances/Instances 3/rat195_04.gt,194,100.0,86400.0,PTVRP_LAYERED,10698.0,56,0.000149600,0.000149600,0.0000,1,0.005501
Instances/Instances 3/rat195_05.gt,194,200.0,86400.0,PTVRP_LAYERED,6564.0,28,0.000085100,0.000085100,0.0000,1,0.005352
Instances/Instances 3/rat195_06.gt,194,500.0,86400.0,PTVRP_LAYERED,3827.0,11,0.000043800,0.000043800,0.0000,1,0.006078
Instances/Instances 3/rat195_07.gt,194,1000.0,86400.0,PTVRP_LAYERED,2942.0,5,0.000060300,0.000060300,0.0000,1,0.005586
Instances/Instances 3/rat195_08.gt,194,2000.0,86400.0,PTVRP_LAYERED,2622.0,3,0.000015700,0.000015700,0.0000,1,0.006172
Instances/Instances 3/rat195_09.gt,194,5000.0,86400.0,PTVRP_LAYERED,2581.0,1,0.000008000,0.000008000,0.0000,1,0.00687
Instances/Instances 3/rat195_10.gt,194,10000.0,86400.0,PTVRP_LAYERED,2581.0,1,0.000009500,0.000009500,0.0000,1,0.00655
Instances/Instances 3/rat575_01.gt,574,10.0,86400.0,PTVRP_LAYERED,471901.0,334,0.001361200,0.001361200,0.0000,1,0.007917
Instances/Instances 3/rat575_02.gt,574,20.0,86400.0,PTVRP_LAYERED,235476.0,265,0.001246200,0.001246200,0.0000,1,0.008122
Instances/Instances 3/rat575_03.gt,574,50.0,86400.0,PTVRP_LAYERED,94852.0,203,0.000973000,0.000973000,0.0000,1,0.007276
Instances/Instances 3/rat575_04.gt,574,100.0,86400.0,PTVRP_LAYERED,53425.0,133,0.000711900,0.000711900,0.0000,1,0.006639
Instances/Instances 3/rat575_05.gt,574,200.0,86400.0,PTVRP_LAYERED,29058.0,79,0.000480100,0.000480100,0.0000,1,0.007116
Instances/Instances 3/rat575_06.gt,574,500.0,86400.0,PTVRP_LAYERED,14520.0,30,0.000247200,0.000247200,0.0000,1,0.026675
Instances/Instances 3/rat575_07.gt,574,1000.0,86400.0,PTVRP_LAYERED,10685.0,17,0.000155600,0.000155600,0.0000,1,0.01324
Instances/Instances 3/rat575_08.gt,574,2000.0,86400.0,PTVRP_LAYERED,8644.0,9,0.000092800,0.000092800,0.0000,1,0.007887
Instances/Instances 3/rat575_09.gt,574,5000.0,86400.0,PTVRP_LAYERED,7550.0,4,0.000043100,0.000043100,0.0000,1,0.006275
Instances/Instances 3/rat575_10.gt,574,10000.0,86400.0,PTVRP_LAYERED,7378.0,3,0.000027900,0.000027900,0.0000,1,0.005492
Instances/Instances 3/rat783_01.gt,782,10.0,86400.0,PTVRP_LAYERED,724330.0,425,0.001821800,0.001821800,0.0000,1,0.008633
Instances/Instances 3/rat783_02.gt,782,20.0,86400.0,PTVRP_LAYERED,362745.0,344,0.001732200,0.001732200,0.0000,1,0.009697
Instances/Instances 3/rat783_03.gt,782,50.0,86400.0,PTVRP_LAYERED,155735.0,276,0.001388600,0.001388600,0.0000,1,0.007914
Instances/Instances 3/rat783_04.gt,782,100.0,86400.0,PTVRP_LAYERED,80354.0,176,0.001034100,0.001034100,0.0000,1,0.007138
Instances/Instances 3/rat783_05.gt,782,200.0,86400.0,PTVRP_LAYERED,43678.0,109,0.000696400,0.000696400,0.0000,1,0.008095
Instances/Instances 3/rat783_06.gt,782,500.0,86400.0,PTVRP_LAYERED,21898.0,43,0.000404000,0.000404000,0.0000,1,0.007958
Instances/Instances 3/rat783_07.gt,782,1000.0,86400.0,PTVRP_LAYERED,15074.0,23,0.000252200,0.000252200,0.0000,1,0.008691
Instances/Instances 3/rat783_08.gt,782,2000.0,86400.0,PTVRP_LAYERED,11474.0,12,0.000150700,0.000150700,0.0000,1,0.007381
Instances/Instances 3/rat783_09.gt,782,5000.0,86400.0,PTVRP_LAYERED,9899.0,5,0.000072200,0.000072200,0.0000,1,0.006624
Instances/Instances 3/rat783_10.gt,782,10000.0,86400.0,PTVRP_LAYERED,9552.0,3,0.000041100,0.000041100,0.0000,1,0.005572
Instances/Instances 3/rat99_01.gt,98,10.0,86400.0,PTVRP_LAYERED,30816.0,69,0.000211500,0.000211500,0.0000,1,0.007786
Instances/Instances 3/rat99_02.gt,98,20.0,86400.0,PTVRP_LAYERED,16698.0,59,0.000149700,0.000149700,0.0000,1,0.006967
Instances/Instances 3/rat99_03.gt,98,50.0,86400.0,PTVRP_LAYERED,8264.0,51,0.000089900,0.000089900,0.0000,1,0.007973
Instances/Instances 3/rat99_04.gt,98,100.0,86400.0,PTVRP_LAYERED,4617.0,29,0.000067600,0.000067600,0.0000,1,0.005277
Instances/Instances 3/rat99_05.gt,98,200.0,86400.0,PTVRP_LAYERED,2637.0,14,0.000027800,0.000027800,0.0000,1,0.005053
Instances/Instances 3/rat99_06.gt,98,500.0,86400.0,PTVRP_LAYERED,1792.0,6,0.000017300,0.000017300,0.0000,1,0.007616
Instances/Instances 3/rat99_07.gt,98,1000.0,86400.0,PTVRP_LAYERED,1499.0,3,0.000008800,0.000008800,0.0000,1,0.005491
Instances/Instances 3/rat99_08.gt,98,2000.0,86400.0,PTVRP_LAYERED,1399.0,2,0.000006800,0.000006800,0.0000,1,0.005901
Instances/Instances 3/rat99_09.gt,98,5000.0,86400.0,PTVRP_LAYERED,1395.0,1,0.000004300,0.000004300,0.0000,1,0.00552
Instances/Instances 3/rat99_10.gt,98,10000.0,86400.0,PTVRP_LAYERED,1395.0,1,0.000004300,0.000004300,0.0000,1,0.005585
Instances/Instances 3/rd100_01.gt,99,10.0,86400.0,PTVRP_LAYERED,201225.0,63,0.000102300,0.000102300,0.0000,1,0.00598
Instances/Instances 3/rd100_02.gt,99,20.0,86400.0,PTVRP_LAYERED,114753.0,54,0.000083500,0.000083500,0.0000,1,0.005013
Instances/Instances 3/rd100_03.gt,99,50.0,86400.0,PTVRP_LAYERED,54984.0,46,0.000063000,0.000063000,0.0000,1,0.005229
Instances/Instances 3/rd100_04.gt,99,100.0,86400.0,PTVRP_LAYERED,29763.0,27,0.000045400,0.000045400,0.0000,1,0.006239
Instances/Instances 3/rd100_05.gt,99,200.0,86400.0,PTVRP_LAYERED,17924.0,15,0.000028900,0.000028900,0.0000,1,0.00591
Instances/Instances 3/rd100_06.gt,99,500.0,86400.0,PTVRP_LAYERED,11741.0,6,0.000014600,0.000014600,0.0000,1,0.005194
Instances/Instances 3/rd100_07.gt,99,1000.0,86400.0,PTVRP_LAYERED,9875.0,4,0.000009300,0.000009300,0.0000,1,0.00567
Instances/Instances 3/rd100_08.gt,99,2000.0,86400.0,PTVRP_LAYERED,9159.0,3,0.000006300,0.000006300,0.0000,1,0.007216
Instances/Instances 3/rd100_09.gt,99,5000.0,86400.0,PTVRP_LAYERED,8967.0,2,0.000004700,0.000004700,0.0000,1,0.006794
Instances/Instances 3/rd100_10.gt,99,10000.0,86400.0,PTVRP_LAYERED,8967.0,2,0.000004400,0.000004400,0.0000,1,0.005354
Instances/Instances 3/rd400_01.gt,399,10.0,86400.0,PTVRP_LAYERED,851551.0,241,0.000495300,0.000495300,0.0000,1,0.005776
Instances/Instances 3/rd400_02.gt,399,20.0,86400.0,PTVRP_LAYERED,434910.0,199,0.000473700,0.000473700,0.0000,1,0.005705
Instances/Instances 3/rd400_03.gt,399,50.0,86400.0,PTVRP_LAYERED,187827.0,150,0.000398800,0.000398800,0.0000,1,0.006387
Instances/Instances 3/rd400_04.gt,399,100.0,86400.0,PTVRP_LAYERED,95985.0,94,0.000297700,0.000297700,0.0000,1,0.006309
Instances/Instances 3/rd400_05.gt,399,200.0,86400.0,PTVRP_LAYERED,57378.0,59,0.000214600,0.000214600,0.0000,1,0.005254
Instances/Instances 3/rd400_06.gt,399,500.0,86400.0,PTVRP_LAYERED,29353.0,23,0.000124300,0.000124300,0.0000,1,0.005861
Instances/Instances 3/rd400_07.gt,399,1000.0,86400.0,PTVRP_LAYERED,21319.0,11,0.000083600,0.000083600,0.0000,1,0.005562
Instances/Instances 3/rd400_08.gt,399,2000.0,86400.0,PTVRP_LAYERED,18089.0,7,0.000051000,0.000051000,0.0000,1,0.005436
Instances/Instances 3/rd400_09.gt,399,5000.0,86400.0,PTVRP_LAYERED,15679.0,3,0.000023500,0.000023500,0.0000,1,0.005273
Instances/Instances 3/rd400_10.gt,399,10000.0,86400.0,PTVRP_LAYERED,15337.0,2,0.000015400,0.000015400,0.0000,1,0.006067
Instances/Instances 3/rl11849_01.gt,11848,10.0,86400.0,PTVRP_LAYERED,NO SOLUTION,,0.004040400,0.004040400,0.0000,1,0.016867
Instances/Instances 3/rl11849_02.gt,11848,20.0,86400.0,PTVRP_LAYERED,173031497.0,4599,0.004590800,0.004590800,0.0000,1,0.018943
Instances/Instances 3/rl11849_03.gt,11848,50.0,86400.0,PTVRP_LAYERED,68919574.0,2769,0.004497400,0.004497400,0.0000,1,0.019195
Instances/Instances 3/rl11849_04.gt,11848,100.0,86400.0,PTVRP_LAYERED,34716965.0,1812,0.004105300,0.004105300,0.0000,1,0.021624
Instances/Instances 3/rl11849_05.gt,11848,200.0,86400.0,PTVRP_LAYERED,17970324.0,1292,0.004013701,0.004013701,0.0000,1,0.020148
Instances/Instances 3/rl11849_06.gt,11848,500.0,86400.0,PTVRP_LAYERED,7471232.0,613,0.003015100,0.003015100,0.0000,1,0.019555
Instances/Instances 3/rl11849_07.gt,11848,1000.0,86400.0,PTVRP_LAYERED,4147345.0,311,0.002493400,0.002493400,0.0000,1,0.020919
Instances/Instances 3/rl11849_08.gt,11848,2000.0,86400.0,PTVRP_LAYERED,2478882.0,155,0.002056800,0.002056800,0.0000,1,0.018667
Instances/Instances 3/rl11849_09.gt,11848,5000.0,86400.0,PTVRP_LAYERED,1501231.0,66,0.001456300,0.001456300,0.0000,1,0.017563
Instances/Instances 3/rl11849_10.gt,11848,10000.0,86400.0,PTVRP_LAYERED,1184855.0,34,0.001259600,0.001259600,0.0000,1,0.017342
Instances/Instances 3/rl1304_01.gt,1303,10.0,86400.0,PTVRP_LAYERED,NO SOLUTION,,0.000389900,0.000389900,0.0000,1,0.008351
Instances/Instances 3/rl1304_02.gt,1303,20.0,86400.0,PTVRP_LAYERED,19139564.0,568,0.000443900,0.000443900,0.0000,1,0.008623
Instances/Instances 3/rl1304_03.gt,1303,50.0,86400.0,PTVRP_LAYERED,7819815.0,394,0.000422700,0.000422700,0.0000,1,0.007864
Instances/Instances 3/rl1304_04.gt,1303,100.0,86400.0,PTVRP_LAYERED,3897915.0,248,0.000372900,0.000372900,0.0000,1,0.00938
Instances/Instances 3/rl1304_05.gt,1303,200.0,86400.0,PTVRP_LAYERED,2080639.0,164,0.000317500,0.000317500,0.0000,1,0.008529
Instances/Instances 3/rl1304_06.gt,1303,500.0,86400.0,PTVRP_LAYERED,931038.0,69,0.000243700,0.000243700,0.0000,1,0.008407
Instances/Instances 3/rl1304_07.gt,1303,1000.0,86400.0,PTVRP_LAYERED,588312.0,36,0.000198900,0.000198900,0.0000,1,0.006804
Instances/Instances 3/rl1304_08.gt,1303,2000.0,86400.0,PTVRP_LAYERED,402794.0,19,0.000150900,0.000150900,0.0000,1,0.007719
Instances/Instances 3/rl1304_09.gt,1303,5000.0,86400.0,PTVRP_LAYERED,306416.0,9,0.000091200,0.000091200,0.0000,1,0.007387
Instances/Instances 3/rl1304_10.gt,1303,10000.0,86400.0,PTVRP_LAYERED,279685.0,5,0.000073600,0.000073600,0.0000,1,0.006504
Instances/Instances 3/rl1323_01.gt,1322,10.0,86400.0,PTVRP_LAYERED,NO SOLUTION,,0.000383200,0.000383200,0.0000,1,0.007393
Instances/Instances 3/rl1323_02.gt,1322,20.0,86400.0,PTVRP_LAYERED,19699766.0,552,0.000460200,0.000460200,0.0000,1,0.006917
Instances/Instances 3/rl1323_03.gt,1322,50.0,86400.0,PTVRP_LAYERED,7991523.0,394,0.000429900,0.000429900,0.0000,1,0.007727
Instances/Instances 3/rl1323_04.gt,1322,100.0,86400.0,PTVRP_LAYERED,4156895.0,248,0.000371000,0.000371000,0.0000,1,0.007205
Instances/Instances 3/rl1323_05.gt,1322,200.0,86400.0,PTVRP_LAYERED,2180148.0,172,0.000353300,0.000353300,0.0000,1,0.00691
Instances/Instances 3/rl1323_06.gt,1322,500.0,86400.0,PTVRP_LAYERED,999201.0,72,0.000243100,0.000243100,0.0000,1,0.007758
Instances/Instances 3/rl1323_07.gt,1322,1000.0,86400.0,PTVRP_LAYERED,628803.0,35,0.000193600,0.000193600,0.0000,1,0.006476
Instances/Instances 3/rl1323_08.gt,1322,2000.0,86400.0,PTVRP_LAYERED,431896.0,19,0.000148000,0.000148000,0.0000,1,0.006574
Instances/Instances 3/rl1323_09.gt,1322,5000.0,86400.0,PTVRP_LAYERED,330625.0,8,0.000089000,0.000089000,0.0000,1,0.006493
Instances/Instances 3/rl1323_10.gt,1322,10000.0,86400.0,PTVRP_LAYERED,305210.0,5,0.000076700,0.000076700,0.0000,1,0.007303
Instances/Instances 3/rl1889_01.gt,1888,10.0,86400.0,PTVRP_LAYERED,NO SOLUTION,,0.000484100,0.000484100,0.0000,1,0.00824
Instances/Instances 3/rl1889_02.gt,1888,20.0,86400.0,PTVRP_LAYERED,30029449.0,795,0.000557200,0.000557200,0.0000,1,0.008699
Instances/Instances 3/rl1889_03.gt,1888,50.0,86400.0,PTVRP_LAYERED,12231684.0,521,0.000576800,0.000576800,0.0000,1,0.008527
Instances/Instances 3/rl1889_04.gt,1888,100.0,86400.0,PTVRP_LAYERED,6250762.0,353,0.000519500,0.000519500,0.0000,1,0.008331
Instances/Instances 3/rl1889_05.gt,1888,200.0,86400.0,PTVRP_LAYERED,3284905.0,219,0.000459800,0.000459800,0.0000,1,0.00737
Instances/Instances 3/rl1889_06.gt,1888,500.0,86400.0,PTVRP_LAYERED,1444382.0,101,0.000372900,0.000372900,0.0000,1,0.006671
Instances/Instances 3/rl1889_07.gt,1888,1000.0,86400.0,PTVRP_LAYERED,874742.0,52,0.000302900,0.000302900,0.0000,1,0.008446
Instances/Instances 3/rl1889_08.gt,1888,2000.0,86400.0,PTVRP_LAYERED,576310.0,26,0.000226200,0.000226200,0.0000,1,0.008668
Instances/Instances 3/rl1889_09.gt,1888,5000.0,86400.0,PTVRP_LAYERED,405617.0,11,0.000171500,0.000171500,0.0000,1,0.007682
Instances/Instances 3/rl1889_10.gt,1888,10000.0,86400.0,PTVRP_LAYERED,359033.0,6,0.000115700,0.000115700,0.0000,1,0.006767
Instances/Instances 3/rl5915_01.gt,5914,10.0,86400.0,PTVRP_LAYERED,NO SOLUTION,,0.001597900,0.001597900,0.0000,1,0.010635
Instances/Instances 3/rl5915_02.gt,5914,20.0,86400.0,PTVRP_LAYERED,84106777.0,2262,0.002043000,0.002043000,0.0000,1,0.014347
Instances/Instances 3/rl5915_03.gt,5914,50.0,86400.0,PTVRP_LAYERED,34062687.0,1467,0.002058000,0.002058000,0.0000,1,0.014203
Instances/Instances 3/rl5915_04.gt,5914,100.0,86400.0,PTVRP_LAYERED,17126113.0,952,0.001896500,0.001896500,0.0000,1,0.01097
Instances/Instances 3/rl5915_05.gt,5914,200.0,86400.0,PTVRP_LAYERED,8816092.0,656,0.001710500,0.001710500,0.0000,1,0.012484
Instances/Instances 3/rl5915_06.gt,5914,500.0,86400.0,PTVRP_LAYERED,3815546.0,316,0.001429500,0.001429500,0.0000,1,0.01252
Instances/Instances 3/rl5915_07.gt,5914,1000.0,86400.0,PTVRP_LAYERED,2105311.0,155,0.001202400,0.001202400,0.0000,1,0.012221
Instances/Instances 3/rl5915_08.gt,5914,2000.0,86400.0,PTVRP_LAYERED,1327245.0,81,0.000964300,0.000964300,0.0000,1,0.012389
Instances/Instances 3/rl5915_09.gt,5914,5000.0,86400.0,PTVRP_LAYERED,839782.0,35,0.000739300,0.000739300,0.0000,1,0.012197
Instances/Instances 3/rl5915_10.gt,5914,10000.0,86400.0,PTVRP_LAYERED,686835.0,18,0.000493800,0.000493800,0.0000,1,0.011761
Instances/Instances 3/rl5934_01.gt,5933,10.0,86400.0,PTVRP_LAYERED,NO SOLUTION,,0.001799100,0.001799100,0.0000,1,0.013411
Instances/Instances 3/rl5934_02.gt,5933,20.0,86400.0,PTVRP_LAYERED,83602771.0,2376,0.002143100,0.002143100,0.0000,1,0.013763
Instances/Instances 3/rl5934_03.gt,5933,50.0,86400.0,PTVRP_LAYERED,33259022.0,1454,0.002190400,0.002190400,0.0000,1,0.011917
Instances/Instances 3/rl5934_04.gt,5933,100.0,86400.0,PTVRP_LAYERED,17180449.0,981,0.001980600,0.001980600,0.0000,1,0.014046
Instances/Instances 3/rl5934_05.gt,5933,200.0,86400.0,PTVRP_LAYERED,8670229.0,647,0.002053500,0.002053500,0.0000,1,0.013459
Instances/Instances 3/rl5934_06.gt,5933,500.0,86400.0,PTVRP_LAYERED,3739989.0,308,0.001468500,0.001468500,0.0000,1,0.012521
Instances/Instances 3/rl5934_07.gt,5933,1000.0,86400.0,PTVRP_LAYERED,2122527.0,159,0.001211900,0.001211900,0.0000,1,0.012579
Instances/Instances 3/rl5934_08.gt,5933,2000.0,86400.0,PTVRP_LAYERED,1301907.0,80,0.000986100,0.000986100,0.0000,1,0.01172
Instances/Instances 3/rl5934_09.gt,5933,5000.0,86400.0,PTVRP_LAYERED,834248.0,34,0.000745300,0.000745300,0.0000,1,0.011423
Instances/Instances 3/rl5934_10.gt,5933,10000.0,86400.0,PTVRP_LAYERED,679767.0,19,0.000488300,0.000488300,0.0000,1,0.012065
Instances/Instances 3/rw1621_01.gt,1620,10.0,86400.0,PTVRP_LAYERED,4699717.0,722,0.002416000,0.002416000,0.0000,1,0.009428
Instances/Instances 3/rw1621_02.gt,1620,20.0,86400.0,PTVRP_LAYERED,2345740.0,543,0.002401900,0.002401900,0.0000,1,0.011055
Instances/Instances 3/rw1621_03.gt,1620,50.0,86400.0,PTVRP_LAYERED,965063.0,434,0.002124400,0.002124400,0.0000,1,0.013008
Instances/Instances 3/rw1621_04.gt,1620,100.0,86400.0,PTVRP_LAYERED,506231.0,292,0.001753800,0.001753800,0.0000,1,0.010163
Instances/Instances 3/rw1621_05.gt,1620,200.0,86400.0,PTVRP_LAYERED,260128.0,198,0.001344500,0.001344500,0.0000,1,0.008934
Instances/Instances 3/rw1621_06.gt,1620,500.0,86400.0,PTVRP_LAYERED,114574.0,86,0.000877900,0.000877900,0.0000,1,0.008478
Instances/Instances 3/rw1621_07.gt,1620,1000.0,86400.0,PTVRP_LAYERED,68398.0,43,0.000625100,0.000625100,0.0000,1,0.007277
Instances/Instances 3/rw1621_08.gt,1620,2000.0,86400.0,PTVRP_LAYERED,46842.0,23,0.000436700,0.000436700,0.0000,1,0.007424
Instances/Instances 3/rw1621_09.gt,1620,5000.0,86400.0,PTVRP_LAYERED,33543.0,10,0.000283500,0.000283500,0.0000,1,0.006394
Instances/Instances 3/rw1621_10.gt,1620,10000.0,86400.0,PTVRP_LAYERED,29392.0,5,0.000179800,0.000179800,0.0000,1,0.007745
Instances/Instances 3/st70_01.gt,69,10.0,86400.0,PTVRP_LAYERED,13829.0,45,0.000139200,0.000139200,0.0000,1,0.006267
Instances/Instances 3/st70_02.gt,69,20.0,86400.0,PTVRP_LAYERED,8001.0,41,0.000092900,0.000092900,0.0000,1,0.00784
Instances/Instances 3/st70_03.gt,69,50.0,86400.0,PTVRP_LAYERED,3652.0,36,0.000047500,0.000047500,0.0000,1,0.007478
Instances/Instances 3/st70_04.gt,69,100.0,86400.0,PTVRP_LAYERED,1928.0,19,0.000026500,0.000026500,0.0000,1,0.006369
Instances/Instances 3/st70_05.gt,69,200.0,86400.0,PTVRP_LAYERED,1331.0,11,0.000017000,0.000017000,0.0000,1,0.006176
Instances/Instances 3/st70_06.gt,69,500.0,86400.0,PTVRP_LAYERED,893.0,4,0.000008700,0.000008700,0.0000,1,0.005228
Instances/Instances 3/st70_07.gt,69,1000.0,86400.0,PTVRP_LAYERED,794.0,3,0.000005300,0.000005300,0.0000,1,0.005959
Instances/Instances 3/st70_08.gt,69,2000.0,86400.0,PTVRP_LAYERED,780.0,1,0.000003500,0.000003500,0.0000,1,0.005104
Instances/Instances 3/st70_09.gt,69,5000.0,86400.0,PTVRP_LAYERED,780.0,1,0.000004200,0.000004200,0.0000,1,0.005291
Instances/Instances 3/st70_10.gt,69,10000.0,86400.0,PTVRP_LAYERED,780.0,1,0.000003900,0.000003900,0.0000,1,0.006713
Instances/Instances 3/sw24978_01.gt,24977,10.0,86400.0,PTVRP_LAYERED,NO SOLUTION,,0.013833800,0.013833800,0.0000,1,0.034923
Instances/Instances 3/sw24978_02.gt,24977,20.0,86400.0,PTVRP_LAYERED,215776977.0,7551,0.015253201,0.015253201,0.0000,1,0.043696
Instances/Instances 3/sw24978_03.gt,24977,50.0,86400.0,PTVRP_LAYERED,86938039.0,4886,0.015427600,0.015427600,0.0000,1,0.042826
Instances/Instances 3/sw24978_04.gt,24977,100.0,86400.0,PTVRP_LAYERED,44146043.0,3487,0.014137800,0.014137800,0.0000,1,0.040292
Instances/Instances 3/sw24978_05.gt,24977,200.0,86400.0,PTVRP_LAYERED,22141705.0,2467,0.012199600,0.012199600,0.0000,1,0.040853
Instances/Instances 3/sw24978_06.gt,24977,500.0,86400.0,PTVRP_LAYERED,9376744.0,1284,0.009671501,0.009671501,0.0000,1,0.033354
Instances/Instances 3/sw24978_07.gt,24977,1000.0,86400.0,PTVRP_LAYERED,5014862.0,650,0.008075600,0.008075600,0.0000,1,0.03246
Instances/Instances 3/sw24978_08.gt,24977,2000.0,86400.0,PTVRP_LAYERED,2899692.0,327,0.006601300,0.006601300,0.0000,1,0.031386
Instances/Instances 3/sw24978_09.gt,24977,5000.0,86400.0,PTVRP_LAYERED,1654829.0,130,0.004712600,0.004712600,0.0000,1,0.03523
Instances/Instances 3/sw24978_10.gt,24977,10000.0,86400.0,PTVRP_LAYERED,1246108.0,68,0.003831200,0.003831200,0.0000,1,0.032096
Instances/Instances 3/ts225_01.gt,224,10.0,86400.0,PTVRP_LAYERED,6556133.0,162,0.000056200,0.000056200,0.0000,1,0.009616
Instances/Instances 3/ts225_02.gt,224,20.0,86400.0,PTVRP_LAYERED,3748470.0,118,0.000061000,0.000061000,0.0000,1,0.006987
Instances/Instances 3/ts225_03.gt,224,50.0,86400.0,PTVRP_LAYERED,1415669.0,100,0.000059700,0.000059700,0.0000,1,0.007177
Instances/Instances 3/ts225_04.gt,224,100.0,86400.0,PTVRP_LAYERED,788723.0,62,0.000051500,0.000051500,0.0000,1,0.006739
Instances/Instances 3/ts225_05.gt,224,200.0,86400.0,PTVRP_LAYERED,428839.0,31,0.000041700,0.000041700,0.0000,1,0.007256
Instances/Instances 3/ts225_06.gt,224,500.0,86400.0,PTVRP_LAYERED,236458.0,12,0.000027400,0.000027400,0.0000,1,0.007279
Instances/Instances 3/ts225_07.gt,224,1000.0,86400.0,PTVRP_LAYERED,168954.0,7,0.000023400,0.000023400,0.0000,1,0.007512
Instances/Instances 3/ts225_08.gt,224,2000.0,86400.0,PTVRP_LAYERED,148763.0,4,0.000012700,0.000012700,0.0000,1,0.006431
Instances/Instances 3/ts225_09.gt,224,5000.0,86400.0,PTVRP_LAYERED,143060.0,3,0.000010700,0.000010700,0.0000,1,0.006812
Instances/Instances 3/ts225_10.gt,224,10000.0,86400.0,PTVRP_LAYERED,143060.0,3,0.000009900,0.000009900,0.0000,1,0.007356
Instances/Instances 3/tsp225_01.gt,224,10.0,86400.0,PTVRP_LAYERED,165557.0,145,0.000450500,0.000450500,0.0000,1,0.005279
Instances/Instances 3/tsp225_02.gt,224,20.0,86400.0,PTVRP_LAYERED,97798.0,118,0.000382600,0.000382600,0.0000,1,0.006755
Instances/Instances 3/tsp225_03.gt,224,50.0,86400.0,PTVRP_LAYERED,36199.0,99,0.000270400,0.000270400,0.0000,1,0.007287
Instances/Instances 3/tsp225_04.gt,224,100.0,86400.0,PTVRP_LAYERED,21346.0,64,0.000183100,0.000183100,0.0000,1,0.007524
Instances/Instances 3/tsp225_05.gt,224,200.0,86400.0,PTVRP_LAYERED,11893.0,32,0.000107500,0.000107500,0.0000,1,0.006773
Instances/Instances 3/tsp225_06.gt,224,500.0,86400.0,PTVRP_LAYERED,6450.0,12,0.000050200,0.000050200,0.0000,1,0.007716
Instances/Instances 3/tsp225_07.gt,224,1000.0,86400.0,PTVRP_LAYERED,5199.0,7,0.000030200,0.000030200,0.0000,1,0.005739
Instances/Instances 3/tsp225_08.gt,224,2000.0,86400.0,PTVRP_LAYERED,4600.0,3,0.000017300,0.000017300,0.0000,1,0.005098
Instances/Instances 3/tsp225_09.gt,224,5000.0,86400.0,PTVRP_LAYERED,4425.0,2,0.000010900,0.000010900,0.0000,1,0.005089
Instances/Instances 3/tsp225_10.gt,224,10000.0,86400.0,PTVRP_LAYERED,4418.0,1,0.000008600,0.000008600,0.0000,1,0.00545
Instances/Instances 3/tz6117_01.gt,6116,10.0,86400.0,PTVRP_LAYERED,121747404.0,3363,0.002908800,0.002908800,0.0000,1,0.011209
Instances/Instances 3/tz6117_02.gt,6116,20.0,86400.0,PTVRP_LAYERED,62122181.0,2109,0.002862100,0.002862100,0.0000,1,0.014611
Instances/Instances 3/tz6117_03.gt,6116,50.0,86400.0,PTVRP_LAYERED,24897459.0,1411,0.002863100,0.002863100,0.0000,1,0.015062
Instances/Instances 3/tz6117_04.gt,6116,100.0,86400.0,PTVRP_LAYERED,12796072.0,974,0.002542600,0.002542600,0.0000,1,0.015039
Instances/Instances 3/tz6117_05.gt,6116,200.0,86400.0,PTVRP_LAYERED,6388578.0,654,0.002230800,0.002230800,0.0000,1,0.015305
Instances/Instances 3/tz6117_06.gt,6116,500.0,86400.0,PTVRP_LAYERED,2800909.0,322,0.001838400,0.001838400,0.0000,1,0.013771
Instances/Instances 3/tz6117_07.gt,6116,1000.0,86400.0,PTVRP_LAYERED,1564677.0,162,0.001492500,0.001492500,0.0000,1,0.014701
Instances/Instances 3/tz6117_08.gt,6116,2000.0,86400.0,PTVRP_LAYERED,958294.0,81,0.001191500,0.001191500,0.0000,1,0.013324
Instances/Instances 3/tz6117_09.gt,6116,5000.0,86400.0,PTVRP_LAYERED,613237.0,33,0.000823700,0.000823700,0.0000,1,0.011376
Instances/Instances 3/tz6117_10.gt,6116,10000.0,86400.0,PTVRP_LAYERED,497770.0,17,0.000758200,0.000758200,0.0000,1,0.011996
Instances/Instances 3/u1060_01.gt,1059,10.0,86400.0,PTVRP_LAYERED,27657271.0,700,0.000320800,0.000320800,0.0000,1,0.007015
Instances/Instances 3/u1060_02.gt,1059,20.0,86400.0,PTVRP_LAYERED,13760289.0,459,0.000353700,0.000353700,0.0000,1,0.008567
Instances/Instances 3/u1060_03.gt,1059,50.0,86400.0,PTVRP_LAYERED,5674230.0,348,0.000351300,0.000351300,0.0000,1,0.006723
Instances/Instances 3/u1060_04.gt,1059,100.0,86400.0,PTVRP_LAYERED,2971375.0,214,0.000315500,0.000315500,0.0000,1,0.007892
Instances/Instances 3/u1060_05.gt,1059,200.0,86400.0,PTVRP_LAYERED,1538512.0,135,0.000265100,0.000265100,0.0000,1,0.008848
Instances/Instances 3/u1060_06.gt,1059,500.0,86400.0,PTVRP_LAYERED,724094.0,59,0.000207800,0.000207800,0.0000,1,0.008255
Instances/Instances 3/u1060_07.gt,1059,1000.0,86400.0,PTVRP_LAYERED,463130.0,28,0.000160500,0.000160500,0.0000,1,0.007864
Instances/Instances 3/u1060_08.gt,1059,2000.0,86400.0,PTVRP_LAYERED,344575.0,15,0.000118800,0.000118800,0.0000,1,0.007194
Instances/Instances 3/u1060_09.gt,1059,5000.0,86400.0,PTVRP_LAYERED,265974.0,8,0.000059800,0.000059800,0.0000,1,0.007087
Instances/Instances 3/u1060_10.gt,1059,10000.0,86400.0,PTVRP_LAYERED,245381.0,4,0.000060000,0.000060000,0.0000,1,0.006345
Instances/Instances 3/u1432_01.gt,1431,10.0,86400.0,PTVRP_LAYERED,15121146.0,755,0.000756100,0.000756100,0.0000,1,0.007403
Instances/Instances 3/u1432_02.gt,1431,20.0,86400.0,PTVRP_LAYERED,8132376.0,552,0.000780700,0.000780700,0.0000,1,0.009165
Instances/Instances 3/u1432_03.gt,1431,50.0,86400.0,PTVRP_LAYERED,3305377.0,442,0.000775500,0.000775500,0.0000,1,0.009787
Instances/Instances 3/u1432_04.gt,1431,100.0,86400.0,PTVRP_LAYERED,1723255.0,292,0.000653700,0.000653700,0.0000,1,0.008738
Instances/Instances 3/u1432_05.gt,1431,200.0,86400.0,PTVRP_LAYERED,927506.0,187,0.000528700,0.000528700,0.0000,1,0.008025
Instances/Instances 3/u1432_06.gt,1431,500.0,86400.0,PTVRP_LAYERED,444446.0,79,0.000400000,0.000400000,0.0000,1,0.007337
Instances/Instances 3/u1432_07.gt,1431,1000.0,86400.0,PTVRP_LAYERED,293385.0,41,0.000279400,0.000279400,0.0000,1,0.008455
Instances/Instances 3/u1432_08.gt,1431,2000.0,86400.0,PTVRP_LAYERED,218691.0,23,0.000222100,0.000222100,0.0000,1,0.00789
Instances/Instances 3/u1432_09.gt,1431,5000.0,86400.0,PTVRP_LAYERED,173788.0,9,0.000144900,0.000144900,0.0000,1,0.008121
Instances/Instances 3/u1432_10.gt,1431,10000.0,86400.0,PTVRP_LAYERED,163339.0,6,0.000084200,0.000084200,0.0000,1,0.008073
Instances/Instances 3/u159_01.gt,158,10.0,86400.0,PTVRP_LAYERED,1955024.0,104,0.000069500,0.000069500,0.0000,1,0.007254
Instances/Instances 3/u159_02.gt,158,20.0,86400.0,PTVRP_LAYERED,951395.0,82,0.000070900,0.000070900,0.0000,1,0.005968
Instances/Instances 3/u159_03.gt,158,50.0,86400.0,PTVRP_LAYERED,384199.0,59,0.000064400,0.000064400,0.0000,1,0.007053
Instances/Instances 3/u159_04.gt,158,100.0,86400.0,PTVRP_LAYERED,211969.0,38,0.000053200,0.000053200,0.0000,1,0.005485
Instances/Instances 3/u159_05.gt,158,200.0,86400.0,PTVRP_LAYERED,125701.0,20,0.000041700,0.000041700,0.0000,1,0.00622
Instances/Instances 3/u159_06.gt,158,500.0,86400.0,PTVRP_LAYERED,70115.0,8,0.000025700,0.000025700,0.0000,1,0.005605
Instances/Instances 3/u159_07.gt,158,1000.0,86400.0,PTVRP_LAYERED,55634.0,4,0.000018800,0.000018800,0.0000,1,0.005812
Instances/Instances 3/u159_08.gt,158,2000.0,86400.0,PTVRP_LAYERED,49745.0,3,0.000011800,0.000011800,0.0000,1,0.006368
Instances/Instances 3/u159_09.gt,158,5000.0,86400.0,PTVRP_LAYERED,47792.0,1,0.000006700,0.000006700,0.0000,1,0.005487
Instances/Instances 3/u159_10.gt,158,10000.0,86400.0,PTVRP_LAYERED,47792.0,1,0.000006500,0.000006500,0.0000,1,0.005551
Instances/Instances 3/u1817_01.gt,1816,10.0,86400.0,PTVRP_LAYERED,8331342.0,886,0.001933001,0.001933001,0.0000,1,0.010386
Instances/Instances 3/u1817_02.gt,1816,20.0,86400.0,PTVRP_LAYERED,4240676.0,668,0.001990300,0.001990300,0.0000,1,0.011546
Instances/Instances 3/u1817_03.gt,1816,50.0,86400.0,PTVRP_LAYERED,1751242.0,535,0.001788300,0.001788300,0.0000,1,0.011353
Instances/Instances 3/u1817_04.gt,1816,100.0,86400.0,PTVRP_LAYERED,926278.0,372,0.001494000,0.001494000,0.0000,1,0.01049
Instances/Instances 3/u1817_05.gt,1816,200.0,86400.0,PTVRP_LAYERED,473231.0,228,0.001151100,0.001151100,0.0000,1,0.009297
Instances/Instances 3/u1817_06.gt,1816,500.0,86400.0,PTVRP_LAYERED,213504.0,97,0.000768700,0.000768700,0.0000,1,0.008275
Instances/Instances 3/u1817_07.gt,1816,1000.0,86400.0,PTVRP_LAYERED,135079.0,50,0.000592600,0.000592600,0.0000,1,0.008673
Instances/Instances 3/u1817_08.gt,1816,2000.0,86400.0,PTVRP_LAYERED,94956.0,25,0.000469900,0.000469900,0.0000,1,0.008956
Instances/Instances 3/u1817_09.gt,1816,5000.0,86400.0,PTVRP_LAYERED,71935.0,11,0.000311400,0.000311400,0.0000,1,0.008789
Instances/Instances 3/u1817_10.gt,1816,10000.0,86400.0,PTVRP_LAYERED,64428.0,6,0.000197800,0.000197800,0.0000,1,0.007265
Instances/Instances 3/u2152_01.gt,2151,10.0,86400.0,PTVRP_LAYERED,9937986.0,1041,0.002278800,0.002278800,0.0000,1,0.009189
Instances/Instances 3/u2152_02.gt,2151,20.0,86400.0,PTVRP_LAYERED,5090787.0,768,0.002356100,0.002356100,0.0000,1,0.009354
Instances/Instances 3/u2152_03.gt,2151,50.0,86400.0,PTVRP_LAYERED,2115005.0,596,0.002146100,0.002146100,0.0000,1,0.008617
Instances/Instances 3/u2152_04.gt,2151,100.0,86400.0,PTVRP_LAYERED,1079166.0,406,0.001798300,0.001798300,0.0000,1,0.008953
Instances/Instances 3/u2152_05.gt,2151,200.0,86400.0,PTVRP_LAYERED,558921.0,263,0.001432000,0.001432000,0.0000,1,0.007736
Instances/Instances 3/u2152_06.gt,2151,500.0,86400.0,PTVRP_LAYERED,255346.0,113,0.001012800,0.001012800,0.0000,1,0.007964
Instances/Instances 3/u2152_07.gt,2151,1000.0,86400.0,PTVRP_LAYERED,157568.0,59,0.000707400,0.000707400,0.0000,1,0.006708
Instances/Instances 3/u2152_08.gt,2151,2000.0,86400.0,PTVRP_LAYERED,108774.0,30,0.000541300,0.000541300,0.0000,1,0.007306
Instances/Instances 3/u2152_09.gt,2151,5000.0,86400.0,PTVRP_LAYERED,80340.0,13,0.000354000,0.000354000,0.0000,1,0.006747
Instances/Instances 3/u2152_10.gt,2151,10000.0,86400.0,PTVRP_LAYERED,71897.0,7,0.000252700,0.000252700,0.0000,1,0.006208
Instances/Instances 3/u2319_01.gt,2318,10.0,86400.0,PTVRP_LAYERED,23843851.0,1247,0.001323000,0.001323000,0.0000,1,0.008452
Instances/Instances 3/u2319_02.gt,2318,20.0,86400.0,PTVRP_LAYERED,12290127.0,937,0.001387000,0.001387000,0.0000,1,0.007446
Instances/Instances 3/u2319_03.gt,2318,50.0,86400.0,PTVRP_LAYERED,5087921.0,743,0.001288900,0.001288900,0.0000,1,0.008809
Instances/Instances 3/u2319_04.gt,2318,100.0,86400.0,PTVRP_LAYERED,2666310.0,499,0.001111600,0.001111600,0.0000,1,0.007608
Instances/Instances 3/u2319_05.gt,2318,200.0,86400.0,PTVRP_LAYERED,1384929.0,298,0.000920300,0.000920300,0.0000,1,0.007721
Instances/Instances 3/u2319_06.gt,2318,500.0,86400.0,PTVRP_LAYERED,678790.0,126,0.000655100,0.000655100,0.0000,1,0.007573
Instances/Instances 3/u2319_07.gt,2318,1000.0,86400.0,PTVRP_LAYERED,443781.0,63,0.000493200,0.000493200,0.0000,1,0.007277
Instances/Instances 3/u2319_08.gt,2318,2000.0,86400.0,PTVRP_LAYERED,334721.0,33,0.000392900,0.000392900,0.0000,1,0.006409
Instances/Instances 3/u2319_09.gt,2318,5000.0,86400.0,PTVRP_LAYERED,267641.0,15,0.000257600,0.000257600,0.0000,1,0.006827
Instances/Instances 3/u2319_10.gt,2318,10000.0,86400.0,PTVRP_LAYERED,249892.0,8,0.000218000,0.000218000,0.0000,1,0.006299
Instances/Instances 3/u574_01.gt,573,10.0,86400.0,PTVRP_LAYERED,2779006.0,317,0.000492800,0.000492800,0.0000,1,0.005536
Instances/Instances 3/u574_02.gt,573,20.0,86400.0,PTVRP_LAYERED,1425860.0,271,0.000491900,0.000491900,0.0000,1,0.006483
Instances/Instances 3/u574_03.gt,573,50.0,86400.0,PTVRP_LAYERED,567373.0,206,0.000444300,0.000444300,0.0000,1,0.005515
Instances/Instances 3/u574_04.gt,573,100.0,86400.0,PTVRP_LAYERED,307809.0,126,0.000358600,0.000358600,0.0000,1,0.005822
Instances/Instances 3/u574_05.gt,573,200.0,86400.0,PTVRP_LAYERED,165067.0,79,0.000266000,0.000266000,0.0000,1,0.005707
Instances/Instances 3/u574_06.gt,573,500.0,86400.0,PTVRP_LAYERED,88198.0,32,0.000178000,0.000178000,0.0000,1,0.005212
Instances/Instances 3/u574_07.gt,573,1000.0,86400.0,PTVRP_LAYERED,59901.0,17,0.000124900,0.000124900,0.0000,1,0.005557
Instances/Instances 3/u574_08.gt,573,2000.0,86400.0,PTVRP_LAYERED,47119.0,8,0.000106800,0.000106800,0.0000,1,0.005216
Instances/Instances 3/u574_09.gt,573,5000.0,86400.0,PTVRP_LAYERED,41461.0,4,0.000046800,0.000046800,0.0000,1,0.0051
Instances/Instances 3/u574_10.gt,573,10000.0,86400.0,PTVRP_LAYERED,40147.0,2,0.000029200,0.000029200,0.0000,1,0.005545
Instances/Instances 3/u724_01.gt,723,10.0,86400.0,PTVRP_LAYERED,3504519.0,399,0.000613600,0.000613600,0.0000,1,0.005632
Instances/Instances 3/u724_02.gt,723,20.0,86400.0,PTVRP_LAYERED,1805735.0,303,0.000626500,0.000626500,0.0000,1,0.005883
Instances/Instances 3/u724_03.gt,723,50.0,86400.0,PTVRP_LAYERED,729631.0,248,0.000567300,0.000567300,0.0000,1,0.005884
Instances/Instances 3/u724_04.gt,723,100.0,86400.0,PTVRP_LAYERED,397244.0,169,0.000471700,0.000471700,0.0000,1,0.006297
Instances/Instances 3/u724_05.gt,723,200.0,86400.0,PTVRP_LAYERED,216490.0,101,0.000359000,0.000359000,0.0000,1,0.006347
Instances/Instances 3/u724_06.gt,723,500.0,86400.0,PTVRP_LAYERED,105412.0,40,0.000231600,0.000231600,0.0000,1,0.005796
Instances/Instances 3/u724_07.gt,723,1000.0,86400.0,PTVRP_LAYERED,70163.0,20,0.000171200,0.000171200,0.0000,1,0.005961
Instances/Instances 3/u724_08.gt,723,2000.0,86400.0,PTVRP_LAYERED,55415.0,11,0.000110900,0.000110900,0.0000,1,0.005917
Instances/Instances 3/u724_09.gt,723,5000.0,86400.0,PTVRP_LAYERED,46721.0,5,0.000070700,0.000070700,0.0000,1,0.005882
Instances/Instances 3/u724_10.gt,723,10000.0,86400.0,PTVRP_LAYERED,45169.0,3,0.000038900,0.000038900,0.0000,1,0.005315
Instances/Instances 3/usa13509_01.gt,13508,10.0,86400.0,PTVRP_LAYERED,NO SOLUTION,,0.000662900,0.000662900,0.0000,1,0.013525
Instances/Instances 3/usa13509_02.gt,13508,20.0,86400.0,PTVRP_LAYERED,NO SOLUTION,,0.000633400,0.000633400,0.0000,1,0.013542
Instances/Instances 3/usa13509_03.gt,13508,50.0,86400.0,PTVRP_LAYERED,NO SOLUTION,,0.000637600,0.000637600,0.0000,1,0.014745
Instances/Instances 3/usa13509_04.gt,13508,100.0,86400.0,PTVRP_LAYERED,NO SOLUTION,,0.000585000,0.000585000,0.0000,1,0.013473
Instances/Instances 3/usa13509_05.gt,13508,200.0,86400.0,PTVRP_LAYERED,NO SOLUTION,,0.000558500,0.000558500,0.0000,1,0.01348
Instances/Instances 3/usa13509_06.gt,13508,500.0,86400.0,PTVRP_LAYERED,NO SOLUTION,,0.000552000,0.000552000,0.0000,1,0.014787
Instances/Instances 3/usa13509_07.gt,13508,1000.0,86400.0,PTVRP_LAYERED,NO SOLUTION,,0.000557200,0.000557200,0.0000,1,0.015779
Instances/Instances 3/usa13509_08.gt,13508,2000.0,86400.0,PTVRP_LAYERED,NO SOLUTION,,0.000468600,0.000468600,0.0000,1,0.013186
Instances/Instances 3/usa13509_09.gt,13508,5000.0,86400.0,PTVRP_LAYERED,NO SOLUTION,,0.000459200,0.000459200,0.0000,1,0.01464
Instances/Instances 3/usa13509_10.gt,13508,10000.0,86400.0,PTVRP_LAYERED,NO SOLUTION,,0.000456700,0.000456700,0.0000,1,0.015145
Instances/Instances 3/uy734_01.gt,733,10.0,86400.0,PTVRP_LAYERED,6455596.0,385,0.000420900,0.000420900,0.0000,1,0.007001
Instances/Instances 3/uy734_02.gt,733,20.0,86400.0,PTVRP_LAYERED,3522264.0,305,0.000437700,0.000437700,0.0000,1,0.00632
Instances/Instances 3/uy734_03.gt,733,50.0,86400.0,PTVRP_LAYERED,1413591.0,250,0.000415100,0.000415100,0.0000,1,0.006982
Instances/Instances 3/uy734_04.gt,733,100.0,86400.0,PTVRP_LAYERED,744082.0,166,0.000360700,0.000360700,0.0000,1,0.00576
Instances/Instances 3/uy734_05.gt,733,200.0,86400.0,PTVRP_LAYERED,394191.0,98,0.000279500,0.000279500,0.0000,1,0.006368
Instances/Instances 3/uy734_06.gt,733,500.0,86400.0,PTVRP_LAYERED,200634.0,40,0.000217800,0.000217800,0.0000,1,0.006309
Instances/Instances 3/uy734_07.gt,733,1000.0,86400.0,PTVRP_LAYERED,135339.0,21,0.000142900,0.000142900,0.0000,1,0.005266
Instances/Instances 3/uy734_08.gt,733,2000.0,86400.0,PTVRP_LAYERED,105571.0,11,0.000105500,0.000105500,0.0000,1,0.00521
Instances/Instances 3/uy734_09.gt,733,5000.0,86400.0,PTVRP_LAYERED,90390.0,5,0.000063900,0.000063900,0.0000,1,0.00579
Instances/Instances 3/uy734_10.gt,733,10000.0,86400.0,PTVRP_LAYERED,85530.0,3,0.000039900,0.000039900,0.0000,1,0.005216
Instances/Instances 3/vm1084_01.gt,1083,10.0,86400.0,PTVRP_LAYERED,NO SOLUTION,,0.000259900,0.000259900,0.0000,1,0.006121
Instances/Instances 3/vm1084_02.gt,1083,20.0,86400.0,PTVRP_LAYERED,17871874.0,498,0.000304700,0.000304700,0.0000,1,0.006355
Instances/Instances 3/vm1084_03.gt,1083,50.0,86400.0,PTVRP_LAYERED,7110556.0,315,0.000309100,0.000309100,0.0000,1,0.006618
Instances/Instances 3/vm1084_04.gt,1083,100.0,86400.0,PTVRP_LAYERED,3648999.0,196,0.000274100,0.000274100,0.0000,1,0.006113
Instances/Instances 3/vm1084_05.gt,1083,200.0,86400.0,PTVRP_LAYERED,1941710.0,136,0.000252800,0.000252800,0.0000,1,0.005994
Instances/Instances 3/vm1084_06.gt,1083,500.0,86400.0,PTVRP_LAYERED,876851.0,59,0.000196100,0.000196100,0.0000,1,0.005845
Instances/Instances 3/vm1084_07.gt,1083,1000.0,86400.0,PTVRP_LAYERED,550504.0,31,0.000158600,0.000158600,0.0000,1,0.006589
Instances/Instances 3/vm1084_08.gt,1083,2000.0,86400.0,PTVRP_LAYERED,378356.0,16,0.000125700,0.000125700,0.0000,1,0.007118
Instances/Instances 3/vm1084_09.gt,1083,5000.0,86400.0,PTVRP_LAYERED,285400.0,7,0.000074000,0.000074000,0.0000,1,0.007657
Instances/Instances 3/vm1084_10.gt,1083,10000.0,86400.0,PTVRP_LAYERED,260270.0,4,0.000061600,0.000061600,0.0000,1,0.006841
Instances/Instances 3/vm1748_01.gt,1747,10.0,86400.0,PTVRP_LAYERED,NO SOLUTION,,0.000387200,0.000387200,0.0000,1,0.008173
Instances/Instances 3/vm1748_02.gt,1747,20.0,86400.0,PTVRP_LAYERED,30946455.0,795,0.000532700,0.000532700,0.0000,1,0.008121
Instances/Instances 3/vm1748_03.gt,1747,50.0,86400.0,PTVRP_LAYERED,12213681.0,500,0.000511700,0.000511700,0.0000,1,0.007608
Instances/Instances 3/vm1748_04.gt,1747,100.0,86400.0,PTVRP_LAYERED,6385114.0,325,0.000447700,0.000447700,0.0000,1,0.008734
Instances/Instances 3/vm1748_05.gt,1747,200.0,86400.0,PTVRP_LAYERED,3289473.0,203,0.000412100,0.000412100,0.0000,1,0.007454
Instances/Instances 3/vm1748_06.gt,1747,500.0,86400.0,PTVRP_LAYERED,1457735.0,93,0.000325900,0.000325900,0.0000,1,0.007863
Instances/Instances 3/vm1748_07.gt,1747,1000.0,86400.0,PTVRP_LAYERED,868091.0,46,0.000272300,0.000272300,0.0000,1,0.006932
Instances/Instances 3/vm1748_08.gt,1747,2000.0,86400.0,PTVRP_LAYERED,606626.0,24,0.000217100,0.000217100,0.0000,1,0.00722
Instances/Instances 3/vm1748_09.gt,1747,5000.0,86400.0,PTVRP_LAYERED,427694.0,11,0.000157100,0.000157100,0.0000,1,0.006683
Instances/Instances 3/vm1748_10.gt,1747,10000.0,86400.0,PTVRP_LAYERED,374783.0,6,0.000107200,0.000107200,0.0000,1,0.006938
Instances/Instances 3/vm22775_01.gt,22774,10.0,86400.0,PTVRP_LAYERED,NO SOLUTION,,0.010142300,0.010142300,0.0000,1,0.033191
Instances/Instances 3/vm22775_02.gt,22774,20.0,86400.0,PTVRP_LAYERED,272765485.0,7450,0.011477000,0.011477000,0.0000,1,0.031213
Instances/Instances 3/vm22775_03.gt,22774,50.0,86400.0,PTVRP_LAYERED,107936644.0,4113,0.011886201,0.011886201,0.0000,1,0.036382
Instances/Instances 3/vm22775_04.gt,22774,100.0,86400.0,PTVRP_LAYERED,54435928.0,2658,0.010296300,0.010296300,0.0000,1,0.032491
Instances/Instances 3/vm22775_05.gt,22774,200.0,86400.0,PTVRP_LAYERED,27675734.0,2010,0.009268300,0.009268300,0.0000,1,0.034995
Instances/Instances 3/vm22775_06.gt,22774,500.0,86400.0,PTVRP_LAYERED,11248304.0,1109,0.008005600,0.008005600,0.0000,1,0.032767
Instances/Instances 3/vm22775_07.gt,22774,1000.0,86400.0,PTVRP_LAYERED,5885376.0,590,0.006957300,0.006957300,0.0000,1,0.034613
Instances/Instances 3/vm22775_08.gt,22774,2000.0,86400.0,PTVRP_LAYERED,3193893.0,294,0.005774501,0.005774501,0.0000,1,0.030421
Instances/Instances 3/vm22775_09.gt,22774,5000.0,86400.0,PTVRP_LAYERED,1606236.0,118,0.004438200,0.004438200,0.0000,1,0.026318
Instances/Instances 3/vm22775_10.gt,22774,10000.0,86400.0,PTVRP_LAYERED,1086866.0,61,0.003740500,0.003740500,0.0000,1,0.027318
Instances/Instances 3/wi29_01.gt,28,10.0,86400.0,PTVRP_LAYERED,446870.0,19,0.000011200,0.000011200,0.0000,1,0.009271
Instances/Instances 3/wi29_02.gt,28,20.0,86400.0,PTVRP_LAYERED,261376.0,19,0.000011000,0.000011000,0.0000,1,0.008126
Instances/Instances 3/wi29_03.gt,28,50.0,86400.0,PTVRP_LAYERED,98036.0,14,0.000009400,0.000009400,0.0000,1,0.005904
Instances/Instances 3/wi29_04.gt,28,100.0,86400.0,PTVRP_LAYERED,73682.0,9,0.000008400,0.000008400,0.0000,1,0.008468
Instances/Instances 3/wi29_05.gt,28,200.0,86400.0,PTVRP_LAYERED,41037.0,4,0.000005700,0.000005700,0.0000,1,0.005227
Instances/Instances 3/wi29_06.gt,28,500.0,86400.0,PTVRP_LAYERED,37103.0,3,0.000004400,0.000004400,0.0000,1,0.006414
Instances/Instances 3/wi29_07.gt,28,1000.0,86400.0,PTVRP_LAYERED,33110.0,1,0.000002700,0.000002700,0.0000,1,0.00636
Instances/Instances 3/wi29_08.gt,28,2000.0,86400.0,PTVRP_LAYERED,33110.0,1,0.000002500,0.000002500,0.0000,1,0.006187
Instances/Instances 3/wi29_09.gt,28,5000.0,86400.0,PTVRP_LAYERED,33110.0,1,0.000002700,0.000002700,0.0000,1,0.00616
Instances/Instances 3/wi29_10.gt,28,10000.0,86400.0,PTVRP_LAYERED,33110.0,1,0.000002200,0.000002200,0.0000,1,0.005492
Instances/Instances 3/ym7663_01.gt,7662,10.0,86400.0,PTVRP_LAYERED,NO SOLUTION,,0.005986100,0.005986100,0.0000,1,0.01636
Instances/Instances 3/ym7663_02.gt,7662,20.0,86400.0,PTVRP_LAYERED,38039089.0,2306,0.006484001,0.006484001,0.0000,1,0.020512
Instances/Instances 3/ym7663_03.gt,7662,50.0,86400.0,PTVRP_LAYERED,15220581.0,1603,0.006390600,0.006390600,0.0000,1,0.020125
Instances/Instances 3/ym7663_04.gt,7662,100.0,86400.0,PTVRP_LAYERED,7747573.0,1198,0.005607800,0.005607800,0.0000,1,0.017595
Instances/Instances 3/ym7663_05.gt,7662,200.0,86400.0,PTVRP_LAYERED,4001165.0,822,0.004862600,0.004862600,0.0000,1,0.018449
Instances/Instances 3/ym7663_06.gt,7662,500.0,86400.0,PTVRP_LAYERED,1685481.0,399,0.003645500,0.003645500,0.0000,1,0.017643
Instances/Instances 3/ym7663_07.gt,7662,1000.0,86400.0,PTVRP_LAYERED,952410.0,201,0.002813300,0.002813300,0.0000,1,0.015544
Instances/Instances 3/ym7663_08.gt,7662,2000.0,86400.0,PTVRP_LAYERED,586128.0,103,0.002251500,0.002251500,0.0000,1,0.012887
Instances/Instances 3/ym7663_09.gt,7662,5000.0,86400.0,PTVRP_LAYERED,375923.0,42,0.001506400,0.001506400,0.0000,1,0.013126
Instances/Instances 3/ym7663_10.gt,7662,10000.0,86400.0,PTVRP_LAYERED,306838.0,21,0.001163700,0.001163700,0.0000,1,0.013172
Instances/Instances 3/zi929_01.gt,928,10.0,86400.0,PTVRP_LAYERED,10085136.0,423,0.000475700,0.000475700,0.0000,1,0.007623
Instances/Instances 3/zi929_02.gt,928,20.0,86400.0,PTVRP_LAYERED,4971798.0,320,0.000536000,0.000536000,0.0000,1,0.006143
Instances/Instances 3/zi929_03.gt,928,50.0,86400.0,PTVRP_LAYERED,2059292.0,253,0.000536300,0.000536300,0.0000,1,0.008363
Instances/Instances 3/zi929_04.gt,928,100.0,86400.0,PTVRP_LAYERED,1076890.0,168,0.000462000,0.000462000,0.0000,1,0.007169
Instances/Instances 3/zi929_05.gt,928,200.0,86400.0,PTVRP_LAYERED,579773.0,107,0.000378400,0.000378400,0.0000,1,0.007551
Instances/Instances 3/zi929_06.gt,928,500.0,86400.0,PTVRP_LAYERED,285131.0,54,0.000276900,0.000276900,0.0000,1,0.006045
Instances/Instances 3/zi929_07.gt,928,1000.0,86400.0,PTVRP_LAYERED,184644.0,26,0.000270000,0.000270000,0.0000,1,0.00818
Instances/Instances 3/zi929_08.gt,928,2000.0,86400.0,PTVRP_LAYERED,136842.0,14,0.000131400,0.000131400,0.0000,1,0.007933
Instances/Instances 3/zi929_09.gt,928,5000.0,86400.0,PTVRP_LAYERED,111189.0,6,0.000086600,0.000086600,0.0000,1,0.0077
Instances/Instances 3/zi929_10.gt,928,10000.0,86400.0,PTVRP_LAYERED,101349.0,3,0.000057100,0.000057100,0.0000,1,0.006378
